account_id,created_at,country,kyc_status
7296ddbc-c3c0-478c-b024-df17c921db47,2026-07-16T10:42:08.495735,BH,unverified
7540a284-11aa-440a-81b0-e11a95ccdd18,2026-06-26T06:11:31.636984,SZ,unverified
fc588a92-642b-4b82-b3d3-b5afe79ec44c,2026-06-24T02:04:31.597479,TG,verified
fd3d1652-1400-4604-8849-f4d4f98129db,2026-08-14T01:53:19.215909,BA,verified
73d273b8-c3b7-46ec-abc6-7ac09ee061ba,2026-07-14T09:09:38.744917,MZ,unverified
d4a014a8-b010-4466-8dad-28e6aa9b4635,2026-06-19T13:36:24.614938,GN,verified
367f233d-871c-47db-8cf5-4cc2c31d151f,2026-07-11T23:09:31.380454,TO,unverified
abf7e315-98c9-4dac-a469-0e46cf85a2bd,2026-07-16T00:29:10.115926,GE,unverified
5aa59105-9c87-4c40-8080-8e55651840c9,2026-06-14T21:06:42.648162,KN,unverified
2616ffa7-6e49-430b-abf9-9b7e206c5471,2026-07-28T16:01:05.993446,NI,verified
c7c6d462-f77e-4481-9d02-75c655f9440a,2026-06-07T23:15:11.961041,FR,verified
7f3d699a-a655-4133-8a73-bc1f805f2894,2026-06-29T03:57:59.005789,NA,verified
229c6aad-b307-4a80-92a5-b5352e359ca7,2026-08-03T23:24:11.954422,TH,unverified
0fbad197-247f-4c5e-a4f1-9c64126d922a,2026-07-16T09:16:54.157129,LK,verified
462fe54e-491e-4ac1-8134-87b9fb8f5748,2026-08-18T00:32:28.807292,CZ,unverified
d86411ea-9e49-4472-aef8-f0ad83f445d2,2026-07-05T01:09:50.843235,GW,unverified
d19abd76-c59d-4121-9856-e247a5af2ad8,2026-08-20T00:51:08.826271,BA,unverified
008a0609-aebd-4ab3-a96f-fe305c5f2daa,2026-05-29T20:52:25.423190,BE,verified
c8fe625e-be73-480a-a3c0-2a97dd26fc98,2026-07-14T12:30:38.998416,KN,unverified
48ff2a0e-fd50-46ea-bd1c-d606c0194bb2,2026-06-05T15:46:02.710473,CM,unverified
5339aa1d-dac3-4698-8fbc-cdee4b7a74ec,2026-08-07T18:17:15.787088,PH,verified
dfe87696-d8bd-49b5-9f56-0d0b8c7713a1,2026-06-08T04:41:59.678550,BJ,verified
c3dfc29c-c6a5-4bca-bf83-c362bc2908e2,2026-05-27T15:50:25.847107,FI,unverified
5ee44678-f369-4262-8354-6f85457f615e,2026-07-22T13:49:20.734430,PA,unverified
63b9b614-c9d8-455a-98b0-62888a621592,2026-08-03T05:35:30.787752,LB,verified
9cc0a985-a76b-4db2-b373-341936d2ff38,2026-07-09T19:26:05.299347,TD,unverified
6ec2fd98-4bf5-4eb2-b94f-6de087d66886,2026-06-18T23:22:30.695725,AM,verified
9c26b3d0-1500-4e3b-9259-41239bb44ae8,2026-07-17T08:55:44.664716,MC,verified
d2822b48-83d7-4980-bce5-93a586668310,2026-06-26T19:16:08.225341,PL,verified
f3a997ab-09eb-4eac-b4c1-b202a60cfb9e,2026-06-08T16:22:45.397105,ZA,unverified
db710503-8aaa-4d20-a869-e0a6af8c549a,2026-07-01T03:00:39.318288,ES,verified
5b141ade-dfde-4a69-afec-6165f9693680,2026-08-02T13:12:15.391380,MG,unverified
d45a83ab-7962-43d8-9bce-e427166b8d73,2026-05-29T23:26:52.007447,CZ,unverified
34628804-19df-4c2e-a914-2515783b4c70,2026-07-28T16:26:01.775164,MW,verified
278d8f02-9cf9-4eac-9c9b-53e018dfc212,2026-06-15T17:30:41.176059,LT,unverified
79685b40-80a0-4ad9-b077-9da05ac6869e,2026-06-15T16:14:08.100443,NL,unverified
99fdc67b-48e7-420d-a1b4-400cf8900539,2026-06-04T11:45:50.155302,CY,verified
c791c0cb-93c8-4276-8391-85c52afa0a8d,2026-06-27T09:08:23.263775,AD,unverified
0f972391-4d45-4064-a7f3-68e241d2712f,2026-06-13T18:46:38.616440,GY,verified
09d9f877-cafa-4bcf-b666-8b09ca8ce947,2026-07-24T22:40:06.961441,NZ,unverified
6091d867-105a-4bc1-8cce-f55d0da7db63,2026-07-19T20:10:04.870346,QA,verified
aaeab682-5036-4222-a38d-477e2cced099,2026-06-09T11:19:53.322683,LA,unverified
caabe1ed-aeea-4b59-92f2-f196923f0f81,2026-07-27T18:40:21.927814,CZ,unverified
6ba2dbee-0a08-4d25-9935-ba5d6be57b60,2026-06-23T10:02:46.853003,TH,verified
5f853c86-7336-4e94-b4d6-101ff5655dac,2026-07-16T13:55:22.220899,LS,verified
5f3f3877-5edf-44cb-80d3-c6651d63f30c,2026-07-26T10:53:37.391826,SV,unverified
01a533bf-a27d-4afe-a587-4599fe582581,2026-06-22T20:03:27.248875,FR,unverified
0e4b1441-9b79-440a-a67c-38ca817876e5,2026-06-08T21:56:13.000119,LS,unverified
73b821ad-b6b0-452f-82e0-e857040bf378,2026-07-28T12:11:54.432396,KI,verified
d0518105-ff0d-4ed8-9074-d59d7573b4f2,2026-06-05T10:55:39.145988,UA,unverified
cb6ea94f-33ee-43fe-95c8-7726c778b174,2026-08-11T04:20:51.295449,TT,verified
3ecc032c-4627-4957-b26e-98a09c4600de,2026-07-03T00:08:03.489485,PG,verified
dab4efeb-eeb7-406b-b7e0-96f1e8753d0c,2026-07-23T04:27:23.757707,CI,unverified
e082af12-382d-4b12-b29b-54a0a4f11f85,2026-08-03T22:11:15.476937,KE,unverified
36ed6128-1c77-4b9e-aeb7-fccd8355c17e,2026-07-03T14:30:49.506621,AE,verified
ed3ab671-0567-4729-96dd-882622e8e660,2026-07-15T16:42:03.715004,BH,verified
737b4d89-db12-4d7a-a061-e09c31789d81,2026-06-18T17:46:45.789782,MV,verified
7d01dd36-7833-4c32-a0cb-f0273927d582,2026-06-10T13:38:07.354561,BR,verified
300a042d-ee37-4f97-8fc2-2175e4b9d12a,2026-08-01T22:39:04.676164,LV,verified
77e0e875-853b-494a-a732-ffe2e0c02ad7,2026-06-25T23:56:07.385043,MC,verified
ce8b360b-66df-4f34-8218-6671627ee25e,2026-08-07T18:10:18.048022,TW,verified
17737c31-3868-4289-aada-fb27e7e5b64b,2026-06-16T12:51:14.972633,AF,verified
397faa08-dc4a-4fe8-9892-ef617918c967,2026-07-31T14:20:22.693841,AT,verified
2c0ad6bc-2b2f-4049-b7a2-c45fb9c0be03,2026-08-18T07:30:09.508052,AE,unverified
805c6eeb-532b-4a49-aa0c-0d364b0f39af,2026-07-12T02:27:29.284005,GE,verified
769e3797-9d44-49a6-b53d-55944b0ff9f6,2026-08-11T22:42:58.317684,LS,unverified
8f1b22c4-5a7a-4b0a-b6b8-c3eb2b8be4a0,2026-08-06T17:18:33.736978,CA,unverified
137fd460-87e7-4cda-a921-b223b33a825f,2026-07-22T07:54:45.450092,BH,unverified
d4c6815c-aee5-43eb-bb7b-6dec251df805,2026-07-16T10:57:25.382797,CM,verified
74f68f33-0a80-487c-a591-9ad13312ec29,2026-06-14T06:59:06.020442,IL,unverified
3668d594-9c1c-4f63-b7cc-ab7eb7c4c63d,2026-08-24T07:09:42.071844,CI,unverified
5210c0f5-8c28-4d95-b52d-78e36b1d1add,2026-08-20T15:33:10.928019,CI,verified
5d4ed527-5ba7-4ede-8285-b52b71f3e42d,2026-06-30T18:34:52.166247,CH,verified
892fab0d-8d9a-406c-a33e-6d517bc97c86,2026-06-26T16:35:49.935917,TL,unverified
ff60fbbe-1847-4a4d-a730-5f9f89b8c62b,2026-07-18T10:32:58.332197,MZ,verified
90f99377-f086-402d-9ad2-365505209110,2026-08-20T12:03:26.375155,CA,verified
0bc2357a-772c-4b10-a4d2-a7d22c109ed4,2026-06-25T23:46:32.032227,MC,verified
89c1ad7c-e480-4d0e-8fc3-706c2e5cb871,2026-06-13T17:16:02.124009,PK,verified
51548289-d9d5-4c75-bacc-c56ca9600211,2026-06-27T10:55:58.045440,NI,verified
c5d804f5-ebf9-48db-9c47-2b2d4c162da5,2026-07-22T01:51:41.047429,KG,unverified
b14af01d-6082-4247-b6af-04e946187a52,2026-06-06T01:01:00.644896,CU,verified
66e82a87-968e-46b3-8b5a-245ed2c3c9a6,2026-06-23T04:15:49.468966,MV,unverified
c2feb1dc-6253-42c4-888b-dafeb518ef13,2026-07-29T06:02:16.151531,ZA,unverified
2f3ed1be-7ab5-4342-864c-5d31c86d6605,2026-07-21T10:32:25.306875,UZ,unverified
8e72e604-139b-4e25-b7ba-243e0e039af4,2026-06-24T05:11:21.245057,IQ,verified
58525555-afd5-46f1-ae83-cb5431a79ca9,2026-07-05T20:45:01.129472,BN,unverified
9f991c3c-4943-43e2-918d-9254c8d6b0f0,2026-07-17T20:00:47.714327,SC,unverified
27980938-e8ee-46e5-b088-7c5d4cb9cb5a,2026-06-18T14:22:53.851641,DZ,unverified
bab9f50c-1cb1-436c-8000-19865b270c27,2026-06-02T22:29:09.263628,LC,unverified
d0e26def-bf54-4df1-a0f4-caae9f46f973,2026-08-04T12:23:05.885093,LV,verified
3cb49fe3-9916-42e0-8990-5dd1c97e7437,2026-05-29T03:22:31.134447,ME,verified
d0291ae9-d92b-495b-ad44-ebd41907c6e5,2026-07-31T20:46:59.775739,TR,verified
30bc6cf9-b291-44df-8d99-c99f41266928,2026-06-28T09:28:26.707356,MA,unverified
20053494-f3ed-4534-937c-7d5d596f1045,2026-08-02T12:06:34.674219,SY,unverified
014426b2-aaa4-40b5-9e99-4878a0ca8186,2026-07-11T21:16:22.267968,BR,unverified
9b845350-addf-4191-8c62-a1a4653f5e75,2026-08-05T08:15:16.944078,UZ,unverified
36c7fc7b-7324-4f66-8e3a-94a129851ed0,2026-07-26T01:15:37.237369,BT,verified
4cad1142-159b-423b-8fea-83cf03c25567,2026-07-26T15:26:49.988352,AT,verified
bff0624e-c16d-4bb0-93b6-0c1b42a0ec2a,2026-07-14T18:14:55.517924,PY,verified
3ef479d9-81a2-42c8-9312-3446c510e07a,2026-06-29T20:35:40.681727,IT,unverified
23350cbd-9684-4985-b4a6-5f907f0038e4,2026-07-19T23:33:10.333323,MX,verified
593f664d-f63e-47cc-acc2-ef6002888ea3,2026-06-30T20:40:08.998749,TJ,unverified
34341f22-85c0-42f7-ae9d-e0e1a5b1c11e,2026-07-21T20:47:16.019570,MR,unverified
183e5572-b5f8-4be1-abcb-84d7815d3b13,2026-06-24T19:58:05.757483,BT,verified
53415b3c-a406-405d-a2d8-384e01aca790,2026-08-08T22:06:31.648205,EG,verified
ce974913-91bc-4410-8676-d5cfde8c1eb1,2026-05-27T23:49:06.273139,MD,unverified
276f2b16-ba82-4731-8d8e-9c5fbacf1bfa,2026-08-04T02:36:32.973851,GM,unverified
69a370ee-419f-4dd7-9b10-1a4828afc5d4,2026-05-31T12:31:51.483840,BN,unverified
74c199da-fcf7-40b8-b054-a64d4e0a2e98,2026-07-21T03:30:24.022908,MD,verified
8193a643-e9f9-4282-be8b-d35078dce1ad,2026-05-29T02:19:35.777479,DO,verified
5035480e-72c7-4ee5-9943-6032c388809f,2026-07-25T11:59:43.644892,BZ,unverified
e47e2dfe-ea38-4736-ba56-2d032bf19f51,2026-06-17T11:30:12.728628,GR,verified
66ace434-64e4-49c7-9db4-7523e7d2ad21,2026-06-02T03:21:42.443275,SV,unverified
7a06c65d-d23e-4f0e-8582-e21320ee76c1,2026-06-25T02:24:22.096624,VE,unverified
1deee38c-f532-4d10-9472-f67d767ee324,2026-06-13T05:15:46.682214,DZ,verified
b0da46e0-c625-4202-b798-96071f5efe71,2026-07-27T17:43:43.569260,GN,unverified
4fa154b8-31a5-4c67-8964-5cc2752473ad,2026-06-26T20:12:05.702136,DJ,unverified
fce12648-58ef-404b-b4fb-feac2536add3,2026-08-23T20:51:57.912646,TW,verified
f6b33f2c-29d6-4a51-86e6-25c27afbae4f,2026-05-26T12:21:42.822083,DJ,unverified
8949f3c8-7259-467e-a80d-99c0af7868b6,2026-06-15T00:29:27.668616,UA,unverified
2f470232-fca1-408a-bbc4-bbe95ed063d5,2026-08-12T22:06:18.907849,LS,unverified
6328f4d4-85af-457c-ac8d-64ed03c4193a,2026-06-13T08:13:55.855716,SO,unverified
ad0d37a6-cc89-41b4-ae47-419e0e346ff0,2026-07-06T04:22:25.159507,KE,unverified
2dc225a7-65aa-4b04-aa86-24711260b570,2026-06-08T18:24:06.904804,ZM,verified
3dfbcd5b-cf3a-408f-885f-d78a0c40a1f5,2026-08-09T11:13:31.643947,NG,verified
421e217c-ebae-4529-b4e0-4ce3f6f44737,2026-07-04T21:08:35.651899,SB,verified
61f10d00-f261-4674-ba30-81a48d688d0a,2026-07-13T12:48:36.733161,JO,unverified
ffe89fb3-922c-4d29-a841-0a75d554dec9,2026-07-12T16:16:33.945925,NO,verified
bd606b3c-6dc2-421d-8828-685c459c0e2d,2026-06-29T19:14:25.307022,JP,verified
be9a4213-d3cf-4f3c-8aa2-f0135d46fb43,2026-08-05T18:24:29.442881,GD,verified
39356a3a-f1a0-474b-a863-41b0ad8fec05,2026-07-08T15:46:55.891015,VA,verified
30afdaa0-3ef1-4a66-87cb-af5e0b2eda79,2026-08-02T19:00:06.737861,LI,unverified
0327cd3c-1b18-4248-b9c2-7e1897d5f529,2026-08-05T09:15:28.530396,IL,unverified
4db24fe3-66c2-40c3-afd6-31e20db0825a,2026-07-10T00:09:12.485414,KN,unverified
7975375b-236a-4c07-9203-e6fbcc907c1a,2026-07-16T12:10:09.058679,SC,unverified
e7dab4cd-6e40-4a36-8f79-fe9551cf1c2c,2026-08-12T10:43:28.657833,BD,verified
e7f188d8-4c9f-4796-9d83-87a32e590710,2026-07-27T07:46:23.953575,BN,verified
533e73e7-c80b-44a2-a333-f83c824c3547,2026-06-09T11:28:17.654076,TR,unverified
a6df1616-9d0c-4830-9f50-45183bfabfb7,2026-08-16T01:57:35.258959,KR,verified
f7a34b10-fcd1-44fc-9f9e-325d81a36968,2026-05-30T12:41:22.829822,PE,unverified
2d1658d9-0bae-4740-9e00-fcd3f924f3d6,2026-06-14T18:16:52.889421,KR,verified
513f4353-f53c-4c99-8ba4-675900fcde7e,2026-05-28T09:18:48.652486,MG,verified
828c0b40-a572-4ac2-b3f5-6ae8e0db8fe1,2026-07-24T21:13:17.653665,CH,unverified
b4bbca1e-fce0-45b3-81a7-8814ea06cfe3,2026-06-24T06:26:53.487404,KI,verified
509eaebb-6a1f-4c5a-8adf-dbe79716f518,2026-06-28T18:20:56.134771,NL,verified
582e37ee-11c5-428f-a48a-4c13127189dc,2026-08-08T22:16:26.493505,NA,unverified
f66b739f-6742-4656-9931-fa889cee3221,2026-06-13T02:15:32.010423,NI,unverified
b9092f8c-8217-417f-acd2-d11aca8eb763,2026-07-13T09:31:02.593329,NG,unverified
ce1121cc-121d-46fc-bd8e-5719898bf17e,2026-08-19T01:52:24.693819,NI,unverified
e1ec4c31-a711-43eb-891f-15ab2a569287,2026-06-17T06:32:22.247070,KM,verified
88049282-847d-4900-a244-ceec7626f901,2026-06-28T04:51:26.527354,GW,unverified
f82f95e4-aa92-475b-8854-fbd34bd4fca7,2026-06-15T16:20:00.851256,AG,unverified
59c42a3e-36e8-4d71-8b19-72c24bbf4fc5,2026-06-20T04:29:03.944007,IR,unverified
90238091-f125-449e-ba4e-d8f29775ff8e,2026-06-09T15:50:52.455079,GH,verified
fc68a1c2-bcc6-4aa4-8b45-77c23f0ec545,2026-05-31T20:34:17.406489,DK,verified
9dacfddd-acdb-41dd-aef8-2a407ee6b8a1,2026-08-11T07:04:40.946838,LS,unverified
5c4d281b-7e72-48dd-bbd9-50f6f46dd277,2026-06-26T03:57:33.503835,GQ,unverified
dd1481be-7cb3-4e4b-a111-e202f38f3ca2,2026-07-05T12:24:16.805279,NA,unverified
c7402805-c115-4e18-8824-fa9a34aeb336,2026-07-20T11:10:08.431898,SN,unverified
6fb95f1a-395e-4580-8446-31017dea7726,2026-07-15T17:59:46.791160,NZ,verified
24e453c6-d888-4617-9873-53579c107d57,2026-08-03T23:21:59.846370,BO,unverified
944dcb7b-ca85-43a7-a746-d087b78f8d1c,2026-06-18T11:26:46.812902,TH,unverified
43891d1d-5d52-4936-a5d0-926a8d4bb3d8,2026-08-02T15:39:54.896659,MH,verified
ec4f5c8e-fd05-47b7-a79f-c8e64900ec11,2026-07-15T19:36:49.292444,ET,verified
998a7f72-1786-46ed-9927-0df49c760e35,2026-07-04T06:45:09.655959,IL,unverified
04d63738-f2f2-401b-9fe7-77318d31d630,2026-07-08T19:32:17.052709,CV,verified
947b54dc-acc3-4823-ad82-07c75684deb7,2026-07-07T11:03:57.357906,VC,verified
3bb0992c-f625-4836-aa59-6d27c68cbc4b,2026-08-20T06:02:12.669902,SV,unverified
a436a5df-b355-43b9-84b2-e839c10ce5ae,2026-07-28T02:45:39.144521,BB,unverified
e7de46e5-7ee3-4ac7-833b-c957d87368b4,2026-08-03T03:23:17.673552,VE,verified
f9315ed5-7772-46e4-bcc7-391bd5e96721,2026-05-26T17:48:01.784703,UA,verified
8ea7a83f-c6e0-4b24-a66e-27f87fa5236e,2026-07-20T00:23:40.621157,JP,verified
c7624e01-ec32-49d1-a6fd-eb9bb0d486e2,2026-07-21T12:53:40.171971,FJ,unverified
4e7b957e-acdd-4f52-a18e-1fcf1d8ab26e,2026-07-31T10:33:58.861156,AD,verified
7b3d4b05-da5c-403f-ac35-49f130041489,2026-08-18T10:20:01.947646,LA,verified
ab799e21-866a-4590-a15f-8f017f827301,2026-07-05T15:34:56.398363,ST,verified
46a081b0-dc55-4159-a24f-7e3226c54e3b,2026-06-30T19:06:11.309181,TN,verified
f816eeea-01c2-4854-b293-07bbdf48ffd9,2026-07-19T22:06:38.484382,CI,verified
5200ca36-ad2e-4a35-ab77-cc0e463ce6f7,2026-08-20T06:09:22.465381,NI,verified
3bd3e65e-7213-45d4-b2c8-40e40216a818,2026-08-06T07:25:18.756148,QA,unverified
bf7be034-f43b-487c-9567-629993eb8b49,2026-07-25T15:31:35.002411,SL,verified
8ba8445e-9185-4e12-b221-2d6b644f18c5,2026-06-15T02:32:06.061701,LV,verified
d769639a-3609-471a-af0d-1ea7a6c3eecc,2026-08-02T06:39:11.820066,IN,unverified
1932be6e-f59e-4bcc-b0e3-3351acb70ca3,2026-06-14T12:07:20.185477,SM,verified
0083c89f-6104-4dae-a6c8-f9b490239745,2026-06-18T05:03:56.604335,SE,verified
b0428907-c43f-4816-8b1e-c969e853864f,2026-08-06T22:48:40.846234,MW,verified
fcd6a9fb-44ef-400d-b87b-5c1c806fa179,2026-06-10T19:47:57.646726,TG,unverified
1f4d10f8-d1ee-49aa-aec9-9a12936fbdd2,2026-05-31T00:46:19.861506,CI,unverified
0a1bf777-aa3b-4435-a40e-bb1e3b1b265e,2026-07-22T23:21:30.685684,AG,verified
d208eddf-5fb9-465c-bd34-770a0bdf1c68,2026-07-06T01:20:47.241962,KE,verified
81c93dea-4a84-4c5e-9b3b-8b5e2778ecfc,2026-08-03T23:22:18.490705,NE,verified
74d86cf4-ffa0-4b95-9962-9922179326bd,2026-06-10T03:19:15.029165,GM,verified
f141b381-01c1-4d82-88e8-bd47a08e4282,2026-06-13T04:08:25.625799,JO,verified
8b1a6e4d-3781-40bd-a2ea-cdb1f96e2323,2026-08-01T20:11:16.823071,TL,verified
142bbb39-7a7c-44b2-89db-8513b57787e0,2026-07-28T23:43:07.974109,LK,verified
946ae054-8a60-43d6-b7af-e6478745e2ea,2026-07-18T22:56:49.225340,PK,verified
cf16edab-dbb4-4583-8a75-f835a7a5d37e,2026-07-24T03:49:12.140615,GQ,unverified
1cd41d60-b5d1-4602-b64e-1a4e09f6165c,2026-08-22T09:40:08.501271,RU,verified
6aebe2e3-33bc-4ba0-bd56-010e52a6fbcb,2026-07-26T13:02:33.626282,AR,verified
a27345fa-d73d-44b0-a510-232fed906998,2026-06-04T15:12:15.303624,PA,verified
7ccb4db1-f748-422b-96da-565f93824c8c,2026-08-24T01:50:54.155267,DZ,verified
25619c82-513c-4775-b24d-477636d95397,2026-08-11T12:03:35.903401,CU,verified
905080e8-2b7e-4da3-bda8-fdfbea0add49,2026-07-14T17:26:40.410566,SB,verified
99cc7954-5946-4bd0-a3ab-14393184e3d9,2026-08-08T19:43:19.552219,MZ,unverified
c55639dc-9a5e-4a58-a197-286298059f56,2026-08-02T10:07:52.618689,JM,verified
bbbcff43-57b3-4a12-a6ca-80876ba7b644,2026-08-02T17:40:56.690521,SY,unverified
d0df1080-6549-49ce-a9c1-dc8d24434f07,2026-05-27T19:39:57.892489,PT,verified
00bd8f64-a7c0-4610-ae53-b1e20a649e41,2026-06-23T07:11:41.343066,BD,unverified
35ac5eec-777a-4b02-8bb2-7824411763de,2026-07-30T12:47:58.526586,CH,unverified
2f11a2ca-d149-44a9-b7d5-fd9758f170a3,2026-05-27T06:43:04.729555,TH,unverified
6b5ff809-9f52-4947-ab25-91cdf75359f2,2026-08-23T00:45:10.745234,VU,verified
112840b3-76d7-44ec-b306-9fe88cfebaae,2026-07-06T15:17:35.706533,KN,verified
cc71b216-ce2d-4b2a-beb0-ad5e5d02a701,2026-05-26T22:20:25.279655,KR,verified
72950469-afd4-4834-a6f4-8a7e54fc5794,2026-08-02T15:30:38.372616,TV,unverified
75a54794-538c-404d-8a4f-7321446e031a,2026-08-05T10:41:11.342513,PL,verified
b4d34705-0f2a-4299-b6f6-55d41042cb7d,2026-08-08T14:29:18.819396,BZ,verified
f119f50d-e684-4a9e-ba6f-0c71bfa7239b,2026-06-23T01:05:20.201578,LA,verified
97c02d40-fcd3-464e-9edc-e4cafac53004,2026-06-29T21:22:22.194482,CM,unverified
7256b202-8918-41bc-aac1-141727e7284e,2026-08-02T19:29:48.797201,TR,unverified
13f1cda9-aa80-49ab-9abb-43b027ff691e,2026-06-21T16:14:27.645751,TW,verified
1f05ea1a-3ecf-4bf9-b202-6a3f9d792105,2026-06-17T11:24:52.707161,ER,unverified
d7b8c216-62fa-41b1-b4b4-a5e15f9eb3b5,2026-07-19T10:18:51.262768,MT,verified
efe14455-40b7-447d-8baa-181145d95237,2026-07-17T09:55:49.076150,SR,unverified
7e7d5441-8d6d-4ddb-a36c-6a10ce39fc26,2026-08-20T08:02:01.281152,HT,unverified
1ae89f1d-46f5-4a5d-8e75-faafaa754e92,2026-08-12T22:07:13.640788,DE,verified
7a74fccf-36bf-4c9a-898a-d721641142d2,2026-07-01T09:07:20.712505,FJ,unverified
2644ac2e-19e3-4653-bd77-346aef972a44,2026-07-24T09:54:43.538392,AD,verified
7bec6e26-54ef-4cec-8435-281ca6e30557,2026-06-23T10:29:00.697613,KR,verified
ac012fbc-5bdf-4f1c-8f8a-db64165c2231,2026-07-14T22:32:01.097159,VE,unverified
7d3156ef-589c-4e01-a1d2-e44b82b53303,2026-07-06T23:10:54.643384,IT,verified
1c610eaa-5b2e-4804-8411-cc43f207902c,2026-08-03T01:29:28.768121,BS,verified
1d079904-03de-4a07-b55c-bc2b201c70f0,2026-08-22T08:24:07.598956,BA,unverified
2b4a0443-607e-4261-815c-149768c2cd64,2026-07-10T00:14:24.979833,JO,verified
9d3eec1b-957e-4eb8-8fa1-f55834ac0bba,2026-06-17T22:18:25.293669,BS,verified
2be9846a-3688-4db9-9ed4-d3cc448b2047,2026-08-19T23:32:15.795519,GE,verified
e5883031-8b55-4480-8def-d1e6d81f5846,2026-08-05T22:38:36.664530,MA,unverified
ad8f11c3-3da8-4283-aa6d-f9626d5f9e00,2026-07-25T21:37:50.254277,EC,unverified
cd043973-7253-4c0b-8e99-0d7ad1cec049,2026-06-27T16:57:26.915219,BH,verified
7ba990ab-dfad-4cb5-9591-d4033192549b,2026-07-26T21:49:47.547957,ZM,verified
d9228ece-6ce3-4dad-84f7-e919451d7d68,2026-06-14T03:53:50.569819,MZ,unverified
ebf7e8a0-e91a-4a2f-9349-47cf7d86cff4,2026-06-08T08:59:48.663902,QA,unverified
84e0a70e-142c-45a5-8f5d-1ee61d101656,2026-06-05T03:24:48.873497,TJ,unverified
726caec8-ad6b-4102-b334-7f4837a2710b,2026-07-10T06:56:00.476457,KR,unverified
0c0924d5-9832-4792-8202-178b7f3f2634,2026-07-08T10:24:24.331157,GT,verified
edffd46c-0a75-444d-82a7-1d6203d5c01b,2026-06-13T16:29:04.055207,GD,verified
f4885592-cf19-4bd5-a765-dcd7afddd483,2026-08-15T19:12:13.773073,TT,unverified
da145356-7d64-48ce-a911-e592b0b68378,2026-05-27T23:20:07.986901,KW,verified
4d5c43d4-cec5-4fed-a6ca-f502b3bc73ed,2026-06-30T04:12:04.871515,CH,verified
3ce44ec3-58a4-4c19-ab78-28b7cf2f905b,2026-06-10T15:17:50.310230,BB,unverified
98c9431e-09f3-4ddd-a561-b0bb742dca06,2026-08-20T00:22:59.205870,SZ,verified
24f99a3d-0ec3-4a49-af12-dcdeb5f387fe,2026-07-30T03:06:38.205882,AF,verified
40a9ca2c-7912-4e94-81cc-32b0d5efcb99,2026-08-06T12:26:44.611374,NA,verified
65ab06b0-9b6a-47d3-93fd-f47dd0c082e5,2026-06-27T22:11:11.626061,CV,unverified
58342ba2-d3cc-4599-b5da-79fd11234757,2026-08-17T03:52:04.695572,TR,unverified
9662cf9b-e161-4409-ba86-746e039ef19b,2026-06-04T04:24:00.647641,AG,verified
3db5fc69-fd02-4bab-9f9e-aae8b9f43d66,2026-06-02T13:56:08.031881,IQ,unverified
3bb99d59-a43c-4177-b2ba-b760c7846c3b,2026-07-23T00:38:39.313022,MD,verified
28d70b5f-2d63-4a41-a9b0-a5bf5c0b9a5a,2026-08-14T09:08:28.107139,NO,verified
97ac38ba-0b81-4d31-a73d-86df7be37c57,2026-08-06T09:44:51.476278,MC,unverified
4a1bd336-38cb-40e2-8320-647723172f05,2026-05-31T05:02:10.794827,AM,verified
d53558ca-c1f9-41d0-8cc2-8ca87f55191f,2026-06-11T03:57:23.091928,GQ,unverified
5ebf44e2-9fd1-48d3-8c4d-0bf79254c558,2026-06-29T00:25:19.709495,CI,verified
5e20f47d-0af0-4de1-a69f-8ed14cfdb475,2026-05-31T09:37:26.680067,UY,unverified
633e7dc3-4b30-44b4-a1ad-f132f6b1fae6,2026-06-05T02:22:38.279740,CG,verified
8af51314-7b36-42ea-89c9-269fb6c1f8a9,2026-06-26T04:54:44.059278,BW,verified
6b17c844-0297-4782-99da-bcbeedfa91e7,2026-06-22T03:40:20.198559,FI,verified
62ef7cc2-23ca-4ac9-bf02-d6452cb039fb,2026-07-02T13:36:43.173037,LA,unverified
e03015ea-f40f-496e-9937-b6acb02eec62,2026-07-08T17:11:19.962406,NO,verified
f6d7ba1e-2772-423f-83c4-a25ea0103df2,2026-06-13T16:30:51.476966,ZM,verified
9925216f-0a97-40a6-a974-3f0342b0319a,2026-06-04T14:13:45.325813,GN,unverified
7ae5880b-250c-4d64-87ed-c6730af1c335,2026-07-05T22:37:53.322157,SE,unverified
bb5b1ee5-2b0c-479a-bf28-4e331b24baf0,2026-08-17T19:22:53.834026,MH,verified
786134df-4f40-43ad-ba00-0b57fa3179d7,2026-07-03T10:12:43.412888,KZ,verified
f6423e89-4a18-49f0-a5f5-57c4fcb2837c,2026-07-17T09:33:41.586035,LA,verified
a2be257f-9297-4196-a78c-23547074b0a3,2026-06-13T06:25:57.545816,UY,unverified
30c3cf26-f2b2-471b-8d0b-30d4b0c8331a,2026-08-07T16:31:10.956884,MX,unverified
fbc95256-e6d1-425a-affb-121732571fbb,2026-07-21T13:45:18.614680,LY,verified
792ca7d1-d090-46fc-ac0a-a6c05e81b158,2026-07-27T18:53:38.353327,ST,unverified
c8c5ccc4-4761-452b-83f9-f159424344d8,2026-06-12T03:39:04.991487,RS,verified
7363afb2-a1ce-404d-9188-3a6b287a6c22,2026-07-21T14:05:35.425634,BE,verified
ad7a817d-a49a-4997-b2bf-41a381b67570,2026-07-09T17:58:36.565637,GR,verified
7c5ddc5e-cfc7-42bc-8a1d-a467d63bb595,2026-05-30T15:55:37.828701,CM,unverified
095d1415-b8eb-4254-ad2f-8d03857cb6dc,2026-08-03T22:06:57.409636,FR,unverified
3d8c2428-1b3e-4094-a9e0-1ff5ab2b20c3,2026-07-07T13:20:13.626970,SY,unverified
1eb3f276-1a4a-4ef5-a69d-5631b5ba8860,2026-07-25T03:59:28.409673,GW,unverified
57e572c3-f392-4f07-ab13-a57bf3fb1552,2026-08-23T01:19:55.605268,MX,unverified
49aee27f-e81f-4a62-a89c-b740b60f0303,2026-08-04T17:25:48.882126,SK,verified
72fd3718-6336-450d-b82f-00f55dbdf64e,2026-07-11T01:39:06.713106,LI,verified
789550ca-2168-4222-bd80-5327a979a82a,2026-06-28T19:38:48.150335,TJ,unverified
ce7070ea-d294-4165-9286-12f4ae3fdc0f,2026-07-25T19:06:24.011732,TZ,verified
c4fa7ac4-8c32-488a-86ea-dcc1b37c01ec,2026-06-20T16:13:51.600976,AO,unverified
86bf5ac0-70cb-462e-abbf-7e84464744ba,2026-08-18T14:40:15.979626,NP,unverified
a0036d03-5553-4308-95c6-b404b1c77d56,2026-06-14T03:45:41.457553,SM,unverified
f76adc05-d209-49fe-b53d-8d570874c937,2026-06-03T00:30:54.290129,NP,unverified
a6ec9485-835b-4b22-a6d4-7dd36d47ac13,2026-07-17T05:45:56.251510,LT,verified
47f91d33-0f9c-43a5-80aa-c0a819eedff8,2026-07-07T02:37:35.464170,TZ,unverified
5f2619f8-ce28-40c5-ac16-361016c049fc,2026-07-10T17:48:07.752006,TO,unverified
f28d93c4-2390-4384-91d1-fc8b13fadbed,2026-08-10T00:56:07.217532,MT,unverified
d3faf5f7-aca4-4041-92fd-b5dcd1dea2f2,2026-06-30T10:17:09.498002,KW,verified
093872fe-8e1e-4a45-90c8-b52d97a2e2de,2026-07-03T02:02:55.639108,TL,unverified
b1f08395-67f4-498e-a1cd-1611e8b6e157,2026-06-03T21:47:04.450761,WS,unverified
399420f3-f8f4-4256-8ffc-9d96fb32019a,2026-07-04T01:05:52.626194,JM,verified
ae877262-6932-4416-bc6b-492916d8adf0,2026-08-06T11:59:48.799324,LA,unverified
36d18242-8eb9-4c26-bc4c-2dc99ebdc4a1,2026-06-19T13:52:40.193118,PW,unverified
14c4cfd2-5065-405a-86c9-8ceddff20414,2026-06-20T19:52:56.002421,UZ,unverified
319c0aa2-4aca-4b5e-8a6c-01db22804786,2026-07-23T17:07:28.220114,ST,verified
fc1ca91c-34ff-4bf4-b212-582c5c8d6db8,2026-07-12T14:11:47.330829,SY,unverified
76486b51-91d1-44f4-8a91-fa7f808d74a8,2026-08-17T11:32:14.599937,NA,verified
1542ab20-54a9-46ff-88a0-a6b91d11d424,2026-08-08T18:48:12.866532,LV,unverified
5c7b6df0-9687-4209-8dc9-be617d38517d,2026-08-16T02:02:52.655728,PL,unverified
af546228-fac1-406f-b6c8-1a164dfaebd8,2026-07-08T20:49:50.493560,PS,unverified
8da2d284-2e3a-4798-9d4f-86f8f1c88b02,2026-08-03T14:02:11.381681,KZ,verified
6cd5562b-a3a4-45e5-abf2-b0c446ca7434,2026-06-23T04:11:26.016153,BE,verified
7bd37ea5-b96d-4e87-9d53-af2875256f9c,2026-06-19T19:01:37.503840,TN,verified
7476f68d-89a3-4892-b6aa-039ef41bfb44,2026-07-19T14:51:07.377252,LY,verified
fd73ee47-9119-4c0b-bb32-58fd9fee093c,2026-08-07T20:51:10.162066,RO,unverified
b9c0b1e1-182c-4466-8ec6-4a4726292806,2026-06-04T05:57:38.137928,TL,verified
4bc9ecb0-3bdd-42aa-8907-b513221a14ea,2026-08-15T08:14:37.175455,CN,unverified
332cf375-139c-4574-ba98-87344fc653f5,2026-07-13T02:52:16.375236,CH,unverified
d7964b16-5cbf-41db-a0a8-521a691f61d8,2026-05-26T18:00:49.519243,GH,unverified
d8a6e269-2dfa-4ea4-8c25-f9e1cdc8085a,2026-06-14T17:05:35.502367,KN,verified
816d9aa8-330a-493f-b9d1-5ed7a20184b1,2026-07-18T13:25:32.437478,TJ,verified
a72a2eff-00fe-433c-812e-12e7f14bec96,2026-06-15T18:20:25.341015,OM,verified
db5c3ca8-944b-420d-81d3-d1e11c51684f,2026-06-28T06:49:35.954419,DJ,verified
961ddcaf-a0fe-4b13-85ee-5f3a782b3255,2026-06-05T01:14:41.964237,GY,unverified
08bf3dcf-e70d-4053-9dae-c44bc8379a58,2026-07-23T01:26:08.604290,GW,verified
b39318ac-7984-4367-8574-d879984548e1,2026-06-11T10:26:51.551900,BZ,unverified
60b4c4b3-0d33-444d-8879-97eebc04baef,2026-05-28T16:44:53.174323,CH,verified
0786a852-5502-495d-b854-421a0879b7df,2026-06-11T13:00:48.480907,CH,unverified
705f48fb-d0cf-4a1c-802e-63251ed5d547,2026-06-03T15:11:08.681286,LS,verified
bfea1fcc-a3a6-4f0c-b29d-1531c1fff0ca,2026-08-01T10:07:36.946035,KN,verified
4c58826e-4b1b-4738-acea-a9dfb870b436,2026-07-23T03:20:45.553210,TJ,verified
82f04aaf-7324-4176-a26d-99e7e0eb84f9,2026-07-22T22:59:01.786155,NP,unverified
2df2c3a3-a4ad-47c8-a6fd-f1485cc7cb62,2026-06-26T14:31:12.324901,SN,unverified
4e6b03b8-03ff-4be1-b21f-994588becff0,2026-07-13T20:41:05.766190,IE,unverified
8947ada7-a3c1-4a39-9091-3039c1ceb5a4,2026-07-24T22:09:51.533703,KH,unverified
29f61d2a-6255-4045-affe-377b10e01659,2026-05-31T23:00:54.291660,IT,verified
af7f0a3d-5f3f-478c-b9f0-b5dd2fd50430,2026-07-04T03:09:03.536955,ID,unverified
1ce21e9d-a2ed-4829-b756-0f837637ee2f,2026-06-24T05:18:44.543933,TJ,unverified
c0656a4c-ed73-421d-9121-fc34fd84adc2,2026-06-07T03:50:21.623171,MN,verified
2eff2c72-1fe7-4fef-8bdc-223686575ccf,2026-06-28T06:36:14.237189,SA,unverified
763db09a-73b1-4a89-8de8-1d83f17fafd5,2026-07-22T20:15:52.076895,NI,unverified
8fd7f1cd-f365-4931-8421-89c9d088f801,2026-07-18T10:00:03.659852,AM,unverified
94c6e8fa-8db7-43c6-b46e-7d625ee447af,2026-08-12T14:57:09.728505,VE,unverified
80d52627-1826-4352-b01b-72318d545925,2026-07-26T02:19:41.288098,LV,unverified
739e477b-c757-4bad-beb0-43d92c139557,2026-06-08T06:29:53.360889,MX,verified
dff6f85d-e34f-4179-a959-4d95305a59bc,2026-06-28T02:50:29.786007,ML,unverified
78d88aad-1cfb-488d-a203-8236f99214ab,2026-08-04T11:24:06.874466,NZ,unverified
07d92e1c-ab98-4e1b-a0ef-420d2393fba8,2026-07-02T17:16:09.903120,VU,verified
d56a3f08-f557-404b-adff-9f43ea17f481,2026-08-03T02:36:36.545497,LY,verified
2ffed427-39cf-4a02-af90-3d3a333556a4,2026-07-27T17:09:33.871158,IR,unverified
bade41fc-44c8-4000-89bc-ab3a5d007c73,2026-08-06T09:08:07.543951,TD,unverified
2be64712-b912-4fb9-821d-ceb3c5041392,2026-07-01T01:21:04.683180,UZ,unverified
bb051901-36f5-4cbb-9d5d-2a10acf96fe2,2026-07-24T20:35:11.147742,AU,unverified
ff761235-f738-42c3-a5c8-41682b3d18dd,2026-08-07T00:25:25.015872,VU,unverified
514a8437-d633-4b13-a88e-cf99bb7be2f3,2026-07-27T00:45:53.319981,LA,unverified
ba9d18d7-2f1c-43e5-80d4-985ec713b469,2026-07-04T23:30:43.918407,NA,unverified
69f95dba-7346-43de-8aed-fc566f376562,2026-06-13T14:01:44.483852,AM,unverified
899a93b6-981e-4724-915f-d7d8bd1d3517,2026-06-10T11:39:57.269376,TO,verified
1fcc16f4-890e-4d06-9f5c-5798c07a8c1e,2026-07-21T05:50:27.510292,ID,verified
dd39872d-33d5-490d-8826-14e78d236fca,2026-06-08T04:14:33.617052,BD,unverified
d3b25376-b931-442e-860f-5915e64b47b4,2026-07-10T14:06:29.718352,SE,verified
6e9614ea-4db5-4ce7-8279-f2cdc70e6b4f,2026-08-09T17:33:06.958183,FM,unverified
5b2bd06e-6e49-4d6b-89f9-90bd10e71530,2026-06-01T03:31:00.427830,AF,unverified
6c37d349-ecf4-471a-9d0e-deb94a780a3a,2026-08-14T17:40:26.361255,RO,verified
aac873c7-a82b-4f58-8c1c-9e4b0d2e6fc7,2026-06-30T20:29:43.067652,UY,unverified
5e0477db-7ec3-4b88-ad71-4ab2b90deab5,2026-07-01T13:48:40.832298,ZA,unverified
db61af86-6b02-4daf-8e04-640ed0dcffa4,2026-07-07T04:14:18.636533,JP,unverified
954f8a70-482a-472e-850e-135ae0848157,2026-06-20T16:24:43.592603,AT,verified
11becd28-5e6d-466c-91a6-dd5c3ed12911,2026-07-31T19:50:09.180951,BH,unverified
06dfddf3-6494-4f53-9eb2-c499d3357f76,2026-06-10T22:10:40.756334,IL,verified
53bd3716-3da4-41e3-b757-2884624f6644,2026-07-10T03:55:35.112648,TD,unverified
f766b1ad-1689-40d1-af6d-97ecbc153564,2026-07-28T03:00:09.016670,EE,unverified
8d8285df-856d-488f-a70f-ab76024296bd,2026-07-16T17:33:28.904403,KG,verified
0e1fa76a-6a48-4483-961e-d4509df6d614,2026-06-11T06:22:10.452957,CR,unverified
0a78b5e8-4d76-4969-ac16-e0b911733907,2026-05-31T19:13:16.503489,DO,verified
fb19dad8-2706-4b38-87e3-0133c74dff61,2026-08-09T10:18:29.211169,BJ,verified
2a0d287d-b48d-46d8-bdcf-4bceb8e5b305,2026-07-09T03:41:10.238202,DM,verified
499d9f6c-a9f8-4b35-aef2-e039efe57081,2026-06-08T16:00:41.722037,TT,verified
71d37418-2099-4ce9-bd89-672563d210a6,2026-06-25T15:08:13.109316,CO,verified
d6b91035-522f-49a7-9ccc-465a28f5720b,2026-06-03T16:32:10.614435,UZ,unverified
306e6f5c-3620-4a35-95de-4ae88cd80378,2026-08-11T23:26:50.187909,KE,verified
072353d0-9151-42de-8a4d-16786ffa31d6,2026-06-11T01:57:40.771832,HR,unverified
c102c184-6fb2-4c4e-a303-257f71fd158f,2026-08-20T13:26:44.925711,KI,unverified
6ee6f844-521c-428d-b0d5-70a4318e53f5,2026-07-13T13:03:44.484567,SZ,verified
f8e31536-6fa5-491f-aac9-742fdeae577a,2026-06-12T10:38:32.679453,BO,unverified
5d26e5e8-c6b4-40a2-8135-d7b9994fd783,2026-07-23T07:54:22.738027,GH,verified
2d881794-68b3-4b06-b7cb-893db44f0391,2026-06-17T19:25:56.144613,AG,unverified
f7c46a5b-06af-4a47-b017-c4a5e502f037,2026-07-28T14:33:08.724628,BN,unverified
7bbb6459-7e1b-46d7-9a84-91df055f945a,2026-05-27T04:48:54.682824,LU,verified
6748661f-35ac-443d-84ae-894d07ddc255,2026-06-27T05:43:43.798613,IE,unverified
3c7fee2c-f7dc-4cf3-88eb-57b291fc7bbe,2026-07-25T20:47:27.128870,TR,verified
8553aba9-d8e5-4002-89c2-a56538079642,2026-07-24T04:15:07.826230,NI,unverified
e2fee058-3002-4c61-ae1a-bfa196a3f84d,2026-06-05T09:57:29.687230,VC,unverified
627fb137-e339-4d3a-92b1-c9546beb26f4,2026-05-29T12:58:54.485822,CR,verified
3400674c-78a1-4216-b603-efe5033a31df,2026-06-02T17:32:11.307184,TZ,unverified
1eede36a-ec95-4623-aee0-df2ff4937fc1,2026-06-24T16:36:45.537379,NG,verified
d1c20b35-5b91-475a-9cd8-cd97d42e8626,2026-06-05T08:59:38.065607,GM,unverified
6ba8b23b-158b-4753-a710-b6c3f39632ae,2026-07-01T03:32:00.578085,LA,verified
94bce94f-4029-4f64-be95-75ed00e3abfd,2026-08-19T23:02:41.904098,SL,verified
a0c4b725-ab0d-407b-ba5e-892a69d56726,2026-06-24T10:08:38.279411,NL,unverified
fc325ef6-a06b-41bf-aa42-0bfab47dc24e,2026-06-20T00:51:15.872289,LV,verified
166e0992-478c-4280-b0e3-02a9fd8923c6,2026-06-17T04:03:00.903990,KG,verified
4eb20396-2602-499b-b1bc-60263719add4,2026-06-11T14:19:17.656607,TZ,unverified
bfb2d8a9-19c0-47cf-8817-7e7f996a2e9a,2026-06-15T19:24:20.858522,PT,unverified
be308fc4-6858-452d-a2af-b9e9fa77cd5b,2026-07-12T07:29:43.629328,IR,unverified
84761c23-52c9-4d33-bc66-605494deafbf,2026-06-14T20:50:16.728550,AE,verified
a7270e82-2ec6-4063-adac-5b0168dda3c6,2026-08-21T11:39:37.789821,PH,verified
c8bd4258-0666-4e2d-b2f1-fee3c7b5e4c2,2026-07-10T09:11:10.210827,NG,unverified
7e1739b8-cea7-4649-a89e-3fecab180180,2026-07-01T02:43:46.538084,CZ,verified
05459836-caf2-465a-9893-2b2be488a52b,2026-08-16T15:01:30.259261,TV,unverified
8e3b9ba6-2648-4103-a7de-3bd6202ed8db,2026-06-14T07:15:25.956647,PW,verified
a1e2fab9-d02b-484b-a055-ed52947eed0e,2026-06-08T22:10:17.329389,SR,verified
ab252a8b-7e63-4309-ae26-9e34529e9d87,2026-06-07T16:04:44.930131,CD,verified
bcfecf2f-0790-4953-b391-5ff8c87c660d,2026-07-10T16:10:39.338323,FI,verified
e4641e30-2c58-4456-83bd-0f2882079191,2026-06-13T20:08:16.729142,FM,verified
c6ce63e3-c99c-4e73-81d8-74ddaee656f0,2026-07-15T17:29:36.108172,BY,unverified
1814a17a-aa51-4186-9795-daa58624e0c9,2026-08-01T15:34:37.916913,PS,verified
c34b4a3e-e8e5-4356-9f2a-8ffb0946bf5e,2026-08-21T16:25:58.997406,NA,verified
e6d9fb50-d9f1-4029-b1e4-2f9c6c322c46,2026-07-20T16:02:47.745060,KR,verified
7791132f-814e-4a4d-9f61-a778951ef51f,2026-06-10T08:14:46.386342,UZ,unverified
fd197658-37c8-45b6-bf93-74207ed41b20,2026-08-13T11:59:27.608626,SN,verified
493b4aba-0733-4b0d-9d16-1adee9934335,2026-08-17T17:20:07.573626,DZ,unverified
24483c3f-cbea-4cd8-a8d9-602661eda65c,2026-07-12T03:12:27.199356,PA,verified
08826c3e-94ca-42c3-b425-bf94658cde2f,2026-08-17T18:58:42.631266,GN,unverified
afa4720c-894a-4185-b741-bef48682bf21,2026-05-27T14:39:27.022637,MD,unverified
9d4fb4f5-424a-496a-97aa-cc7dc7a3469a,2026-07-12T07:43:43.491022,BI,verified
19551f19-d97b-4942-a8ca-9479bec2c8d5,2026-06-23T15:46:25.463209,SV,verified
1894aae2-a911-4892-8e60-5e8c9ddf9f71,2026-07-04T23:13:36.941414,TH,unverified
df0d5057-ce82-4fd4-8dfa-9577aeb5d088,2026-08-18T19:12:32.127933,PT,unverified
6a7f2a69-b4bf-4d47-91b8-54c7dc6ed0af,2026-06-20T04:46:00.943257,GH,verified
58133014-c014-4edc-a0b5-4c36548ec8e5,2026-07-24T06:26:48.545608,HU,verified
7abdae81-eca7-4b96-bcac-30322f0ea7f7,2026-06-11T02:38:53.865874,AE,unverified
d4779ddf-1697-442f-a11f-021500c9fc4e,2026-08-21T08:07:28.491532,CR,unverified
99204b8a-b017-4e47-9dbb-b3bc5ddab430,2026-08-02T19:07:09.798197,CU,unverified
6ff12c94-3e28-406d-a742-0f3ff13b8ab8,2026-07-07T22:46:27.523214,CG,unverified
95a320c5-65dd-4cd9-9211-24d0b64a2bb3,2026-08-12T09:25:20.689709,BI,unverified
a2603621-e2c7-4b2a-b214-ed317c7e868b,2026-08-11T19:09:52.691026,TN,unverified
224b5e8e-d9e3-4a12-953a-67e974486f7e,2026-07-19T05:51:26.311721,GA,verified
21dbeb16-cc9b-4f39-ad8b-206c0e9536f9,2026-08-11T11:36:53.473336,AD,unverified
a7bd1156-9b15-47d3-b0c7-53b5017165db,2026-06-19T13:51:58.885476,TM,verified
a68d3111-21f0-4ae0-a8af-3bc7dbf58c54,2026-06-08T08:09:49.014940,LT,verified
52436943-996b-4e1a-8b61-7078a8fc7fb3,2026-05-31T01:11:33.033357,MM,verified
0d5933ee-e567-40a8-a98c-df3c9852285d,2026-07-31T15:18:41.792014,BR,unverified
b846d824-a575-47d2-af45-c7370e6ddb97,2026-07-13T08:36:16.533783,AM,unverified
3cd43ec8-3f07-421f-a521-18e04ddaa8db,2026-07-08T04:01:03.320633,LS,unverified
4f3eb253-3cd9-4afb-b183-808163ddceb2,2026-07-29T13:43:04.263812,PT,unverified
04653b92-a696-4004-b18a-515a64aa5339,2026-08-09T11:49:52.354848,AM,unverified
b56276f7-c27b-4a38-8851-4dd9dde5633e,2026-06-21T13:11:07.895396,FM,verified
76c8e4f2-664f-47ab-ba9c-4359637e2fa9,2026-07-24T09:08:41.106261,KN,verified
a15dd3ff-79f6-4a07-852a-9f073ea0c9e0,2026-07-15T16:37:48.452652,CZ,verified
43434791-bbde-4584-96c5-6796b5edf5c6,2026-06-19T05:33:58.976259,SR,unverified
88029afc-96b2-447a-b7f2-5afb06827315,2026-08-18T09:31:41.720605,AU,unverified
2ff93413-f1ca-45ee-a764-c8462376c77b,2026-06-02T13:58:08.253772,YE,verified
cd65f96b-c150-4602-a6d1-f5d012fc61fd,2026-06-03T11:19:24.549742,MM,unverified
bc84c428-4329-445a-a8d9-7c4428971744,2026-07-23T08:37:44.793357,IS,unverified
ecd1baeb-3098-4021-b7ec-b76549935485,2026-07-03T01:35:28.717697,OM,unverified
3eb1fc8a-424b-4ffa-a6c2-7a68c5626551,2026-06-05T05:28:43.070136,BY,unverified
6492b9cf-adac-4835-a31b-ff4c011e108e,2026-07-11T20:29:46.425358,BS,unverified
4d18b2d5-55a5-4941-8cff-b50a41257d44,2026-06-08T10:40:34.436113,IE,verified
735cdc92-48c7-4b62-aa4c-187d1fbbccee,2026-06-22T04:12:44.613239,EC,verified
611c8073-01e6-4429-89bc-234bd5800b0e,2026-07-28T00:08:18.607048,SI,unverified
4c4bf6ed-8ccc-47ee-b0b1-735881cf1d9a,2026-06-13T12:03:27.551531,EG,verified
515d70c3-c570-4ef5-9a53-048258b31cd4,2026-06-14T16:11:55.019073,CH,unverified
68428991-ff0a-40c9-96da-a51b454e2cf3,2026-06-03T05:32:23.149843,HU,verified
a54db7d9-af70-41fc-9641-dd0ea6c9082f,2026-07-16T15:48:07.005192,MU,verified
8ad62f59-17a6-4b05-88a4-3ddb8919f255,2026-07-29T08:33:22.598910,AL,verified
a1fe718c-8a6e-417b-b33e-d36757d91ec1,2026-07-23T10:43:34.676140,LU,unverified
4b8022ed-00a1-4b5e-94cd-96aa7ea8d358,2026-06-27T18:43:24.096686,GY,verified
aab07c45-cc94-4597-9552-255ef1ac8313,2026-08-08T16:55:51.696809,ZM,unverified
177e6d35-7e62-4683-8797-e6476da183ca,2026-08-05T14:18:54.851559,BD,verified
c162ae63-4bd7-4397-8f65-0e94af48729c,2026-08-09T15:08:19.143370,GE,unverified
7a3bd032-a175-4494-a9aa-457f3929f33c,2026-07-17T00:07:41.971269,MA,verified
2dad9790-596d-493b-9bb6-390ce061c2bd,2026-05-28T11:46:59.427583,ZW,verified
43b11273-b9a0-4922-80ae-11f805852be0,2026-07-03T23:02:04.925404,JP,verified
259a17bf-e78c-4eae-b899-122aa8dcdf4a,2026-07-07T09:51:38.602308,AU,verified
31bca1c7-f399-4162-a853-df09a98430ca,2026-05-29T23:40:50.085370,AD,verified
fddf4d84-62ec-4a1a-9766-b164943ab947,2026-07-03T04:11:54.445542,SL,unverified
15c104d0-b773-45a2-a3a1-62ce2f7198e7,2026-08-06T21:36:46.840011,LS,unverified
af5c381f-e481-4d3a-8c73-bfe47c177a50,2026-08-06T21:20:01.882241,HU,verified
1cdf2cf6-b5ea-459b-a9a5-0e7494b941b5,2026-07-01T18:18:06.108831,BZ,verified
261a5d50-91af-4bcf-b2f6-df1c9559ac77,2026-06-28T22:29:49.047393,VE,unverified
395ee0ff-58ff-4348-871f-237ed02cef10,2026-05-29T10:45:50.461140,PK,unverified
4e6c11a9-1840-474d-895a-59718ed5e6fa,2026-07-26T23:09:08.994087,CZ,verified
1ce9aa25-b0cd-46e5-aea6-bff9f42b3e2c,2026-08-07T03:18:42.633415,UZ,verified
27fe3621-dbb9-42f6-9633-67a22ac50d7f,2026-06-17T05:40:37.024239,PG,verified
818bab58-3cab-4224-86db-c07e3c7b41ae,2026-07-18T22:04:23.349832,JP,verified
86b4cf8f-a983-4cde-acb9-540599c9b3d7,2026-06-07T21:55:17.374715,LA,verified
2bd8fb20-98f8-4974-9964-a41116ef95b8,2026-08-11T05:04:24.346246,VC,unverified
82bfcec0-06ff-4bb8-acd6-ecb118daa101,2026-07-13T18:08:44.355780,BW,unverified
97ffce79-5484-4036-aa54-c30064876335,2026-07-04T08:34:01.251054,HT,unverified
dba6ff53-6248-4852-8d5d-d23b6e9c5a93,2026-07-04T07:38:31.386352,NL,unverified
d3d6de88-7be0-4b59-94e6-dd51e054468e,2026-07-09T23:17:02.240488,BN,verified
9b581fb5-06d6-428e-8a08-1cd786266b5c,2026-07-19T00:08:01.293307,SA,unverified
7336a7c5-cf8b-4ce4-af7c-6706e51bb1fb,2026-08-21T00:18:10.973076,AT,verified
915fc304-08d2-439c-bfa3-d21199bd0f61,2026-05-28T12:24:16.044528,NE,unverified
fb421925-1366-46e7-a5b9-0faeedce909c,2026-07-29T11:34:02.196762,OM,unverified
2fee4b09-19da-4be6-af94-e3a6cb8b153e,2026-07-31T05:52:44.343262,GM,verified
ea5c1e4f-df0f-48f2-9dda-06dc068e8511,2026-06-04T16:24:35.848077,GY,verified
56140955-4a45-4371-b84d-10c926b23a6e,2026-08-16T18:48:49.579240,SI,verified
a0472438-6701-45cd-b8d1-75158fee5bf9,2026-06-19T01:03:15.763501,NE,unverified
7f17e9e5-3bd2-4b3a-ad36-00a6c2423c52,2026-08-16T16:57:59.580806,MV,unverified
60dc2007-64c7-476b-9dd7-1d932a4d0314,2026-06-28T03:08:13.950947,CI,unverified
c71d6172-d12c-4356-a7e8-bfc4bc5e2fdf,2026-06-12T05:37:30.931489,CH,unverified
1b66523b-2897-4233-b5c4-b1a2fafa196f,2026-07-16T14:35:14.382777,PA,verified
3aa6203d-a7f5-419c-bfd5-34ad0d64192b,2026-07-08T12:37:22.447791,MG,unverified
0f9c5ddd-bc3c-47e8-b429-0d6e5e36bdbf,2026-07-12T17:42:55.479068,VC,unverified
3bf97a9c-4bdd-463b-a979-d9fee1b3c131,2026-08-03T15:02:37.177641,OM,unverified
26ce49d9-2123-4f9b-bdbc-9a31c2e706d0,2026-08-03T19:37:13.055506,LK,unverified
05bc1a19-f20b-4651-8e62-a2f33c528526,2026-08-16T17:24:41.166230,KP,unverified
bf6bed8c-43be-4142-91d5-74aa04fa5ed8,2026-07-02T02:35:10.164778,TO,verified
ecda421a-79ed-49c7-b54c-94e3d903114b,2026-08-23T11:08:48.063761,SZ,verified
fa87a64c-bb75-4ba2-b1d2-664f67b5e96d,2026-06-25T19:40:08.946611,AM,verified
c09c48d5-fe63-4420-bec8-463e210c5108,2026-07-25T20:33:00.206978,VU,verified
a745813a-1096-4829-86e3-cd555a6e52dd,2026-06-12T13:21:51.237207,SA,unverified
7efad1bb-51a6-49a6-98ef-375c5dc56b56,2026-07-22T01:36:33.887718,AE,verified
dc171114-52c2-4fb0-b513-1d698b28ac48,2026-06-25T07:17:41.537918,SD,verified
71c8969c-8147-4310-80c0-2b42af200faa,2026-06-07T15:29:13.347450,BA,verified
bdd0ba9a-202e-4aff-9f7a-e986d56fd20c,2026-06-15T11:01:26.221007,SN,verified
a5ec1972-a97f-42b9-bc5e-ebd34e2e4c8e,2026-05-28T20:52:52.030047,LK,unverified
79fad84f-2766-4832-aaf8-d45dc28f5fb7,2026-08-13T09:57:38.490812,AZ,unverified
676bade2-58b6-4679-84b8-5631282c9ff5,2026-07-16T16:44:41.663326,BR,unverified
48c7eea5-67a7-47a2-837a-2bcb5d7f087d,2026-06-24T18:43:00.829411,UA,unverified
095ad269-a8f2-4c3c-aba1-b9bdcfc5a613,2026-07-02T11:51:59.426099,SY,verified
01da3e70-d640-43b2-b923-f36b806351bb,2026-07-14T03:14:11.053784,DZ,unverified
a64215b7-dad4-42dc-88bc-92f3cb0ce97a,2026-07-02T11:52:24.000356,HR,verified
339c71dd-0243-4f2c-ad3d-c02682bd0115,2026-06-08T04:09:28.973906,IQ,verified
76a2e557-9aad-4abf-9bb9-415d413a3a48,2026-08-22T11:13:22.530325,KP,unverified
0efd7c20-c3a5-45cd-a567-eea9822e8062,2026-06-01T19:32:34.870878,MX,unverified
142ebf88-1bde-486b-bcf3-752738ca4de5,2026-07-05T17:58:29.984886,AT,verified
3166f190-ccf4-42ed-a281-b0720c9934b3,2026-08-02T02:48:50.743463,CF,verified
3434b6c5-3618-4c69-8f2d-995d4f796d17,2026-07-28T10:57:17.393492,BD,unverified
a18781ed-d784-44a6-8ad3-d121569385cc,2026-06-05T02:25:51.168306,TD,verified
1952f525-9601-4f96-bc50-472f7a7bcd5b,2026-06-07T06:24:46.870434,IL,verified
2c09073f-c9c8-4729-9619-7b131b9d2cd3,2026-06-01T02:01:30.013445,HN,verified
1cd0ae97-9c31-4902-951e-c4cd229f6c42,2026-06-04T12:03:11.613859,CD,verified
32d90875-aa2e-463e-bad1-10ad1be8e371,2026-08-20T11:30:11.687433,CY,verified
d2f7321b-f27b-4207-8932-cff32f9c73a7,2026-06-19T01:30:39.411455,VA,verified
bf87b0ab-558c-4645-b237-7c8e14b9c80a,2026-08-20T07:23:56.786870,LU,verified
317d8da5-a8e7-4d9a-9ed6-3b0f1e46cbc5,2026-08-09T20:03:48.186827,DE,verified
34a30f1f-4be6-47c4-a6ae-3fd0725a8ebd,2026-07-02T18:13:08.762634,GH,verified
80edec7e-618c-4e40-9de3-f0d5812031e1,2026-06-22T14:33:57.663137,UA,unverified
66fd5d2f-9ef4-42e5-ab52-f9202bfa5402,2026-07-29T19:16:43.773996,ZM,verified
d5d648a2-b67d-4331-b52b-31900af79e38,2026-07-14T21:36:19.772172,KR,verified
0295d5c1-9bd2-4be1-b5ec-d2ec5ab2db47,2026-07-05T23:05:16.265027,AR,verified
0a9b6ddf-da62-4da9-bfee-177b63c7c12f,2026-06-30T23:49:08.370018,CI,verified
90a22dea-07e3-4064-94ed-a18db0baccfb,2026-07-13T16:20:55.123953,NE,unverified
1f221c4f-60a7-4a64-b35b-f2f710de1b8c,2026-06-02T09:34:59.779245,HU,unverified
ad9eda43-0bbb-47e9-88c5-623e2bef38de,2026-07-16T19:22:46.794249,VA,unverified
1347d1a9-36b0-46ff-aa93-3cd1421299e3,2026-06-13T04:01:59.748531,NI,unverified
e43e939c-1742-448d-8311-3b8c9cd85453,2026-06-29T21:30:42.011674,DO,verified
cf2625c9-6896-4294-b33d-9e06dac87c4d,2026-06-02T03:36:19.799748,AT,verified
3df28f70-8db8-42b5-b21d-07cb1da9e428,2026-07-01T17:01:05.811728,MY,verified
7ffa95b8-3646-419b-be44-1a54ea8ec396,2026-05-30T13:12:50.163010,PK,unverified
380b1584-d399-4145-bee0-443f64f86a3d,2026-06-14T17:30:58.866020,FJ,unverified
04566dfa-8b15-4f04-bc72-847da015ddb6,2026-08-23T08:21:53.854892,JP,unverified
6c2a04c6-806e-4538-80a4-015484c95ec2,2026-07-11T18:36:26.591112,TM,unverified
0f0105ec-4f92-4430-ac33-21ad7fd16682,2026-06-09T04:10:49.943939,BA,verified
f153f420-5158-4fa7-a1c8-b0903d919bea,2026-06-09T06:05:36.656655,BD,verified
63120f7e-94ba-46b3-ab46-29c4f04006ae,2026-06-01T05:44:24.611181,AL,verified
6f0dba3a-a85d-4bb4-8a3f-2e4df58e9f1c,2026-08-14T00:54:34.895476,SK,verified
1f849a95-3c9c-48ae-b69c-23c9c59bf938,2026-08-01T18:14:00.032687,MV,unverified
0caf52f2-5b20-4164-8197-3b53abb8654c,2026-08-24T03:21:17.130067,BG,unverified
ccc9e55f-3365-44c2-a6c7-987fd31987c4,2026-06-21T05:49:41.646051,JO,verified
8f6cb20f-9318-40da-864e-5d33a4dc8a47,2026-06-21T16:07:46.111838,SV,verified
c6b0ac15-32e1-4b1f-8ed8-fc2c847edf0e,2026-08-18T16:08:47.528002,IE,verified
22dce7c3-50bc-418a-9ebd-02aaf6ecf522,2026-07-24T20:59:48.056790,FI,verified
8c6951c9-c0cd-43dd-87ce-58f082deb01b,2026-08-17T16:41:53.745689,GW,verified
0a62d1f5-a8f1-4111-aca3-c495b99d963e,2026-07-29T23:21:32.722628,GQ,unverified
f1c9ff43-48f1-4b67-b461-7bcf7320e6d6,2026-06-10T07:39:47.434040,NP,verified
3f1635f2-df9f-44a1-aec0-59535b96d424,2026-08-10T15:36:56.505603,VC,unverified
d74f7dda-99c0-4042-b0f0-78948d97cc0e,2026-05-28T15:23:31.014060,MC,unverified
fc2679b5-c19e-44c0-9625-7640f97dcef4,2026-07-13T10:57:28.081196,HN,unverified
df32a3c8-5414-40fd-92bb-d0475789f1c4,2026-08-04T12:51:05.857221,VC,verified
b6933e75-dcd0-4744-85b3-06d62bdf31db,2026-07-24T01:21:20.706224,ZA,verified
7a099641-1e93-47c9-9667-f333a226d863,2026-06-21T09:03:11.362283,LR,verified
0875e7be-e48f-472a-be2d-1720d1c5bd9c,2026-07-08T05:11:26.646940,MH,unverified
2a660756-8569-484f-85ae-2eb9ad7d0d31,2026-06-16T15:45:18.993060,MW,verified
36bc3a1f-0545-40fb-b7b0-5692a6845ae4,2026-07-24T22:02:35.691994,CF,unverified
b3d29fd2-a668-44b9-b126-df086896cece,2026-07-22T14:50:29.769709,TZ,verified
ddb22731-4420-433a-a69b-185ae4970369,2026-07-09T16:24:20.944373,MR,unverified
a850fc97-6d93-4580-a04e-e96c1ebb71c6,2026-06-01T12:26:48.224702,SL,unverified
337d1661-d368-4aee-80c6-719eab8b12e6,2026-05-29T05:44:48.711728,CI,verified
a688acfd-795b-46ff-baa7-4e75821d119c,2026-06-24T23:05:45.756447,IL,verified
fd32462d-a7fe-417b-85f1-ec82071f6924,2026-07-03T12:17:35.096710,SB,verified
8b0b2e99-34b3-41a8-8fef-7b54f60584b9,2026-07-09T12:18:39.432735,NP,unverified
cea608fe-907c-4f47-98e5-69e883219500,2026-07-26T12:14:56.286779,CL,verified
8a9d6b8a-9aad-4d02-8c64-a8a55a95773c,2026-07-20T20:31:00.932596,SI,unverified
2c1bf2e4-abb1-4df4-ba2a-a238c5e7d2dd,2026-07-07T06:44:37.417647,SB,verified
f6521a40-8db1-468c-b3ee-b5e6b0a96927,2026-08-13T20:43:01.159691,BY,unverified
33070d0d-b951-49d9-ae41-6a4667e0dca8,2026-07-19T21:18:46.737998,BT,verified
bc348af0-7baa-4f33-987a-3b8e228f1064,2026-07-20T14:06:24.421585,KH,unverified
ca73949d-5ce8-458b-9b19-605b8119e89b,2026-08-21T03:10:19.047476,AZ,unverified
b29c6228-28c2-45ad-90f8-77f6359bcf9c,2026-06-07T01:49:32.689613,BO,verified
bf476f60-3ba1-4ecb-b9a4-45268f00c1d9,2026-06-19T09:46:02.396458,EC,unverified
4ff13667-71ae-4597-acca-f8901c015822,2026-07-09T21:42:13.482732,NI,unverified
e3e8ff8c-8014-4043-ae1b-89d30f044f55,2026-07-27T17:17:25.788778,MM,verified
5579a078-91d0-436e-b567-2b8f7c7691d9,2026-06-28T05:26:46.643062,AE,verified
333a9924-5d15-4f9c-a1c6-677e3441309c,2026-07-26T05:05:06.915390,BO,unverified
e859f83a-1a2d-4fbc-8872-7d78f7ce78a2,2026-07-04T11:08:23.516050,BW,unverified
7cfa2165-2a5a-44e7-94f3-60a066bd5d55,2026-07-24T19:19:07.939837,BA,verified
6f3a9c4d-dc00-4c0b-adf8-8ee9a37837c3,2026-08-06T00:56:12.143825,HT,verified
24180498-78f3-4ba6-904f-bcf5a7246735,2026-07-01T12:24:35.306655,DJ,unverified
4d3db8bc-84b0-4251-b1cd-92a2e55a2b3c,2026-07-22T04:22:48.554520,RU,verified
577f3c8a-ceb2-45a5-8617-45c8da9c0769,2026-08-12T08:47:30.662572,CY,unverified
fe646868-0f60-4113-a210-af750853da0d,2026-07-20T00:12:20.218827,TT,unverified
c8a9e42f-b558-4df2-a2ce-fb2d36f4dc3d,2026-06-10T01:36:21.348137,VE,verified
002b85ff-b1bb-4368-9d50-a579dea1da67,2026-07-06T14:40:39.755563,TZ,verified
324c4262-c862-4fb5-b192-2893a6c02270,2026-06-16T07:31:51.160727,NI,unverified
4081924b-9016-4c2f-a89f-859384d92768,2026-07-10T13:24:59.090715,RS,verified
3fc2981f-f822-4b11-b437-417667fdb583,2026-08-18T16:27:04.131935,MX,verified
6a955a54-c842-4fe5-9866-939190983237,2026-07-05T14:43:36.463562,NG,unverified
34867af5-c3eb-4d2a-85a3-87aeb86613e9,2026-07-17T06:13:35.581097,TM,verified
78ce526f-a3eb-46cd-beca-71decaff22a3,2026-07-18T18:24:01.069848,SZ,verified
43da2a6c-26b4-4a53-af00-d0ccac3bf1a2,2026-08-12T12:59:34.702485,IR,verified
2a13577b-9a70-42f0-ab25-823bcdd1eb93,2026-08-20T11:13:38.628080,UY,verified
569772ca-eb88-49da-9cc8-1f5d69473337,2026-06-11T04:53:04.895607,KR,verified
1564eabc-535f-48d3-8d29-b42f0baa10e4,2026-07-22T19:02:00.239945,MR,verified
000df4d5-3a5c-47b5-92ab-515776608e90,2026-08-20T17:50:01.694729,GE,verified
38998d56-ac16-4015-8aeb-2ed13eb7abd9,2026-07-08T21:03:39.173659,AD,verified
d19b01d2-23c7-4d0b-b928-0046a1dade16,2026-07-10T02:17:41.439201,SY,unverified
479a6d87-7384-45fd-9b22-0bccbeb45a17,2026-06-01T04:41:47.287197,ZW,verified
99c8c618-1094-4379-bd02-43c377f29a58,2026-06-07T00:54:26.630177,AG,verified
a3ec46da-4d2c-4094-b30c-4d54833c3d13,2026-08-23T20:39:16.730775,YE,unverified
b61fccd4-afe1-4dac-bb8f-57bf60ddd074,2026-06-29T17:09:52.390463,KN,unverified
c8a72b27-b904-454d-b75f-3fe96b75e5a0,2026-06-27T09:04:25.017458,ZA,unverified
3ed6fa32-da96-4b40-9ffe-b7286c8e4810,2026-07-02T07:22:34.145957,NG,unverified
54d0c660-c1ff-4ec3-a5ad-519e2ef225a4,2026-08-19T12:40:12.319057,CD,verified
c90874ff-3e8f-4967-9c2f-b217891a32de,2026-05-28T15:32:08.349703,RO,verified
9faa6d8f-e4fb-40ec-a72f-86c57c41c2bd,2026-06-01T00:19:36.587152,TZ,unverified
0b67edfc-3493-41c5-8da2-fd3bddf56341,2026-08-22T22:07:18.235202,GQ,unverified
66c003f6-ca87-417b-baa2-d9c47cafdf71,2026-06-27T07:28:36.903232,JM,verified
239eaf8c-d63d-48b5-8a89-ee3acca0c150,2026-06-05T07:05:15.610528,PA,unverified
a9a799a9-f220-44e8-b95d-7ef197ddc9b7,2026-08-13T14:17:00.969364,MR,verified
9b981292-a274-427f-85db-9d462422f384,2026-07-01T14:30:59.289453,BH,verified
20d96842-93b6-4d4a-b116-849246c6dfa6,2026-08-04T13:21:32.444306,ME,unverified
8cfc4ad8-981e-437d-8437-3ce28118aae3,2026-08-01T08:45:13.738250,LT,unverified
725061cf-ac67-40d7-8598-afc0a544b2ed,2026-06-09T06:28:24.956816,SA,verified
eb4af0e7-c1e1-4a2b-be2d-d42c58ec20e6,2026-07-05T08:05:59.745809,PT,verified
b812f87e-3103-4817-a84a-b75abeab502f,2026-05-30T22:04:09.082834,MU,verified
144db3cd-b6ad-4e63-8c1a-586e75d8c648,2026-07-16T00:16:22.925523,SY,verified
3f7617e2-b228-42ca-bed0-473a6a045bef,2026-07-27T02:43:38.318458,BI,unverified
183ef954-1171-44f4-9d3c-2c3a86e55be6,2026-08-12T19:56:47.829402,LC,verified
00cdef3d-24d1-4d6f-b690-e73a4513be48,2026-07-22T06:46:55.851187,MD,verified
01fea988-ff72-4818-b3ef-24423e3647c2,2026-06-25T17:42:38.272341,VA,verified
67e69197-b493-407b-9c73-8e8e8358b14a,2026-07-28T00:51:14.931538,GR,unverified
62a1f91d-dea9-4012-946f-e642a082862f,2026-06-03T05:35:56.251178,HU,unverified
c3a755c8-a897-498b-8f12-044cdf078bbc,2026-08-23T21:30:33.771416,AU,unverified
14d174a3-552b-48f1-8d2d-4ae6b66f7f4c,2026-06-24T10:40:43.201208,FM,unverified
be05a147-0ef5-406c-920d-267c28900a9f,2026-06-10T08:43:25.816426,KE,verified
e7fd7503-7d56-47e5-9313-68f1bce65a45,2026-08-03T15:04:36.291300,PA,verified
0952c868-2f53-46ab-a63b-f12b0abe5f40,2026-06-29T12:10:18.032642,PE,unverified
05730d83-e103-4293-a905-81b3ac03bc3d,2026-05-31T18:43:05.617671,FJ,verified
893e3572-dcf1-4828-817f-8eb56a958e88,2026-08-04T17:48:16.029738,MH,unverified
ec82a8f6-c4d2-4304-875a-6343e7c52cc0,2026-06-19T21:56:42.009010,KG,unverified
48fb9a76-9ae2-4814-97c0-3000c78fd039,2026-07-12T15:15:51.096470,HN,verified
ffed77f1-2f44-49aa-b2f8-02d205e0d0ce,2026-07-23T22:54:39.846620,DM,unverified
93883149-5b0e-4528-8482-0de6d9f5576b,2026-07-14T16:33:23.145803,SD,unverified
72e92b8a-7bbc-4c74-bcc1-1a8020db3201,2026-07-22T13:35:48.341611,LT,verified
d16ae40c-ea1a-4a06-9dac-7a01d183d852,2026-08-18T11:13:41.709795,BB,unverified
e099cdb9-686d-4b02-b34b-e3cc139f7e71,2026-07-09T21:04:09.667862,CV,verified
9fae692f-1ec5-4ca9-98e3-b7fe1a48e9d5,2026-08-01T06:06:01.301003,BR,unverified
5272aefc-03fa-446c-8e81-14d22b28103b,2026-05-28T10:49:08.831988,SE,unverified
6933c1bd-2522-4e94-aca5-4c25fb3adace,2026-06-28T08:09:53.320285,NA,unverified
1a16b8c2-4be0-4b7f-a68b-eaf8c03a68c9,2026-06-25T14:42:58.507747,JP,verified
7a51a40f-49d3-4b5a-b300-e409bef5ce76,2026-07-22T09:33:45.889273,NZ,unverified
8d7bdef1-c34e-491d-bf18-ec4b91a38669,2026-06-29T14:04:10.397261,KP,verified
be314922-a22c-471b-bb4f-5a5e8d6f0a10,2026-07-19T20:04:19.001171,NI,unverified
259eddd2-4e73-4b5b-8f23-63bb9067fc43,2026-07-11T16:46:13.124564,BE,unverified
8d9f6096-5b50-4995-9c78-1b164d460588,2026-08-08T14:29:54.791423,NP,verified
d3bdc91b-a58c-437d-b4b1-69e66beca6e2,2026-08-04T14:15:48.381101,GR,verified
d8a85081-ffa3-4b37-8b0c-b968250bdbae,2026-06-24T02:39:18.693508,BT,unverified
e03a9cc4-8125-473e-a063-aeb0a0676b8b,2026-08-23T17:21:11.705259,BY,verified
a5cb16ec-54fa-49d2-8662-58d88d99936f,2026-06-30T10:32:25.009386,SI,verified
b275243c-36e2-469a-a140-361b1a8d34cb,2026-06-23T12:44:48.125598,LV,verified
3bd1604b-d027-47b7-8a93-d71509cc7f3c,2026-05-30T18:11:52.769126,NI,verified
78d34163-17b0-4ce8-a12b-f281d21c9883,2026-08-09T07:49:06.866913,BZ,verified
efa31f06-06a6-4241-9288-4737dc9831d8,2026-07-16T01:30:48.736016,KE,verified
18f6d9b4-f663-49b0-893e-cfc5fe9ccae4,2026-06-06T04:57:30.154558,BR,verified
2ddaec67-92f7-4ac2-a7a0-abf04595324d,2026-05-29T01:00:21.122689,MT,unverified
d363e187-9cc8-4f55-86f6-981a1c4d4c34,2026-07-05T00:17:10.685033,SY,unverified
a9db02c7-2b97-47e0-adab-f293dba4fdec,2026-07-24T18:43:44.529328,EE,unverified
16fdfb9c-3c0b-46ff-b333-714814cc1418,2026-06-21T01:33:53.730986,SD,unverified
a2485a08-f64f-46ce-bada-775012bd3f9c,2026-07-14T04:54:38.709283,SL,verified
be4495cc-4d58-4344-af00-d782509acab3,2026-06-28T09:55:52.885380,GM,unverified
d78a26ac-bdda-47b0-85e2-60ce74ec908a,2026-08-13T23:34:34.384574,NE,verified
a3b77ed0-6833-4e2c-8df9-b5d7a3491a39,2026-06-07T11:59:10.848786,NI,unverified
c72e2e14-a9d5-425e-ae39-f803d9908bd5,2026-05-26T11:11:32.237831,BS,verified
7d487994-0bcc-446e-af00-52f8f4ccd89a,2026-08-16T02:46:11.800834,CA,unverified
9d239afa-039e-41eb-9c51-d2955783591e,2026-06-28T17:24:49.296874,LV,unverified
b1374f4d-9275-4a7e-8588-de936084636a,2026-08-06T09:38:33.445246,PE,verified
2c57464b-e274-4e78-882a-063f47598adb,2026-07-07T19:56:58.590355,AT,verified
27200ced-5316-4918-b4d3-65c6af0b75b0,2026-06-28T11:08:07.512808,DJ,unverified
8e1bd9aa-91b0-4c9a-96fa-f7fa01ed30f5,2026-06-04T03:20:27.644038,BB,unverified
d773b8ac-aaed-4870-8d53-c57877b8aae1,2026-07-23T05:05:26.889187,TD,unverified
39265153-c760-436c-8556-4adb7050a185,2026-06-23T01:44:53.387227,KE,unverified
4a7fa064-f5b0-4406-94bc-782f54367278,2026-07-20T14:59:01.096646,CF,verified
ffefbc35-2169-4295-abf5-b299ba6763b8,2026-07-01T13:05:49.746160,LI,unverified
2600a5e9-d0d9-47a9-b659-3dddc4f8817d,2026-07-21T01:59:24.983230,SM,verified
f807390c-1206-440e-8557-478996f061d3,2026-08-04T20:32:45.182769,KI,unverified
7fb02c2d-fa59-417d-bad4-e195f85d57a6,2026-07-15T07:20:03.806221,RW,unverified
7f589f0e-bea7-45d4-b631-e7d308170895,2026-06-13T11:39:47.524140,TT,unverified
2b419763-8e9d-4227-88d0-7b9d4dd59f89,2026-08-24T07:38:34.537361,VN,unverified
5545ff3a-6276-472f-914d-496d8f1216b7,2026-06-07T03:29:00.370309,DZ,verified
bc117083-ab8b-434c-b185-74f58315b700,2026-07-27T12:41:29.290383,ES,unverified
b26599c8-42e9-4c75-b8d6-ec7f977a6f83,2026-08-17T21:01:35.482621,TG,verified
10309f77-b6f0-4eca-9463-97a8df8c8058,2026-07-25T05:09:15.230594,TZ,verified
bcf31b07-49d7-4546-9171-49235879d8d4,2026-06-18T09:20:40.866915,BI,verified
64c4a706-5bd7-45d0-b6c8-de197ec6763d,2026-07-18T14:21:23.676859,AD,verified
f42cd89b-51b7-408d-8843-c8d3395090c1,2026-06-06T02:32:33.459201,KE,unverified
83927d66-96ba-47d7-b28d-4bb4eb8a35d7,2026-08-19T13:40:51.768328,CF,unverified
84168f2b-ce48-4295-ae47-5affc85e22f6,2026-07-23T20:32:55.168532,CA,unverified
9da3c2fa-1dcd-4eb4-8358-fd3e8ca9feed,2026-07-15T05:06:50.451252,ET,verified
dce413aa-4f98-4270-9d08-a887aac4fa38,2026-08-18T06:21:58.544590,LC,verified
8d9f09b3-fdee-45e8-a780-3c2d4f888635,2026-07-01T19:11:59.189669,IS,verified
9f5256d3-4edd-41a3-94b5-1bc45bf48958,2026-07-11T12:37:51.927706,AM,unverified
5d5edc5a-d333-4e3f-869a-80ee35360d6d,2026-08-19T04:25:58.482298,UY,unverified
c8e5a3af-8710-4b6d-8967-9783e92f6d17,2026-06-14T09:29:02.121868,SR,unverified
786ecb75-a94b-44ad-b87c-36296a26dafe,2026-07-04T16:25:04.044070,FR,unverified
6095ae2c-3819-4442-a921-f2242edd883f,2026-08-13T21:50:50.021124,CF,verified
96819c74-42d2-46b2-817c-d59ee817ebb5,2026-07-16T04:32:49.148034,CA,verified
75d1f048-669f-4293-9a38-adff5a20396d,2026-08-12T12:27:34.031151,CI,unverified
9ee44804-7a55-48a5-a9cb-5fe555609e4e,2026-08-11T10:17:26.389631,BF,unverified
9c2b9548-92d7-4f6b-a4ea-bdf9a1b7a278,2026-06-14T22:44:47.301792,KE,unverified
1e3d2448-c234-40ef-a8f8-052a0dc64bd7,2026-07-01T18:47:46.090334,NO,verified
c6b1e473-a39c-46dd-92d9-875ec56e1e6e,2026-07-04T12:07:15.491382,PG,verified
f090ff6a-ba7e-49f4-a964-90511508e5fe,2026-07-31T19:20:43.047506,PT,unverified
8c0c9a18-a615-406b-bc30-4141bff48766,2026-07-12T04:08:47.680245,VN,verified
93d8b45e-1268-4f12-80e3-72edd4707a87,2026-06-13T19:53:07.197490,CH,verified
d3679127-e92f-4c29-8aad-ad25d679bb8e,2026-07-29T06:50:08.890032,ZA,verified
8ddb88ff-cf6a-4bac-91b1-8870c154a007,2026-06-14T22:26:15.040934,SM,unverified
121d2df1-a71f-4d60-86fd-488891cec239,2026-07-09T04:47:09.743723,DE,verified
bb91bcc9-4893-464e-87ff-0d343ef4016b,2026-08-02T19:50:23.640898,IT,verified
1eb344a0-5e3e-4e8f-94ce-25cea362451e,2026-06-19T09:08:26.898945,GH,unverified
13153e8b-dd38-4ab8-be71-b5c8188536d0,2026-06-05T13:59:35.446946,VC,unverified
21b0a4b8-664d-4af8-8627-963d64eb2835,2026-07-01T18:57:03.177653,KN,unverified
d0b3360b-ac47-4f67-b5da-d743084440b5,2026-08-24T03:44:46.681734,VU,unverified
3186a20b-ce41-473a-b180-a9423afdc60b,2026-07-29T12:18:57.167485,BD,verified
624cd002-4141-44c6-837a-bcc7a6d99dde,2026-08-01T14:34:41.470427,CV,unverified
eb4be4f2-575e-4b6a-8d60-1965fbe8c58f,2026-06-09T02:18:47.306284,AF,verified
552b9104-0635-4cf6-8aed-d7032f425d60,2026-07-28T10:21:41.493021,KR,verified
f0050e81-fad3-429e-94eb-56285e44fcc6,2026-07-29T11:11:20.499075,KN,unverified
fa44870d-eace-4a7c-9107-ff994ec22aa2,2026-07-19T19:24:37.553934,FR,unverified
49e7b8cb-1feb-4ec4-8253-fddc1fa11bd7,2026-07-25T20:37:39.465863,KM,verified
d5d76d44-be67-4106-8a96-f4241202411e,2026-06-13T23:43:18.400834,US,unverified
cbd69c04-901d-4319-ae27-a19bae463abd,2026-07-30T11:05:23.848370,SZ,unverified
477db7f4-980a-46f4-a713-4c856f483026,2026-08-17T11:01:41.554402,PG,unverified
f0b054c8-2e99-466f-a120-9386f19d62b0,2026-06-18T08:51:16.434021,CG,unverified
38d9a14d-2d40-4db0-adcb-f396e0a2eb03,2026-06-19T16:18:40.358007,DE,unverified
ab7625b5-257a-4882-810f-8b69c7cd8350,2026-08-04T14:51:08.648986,NL,unverified
06a7d662-b7c6-4882-954c-fe93e3e5ae4f,2026-08-04T00:54:37.003391,TZ,verified
b31b8781-71e5-4592-90e8-da55c72b8e15,2026-08-24T05:20:31.716125,LB,unverified
8f765220-247f-4c92-8491-a76437d3c5f7,2026-07-27T12:09:36.037940,GT,verified
2dd96eac-f991-4d08-8300-d79d8cedb714,2026-07-05T06:05:12.932706,VA,unverified
92a75d06-1d7d-44ed-aca9-95092aa294c3,2026-08-18T12:04:54.942171,NE,verified
c55cce4e-f375-4d45-9d6e-662174c72385,2026-07-27T17:22:46.545118,IT,unverified
843c310e-cd58-49da-bd8b-6e358c1b9e47,2026-07-01T06:58:51.536655,CY,unverified
38fca9c6-b937-4d5c-a729-d4ae7b93b39b,2026-06-22T07:20:16.284879,SL,verified
2ab5901b-56d3-4d1d-a067-08cdac003fb1,2026-08-03T01:26:57.441034,DZ,unverified
10b03bbf-fcfd-4d17-93fe-c598bf44c965,2026-06-07T00:42:43.131424,SB,verified
513aa9cd-66a0-43bb-8edf-592ae62288cd,2026-07-11T07:52:20.565330,HN,verified
57cf2e2e-1ea1-464b-aac1-f84c1eb4c131,2026-08-15T22:33:21.335186,LY,unverified
65e8a91c-14aa-4c84-b0ba-b019f9b0e758,2026-06-11T16:48:22.786432,ME,verified
1d0b938b-7335-41df-bb67-d9026cdd0cef,2026-08-21T16:25:20.217474,DK,verified
30a71f21-2c4f-4b20-ab4c-8e216002de19,2026-07-24T23:19:06.795454,LK,unverified
ea5d8cc8-b297-4af1-b591-45206da802a8,2026-08-17T23:32:55.179126,SY,verified
526a92fa-b895-4e16-8d26-79c4b774ed82,2026-08-12T21:54:47.178625,LC,unverified
a32524a4-3926-43f4-8a55-a4c8f4c856a9,2026-06-23T17:17:41.721233,BN,verified
8ab09ff2-9b67-4b53-a490-51ef99ee1957,2026-06-22T11:56:06.915068,IT,unverified
0488568b-c133-4574-bb34-862986198283,2026-06-13T03:51:30.281339,BS,verified
bf24b247-74fc-4882-96a9-e051cb5be844,2026-06-19T15:02:11.968204,UZ,verified
6ea8fd55-27f7-42cc-a5ee-1136418194a2,2026-08-13T10:30:46.477336,BF,verified
3966badd-63a3-4f02-8b10-8cffa85983a1,2026-06-26T05:59:01.258512,MM,verified
960308eb-03b2-41b5-b2c6-459714bfda43,2026-08-16T22:22:54.956939,DJ,verified
e0a9b5a1-7684-46e5-b776-2c412db06c3b,2026-06-17T00:21:30.349800,AF,verified
b5556915-94f1-4662-9988-6a9835dbfb27,2026-06-11T08:49:55.947560,AF,verified
00a28746-1391-4d8b-a1bf-959af93af3c2,2026-06-22T22:11:00.690511,MG,unverified
98b9a408-ee29-4967-b356-57c925975856,2026-05-26T14:59:14.466999,PT,verified
49706b96-22b0-4127-b763-39426b2eb080,2026-07-31T17:05:04.517259,PK,unverified
e29d46e9-6005-41ff-a4a0-765b933f6788,2026-07-27T15:17:41.635422,TM,verified
6ac9a062-ff0d-4dce-af8b-b7d6811eaaa9,2026-08-05T17:58:10.766792,KR,verified
839cf2fd-8d51-456a-8d3d-885ae10e93bd,2026-06-18T11:12:46.250738,IS,unverified
ff187806-bafb-4a19-bc34-40038068e9a9,2026-06-19T14:37:07.700366,MA,verified
505e9031-bf85-498d-afad-74e07356cb2e,2026-07-22T02:47:32.532021,ZW,verified
0d57b1f6-477d-4db5-a73f-5216166e1fc9,2026-07-17T05:22:11.148778,SC,unverified
b29ee510-aee6-43a4-9ef0-f523d357f37b,2026-07-10T14:46:03.617184,PY,unverified
69aecda5-3c98-4189-b087-3cc127ebad44,2026-07-02T11:12:02.078175,IL,verified
160885d7-ef15-4552-994b-cf1b414992d1,2026-06-14T23:20:30.319926,US,verified
f8cce6ed-5cdc-4644-a85e-636155c10ae2,2026-07-12T10:46:29.168304,CZ,unverified
854487dc-6421-478e-8165-e2328bcd00d7,2026-07-30T21:40:57.057660,LI,unverified
6005892a-efa1-4a36-ad62-5d1c1202458f,2026-06-15T13:28:44.802208,TJ,verified
67e5cded-ea0c-467f-b04c-659df5b4c7e9,2026-08-09T08:28:56.667148,TT,verified
c19c2bcd-c82c-4e87-9295-f851ea232beb,2026-08-01T13:37:44.539097,KE,verified
2ff68d56-1d08-43d5-a468-638939f45061,2026-07-09T19:13:34.055840,ML,verified
edbd250a-0167-4425-baa7-00441062bc43,2026-08-16T01:19:28.836944,TN,unverified
ead4dd21-7108-416f-ac10-54fe9109670c,2026-07-04T12:16:53.971594,TT,verified
379bb265-83c2-4b26-81c0-c88f51ba5c76,2026-07-12T08:26:58.032711,VN,unverified
0a1d8bf9-68da-4e9c-92ce-f1c2f43253f8,2026-08-22T23:01:34.521891,AG,verified
9af38726-4649-4a72-9d07-3246a445ff42,2026-08-16T01:32:28.528757,BY,verified
7cb08a72-7df3-44c3-8fc3-7247ea504ae1,2026-06-03T19:17:47.650784,NG,unverified
ac381f16-f3cf-4a83-9d87-7dabbb0c02e2,2026-08-08T06:38:13.956421,MV,unverified
595300e7-50c0-4c3c-bbab-3d7822d460c8,2026-07-29T23:24:22.901241,AE,unverified
31c0e481-c70e-45da-99d3-bbed3604af59,2026-08-20T12:32:25.445663,GT,verified
1ac1a617-4aa2-4ec6-a5f2-75d30b0977dd,2026-07-10T20:26:59.010092,CA,unverified
f6f12a28-afd7-4ffe-a74f-e06e2713af99,2026-06-24T11:11:19.569083,MC,verified
662f0d1c-bc34-4f44-b9f6-ec12cabf7620,2026-05-30T07:40:31.242802,BI,unverified
bbd772a7-8e59-427e-a7bb-c88cde84ceb6,2026-06-25T11:52:07.126226,MT,unverified
2d5dd3a1-880d-45bd-915a-edc43b2ab027,2026-07-23T21:31:18.961958,SI,unverified
34ecd0ef-ff3b-4190-b811-491513c115e7,2026-08-04T11:40:08.911340,IL,unverified
46fde9d7-2be9-4eb7-bb90-e59ad1394855,2026-07-10T10:51:38.184231,SL,unverified
8e0c8237-0d70-403c-96ee-690e3ff2e89c,2026-07-18T08:54:41.994246,TR,unverified
26455c9f-f2fa-4313-93a0-a830de1e739f,2026-06-14T00:18:55.788291,YE,unverified
deb1b38b-6977-4bcb-929d-513c7bed9ec0,2026-05-26T18:29:59.934701,BF,verified
9f070135-21d0-4857-80b8-c8ce84d52ae8,2026-08-10T18:37:24.136097,AF,unverified
7a650c8c-7ebf-46a2-8222-6e2767d6fc0e,2026-08-09T14:56:29.705333,NE,verified
86144d26-d8b5-4de1-9f9a-0d3d821b82c1,2026-06-04T02:36:34.480515,MY,unverified
c57e1f5f-70b4-41ba-9e3c-0bffcf2f9d61,2026-06-09T19:56:25.780976,SM,unverified
8e43cd51-25f7-47c2-9f56-579763f96479,2026-07-26T16:48:47.226054,GH,verified
2ffa89ac-7f4c-4923-b1e9-24e41fcac417,2026-07-01T03:05:03.228226,BA,unverified
dff4c388-6cfe-4d15-8574-8374ce18748e,2026-06-09T10:09:50.073999,KI,verified
627726d4-aad8-41fd-99b8-5b4c2a559ca2,2026-08-11T04:01:57.522713,QA,unverified
50e5e454-42b7-427b-af5a-2c713026d17a,2026-08-18T20:34:20.066433,NP,verified
405764ad-e299-411d-b127-2dc33a5f3ae7,2026-06-23T22:28:19.319192,CY,verified
20c69408-b819-43cc-ad50-1c31a656eb7e,2026-06-02T08:58:09.926841,BN,verified
c3d5bbf9-3d84-4534-bff5-f4313e93ab61,2026-05-30T11:59:00.475038,MA,verified
d8efa25c-cba6-4c86-a1f1-06f25a5ea993,2026-08-24T05:34:01.170495,HR,verified
d9c9c009-5ddb-4298-bb63-f5864ac9b9f8,2026-08-03T08:10:21.764907,TZ,unverified
dfabc2be-deb2-4162-ba4c-e16b18be3514,2026-06-19T23:25:35.684933,AL,unverified
44e0f6b6-327c-409e-b2f3-9101811d2767,2026-06-11T05:01:56.207548,GH,verified
52f1fb0c-0f12-4f9c-a143-e762a0e65a15,2026-07-14T10:42:06.224632,GR,verified
5b68f375-0993-4b48-8f12-567a45c1c76a,2026-07-24T16:08:06.652814,EC,unverified
e7b3f62c-38b9-49f3-9e21-e690e091054a,2026-07-18T04:54:58.945432,SZ,unverified
b6cc4c15-fd1e-42f4-9cee-566f20bd8315,2026-08-20T19:32:48.054972,CU,verified
c9afe59f-3c7f-4514-b4aa-837d1174c6c0,2026-06-27T19:43:24.424406,BR,verified
bf99d61b-c7d4-48d7-8c2d-a8e440d7b6c4,2026-05-29T14:21:53.565585,MR,unverified
8843a012-79ed-48ab-9a0d-896f16e77aad,2026-07-20T16:29:56.383117,BA,verified
69be7406-1acb-4e3f-a07c-6d076ae29df8,2026-08-23T03:33:50.717408,IE,unverified
9fa69e94-d192-43e2-8d40-4491f6175f0b,2026-05-29T03:42:20.417010,RW,verified
52d39804-5401-4e49-aaf1-054681009e51,2026-07-01T03:05:41.383601,BS,verified
23666c77-46da-4f7c-a5dc-5ea560d93edb,2026-07-09T06:31:16.956590,IN,verified
06349980-499b-4855-81fe-8c9b506e429c,2026-08-21T20:15:12.699102,MH,verified
08d190f0-c844-425f-aa66-9cd3c6c49944,2026-07-31T09:24:58.853649,UZ,verified
e0bc6342-f60a-4907-ab34-a0b6bfd63595,2026-07-11T18:09:24.360246,ER,unverified
d0d30c25-f6d3-4abf-b8f0-ab7725bbd7b9,2026-07-18T01:13:01.186065,IS,verified
169b3c88-d165-446d-9b7f-f81253f70e22,2026-06-17T15:12:23.133850,IQ,verified
4f091fed-547d-4373-bdeb-4b438f824313,2026-06-27T21:39:24.042701,KZ,unverified
fc2e8b6b-2e02-4e7a-ab4e-e407469f4309,2026-06-15T05:26:17.456893,SG,unverified
262eec67-e89d-42ed-af45-7fbc97256fe7,2026-06-10T19:52:02.859750,MV,verified
6cc96062-e4a5-422f-abc1-eb3ca4f8afb4,2026-06-19T10:07:10.077712,TO,verified
413e3bd5-8314-473f-ae6b-5473db7ee87e,2026-06-28T19:27:24.334304,NO,unverified
554e5d45-1599-450b-b53d-d29eb53ddc2a,2026-07-22T02:30:50.809595,MH,verified
ad34e9b7-8cac-4861-bafb-85af4b9e76d8,2026-07-02T03:29:37.094892,BD,unverified
d7e3b346-f515-4ab3-8680-5cbda15ad93f,2026-07-07T13:44:42.677150,SK,unverified
1abd256f-172b-4f91-9696-3c9cc08c9c3c,2026-08-14T03:05:04.106040,BB,verified
0ebcbba7-e426-478a-ab45-53257a871c2d,2026-08-08T09:51:14.241633,IQ,unverified
a42b4b48-3b75-4414-9e06-ed085c5dc10c,2026-06-01T08:38:24.416527,HU,unverified
4b8f6e66-cb6d-4fa6-858a-971b32d1ce2d,2026-07-28T08:41:14.643572,JM,unverified
78e6606b-8cb8-42ff-99b4-b621ddfaabeb,2026-07-06T02:11:22.412391,BO,verified
7ca95e0b-05a9-4b7a-a576-59d47a4af840,2026-07-20T23:07:06.688945,VU,verified
6a731a05-feef-4f98-bb0d-c10977e7d45b,2026-06-18T23:21:33.725016,KH,unverified
fb9ada54-c27b-4109-b1ed-795e16188cf6,2026-08-19T13:32:20.158193,GD,unverified
e48df389-0201-437a-a431-e81c205166f9,2026-05-29T03:29:31.185799,PA,unverified
5f09fda0-8b1f-453f-8d52-ab2f5f792de5,2026-06-09T15:31:15.175600,AT,unverified
ae4208f1-7997-4495-b548-0dce6261efc5,2026-06-22T18:51:24.478698,VE,verified
a02f82c5-3adf-4760-923d-65909e60a2a7,2026-08-07T14:32:37.715569,TW,unverified
f59e3be4-0de3-4afd-ae7d-a15ceaa2eabe,2026-07-05T15:33:44.083697,JO,verified
9f5b5150-e361-486d-9344-f4ad28df80f6,2026-08-13T23:16:03.468087,GR,unverified
56a2496b-94df-4562-ad6b-2012f1133a17,2026-06-07T18:09:41.511096,TL,unverified
86dc84db-aa57-4721-bef5-7951f220ab04,2026-07-14T22:51:11.059737,MX,unverified
fde367f1-236f-422e-9429-f8a343fc97b7,2026-06-22T11:31:49.246082,JM,unverified
7aead30e-61ba-49d9-8066-b7ce1400409d,2026-06-11T14:14:11.004869,SE,verified
dcefd77a-5f38-4b09-9afd-039ee1865f6c,2026-06-12T05:31:42.482163,MN,unverified
c9ad1f6c-f613-4687-a722-8ce64efa81a3,2026-06-27T00:20:38.752922,NL,verified
d4961ff2-fe0c-4a6b-936d-b2bbe2c60c17,2026-05-30T04:35:13.994774,CD,verified
69a60c7e-e871-4840-8f6d-8e14e17ba8cb,2026-06-24T14:07:59.372443,NE,unverified
8eac3088-8b2a-4b8f-9636-b751295336f3,2026-08-16T01:12:32.399379,BT,verified
7d10f409-c5ee-44bb-aae9-c7a014300fdc,2026-06-22T12:29:21.430142,IQ,verified
285918c7-286f-4c65-b4d2-a59520aa3376,2026-05-27T10:14:04.461930,SD,unverified
c274cfe4-7786-498e-a583-14716fb11b80,2026-08-01T13:52:50.618355,CH,unverified
16887f00-e38e-4714-bbf0-5cd24cb7e1a0,2026-07-09T07:06:54.114343,CL,unverified
c3f63f85-d064-46a7-9961-921ffd16bbff,2026-05-27T00:51:31.079138,BO,unverified
4f58333b-f4ca-4ddf-a853-56df3f2b3abf,2026-07-23T18:40:37.900884,BE,unverified
2f571773-abf9-4445-bd71-61524f2d71f1,2026-07-20T04:11:58.117215,TZ,unverified
cac82aec-750e-4910-93ed-0cbe75522234,2026-07-18T19:35:24.658696,GH,verified
43e9d47d-a1d3-4e4b-a0f2-84ae1dd2f9f6,2026-05-29T04:10:43.899128,MR,verified
4556bdee-e3d3-42b2-a54e-171b4171b681,2026-06-26T18:02:43.035325,UA,unverified
488d01c6-0c3a-4804-b9d3-9eb05ae11489,2026-08-09T21:52:25.490498,YE,verified
9017ac45-272c-4d29-b9a2-bfb953f29d1e,2026-06-10T19:46:01.741753,US,unverified
c25e4f7d-aaa3-4ea2-85bb-90c5ff2e47b6,2026-07-09T08:11:38.388337,EG,verified
aa054929-1a1b-4858-b4f3-acfb0ad73d57,2026-08-19T07:49:37.027472,AL,unverified
ff995018-53f7-4106-a0f1-e77c3b82d9af,2026-08-08T11:25:00.499708,HN,unverified
5198241e-62c4-49d0-b666-b50d7ead0622,2026-08-09T04:21:18.692712,LA,unverified
01c1d823-0876-4968-9c25-acb681cb803f,2026-07-29T21:03:56.357455,CU,unverified
fad33e89-37bd-4b6e-8eb1-0b7568250d18,2026-08-05T16:22:42.986756,AE,unverified
b65c584d-5a4e-4a6a-b778-fe470235c7d1,2026-07-18T10:16:11.223282,LI,unverified
1aabfa92-29d1-426c-9019-88587454b66c,2026-05-26T18:02:44.638732,HN,verified
f210b859-5371-4823-9853-f71732e549c3,2026-07-30T16:22:55.657094,TN,unverified
d003e26b-e314-4abe-8b33-939462858bbb,2026-05-31T04:41:28.674195,ZW,unverified
05e0df51-2957-4930-8f7c-711f4cb3a83d,2026-06-23T20:46:40.519959,LV,verified
8f22d414-14ac-468a-9f20-82256073cc7f,2026-07-18T13:28:45.397804,TM,unverified
285e45b4-479a-4220-8758-1d544d450bb9,2026-08-07T13:24:55.306828,BR,unverified
b1d3ec7d-dad0-40a6-a984-a111b88314c6,2026-08-23T18:39:17.856985,MX,verified
45be7941-4c11-455c-b7e8-27d641036758,2026-06-30T21:06:26.235946,GY,verified
98b29382-dc3a-4443-8e71-6464ad7562db,2026-07-26T00:40:09.505916,GW,unverified
7ca2a424-9299-4eea-9ad7-9d7b6b876f62,2026-06-28T11:42:51.258615,KI,unverified
08d13da8-8e07-4ee4-8eaf-c8014286fcc8,2026-06-21T14:28:29.846912,FM,verified
33e76799-089f-400f-9ebf-8d9057080cde,2026-07-10T19:28:02.392834,PY,verified
f84a8fc8-eaf7-4eba-80d9-b3e074b55d14,2026-05-31T12:40:18.366999,LA,unverified
7e3bf499-c3c7-4ac4-aea7-53189f69eb3e,2026-07-03T02:56:32.929952,PH,unverified
c0c81849-ab54-468d-a7bd-0f564f440dcf,2026-08-10T01:03:37.708117,AO,unverified
591bf0b3-139d-4fae-8f50-9f008b536b79,2026-07-12T15:19:16.282202,ML,unverified
d57b56cf-6e83-4cbf-b1a4-085c17ebd55b,2026-07-09T15:50:56.272382,CI,verified
73ef1203-2257-42b7-89b4-f8e2159e9b28,2026-08-01T03:37:53.020404,ZW,verified
0e6086a0-3a70-4947-9c28-d0279786f68f,2026-08-10T12:23:27.787709,SZ,verified
65cd439c-8a59-4621-9bad-909d32c93969,2026-06-11T16:32:22.245118,AT,unverified
9d3a1997-2821-485a-8f6e-1a76d46c86ec,2026-06-15T23:25:12.417692,YE,verified
0f1643df-4a1c-4fd7-adff-df0f2201ca85,2026-06-23T23:05:38.813078,QA,verified
0fdd1071-1bed-4608-913d-f1dac5ddb5ea,2026-08-09T17:43:12.703824,MN,unverified
8874840d-ac2a-4674-9801-0da04a6acb9a,2026-07-09T11:31:53.892536,DK,verified
21561140-6b35-4220-b21e-c5aaba21cb78,2026-08-06T09:59:59.326191,DK,unverified
50887170-27f8-45ae-8734-03f42925d7f0,2026-06-29T03:10:13.701954,UZ,unverified
01643fd0-117b-4488-a9ab-929de221a7f1,2026-06-30T09:17:52.008931,GD,verified
dcbcb6fc-c6aa-40b7-9b64-452aee30a849,2026-07-14T06:36:13.994867,BT,verified
532a450f-1dc2-4f8d-aa76-4a375fefd901,2026-07-28T08:11:55.530626,TW,unverified
d6cb4be6-31dd-4b7f-8872-cefbd77a5838,2026-06-20T16:42:57.777126,CY,verified
7c2966a1-64d8-446b-bb49-82e1aa63ca2a,2026-08-20T23:13:52.779651,NZ,unverified
d2bba2c4-d8a6-4466-a691-a87e426c06c8,2026-08-19T12:40:27.696468,ZM,unverified
fa2f4b2b-2d78-424a-ac64-5c386c31f9f5,2026-07-01T07:45:18.232847,BH,verified
280f3203-49c0-4ee5-be44-6ad20996e57d,2026-07-30T01:55:46.075286,SZ,verified
34fceae4-41ae-44a3-8879-9166b32ad4b4,2026-07-18T03:51:34.710239,MU,unverified
5e9dd832-e1ed-46db-8ac8-25434f5335f1,2026-06-10T04:33:18.747077,GR,verified
efaffcf3-0a12-465e-876c-3452b85fc732,2026-06-09T21:33:53.204312,MK,verified
4157c239-7df9-44ee-9c25-6c8d684b93da,2026-07-02T02:42:25.332918,TN,unverified
d869bd57-d146-4c72-9426-8f3daf1e06cf,2026-07-18T04:33:20.907668,SY,unverified
a46f7089-b96c-4fb5-8bd7-016753efdc4f,2026-07-03T13:59:58.342999,MT,unverified
db74304c-7b62-48f6-a75e-8787de1c9d2b,2026-08-02T12:50:58.488042,AT,unverified
94d79f09-07cc-4a39-95a4-e76f889f4e27,2026-07-29T12:05:12.830345,CN,unverified
0b885f9c-9d94-4b53-9286-109bd0f060b5,2026-05-26T22:28:20.766300,NA,unverified
5686111e-2a5c-42e9-bb43-ab8869ebbfef,2026-07-01T09:49:33.696006,PW,verified
98696582-53af-43d7-bf75-81220f7d56b2,2026-06-05T00:22:14.730582,MW,unverified
33fbb458-4ce1-4af6-b090-05b180ff2722,2026-08-17T17:39:38.574588,GE,verified
142f2613-abb2-401a-818d-2eef18f12721,2026-06-04T01:02:04.348861,RS,verified
12a0ed7d-fe63-4a1b-8e2e-982d354f32d3,2026-07-18T14:52:50.763562,GA,verified
e85425d8-da57-471f-8257-0a8da6c2a4bc,2026-06-17T09:12:14.162406,SV,verified
efdbcd8a-f59c-44ea-bd8a-3bd1f8b68592,2026-06-12T00:24:27.316395,TT,unverified
4ebce8a8-2302-4594-a699-ab1c1c203cc0,2026-06-27T23:31:40.933251,RU,unverified
0ec6cf5b-2691-4563-90b6-5e5a8c1f16b4,2026-07-31T04:12:09.501500,UG,verified
17c88624-837b-4988-8c37-e02fe5e1800e,2026-08-19T13:58:20.275180,SA,verified
4c4cb573-0df9-460e-ab86-639643e4d433,2026-07-11T08:03:59.449484,CR,unverified
df39fc91-06ce-47c6-8f0b-6bbdee17d7b2,2026-08-05T22:40:33.128573,MC,unverified
0cf349b6-0416-4e6e-8f1a-a6b75ad3b007,2026-08-04T04:57:01.008921,MN,unverified
cd600ad3-f546-4e84-b959-c45092c515d9,2026-08-10T23:34:19.060246,SB,verified
1da9d6c9-7846-48ac-a43f-41dcfcfebf4e,2026-08-10T08:31:40.293710,LA,verified
ad2385aa-3559-42c1-b751-faf4af95b679,2026-08-12T05:24:12.374440,IR,unverified
1393eb8c-7e07-4338-a8a2-f8055b4c0a51,2026-06-19T23:07:53.728950,BW,unverified
dee92f18-2cd2-4a9e-b007-b3bc3965af2d,2026-08-03T08:15:30.691223,NR,unverified
596a561e-c5e0-4259-80ea-44851c585127,2026-06-10T15:37:29.479914,CA,verified
59d4521b-a1e2-43c9-b8b0-167efbfb36b2,2026-08-14T20:55:54.967156,VU,unverified
e28faeb3-c3ea-42dd-8970-84c565d47861,2026-08-20T06:13:57.965625,ST,unverified
e531c483-dae0-4870-88f3-d4b86e9fd4cb,2026-06-06T05:00:33.191009,PH,verified
98fcfa23-c0a1-45d2-97c4-a3ed4603f0d7,2026-06-12T18:37:30.994343,BY,verified
0334063e-6e52-4fd9-98cd-02db65322199,2026-07-28T09:15:33.213052,JM,verified
853c785f-0709-4158-9575-5c00c5e001a9,2026-08-13T18:30:49.752249,UA,verified
b2a6e029-df9c-449a-9b8e-42d296a91da7,2026-06-29T06:47:49.677627,TT,verified
3b928836-d019-4f6e-aaaf-fc47ce30dfe9,2026-08-23T14:02:44.144017,GM,unverified
12f8018c-b94a-4b14-83fa-bd64a8c94b03,2026-07-30T09:02:25.929044,SM,verified
5832b5ef-5b54-4ace-a72a-38139f43246b,2026-06-19T18:39:31.623351,KI,verified
73912b91-ad93-4477-bd2a-48aed0d1cf34,2026-07-26T02:34:39.873958,VA,unverified
95fc608e-932f-4bcf-9b13-44514c6711a8,2026-06-01T18:50:08.531107,BJ,verified
e4a7393c-c580-4e0e-8bcd-075b28339773,2026-05-27T13:11:09.141143,CM,verified
f7116f24-bdb1-4323-bb14-5acc5aadf4f3,2026-07-28T05:01:43.105604,SR,unverified
2f6b08ae-f050-4f69-8ddd-7bbe66a629e8,2026-06-30T07:27:37.230199,VU,verified
95af9f10-01b2-45f9-943a-5a381b5656a4,2026-08-08T21:55:56.722573,IN,unverified
be46492b-600b-459b-9a51-95d196e3827c,2026-06-05T14:42:17.779042,LS,unverified
4d25f42e-7308-495b-bb65-38dfd8f9e6d5,2026-06-05T03:09:36.539341,ZA,unverified
387bcee9-b919-415c-b841-e056e5eaac27,2026-07-18T00:43:38.409626,JP,unverified
557fd2f6-885d-4e67-91ca-0bb8385b5146,2026-08-01T15:00:49.602227,MM,verified
001083d2-803f-48d7-bc68-7b36078e1cc5,2026-07-18T11:02:47.364863,LT,verified
03bc76e9-d1bc-48cc-9288-f98f98538fb9,2026-06-26T13:53:43.880676,IL,unverified
03c50183-d6f1-43c4-91c0-b32851b15cc4,2026-06-22T16:57:39.958182,NP,unverified
38b72d03-407e-4c07-b00a-e8af06d86718,2026-07-30T07:08:15.824469,HN,unverified
d3d18d14-9eaf-4ef1-905a-9e5d29918e79,2026-07-26T23:55:19.035465,FJ,verified
c8992514-eb90-4188-bf58-8b546b8c25c0,2026-06-22T10:39:41.781935,EE,unverified
0741b26d-fdc1-4e9a-a3fa-d8eb2d35a986,2026-08-11T23:44:59.378926,LV,verified
172cee8b-35e3-44da-9395-b111036d761a,2026-06-09T02:40:15.545742,MZ,unverified
37bb1108-3bc4-48cf-af87-acf47593708d,2026-07-19T06:44:48.144109,DJ,verified
e07223ff-daa5-42b7-9a61-47cc29ce2435,2026-06-19T15:13:50.055418,BS,verified
6cd1d68b-e4ed-4b5a-8b5e-a168b921415f,2026-06-30T03:22:40.158204,SG,unverified
863b2808-9d80-40e9-849d-88a6c973e3c5,2026-07-27T19:37:11.700804,TN,unverified
29c383ec-5f7a-4cc8-9998-dd799db9a687,2026-08-12T11:22:53.542384,CY,unverified
5679cae4-ef59-4f77-8809-4c2ffb144d00,2026-07-20T20:04:50.103920,GM,unverified
b16d80dd-f354-43e8-a583-08658df3bf80,2026-07-11T01:18:39.533417,SO,unverified
ab3568d0-71f4-4f6d-8a74-7ac6642cb78d,2026-06-10T08:20:11.421506,NI,unverified
9974e60f-3094-4443-9d8a-d519ab5e27b5,2026-06-05T19:45:41.114019,BN,unverified
eca246a6-7939-4802-99da-41ade9f97e18,2026-08-07T11:50:33.604643,TV,unverified
3d3e00db-07e8-4d17-8683-0cbe3e9d2b58,2026-06-27T20:56:56.101824,HT,unverified
ca571e94-b16f-45f9-929f-e269a93edaab,2026-05-29T06:17:41.887054,DJ,verified
00a78ae3-70a6-40b4-9627-411e6195fa03,2026-08-13T19:19:06.665034,ZM,verified
4f09a6c6-d6de-4ab0-8aa1-6f4cc08554fe,2026-07-20T06:50:14.673788,UY,unverified
fa3a836f-e5f8-42c6-bec6-44188700e8e9,2026-07-21T07:16:00.893440,TW,unverified
c77daa2a-f0bc-4066-be60-12ab35e5c6f4,2026-08-19T09:17:46.646518,CU,unverified
89819e8f-6fe6-48cd-831c-c6d7fb710205,2026-07-04T05:42:08.704489,MU,verified
e11f5b0e-a61c-46da-89e6-2464fb071948,2026-06-05T15:38:03.829957,VN,unverified
5b79a079-dc46-461c-b61c-8e2dd4faf2d9,2026-06-23T19:00:55.844426,HU,unverified
7df87081-a48a-4d60-a44b-9bb67e6a718b,2026-08-13T22:34:55.709433,MA,unverified
0c465ac9-ed1e-437a-bae9-454bb7e223b7,2026-08-07T22:17:21.752744,UY,verified
0455520c-c836-49cb-b00b-b60bd8a7ee2e,2026-08-04T23:09:15.231017,SO,verified
c275bbe6-e4bc-482b-b821-34aed5ebff7b,2026-07-03T04:32:41.113145,UY,verified
9e711b9b-7deb-476f-bd78-26ec1aed48a7,2026-07-20T19:42:51.791775,TG,verified
a9bfd186-8554-4c63-a60c-921cb5250f3c,2026-07-09T07:19:57.941717,AL,verified
a1c02482-0369-4864-a2a8-c37fb9e35d48,2026-08-21T23:51:27.984986,MV,unverified
8cc8674b-8f2a-4fde-ab59-084d366b9568,2026-08-24T06:55:33.941343,PE,unverified
6b58efa7-ce04-4fbf-8d3d-192b700c8860,2026-07-07T03:51:33.219110,GA,verified
99d9ee2e-9ac1-42cc-afcf-ce0a58b01852,2026-05-27T14:50:28.795597,KP,unverified
31abdfa9-666f-402e-8cdb-c790ae777bb3,2026-06-24T13:38:48.212681,KI,verified
462a1cb5-4a17-443b-ad1c-4a799fb6af46,2026-08-18T18:13:19.222613,EC,unverified
1417e3b8-efce-421c-a50e-7f7fa9ee2dc2,2026-06-07T19:02:32.446313,BO,verified
619d6816-9395-4294-acbc-735f967c5d01,2026-07-24T05:35:49.758164,EC,verified
52382cd0-f81a-4c3c-90c5-9ef8fefbdff2,2026-07-02T16:42:24.737837,UA,unverified
f560dca9-59f1-494a-88f9-b2129b36fab1,2026-07-31T19:56:46.770834,BA,unverified
45a886d4-0835-46a5-94d3-466a908a368d,2026-07-12T12:29:13.655630,KZ,verified
1af44297-7337-44e8-9ec5-b057aea1c650,2026-08-02T20:49:16.913131,DZ,verified
24cf02ff-ff0f-4ae6-a387-fbf10567f3ce,2026-06-19T14:23:39.917488,DJ,verified
7e0069ce-6219-4c4c-b11c-b40291afdf83,2026-07-20T12:49:51.185045,NO,unverified
f1016b61-8b33-4b5a-aeb4-5e05d119d5b2,2026-06-12T16:20:46.840402,TH,unverified
81152fbf-f72a-42f1-ba73-ecdf03878295,2026-07-15T07:19:06.453346,NR,verified
13ec1785-3a4e-4a6d-8a20-5d12f98f85f8,2026-06-26T00:30:11.760993,SI,unverified
4d55af67-6e37-477e-a6df-bd4be952b83b,2026-07-07T09:48:07.632848,GD,verified
b0f6740f-d02d-4cf6-b09a-e3191df9e7ca,2026-05-26T19:47:29.278131,EE,unverified
574b5a61-333d-4fd0-8850-4d5675862134,2026-06-24T11:27:04.559042,FI,unverified
21eafe88-bfed-4aa2-85ec-87a63c695eea,2026-07-20T07:01:45.820711,ME,verified
7ac56a76-55da-443f-9f59-1761eae346ac,2026-07-24T22:28:37.987963,TG,verified
869e0298-49d9-44d7-965b-3f7191b48a7e,2026-07-01T20:05:43.499940,NR,verified
b62f13f3-2e11-477f-a625-fcb954d7acb6,2026-05-30T00:03:32.610098,KH,verified
6d1a765a-81cd-4ea9-8015-e82a694e1a3c,2026-06-18T07:34:30.843715,IL,unverified
1350d748-f44a-4c74-b8a6-4e0660090008,2026-07-16T08:26:26.968441,SE,unverified
f98781f7-3f86-4b2d-ad37-253f69d4d289,2026-07-22T23:05:58.616387,FM,unverified
fff2c645-962e-4c2c-a189-4d907aa62c31,2026-07-20T13:52:59.450911,TG,verified
19d5c8da-9ca5-4719-b4d9-1243bbb40a79,2026-07-19T01:30:31.600219,AZ,verified
b4624fa4-ec74-41fe-b9de-862c9afa6273,2026-06-16T11:22:09.187671,BG,unverified
d8f3ccd3-5271-40b9-aacc-a33577282c1c,2026-07-22T06:01:22.406202,PL,verified
c96f3d5f-b3b5-4ce4-b8f7-41437987c96e,2026-06-27T04:50:30.354760,BH,unverified
d7000c4d-1c1f-4d6b-8d35-0431194086a9,2026-06-23T13:10:24.713611,AM,verified
77946c85-a3f1-4e6a-80b7-4679cc005d97,2026-07-13T02:26:26.610423,JM,verified
0576c2e9-f855-4a3b-aa46-9065c87a9c0e,2026-07-17T01:23:26.962597,BB,unverified
927dae92-ba45-4038-818f-5a0c8d893886,2026-07-31T07:18:41.649926,SR,unverified
353bca0d-a280-401b-ae0b-ff9b8c8cf907,2026-07-08T23:18:38.659365,MX,unverified
b8f58e0f-7f6d-40f9-9f37-7d9b408d64f9,2026-05-29T06:43:03.998952,HN,verified
bec80cbc-1bac-47cc-8c62-f1eca22e8fc1,2026-07-17T19:50:03.109184,CV,unverified
0cb67c6b-1196-4e2d-8596-86d9b4ec9ebe,2026-05-27T02:09:43.575819,LB,verified
52f33675-0c32-4b4b-b638-d327db56d155,2026-08-18T11:52:44.316153,IN,unverified
8711ca64-1297-44ca-8a77-8adceca586c0,2026-06-10T15:04:33.125858,BG,verified
ac56bf1b-4311-48f9-8749-eee5594f14bd,2026-06-05T10:34:20.287085,KN,verified
6266031a-4edd-4e63-b1d3-416e4370f322,2026-08-08T14:10:58.139571,VN,verified
a7b0c16b-d082-4d47-bcf3-19085b840173,2026-07-06T12:19:06.929379,RS,verified
32208d60-3641-48a1-a583-ea1d424c6134,2026-06-16T01:25:56.339324,PT,unverified
504fa5ea-f0f1-4b4b-ac90-d68bc35be876,2026-06-02T01:20:06.219249,IL,unverified
72bb4c2d-573e-48e2-aa88-22f10c0b07f4,2026-06-14T00:38:02.881600,VE,unverified
7e34debe-16d8-4680-a922-4356dc88b004,2026-06-22T22:49:32.720294,MW,unverified
1c1fb272-0dea-42ac-8ac3-75d895f5b6da,2026-08-06T19:08:33.774248,GT,verified
c0caf686-9494-4f19-88eb-26f4433f370c,2026-07-26T22:13:40.699708,PL,verified
aab9c6c3-8d53-46dd-90c1-a1aca63fc092,2026-07-10T07:12:51.509697,KZ,unverified
ea7fb10d-c888-47b8-b547-4dad85d7fc47,2026-07-09T15:55:02.824112,ID,unverified
92411a0e-d796-4543-8352-5608b8cfd19e,2026-07-08T16:57:35.157850,BI,unverified
48709d9d-9f12-48e3-acca-0781f6a0f7dd,2026-06-13T19:28:29.738784,VE,verified
b4c3e997-7765-435a-929c-28d78fade3a1,2026-08-11T03:58:11.790572,IQ,verified
4319f6a5-958a-41b4-a5ff-1f6e11294f5d,2026-07-12T19:09:08.868968,IR,verified
3af54945-50d3-4523-95fd-708544e4211a,2026-08-08T20:53:13.021320,KN,verified
ac5d8613-7091-46f2-9c14-3457db9e3464,2026-07-02T03:12:55.976342,KE,verified
2599ab70-da1b-43e6-9ee1-9de25cf031b6,2026-07-18T01:46:17.637895,FM,unverified
3d7ffd1d-c430-4a2b-a336-9a76d3c1f41b,2026-06-24T06:13:53.336086,IN,unverified
75321c1e-9ab8-4a83-92ee-d543888f8720,2026-08-05T20:31:21.892796,CY,unverified
23faf872-aa2a-424d-9e56-b2a2678be6a2,2026-05-30T21:00:24.586076,AO,verified
bfc26454-975c-4cd7-a0f8-66afd8c288f4,2026-08-13T14:47:06.031801,TV,verified
61fb66e4-5619-40e2-a705-7ad2e51e182f,2026-08-22T03:48:09.655720,VA,verified
16ec4739-21a4-477b-9e12-d74d19d18014,2026-08-16T10:38:47.727063,BW,unverified
4adff261-0af8-48e1-936c-d759aa26a9e2,2026-08-21T16:09:50.271238,HU,verified
4ed06ee2-5d16-4331-91c6-611fa4130352,2026-06-09T12:51:00.387149,BG,verified
3b5287dd-1435-4e3c-a014-7674c1f7153f,2026-06-09T12:11:09.252920,BI,unverified
e856eb17-46dc-4473-88bb-9db198552443,2026-07-30T21:58:08.259378,BR,verified
bfa63d98-2268-4ee0-8145-fe21463f702e,2026-05-27T13:08:58.720789,CR,verified
d693eb25-f0a6-4803-90e3-79bd81761beb,2026-07-22T21:31:24.350969,MN,unverified
4d3a4425-63b4-4861-8e3e-4f2c5a6bf45e,2026-07-13T15:29:06.103355,UA,unverified
690b2925-0762-4080-8756-a7c632c2d1cf,2026-05-28T09:58:00.183829,FM,verified
8a1db239-e445-4385-a45a-2674b0173871,2026-08-22T04:27:22.609551,BE,verified
5f9cdf1a-fa4a-484c-9b68-f75d0d7dbb25,2026-07-31T11:01:10.161597,KP,verified
8bf9a612-fbae-4407-92cc-dde0e859107a,2026-06-04T05:47:58.230852,BZ,verified
716a0080-bc03-4df5-bbd2-cb2b72d3b020,2026-08-07T00:13:05.606763,NL,verified
3582fcc7-7b57-41fc-8d9d-121c6d925fb3,2026-08-14T13:06:23.684157,RU,verified
199a47bd-eacd-4ea9-858f-22b306f738d9,2026-08-17T09:04:06.475152,CL,verified
823f8b9d-c6fd-42c4-915e-9285ec624919,2026-06-22T01:49:24.099205,SK,verified
e82d52bd-5cf7-482d-9f49-4e2d733b4df2,2026-06-17T10:30:34.760904,KP,unverified
70c9c749-90c5-4508-9489-c250c1838841,2026-07-21T06:28:09.186859,MX,verified
77da4095-857a-464d-8670-1df439fe5579,2026-08-12T15:17:51.210745,AT,unverified
348433c7-234e-4e3c-b2d7-eb17e9f691e3,2026-07-20T16:58:29.506350,BW,verified
acc32848-e728-4669-9081-79be02ec3488,2026-07-26T07:44:42.095095,SR,verified
c768b4d1-c473-4576-a362-e1490295e8a6,2026-05-28T06:41:27.785222,NA,verified
6af65863-c36f-471b-9c34-855d0c2f8363,2026-07-28T08:59:22.321135,DZ,unverified
b9318b28-faa0-48bd-bdfc-4f1e4b93b53f,2026-06-18T22:36:12.080885,UZ,verified
f05b4e55-5497-4eec-b516-cea40eddb772,2026-06-26T22:49:29.315542,LB,verified
8ec47ca4-5065-481f-9a68-14105598fed6,2026-06-25T02:13:47.775063,MY,unverified
78c1c388-9938-40b0-8f18-7a4221264297,2026-06-28T11:36:22.518589,ER,unverified
5ada2c69-55a8-4ba5-a335-2db3dc439020,2026-06-23T04:05:21.618722,MY,verified
47878940-d493-4007-9b47-fc493243aea0,2026-07-29T19:08:04.454825,KW,verified
4b8a3197-7fef-49c9-bad0-bdb1e60b86e4,2026-06-18T15:48:12.979794,GM,unverified
4afbc261-b9d0-4941-8e3a-f5853050bfef,2026-07-17T23:31:23.672633,LR,unverified
fa31db9a-8013-4336-83b8-37590ccabc51,2026-06-19T20:44:28.882349,PW,verified
91e8b08f-16a3-48e8-b27d-9bc8478fa825,2026-06-04T21:12:19.928811,AF,unverified
7c539a8f-57c5-4cb4-b865-c46863b776b5,2026-06-11T04:05:29.047058,WS,verified
bbd5e933-7fe3-49e6-888f-c4303281eb27,2026-06-02T11:19:59.537461,JP,unverified
f8154245-9537-4ca0-9922-77af46f61218,2026-06-03T06:14:25.474396,TO,unverified
1c8ba831-829e-476b-8307-14d16fce677a,2026-08-21T02:19:14.442017,AM,unverified
c1dfc0be-a86f-43eb-adfd-ca4f39121ee5,2026-06-15T18:59:10.369148,SN,unverified
c4d6a5f6-088f-4ff7-927d-dbbdb79195c3,2026-07-29T10:57:55.007687,AF,verified
b13a88df-a246-4f99-8d4f-64b2b8c55220,2026-08-12T09:57:53.958227,MN,unverified
106be843-48de-4e26-a676-ca80f8ee6286,2026-08-22T18:19:12.122381,TJ,unverified
c94cbe3d-64dc-45ea-8ca9-a5ede3c002cb,2026-08-17T08:23:23.654261,DE,verified
5f23672d-cda9-49ae-bd8c-cf5fe3406904,2026-08-05T16:47:15.500120,MH,unverified
992baaed-942e-4e74-adb5-dfd7b8ba29b0,2026-07-26T12:36:05.994142,PL,verified
a7cb365a-ce51-4242-9af2-87bb6ee686bc,2026-07-02T10:52:18.015381,GW,unverified
d40e5de7-a1f3-426e-aae3-0e66a662d2c2,2026-08-13T13:35:08.475234,PK,verified
47960b9c-0441-40e2-97fc-fcb8f20ed746,2026-07-06T14:29:11.807935,TZ,unverified
d95d885a-12f3-485d-b1d9-c9e271612083,2026-06-13T00:58:52.875852,UG,unverified
3b6671f3-cf8a-452a-953d-35b56e3720fd,2026-07-31T08:50:34.627683,AF,unverified
8ed11d55-1b7a-4626-859e-b9557bb78a3d,2026-07-29T10:06:21.582319,CL,unverified
f2685156-2d14-487a-82ad-e9ffc1bd247c,2026-07-03T05:56:35.894683,LB,unverified
40b21e59-363b-43c6-813c-a63a8473b1ae,2026-07-14T14:09:38.309581,GB,verified
2cadc897-1374-493c-bbd5-08e637fb1df6,2026-06-22T03:54:01.133753,TM,verified
654aebc2-569a-454c-929a-3af4398a8598,2026-08-03T01:41:32.967455,SZ,verified
f1a1f338-e367-41a4-a1ea-b413198830c5,2026-06-05T01:48:20.146118,DK,unverified
c1925d45-289f-49c6-9d10-134ceaf00cef,2026-07-04T04:28:28.655087,ME,verified
6edb7df5-ef04-4bab-a7d6-8a567ef86afb,2026-07-15T18:19:35.243076,WS,unverified
bac8635d-4b43-4006-a89a-a46db4e15d18,2026-06-21T12:57:50.135025,RW,unverified
aea9a3a6-a015-493a-9767-804136607ac3,2026-06-11T06:12:38.008678,FM,unverified
03ad8147-78a2-4088-b85a-a0f794af3812,2026-07-11T04:54:39.494931,FJ,unverified
430d27e6-5e2d-4f9e-b9d1-5460f2e2fd9c,2026-07-25T11:13:19.507481,GN,unverified
dd16757e-f0ce-47d0-aff6-f5d5a9a388de,2026-07-21T14:02:57.938322,IE,unverified
5bfb6093-0d6d-4f81-8b78-389f10a09445,2026-07-17T18:32:21.975847,PL,unverified
303ca4a6-06ce-40c5-9bd1-fa75cbdaf70d,2026-06-04T16:37:18.308985,SR,verified
4932dde7-cb73-4961-9eeb-d39eb2d0b5f8,2026-06-04T08:54:14.855233,VC,unverified
98508c10-b38e-4c41-a370-c02c0d931926,2026-06-05T03:43:22.925283,AF,verified
ca522dff-0af3-4bb1-8c61-7f179961e833,2026-06-26T19:47:16.949541,MH,unverified
c906af08-1ae0-4066-9ddf-7094c7b074e2,2026-06-26T10:41:59.345683,SR,verified
11defe58-9d15-4a6c-8649-ccb56b28f85f,2026-05-31T18:27:44.181262,TM,unverified
1ec7829a-5543-41e8-b685-3448688e8322,2026-05-27T13:14:08.809246,IL,unverified
c64712d8-3c78-43e5-abb1-4cd6ff1f0bc3,2026-07-20T19:16:44.778155,MN,unverified
42b0db93-7a4c-4e4f-99fd-50fe63c84596,2026-07-05T20:33:19.804561,BO,verified
6b068dcc-870b-4339-b2fc-157e35c0db9b,2026-05-28T14:16:50.871028,TM,verified
d6d9985d-613d-4203-9d49-e0ee189cc27b,2026-07-26T20:22:51.933951,CO,verified
f5c67418-0fd4-4597-abb9-461518f8b704,2026-06-27T23:19:49.420694,FM,unverified
d2b9dd67-fb3b-49e6-9557-0c424d5d7cf6,2026-08-22T10:51:53.647963,ZM,verified
504ef225-f608-46d9-a7f0-e97a0a76ff6e,2026-07-03T17:24:33.759580,SI,verified
0b7de152-00fe-4db6-9477-24171a51390b,2026-07-31T09:04:07.396343,CM,unverified
57ebe2b1-fd6e-4d33-9c65-ff3077173d55,2026-07-07T15:29:36.883413,NZ,verified
c51c429c-0559-4c12-87cd-9ddc25001f2f,2026-06-22T02:39:16.692630,SK,verified
09eb974a-f39f-4587-b8df-85061e1d9154,2026-08-15T14:27:11.239269,EG,unverified
ba5be80e-9f70-49e4-a511-4d1e06ef9b27,2026-06-16T10:52:06.917170,TZ,unverified
387ce9f0-b60e-426b-b88c-6f032ada33c7,2026-07-23T04:45:02.466007,JM,verified
6d121ef3-8b79-45cc-a05d-bc1263d9ad52,2026-06-02T18:51:57.752524,CY,unverified
0919f702-f2c8-4f2e-9873-f343fff1fae7,2026-07-13T20:23:08.003277,ES,unverified
3bf02e7e-25c3-472f-9994-d194f6617b8c,2026-07-19T09:29:51.849146,GY,unverified
4d65ce2d-a219-46ab-b5f5-3b9e58a70cf5,2026-08-01T13:46:36.331536,SN,unverified
4757df02-0564-464e-a0f0-6bf8529c2f14,2026-06-05T17:44:04.482075,PT,verified
4529bee3-adfc-47e1-b9a1-c39105efaf12,2026-05-29T08:43:04.454701,ST,unverified
15c97d98-ab5a-43a0-be13-7b6cce8c79fb,2026-08-06T22:47:44.458816,IT,verified
6f8629c8-a99f-455c-85b5-6d30896127b0,2026-07-03T08:34:30.238972,ES,unverified
5d2bc1a7-e634-47b6-b20e-089011fc532e,2026-06-24T09:09:01.212641,LV,unverified
454991bc-f128-43f4-a69d-50332d16da82,2026-07-07T09:19:37.032629,MA,unverified
61e2e191-f710-412f-82a0-085c7c6f708a,2026-06-29T09:20:06.761210,UY,unverified
2ab634c5-87cf-4a26-934a-46a6a3f5a660,2026-08-03T10:30:58.999276,PY,unverified
7f4ec64c-05ba-421b-91fc-720344ab5c0c,2026-05-29T22:41:21.062417,SC,unverified
5c6ad1c9-c114-4806-af5a-14ff6619c93f,2026-07-05T17:47:35.168163,ZW,unverified
7972608a-5691-4abd-84c7-f4be8cfc0c05,2026-06-12T01:05:37.887808,ES,unverified
8693c595-5002-42b2-8667-116c93e417d7,2026-08-23T01:38:59.621557,NE,unverified
0891b12d-85a2-494b-ade0-ab7d23ff018d,2026-06-01T22:44:16.188490,KR,verified
bb284628-f0f7-4bde-8662-672e80c7922b,2026-08-14T19:31:38.608374,TJ,unverified
73ab7331-8876-4b9c-8c4c-51b2ad3be752,2026-06-19T20:29:34.319897,EG,unverified
a7f13baa-cb5d-4a2e-9c4a-27cae8cafcfb,2026-08-20T19:39:56.299995,GE,unverified
ac186313-5584-4e82-80aa-a219f77f94e4,2026-07-21T21:03:30.038468,BH,verified
84677f4d-51a4-41bf-a7eb-70bd8f506a4c,2026-06-07T03:53:08.930169,AU,unverified
4f660928-a060-4104-bcd6-db664b2626df,2026-07-12T03:44:53.049483,DO,unverified
29455f57-a715-4eeb-a680-fda5aff980ba,2026-06-05T00:44:35.944521,US,unverified
6a7fcbfa-b5c6-4ccf-a038-0902abde4522,2026-06-13T19:39:36.374468,GQ,verified
6f935412-09ce-4a1a-8388-9b68f06ae47b,2026-06-11T11:05:36.367278,TW,verified
12950aec-a17f-4698-b11d-2f239c417172,2026-07-28T12:41:20.602574,GH,unverified
58a75437-5ccd-4e52-91a9-ff1303e5ca38,2026-08-14T23:11:41.755515,AT,unverified
47d5b708-344b-4435-8c14-4cb4db150da0,2026-07-13T02:04:19.950081,CU,unverified
190bb760-07ed-4d9c-83df-c746aad68af4,2026-06-29T18:33:36.014430,BF,verified
8c2fb2cf-9b86-42f7-a59f-f3f1e1cb059d,2026-08-16T09:53:34.979456,GE,unverified
ab8a42c0-09d1-41fe-a0ae-26b81721a62d,2026-06-29T08:22:34.523064,MD,verified
4bf67c21-0264-4fc5-88a9-feae59202fe3,2026-07-20T09:20:55.100760,RW,verified
88c823c8-7c48-49d9-b664-421c7c7f54fd,2026-05-29T19:16:43.870224,ER,unverified
908b254c-8169-4fe8-ac26-697b25e15047,2026-08-18T17:04:44.156877,VU,unverified
8c333e1e-b1cf-4d50-b708-da4f88cfac40,2026-07-04T15:39:58.611375,TR,unverified
c916ee84-6bc8-471c-8836-5bce70ce2bd5,2026-06-28T15:10:23.135033,PA,unverified
9151087c-8508-48eb-9395-00e4cd0ef05e,2026-07-08T20:12:16.181336,RW,unverified
8884dcb5-1c50-4e6b-bea0-282f9d199a9a,2026-06-01T15:52:35.048197,CM,unverified
393e0008-2e3c-4d82-ac95-0e3d1936ef66,2026-06-29T23:53:16.913443,PG,unverified
ef77ae8b-8c00-431b-aa53-94a855778cf8,2026-06-04T12:59:48.896575,UZ,unverified
784067c4-233e-4a78-a337-386cca3ff02f,2026-07-22T09:52:51.350513,SL,unverified
ae3aaedb-4554-4705-b769-25239f62c8bc,2026-06-12T17:16:56.694139,NI,unverified
aedc6757-34c4-4059-9ff9-fa966b6e23f5,2026-06-18T01:15:01.387394,RU,verified
67e71a3c-1934-47a6-96fc-e18c6d85f176,2026-06-30T19:48:16.576637,LI,unverified
f232da76-703c-4492-ac44-b28ec26fa656,2026-06-22T07:11:45.879400,BT,unverified
d60b8fa5-6ebb-42d8-a681-2d04a20fe2ce,2026-08-22T23:50:47.938957,DM,verified
def88bc0-c8d6-43d0-87ca-b383ffe9bd04,2026-08-08T07:33:29.288581,MX,unverified
d6d99bc3-06cf-4f2e-a89a-f59caf67ff5b,2026-08-03T00:50:36.867972,GB,verified
d615a73c-adad-487d-a76f-3bf88fc91fd5,2026-08-09T02:04:14.061694,KN,unverified
9206bee8-d449-48f3-b2a2-0dcbc3c5bd74,2026-07-23T15:43:36.354617,TR,verified
195f70c5-d450-4be3-b8df-c47245840ab8,2026-07-23T19:43:12.839838,VN,unverified
4251d0f3-ad7f-487e-82a9-7780450b85ab,2026-06-02T10:53:36.072956,IS,unverified
320afea7-29cd-46d2-b256-9f25e33942e8,2026-08-01T12:56:40.821720,FI,unverified
e5d7af0e-1e93-4b8f-a7ad-44376518ab6f,2026-07-25T15:44:54.328117,KE,unverified
fc51ad27-8fa6-49a0-be30-d89d9d349c3e,2026-07-12T18:21:00.602274,CO,unverified
668cb730-d361-4c00-9501-cc3651074cb2,2026-07-31T00:12:55.967949,DJ,unverified
d6321ae6-0c9d-483f-a3b9-f857b92a2c79,2026-08-15T13:12:07.576508,AG,verified
1300ab13-a91c-4997-8f78-5376a8068e2e,2026-08-01T22:21:08.295520,PA,verified
96b31819-7a18-47a8-bc3b-db737249fbf6,2026-07-25T19:44:35.155372,MV,unverified
1a354b8a-7197-458a-a614-67284a79541d,2026-08-22T06:17:47.368285,AM,unverified
1689f648-f90e-437f-b48e-a91a8391fa24,2026-05-28T09:47:38.744802,BH,unverified
90a4280c-bc82-44cd-a0ff-b93bd8f38417,2026-08-10T02:13:15.174952,PY,verified
1fda3344-bf24-44a6-a621-945677edc294,2026-08-23T21:04:32.130644,GW,verified
24192aca-ee24-477b-823a-2ea4ca2096dd,2026-07-19T07:29:05.936231,GE,unverified
f8e10a69-5e93-439e-ab1a-d73f00270964,2026-05-28T01:55:09.216901,DM,verified
224ea780-f28d-4b8a-bb3c-08efe8bea3cc,2026-08-02T20:51:21.259470,TW,verified
61bedd28-af47-41e0-91f7-1517e8aac2cb,2026-08-08T08:41:22.770087,FJ,unverified
09efbf39-6b26-45bd-bb85-f58343f6fac6,2026-07-15T20:05:53.457845,LS,verified
d7d0f1ff-c37c-4d3a-997b-02b5faf576d6,2026-08-20T10:54:38.327021,NZ,unverified
0ab41632-7d00-4f67-bb34-e09fdc5b6109,2026-07-18T10:37:15.198395,NP,unverified
add55548-9015-4917-8a28-008a7f02d0e4,2026-08-18T06:12:42.279862,ME,verified
5d04e743-636d-4a69-9b8a-967f0ec2274b,2026-06-08T05:31:42.435999,DK,verified
a27aaff0-59ac-46af-8e72-f18bad9da699,2026-08-20T18:21:16.692648,CO,verified
2de65831-87cb-4bfd-b4d8-032b55fd89c4,2026-06-06T01:35:41.707849,KZ,verified
352fba2f-487b-4bec-8f40-ec95246a32cd,2026-05-27T20:07:33.659199,MY,verified
5225955e-7063-4b9c-be4b-9590c473c0ed,2026-06-03T01:08:20.423553,PK,unverified
726bb185-d340-465f-a754-ee35039660f6,2026-07-11T00:20:31.949702,SY,verified
80ee0c9f-b95f-4132-947d-4917408517d9,2026-06-25T06:51:52.059289,SR,unverified
1ca98809-fb8b-4ce0-b5ba-0d5c820bf6f5,2026-05-31T00:33:48.690759,BZ,verified
037edee3-d0a1-422f-b4ac-b8f857dab20a,2026-06-23T17:39:53.326973,PW,unverified
500283f5-5d1a-450c-8758-18f16b91dd1f,2026-07-18T15:32:27.426553,CO,verified
fd7566a2-558a-4e03-b5fc-07f2828fffc9,2026-08-21T15:54:11.297237,KN,unverified
029a872d-cf6a-4fa0-89cb-6bd9e8834277,2026-08-20T16:58:50.613768,PY,unverified
eabb09cc-8d11-41c0-9eba-0cd5c6fbeaa0,2026-08-07T09:10:01.490642,SA,verified
ba339b85-9684-4cb4-a148-5a3eb97f7e9f,2026-06-29T12:16:38.243232,BI,unverified
bef04f83-1fd4-44be-8a45-2a5ce4e83546,2026-07-23T05:48:36.054954,TO,verified
2fe5c7a4-ba17-4562-a5cf-52a7978b1c6d,2026-08-15T15:54:41.325871,NR,verified
ea967869-389d-4f66-bd22-529f400d6a67,2026-06-14T02:36:05.307335,FI,verified
0f28ddeb-d4e0-493c-a2e0-94e12226ffb0,2026-06-17T16:53:25.415726,SG,verified
dcd160a1-6122-426f-870f-d0fc776c4e6e,2026-08-07T02:22:52.719871,CN,unverified
2da1cc84-2b34-46cc-a2ff-b7875b2dae18,2026-08-10T23:45:29.475506,PW,verified
16237549-17fa-4b16-b8c0-27bb56f04a48,2026-06-20T14:30:45.179086,FI,unverified
e0ac90e2-12bf-4960-b47e-267b21e964d7,2026-08-16T15:03:56.976551,ES,verified
c77434aa-64a2-4c8b-bd24-62344f9f1089,2026-05-29T06:14:11.589194,KH,unverified
445dbff6-62be-4689-bcff-898a9bfe26a5,2026-08-11T17:23:53.017533,ME,unverified
5e30c950-1e89-4aa4-8b9c-008f2bb04a46,2026-08-04T03:00:52.365640,MX,verified
70573da0-07be-47dc-8130-6d4b0a1af55f,2026-07-24T20:38:11.250287,BT,verified
48a0c06d-a770-451d-9702-a9c987ca4d8f,2026-08-20T19:44:11.135124,SO,verified
2c716560-c25d-4261-afb8-f3088bed3c58,2026-08-11T17:08:11.465795,TH,verified
271f896a-196a-4de0-bc1d-ac677ed4718c,2026-06-17T05:19:49.335200,SA,verified
1efa9006-4a4c-4576-8ce0-578ab89d4416,2026-08-01T17:08:36.932128,CF,verified
014e46c0-28c5-4568-83df-4328082e9795,2026-05-26T16:21:21.280094,AU,verified
25bb6805-7c39-403a-8ccf-2263fc3cdb6c,2026-07-07T05:45:08.877847,NI,unverified
526d687b-67aa-43fc-af96-55c146ba2d50,2026-06-18T21:10:06.971070,CV,verified
ff2d84b6-182e-453a-b690-0cac763aa637,2026-07-15T19:25:57.114516,KZ,verified
4b305fea-3d72-401f-9a06-8ff721d2a111,2026-06-03T23:34:05.276449,NP,verified
6d93cd1a-9f39-4f8e-b37f-9eb17ecae840,2026-08-14T16:26:02.763051,CU,unverified
1e0f13e5-40de-47dd-b129-33f960e888a5,2026-06-06T02:27:32.359550,ES,unverified
eccabc6d-8199-42ca-9d61-205f5855cbfa,2026-07-24T19:56:12.815906,NA,unverified
85789835-1d2d-449d-bfe3-ee051911bba8,2026-08-01T18:38:02.348906,ER,verified
6b18a2f0-b6cb-4e2a-bdd0-4e9803e52b3b,2026-06-08T02:48:02.042997,KH,unverified
f0a8636e-ec1e-4870-a43f-dcb046c41149,2026-06-11T06:33:32.983838,DO,verified
7b6b6b1a-4652-4258-892b-100ff66f8b1e,2026-06-15T17:32:27.212737,NR,verified
6fda02ec-d752-4ab2-8cb9-9290f1e91a78,2026-05-29T19:14:44.610784,LI,verified
59846bf3-761a-410c-9106-bd5e16810519,2026-06-17T16:22:40.062513,JM,unverified
417a510d-bbde-4d62-9e87-292995e0088e,2026-08-08T02:26:58.650306,MG,unverified
c7219710-0819-4f48-af24-09fe8fa96532,2026-06-18T05:46:36.817113,BD,unverified
6dc567ce-b5f2-4c71-af36-4b89cd6f4324,2026-08-23T02:55:38.887819,YE,unverified
7ebfcb09-a800-4e41-a3f1-ec638b253acc,2026-08-21T22:23:14.480536,CH,verified
6a637954-3310-4030-b791-049528df1498,2026-08-16T02:01:15.367627,SK,verified
fd7c6083-539a-4e30-a2f6-a23445e1239a,2026-06-05T13:27:56.519432,RO,unverified
ee30c4e0-3cab-48b7-ab19-63c685b2c7d4,2026-05-27T00:12:28.132915,RU,verified
652e5794-04de-42e8-be76-cf77c1210746,2026-08-03T09:50:58.380798,LU,verified
a0b27e54-c8c2-4100-b142-8203a9900ef8,2026-08-11T02:55:18.499939,LY,unverified
cfc2bc3f-7e6c-4bcf-be04-b3027ff647ce,2026-06-16T14:10:25.421110,SL,unverified
f902a963-8ed8-4fe3-ad4e-5a6a1b3bb09f,2026-08-14T05:02:41.902313,FM,verified
ee0eb403-82bd-4ab0-9b42-d66200ba2a7a,2026-07-03T09:58:46.380234,TT,unverified
71d27cf7-64e2-434e-8eb5-c8ae0513fd19,2026-06-12T06:24:26.160699,IQ,verified
442b526b-5174-49c8-81fc-42d7a568880f,2026-08-13T11:52:37.749512,MU,verified
a1678431-3bb7-4fbf-bac2-066074108d22,2026-05-27T17:57:56.325938,BF,verified
b7d6711f-de2d-48b6-a25a-fdde3d1e7588,2026-06-28T06:48:49.502651,FM,verified
ab5c41ee-e9d2-49dc-af40-86254f04dd43,2026-07-10T12:05:25.703995,BO,verified
5dd98899-3744-434b-8e16-f07fb09dfb32,2026-06-25T14:25:59.021508,BD,verified
335c66c3-f67a-4b2a-8078-0f42275dcce3,2026-06-14T14:54:48.764999,MG,verified
31f18cff-534d-4b60-874a-0a6d7c38aca2,2026-08-06T11:37:28.970497,TD,unverified
aa7d8524-dea2-4fe3-a2cd-d44a75586534,2026-06-12T21:46:22.049682,PS,verified
10d5c295-574d-4e94-854d-06e54ca63e19,2026-08-04T13:29:55.435160,SN,unverified
fee3fe71-83b1-4da5-bcf0-5f03175ac22e,2026-07-14T01:12:42.173304,EE,verified
154da5b7-9973-4f88-ab4a-78d8087ef5f6,2026-07-30T04:30:44.806832,AR,verified
8561dfd5-d735-491d-a8e4-8735646689ac,2026-06-19T11:37:20.232683,VA,verified
22d99f38-790a-4f1d-85ce-4c07536ca054,2026-06-08T20:22:46.321899,KZ,verified
7b126112-fe53-4e7b-8c37-f9fc87c96b58,2026-07-31T07:35:51.708709,MG,unverified
ceeb44ec-f047-433a-8458-14be86ea2275,2026-07-03T10:36:42.924828,DM,unverified
cd3089e6-46e8-4a4b-acc2-f45921bd986e,2026-06-08T23:16:02.423030,GT,unverified
9f90a904-7d9e-4680-be21-54be40fd70bd,2026-08-22T04:21:16.651570,DZ,unverified
7e470805-5dba-4481-bfc5-1cd397bb98d7,2026-08-11T10:04:42.833451,TJ,unverified
13fb8ceb-019e-47e7-ae1c-638358f87ffd,2026-07-14T07:13:16.549977,NR,verified
b229a18d-6793-4044-8625-6d8b82c3c65b,2026-06-30T23:03:00.735597,SZ,verified
cbe4db8b-fd8b-475f-b89a-d7061ef183f4,2026-06-29T03:29:25.260966,CR,unverified
5cd78d28-17f4-4238-9ac0-b286bb0f01fc,2026-06-26T12:53:44.915028,SK,unverified
9c63f968-00ca-45a8-945e-4d7e5d4c8e26,2026-06-13T14:10:58.131779,KI,verified
07b845b4-b08c-4349-9731-40ff541fab69,2026-07-03T14:00:00.595648,GW,unverified
dd50ccbf-37b7-46ab-a292-78fea06e62c3,2026-08-18T00:37:10.729076,ZW,unverified
754548be-2428-4000-9338-7a24e128bad7,2026-06-17T11:14:11.005839,CV,verified
76ca8153-ad1f-4bc2-b806-dc53201ad056,2026-07-08T22:33:57.550000,SL,unverified
d69c60bd-e933-4826-bac9-d7d94ce0f627,2026-06-25T18:36:45.296250,PS,unverified
540b2f69-f97e-4795-b3fe-45942f6250fb,2026-07-25T19:18:06.035955,VE,unverified
de33714f-9ac8-4378-9238-9278e4dc5099,2026-06-13T14:16:42.863057,NE,verified
b7c703c2-7c89-43f7-8c30-8e9599fdcd65,2026-06-14T07:52:44.274275,SY,unverified
a19e3332-a6f1-4275-8124-ab1ff895dde1,2026-08-02T03:50:07.408085,ZA,unverified
f6e2a2a9-88a7-4d73-a55f-ee8059990412,2026-06-02T16:26:54.734643,GR,unverified
13cef3f2-4e33-4750-9f03-bad1d3d404ce,2026-06-04T00:40:37.737498,CG,verified
d6c4e015-5d97-40fd-8eba-d2ec4eaa46a5,2026-06-05T07:37:37.612490,CI,verified
48f40e28-292e-43ce-b1f2-c402b557c925,2026-06-12T21:07:19.831414,UA,verified
462a895c-89df-4a61-b384-5efddf1baf88,2026-06-06T07:45:50.180554,FM,unverified
c656a48a-f6b9-40a0-9e2b-daa8ffd070e5,2026-08-15T15:37:22.092991,TG,verified
cef98b52-0286-430f-96c4-78577e14ef20,2026-06-26T08:49:19.429317,LB,unverified
a524b19c-abb9-4320-bb71-1b5c765d6e69,2026-07-08T10:44:44.976471,WS,verified
7fa441ff-d8d1-4774-85c4-c866b6bf4eb8,2026-06-22T18:57:26.798203,CR,verified
6898d0d6-efab-42b1-a20a-35c682d2f458,2026-06-26T05:32:38.734351,BS,verified
66805ae3-e75a-461e-980b-b82fa4305231,2026-07-30T05:27:27.919775,BI,verified
0264a561-0a14-4d72-b604-512163cef696,2026-07-09T21:00:04.650733,KG,unverified
c359830d-9181-4e41-acc1-a0ee30609cb5,2026-08-21T15:36:20.474321,AF,unverified
0bb8b6df-4c82-4852-a73b-d15abe68f237,2026-08-12T03:35:40.743878,PT,unverified
953f5c2a-0ecd-44a9-9bdd-ab20321b375e,2026-06-11T06:50:54.484822,AL,verified
c0654af6-21a0-45c9-a4f1-13a2ab72f284,2026-07-27T11:47:24.278567,MH,verified
d4198b21-dad7-4340-a94d-4b52a6763236,2026-07-04T02:12:51.928686,SI,verified
c38cd896-fe58-4cbf-8619-1137c929496f,2026-07-24T05:11:10.007433,BN,verified
f4d18390-eff4-4859-9347-04cd1d8d0cf3,2026-08-01T21:47:13.005824,JP,unverified
2486aef6-aae2-4c8f-bae6-1213d94b8462,2026-08-06T03:07:52.274957,BH,unverified
d9bdb7a2-0c55-4ba3-be0e-f1a5294f468e,2026-08-05T08:45:52.379005,GH,unverified
19c15044-334c-4b8c-be20-079ced905a51,2026-07-19T07:57:03.812128,NZ,unverified
1c166f40-281a-4dc4-b09a-8a06f44ca2fb,2026-08-21T21:54:25.930837,BD,verified
4201ed40-2d7d-48d1-8b14-5c3ed423434b,2026-07-24T03:55:59.029473,GT,unverified
95892929-dbef-437c-bdf0-4e26e3fb7e98,2026-06-04T22:14:24.613008,SK,verified
c0bb0ae2-f965-44f1-8bd4-92887a03bdc6,2026-06-15T10:23:25.118153,UG,unverified
cbc9c028-b8d9-40c1-b749-ed4b756ec113,2026-08-14T15:07:54.017405,MV,unverified
077966df-580c-467a-96b0-7e6d2bfcae42,2026-06-08T18:01:41.667811,NI,unverified
226d4a32-6d1a-48d4-9f76-297494112b1c,2026-07-03T08:20:02.596761,AO,unverified
99d52007-3044-44d9-bd75-a3ed217a566b,2026-06-17T02:27:18.544123,BT,unverified
55f187bc-b16e-470c-8a22-64edb7dcf3ad,2026-08-21T11:12:13.734374,GH,verified
46575227-078f-49b8-9017-68b1b67a9d57,2026-07-25T12:58:04.219602,KH,unverified
ee6d16cb-2e37-4d80-9938-778493bbe7c6,2026-06-18T14:53:26.665828,BO,unverified
fa5cfee5-8de4-48ee-86d1-fc8917f72cce,2026-07-06T16:43:59.421267,CO,unverified
73be4ca6-db7c-41ca-9235-10c45fd86459,2026-05-31T10:23:27.618409,PT,verified
017029f0-db2e-4ad4-87a3-d87644a3acb5,2026-05-29T04:41:53.194296,TN,unverified
37c5d167-a3fe-4904-8af8-4546d13862c5,2026-06-08T19:16:28.691871,PL,verified
e53a7c40-b42c-44fc-a576-72ca2cd32055,2026-06-17T12:22:53.805791,EC,verified
6e4e577c-f1e8-490a-abb0-6b1996635d91,2026-06-25T15:31:51.151840,CA,unverified
66d6f013-fb56-4845-a30d-1d4ae709dba7,2026-08-01T03:10:22.570755,PL,unverified
1929dbd4-eff4-4151-86dd-1da921eca8b1,2026-07-28T13:22:46.748555,SD,unverified
5d1606f3-d4e3-4f2b-b42e-81a11a784f97,2026-06-24T11:00:48.820661,AD,verified
0eec9557-ad06-4ea3-bbce-589b73370938,2026-08-09T00:03:10.936645,GA,verified
daca1e00-e7c9-46e5-b468-6bef319531af,2026-05-29T09:53:36.021862,MM,verified
41c9a986-94a4-43b2-a113-bc95512dc59a,2026-06-14T19:55:38.633598,GD,verified
5a653d1d-4135-403d-8421-7add0902b4b5,2026-08-15T12:52:04.754894,SR,unverified
828fa518-b5d6-420a-8bf7-d30f5087645b,2026-07-07T12:38:46.725435,CI,verified
c6bbdfa6-7027-4273-9cbf-b7184d6afe1f,2026-06-11T12:36:12.456663,PT,unverified
e238ff46-1c59-42bd-be7a-96211055fd92,2026-06-14T09:59:32.980610,BT,verified
80d44ba9-4afb-46a6-b123-58ce36c7be6f,2026-07-28T21:58:09.809175,BT,verified
d0cc4452-974a-454e-8a8e-431f07f724cc,2026-06-09T18:46:53.708391,UY,verified
13b30f20-5f4e-4bd4-ae84-683a27890685,2026-08-20T18:40:14.004806,SN,verified
56c13401-361e-4a42-8321-dc9c9401074b,2026-08-20T14:32:13.817011,US,unverified
d772e8d3-3449-40d0-a116-4d8f1aa16b48,2026-07-17T15:23:45.492100,ID,verified
ec233998-f669-4214-92db-76972037d050,2026-06-17T23:18:42.653982,HT,unverified
1be54149-e1fb-4728-bb7f-df8af18801bb,2026-07-05T06:00:39.196649,PE,verified
05b13cd4-c98d-4442-9839-6860a6676794,2026-08-09T02:24:16.800714,RW,verified
24dad6a1-681b-427a-b231-5c44db902e5c,2026-05-29T19:17:01.889952,GQ,verified
859700ec-494f-4b06-b08d-bd0faf09eca0,2026-07-05T13:33:31.953121,EG,unverified
b2a2e52d-3f05-4938-863e-5a01e265242d,2026-07-28T12:30:55.955803,TW,unverified
fbbc2c0f-a381-4ce5-a8af-60eece75da39,2026-05-30T12:30:45.537170,TO,unverified
0c866453-bbf7-4d6b-b78d-08a53ae2eaa0,2026-06-08T05:43:12.382309,PK,verified
693c383e-0035-4039-8638-57fc0f572f4b,2026-05-29T22:57:55.235645,BR,unverified
f24dd039-8430-4004-825d-c10e678cdd9d,2026-07-12T17:01:21.764717,IN,unverified
3b9cd067-fc81-4f49-9ad0-26e62ce5f301,2026-07-20T22:04:22.179101,ET,unverified
5a7c485f-8f50-4349-89ba-2d6e1c09e7ad,2026-08-03T13:57:18.378253,MZ,unverified
9ba88050-745d-4b6e-ab81-8ab191e9a8fa,2026-06-10T09:16:31.223779,BE,verified
9fb66897-603e-4510-9edb-c943a67fc737,2026-07-07T22:23:28.392845,PK,unverified
4e814ec3-5c77-4e51-9b4a-1c1a4b402eb9,2026-07-25T18:42:17.273536,LR,verified
ab9e08bd-3b43-451d-b14d-97f9be964270,2026-08-12T19:24:33.459440,MG,unverified
b8cb4444-37d5-47d7-b770-bc39b74dd9f4,2026-07-31T23:53:48.103994,HT,verified
1d667095-abba-4e5c-a915-2e0e538998f5,2026-05-30T01:27:09.745789,MH,verified
1771f4db-f0f6-4877-bc92-12c3a15ed691,2026-07-05T13:38:25.123830,MY,unverified
79dfe122-8778-4715-a8c4-742db310b445,2026-07-21T16:40:18.382342,KG,verified
ec9faf5e-88e7-4b6e-bc03-8759a0f261c3,2026-07-30T08:28:25.334129,SI,unverified
810fae82-8528-4943-9680-657ddf9d8c6b,2026-06-29T04:11:08.685032,NR,verified
543745b7-26e7-4251-a1b9-f0b8a5c2cc51,2026-08-20T03:55:36.865441,MA,verified
7c5b2941-4812-492e-910e-aa88e8440a01,2026-06-19T05:07:43.472997,PA,unverified
9aee0891-bd9a-4544-bfda-34db816c1e2f,2026-07-22T05:25:42.991506,KI,unverified
bc2830c4-ad29-43df-aadb-d613e0bc23fe,2026-07-31T07:21:02.070567,GQ,verified
ceababe6-a1d1-4d16-9ee1-bd228b2fdc73,2026-07-22T21:36:04.522928,ER,unverified
fff6af85-7db9-4c76-a659-26e349fefbe5,2026-06-23T23:58:17.662526,BS,unverified
7a58400c-398e-484e-929d-e1470092d539,2026-08-09T10:08:57.287958,GY,unverified
f2c49809-a0bb-4d16-b19d-ef688467ce13,2026-07-24T00:22:37.137849,MK,verified
1f7d6649-179e-4289-b32d-177598685e22,2026-07-16T01:27:40.417089,AR,unverified
c64c8477-63b1-4b85-92f3-185fc9bf1539,2026-06-06T21:43:17.421746,YE,unverified
b8847f90-a02f-4256-811f-70f7c56a6b77,2026-06-17T01:44:03.721785,AZ,verified
9e0d640e-1e51-4901-9c94-9631abe97556,2026-06-23T16:34:26.641704,NL,verified
c2d395fe-8cb7-4909-928a-c9d4e4fcf680,2026-05-28T10:35:40.685364,SR,unverified
f5379a77-c3c6-4baf-8c15-6fe8178943ea,2026-07-08T03:27:29.703245,ST,unverified
a4ecfb3e-1b49-40d0-9485-25ca2a8f0b4d,2026-07-16T09:06:36.242197,TG,verified
a5612eac-87d0-4b20-8011-4f8e94084286,2026-06-06T04:52:20.436893,AO,unverified
89cf9311-696e-4a53-8d7d-cc2297f527b6,2026-07-13T23:55:55.807068,LK,verified
0e68f4c5-5f84-4b32-8479-810feb785f5d,2026-08-14T07:06:05.050576,ES,verified
0473ea44-b823-45b4-931e-0cdccfc420f0,2026-07-14T10:46:17.823192,BN,verified
80e5958d-bb1e-458c-9412-d00339cdc970,2026-06-29T11:55:53.443435,JO,verified
3b87386e-61f8-4c0f-99ff-424f9d64db54,2026-08-13T03:38:37.283318,GA,verified
537a47ec-71f3-4703-8a2a-16984ce371b6,2026-07-20T03:52:26.080430,YE,unverified
65205d49-b564-43e7-b8e7-263f0786247b,2026-06-09T21:33:55.269363,NI,unverified
a09aef2b-ea75-48f1-8e75-a3fad2685b40,2026-08-19T05:40:45.253649,GR,unverified
44fa79fd-6c81-4005-a7b4-f151da1b1bf7,2026-06-18T12:35:03.563210,CV,unverified
ad945663-2b28-4fc2-ab8f-e283c346d7d1,2026-07-16T12:02:15.639093,GT,unverified
0948ece6-a491-4030-98ff-0ac48cc2b98e,2026-06-22T23:15:37.281849,LC,unverified
14764fae-dd9e-4e48-8036-2785bd94aeb7,2026-06-22T04:50:08.040891,BO,verified
2f483f86-f2ac-4b17-ade3-5a64072978fc,2026-08-04T12:31:48.534588,TT,verified
6193cf70-a06a-4781-87a9-4c14524083ea,2026-07-19T21:56:16.589905,PY,unverified
964b3d45-563d-4da3-ac4a-176cb85bb740,2026-07-05T23:22:06.005028,GH,unverified
f69c347f-f4da-4db5-bcee-63f170cc7270,2026-06-01T18:58:29.977582,SK,verified
c4fb27e7-0bee-46ae-bfe8-4d0fc85e24d2,2026-07-20T04:09:46.092817,MG,verified
1d163609-5836-4f88-8271-81a1a508a397,2026-08-13T15:39:56.768130,RW,verified
a2b7359d-4524-4995-9e3b-e9a64c95da71,2026-07-01T23:39:45.656705,AM,unverified
20137361-eae8-4795-a112-7ce15e02633f,2026-06-22T10:15:30.252176,KP,unverified
63e49ded-6489-4b3f-868c-5046c03ccc88,2026-07-20T02:00:15.322944,MV,verified
7207f7fd-7bcf-47a5-8d70-a3a9df365da3,2026-07-14T03:07:27.046564,GB,unverified
baf425bb-76c4-4392-9b18-8708073e30e4,2026-08-13T04:48:14.449192,SG,verified
00fae014-608f-4594-a94a-0f63a6645673,2026-08-07T23:18:39.860296,SB,verified
6743e62f-a76a-4d00-bf9e-429fad544631,2026-06-11T08:26:07.670750,YE,unverified
5e8fc94b-1581-4aeb-9022-bc06235fde8d,2026-07-07T19:38:42.441963,DJ,unverified
14504dee-d761-4be0-ab9f-a5a21f842f61,2026-07-29T23:53:27.488660,BO,unverified
e1040956-5006-4117-8457-8272039ee403,2026-06-05T20:58:45.622470,BG,unverified
73d9a908-85af-4619-b4f5-3d26b6d6345d,2026-07-23T17:30:42.984692,SM,unverified
795eae34-57bb-4ad4-9dd2-2c66871ec13a,2026-08-13T00:15:24.627029,IS,unverified
df94b70e-139a-4ff8-bd7f-f3b60a50d44c,2026-06-12T01:27:53.047015,TW,unverified
37a07736-5779-4c89-af7b-e18690ddd0bc,2026-07-31T15:40:40.747686,GA,unverified
b2744757-4533-4ada-93ec-04ade6910e60,2026-06-15T08:11:50.818909,LU,verified
18b104c9-3bb8-45db-a110-33f0f4b6beaf,2026-08-14T10:47:10.681185,LB,unverified
7d58e940-032d-4c6c-b8bc-8d65f9760519,2026-06-25T09:51:45.920554,CH,unverified
4741207e-5e2c-40ec-9453-56dfc781da12,2026-06-14T01:07:04.142878,SR,unverified
21796e30-32b4-40eb-b1c3-f65116b371f0,2026-06-10T23:28:46.556761,YE,verified
837c05df-a916-40b2-9671-eef2898b6344,2026-07-21T12:13:02.838299,ID,verified
45394526-388f-4cf3-8203-d7b2c3d63ff5,2026-06-12T08:25:30.758683,CH,verified
a11faa2a-f0f3-4861-bf07-ef146fa38f32,2026-07-29T19:45:30.009457,ML,verified
f1862bbc-4bc0-4ab9-8ef0-741b37230750,2026-07-14T22:09:21.712893,CI,unverified
679f0cfa-9312-4abd-833c-405b73d4985b,2026-08-13T05:12:09.859382,MH,verified
f4cf7567-33f0-4ad7-b7f5-4203ba9f7c76,2026-06-12T20:18:52.225231,DO,verified
563f480f-6457-43ff-9b35-9b6572cadc56,2026-08-09T10:57:27.088942,LK,unverified
22877f19-0c3e-4e02-b99b-8c9c0c2dfed0,2026-08-22T20:49:59.817821,SN,verified
a5dc1fa8-8ba4-400a-89ef-ffd29615576b,2026-08-16T15:51:26.422452,LY,unverified
c5e7400a-5c2d-4ce9-a897-da5990e70700,2026-06-25T21:31:45.893877,MC,verified
bb6103fb-3b20-4682-85ac-e9a5909bb1fe,2026-08-14T19:46:22.616320,DK,verified
19849661-f5e7-47b6-91a7-506023bd6072,2026-08-12T20:17:22.433241,LV,verified
e2c19660-07fd-4851-9323-f2bb9b8c0840,2026-08-12T05:32:41.283480,CV,unverified
ac436155-1cfa-4a4d-93b6-e8e179f2f579,2026-08-12T10:46:07.047763,NE,unverified
aef80a74-472f-4d9f-bed0-0d450f7cf8f5,2026-07-15T07:43:52.663476,NL,unverified
01704835-6352-4556-9136-fbcfc4500af6,2026-06-25T01:53:48.503208,YE,unverified
f43d28da-e5fd-4138-8629-84b19e4fb311,2026-07-08T02:42:15.077755,GM,unverified
9570940e-3f83-4824-bad4-29bea439be63,2026-08-11T17:10:57.242331,LY,verified
7b9c87c0-9010-4dbb-997a-0a443ecd2a44,2026-06-29T05:46:09.921024,LT,unverified
350347eb-e1f9-41a4-91bc-2577f545877b,2026-07-28T12:06:25.177219,MK,verified
aedc2b3b-9c55-48ea-85b7-7e5da46cb22b,2026-06-11T02:52:24.775392,VU,unverified
def6751e-01ff-42dd-9d96-bfc8551a4178,2026-08-05T01:48:50.393407,SY,verified
ba06850c-05fd-4334-aa9d-f2feed53f561,2026-07-02T05:09:07.468251,MD,unverified
4081f7f0-8085-4a20-9db4-71cb33d67011,2026-05-26T16:57:13.473439,GN,unverified
bcfc8eb2-3add-4914-9341-3c52dc983a56,2026-06-04T18:39:53.079573,GY,unverified
6bca067f-b427-40e8-9597-7efff1084751,2026-05-30T17:48:19.454418,GH,unverified
0cc6aed9-5553-46b4-9553-56caa89c2e80,2026-07-08T19:27:25.122612,VU,unverified
92d22592-f7f9-46bf-bb01-4c26512f2884,2026-06-18T01:44:48.818710,KW,verified
8d43c2be-3446-4997-9179-da6b5fa7e9a3,2026-06-23T09:34:48.725352,LS,verified
28090c41-23bd-4da7-8960-6df866e64872,2026-08-15T19:58:48.281940,AM,verified
d7c803bd-1fe9-4707-ab4a-ceb425523c74,2026-06-09T21:30:04.611007,DO,verified
9e1b9055-bc66-436d-9985-7dba8318ff1c,2026-05-27T18:48:20.809783,GW,unverified
f9b27b88-cba2-44fe-99f1-9420bc71bd76,2026-08-03T01:18:48.010987,JO,verified
31d7e84b-5582-4604-b23f-2f2be7119910,2026-06-01T21:23:00.923484,KP,unverified
a8ca9f59-41b3-4842-9d5a-57305203396d,2026-07-18T08:37:36.796298,DZ,verified
74c032ac-aa87-4ac8-ba18-1c107ac62b50,2026-06-06T05:47:32.849205,HU,unverified
3744fa0a-039b-4657-8cae-3a186b9b62a2,2026-08-13T21:23:35.298336,VE,verified
800ee79c-4bb5-4d74-a380-1c91676cd5ed,2026-08-24T00:59:27.534239,AE,verified
5312fa60-884b-4486-9e27-9078d4ec237c,2026-05-26T23:59:47.049173,MT,unverified
cad6a831-fef2-4c0f-a764-71ee8064e4d9,2026-08-15T00:34:15.136786,CM,verified
ea1684bd-494b-438e-b6c2-4d2d30c1e8e7,2026-06-12T07:04:27.026604,HU,unverified
05e9c667-33aa-48fe-999b-996131d748de,2026-08-17T07:37:09.031192,NI,unverified
87d5dac4-7cae-495c-adee-e297dd87b264,2026-06-06T13:36:04.974560,SO,verified
50ce2941-bd39-4f44-8720-b776b003e2ac,2026-07-16T04:12:51.981674,TM,unverified
4f1c2c6e-4e36-47b6-8a3e-5c0530c534f1,2026-07-19T08:10:55.480171,HR,verified
a5cef6a4-c9c8-4165-8e37-25344292273e,2026-08-11T05:38:08.589374,AG,unverified
a6e00189-4108-458b-9b12-96a65eeb6555,2026-05-31T19:05:53.923918,CA,verified
b24b91ec-5fac-4618-98e6-c53221dc43fe,2026-07-17T11:00:42.426840,NO,verified
0416d800-44cc-46f7-89af-9df16a4d681b,2026-08-02T07:11:50.096228,CL,unverified
5ae0cecf-3c53-4970-9918-ffde5918e6d0,2026-06-06T09:50:02.725892,IT,verified
70e12a79-6c2a-485c-acb6-696e94be89ad,2026-07-28T09:54:48.598367,SN,unverified
96501b5c-fa52-4ecd-a261-a53370475339,2026-06-07T19:45:18.659520,SC,unverified
55caf7b8-1ae4-4eaf-842a-9779585bf5eb,2026-06-03T06:57:08.481467,MG,verified
773752e1-ba94-4a34-a012-09fd01f56a34,2026-05-29T20:03:03.766763,PE,unverified
8f3e16c6-7641-49a8-b685-addf01014a07,2026-06-26T01:11:39.409994,KG,unverified
6c11ab78-e443-4a2a-84f9-5fe15095ade6,2026-07-28T23:07:44.320326,CM,unverified
7d8cb4f0-13c0-425c-99e9-42d64fb2cb5b,2026-06-24T01:33:05.187068,GW,verified
af4c828b-ae44-4b06-85f9-9bac9a93e437,2026-06-02T22:56:50.226308,HN,verified
35e3a86c-b0d7-4810-8a80-04b3a84e36ec,2026-05-30T01:43:36.598721,BB,unverified
06172baf-f16b-40a1-9594-d36bb0907487,2026-06-02T04:33:45.891870,AR,verified
f378a2b0-bafe-401b-9561-9b21413ac110,2026-07-11T21:19:34.709663,LI,unverified
2411c73f-0399-4b30-b4be-85a7cfebe0a5,2026-08-08T20:30:58.113046,RU,verified
eb214033-92f3-45b1-9a7f-5581e528adea,2026-07-31T22:16:02.092003,FJ,unverified
2631484c-5080-4bf7-9dc5-faae6c0594c0,2026-07-04T08:17:24.008059,MM,unverified
fc80f650-2d2a-4417-b171-c01701769b48,2026-06-12T20:59:04.725522,BR,unverified
242f3653-dc76-4b45-a00f-534194aedfab,2026-07-26T22:56:39.479272,LK,unverified
bb5d1817-2c35-48a2-b1c3-805e9bbece55,2026-06-04T17:20:39.262606,PK,unverified
36bd9537-8253-4803-8a30-97a3b1b33213,2026-06-05T11:17:08.358064,LT,unverified
300bdcb5-f1ec-4bff-8966-536fe7dc0e97,2026-06-10T11:10:32.713298,VU,unverified
39a2a190-6e3b-409a-99c2-9985ad5a02b0,2026-06-19T08:05:43.120831,SB,unverified
288bbafd-a24b-4252-b3ff-c3328285e648,2026-07-25T08:32:56.217783,SB,verified
960465bd-8ed0-4025-8671-05980cbcd718,2026-07-28T19:32:49.059276,RS,verified
746da825-15c8-40f3-90cf-17e2e2461e48,2026-06-14T17:01:20.084703,TD,unverified
8aa5a318-494d-431f-b4e6-91c9c3acb219,2026-07-14T22:25:19.336637,MY,unverified
bb9ac466-b316-4b67-a455-0d9d0f9379cb,2026-06-04T01:21:51.138891,CA,unverified
21872a05-b327-4acf-877a-94c093bbdcbc,2026-07-19T00:05:28.773842,AZ,unverified
f2f5f38c-eb6b-4f4d-b070-5bb1706a68e8,2026-06-21T14:50:47.924589,MZ,unverified
f4c88f1a-7594-41ba-b52d-19cbb85b09a5,2026-05-28T07:28:35.268259,MW,unverified
6b58e0e7-40c7-476b-acbd-515b9df6f93b,2026-06-14T23:50:25.420374,KH,verified
7e7df795-9fd8-4bef-b281-7d7f1823e785,2026-07-26T03:12:56.049890,NO,unverified
42c85c36-5519-4725-838f-334f2518a1f0,2026-06-29T01:07:42.530767,TR,verified
28f0f9f6-e8c9-47d2-a4c5-4ff4679af56a,2026-07-07T22:13:09.155390,PK,verified
ab10add6-e019-4183-9e48-8098f98ede0f,2026-08-13T05:04:39.547194,CD,unverified
ab29397a-8521-42b3-94ca-4d652450f245,2026-07-17T09:57:18.473113,BF,unverified
d76b4698-c400-4ec3-a769-13dc9ce461f1,2026-06-27T15:52:20.914780,EE,unverified
bfee312b-b971-4cdf-8840-75b768b67430,2026-06-23T06:58:57.320861,MC,unverified
f6482ebc-31f6-4820-a7c9-f601f04534c9,2026-07-20T05:51:57.942522,AZ,unverified
b884c0d4-9a8d-45e7-b596-19d70359885a,2026-06-28T12:24:47.495598,KE,verified
a1815256-c11e-4a55-891f-892e1fb2acc0,2026-06-16T03:01:55.835618,SL,unverified
972d4c24-8437-45e3-b715-e4821e3f39b4,2026-07-28T04:49:54.824181,CO,unverified
bfecc7f8-a1e6-4673-8158-09ccc8ee09f2,2026-06-18T07:23:27.377525,AD,verified
bf4f6eea-8cfe-4e4d-935f-21ebb06fb302,2026-07-11T22:40:46.772288,NL,verified
1f1f2a26-62fb-423b-917b-05f0191c7b3e,2026-06-26T12:28:08.233168,HN,unverified
f5f9c2fe-a972-4562-ad80-2ab45eff3820,2026-08-22T19:58:02.423471,CF,unverified
7c854eac-e78f-4f68-9d68-3ba5e9b340b2,2026-07-12T07:44:46.875366,ZM,unverified
570b5e4d-1e72-4ef6-b72d-ee2940f05050,2026-07-30T08:53:05.022659,SG,unverified
1784d710-bc57-4bda-9911-5532c726c1ba,2026-07-08T09:25:30.492067,BI,unverified
984e3506-e385-42b7-8a1f-f3e6c479f5df,2026-08-21T03:22:19.115799,ZM,verified
0a38a74c-f2d4-4de4-9bd9-9758e21390ee,2026-08-19T00:38:29.711374,HN,unverified
8562c08f-f5a2-4ad8-9143-41479a86cb1d,2026-07-09T03:25:56.526932,VC,verified
c586b45b-271d-459e-a107-623a1edc22cb,2026-06-05T21:13:31.851998,BW,unverified
fe272a93-9c73-46f6-a357-574cd55b73cd,2026-08-10T16:29:11.435412,NI,verified
0288caf8-764c-4d50-9e3c-8b560f7c1858,2026-07-14T08:32:01.294059,AM,verified
94bed5ee-6abd-4563-86b7-193458691154,2026-06-14T05:35:54.608620,ID,unverified
60fea679-c652-433e-a5ad-0c58aae9d09e,2026-08-10T13:57:23.570194,CR,unverified
df7f30b8-3910-4b26-a602-0a58038fd4fe,2026-05-31T18:25:12.557805,ET,verified
a53c1695-b327-49a5-852c-d76667a90931,2026-07-03T17:31:54.584580,FR,unverified
7c18b73b-79bf-4ca2-aefd-1451c054b224,2026-06-02T05:44:58.512777,LR,unverified
0ec03d43-6ebc-439f-ac00-0f6c476067ba,2026-07-01T01:48:32.471618,CI,unverified
10b8e8c8-23f9-4617-975a-798d20426409,2026-08-07T12:09:04.447583,UY,unverified
3af31a25-97a2-4345-b122-1e842474fdea,2026-07-16T05:37:20.930891,PY,verified
a689e4f0-e3e7-4013-b01d-17252c3189eb,2026-06-09T15:20:09.919740,SC,verified
42dabadf-c7e3-44e3-bb7d-6f39c825081e,2026-07-05T15:40:06.500713,NP,verified
1a4268a7-b757-4ba3-ae7d-eaf1331844d7,2026-06-28T06:02:45.000452,AT,unverified
2b4ec23c-af52-4062-b224-598530687bac,2026-07-20T06:15:48.194552,LA,verified
aac99f75-8ed1-4878-948d-e5f4a1a51b73,2026-07-12T04:03:41.616278,CO,verified
6cce6195-1538-4e9e-8883-03a71882f388,2026-06-21T15:38:17.697765,KP,unverified
a010a36a-0f3a-472b-b28e-e789d22dedf5,2026-07-16T12:12:33.826543,IS,unverified
6108284e-bb42-4d16-8da5-d193c5349ef6,2026-06-04T07:50:33.772365,US,unverified
a46f31d3-c987-4519-925b-cb39283e439c,2026-06-23T14:37:01.493045,CY,unverified
e9cd465a-b789-4d8e-af16-748c92ce9397,2026-08-22T03:02:38.890277,VE,verified
916e7a27-d758-4c4f-8b16-4ca421628dfd,2026-06-25T15:14:09.357115,CI,verified
6d06464b-da8c-4f7c-af42-cb71927287fb,2026-07-01T03:28:56.294049,AD,verified
3ccddc35-a28a-4a8f-a36c-906850cb7bfc,2026-06-16T21:26:11.697603,KN,unverified
9527d23d-e7b9-4001-ae85-721ee475ab24,2026-06-01T05:47:27.465623,BW,verified
09353f6b-6682-4f53-93cf-3ce65b6b8d6e,2026-08-22T07:20:04.633847,MN,unverified
40910711-b93c-4d27-838c-345308709c24,2026-07-24T01:07:44.551347,ZW,verified
6eb66c0e-a24f-4744-8150-e227ef6cfe87,2026-05-29T06:34:31.396330,TL,unverified
78c28712-15b0-414c-9679-841335545646,2026-07-28T01:00:10.522463,GQ,unverified
9d5ba27c-76fb-42be-8446-28d890248ee9,2026-06-07T21:41:37.600871,KM,verified
c685c107-eb02-426d-a8df-8338f5fef4d1,2026-07-28T03:45:15.673028,SI,unverified
a116be53-8c1d-4006-87f5-2ce6d16c7599,2026-05-30T12:32:19.351955,ZM,unverified
7693d71a-ebdd-4547-978e-003840d13610,2026-07-16T23:29:02.331612,PH,verified
69eb0173-b5fe-46ce-b615-bfed570a21c4,2026-08-15T10:23:06.961915,MA,unverified
711262ca-04bd-4898-9ce0-54da5f9b3e02,2026-06-19T10:32:00.842319,TR,unverified
8f11e7a6-355c-45ca-8e98-bae581394f26,2026-06-28T04:16:43.859915,TW,unverified
b176039c-e376-4e00-8dd2-39da2e1f02b3,2026-08-21T00:06:23.525157,HT,unverified
2412eeec-e88f-4cfe-822a-bd4f609e822c,2026-07-27T14:48:17.468252,SB,verified
d778c160-5bcb-4c9a-934c-6edcb56d34d6,2026-08-18T07:51:50.458347,MD,unverified
60b936aa-044e-432b-bd4f-314d217202e9,2026-05-31T23:50:48.238389,SO,unverified
1196cbb0-dee7-4564-a52d-b9068a6d40f6,2026-06-04T21:11:46.833946,BS,verified
25fe80e2-d31a-4423-8991-d232fa8b7b55,2026-08-22T10:24:46.707388,MX,unverified
bddcfaea-4466-4048-b031-f9a70cb749e5,2026-08-19T10:08:22.245104,US,verified
1ab9689b-0d68-4f43-a473-3422fa0218fd,2026-06-09T14:35:26.705221,FM,unverified
b7eaa486-cc8a-4141-ab1b-a29eea1e2c6f,2026-06-18T01:45:02.936403,CA,verified
ed8bd782-9168-449a-afe3-7e9f9ee55b5a,2026-06-11T23:29:06.115454,MX,unverified
cafe7724-e253-4a52-a79d-16d3f925c5a7,2026-07-19T01:50:17.510990,MG,unverified
258e0638-059f-4871-9022-1e30c19f5b09,2026-08-08T13:38:42.844413,EG,unverified
9afeec5a-46cb-46df-8bbe-5b044075611e,2026-07-27T08:41:02.780451,MN,verified
7fe7d820-6b1f-463c-8324-b34826af5b7b,2026-07-09T19:28:32.872986,CV,unverified
1775b01f-aaad-49db-b300-3f99d254feb9,2026-06-04T06:32:38.763252,BD,unverified
be8de2fe-7964-4acf-b3e6-95fff6b72788,2026-07-13T03:14:32.985722,AM,verified
a694f4b5-c26b-4150-881b-f58c43711c1d,2026-06-04T10:16:41.201702,TJ,verified
b2b48cfe-c749-413e-9a78-9f1e00720afe,2026-07-12T14:42:57.729108,BA,verified
cb6639a7-5512-40ed-8125-6a33bfadfd5f,2026-08-04T04:36:28.700516,MT,verified
9242814a-5259-42af-a362-01249ef6fe30,2026-06-18T08:05:38.541571,NP,unverified
677f6daf-3913-4691-932f-f81cb45f0d83,2026-06-08T14:20:22.656061,PY,verified
5123618f-64f8-45e7-b734-c71c81ee8a21,2026-08-05T05:30:04.333728,ST,verified
237a2047-530a-45cf-8760-26d4d59fa194,2026-07-19T17:47:42.802238,FM,verified
5d7573a8-c0dd-482f-bc22-f2877f0db5e6,2026-06-21T00:45:21.006983,MG,verified
ba028e70-1d5d-493c-8269-d5a572197b93,2026-06-24T12:57:48.197256,OM,verified
1121600d-46f1-49e6-9b55-1ea7d55c5bd1,2026-06-29T05:21:47.477248,HN,verified
d7afc4fc-a398-4a4a-a871-15c6b6d55553,2026-08-08T21:18:24.176732,LR,verified
7ecfa107-3b53-437c-ba98-af25df7fee71,2026-05-27T13:26:02.940370,MZ,verified
0d555208-5f24-4051-bf70-797097a918a2,2026-07-26T18:05:03.882238,GQ,verified
1fd93dab-58c2-40c7-8d15-79b66b12cef3,2026-08-18T00:46:42.336732,AE,verified
c727152d-2977-40a7-875f-ddcaa4057dd8,2026-07-02T14:38:12.543338,SG,verified
aee13b49-3e07-4db6-bde9-f9512b4ff39b,2026-06-07T21:04:20.626353,AE,unverified
9e57f635-23f6-4ed5-b560-f24cc3f41e18,2026-07-11T04:38:33.713002,PK,verified
e96b3795-70b3-41c2-8fd3-cec12685a9f4,2026-08-21T01:45:09.467485,PT,verified
7c2b478c-54d3-4d44-a761-855920c3d589,2026-08-07T06:39:24.675431,TV,verified
032e0bf3-cf7e-45ed-8d9e-9f4a298928c4,2026-06-25T03:25:22.008104,MU,verified
f6b7e12d-5ef6-4d6c-9878-106e5a06ee25,2026-05-27T00:51:00.743615,NP,unverified
c8499f3e-91c8-4e11-9341-439d0376c390,2026-06-09T16:01:53.880684,SC,verified
55c44ce9-b117-4af8-bfe8-26b89c6ca255,2026-08-04T05:31:42.428401,TM,unverified
f185ccc2-0a4e-4e45-8f05-81a4cb29100f,2026-08-08T19:43:08.894107,PW,unverified
a0aa8c59-7a5e-4f95-949b-1d3a048e01b2,2026-06-17T22:11:24.612391,RU,verified
f788be07-f37a-45ea-9e89-5c030ae0a01b,2026-08-02T23:11:46.439513,MX,verified
16574ed3-6d35-430d-985e-73291520f666,2026-06-16T14:41:06.590771,WS,unverified
bb29b259-7ab3-4a6e-931f-1d4c1f4373a8,2026-06-09T13:22:55.641176,UY,unverified
6d70e104-fa80-4eb4-80ae-3df643a000cd,2026-06-22T01:13:42.792278,RS,unverified
bb2db851-2644-42ab-9708-8867c9bae1c5,2026-08-22T07:06:00.468275,SE,verified
c8050cc3-816a-4245-a578-ed6518bc5ca9,2026-08-10T17:33:20.975620,FJ,unverified
48c9061e-5736-4bec-9dbd-efcdca53b7d7,2026-06-09T06:49:54.075568,LV,verified
ed24778a-13b1-4983-a716-55406c63cf85,2026-07-27T12:47:59.458964,PG,unverified
1f7261ae-1030-48e4-83a9-cc549c083369,2026-07-02T12:23:27.399855,BO,unverified
5570104f-b831-4f2f-9167-e4c02425800b,2026-07-13T21:40:41.037005,HN,unverified
a2749ce6-5e38-4d1d-8288-36f45d0cbfc7,2026-06-08T11:45:49.424893,PY,unverified
ec2d22d7-d241-49d9-97bc-438cac5358ec,2026-07-19T03:18:29.123288,MR,verified
067e516c-3d10-4d96-8e70-de72cd565668,2026-07-24T22:39:08.485565,MD,unverified
0f2ee25e-4976-4a41-83c8-f136ab6c5611,2026-07-28T10:08:58.420023,NL,unverified
ba865af5-ad05-43ca-acd2-d1b3c3c47ff8,2026-07-15T08:29:26.194587,ME,verified
8da9f448-e96f-499f-8f5d-ea38b7dfebc6,2026-08-07T03:00:03.378662,MU,unverified
c88db80a-5f91-47e9-8c22-7ebfa94b5155,2026-07-24T18:00:27.527014,RS,verified
d6f6d78a-3c9e-4691-b7fc-e1653ff394cc,2026-08-22T13:06:52.162165,BY,unverified
f8b27f6a-1918-4b57-b491-63701378b6e1,2026-07-05T02:19:04.806038,SB,unverified
49c15dac-d614-43fd-8c1b-4501f359cba2,2026-08-11T11:12:19.276873,BJ,unverified
117655bd-f73f-4394-b4c4-95af91380c63,2026-07-01T04:55:47.463139,VN,verified
656171ca-1624-4e04-a570-9710f09bd569,2026-07-30T02:48:49.735918,BG,unverified
c1f8972f-51f5-4974-98d3-7f43d55abffc,2026-07-31T20:42:51.125538,DZ,unverified
60e8de45-dd14-454d-9344-768df0bdf8ba,2026-06-23T13:24:24.717146,CZ,verified
90da404a-6f88-47a5-bdc0-6bfe9f8dd3fd,2026-08-16T22:11:08.945193,SI,verified
b45f7d06-a401-408c-9ec9-f4d837c56e9e,2026-07-18T06:10:24.693413,ZW,verified
1d8c675e-9d90-468b-9f4b-86493b834af4,2026-07-06T13:31:42.160656,US,verified
ed514f42-2c63-49d2-a4a8-18b6cc2e7fea,2026-07-08T06:28:52.088708,PL,unverified
25f537a8-5377-41de-b1d2-a41b4957bd16,2026-06-12T09:32:51.856417,AO,unverified
d5ae0911-dbda-4086-ae4d-47df0c8604d9,2026-08-03T07:07:51.749256,ML,unverified
3780e9d3-4885-4e3d-a1f0-c2ae72c45ad5,2026-07-16T22:52:13.188383,KN,verified
73275eee-e62d-4b4e-b6d6-0d1fc212ba7c,2026-06-02T17:44:53.109353,CH,verified
c4a74a79-2faf-4aec-9a9e-b8dd2d364051,2026-07-15T18:12:14.685898,BT,verified
bc3d05e0-c2fa-4db1-aa4f-62e2c43e8fa6,2026-08-24T06:50:13.119322,TR,unverified
364f6341-671f-48d7-83ca-d66e94d1cc6e,2026-07-28T19:41:01.706125,NR,verified
c653571c-57b0-4c0d-af3f-9446a180658c,2026-05-27T18:36:42.488378,BS,verified
1bbbd5fd-c46f-4ffa-9442-10f5515d83bd,2026-08-12T13:01:19.839149,PA,verified
8edef69c-222f-46d0-ba23-6de4f125a6d3,2026-07-24T22:16:06.603573,PT,unverified
49893c5a-f43b-4048-9aef-0a74de5761d2,2026-08-15T03:53:54.495158,LV,verified
c71dfd3a-a0e5-4bbb-838a-41b3d1bf6e9f,2026-06-04T05:46:39.920570,IS,verified
69ef37af-86ea-4081-853d-d1923f786849,2026-06-08T09:41:34.417112,BZ,unverified
43b376cc-53e7-4068-9bf7-1fac5b44b4f7,2026-07-04T03:01:24.757065,MM,verified
06386c6f-c8a3-434f-b1d0-26cfb1d4fefb,2026-06-08T11:15:38.650803,MG,unverified
3b6290a7-f1e2-48ae-9c2b-67c3d905e5f7,2026-07-11T22:58:18.455028,BW,verified
60917d2d-b6c1-4389-b494-b30b6051377d,2026-07-22T11:15:10.801293,CU,unverified
ccfcc831-c4b3-473b-89c7-89b77527fb76,2026-07-12T23:59:04.142143,RS,verified
afe974cb-0bae-4b08-a14c-18d23f9c3a1d,2026-07-29T01:29:37.018020,JP,verified
17ea87ec-be75-4963-a890-e765e99a9517,2026-07-30T09:28:14.192841,SY,verified
d522c7c6-16c9-4659-8384-4d46eae71416,2026-05-26T13:43:07.910025,IR,verified
b206798d-c22c-47cc-9ba3-6011a0c5ff02,2026-06-21T06:03:39.429576,VU,verified
2b79dae4-8812-4d5c-a353-5d378c3e6d06,2026-06-01T12:57:52.780005,SM,unverified
0e9d3e4f-a668-45b6-95cd-70b44b302f3b,2026-06-11T03:07:37.226822,CZ,unverified
aeeb9e68-41d7-49fe-8d35-18059eaac219,2026-06-17T15:27:28.429146,NZ,unverified
ead4001e-cef0-4f45-857f-f77318b26d71,2026-08-08T15:32:29.548063,BG,verified
bbc6c316-eb24-458e-8ff6-5c75a7f1d32c,2026-06-13T10:45:13.778893,GQ,unverified
0cd1263e-407a-4a66-893e-742851c35959,2026-06-07T15:04:11.033906,RS,unverified
a18e78a8-1002-42ad-b249-095600a4d801,2026-06-22T20:27:52.844892,KH,unverified
8d1983e1-834e-42ea-9f8e-2596b4ed28dd,2026-08-08T03:22:22.543622,IS,verified
83bd7945-e366-4a47-a07d-fc56931b714f,2026-06-24T10:06:02.647124,SA,unverified
e579f3d8-789f-4c0e-a0ad-15daab2fdb70,2026-08-14T22:36:29.415517,DJ,unverified
6328fc5f-a9fc-4b1b-95b4-fd16d6b881af,2026-06-05T07:38:37.792695,BJ,unverified
dd6b8f60-5cd8-40db-b0fe-3621faa8772a,2026-08-09T22:56:46.520423,BD,unverified
b492f765-910e-407f-9ca7-9a86ac93169b,2026-07-22T13:16:59.282974,BN,unverified
a24bb6fb-f6d8-4a71-b769-79a821001c21,2026-06-10T09:54:51.478086,ST,verified
7d553e2c-220c-4d6f-b087-71960d918925,2026-07-04T22:07:53.313861,KP,unverified
1ee470cd-1a00-4d41-a51b-c1eede64f7b2,2026-07-08T22:04:50.675653,VA,unverified
6ffac8cd-b949-4b54-b342-f301a3bf929b,2026-07-08T13:15:46.847886,CO,verified
a931a8a6-bce2-4b1a-a422-61b2ae5b8969,2026-08-06T20:44:18.117227,CR,verified
dc814d0f-5321-4a42-a15a-7bd2adf30412,2026-08-21T13:00:22.995726,LB,unverified
dee2175b-0f65-49a0-a821-c962a6039bfc,2026-06-08T00:54:58.920540,CO,verified
860d12f9-0f2c-4ffb-9afd-3748bba2867f,2026-07-11T07:19:15.356909,HR,verified
c70d5f93-51f6-43cf-82af-72cd91df3aad,2026-07-18T08:59:05.848072,KR,unverified
08f4647e-9c59-4985-b8ca-f4f197ef391b,2026-05-31T00:02:29.353845,DK,verified
d5ed4b24-a0a1-454a-937b-5e39fdcf02ee,2026-06-01T07:17:16.951964,WS,verified
c5ae2611-0a65-483d-bd9a-9a115d6817c6,2026-08-02T12:44:14.751009,TN,verified
0a00997d-5254-428b-b6bd-de8335933d4b,2026-07-22T02:26:39.111763,DZ,verified
bf4974ec-8ceb-410c-8052-841039c441cc,2026-08-20T03:11:26.460382,CZ,unverified
2520e96e-1bcc-4dd0-b47d-c466430b63eb,2026-07-30T10:58:28.194390,BE,verified
32e00b06-d8e9-4456-bc32-a1c46959fa44,2026-07-22T12:22:07.170426,IS,unverified
56e6fde1-4025-4568-b4ef-83262baae0b2,2026-06-18T23:53:44.962240,MU,unverified
1c3ecd59-b714-421c-9fea-a0cea3721328,2026-08-21T11:12:10.207128,LK,verified
f846ef56-f01f-4ef2-a727-b701aa2c35e7,2026-06-07T17:50:56.478243,UY,verified
8db9d0e5-2a94-4e25-953b-b7c72a2ce2df,2026-07-07T09:58:01.211801,GB,verified
32476918-d8bb-409d-9155-b1eef1f34839,2026-06-06T07:01:24.090323,BF,verified
9e0db707-11c5-4ab3-8a4f-06ee87c88636,2026-06-11T00:14:15.292711,TW,verified
1738b49b-f7bc-4448-9667-a8dee091fa7a,2026-07-01T01:32:39.183051,US,verified
9b322b5b-e01e-42ac-ac7e-f43ded58cb25,2026-08-08T15:34:09.787868,MM,verified
a55ec2cf-f53d-4163-83a1-289d4d66daf7,2026-05-30T08:24:56.067757,TN,unverified
bb90973f-557f-4946-95a3-24b356a83dac,2026-07-28T13:31:15.632999,MN,verified
dc9f7f8a-34f4-4e78-b067-c5b0552328ba,2026-06-02T06:11:08.689611,SL,unverified
2eb0242f-3ba7-44d7-b455-1e75d58a95e4,2026-08-01T15:35:01.863389,TR,unverified
a3b654d9-92e6-4985-8863-4dd7ac2581af,2026-06-26T10:13:06.516722,GD,unverified
1a8ac5bd-33f6-4d05-9323-e7fe827a63c7,2026-08-10T00:37:32.359884,TH,verified
103119e5-5750-4462-b597-802957a5d07e,2026-06-25T07:29:51.196805,CR,verified
a89b155b-48a1-4703-a60e-68546d454b0b,2026-07-20T00:32:24.438654,SC,verified
8af9d798-e9ef-4ea7-be35-f0e7259c24c9,2026-07-01T08:46:11.944461,TT,verified
b13ec29e-2691-44a7-a0dd-225b2402d9ae,2026-07-28T02:22:48.609552,NO,unverified
ab67a821-065d-49c0-b815-78e01c659f1e,2026-06-08T11:04:48.503954,ES,unverified
6a8d6564-4164-4699-8af8-9c185b618a8a,2026-06-20T14:33:27.263141,LS,unverified
60360a67-facd-468b-b9e1-ecfae16fed97,2026-07-09T14:37:08.994195,CO,unverified
7b38bbd9-5cac-478f-a6ca-bdab3f1c5355,2026-08-23T08:15:43.070433,BJ,verified
8e387630-cc30-4a22-9534-df5a9907aedd,2026-06-20T14:32:02.919480,ER,unverified
0c61da01-f324-4c51-94b7-4acc2d95ed6e,2026-05-29T20:27:24.317016,BW,unverified
80b3a6da-e8d7-4b5e-8e9c-1b3987bf2dc7,2026-07-25T23:57:10.290826,CM,verified
50321bba-082f-4758-9af3-cf0c632843f9,2026-06-18T21:43:00.385990,DK,verified
5e764f5e-880d-4f31-9a0c-ddaaf869977e,2026-07-03T01:38:11.580834,ID,verified
40adf90d-97a8-4f85-ab19-b112b96140e2,2026-07-04T10:59:42.575388,EE,verified
959648fa-b719-4701-8e4e-e14536cc7c42,2026-08-09T18:40:27.925931,KR,unverified
fb452a1b-483a-4f7b-9d5c-33b1be945553,2026-06-14T23:42:04.000262,DJ,verified
d61edf42-de5e-4598-9b08-79b68afaba8d,2026-08-01T01:41:55.091047,JP,unverified
af72e800-c784-403d-b8dc-f0fa1f97295e,2026-07-28T07:37:49.464257,IT,verified
5aa6ac11-fd5e-4a77-8736-cbe606c9056d,2026-07-24T10:21:25.459209,WS,verified
e7a9c580-9be2-477b-a937-efef0ebf40f6,2026-07-05T03:47:20.651133,PW,verified
f62d54c0-e9e8-4c1f-b59a-588618592d5c,2026-06-16T05:51:42.194590,PK,verified
f6c31e0d-1d78-47ca-93e5-13f0031219a0,2026-07-03T14:25:33.431301,DK,unverified
916807a9-6154-4072-823a-f71f55c45b48,2026-05-27T10:00:39.939424,NP,unverified
2ba40958-6aed-4fdb-9036-c6bf998e41c2,2026-08-14T23:08:10.332071,RS,unverified
1825290c-72e1-4575-b5f9-654a9fb81b5b,2026-07-10T17:09:58.591539,GN,unverified
1572a697-5a0c-4997-866f-2c187ccb72a0,2026-07-30T15:01:41.524457,AD,unverified
d1817278-77d6-4493-83f1-3886a7f1232d,2026-07-25T08:55:58.175822,PY,verified
f8ad6753-f303-47cd-9d48-3278e8d80363,2026-07-24T15:28:39.961692,CD,verified
6a67ed65-dfcf-4e82-83eb-dd57c058fb71,2026-08-02T02:09:13.761945,GT,verified
efb02064-80fe-4b8f-81da-1773e5e699af,2026-06-15T16:44:15.628793,PK,unverified
fa95ac1b-e651-4e2f-ab98-2352810e50a0,2026-07-12T05:42:29.717246,KI,verified
d7daa83c-67e0-4388-acb8-0392a53ed495,2026-08-19T10:06:08.677422,EC,verified
899475d9-3f62-4617-a221-aaf794cbd1e8,2026-05-27T23:52:54.722116,GM,verified
b7bd7383-e52d-4a66-ac5a-57a6af2209b1,2026-07-24T04:58:20.677187,PK,verified
cea9c4bb-4bcc-4c59-98e4-4895e2f6aac6,2026-06-12T21:51:49.994102,TJ,verified
74377088-67d2-4880-aed8-d4d38f068cc3,2026-08-07T04:46:37.358155,CF,unverified
5634be84-5cc8-4f8f-9c1d-030d799301da,2026-07-24T15:09:02.184267,TT,unverified
215b8044-6df3-4289-b445-73784750a89f,2026-07-19T06:24:13.404849,BS,verified
b27bf108-ddaa-4433-b322-7dbe96948c0a,2026-07-14T16:42:15.226080,SE,unverified
a9878e6d-7fb4-4b6f-a54c-e0c511aedb4b,2026-08-17T09:17:37.735796,BA,verified
a7bc50af-3e48-466a-9034-b46196fdfa3b,2026-08-07T20:42:58.968082,NO,unverified
5a1ed2d4-e3f6-4474-a927-586274cc49ba,2026-06-11T00:34:16.148960,CV,verified
aea2a5c8-3576-4b32-85d5-f53be52f9972,2026-07-30T00:39:15.190725,MD,unverified
e3f94cf7-39ab-437c-9106-4c2f0a3f49b4,2026-06-16T19:52:37.554999,SK,unverified
7639a842-ae11-468a-b40b-8421f81077fa,2026-06-30T20:23:50.826681,GA,verified
74a89b44-b646-471d-8d0c-ded53d4e89b9,2026-07-27T02:06:50.569210,CH,verified
4057d18a-e0b0-428a-be5e-536357eb7d89,2026-08-07T20:24:42.962963,MA,unverified
b15e8400-1ae7-45a8-b038-79fd0fd76a5e,2026-06-12T04:05:11.514647,PA,unverified
d8e33de1-c88e-4dc6-9ccb-8d68dc53464b,2026-07-05T19:27:11.820388,AD,verified
3ed16afb-4add-4e98-a57a-b68eb58d0dce,2026-07-08T17:02:02.000844,AU,unverified
657d3b18-06ad-4f27-9437-7a317822aa98,2026-08-02T20:28:30.986898,SO,unverified
41b2af9f-6527-4ea1-8290-ef4ccae02d28,2026-08-20T14:46:32.688883,VE,unverified
eeb8b551-608f-4b42-b029-3e43b12ac372,2026-08-04T06:53:30.149802,MD,verified
8174fa06-0a3c-4c12-b5a7-7e13f7a2b94e,2026-08-12T07:13:19.634624,UY,verified
21d52322-6c50-4949-83b6-b57b36c995f4,2026-07-04T05:14:44.622067,ST,verified
c62b6a26-f6ea-4a18-b253-fcc7a177ef0f,2026-07-31T02:52:13.635857,AU,unverified
9e32eabb-a8bf-42d8-9ef4-e28a31f695e9,2026-08-10T04:30:28.556628,VE,unverified
d2b6f85c-30fc-43e6-8d1d-1260f5a9986f,2026-06-11T18:57:35.190104,BF,unverified
ac7cca35-672d-4ecf-bb03-d7ed92afc6f9,2026-07-31T19:28:03.446174,NO,verified
09596cd9-3754-4940-84bb-95e498ec5bab,2026-07-14T14:44:44.397443,TD,unverified
07062334-d768-44ba-bff7-8d7ef9582105,2026-06-08T00:42:31.968368,CL,unverified
a8184c53-7e9d-43f6-bf4a-5cfb1faf542b,2026-07-29T13:40:14.646213,GQ,verified
5785144b-eb3e-44e9-9ccf-c6155a5c2195,2026-06-09T09:47:35.934725,ZA,unverified
e403547c-4143-41e6-bef4-e2eabd5dcd62,2026-06-17T14:46:22.253817,TD,verified
29fce1df-ede3-439f-91e4-1f07b39901c3,2026-05-29T16:57:28.043729,LA,verified
3665418e-74b2-450f-8e9f-76a1630b2f55,2026-05-27T11:02:44.222217,EC,verified
763160b8-2b3e-4f4d-91c1-d8ab7af58df6,2026-08-15T04:40:53.446648,JO,verified
5c844aa4-e40f-4df3-8194-fd7a07390502,2026-05-30T20:59:23.164343,IN,unverified
cdb3f2f5-79e2-4906-afb4-6127c15da2c2,2026-08-12T11:47:47.332445,MM,unverified
60cda97f-edd4-4044-9fb4-83d356055157,2026-08-13T19:24:14.933004,BH,unverified
948750ce-1d69-4920-9eb8-5d761e2486d5,2026-07-31T12:41:54.819613,ID,verified
c8bf7a84-e07b-47db-8cf3-0b2cac90e531,2026-07-15T20:28:52.893807,AD,verified
2153702e-690e-4b05-a4d8-ebb75dff2c96,2026-06-23T01:12:29.523254,PE,verified
2b624139-ec24-4d74-b6c2-6ba4e9e7d089,2026-06-12T06:39:47.428220,MT,verified
9fc76a3b-1656-473f-a1e5-dd77cd41406d,2026-07-11T01:45:47.979460,UY,unverified
f49443be-fdb3-49c0-97a7-b1affe225a1d,2026-06-23T07:29:34.575582,IT,unverified
6077d80f-7e54-4e2b-ba19-a270bea74e92,2026-07-01T10:52:03.293353,SC,unverified
91abf03b-86a6-4bc5-a845-f7776c52401c,2026-06-29T11:31:53.254418,SR,verified
45164e3f-e755-4815-9f3c-b37cf0fb9164,2026-06-08T00:31:58.301013,GE,unverified
32594c87-2e65-42b8-a2d3-b74b7e9595f8,2026-07-10T22:12:10.037039,UA,unverified
b1749818-05c5-4cf3-a4a2-9556b3390cde,2026-08-21T00:58:44.763857,PA,unverified
38caa87d-5443-49fc-adb8-97097efdc4bb,2026-08-06T04:58:59.183918,AZ,unverified
33368d02-d7bf-495a-8f92-3f0f46bc3830,2026-06-24T03:51:12.547359,SC,unverified
213492e3-209a-413f-bbaf-3fda4067c454,2026-07-13T18:50:24.618295,AL,unverified
1a116af6-2b06-4176-99c5-27c9a7990728,2026-06-18T15:31:51.780237,TN,verified
83b45401-ab59-4f12-8b78-efd815f942c1,2026-05-30T17:54:26.675078,EG,unverified
726e0aa3-998a-4671-9fca-7f0b4439f0da,2026-08-18T08:38:44.378248,YE,verified
e67fdab3-9da9-4806-bb87-16f9c69fc7a0,2026-06-09T06:23:48.879969,BF,unverified
0252f870-a607-4387-baf3-ac82dd947118,2026-06-16T15:55:35.331144,SN,verified
505ef2f6-633a-446f-9bb0-59dfb9c0826c,2026-07-05T21:29:15.277235,SO,unverified
44fe89f5-b0ff-449e-9423-15764565733f,2026-08-24T01:02:15.773600,VN,verified
0416da9f-7b15-4608-b302-f87a8ce98efc,2026-08-14T16:51:17.605009,ZA,verified
e43dcbba-63fb-462b-bd54-d40d0095ee55,2026-06-28T23:34:48.742417,SD,verified
82fa249a-0005-4e7a-b530-11c75d871994,2026-08-13T15:00:53.475401,CF,unverified
52d7fdeb-1237-4f1e-96b1-e521ccbfadd0,2026-08-24T06:33:49.686684,HR,unverified
e22ff012-a5f8-49a8-b43b-e7cde668fcd0,2026-08-06T14:41:16.897347,SY,verified
83d38c10-e007-4157-8e02-0fb49c521e5d,2026-06-12T22:18:38.848084,LY,unverified
1481eb9e-be2b-4cdc-831a-8f998b385bc3,2026-07-18T01:05:55.130596,GN,unverified
7010da00-2209-43d3-b5ca-b979ac1c4408,2026-07-31T00:44:11.036258,ES,unverified
c8f2c604-87d8-47ed-b4a0-a98a013539ca,2026-07-22T15:08:07.401240,MU,unverified
f283536c-e3da-4096-b617-47afb71cc657,2026-07-13T07:18:22.699766,BW,verified
802b9ca9-38d5-40af-a2db-ac7d70d3b12d,2026-08-10T06:30:32.420647,AU,unverified
492cf8d3-c5cb-421f-b1e8-e58b86deb8ca,2026-08-18T00:18:02.175630,LI,verified
ee00bfe8-7999-4445-a93b-deeb78674322,2026-06-10T18:52:58.733739,NG,verified
affd3de3-844c-4ec6-916c-62a1ea1c565e,2026-06-09T20:27:06.633961,BB,verified
c9c42ff5-f0c0-48d9-9262-747f3144a837,2026-05-29T00:24:00.930074,IL,verified
f4c304fa-ded9-46fa-971d-8820367b576a,2026-06-01T20:45:12.841100,CU,unverified
877f0b7c-1cfb-4f0f-8df6-95af345fe960,2026-07-08T23:12:19.567995,TJ,unverified
acbc623f-bfa1-4c3e-97b5-bffb4ad6b279,2026-07-23T22:56:33.816197,CV,verified
68cf6b3c-c9fc-4652-bb40-3819e59caafe,2026-08-19T22:02:18.458989,BG,verified
0df8890b-a816-4d91-a845-9b5349109ce8,2026-07-14T19:52:24.983167,SY,verified
0ddb63aa-63b9-4da1-92f3-f82e4e713a96,2026-08-19T13:57:00.502244,SC,unverified
7ad3c337-f23e-403a-a12e-2586846ab547,2026-07-18T17:26:26.496583,BF,verified
ed168c57-c9e5-4004-a476-8c5d01de766e,2026-07-21T11:37:35.148202,NG,unverified
7720b327-bdc7-4998-b6be-d1dfe780accd,2026-06-25T10:08:00.658976,GE,unverified
314605a8-0b96-44a8-b959-098f45042dff,2026-07-19T09:43:14.552618,AF,verified
e09204ac-47a9-4f21-afb0-33b60ab93ac1,2026-06-29T13:34:48.360308,SR,unverified
c1adaed4-cb62-48f0-89e4-a40c00e1e867,2026-08-18T22:04:31.986562,AZ,verified
4ab7de8c-3600-43b7-911a-ed4c0618faa1,2026-07-03T07:00:51.550523,SK,verified
1dd6a9d8-42e6-4c5f-982e-03a678faa3a3,2026-06-16T23:17:15.671928,SR,verified
39885027-ffe0-42bb-b5e1-49545f076da3,2026-06-17T08:51:06.232460,BW,verified
de7bac00-2ab8-4b1c-849d-ad33053635f8,2026-06-16T14:16:51.832878,CM,verified
dabab4ca-a5bf-4d2b-860a-5804b56a96e3,2026-07-17T09:12:31.278122,DJ,unverified
bf2973eb-318b-46b0-b87d-e4edb41ef72e,2026-08-06T01:27:45.714082,IT,unverified
4cd6544f-ab78-4bfa-b8bd-b4e2f5cb5f03,2026-06-26T23:15:43.407351,CU,unverified
b6659102-c922-4f12-ac77-e1359395540f,2026-07-13T21:48:55.814058,GR,unverified
4e68a803-3b7d-41df-9ade-b869f92cf767,2026-07-25T03:18:44.205464,LR,unverified
9de9dda6-bc5b-435c-b3ec-fc82a0a275a3,2026-06-26T19:03:18.918216,GR,unverified
ab07ccfe-caf6-4931-a946-401fec47617e,2026-07-27T05:12:08.962694,DZ,unverified
64e7d7db-f2ae-4307-9072-61575fe39011,2026-07-12T11:49:13.554663,CD,unverified
0bfd0c83-79ef-4530-bae4-2c130d0728ca,2026-05-29T04:19:54.059874,AD,verified
e45fa51c-f82e-4a66-ae70-0434d74f5489,2026-07-18T20:37:44.681832,GE,verified
fb2a075d-85a8-494c-bc9f-c948c7077267,2026-07-08T02:04:42.084433,BJ,unverified
b3bc67bf-2236-4e82-8fc6-39eb27a151a5,2026-08-09T08:45:41.482783,SK,unverified
7305aefb-d99c-4bb3-af28-f5b891c515e7,2026-08-13T01:13:17.315227,MW,verified
0936a3f2-dff3-4cfb-b2be-d9b70857518d,2026-08-09T19:54:02.630684,ID,unverified
f7e2aec9-b69b-49b7-999a-5f13cdcd84b7,2026-06-22T23:32:23.237090,MX,verified
e4c955e1-0352-43c0-843c-b2f61d6e2778,2026-08-03T23:14:07.074918,IN,unverified
8c24115c-6085-415e-8f20-f949888049b1,2026-07-08T17:39:37.475167,JP,unverified
f95c6f62-c5ef-4104-a1c8-1c427480e5c3,2026-06-11T23:34:40.426041,MY,unverified
26b1d500-a523-468e-9d9a-280410ba7e27,2026-06-14T14:03:48.313872,TM,verified
aae2143e-9f3f-49ea-87df-3ffb384f1039,2026-07-31T20:44:45.106750,PY,verified
dae756c0-1dcc-41e8-9e7e-486fb94e1da0,2026-06-13T04:00:49.028074,LR,verified
ad0e19ba-c259-47dc-96a6-ea814b858e8c,2026-07-31T12:46:27.768218,ET,unverified
f55f532b-8c2e-449a-911f-795b203014fc,2026-06-25T11:11:08.764411,MN,unverified
130d3097-5b00-43d7-b4c0-33a9b949fc6b,2026-07-15T08:21:35.166122,SC,verified
eb0984eb-5139-4cc8-ba21-6a01c0228f58,2026-06-10T03:52:01.200522,KI,unverified
946addf5-0736-474e-b33a-53da3409deac,2026-06-04T15:08:50.336266,VE,verified
e91ab501-f716-4c99-bd6f-82a32aa428c6,2026-06-04T10:17:44.188328,NP,verified
ef9b06c8-b886-4822-a676-9003e5112b25,2026-07-17T19:46:04.895781,PW,verified
f9527937-03e6-40c9-af7b-aab9b0995ed8,2026-08-12T14:33:30.084451,CF,unverified
3c92932d-4daa-42eb-8274-c40b070d24d4,2026-08-05T05:59:15.121465,EE,unverified
0f603d74-b12c-488a-af94-49b1d5a3e5e5,2026-08-23T14:29:38.261656,IR,unverified
c0a09e9d-1a49-479b-abc3-0c2dde21f5a6,2026-07-13T06:55:12.991891,SO,unverified
bc395b15-62f5-4ada-979a-4a6dbdb6a91e,2026-07-30T03:45:28.528972,MR,unverified
e33a5ce8-5cd7-4a87-b523-06d4705bc077,2026-08-11T04:15:38.850512,GE,verified
bdcd1596-8c6f-4625-8dc3-78c606b887b4,2026-07-08T18:27:17.602643,BO,unverified
2662b3ac-2ace-4a8b-84f5-27d6ff7f7d01,2026-07-10T04:24:26.189266,SZ,verified
ed88c4ee-9e13-4d53-bb67-fdabf7352876,2026-07-17T11:11:12.437131,GM,unverified
2a63bb38-cd95-4441-baaf-56deea36d284,2026-07-06T16:08:16.656558,BJ,unverified
b2c6b4bf-94ac-4ea7-8bef-534b36c826c0,2026-06-28T02:58:50.009995,TZ,unverified
ba961fa3-608c-42b1-8961-669aaee62c1d,2026-06-19T10:55:11.031115,CU,verified
eaa91266-cbcc-4298-9363-19d41da888c4,2026-06-16T04:57:07.242630,KM,verified
e26b473e-4b8d-4294-8b21-46e308e9811f,2026-06-05T21:16:57.853642,ID,verified
f6f26c48-0f54-44e8-a01e-02c20eb5781c,2026-07-28T07:51:13.348542,MG,unverified
b6d7bd10-2099-4d6b-b0cd-3a21e7175e1b,2026-08-01T06:57:25.445283,LV,unverified
fa49309d-bba7-435b-bec9-bda16bda3dea,2026-06-14T08:11:55.827221,TV,verified
5678863b-d4aa-4a50-837e-905daaf0bc6d,2026-06-05T06:37:29.017251,GE,unverified
e4573d4b-c8fd-4d1c-bed1-f6d99c4fcfa9,2026-06-07T01:45:35.993721,TO,verified
68e3535e-5f29-47e8-a2f9-34d26bfcf765,2026-08-07T06:52:25.744753,MD,verified
fe74a650-b9c3-4ef4-9df5-3a3c10d50583,2026-08-04T20:36:14.675424,RS,unverified
3a0dd432-cd4f-428a-9b19-330aed2177b2,2026-07-30T23:50:33.968789,TD,verified
215680e0-6c0d-4a2d-b210-a0f36c26d0cd,2026-07-12T06:40:35.072851,MG,verified
d94ca606-a65d-4bda-a9f0-f76eb4ff592b,2026-07-20T21:38:28.272680,ML,verified
87029d50-ffa8-47a6-a323-47731eb3a4c2,2026-07-21T15:01:57.788954,GQ,unverified
00cf4517-a5b7-495b-8430-b962acba5d3b,2026-06-09T09:22:25.280013,LT,unverified
2617d09a-ce4a-472a-b61f-304a26309146,2026-07-28T13:10:56.140558,GD,unverified
2a36e9e4-6452-4f86-bf7b-1358bba78c34,2026-08-23T11:11:28.975135,FR,verified
beb85636-f96b-469b-9e2d-1a3c335ef57b,2026-06-12T00:17:56.424184,HT,verified
6ec8e3a2-87cd-4862-ad08-3c543fff3759,2026-07-10T20:53:59.651099,NA,unverified
65f67a8b-0100-4046-a796-576972f0c170,2026-07-13T22:30:53.776865,DM,unverified
027b1d83-1b72-47e4-941b-7222e7aff310,2026-06-21T16:22:35.423871,KM,verified
9cc33842-6e86-43ef-834b-89f117ad2f85,2026-07-10T11:28:47.865786,BF,verified
203d647e-9150-43c8-b55c-81a7c209b22c,2026-08-18T11:49:46.192955,TO,unverified
551d1991-baae-49b8-9554-4be84e383190,2026-08-22T20:13:08.892447,NP,verified
3df892e8-0cdb-4e88-a907-403fdda4fcc7,2026-07-06T10:39:42.239290,TM,unverified
1b3dbc62-79d1-47b8-9abd-68c30f27a570,2026-06-05T02:59:03.304210,NP,unverified
6ba3c6dd-1c60-4257-87c2-cd72b9fbaef3,2026-06-24T22:03:08.793916,AO,unverified
8326fadd-fe71-446e-ad77-402aa21fc6fe,2026-08-09T16:48:51.829747,KE,verified
9fa6a53f-f921-461b-862f-eca47b5197bf,2026-08-13T03:25:02.752437,CZ,verified
956dfc01-06cd-4b3b-9925-e4730e95c139,2026-08-05T07:39:42.312044,CF,verified
f37f6b71-dc5d-4558-bb99-b3c044122264,2026-06-24T17:19:52.450902,RS,verified
8f01722b-8700-4d81-9bab-4289c5c65989,2026-08-12T04:54:40.449455,MA,verified
1041b17d-9132-4bfc-bacb-a225624f1bf5,2026-07-15T03:08:05.722080,ID,verified
e4ad35a1-ee83-41d0-ab8f-a7927f4ba663,2026-08-10T01:51:30.226082,RS,verified
6197ffd8-7333-4158-bda6-e7fca6ead7e1,2026-06-28T09:59:43.886719,SN,unverified
e596bcfb-24c0-4d3f-955e-3af7896a6cab,2026-05-29T11:11:14.870297,SN,unverified
3a01af8a-6449-4e9c-9ddb-f04d88c492f5,2026-07-04T05:02:52.112806,HT,verified
a77a44fd-6b0e-4991-bf6c-7672661a3e55,2026-07-13T14:35:02.007966,JO,verified
30f4aafe-e8fb-478b-a5ca-381d1cb97376,2026-08-02T12:40:52.687273,LR,verified
ffb088d1-c650-4e84-8089-5fb17cb7ff72,2026-08-09T08:24:27.020134,UG,verified
503f7b19-51f4-4b52-b3f6-1c9b4ebad869,2026-07-24T01:55:13.781954,MZ,verified
578ca13d-f642-4491-92d6-ead39d0bff05,2026-08-04T10:30:29.989919,GM,verified
f72fe551-0fd8-4b66-890e-4fea5e550d44,2026-07-24T11:41:42.033070,CA,unverified
2a2d3644-903d-48d9-84e7-2fb8209f8a18,2026-06-15T00:05:23.445119,GW,verified
0aec1e75-edf5-4867-86b8-853165f7c7cd,2026-07-31T08:17:22.849902,MM,unverified
60a696d4-6d9a-49ce-8027-127f46aec00c,2026-07-11T20:03:27.098196,BN,unverified
95ddbc0a-d0cd-4864-9a8a-d8cfc79c4ff7,2026-07-27T11:32:38.359117,FM,unverified
64c0d595-c634-4bee-a182-b36a96a9ce8b,2026-06-19T05:20:00.090402,IL,unverified
d343468c-02f1-492e-b455-6e7785502251,2026-06-28T18:48:07.321463,FR,unverified
4a4ee17b-9d8a-4bc3-8a79-1fbda374ce74,2026-07-17T10:29:30.099202,BI,unverified
beadde60-fd82-4fc1-b5bb-11ce3700e861,2026-07-27T00:00:36.395042,BN,unverified
85166ded-3dae-44d1-b009-a0034c04537d,2026-06-17T18:48:53.623825,GM,unverified
470416d4-225c-4c99-99f9-52b91d0e5b99,2026-08-04T12:45:37.489269,NP,unverified
2f0633b4-e95c-4147-8081-7fd1a34958e0,2026-06-14T23:38:49.473076,AO,unverified
87ec7dcb-671e-4909-9125-43babb48cd7c,2026-05-31T17:19:38.763262,UA,verified
10a0d951-f05c-4282-aa1b-3d6365e1b481,2026-06-05T03:25:13.812616,PS,verified
bba75cd9-3704-4f60-a8ad-32a377fbe414,2026-06-26T02:46:51.313694,MH,unverified
4909da34-8c34-4a9c-93fb-d87fb1459265,2026-05-27T16:27:07.991585,UZ,verified
50d3ed9c-282a-4bf9-bed7-c743ac639289,2026-08-12T01:48:38.273492,KZ,verified
13c65ffc-2170-4360-aa1b-cb3fef5a2b96,2026-08-06T12:38:23.925824,GH,verified
6f623c55-8d8a-472f-92e1-86aab54153a0,2026-07-18T19:58:25.598878,BY,unverified
6bf0c3a1-30fb-4239-94d6-542c101bf366,2026-08-12T15:27:41.246801,CM,verified
80726944-3eb1-4ae6-8111-05f29428bec4,2026-07-28T02:10:42.696198,KR,unverified
ddc3665b-ba3b-45ca-ae20-a18986b86415,2026-07-25T03:00:11.675401,HR,verified
21837f56-976a-4614-8402-0dae19304bec,2026-08-12T16:48:12.068904,HR,verified
623c1316-14e9-43c1-bbd2-9a2167a75200,2026-08-03T12:29:46.313214,KW,unverified
c4447254-3716-4434-8272-96a070b8e97a,2026-05-26T13:48:00.551884,UG,verified
e52af9d7-eefd-4c3a-aa8f-6cef5522af1b,2026-08-11T04:14:17.125462,SV,verified
620b5760-53d2-4317-badf-4066a10bd9a9,2026-07-08T17:17:53.124326,MV,verified
3387d233-f6f9-4c85-940b-dc103477ff96,2026-06-27T23:30:14.180385,HU,verified
bc3ba276-8340-4a63-bc4a-d2702c3637fb,2026-08-04T02:48:18.498155,MW,unverified
451ba247-a61a-4c51-863e-a1102b917107,2026-07-11T14:19:57.134590,EG,unverified
614ecc82-29d7-4ca0-8ec2-e196ddf809d6,2026-06-10T04:22:25.445781,NP,verified
22bf078d-6acb-45c5-9156-ec3f543f552a,2026-07-16T09:06:46.480544,MZ,unverified
eaea5f33-74df-4ead-9b86-63b711e4a848,2026-08-17T21:26:09.154687,BT,verified
7fb12515-d5d8-4379-8d9c-b689752f06e5,2026-07-30T14:00:14.874555,PA,unverified
b79b79a6-5c3b-4d8a-9498-92c0b557779c,2026-07-22T19:43:13.288473,PW,verified
438ca254-015f-4b7b-88be-b6e77b5b6cac,2026-07-10T06:34:39.457197,OM,unverified
aac39c2d-f0dd-4cfe-9437-b52500740399,2026-07-07T15:25:37.927231,KW,unverified
add7d29f-3219-4d23-96f8-c16241069b63,2026-06-22T17:11:17.787134,ES,unverified
f89927b6-aca5-4c04-83d0-de77df5601d1,2026-05-30T23:58:21.021498,NZ,verified
2982251f-b6d8-486b-b815-673e8fd2cd7c,2026-06-03T01:16:04.537832,BS,verified
23efa788-c78e-41f6-a980-6ab6b264ecac,2026-07-04T17:47:36.389016,TV,verified
ef0535a7-22ce-4256-a2f3-5f98534667ff,2026-05-29T09:48:04.377167,EG,verified
8c8c423f-c58f-4b47-89cd-cabe266e23ac,2026-07-20T06:16:02.737537,VC,unverified
289e547a-60de-4a19-8b1a-df51fbd46bba,2026-06-18T10:10:14.568197,KN,unverified
caa4d69f-64d7-48c3-949c-c4825925f6cd,2026-06-10T21:03:52.306118,SG,verified
6fef0778-eb70-4bff-8e3b-5cb7378f9eef,2026-08-22T16:48:54.665745,ID,verified
b2ee216a-fb2b-49fa-a3ec-a44c55974fe4,2026-06-09T21:13:18.785765,TT,unverified
3781516b-3ea6-40fc-bd49-c18c4c0ac7c9,2026-08-08T08:55:35.334612,JP,verified
4222398f-7251-4193-a0b2-3db17261f417,2026-06-13T11:12:57.079813,IL,unverified
19feb1d8-a61e-4b97-89fe-89c01b29855f,2026-08-01T13:59:45.284110,IR,verified
0ffba501-0308-488b-af94-54e4a58a3110,2026-08-02T21:24:25.992828,AG,unverified
9ae3d79b-d306-48a4-a83a-b47fc2f762f7,2026-07-13T07:32:19.278188,ZA,unverified
b5fd9dd4-ae46-466e-918f-994c81eca558,2026-08-13T07:35:23.880599,SN,verified
8927695a-5726-4724-b6a5-d8153fdee74a,2026-05-28T21:29:11.410954,CA,verified
a4f22343-5dd7-4211-afef-2f32923b965e,2026-07-21T02:21:40.988881,TT,verified
6009e770-5408-4923-ac9d-b909e5326297,2026-08-06T17:56:25.667099,GY,verified
96025fe2-3a05-4100-b649-23d4f2995880,2026-07-18T10:05:21.730003,AT,verified
bc130edc-de42-4fc9-ae7c-d6686242c6c2,2026-08-21T12:45:00.130732,MU,unverified
734885f7-9f13-42e9-9a60-dd359249b6f6,2026-07-03T09:06:21.565675,BZ,unverified
e77c1dc5-5d04-4659-8be7-d4279acb185c,2026-07-14T22:07:00.819077,RU,verified
0a8687be-7749-48df-9e67-de5eb6166bd1,2026-08-20T03:13:32.896517,JP,unverified
7c1877d3-9f9b-44bf-873e-d6ba35023f81,2026-08-04T00:23:20.844121,CM,unverified
810ea435-5c71-410e-aa13-258b7636ed98,2026-07-30T22:03:55.169049,TM,verified
68a9768e-8829-4189-9907-9b1bbd291cc1,2026-06-06T13:48:17.826565,KW,verified
f22f4843-1f3b-4e05-abad-ebfe36dfa4c2,2026-07-30T20:05:11.706274,AM,verified
6bde4d5b-4a82-4a76-aa40-4cecb8f5734b,2026-06-18T20:17:01.305029,AO,unverified
eceb3924-c942-4543-b80a-bd83fa1a2f67,2026-07-27T01:43:17.552665,TJ,unverified
24c28c1c-c3fc-4245-8389-b09302aa808d,2026-08-13T03:58:06.196177,TH,unverified
fc58f9dc-9097-4244-845a-0b6c01b8a6ed,2026-07-21T01:30:32.858746,KE,unverified
e7f0750f-3574-4546-a011-d9d041bc43ce,2026-08-03T21:29:49.824583,HR,unverified
e1588c30-77f7-4112-9046-97f07c62f4d3,2026-06-27T18:55:55.920497,RS,verified
6d7d2119-ee28-4c21-84c4-1214f19c4806,2026-07-17T01:40:28.017839,CL,unverified
421695bc-8e53-4f8f-8e63-da209ca8df3f,2026-06-10T22:31:49.569251,TH,unverified
0b4f0936-5c73-4690-811d-949d4234351b,2026-06-13T18:26:26.563490,IR,verified
97bf1ab5-2807-48de-954b-2f1d36acf90a,2026-06-20T02:15:04.358300,TJ,verified
e6674af3-c0d5-490d-875b-f190f42a4cdf,2026-07-21T04:14:10.131711,MC,verified
218339d9-e3aa-44be-a9c9-a25660e2edf4,2026-07-07T20:22:38.715575,AU,unverified
9a869eb5-869e-4988-b86c-7a76a3200592,2026-05-28T21:19:13.380302,EG,verified
de54e184-6908-475b-8751-5fa7bf0aec32,2026-08-09T17:24:44.120893,CL,verified
