phase,account_node,account_id,is_fraud_account,degree,weighted_degree,connected_device_count,connected_ip_count,connected_merchant_count,shared_device_count,shared_ip_count,proj_degree,proj_weighted_degree,community_id_louvain,community_id_lpa
T2,account:3a886867-19d0-4ff1-8a01-31c8ce6d2f57,3a886867-19d0-4ff1-8a01-31c8ce6d2f57,False,8,18.0,2,3,3,2,2,77,80,44,0
T2,account:41a5aa2a-9089-4ddb-be8a-910d2e44f8ff,41a5aa2a-9089-4ddb-be8a-910d2e44f8ff,False,5,9.0,2,1,2,2,1,64,64,44,0
T2,account:18cf4696-83af-4c34-a74e-4056fb1767b2,18cf4696-83af-4c34-a74e-4056fb1767b2,False,4,6.0,1,2,1,1,1,25,25,67,0
T2,account:e89ac38d-a1c4-4fc3-9b5d-04700ce92a5f,e89ac38d-a1c4-4fc3-9b5d-04700ce92a5f,False,4,12.0,1,1,2,1,1,52,52,39,0
T2,account:48ff5500-eaee-4c53-b7c3-84e261b0f1d0,48ff5500-eaee-4c53-b7c3-84e261b0f1d0,False,9,15.0,4,2,3,4,2,87,88,67,0
T2,account:0bbc253f-ebb6-4b40-9084-edb713b0a28d,0bbc253f-ebb6-4b40-9084-edb713b0a28d,False,3,3.0,1,1,1,1,1,35,35,46,0
T2,account:e404f41f-f696-48fa-a002-18eac634917b,e404f41f-f696-48fa-a002-18eac634917b,False,5,9.0,1,2,2,1,2,47,47,70,0
T2,account:c9dcde66-c44b-447e-9957-3d895e681c9f,c9dcde66-c44b-447e-9957-3d895e681c9f,False,6,15.0,2,1,3,2,0,77,77,53,0
T2,account:29f76a51-cc11-4cf7-845d-de75d329967a,29f76a51-cc11-4cf7-845d-de75d329967a,False,3,3.0,1,1,1,1,1,28,28,40,0
T2,account:7d2c0560-5348-459f-93b3-bf044decd829,7d2c0560-5348-459f-93b3-bf044decd829,False,8,15.0,2,4,2,2,4,78,80,40,0
T2,account:e77d48cb-dfca-41f5-bea8-2fa23a15d1fd,e77d48cb-dfca-41f5-bea8-2fa23a15d1fd,False,6,15.0,1,2,3,1,2,67,68,44,0
T2,account:7f0da0de-5c38-4b8f-afa7-b2dcef9ce01b,7f0da0de-5c38-4b8f-afa7-b2dcef9ce01b,False,3,3.0,1,1,1,1,1,35,35,84,0
T2,account:2044ee57-3f7f-4fa3-a010-825905ddf961,2044ee57-3f7f-4fa3-a010-825905ddf961,False,6,9.0,2,2,2,2,2,56,56,49,0
T2,account:668324df-d4d6-4752-acc4-9c115443c2a4,668324df-d4d6-4752-acc4-9c115443c2a4,False,4,6.0,1,1,2,1,1,48,48,46,0
T2,account:210aebf1-5489-4b28-8e0f-9b14216d5d06,210aebf1-5489-4b28-8e0f-9b14216d5d06,False,5,15.0,1,2,2,1,2,49,49,83,0
T2,account:4ca16dc8-c148-4b0e-b733-8d998689dc41,4ca16dc8-c148-4b0e-b733-8d998689dc41,False,7,12.0,3,1,3,3,1,79,79,60,0
T2,account:f57cdfc1-746b-4d27-b145-1d58c8d8c79d,f57cdfc1-746b-4d27-b145-1d58c8d8c79d,False,7,18.0,2,2,3,2,2,62,62,83,0
T2,account:a39d506e-91fa-4f7a-a45e-2014c2b490e8,a39d506e-91fa-4f7a-a45e-2014c2b490e8,False,3,3.0,1,1,1,1,1,27,27,61,0
T2,account:dc8fa4b6-482a-4fd1-9c7a-c6c7db577b75,dc8fa4b6-482a-4fd1-9c7a-c6c7db577b75,False,3,3.0,1,1,1,1,0,25,25,71,0
T2,account:8f457fb5-6c07-4827-ab7c-785cb0f79da3,8f457fb5-6c07-4827-ab7c-785cb0f79da3,False,4,12.0,1,2,1,1,2,35,35,10,0
T2,account:72ac4e12-5547-413e-a36b-af629292d8c2,72ac4e12-5547-413e-a36b-af629292d8c2,False,5,6.0,1,2,2,1,1,54,54,67,0
T2,account:b5ff2a8b-0e63-48d0-bcba-d232a7defe28,b5ff2a8b-0e63-48d0-bcba-d232a7defe28,False,5,15.0,1,1,3,1,1,62,63,70,0
T2,account:831dde43-d025-4a58-9ffb-b93316ca271d,831dde43-d025-4a58-9ffb-b93316ca271d,False,8,9.0,3,2,3,3,2,96,97,46,0
T2,account:88783c67-94d1-4685-aef9-86e493113de8,88783c67-94d1-4685-aef9-86e493113de8,False,4,21.0,1,2,1,1,2,41,41,3,0
T2,account:0535135e-ca2b-4cdf-892a-dac1d5d99d5f,0535135e-ca2b-4cdf-892a-dac1d5d99d5f,False,6,12.0,1,2,3,1,2,79,84,2,0
T2,account:b6b47944-5447-4cb1-89a7-4fd26ecf1f33,b6b47944-5447-4cb1-89a7-4fd26ecf1f33,False,8,18.0,2,3,3,2,3,81,81,46,0
T2,account:e318f707-33fe-4219-ae62-1c1f916209c7,e318f707-33fe-4219-ae62-1c1f916209c7,False,6,6.0,2,2,2,2,2,44,44,49,0
T2,account:541a7d1f-b06c-4e03-bf4e-c26aa4534bcf,541a7d1f-b06c-4e03-bf4e-c26aa4534bcf,False,5,6.0,2,1,2,2,1,57,57,44,0
T2,account:6425c1c2-2a42-45f6-9668-2f0c1aa38580,6425c1c2-2a42-45f6-9668-2f0c1aa38580,False,3,6.0,1,1,1,1,1,25,25,26,0
T2,account:ff523a17-e9b2-41d7-8d19-76dee4bb928e,ff523a17-e9b2-41d7-8d19-76dee4bb928e,False,4,6.0,1,1,2,1,1,52,52,61,0
T2,account:68cc4f92-9e39-4746-a63d-167a20e9f70c,68cc4f92-9e39-4746-a63d-167a20e9f70c,False,6,12.0,1,2,3,1,2,64,64,3,0
T2,account:32227fd3-d83b-4bc4-9b29-7201bd92e600,32227fd3-d83b-4bc4-9b29-7201bd92e600,False,3,3.0,1,1,1,1,1,36,36,44,0
T2,account:1caa5ee6-327e-496f-a906-25abf23b201c,1caa5ee6-327e-496f-a906-25abf23b201c,False,6,18.0,2,1,3,2,1,74,75,24,0
T2,account:669137e9-ee22-4e22-9cc4-5c32321a7285,669137e9-ee22-4e22-9cc4-5c32321a7285,False,8,12.0,3,2,3,3,2,69,69,35,0
T2,account:86ececaa-6958-42a2-8e73-baba5560a774,86ececaa-6958-42a2-8e73-baba5560a774,False,5,9.0,1,2,2,1,2,60,60,39,0
T2,account:3ccdc691-5754-445a-82a9-ee67c6c838c8,3ccdc691-5754-445a-82a9-ee67c6c838c8,False,5,6.0,2,1,2,2,1,51,51,46,0
T2,account:e711975d-7c2e-4980-8d59-187167b04f32,e711975d-7c2e-4980-8d59-187167b04f32,False,3,3.0,1,1,1,1,1,20,20,33,0
T2,account:042f2f77-a26a-416c-95bc-d82b10618c39,042f2f77-a26a-416c-95bc-d82b10618c39,False,4,6.0,1,2,1,1,2,34,36,67,0
T2,account:286a76bb-eac8-43df-b266-98513d6aa57b,286a76bb-eac8-43df-b266-98513d6aa57b,False,4,21.0,2,1,1,2,1,34,34,39,0
T2,account:2b9c7fa4-1d83-4449-ba75-9b339e8b148e,2b9c7fa4-1d83-4449-ba75-9b339e8b148e,False,5,6.0,1,2,2,1,2,46,46,3,0
T2,account:89dc5e62-dcf6-4bad-9859-2a278fb21b7a,89dc5e62-dcf6-4bad-9859-2a278fb21b7a,False,7,12.0,2,2,3,2,2,61,62,36,0
T2,account:0e179098-5467-4f8a-9c62-5e4f47320280,0e179098-5467-4f8a-9c62-5e4f47320280,False,3,3.0,1,1,1,1,1,31,32,83,0
T2,account:1c04d8f9-0ee2-459a-9708-f6d5e91a5b21,1c04d8f9-0ee2-459a-9708-f6d5e91a5b21,False,8,15.0,3,3,2,3,3,57,58,3,0
T2,account:0eadaa44-6255-4118-b2b9-6cbee4020220,0eadaa44-6255-4118-b2b9-6cbee4020220,False,0,0.0,0,0,0,0,0,0,0,0,1
T2,account:9b07d033-48fc-4c19-8fa0-55fb5d37c9d9,9b07d033-48fc-4c19-8fa0-55fb5d37c9d9,False,0,0.0,0,0,0,0,0,0,0,1,2
T2,account:5a6f9204-a66a-420c-9bd3-84680cca8ff1,5a6f9204-a66a-420c-9bd3-84680cca8ff1,False,3,3.0,1,1,1,1,1,24,24,3,0
T2,account:6dd49227-2d98-473f-a825-d332bca09b16,6dd49227-2d98-473f-a825-d332bca09b16,False,5,6.0,2,2,1,2,2,39,39,24,0
T2,account:4f25a035-dc65-4b84-80a5-646c1421cf1f,4f25a035-dc65-4b84-80a5-646c1421cf1f,False,3,12.0,1,1,1,1,1,25,25,2,0
T2,account:649978dd-5915-47fa-9395-da9c6e92384f,649978dd-5915-47fa-9395-da9c6e92384f,False,7,15.0,2,2,3,2,2,79,81,3,0
T2,account:b05df77e-1e5b-49b1-ac15-9cf26079e50d,b05df77e-1e5b-49b1-ac15-9cf26079e50d,False,6,12.0,1,3,2,1,3,73,74,44,0
T2,account:bbfde417-8794-48e8-839e-c982b93b4a1d,bbfde417-8794-48e8-839e-c982b93b4a1d,False,6,12.0,2,2,2,2,2,52,53,70,0
T2,account:fa81579c-22b6-4d2f-b2af-510ad796a1b0,fa81579c-22b6-4d2f-b2af-510ad796a1b0,False,4,6.0,1,2,1,1,2,39,39,84,0
T2,account:acb43f8a-886f-4850-b79e-cec1a8ee8a26,acb43f8a-886f-4850-b79e-cec1a8ee8a26,False,5,15.0,2,1,2,2,1,50,52,2,0
T2,account:0d07f5e1-ab5f-47a3-9485-6dbb884c50af,0d07f5e1-ab5f-47a3-9485-6dbb884c50af,False,5,9.0,1,2,2,1,2,67,67,3,0
T2,account:0933b22a-717b-49ae-8a30-1227ed3ad998,0933b22a-717b-49ae-8a30-1227ed3ad998,False,3,6.0,1,1,1,1,1,29,29,26,0
T2,account:a59d5861-f267-40c7-8968-a6bb91256a5f,a59d5861-f267-40c7-8968-a6bb91256a5f,False,4,6.0,2,1,1,2,1,38,39,49,0
T2,account:4b39100f-8a98-4a0a-b921-d46fb7dfc01c,4b39100f-8a98-4a0a-b921-d46fb7dfc01c,False,5,12.0,2,1,2,2,0,59,59,71,0
T2,account:db3642ef-b865-4675-bebb-31ba5ae6dfa7,db3642ef-b865-4675-bebb-31ba5ae6dfa7,False,5,12.0,1,2,2,1,2,49,49,33,0
T2,account:f46d9e13-0573-49cd-8fca-cad32c0f4f37,f46d9e13-0573-49cd-8fca-cad32c0f4f37,False,6,9.0,1,3,2,1,2,44,44,67,0
T2,account:f20bf6fd-eccd-4499-b938-ce23148b0208,f20bf6fd-eccd-4499-b938-ce23148b0208,False,3,3.0,1,1,1,1,1,30,31,80,0
T2,account:f618583b-f137-4d7c-928b-662ee9ebcb80,f618583b-f137-4d7c-928b-662ee9ebcb80,False,4,12.0,1,1,2,1,1,50,50,40,0
T2,account:ae5b280f-dc66-456e-a7b5-1e791ad31094,ae5b280f-dc66-456e-a7b5-1e791ad31094,False,6,9.0,1,2,3,1,2,76,76,53,0
T2,account:391a4c3e-79d2-4cac-81a3-42f3e7db67e4,391a4c3e-79d2-4cac-81a3-42f3e7db67e4,False,7,24.0,3,2,2,3,2,56,57,80,0
T2,account:eacd66e2-f4df-43e9-959c-4aa50874142c,eacd66e2-f4df-43e9-959c-4aa50874142c,False,4,6.0,1,1,2,1,1,38,38,46,0
T2,account:c12ccd7a-7b8a-421a-bba6-37721a58755b,c12ccd7a-7b8a-421a-bba6-37721a58755b,False,3,3.0,1,1,1,1,1,33,33,84,0
T2,account:748efb74-e96b-47f8-be91-52be310e3b72,748efb74-e96b-47f8-be91-52be310e3b72,True,10,60.0,4,3,3,4,3,100,147,2,0
T2,account:211771dd-4c71-4188-9de5-ca9f2dd17512,211771dd-4c71-4188-9de5-ca9f2dd17512,False,5,6.0,1,2,2,1,2,41,42,70,0
T2,account:12a95e3d-0af2-4ee2-8230-0d96dda1749e,12a95e3d-0af2-4ee2-8230-0d96dda1749e,False,4,6.0,1,1,2,1,1,47,47,3,0
T2,account:38108273-8b2b-4392-a6b0-27148d15542b,38108273-8b2b-4392-a6b0-27148d15542b,False,9,24.0,2,4,3,2,4,90,91,46,0
T2,account:80146d21-2ebc-4024-9cf7-961f65c361d4,80146d21-2ebc-4024-9cf7-961f65c361d4,False,6,15.0,1,3,2,1,3,62,63,53,0
T2,account:2d9be27c-a4a5-4f73-8290-e61b52f9cccb,2d9be27c-a4a5-4f73-8290-e61b52f9cccb,False,4,12.0,2,1,1,2,1,32,32,49,0
T2,account:e5540073-9cb5-436f-8296-2843c4f1ea5d,e5540073-9cb5-436f-8296-2843c4f1ea5d,False,3,3.0,1,1,1,1,0,27,27,70,0
T2,account:f95b25d4-5e23-4dba-8dd5-afcc17f1673d,f95b25d4-5e23-4dba-8dd5-afcc17f1673d,False,3,3.0,1,1,1,1,1,37,37,83,0
T2,account:45ae8ea8-2b70-40b7-bcb8-bbd8187069a3,45ae8ea8-2b70-40b7-bcb8-bbd8187069a3,False,3,6.0,1,1,1,1,1,32,32,71,0
T2,account:414566f3-f6a6-4882-b1e9-7f00c6e698eb,414566f3-f6a6-4882-b1e9-7f00c6e698eb,False,8,12.0,4,1,3,4,1,89,90,2,0
T2,account:14e73a02-75e2-48a0-b15d-54d74d2fb67e,14e73a02-75e2-48a0-b15d-54d74d2fb67e,False,6,12.0,2,2,2,2,2,60,61,84,0
T2,account:e04d56ee-1aca-4107-bde1-0fc3333b30d1,e04d56ee-1aca-4107-bde1-0fc3333b30d1,False,6,6.0,2,2,2,1,2,51,52,35,0
T2,account:55ca3c07-75d9-448b-b9af-32a2d18bff88,55ca3c07-75d9-448b-b9af-32a2d18bff88,False,7,12.0,2,2,3,2,2,87,87,2,0
T2,account:8e88dece-0812-455e-bd55-fe153ea0d12b,8e88dece-0812-455e-bd55-fe153ea0d12b,False,5,6.0,2,1,2,2,1,55,56,40,0
T2,account:f281687a-9f9e-4456-990f-45167afb5832,f281687a-9f9e-4456-990f-45167afb5832,False,4,12.0,1,2,1,1,2,27,27,33,0
T2,account:025003d9-c49b-4a03-818e-90dfbabff54c,025003d9-c49b-4a03-818e-90dfbabff54c,False,3,3.0,1,1,1,1,1,32,32,36,0
T2,account:228322ac-2312-4243-87b9-070f8d5e902d,228322ac-2312-4243-87b9-070f8d5e902d,False,8,18.0,2,2,4,2,2,92,92,77,0
T2,account:cf97b5ac-49c4-4ddb-9ec0-eef807b8d118,cf97b5ac-49c4-4ddb-9ec0-eef807b8d118,False,4,6.0,1,1,2,1,1,50,52,3,0
T2,account:39e94cd7-df4e-4795-a5e3-047f6fb0f361,39e94cd7-df4e-4795-a5e3-047f6fb0f361,False,3,3.0,1,1,1,1,1,28,28,3,0
T2,account:a6de8992-8e89-4b83-b47c-fc4e26a368a4,a6de8992-8e89-4b83-b47c-fc4e26a368a4,False,5,9.0,1,2,2,1,2,42,42,33,0
T2,account:9bba50ca-150f-4d1e-9613-88881ec9b023,9bba50ca-150f-4d1e-9613-88881ec9b023,False,6,12.0,1,3,2,1,3,40,40,40,0
T2,account:c779f565-ea24-4882-b79d-625fd40e2f74,c779f565-ea24-4882-b79d-625fd40e2f74,False,5,6.0,2,2,1,2,2,42,42,35,0
T2,account:92dfea87-1443-4f5b-8e72-e665cc22ec8b,92dfea87-1443-4f5b-8e72-e665cc22ec8b,False,5,6.0,1,2,2,1,2,49,50,26,0
T2,account:b496fcec-75e1-400b-96ab-f84f1a025f0b,b496fcec-75e1-400b-96ab-f84f1a025f0b,False,6,12.0,2,2,2,2,2,52,54,70,0
T2,account:07401abe-db76-4e8f-8cdc-89d138cc9531,07401abe-db76-4e8f-8cdc-89d138cc9531,False,4,12.0,1,1,2,1,1,45,47,44,0
T2,account:210a9a15-7bcb-4a76-941a-156a83f41803,210a9a15-7bcb-4a76-941a-156a83f41803,False,5,9.0,2,1,2,2,1,70,70,46,0
T2,account:b9bbb571-e77b-4bc7-b7db-18b7b3ec2e5b,b9bbb571-e77b-4bc7-b7db-18b7b3ec2e5b,False,6,9.0,2,1,3,2,1,74,75,77,0
T2,account:8117543c-5867-4a8c-9634-6399161b86a8,8117543c-5867-4a8c-9634-6399161b86a8,False,5,9.0,2,1,2,2,1,53,53,33,0
T2,account:2445c474-b438-454f-b365-c6f3bfb11de9,2445c474-b438-454f-b365-c6f3bfb11de9,False,5,6.0,1,2,2,1,2,59,59,46,0
T2,account:18d3ca0d-249d-4c60-b4db-755dcec65699,18d3ca0d-249d-4c60-b4db-755dcec65699,False,8,21.0,3,3,2,3,3,59,59,46,0
T2,account:4fb1c8b8-8adc-438f-8d7a-7deb1aefb0e0,4fb1c8b8-8adc-438f-8d7a-7deb1aefb0e0,False,4,9.0,1,2,1,1,2,31,31,40,0
T2,account:9ff083e9-1287-45b0-ac7c-1dea9a89f3cf,9ff083e9-1287-45b0-ac7c-1dea9a89f3cf,False,5,12.0,1,2,2,1,2,60,61,44,0
T2,account:d3de1ba0-9ce8-4cad-9819-fcf1400e9aa7,d3de1ba0-9ce8-4cad-9819-fcf1400e9aa7,False,6,12.0,2,2,2,2,1,53,54,40,0
T2,account:62f155f2-8c4c-442f-bbd2-d3a7025c4e08,62f155f2-8c4c-442f-bbd2-d3a7025c4e08,False,5,9.0,2,2,1,2,2,38,38,49,0
T2,account:18a461d3-f8ec-47c2-9b8b-5de23f298fd6,18a461d3-f8ec-47c2-9b8b-5de23f298fd6,False,7,21.0,2,2,3,2,2,86,86,53,0
T2,account:d8a67766-ee35-4713-91b3-650a672be48f,d8a67766-ee35-4713-91b3-650a672be48f,False,5,9.0,2,1,2,2,1,51,51,46,0
T2,account:68a7d446-d16b-4aba-a2a7-9bf12b93a330,68a7d446-d16b-4aba-a2a7-9bf12b93a330,False,3,9.0,1,1,1,1,1,28,28,7,0
T2,account:42a3d429-76d5-4d75-9dbd-1aa3ecd28c34,42a3d429-76d5-4d75-9dbd-1aa3ecd28c34,False,5,12.0,1,2,2,1,2,56,56,70,0
T2,account:619953f0-1862-4117-a11b-c07473f7c2e2,619953f0-1862-4117-a11b-c07473f7c2e2,False,5,9.0,2,1,2,2,1,48,48,2,0
T2,account:623b5808-793b-46fb-be2f-a25a75f7a4a8,623b5808-793b-46fb-be2f-a25a75f7a4a8,False,4,9.0,1,2,1,1,2,34,34,67,0
T2,account:97bbce47-30cf-4a22-b005-27cfa57babbb,97bbce47-30cf-4a22-b005-27cfa57babbb,False,6,12.0,1,2,3,1,2,65,65,2,0
T2,account:c83b769d-c7aa-4f58-9a3d-b30cc65f30fd,c83b769d-c7aa-4f58-9a3d-b30cc65f30fd,False,7,21.0,3,1,3,3,1,79,80,77,0
T2,account:ead1faf4-9e64-4084-b337-04604e920b1f,ead1faf4-9e64-4084-b337-04604e920b1f,False,6,12.0,3,2,1,3,2,43,43,36,0
T2,account:62d33f57-10bb-49ef-9a9d-037e47148dae,62d33f57-10bb-49ef-9a9d-037e47148dae,False,3,3.0,1,1,1,1,1,22,22,80,0
T2,account:ec1d997e-8a13-463b-a6e2-4c8702f4b059,ec1d997e-8a13-463b-a6e2-4c8702f4b059,False,4,9.0,2,1,1,2,1,25,25,46,0
T2,account:6301d4e1-9943-4029-964d-b9a88997e071,6301d4e1-9943-4029-964d-b9a88997e071,False,5,6.0,2,1,2,2,1,60,60,53,0
T2,account:e7381924-0fb3-499b-994a-ee9d1e8149a2,e7381924-0fb3-499b-994a-ee9d1e8149a2,False,5,6.0,1,2,2,1,2,59,59,40,0
T2,account:049ef16d-7868-40f6-a129-004df038f89f,049ef16d-7868-40f6-a129-004df038f89f,False,5,15.0,1,1,3,1,1,57,59,67,0
T2,account:273a64d3-7d6c-4c45-92a3-302e6fcbdd56,273a64d3-7d6c-4c45-92a3-302e6fcbdd56,False,6,18.0,2,2,2,2,2,49,49,80,0
T2,account:56587674-d4a8-4708-ba8f-23844ac0be38,56587674-d4a8-4708-ba8f-23844ac0be38,False,6,21.0,1,3,2,1,3,49,49,83,0
T2,account:0ab826eb-4bd6-4910-a2c5-70f24b327d51,0ab826eb-4bd6-4910-a2c5-70f24b327d51,False,3,3.0,1,1,1,1,1,33,33,46,0
T2,account:e8c1b72d-1d5b-4e1c-8443-288751723e4c,e8c1b72d-1d5b-4e1c-8443-288751723e4c,False,4,9.0,1,2,1,1,2,30,30,77,0
T2,account:51d1a747-2050-4b93-87aa-e806931ec412,51d1a747-2050-4b93-87aa-e806931ec412,False,3,6.0,1,1,1,1,1,28,28,39,0
T2,account:0dc0d700-d4bf-40dc-b5b8-761df8fe42e0,0dc0d700-d4bf-40dc-b5b8-761df8fe42e0,False,6,9.0,2,2,2,2,2,42,42,70,0
T2,account:6f10f3e0-0203-4585-8861-aab1e0582555,6f10f3e0-0203-4585-8861-aab1e0582555,False,11,15.0,3,4,4,3,4,101,103,7,0
T2,account:b437f645-9ad8-45df-9f5b-8a276da8965e,b437f645-9ad8-45df-9f5b-8a276da8965e,False,4,12.0,1,1,2,1,1,61,61,3,0
T2,account:dd2346dc-12fd-40f2-8423-ffb5037d8f8a,dd2346dc-12fd-40f2-8423-ffb5037d8f8a,False,4,15.0,1,1,2,1,1,33,33,33,0
T2,account:deb6ca56-6f1b-44e8-976c-9305254a2b7f,deb6ca56-6f1b-44e8-976c-9305254a2b7f,False,3,3.0,1,1,1,1,1,28,28,7,0
T2,account:c06d7fc2-e00d-43c1-8649-71f5ff093c41,c06d7fc2-e00d-43c1-8649-71f5ff093c41,False,6,18.0,1,3,2,1,3,64,65,84,0
T2,account:38bfca50-2000-49a9-8b56-618c9224ba4a,38bfca50-2000-49a9-8b56-618c9224ba4a,False,5,9.0,2,2,1,2,2,40,41,3,0
T2,account:20f7c491-105c-47b7-a8f9-1b5c26299a8f,20f7c491-105c-47b7-a8f9-1b5c26299a8f,False,3,6.0,1,1,1,1,1,31,31,3,0
T2,account:7cc6c09e-ec11-448e-90c5-4d7e8aaf64a4,7cc6c09e-ec11-448e-90c5-4d7e8aaf64a4,False,4,6.0,2,1,1,2,1,35,35,39,0
T2,account:4a4c12bc-431e-4f6f-9761-d0bccc990fe1,4a4c12bc-431e-4f6f-9761-d0bccc990fe1,False,4,9.0,1,1,2,1,1,45,45,71,0
T2,account:dd988bfc-9d20-45f4-b594-971a2aa09b08,dd988bfc-9d20-45f4-b594-971a2aa09b08,False,4,6.0,2,1,1,2,1,47,47,44,0
T2,account:998635d3-bb33-4cd2-bec1-06ba1bc9844c,998635d3-bb33-4cd2-bec1-06ba1bc9844c,False,6,15.0,1,2,3,1,2,71,72,44,0
T2,account:5c45d23d-4f4d-4de3-89f6-08098e81b44a,5c45d23d-4f4d-4de3-89f6-08098e81b44a,False,6,12.0,2,2,2,2,2,58,58,80,0
T2,account:6b2ee730-0e8a-48fd-8678-3bc0f5387c97,6b2ee730-0e8a-48fd-8678-3bc0f5387c97,False,4,12.0,1,2,1,1,2,44,44,61,0
T2,account:a8f2994e-b565-4140-9ab4-4f37a0d97682,a8f2994e-b565-4140-9ab4-4f37a0d97682,False,6,9.0,2,1,3,2,1,80,81,39,0
T2,account:4f84f10f-f2a9-4c94-8a12-951c7c6ca706,4f84f10f-f2a9-4c94-8a12-951c7c6ca706,False,4,12.0,1,1,2,1,1,52,52,24,0
T2,account:a0be12ce-8d85-4b76-b1de-78c30ac98efd,a0be12ce-8d85-4b76-b1de-78c30ac98efd,False,6,9.0,1,3,2,1,3,41,41,49,0
T2,account:969bfdbc-cd92-4a75-ab25-0c25f4d88bc5,969bfdbc-cd92-4a75-ab25-0c25f4d88bc5,False,8,12.0,2,3,3,2,3,80,82,44,0
T2,account:49e32d65-3304-42fd-80ed-e87c1487fce9,49e32d65-3304-42fd-80ed-e87c1487fce9,False,8,12.0,3,2,3,3,2,85,85,71,0
T2,account:6e62026a-15f8-4317-9563-e39e97bb5068,6e62026a-15f8-4317-9563-e39e97bb5068,False,7,18.0,3,3,1,3,3,48,49,39,0
T2,account:c8a0fd00-3059-4602-91f8-ba45bf9b505e,c8a0fd00-3059-4602-91f8-ba45bf9b505e,False,5,6.0,2,2,1,2,2,40,41,60,0
T2,account:f8182217-6b6f-433e-b7f5-47f9be5f324e,f8182217-6b6f-433e-b7f5-47f9be5f324e,False,3,6.0,1,1,1,1,1,21,21,10,0
T2,account:02376f78-9aab-414c-849f-de61dd496c2b,02376f78-9aab-414c-849f-de61dd496c2b,False,6,15.0,1,2,3,1,2,76,78,80,0
T2,account:009ba28a-ef4d-4871-868e-04088cae5dbf,009ba28a-ef4d-4871-868e-04088cae5dbf,False,4,6.0,1,1,2,1,1,48,48,80,0
T2,account:ae46a66c-3133-4884-8a4d-b0bd5c2080d7,ae46a66c-3133-4884-8a4d-b0bd5c2080d7,False,4,9.0,1,1,2,1,1,40,40,67,0
T2,account:15e7438d-2038-4851-8799-14ef8bafebb3,15e7438d-2038-4851-8799-14ef8bafebb3,False,5,15.0,2,1,2,2,1,58,58,70,0
T2,account:389bb226-a810-4f56-8129-ad22d78ebbbe,389bb226-a810-4f56-8129-ad22d78ebbbe,False,8,12.0,2,4,2,2,4,61,62,40,0
T2,account:1bf93bc3-de10-49c1-9807-0e574a385b85,1bf93bc3-de10-49c1-9807-0e574a385b85,False,8,15.0,2,3,3,2,3,84,84,61,0
T2,account:200f3c39-1c74-4053-9d37-22128a247fc2,200f3c39-1c74-4053-9d37-22128a247fc2,False,4,9.0,1,1,2,1,1,50,50,46,0
T2,account:c0a5d83b-c938-46f3-ad8c-aa4285c70a28,c0a5d83b-c938-46f3-ad8c-aa4285c70a28,False,4,6.0,1,1,2,1,1,40,40,60,0
T2,account:7c78c212-360e-4a52-af74-8346fc025dba,7c78c212-360e-4a52-af74-8346fc025dba,False,4,9.0,1,1,2,1,1,44,45,83,0
T2,account:e42a25ca-4b3b-41c4-83fd-9defc8c28fb0,e42a25ca-4b3b-41c4-83fd-9defc8c28fb0,False,8,15.0,2,3,3,2,3,82,84,60,0
T2,account:0ba9be00-cca1-449e-9b78-2288cff6f067,0ba9be00-cca1-449e-9b78-2288cff6f067,False,3,3.0,1,1,1,1,1,38,38,84,0
T2,account:b1d1e3fb-8a91-4604-b12a-e70aba0d2149,b1d1e3fb-8a91-4604-b12a-e70aba0d2149,False,7,12.0,3,1,3,3,1,88,90,3,0
T2,account:9eee4015-ffd4-48c3-8382-d98f6b64fac4,9eee4015-ffd4-48c3-8382-d98f6b64fac4,False,5,21.0,1,2,2,1,2,67,67,70,0
T2,account:8cc16e92-d9fb-436f-a6c9-de7c3ad67566,8cc16e92-d9fb-436f-a6c9-de7c3ad67566,False,7,18.0,1,3,3,1,3,77,78,60,0
T2,account:e291037f-e3ac-4439-aebb-2d92fab36b3b,e291037f-e3ac-4439-aebb-2d92fab36b3b,False,3,9.0,1,1,1,1,1,19,19,40,0
T2,account:4f1d12a4-64a9-469c-8d1e-e99d108f7333,4f1d12a4-64a9-469c-8d1e-e99d108f7333,False,0,0.0,0,0,0,0,0,0,0,4,3
T2,account:822188b8-9760-4b86-ab96-be767556870c,822188b8-9760-4b86-ab96-be767556870c,False,5,15.0,1,1,3,1,1,74,76,71,0
T2,account:67b68f7d-88a0-4304-9ff2-94f99ce43964,67b68f7d-88a0-4304-9ff2-94f99ce43964,False,4,12.0,1,2,1,1,2,27,27,33,0
T2,account:962c2e18-d70a-4d76-81e9-8c59afe2e820,962c2e18-d70a-4d76-81e9-8c59afe2e820,False,5,6.0,2,1,2,2,1,47,48,44,0
T2,account:0b060e8e-8667-45f8-9d98-df69293526f2,0b060e8e-8667-45f8-9d98-df69293526f2,False,3,9.0,1,1,1,1,1,18,18,77,0
T2,account:66d98d1a-fbf1-436c-b3c6-b39e553d9ca8,66d98d1a-fbf1-436c-b3c6-b39e553d9ca8,False,6,12.0,2,2,2,2,2,50,51,71,0
T2,account:007191b2-44d0-4f7b-b331-5ae6ba49d7a6,007191b2-44d0-4f7b-b331-5ae6ba49d7a6,False,5,9.0,2,1,2,2,1,63,63,46,0
T2,account:5c404a62-f913-4a00-8fa8-0b067eecd1e5,5c404a62-f913-4a00-8fa8-0b067eecd1e5,False,5,12.0,2,1,2,2,1,60,60,61,0
T2,account:5fda0a96-8665-454b-b9b8-2f522e33a6ad,5fda0a96-8665-454b-b9b8-2f522e33a6ad,False,6,12.0,2,3,1,2,3,42,44,49,0
T2,account:57b77d7f-31cf-4e06-9740-ee8c272025f0,57b77d7f-31cf-4e06-9740-ee8c272025f0,False,4,9.0,1,1,2,1,1,47,49,24,0
T2,account:14cd49b2-c35e-41a3-a2af-383847d29110,14cd49b2-c35e-41a3-a2af-383847d29110,False,6,18.0,2,2,2,2,2,40,41,70,0
T2,account:016fe7df-2908-44a7-a189-a08d0448cae2,016fe7df-2908-44a7-a189-a08d0448cae2,False,4,6.0,1,1,2,1,1,54,54,36,0
T2,account:6ec54b55-2fd7-464d-8033-7e72767de723,6ec54b55-2fd7-464d-8033-7e72767de723,False,5,9.0,1,2,2,1,2,60,60,33,0
T2,account:6d587749-397a-423f-ba92-9b8b56c0c687,6d587749-397a-423f-ba92-9b8b56c0c687,False,7,9.0,2,3,2,2,2,61,63,46,0
T2,account:3dbbdf0d-56f1-4c33-b588-eb6f55a8c715,3dbbdf0d-56f1-4c33-b588-eb6f55a8c715,False,3,6.0,1,1,1,1,1,29,29,77,0
T2,account:779dccd6-68ae-4339-b669-58065c6f043f,779dccd6-68ae-4339-b669-58065c6f043f,False,5,6.0,2,1,2,2,1,44,44,49,0
T2,account:230d7a54-51e0-4bde-9e9c-765133c68287,230d7a54-51e0-4bde-9e9c-765133c68287,False,7,12.0,2,2,3,2,2,77,77,80,0
T2,account:767ba80f-0eed-49e8-a5f4-f899661b892d,767ba80f-0eed-49e8-a5f4-f899661b892d,False,3,3.0,1,1,1,1,1,32,32,33,0
T2,account:d27a261d-544e-418e-a081-a555489a05e2,d27a261d-544e-418e-a081-a555489a05e2,False,4,18.0,1,2,1,1,2,36,36,2,0
T2,account:2f8d88e7-7bd6-472c-8442-5aab3259fa72,2f8d88e7-7bd6-472c-8442-5aab3259fa72,False,0,0.0,0,0,0,0,0,0,0,5,4
T2,account:2752742b-bffc-4974-835d-838c5a2dab6b,2752742b-bffc-4974-835d-838c5a2dab6b,False,3,3.0,1,1,1,1,1,31,31,84,0
T2,account:bb83d4f9-e3a3-45d6-9af5-d265521b8a2f,bb83d4f9-e3a3-45d6-9af5-d265521b8a2f,False,6,12.0,2,1,3,2,1,75,76,3,0
T2,account:b46a1094-6a2f-44dd-8ffe-4203828786a3,b46a1094-6a2f-44dd-8ffe-4203828786a3,False,3,3.0,1,1,1,1,1,26,26,24,0
T2,account:257d4694-a749-480f-bd64-83e95a871bd6,257d4694-a749-480f-bd64-83e95a871bd6,False,6,9.0,2,2,2,2,2,69,71,53,0
T2,account:dd034014-6160-4c42-b4e7-878349799f10,dd034014-6160-4c42-b4e7-878349799f10,False,6,15.0,1,1,4,1,1,71,72,61,0
T2,account:bef87728-b70a-4d0e-ae77-d66efdcf6e09,bef87728-b70a-4d0e-ae77-d66efdcf6e09,False,6,12.0,2,1,3,2,1,71,72,46,0
T2,account:46a71461-c024-46ec-b7c1-656201b14d87,46a71461-c024-46ec-b7c1-656201b14d87,False,6,9.0,3,1,2,3,1,78,78,3,0
T2,account:86c4ea06-aa64-493e-aa18-2bbcba83784a,86c4ea06-aa64-493e-aa18-2bbcba83784a,False,6,9.0,1,2,3,1,2,69,73,70,0
T2,account:31de0bf6-522a-4063-9a53-be706446a65d,31de0bf6-522a-4063-9a53-be706446a65d,False,7,12.0,2,3,2,2,3,54,55,46,0
T2,account:e9537113-a20e-46dc-9a65-eb2182c0e7c1,e9537113-a20e-46dc-9a65-eb2182c0e7c1,False,5,21.0,1,1,3,1,1,69,69,71,0
T2,account:57c01e4c-f10c-4832-b888-e4c7d27539e8,57c01e4c-f10c-4832-b888-e4c7d27539e8,False,4,6.0,1,2,1,1,2,28,28,84,0
T2,account:ffb728c3-3bd3-4753-8e4a-5ac5e4c0b5c8,ffb728c3-3bd3-4753-8e4a-5ac5e4c0b5c8,False,4,9.0,1,1,2,1,1,55,58,40,0
T2,account:7dbcf397-9b23-4245-8f81-7415ff169f7a,7dbcf397-9b23-4245-8f81-7415ff169f7a,False,5,9.0,2,1,2,2,1,71,71,53,0
T2,account:159a2ed7-61ba-45de-9b1d-0b1505e977c9,159a2ed7-61ba-45de-9b1d-0b1505e977c9,False,6,9.0,2,2,2,2,2,54,54,24,0
T2,account:e1481ade-6aaa-4007-bfb0-0ca812f11edc,e1481ade-6aaa-4007-bfb0-0ca812f11edc,False,6,12.0,2,1,3,2,1,87,88,70,0
T2,account:c824ea88-a4fa-47fc-9611-b4cbf8a4e8f5,c824ea88-a4fa-47fc-9611-b4cbf8a4e8f5,False,6,18.0,2,2,2,2,1,43,43,80,0
T2,account:9c83af76-1d29-4fcd-adc4-07bac825972a,9c83af76-1d29-4fcd-adc4-07bac825972a,False,6,12.0,2,2,2,2,2,52,52,83,0
T2,account:9bc97a9c-9d57-425a-bf21-3769ade2e4e5,9bc97a9c-9d57-425a-bf21-3769ade2e4e5,False,5,6.0,1,2,2,1,2,40,40,70,0
T2,account:154bac56-87c6-4aa8-87d2-c85257df7500,154bac56-87c6-4aa8-87d2-c85257df7500,False,8,12.0,2,2,4,2,2,78,80,33,0
T2,account:bc7d9cd0-f264-4c20-b1d3-53bc4170eebb,bc7d9cd0-f264-4c20-b1d3-53bc4170eebb,False,3,3.0,1,1,1,1,1,32,33,3,0
T2,account:0be4c1fa-aa9a-462c-9677-5b19222c0216,0be4c1fa-aa9a-462c-9677-5b19222c0216,False,6,9.0,1,2,3,1,1,74,74,26,0
T2,account:736f43f6-9e62-46ef-99ce-60b1430e9c23,736f43f6-9e62-46ef-99ce-60b1430e9c23,False,4,6.0,1,1,2,1,1,48,48,60,0
T2,account:a2109c63-5cd6-4042-bf53-7c8f664436ae,a2109c63-5cd6-4042-bf53-7c8f664436ae,False,3,3.0,1,1,1,1,1,35,35,36,0
T2,account:ed5e672e-832d-4555-a367-0694ef935a33,ed5e672e-832d-4555-a367-0694ef935a33,False,6,18.0,2,1,3,2,1,72,72,83,0
T2,account:a88ab45a-342f-4ffb-ba79-385a1c398ed4,a88ab45a-342f-4ffb-ba79-385a1c398ed4,False,6,12.0,1,2,3,1,2,63,63,44,0
T2,account:e114e6c2-783b-4ddf-93f1-d25d1ff0dae6,e114e6c2-783b-4ddf-93f1-d25d1ff0dae6,False,6,15.0,2,2,2,2,2,59,61,35,0
T2,account:233e45e9-533e-4e6d-a4fd-2d4e681d3adf,233e45e9-533e-4e6d-a4fd-2d4e681d3adf,False,3,3.0,1,1,1,1,1,25,25,60,0
T2,account:8ff45297-db03-4039-a77a-584fc5d5d877,8ff45297-db03-4039-a77a-584fc5d5d877,False,5,18.0,2,1,2,2,1,57,58,80,0
T2,account:7f3cd582-27a9-4323-9f1e-fc0424a2856d,7f3cd582-27a9-4323-9f1e-fc0424a2856d,False,8,12.0,3,3,2,3,3,75,76,39,0
T2,account:5b0815bf-eed4-46d3-b2d1-935d9120f31f,5b0815bf-eed4-46d3-b2d1-935d9120f31f,False,8,15.0,3,2,3,3,2,89,92,84,0
T2,account:de63a591-c6ae-4000-826e-2cf6f37c5c97,de63a591-c6ae-4000-826e-2cf6f37c5c97,False,3,3.0,1,1,1,1,1,36,36,33,0
T2,account:63991c79-8933-4a37-872c-9f367c6fbb75,63991c79-8933-4a37-872c-9f367c6fbb75,False,5,9.0,1,2,2,1,2,58,60,46,0
T2,account:43857cb8-5d3b-4625-9d8a-b81f61646776,43857cb8-5d3b-4625-9d8a-b81f61646776,False,4,6.0,1,1,2,1,1,46,47,49,0
T2,account:0a7c9a17-5d3c-47a1-a338-9b6aac8f1655,0a7c9a17-5d3c-47a1-a338-9b6aac8f1655,False,5,21.0,2,2,1,2,2,38,39,71,0
T2,account:75d0272a-0ffa-4bed-9aee-719d623e7700,75d0272a-0ffa-4bed-9aee-719d623e7700,False,4,12.0,1,1,2,1,1,44,44,44,0
T2,account:eee98509-7af8-41ae-bd0b-8e7664866c7b,eee98509-7af8-41ae-bd0b-8e7664866c7b,False,7,12.0,2,3,2,2,3,64,64,36,0
T2,account:1f32037a-a293-43fe-9135-599a0092be0e,1f32037a-a293-43fe-9135-599a0092be0e,False,8,21.0,2,3,3,2,3,89,90,53,0
T2,account:f8ffb167-8625-47a1-a81b-8fc2d923359f,f8ffb167-8625-47a1-a81b-8fc2d923359f,False,4,18.0,1,2,1,1,2,33,33,61,0
T2,account:5cb0b70b-9d23-4def-8e52-313214f9fb4c,5cb0b70b-9d23-4def-8e52-313214f9fb4c,False,4,6.0,1,1,2,1,1,30,30,39,0
T2,account:96a55ba8-8ed1-4d04-abea-acc56deef594,96a55ba8-8ed1-4d04-abea-acc56deef594,False,4,9.0,1,1,2,1,1,51,51,40,0
T2,account:a4d918b9-407a-4045-b676-5ffd8e1205b9,a4d918b9-407a-4045-b676-5ffd8e1205b9,False,4,18.0,1,2,1,1,2,29,29,3,0
T2,account:7d55241a-1cb7-42c3-9494-a8f5cdacc4f9,7d55241a-1cb7-42c3-9494-a8f5cdacc4f9,False,4,9.0,2,1,1,2,1,30,30,77,0
T2,account:76c204f3-a44d-4631-ab6f-68904cac7ce0,76c204f3-a44d-4631-ab6f-68904cac7ce0,False,6,21.0,1,3,2,1,3,59,62,10,0
T2,account:235a367e-ab5d-4972-b425-7b2293da9332,235a367e-ab5d-4972-b425-7b2293da9332,False,4,6.0,1,1,2,1,1,56,56,44,0
T2,account:07cc43fa-01c6-47fe-9e18-d6600403cd5c,07cc43fa-01c6-47fe-9e18-d6600403cd5c,False,8,18.0,1,3,4,1,2,88,88,33,0
T2,account:eae81ee0-3c1d-4ae7-a8a0-cfb742e15224,eae81ee0-3c1d-4ae7-a8a0-cfb742e15224,False,4,6.0,2,1,1,2,1,28,28,77,0
T2,account:4487dc8b-274b-423d-9770-058bf704669d,4487dc8b-274b-423d-9770-058bf704669d,False,9,21.0,3,2,4,2,2,94,95,67,0
T2,account:e9c42411-9eb2-41b5-9063-312da5e0b187,e9c42411-9eb2-41b5-9063-312da5e0b187,False,0,0.0,0,0,0,0,0,0,0,6,5
T2,account:a903e379-f6cd-4e71-9ec4-5114ccd60148,a903e379-f6cd-4e71-9ec4-5114ccd60148,False,9,15.0,3,3,3,3,3,97,97,49,0
T2,account:398f2723-60e9-4573-ae40-6405b1d37236,398f2723-60e9-4573-ae40-6405b1d37236,False,4,9.0,1,2,1,1,2,34,34,3,0
T2,account:59596d32-eaa7-40af-b4dc-ad4e097f3b19,59596d32-eaa7-40af-b4dc-ad4e097f3b19,False,5,6.0,1,2,2,1,2,56,56,2,0
T2,account:f5269f30-b778-44bf-b056-8a7e240cf8a6,f5269f30-b778-44bf-b056-8a7e240cf8a6,False,6,12.0,3,1,2,3,1,61,63,84,0
T2,account:7daf8678-4f1f-42bd-8d2c-36ad453cd422,7daf8678-4f1f-42bd-8d2c-36ad453cd422,False,6,9.0,2,2,2,2,2,58,58,60,0
T2,account:4b2a3fed-6369-44cb-a477-8d0dec1fe9b7,4b2a3fed-6369-44cb-a477-8d0dec1fe9b7,False,3,3.0,1,1,1,1,1,36,36,67,0
T2,account:14b9fe42-31ca-40a7-8128-24b34c8ef740,14b9fe42-31ca-40a7-8128-24b34c8ef740,False,5,9.0,2,2,1,2,2,46,46,3,0
T2,account:d1fb2b70-fc65-427a-ab41-366b6f93dd73,d1fb2b70-fc65-427a-ab41-366b6f93dd73,False,6,12.0,2,3,1,2,3,39,39,71,0
T2,account:9b2f0a96-453f-4ed4-a79d-d8d3439f4f37,9b2f0a96-453f-4ed4-a79d-d8d3439f4f37,False,6,18.0,2,1,3,2,1,73,73,77,0
T2,account:8e5056c0-4586-408b-aaba-af6e7ed2b4d7,8e5056c0-4586-408b-aaba-af6e7ed2b4d7,False,4,6.0,1,1,2,1,1,40,40,77,0
T2,account:14bcfd6a-e0b6-47dd-9221-edecd4147714,14bcfd6a-e0b6-47dd-9221-edecd4147714,False,4,6.0,1,1,2,1,1,49,49,60,0
T2,account:9961e13a-3b26-4275-a987-164cc693466d,9961e13a-3b26-4275-a987-164cc693466d,False,4,9.0,1,1,2,1,1,45,45,36,0
T2,account:823997a7-9ce6-46e6-887e-83aeab8d917a,823997a7-9ce6-46e6-887e-83aeab8d917a,False,6,9.0,2,2,2,2,2,49,50,24,0
T2,account:f9ee3770-cf67-43cc-b1af-babfd59e70c2,f9ee3770-cf67-43cc-b1af-babfd59e70c2,False,6,9.0,1,2,3,1,2,65,66,7,0
T2,account:d01a8bf6-e42e-4d46-9d13-582339cc4df4,d01a8bf6-e42e-4d46-9d13-582339cc4df4,False,8,9.0,2,3,3,2,3,75,77,61,0
T2,account:75f8016e-e487-4e94-97ac-534a616a95ba,75f8016e-e487-4e94-97ac-534a616a95ba,False,3,3.0,1,1,1,1,1,30,30,77,0
T2,account:725151c5-86aa-4be1-b5be-6ac68ac29ec3,725151c5-86aa-4be1-b5be-6ac68ac29ec3,False,3,3.0,1,1,1,1,1,29,29,71,0
T2,account:1b83519b-f89f-4f0d-ac80-4895c2569e4f,1b83519b-f89f-4f0d-ac80-4895c2569e4f,False,8,12.0,2,3,3,2,2,69,73,83,0
T2,account:bfe73dc1-3916-4db0-852b-7e2defcb8de3,bfe73dc1-3916-4db0-852b-7e2defcb8de3,False,6,9.0,1,3,2,1,3,52,53,39,0
T2,account:1913a352-5445-46e3-9c44-bf1ef6e2ba07,1913a352-5445-46e3-9c44-bf1ef6e2ba07,False,5,9.0,2,1,2,2,1,55,56,60,0
T2,account:da53a267-eefc-4a7f-8435-98b7fcaf3315,da53a267-eefc-4a7f-8435-98b7fcaf3315,False,7,12.0,2,2,3,2,2,71,74,49,0
T2,account:96e78d32-29dd-4ed0-98b8-23869c203b5a,96e78d32-29dd-4ed0-98b8-23869c203b5a,False,3,3.0,1,1,1,1,1,35,36,2,0
T2,account:02d10a9c-2250-41c8-b32a-b5f8fe105c0f,02d10a9c-2250-41c8-b32a-b5f8fe105c0f,False,7,12.0,1,2,4,1,1,88,91,46,0
T2,account:88e3908f-af13-46a4-be82-ca8f50ffc532,88e3908f-af13-46a4-be82-ca8f50ffc532,False,9,21.0,2,3,4,2,3,96,98,67,0
T2,account:88c4f816-7bec-4765-8f83-61d94d24ca44,88c4f816-7bec-4765-8f83-61d94d24ca44,False,7,9.0,2,2,3,2,2,84,85,60,0
T2,account:72722a7e-cfca-4e14-ad11-fa964a78daa5,72722a7e-cfca-4e14-ad11-fa964a78daa5,False,6,15.0,1,2,3,1,2,67,67,67,0
T2,account:8fb40beb-3779-466f-80b1-d861a7646530,8fb40beb-3779-466f-80b1-d861a7646530,False,3,3.0,1,1,1,1,1,34,34,40,0
T2,account:6693c362-fce9-4481-b1bf-f21830a660b9,6693c362-fce9-4481-b1bf-f21830a660b9,False,8,18.0,2,1,5,2,1,111,112,84,0
T2,account:e8937ea9-e3cc-4edd-a9a5-d8e1f659e0b2,e8937ea9-e3cc-4edd-a9a5-d8e1f659e0b2,False,4,6.0,1,1,2,1,1,43,43,33,0
T2,account:c594db24-b301-46d8-9280-a486f308999d,c594db24-b301-46d8-9280-a486f308999d,False,6,6.0,2,2,2,2,2,58,59,7,0
T2,account:a5f5681b-1330-4c51-8a26-8a316e13e80d,a5f5681b-1330-4c51-8a26-8a316e13e80d,False,5,15.0,2,2,1,2,2,43,45,77,0
T2,account:f0bc8114-ed6f-4f28-bf27-c31ea5efc8e5,f0bc8114-ed6f-4f28-bf27-c31ea5efc8e5,False,5,9.0,1,3,1,1,3,30,30,33,0
T2,account:81cf168f-414a-4cc9-a704-b393a334efba,81cf168f-414a-4cc9-a704-b393a334efba,False,7,18.0,1,2,4,1,2,103,105,44,0
T2,account:41277a2c-1506-4eed-9e16-3706fc9522ad,41277a2c-1506-4eed-9e16-3706fc9522ad,False,4,15.0,1,2,1,1,2,34,34,49,0
T2,account:ec089611-a328-4a10-8d4a-98856508a01d,ec089611-a328-4a10-8d4a-98856508a01d,False,3,6.0,1,1,1,1,1,39,39,46,0
T2,account:aff11ed5-9be4-45a9-9dae-983e67fcf31e,aff11ed5-9be4-45a9-9dae-983e67fcf31e,False,6,12.0,2,1,3,2,1,74,74,46,0
T2,account:442ac93d-b894-4e9a-8f56-5206370a26f7,442ac93d-b894-4e9a-8f56-5206370a26f7,False,11,24.0,3,4,4,3,4,102,105,67,0
T2,account:c680fe30-0b42-424a-b2d8-15b70dce97e6,c680fe30-0b42-424a-b2d8-15b70dce97e6,False,7,9.0,2,2,3,2,2,68,70,2,0
T2,account:8f7d8712-03da-40b3-9709-d5b818a86545,8f7d8712-03da-40b3-9709-d5b818a86545,False,5,9.0,2,1,2,2,1,55,56,84,0
T2,account:f65e70af-9999-46d1-9f9e-e9416765baed,f65e70af-9999-46d1-9f9e-e9416765baed,False,7,9.0,3,1,3,3,1,95,98,60,0
T2,account:db29f44d-a5e5-4f58-bc0c-a47f7fda79ef,db29f44d-a5e5-4f58-bc0c-a47f7fda79ef,False,0,0.0,0,0,0,0,0,0,0,8,6
T2,account:55903f97-ecd8-4c29-90cb-4728af609ddc,55903f97-ecd8-4c29-90cb-4728af609ddc,False,3,9.0,1,1,1,1,1,31,31,80,0
T2,account:7be77e71-0783-4224-9227-b5db12d55088,7be77e71-0783-4224-9227-b5db12d55088,False,6,12.0,2,3,1,2,3,55,56,70,0
T2,account:5d1d5003-f9d9-43f3-ae84-2be20dd3bbc3,5d1d5003-f9d9-43f3-ae84-2be20dd3bbc3,False,4,6.0,1,2,1,1,2,29,29,10,0
T2,account:94b1af01-b7f0-4c36-8947-79277960c4b3,94b1af01-b7f0-4c36-8947-79277960c4b3,False,6,12.0,3,1,2,3,1,49,49,7,0
T2,account:5f6a5eb8-7c61-4cdb-a792-8d3555347d0f,5f6a5eb8-7c61-4cdb-a792-8d3555347d0f,False,5,6.0,2,2,1,1,2,24,24,77,0
T2,account:7693a23d-98d7-466f-9f69-1b1556134610,7693a23d-98d7-466f-9f69-1b1556134610,False,3,3.0,1,1,1,1,1,21,21,53,0
T2,account:f8613c61-3e07-4103-8be4-e608d04a2d2b,f8613c61-3e07-4103-8be4-e608d04a2d2b,False,3,3.0,1,1,1,1,1,27,28,84,0
T2,account:cd2d2a7b-4b43-407e-8144-f7ce0c77004b,cd2d2a7b-4b43-407e-8144-f7ce0c77004b,False,5,9.0,1,2,2,1,2,58,58,33,0
T2,account:404746d9-9416-47f5-8d8f-8448cad544f6,404746d9-9416-47f5-8d8f-8448cad544f6,False,4,6.0,1,1,2,1,1,53,54,44,0
T2,account:cb50480c-c74c-4dcf-96fa-db25b4542b70,cb50480c-c74c-4dcf-96fa-db25b4542b70,False,4,9.0,2,1,1,2,1,39,39,40,0
T2,account:976fa78d-d70f-4f0c-abc0-3b10217725ec,976fa78d-d70f-4f0c-abc0-3b10217725ec,False,4,6.0,1,2,1,1,2,32,32,61,0
T2,account:10efbbe6-17c5-4de4-9ee4-cf2488df49d0,10efbbe6-17c5-4de4-9ee4-cf2488df49d0,False,12,21.0,4,3,5,4,3,139,141,61,0
T2,account:480dfdba-0035-470b-9e8d-e38829ee0871,480dfdba-0035-470b-9e8d-e38829ee0871,False,5,15.0,2,2,1,2,1,40,40,40,0
T2,account:81411409-6ea5-42fa-97d0-fa3dcf40abea,81411409-6ea5-42fa-97d0-fa3dcf40abea,False,3,15.0,1,1,1,1,1,32,33,24,0
T2,account:d9c78d18-bf3b-4759-8345-73f0f9aef6d3,d9c78d18-bf3b-4759-8345-73f0f9aef6d3,False,7,9.0,2,3,2,2,3,73,74,46,0
T2,account:412e0eb5-7cec-4a35-a6e3-3267436c8cf4,412e0eb5-7cec-4a35-a6e3-3267436c8cf4,False,5,12.0,2,1,2,2,1,55,55,83,0
T2,account:7f53c87e-0c78-4bbf-9219-5e9f7c91eda1,7f53c87e-0c78-4bbf-9219-5e9f7c91eda1,False,8,15.0,3,1,4,3,1,86,90,44,0
T2,account:3b9f8728-58fa-498c-97ac-347db5067fdd,3b9f8728-58fa-498c-97ac-347db5067fdd,False,7,21.0,1,2,4,1,2,93,96,40,0
T2,account:afb69c1d-8ae5-4f5a-9f71-955afcd2d474,afb69c1d-8ae5-4f5a-9f71-955afcd2d474,False,5,12.0,3,1,1,3,1,37,37,26,0
T2,account:2417be15-2b15-4303-93c5-c63e8f4b02e8,2417be15-2b15-4303-93c5-c63e8f4b02e8,False,3,6.0,1,1,1,1,1,37,38,39,0
T2,account:30e94b79-2ed2-44bb-a041-cf4c065abd8e,30e94b79-2ed2-44bb-a041-cf4c065abd8e,False,7,12.0,3,3,1,3,3,43,43,40,0
T2,account:c55f0c62-faff-4a3a-93cb-c13ad3b88d93,c55f0c62-faff-4a3a-93cb-c13ad3b88d93,False,5,24.0,2,1,2,2,1,58,59,46,0
T2,account:7108c32c-a342-49e6-88ed-d376ffb64cc9,7108c32c-a342-49e6-88ed-d376ffb64cc9,False,4,9.0,1,2,1,1,2,34,34,10,0
T2,account:701278dd-b76e-4633-b8b2-01bb6f2792ad,701278dd-b76e-4633-b8b2-01bb6f2792ad,False,4,6.0,1,2,1,1,2,34,34,67,0
T2,account:d03837e6-933f-456e-b310-ab3236139b53,d03837e6-933f-456e-b310-ab3236139b53,False,8,12.0,2,3,3,2,3,81,83,77,0
T2,account:f7877ead-5342-4e31-bc01-c0ef27458dac,f7877ead-5342-4e31-bc01-c0ef27458dac,False,6,18.0,2,2,2,2,2,52,52,40,0
T2,account:26c5d749-16b4-4cf8-b722-a9747e7fa6a6,26c5d749-16b4-4cf8-b722-a9747e7fa6a6,False,7,12.0,2,2,3,2,2,72,73,40,0
T2,account:c0a48580-a2f5-4ee4-8472-0e1f20c7e1b4,c0a48580-a2f5-4ee4-8472-0e1f20c7e1b4,False,4,12.0,2,1,1,2,1,35,36,61,0
T2,account:39bc6ead-cc02-44fe-8feb-5ce90fdb1ca1,39bc6ead-cc02-44fe-8feb-5ce90fdb1ca1,False,6,18.0,1,2,3,1,2,61,61,39,0
T2,account:a05855b9-905a-47bf-bb51-356f22befacd,a05855b9-905a-47bf-bb51-356f22befacd,False,5,24.0,1,3,1,1,3,46,46,44,0
T2,account:b302350b-30b0-47d3-b197-ed9b8d23e952,b302350b-30b0-47d3-b197-ed9b8d23e952,False,5,9.0,1,2,2,1,2,54,54,33,0
T2,account:df34d5cc-890e-4fb5-b326-b4566148f41f,df34d5cc-890e-4fb5-b326-b4566148f41f,False,6,15.0,1,2,3,1,2,79,81,49,0
T2,account:a0411261-71c7-499e-93e7-a2bd610e359a,a0411261-71c7-499e-93e7-a2bd610e359a,False,7,21.0,4,1,2,4,1,68,70,33,0
T2,account:2db74c48-ec5f-46c5-8703-acf920f589c2,2db74c48-ec5f-46c5-8703-acf920f589c2,False,5,9.0,1,1,3,1,1,72,75,39,0
T2,account:c3e8df28-cbc0-4b33-9db0-dce1967ed50c,c3e8df28-cbc0-4b33-9db0-dce1967ed50c,False,7,15.0,3,2,2,3,1,66,66,46,0
T2,account:cc663277-b057-444a-b83c-c21b40a2e77f,cc663277-b057-444a-b83c-c21b40a2e77f,False,3,9.0,1,1,1,1,1,30,30,70,0
T2,account:5f3414d9-fa31-48cb-b36c-7aaf656697bc,5f3414d9-fa31-48cb-b36c-7aaf656697bc,False,6,12.0,1,2,3,1,1,56,57,71,0
T2,account:d3bf3b43-1904-41c6-af9a-67dda92dc283,d3bf3b43-1904-41c6-af9a-67dda92dc283,False,6,12.0,2,1,3,2,1,65,67,44,0
T2,account:34562101-5ea7-4fcb-b473-16036102c101,34562101-5ea7-4fcb-b473-16036102c101,False,7,15.0,2,3,2,2,3,65,66,40,0
T2,account:9eab143d-1e94-4d36-a525-699002a7fe8b,9eab143d-1e94-4d36-a525-699002a7fe8b,False,7,9.0,2,3,2,2,3,58,58,39,0
T2,account:51fccbc4-ddbf-49f5-b456-7ce5f224ede3,51fccbc4-ddbf-49f5-b456-7ce5f224ede3,False,4,9.0,1,2,1,1,2,33,33,26,0
T2,account:5d54d76d-3b5c-443b-83c0-b7c9c51d4511,5d54d76d-3b5c-443b-83c0-b7c9c51d4511,False,7,12.0,2,3,2,2,2,49,49,46,0
T2,account:323232dc-2f09-4192-ad84-7e1307106421,323232dc-2f09-4192-ad84-7e1307106421,False,5,6.0,1,2,2,1,2,41,41,67,0
T2,account:d1cab375-ad2b-4067-bb3b-9a5b03e7000c,d1cab375-ad2b-4067-bb3b-9a5b03e7000c,False,3,3.0,1,1,1,1,1,32,32,46,0
T2,account:5ce6d70f-0842-45d4-bc13-83bddec90569,5ce6d70f-0842-45d4-bc13-83bddec90569,False,6,12.0,3,1,2,3,1,71,71,53,0
T2,account:e106cc74-f64a-4e6e-a664-0d61826fc010,e106cc74-f64a-4e6e-a664-0d61826fc010,False,3,3.0,1,1,1,1,1,27,27,49,0
T2,account:3981557f-a862-46a9-9fb0-a446a822dfd7,3981557f-a862-46a9-9fb0-a446a822dfd7,False,5,6.0,2,2,1,2,1,43,43,7,0
T2,account:5059d2cb-1496-4e51-bf4d-b9ddaca36b4f,5059d2cb-1496-4e51-bf4d-b9ddaca36b4f,False,5,9.0,1,1,3,1,1,67,67,46,0
T2,account:56de3179-06e6-4678-93c2-f24b44e9b008,56de3179-06e6-4678-93c2-f24b44e9b008,False,5,12.0,1,2,2,1,2,56,57,36,0
T2,account:d56dcf7a-7fff-4614-b088-07ae57f4d9fe,d56dcf7a-7fff-4614-b088-07ae57f4d9fe,False,3,3.0,1,1,1,1,1,36,36,3,0
T2,account:5f766bae-1b0f-4c06-b4f3-313ceb83b610,5f766bae-1b0f-4c06-b4f3-313ceb83b610,False,5,12.0,3,1,1,3,1,38,39,46,0
T2,account:5fba9389-34ac-47b1-a77d-ed000bb5270b,5fba9389-34ac-47b1-a77d-ed000bb5270b,False,9,18.0,3,2,4,3,2,110,110,2,0
T2,account:c904fec5-1273-418e-8f50-4522d0b98bf1,c904fec5-1273-418e-8f50-4522d0b98bf1,False,7,21.0,2,2,3,2,2,69,70,33,0
T2,account:232d7c6a-c86c-4239-9e52-26bf019090e6,232d7c6a-c86c-4239-9e52-26bf019090e6,False,7,12.0,1,3,3,1,3,87,87,70,0
T2,account:277fe343-a805-4692-9056-3c196d858179,277fe343-a805-4692-9056-3c196d858179,False,0,0.0,0,0,0,0,0,0,0,9,7
T2,account:2e35e449-2db3-4b37-ad06-ea1005e5b82d,2e35e449-2db3-4b37-ad06-ea1005e5b82d,False,3,3.0,1,1,1,1,1,32,32,3,0
T2,account:0bbb48ea-246a-4998-aa1f-4845e9d9bb51,0bbb48ea-246a-4998-aa1f-4845e9d9bb51,False,6,15.0,1,2,3,1,2,63,66,24,0
T2,account:3948ae82-b880-43b4-9bde-9d5ed5792d82,3948ae82-b880-43b4-9bde-9d5ed5792d82,False,6,9.0,1,2,3,1,2,63,63,26,0
T2,account:cb0615fe-78c1-4f6d-be02-cf4ec23f4b93,cb0615fe-78c1-4f6d-be02-cf4ec23f4b93,False,3,6.0,1,1,1,1,1,29,30,46,0
T2,account:fb86515d-1f72-4f86-ad5d-f35dd845a5c3,fb86515d-1f72-4f86-ad5d-f35dd845a5c3,False,4,6.0,1,2,1,1,2,27,27,40,0
T2,account:d5921b28-7b4b-4068-9bb0-43e74d89b1bf,d5921b28-7b4b-4068-9bb0-43e74d89b1bf,False,6,6.0,2,2,2,2,2,55,55,36,0
T2,account:ed86b171-f571-4b6e-bddd-d817f27a7b43,ed86b171-f571-4b6e-bddd-d817f27a7b43,False,7,15.0,1,3,3,1,3,61,63,60,0
T2,account:2b451acf-a123-4ae0-9246-086569f1cc08,2b451acf-a123-4ae0-9246-086569f1cc08,False,6,15.0,2,2,2,2,2,57,57,44,0
T2,account:165501e5-a8d9-4381-b271-322638487cb3,165501e5-a8d9-4381-b271-322638487cb3,False,8,18.0,1,2,5,1,2,105,109,33,0
T2,account:11fa8740-6ef0-42d4-80fd-6a4677718764,11fa8740-6ef0-42d4-80fd-6a4677718764,False,3,3.0,1,1,1,1,1,26,26,26,0
T2,account:cef2435b-2d7d-4807-a891-39426efd437a,cef2435b-2d7d-4807-a891-39426efd437a,False,6,12.0,1,2,3,1,2,57,58,7,0
T2,account:f6a2f118-e103-4a72-89bc-8f8c313614b6,f6a2f118-e103-4a72-89bc-8f8c313614b6,False,3,3.0,1,1,1,1,1,27,27,10,0
T2,account:c70361f8-4b4e-4f68-a5dc-b14fbee9ce7c,c70361f8-4b4e-4f68-a5dc-b14fbee9ce7c,False,5,6.0,2,1,2,2,1,52,52,46,0
T2,account:99492613-9c50-427c-96b8-6f537b65be64,99492613-9c50-427c-96b8-6f537b65be64,False,5,6.0,1,2,2,1,1,44,44,3,0
T2,account:8b54d094-d2c2-4fc5-aba6-d17401f853c1,8b54d094-d2c2-4fc5-aba6-d17401f853c1,False,5,12.0,1,1,3,1,1,57,57,39,0
T2,account:254ade48-9029-4d64-bf9a-1d1e6b06d342,254ade48-9029-4d64-bf9a-1d1e6b06d342,False,5,18.0,1,1,3,1,1,50,52,80,0
T2,account:ea51e380-e5e1-47e1-8bcf-498e7741a7a2,ea51e380-e5e1-47e1-8bcf-498e7741a7a2,False,0,0.0,0,0,0,0,0,0,0,11,8
T2,account:5fd8b5bf-d2a6-4f41-8ba8-cb7c31a653df,5fd8b5bf-d2a6-4f41-8ba8-cb7c31a653df,False,4,6.0,1,1,2,1,1,48,49,71,0
T2,account:4f6c5ea8-b2b4-4e76-ba6e-a8e2a5070247,4f6c5ea8-b2b4-4e76-ba6e-a8e2a5070247,False,8,15.0,3,2,3,3,2,90,91,67,0
T2,account:ea9485c3-3efe-442c-8a82-0343400c69d2,ea9485c3-3efe-442c-8a82-0343400c69d2,False,5,9.0,2,1,2,2,1,57,59,84,0
T2,account:2a5541b2-01a3-46b7-b675-7bd561cfa9e9,2a5541b2-01a3-46b7-b675-7bd561cfa9e9,False,5,9.0,1,2,2,1,2,52,52,84,0
T2,account:f707a960-e0a1-451c-9995-2560582293a2,f707a960-e0a1-451c-9995-2560582293a2,False,3,9.0,1,1,1,1,1,26,26,7,0
T2,account:91e036b2-5689-4aad-abc2-baee14b645be,91e036b2-5689-4aad-abc2-baee14b645be,False,0,0.0,0,0,0,0,0,0,0,12,9
T2,account:db15a83c-ed93-47f5-b94c-a25e67aa2e1a,db15a83c-ed93-47f5-b94c-a25e67aa2e1a,False,4,18.0,1,1,2,1,1,48,48,40,0
T2,account:9370ab71-122a-4f1a-97e2-6c78f2f50d3f,9370ab71-122a-4f1a-97e2-6c78f2f50d3f,False,4,9.0,1,1,2,1,1,52,52,83,0
T2,account:1cfefa76-e1d6-44b8-9b81-e37429432783,1cfefa76-e1d6-44b8-9b81-e37429432783,False,7,15.0,2,1,4,2,1,91,91,7,0
T2,account:179a209f-5838-4070-a637-5e4c6606fdc0,179a209f-5838-4070-a637-5e4c6606fdc0,False,5,18.0,1,2,2,1,2,45,45,26,0
T2,account:c7174cfa-1eee-4c09-b964-a1e12bb8d4c5,c7174cfa-1eee-4c09-b964-a1e12bb8d4c5,False,3,3.0,1,1,1,1,1,29,29,70,0
T2,account:2742f9f0-078f-45f5-8d15-7c46d0fafa77,2742f9f0-078f-45f5-8d15-7c46d0fafa77,False,7,12.0,2,2,3,2,2,64,65,40,0
T2,account:9cf18b74-8767-4dea-b7ff-d6a16c83527f,9cf18b74-8767-4dea-b7ff-d6a16c83527f,False,6,12.0,3,1,2,3,1,62,64,10,0
T2,account:362b7bc4-39ed-414f-b7f4-00b8cff2ec0b,362b7bc4-39ed-414f-b7f4-00b8cff2ec0b,False,5,9.0,2,1,2,2,1,49,50,36,0
T2,account:4e2ade8c-2e1a-40ca-9bbe-d934c4bb6780,4e2ade8c-2e1a-40ca-9bbe-d934c4bb6780,False,5,9.0,1,2,2,1,2,52,52,60,0
T2,account:e605a714-8d49-49ff-8cb2-1e6e6ed6014e,e605a714-8d49-49ff-8cb2-1e6e6ed6014e,False,3,3.0,1,1,1,1,1,20,20,44,0
T2,account:5984f1d6-02ec-4098-bccb-6d2907f582ed,5984f1d6-02ec-4098-bccb-6d2907f582ed,False,5,9.0,1,1,3,1,1,74,76,3,0
T2,account:e1a3bc28-d152-4f1c-be89-e02fd087070d,e1a3bc28-d152-4f1c-be89-e02fd087070d,True,13,54.0,4,5,4,4,5,123,173,2,0
T2,account:e3504f9d-441a-4617-bfbe-49c72ace8b86,e3504f9d-441a-4617-bfbe-49c72ace8b86,False,6,9.0,2,1,3,2,1,75,79,39,0
T2,account:5386fc67-d4d9-4237-ba52-3d6d3776d633,5386fc67-d4d9-4237-ba52-3d6d3776d633,False,6,9.0,2,2,2,2,1,54,54,67,0
T2,account:092804e7-e1de-4f91-9ae6-f4d6bd2b2575,092804e7-e1de-4f91-9ae6-f4d6bd2b2575,False,3,3.0,1,1,1,1,1,25,25,46,0
T2,account:37d615f1-9d23-492a-8a85-40edbe8a047c,37d615f1-9d23-492a-8a85-40edbe8a047c,False,5,15.0,1,2,2,1,2,47,47,36,0
T2,account:31ce2fbd-250e-4555-af73-796733cdde22,31ce2fbd-250e-4555-af73-796733cdde22,False,4,6.0,1,1,2,1,1,53,54,39,0
T2,account:3d9d19a8-12be-4c06-b163-9be28eb55a0b,3d9d19a8-12be-4c06-b163-9be28eb55a0b,False,5,6.0,2,2,1,2,2,44,46,44,0
T2,account:c7a48566-b09b-4a2d-82fd-c0c984a66be0,c7a48566-b09b-4a2d-82fd-c0c984a66be0,False,4,15.0,1,2,1,1,2,31,33,49,0
T2,account:ef25603a-43e6-490d-a127-4d282e170029,ef25603a-43e6-490d-a127-4d282e170029,False,3,3.0,1,1,1,1,1,25,25,46,0
T2,account:01aa3566-fad6-4d9f-97c3-0d99850ceaf1,01aa3566-fad6-4d9f-97c3-0d99850ceaf1,False,4,9.0,1,2,1,1,2,33,34,60,0
T2,account:e5e8756e-2182-4b59-84f1-de1ece2f3d82,e5e8756e-2182-4b59-84f1-de1ece2f3d82,False,3,12.0,1,1,1,1,1,36,36,61,0
T2,account:fe7c1497-a9da-436c-be62-fdf19dbb5ef3,fe7c1497-a9da-436c-be62-fdf19dbb5ef3,False,5,12.0,2,1,2,2,1,58,60,3,0
T2,account:60cfd3b6-f5dc-46e9-8c2a-b4e48e3d0420,60cfd3b6-f5dc-46e9-8c2a-b4e48e3d0420,False,3,3.0,1,1,1,1,1,20,20,36,0
T2,account:3f98d26a-dd19-4a2b-a688-45d5ac76aa04,3f98d26a-dd19-4a2b-a688-45d5ac76aa04,False,4,6.0,1,1,2,1,1,52,52,84,0
T2,account:f60a8709-6d09-414a-800a-eb84a7a5a1f8,f60a8709-6d09-414a-800a-eb84a7a5a1f8,False,0,0.0,0,0,0,0,0,0,0,13,10
T2,account:18777360-cd18-4bc6-8a32-681df1fbd685,18777360-cd18-4bc6-8a32-681df1fbd685,False,6,18.0,2,1,3,2,1,70,71,36,0
T2,account:221c4ef5-4dfc-4d66-a136-4c4829c5dd8f,221c4ef5-4dfc-4d66-a136-4c4829c5dd8f,False,7,15.0,3,1,3,3,1,68,71,71,0
T2,account:dd8bc796-a2da-4688-8fd3-ba6d8f0afb0f,dd8bc796-a2da-4688-8fd3-ba6d8f0afb0f,False,4,15.0,2,1,1,2,1,34,34,40,0
T2,account:05378176-e992-4710-9c70-b8a7dc1f547b,05378176-e992-4710-9c70-b8a7dc1f547b,False,6,12.0,2,2,2,2,2,66,67,3,0
T2,account:95533683-5145-4564-8bd3-45a175d60828,95533683-5145-4564-8bd3-45a175d60828,False,5,12.0,1,1,3,1,1,39,40,60,0
T2,account:83986e3e-8bdd-4d8a-9bf3-b0c9b403e470,83986e3e-8bdd-4d8a-9bf3-b0c9b403e470,False,6,12.0,1,2,3,1,2,67,67,71,0
T2,account:0d88b15d-2c16-4eff-ac39-0befbfd29471,0d88b15d-2c16-4eff-ac39-0befbfd29471,False,3,3.0,1,1,1,1,1,25,25,40,0
T2,account:84716835-86ce-47e5-bbae-20a34d2440bd,84716835-86ce-47e5-bbae-20a34d2440bd,False,7,18.0,2,3,2,2,3,66,67,49,0
T2,account:c96ad335-a3df-4e2c-9498-b1f3040d8130,c96ad335-a3df-4e2c-9498-b1f3040d8130,False,6,12.0,2,2,2,2,2,50,50,44,0
T2,account:8150ccfa-d091-44e4-8c3b-ab4b7c072134,8150ccfa-d091-44e4-8c3b-ab4b7c072134,False,7,24.0,2,3,2,2,3,55,55,44,0
T2,account:39053b32-289c-42c8-9341-66385daf97e5,39053b32-289c-42c8-9341-66385daf97e5,False,6,9.0,2,3,1,2,3,44,46,40,0
T2,account:92dc86ce-58b4-4679-be8e-deebf1230fab,92dc86ce-58b4-4679-be8e-deebf1230fab,False,4,6.0,1,1,2,1,1,59,60,67,0
T2,account:4eb3a186-46df-4720-a330-5cfa325ca255,4eb3a186-46df-4720-a330-5cfa325ca255,False,5,9.0,2,1,2,2,0,48,50,46,0
T2,account:1d74dea0-4c70-4b35-bfa6-72f6393b23a1,1d74dea0-4c70-4b35-bfa6-72f6393b23a1,False,7,18.0,1,1,5,1,1,96,98,80,0
T2,account:4c310200-6f17-48fb-aef8-3b24ee052e22,4c310200-6f17-48fb-aef8-3b24ee052e22,False,8,18.0,2,1,5,2,1,128,129,84,0
T2,account:5de79957-d800-4b41-a26f-1656e69e805d,5de79957-d800-4b41-a26f-1656e69e805d,False,5,6.0,2,1,2,2,1,59,59,83,0
T2,account:7e33be13-25cc-466c-9981-e8a947b28b7d,7e33be13-25cc-466c-9981-e8a947b28b7d,False,3,6.0,1,1,1,1,1,24,24,35,0
T2,account:c3e7de3b-5193-4ece-aa62-acddab3b13b9,c3e7de3b-5193-4ece-aa62-acddab3b13b9,False,5,9.0,1,1,3,1,1,60,61,10,0
T2,account:d586670d-10d0-48d1-b97d-a9e32a0026db,d586670d-10d0-48d1-b97d-a9e32a0026db,False,0,0.0,0,0,0,0,0,0,0,14,11
T2,account:f5bfeec6-9748-423a-8466-4af658f0b391,f5bfeec6-9748-423a-8466-4af658f0b391,False,5,9.0,2,1,2,2,0,41,44,46,0
T2,account:41a50bb0-585d-44af-b4be-6599f83a3a31,41a50bb0-585d-44af-b4be-6599f83a3a31,False,10,27.0,3,4,3,3,4,87,91,49,0
T2,account:168d484a-c83c-45d3-bdd1-c07b36a80497,168d484a-c83c-45d3-bdd1-c07b36a80497,False,8,18.0,2,3,3,2,3,69,69,71,0
T2,account:e89807ca-9127-41b5-aa51-991a86d62995,e89807ca-9127-41b5-aa51-991a86d62995,False,6,15.0,2,2,2,2,2,47,47,39,0
T2,account:0e734aaa-1ea5-4b48-842b-aef879d46e6e,0e734aaa-1ea5-4b48-842b-aef879d46e6e,False,5,6.0,1,2,2,1,2,44,44,77,0
T2,account:5d22c441-8af1-4494-84c1-06729ca59ee3,5d22c441-8af1-4494-84c1-06729ca59ee3,False,3,3.0,1,1,1,1,1,38,38,46,0
T2,account:b797101c-3810-4463-a857-63a96d7c7dd0,b797101c-3810-4463-a857-63a96d7c7dd0,False,4,12.0,1,1,2,1,1,40,40,24,0
T2,account:2b3d514b-6ead-498a-bcb8-bab48fe91388,2b3d514b-6ead-498a-bcb8-bab48fe91388,False,5,6.0,2,2,1,2,2,34,34,44,0
T2,account:bfe74a01-f5b9-42ea-a533-8133da2fea7c,bfe74a01-f5b9-42ea-a533-8133da2fea7c,False,9,21.0,2,3,4,2,3,86,87,40,0
T2,account:6dbb2cab-c918-4e41-ac94-6c29d8c31e88,6dbb2cab-c918-4e41-ac94-6c29d8c31e88,False,6,6.0,2,2,2,2,2,53,53,67,0
T2,account:acabeddd-5e8a-405e-94e4-cddae22cc89a,acabeddd-5e8a-405e-94e4-cddae22cc89a,False,4,6.0,1,2,1,1,2,35,35,39,0
T2,account:482bad74-d418-4a43-b551-6ae91f966078,482bad74-d418-4a43-b551-6ae91f966078,False,3,3.0,1,1,1,1,1,35,35,60,0
T2,account:d9340dd9-7035-42b9-9bc8-2d27cb3d96c8,d9340dd9-7035-42b9-9bc8-2d27cb3d96c8,False,8,27.0,2,2,4,2,2,103,105,61,0
T2,account:93a089c8-27bc-4c75-a4d9-bb7d28ab1d53,93a089c8-27bc-4c75-a4d9-bb7d28ab1d53,False,5,18.0,2,1,2,2,1,42,43,77,0
T2,account:f3e15143-50d9-4f2d-85c0-ad2537f2e6a7,f3e15143-50d9-4f2d-85c0-ad2537f2e6a7,False,5,9.0,1,1,3,1,1,77,79,3,0
T2,account:22fac0a9-dda8-492f-afcc-91df11c88c23,22fac0a9-dda8-492f-afcc-91df11c88c23,False,8,12.0,2,3,3,2,3,62,63,71,0
T2,account:eb8bf70d-6d7b-4831-ba7b-3cb47804254b,eb8bf70d-6d7b-4831-ba7b-3cb47804254b,False,7,12.0,1,3,3,1,2,61,61,35,0
T2,account:1a8cb4c2-d538-4663-937f-894b7c1154e9,1a8cb4c2-d538-4663-937f-894b7c1154e9,False,7,9.0,3,1,3,3,1,93,94,60,0
T2,account:77993852-0f40-424a-b1fe-714f663e9338,77993852-0f40-424a-b1fe-714f663e9338,False,3,3.0,1,1,1,1,1,31,32,83,0
T2,account:1285149b-4f74-4d8b-8063-bfd9b48132e1,1285149b-4f74-4d8b-8063-bfd9b48132e1,False,3,12.0,1,1,1,1,1,32,32,3,0
T2,account:d1586422-4766-4c90-a843-bded11bfda9b,d1586422-4766-4c90-a843-bded11bfda9b,False,6,9.0,1,2,3,1,2,76,78,39,0
T2,account:a5f940ff-3728-4a1d-a872-1b63cdea5360,a5f940ff-3728-4a1d-a872-1b63cdea5360,False,7,12.0,3,2,2,3,1,69,70,46,0
T2,account:12f81381-a313-4b60-83f3-672056a94daf,12f81381-a313-4b60-83f3-672056a94daf,False,5,9.0,1,2,2,1,2,56,56,71,0
T2,account:55a92218-50c8-45b0-9bcc-fdf842ae4b14,55a92218-50c8-45b0-9bcc-fdf842ae4b14,False,4,15.0,1,2,1,1,2,32,32,83,0
T2,account:a8c1e1dd-9099-4588-bf6c-582149a00242,a8c1e1dd-9099-4588-bf6c-582149a00242,False,5,15.0,2,2,1,2,2,32,32,44,0
T2,account:a988f79b-fb9c-4b3f-b2e8-3bbd6d37f35a,a988f79b-fb9c-4b3f-b2e8-3bbd6d37f35a,False,5,9.0,2,1,2,2,1,59,59,67,0
T2,account:1576c957-4e49-468a-84c3-0719dee29160,1576c957-4e49-468a-84c3-0719dee29160,False,3,6.0,1,1,1,1,0,24,24,35,0
T2,account:b2a0acc4-07cb-4782-97ae-902d909bcdbb,b2a0acc4-07cb-4782-97ae-902d909bcdbb,False,6,6.0,2,2,2,2,2,54,54,49,0
T2,account:b0a12328-a1f9-4201-a25d-e054f6024cbc,b0a12328-a1f9-4201-a25d-e054f6024cbc,False,5,12.0,1,1,3,1,1,70,73,80,0
T2,account:2754163b-01f3-49f7-81f0-16c67922914c,2754163b-01f3-49f7-81f0-16c67922914c,False,4,9.0,1,1,2,1,1,48,48,40,0
T2,account:6fefbdf7-8b0d-4532-8522-62c670d12dfb,6fefbdf7-8b0d-4532-8522-62c670d12dfb,False,6,21.0,1,3,2,1,3,47,48,70,0
T2,account:70555191-b08f-4665-b11a-8a29eb4bb4eb,70555191-b08f-4665-b11a-8a29eb4bb4eb,False,5,9.0,1,2,2,1,2,55,56,46,0
T2,account:c32a60e6-c177-4d50-aa28-37b7ceada8f7,c32a60e6-c177-4d50-aa28-37b7ceada8f7,False,5,18.0,1,1,3,1,1,68,68,26,0
T2,account:6dc7f720-060d-4616-916e-d57fbd8445d7,6dc7f720-060d-4616-916e-d57fbd8445d7,False,6,9.0,3,1,2,3,1,61,62,33,0
T2,account:917d1c8a-035e-4f10-9b51-a73b829de4b3,917d1c8a-035e-4f10-9b51-a73b829de4b3,False,3,3.0,1,1,1,1,1,27,27,46,0
T2,account:53f794b4-c22c-413b-9755-7d3ae1079d51,53f794b4-c22c-413b-9755-7d3ae1079d51,False,3,3.0,1,1,1,1,1,29,29,33,0
T2,account:9c4d05a7-a625-49f9-948c-a018878da5ff,9c4d05a7-a625-49f9-948c-a018878da5ff,False,5,6.0,2,2,1,2,2,37,37,80,0
T2,account:5162decf-368c-47ee-90e9-92020e047949,5162decf-368c-47ee-90e9-92020e047949,False,5,6.0,1,2,2,1,2,47,47,10,0
T2,account:af720855-a209-4d2d-8f0c-c7bff1d5c64f,af720855-a209-4d2d-8f0c-c7bff1d5c64f,False,5,12.0,2,2,1,2,2,41,42,49,0
T2,account:58880736-fd70-4108-b0a0-d75f3c9c5991,58880736-fd70-4108-b0a0-d75f3c9c5991,False,4,9.0,1,1,2,1,1,58,59,44,0
T2,account:8525c274-a853-4e55-81fb-bff32274a687,8525c274-a853-4e55-81fb-bff32274a687,False,5,9.0,2,2,1,2,2,42,43,70,0
T2,account:eb76e704-0f8a-487b-b728-3bbb43bb3699,eb76e704-0f8a-487b-b728-3bbb43bb3699,False,3,6.0,1,1,1,1,1,26,26,70,0
T2,account:c5f1058b-fed6-46b0-af1f-b5f8f09c7aba,c5f1058b-fed6-46b0-af1f-b5f8f09c7aba,False,4,6.0,1,2,1,1,2,20,20,10,0
T2,account:e3dd591c-595e-4a08-adfb-7db5e779ad8c,e3dd591c-595e-4a08-adfb-7db5e779ad8c,False,4,6.0,1,1,2,1,1,56,56,70,0
T2,account:61fca5d5-40b6-40d9-84f3-8d308ff4f208,61fca5d5-40b6-40d9-84f3-8d308ff4f208,False,5,6.0,2,2,1,2,2,33,33,10,0
T2,account:80a0f1fc-4bbd-47f5-b609-3f911b3ab4db,80a0f1fc-4bbd-47f5-b609-3f911b3ab4db,False,7,18.0,3,1,3,3,1,76,77,26,0
T2,account:48e75bf5-b13e-4063-80c9-4153042c01d9,48e75bf5-b13e-4063-80c9-4153042c01d9,False,6,18.0,1,3,2,1,3,64,64,39,0
T2,account:4a9c4da4-8d0a-4362-b87b-35c4c41b414e,4a9c4da4-8d0a-4362-b87b-35c4c41b414e,False,5,27.0,1,2,2,1,2,50,50,46,0
T2,account:45e5e118-8e00-4e79-92f0-5fc2226392eb,45e5e118-8e00-4e79-92f0-5fc2226392eb,False,5,12.0,1,3,1,1,1,24,24,49,0
T2,account:f829e81b-8cba-4274-9215-58fd22c6caa8,f829e81b-8cba-4274-9215-58fd22c6caa8,False,3,6.0,1,1,1,1,1,23,23,70,0
T2,account:f205269e-9743-4e33-8d81-9013355fc6c0,f205269e-9743-4e33-8d81-9013355fc6c0,False,6,18.0,3,1,2,3,1,69,71,44,0
T2,account:82cbe7ba-35e3-444a-8dc2-f91c71c65553,82cbe7ba-35e3-444a-8dc2-f91c71c65553,False,8,15.0,2,3,3,2,3,70,70,44,0
T2,account:26afbb70-0246-47cd-af42-65cfc64df73e,26afbb70-0246-47cd-af42-65cfc64df73e,False,0,0.0,0,0,0,0,0,0,0,15,12
T2,account:20f9dba6-1630-4a8f-885d-c75788daeeb4,20f9dba6-1630-4a8f-885d-c75788daeeb4,False,5,9.0,2,1,2,2,1,45,45,80,0
T2,account:70c61c7c-882c-4951-97b9-03db56698f15,70c61c7c-882c-4951-97b9-03db56698f15,False,10,15.0,5,2,3,5,2,97,99,71,0
T2,account:b61c4625-3de6-4be9-be32-6fd4f2c95dc9,b61c4625-3de6-4be9-be32-6fd4f2c95dc9,False,7,9.0,3,1,3,3,1,86,88,46,0
T2,account:dc0ec092-b6d4-4a83-8891-f40e8f83fa27,dc0ec092-b6d4-4a83-8891-f40e8f83fa27,False,6,15.0,2,2,2,2,2,59,59,44,0
T2,account:e56176ef-7920-472f-8486-734d3e83e9c6,e56176ef-7920-472f-8486-734d3e83e9c6,False,6,15.0,2,2,2,2,2,53,55,10,0
T2,account:42ea9abd-113e-441f-85c6-1d1ef54a1df5,42ea9abd-113e-441f-85c6-1d1ef54a1df5,False,6,15.0,3,1,2,3,1,70,71,3,0
T2,account:b7c611c0-4c91-4d45-9c85-9bd6ca4ca1bb,b7c611c0-4c91-4d45-9c85-9bd6ca4ca1bb,False,6,12.0,1,2,3,1,2,74,75,7,0
T2,account:63b24b8f-0bcd-41ba-8536-ab92ec063f37,63b24b8f-0bcd-41ba-8536-ab92ec063f37,False,4,12.0,1,1,2,0,1,54,55,44,0
T2,account:3ffa69db-de62-4888-930f-73b647ef42f0,3ffa69db-de62-4888-930f-73b647ef42f0,False,6,12.0,2,2,2,2,2,51,52,71,0
T2,account:93d1bd15-4d28-442d-8e5b-bfd623bfcd0d,93d1bd15-4d28-442d-8e5b-bfd623bfcd0d,False,7,18.0,1,2,4,1,2,76,76,33,0
T2,account:d287e35d-30a0-41cd-a2db-a744f9cebd69,d287e35d-30a0-41cd-a2db-a744f9cebd69,False,8,21.0,3,2,3,3,2,87,90,80,0
T2,account:4830b43c-ebb1-4280-a767-885961ca2ff3,4830b43c-ebb1-4280-a767-885961ca2ff3,False,6,12.0,3,2,1,3,2,46,47,80,0
T2,account:31ecef27-f9d0-4adb-b5a2-7c0084dfabd4,31ecef27-f9d0-4adb-b5a2-7c0084dfabd4,False,3,6.0,1,1,1,1,1,40,40,84,0
T2,account:7a493c6b-414e-403a-a2b0-b1964598f160,7a493c6b-414e-403a-a2b0-b1964598f160,False,4,9.0,1,1,2,1,1,47,48,70,0
T2,account:ad267f3b-41d5-47ef-82e1-c6c2336cc8b3,ad267f3b-41d5-47ef-82e1-c6c2336cc8b3,False,4,9.0,1,1,2,1,1,42,43,71,0
T2,account:48e2994c-3620-4b58-80a4-b8002c9e6895,48e2994c-3620-4b58-80a4-b8002c9e6895,False,8,21.0,3,2,3,3,2,91,93,70,0
T2,account:3c47c781-e558-44fc-aea0-5e120027c5f2,3c47c781-e558-44fc-aea0-5e120027c5f2,False,10,21.0,3,3,4,3,3,110,114,44,0
T2,account:f938eee7-20af-4ce3-8116-ec378d6f2b8f,f938eee7-20af-4ce3-8116-ec378d6f2b8f,False,7,9.0,3,2,2,3,2,72,73,84,0
T2,account:7b5e88b7-e7c7-453f-9611-3d8e9de0717e,7b5e88b7-e7c7-453f-9611-3d8e9de0717e,False,7,9.0,2,2,3,2,2,80,80,24,0
T2,account:843d52de-2b15-4e3f-a973-df8cc5a2652d,843d52de-2b15-4e3f-a973-df8cc5a2652d,False,6,9.0,1,2,3,1,2,77,78,44,0
T2,account:04578930-82e2-4f4b-a2f3-15da07e34889,04578930-82e2-4f4b-a2f3-15da07e34889,False,6,9.0,2,2,2,2,2,67,69,61,0
T2,account:7cddd3f1-3026-4eda-b3a2-13e895449e02,7cddd3f1-3026-4eda-b3a2-13e895449e02,False,8,12.0,3,2,3,3,2,66,67,10,0
T2,account:c72592c3-c183-4f93-a5f7-02cbb44184b7,c72592c3-c183-4f93-a5f7-02cbb44184b7,False,4,9.0,1,1,2,1,1,54,54,3,0
T2,account:dd6d4a07-8402-4378-9a94-41a02dacaa5d,dd6d4a07-8402-4378-9a94-41a02dacaa5d,False,5,15.0,1,2,2,1,2,53,53,77,0
T2,account:77be6158-05b8-4983-9a0e-6be73ad02b28,77be6158-05b8-4983-9a0e-6be73ad02b28,False,5,12.0,2,1,2,2,1,53,54,61,0
T2,account:f42582e4-5509-46bc-9f22-b6cdc4656305,f42582e4-5509-46bc-9f22-b6cdc4656305,False,5,9.0,2,1,2,2,1,58,59,60,0
T2,account:1908078e-389b-4e45-b6ed-d5449e17a47b,1908078e-389b-4e45-b6ed-d5449e17a47b,False,7,9.0,2,2,3,2,2,83,85,7,0
T2,account:ccbe1d5c-47c5-492c-abde-b6d43079d260,ccbe1d5c-47c5-492c-abde-b6d43079d260,False,4,6.0,2,1,1,2,1,34,34,60,0
T2,account:d2a509d2-b354-43aa-b0c6-b1164ba51eec,d2a509d2-b354-43aa-b0c6-b1164ba51eec,False,5,12.0,2,1,2,2,1,40,40,33,0
T2,account:eb23290c-8cfc-49d4-9a09-41a4e3560718,eb23290c-8cfc-49d4-9a09-41a4e3560718,False,0,0.0,0,0,0,0,0,0,0,16,13
T2,account:c4940435-9dcc-4c0b-bfc8-88d6e6b2ed04,c4940435-9dcc-4c0b-bfc8-88d6e6b2ed04,False,7,15.0,3,2,2,3,2,69,71,49,0
T2,account:fa657ba6-2539-4ea1-84a7-ea00934c2758,fa657ba6-2539-4ea1-84a7-ea00934c2758,False,8,12.0,2,2,4,2,2,95,97,70,0
T2,account:5270c4d7-bb8b-44d4-ae34-aac35c82cf8a,5270c4d7-bb8b-44d4-ae34-aac35c82cf8a,False,3,3.0,1,1,1,1,1,30,30,40,0
T2,account:6f894315-38a3-453b-8b1b-0062afa60bc3,6f894315-38a3-453b-8b1b-0062afa60bc3,False,6,15.0,1,3,2,1,3,60,62,84,0
T2,account:37480823-0a56-476f-b6df-02be5178f252,37480823-0a56-476f-b6df-02be5178f252,False,7,12.0,2,1,4,2,1,85,87,80,0
T2,account:b0782a34-37cb-45ed-b1ad-2cc558976753,b0782a34-37cb-45ed-b1ad-2cc558976753,False,8,15.0,3,2,3,3,2,90,91,33,0
T2,account:35f32430-e465-4e93-9205-8d7308bbca64,35f32430-e465-4e93-9205-8d7308bbca64,False,3,6.0,1,1,1,1,1,30,30,70,0
T2,account:eea02ea7-75be-4981-b18c-9e56f4e1a1dc,eea02ea7-75be-4981-b18c-9e56f4e1a1dc,False,3,3.0,1,1,1,1,1,25,27,49,0
T2,account:c2bbfbcc-7b2b-4d92-83c0-99f828d78de2,c2bbfbcc-7b2b-4d92-83c0-99f828d78de2,False,5,12.0,1,2,2,1,2,52,53,80,0
T2,account:b1fcae51-574f-4ff9-b535-f56da1b35c6f,b1fcae51-574f-4ff9-b535-f56da1b35c6f,False,4,6.0,1,2,1,1,2,36,36,70,0
T2,account:7f33a2c8-a026-4203-9c05-ff3ad6c13777,7f33a2c8-a026-4203-9c05-ff3ad6c13777,False,4,9.0,1,2,1,1,2,33,33,44,0
T2,account:cacec7f0-4b57-48c5-aae3-44d3c7e6a778,cacec7f0-4b57-48c5-aae3-44d3c7e6a778,False,3,6.0,1,1,1,1,1,40,40,49,0
T2,account:c96d0cc5-ca62-4564-853e-6c4d367cfa7b,c96d0cc5-ca62-4564-853e-6c4d367cfa7b,False,5,12.0,1,2,2,1,2,47,47,24,0
T2,account:3288814f-a681-4475-998b-5eac115922cd,3288814f-a681-4475-998b-5eac115922cd,False,5,9.0,1,2,2,1,2,37,37,26,0
T2,account:2a379b6b-66bb-4c96-8df3-c9c27fbd0c55,2a379b6b-66bb-4c96-8df3-c9c27fbd0c55,False,7,21.0,3,2,2,3,2,74,76,39,0
T2,account:ed27a4f5-0e3b-47fe-9919-f886079311b6,ed27a4f5-0e3b-47fe-9919-f886079311b6,False,3,3.0,1,1,1,1,1,33,33,49,0
T2,account:e5ecacbd-58a7-4e44-92ce-4ca13ce99696,e5ecacbd-58a7-4e44-92ce-4ca13ce99696,False,3,3.0,1,1,1,1,1,34,34,7,0
T2,account:126017a7-3217-46ad-9d37-8cc91aa844ab,126017a7-3217-46ad-9d37-8cc91aa844ab,False,6,15.0,3,1,2,3,0,46,46,71,0
T2,account:f9631a01-52ef-4a68-b4de-bde0d62c6ca8,f9631a01-52ef-4a68-b4de-bde0d62c6ca8,False,4,6.0,1,2,1,1,2,32,32,46,0
T2,account:f0802638-a7f4-46f9-8afd-f713253e4766,f0802638-a7f4-46f9-8afd-f713253e4766,False,8,15.0,2,3,3,2,3,74,75,3,0
T2,account:12d1c682-46b7-47a6-b409-a9470768584b,12d1c682-46b7-47a6-b409-a9470768584b,False,3,3.0,1,1,1,1,0,24,25,33,0
T2,account:024d4121-9d75-4fb8-8d7e-8bb8c487e06d,024d4121-9d75-4fb8-8d7e-8bb8c487e06d,False,3,6.0,1,1,1,1,1,33,34,33,0
T2,account:39911504-fd81-4e0d-a249-965478ec1c54,39911504-fd81-4e0d-a249-965478ec1c54,False,3,3.0,1,1,1,1,1,38,38,67,0
T2,account:ece365ac-f251-4e3e-8a5e-38f190debcd3,ece365ac-f251-4e3e-8a5e-38f190debcd3,False,0,0.0,0,0,0,0,0,0,0,17,14
T2,account:17c15592-1959-4745-940e-9af57cd755ed,17c15592-1959-4745-940e-9af57cd755ed,False,5,12.0,1,2,2,1,2,48,48,84,0
T2,account:552c2b3f-6847-4c36-8b24-343c9565906a,552c2b3f-6847-4c36-8b24-343c9565906a,False,3,6.0,1,1,1,1,1,42,42,44,0
T2,account:9eae709f-04b3-4b39-b689-12bbe6b1fb3f,9eae709f-04b3-4b39-b689-12bbe6b1fb3f,False,7,9.0,2,2,3,2,2,80,83,70,0
T2,account:3691f185-7621-4dad-8196-c69cb6eb6da5,3691f185-7621-4dad-8196-c69cb6eb6da5,False,5,6.0,1,2,2,1,2,52,52,46,0
T2,account:9ca64dcd-92ba-4817-a4e0-4baa817d00e1,9ca64dcd-92ba-4817-a4e0-4baa817d00e1,False,8,24.0,3,1,4,3,1,90,92,83,0
T2,account:886589f0-9ef7-470d-af00-f805e9affe46,886589f0-9ef7-470d-af00-f805e9affe46,False,7,15.0,2,3,2,2,3,59,59,70,0
T2,account:acd75ad7-8ba5-4d4b-924c-4596b4fae18d,acd75ad7-8ba5-4d4b-924c-4596b4fae18d,False,7,18.0,1,2,4,1,2,80,84,71,0
T2,account:e2bec35d-9da3-4f94-aa9b-076990a848f2,e2bec35d-9da3-4f94-aa9b-076990a848f2,False,6,12.0,2,2,2,2,2,65,65,3,0
T2,account:1da8287c-93f0-4c34-88e9-5a16abef2e59,1da8287c-93f0-4c34-88e9-5a16abef2e59,False,3,6.0,1,1,1,1,1,32,32,36,0
T2,account:8c505e56-58dd-4d9f-9928-4172fa5cde26,8c505e56-58dd-4d9f-9928-4172fa5cde26,False,3,12.0,1,1,1,1,1,25,25,70,0
T2,account:a5b0a5fc-6285-4ef5-a5be-12503d8bf7dd,a5b0a5fc-6285-4ef5-a5be-12503d8bf7dd,False,4,9.0,1,1,2,1,1,50,50,71,0
T2,account:02051344-fe37-496a-9dff-81742eb75038,02051344-fe37-496a-9dff-81742eb75038,False,3,3.0,1,1,1,1,1,18,18,39,0
T2,account:d6fa8e51-57c1-4464-9e0a-c5b83b9c190f,d6fa8e51-57c1-4464-9e0a-c5b83b9c190f,False,3,3.0,1,1,1,1,1,22,22,70,0
T2,account:7b85ba0c-916c-495c-b5f8-5cc6aee27f64,7b85ba0c-916c-495c-b5f8-5cc6aee27f64,False,4,6.0,2,1,1,2,1,33,33,10,0
T2,account:07a11a4f-d367-4a35-ba77-d3b2731b9130,07a11a4f-d367-4a35-ba77-d3b2731b9130,False,6,6.0,2,2,2,2,1,54,54,26,0
T2,account:5c767dee-09a6-4332-871f-c1273b07d73a,5c767dee-09a6-4332-871f-c1273b07d73a,False,4,6.0,2,1,1,2,1,32,32,33,0
T2,account:120ec5dd-e1b1-4856-9e8d-0e860ad24969,120ec5dd-e1b1-4856-9e8d-0e860ad24969,False,7,9.0,3,2,2,3,2,70,70,61,0
T2,account:83a829bf-6953-4c5d-82d3-221d1e40b2d1,83a829bf-6953-4c5d-82d3-221d1e40b2d1,False,10,24.0,1,3,6,1,3,120,122,39,0
T2,account:1093bb14-765d-47c0-9d53-027c4acc7f2a,1093bb14-765d-47c0-9d53-027c4acc7f2a,False,8,15.0,3,3,2,3,3,68,68,39,0
T2,account:85dc9f68-24a4-4075-828e-6c7f49fc3891,85dc9f68-24a4-4075-828e-6c7f49fc3891,False,8,9.0,3,2,3,3,2,82,83,33,0
T2,account:0dbd9a17-eeca-4939-9340-da5622eee189,0dbd9a17-eeca-4939-9340-da5622eee189,False,4,15.0,1,1,2,1,1,35,35,84,0
T2,account:aff1a69f-9ac9-480c-8af6-9945c8f5fba5,aff1a69f-9ac9-480c-8af6-9945c8f5fba5,False,8,24.0,3,1,4,3,1,109,113,70,0
T2,account:e830a4b1-5409-4abe-b103-7cdee3b22e1d,e830a4b1-5409-4abe-b103-7cdee3b22e1d,False,3,6.0,1,1,1,1,1,29,29,10,0
T2,account:2ef1d60b-2dc9-4783-aaa6-f7c33e16e75d,2ef1d60b-2dc9-4783-aaa6-f7c33e16e75d,False,9,18.0,2,3,4,2,3,106,108,53,0
T2,account:9eac27ae-db75-446c-9a44-038771b9c7bc,9eac27ae-db75-446c-9a44-038771b9c7bc,False,3,6.0,1,1,1,1,1,23,23,46,0
T2,account:b428a990-5d0b-4567-b926-96c1ab1229fb,b428a990-5d0b-4567-b926-96c1ab1229fb,False,6,9.0,1,2,3,1,2,68,70,67,0
T2,account:69e8f4f5-0433-43b7-9806-32b15f962b7d,69e8f4f5-0433-43b7-9806-32b15f962b7d,False,5,9.0,2,1,2,2,0,46,46,46,0
T2,account:bc028307-f4ab-45c2-bbe4-cf166afdfe92,bc028307-f4ab-45c2-bbe4-cf166afdfe92,False,11,21.0,3,4,4,3,4,107,110,61,0
T2,account:5020b983-e011-435d-bdb6-2c66b55413ea,5020b983-e011-435d-bdb6-2c66b55413ea,False,5,6.0,1,2,2,1,2,46,47,44,0
T2,account:afab4bd9-e41f-4049-81d2-47620b491896,afab4bd9-e41f-4049-81d2-47620b491896,False,7,21.0,1,2,4,1,2,102,103,44,0
T2,account:1940a17d-6378-43ca-b621-7c65b87f2b1b,1940a17d-6378-43ca-b621-7c65b87f2b1b,False,5,12.0,2,1,2,2,1,41,42,83,0
T2,account:4246c115-9e0c-427c-8467-a4d10a2e464f,4246c115-9e0c-427c-8467-a4d10a2e464f,False,3,3.0,1,1,1,1,1,25,25,10,0
T2,account:b7d13aaa-b51c-4f7e-b6f0-f7a4f91f882f,b7d13aaa-b51c-4f7e-b6f0-f7a4f91f882f,False,7,12.0,4,1,2,4,1,61,63,60,0
T2,account:596b48fb-fcdd-48af-aaf3-ffe96a338e8f,596b48fb-fcdd-48af-aaf3-ffe96a338e8f,False,7,15.0,2,3,2,2,3,51,52,71,0
T2,account:2922e874-e2e4-4291-bf2a-53d6a1265a30,2922e874-e2e4-4291-bf2a-53d6a1265a30,False,6,6.0,2,2,2,2,2,50,50,33,0
T2,account:f254068e-9bc8-47cc-92a3-7e81bcf19f10,f254068e-9bc8-47cc-92a3-7e81bcf19f10,False,6,9.0,2,1,3,2,1,76,76,39,0
T2,account:c2b0dd49-6648-4034-8032-3a14de8131a0,c2b0dd49-6648-4034-8032-3a14de8131a0,False,5,9.0,1,2,2,1,2,39,39,10,0
T2,account:2b837721-9258-4ab2-88b0-76d847e84cbe,2b837721-9258-4ab2-88b0-76d847e84cbe,False,3,9.0,1,1,1,1,1,35,35,44,0
T2,account:ae1786a8-4290-42ac-bbb8-8d71a0e6e5c7,ae1786a8-4290-42ac-bbb8-8d71a0e6e5c7,False,3,3.0,1,1,1,1,1,26,28,7,0
T2,account:7d1f6b3b-5672-476e-9c44-199cced958d4,7d1f6b3b-5672-476e-9c44-199cced958d4,False,6,18.0,2,2,2,2,2,55,55,2,0
T2,account:0b7e2aeb-27d5-47a1-a7ac-f8ac559237f9,0b7e2aeb-27d5-47a1-a7ac-f8ac559237f9,False,7,12.0,3,3,1,3,3,64,64,46,0
T2,account:0d026bd7-05e3-4b6d-b42b-2f915379c780,0d026bd7-05e3-4b6d-b42b-2f915379c780,False,5,9.0,1,2,2,1,2,49,49,67,0
T2,account:c93aae3f-1883-44fa-b6b7-d3d8d7b3517b,c93aae3f-1883-44fa-b6b7-d3d8d7b3517b,False,8,18.0,1,3,4,1,3,98,98,80,0
T2,account:fa50984f-7b19-491c-9741-7c356c1f7027,fa50984f-7b19-491c-9741-7c356c1f7027,False,3,12.0,1,1,1,1,1,33,33,67,0
T2,account:18f2ee67-e913-484b-a89e-5027185b39a2,18f2ee67-e913-484b-a89e-5027185b39a2,False,8,12.0,2,2,4,2,2,94,94,40,0
T2,account:1e294700-a363-40b9-a150-e865013d78af,1e294700-a363-40b9-a150-e865013d78af,False,4,6.0,1,2,1,1,2,32,32,84,0
T2,account:277a9871-e312-4831-b3ef-34bab377221c,277a9871-e312-4831-b3ef-34bab377221c,False,8,18.0,3,2,3,3,2,85,86,39,0
T2,account:d196d475-6874-4fd2-b9d4-fe48aa5606d0,d196d475-6874-4fd2-b9d4-fe48aa5606d0,False,11,18.0,5,2,4,5,2,129,133,39,0
T2,account:5c7b4780-d3c7-42d0-9063-bd18ed8ffd03,5c7b4780-d3c7-42d0-9063-bd18ed8ffd03,False,7,15.0,1,3,3,1,3,70,74,24,0
T2,account:fd9e3ba7-f7f2-4b39-8c32-de381cd449a4,fd9e3ba7-f7f2-4b39-8c32-de381cd449a4,False,5,6.0,2,2,1,2,2,38,38,67,0
T2,account:a13b7a1a-cba1-4c4c-93dc-bd2f9fffbceb,a13b7a1a-cba1-4c4c-93dc-bd2f9fffbceb,False,3,6.0,1,1,1,1,1,24,24,2,0
T2,account:a8b15c20-f121-4b50-9a5d-6c271eba1e6b,a8b15c20-f121-4b50-9a5d-6c271eba1e6b,False,6,9.0,1,2,3,1,2,56,57,2,0
T2,account:b7170640-c634-448d-9c38-7fc22b347a88,b7170640-c634-448d-9c38-7fc22b347a88,False,3,12.0,1,1,1,1,1,22,22,83,0
T2,account:6bf62173-d04f-4f67-b30c-8b39bc594cea,6bf62173-d04f-4f67-b30c-8b39bc594cea,False,7,24.0,2,3,2,2,3,58,59,46,0
T2,account:9fcb1c41-7401-45d1-88a4-b088e555a5aa,9fcb1c41-7401-45d1-88a4-b088e555a5aa,False,10,24.0,5,2,3,5,2,85,86,33,0
T2,account:8c1a7a79-6608-412d-8030-e925e0417595,8c1a7a79-6608-412d-8030-e925e0417595,False,6,15.0,1,2,3,1,2,68,68,53,0
T2,account:60840423-e55d-4f88-83fe-33a531ca20e0,60840423-e55d-4f88-83fe-33a531ca20e0,False,4,6.0,1,2,1,1,2,35,36,2,0
T2,account:39c0491e-c489-42ca-a95c-50bbae43a1b9,39c0491e-c489-42ca-a95c-50bbae43a1b9,False,6,6.0,2,2,2,2,2,51,52,26,0
T2,account:e7339150-ee53-4ca2-a474-b9b892ea8d86,e7339150-ee53-4ca2-a474-b9b892ea8d86,False,4,12.0,1,1,2,1,1,39,39,46,0
T2,account:cbdc9007-f206-4bf0-9e40-254b5a7ac1db,cbdc9007-f206-4bf0-9e40-254b5a7ac1db,False,4,6.0,1,2,1,1,2,33,33,3,0
T2,account:02966dd3-5e89-4640-995b-b41b902d03c1,02966dd3-5e89-4640-995b-b41b902d03c1,False,0,0.0,0,0,0,0,0,0,0,18,15
T2,account:1fecb433-95f2-443c-b8e6-26de3cf3b08a,1fecb433-95f2-443c-b8e6-26de3cf3b08a,False,4,9.0,1,2,1,1,2,46,46,7,0
T2,account:d41019ff-ad97-48e2-a592-120e82227e95,d41019ff-ad97-48e2-a592-120e82227e95,False,6,9.0,2,2,2,2,1,49,49,71,0
T2,account:4eaa5a27-776d-45aa-9501-e8eb4e44b333,4eaa5a27-776d-45aa-9501-e8eb4e44b333,False,7,27.0,1,3,3,1,3,60,63,46,0
T2,account:806fd480-06d9-4880-9520-86c47c907105,806fd480-06d9-4880-9520-86c47c907105,False,6,9.0,2,1,3,2,1,75,76,80,0
T2,account:2c7648a4-d149-4f09-8d78-6b0dc9f5c268,2c7648a4-d149-4f09-8d78-6b0dc9f5c268,False,9,12.0,3,2,4,3,2,94,97,46,0
T2,account:df017ab8-b338-4a4f-8a23-6bde50418038,df017ab8-b338-4a4f-8a23-6bde50418038,False,8,12.0,2,3,3,2,3,77,81,67,0
T2,account:a51c8f7d-5e45-4164-aae1-221ecca9da7d,a51c8f7d-5e45-4164-aae1-221ecca9da7d,False,8,15.0,3,2,3,3,2,82,86,44,0
T2,account:a1988ee5-5f6f-4b69-b74d-fcc1db5efd9a,a1988ee5-5f6f-4b69-b74d-fcc1db5efd9a,False,5,18.0,1,1,3,1,1,63,63,39,0
T2,account:220c7a67-81a8-4dda-b85c-ee7c1f63ee1d,220c7a67-81a8-4dda-b85c-ee7c1f63ee1d,False,3,3.0,1,1,1,1,1,24,24,33,0
T2,account:4ec55005-45d5-4ad0-b455-7e2219612e21,4ec55005-45d5-4ad0-b455-7e2219612e21,False,7,12.0,2,2,3,2,2,64,65,46,0
T2,account:8d82c000-9f51-42b2-843d-4c6bf8dd6e67,8d82c000-9f51-42b2-843d-4c6bf8dd6e67,False,5,12.0,1,1,3,1,1,62,64,24,0
T2,account:ba31b495-fabd-48c8-a53d-a7f3076b4f1e,ba31b495-fabd-48c8-a53d-a7f3076b4f1e,False,3,9.0,1,1,1,1,1,23,23,46,0
T2,account:22824a70-6376-4570-966d-7e270e85cb49,22824a70-6376-4570-966d-7e270e85cb49,False,6,12.0,2,1,3,2,1,63,64,2,0
T2,account:9209c416-2b69-4c00-a819-265499a2a476,9209c416-2b69-4c00-a819-265499a2a476,False,4,9.0,1,1,2,1,1,43,45,33,0
T2,account:5d764380-84c7-4b9d-995f-35e50dda3d82,5d764380-84c7-4b9d-995f-35e50dda3d82,False,6,18.0,3,2,1,3,2,49,49,33,0
T2,account:00506ead-8aaa-4953-85d9-26cfe996593f,00506ead-8aaa-4953-85d9-26cfe996593f,False,5,9.0,1,2,2,1,2,67,67,46,0
T2,account:ba62fb93-c8fe-4edf-9883-26663e87c763,ba62fb93-c8fe-4edf-9883-26663e87c763,False,6,9.0,1,2,3,1,2,84,86,46,0
T2,account:9fbcdd9d-f7db-438e-ad3a-dd2ccd6b3c85,9fbcdd9d-f7db-438e-ad3a-dd2ccd6b3c85,False,5,9.0,2,1,2,2,1,59,60,49,0
T2,account:889164fd-4f9d-4fe8-bb42-6ed663575601,889164fd-4f9d-4fe8-bb42-6ed663575601,False,7,9.0,2,2,3,2,1,76,78,61,0
T2,account:12e17a9f-e6c6-4858-ae1c-e350123afed2,12e17a9f-e6c6-4858-ae1c-e350123afed2,False,9,15.0,2,5,2,2,4,65,66,49,0
T2,account:3c84423d-c632-4228-a6aa-42af7ec54b78,3c84423d-c632-4228-a6aa-42af7ec54b78,False,3,3.0,1,1,1,1,1,24,24,26,0
T2,account:10599018-5cff-4e9a-be86-d12679f02fc9,10599018-5cff-4e9a-be86-d12679f02fc9,False,5,12.0,1,2,2,1,2,49,50,26,0
T2,account:ee7ba9d3-1e4e-4261-8c3f-98b773696c1c,ee7ba9d3-1e4e-4261-8c3f-98b773696c1c,False,5,6.0,1,2,2,0,1,50,50,70,0
T2,account:277f986d-a0b7-4c55-af02-284d1cbdbda0,277f986d-a0b7-4c55-af02-284d1cbdbda0,False,5,15.0,1,1,3,1,1,68,68,71,0
T2,account:0069d59f-f444-4e0b-9893-6c308eb82395,0069d59f-f444-4e0b-9893-6c308eb82395,False,3,3.0,1,1,1,1,1,31,31,49,0
T2,account:f2d10146-beee-4a88-9b75-41e8553c62f3,f2d10146-beee-4a88-9b75-41e8553c62f3,False,4,9.0,1,1,2,1,1,44,45,84,0
T2,account:967452cb-8621-40ce-bd37-462778ec2c9a,967452cb-8621-40ce-bd37-462778ec2c9a,False,5,9.0,1,2,2,1,2,48,49,44,0
T2,account:1bc1788c-449c-486b-9307-b45a4d611484,1bc1788c-449c-486b-9307-b45a4d611484,False,0,0.0,0,0,0,0,0,0,0,19,16
T2,account:831df67b-a849-4a53-86f6-18dd7d01b899,831df67b-a849-4a53-86f6-18dd7d01b899,False,5,15.0,1,3,1,1,3,37,38,40,0
T2,account:2bb3dbc6-d59a-4472-8b32-3d4df9aa5a79,2bb3dbc6-d59a-4472-8b32-3d4df9aa5a79,False,5,9.0,1,2,2,1,2,55,56,80,0
T2,account:ed72a9c9-c022-4a6f-a674-b57459ed4f0d,ed72a9c9-c022-4a6f-a674-b57459ed4f0d,False,5,9.0,2,2,1,2,2,30,31,46,0
T2,account:29d75796-db97-49a2-8958-4f73e2fd4bb7,29d75796-db97-49a2-8958-4f73e2fd4bb7,False,0,0.0,0,0,0,0,0,0,0,20,17
T2,account:5f6eef3a-ff34-4b61-8eb1-937f863e7078,5f6eef3a-ff34-4b61-8eb1-937f863e7078,False,7,12.0,2,3,2,2,3,44,44,60,0
T2,account:35e04101-c07b-4df1-8f75-cf2c92366640,35e04101-c07b-4df1-8f75-cf2c92366640,False,4,12.0,1,1,2,1,1,46,46,61,0
T2,account:3c534a56-3e52-491b-bf94-21e3a8519f6b,3c534a56-3e52-491b-bf94-21e3a8519f6b,False,4,6.0,1,1,2,1,1,55,55,83,0
T2,account:46611e3f-c80a-491a-ba49-52410ce052bd,46611e3f-c80a-491a-ba49-52410ce052bd,False,6,12.0,1,1,4,1,1,82,84,70,0
T2,account:757331da-000d-42b0-a5d1-b97cf8e4a595,757331da-000d-42b0-a5d1-b97cf8e4a595,False,5,9.0,3,1,1,3,1,39,39,70,0
T2,account:a41ad099-d581-4abd-a2cc-b2f4ee57cf3c,a41ad099-d581-4abd-a2cc-b2f4ee57cf3c,False,4,9.0,2,1,1,2,1,44,45,46,0
T2,account:b2b70a0b-a61c-4b6c-a02c-57e80e4df8a5,b2b70a0b-a61c-4b6c-a02c-57e80e4df8a5,False,4,6.0,1,1,2,1,1,48,48,40,0
T2,account:7fc44509-be73-4ccf-bb04-2341dedf871e,7fc44509-be73-4ccf-bb04-2341dedf871e,False,3,9.0,1,1,1,1,1,25,25,53,0
T2,account:abac19ef-67a9-4307-b34e-7a7025e6ad5a,abac19ef-67a9-4307-b34e-7a7025e6ad5a,False,3,6.0,1,1,1,1,1,27,27,61,0
T2,account:a15baa01-37c2-4d67-8379-2d963905c86f,a15baa01-37c2-4d67-8379-2d963905c86f,False,4,6.0,1,1,2,1,1,46,46,7,0
T2,account:9b2bf340-0903-4df1-9cec-70441bafd681,9b2bf340-0903-4df1-9cec-70441bafd681,False,7,18.0,2,2,3,2,2,75,76,70,0
T2,account:15623db2-1ca7-4569-bc26-6a3519b98e34,15623db2-1ca7-4569-bc26-6a3519b98e34,False,3,3.0,1,1,1,1,1,42,42,46,0
T2,account:5a248e86-306b-49c1-b130-9c48e1fa6c05,5a248e86-306b-49c1-b130-9c48e1fa6c05,False,3,3.0,1,1,1,1,1,40,40,2,0
T2,account:5110daa0-a581-4f27-b6aa-5f23a76b6686,5110daa0-a581-4f27-b6aa-5f23a76b6686,False,5,9.0,1,1,3,1,1,83,86,46,0
T2,account:3bf796c3-e264-4a1d-bca5-e5bc17b7876c,3bf796c3-e264-4a1d-bca5-e5bc17b7876c,False,5,6.0,2,1,2,2,1,59,59,33,0
T2,account:45482cc7-7802-46bf-ad57-ed7ab531011b,45482cc7-7802-46bf-ad57-ed7ab531011b,False,9,12.0,3,2,4,3,2,103,103,84,0
T2,account:03918d13-0f17-4807-ba53-c54bc45289e8,03918d13-0f17-4807-ba53-c54bc45289e8,False,3,9.0,1,1,1,1,1,28,28,46,0
T2,account:75cdd3e6-ae4b-432c-a47a-2456725d6dca,75cdd3e6-ae4b-432c-a47a-2456725d6dca,False,5,15.0,2,1,2,2,1,65,65,3,0
T2,account:f88242de-d3ee-4ef3-864a-f56be26f3be1,f88242de-d3ee-4ef3-864a-f56be26f3be1,False,5,15.0,1,2,2,1,2,55,56,39,0
T2,account:d7235c9b-9edd-486d-b6ef-0631ed83fb9f,d7235c9b-9edd-486d-b6ef-0631ed83fb9f,False,6,15.0,1,1,4,1,1,74,76,40,0
T2,account:d052da44-d2ea-4edd-ba8c-e2a85565bd15,d052da44-d2ea-4edd-ba8c-e2a85565bd15,False,4,6.0,1,1,2,1,1,45,45,49,0
T2,account:caf06a48-5f2b-4cc8-8336-befc7a8a2d9b,caf06a48-5f2b-4cc8-8336-befc7a8a2d9b,False,3,3.0,1,1,1,1,1,24,24,71,0
T2,account:6aef7729-f724-488b-90a8-f915903c9ef1,6aef7729-f724-488b-90a8-f915903c9ef1,False,4,6.0,1,1,2,1,1,50,50,36,0
T2,account:1aa3238b-774f-4152-9cee-c7f97c530d9e,1aa3238b-774f-4152-9cee-c7f97c530d9e,False,5,9.0,2,2,1,2,2,41,41,40,0
T2,account:cf22579e-7d5c-4eea-9290-c399fdcc6473,cf22579e-7d5c-4eea-9290-c399fdcc6473,False,6,9.0,3,1,2,3,0,56,56,3,0
T2,account:15b3af14-7279-4544-a2ad-90a30500722c,15b3af14-7279-4544-a2ad-90a30500722c,False,3,3.0,1,1,1,1,1,23,24,77,0
T2,account:7578f4e0-69c6-480a-ac26-b57a2df42bc1,7578f4e0-69c6-480a-ac26-b57a2df42bc1,False,5,6.0,1,2,2,1,2,46,47,10,0
T2,account:449708c7-a37a-4808-adbb-f326e5de28fb,449708c7-a37a-4808-adbb-f326e5de28fb,False,5,12.0,1,2,2,1,2,50,50,44,0
T2,account:bb3bc174-2fff-493f-83ca-83e68a362ae4,bb3bc174-2fff-493f-83ca-83e68a362ae4,False,6,15.0,2,2,2,2,2,57,58,26,0
T2,account:b143ec7e-9bd9-4d7c-914d-14f19fbd2aaa,b143ec7e-9bd9-4d7c-914d-14f19fbd2aaa,False,5,6.0,1,2,2,1,1,35,35,80,0
T2,account:a05c7eb1-8d1c-4271-a0c6-9b142610aeed,a05c7eb1-8d1c-4271-a0c6-9b142610aeed,False,6,15.0,2,2,2,2,2,52,52,70,0
T2,account:58654ced-b34e-4493-8c13-4de330800ee6,58654ced-b34e-4493-8c13-4de330800ee6,False,3,3.0,1,1,1,1,1,30,30,71,0
T2,account:5ca7920c-87b1-42e7-a989-b5dac47cc549,5ca7920c-87b1-42e7-a989-b5dac47cc549,False,6,15.0,2,2,2,2,2,57,57,33,0
T2,account:aa6644a6-2c24-4b2d-a269-9ab4683f9157,aa6644a6-2c24-4b2d-a269-9ab4683f9157,False,4,12.0,1,2,1,1,2,36,36,3,0
T2,account:cf40b1b3-9093-4ab5-b6b9-17bd05fca3b5,cf40b1b3-9093-4ab5-b6b9-17bd05fca3b5,False,4,6.0,1,2,1,1,2,33,34,60,0
T2,account:9cf29b84-961f-4036-be08-78cec39fc20f,9cf29b84-961f-4036-be08-78cec39fc20f,False,5,9.0,1,2,2,1,2,45,45,40,0
T2,account:1ce56a3b-2c7c-49e4-8b6b-639f290bca5f,1ce56a3b-2c7c-49e4-8b6b-639f290bca5f,False,9,18.0,2,3,4,2,3,97,99,46,0
T2,account:ab03c81a-305a-4f09-8757-c2ff110bee1e,ab03c81a-305a-4f09-8757-c2ff110bee1e,False,5,9.0,1,1,3,1,1,68,68,83,0
T2,account:94a1b159-9463-409a-a87c-dffaa12e0315,94a1b159-9463-409a-a87c-dffaa12e0315,False,7,18.0,2,2,3,2,2,70,70,83,0
T2,account:6bf18899-b228-48ad-af1b-d3d509b7ec95,6bf18899-b228-48ad-af1b-d3d509b7ec95,False,5,15.0,1,2,2,1,2,53,53,33,0
T2,account:ced1e559-6475-4c61-a0c4-aad67edcc53f,ced1e559-6475-4c61-a0c4-aad67edcc53f,False,5,9.0,1,3,1,1,3,31,31,39,0
T2,account:23469ed7-e9f1-43c4-a4d6-12eb58304297,23469ed7-e9f1-43c4-a4d6-12eb58304297,False,9,15.0,2,2,5,2,2,132,135,80,0
T2,account:22e035e5-3414-42c0-b5fd-611acad7a1d4,22e035e5-3414-42c0-b5fd-611acad7a1d4,False,7,9.0,1,3,3,1,2,72,72,46,0
T2,account:08a9bdc9-d874-4a65-84e9-e89b2e806aa0,08a9bdc9-d874-4a65-84e9-e89b2e806aa0,False,6,15.0,2,1,3,2,1,68,69,46,0
T2,account:296c4c46-015a-4cef-b68f-f1b9f03b2263,296c4c46-015a-4cef-b68f-f1b9f03b2263,False,5,9.0,1,2,2,1,2,44,45,3,0
T2,account:aee10a78-373f-4896-9deb-09dee5f638e9,aee10a78-373f-4896-9deb-09dee5f638e9,False,5,12.0,1,1,3,1,1,59,60,40,0
T2,account:ad9d5939-1af1-45f9-ba64-efc5c900ae6a,ad9d5939-1af1-45f9-ba64-efc5c900ae6a,False,4,6.0,2,1,1,2,1,25,25,40,0
T2,account:c4f09fd0-1733-4376-9571-22ed3faba17c,c4f09fd0-1733-4376-9571-22ed3faba17c,False,7,12.0,1,3,3,1,3,67,67,3,0
T2,account:0c978752-9c29-4e98-89ef-1f4c40120194,0c978752-9c29-4e98-89ef-1f4c40120194,False,8,9.0,3,3,2,3,3,84,85,70,0
T2,account:b397129e-87e8-4061-89dc-7908c64396f9,b397129e-87e8-4061-89dc-7908c64396f9,False,5,9.0,1,1,3,1,1,71,73,40,0
T2,account:0614d483-9292-4c6f-add8-1d076ffa2e75,0614d483-9292-4c6f-add8-1d076ffa2e75,False,5,9.0,1,1,3,1,1,70,70,36,0
T2,account:26dc411b-3282-49de-9480-43cb125d36c7,26dc411b-3282-49de-9480-43cb125d36c7,False,6,12.0,2,2,2,2,2,49,50,80,0
T2,account:bb136341-dc0c-41ac-a9d7-d7cfb1123c11,bb136341-dc0c-41ac-a9d7-d7cfb1123c11,False,6,6.0,2,2,2,2,2,69,69,80,0
T2,account:ea8d41be-11f5-48a5-9f4e-6e31bdf82462,ea8d41be-11f5-48a5-9f4e-6e31bdf82462,False,5,9.0,2,2,1,2,1,35,35,49,0
T2,account:ad3f9de3-020e-44a0-a755-3e94f836d17a,ad3f9de3-020e-44a0-a755-3e94f836d17a,False,5,6.0,2,1,2,2,1,48,49,35,0
T2,account:e5f6ddda-c283-4d6c-a992-c2a6d5a15efc,e5f6ddda-c283-4d6c-a992-c2a6d5a15efc,False,4,6.0,1,2,1,1,2,31,31,80,0
T2,account:683e94bf-38b4-4085-a6b2-acead2b7a35f,683e94bf-38b4-4085-a6b2-acead2b7a35f,False,6,9.0,2,2,2,2,2,63,64,70,0
T2,account:26f3394d-40fc-40bf-9c15-7adf4c3ada02,26f3394d-40fc-40bf-9c15-7adf4c3ada02,False,8,9.0,2,3,3,2,3,68,68,35,0
T2,account:a952d446-a33f-487f-b924-87e881871603,a952d446-a33f-487f-b924-87e881871603,False,8,15.0,3,2,3,3,2,79,79,83,0
T2,account:690d70bc-f104-4e99-a363-c5c08b391b41,690d70bc-f104-4e99-a363-c5c08b391b41,False,5,27.0,1,2,2,1,2,47,47,26,0
T2,account:ec1cb307-9b66-4ed2-a605-303ccc476776,ec1cb307-9b66-4ed2-a605-303ccc476776,False,4,6.0,1,2,1,1,2,28,28,46,0
T2,account:a9c39eca-4721-4c85-8ae2-6d9f2061f6ad,a9c39eca-4721-4c85-8ae2-6d9f2061f6ad,False,6,15.0,2,2,2,2,2,55,55,70,0
T2,account:5f794ef0-51d3-49f4-9723-d6290004edad,5f794ef0-51d3-49f4-9723-d6290004edad,False,3,6.0,1,1,1,1,1,25,25,70,0
T2,account:f02aba17-1245-4a45-8018-190634c8b53e,f02aba17-1245-4a45-8018-190634c8b53e,False,3,6.0,1,1,1,1,1,26,26,24,0
T2,account:232edea6-c453-44e8-b2eb-b176afd25b89,232edea6-c453-44e8-b2eb-b176afd25b89,False,4,18.0,1,1,2,1,1,50,50,46,0
T2,account:01e3d13f-f48a-462f-a70d-b4c24fd935a0,01e3d13f-f48a-462f-a70d-b4c24fd935a0,False,4,12.0,1,1,2,1,1,48,48,44,0
T2,account:74f20bc8-213f-4920-ace3-b14474962377,74f20bc8-213f-4920-ace3-b14474962377,False,6,9.0,1,2,3,1,2,66,67,10,0
T2,account:c2c828d9-b2b8-482b-9b11-22220e6e3988,c2c828d9-b2b8-482b-9b11-22220e6e3988,False,5,15.0,1,2,2,1,2,57,58,7,0
T2,account:c09e1259-d46c-43e9-8a0b-baa051d0db72,c09e1259-d46c-43e9-8a0b-baa051d0db72,False,4,6.0,1,1,2,1,1,38,38,46,0
T2,account:a1001bf0-1c67-41b1-9e19-46cee51564bb,a1001bf0-1c67-41b1-9e19-46cee51564bb,False,5,6.0,1,2,2,1,2,40,41,10,0
T2,account:a68e225d-38b2-443f-99ba-3939708dae6d,a68e225d-38b2-443f-99ba-3939708dae6d,False,4,15.0,1,1,2,1,1,60,60,44,0
T2,account:13c0ff30-5e2f-4ebb-96a6-c2f89ad9449d,13c0ff30-5e2f-4ebb-96a6-c2f89ad9449d,False,4,6.0,1,1,2,1,0,48,48,7,0
T2,account:dd7d582d-d07d-41d0-b889-668d49bbb31c,dd7d582d-d07d-41d0-b889-668d49bbb31c,False,4,9.0,1,2,1,1,2,32,32,46,0
T2,account:820086d4-d07e-4157-a584-8b4e458f79f9,820086d4-d07e-4157-a584-8b4e458f79f9,False,5,9.0,2,1,2,2,1,60,61,61,0
T2,account:3decf02b-23cb-490f-acd7-6b2389a36eee,3decf02b-23cb-490f-acd7-6b2389a36eee,False,5,9.0,1,1,3,1,1,58,60,71,0
T2,account:02476bd7-9108-4a66-857f-9b57706f92b3,02476bd7-9108-4a66-857f-9b57706f92b3,False,3,3.0,1,1,1,1,1,25,25,46,0
T2,account:a47d8516-d1a7-4cba-9b93-d3321e0da3f3,a47d8516-d1a7-4cba-9b93-d3321e0da3f3,False,7,12.0,1,3,3,1,3,75,77,3,0
T2,account:b5d89f9e-2ff1-4a84-a35f-319c6e92bb7e,b5d89f9e-2ff1-4a84-a35f-319c6e92bb7e,False,6,9.0,2,2,2,2,2,60,62,40,0
T2,account:a19557bd-fcf6-4650-90ef-c3046aca2586,a19557bd-fcf6-4650-90ef-c3046aca2586,False,0,0.0,0,0,0,0,0,0,0,21,18
T2,account:766c4ee0-7359-4be4-8883-c17dfc6277ab,766c4ee0-7359-4be4-8883-c17dfc6277ab,False,5,9.0,1,2,2,1,2,55,57,24,0
T2,account:b77d11a2-24fa-4bd4-9a82-f12b8978e210,b77d11a2-24fa-4bd4-9a82-f12b8978e210,False,8,12.0,1,3,4,1,3,103,106,36,0
T2,account:1869f499-c602-423f-ab0d-54d11b85acce,1869f499-c602-423f-ab0d-54d11b85acce,False,7,18.0,1,4,2,1,4,58,61,24,0
T2,account:c5b229ba-523a-46be-83d2-750f60098671,c5b229ba-523a-46be-83d2-750f60098671,False,6,6.0,2,2,2,2,1,54,54,10,0
T2,account:c8a9d484-603e-42b9-8f15-861892690cfd,c8a9d484-603e-42b9-8f15-861892690cfd,False,6,9.0,2,2,2,2,2,61,61,46,0
T2,account:6409e9dc-ddc3-4777-8f06-da828cca2ae8,6409e9dc-ddc3-4777-8f06-da828cca2ae8,False,3,9.0,1,1,1,1,1,28,28,77,0
T2,account:65a16891-3707-4d36-8204-2b8862d0a605,65a16891-3707-4d36-8204-2b8862d0a605,False,4,6.0,1,1,2,1,1,45,45,7,0
T2,account:7dc8d6a5-6679-4b2b-a01a-10b717a0fb05,7dc8d6a5-6679-4b2b-a01a-10b717a0fb05,False,6,9.0,1,3,2,1,3,47,47,67,0
T2,account:9b94e4fa-12ee-43e3-bfd8-24744f059fc7,9b94e4fa-12ee-43e3-bfd8-24744f059fc7,False,6,15.0,2,1,3,2,1,72,72,3,0
T2,account:b81d36ae-6a46-43c3-868a-6dc15a8a1f65,b81d36ae-6a46-43c3-868a-6dc15a8a1f65,False,6,12.0,1,2,3,1,2,77,81,3,0
T2,account:b68ee5c7-f05c-4a05-866a-4676ca4bd563,b68ee5c7-f05c-4a05-866a-4676ca4bd563,False,5,12.0,1,2,2,1,2,49,51,49,0
T2,account:1015a649-662a-4b64-9023-500fac88c160,1015a649-662a-4b64-9023-500fac88c160,False,4,9.0,1,1,2,1,1,40,40,67,0
T2,account:12e1094c-6f01-48fe-8ff4-c82cab8c3cea,12e1094c-6f01-48fe-8ff4-c82cab8c3cea,False,0,0.0,0,0,0,0,0,0,0,22,19
T2,account:4de7617e-322c-4863-aa97-3d0bf864747b,4de7617e-322c-4863-aa97-3d0bf864747b,False,5,12.0,1,2,2,1,2,46,46,10,0
T2,account:21df5aaf-b448-470f-9de6-777dbeaa88cd,21df5aaf-b448-470f-9de6-777dbeaa88cd,False,10,18.0,3,3,4,3,3,116,119,80,0
T2,account:51c3c649-d9c4-4cf5-b4bf-8be9d6e49788,51c3c649-d9c4-4cf5-b4bf-8be9d6e49788,False,4,9.0,1,2,1,1,2,34,34,53,0
T2,account:e8aea44f-879c-4ada-89d7-352b6e58c70c,e8aea44f-879c-4ada-89d7-352b6e58c70c,False,6,12.0,2,2,2,2,2,60,60,33,0
T2,account:2030e7d2-2dd6-4aff-9e4f-4cef99eaa385,2030e7d2-2dd6-4aff-9e4f-4cef99eaa385,False,5,15.0,2,1,2,2,1,47,47,46,0
T2,account:80675e6c-a069-462b-a234-912ebf86ed5b,80675e6c-a069-462b-a234-912ebf86ed5b,False,6,12.0,1,2,3,1,2,67,68,71,0
T2,account:5d03febb-f51a-459f-b61f-ae0dddd4b7c8,5d03febb-f51a-459f-b61f-ae0dddd4b7c8,False,6,9.0,1,3,2,1,3,57,57,26,0
T2,account:0bbd58e1-7b76-4034-ba9b-f4e609ff6032,0bbd58e1-7b76-4034-ba9b-f4e609ff6032,False,5,12.0,3,1,1,3,1,42,42,67,0
T2,account:d38286e9-3a3d-4447-b5c5-cea66e3322ff,d38286e9-3a3d-4447-b5c5-cea66e3322ff,False,3,3.0,1,1,1,1,1,33,34,3,0
T2,account:2019b082-dd19-4757-9803-05c3a0fe7193,2019b082-dd19-4757-9803-05c3a0fe7193,False,6,18.0,1,3,2,1,3,46,47,46,0
T2,account:146e1ee7-1247-46b2-9f78-5c7e6a8060f8,146e1ee7-1247-46b2-9f78-5c7e6a8060f8,False,6,15.0,1,3,2,1,3,64,65,67,0
T2,account:9c65382e-2acd-4f21-a458-7a5c0aaabf3f,9c65382e-2acd-4f21-a458-7a5c0aaabf3f,False,3,12.0,1,1,1,1,1,17,17,10,0
T2,account:9025efed-5ac0-489e-8115-87777942d223,9025efed-5ac0-489e-8115-87777942d223,False,5,9.0,2,2,1,2,2,33,33,26,0
T2,account:ff8a9b7e-e09a-4b3e-9369-415a84a9ccce,ff8a9b7e-e09a-4b3e-9369-415a84a9ccce,False,0,0.0,0,0,0,0,0,0,0,23,20
T2,account:246c6230-0536-4c9e-b2b2-fe28d909cab7,246c6230-0536-4c9e-b2b2-fe28d909cab7,False,4,9.0,1,1,2,1,1,55,56,3,0
T2,account:dfecd3bd-84a7-4cd4-9d2c-31502b669dae,dfecd3bd-84a7-4cd4-9d2c-31502b669dae,False,3,3.0,1,1,1,1,1,38,38,46,0
T2,account:b3f5cdf9-10a9-4e5b-921e-0f42e90815f6,b3f5cdf9-10a9-4e5b-921e-0f42e90815f6,False,3,9.0,1,1,1,1,1,31,31,39,0
T2,account:7a6188ce-4b40-418a-8d03-daf907829f98,7a6188ce-4b40-418a-8d03-daf907829f98,False,5,9.0,2,1,2,2,1,53,53,71,0
T2,account:90da546e-8e6e-4888-854b-e40a54215132,90da546e-8e6e-4888-854b-e40a54215132,False,11,15.0,4,3,4,4,3,102,102,80,0
T2,account:4ff17a95-f0d9-4e2e-a7a0-3197af7c15b0,4ff17a95-f0d9-4e2e-a7a0-3197af7c15b0,False,3,12.0,1,1,1,1,1,27,27,39,0
T2,account:8016cce2-9b77-4f88-b685-fa837d732f84,8016cce2-9b77-4f88-b685-fa837d732f84,False,5,9.0,1,2,2,1,2,58,60,46,0
T2,account:334a2a69-8d53-49e7-9572-3ce85049dc37,334a2a69-8d53-49e7-9572-3ce85049dc37,False,4,6.0,1,2,1,1,1,30,30,46,0
T2,account:99dd6590-96a4-4d22-a241-061a99e86c06,99dd6590-96a4-4d22-a241-061a99e86c06,False,6,9.0,2,2,2,2,2,62,62,44,0
T2,account:269536be-9a24-4219-9235-cfd6e57f3f5c,269536be-9a24-4219-9235-cfd6e57f3f5c,False,5,6.0,1,2,2,1,2,61,61,46,0
T2,account:9b04f6d8-dc13-4b62-809a-f6910a9772c2,9b04f6d8-dc13-4b62-809a-f6910a9772c2,False,6,15.0,1,2,3,1,2,72,73,46,0
T2,account:713bb9c8-f906-4cc0-812f-4a83c2ce1b77,713bb9c8-f906-4cc0-812f-4a83c2ce1b77,False,6,9.0,1,3,2,1,3,59,59,46,0
T2,account:437f282a-b61f-4d30-a50e-efa81ad9fb52,437f282a-b61f-4d30-a50e-efa81ad9fb52,False,5,15.0,2,2,1,2,2,33,33,67,0
T2,account:abdad213-568d-4f84-a122-3e14c2087aae,abdad213-568d-4f84-a122-3e14c2087aae,False,5,9.0,2,2,1,2,2,46,46,33,0
T2,account:41ff9a66-73ce-4e34-a981-ec81555b0124,41ff9a66-73ce-4e34-a981-ec81555b0124,False,5,6.0,1,2,2,1,2,58,58,49,0
T2,account:7ea41fca-7a15-4639-b139-833cf5da242d,7ea41fca-7a15-4639-b139-833cf5da242d,False,7,12.0,1,3,3,1,3,82,83,49,0
T2,account:dc0344ba-0e1b-45e6-a18c-4ab78514ce48,dc0344ba-0e1b-45e6-a18c-4ab78514ce48,False,9,15.0,2,3,4,2,3,90,92,7,0
T2,account:e9ed647d-f25e-4470-b752-82753266407d,e9ed647d-f25e-4470-b752-82753266407d,False,6,6.0,2,2,2,2,2,66,67,77,0
T2,account:1a9271fd-3810-4f15-a0bf-533743723ca7,1a9271fd-3810-4f15-a0bf-533743723ca7,False,4,6.0,1,1,2,1,1,40,40,33,0
T2,account:c4ef86c0-4978-43aa-bfa7-b0241e7b041e,c4ef86c0-4978-43aa-bfa7-b0241e7b041e,False,7,9.0,2,2,3,2,2,76,76,46,0
T2,account:47df6486-5a35-4d1b-9848-8298f10b056c,47df6486-5a35-4d1b-9848-8298f10b056c,False,3,3.0,1,1,1,1,1,31,31,44,0
T2,account:5ce273c0-7bc9-4d98-9c6c-7718574f01b4,5ce273c0-7bc9-4d98-9c6c-7718574f01b4,False,5,6.0,2,1,2,2,1,59,59,71,0
T2,account:e2c43186-6d61-4993-923d-b9e7041fbc4f,e2c43186-6d61-4993-923d-b9e7041fbc4f,False,3,6.0,1,1,1,1,1,28,28,60,0
T2,account:a3488d9f-fcef-4c18-8f06-982af139280e,a3488d9f-fcef-4c18-8f06-982af139280e,False,8,18.0,2,3,3,2,3,75,78,33,0
T2,account:b91f7f24-185b-4723-bd62-d75ba61513de,b91f7f24-185b-4723-bd62-d75ba61513de,False,7,12.0,2,2,3,2,2,73,73,77,0
T2,account:93560cb5-875d-44d3-84c4-3066f3be3281,93560cb5-875d-44d3-84c4-3066f3be3281,False,7,12.0,4,2,1,4,2,42,42,26,0
T2,account:3fcff521-8d9d-4749-a4b6-68290dd763c6,3fcff521-8d9d-4749-a4b6-68290dd763c6,False,8,21.0,1,3,4,1,3,91,92,84,0
T2,account:f5683c97-632e-40f7-8d30-cf52fdd900db,f5683c97-632e-40f7-8d30-cf52fdd900db,False,5,12.0,2,2,1,2,2,41,41,71,0
T2,account:571fde63-ff2f-4831-8fe7-6c845704651c,571fde63-ff2f-4831-8fe7-6c845704651c,False,5,12.0,1,2,2,1,2,60,61,49,0
T2,account:334fc591-e772-4868-8eb9-3b5c86a576fa,334fc591-e772-4868-8eb9-3b5c86a576fa,False,5,15.0,1,2,2,1,2,46,46,53,0
T2,account:8b948c83-16fd-45fd-83a7-3ade41824d63,8b948c83-16fd-45fd-83a7-3ade41824d63,False,4,6.0,1,2,1,1,2,37,37,44,0
T2,account:d4a8eb2c-5b6d-4a34-9a11-a17a90479530,d4a8eb2c-5b6d-4a34-9a11-a17a90479530,False,6,15.0,2,2,2,2,2,69,70,53,0
T2,account:8f2e7f1b-d3d2-40fc-8c5f-dfa5ae7f2c83,8f2e7f1b-d3d2-40fc-8c5f-dfa5ae7f2c83,False,5,9.0,1,2,2,1,2,49,49,36,0
T2,account:e5e87f1d-2d9e-491e-9cea-8717d4d0baf5,e5e87f1d-2d9e-491e-9cea-8717d4d0baf5,False,3,6.0,1,1,1,1,1,35,35,80,0
T2,account:e0664607-0a71-4bae-80c7-0d666cd97a8f,e0664607-0a71-4bae-80c7-0d666cd97a8f,False,6,6.0,2,2,2,2,2,53,54,40,0
T2,account:9c9564d5-e36b-4cfa-a39b-cef7a30794e2,9c9564d5-e36b-4cfa-a39b-cef7a30794e2,False,6,6.0,2,2,2,2,2,55,55,10,0
T2,account:f4a3258e-24cb-4e90-86ac-2902987e56a1,f4a3258e-24cb-4e90-86ac-2902987e56a1,False,7,21.0,1,3,3,1,3,55,55,26,0
T2,account:f5e52d17-8ad8-4e60-bf7c-35494b1e9d1c,f5e52d17-8ad8-4e60-bf7c-35494b1e9d1c,False,4,12.0,1,1,2,1,1,60,60,70,0
T2,account:9501d907-4818-42b2-9642-a14eb886a8d2,9501d907-4818-42b2-9642-a14eb886a8d2,False,6,9.0,2,2,2,2,2,73,73,24,0
T2,account:95db0cbe-8e99-42b3-b23f-93062d92f32e,95db0cbe-8e99-42b3-b23f-93062d92f32e,False,3,3.0,1,1,1,1,1,28,28,83,0
T2,account:f69531c7-19f4-4ecb-83c2-1e70fad41a11,f69531c7-19f4-4ecb-83c2-1e70fad41a11,False,6,12.0,1,2,3,1,2,77,77,44,0
T2,account:69923b61-be2b-4a44-8bcc-1e5a221a5d27,69923b61-be2b-4a44-8bcc-1e5a221a5d27,False,6,6.0,2,2,2,2,2,64,64,7,0
T2,account:a9d59015-7bc2-4254-9d05-128f9d1f055c,a9d59015-7bc2-4254-9d05-128f9d1f055c,False,4,6.0,1,1,2,1,1,42,42,60,0
T2,account:2e67ad7c-5990-48ce-aaac-58161f0e2109,2e67ad7c-5990-48ce-aaac-58161f0e2109,False,6,9.0,2,2,2,2,2,56,56,46,0
T2,account:2e534e9f-9671-4c29-abf9-adbd7be7ec07,2e534e9f-9671-4c29-abf9-adbd7be7ec07,False,4,12.0,2,1,1,2,1,25,25,44,0
T2,account:4a36a1ae-af56-4351-a48a-5755c9588e55,4a36a1ae-af56-4351-a48a-5755c9588e55,False,3,3.0,1,1,1,1,1,35,35,40,0
T2,account:fa0dbd16-31be-454b-a863-f42d96ac70ae,fa0dbd16-31be-454b-a863-f42d96ac70ae,False,7,15.0,2,2,3,2,2,78,80,49,0
T2,account:20795563-9937-43c7-bccc-bd3be8ac0df5,20795563-9937-43c7-bccc-bd3be8ac0df5,False,7,15.0,3,2,2,3,2,64,65,33,0
T2,account:29122fda-5dac-47fb-83b2-3f7862313552,29122fda-5dac-47fb-83b2-3f7862313552,False,3,3.0,1,1,1,1,1,26,26,33,0
T2,account:c2b6d241-35e3-497c-a2c6-d62db13cec54,c2b6d241-35e3-497c-a2c6-d62db13cec54,False,3,3.0,1,1,1,1,0,22,22,83,0
T2,account:f89ec3f7-7b54-4fa3-9573-45eac48170e9,f89ec3f7-7b54-4fa3-9573-45eac48170e9,False,6,12.0,1,2,3,1,2,88,90,3,0
T2,account:5035a06b-4bf6-4bde-b71e-ea75d466133d,5035a06b-4bf6-4bde-b71e-ea75d466133d,False,5,15.0,2,1,2,2,1,48,50,10,0
T2,account:485e3c16-8411-45b9-9435-65a1c041801b,485e3c16-8411-45b9-9435-65a1c041801b,False,3,3.0,1,1,1,1,1,26,27,35,0
T2,account:0e8cfd2f-684c-4de8-8369-ae83c5e5f638,0e8cfd2f-684c-4de8-8369-ae83c5e5f638,False,6,15.0,2,2,2,2,2,56,57,24,0
T2,account:da61f8b3-214e-451e-9f13-bb10b0f44138,da61f8b3-214e-451e-9f13-bb10b0f44138,False,6,18.0,1,3,2,1,3,44,46,44,0
T2,account:1df36b58-998c-4c87-a1ca-79d4e30b8d80,1df36b58-998c-4c87-a1ca-79d4e30b8d80,False,8,12.0,1,4,3,1,4,71,72,71,0
T2,account:4d3d7710-e7de-4d80-afda-7444dea89484,4d3d7710-e7de-4d80-afda-7444dea89484,False,3,3.0,1,1,1,1,1,27,27,33,0
T2,account:5d39d0f2-3d46-4148-92ad-e5fe3cb24c79,5d39d0f2-3d46-4148-92ad-e5fe3cb24c79,False,3,3.0,1,1,1,1,0,27,27,36,0
T2,account:02fadee4-5062-49f9-9354-6592b111ef34,02fadee4-5062-49f9-9354-6592b111ef34,False,6,9.0,2,1,3,2,1,70,71,40,0
T2,account:8cb4cf74-9a47-40dd-b8b3-9e0c6a6f39d7,8cb4cf74-9a47-40dd-b8b3-9e0c6a6f39d7,False,7,12.0,1,2,4,1,2,97,98,26,0
T2,account:5994df69-aafa-4848-911e-cf4e2f77adb5,5994df69-aafa-4848-911e-cf4e2f77adb5,False,6,15.0,1,2,3,1,2,75,76,36,0
T2,account:ad448584-fa2b-4c46-a37a-a7db41dd894f,ad448584-fa2b-4c46-a37a-a7db41dd894f,False,4,9.0,1,1,2,1,0,43,43,36,0
T2,account:ff61f579-2aaa-4919-a8d2-c87da8989801,ff61f579-2aaa-4919-a8d2-c87da8989801,False,3,12.0,1,1,1,1,1,31,32,84,0
T2,account:38e1c8cf-fa3e-4419-810e-23a190179ded,38e1c8cf-fa3e-4419-810e-23a190179ded,False,4,12.0,1,2,1,1,2,28,28,33,0
T2,account:76e8ba0e-8e64-47e7-af93-71238b2eb588,76e8ba0e-8e64-47e7-af93-71238b2eb588,False,3,3.0,1,1,1,1,1,33,33,71,0
T2,account:d68251eb-91bc-4d4b-8e2a-7d45f6b1a483,d68251eb-91bc-4d4b-8e2a-7d45f6b1a483,False,3,6.0,1,1,1,1,1,21,21,10,0
T2,account:81f3192f-c032-4b77-8696-c3125d571fdb,81f3192f-c032-4b77-8696-c3125d571fdb,False,6,9.0,1,2,3,1,2,76,77,36,0
T2,account:196a6703-e50b-484a-bed5-ed27a645ca7d,196a6703-e50b-484a-bed5-ed27a645ca7d,False,6,18.0,1,1,4,1,1,71,75,26,0
T2,account:fd0daf4e-6237-4713-a465-80bf0208a98a,fd0daf4e-6237-4713-a465-80bf0208a98a,False,3,6.0,1,1,1,1,1,31,31,3,0
T2,account:b3c89d07-bdfc-4630-9b4e-3b16aa68e4bc,b3c89d07-bdfc-4630-9b4e-3b16aa68e4bc,False,8,12.0,2,3,3,2,1,70,71,33,0
T2,account:1f71cf28-8c80-45bf-a241-aee2aee44c2f,1f71cf28-8c80-45bf-a241-aee2aee44c2f,False,3,3.0,1,1,1,1,1,24,24,26,0
T2,account:d1272c28-c3ca-4399-8212-bec12f6e81a2,d1272c28-c3ca-4399-8212-bec12f6e81a2,False,3,12.0,1,1,1,1,1,24,24,60,0
T2,account:4e31553c-5d2e-4aba-852e-a058e10f87e5,4e31553c-5d2e-4aba-852e-a058e10f87e5,False,6,12.0,2,2,2,2,2,60,61,77,0
T2,account:86075463-bf49-4a6e-973f-605bbb45e1ff,86075463-bf49-4a6e-973f-605bbb45e1ff,False,5,6.0,2,2,1,2,2,27,27,46,0
T2,account:c49f8a5c-5a4f-433b-b1be-d51b513a41bf,c49f8a5c-5a4f-433b-b1be-d51b513a41bf,False,5,12.0,2,2,1,2,2,45,45,2,0
T2,account:de1031bb-7009-4d53-9730-c12c109044f1,de1031bb-7009-4d53-9730-c12c109044f1,False,3,3.0,1,1,1,1,1,31,31,84,0
T2,account:91e86f8b-23b3-4654-9888-2966883d2df7,91e86f8b-23b3-4654-9888-2966883d2df7,False,6,21.0,1,2,3,1,2,83,84,53,0
T2,account:fcea0bdf-af17-4fb2-825a-256d23bd46f5,fcea0bdf-af17-4fb2-825a-256d23bd46f5,False,5,6.0,1,2,2,1,2,61,61,39,0
T2,account:85da71e3-318d-4af5-b442-846a0c3f2d0d,85da71e3-318d-4af5-b442-846a0c3f2d0d,False,6,9.0,2,2,2,2,2,64,64,70,0
T2,account:d3d99333-7113-414c-aeea-4c4f49a59411,d3d99333-7113-414c-aeea-4c4f49a59411,False,4,9.0,1,1,2,1,1,48,49,71,0
T2,account:ab1f642b-90c0-41f4-8a20-8b18da37b143,ab1f642b-90c0-41f4-8a20-8b18da37b143,False,0,0.0,0,0,0,0,0,0,0,25,21
T2,account:76dcf53b-0a80-47a8-9f8b-de93405c672f,76dcf53b-0a80-47a8-9f8b-de93405c672f,False,4,9.0,1,1,2,1,1,49,49,46,0
T2,account:ea0e12cc-5d08-4890-9004-9c2205bee6a2,ea0e12cc-5d08-4890-9004-9c2205bee6a2,False,5,9.0,2,1,2,2,1,46,48,35,0
T2,account:0737a8cc-b61a-4a0e-a60b-50694c870f6b,0737a8cc-b61a-4a0e-a60b-50694c870f6b,False,4,6.0,2,1,1,2,1,34,34,49,0
T2,account:2731c63e-086c-4578-a54a-860adbc0ab4c,2731c63e-086c-4578-a54a-860adbc0ab4c,False,3,6.0,1,1,1,1,1,25,26,39,0
T2,account:f775267d-126c-4204-8b30-cd21005448b0,f775267d-126c-4204-8b30-cd21005448b0,False,4,18.0,2,1,1,2,1,39,39,44,0
T2,account:18828c61-80ae-4868-ac07-55b474ae7915,18828c61-80ae-4868-ac07-55b474ae7915,False,5,6.0,2,2,1,2,2,38,38,80,0
T2,account:a9b3342f-2f26-4bdb-86ab-c3f0b89d6aef,a9b3342f-2f26-4bdb-86ab-c3f0b89d6aef,False,5,12.0,2,1,2,2,1,59,59,36,0
T2,account:4959b2b8-af05-4581-8928-fe87d93f1be1,4959b2b8-af05-4581-8928-fe87d93f1be1,False,6,12.0,2,1,3,2,1,65,66,39,0
T2,account:46acfc8a-0d9f-49b4-b73f-f4550011eb0c,46acfc8a-0d9f-49b4-b73f-f4550011eb0c,False,6,12.0,1,2,3,1,2,69,71,67,0
T2,account:28f107e0-940e-4852-81fa-31ff5cb32daf,28f107e0-940e-4852-81fa-31ff5cb32daf,False,6,9.0,1,3,2,1,2,40,40,26,0
T2,account:5d0ecd07-82e5-4557-95bf-b2ec2de7fcc5,5d0ecd07-82e5-4557-95bf-b2ec2de7fcc5,False,5,15.0,1,2,2,1,2,46,46,36,0
T2,account:6387e202-5fec-47a2-b6a6-e0a8debb863c,6387e202-5fec-47a2-b6a6-e0a8debb863c,False,4,9.0,1,1,2,1,1,54,55,71,0
T2,account:bb9a7ea3-8c21-41bc-a532-a09b9088f9e8,bb9a7ea3-8c21-41bc-a532-a09b9088f9e8,False,3,9.0,1,1,1,1,1,25,25,24,0
T2,account:1d3606ec-f7e6-4de2-9b1e-c94f373c09dc,1d3606ec-f7e6-4de2-9b1e-c94f373c09dc,False,5,12.0,1,2,2,1,2,59,59,70,0
T2,account:03538c77-7cac-4a38-a05e-6805b9753100,03538c77-7cac-4a38-a05e-6805b9753100,False,6,12.0,2,3,1,2,3,44,45,71,0
T2,account:3be7d51f-56cf-43ed-bf6a-cb7e92fe4d26,3be7d51f-56cf-43ed-bf6a-cb7e92fe4d26,False,4,6.0,1,1,2,1,1,49,49,67,0
T2,account:7c231bde-64af-4d1d-b355-5c19372f4834,7c231bde-64af-4d1d-b355-5c19372f4834,False,8,12.0,2,2,4,2,2,94,96,33,0
T2,account:f9ca0b4c-9c78-472d-83bd-b6c4d9e366c8,f9ca0b4c-9c78-472d-83bd-b6c4d9e366c8,False,4,6.0,2,1,1,2,1,40,40,67,0
T2,account:35da0a5a-eb78-49c9-baea-43a1c0a512fa,35da0a5a-eb78-49c9-baea-43a1c0a512fa,False,6,9.0,2,1,3,2,1,63,63,26,0
T2,account:128ceb9a-8c8c-4d07-8c0a-cd1014eb3e10,128ceb9a-8c8c-4d07-8c0a-cd1014eb3e10,False,5,9.0,2,2,1,2,2,47,47,40,0
T2,account:ea4be882-89ca-43f0-95ad-5356b9044a05,ea4be882-89ca-43f0-95ad-5356b9044a05,False,3,6.0,1,1,1,1,1,32,32,3,0
T2,account:5cca7e1f-83d2-49fa-9939-f74b59f772ac,5cca7e1f-83d2-49fa-9939-f74b59f772ac,False,4,6.0,1,1,2,1,1,34,34,46,0
T2,account:97e844f9-073c-4e32-9ab7-1fcbdb80e59e,97e844f9-073c-4e32-9ab7-1fcbdb80e59e,False,4,9.0,1,2,1,1,2,25,25,44,0
T2,account:44848a3f-65d5-4b0b-9287-159891dd6d12,44848a3f-65d5-4b0b-9287-159891dd6d12,False,6,9.0,1,3,2,1,3,46,47,35,0
T2,account:5304ba27-c83b-48d4-9e85-63e75e38ced7,5304ba27-c83b-48d4-9e85-63e75e38ced7,False,5,6.0,1,2,2,1,2,53,54,71,0
T2,account:5bb1f95d-9ae2-47d3-8468-86d429f0a60c,5bb1f95d-9ae2-47d3-8468-86d429f0a60c,False,4,9.0,2,1,1,2,1,48,49,3,0
T2,account:677fe9c6-534a-4880-8454-1781b276dca1,677fe9c6-534a-4880-8454-1781b276dca1,False,6,9.0,2,2,2,2,2,62,62,39,0
T2,account:3314c25a-f528-45b8-a471-9e0f86d19095,3314c25a-f528-45b8-a471-9e0f86d19095,False,6,9.0,2,2,2,2,2,66,67,84,0
T2,account:e49c2e03-aae2-4ab5-8f88-10714d9ed76c,e49c2e03-aae2-4ab5-8f88-10714d9ed76c,False,5,9.0,1,1,3,1,1,69,72,67,0
T2,account:3f448132-00a4-4c80-a4d0-bb05850b668c,3f448132-00a4-4c80-a4d0-bb05850b668c,False,3,6.0,1,1,1,1,1,28,28,44,0
T2,account:6d34317d-9a15-436e-b283-5af151a58e1b,6d34317d-9a15-436e-b283-5af151a58e1b,False,6,9.0,2,2,2,2,2,56,56,83,0
T2,account:a274605a-030e-4747-93c9-92ca5680492a,a274605a-030e-4747-93c9-92ca5680492a,False,6,12.0,1,3,2,1,3,56,56,80,0
T2,account:2fbefaa2-c22f-4aab-9c7d-2116466e2ad0,2fbefaa2-c22f-4aab-9c7d-2116466e2ad0,False,4,6.0,1,2,1,1,2,27,27,40,0
T2,account:588a5e34-3a0b-400b-a7c5-76e6c7d2b673,588a5e34-3a0b-400b-a7c5-76e6c7d2b673,False,3,9.0,1,1,1,1,1,37,37,3,0
T2,account:87901f30-3cc8-402c-b415-7ada9948f971,87901f30-3cc8-402c-b415-7ada9948f971,False,6,9.0,2,2,2,2,2,66,67,60,0
T2,account:1e40066d-dc44-420f-908a-fa77a1e3332f,1e40066d-dc44-420f-908a-fa77a1e3332f,False,5,9.0,1,2,2,1,2,56,56,39,0
T2,account:e3b9d248-a909-40fd-8ae7-bc118f5d5710,e3b9d248-a909-40fd-8ae7-bc118f5d5710,False,4,15.0,1,1,2,1,1,44,44,24,0
T2,account:aee0deb7-5c58-425c-954b-a90b4900d735,aee0deb7-5c58-425c-954b-a90b4900d735,False,7,12.0,1,3,3,1,3,97,98,44,0
T2,account:6ecdba19-4036-4d99-8606-d95ebcdb62f9,6ecdba19-4036-4d99-8606-d95ebcdb62f9,False,4,6.0,1,1,2,1,1,34,34,70,0
T2,account:752086f5-992a-42f8-bdd7-6d50e5f06b2b,752086f5-992a-42f8-bdd7-6d50e5f06b2b,False,6,18.0,1,2,3,1,2,64,66,39,0
T2,account:4a53fa0a-b134-43a7-9c5e-78b23b5c9b88,4a53fa0a-b134-43a7-9c5e-78b23b5c9b88,False,9,15.0,3,3,3,3,3,87,89,46,0
T2,account:bf1a826b-8fa6-49a4-af65-9cd5b7a79334,bf1a826b-8fa6-49a4-af65-9cd5b7a79334,False,5,18.0,1,2,2,1,1,46,48,60,0
T2,account:e4cc36a6-b8fc-40f3-a725-06c5a299d068,e4cc36a6-b8fc-40f3-a725-06c5a299d068,False,7,15.0,1,2,4,1,2,82,83,35,0
T2,account:35c1c5c3-04f2-4434-bfcb-c8768f89befb,35c1c5c3-04f2-4434-bfcb-c8768f89befb,False,4,6.0,1,2,1,1,2,32,32,10,0
T2,account:7a6fa7d6-8155-416b-8e70-5afbaa2475c2,7a6fa7d6-8155-416b-8e70-5afbaa2475c2,False,5,6.0,1,2,2,1,2,49,49,44,0
T2,account:0642e5e3-fc3a-4604-a3cb-b3087b2bcbe2,0642e5e3-fc3a-4604-a3cb-b3087b2bcbe2,False,5,6.0,1,2,2,1,2,41,41,77,0
T2,account:99d6c111-2fb9-469e-bd32-7ec0e94f0cb1,99d6c111-2fb9-469e-bd32-7ec0e94f0cb1,False,6,15.0,3,2,1,3,2,49,49,26,0
T2,account:1fc51e65-a6f3-4a26-83c8-a7063d98a96f,1fc51e65-a6f3-4a26-83c8-a7063d98a96f,False,6,9.0,1,3,2,1,3,74,75,67,0
T2,account:357ff5e3-c3a3-4397-bff5-9e31b2a6c31c,357ff5e3-c3a3-4397-bff5-9e31b2a6c31c,False,8,9.0,3,2,3,3,2,82,83,26,0
T2,account:61b9df5a-a73f-433a-83e1-0f89839ddbc7,61b9df5a-a73f-433a-83e1-0f89839ddbc7,False,8,21.0,1,3,4,1,3,104,106,2,0
T2,account:6def5569-5110-47b6-94bb-0208ea611c7c,6def5569-5110-47b6-94bb-0208ea611c7c,False,6,15.0,2,2,2,2,2,54,54,61,0
T2,account:d44e1fc1-b85b-4812-b606-ba1076bf039c,d44e1fc1-b85b-4812-b606-ba1076bf039c,False,4,6.0,1,2,1,1,2,33,34,80,0
T2,account:f0abf498-d82b-4347-a83b-bf6db54951e1,f0abf498-d82b-4347-a83b-bf6db54951e1,False,3,3.0,1,1,1,1,1,32,32,71,0
T2,account:323ae450-5992-46cf-92ec-17e037429b00,323ae450-5992-46cf-92ec-17e037429b00,False,4,6.0,2,1,1,2,1,31,32,61,0
T2,account:a910b94b-7a2e-4c76-b424-e79464bd0fcf,a910b94b-7a2e-4c76-b424-e79464bd0fcf,False,4,18.0,1,1,2,1,1,40,41,44,0
T2,account:562a94b1-5a7a-4374-a5ce-de991289a534,562a94b1-5a7a-4374-a5ce-de991289a534,False,5,18.0,2,1,2,2,1,59,60,67,0
T2,account:fe5a1ab9-a692-41a1-a6b1-ba0aab7e5d8d,fe5a1ab9-a692-41a1-a6b1-ba0aab7e5d8d,False,6,18.0,2,1,3,2,1,61,62,26,0
T2,account:03fe1fc0-e9b1-47f9-b223-7268eea21edc,03fe1fc0-e9b1-47f9-b223-7268eea21edc,False,4,18.0,1,2,1,1,2,32,32,10,0
T2,account:74806631-33b6-45fb-a8d1-7d62afd5b91f,74806631-33b6-45fb-a8d1-7d62afd5b91f,False,8,12.0,3,3,2,3,3,64,64,71,0
T2,account:64723597-9aa6-40b4-950c-ca266f1a6adf,64723597-9aa6-40b4-950c-ca266f1a6adf,False,4,6.0,1,2,1,1,2,32,33,71,0
T2,account:9410c6d4-9f2f-4e56-a494-9f1988eca207,9410c6d4-9f2f-4e56-a494-9f1988eca207,False,8,21.0,2,4,2,2,4,55,55,3,0
T2,account:508f63a3-2d0b-40f9-b2fd-dca118e0befd,508f63a3-2d0b-40f9-b2fd-dca118e0befd,False,3,3.0,1,1,1,1,1,31,31,2,0
T2,account:924bdc3f-3934-4f7f-8da0-bd8a4d8c971e,924bdc3f-3934-4f7f-8da0-bd8a4d8c971e,False,7,18.0,4,2,1,4,2,51,51,70,0
T2,account:cbbf0c44-bbb4-47be-a152-688df52a4fdd,cbbf0c44-bbb4-47be-a152-688df52a4fdd,False,8,12.0,2,3,3,2,3,76,80,61,0
T2,account:4447983e-ce6b-4119-9678-b5190a593293,4447983e-ce6b-4119-9678-b5190a593293,False,9,27.0,2,2,5,2,2,113,114,40,0
T2,account:d8a6bfc0-213e-439d-a7fb-eda67dcf790d,d8a6bfc0-213e-439d-a7fb-eda67dcf790d,False,6,18.0,2,1,3,2,1,70,71,39,0
T2,account:e8f9f4c3-db39-46e9-96ce-29aa9ea52db3,e8f9f4c3-db39-46e9-96ce-29aa9ea52db3,False,7,15.0,3,1,3,3,1,64,64,70,0
T2,account:cfc25b4d-6d1a-4adc-b8ce-4d59603624bc,cfc25b4d-6d1a-4adc-b8ce-4d59603624bc,False,4,6.0,1,1,2,1,1,45,45,84,0
T2,account:d7562e2f-17eb-45d6-97e6-3b3305ce0dbf,d7562e2f-17eb-45d6-97e6-3b3305ce0dbf,False,6,15.0,2,2,2,2,2,59,59,80,0
T2,account:1c08b9aa-b2f1-4a13-a1b7-ad206a4fbfae,1c08b9aa-b2f1-4a13-a1b7-ad206a4fbfae,False,4,15.0,1,1,2,1,1,52,52,83,0
T2,account:b16c530d-a26e-4087-80ab-e1059e8043ee,b16c530d-a26e-4087-80ab-e1059e8043ee,False,0,0.0,0,0,0,0,0,0,0,27,22
T2,account:f4feec1b-6df8-4d96-b439-293dc142a535,f4feec1b-6df8-4d96-b439-293dc142a535,False,4,12.0,1,1,2,1,1,52,52,2,0
T2,account:ad5bad78-daed-4a3e-abda-81514b082190,ad5bad78-daed-4a3e-abda-81514b082190,False,0,0.0,0,0,0,0,0,0,0,28,23
T2,account:10fc9d49-8aa6-42fc-8123-724ca0418555,10fc9d49-8aa6-42fc-8123-724ca0418555,False,3,3.0,1,1,1,1,1,31,31,40,0
T2,account:30e92a0e-f654-457b-b113-aad4e84e02a1,30e92a0e-f654-457b-b113-aad4e84e02a1,False,3,3.0,1,1,1,1,1,34,34,49,0
T2,account:90740c62-a1d0-4958-b1d7-a7a594e3ac03,90740c62-a1d0-4958-b1d7-a7a594e3ac03,False,3,3.0,1,1,1,1,1,25,26,49,0
T2,account:3656d80a-f94c-46a4-acf2-5fe12cb3905e,3656d80a-f94c-46a4-acf2-5fe12cb3905e,False,5,15.0,1,2,2,1,2,49,49,70,0
T2,account:98a1a55f-3536-48ba-9799-ada5481f2763,98a1a55f-3536-48ba-9799-ada5481f2763,False,10,21.0,3,2,5,3,2,110,111,71,0
T2,account:45497292-f04d-43c5-976f-0512db699cff,45497292-f04d-43c5-976f-0512db699cff,False,6,24.0,3,1,2,3,1,48,48,7,0
T2,account:d4f34adc-9d63-48f6-ac64-f2c4872e6827,d4f34adc-9d63-48f6-ac64-f2c4872e6827,False,7,9.0,2,2,3,2,2,99,102,67,0
T2,account:a65aad88-ef05-4e2e-94f2-ff45bed57a2e,a65aad88-ef05-4e2e-94f2-ff45bed57a2e,False,4,6.0,1,2,1,1,2,30,31,26,0
T2,account:cfd0b851-1e41-4ca2-b4b3-399532ba773a,cfd0b851-1e41-4ca2-b4b3-399532ba773a,False,6,15.0,1,3,2,1,3,61,62,7,0
T2,account:8fa547d7-8b59-486b-abcb-e4b64e21b454,8fa547d7-8b59-486b-abcb-e4b64e21b454,False,5,6.0,1,2,2,1,2,44,45,71,0
T2,account:9ec79a97-d774-4ed4-a9ac-dd53e85eb800,9ec79a97-d774-4ed4-a9ac-dd53e85eb800,False,4,12.0,1,1,2,1,1,51,52,40,0
T2,account:d7957974-5aea-46e2-b445-32cf8167b778,d7957974-5aea-46e2-b445-32cf8167b778,False,6,15.0,1,2,3,1,2,68,71,7,0
T2,account:49d9043f-fc6b-49a1-9b36-fc2fee61e1a9,49d9043f-fc6b-49a1-9b36-fc2fee61e1a9,False,4,6.0,1,1,2,1,1,45,45,60,0
T2,account:ca3ee338-20a9-4761-9ed0-b4e91d15a9bb,ca3ee338-20a9-4761-9ed0-b4e91d15a9bb,False,3,3.0,1,1,1,1,1,28,28,26,0
T2,account:8c290087-6c90-4189-adf8-978c3579b589,8c290087-6c90-4189-adf8-978c3579b589,False,5,12.0,1,2,2,1,2,33,34,49,0
T2,account:422787a8-5920-44f4-aa6a-6710fd1a22d9,422787a8-5920-44f4-aa6a-6710fd1a22d9,False,6,12.0,2,2,2,2,2,58,58,77,0
T2,account:0d52b319-9912-4fd1-858c-6ab94d4aaadf,0d52b319-9912-4fd1-858c-6ab94d4aaadf,False,6,6.0,2,2,2,2,2,60,60,70,0
T2,account:0adbf1c9-6ad1-493d-b0cb-39736d4eecbe,0adbf1c9-6ad1-493d-b0cb-39736d4eecbe,False,3,9.0,1,1,1,1,1,33,34,60,0
T2,account:5db00c17-ae66-41e2-86a9-eb31ce19a2ee,5db00c17-ae66-41e2-86a9-eb31ce19a2ee,False,6,6.0,2,2,2,2,2,57,59,33,0
T2,account:2d279a51-3ff2-461e-8069-3d3fe4d1b470,2d279a51-3ff2-461e-8069-3d3fe4d1b470,False,3,6.0,1,1,1,1,1,20,21,67,0
T2,account:59541a11-d01b-451a-8c1a-3f00f00a48a2,59541a11-d01b-451a-8c1a-3f00f00a48a2,False,6,12.0,2,1,3,2,1,75,77,39,0
T2,account:69becc1f-bb17-4b12-aaf2-7332fcd46544,69becc1f-bb17-4b12-aaf2-7332fcd46544,False,4,12.0,1,2,1,1,2,39,39,71,0
T2,account:d35b4557-de91-4dce-aee9-551eda9d4298,d35b4557-de91-4dce-aee9-551eda9d4298,False,6,12.0,2,2,2,2,2,60,60,67,0
T2,account:c4760ea0-2dde-4f83-95d5-ef7c0fb670b4,c4760ea0-2dde-4f83-95d5-ef7c0fb670b4,False,3,3.0,1,1,1,1,1,27,27,2,0
T2,account:6563a3da-56b4-438c-aa25-33344bbcafff,6563a3da-56b4-438c-aa25-33344bbcafff,False,6,15.0,2,1,3,2,1,77,77,40,0
T2,account:07028d15-1bd6-4be6-a0f9-e301b9505859,07028d15-1bd6-4be6-a0f9-e301b9505859,False,7,9.0,2,2,3,2,2,60,60,40,0
T2,account:4649c9cf-b855-4924-9dce-817a42172c8f,4649c9cf-b855-4924-9dce-817a42172c8f,False,6,24.0,2,1,3,2,1,70,71,39,0
T2,account:9ba29cd5-e71d-4186-9bd2-3d552f139c36,9ba29cd5-e71d-4186-9bd2-3d552f139c36,False,0,0.0,0,0,0,0,0,0,0,29,24
T2,account:ee39bd49-a44a-408f-847f-fe9d4e8ee802,ee39bd49-a44a-408f-847f-fe9d4e8ee802,False,3,3.0,1,1,1,1,1,24,25,24,0
T2,account:e264121c-e7c8-4c76-949b-a64255407b47,e264121c-e7c8-4c76-949b-a64255407b47,False,5,15.0,1,1,3,1,1,81,81,53,0
T2,account:d423188a-ca15-4561-ab7f-89f98718f1f5,d423188a-ca15-4561-ab7f-89f98718f1f5,False,6,15.0,1,2,3,1,2,74,76,40,0
T2,account:74c8ed7b-b17a-48f3-a23c-1779540d4ae7,74c8ed7b-b17a-48f3-a23c-1779540d4ae7,False,3,3.0,1,1,1,1,1,26,26,67,0
T2,account:95f01805-9463-4d28-bd80-b4a20da47cb9,95f01805-9463-4d28-bd80-b4a20da47cb9,False,0,0.0,0,0,0,0,0,0,0,30,25
T2,account:81d69ca2-5b8a-44e6-ae20-fc0fce2d3f8d,81d69ca2-5b8a-44e6-ae20-fc0fce2d3f8d,False,5,9.0,1,1,3,1,1,69,71,83,0
T2,account:8764596f-be05-4e4a-b72f-6683d0b008ea,8764596f-be05-4e4a-b72f-6683d0b008ea,False,5,9.0,2,1,2,2,1,47,48,70,0
T2,account:10effbee-b766-45b2-8c25-6a829c6b6b7a,10effbee-b766-45b2-8c25-6a829c6b6b7a,False,3,3.0,1,1,1,1,1,29,29,77,0
T2,account:8f2985e8-3c24-4b6f-a6a2-e0d24c9d623a,8f2985e8-3c24-4b6f-a6a2-e0d24c9d623a,False,5,9.0,1,1,3,1,1,65,66,46,0
T2,account:bf4f8c4b-24e9-41cc-abd7-ba34af9d984d,bf4f8c4b-24e9-41cc-abd7-ba34af9d984d,False,7,15.0,2,3,2,2,2,47,49,35,0
T2,account:7d985f63-c745-44c5-b204-94e0901d83ac,7d985f63-c745-44c5-b204-94e0901d83ac,False,6,6.0,2,2,2,2,2,51,51,80,0
T2,account:321cdd60-6104-40b9-9ec5-8c79f5a80e37,321cdd60-6104-40b9-9ec5-8c79f5a80e37,False,5,21.0,1,1,3,1,1,61,63,26,0
T2,account:d688d5e0-6cd4-4dd1-9179-eced1bc2d015,d688d5e0-6cd4-4dd1-9179-eced1bc2d015,False,6,9.0,2,2,2,2,2,54,54,33,0
T2,account:5da24242-606a-486b-8605-4850e0daef58,5da24242-606a-486b-8605-4850e0daef58,False,6,9.0,2,2,2,2,2,54,56,44,0
T2,account:4ca97567-460e-447f-b302-205a4ab28778,4ca97567-460e-447f-b302-205a4ab28778,False,8,24.0,2,2,4,2,2,83,86,80,0
T2,account:148f36e2-fd26-435e-b200-c578b8dbd670,148f36e2-fd26-435e-b200-c578b8dbd670,False,9,21.0,3,3,3,3,3,76,76,39,0
T2,account:b2f77628-7a76-4055-aa66-4eadc2831148,b2f77628-7a76-4055-aa66-4eadc2831148,False,4,6.0,1,2,1,1,2,24,24,77,0
T2,account:341f593f-be62-4020-97db-5d220a8f2e6b,341f593f-be62-4020-97db-5d220a8f2e6b,False,6,12.0,2,2,2,2,2,54,54,80,0
T2,account:a470385c-2f97-47af-96dc-26ecc92beba4,a470385c-2f97-47af-96dc-26ecc92beba4,False,5,6.0,2,2,1,2,2,35,36,46,0
T2,account:339a42c0-e9ba-43c0-a04a-f6eb9976204f,339a42c0-e9ba-43c0-a04a-f6eb9976204f,False,5,12.0,2,1,2,2,1,50,51,46,0
T2,account:df04fcb2-2a77-496e-95a3-4bbcbf9bcd96,df04fcb2-2a77-496e-95a3-4bbcbf9bcd96,False,3,9.0,1,1,1,1,1,32,32,36,0
T2,account:8965abc1-b496-4de5-b93b-8b4838e3f9be,8965abc1-b496-4de5-b93b-8b4838e3f9be,False,6,12.0,1,2,3,1,2,66,67,46,0
T2,account:04296fcc-e671-4a11-938d-e53a206a4155,04296fcc-e671-4a11-938d-e53a206a4155,False,6,12.0,2,2,2,2,2,63,63,71,0
T2,account:f5a38985-682d-4b3c-ace5-4334cde7c487,f5a38985-682d-4b3c-ace5-4334cde7c487,False,3,3.0,1,1,1,1,1,31,31,46,0
T2,account:52e65f3f-06a3-410b-b99c-26cd71c51a27,52e65f3f-06a3-410b-b99c-26cd71c51a27,False,4,9.0,2,1,1,2,1,39,39,39,0
T2,account:4400a312-4d99-4e38-87a8-6bcb0391e96c,4400a312-4d99-4e38-87a8-6bcb0391e96c,False,3,3.0,1,1,1,1,1,31,31,40,0
T2,account:b6ad9a95-3556-42ca-9110-678e53bb0dcb,b6ad9a95-3556-42ca-9110-678e53bb0dcb,False,4,6.0,1,1,2,1,1,43,43,44,0
T2,account:168f769d-33de-464b-96ef-541fa527ced9,168f769d-33de-464b-96ef-541fa527ced9,False,3,6.0,1,1,1,1,1,37,37,53,0
T2,account:7eddd0ed-986d-4eca-b4cc-160902c089b7,7eddd0ed-986d-4eca-b4cc-160902c089b7,False,6,9.0,2,2,2,2,2,60,60,40,0
T2,account:03e05af6-723d-4aa5-8450-71a8ab4ca05d,03e05af6-723d-4aa5-8450-71a8ab4ca05d,False,3,3.0,1,1,1,1,1,27,27,3,0
T2,account:23c3d2ad-4d59-4855-abf8-98dccb76a000,23c3d2ad-4d59-4855-abf8-98dccb76a000,True,9,69.0,4,3,2,4,2,75,120,2,0
T2,account:e56370a5-b4a0-4213-a90e-d75472a60aa3,e56370a5-b4a0-4213-a90e-d75472a60aa3,False,5,6.0,2,1,2,2,0,55,55,70,0
T2,account:12ba09fe-7f6a-4786-a1e5-bae14d401855,12ba09fe-7f6a-4786-a1e5-bae14d401855,False,3,3.0,1,1,1,1,1,22,22,77,0
T2,account:358d04e8-6958-4c69-8667-e8067f5d4fd6,358d04e8-6958-4c69-8667-e8067f5d4fd6,False,6,9.0,2,2,2,1,2,56,56,70,0
T2,account:0f2ca522-e49f-4365-885e-30abb9d04f32,0f2ca522-e49f-4365-885e-30abb9d04f32,False,3,6.0,1,1,1,1,1,30,30,71,0
T2,account:8069917b-5b14-48aa-9568-1a937d040fa0,8069917b-5b14-48aa-9568-1a937d040fa0,False,4,6.0,1,1,2,1,1,43,43,84,0
T2,account:e615f168-a997-4d94-b8d0-e86f7f43bc05,e615f168-a997-4d94-b8d0-e86f7f43bc05,False,3,6.0,1,1,1,1,1,33,33,24,0
T2,account:789fdce8-73ab-4276-8c30-162ef85e45dd,789fdce8-73ab-4276-8c30-162ef85e45dd,False,6,9.0,1,2,3,1,1,72,73,61,0
T2,account:1cc58187-4c7e-4d68-bf74-5665c04c70e9,1cc58187-4c7e-4d68-bf74-5665c04c70e9,False,3,3.0,1,1,1,1,1,25,25,60,0
T2,account:ebb055a4-0f37-401c-8bbc-0857f4cfa310,ebb055a4-0f37-401c-8bbc-0857f4cfa310,False,0,0.0,0,0,0,0,0,0,0,31,26
T2,account:ac367e8b-dfc6-4494-a762-3764a351fb8c,ac367e8b-dfc6-4494-a762-3764a351fb8c,False,10,12.0,4,2,4,4,2,102,104,3,0
T2,account:60768838-0b80-4dd7-94c5-6d50cf0c59df,60768838-0b80-4dd7-94c5-6d50cf0c59df,False,5,6.0,1,2,2,1,2,54,55,39,0
T2,account:3aa51674-ed6d-4384-828d-c69efa2524b1,3aa51674-ed6d-4384-828d-c69efa2524b1,False,7,9.0,3,1,3,3,1,72,72,39,0
T2,account:cf7d5ddf-d912-4d20-87bf-37218d184524,cf7d5ddf-d912-4d20-87bf-37218d184524,False,6,6.0,2,2,2,2,2,64,64,53,0
T2,account:636b85ae-4b4f-4100-814a-2a44aec119f1,636b85ae-4b4f-4100-814a-2a44aec119f1,False,0,0.0,0,0,0,0,0,0,0,32,27
T2,account:0fce556c-c7ca-4789-a9cd-5b49ba19e27a,0fce556c-c7ca-4789-a9cd-5b49ba19e27a,False,7,12.0,3,2,2,3,2,62,63,33,0
T2,account:d6d12cfd-5e03-4402-8eb6-a383c6206ba0,d6d12cfd-5e03-4402-8eb6-a383c6206ba0,False,6,18.0,1,2,3,1,2,58,61,26,0
T2,account:aa2ef3ed-106f-44e5-afbb-18a6a3e7cc5f,aa2ef3ed-106f-44e5-afbb-18a6a3e7cc5f,False,3,3.0,1,1,1,1,1,18,18,33,0
T2,account:2e72d99a-3cb2-43c3-8acd-f7c9c6ad41eb,2e72d99a-3cb2-43c3-8acd-f7c9c6ad41eb,False,10,12.0,3,3,4,3,3,110,113,44,0
T2,account:7bc4db10-d52d-4c0b-bd7b-0604c5fd99b8,7bc4db10-d52d-4c0b-bd7b-0604c5fd99b8,False,4,6.0,1,1,2,1,1,50,50,7,0
T2,account:570918eb-89b2-4ebd-9eb3-48ccd4555a82,570918eb-89b2-4ebd-9eb3-48ccd4555a82,False,4,6.0,1,2,1,1,2,37,37,24,0
T2,account:b2258b2c-f96b-4b3b-b0af-cc0bcba00550,b2258b2c-f96b-4b3b-b0af-cc0bcba00550,False,5,9.0,1,2,2,1,2,63,63,44,0
T2,account:11033d6a-1d16-49e6-878c-aa1702886e81,11033d6a-1d16-49e6-878c-aa1702886e81,False,6,9.0,2,1,3,2,1,75,78,80,0
T2,account:8795f144-9a06-4f7a-be7c-2ce8f032c26a,8795f144-9a06-4f7a-be7c-2ce8f032c26a,False,4,6.0,1,2,1,1,2,34,34,39,0
T2,account:25de0b81-733b-4ad9-9a88-243740a1c656,25de0b81-733b-4ad9-9a88-243740a1c656,False,11,15.0,4,2,5,4,2,141,143,46,0
T2,account:2c021ff3-d0b9-46ce-baae-505bc0fc1183,2c021ff3-d0b9-46ce-baae-505bc0fc1183,False,6,9.0,2,1,3,2,1,71,71,39,0
T2,account:bb77d13c-9470-4afa-97ed-92bb657e1d85,bb77d13c-9470-4afa-97ed-92bb657e1d85,False,7,18.0,2,2,3,2,2,63,63,44,0
T2,account:f0771b7c-77d5-457b-aff5-d7959c43be70,f0771b7c-77d5-457b-aff5-d7959c43be70,False,6,12.0,1,2,3,1,2,65,68,40,0
T2,account:7c937458-cfb0-4775-bf4e-1c626916b3f9,7c937458-cfb0-4775-bf4e-1c626916b3f9,False,9,18.0,1,4,4,1,4,84,85,44,0
T2,account:49e72f35-c262-40b5-889a-6c74f3b166b7,49e72f35-c262-40b5-889a-6c74f3b166b7,False,4,12.0,1,2,1,1,2,34,34,33,0
T2,account:92169b5a-68a5-4f97-a0a9-e383d79fe336,92169b5a-68a5-4f97-a0a9-e383d79fe336,False,3,3.0,1,1,1,0,1,30,30,7,0
T2,account:76e1d2dd-c937-4fb0-8f8b-e8d4c13d0567,76e1d2dd-c937-4fb0-8f8b-e8d4c13d0567,False,6,12.0,3,1,2,3,1,65,68,3,0
T2,account:5f3e2712-ecb8-4117-a264-73156f180d26,5f3e2712-ecb8-4117-a264-73156f180d26,False,6,18.0,2,2,2,2,2,55,56,40,0
T2,account:ac1657d1-b14b-49ab-81a9-0c35fe68bab3,ac1657d1-b14b-49ab-81a9-0c35fe68bab3,True,12,60.0,5,4,3,5,4,103,150,2,0
T2,account:d28313dd-859c-4d7d-af44-25f5986991a7,d28313dd-859c-4d7d-af44-25f5986991a7,False,5,12.0,1,2,2,1,2,50,50,80,0
T2,account:0c3bab76-b045-45e1-b9f0-c010e7419702,0c3bab76-b045-45e1-b9f0-c010e7419702,False,3,3.0,1,1,1,1,1,27,27,60,0
T2,account:ac2a1887-681c-40df-ad40-13956ca9b456,ac2a1887-681c-40df-ad40-13956ca9b456,False,8,18.0,1,3,4,1,3,103,107,71,0
T2,account:bd767a40-f6cf-4760-9b49-dba1af09ecf0,bd767a40-f6cf-4760-9b49-dba1af09ecf0,False,4,6.0,2,1,1,2,1,45,45,80,0
T2,account:1a75d797-a914-4733-a12a-c4e6e852a82b,1a75d797-a914-4733-a12a-c4e6e852a82b,False,5,6.0,2,1,2,2,1,55,55,80,0
T2,account:226651db-3287-48a0-9ea0-d3880d9ff628,226651db-3287-48a0-9ea0-d3880d9ff628,False,11,21.0,2,4,5,2,4,106,110,46,0
T2,account:0c741e82-8490-4f96-9222-da36d8026cd7,0c741e82-8490-4f96-9222-da36d8026cd7,False,3,9.0,1,1,1,1,1,27,27,39,0
T2,account:b35f12f6-fe7f-4ed0-a526-ec89d1858f76,b35f12f6-fe7f-4ed0-a526-ec89d1858f76,False,3,3.0,1,1,1,1,1,32,32,39,0
T2,account:e9b2e321-4088-4249-b5c2-6dcb0cae8d88,e9b2e321-4088-4249-b5c2-6dcb0cae8d88,False,5,9.0,2,2,1,2,1,30,30,46,0
T2,account:5147e108-34a3-40be-8002-8e57166997a0,5147e108-34a3-40be-8002-8e57166997a0,False,3,6.0,1,1,1,1,1,22,22,80,0
T2,account:8f8af321-c5f4-4796-ab1a-2f9a34356198,8f8af321-c5f4-4796-ab1a-2f9a34356198,False,5,9.0,2,1,2,2,1,54,54,80,0
T2,account:3942cf77-93b4-47fd-82e9-6b73f80a7514,3942cf77-93b4-47fd-82e9-6b73f80a7514,False,6,6.0,2,2,2,2,2,56,56,70,0
T2,account:0743b7b8-1b2e-4ffd-b816-11e6d8ce91e7,0743b7b8-1b2e-4ffd-b816-11e6d8ce91e7,False,8,12.0,2,2,4,2,2,94,97,71,0
T2,account:0979fa2f-e66c-4e17-9fed-eee2a5cf2c3a,0979fa2f-e66c-4e17-9fed-eee2a5cf2c3a,False,4,9.0,1,1,2,1,1,51,51,67,0
T2,account:36a53d1e-f588-4c31-9a43-3c2185c7b303,36a53d1e-f588-4c31-9a43-3c2185c7b303,False,3,3.0,1,1,1,1,1,22,22,26,0
T2,account:d9be012b-ebf1-4530-907b-c26d035a9c78,d9be012b-ebf1-4530-907b-c26d035a9c78,False,4,6.0,1,2,1,1,2,36,36,44,0
T2,account:69cc361a-ed0c-4f7a-a107-6e828675c295,69cc361a-ed0c-4f7a-a107-6e828675c295,False,6,12.0,2,2,2,2,2,59,59,3,0
T2,account:e91ca1ed-fe53-4810-b45b-e3fd3c587846,e91ca1ed-fe53-4810-b45b-e3fd3c587846,False,4,9.0,1,1,2,1,1,48,49,44,0
T2,account:e5b5d473-e4eb-4749-a854-1c112d7a4846,e5b5d473-e4eb-4749-a854-1c112d7a4846,False,5,9.0,2,1,2,2,1,46,46,83,0
T2,account:0d1f8227-e1ad-4306-8a0d-5d6a1d76e50c,0d1f8227-e1ad-4306-8a0d-5d6a1d76e50c,False,6,9.0,2,1,3,2,1,68,70,49,0
T2,account:6fe5ba77-4f20-4efc-9dec-7b43d182fa61,6fe5ba77-4f20-4efc-9dec-7b43d182fa61,False,3,3.0,1,1,1,1,1,22,22,77,0
T2,account:3022310f-4f20-40ad-b62d-a1d73dba0f2a,3022310f-4f20-40ad-b62d-a1d73dba0f2a,False,4,9.0,1,1,2,1,1,51,51,7,0
T2,account:61f01df6-3e37-415a-b5f3-856cf5023107,61f01df6-3e37-415a-b5f3-856cf5023107,False,4,6.0,2,1,1,2,1,33,33,33,0
T2,account:e2169a8a-dd69-4de2-93a5-02eac25ca5ef,e2169a8a-dd69-4de2-93a5-02eac25ca5ef,False,4,9.0,1,2,1,1,2,27,27,44,0
T2,account:0630d3a8-26f3-4966-8d0b-67881a5107b5,0630d3a8-26f3-4966-8d0b-67881a5107b5,False,3,3.0,1,1,1,1,1,30,30,71,0
T2,account:19b7279c-f38c-4b32-82c3-49f2d9e38fcd,19b7279c-f38c-4b32-82c3-49f2d9e38fcd,False,6,12.0,1,3,2,1,3,41,41,46,0
T2,account:5c9201db-c53a-40a1-a9ea-b805e324a3e4,5c9201db-c53a-40a1-a9ea-b805e324a3e4,False,3,6.0,1,1,1,1,1,30,30,40,0
T2,account:ea67ba18-8850-42e5-ab26-9f1e96332798,ea67ba18-8850-42e5-ab26-9f1e96332798,False,7,15.0,1,2,4,1,2,76,80,35,0
T2,account:9169561d-c62a-4a22-a9c2-ac98bbe59e45,9169561d-c62a-4a22-a9c2-ac98bbe59e45,False,4,9.0,2,1,1,2,0,36,36,83,0
T2,account:0e73d537-f8e2-4a01-a5aa-50436d7aa04c,0e73d537-f8e2-4a01-a5aa-50436d7aa04c,False,3,3.0,1,1,1,1,1,36,36,46,0
T2,account:262ac6c7-d769-419e-bbdc-c28c117bad13,262ac6c7-d769-419e-bbdc-c28c117bad13,False,8,18.0,2,4,2,2,4,64,64,33,0
T2,account:4900292e-d270-4cfc-a1f2-c29904e5ac71,4900292e-d270-4cfc-a1f2-c29904e5ac71,False,4,21.0,1,2,1,1,2,38,39,40,0
T2,account:20022f88-7a29-484a-9320-6259712f8e72,20022f88-7a29-484a-9320-6259712f8e72,False,5,9.0,2,1,2,2,1,47,47,3,0
T2,account:4a4366cf-66ce-4fc8-964d-1d56cd790561,4a4366cf-66ce-4fc8-964d-1d56cd790561,False,3,3.0,1,1,1,1,1,32,32,80,0
T2,account:28cf5216-90b5-4e16-9bee-e760e020373f,28cf5216-90b5-4e16-9bee-e760e020373f,False,4,6.0,1,1,2,1,1,57,57,84,0
T2,account:14676da7-f094-41ad-826a-20c00f6830bf,14676da7-f094-41ad-826a-20c00f6830bf,False,3,3.0,1,1,1,1,1,27,27,7,0
T2,account:cbbb0a5c-bd87-422d-9654-2a02b05200fd,cbbb0a5c-bd87-422d-9654-2a02b05200fd,False,3,3.0,1,1,1,1,0,28,28,24,0
T2,account:85a32876-b117-4f25-beea-93e4cf3d120e,85a32876-b117-4f25-beea-93e4cf3d120e,False,3,6.0,1,1,1,1,1,32,32,40,0
T2,account:9e98c7f3-9dd2-4725-99c4-67a320ee8d0d,9e98c7f3-9dd2-4725-99c4-67a320ee8d0d,False,7,12.0,1,3,3,1,3,69,69,44,0
T2,account:6502752d-7f96-4ddc-a49c-66b76b1c8693,6502752d-7f96-4ddc-a49c-66b76b1c8693,False,6,15.0,2,1,3,2,1,86,87,44,0
T2,account:b1526d32-138b-4fea-a20f-ecb60ad17bd9,b1526d32-138b-4fea-a20f-ecb60ad17bd9,False,4,12.0,1,1,2,1,1,52,53,39,0
T2,account:bf9f45cf-b0ef-472d-aedd-b13ea2f3dc8c,bf9f45cf-b0ef-472d-aedd-b13ea2f3dc8c,False,5,6.0,1,2,2,1,2,45,45,10,0
T2,account:2e99b87a-3377-4ebf-a683-6167c2ab008e,2e99b87a-3377-4ebf-a683-6167c2ab008e,False,4,12.0,2,1,1,2,1,42,42,77,0
T2,account:6bd6a5e9-36cc-40f9-924f-8229aa075cc2,6bd6a5e9-36cc-40f9-924f-8229aa075cc2,False,5,6.0,1,2,2,1,2,42,42,10,0
T2,account:3a74398a-0884-4ce8-a595-7666acb36876,3a74398a-0884-4ce8-a595-7666acb36876,False,5,6.0,2,2,1,2,2,39,39,67,0
T2,account:95666343-6302-4efd-b32b-ef43a5309d2e,95666343-6302-4efd-b32b-ef43a5309d2e,False,6,15.0,1,3,2,1,3,59,59,36,0
T2,account:490a35b7-b21a-4cc8-915f-5e837b604ee4,490a35b7-b21a-4cc8-915f-5e837b604ee4,False,6,12.0,1,2,3,1,2,61,62,33,0
T2,account:d64b8dcf-632b-4306-a7d5-048aaf3fdac9,d64b8dcf-632b-4306-a7d5-048aaf3fdac9,False,4,6.0,2,1,1,2,1,49,49,2,0
T2,account:f050d91c-aaac-46e6-b9fa-83333a9c95d6,f050d91c-aaac-46e6-b9fa-83333a9c95d6,False,7,21.0,1,4,2,1,4,45,45,40,0
T2,account:1b3abc68-143a-4b74-86d1-9c714576a52e,1b3abc68-143a-4b74-86d1-9c714576a52e,False,5,12.0,2,1,2,2,1,52,53,40,0
T2,account:72ca42dd-0dc5-43c8-9e28-ff80292f2fc6,72ca42dd-0dc5-43c8-9e28-ff80292f2fc6,False,3,6.0,1,1,1,1,1,23,23,46,0
T2,account:0f639ded-46ca-4804-bff7-d4467ce1add8,0f639ded-46ca-4804-bff7-d4467ce1add8,False,5,6.0,2,2,1,2,2,46,46,46,0
T2,account:dfd22ffd-42ba-44b9-8939-811e76e13638,dfd22ffd-42ba-44b9-8939-811e76e13638,False,3,6.0,1,1,1,1,1,27,27,40,0
T2,account:f83809c3-57a4-4382-99ba-15c5d99d9d62,f83809c3-57a4-4382-99ba-15c5d99d9d62,False,4,6.0,2,1,1,2,1,46,46,49,0
T2,account:9efa1926-51e5-489d-8e81-a1a47b5fe5cb,9efa1926-51e5-489d-8e81-a1a47b5fe5cb,False,8,18.0,2,3,3,2,3,95,97,39,0
T2,account:14ac258c-3278-4f0d-b9f3-6a6d3b30c9dd,14ac258c-3278-4f0d-b9f3-6a6d3b30c9dd,False,3,6.0,1,1,1,1,1,29,29,35,0
T2,account:74f7b870-3dbe-4832-839c-1a7d978cf0cb,74f7b870-3dbe-4832-839c-1a7d978cf0cb,False,5,9.0,2,1,2,2,1,52,52,35,0
T2,account:ea764b88-b606-4ab9-be8a-4253c100df45,ea764b88-b606-4ab9-be8a-4253c100df45,False,8,15.0,3,2,3,3,2,101,102,53,0
T2,account:9d414fcf-ea47-427c-a36c-2ce90d78e21a,9d414fcf-ea47-427c-a36c-2ce90d78e21a,False,3,3.0,1,1,1,1,1,29,29,33,0
T2,account:bc220138-b6a1-4504-a53e-2b0353132d5c,bc220138-b6a1-4504-a53e-2b0353132d5c,False,5,12.0,2,1,2,2,1,49,49,71,0
T2,account:1afc1868-fce0-420f-811c-2f14abf4d85f,1afc1868-fce0-420f-811c-2f14abf4d85f,False,6,15.0,1,4,1,1,3,34,34,3,0
T2,account:70b9ac4f-ae20-41fc-8eac-2cf6a177cce4,70b9ac4f-ae20-41fc-8eac-2cf6a177cce4,False,3,3.0,1,1,1,1,1,24,24,24,0
T2,account:076f8d93-6f1d-4579-90a5-7547436cd965,076f8d93-6f1d-4579-90a5-7547436cd965,False,8,12.0,2,2,4,2,2,92,94,53,0
T2,account:e34a7169-72f0-44c0-9ffe-0ddde362b0c9,e34a7169-72f0-44c0-9ffe-0ddde362b0c9,False,7,18.0,2,2,3,2,2,75,76,70,0
T2,account:63630c46-b9d9-4873-a16a-bc6e9e6b64ca,63630c46-b9d9-4873-a16a-bc6e9e6b64ca,False,4,9.0,1,1,2,1,1,43,43,35,0
T2,account:7e7e365f-764d-4c8f-b71d-ddee13d72fe4,7e7e365f-764d-4c8f-b71d-ddee13d72fe4,False,7,9.0,3,2,2,3,2,66,66,84,0
T2,account:d98e28c2-ff74-4a9b-934b-333bc5b9f9c8,d98e28c2-ff74-4a9b-934b-333bc5b9f9c8,False,6,6.0,2,2,2,2,2,52,53,61,0
T2,account:3ecbc71f-878b-410d-a51d-1a6f2a73789b,3ecbc71f-878b-410d-a51d-1a6f2a73789b,False,4,6.0,1,2,1,1,2,26,26,70,0
T2,account:2c6bd8ff-d8b2-4d83-8529-eefe82dee11f,2c6bd8ff-d8b2-4d83-8529-eefe82dee11f,False,8,15.0,2,2,4,2,2,110,111,44,0
T2,account:3d88e72a-534f-4b46-a010-30de1d3385cb,3d88e72a-534f-4b46-a010-30de1d3385cb,False,3,6.0,1,1,1,1,1,35,35,70,0
T2,account:0991e9ca-3f3b-4679-9851-1e64e8d6a2d5,0991e9ca-3f3b-4679-9851-1e64e8d6a2d5,False,7,15.0,3,1,3,3,1,83,83,67,0
T2,account:d344013d-917e-41a5-9518-153094e5e7f9,d344013d-917e-41a5-9518-153094e5e7f9,False,6,15.0,1,1,4,1,0,90,90,60,0
T2,account:ca69df35-6a94-4583-ae66-61fc055d1bb9,ca69df35-6a94-4583-ae66-61fc055d1bb9,False,6,21.0,1,2,3,1,2,63,65,71,0
T2,account:ee58c1a4-6457-4f9c-8f52-6742246c1b2a,ee58c1a4-6457-4f9c-8f52-6742246c1b2a,False,5,15.0,1,1,3,1,1,62,62,53,0
T2,account:b4357bdd-ea06-44f0-8516-a0e8193f592b,b4357bdd-ea06-44f0-8516-a0e8193f592b,False,4,9.0,1,1,2,1,1,54,54,71,0
T2,account:cb919521-5aac-4cbc-819d-48a4a127f0a1,cb919521-5aac-4cbc-819d-48a4a127f0a1,False,7,12.0,3,2,2,3,2,66,67,71,0
T2,account:0ec61a04-de78-4c1a-8959-44f075e5eee6,0ec61a04-de78-4c1a-8959-44f075e5eee6,False,3,3.0,1,1,1,1,1,30,30,3,0
T2,account:ad38cc8c-5e73-4b76-8f85-e6fd1179fd14,ad38cc8c-5e73-4b76-8f85-e6fd1179fd14,False,4,6.0,2,1,1,2,1,41,41,67,0
T2,account:d9fb98ab-d6c7-4a38-963e-ac1fab0a229f,d9fb98ab-d6c7-4a38-963e-ac1fab0a229f,False,3,3.0,1,1,1,1,1,28,29,44,0
T2,account:3f4d0508-5932-4c6e-9e67-43c2b9fe8476,3f4d0508-5932-4c6e-9e67-43c2b9fe8476,False,5,9.0,2,2,1,2,2,27,27,44,0
T2,account:c48cf0b7-6b96-4b56-a3b3-03835797fd0b,c48cf0b7-6b96-4b56-a3b3-03835797fd0b,False,7,9.0,2,2,3,2,2,69,69,2,0
T2,account:55b0e7fe-ac46-4ec3-a423-fd5c353bb3b4,55b0e7fe-ac46-4ec3-a423-fd5c353bb3b4,False,5,9.0,1,2,2,1,2,62,63,36,0
T2,account:4aa86bbe-d542-4e5c-b965-e69429e9cfb4,4aa86bbe-d542-4e5c-b965-e69429e9cfb4,False,5,12.0,2,1,2,2,1,51,52,46,0
T2,account:9bbdad04-0dc7-4ad6-bdf1-e48774f0b7a8,9bbdad04-0dc7-4ad6-bdf1-e48774f0b7a8,False,4,6.0,1,1,2,1,1,40,41,84,0
T2,account:11cabd26-5947-475a-93a5-98d3a1eb8e79,11cabd26-5947-475a-93a5-98d3a1eb8e79,False,6,12.0,1,2,3,1,2,64,67,46,0
T2,account:2560f0f8-e6f8-42bb-89fe-8a09327853b9,2560f0f8-e6f8-42bb-89fe-8a09327853b9,False,5,9.0,2,1,2,2,1,39,40,10,0
T2,account:e8374a68-ab05-40e2-9d58-df511448fadf,e8374a68-ab05-40e2-9d58-df511448fadf,False,5,6.0,1,2,2,1,2,55,56,2,0
T2,account:537569f7-b9fd-45fd-8ca0-d7476d227405,537569f7-b9fd-45fd-8ca0-d7476d227405,False,6,9.0,1,2,3,1,2,86,86,61,0
T2,account:2e20a3b6-bb8e-4354-ac12-68baa58bfdf2,2e20a3b6-bb8e-4354-ac12-68baa58bfdf2,False,8,30.0,2,2,4,2,2,107,110,80,0
T2,account:a6a27577-a221-4c87-9cc0-d0233dc6f954,a6a27577-a221-4c87-9cc0-d0233dc6f954,False,6,12.0,2,1,3,2,1,75,75,10,0
T2,account:17fd2eb0-20c7-4987-8c6a-0111967e8300,17fd2eb0-20c7-4987-8c6a-0111967e8300,False,3,9.0,1,1,1,1,1,26,26,70,0
T2,account:2dca74c6-db70-4c2b-a372-da75d7ca0bb7,2dca74c6-db70-4c2b-a372-da75d7ca0bb7,False,0,0.0,0,0,0,0,0,0,0,34,28
T2,account:ce56adc9-572e-4093-9eba-eaf381fbd8c9,ce56adc9-572e-4093-9eba-eaf381fbd8c9,False,6,21.0,1,1,4,1,1,103,106,67,0
T2,account:90839698-5d99-475f-8295-f473272d0cd6,90839698-5d99-475f-8295-f473272d0cd6,False,3,3.0,1,1,1,1,1,35,36,80,0
T2,account:82e5b40a-e4e6-479f-80f9-cc797bc94285,82e5b40a-e4e6-479f-80f9-cc797bc94285,False,5,9.0,2,1,2,2,1,54,54,53,0
T2,account:0dec8f33-d84a-45a1-8e55-d60ba8a4dadf,0dec8f33-d84a-45a1-8e55-d60ba8a4dadf,False,8,15.0,2,2,4,2,2,81,85,35,0
T2,account:4c6835be-dd50-4bdb-a93f-b3c1c3e97092,4c6835be-dd50-4bdb-a93f-b3c1c3e97092,False,6,18.0,1,2,3,1,2,67,67,46,0
T2,account:48e2bd74-f4dc-4e22-abaf-72ad95b38c40,48e2bd74-f4dc-4e22-abaf-72ad95b38c40,False,6,9.0,3,1,2,3,1,53,53,46,0
T2,account:11dcb718-fce0-4b1c-97bf-2020cad7d994,11dcb718-fce0-4b1c-97bf-2020cad7d994,False,5,18.0,1,2,2,1,2,60,60,61,0
T2,account:abd63143-a5aa-401f-834f-52cc3a1010a9,abd63143-a5aa-401f-834f-52cc3a1010a9,False,5,6.0,2,1,2,2,1,69,69,3,0
T2,account:db9bc1e4-d20d-4fda-94c7-b73138e0739a,db9bc1e4-d20d-4fda-94c7-b73138e0739a,False,3,3.0,1,1,1,1,1,28,28,80,0
T2,account:5cd807e3-d3f6-49b3-aa4e-d764ecf5564a,5cd807e3-d3f6-49b3-aa4e-d764ecf5564a,False,6,12.0,2,2,2,2,2,55,56,24,0
T2,account:d03b979f-8729-4558-b04d-b17ff0f48e97,d03b979f-8729-4558-b04d-b17ff0f48e97,False,4,9.0,1,1,2,1,1,43,44,36,0
T2,account:687e8a07-d9e2-4230-a819-a45379953e43,687e8a07-d9e2-4230-a819-a45379953e43,False,5,9.0,1,2,2,1,2,54,54,33,0
T2,account:bbb3589f-a414-4b1b-9fd1-91d251d2260f,bbb3589f-a414-4b1b-9fd1-91d251d2260f,False,5,9.0,2,1,2,2,1,55,55,39,0
T2,account:e250b68d-b4bf-4902-813d-5370697b496f,e250b68d-b4bf-4902-813d-5370697b496f,False,8,15.0,4,2,2,4,2,65,68,40,0
T2,account:d0f068c6-7d9e-4006-a0ae-295250fd5490,d0f068c6-7d9e-4006-a0ae-295250fd5490,False,3,6.0,1,1,1,1,1,21,21,33,0
T2,account:96129c79-4df5-4141-b4fc-e036480a1e9d,96129c79-4df5-4141-b4fc-e036480a1e9d,False,7,9.0,3,2,2,3,2,68,69,80,0
T2,account:19e97905-4b1e-4006-955e-c1bed4f2767b,19e97905-4b1e-4006-955e-c1bed4f2767b,False,3,3.0,1,1,1,1,1,26,26,61,0
T2,account:c6f5ea65-1a9b-477f-8be8-e2f78faf1e87,c6f5ea65-1a9b-477f-8be8-e2f78faf1e87,False,4,6.0,1,1,2,1,1,45,45,46,0
T2,account:c5deb7fc-b591-4d67-9899-8e56c46630b1,c5deb7fc-b591-4d67-9899-8e56c46630b1,False,3,12.0,1,1,1,1,1,23,23,10,0
T2,account:f37e9bab-0d96-492d-b2c6-2fabac5d9faf,f37e9bab-0d96-492d-b2c6-2fabac5d9faf,False,5,18.0,1,1,3,1,1,72,72,40,0
T2,account:d7d5a725-56c5-44ef-950d-011673548fdd,d7d5a725-56c5-44ef-950d-011673548fdd,False,8,15.0,2,2,4,2,2,78,80,33,0
T2,account:8d74f8b2-ae98-437c-a4d9-8f2bb3dafc1d,8d74f8b2-ae98-437c-a4d9-8f2bb3dafc1d,False,6,9.0,1,2,3,1,2,68,70,67,0
T2,account:ca2bad20-c713-407d-989b-b3cb5e9ea16a,ca2bad20-c713-407d-989b-b3cb5e9ea16a,False,6,12.0,2,1,3,2,1,81,82,46,0
T2,account:643ff3cb-9f0d-447e-8442-a4bf0cd5cb0e,643ff3cb-9f0d-447e-8442-a4bf0cd5cb0e,False,5,12.0,1,2,2,1,2,52,52,46,0
T2,account:33ed3efc-3407-452a-a3cc-96802588539d,33ed3efc-3407-452a-a3cc-96802588539d,False,8,18.0,1,2,5,1,1,97,99,46,0
T2,account:be35e086-6fd1-4eb9-8fe5-0392568039f3,be35e086-6fd1-4eb9-8fe5-0392568039f3,False,4,6.0,1,2,1,1,2,29,29,60,0
T2,account:840ebd98-5f2d-4bb4-aa64-8a3600a96c55,840ebd98-5f2d-4bb4-aa64-8a3600a96c55,False,5,12.0,1,2,2,1,2,55,55,80,0
T2,account:c5aa0dce-913d-4479-951f-20dbfdb866b2,c5aa0dce-913d-4479-951f-20dbfdb866b2,False,7,15.0,1,2,4,1,2,86,86,77,0
T2,account:8f5ece99-f608-426c-83ab-8c38d29e3296,8f5ece99-f608-426c-83ab-8c38d29e3296,False,4,9.0,1,1,2,1,1,46,46,26,0
T2,account:826c75a4-4554-4348-a075-1a3d96b15753,826c75a4-4554-4348-a075-1a3d96b15753,False,6,9.0,2,2,2,2,2,45,45,35,0
T2,account:d8ab065c-a93d-4704-a347-105b4dfc8350,d8ab065c-a93d-4704-a347-105b4dfc8350,False,5,9.0,2,2,1,2,2,26,26,46,0
T2,account:8bb97467-c5f0-4537-bc0e-20861493ffc0,8bb97467-c5f0-4537-bc0e-20861493ffc0,False,7,12.0,2,2,3,2,2,80,81,7,0
T2,account:fa7d3899-aa8d-4a36-9462-5791c092815e,fa7d3899-aa8d-4a36-9462-5791c092815e,False,5,6.0,1,2,2,1,2,47,47,26,0
T2,account:96782da9-1729-4792-affd-0e5c519ee2e0,96782da9-1729-4792-affd-0e5c519ee2e0,False,3,3.0,1,1,1,1,1,29,29,26,0
T2,account:9b25adca-2907-4d85-8cb5-d0caae3eba08,9b25adca-2907-4d85-8cb5-d0caae3eba08,False,5,12.0,1,2,2,1,2,61,62,84,0
T2,account:7f652e68-75c8-4f02-a516-fd7f5ca70e81,7f652e68-75c8-4f02-a516-fd7f5ca70e81,False,7,18.0,1,2,4,1,2,95,95,70,0
T2,account:873b0322-d406-4d35-9c01-6fe4e047bf36,873b0322-d406-4d35-9c01-6fe4e047bf36,False,7,15.0,2,2,3,2,1,68,69,83,0
T2,account:131dc80e-55ed-4b6f-8aeb-489d5dbe747d,131dc80e-55ed-4b6f-8aeb-489d5dbe747d,False,8,21.0,2,3,3,2,3,84,85,3,0
T2,account:53f036cd-ca4b-4d78-bba1-3a7866b116d3,53f036cd-ca4b-4d78-bba1-3a7866b116d3,False,7,9.0,3,2,2,3,2,67,67,80,0
T2,account:e99c9918-67e2-4f7c-9d47-cf177ca087d8,e99c9918-67e2-4f7c-9d47-cf177ca087d8,False,4,6.0,2,1,1,2,1,38,39,67,0
T2,account:9bb8c032-eb76-44ae-8138-08c34afb18f2,9bb8c032-eb76-44ae-8138-08c34afb18f2,False,5,12.0,1,2,2,1,2,42,42,33,0
T2,account:bb718cb8-cebf-44a5-8677-cae58e95fd63,bb718cb8-cebf-44a5-8677-cae58e95fd63,False,6,15.0,2,1,3,2,1,69,70,24,0
T2,account:0e11cdb0-cf0b-4263-877b-087242405187,0e11cdb0-cf0b-4263-877b-087242405187,False,4,9.0,1,1,2,1,1,50,50,2,0
T2,account:c0c3bc10-73e8-4953-b91e-610a0d75da62,c0c3bc10-73e8-4953-b91e-610a0d75da62,False,4,6.0,1,1,2,1,1,43,43,49,0
T2,account:a2c34387-9e6c-4d2b-8596-c51e3f2e5af2,a2c34387-9e6c-4d2b-8596-c51e3f2e5af2,False,4,9.0,1,1,2,1,0,41,41,26,0
T2,account:f1b249be-0ead-4190-aaae-f461c347e3d0,f1b249be-0ead-4190-aaae-f461c347e3d0,False,0,0.0,0,0,0,0,0,0,0,37,29
T2,account:705745db-d832-45de-be41-a552470722e3,705745db-d832-45de-be41-a552470722e3,False,3,3.0,1,1,1,1,1,27,27,26,0
T2,account:5bd9ea61-3c4a-4753-af9e-d147d41737c0,5bd9ea61-3c4a-4753-af9e-d147d41737c0,False,5,6.0,2,1,2,2,1,60,61,60,0
T2,account:b7027f2d-2a73-4eb2-aea4-96ebffff9ea0,b7027f2d-2a73-4eb2-aea4-96ebffff9ea0,False,6,9.0,2,2,2,2,2,46,46,46,0
T2,account:31d98d8c-816b-41f6-b1b6-60e0a7162018,31d98d8c-816b-41f6-b1b6-60e0a7162018,False,0,0.0,0,0,0,0,0,0,0,38,30
T2,account:18eed86c-7d66-4f93-9e53-5bd752249162,18eed86c-7d66-4f93-9e53-5bd752249162,False,6,9.0,1,2,3,1,2,64,64,35,0
T2,account:edcc1b42-993c-4f79-a79f-72d6899ea206,edcc1b42-993c-4f79-a79f-72d6899ea206,False,3,3.0,1,1,1,1,1,26,26,49,0
T2,account:1e18e323-a7a5-41ac-8d01-7ab5420e7055,1e18e323-a7a5-41ac-8d01-7ab5420e7055,False,6,15.0,2,1,3,2,1,71,72,26,0
T2,account:efc09890-6514-461e-949b-e638547d2b91,efc09890-6514-461e-949b-e638547d2b91,False,5,12.0,2,2,1,2,2,34,35,39,0
T2,account:8b438e47-d9b0-491d-88c9-7e6fe50b0015,8b438e47-d9b0-491d-88c9-7e6fe50b0015,False,5,9.0,3,1,1,3,1,40,41,24,0
T2,account:a8a3c6fa-21d4-4f82-b249-33eb08ffb789,a8a3c6fa-21d4-4f82-b249-33eb08ffb789,False,3,3.0,1,1,1,1,1,31,31,46,0
T2,account:43783e39-4a79-459a-af7a-b1bb755fc5c5,43783e39-4a79-459a-af7a-b1bb755fc5c5,False,7,18.0,2,2,3,2,2,75,75,84,0
T2,account:8a226bcd-c282-4bfc-ba9e-e47357585812,8a226bcd-c282-4bfc-ba9e-e47357585812,False,4,6.0,1,2,1,1,2,27,27,44,0
T2,account:e5f3a148-5845-4145-be8a-3f254bb24421,e5f3a148-5845-4145-be8a-3f254bb24421,False,6,9.0,3,1,2,2,1,61,62,33,0
T2,account:0da24c95-d2d1-489e-8b8c-ea35e5e13aab,0da24c95-d2d1-489e-8b8c-ea35e5e13aab,False,7,12.0,2,2,3,2,2,71,72,24,0
T2,account:cc08685f-01a2-43dd-af9e-89a9e4cb922b,cc08685f-01a2-43dd-af9e-89a9e4cb922b,False,5,9.0,1,2,2,1,2,44,45,44,0
T2,account:87ed31cf-8087-4c32-a532-306d20373b7e,87ed31cf-8087-4c32-a532-306d20373b7e,False,4,6.0,2,1,1,2,1,36,36,36,0
T2,account:5a3e6073-a681-42b0-ba25-40be45be99ac,5a3e6073-a681-42b0-ba25-40be45be99ac,False,5,12.0,2,1,2,2,1,45,45,3,0
T2,account:5ecdaa03-cfff-4ec9-a78a-8f9956632515,5ecdaa03-cfff-4ec9-a78a-8f9956632515,False,6,9.0,1,2,3,1,1,61,63,26,0
T2,account:1afddfa8-d6ff-4b2c-93da-6665954e1088,1afddfa8-d6ff-4b2c-93da-6665954e1088,False,9,15.0,3,3,3,3,3,82,84,40,0
T2,account:706c6708-6cba-462a-a058-0465ffd5d512,706c6708-6cba-462a-a058-0465ffd5d512,False,9,15.0,3,3,3,3,3,96,98,80,0
T2,account:8829efbc-ee35-408a-a054-942c3c5109ef,8829efbc-ee35-408a-a054-942c3c5109ef,False,5,12.0,1,2,2,1,2,51,52,2,0
T2,account:747d93b5-284a-4bb0-a1fc-322b16ac8820,747d93b5-284a-4bb0-a1fc-322b16ac8820,False,3,3.0,1,1,1,1,1,27,27,26,0
T2,account:5ef39b37-5b60-403a-8ee2-2536a9b67f5b,5ef39b37-5b60-403a-8ee2-2536a9b67f5b,False,5,18.0,2,1,2,2,1,50,50,33,0
T2,account:4f3bde0d-e84b-4e32-b3e0-e6c3677bd8e2,4f3bde0d-e84b-4e32-b3e0-e6c3677bd8e2,False,5,6.0,1,2,2,1,1,54,54,3,0
T2,account:613d0201-1d09-4c99-9f14-184cc57c018e,613d0201-1d09-4c99-9f14-184cc57c018e,False,4,6.0,1,1,2,1,1,44,45,10,0
T2,account:cd387762-1234-4cf8-9d71-f7c971d77d60,cd387762-1234-4cf8-9d71-f7c971d77d60,False,4,12.0,1,1,2,1,1,44,44,53,0
T2,account:34df6c37-f5ba-4eeb-aa10-a1c8ac24a384,34df6c37-f5ba-4eeb-aa10-a1c8ac24a384,False,6,15.0,1,3,2,1,2,50,51,67,0
T2,account:0a54b7a4-febc-4008-983d-c19fbb75a868,0a54b7a4-febc-4008-983d-c19fbb75a868,False,6,9.0,2,1,3,2,0,70,71,44,0
T2,account:5df47d99-707e-48c9-8ed9-53e7ec2acbee,5df47d99-707e-48c9-8ed9-53e7ec2acbee,False,6,9.0,2,2,2,2,2,69,70,70,0
T2,account:77e16a61-06ca-4ba8-b385-033f004c1d67,77e16a61-06ca-4ba8-b385-033f004c1d67,False,4,6.0,1,2,1,1,2,26,26,49,0
T2,account:bd9cf091-6a5a-4c10-93cf-171139c7f208,bd9cf091-6a5a-4c10-93cf-171139c7f208,False,6,12.0,1,2,3,1,2,62,63,2,0
T2,account:d5740b9e-f82d-4cb8-b868-5336937bfc8e,d5740b9e-f82d-4cb8-b868-5336937bfc8e,False,5,12.0,2,1,2,2,1,55,55,40,0
T2,account:cd8c3efd-6b0d-4933-866a-01d35eabf723,cd8c3efd-6b0d-4933-866a-01d35eabf723,False,3,3.0,1,1,1,1,1,30,31,71,0
T2,account:036e0923-174b-4efa-86eb-8ae4366039f1,036e0923-174b-4efa-86eb-8ae4366039f1,False,5,21.0,1,2,2,1,2,46,46,26,0
T2,account:e3e0c99a-c618-47c6-bd02-55c442e046a1,e3e0c99a-c618-47c6-bd02-55c442e046a1,False,4,6.0,2,1,1,2,1,35,35,36,0
T2,account:7f4abfc0-0279-44c0-91ba-4c406db57c29,7f4abfc0-0279-44c0-91ba-4c406db57c29,False,6,12.0,2,1,3,2,1,66,67,40,0
T2,account:9ac64540-6132-4dc4-803f-d8e8e908368a,9ac64540-6132-4dc4-803f-d8e8e908368a,False,3,12.0,1,1,1,1,1,25,25,80,0
T2,account:09c01779-b200-4a2f-8b57-253fa2cf8664,09c01779-b200-4a2f-8b57-253fa2cf8664,False,7,15.0,2,2,3,2,2,80,81,24,0
T2,account:1e0ca0f9-8938-4cd7-9c49-1871285c461e,1e0ca0f9-8938-4cd7-9c49-1871285c461e,False,3,3.0,1,1,1,1,1,30,31,46,0
T2,account:f8e08ef5-3ee3-4489-a6ba-a29eb9e3a38d,f8e08ef5-3ee3-4489-a6ba-a29eb9e3a38d,False,0,0.0,0,0,0,0,0,0,0,41,31
T2,account:6d2b4c46-a524-4e8c-92a1-4491767c0ea9,6d2b4c46-a524-4e8c-92a1-4491767c0ea9,False,3,9.0,1,1,1,1,1,28,28,67,0
T2,account:fd9e59a9-7833-4bbd-a82c-e479ddbdf785,fd9e59a9-7833-4bbd-a82c-e479ddbdf785,False,3,3.0,1,1,1,1,1,37,37,61,0
T2,account:4c9b3470-c6c9-4222-9e36-8ce8abea8b88,4c9b3470-c6c9-4222-9e36-8ce8abea8b88,False,4,12.0,1,1,2,1,0,39,39,26,0
T2,account:2cd29583-2281-4631-bdca-a64075f17744,2cd29583-2281-4631-bdca-a64075f17744,False,3,3.0,1,1,1,1,1,28,28,71,0
T2,account:554dc646-0305-45c1-8429-a7c5fc27c34e,554dc646-0305-45c1-8429-a7c5fc27c34e,False,10,27.0,2,4,4,2,4,87,88,33,0
T2,account:6c6dbc7f-8176-4d2e-9f99-bf1069943642,6c6dbc7f-8176-4d2e-9f99-bf1069943642,False,4,9.0,1,1,2,1,1,36,36,46,0
T2,account:e82db020-b519-4e18-ab92-a05f9acf060d,e82db020-b519-4e18-ab92-a05f9acf060d,False,9,15.0,2,3,4,2,3,102,106,77,0
T2,account:6045be3e-86b0-46aa-9349-ac55efb98915,6045be3e-86b0-46aa-9349-ac55efb98915,False,4,6.0,1,1,2,1,1,63,64,67,0
T2,account:e33260a6-b9e1-4678-83a8-9b636ce0556a,e33260a6-b9e1-4678-83a8-9b636ce0556a,False,8,21.0,3,2,3,3,2,76,78,71,0
T2,account:268b6308-a26c-48e0-9cbb-64e3b67e8794,268b6308-a26c-48e0-9cbb-64e3b67e8794,False,6,12.0,2,1,3,2,1,64,64,71,0
T2,account:b7f1378b-487f-451f-87f9-843af23c223d,b7f1378b-487f-451f-87f9-843af23c223d,False,5,9.0,1,2,2,1,2,44,45,67,0
T2,account:bf345d57-f852-4410-a564-d22cb48b1a92,bf345d57-f852-4410-a564-d22cb48b1a92,False,4,9.0,1,2,1,1,2,29,29,70,0
T2,account:2b507872-5bed-40bf-93db-a8e5cca135c3,2b507872-5bed-40bf-93db-a8e5cca135c3,False,7,24.0,3,1,3,3,1,83,85,40,0
T2,account:2667b933-fe58-4101-bfac-f4f141365931,2667b933-fe58-4101-bfac-f4f141365931,False,4,9.0,2,1,1,2,1,36,37,71,0
T2,account:d2c983c7-8f20-4749-a53c-02f60b381096,d2c983c7-8f20-4749-a53c-02f60b381096,False,4,9.0,1,1,2,1,1,55,55,3,0
T2,account:cc656151-eb93-4b2c-bff8-191ad977ebe6,cc656151-eb93-4b2c-bff8-191ad977ebe6,False,7,9.0,3,2,2,3,2,61,62,40,0
T2,account:ffb88d46-5b2c-40b0-a146-bfe4bbc8e937,ffb88d46-5b2c-40b0-a146-bfe4bbc8e937,False,3,3.0,1,1,1,1,1,28,28,46,0
T2,account:ed632095-1028-4f60-9944-d9eb0b752b9e,ed632095-1028-4f60-9944-d9eb0b752b9e,False,0,0.0,0,0,0,0,0,0,0,42,32
T2,account:440472b0-57f3-4829-8133-c83aa440cf43,440472b0-57f3-4829-8133-c83aa440cf43,False,4,9.0,1,1,2,1,1,45,45,36,0
T2,account:ef4ba8b4-a780-4810-9b29-be95ded8e8ec,ef4ba8b4-a780-4810-9b29-be95ded8e8ec,False,6,9.0,2,2,2,2,1,56,56,46,0
T2,account:92d56133-482e-4073-b712-1d18a523a789,92d56133-482e-4073-b712-1d18a523a789,False,3,3.0,1,1,1,1,1,23,23,49,0
T2,account:867b90de-b6bf-4f7e-9458-93d1f1c7ceda,867b90de-b6bf-4f7e-9458-93d1f1c7ceda,False,6,9.0,1,2,3,1,2,74,74,53,0
T2,account:3195b5f7-462b-4d96-88e8-fe757fd0e878,3195b5f7-462b-4d96-88e8-fe757fd0e878,False,5,6.0,1,2,2,1,1,51,51,39,0
T2,account:efbdeb04-f70a-426b-8ffc-0ba2400ee633,efbdeb04-f70a-426b-8ffc-0ba2400ee633,False,4,12.0,2,1,1,2,1,41,41,67,0
T2,account:a07e850b-5b10-40b4-b8e3-4187ab975efd,a07e850b-5b10-40b4-b8e3-4187ab975efd,False,6,6.0,2,2,2,2,2,47,48,24,0
T2,account:929d11ee-a271-48b2-b963-80d84105ab50,929d11ee-a271-48b2-b963-80d84105ab50,False,8,12.0,2,2,4,1,2,92,92,39,0
T2,account:487aa97e-5947-44df-b072-7b731a8d18df,487aa97e-5947-44df-b072-7b731a8d18df,False,6,12.0,2,2,2,2,2,53,56,40,0
T2,account:9a90b924-7d35-41a1-a4c1-affdfcd19451,9a90b924-7d35-41a1-a4c1-affdfcd19451,False,5,9.0,2,1,2,2,1,55,57,33,0
T2,account:51a356c3-e7da-4e28-a2fb-94059485e424,51a356c3-e7da-4e28-a2fb-94059485e424,False,5,6.0,1,2,2,1,2,53,54,77,0
T2,account:73c76f09-cdc1-4f0f-ac64-398618e13a28,73c76f09-cdc1-4f0f-ac64-398618e13a28,False,6,9.0,2,2,2,2,2,56,57,77,0
T2,account:a3f7d0ff-b4a8-41b9-a731-472b93901557,a3f7d0ff-b4a8-41b9-a731-472b93901557,False,10,15.0,3,3,4,3,2,84,89,10,0
T2,account:335d81e3-b716-4b6a-b0b5-92b8c41a773e,335d81e3-b716-4b6a-b0b5-92b8c41a773e,False,3,3.0,1,1,1,1,1,27,27,2,0
T2,account:5b833e03-84a6-40be-a308-0edc64c47e6a,5b833e03-84a6-40be-a308-0edc64c47e6a,False,3,3.0,1,1,1,1,1,28,28,61,0
T2,account:eda204f9-4824-4744-9b79-0ad82e140510,eda204f9-4824-4744-9b79-0ad82e140510,False,7,15.0,1,2,4,1,2,89,91,70,0
T2,account:243e2e58-3f7a-498f-b5e5-0b8372751019,243e2e58-3f7a-498f-b5e5-0b8372751019,False,6,9.0,1,3,2,1,3,40,41,49,0
T2,account:ab20d224-809d-43f0-9e47-35f9acc5ceaf,ab20d224-809d-43f0-9e47-35f9acc5ceaf,False,5,18.0,1,2,2,1,2,56,57,46,0
T2,account:657110b7-69a9-4c17-85d2-d74e52e0aa0f,657110b7-69a9-4c17-85d2-d74e52e0aa0f,False,5,6.0,2,1,2,2,1,50,50,40,0
T2,account:f5cd3588-f685-41c4-a114-9c99d3f7f5c4,f5cd3588-f685-41c4-a114-9c99d3f7f5c4,False,3,18.0,1,1,1,1,1,25,25,46,0
T2,account:dd08e765-531e-4366-b5f0-8fe88f2a09a9,dd08e765-531e-4366-b5f0-8fe88f2a09a9,False,6,12.0,2,1,3,2,1,63,63,46,0
T2,account:5afd4429-879d-4ac2-81c9-f78847712cd8,5afd4429-879d-4ac2-81c9-f78847712cd8,False,3,3.0,1,1,1,1,1,30,30,67,0
T2,account:57e14c6f-11b2-412b-80db-9441be3ce2ec,57e14c6f-11b2-412b-80db-9441be3ce2ec,False,3,3.0,1,1,1,1,1,33,33,39,0
T2,account:c4d30098-f431-44c6-936b-2b28cb642963,c4d30098-f431-44c6-936b-2b28cb642963,False,4,9.0,1,2,1,1,2,36,36,49,0
T2,account:3050b0bf-9e45-4703-a18c-f00a2a33d31f,3050b0bf-9e45-4703-a18c-f00a2a33d31f,False,5,9.0,1,1,3,1,1,59,60,36,0
T2,account:88ebcc23-e8fc-41e7-bd0c-256a03513164,88ebcc23-e8fc-41e7-bd0c-256a03513164,False,5,9.0,2,1,2,2,1,50,50,35,0
T2,account:7e8c065d-a208-4499-9c81-f1fd97ae126e,7e8c065d-a208-4499-9c81-f1fd97ae126e,False,5,9.0,2,1,2,2,1,49,49,10,0
T2,account:60064d0a-4458-47ad-94ac-b76412b732d0,60064d0a-4458-47ad-94ac-b76412b732d0,False,4,6.0,2,1,1,2,1,39,39,35,0
T2,account:de50d410-2a39-44e6-990b-6d4611429e99,de50d410-2a39-44e6-990b-6d4611429e99,False,5,12.0,1,1,3,1,1,77,77,3,0
T2,account:df9b0314-08b9-4ce0-985b-271a179f761b,df9b0314-08b9-4ce0-985b-271a179f761b,False,6,9.0,2,2,2,2,2,50,50,10,0
T2,account:a216670f-2733-42cd-adaa-9df25e56c5bf,a216670f-2733-42cd-adaa-9df25e56c5bf,False,4,12.0,1,2,1,1,2,25,25,10,0
T2,account:eb95f82a-049a-42c7-a553-f38ba8e1b5a1,eb95f82a-049a-42c7-a553-f38ba8e1b5a1,False,7,15.0,2,3,2,2,3,65,65,49,0
T2,account:ab60112f-8132-4e75-9aff-f39563b0f3f4,ab60112f-8132-4e75-9aff-f39563b0f3f4,False,4,9.0,1,1,2,1,1,53,53,60,0
T2,account:419cd369-f9ea-4d82-b94e-4efd7b7ce311,419cd369-f9ea-4d82-b94e-4efd7b7ce311,False,4,6.0,1,1,2,1,1,51,52,46,0
T2,account:d6f8f219-b227-43f4-86dc-267f29be38ca,d6f8f219-b227-43f4-86dc-267f29be38ca,False,5,9.0,1,1,3,1,1,67,67,10,0
T2,account:480950b0-7030-4d9c-9187-9c818f144bd9,480950b0-7030-4d9c-9187-9c818f144bd9,False,4,6.0,1,1,2,1,1,37,37,10,0
T2,account:ec44da68-04ab-4c38-9247-18e25f7de727,ec44da68-04ab-4c38-9247-18e25f7de727,False,3,6.0,1,1,1,1,0,21,21,71,0
T2,account:18b9e57a-6db0-4869-9009-9a5e646b05cf,18b9e57a-6db0-4869-9009-9a5e646b05cf,False,5,12.0,1,2,2,1,2,59,59,3,0
T2,account:a870fefa-e90c-4c28-a118-1c4c08d32800,a870fefa-e90c-4c28-a118-1c4c08d32800,False,6,15.0,1,2,3,1,2,61,62,33,0
T2,account:2dac86dd-4052-4b64-b19f-2dd4ebde29c8,2dac86dd-4052-4b64-b19f-2dd4ebde29c8,False,4,9.0,1,1,2,1,1,46,46,80,0
T2,account:891811e8-aaba-407f-9a85-963758e64979,891811e8-aaba-407f-9a85-963758e64979,False,4,9.0,1,1,2,1,1,59,59,61,0
T2,account:89097d1a-2d40-4d1a-8b50-6b4c82d1f21e,89097d1a-2d40-4d1a-8b50-6b4c82d1f21e,False,5,12.0,1,2,2,1,2,53,54,84,0
T2,account:ea766897-fd0d-4e06-b41e-5d18a58e660f,ea766897-fd0d-4e06-b41e-5d18a58e660f,False,8,12.0,4,2,2,4,1,57,57,71,0
T2,account:cb7bac93-78b0-4834-bed3-c1b87b3180b7,cb7bac93-78b0-4834-bed3-c1b87b3180b7,False,5,6.0,1,2,2,1,2,51,52,46,0
T2,account:458bc15f-49f1-4e7d-af55-56b395a6251c,458bc15f-49f1-4e7d-af55-56b395a6251c,False,5,6.0,1,2,2,1,2,51,52,39,0
T2,account:ce186825-0c4a-4e13-83cd-c148993ee740,ce186825-0c4a-4e13-83cd-c148993ee740,False,8,18.0,2,3,3,2,3,82,82,46,0
T2,account:a567f43d-0a21-460a-8de1-dc7083989049,a567f43d-0a21-460a-8de1-dc7083989049,False,5,6.0,2,1,2,2,1,57,57,3,0
T2,account:6f1f16d7-0380-4af2-98d2-a934001a5551,6f1f16d7-0380-4af2-98d2-a934001a5551,False,3,3.0,1,1,1,1,1,33,33,71,0
T2,account:a47adad7-caaa-49f4-9151-4ad8209d92b0,a47adad7-caaa-49f4-9151-4ad8209d92b0,False,5,6.0,2,2,1,2,2,36,36,2,0
T2,account:e08fb0c8-5341-4205-b1a3-c8d9416a47fb,e08fb0c8-5341-4205-b1a3-c8d9416a47fb,False,3,6.0,1,1,1,1,1,25,25,33,0
T2,account:1fe5bf19-8215-4525-81c6-e6f889384d78,1fe5bf19-8215-4525-81c6-e6f889384d78,False,3,6.0,1,1,1,1,1,29,29,49,0
T2,account:8bbbf16e-1cfd-4cfa-a203-968c512ac314,8bbbf16e-1cfd-4cfa-a203-968c512ac314,False,3,3.0,1,1,1,1,1,23,23,70,0
T2,account:3589e51f-bcba-4223-8c2d-a7afd5351d3a,3589e51f-bcba-4223-8c2d-a7afd5351d3a,False,4,6.0,1,1,2,1,1,56,57,61,0
T2,account:35c75efc-a474-44da-a160-65f29d94c797,35c75efc-a474-44da-a160-65f29d94c797,False,4,6.0,2,1,1,2,1,31,31,49,0
T2,account:e1fd789f-ba4f-4865-8578-094249b013ab,e1fd789f-ba4f-4865-8578-094249b013ab,False,6,9.0,2,3,1,2,3,36,38,10,0
T2,account:82753041-9277-415f-9e77-7b2d67d85e10,82753041-9277-415f-9e77-7b2d67d85e10,False,3,3.0,1,1,1,1,1,29,29,44,0
T2,account:def2fd94-df89-42f6-963f-86c9279b00ef,def2fd94-df89-42f6-963f-86c9279b00ef,False,3,3.0,1,1,1,1,1,27,27,49,0
T2,account:0ffb2388-b776-4190-935f-9fb6dba0b47d,0ffb2388-b776-4190-935f-9fb6dba0b47d,False,4,6.0,2,1,1,2,1,41,41,80,0
T2,account:d3028b2e-7c24-481d-832f-7af604e21b72,d3028b2e-7c24-481d-832f-7af604e21b72,False,8,15.0,4,2,2,4,2,58,59,7,0
T2,account:80faab7d-2dc2-4f97-9914-990dd994eb23,80faab7d-2dc2-4f97-9914-990dd994eb23,False,7,15.0,2,2,3,2,2,85,86,3,0
T2,account:05373b8e-e97f-4118-8690-879492f7ac5c,05373b8e-e97f-4118-8690-879492f7ac5c,False,6,18.0,2,1,3,2,1,75,75,80,0
T2,account:7d531f57-75fe-4406-84c3-a6edb8be967f,7d531f57-75fe-4406-84c3-a6edb8be967f,False,6,9.0,1,2,3,1,1,77,79,46,0
T2,account:d9218680-d96c-45bb-b194-37526b5abc9e,d9218680-d96c-45bb-b194-37526b5abc9e,False,7,21.0,3,3,1,3,2,53,53,36,0
T2,account:392e496b-7585-4dfa-b583-3a224b1a702d,392e496b-7585-4dfa-b583-3a224b1a702d,False,3,3.0,1,1,1,1,1,21,21,44,0
T2,account:71cee3c6-aafc-4a57-b141-f9595f9ccc39,71cee3c6-aafc-4a57-b141-f9595f9ccc39,False,3,3.0,1,1,1,1,1,32,32,44,0
T2,account:225074fe-8fdc-4587-a903-bbc1ec1a2304,225074fe-8fdc-4587-a903-bbc1ec1a2304,False,7,18.0,2,3,2,2,3,68,69,70,0
T2,account:91acdba7-e617-4a7a-bf2f-08005e07b0f9,91acdba7-e617-4a7a-bf2f-08005e07b0f9,False,6,15.0,2,3,1,2,2,46,46,49,0
T2,account:9fc61c65-5f90-468d-87cd-7baf2cc746d3,9fc61c65-5f90-468d-87cd-7baf2cc746d3,False,5,9.0,1,1,3,1,1,59,60,84,0
T2,account:e3f5c9f8-b73e-49eb-86d7-2c50eb33ddf7,e3f5c9f8-b73e-49eb-86d7-2c50eb33ddf7,False,4,9.0,1,1,2,1,1,46,46,36,0
T2,account:b261d1f0-c9a1-4787-b121-47f9b976ac5a,b261d1f0-c9a1-4787-b121-47f9b976ac5a,False,4,6.0,1,1,2,1,1,42,42,24,0
T2,account:c0c634fa-f7c9-4c6d-97bf-d39c70fa4732,c0c634fa-f7c9-4c6d-97bf-d39c70fa4732,False,4,6.0,1,1,2,1,1,44,44,10,0
T2,account:408b14e9-d3e4-4a99-bac0-ebb8f2398c3b,408b14e9-d3e4-4a99-bac0-ebb8f2398c3b,False,5,15.0,2,2,1,2,2,38,38,35,0
T2,account:7e5aafb7-d936-468e-abe5-7fc657c914b2,7e5aafb7-d936-468e-abe5-7fc657c914b2,False,6,12.0,2,1,3,2,1,76,77,33,0
T2,account:7ad21813-bc45-4045-8fc4-9a591b16b50b,7ad21813-bc45-4045-8fc4-9a591b16b50b,False,6,15.0,2,2,2,2,2,60,60,33,0
T2,account:9cfe77a0-801e-4d27-8221-66756b72cd75,9cfe77a0-801e-4d27-8221-66756b72cd75,False,4,6.0,1,1,2,1,1,54,54,46,0
T2,account:23baa6e1-d16c-4f65-ac20-40f6540e9068,23baa6e1-d16c-4f65-ac20-40f6540e9068,False,3,3.0,1,1,1,1,1,29,29,46,0
T2,account:2b6c84c2-2284-408e-bc2f-a11dd8df60e2,2b6c84c2-2284-408e-bc2f-a11dd8df60e2,False,3,3.0,1,1,1,1,1,32,32,70,0
T2,account:df93556f-29a2-4cd7-adf6-6819435d2512,df93556f-29a2-4cd7-adf6-6819435d2512,False,0,0.0,0,0,0,0,0,0,0,43,33
T2,account:8dedbc6e-b1f8-4a70-ba16-04819a89f0f0,8dedbc6e-b1f8-4a70-ba16-04819a89f0f0,False,5,6.0,1,2,2,1,2,51,52,71,0
T2,account:1db8a082-58d4-4ada-b580-d105915e939f,1db8a082-58d4-4ada-b580-d105915e939f,False,7,12.0,1,3,3,1,3,63,64,83,0
T2,account:f833db80-886e-4edc-9016-43402b83496d,f833db80-886e-4edc-9016-43402b83496d,False,8,9.0,3,2,3,3,2,73,74,49,0
T2,account:737377e2-6f3b-4fe9-98f5-6e3ee340ca3d,737377e2-6f3b-4fe9-98f5-6e3ee340ca3d,False,3,3.0,1,1,1,1,1,30,30,77,0
T2,account:d3a590b5-9db4-451b-82df-c88c5293270f,d3a590b5-9db4-451b-82df-c88c5293270f,False,4,12.0,1,1,2,1,0,49,50,44,0
T2,account:b0842e8f-16b3-4830-b4f5-6526b12e8f88,b0842e8f-16b3-4830-b4f5-6526b12e8f88,False,4,9.0,1,2,1,1,2,31,31,33,0
T2,account:8516687d-9cdc-413b-96fc-cfc57224b3e1,8516687d-9cdc-413b-96fc-cfc57224b3e1,False,4,6.0,2,1,1,2,1,36,36,71,0
T2,account:cad9a9eb-637b-4fd0-9d5d-6cc44392b3ff,cad9a9eb-637b-4fd0-9d5d-6cc44392b3ff,False,5,12.0,2,1,2,2,1,60,60,39,0
T2,account:1c81828d-0f16-41dc-b685-93fffb41f0fb,1c81828d-0f16-41dc-b685-93fffb41f0fb,False,6,21.0,1,2,3,1,2,70,72,70,0
T2,account:438a0695-6fd3-4187-8355-4d1b5dc99d30,438a0695-6fd3-4187-8355-4d1b5dc99d30,False,6,12.0,3,1,2,3,1,63,65,77,0
T2,account:87d07550-4109-4f94-b51e-c4b23283033b,87d07550-4109-4f94-b51e-c4b23283033b,False,3,6.0,1,1,1,1,1,34,34,84,0
T2,account:20e98820-b197-4a41-a9c8-b4c9fa8ba431,20e98820-b197-4a41-a9c8-b4c9fa8ba431,False,3,3.0,1,1,1,1,1,28,28,26,0
T2,account:c743320f-26e7-4440-8370-eace66406505,c743320f-26e7-4440-8370-eace66406505,False,4,6.0,1,1,2,1,1,49,49,44,0
T2,account:2be82111-0ebc-4a14-8c2b-3594e37d95a2,2be82111-0ebc-4a14-8c2b-3594e37d95a2,False,4,18.0,1,2,1,1,2,33,33,24,0
T2,account:ba3958b0-3c89-43f6-a4cb-f4f13943efe3,ba3958b0-3c89-43f6-a4cb-f4f13943efe3,False,3,3.0,1,1,1,1,1,28,28,33,0
T2,account:f0c5cdd5-d4cc-4fb6-bb3f-8ee3afad1d86,f0c5cdd5-d4cc-4fb6-bb3f-8ee3afad1d86,False,4,6.0,1,1,2,1,1,48,49,60,0
T2,account:363bc6b9-8de8-489c-9d1e-7f3366e3bf26,363bc6b9-8de8-489c-9d1e-7f3366e3bf26,False,3,3.0,1,1,1,1,1,40,40,61,0
T2,account:31f2d452-f17e-4594-9aee-5a80d152d2bf,31f2d452-f17e-4594-9aee-5a80d152d2bf,False,3,9.0,1,1,1,1,1,30,30,44,0
T2,account:0ecd20d5-ac52-490f-b712-8ba600cb8854,0ecd20d5-ac52-490f-b712-8ba600cb8854,False,10,21.0,3,3,4,3,3,107,108,39,0
T2,account:314c10e2-3c07-498a-843e-6d3313a0991d,314c10e2-3c07-498a-843e-6d3313a0991d,False,8,15.0,3,3,2,3,2,73,73,40,0
T2,account:6bd5ebb8-eaf9-46ac-b69c-206810cd3dbf,6bd5ebb8-eaf9-46ac-b69c-206810cd3dbf,False,5,9.0,1,2,2,1,2,53,53,7,0
T2,account:d2605bc1-6432-4736-8ac0-07d41aba057b,d2605bc1-6432-4736-8ac0-07d41aba057b,False,6,6.0,2,2,2,2,2,65,65,46,0
T2,account:6198d004-4ad4-4214-90a9-e1a992ed520f,6198d004-4ad4-4214-90a9-e1a992ed520f,False,4,6.0,1,1,2,1,1,48,48,67,0
T2,account:bccbc543-e1df-407a-ae51-f2629c8a2f87,bccbc543-e1df-407a-ae51-f2629c8a2f87,False,7,12.0,3,3,1,3,3,48,48,24,0
T2,account:33615530-8c70-47b2-a6f4-5135cdd5b3cc,33615530-8c70-47b2-a6f4-5135cdd5b3cc,False,11,21.0,2,3,6,2,3,123,127,44,0
T2,account:2c87b5a7-d3a8-4a4e-a5f0-49a61c7de4db,2c87b5a7-d3a8-4a4e-a5f0-49a61c7de4db,False,8,24.0,3,2,3,3,2,66,66,44,0
T2,account:30c9d4b1-ce00-4044-a7f9-d54659c3b45d,30c9d4b1-ce00-4044-a7f9-d54659c3b45d,False,6,12.0,1,2,3,1,2,76,78,44,0
T2,account:e293a614-26f9-414c-8afe-6cef4d33e777,e293a614-26f9-414c-8afe-6cef4d33e777,False,0,0.0,0,0,0,0,0,0,0,45,34
T2,account:bc4ddd62-61e7-4059-ac2e-411d9941bc3c,bc4ddd62-61e7-4059-ac2e-411d9941bc3c,False,3,3.0,1,1,1,1,1,27,27,83,0
T2,account:e0b22a94-d5dd-4899-a476-f976028c8f36,e0b22a94-d5dd-4899-a476-f976028c8f36,False,6,9.0,1,2,3,1,2,65,65,46,0
T2,account:a6d7a8a9-1bbc-4405-8b3c-b0c8122dc3d4,a6d7a8a9-1bbc-4405-8b3c-b0c8122dc3d4,False,3,3.0,1,1,1,1,1,31,31,77,0
T2,account:12ff2fc7-52b2-4016-b0a1-edb026e317eb,12ff2fc7-52b2-4016-b0a1-edb026e317eb,False,4,6.0,2,1,1,2,1,40,40,36,0
T2,account:06ef6260-a7b2-45ae-8d51-222aed52ff3d,06ef6260-a7b2-45ae-8d51-222aed52ff3d,False,3,3.0,1,1,1,1,1,21,21,7,0
T2,account:ef6f180a-ccd3-42f1-b864-75094b197075,ef6f180a-ccd3-42f1-b864-75094b197075,False,5,9.0,2,2,1,2,1,35,35,80,0
T2,account:dc33ae2f-a27b-40f6-bdfe-83f9326612e6,dc33ae2f-a27b-40f6-bdfe-83f9326612e6,False,5,9.0,1,2,2,1,2,59,59,77,0
T2,account:7116d15b-5623-42b8-9fff-83c9e0c7ebb0,7116d15b-5623-42b8-9fff-83c9e0c7ebb0,False,3,6.0,1,1,1,1,1,21,21,49,0
T2,account:4b3ecfa0-23d0-48a2-9a8a-6976ab989a5d,4b3ecfa0-23d0-48a2-9a8a-6976ab989a5d,False,3,3.0,1,1,1,1,1,24,24,70,0
T2,account:c0df2934-27ff-4173-a223-2f5821d8a28d,c0df2934-27ff-4173-a223-2f5821d8a28d,False,5,9.0,2,1,2,2,1,37,37,49,0
T2,account:f241e22f-f219-4d01-8d88-bd6fd69233ce,f241e22f-f219-4d01-8d88-bd6fd69233ce,False,5,6.0,2,2,1,2,1,35,36,84,0
T2,account:41f130ae-ee6f-4821-bd9e-bd99de0af73c,41f130ae-ee6f-4821-bd9e-bd99de0af73c,False,4,15.0,1,1,2,1,1,48,48,84,0
T2,account:094423d4-0cb5-43e1-8c25-dc5b1e6739ef,094423d4-0cb5-43e1-8c25-dc5b1e6739ef,False,4,6.0,1,1,2,1,1,38,39,60,0
T2,account:7e2529c5-e253-4114-848c-fe0d30239e90,7e2529c5-e253-4114-848c-fe0d30239e90,False,9,18.0,1,2,6,1,2,118,118,60,0
T2,account:e14ec942-ce84-4f15-af75-1b3b360aefb0,e14ec942-ce84-4f15-af75-1b3b360aefb0,False,4,9.0,1,2,1,1,2,33,33,46,0
T2,account:c7476798-32d7-4581-8776-fb003a9166c1,c7476798-32d7-4581-8776-fb003a9166c1,False,7,12.0,2,1,4,2,1,83,84,67,0
T2,account:02bf12a6-bff5-43de-84db-e5c0557f331c,02bf12a6-bff5-43de-84db-e5c0557f331c,False,7,12.0,2,2,3,2,2,76,79,40,0
T2,account:548ff1e5-47b5-4a90-a88c-d3e91db44dd2,548ff1e5-47b5-4a90-a88c-d3e91db44dd2,False,4,9.0,1,1,2,1,1,48,49,46,0
T2,account:c5819f51-40d5-4391-bcee-6adb5991a7c2,c5819f51-40d5-4391-bcee-6adb5991a7c2,False,4,6.0,1,2,1,1,2,30,30,49,0
T2,account:7108a76a-4531-4bbe-874c-e44aea8a58f3,7108a76a-4531-4bbe-874c-e44aea8a58f3,False,5,9.0,2,2,1,2,2,45,45,46,0
T2,account:3264daa4-806f-4f40-860b-4ed09f41f138,3264daa4-806f-4f40-860b-4ed09f41f138,False,9,27.0,2,2,5,2,2,110,111,46,0
T2,account:b07633b9-5c83-4dc3-b9ce-90c3af39c72e,b07633b9-5c83-4dc3-b9ce-90c3af39c72e,False,5,15.0,2,2,1,2,2,32,33,24,0
T2,account:9a674b2f-7815-4098-a08a-b4b56e3c37eb,9a674b2f-7815-4098-a08a-b4b56e3c37eb,False,4,6.0,1,1,2,1,1,35,36,24,0
T2,account:8202bd4a-0a2d-4e05-9bd1-ad00bd628f83,8202bd4a-0a2d-4e05-9bd1-ad00bd628f83,False,3,12.0,1,1,1,1,1,36,37,80,0
T2,account:1cc1800b-9984-42f6-934d-86e51e648b7a,1cc1800b-9984-42f6-934d-86e51e648b7a,False,4,15.0,1,1,2,1,1,46,46,77,0
T2,account:a60ac26d-d035-473b-b721-24841b575207,a60ac26d-d035-473b-b721-24841b575207,False,4,6.0,1,1,2,1,1,40,40,35,0
T2,account:46b43d6b-a856-49ee-a0de-a5ec22a0ec65,46b43d6b-a856-49ee-a0de-a5ec22a0ec65,False,7,12.0,2,3,2,2,3,62,62,44,0
T2,account:92278549-d15d-4e84-9711-8607229f1011,92278549-d15d-4e84-9711-8607229f1011,False,4,6.0,1,1,2,1,1,50,50,35,0
T2,account:1bb60a0b-ddff-435e-b535-d3687018a6bb,1bb60a0b-ddff-435e-b535-d3687018a6bb,False,5,12.0,1,2,2,1,2,50,50,33,0
T2,account:9849b3af-360d-4f71-8814-7f0007102344,9849b3af-360d-4f71-8814-7f0007102344,False,0,0.0,0,0,0,0,0,0,0,47,35
T2,account:bb3f3bb5-3341-4711-b1b2-1155e58c14f8,bb3f3bb5-3341-4711-b1b2-1155e58c14f8,False,8,9.0,2,3,3,2,3,84,85,49,0
T2,account:6bf16dab-d453-4a8a-afb5-157f82b72521,6bf16dab-d453-4a8a-afb5-157f82b72521,False,5,6.0,2,2,1,2,2,37,38,70,0
T2,account:16ab657f-b0fe-4bb3-a08c-a446f7afb715,16ab657f-b0fe-4bb3-a08c-a446f7afb715,True,10,42.0,4,3,3,4,3,110,157,2,0
T2,account:e091a3ce-bf81-4072-9d04-902267505087,e091a3ce-bf81-4072-9d04-902267505087,False,3,3.0,1,1,1,1,0,16,16,46,0
T2,account:0680101d-ba15-4ba4-967c-673c5a77aabe,0680101d-ba15-4ba4-967c-673c5a77aabe,False,5,6.0,1,2,2,1,2,48,48,67,0
T2,account:fcd75304-65c9-4adb-a845-04efd6e700af,fcd75304-65c9-4adb-a845-04efd6e700af,False,0,0.0,0,0,0,0,0,0,0,48,36
T2,account:06db42b7-2cfd-419b-9727-9d460d962522,06db42b7-2cfd-419b-9727-9d460d962522,False,6,6.0,2,2,2,2,2,55,55,71,0
T2,account:281ad135-1e7f-49f3-b366-2d2a2d85a565,281ad135-1e7f-49f3-b366-2d2a2d85a565,False,3,3.0,1,1,1,1,1,15,15,26,0
T2,account:a2fe49b0-2a63-4901-ac22-09af5772939a,a2fe49b0-2a63-4901-ac22-09af5772939a,False,6,12.0,1,3,2,1,3,63,63,46,0
T2,account:9eb9da3a-5d6f-4770-84c5-0bbc03e4b153,9eb9da3a-5d6f-4770-84c5-0bbc03e4b153,False,8,15.0,2,2,4,2,2,93,94,53,0
T2,account:7220f12f-cf3d-485f-8455-d7c30b76ac24,7220f12f-cf3d-485f-8455-d7c30b76ac24,False,4,6.0,1,1,2,1,1,49,49,2,0
T2,account:8ca71530-332c-4810-832b-33446e5f77b0,8ca71530-332c-4810-832b-33446e5f77b0,False,5,9.0,2,1,2,2,1,47,47,10,0
T2,account:ea2d0e56-3cfc-43e5-9ff8-e3eeb5ac463c,ea2d0e56-3cfc-43e5-9ff8-e3eeb5ac463c,False,5,21.0,1,2,2,1,2,52,52,71,0
T2,account:5db14bdc-cac4-4e6e-be5c-0c65478fd99c,5db14bdc-cac4-4e6e-be5c-0c65478fd99c,False,10,18.0,3,3,4,3,3,77,80,10,0
T2,account:f678e18c-d45a-477b-9515-bf5d871cd606,f678e18c-d45a-477b-9515-bf5d871cd606,False,3,6.0,1,1,1,1,1,31,31,49,0
T2,account:10758785-aacb-4034-b052-0acc9e40cec3,10758785-aacb-4034-b052-0acc9e40cec3,False,6,15.0,2,3,1,2,3,44,44,10,0
T2,account:c9bf5704-1252-4442-9d13-92beb96b1c38,c9bf5704-1252-4442-9d13-92beb96b1c38,False,5,9.0,1,1,3,1,1,61,62,46,0
T2,account:b8b59f1d-3230-4c66-9f48-afdee501e9d3,b8b59f1d-3230-4c66-9f48-afdee501e9d3,False,4,6.0,1,2,1,1,2,40,40,67,0
T2,account:6068ffcd-024f-4d6a-a7a0-5f9de254a474,6068ffcd-024f-4d6a-a7a0-5f9de254a474,True,10,36.0,4,4,2,4,4,84,131,2,0
T2,account:4a8fc243-ec12-469e-91cf-5fab9f0022b4,4a8fc243-ec12-469e-91cf-5fab9f0022b4,False,4,9.0,1,1,2,1,1,45,45,83,0
T2,account:52fdfcfb-f7a7-4d4a-aad0-abe6a2238500,52fdfcfb-f7a7-4d4a-aad0-abe6a2238500,False,6,6.0,2,2,2,2,2,54,54,10,0
T2,account:df61df10-6dbf-479e-be4e-f1173d7faff2,df61df10-6dbf-479e-be4e-f1173d7faff2,False,6,6.0,2,2,2,2,2,46,46,7,0
T2,account:4fc26d8d-9c1b-4f15-82d1-6c4c16a7ebf8,4fc26d8d-9c1b-4f15-82d1-6c4c16a7ebf8,False,5,9.0,1,2,2,1,2,56,56,71,0
T2,account:8e0a97b4-d267-4322-8623-09777020e9d1,8e0a97b4-d267-4322-8623-09777020e9d1,False,7,27.0,2,2,3,2,2,64,66,61,0
T2,account:5de4be31-2364-42a6-a6e0-7044d8c4de29,5de4be31-2364-42a6-a6e0-7044d8c4de29,False,6,15.0,1,2,3,1,2,63,63,80,0
T2,account:091d00e3-c022-47b9-9d10-089561c6478f,091d00e3-c022-47b9-9d10-089561c6478f,False,3,3.0,1,1,1,1,1,39,39,44,0
T2,account:336b3120-e4f3-4308-9292-9262ec00077b,336b3120-e4f3-4308-9292-9262ec00077b,False,5,12.0,1,2,2,1,2,51,51,7,0
T2,account:c88ec4d1-7046-4651-a92d-25e934170acf,c88ec4d1-7046-4651-a92d-25e934170acf,False,8,12.0,3,2,3,3,2,82,83,67,0
T2,account:9688d8fa-81a5-4b21-84ce-ce59ee2d9e08,9688d8fa-81a5-4b21-84ce-ce59ee2d9e08,False,6,9.0,2,1,3,2,1,65,66,33,0
T2,account:c246ac49-937f-4ff6-bb73-7c93ba989ac3,c246ac49-937f-4ff6-bb73-7c93ba989ac3,False,5,6.0,2,1,2,2,1,40,40,80,0
T2,account:8bdbd520-fda0-46e1-af92-4d7eddbeb591,8bdbd520-fda0-46e1-af92-4d7eddbeb591,False,5,6.0,2,2,1,2,2,44,46,49,0
T2,account:f9769036-954f-46c7-9c31-086c594b6e71,f9769036-954f-46c7-9c31-086c594b6e71,False,4,6.0,1,1,2,1,1,49,50,84,0
T2,account:0359251b-711b-417c-bcbd-b2db003f7035,0359251b-711b-417c-bcbd-b2db003f7035,False,6,12.0,3,1,2,3,1,63,63,80,0
T2,account:2c4cc5bf-049b-41e1-92e4-6d92429d52bc,2c4cc5bf-049b-41e1-92e4-6d92429d52bc,False,6,12.0,2,1,3,2,1,55,55,7,0
T2,account:0df0f797-3ced-4240-b80f-565132e50aa8,0df0f797-3ced-4240-b80f-565132e50aa8,False,6,15.0,1,1,4,1,0,85,86,61,0
T2,account:caaa24cf-c294-44cc-969d-5b5e60e02f2b,caaa24cf-c294-44cc-969d-5b5e60e02f2b,False,3,3.0,1,1,1,1,1,34,34,49,0
T2,account:f4952eeb-bab3-4a2b-a5bc-f3fa0e4b4bc1,f4952eeb-bab3-4a2b-a5bc-f3fa0e4b4bc1,False,10,24.0,3,2,5,3,2,132,135,46,0
T2,account:b3700771-caf3-4728-a1d1-588ad4ac6871,b3700771-caf3-4728-a1d1-588ad4ac6871,False,4,18.0,1,1,2,1,1,72,72,2,0
T2,account:cbaed920-f2f4-4119-b097-419f7f0df2be,cbaed920-f2f4-4119-b097-419f7f0df2be,False,8,15.0,2,2,4,2,2,95,96,67,0
T2,account:97901b36-1932-4d1e-aace-a07168b71377,97901b36-1932-4d1e-aace-a07168b71377,False,6,9.0,3,2,1,3,2,42,43,71,0
T2,account:410eedd1-5fda-403d-b2f9-9fe3de47f444,410eedd1-5fda-403d-b2f9-9fe3de47f444,False,6,12.0,2,2,2,2,2,53,54,60,0
T2,account:37b70878-7f0d-4979-8164-0346007e0963,37b70878-7f0d-4979-8164-0346007e0963,False,5,18.0,1,3,1,1,2,31,31,26,0
T2,account:a04b368b-8ed9-4e83-a404-a0b1ef16c022,a04b368b-8ed9-4e83-a404-a0b1ef16c022,False,8,15.0,2,3,3,2,3,75,76,77,0
T2,account:993aed0b-8100-4497-a0ee-b5defe09ded3,993aed0b-8100-4497-a0ee-b5defe09ded3,False,0,0.0,0,0,0,0,0,0,0,50,37
T2,account:4764f9eb-11bd-42c2-8bc2-0c58891180e9,4764f9eb-11bd-42c2-8bc2-0c58891180e9,False,8,9.0,2,3,3,2,3,92,93,71,0
T2,account:88eb9716-8cbb-4273-9544-dd88bb942fa1,88eb9716-8cbb-4273-9544-dd88bb942fa1,False,6,15.0,1,2,3,1,2,59,60,44,0
T2,account:e0fd4304-736c-4168-9f0b-1babc74b2209,e0fd4304-736c-4168-9f0b-1babc74b2209,False,3,3.0,1,1,1,1,1,28,28,10,0
T2,account:9989b170-dd3c-4c22-b3a9-8a81b2fb120a,9989b170-dd3c-4c22-b3a9-8a81b2fb120a,False,0,0.0,0,0,0,0,0,0,0,51,38
T2,account:3a5ac0f8-aa32-4b8c-b04a-11815fc5ad0e,3a5ac0f8-aa32-4b8c-b04a-11815fc5ad0e,False,5,6.0,1,2,2,1,2,48,48,84,0
T2,account:3dc0e524-7838-485e-8dc6-8201d5d1fd41,3dc0e524-7838-485e-8dc6-8201d5d1fd41,False,4,6.0,1,1,2,1,1,51,52,70,0
T2,account:04acfdda-0cf1-4bde-b015-032adac6a79c,04acfdda-0cf1-4bde-b015-032adac6a79c,False,3,3.0,1,1,1,1,1,32,32,71,0
T2,account:95706dae-a590-4056-a515-7c86b8a07a4e,95706dae-a590-4056-a515-7c86b8a07a4e,False,6,15.0,1,2,3,1,2,63,64,77,0
T2,account:645e0cf1-6616-4f44-8f51-12572daf65e6,645e0cf1-6616-4f44-8f51-12572daf65e6,True,9,60.0,4,3,2,4,3,80,125,2,0
T2,account:07809a2a-377c-464e-99b3-542ca0d49f7b,07809a2a-377c-464e-99b3-542ca0d49f7b,False,5,6.0,2,1,2,2,1,44,44,60,0
T2,account:a8ce00c5-b2c3-4610-93b4-460db1b242fd,a8ce00c5-b2c3-4610-93b4-460db1b242fd,False,6,12.0,2,1,3,2,1,77,77,24,0
T2,account:e34567bf-e504-47c3-8c98-2dc23d4e68fd,e34567bf-e504-47c3-8c98-2dc23d4e68fd,False,4,6.0,1,2,1,1,2,29,30,71,0
T2,account:8159b4e2-8e6c-4ef7-bffc-10163bea238a,8159b4e2-8e6c-4ef7-bffc-10163bea238a,False,7,15.0,2,1,4,2,1,103,105,61,0
T2,account:4fd8b941-6c66-417f-826c-a5dd72d9fc11,4fd8b941-6c66-417f-826c-a5dd72d9fc11,False,4,6.0,1,1,2,1,0,40,40,71,0
T2,account:02b73838-9e84-44df-85ea-ebdf31a858ad,02b73838-9e84-44df-85ea-ebdf31a858ad,False,3,3.0,1,1,1,1,1,40,41,44,0
T2,account:9ec10dc7-0e41-49ac-8601-dfcb4a580d74,9ec10dc7-0e41-49ac-8601-dfcb4a580d74,False,4,12.0,1,2,1,1,2,33,33,26,0
T2,account:201d42fc-5a04-46a2-8592-2a15b69c4775,201d42fc-5a04-46a2-8592-2a15b69c4775,False,6,15.0,2,3,1,2,2,35,37,35,0
T2,account:b7d15b99-338c-4474-80ed-a2bbc8f4f189,b7d15b99-338c-4474-80ed-a2bbc8f4f189,False,6,9.0,2,2,2,2,2,53,53,83,0
T2,account:79d37e18-a675-4711-ae4b-a62a4fce0945,79d37e18-a675-4711-ae4b-a62a4fce0945,True,12,45.0,4,5,3,4,5,99,148,2,0
T2,account:8261d7c3-7372-460e-8229-4a8cd7fab8f6,8261d7c3-7372-460e-8229-4a8cd7fab8f6,False,7,12.0,2,3,2,2,3,55,55,46,0
T2,account:67521437-746e-43c6-9da5-5ee456f7b185,67521437-746e-43c6-9da5-5ee456f7b185,False,5,12.0,2,1,2,2,1,36,36,26,0
T2,account:66d88fdf-31df-4609-abd1-25ed74cf607e,66d88fdf-31df-4609-abd1-25ed74cf607e,False,5,12.0,2,1,2,2,1,61,62,71,0
T2,account:fe54b2de-898c-438a-be62-cecf53f93ac7,fe54b2de-898c-438a-be62-cecf53f93ac7,False,5,9.0,2,1,2,2,1,47,47,36,0
T2,account:2fffc886-e4f6-4912-9347-917afadbef7e,2fffc886-e4f6-4912-9347-917afadbef7e,False,3,3.0,1,1,1,1,1,28,28,77,0
T2,account:7940fa6c-8389-4192-ae65-27dee2c87416,7940fa6c-8389-4192-ae65-27dee2c87416,False,6,15.0,3,2,1,3,2,50,51,44,0
T2,account:8c81e538-222a-4163-b1a8-d64b3e64db29,8c81e538-222a-4163-b1a8-d64b3e64db29,False,3,6.0,1,1,1,1,1,30,30,67,0
T2,account:ae40f485-a47e-4f87-a5bc-d4fb3fbfa9c6,ae40f485-a47e-4f87-a5bc-d4fb3fbfa9c6,False,4,6.0,1,2,1,1,2,35,35,33,0
T2,account:d279d5ee-e8d2-4b9a-afa8-2082f3f56640,d279d5ee-e8d2-4b9a-afa8-2082f3f56640,False,3,3.0,1,1,1,1,1,28,28,71,0
T2,account:e3de227c-00ed-40c7-a1a6-991689c04d51,e3de227c-00ed-40c7-a1a6-991689c04d51,False,0,0.0,0,0,0,0,0,0,0,52,39
T2,account:467895ca-5194-4226-9520-5df314491c35,467895ca-5194-4226-9520-5df314491c35,False,6,15.0,1,1,4,1,1,87,87,53,0
T2,account:653d7251-ce7e-4a62-b5c4-b37e6f3fdd09,653d7251-ce7e-4a62-b5c4-b37e6f3fdd09,False,7,18.0,1,2,4,1,2,78,78,35,0
T2,account:4d79d8c8-51fb-4cf4-aed8-7f6759737eea,4d79d8c8-51fb-4cf4-aed8-7f6759737eea,False,5,6.0,2,1,2,2,1,43,43,70,0
T2,account:6569d820-061c-4ca0-abdf-c115221c98e2,6569d820-061c-4ca0-abdf-c115221c98e2,False,5,15.0,2,2,1,2,2,40,41,84,0
T2,account:078e6f87-4343-46b7-b41e-3d89f163e450,078e6f87-4343-46b7-b41e-3d89f163e450,False,3,3.0,1,1,1,1,1,38,38,67,0
T2,account:0b4f992c-2383-45db-88d1-ab0c3f7178f1,0b4f992c-2383-45db-88d1-ab0c3f7178f1,False,6,18.0,2,2,2,2,2,51,52,26,0
T2,account:b44d3334-aaa5-4e23-b9ae-4dd0c3cf01c5,b44d3334-aaa5-4e23-b9ae-4dd0c3cf01c5,False,4,6.0,2,1,1,2,1,32,34,46,0
T2,account:83e8dbed-e9a2-4d7a-88a6-3e9900d8b7ab,83e8dbed-e9a2-4d7a-88a6-3e9900d8b7ab,False,6,27.0,3,1,2,3,1,69,69,3,0
T2,account:e1a4c45b-d887-4fb9-bbc6-a1d2879122f8,e1a4c45b-d887-4fb9-bbc6-a1d2879122f8,False,4,15.0,1,2,1,1,2,33,33,71,0
T2,account:88fcba9c-d2d3-4e99-8e89-3bf32eb5e84f,88fcba9c-d2d3-4e99-8e89-3bf32eb5e84f,False,7,15.0,3,1,3,3,1,64,65,80,0
T2,account:ca012cbc-9cd7-4bee-93bd-cd178de9c617,ca012cbc-9cd7-4bee-93bd-cd178de9c617,False,4,6.0,1,2,1,1,2,26,28,49,0
T2,account:75ed6cfe-74c9-4aaa-b99c-ddd30451365c,75ed6cfe-74c9-4aaa-b99c-ddd30451365c,False,6,9.0,1,3,2,1,3,53,53,83,0
T2,account:d80efd18-f8d8-4905-a068-4d5194170dad,d80efd18-f8d8-4905-a068-4d5194170dad,False,5,18.0,1,3,1,1,3,36,36,40,0
T2,account:4c06a985-982e-4712-a5a2-97dfa7947557,4c06a985-982e-4712-a5a2-97dfa7947557,False,4,9.0,1,1,2,1,1,32,32,46,0
T2,account:91c541cf-1128-4acc-812a-5937a5af9845,91c541cf-1128-4acc-812a-5937a5af9845,False,6,12.0,2,2,2,2,2,56,56,70,0
T2,account:d11c18e8-65b6-4edb-b264-ef81de83531b,d11c18e8-65b6-4edb-b264-ef81de83531b,False,7,12.0,3,2,2,3,2,52,52,24,0
T2,account:f6c93d69-4053-45aa-9101-ac42ae31188f,f6c93d69-4053-45aa-9101-ac42ae31188f,False,3,3.0,1,1,1,1,1,24,27,49,0
T2,account:7380b929-ba78-4fe0-a827-581537614af4,7380b929-ba78-4fe0-a827-581537614af4,False,9,21.0,2,2,5,2,2,93,94,26,0
T2,account:c37b7862-64c8-44ec-b31b-caba20db8a35,c37b7862-64c8-44ec-b31b-caba20db8a35,False,6,9.0,2,2,2,2,2,51,54,49,0
T2,account:590e8776-4d33-441d-9fda-ba1dad0d8b51,590e8776-4d33-441d-9fda-ba1dad0d8b51,False,5,12.0,1,1,3,1,1,68,69,67,0
T2,account:433650b0-0302-4d06-89c8-aeb2c84f9387,433650b0-0302-4d06-89c8-aeb2c84f9387,False,5,6.0,1,2,2,1,2,55,55,71,0
T2,account:1f0076a0-fc82-4fb1-92c7-7256c872e9d0,1f0076a0-fc82-4fb1-92c7-7256c872e9d0,False,5,9.0,2,2,1,2,2,29,29,84,0
T2,account:9c8f84e7-b540-497b-9c51-e28b69abb631,9c8f84e7-b540-497b-9c51-e28b69abb631,False,6,15.0,2,2,2,2,2,59,60,70,0
T2,account:5fd7bde1-b6ee-45d2-a6bb-693a2a4ed4ec,5fd7bde1-b6ee-45d2-a6bb-693a2a4ed4ec,False,3,6.0,1,1,1,1,1,31,31,71,0
T2,account:677e4557-0077-4877-ae47-4416d152760f,677e4557-0077-4877-ae47-4416d152760f,False,4,6.0,1,1,2,1,1,47,47,7,0
T2,account:1c81960d-fbc6-4182-9782-0258b123ed82,1c81960d-fbc6-4182-9782-0258b123ed82,False,3,3.0,1,1,1,1,1,27,28,26,0
T2,account:3624d542-aaa2-42dc-8514-c9de03e078e2,3624d542-aaa2-42dc-8514-c9de03e078e2,False,7,15.0,2,2,3,2,2,73,75,84,0
T2,account:d88fd445-ae40-4667-8f05-6e62044d3389,d88fd445-ae40-4667-8f05-6e62044d3389,False,6,12.0,2,2,2,2,2,67,69,46,0
T2,account:c071be4c-32b8-448f-9e8b-6da25b7d1b64,c071be4c-32b8-448f-9e8b-6da25b7d1b64,False,6,18.0,1,1,4,1,1,80,83,39,0
T2,account:98461d60-38ae-4759-9b0e-1a8f79d924b1,98461d60-38ae-4759-9b0e-1a8f79d924b1,False,4,21.0,1,2,1,1,1,22,22,77,0
T2,account:2ce2183b-7fbf-4856-b7a5-abe54d1d701e,2ce2183b-7fbf-4856-b7a5-abe54d1d701e,False,3,6.0,1,1,1,1,1,34,34,26,0
T2,account:ebc14f56-fda1-4594-8955-8bcf69ca6de0,ebc14f56-fda1-4594-8955-8bcf69ca6de0,False,6,9.0,1,2,3,1,2,73,74,70,0
T2,account:46100226-4ef7-45e1-809c-2b440aab09d0,46100226-4ef7-45e1-809c-2b440aab09d0,False,3,9.0,1,1,1,1,1,22,22,33,0
T2,account:fdefb4a8-0ba6-4c50-b98d-3bcb7f3f7bdc,fdefb4a8-0ba6-4c50-b98d-3bcb7f3f7bdc,False,9,18.0,3,2,4,3,2,96,101,24,0
T2,account:6dd3f8b8-413e-41db-a08c-34df5a8d7e93,6dd3f8b8-413e-41db-a08c-34df5a8d7e93,False,7,12.0,1,2,4,1,2,89,90,40,0
T2,account:c8171236-2697-4e23-98fb-73892e0d44ea,c8171236-2697-4e23-98fb-73892e0d44ea,False,6,12.0,1,3,2,1,3,45,45,84,0
T2,account:2b8bfb42-6f0d-4756-8925-3c51be874235,2b8bfb42-6f0d-4756-8925-3c51be874235,False,5,6.0,2,2,1,2,2,41,41,80,0
T2,account:9f70d363-b0fa-4d4b-821f-28ef6ff644dc,9f70d363-b0fa-4d4b-821f-28ef6ff644dc,False,7,15.0,1,2,4,1,2,85,87,83,0
T2,account:7b614acd-4975-4525-8a84-306a01ce2be7,7b614acd-4975-4525-8a84-306a01ce2be7,False,4,9.0,1,2,1,1,2,28,28,49,0
T2,account:85f09826-9da9-4697-857c-39e21b1d98fe,85f09826-9da9-4697-857c-39e21b1d98fe,False,5,9.0,1,1,3,1,1,75,76,67,0
T2,account:52dcdbfd-4e18-4c65-8700-7b2bae284523,52dcdbfd-4e18-4c65-8700-7b2bae284523,False,3,9.0,1,1,1,1,1,16,16,49,0
T2,account:85bb46ad-0ab7-4a80-804a-d318bc7eef85,85bb46ad-0ab7-4a80-804a-d318bc7eef85,False,3,3.0,1,1,1,1,1,28,28,67,0
T2,account:8e2cd6d1-3cae-4b77-b135-12b416b29379,8e2cd6d1-3cae-4b77-b135-12b416b29379,False,0,0.0,0,0,0,0,0,0,0,54,40
T2,account:a839fd89-4276-477f-bae6-119a10d6a806,a839fd89-4276-477f-bae6-119a10d6a806,False,6,15.0,1,1,4,1,1,89,90,80,0
T2,account:76237ace-f921-4c1d-b260-01c833a80cbc,76237ace-f921-4c1d-b260-01c833a80cbc,False,8,18.0,2,1,5,2,1,94,97,3,0
T2,account:ed8a33a2-ba1e-4c02-84ba-5ea69b855ac2,ed8a33a2-ba1e-4c02-84ba-5ea69b855ac2,False,4,12.0,1,1,2,1,1,42,42,49,0
T2,account:09ccb6ff-4ed0-4bc1-9ebf-43eca31821ac,09ccb6ff-4ed0-4bc1-9ebf-43eca31821ac,False,4,6.0,1,1,2,1,1,38,38,39,0
T2,account:b1ff3625-fd75-4978-a3a1-22452372abcc,b1ff3625-fd75-4978-a3a1-22452372abcc,False,5,15.0,2,1,2,2,1,65,66,70,0
T2,account:01a98294-964b-447f-865a-98a708d119ae,01a98294-964b-447f-865a-98a708d119ae,False,0,0.0,0,0,0,0,0,0,0,55,41
T2,account:56319cc9-cb4d-44b7-baae-47c6256b444c,56319cc9-cb4d-44b7-baae-47c6256b444c,False,4,9.0,1,1,2,1,1,55,55,61,0
T2,account:15abb817-9103-42d9-9a28-86b8db078898,15abb817-9103-42d9-9a28-86b8db078898,False,6,12.0,2,2,2,2,1,51,52,40,0
T2,account:d72e64d3-e8e0-4cba-a1d2-e335d51c0d48,d72e64d3-e8e0-4cba-a1d2-e335d51c0d48,False,3,3.0,1,1,1,1,1,30,31,7,0
T2,account:c68221b4-185c-4045-9909-22bd4eeaa066,c68221b4-185c-4045-9909-22bd4eeaa066,False,4,6.0,2,1,1,2,1,31,31,77,0
T2,account:8facd85e-452e-46c1-8e9f-4574cee3710f,8facd85e-452e-46c1-8e9f-4574cee3710f,False,3,3.0,1,1,1,1,1,29,29,77,0
T2,account:b46f2bcd-d8ed-4ddf-abd7-b2ecafe55284,b46f2bcd-d8ed-4ddf-abd7-b2ecafe55284,False,5,9.0,2,1,2,2,1,47,47,3,0
T2,account:dc57b741-f77e-4921-9e21-6b058be1d16f,dc57b741-f77e-4921-9e21-6b058be1d16f,False,4,12.0,1,1,2,1,1,40,42,35,0
T2,account:22396363-6fa8-499e-9c71-4e45c42a67c1,22396363-6fa8-499e-9c71-4e45c42a67c1,False,7,21.0,1,2,4,1,2,90,91,40,0
T2,account:123dd5ec-0b7b-4cfd-a73d-9962eccfbafe,123dd5ec-0b7b-4cfd-a73d-9962eccfbafe,False,3,3.0,1,1,1,1,1,31,31,77,0
T2,account:09628d3e-a300-4be3-af71-f2e91165b00c,09628d3e-a300-4be3-af71-f2e91165b00c,False,6,15.0,1,2,3,1,2,67,68,61,0
T2,account:67ab8637-b4b6-4e4c-b0fc-cc4e452e9941,67ab8637-b4b6-4e4c-b0fc-cc4e452e9941,False,8,12.0,2,2,4,2,2,91,95,39,0
T2,account:d26c8030-84db-4a90-bdcf-7a623b9c4e79,d26c8030-84db-4a90-bdcf-7a623b9c4e79,False,6,12.0,2,2,2,2,2,69,69,60,0
T2,account:5c17fc58-1ebb-474a-93cc-9499ef19c5da,5c17fc58-1ebb-474a-93cc-9499ef19c5da,False,0,0.0,0,0,0,0,0,0,0,56,42
T2,account:8e613b57-df43-4123-bbae-9db5e594901b,8e613b57-df43-4123-bbae-9db5e594901b,False,0,0.0,0,0,0,0,0,0,0,57,43
T2,account:b327480a-ba65-4a24-94c4-e8915dd8c762,b327480a-ba65-4a24-94c4-e8915dd8c762,False,6,12.0,2,2,2,2,1,51,51,39,0
T2,account:986e1cd0-aab6-409a-a821-0399b60e6dd8,986e1cd0-aab6-409a-a821-0399b60e6dd8,False,5,6.0,1,2,2,1,2,47,48,46,0
T2,account:486df2a5-e2ff-43c3-bfd7-8e5592a9901b,486df2a5-e2ff-43c3-bfd7-8e5592a9901b,False,6,9.0,3,1,2,3,1,54,55,39,0
T2,account:cd3cfda7-ecba-45ca-9eee-f3af4a1e1607,cd3cfda7-ecba-45ca-9eee-f3af4a1e1607,False,6,9.0,2,2,2,2,2,49,50,53,0
T2,account:8cd02f71-b590-42af-b67b-882a397ac55a,8cd02f71-b590-42af-b67b-882a397ac55a,False,3,3.0,1,1,1,1,1,29,29,44,0
T2,account:ccd93ae1-bbd0-4375-82ff-be605708eebd,ccd93ae1-bbd0-4375-82ff-be605708eebd,False,6,9.0,2,1,3,2,1,76,77,70,0
T2,account:1843ae4d-99ea-4436-be1b-e544d5c3212e,1843ae4d-99ea-4436-be1b-e544d5c3212e,False,5,9.0,2,1,2,2,1,62,62,67,0
T2,account:8da87640-4353-4c5a-9222-13b2cb0d39c7,8da87640-4353-4c5a-9222-13b2cb0d39c7,False,4,9.0,1,1,2,1,1,42,42,40,0
T2,account:ea76ede4-7c39-4a45-b53c-0ecab9c5fcea,ea76ede4-7c39-4a45-b53c-0ecab9c5fcea,False,6,12.0,2,1,3,2,1,76,79,3,0
T2,account:3ac0e507-6206-4f02-abd2-6c2f1f3e5b76,3ac0e507-6206-4f02-abd2-6c2f1f3e5b76,False,4,9.0,1,1,2,1,1,43,43,61,0
T2,account:80277f56-9760-4c18-bdfb-e851758f148f,80277f56-9760-4c18-bdfb-e851758f148f,False,4,9.0,1,1,2,1,1,43,43,40,0
T2,account:b8b1000d-8851-4fab-8769-c11c1a4d4388,b8b1000d-8851-4fab-8769-c11c1a4d4388,False,8,27.0,3,3,2,3,3,66,66,40,0
T2,account:a8109c7a-e52f-470b-8850-2f628967e877,a8109c7a-e52f-470b-8850-2f628967e877,False,7,15.0,1,2,4,1,2,88,91,67,0
T2,account:64331bd7-9d1e-4bde-8653-c7d805a62f8a,64331bd7-9d1e-4bde-8653-c7d805a62f8a,False,7,12.0,2,2,3,2,2,83,84,39,0
T2,account:51e9da4e-7387-4df3-9b01-64d261031a6d,51e9da4e-7387-4df3-9b01-64d261031a6d,False,5,9.0,1,2,2,1,2,48,48,7,0
T2,account:d6084bcd-f892-43cc-910e-47ec7be734ea,d6084bcd-f892-43cc-910e-47ec7be734ea,False,7,15.0,2,4,1,2,4,45,45,49,0
T2,account:e5d8a9bd-aa97-4038-9ff4-259712870878,e5d8a9bd-aa97-4038-9ff4-259712870878,False,4,6.0,1,1,2,1,1,44,44,46,0
T2,account:cda9f876-d15a-47d0-b6bf-45e805ffa413,cda9f876-d15a-47d0-b6bf-45e805ffa413,False,0,0.0,0,0,0,0,0,0,0,58,44
T2,account:5ab082d3-4aac-44a0-a91e-2ca12660ed31,5ab082d3-4aac-44a0-a91e-2ca12660ed31,False,6,12.0,3,2,1,3,2,34,34,49,0
T2,account:bb7ece10-ef4d-446c-b28f-d7d607727b5c,bb7ece10-ef4d-446c-b28f-d7d607727b5c,False,5,9.0,1,2,2,1,2,58,58,80,0
T2,account:0f8cb8c7-768d-4c0f-bfc9-990612b69241,0f8cb8c7-768d-4c0f-bfc9-990612b69241,False,4,6.0,1,2,1,1,2,25,25,67,0
T2,account:1f33be72-240a-4372-bc25-10c6a85a41c9,1f33be72-240a-4372-bc25-10c6a85a41c9,False,5,9.0,3,1,1,3,1,39,39,84,0
T2,account:316d2618-d1bb-432c-aae8-a78a49784838,316d2618-d1bb-432c-aae8-a78a49784838,False,3,3.0,1,1,1,1,1,29,29,24,0
T2,account:72f656da-67c7-487e-8e7e-cb07f9c64d01,72f656da-67c7-487e-8e7e-cb07f9c64d01,False,5,9.0,1,2,2,1,2,50,50,71,0
T2,account:a96b29d3-700c-4569-a57b-f1f84286822b,a96b29d3-700c-4569-a57b-f1f84286822b,False,3,15.0,1,1,1,1,1,30,30,70,0
T2,account:73adb9f3-d977-44d8-8849-014cff38e1f8,73adb9f3-d977-44d8-8849-014cff38e1f8,False,4,15.0,1,2,1,1,2,33,33,71,0
T2,account:53ef11d9-5791-42fc-85f2-e00416c46f19,53ef11d9-5791-42fc-85f2-e00416c46f19,False,5,9.0,1,2,2,1,1,52,52,60,0
T2,account:a911d76e-d302-4b2a-9cca-33e55389cf73,a911d76e-d302-4b2a-9cca-33e55389cf73,False,5,15.0,1,2,2,1,2,47,47,60,0
T2,account:270aac22-c457-456e-ae75-8701878d27ac,270aac22-c457-456e-ae75-8701878d27ac,False,6,12.0,1,2,3,1,2,71,71,26,0
T2,account:571f8c08-76c2-45ee-9e8c-ec7989c34199,571f8c08-76c2-45ee-9e8c-ec7989c34199,False,4,6.0,1,1,2,1,1,53,54,44,0
T2,account:bd561657-6544-4e50-a060-cc6c0120caf4,bd561657-6544-4e50-a060-cc6c0120caf4,False,6,15.0,3,1,2,3,1,63,65,49,0
T2,account:b071ae4c-aead-4967-b724-32fb9c6e68e1,b071ae4c-aead-4967-b724-32fb9c6e68e1,False,4,6.0,1,2,1,1,2,32,32,26,0
T2,account:9c86f7cf-9a4c-46a8-9603-f33089976ad0,9c86f7cf-9a4c-46a8-9603-f33089976ad0,False,8,9.0,3,2,3,3,2,88,89,36,0
T2,account:b3cc35a1-f366-42f1-bcbb-d8b3f210691e,b3cc35a1-f366-42f1-bcbb-d8b3f210691e,False,4,12.0,1,1,2,1,0,37,37,40,0
T2,account:6f1f216c-d255-4983-978a-a0002b67791b,6f1f216c-d255-4983-978a-a0002b67791b,False,7,15.0,1,2,4,1,0,70,70,7,0
T2,account:b0ad14ed-91ef-4d78-869c-3b735a91bf7b,b0ad14ed-91ef-4d78-869c-3b735a91bf7b,False,3,6.0,1,1,1,1,1,35,35,70,0
T2,account:45e1ebd7-aec5-43a2-8dac-450bded5d56e,45e1ebd7-aec5-43a2-8dac-450bded5d56e,False,4,18.0,1,2,1,1,2,34,35,44,0
T2,account:b3bb68b4-ee44-4682-b093-71b4510d80db,b3bb68b4-ee44-4682-b093-71b4510d80db,False,6,6.0,2,2,2,2,1,49,50,33,0
T2,account:e43c01db-e670-46ab-9965-6305a2dbc9f6,e43c01db-e670-46ab-9965-6305a2dbc9f6,False,4,6.0,2,1,1,2,0,34,34,33,0
T2,account:f02cbd01-6b4c-4219-8ef4-bcbc916effc6,f02cbd01-6b4c-4219-8ef4-bcbc916effc6,False,5,12.0,2,2,1,2,2,42,42,40,0
T2,account:95bb8cbf-1868-4fc8-b7ff-112ba4ae2468,95bb8cbf-1868-4fc8-b7ff-112ba4ae2468,False,5,18.0,1,2,2,1,2,57,58,67,0
T2,account:d3ec5c1d-1a1f-4581-8a89-04b89c53c1e1,d3ec5c1d-1a1f-4581-8a89-04b89c53c1e1,False,6,15.0,4,1,1,4,1,51,52,49,0
T2,account:f28e0c57-7fe5-4243-9ce0-bcd25c38e993,f28e0c57-7fe5-4243-9ce0-bcd25c38e993,False,0,0.0,0,0,0,0,0,0,0,59,45
T2,account:0daec1b3-1299-41f6-8b12-e6557b40ac13,0daec1b3-1299-41f6-8b12-e6557b40ac13,False,3,3.0,1,1,1,1,1,31,31,70,0
T2,account:aca509d0-e952-4ddc-b0c3-8ea1d52d319f,aca509d0-e952-4ddc-b0c3-8ea1d52d319f,False,5,9.0,1,1,3,1,1,64,65,46,0
T2,account:3cb309ed-57ef-4ee0-8d28-bf56f36e3e41,3cb309ed-57ef-4ee0-8d28-bf56f36e3e41,False,4,12.0,1,2,1,1,2,42,42,84,0
T2,account:c49f46cb-9778-4cbc-bbe7-72540334cfb1,c49f46cb-9778-4cbc-bbe7-72540334cfb1,False,3,3.0,1,1,1,1,1,32,32,24,0
T2,account:5f35562a-6994-4337-8ed8-09ef0c1c0af0,5f35562a-6994-4337-8ed8-09ef0c1c0af0,False,7,18.0,2,2,3,2,1,72,72,24,0
T2,account:e05a6149-6237-4313-adb0-ad724776825f,e05a6149-6237-4313-adb0-ad724776825f,False,3,3.0,1,1,1,1,1,26,26,10,0
T2,account:941b8872-40f8-4c8a-8294-dd827bfb7f83,941b8872-40f8-4c8a-8294-dd827bfb7f83,False,4,15.0,1,1,2,1,1,46,47,60,0
T2,account:3d738d73-a5f9-4124-b7de-5138bdc1c22a,3d738d73-a5f9-4124-b7de-5138bdc1c22a,False,4,9.0,1,2,1,1,2,35,35,26,0
T2,account:1c2d4ba0-55db-4209-ae79-2476ad767614,1c2d4ba0-55db-4209-ae79-2476ad767614,False,4,6.0,1,2,1,1,2,37,38,33,0
T2,account:5061d940-203a-4476-b7c7-20bf4d3f9f0e,5061d940-203a-4476-b7c7-20bf4d3f9f0e,False,5,6.0,1,2,2,1,2,41,42,83,0
T2,account:43d18149-5024-4678-b45b-c05b38954b16,43d18149-5024-4678-b45b-c05b38954b16,False,5,6.0,1,2,2,1,2,53,54,84,0
T2,account:74141ff0-309e-4115-9f33-1efe98588ab3,74141ff0-309e-4115-9f33-1efe98588ab3,False,6,12.0,2,2,2,2,2,63,63,40,0
T2,account:9513e5dc-2a1e-4352-a6fb-40dd70ce74ac,9513e5dc-2a1e-4352-a6fb-40dd70ce74ac,False,7,15.0,2,2,3,2,2,62,64,10,0
T2,account:a6644638-9d9b-410c-a5b8-c62061c36b27,a6644638-9d9b-410c-a5b8-c62061c36b27,False,6,9.0,2,2,2,2,2,50,51,36,0
T2,account:adbe5d2c-a36c-4eb1-8409-ab6c375241ff,adbe5d2c-a36c-4eb1-8409-ab6c375241ff,False,3,3.0,1,1,1,1,1,25,25,70,0
T2,account:d04703bb-be1d-41a5-a0c3-148dcb7d9c72,d04703bb-be1d-41a5-a0c3-148dcb7d9c72,False,6,18.0,2,2,2,2,2,66,67,7,0
T2,account:af883d65-7dae-47c4-b7cc-2d498c020473,af883d65-7dae-47c4-b7cc-2d498c020473,False,6,18.0,2,2,2,2,2,57,57,80,0
T2,account:2160e6aa-5feb-4ff6-96bd-0f9bd0e82bc1,2160e6aa-5feb-4ff6-96bd-0f9bd0e82bc1,False,3,3.0,1,1,1,1,1,38,38,36,0
T2,account:388fc2af-bfd6-4e4a-9a9a-8c3a698c8897,388fc2af-bfd6-4e4a-9a9a-8c3a698c8897,False,3,3.0,1,1,1,1,0,20,20,84,0
T2,account:1b38cc43-a17c-47e1-ab58-b199583f9844,1b38cc43-a17c-47e1-ab58-b199583f9844,False,6,15.0,2,1,3,2,1,68,68,83,0
T2,account:9bf4f9e4-f11a-4e4c-ad2d-717d86aa4e34,9bf4f9e4-f11a-4e4c-ad2d-717d86aa4e34,False,3,6.0,1,1,1,1,1,15,15,84,0
T2,account:0180df1d-8301-4ed4-a077-37999cedf987,0180df1d-8301-4ed4-a077-37999cedf987,False,6,15.0,1,3,2,1,3,54,54,71,0
T2,account:b212a356-3e13-4b09-a3f4-34141518b4be,b212a356-3e13-4b09-a3f4-34141518b4be,False,4,6.0,1,1,2,1,1,36,36,24,0
T2,account:a0873805-8564-40bc-8b28-fe2f5f481ce0,a0873805-8564-40bc-8b28-fe2f5f481ce0,False,9,15.0,2,3,4,2,3,90,93,84,0
T2,account:90745886-b498-454a-a95a-6acc72a08a67,90745886-b498-454a-a95a-6acc72a08a67,False,5,6.0,1,2,2,1,2,51,51,83,0
T2,account:76abc54a-e312-4282-b819-ce0d3a0b03d4,76abc54a-e312-4282-b819-ce0d3a0b03d4,False,5,9.0,1,2,2,1,2,44,44,67,0
T2,account:572f7f5c-ea32-4175-a9b2-186d98eae698,572f7f5c-ea32-4175-a9b2-186d98eae698,False,3,15.0,1,1,1,1,1,26,26,40,0
T2,account:c12e3105-8f27-446a-b5a1-d2c884dbcdd1,c12e3105-8f27-446a-b5a1-d2c884dbcdd1,False,3,6.0,1,1,1,1,0,21,21,44,0
T2,account:26d40e0e-2f09-46a5-b05d-b1c5278e367d,26d40e0e-2f09-46a5-b05d-b1c5278e367d,False,4,12.0,2,1,1,2,1,30,30,84,0
T2,account:7dbe3f19-a3f7-4123-84b6-d23798497c5d,7dbe3f19-a3f7-4123-84b6-d23798497c5d,False,4,6.0,1,1,2,1,1,55,55,60,0
T2,account:c9f75481-8532-46b0-865d-657edd43251c,c9f75481-8532-46b0-865d-657edd43251c,False,6,15.0,1,2,3,1,2,59,60,46,0
T2,account:0730ecab-1276-46b2-9cff-8dd89e4d4639,0730ecab-1276-46b2-9cff-8dd89e4d4639,False,4,6.0,2,1,1,2,1,34,34,60,0
T2,account:5da78bc2-f5b0-4295-9304-a9def4a4521c,5da78bc2-f5b0-4295-9304-a9def4a4521c,False,3,3.0,1,1,1,1,1,38,39,2,0
T2,account:287bf121-ab7f-4c0f-8e7a-afcc87a863e2,287bf121-ab7f-4c0f-8e7a-afcc87a863e2,False,3,3.0,1,1,1,1,1,34,34,44,0
T2,account:1da6a7c8-e834-49c8-944f-620b118f655f,1da6a7c8-e834-49c8-944f-620b118f655f,False,5,6.0,2,1,2,2,1,53,53,71,0
T2,account:63e41c28-2b68-4fc6-bc11-3d008ec4d0c0,63e41c28-2b68-4fc6-bc11-3d008ec4d0c0,False,3,6.0,1,1,1,1,1,42,43,2,0
T2,account:457c41fb-33c9-484f-8d5a-e500f2f8bb2e,457c41fb-33c9-484f-8d5a-e500f2f8bb2e,False,5,9.0,2,1,2,2,1,44,45,61,0
T2,account:ea3adb31-7abe-4de5-ba81-f83132644c12,ea3adb31-7abe-4de5-ba81-f83132644c12,False,6,12.0,1,2,3,1,2,64,64,70,0
T2,account:be61d5f8-bcf9-4bb5-8071-432ccd46516d,be61d5f8-bcf9-4bb5-8071-432ccd46516d,False,4,9.0,1,1,2,1,1,53,53,3,0
T2,account:f7a21032-f437-41f4-9e68-46e5819d1882,f7a21032-f437-41f4-9e68-46e5819d1882,False,5,6.0,1,2,2,1,2,58,60,3,0
T2,account:fc75c3cb-3534-42b3-95ae-b7e408fab3f9,fc75c3cb-3534-42b3-95ae-b7e408fab3f9,False,5,18.0,1,3,1,1,3,30,31,40,0
T2,account:01b05f3d-4226-4b64-87f4-50839a40f77e,01b05f3d-4226-4b64-87f4-50839a40f77e,False,5,12.0,1,2,2,1,1,53,53,36,0
T2,account:e9503e8a-f9d2-4621-8b42-6cdab09496eb,e9503e8a-f9d2-4621-8b42-6cdab09496eb,False,9,18.0,3,3,3,3,2,80,84,2,0
T2,account:12b60b01-a173-49ce-a723-bd5f027653a6,12b60b01-a173-49ce-a723-bd5f027653a6,False,3,3.0,1,1,1,1,0,30,30,46,0
T2,account:fa66aa47-42bd-4bde-a82e-6635e9807fbc,fa66aa47-42bd-4bde-a82e-6635e9807fbc,False,5,18.0,2,2,1,2,2,39,41,77,0
T2,account:3c00e00c-575a-4751-95f6-8d04191519bb,3c00e00c-575a-4751-95f6-8d04191519bb,False,8,18.0,1,4,3,1,4,76,77,33,0
T2,account:88a466b5-78a0-4247-a5c9-74a347423638,88a466b5-78a0-4247-a5c9-74a347423638,False,5,6.0,2,1,2,2,1,54,54,80,0
T2,account:38a4788a-c092-4b45-ab4f-114dc7563135,38a4788a-c092-4b45-ab4f-114dc7563135,False,7,15.0,2,1,4,2,0,106,108,3,0
T2,account:e0bd2124-ef68-4837-b0a5-51bc1592417b,e0bd2124-ef68-4837-b0a5-51bc1592417b,False,7,12.0,2,2,3,2,2,65,67,39,0
T2,account:d6d15c1e-c27d-4844-8277-5f1bf786ccec,d6d15c1e-c27d-4844-8277-5f1bf786ccec,False,4,6.0,1,1,2,1,1,44,45,35,0
T2,account:51fb482d-e4d5-4dfd-9a3f-6a493cfe9a5d,51fb482d-e4d5-4dfd-9a3f-6a493cfe9a5d,False,7,27.0,1,3,3,1,3,49,53,10,0
T2,account:2e26a78f-67ab-446c-acc5-b183d9d16d37,2e26a78f-67ab-446c-acc5-b183d9d16d37,False,6,9.0,2,1,3,2,1,78,81,80,0
T2,account:cac1e8f1-3013-4d8b-9178-2b3249414d07,cac1e8f1-3013-4d8b-9178-2b3249414d07,False,3,3.0,1,1,1,1,1,33,33,33,0
T2,account:7254e3a4-7d77-43a8-a6e6-72cdb14b1fe7,7254e3a4-7d77-43a8-a6e6-72cdb14b1fe7,False,4,9.0,2,1,1,2,1,41,41,2,0
T2,account:91eca310-0a6a-4166-ba3f-b2b102694e9b,91eca310-0a6a-4166-ba3f-b2b102694e9b,False,5,6.0,1,2,2,1,1,44,44,46,0
T2,account:ec9ee59d-f116-4c86-9241-24a3b945d0b6,ec9ee59d-f116-4c86-9241-24a3b945d0b6,False,3,3.0,1,1,1,1,1,24,24,24,0
T2,account:cdbaaac8-3fb2-42c9-b263-d13768a5d7e1,cdbaaac8-3fb2-42c9-b263-d13768a5d7e1,False,7,12.0,2,3,2,2,3,63,65,77,0
T2,account:baeffedf-dc80-4cfe-9a6f-b156cddfd005,baeffedf-dc80-4cfe-9a6f-b156cddfd005,False,5,12.0,2,2,1,2,2,40,40,46,0
T2,account:2a875e5a-4aae-4b1a-8b77-55d0122720d2,2a875e5a-4aae-4b1a-8b77-55d0122720d2,False,4,9.0,1,1,2,1,1,34,34,35,0
T2,account:5eb855b0-def0-4542-a07b-cc09432d6c3b,5eb855b0-def0-4542-a07b-cc09432d6c3b,False,3,3.0,1,1,1,1,1,31,31,36,0
T2,account:5eb9b14e-082b-4bc4-8774-6c80a9246427,5eb9b14e-082b-4bc4-8774-6c80a9246427,False,7,15.0,2,2,3,2,2,69,70,67,0
T2,account:5bc6717d-5a8e-422e-9612-d7c3b85742bd,5bc6717d-5a8e-422e-9612-d7c3b85742bd,False,6,6.0,2,2,2,2,2,46,46,7,0
T2,account:ed1f7799-91b6-4334-9d57-aa6e3f96e723,ed1f7799-91b6-4334-9d57-aa6e3f96e723,False,5,6.0,1,2,2,1,2,59,59,7,0
T2,account:2c6cae9e-9abf-4047-80cf-c2e7550fab56,2c6cae9e-9abf-4047-80cf-c2e7550fab56,False,4,6.0,1,2,1,1,2,29,29,53,0
T2,account:0f1a8993-146e-4fa7-b10b-22fa4f96b5d2,0f1a8993-146e-4fa7-b10b-22fa4f96b5d2,False,7,15.0,2,3,2,2,3,66,67,61,0
T2,account:9188cf5e-35f4-4a30-82c6-1532afab9185,9188cf5e-35f4-4a30-82c6-1532afab9185,False,7,12.0,2,3,2,2,3,59,60,71,0
T2,account:54076e21-184c-4182-96d2-d84054503772,54076e21-184c-4182-96d2-d84054503772,False,5,15.0,1,3,1,1,3,41,41,46,0
T2,account:43277782-1f42-4071-936c-6dfc6791e884,43277782-1f42-4071-936c-6dfc6791e884,False,5,9.0,1,2,2,1,2,57,58,3,0
T2,account:459272f7-955a-499d-9613-2f9260d85248,459272f7-955a-499d-9613-2f9260d85248,False,5,15.0,1,2,2,1,2,44,44,10,0
T2,account:913d1116-cf8c-4002-a340-5606a61f08a8,913d1116-cf8c-4002-a340-5606a61f08a8,False,3,3.0,1,1,1,1,0,22,22,10,0
T2,account:1289a3e4-3ea2-4735-b695-be010999161d,1289a3e4-3ea2-4735-b695-be010999161d,False,5,18.0,2,2,1,2,2,37,38,67,0
T2,account:33b3cad8-f24b-4a31-b658-b2c3593bf067,33b3cad8-f24b-4a31-b658-b2c3593bf067,False,6,12.0,2,2,2,2,2,47,48,71,0
T2,account:c618769f-0222-40a8-82e0-94e5b2105985,c618769f-0222-40a8-82e0-94e5b2105985,False,3,3.0,1,1,1,1,1,37,37,40,0
T2,account:afdbd64e-db84-4179-bba0-275d9bb55593,afdbd64e-db84-4179-bba0-275d9bb55593,False,6,9.0,1,2,3,1,2,64,64,71,0
T2,account:f7c4223d-731e-4e89-9237-bfa6db1f7bdf,f7c4223d-731e-4e89-9237-bfa6db1f7bdf,False,6,21.0,2,2,2,2,2,52,53,26,0
T2,account:407c1c66-08ca-4ce6-9e44-ba645d35e116,407c1c66-08ca-4ce6-9e44-ba645d35e116,False,3,3.0,1,1,1,1,1,26,27,83,0
T2,account:3b95c97e-272d-4c20-a1b8-b70a9fdf0905,3b95c97e-272d-4c20-a1b8-b70a9fdf0905,False,4,18.0,2,1,1,2,1,30,31,70,0
T2,account:01d2c6cc-6dab-4507-a0c5-d86acf52f403,01d2c6cc-6dab-4507-a0c5-d86acf52f403,False,4,15.0,1,1,2,1,1,62,62,77,0
T2,account:03005fa9-f79c-40f9-a359-d4aff025b133,03005fa9-f79c-40f9-a359-d4aff025b133,False,7,15.0,3,1,3,3,1,70,71,46,0
T2,account:97894abd-ee5b-4d3c-8402-c7fdf2746854,97894abd-ee5b-4d3c-8402-c7fdf2746854,False,3,3.0,1,1,1,1,1,25,25,10,0
T2,account:7dfa1d21-e2eb-4d13-99e2-f2bbc580cc9f,7dfa1d21-e2eb-4d13-99e2-f2bbc580cc9f,False,3,3.0,1,1,1,1,1,28,28,77,0
T2,account:68da7571-507e-4708-908e-569192fcf92d,68da7571-507e-4708-908e-569192fcf92d,False,3,3.0,1,1,1,1,1,28,28,44,0
T2,account:577eb46f-23d3-488f-b9e1-25117563fe2d,577eb46f-23d3-488f-b9e1-25117563fe2d,False,6,9.0,2,2,2,2,2,63,63,40,0
T2,account:f5f75073-87aa-475a-9ba1-15b36e07109e,f5f75073-87aa-475a-9ba1-15b36e07109e,False,7,12.0,2,2,3,2,2,72,72,71,0
T2,account:da9faf4c-b63f-42ce-8e60-d05a5a226b66,da9faf4c-b63f-42ce-8e60-d05a5a226b66,False,5,9.0,2,1,2,2,1,50,50,53,0
T2,account:c81e2ce2-541b-421d-b59b-f257fdabe14e,c81e2ce2-541b-421d-b59b-f257fdabe14e,False,6,6.0,2,2,2,2,2,70,71,61,0
T2,account:87bb2dd4-bb7e-4871-9add-b499ab0e8104,87bb2dd4-bb7e-4871-9add-b499ab0e8104,False,6,9.0,2,2,2,2,2,57,59,26,0
T2,account:1fbb5e99-a923-4884-9419-c621c7a52f56,1fbb5e99-a923-4884-9419-c621c7a52f56,False,3,3.0,1,1,1,1,1,24,24,80,0
T2,account:14edfc2a-f7bf-4dcf-ae86-80e436843d4d,14edfc2a-f7bf-4dcf-ae86-80e436843d4d,False,6,15.0,2,2,2,2,1,63,63,67,0
T2,account:d446457d-facb-4900-9d7b-9ff84ac3c537,d446457d-facb-4900-9d7b-9ff84ac3c537,False,4,6.0,1,2,1,1,2,33,33,67,0
T2,account:b574f4a8-0a82-4604-b0f8-f8ecbad1bfb9,b574f4a8-0a82-4604-b0f8-f8ecbad1bfb9,False,3,3.0,1,1,1,1,0,28,28,46,0
T2,account:16edddba-9ded-4757-bea1-2ed7cd2aa49f,16edddba-9ded-4757-bea1-2ed7cd2aa49f,False,4,9.0,1,1,2,1,1,46,46,26,0
T2,account:b9967666-c75a-46d0-b512-739d456582c2,b9967666-c75a-46d0-b512-739d456582c2,False,3,3.0,1,1,1,1,1,38,38,61,0
T2,account:e8ab0f9b-a2e2-42f3-806c-2b188f08e875,e8ab0f9b-a2e2-42f3-806c-2b188f08e875,False,6,9.0,1,2,3,1,2,73,73,60,0
T2,account:51866266-7fa5-4c25-aeb5-3bd239ab564e,51866266-7fa5-4c25-aeb5-3bd239ab564e,False,3,15.0,1,1,1,1,1,34,34,39,0
T2,account:652f2001-3bef-4b95-a929-0d0b51d824c6,652f2001-3bef-4b95-a929-0d0b51d824c6,False,7,12.0,2,3,2,2,3,73,74,84,0
T2,account:50112e48-38ee-4e61-b4e2-aea33cd54675,50112e48-38ee-4e61-b4e2-aea33cd54675,False,3,3.0,1,1,1,1,1,30,30,77,0
T2,account:baf5eb14-a724-41c0-b1b7-952dbcbf5b70,baf5eb14-a724-41c0-b1b7-952dbcbf5b70,False,4,9.0,1,1,2,1,1,44,44,80,0
T2,account:b0cca6c3-0f9e-4364-8829-3b97ce218a71,b0cca6c3-0f9e-4364-8829-3b97ce218a71,False,3,3.0,1,1,1,1,1,29,29,44,0
T2,account:3896e86d-7178-4b81-befa-ea3ae2364325,3896e86d-7178-4b81-befa-ea3ae2364325,False,8,18.0,2,3,3,2,3,78,80,77,0
T2,account:b5e14deb-ba30-4846-af02-c11304fc1315,b5e14deb-ba30-4846-af02-c11304fc1315,False,5,9.0,1,2,2,1,2,57,57,2,0
T2,account:0451517a-c3d5-470b-a091-9bef71d226ad,0451517a-c3d5-470b-a091-9bef71d226ad,False,6,9.0,1,2,3,1,2,68,70,44,0
T2,account:f78fcfa5-9a3f-4e57-91cf-aad017196dc9,f78fcfa5-9a3f-4e57-91cf-aad017196dc9,False,8,18.0,3,2,3,3,2,86,86,33,0
T2,account:91c5f472-7899-48c6-9048-8767fc6adf1c,91c5f472-7899-48c6-9048-8767fc6adf1c,False,4,6.0,1,2,1,1,2,40,40,67,0
T2,account:6d033d31-2a18-4253-af9d-8fc96e53686d,6d033d31-2a18-4253-af9d-8fc96e53686d,False,7,15.0,1,2,4,1,2,94,95,40,0
T2,account:f1e571c7-b2c8-45bc-bff5-b5b255804f25,f1e571c7-b2c8-45bc-bff5-b5b255804f25,False,6,12.0,2,2,2,2,2,56,56,3,0
T2,account:33d2b23d-f934-46ce-864a-6e8150ed498b,33d2b23d-f934-46ce-864a-6e8150ed498b,False,4,6.0,1,2,1,1,2,30,31,71,0
T2,account:4e8d6f8b-0397-48d6-a65f-af57e4b15f3f,4e8d6f8b-0397-48d6-a65f-af57e4b15f3f,False,4,6.0,1,1,2,1,1,39,39,70,0
T2,account:3d59c441-f5d8-4535-938d-13e46f0a69b4,3d59c441-f5d8-4535-938d-13e46f0a69b4,False,7,18.0,1,2,4,1,2,107,108,3,0
T2,account:227b1589-ed9e-4076-ad7f-761a99debe62,227b1589-ed9e-4076-ad7f-761a99debe62,False,0,0.0,0,0,0,0,0,0,0,62,46
T2,account:0c04843b-f6f0-425f-b287-f88faed5a3e8,0c04843b-f6f0-425f-b287-f88faed5a3e8,False,0,0.0,0,0,0,0,0,0,0,63,47
T2,account:a163e627-6a72-44cf-96df-00cf5484e974,a163e627-6a72-44cf-96df-00cf5484e974,False,5,12.0,1,2,2,1,2,41,42,67,0
T2,account:71bf529b-94d5-48d1-94ad-17fef9eb8588,71bf529b-94d5-48d1-94ad-17fef9eb8588,False,6,12.0,1,3,2,1,3,71,71,53,0
T2,account:8cba04fa-3f94-4201-b2cc-4436e092e1a0,8cba04fa-3f94-4201-b2cc-4436e092e1a0,False,7,15.0,2,2,3,2,2,70,72,39,0
T2,account:17373473-d450-4bc4-bcba-537c4f7cb209,17373473-d450-4bc4-bcba-537c4f7cb209,False,5,12.0,1,2,2,1,2,65,66,53,0
T2,account:db727237-dc60-4c54-9dc8-e20d789e78ec,db727237-dc60-4c54-9dc8-e20d789e78ec,False,5,15.0,1,2,2,1,2,56,56,49,0
T2,account:9f283b31-fac3-49eb-8e6b-b31357b910ef,9f283b31-fac3-49eb-8e6b-b31357b910ef,False,5,9.0,1,1,3,1,1,65,65,40,0
T2,account:8336b510-3c61-47ad-9f34-91f36ec1f908,8336b510-3c61-47ad-9f34-91f36ec1f908,False,0,0.0,0,0,0,0,0,0,0,64,48
T2,account:b2009434-493a-4a13-aaef-f09fe1eb2a10,b2009434-493a-4a13-aaef-f09fe1eb2a10,False,5,9.0,1,2,2,1,2,52,52,71,0
T2,account:90e17fa4-c503-477d-b3af-246617a69bdd,90e17fa4-c503-477d-b3af-246617a69bdd,False,6,9.0,2,2,2,2,2,74,74,80,0
T2,account:1a0676bd-3d53-4e23-880a-9e1905f90c9e,1a0676bd-3d53-4e23-880a-9e1905f90c9e,False,6,9.0,2,1,3,2,1,66,67,40,0
T2,account:cf4f80fe-c7f7-434a-a820-f0fa16003a3c,cf4f80fe-c7f7-434a-a820-f0fa16003a3c,False,4,6.0,1,1,2,1,1,58,58,53,0
T2,account:996823d2-bc0e-438d-92da-30135093a931,996823d2-bc0e-438d-92da-30135093a931,False,7,12.0,1,2,4,1,2,94,97,77,0
T2,account:98380633-fe0d-4cb7-820e-6d34ff7d3cd8,98380633-fe0d-4cb7-820e-6d34ff7d3cd8,False,4,6.0,1,1,2,1,1,42,42,70,0
T2,account:50142be7-c691-4477-b63c-ef50ca0f0c58,50142be7-c691-4477-b63c-ef50ca0f0c58,False,4,6.0,1,2,1,1,2,39,39,3,0
T2,account:65cd1fde-5760-48eb-91a4-7779f066533e,65cd1fde-5760-48eb-91a4-7779f066533e,False,5,9.0,1,2,2,1,1,52,52,44,0
T2,account:cff28c52-27c7-43fb-b35e-47131211327d,cff28c52-27c7-43fb-b35e-47131211327d,False,5,9.0,1,2,2,1,2,41,41,77,0
T2,account:6de5addc-3f4c-46c2-a035-8dc73fc3e54c,6de5addc-3f4c-46c2-a035-8dc73fc3e54c,False,6,6.0,2,2,2,2,2,48,48,70,0
T2,account:30deb1a6-edb3-48fb-81cd-a882ac7287c6,30deb1a6-edb3-48fb-81cd-a882ac7287c6,False,9,21.0,2,3,4,2,3,95,95,84,0
T2,account:96085684-3a81-45c9-aff5-36c0cc0b2060,96085684-3a81-45c9-aff5-36c0cc0b2060,False,5,6.0,2,2,1,2,2,48,49,46,0
T2,account:ff410430-a29c-4853-a932-c2d2caf999f9,ff410430-a29c-4853-a932-c2d2caf999f9,False,3,3.0,1,1,1,1,0,33,33,44,0
T2,account:1896a4cd-4847-4cf7-bd62-9d7a363eadbf,1896a4cd-4847-4cf7-bd62-9d7a363eadbf,False,3,3.0,1,1,1,1,1,34,34,36,0
T2,account:c6e57517-6b3e-4a02-a25e-326ff80e6565,c6e57517-6b3e-4a02-a25e-326ff80e6565,False,5,12.0,1,2,2,1,0,47,48,60,0
T2,account:c859e9eb-df01-4ee1-888a-bf9bfb88e6ec,c859e9eb-df01-4ee1-888a-bf9bfb88e6ec,False,7,15.0,3,1,3,3,1,87,88,67,0
T2,account:fae8de9b-fbcf-40f3-842c-3f0a8da25162,fae8de9b-fbcf-40f3-842c-3f0a8da25162,False,4,15.0,1,2,1,1,2,29,29,46,0
T2,account:567c81d1-2bd5-4c16-bd21-c53e93abf6c8,567c81d1-2bd5-4c16-bd21-c53e93abf6c8,False,7,15.0,1,2,4,1,2,91,91,46,0
T2,account:98906e05-9ebf-4211-a472-754f4f71b13c,98906e05-9ebf-4211-a472-754f4f71b13c,False,3,3.0,1,1,1,1,1,18,18,36,0
T2,account:f0270e61-4bba-4893-80b1-68fff4eb9151,f0270e61-4bba-4893-80b1-68fff4eb9151,False,7,12.0,1,2,4,1,2,77,77,60,0
T2,account:3eca14da-7b9d-498e-9303-9089e38005a9,3eca14da-7b9d-498e-9303-9089e38005a9,False,7,12.0,2,3,2,2,3,62,63,40,0
T2,account:09f04659-1525-43c4-a804-10938463cdd8,09f04659-1525-43c4-a804-10938463cdd8,False,6,12.0,2,2,2,2,2,66,69,3,0
T2,account:a63ffb37-f732-4ac9-9415-cc05eae94e31,a63ffb37-f732-4ac9-9415-cc05eae94e31,False,4,6.0,1,1,2,1,1,56,56,36,0
T2,account:8888f743-66f5-44aa-8a3e-f0d46076a42d,8888f743-66f5-44aa-8a3e-f0d46076a42d,False,3,3.0,1,1,1,1,1,33,33,67,0
T2,account:607b987e-201c-4617-b2bf-37bbb8890626,607b987e-201c-4617-b2bf-37bbb8890626,False,5,12.0,3,1,1,3,1,47,47,3,0
T2,account:adc506d2-4a7e-4626-a549-0036b9f61bd6,adc506d2-4a7e-4626-a549-0036b9f61bd6,False,7,15.0,2,2,3,2,2,82,83,46,0
T2,account:287eb9e8-b8f3-4935-a153-e7adf26f5144,287eb9e8-b8f3-4935-a153-e7adf26f5144,False,4,12.0,1,1,2,1,1,52,52,40,0
T2,account:41a82a69-8c69-4155-8e5b-15258ade8c85,41a82a69-8c69-4155-8e5b-15258ade8c85,False,3,3.0,1,1,1,1,1,24,25,67,0
T2,account:5b0e4bbc-c174-4610-b9c2-95b8a6d5f22a,5b0e4bbc-c174-4610-b9c2-95b8a6d5f22a,False,8,18.0,2,3,3,2,3,79,81,2,0
T2,account:00544bdd-115b-49aa-b663-0ec706b302f5,00544bdd-115b-49aa-b663-0ec706b302f5,False,5,9.0,1,2,2,1,2,58,59,49,0
T2,account:10ac65b9-9373-4aea-9d35-d36c585d43f7,10ac65b9-9373-4aea-9d35-d36c585d43f7,False,3,6.0,1,1,1,1,1,29,29,33,0
T2,account:ccb3d41e-3f28-4d5a-a5d5-6c46739d5135,ccb3d41e-3f28-4d5a-a5d5-6c46739d5135,False,8,18.0,2,2,4,2,2,84,86,7,0
T2,account:44d250d2-815c-418e-9b5b-12676cc4c00c,44d250d2-815c-418e-9b5b-12676cc4c00c,False,4,12.0,1,2,1,1,2,20,20,26,0
T2,account:a433661b-247b-4892-b7bc-fb3b54d5ca21,a433661b-247b-4892-b7bc-fb3b54d5ca21,False,5,9.0,1,1,3,1,1,78,78,71,0
T2,account:76155ac5-d96c-47f1-b6c2-ce45be18be75,76155ac5-d96c-47f1-b6c2-ce45be18be75,False,0,0.0,0,0,0,0,0,0,0,65,49
T2,account:dc97ade2-cc75-4fe5-952a-ecdfa06ff7be,dc97ade2-cc75-4fe5-952a-ecdfa06ff7be,False,5,6.0,2,2,1,2,2,37,38,61,0
T2,account:b5fbf600-e695-4150-a51e-6b891bc455dd,b5fbf600-e695-4150-a51e-6b891bc455dd,False,6,12.0,1,3,2,1,3,51,52,80,0
T2,account:e71ecab7-4124-41bf-84a0-4fc48e72d9cb,e71ecab7-4124-41bf-84a0-4fc48e72d9cb,False,6,9.0,1,2,3,1,2,82,84,46,0
T2,account:0b8c77f6-381a-4afe-91e5-2bd16eefe270,0b8c77f6-381a-4afe-91e5-2bd16eefe270,False,3,6.0,1,1,1,1,1,35,35,77,0
T2,account:854e8c76-cbf5-4e4b-9e33-37ae3aefec5c,854e8c76-cbf5-4e4b-9e33-37ae3aefec5c,False,3,6.0,1,1,1,1,1,35,35,33,0
T2,account:7c89f03d-2943-4916-9da9-3b819113591d,7c89f03d-2943-4916-9da9-3b819113591d,False,5,15.0,2,2,1,2,2,33,33,70,0
T2,account:aab2a447-f130-4d6b-a6c9-04e1504c9ea6,aab2a447-f130-4d6b-a6c9-04e1504c9ea6,False,3,3.0,1,1,1,1,1,28,28,7,0
T2,account:dd2918f9-89a1-4465-af03-366afd3513b0,dd2918f9-89a1-4465-af03-366afd3513b0,False,4,15.0,1,1,2,1,1,48,49,40,0
T2,account:26d05792-5f9d-4c14-94c0-c1c713610250,26d05792-5f9d-4c14-94c0-c1c713610250,False,5,6.0,1,2,2,1,2,60,61,70,0
T2,account:4db7097c-275e-48ac-b10a-e324dce853d6,4db7097c-275e-48ac-b10a-e324dce853d6,False,4,9.0,1,2,1,1,2,33,33,7,0
T2,account:a567957a-95b3-4634-af2c-1cdc133deefd,a567957a-95b3-4634-af2c-1cdc133deefd,False,6,15.0,1,2,3,1,2,63,64,83,0
T2,account:4c04aa82-60af-4359-8d4d-aaa4818223c2,4c04aa82-60af-4359-8d4d-aaa4818223c2,False,4,6.0,1,1,2,1,1,47,47,44,0
T2,account:3eb1863a-447b-4595-820a-f1a0e53d398b,3eb1863a-447b-4595-820a-f1a0e53d398b,False,3,3.0,1,1,1,1,1,28,28,24,0
T2,account:53b39ef8-e111-4a80-925e-45d91915de06,53b39ef8-e111-4a80-925e-45d91915de06,False,3,3.0,1,1,1,1,1,33,33,77,0
T2,account:e68ac8ec-2086-468c-b1dd-704bc549565c,e68ac8ec-2086-468c-b1dd-704bc549565c,False,4,6.0,1,1,2,1,1,56,56,46,0
T2,account:db9ee526-df5e-4359-b9c7-eed74e1b3ff5,db9ee526-df5e-4359-b9c7-eed74e1b3ff5,False,5,9.0,1,3,1,1,3,34,34,60,0
T2,account:960247b7-58a7-48dc-9879-b1ee3bd65e5b,960247b7-58a7-48dc-9879-b1ee3bd65e5b,False,6,6.0,2,2,2,2,2,59,59,70,0
T2,account:ccc4430e-d243-4c73-a812-b085bdf28ce0,ccc4430e-d243-4c73-a812-b085bdf28ce0,False,4,9.0,1,2,1,1,2,29,29,46,0
T2,account:0ce6cb49-74b5-4501-9ad4-995a999a6022,0ce6cb49-74b5-4501-9ad4-995a999a6022,False,5,18.0,2,2,1,2,2,45,45,33,0
T2,account:872fb461-6457-4a39-bf69-addb60d00ee4,872fb461-6457-4a39-bf69-addb60d00ee4,False,4,6.0,1,2,1,1,2,27,27,26,0
T2,account:0ac75b2b-f947-42f3-9ab0-8105e633fcaf,0ac75b2b-f947-42f3-9ab0-8105e633fcaf,False,3,3.0,1,1,1,1,1,34,34,39,0
T2,account:2a5def03-14a4-404d-b093-67d92984aed0,2a5def03-14a4-404d-b093-67d92984aed0,False,4,9.0,1,2,1,1,2,49,49,46,0
T2,account:b60dc95c-def3-45f6-a598-134ee4023789,b60dc95c-def3-45f6-a598-134ee4023789,False,6,15.0,2,1,3,2,0,70,73,24,0
T2,account:28f6f56b-5075-4128-a038-7a4336504c80,28f6f56b-5075-4128-a038-7a4336504c80,False,6,15.0,1,1,4,1,1,86,86,44,0
T2,account:61cb53f7-8601-4cea-8798-aca304db9acc,61cb53f7-8601-4cea-8798-aca304db9acc,False,5,6.0,2,2,1,2,2,39,39,35,0
T2,account:a7b43b89-ea1c-432d-bd7b-1b84b30ac64d,a7b43b89-ea1c-432d-bd7b-1b84b30ac64d,False,8,9.0,3,2,3,3,2,62,62,71,0
T2,account:ad401fc5-2001-428b-86e2-e7dc97967dae,ad401fc5-2001-428b-86e2-e7dc97967dae,False,5,9.0,2,1,2,2,1,54,56,77,0
T2,account:1cdd6882-4145-47a7-8f50-1786fa7458cb,1cdd6882-4145-47a7-8f50-1786fa7458cb,False,5,9.0,1,1,3,1,1,63,63,71,0
T2,account:477afa4f-c4e1-4386-8be2-d41585f4985f,477afa4f-c4e1-4386-8be2-d41585f4985f,False,3,3.0,1,1,1,1,1,13,13,84,0
T2,account:4c3b0735-4950-468e-b697-8391b615faca,4c3b0735-4950-468e-b697-8391b615faca,False,5,12.0,1,2,2,1,2,46,48,40,0
T2,account:7334484a-23d6-49d7-85e1-7b19893a7898,7334484a-23d6-49d7-85e1-7b19893a7898,False,5,12.0,2,1,2,2,1,49,49,10,0
T2,account:9c1869ff-4b5a-4a53-9fed-9130732c4529,9c1869ff-4b5a-4a53-9fed-9130732c4529,False,6,12.0,2,3,1,2,2,36,36,40,0
T2,account:28d34d70-9969-4ed0-903c-efd045995f08,28d34d70-9969-4ed0-903c-efd045995f08,False,0,0.0,0,0,0,0,0,0,0,66,50
T2,account:1216dbfc-2cdf-4bdf-9104-5aa1fecd3647,1216dbfc-2cdf-4bdf-9104-5aa1fecd3647,False,6,6.0,2,2,2,2,2,64,64,83,0
T2,account:1deef4b6-a294-40ec-8c30-c868822f3406,1deef4b6-a294-40ec-8c30-c868822f3406,False,6,15.0,2,2,2,2,2,64,64,2,0
T2,account:16a97a1f-2388-41d9-b416-92e8e01827eb,16a97a1f-2388-41d9-b416-92e8e01827eb,False,7,18.0,3,1,3,3,1,73,79,39,0
T2,account:3c518bbe-6a77-4614-a15d-9cc59e1f2642,3c518bbe-6a77-4614-a15d-9cc59e1f2642,False,7,18.0,2,3,2,2,3,64,64,44,0
T2,account:2a7740c2-dd73-4f12-9d37-626ad7db988b,2a7740c2-dd73-4f12-9d37-626ad7db988b,False,3,3.0,1,1,1,1,1,33,33,46,0
T2,account:63bf4723-5e77-46ca-8448-ea892305bcb0,63bf4723-5e77-46ca-8448-ea892305bcb0,False,4,6.0,2,1,1,2,0,31,31,3,0
T2,account:bd54ec73-c6ad-4862-836e-d797f45fc4aa,bd54ec73-c6ad-4862-836e-d797f45fc4aa,False,3,3.0,1,1,1,1,1,37,37,26,0
T2,account:ae7990e3-de2f-4dc7-a51a-1d678f4cde2a,ae7990e3-de2f-4dc7-a51a-1d678f4cde2a,False,6,15.0,2,2,2,2,2,56,57,2,0
T2,account:e68f3b0d-9e4c-4d6c-9fa0-d752aa40edb4,e68f3b0d-9e4c-4d6c-9fa0-d752aa40edb4,False,6,18.0,1,3,2,1,3,63,63,40,0
T2,account:76426cef-9c05-47b2-8a33-8f7cfab0591a,76426cef-9c05-47b2-8a33-8f7cfab0591a,False,3,3.0,1,1,1,1,1,21,22,46,0
T2,account:f4901e7b-f1d4-40f6-b28c-85b87abbcf91,f4901e7b-f1d4-40f6-b28c-85b87abbcf91,False,4,9.0,1,1,2,1,1,57,57,71,0
T2,account:b5ad8d78-9ffc-4500-bf42-3b6d48caefbf,b5ad8d78-9ffc-4500-bf42-3b6d48caefbf,False,3,3.0,1,1,1,1,1,26,26,10,0
T2,account:97d620de-8726-45b8-9935-21c912e5528f,97d620de-8726-45b8-9935-21c912e5528f,False,5,12.0,1,2,2,1,2,45,45,33,0
T2,account:d5e432f9-463c-4917-89c0-147fdc8e1170,d5e432f9-463c-4917-89c0-147fdc8e1170,False,8,18.0,1,2,5,1,1,117,118,67,0
T2,account:30e420d4-1485-4359-b228-f709b9dbb1c7,30e420d4-1485-4359-b228-f709b9dbb1c7,False,5,30.0,1,1,3,1,1,77,78,2,0
T2,account:c0181f6c-012e-4c65-9081-dc63847441bb,c0181f6c-012e-4c65-9081-dc63847441bb,False,5,12.0,1,3,1,1,3,31,31,77,0
T2,account:dc603c5d-4049-4a17-a870-747b73774985,dc603c5d-4049-4a17-a870-747b73774985,False,7,15.0,2,3,2,2,3,59,60,77,0
T2,account:fa048ce4-8321-4022-8008-c7e39d4ee1d8,fa048ce4-8321-4022-8008-c7e39d4ee1d8,False,4,6.0,1,1,2,1,1,46,47,84,0
T2,account:70fdeaef-88bc-4559-b4e4-dcfe318b5af0,70fdeaef-88bc-4559-b4e4-dcfe318b5af0,False,5,6.0,2,1,2,2,1,59,59,44,0
T2,account:7539f6ea-3fee-4cf5-9708-eac5402f01a8,7539f6ea-3fee-4cf5-9708-eac5402f01a8,False,7,15.0,1,3,3,1,3,71,73,77,0
T2,account:b5b435fb-a5ec-451f-b1df-ce0f7514f17a,b5b435fb-a5ec-451f-b1df-ce0f7514f17a,False,4,9.0,2,1,1,2,1,36,37,24,0
T2,account:b1df810c-5412-4117-935d-70b6a110479a,b1df810c-5412-4117-935d-70b6a110479a,False,4,15.0,1,2,1,1,1,27,27,49,0
T2,account:42c7f799-7b64-44fa-a023-e1c9531665f1,42c7f799-7b64-44fa-a023-e1c9531665f1,False,8,12.0,1,4,3,1,4,90,90,2,0
T2,account:708a4273-b518-42a3-bf0e-5bd3e5349658,708a4273-b518-42a3-bf0e-5bd3e5349658,False,9,15.0,3,3,3,3,3,79,81,39,0
T2,account:f187320c-9dfe-4a9f-803e-a19c5190750c,f187320c-9dfe-4a9f-803e-a19c5190750c,False,9,21.0,4,2,3,4,1,85,85,7,0
T2,account:95990460-078d-4bc8-b26d-2e7b2c562343,95990460-078d-4bc8-b26d-2e7b2c562343,False,3,3.0,1,1,1,1,1,42,42,2,0
T2,account:44eb51f4-bd93-4c68-8fbb-c4dc6906c92e,44eb51f4-bd93-4c68-8fbb-c4dc6906c92e,False,5,9.0,2,1,2,2,1,59,62,39,0
T2,account:cf4548d1-3a22-43b3-8537-dcd35ce3856b,cf4548d1-3a22-43b3-8537-dcd35ce3856b,False,6,9.0,2,2,2,2,2,46,47,26,0
T2,account:0a873717-d707-4caf-91dc-0fb8e92891aa,0a873717-d707-4caf-91dc-0fb8e92891aa,False,8,15.0,2,2,4,2,2,107,108,46,0
T2,account:d816b30a-187f-44fc-99cd-f96f6722c6d1,d816b30a-187f-44fc-99cd-f96f6722c6d1,False,5,9.0,2,2,1,2,2,44,44,70,0
T2,account:94101cfc-565d-4011-ae1c-803896b800e3,94101cfc-565d-4011-ae1c-803896b800e3,False,4,9.0,1,1,2,1,1,45,46,40,0
T2,account:3d6e24d5-7a1e-4944-8ced-5c411815b3e6,3d6e24d5-7a1e-4944-8ced-5c411815b3e6,False,5,9.0,1,2,2,1,2,64,64,44,0
T2,account:dddb7710-3088-4031-bc16-335eabf7543b,dddb7710-3088-4031-bc16-335eabf7543b,False,4,9.0,1,2,1,1,2,34,34,39,0
T2,account:6fdd6e87-e4c2-4aa9-be11-ef1ba9fb63e1,6fdd6e87-e4c2-4aa9-be11-ef1ba9fb63e1,False,5,12.0,1,2,2,1,2,64,64,46,0
T2,account:b88cfd50-4184-441d-ad5b-040cfc477cbc,b88cfd50-4184-441d-ad5b-040cfc477cbc,False,5,27.0,3,1,1,3,1,37,37,40,0
T2,account:235b09c1-5433-4d88-ace8-dafe6cfc1951,235b09c1-5433-4d88-ace8-dafe6cfc1951,False,9,15.0,2,4,3,2,4,78,80,3,0
T2,account:b9465c67-ed3c-4797-b17c-679d5f0f133e,b9465c67-ed3c-4797-b17c-679d5f0f133e,False,4,9.0,1,2,1,1,2,33,33,35,0
T2,account:d965347f-b6e7-41a4-b8c5-58d2748add74,d965347f-b6e7-41a4-b8c5-58d2748add74,False,7,9.0,3,2,2,3,2,63,64,44,0
T2,account:641debf2-6f26-43d4-b13f-439d5dac9f90,641debf2-6f26-43d4-b13f-439d5dac9f90,False,6,18.0,1,3,2,1,3,70,74,70,0
T2,account:06c0380a-46f2-4b0f-8015-95c087a5c8dc,06c0380a-46f2-4b0f-8015-95c087a5c8dc,False,5,12.0,1,2,2,1,0,55,55,46,0
T2,account:32ac5223-3b6d-4714-b661-7c1ddbaeba8f,32ac5223-3b6d-4714-b661-7c1ddbaeba8f,False,5,6.0,1,2,2,1,1,43,43,10,0
T2,account:46980047-bb7c-4f96-a3fa-68f194ac8c80,46980047-bb7c-4f96-a3fa-68f194ac8c80,False,7,9.0,2,2,3,2,2,74,75,67,0
T2,account:d477d349-61bd-4332-b504-5447d81f16de,d477d349-61bd-4332-b504-5447d81f16de,False,4,9.0,1,1,2,1,1,35,35,33,0
T2,account:a405bfde-cc16-4bb6-8a1f-acc57e9a53fc,a405bfde-cc16-4bb6-8a1f-acc57e9a53fc,False,5,6.0,1,2,2,1,2,54,54,35,0
T2,account:69cda9bd-09dc-4ff9-bcf5-f824e2593dc9,69cda9bd-09dc-4ff9-bcf5-f824e2593dc9,False,5,12.0,1,2,2,1,2,37,38,10,0
T2,account:7dd6a7e1-ab78-41f9-92b7-19dbbc741d2d,7dd6a7e1-ab78-41f9-92b7-19dbbc741d2d,False,5,6.0,1,2,2,1,1,54,54,84,0
T2,account:cbe0cece-d325-429d-801c-520c0331fee9,cbe0cece-d325-429d-801c-520c0331fee9,False,4,6.0,1,2,1,1,2,36,36,36,0
T2,account:bcef6544-d6a4-4a5f-9111-cc1099076267,bcef6544-d6a4-4a5f-9111-cc1099076267,False,0,0.0,0,0,0,0,0,0,0,68,51
T2,account:f2f34d7e-d170-49ba-951f-4fe3c3aae20d,f2f34d7e-d170-49ba-951f-4fe3c3aae20d,False,6,12.0,1,3,2,1,3,57,57,67,0
T2,account:65dbca62-cbb1-4feb-ae7b-f25dc0bc640f,65dbca62-cbb1-4feb-ae7b-f25dc0bc640f,False,6,12.0,3,1,2,3,1,73,73,2,0
T2,account:143b4643-623f-4645-a3ad-d39b3b873954,143b4643-623f-4645-a3ad-d39b3b873954,False,5,9.0,1,1,3,1,1,59,59,84,0
T2,account:6d8e110c-935d-4d43-a893-4fe50582d6b8,6d8e110c-935d-4d43-a893-4fe50582d6b8,False,10,18.0,3,3,4,3,3,102,104,77,0
T2,account:c51ff2c9-7b8b-4c86-b95c-e4cf8a532dce,c51ff2c9-7b8b-4c86-b95c-e4cf8a532dce,False,4,9.0,1,1,2,1,1,45,45,39,0
T2,account:4a87f4a8-effa-4f22-a298-ed1c5e475a78,4a87f4a8-effa-4f22-a298-ed1c5e475a78,False,4,9.0,2,1,1,2,1,41,41,2,0
T2,account:ec4db4e7-7f17-4479-915a-0d2887142fe3,ec4db4e7-7f17-4479-915a-0d2887142fe3,False,3,3.0,1,1,1,1,1,25,25,24,0
T2,account:9bdbc7c6-d882-40cd-aa4c-923749c5ef44,9bdbc7c6-d882-40cd-aa4c-923749c5ef44,False,7,9.0,2,2,3,2,2,75,76,39,0
T2,account:86e6aaac-2060-475a-9065-a0735d2dad84,86e6aaac-2060-475a-9065-a0735d2dad84,False,6,9.0,3,1,2,3,1,56,56,24,0
T2,account:638e7383-7a99-4788-a80d-278ce69ef6b4,638e7383-7a99-4788-a80d-278ce69ef6b4,False,5,9.0,1,3,1,1,3,35,35,80,0
T2,account:97640ab2-1d48-4385-b225-b862877f82bf,97640ab2-1d48-4385-b225-b862877f82bf,False,8,9.0,3,2,3,3,2,82,86,39,0
T2,account:f96d314f-14d0-4f3d-be3c-78846bfd62d7,f96d314f-14d0-4f3d-be3c-78846bfd62d7,False,5,6.0,1,2,2,1,2,57,57,46,0
T2,account:05a66439-9423-41a3-9739-96a9720ec399,05a66439-9423-41a3-9739-96a9720ec399,False,5,15.0,1,1,3,1,1,61,63,10,0
T2,account:13734140-4083-4c1e-b9ee-b94438783d46,13734140-4083-4c1e-b9ee-b94438783d46,False,5,6.0,2,1,2,2,1,63,63,36,0
T2,account:fb3dc50e-e5fc-4710-9d8e-3adf80e11d2a,fb3dc50e-e5fc-4710-9d8e-3adf80e11d2a,False,0,0.0,0,0,0,0,0,0,0,69,52
T2,account:d076bf88-1993-43bd-aecf-2dd8747daf4b,d076bf88-1993-43bd-aecf-2dd8747daf4b,False,7,12.0,3,2,2,3,2,56,57,3,0
T2,account:0c9c3813-31ef-4522-a25b-6763d9638fc4,0c9c3813-31ef-4522-a25b-6763d9638fc4,False,8,21.0,3,3,2,3,2,58,58,67,0
T2,account:6d60fc87-94bb-4a76-9e63-7fdeef586d1c,6d60fc87-94bb-4a76-9e63-7fdeef586d1c,False,3,3.0,1,1,1,1,1,28,29,80,0
T2,account:de69f259-cf44-4423-805d-015a89b62a3e,de69f259-cf44-4423-805d-015a89b62a3e,False,3,3.0,1,1,1,1,1,25,25,80,0
T2,account:6e805558-1cb6-4be3-9fd0-05b5abd390c4,6e805558-1cb6-4be3-9fd0-05b5abd390c4,False,5,9.0,1,3,1,1,3,37,37,33,0
T2,account:3cefa32f-c896-4e6d-aae0-b551c7bf8527,3cefa32f-c896-4e6d-aae0-b551c7bf8527,False,3,3.0,1,1,1,1,1,28,28,36,0
T2,account:d1cd4970-14de-4786-a5c1-13cf65c63f57,d1cd4970-14de-4786-a5c1-13cf65c63f57,False,5,12.0,1,2,2,1,2,58,58,24,0
T2,account:6056dcbb-58cc-4cd1-9978-6c8997181310,6056dcbb-58cc-4cd1-9978-6c8997181310,False,6,15.0,3,2,1,3,2,32,32,80,0
T2,account:5e2c7e4f-6ef0-48bd-a8ff-8f60b733bee0,5e2c7e4f-6ef0-48bd-a8ff-8f60b733bee0,False,8,12.0,3,2,3,3,2,82,82,49,0
T2,account:da64b982-c8a3-4b46-957e-df57d572221a,da64b982-c8a3-4b46-957e-df57d572221a,False,8,9.0,3,2,3,3,2,70,72,49,0
T2,account:b626edd2-c116-498e-97a5-4457ad8f4c65,b626edd2-c116-498e-97a5-4457ad8f4c65,False,5,9.0,1,2,2,1,2,52,52,49,0
T2,account:a7d82aaf-4a06-4aa5-9c4a-85dc87b86c6b,a7d82aaf-4a06-4aa5-9c4a-85dc87b86c6b,False,5,9.0,1,2,2,1,2,58,58,46,0
T2,account:172b6179-616a-4303-a2dd-91ace7b856b0,172b6179-616a-4303-a2dd-91ace7b856b0,False,3,3.0,1,1,1,1,1,24,24,33,0
T2,account:8d4bb20c-4d48-4587-89e9-01da011a5704,8d4bb20c-4d48-4587-89e9-01da011a5704,False,5,9.0,2,1,2,2,1,64,64,84,0
T2,account:1950db53-0397-4208-9fd8-70cc222495c7,1950db53-0397-4208-9fd8-70cc222495c7,False,5,18.0,2,1,2,2,1,76,77,3,0
T2,account:898b50b0-4533-4c56-be36-e48aaa1cb938,898b50b0-4533-4c56-be36-e48aaa1cb938,False,5,9.0,1,2,2,1,2,45,45,80,0
T2,account:9362d28c-04ac-4315-bf0f-dacc2ff8730d,9362d28c-04ac-4315-bf0f-dacc2ff8730d,False,5,12.0,2,2,1,2,2,45,45,3,0
T2,account:b1c65df2-4fff-4a25-b431-170c8d1b7034,b1c65df2-4fff-4a25-b431-170c8d1b7034,False,6,12.0,1,3,2,1,3,65,65,24,0
T2,account:2ff634f2-eecf-4080-9d7e-df5072cecfbd,2ff634f2-eecf-4080-9d7e-df5072cecfbd,False,4,9.0,1,2,1,1,2,28,28,49,0
T2,account:bbdfeb12-414e-4e05-a1c8-a76926932288,bbdfeb12-414e-4e05-a1c8-a76926932288,False,7,15.0,2,1,4,2,1,94,94,46,0
T2,account:7a07e03d-5fc8-4a54-90e2-c987f7b25d18,7a07e03d-5fc8-4a54-90e2-c987f7b25d18,False,6,12.0,1,1,4,1,1,79,80,70,0
T2,account:d3602011-3994-4ac5-a509-a4fb4afa3b25,d3602011-3994-4ac5-a509-a4fb4afa3b25,False,4,9.0,1,1,2,1,1,42,42,67,0
T2,account:9a51d7f2-176b-4925-b28e-1bbeff03b939,9a51d7f2-176b-4925-b28e-1bbeff03b939,False,3,3.0,1,1,1,1,1,23,23,70,0
T2,account:2f629e5a-6f54-4f91-bc84-a92e4cd69229,2f629e5a-6f54-4f91-bc84-a92e4cd69229,False,3,3.0,1,1,1,1,1,22,22,39,0
T2,account:524993fc-0b04-4c6f-a962-d3774ad65049,524993fc-0b04-4c6f-a962-d3774ad65049,False,8,15.0,2,3,3,2,3,79,79,33,0
T2,account:6e9010c2-6416-4527-8623-c8c7f51317b6,6e9010c2-6416-4527-8623-c8c7f51317b6,False,3,3.0,1,1,1,1,1,24,24,2,0
T2,account:f6a569da-6739-4831-b466-1025632a4a1f,f6a569da-6739-4831-b466-1025632a4a1f,False,4,6.0,2,1,1,2,1,31,31,53,0
T2,account:86c81c99-efc8-4515-8c32-71904022cc24,86c81c99-efc8-4515-8c32-71904022cc24,False,5,18.0,1,2,2,1,2,42,43,33,0
T2,account:068d36c1-f071-43b6-8e0e-b2cfeddf519a,068d36c1-f071-43b6-8e0e-b2cfeddf519a,False,5,12.0,2,2,1,2,2,36,36,46,0
T2,account:c3e4a897-0a34-4ad4-a99d-f56ee1cd4149,c3e4a897-0a34-4ad4-a99d-f56ee1cd4149,False,6,12.0,3,1,2,3,1,57,58,67,0
T2,account:20c4ccb6-3291-4ec2-94f1-512cb901249f,20c4ccb6-3291-4ec2-94f1-512cb901249f,False,5,6.0,1,2,2,1,2,56,57,26,0
T2,account:3bdb7ff1-105e-48d2-9f94-8f5a3734c1e3,3bdb7ff1-105e-48d2-9f94-8f5a3734c1e3,False,7,9.0,2,3,2,2,3,51,51,40,0
T2,account:6f32b401-c721-4b8a-bb8d-6fcb61eb5136,6f32b401-c721-4b8a-bb8d-6fcb61eb5136,True,11,42.0,5,3,3,5,3,98,145,2,0
T2,account:9621815a-8957-4f0d-b59f-4ba583fe0037,9621815a-8957-4f0d-b59f-4ba583fe0037,False,3,3.0,1,1,1,1,1,32,32,40,0
T2,account:6a580bc8-54be-4959-9155-b4c5cffa49cf,6a580bc8-54be-4959-9155-b4c5cffa49cf,False,5,12.0,1,2,2,1,2,56,57,44,0
T2,account:a529a4b0-5b9a-4cd3-a1c3-ffc99333b97f,a529a4b0-5b9a-4cd3-a1c3-ffc99333b97f,False,3,3.0,1,1,1,1,1,32,32,7,0
T2,account:e7b7c500-87e3-4cb6-8107-edf9db8c75c5,e7b7c500-87e3-4cb6-8107-edf9db8c75c5,False,6,12.0,2,3,1,2,3,48,48,2,0
T2,account:167c1b32-013c-421a-b7de-3b7946b3b455,167c1b32-013c-421a-b7de-3b7946b3b455,False,3,9.0,1,1,1,1,1,26,26,40,0
T2,account:e42e2a5c-293a-4ec2-bcf1-b28e75320e44,e42e2a5c-293a-4ec2-bcf1-b28e75320e44,False,7,15.0,3,2,2,3,2,64,66,35,0
T2,account:d0b2cca1-aae9-4e02-aa4d-a23e5c3a8ae5,d0b2cca1-aae9-4e02-aa4d-a23e5c3a8ae5,False,5,18.0,1,2,2,1,2,45,45,61,0
T2,account:002a7a0a-16f5-4d6e-b0fc-0635c77d96e2,002a7a0a-16f5-4d6e-b0fc-0635c77d96e2,False,3,3.0,1,1,1,1,1,25,25,40,0
T2,account:63449eeb-b7a3-4619-b935-c20a9638344b,63449eeb-b7a3-4619-b935-c20a9638344b,False,5,15.0,1,2,2,1,2,47,47,10,0
T2,account:0f7160ac-6895-4c82-826f-0df88aab5a3e,0f7160ac-6895-4c82-826f-0df88aab5a3e,False,3,3.0,1,1,1,1,1,36,36,67,0
T2,account:6e456fb4-0fa1-457e-939e-f0329844f9c1,6e456fb4-0fa1-457e-939e-f0329844f9c1,False,5,15.0,1,1,3,1,1,79,79,46,0
T2,account:8f9874bf-cd31-4402-8822-b4dea58cf685,8f9874bf-cd31-4402-8822-b4dea58cf685,False,4,12.0,1,1,2,1,1,52,52,40,0
T2,account:86771a58-e42b-43cd-98cb-a824715afd03,86771a58-e42b-43cd-98cb-a824715afd03,False,5,9.0,2,1,2,2,1,36,37,2,0
T2,account:3097ca83-cf32-41be-bbfb-2b96b0e3b778,3097ca83-cf32-41be-bbfb-2b96b0e3b778,False,6,18.0,1,2,3,1,2,77,77,77,0
T2,account:6700862e-11ae-4923-911f-dd3eacbcdde3,6700862e-11ae-4923-911f-dd3eacbcdde3,False,3,9.0,1,1,1,1,1,34,34,83,0
T2,account:0b71ec21-8246-4fef-92aa-4950c726b497,0b71ec21-8246-4fef-92aa-4950c726b497,False,6,21.0,2,3,1,2,2,37,38,71,0
T2,account:f3bf4c86-a6dd-44e3-8613-16ea2e570f46,f3bf4c86-a6dd-44e3-8613-16ea2e570f46,False,3,6.0,1,1,1,1,1,21,21,10,0
T2,account:025cecd0-e693-464a-a983-ca6e0a812904,025cecd0-e693-464a-a983-ca6e0a812904,False,4,9.0,2,1,1,2,1,34,34,7,0
T2,account:2ebfc5bd-eda2-4f89-93a4-671d0d729bfd,2ebfc5bd-eda2-4f89-93a4-671d0d729bfd,False,3,3.0,1,1,1,1,1,29,29,60,0
T2,account:3f854d50-bcb2-4f37-a390-8132f3501431,3f854d50-bcb2-4f37-a390-8132f3501431,False,4,6.0,1,2,1,1,1,27,27,44,0
T2,account:aee3a300-06e2-4d84-bbb6-880e6fbc888d,aee3a300-06e2-4d84-bbb6-880e6fbc888d,False,5,12.0,1,1,3,1,1,66,67,49,0
T2,account:4fc1061e-a261-4025-8f98-3810e030bdda,4fc1061e-a261-4025-8f98-3810e030bdda,False,4,6.0,1,1,2,1,1,53,55,46,0
T2,account:fefecc5f-52a1-4575-bdff-b9c8dd45dd99,fefecc5f-52a1-4575-bdff-b9c8dd45dd99,False,0,0.0,0,0,0,0,0,0,0,72,53
T2,account:fff14eeb-2f6e-418c-861e-a70b13d4a48e,fff14eeb-2f6e-418c-861e-a70b13d4a48e,False,5,9.0,2,1,2,2,1,46,46,70,0
T2,account:a6b272a3-15e1-4034-a1a3-e1db3c162872,a6b272a3-15e1-4034-a1a3-e1db3c162872,False,0,0.0,0,0,0,0,0,0,0,73,54
T2,account:eca4cbf0-78f2-4dae-a064-27a80abb1985,eca4cbf0-78f2-4dae-a064-27a80abb1985,False,0,0.0,0,0,0,0,0,0,0,74,55
T2,account:94343575-59c1-4ce3-a497-1d747d43bca1,94343575-59c1-4ce3-a497-1d747d43bca1,False,5,15.0,1,2,2,1,2,54,55,26,0
T2,account:9e12a9f3-b485-4007-bd05-7b27fbb524f1,9e12a9f3-b485-4007-bd05-7b27fbb524f1,False,4,12.0,2,1,1,2,1,34,34,77,0
T2,account:0132926f-45d9-48f5-b65b-f5bef6c26e99,0132926f-45d9-48f5-b65b-f5bef6c26e99,False,6,12.0,1,2,3,1,2,67,68,49,0
T2,account:8e9d4576-0ddf-45a1-8745-857a4b393c98,8e9d4576-0ddf-45a1-8745-857a4b393c98,False,4,6.0,2,1,1,2,1,40,40,33,0
T2,account:d8f3f0d0-a346-41ed-affb-0a33420090fc,d8f3f0d0-a346-41ed-affb-0a33420090fc,False,7,21.0,3,1,3,3,1,75,77,70,0
T2,account:5113f796-e03b-41b6-bccf-ab868e181d99,5113f796-e03b-41b6-bccf-ab868e181d99,False,7,12.0,2,2,3,2,2,74,74,44,0
T2,account:048be37a-1406-41fc-86d2-ba481c921e51,048be37a-1406-41fc-86d2-ba481c921e51,False,5,9.0,1,2,2,1,2,46,47,10,0
T2,account:c4bbe268-39f4-4ecf-a0f3-9c20aad45916,c4bbe268-39f4-4ecf-a0f3-9c20aad45916,False,7,24.0,1,2,4,1,2,99,101,80,0
T2,account:7fdd7c36-cc0a-409a-bc8d-81b3eb7c350f,7fdd7c36-cc0a-409a-bc8d-81b3eb7c350f,False,5,15.0,1,2,2,1,2,45,45,60,0
T2,account:fa64940a-0eac-4d76-b6d0-8e5ab28b9ae2,fa64940a-0eac-4d76-b6d0-8e5ab28b9ae2,False,4,12.0,1,2,1,1,2,36,36,70,0
T2,account:495b67cd-cd54-4eff-b0de-f1c303af5b63,495b67cd-cd54-4eff-b0de-f1c303af5b63,False,8,21.0,1,3,4,1,3,87,88,26,0
T2,account:2c34fbc7-bfa1-44df-a8d7-1d89e6a26ec6,2c34fbc7-bfa1-44df-a8d7-1d89e6a26ec6,False,7,21.0,1,2,4,1,2,87,89,77,0
T2,account:048abd2d-dd12-41cb-b2d9-1f82ac085ef4,048abd2d-dd12-41cb-b2d9-1f82ac085ef4,False,6,6.0,2,2,2,2,2,61,62,33,0
T2,account:2a861dcf-7945-47d9-9ded-853304d53114,2a861dcf-7945-47d9-9ded-853304d53114,False,3,3.0,1,1,1,1,1,29,29,44,0
T2,account:09680071-ec71-4291-a6eb-0d0cf61f5a33,09680071-ec71-4291-a6eb-0d0cf61f5a33,False,4,6.0,1,1,2,1,1,40,40,10,0
T2,account:b9e2ed61-2564-4227-9922-d3efcc778e80,b9e2ed61-2564-4227-9922-d3efcc778e80,False,7,9.0,2,2,3,2,2,83,85,46,0
T2,account:afc8dc50-8acc-4842-837b-b33a8d375172,afc8dc50-8acc-4842-837b-b33a8d375172,False,6,9.0,2,2,2,2,2,52,52,39,0
T2,account:1b39adfd-65a1-4abf-8115-f6fcd5d1ac6b,1b39adfd-65a1-4abf-8115-f6fcd5d1ac6b,False,7,15.0,2,1,4,2,1,93,97,36,0
T2,account:ab928cc5-20b4-42a7-b917-79352cb8992a,ab928cc5-20b4-42a7-b917-79352cb8992a,False,4,9.0,2,1,1,2,1,35,35,71,0
T2,account:4cc6cec1-5481-49c8-ada9-f4c233f3c4ff,4cc6cec1-5481-49c8-ada9-f4c233f3c4ff,False,4,6.0,1,1,2,1,1,41,41,46,0
T2,account:fbe17e24-db96-472f-80da-8dd98b910fd1,fbe17e24-db96-472f-80da-8dd98b910fd1,False,7,12.0,2,3,2,2,3,61,61,71,0
T2,account:aa5d5dd7-a536-4ad1-aad0-3795afb3e20f,aa5d5dd7-a536-4ad1-aad0-3795afb3e20f,False,4,6.0,1,1,2,1,1,56,57,67,0
T2,account:46087e4c-9f74-450b-a807-e2aa7474fba9,46087e4c-9f74-450b-a807-e2aa7474fba9,False,3,3.0,1,1,1,1,1,24,24,24,0
T2,account:204fee23-325d-42d2-9c1c-acd835517e58,204fee23-325d-42d2-9c1c-acd835517e58,False,3,3.0,1,1,1,1,1,32,32,33,0
T2,account:728c4dea-0b1f-4782-9c1e-7c84369a21ff,728c4dea-0b1f-4782-9c1e-7c84369a21ff,False,9,15.0,4,3,2,4,3,71,72,71,0
T2,account:fd920f7a-4012-4eec-90f9-b334dff6fb1c,fd920f7a-4012-4eec-90f9-b334dff6fb1c,False,5,12.0,2,2,1,2,1,31,31,70,0
T2,account:75fbcf70-6d60-4e47-8322-e8d704af02a1,75fbcf70-6d60-4e47-8322-e8d704af02a1,False,6,9.0,2,2,2,2,2,63,63,71,0
T2,account:1d9cb3bf-6267-4858-b797-fe7e35160860,1d9cb3bf-6267-4858-b797-fe7e35160860,False,4,6.0,1,2,1,1,1,27,27,26,0
T2,account:75449c4a-20e0-41bb-88be-e7fedfa4d224,75449c4a-20e0-41bb-88be-e7fedfa4d224,False,6,12.0,2,1,3,2,1,72,73,53,0
T2,account:d7eeea89-e22c-4122-9f1d-d2d8dc366b46,d7eeea89-e22c-4122-9f1d-d2d8dc366b46,False,6,12.0,2,1,3,2,1,67,67,70,0
T2,account:9b51cba3-0b45-457a-b818-c994c274b36c,9b51cba3-0b45-457a-b818-c994c274b36c,False,3,3.0,1,1,1,1,1,18,18,46,0
T2,account:df238c76-5761-41fd-9715-203ba3208da6,df238c76-5761-41fd-9715-203ba3208da6,False,4,21.0,1,1,2,1,1,42,43,2,0
T2,account:1f788807-3aba-4a6f-874a-ccf62e991bf9,1f788807-3aba-4a6f-874a-ccf62e991bf9,False,7,15.0,2,2,3,2,2,64,64,71,0
T2,account:25d72142-bc09-4c3c-9f02-1fb50ad70df6,25d72142-bc09-4c3c-9f02-1fb50ad70df6,False,5,6.0,1,2,2,1,2,39,39,33,0
T2,account:8217b5b4-b26a-4c21-8107-7ae37afae25c,8217b5b4-b26a-4c21-8107-7ae37afae25c,False,5,9.0,1,2,2,1,2,51,52,70,0
T2,account:b153f727-045d-4a4a-a22d-77b4f4fb7817,b153f727-045d-4a4a-a22d-77b4f4fb7817,False,5,15.0,2,2,1,2,2,40,41,26,0
T2,account:bb4ee12c-eaa4-478f-92bb-eef19a7d872b,bb4ee12c-eaa4-478f-92bb-eef19a7d872b,False,4,6.0,2,1,1,2,1,29,29,49,0
T2,account:dc986d0e-4855-4511-aaf9-7fcd995d4607,dc986d0e-4855-4511-aaf9-7fcd995d4607,False,4,6.0,1,1,2,1,1,47,49,24,0
T2,account:4fcf29e2-b2ae-4f97-adf8-dcc558dfef99,4fcf29e2-b2ae-4f97-adf8-dcc558dfef99,False,6,15.0,1,3,2,1,3,58,58,40,0
T2,account:7072c7c2-5f22-4386-8e9b-3e4446593724,7072c7c2-5f22-4386-8e9b-3e4446593724,False,4,9.0,1,2,1,1,2,23,23,70,0
T2,account:9df74ba3-4e3e-4ad4-ab0f-51b896d35bc3,9df74ba3-4e3e-4ad4-ab0f-51b896d35bc3,False,3,3.0,1,1,1,1,1,33,33,46,0
T2,account:d185e190-e6c9-461c-825e-b1a71f10eb23,d185e190-e6c9-461c-825e-b1a71f10eb23,False,4,12.0,1,1,2,1,1,44,45,40,0
T2,account:24179821-c049-4e8d-9bbd-68830b5855fd,24179821-c049-4e8d-9bbd-68830b5855fd,False,7,15.0,2,1,4,2,1,69,69,26,0
T2,account:f24e655c-5eaf-49a3-a751-802a96b11452,f24e655c-5eaf-49a3-a751-802a96b11452,False,3,3.0,1,1,1,1,0,33,33,84,0
T2,account:08fb5731-9886-472e-bfac-c302dc312a25,08fb5731-9886-472e-bfac-c302dc312a25,False,4,9.0,1,1,2,1,1,30,30,60,0
T2,account:281880d8-66bf-4eec-9d14-83de05d17df4,281880d8-66bf-4eec-9d14-83de05d17df4,False,3,3.0,1,1,1,1,1,33,33,44,0
T2,account:97689287-9d8a-4810-b846-76347d0ba4bb,97689287-9d8a-4810-b846-76347d0ba4bb,False,7,12.0,2,2,3,2,2,68,69,60,0
T2,account:d0cf3c45-bc6d-402a-b0cc-c37098c84d35,d0cf3c45-bc6d-402a-b0cc-c37098c84d35,False,5,12.0,2,2,1,2,2,37,37,80,0
T2,account:7fa44676-62e2-4268-ab41-b52970187256,7fa44676-62e2-4268-ab41-b52970187256,False,8,12.0,2,2,4,2,2,87,90,40,0
T2,account:16917fe4-49e3-477f-b504-39d328441e0b,16917fe4-49e3-477f-b504-39d328441e0b,False,5,21.0,1,1,3,1,1,54,55,10,0
T2,account:b60ea8a8-522b-4144-8f36-f18b7ba44156,b60ea8a8-522b-4144-8f36-f18b7ba44156,False,4,12.0,1,2,1,1,2,36,36,46,0
T2,account:28853c17-4331-4144-b84f-5b26900adb0b,28853c17-4331-4144-b84f-5b26900adb0b,False,6,9.0,3,1,2,3,1,70,70,40,0
T2,account:d6c2727f-c1cd-4fe2-a417-8071131c8f3f,d6c2727f-c1cd-4fe2-a417-8071131c8f3f,False,5,9.0,1,2,2,1,2,60,60,2,0
T2,account:7f464359-98a6-41a2-85b0-b180f84f6739,7f464359-98a6-41a2-85b0-b180f84f6739,False,3,6.0,1,1,1,1,1,33,33,77,0
T2,account:ca53d940-6e16-45cd-85d1-bcf4dd220631,ca53d940-6e16-45cd-85d1-bcf4dd220631,False,0,0.0,0,0,0,0,0,0,0,75,56
T2,account:fc53e88d-edca-4019-8fe3-5d7b119df460,fc53e88d-edca-4019-8fe3-5d7b119df460,False,3,3.0,1,1,1,1,1,36,36,2,0
T2,account:73ab6da2-e468-4eee-8a24-d1c2a5346c10,73ab6da2-e468-4eee-8a24-d1c2a5346c10,False,3,3.0,1,1,1,1,1,30,30,33,0
T2,account:d321ed0a-d21a-4f01-8776-704d5484d7a2,d321ed0a-d21a-4f01-8776-704d5484d7a2,False,3,3.0,1,1,1,1,1,29,29,39,0
T2,account:19f4fbca-6924-4bd2-80ae-fb234d380cdb,19f4fbca-6924-4bd2-80ae-fb234d380cdb,False,6,6.0,2,2,2,2,2,51,53,70,0
T2,account:834de9ce-6f6c-48d5-9246-dc1540657fd0,834de9ce-6f6c-48d5-9246-dc1540657fd0,False,4,6.0,1,2,1,1,2,28,29,80,0
T2,account:df36c51a-708b-4d53-8d21-61501b818c9b,df36c51a-708b-4d53-8d21-61501b818c9b,False,9,12.0,2,3,4,2,3,92,95,44,0
T2,account:402a1369-9c3e-46ed-91d7-bec5e948ed73,402a1369-9c3e-46ed-91d7-bec5e948ed73,False,7,15.0,1,2,4,1,2,83,84,84,0
T2,account:0bdd9a29-be81-4562-b4b7-987eaf764b19,0bdd9a29-be81-4562-b4b7-987eaf764b19,False,4,6.0,2,1,1,2,1,34,34,3,0
T2,account:a0bdf030-e621-49fe-bccb-b2686cf8d5d8,a0bdf030-e621-49fe-bccb-b2686cf8d5d8,False,4,15.0,2,1,1,2,1,33,33,61,0
T2,account:1f221043-2b4c-487b-9d60-86b6d4e5fe1b,1f221043-2b4c-487b-9d60-86b6d4e5fe1b,False,5,15.0,2,1,2,2,1,49,50,60,0
T2,account:14c218e2-a9eb-4aeb-a58c-28417a404e02,14c218e2-a9eb-4aeb-a58c-28417a404e02,False,4,9.0,1,1,2,1,1,38,38,10,0
T2,account:9b0ef273-2825-4ecf-be9a-b7dfe7469df0,9b0ef273-2825-4ecf-be9a-b7dfe7469df0,False,3,6.0,1,1,1,1,1,22,22,77,0
T2,account:07ce7d02-da4d-4195-b658-d569ac1b2c92,07ce7d02-da4d-4195-b658-d569ac1b2c92,False,5,6.0,2,2,1,2,2,36,36,44,0
T2,account:26ec7c00-6e38-4af0-b483-0bf401c6747b,26ec7c00-6e38-4af0-b483-0bf401c6747b,False,9,15.0,3,3,3,3,3,78,78,3,0
T2,account:67c54486-2723-4cc2-ab79-65162200a12f,67c54486-2723-4cc2-ab79-65162200a12f,False,4,6.0,2,1,1,2,1,30,30,61,0
T2,account:86061501-ce8c-4c81-8c15-72e3d6ae9710,86061501-ce8c-4c81-8c15-72e3d6ae9710,False,7,9.0,2,2,3,2,2,82,83,84,0
T2,account:4613b79c-ab50-4e32-a3ca-94e6cdc90121,4613b79c-ab50-4e32-a3ca-94e6cdc90121,False,8,12.0,2,2,4,2,2,86,86,83,0
T2,account:73752522-7a09-437a-adc5-34f731bf03fb,73752522-7a09-437a-adc5-34f731bf03fb,False,7,18.0,2,4,1,2,4,37,37,80,0
T2,account:721ede43-b61a-477e-a0e5-a0d8a7bbe786,721ede43-b61a-477e-a0e5-a0d8a7bbe786,False,4,12.0,1,1,2,1,1,49,49,26,0
T2,account:32e3960e-4a3e-4dab-96b1-67eba34ade65,32e3960e-4a3e-4dab-96b1-67eba34ade65,False,7,12.0,3,2,2,3,2,68,68,44,0
T2,account:8da54b1f-8ad3-43d6-b338-6c1a66e1cc23,8da54b1f-8ad3-43d6-b338-6c1a66e1cc23,False,5,9.0,1,2,2,1,2,58,60,46,0
T2,account:f8720877-7c86-4c76-ab38-ed3bccd33e71,f8720877-7c86-4c76-ab38-ed3bccd33e71,False,6,30.0,1,2,3,1,2,70,71,39,0
T2,account:f5ad83ad-c482-4b44-b439-e6cf1667fe1d,f5ad83ad-c482-4b44-b439-e6cf1667fe1d,False,3,3.0,1,1,1,1,1,29,29,40,0
T2,account:6d73107f-da52-47e9-bfb7-cf5ebf523025,6d73107f-da52-47e9-bfb7-cf5ebf523025,False,8,18.0,2,2,4,2,2,98,99,61,0
T2,account:0885a10e-4c45-4830-9c35-c192cc65abe8,0885a10e-4c45-4830-9c35-c192cc65abe8,False,4,9.0,1,1,2,1,1,49,50,33,0
T2,account:643068ab-889d-430d-b631-f2c24cc18981,643068ab-889d-430d-b631-f2c24cc18981,False,5,9.0,2,1,2,2,1,56,56,49,0
T2,account:e0be78f6-4cdf-4c50-8d73-1da159336334,e0be78f6-4cdf-4c50-8d73-1da159336334,False,0,0.0,0,0,0,0,0,0,0,76,57
T2,account:a91e7d20-cad2-4a77-8b1c-cf9cea3da403,a91e7d20-cad2-4a77-8b1c-cf9cea3da403,False,3,6.0,1,1,1,1,1,26,26,40,0
T2,account:4f3921bb-467d-42cc-b28d-bfff28acd2cf,4f3921bb-467d-42cc-b28d-bfff28acd2cf,False,6,12.0,1,2,3,1,2,68,68,49,0
T2,account:980339a3-562d-4f29-a16d-e2d37cf7520a,980339a3-562d-4f29-a16d-e2d37cf7520a,False,7,9.0,2,2,3,2,2,71,72,49,0
T2,account:ca527e6e-3ea8-418e-80dd-871af49c2bca,ca527e6e-3ea8-418e-80dd-871af49c2bca,False,8,15.0,3,3,2,3,3,64,64,77,0
T2,account:9c0654a8-e70a-4c2a-9450-dd6c853e4023,9c0654a8-e70a-4c2a-9450-dd6c853e4023,False,5,6.0,2,1,2,2,1,51,51,61,0
T2,account:59fb3fe3-5570-4722-b2ab-9710066e1d85,59fb3fe3-5570-4722-b2ab-9710066e1d85,False,3,6.0,1,1,1,1,1,32,32,26,0
T2,account:47544025-5ce1-482d-8444-98bb880bd3d3,47544025-5ce1-482d-8444-98bb880bd3d3,False,8,21.0,3,3,2,3,3,72,74,3,0
T2,account:067e1221-f7f0-4a42-9460-d8a302246afa,067e1221-f7f0-4a42-9460-d8a302246afa,False,4,18.0,1,1,2,1,1,50,52,49,0
T2,account:1de1815a-a478-47d5-acd4-df8fff06016d,1de1815a-a478-47d5-acd4-df8fff06016d,False,3,9.0,1,1,1,1,1,31,31,40,0
T2,account:1e599ee8-d69e-4934-982c-8725e2704f57,1e599ee8-d69e-4934-982c-8725e2704f57,False,3,3.0,1,1,1,1,1,28,29,46,0
T2,account:96e7959b-6ffa-465f-8868-059e7978008a,96e7959b-6ffa-465f-8868-059e7978008a,False,4,6.0,1,1,2,1,1,43,43,70,0
T2,account:775ce186-1ed9-421e-ae52-c85b5350de90,775ce186-1ed9-421e-ae52-c85b5350de90,False,6,9.0,2,1,3,2,1,75,77,70,0
T2,account:6d998a54-50d7-4fe2-8a19-07224d9d3430,6d998a54-50d7-4fe2-8a19-07224d9d3430,False,5,6.0,2,2,1,2,2,32,32,46,0
T2,account:e05840f5-0890-4320-89e4-a4d558faaa6a,e05840f5-0890-4320-89e4-a4d558faaa6a,False,8,21.0,2,3,3,2,3,84,85,46,0
T2,account:8bb9e052-8fdc-40e4-840c-0a6c9a3f7e0a,8bb9e052-8fdc-40e4-840c-0a6c9a3f7e0a,False,3,3.0,1,1,1,1,1,27,27,46,0
T2,account:34e9962a-dd44-4b02-91c5-64425230338b,34e9962a-dd44-4b02-91c5-64425230338b,False,5,6.0,2,2,1,2,2,30,30,49,0
T2,account:3cc632d1-5194-40b9-acb1-63a760daa671,3cc632d1-5194-40b9-acb1-63a760daa671,False,3,3.0,1,1,1,1,1,38,38,67,0
T2,account:90614e2a-4c22-4683-848c-434909b47400,90614e2a-4c22-4683-848c-434909b47400,False,7,18.0,2,2,3,2,2,73,74,80,0
T2,account:8b3d9b85-a50f-45e3-ad31-19b8601dea3d,8b3d9b85-a50f-45e3-ad31-19b8601dea3d,False,4,9.0,1,2,1,1,2,29,30,84,0
T2,account:12b0e78b-ef3c-4eed-adc2-20fa251b9158,12b0e78b-ef3c-4eed-adc2-20fa251b9158,False,4,9.0,1,2,1,1,2,36,37,49,0
T2,account:2ef829fe-67d4-449f-9be7-d622f0387cb1,2ef829fe-67d4-449f-9be7-d622f0387cb1,True,12,42.0,4,4,4,4,4,126,173,2,0
T2,account:ac7f2765-1a65-4cef-b2ef-517e577899a9,ac7f2765-1a65-4cef-b2ef-517e577899a9,False,7,18.0,2,1,4,2,1,116,118,46,0
T2,account:15463329-0b79-4f4d-887d-8de7d768fc2c,15463329-0b79-4f4d-887d-8de7d768fc2c,False,5,9.0,1,2,2,1,2,45,45,70,0
T2,account:1cf77fdb-934c-4260-a075-132e42b9c90d,1cf77fdb-934c-4260-a075-132e42b9c90d,False,5,12.0,1,2,2,1,2,46,46,46,0
T2,account:fe215ad8-3c61-4936-b10c-70f7e8668c22,fe215ad8-3c61-4936-b10c-70f7e8668c22,False,8,18.0,3,2,3,3,2,78,78,49,0
T2,account:50bf6263-89f5-4924-8a22-9f10d691e927,50bf6263-89f5-4924-8a22-9f10d691e927,False,6,9.0,3,2,1,3,2,44,45,44,0
T2,account:5d37fda9-3691-48c9-a291-203095c60430,5d37fda9-3691-48c9-a291-203095c60430,False,5,12.0,2,2,1,2,2,36,36,77,0
T2,account:706db514-a8b3-4fb4-957c-5de0c0c58596,706db514-a8b3-4fb4-957c-5de0c0c58596,False,7,15.0,2,2,3,2,2,83,85,3,0
T2,account:2b3ac17a-560a-49cf-b34f-689487f11ce2,2b3ac17a-560a-49cf-b34f-689487f11ce2,False,6,9.0,2,1,3,2,1,61,62,83,0
T2,account:74b2173f-823f-47a1-a4cc-c6596b3dcee8,74b2173f-823f-47a1-a4cc-c6596b3dcee8,False,7,12.0,2,1,4,2,1,84,86,77,0
T2,account:343e4221-74e6-4fae-833b-bef3a52af7d4,343e4221-74e6-4fae-833b-bef3a52af7d4,False,5,9.0,2,2,1,2,1,37,38,49,0
T2,account:f61d8250-f192-481a-b7d6-5072130cd346,f61d8250-f192-481a-b7d6-5072130cd346,False,8,27.0,2,2,4,2,2,86,89,40,0
T2,account:ba857813-3e5b-4646-b99a-4a3741b9c621,ba857813-3e5b-4646-b99a-4a3741b9c621,False,5,9.0,1,2,2,1,2,51,51,67,0
T2,account:aaeee2e0-70fd-432c-91ea-494c8940be01,aaeee2e0-70fd-432c-91ea-494c8940be01,False,4,9.0,1,1,2,1,1,51,51,24,0
T2,account:f13e65f7-1019-4cd3-89e0-116703d8feaa,f13e65f7-1019-4cd3-89e0-116703d8feaa,False,3,3.0,1,1,1,1,1,29,29,70,0
T2,account:eeced896-b41c-4880-9394-2159292f8870,eeced896-b41c-4880-9394-2159292f8870,False,3,3.0,1,1,1,1,1,29,30,70,0
T2,account:ce106c71-5545-4c1c-bbb9-4ff192c37ce6,ce106c71-5545-4c1c-bbb9-4ff192c37ce6,False,6,6.0,2,2,2,2,2,63,64,46,0
T2,account:eaac9ed7-3fc2-4b24-89e1-047b9c0ff641,eaac9ed7-3fc2-4b24-89e1-047b9c0ff641,False,8,15.0,3,1,4,3,1,86,87,44,0
T2,account:97a1ae96-7ef6-4668-8d04-c0f7cf847778,97a1ae96-7ef6-4668-8d04-c0f7cf847778,False,8,12.0,1,3,4,1,3,87,90,3,0
T2,account:4fe6b05d-fc71-4907-b839-105c6bdcac78,4fe6b05d-fc71-4907-b839-105c6bdcac78,False,3,3.0,1,1,1,1,1,31,31,84,0
T2,account:03a59c32-884a-4ffc-a1bb-ac290d63958a,03a59c32-884a-4ffc-a1bb-ac290d63958a,False,4,12.0,1,1,2,1,1,45,46,10,0
T2,account:302d91d1-f7fa-4d5e-afd7-d91b330d7d0a,302d91d1-f7fa-4d5e-afd7-d91b330d7d0a,False,8,15.0,2,3,3,2,2,66,67,33,0
T2,account:32fe581f-01e8-44b0-9412-138dcea6ef00,32fe581f-01e8-44b0-9412-138dcea6ef00,False,3,6.0,1,1,1,1,1,25,25,35,0
T2,account:31f0938a-5745-470e-a3e4-13954627f248,31f0938a-5745-470e-a3e4-13954627f248,False,4,6.0,1,1,2,1,1,52,54,46,0
T2,account:fe9a00d4-bb7e-41d7-bbdc-b3f50fcde510,fe9a00d4-bb7e-41d7-bbdc-b3f50fcde510,False,9,18.0,3,2,4,3,2,106,109,39,0
T2,account:94f62c19-a8b6-4848-9f4f-4de46a4777a2,94f62c19-a8b6-4848-9f4f-4de46a4777a2,False,7,12.0,2,2,3,2,2,62,62,33,0
T2,account:8e57bf45-80de-470e-ad1f-626e5010334c,8e57bf45-80de-470e-ad1f-626e5010334c,False,4,6.0,1,2,1,1,2,32,32,46,0
T2,account:1e702f14-d8c6-417a-bea0-ec7d049a9797,1e702f14-d8c6-417a-bea0-ec7d049a9797,False,8,18.0,1,2,5,1,2,105,108,84,0
T2,account:9f65da9a-7569-4e9c-87b9-5f6c47ebc727,9f65da9a-7569-4e9c-87b9-5f6c47ebc727,False,0,0.0,0,0,0,0,0,0,0,78,58
T2,account:47114854-4f47-4a94-abd7-df1a914d883d,47114854-4f47-4a94-abd7-df1a914d883d,False,6,15.0,2,1,3,2,1,73,77,40,0
T2,account:6e5c8e3b-22eb-44ef-a464-f668f24e1da7,6e5c8e3b-22eb-44ef-a464-f668f24e1da7,False,5,6.0,1,2,2,1,2,58,59,80,0
T2,account:9f207cf4-3507-4301-b004-cf4ae47b79af,9f207cf4-3507-4301-b004-cf4ae47b79af,False,5,6.0,1,2,2,1,2,47,47,40,0
T2,account:6a4b0167-dadd-4204-9c41-11ca66c89e09,6a4b0167-dadd-4204-9c41-11ca66c89e09,False,5,9.0,1,1,3,1,1,77,78,80,0
T2,account:ca11c2c6-f003-4122-817e-a24abe74fb67,ca11c2c6-f003-4122-817e-a24abe74fb67,False,7,15.0,2,2,3,2,2,72,72,7,0
T2,account:cf307a6f-0a1f-44b8-961b-4e39dcd4e68e,cf307a6f-0a1f-44b8-961b-4e39dcd4e68e,False,3,3.0,1,1,1,1,1,27,27,44,0
T2,account:d54b37d5-5311-4236-8f42-e290873c7536,d54b37d5-5311-4236-8f42-e290873c7536,False,6,9.0,1,2,3,1,2,76,76,61,0
T2,account:e755daea-6db9-47ea-8ad6-ab3c28d546d7,e755daea-6db9-47ea-8ad6-ab3c28d546d7,False,4,6.0,1,1,2,1,1,50,51,3,0
T2,account:fa196e16-e160-435e-88ec-ba7b6a5830b1,fa196e16-e160-435e-88ec-ba7b6a5830b1,False,6,9.0,1,2,3,1,2,74,74,49,0
T2,account:f8aad002-08a6-48b4-961b-710f290edb60,f8aad002-08a6-48b4-961b-710f290edb60,False,7,12.0,2,2,3,2,1,87,87,3,0
T2,account:0696672a-fb6f-48ba-a270-37af25664e2e,0696672a-fb6f-48ba-a270-37af25664e2e,False,6,15.0,1,2,3,1,0,60,61,77,0
T2,account:da5c5894-7d86-46ea-bb00-59f3205ee3bb,da5c5894-7d86-46ea-bb00-59f3205ee3bb,False,6,9.0,1,2,3,1,1,69,71,36,0
T2,account:4b8e4319-0a3d-4081-be34-5455b19d24c3,4b8e4319-0a3d-4081-be34-5455b19d24c3,False,8,24.0,2,3,3,2,3,85,87,26,0
T2,account:3f83953a-8f11-4182-96e1-bdd3e7335e12,3f83953a-8f11-4182-96e1-bdd3e7335e12,False,5,9.0,1,2,2,1,2,42,42,67,0
T2,account:48570306-07c6-4bba-ab6b-2483d3c913e6,48570306-07c6-4bba-ab6b-2483d3c913e6,False,3,15.0,1,1,1,1,1,18,18,84,0
T2,account:0b67ad79-e3e5-4e52-bcf2-8333f55d6133,0b67ad79-e3e5-4e52-bcf2-8333f55d6133,False,6,9.0,2,2,2,2,1,62,62,53,0
T2,account:47155342-2e3a-4851-bb62-93e6c5ce1974,47155342-2e3a-4851-bb62-93e6c5ce1974,False,4,18.0,1,2,1,1,2,33,33,67,0
T2,account:0823227f-e5a7-4f10-a580-587daced0d09,0823227f-e5a7-4f10-a580-587daced0d09,False,5,15.0,1,1,3,1,1,67,67,60,0
T2,account:3bbf3ff9-7436-42fc-96d7-ff379a012b95,3bbf3ff9-7436-42fc-96d7-ff379a012b95,False,5,9.0,2,1,2,2,1,52,52,26,0
T2,account:fe140598-fbe2-4909-84c0-8a40997d5762,fe140598-fbe2-4909-84c0-8a40997d5762,False,6,12.0,1,3,2,1,3,49,49,36,0
T2,account:95851a33-6323-43bc-86a9-742dba4d5c91,95851a33-6323-43bc-86a9-742dba4d5c91,False,3,6.0,1,1,1,1,1,35,35,46,0
T2,account:2154b583-0625-469a-9790-65a8067c96c6,2154b583-0625-469a-9790-65a8067c96c6,False,3,3.0,1,1,1,1,1,35,36,2,0
T2,account:eee655c4-ab30-4b90-8671-a858f46371a8,eee655c4-ab30-4b90-8671-a858f46371a8,False,7,21.0,2,1,4,2,1,82,84,46,0
T2,account:1ca9149d-dc53-4842-be91-4238f329e6da,1ca9149d-dc53-4842-be91-4238f329e6da,False,5,9.0,1,2,2,1,2,49,50,46,0
T2,account:f0c94760-90e1-4c2d-87b6-48effb2eaa8e,f0c94760-90e1-4c2d-87b6-48effb2eaa8e,False,0,0.0,0,0,0,0,0,0,0,79,59
T2,account:d380c2b6-3202-4a5f-ae5d-68e41bd3b732,d380c2b6-3202-4a5f-ae5d-68e41bd3b732,False,5,6.0,2,1,2,2,1,57,59,36,0
T2,account:eed5a638-8bf3-4ccf-ab73-b156a0357d12,eed5a638-8bf3-4ccf-ab73-b156a0357d12,False,5,9.0,2,1,2,2,0,38,38,33,0
T2,account:bf1d00ac-dbb3-494d-9f1c-6563acb398cd,bf1d00ac-dbb3-494d-9f1c-6563acb398cd,False,0,0.0,0,0,0,0,0,0,0,81,60
T2,account:227ee9a4-5e4b-4be1-8567-7c5aa5196857,227ee9a4-5e4b-4be1-8567-7c5aa5196857,False,7,12.0,2,2,3,2,2,75,75,84,0
T2,account:ebe8c7bc-e8a4-4f2a-9948-e9f82a5c1ab3,ebe8c7bc-e8a4-4f2a-9948-e9f82a5c1ab3,False,6,6.0,2,2,2,2,2,73,74,84,0
T2,account:96319dae-4d11-45ff-a110-5a91cc3ffa4c,96319dae-4d11-45ff-a110-5a91cc3ffa4c,False,5,12.0,1,1,3,1,0,64,64,67,0
T2,account:23e32e31-d8f4-436f-95e9-9e47d7443383,23e32e31-d8f4-436f-95e9-9e47d7443383,False,4,6.0,1,2,1,1,2,44,44,84,0
T2,account:878c13d6-c9e4-4fa1-a9f2-1ca202585217,878c13d6-c9e4-4fa1-a9f2-1ca202585217,False,6,6.0,2,2,2,2,2,54,54,26,0
T2,account:f96b33aa-03fb-486c-85ee-1812c5f1e622,f96b33aa-03fb-486c-85ee-1812c5f1e622,False,3,3.0,1,1,1,1,1,37,38,40,0
T2,account:f1b42a15-4fdc-4e9d-a484-0aae9d70e828,f1b42a15-4fdc-4e9d-a484-0aae9d70e828,False,4,6.0,1,1,2,1,1,43,44,33,0
T2,account:48980819-45ad-43b9-9dea-752fc3da0659,48980819-45ad-43b9-9dea-752fc3da0659,False,6,6.0,2,2,2,2,2,62,63,71,0
T2,account:aa1b5c17-b58a-47d7-a943-799cec83ce4d,aa1b5c17-b58a-47d7-a943-799cec83ce4d,False,3,6.0,1,1,1,1,1,21,21,60,0
T2,account:88f13d39-d089-4479-8232-06f78c8e9120,88f13d39-d089-4479-8232-06f78c8e9120,False,4,6.0,1,1,2,1,1,40,40,24,0
T2,account:d2400871-6ba2-4c7f-a26c-7fe8e8f77740,d2400871-6ba2-4c7f-a26c-7fe8e8f77740,False,4,18.0,2,1,1,2,1,39,39,33,0
T2,account:e07c41c4-adb9-4d19-84d4-d23bb76f1b3a,e07c41c4-adb9-4d19-84d4-d23bb76f1b3a,False,5,9.0,2,1,2,2,1,49,49,71,0
T2,account:cb93b23f-5bb6-4e7a-969d-da974d189a9b,cb93b23f-5bb6-4e7a-969d-da974d189a9b,False,0,0.0,0,0,0,0,0,0,0,82,61
T2,account:02c0d68e-4ba7-4d87-8405-b9139762c5d3,02c0d68e-4ba7-4d87-8405-b9139762c5d3,False,4,6.0,1,2,1,1,2,36,36,49,0
T2,account:774564da-3a3b-4d1c-a642-600c2c067762,774564da-3a3b-4d1c-a642-600c2c067762,False,3,6.0,1,1,1,1,1,28,28,2,0
T2,account:e751c771-6725-47f0-9dcb-be602449e1e0,e751c771-6725-47f0-9dcb-be602449e1e0,False,5,6.0,1,2,2,1,2,48,49,24,0
T2,account:621f2dde-8fd4-460a-a709-83328edd6aff,621f2dde-8fd4-460a-a709-83328edd6aff,False,7,12.0,2,3,2,2,3,54,55,35,0
T2,account:33943e6d-5364-4fd1-acaa-c6f6564f53f7,33943e6d-5364-4fd1-acaa-c6f6564f53f7,False,7,15.0,3,1,3,3,1,74,74,44,0
T2,account:ed66e109-96e1-4eb1-956a-336c50a503e9,ed66e109-96e1-4eb1-956a-336c50a503e9,False,4,6.0,1,1,2,1,0,50,50,71,0
T2,account:2367f9d7-1480-4a7d-b533-c0119dc0b55b,2367f9d7-1480-4a7d-b533-c0119dc0b55b,False,3,3.0,1,1,1,1,1,20,20,26,0
T2,account:3a62959c-9de4-4392-9c7d-f65a8edde4ee,3a62959c-9de4-4392-9c7d-f65a8edde4ee,False,6,12.0,2,2,2,2,2,39,39,60,0
T2,account:79782104-e6fd-4504-a729-a438b6287011,79782104-e6fd-4504-a729-a438b6287011,False,6,15.0,3,1,2,3,1,54,54,77,0
T2,account:1f3a9f7d-09d3-4c22-8565-330a0531a8cd,1f3a9f7d-09d3-4c22-8565-330a0531a8cd,False,4,24.0,1,2,1,1,2,24,25,10,0
T2,account:5f640cdc-d5e7-4e9b-bb7b-0e5b643f14a9,5f640cdc-d5e7-4e9b-bb7b-0e5b643f14a9,False,3,15.0,1,1,1,1,1,28,28,10,0
T2,account:0a99dc62-4f3f-42a9-9338-6efb31e049cd,0a99dc62-4f3f-42a9-9338-6efb31e049cd,False,4,9.0,1,1,2,1,1,55,55,49,0
T2,account:d2bdde25-e1fb-4b1e-aeee-05c82046e444,d2bdde25-e1fb-4b1e-aeee-05c82046e444,False,5,12.0,1,1,3,1,1,78,80,39,0
T2,account:2547cd3e-fb15-4208-8c1e-4d8705044660,2547cd3e-fb15-4208-8c1e-4d8705044660,False,3,3.0,1,1,1,1,1,31,31,49,0
T2,account:68bce27b-db4c-443d-b672-2eb39f5ed389,68bce27b-db4c-443d-b672-2eb39f5ed389,False,3,6.0,1,1,1,1,1,26,26,26,0
T2,account:f62afc83-0eb3-4225-a063-180eb92be805,f62afc83-0eb3-4225-a063-180eb92be805,False,3,6.0,1,1,1,1,1,31,31,24,0
T2,account:f41d3e23-5680-4d40-b198-378b6544d830,f41d3e23-5680-4d40-b198-378b6544d830,False,6,6.0,2,2,2,2,2,58,59,84,0
T2,account:c516e39e-c8a2-4207-aec9-4ef99f1f04ba,c516e39e-c8a2-4207-aec9-4ef99f1f04ba,False,6,9.0,2,1,3,2,1,66,69,44,0
T2,account:c162f1cd-b5f7-45fd-831a-1612816ad75c,c162f1cd-b5f7-45fd-831a-1612816ad75c,False,7,21.0,2,2,3,2,0,76,77,3,0
T2,account:75b1104f-9770-41a7-832c-3a45f4a947ab,75b1104f-9770-41a7-832c-3a45f4a947ab,False,8,15.0,2,2,4,2,2,98,100,84,0
T2,account:2e2dd884-5e69-4496-aad6-817b4ff70b49,2e2dd884-5e69-4496-aad6-817b4ff70b49,False,3,9.0,1,1,1,1,1,33,33,49,0
T2,account:24fb07c6-2bcb-4b8c-90eb-d8f3d82913be,24fb07c6-2bcb-4b8c-90eb-d8f3d82913be,False,3,12.0,1,1,1,1,1,31,31,60,0
T2,account:f0264457-a62c-4ba4-a681-b1b409a89cb1,f0264457-a62c-4ba4-a681-b1b409a89cb1,False,7,21.0,1,3,3,1,3,68,68,46,0
T2,account:6155c5a7-1751-4741-8a83-6385579f6408,6155c5a7-1751-4741-8a83-6385579f6408,False,4,6.0,1,1,2,1,1,57,57,84,0
T2,account:7480be2e-5db7-42eb-83d1-8211c08fde33,7480be2e-5db7-42eb-83d1-8211c08fde33,False,11,24.0,1,4,6,1,4,145,145,39,0
T2,account:b7d4bcbd-4cfc-44b9-86b9-bba3a301697f,b7d4bcbd-4cfc-44b9-86b9-bba3a301697f,False,3,3.0,1,1,1,1,1,27,27,10,0
T2,account:bb0512b0-3dc9-4610-830a-cc5932a8cb2a,bb0512b0-3dc9-4610-830a-cc5932a8cb2a,False,8,18.0,1,3,4,0,3,85,87,46,0
T2,account:73d0de1e-82df-4917-9db0-16e75e002a2f,73d0de1e-82df-4917-9db0-16e75e002a2f,False,6,15.0,2,2,2,2,2,69,69,67,0
T2,account:37ead9af-29b8-441d-902f-07dc4a10a8ba,37ead9af-29b8-441d-902f-07dc4a10a8ba,False,8,15.0,1,2,5,1,2,126,128,46,0
T2,account:6d33f542-5ba0-492a-842c-de2318a7759d,6d33f542-5ba0-492a-842c-de2318a7759d,False,5,9.0,2,1,2,2,1,62,62,53,0
T2,account:420b4ff5-36b9-4bbc-bef2-3a5ad9adcb57,420b4ff5-36b9-4bbc-bef2-3a5ad9adcb57,False,3,6.0,1,1,1,1,1,21,21,71,0
T2,account:84a9681b-d8f3-4bc3-a6ba-48f7108f56b2,84a9681b-d8f3-4bc3-a6ba-48f7108f56b2,False,5,12.0,1,2,2,1,2,43,43,10,0
T2,account:84f74a61-330f-48b5-939d-14ff8480e321,84f74a61-330f-48b5-939d-14ff8480e321,False,5,9.0,1,2,2,1,2,54,54,67,0
T2,account:d3b12a9f-d2fa-4071-8a12-885de69eda26,d3b12a9f-d2fa-4071-8a12-885de69eda26,False,4,9.0,2,1,1,2,1,25,26,35,0
T2,account:16bb20cc-881d-492d-93d4-05b51515aea8,16bb20cc-881d-492d-93d4-05b51515aea8,False,4,9.0,1,1,2,1,1,57,58,2,0
T2,account:23be712d-017e-4c6a-92f3-c27692497ad0,23be712d-017e-4c6a-92f3-c27692497ad0,False,6,9.0,1,2,3,1,2,68,69,60,0
T2,account:54ca8709-8a66-4df3-8204-f5d9a594088a,54ca8709-8a66-4df3-8204-f5d9a594088a,False,4,6.0,2,1,1,2,1,26,26,46,0
T2,account:84f62641-c00a-42e8-a540-f32f2c08d30a,84f62641-c00a-42e8-a540-f32f2c08d30a,False,4,6.0,2,1,1,2,1,32,33,2,0
T2,account:bf64f002-330f-40a2-a132-1d1bf471e933,bf64f002-330f-40a2-a132-1d1bf471e933,False,7,15.0,2,1,4,2,1,76,79,24,0
T2,account:3dc1ca2e-f850-42a8-83c5-6840d50c0005,3dc1ca2e-f850-42a8-83c5-6840d50c0005,False,6,12.0,2,2,2,2,2,55,55,33,0
T2,account:ba444791-ce77-4de0-8775-caa362461714,ba444791-ce77-4de0-8775-caa362461714,False,6,18.0,1,2,3,1,2,59,60,35,0
T2,account:d1bde5c1-6f02-4999-a5e5-eea238d0c0f1,d1bde5c1-6f02-4999-a5e5-eea238d0c0f1,False,5,24.0,2,1,2,2,1,57,58,80,0
T2,account:d7341d23-67f9-430c-b07a-3131a7ba741e,d7341d23-67f9-430c-b07a-3131a7ba741e,False,5,15.0,2,1,2,2,1,65,65,33,0
T2,account:cd82dd00-c59f-4b3f-bb0f-7c38c4cc40fc,cd82dd00-c59f-4b3f-bb0f-7c38c4cc40fc,False,4,6.0,1,2,1,1,2,29,29,83,0
T2,account:846e9542-12a0-4390-9022-f189966b6b82,846e9542-12a0-4390-9022-f189966b6b82,False,9,24.0,1,3,5,1,3,115,117,40,0
T2,account:cb4ea0e0-5d67-4b83-b2e2-79431c242305,cb4ea0e0-5d67-4b83-b2e2-79431c242305,False,6,18.0,1,3,2,1,3,56,56,46,0
T2,account:d493df4a-90fb-42bb-90b2-1138add27312,d493df4a-90fb-42bb-90b2-1138add27312,False,4,6.0,1,1,2,1,1,49,50,36,0
T2,account:b4a8d5e6-df47-4cfb-b097-601eadc1d4fc,b4a8d5e6-df47-4cfb-b097-601eadc1d4fc,False,7,12.0,2,2,3,2,2,74,75,3,0
T2,account:23ad6d35-8fe8-40fd-8ec5-baa1ff65f18e,23ad6d35-8fe8-40fd-8ec5-baa1ff65f18e,False,5,15.0,2,2,1,2,2,32,33,40,0
T2,account:c103d4ba-3464-4e20-bad5-2d4f0abd6898,c103d4ba-3464-4e20-bad5-2d4f0abd6898,False,6,12.0,1,4,1,1,4,43,43,71,0
T2,account:9a7dddf6-9e7f-40b2-9e1a-c7fafa7e0f5e,9a7dddf6-9e7f-40b2-9e1a-c7fafa7e0f5e,False,5,9.0,2,2,1,2,2,45,45,40,0
T2,account:70ceedc7-5823-4c95-b186-f5f2a5856c5b,70ceedc7-5823-4c95-b186-f5f2a5856c5b,False,6,9.0,1,3,2,1,3,53,53,46,0
T2,account:4bfa5507-27cb-448b-a493-f21b907dfdff,4bfa5507-27cb-448b-a493-f21b907dfdff,False,5,6.0,2,1,2,2,1,59,60,60,0
T2,account:d4eb8ce8-39bb-419d-9372-d532ec6c8c8e,d4eb8ce8-39bb-419d-9372-d532ec6c8c8e,False,6,9.0,1,2,3,1,2,79,80,84,0
T2,account:ccc08c43-89f9-4a3f-b303-509240d55e3e,ccc08c43-89f9-4a3f-b303-509240d55e3e,False,4,6.0,1,2,1,1,2,32,32,33,0
T2,account:a1f390bb-ed12-46e7-aad7-8f1d258be8a0,a1f390bb-ed12-46e7-aad7-8f1d258be8a0,False,6,21.0,1,3,2,1,3,44,45,26,0
T2,account:cd6c1be0-2982-4425-8667-da8405785943,cd6c1be0-2982-4425-8667-da8405785943,False,7,15.0,3,1,3,3,1,72,73,46,0
T2,account:a2434ad2-de39-48e7-85d8-2f752a11077a,a2434ad2-de39-48e7-85d8-2f752a11077a,False,4,6.0,1,2,1,1,1,17,17,60,0
T2,account:c23ac0b0-f23f-4ce6-bf01-9d36a20ff1a5,c23ac0b0-f23f-4ce6-bf01-9d36a20ff1a5,False,6,9.0,3,1,2,3,1,61,61,83,0
T2,account:f8d49d4a-a14d-4e8a-acdb-d28a24c6626b,f8d49d4a-a14d-4e8a-acdb-d28a24c6626b,False,4,6.0,1,1,2,1,1,45,46,77,0
T2,account:3a5e22a8-10c6-449e-83f3-406658290c94,3a5e22a8-10c6-449e-83f3-406658290c94,False,3,3.0,1,1,1,1,1,29,29,3,0
T2,account:d45d2beb-aa52-4b26-8be2-1e961c940a44,d45d2beb-aa52-4b26-8be2-1e961c940a44,False,4,6.0,1,2,1,1,2,35,35,83,0
T2,account:f2597393-63f7-4f9c-a2a4-f26f87921b71,f2597393-63f7-4f9c-a2a4-f26f87921b71,False,5,6.0,2,1,2,2,1,59,60,49,0
T2,account:42200c84-e29a-4d50-a73f-02503c47e9dd,42200c84-e29a-4d50-a73f-02503c47e9dd,False,4,6.0,1,1,2,1,1,51,51,61,0
T2,account:673d9f52-b970-409a-ab8e-bad6030b6bd6,673d9f52-b970-409a-ab8e-bad6030b6bd6,False,4,9.0,1,2,1,1,2,26,26,10,0
T2,account:d21499aa-868b-4efd-90f6-e505213661ab,d21499aa-868b-4efd-90f6-e505213661ab,False,7,15.0,3,2,2,3,2,71,71,36,0
T2,account:8e742c9a-778e-4961-9429-803cdac6a3ba,8e742c9a-778e-4961-9429-803cdac6a3ba,False,5,18.0,2,1,2,2,1,61,61,36,0
T2,account:85b381e6-ac84-4d4e-b53b-7a4e5f1777bc,85b381e6-ac84-4d4e-b53b-7a4e5f1777bc,False,5,6.0,1,2,2,1,2,44,44,26,0
T2,account:00046244-d971-428d-b8c9-4749fe2ed55c,00046244-d971-428d-b8c9-4749fe2ed55c,False,5,9.0,2,1,2,2,1,74,75,44,0
T2,account:638600a5-dbb7-4617-a3ba-12446f641228,638600a5-dbb7-4617-a3ba-12446f641228,False,5,6.0,2,1,2,2,1,53,53,70,0
