phase,account_node,account_id,is_fraud_account,degree,weighted_degree,connected_device_count,connected_ip_count,connected_merchant_count,shared_device_count,shared_ip_count,proj_degree,proj_weighted_degree,community_id_louvain,community_id_lpa
T3,account:ce224f6f-1354-40be-8e28-2ccd2b4e9ce4,ce224f6f-1354-40be-8e28-2ccd2b4e9ce4,False,4,9.0,1,2,1,1,2,29,29,46,0
T3,account:e4deb4e3-ca24-48f3-a319-6ac65f2e9fb6,e4deb4e3-ca24-48f3-a319-6ac65f2e9fb6,False,0,0.0,0,0,0,0,0,0,0,0,1
T3,account:50ade2af-05d3-432c-bd3d-c3311370be54,50ade2af-05d3-432c-bd3d-c3311370be54,False,5,9.0,1,2,2,1,1,46,46,70,0
T3,account:ade0cc09-0bfa-4a8f-bced-98b3cd10e365,ade0cc09-0bfa-4a8f-bced-98b3cd10e365,False,5,9.0,1,1,3,1,1,75,76,54,0
T3,account:f5ddf9b6-5b0c-4099-b413-e8e5ae6a99a6,f5ddf9b6-5b0c-4099-b413-e8e5ae6a99a6,False,4,9.0,2,1,1,2,1,44,44,45,0
T3,account:e7edde97-cd48-47f8-a796-7fd39efd583d,e7edde97-cd48-47f8-a796-7fd39efd583d,False,6,12.0,2,1,3,2,1,82,84,12,0
T3,account:3f383ed8-4874-4bc7-9c4e-c4128f4cdb25,3f383ed8-4874-4bc7-9c4e-c4128f4cdb25,False,9,18.0,3,2,4,3,2,89,91,72,0
T3,account:63666769-33e1-4f16-8f62-3995225df491,63666769-33e1-4f16-8f62-3995225df491,False,5,12.0,1,1,3,1,1,69,70,78,0
T3,account:29911c7e-4816-4e64-ae8c-29da256ed2e9,29911c7e-4816-4e64-ae8c-29da256ed2e9,False,9,21.0,2,3,4,2,3,108,109,37,0
T3,account:9eb28602-fae1-4dc2-89ff-98516ca7217c,9eb28602-fae1-4dc2-89ff-98516ca7217c,False,5,15.0,1,2,2,1,2,40,41,12,0
T3,account:f8df8a4f-1c64-44de-b5a3-c6200ec64e3a,f8df8a4f-1c64-44de-b5a3-c6200ec64e3a,False,7,15.0,1,3,3,1,3,69,69,45,0
T3,account:47c7be99-b167-490c-b5b9-f239104b9916,47c7be99-b167-490c-b5b9-f239104b9916,False,4,12.0,1,1,2,1,1,45,45,70,0
T3,account:6d12d71d-37be-4281-bc75-da3b5c65649e,6d12d71d-37be-4281-bc75-da3b5c65649e,False,6,6.0,2,2,2,2,2,63,63,37,0
T3,account:5e01dbfa-c2c3-40c8-992e-fd57771f37a9,5e01dbfa-c2c3-40c8-992e-fd57771f37a9,False,6,9.0,2,1,3,2,1,55,55,72,0
T3,account:aff0b7e6-3c78-4d82-a3fd-4aa31c5196c2,aff0b7e6-3c78-4d82-a3fd-4aa31c5196c2,False,6,18.0,2,1,3,2,1,69,69,14,0
T3,account:e9922c05-5f28-465b-bdd1-0fbd2f4a77aa,e9922c05-5f28-465b-bdd1-0fbd2f4a77aa,False,5,6.0,2,1,2,2,1,55,55,1,0
T3,account:6396bc81-0257-4975-99d0-d584278a382d,6396bc81-0257-4975-99d0-d584278a382d,False,4,9.0,1,1,2,1,0,33,34,12,0
T3,account:455f454a-3fdd-4601-ac51-e1a278b64b9e,455f454a-3fdd-4601-ac51-e1a278b64b9e,False,5,6.0,1,2,2,1,2,49,49,14,0
T3,account:f2d8d64d-e195-479e-b5d2-099eb5ed5fa4,f2d8d64d-e195-479e-b5d2-099eb5ed5fa4,False,6,12.0,1,3,2,1,3,53,54,54,0
T3,account:016357c4-2204-408a-a34a-b6b7c1446f5d,016357c4-2204-408a-a34a-b6b7c1446f5d,False,4,15.0,1,2,1,1,2,35,35,54,0
T3,account:087e6998-7e7b-4f0e-9af4-32e1fa648fc1,087e6998-7e7b-4f0e-9af4-32e1fa648fc1,False,4,6.0,1,1,2,1,1,51,51,37,0
T3,account:65ab0574-a8cb-4d27-b0d5-e3485d7b2a3c,65ab0574-a8cb-4d27-b0d5-e3485d7b2a3c,False,4,9.0,1,1,2,1,1,51,52,52,0
T3,account:deee2c8b-ed54-4af7-b919-a27efdaa1374,deee2c8b-ed54-4af7-b919-a27efdaa1374,False,9,24.0,4,2,3,4,2,95,96,54,0
T3,account:01dc8b1f-d17b-4409-af73-1d227a502bc8,01dc8b1f-d17b-4409-af73-1d227a502bc8,False,6,9.0,1,2,3,1,2,74,75,22,0
T3,account:c6e45b5c-5e6b-4379-bff2-7a16cf6bdd6b,c6e45b5c-5e6b-4379-bff2-7a16cf6bdd6b,False,5,9.0,1,2,2,1,2,69,70,69,0
T3,account:796a437b-be07-4d5b-bd6f-84bb415755a2,796a437b-be07-4d5b-bd6f-84bb415755a2,False,3,3.0,1,1,1,1,1,31,31,63,0
T3,account:4881ed42-20b4-4028-9faa-69475acde234,4881ed42-20b4-4028-9faa-69475acde234,False,5,6.0,1,2,2,1,2,40,40,78,0
T3,account:f3e19c8c-2008-4306-b65a-3f37b7e06eb3,f3e19c8c-2008-4306-b65a-3f37b7e06eb3,False,9,24.0,3,1,5,3,1,118,120,29,0
T3,account:f6e0eba7-ac63-4d0b-9395-783536118994,f6e0eba7-ac63-4d0b-9395-783536118994,False,3,15.0,1,1,1,1,1,26,26,14,0
T3,account:1cc67c0b-a399-4136-8e5c-646814d177f9,1cc67c0b-a399-4136-8e5c-646814d177f9,False,5,9.0,1,1,3,1,1,71,72,29,0
T3,account:cab626c5-0128-4f77-aa4f-046430b1bd29,cab626c5-0128-4f77-aa4f-046430b1bd29,False,4,9.0,1,1,2,1,1,55,55,1,0
T3,account:6d03dead-3222-456f-adac-6bf6086ae9d1,6d03dead-3222-456f-adac-6bf6086ae9d1,False,5,15.0,1,1,3,1,1,65,65,58,0
T3,account:63e98be3-6dd7-440f-a864-4e2ba7fb704f,63e98be3-6dd7-440f-a864-4e2ba7fb704f,False,4,6.0,2,1,1,2,1,44,45,54,0
T3,account:ee7700ec-d742-4cb1-b117-729d93716f4f,ee7700ec-d742-4cb1-b117-729d93716f4f,False,6,18.0,2,2,2,2,2,64,64,70,0
T3,account:2395811d-8ed4-40ac-a1b0-ad7ac8cd9134,2395811d-8ed4-40ac-a1b0-ad7ac8cd9134,False,4,12.0,1,2,1,1,2,34,34,46,0
T3,account:74cfaefb-34e8-40eb-9caf-b8a9402b496f,74cfaefb-34e8-40eb-9caf-b8a9402b496f,False,5,9.0,2,1,2,2,1,49,49,72,0
T3,account:4d71c4be-ee56-4517-b601-d44e52e176f7,4d71c4be-ee56-4517-b601-d44e52e176f7,False,5,24.0,1,3,1,1,3,30,30,72,0
T3,account:d4b282a3-1931-4911-ab80-49a87d22505c,d4b282a3-1931-4911-ab80-49a87d22505c,False,4,18.0,1,2,1,1,2,36,36,45,0
T3,account:bb5ae287-cee1-446e-ac97-c17d5dd6fdf2,bb5ae287-cee1-446e-ac97-c17d5dd6fdf2,False,4,6.0,2,1,1,2,1,43,43,54,0
T3,account:bdd2267b-658f-4a1a-8308-65d33aa2d545,bdd2267b-658f-4a1a-8308-65d33aa2d545,False,8,18.0,2,3,3,2,3,75,77,72,0
T3,account:c2a299be-6b92-4bc9-b110-448ab13ad879,c2a299be-6b92-4bc9-b110-448ab13ad879,False,7,12.0,1,2,4,1,2,80,83,63,0
T3,account:8fb588c2-e903-470b-a06f-8392049a84d6,8fb588c2-e903-470b-a06f-8392049a84d6,False,4,12.0,1,2,1,1,2,27,27,37,0
T3,account:f2ed0e47-3d06-4bee-b0f1-8585e125b22e,f2ed0e47-3d06-4bee-b0f1-8585e125b22e,False,5,6.0,1,2,2,1,2,46,46,1,0
T3,account:ad4e63c2-8be2-48ec-9aec-543f715b0bd3,ad4e63c2-8be2-48ec-9aec-543f715b0bd3,False,4,9.0,1,1,2,1,1,47,47,71,0
T3,account:9fd28d0a-2f0d-4f9b-922b-9d6ffc6bf944,9fd28d0a-2f0d-4f9b-922b-9d6ffc6bf944,False,8,18.0,2,1,5,2,1,122,126,45,0
T3,account:a2e331a3-455b-4d18-8ce3-94eaeb29b2cd,a2e331a3-455b-4d18-8ce3-94eaeb29b2cd,False,10,21.0,2,3,5,2,3,117,120,63,0
T3,account:933b8b8a-88a2-49a3-b2a0-3469914aa1bd,933b8b8a-88a2-49a3-b2a0-3469914aa1bd,False,3,3.0,1,1,1,1,1,36,36,78,0
T3,account:b1aebda0-d1cf-44e5-afa1-65f6128bd84d,b1aebda0-d1cf-44e5-afa1-65f6128bd84d,False,5,15.0,2,1,2,2,1,51,51,12,0
T3,account:21c215b5-a889-4835-833d-e320726a1579,21c215b5-a889-4835-833d-e320726a1579,False,3,3.0,1,1,1,1,1,33,33,69,0
T3,account:ebeda331-89a0-4d7a-adaa-a58b6ab6f4fe,ebeda331-89a0-4d7a-adaa-a58b6ab6f4fe,False,4,9.0,1,2,1,1,2,41,41,12,0
T3,account:8feb2281-9f37-443e-9320-2b0901011fdd,8feb2281-9f37-443e-9320-2b0901011fdd,False,8,15.0,1,4,3,1,4,69,72,21,0
T3,account:28527a20-3744-462e-8312-3dcfa5aa523c,28527a20-3744-462e-8312-3dcfa5aa523c,False,5,12.0,2,1,2,2,1,61,61,69,0
T3,account:870123d3-b43f-4dc2-a332-c838a2ad0170,870123d3-b43f-4dc2-a332-c838a2ad0170,False,4,9.0,2,1,1,2,1,30,30,54,0
T3,account:899e9fab-1c1a-409f-bc63-6072912dd2ed,899e9fab-1c1a-409f-bc63-6072912dd2ed,False,8,21.0,1,3,4,1,3,102,102,4,0
T3,account:79676c8c-7295-4fd3-a785-2d47923343c0,79676c8c-7295-4fd3-a785-2d47923343c0,False,3,6.0,1,1,1,1,1,30,30,46,0
T3,account:922e9e9e-1eb9-495e-be63-13a881b2d7cf,922e9e9e-1eb9-495e-be63-13a881b2d7cf,False,4,12.0,1,1,2,1,1,56,56,69,0
T3,account:89b6bfb1-8431-45f1-9213-d50a974e3b1f,89b6bfb1-8431-45f1-9213-d50a974e3b1f,False,4,6.0,1,1,2,1,1,57,57,71,0
T3,account:88a995cb-9d71-4e89-9a52-1b9275b9680d,88a995cb-9d71-4e89-9a52-1b9275b9680d,False,5,9.0,2,1,2,2,1,51,53,54,0
T3,account:1ad8e917-1e05-4f2f-b7e0-065e77c28f99,1ad8e917-1e05-4f2f-b7e0-065e77c28f99,False,3,3.0,1,1,1,1,0,27,27,29,0
T3,account:ce535e15-c2ec-4c7c-991f-b2004476a5bb,ce535e15-c2ec-4c7c-991f-b2004476a5bb,False,5,6.0,2,2,1,2,2,32,33,12,0
T3,account:ac2bc2b6-8c24-4c11-bda6-dc6486ffad96,ac2bc2b6-8c24-4c11-bda6-dc6486ffad96,False,7,21.0,2,2,3,2,2,79,79,58,0
T3,account:748a437b-20ad-44e4-85ef-e0fcf217a444,748a437b-20ad-44e4-85ef-e0fcf217a444,False,5,6.0,1,2,2,1,2,51,51,58,0
T3,account:d1ca4a38-e608-4d6a-a23d-0fe4836c0202,d1ca4a38-e608-4d6a-a23d-0fe4836c0202,False,5,12.0,2,1,2,2,1,49,50,63,0
T3,account:a1fc0bde-511a-43b4-94db-89793155261b,a1fc0bde-511a-43b4-94db-89793155261b,False,4,6.0,1,1,2,1,1,42,43,63,0
T3,account:e9523fec-2c00-4f60-8466-a079c2295334,e9523fec-2c00-4f60-8466-a079c2295334,False,5,15.0,1,2,2,1,2,54,54,14,0
T3,account:81ae9a2d-8496-402c-9349-7a0aaca743da,81ae9a2d-8496-402c-9349-7a0aaca743da,True,11,27.0,3,3,5,3,3,130,151,69,0
T3,account:920c61fd-88d5-4632-b164-940b94068ff8,920c61fd-88d5-4632-b164-940b94068ff8,False,9,18.0,3,3,3,3,3,75,75,63,0
T3,account:029fbe6f-214f-4670-99b6-27b2a790acf2,029fbe6f-214f-4670-99b6-27b2a790acf2,False,4,12.0,1,1,2,1,1,48,49,29,0
T3,account:f9328681-a934-44f0-b73b-fbe3cfcebdc3,f9328681-a934-44f0-b73b-fbe3cfcebdc3,False,6,15.0,2,2,2,2,2,56,57,71,0
T3,account:795803a5-eca8-4071-b506-c2930b045adc,795803a5-eca8-4071-b506-c2930b045adc,False,4,6.0,1,1,2,1,1,52,52,37,0
T3,account:80428f3a-5cab-4c1b-bc49-08a8eb8c53da,80428f3a-5cab-4c1b-bc49-08a8eb8c53da,False,7,15.0,3,1,3,3,1,72,75,78,0
T3,account:6a31e83d-99c5-4c25-a15c-ed09df7c29c3,6a31e83d-99c5-4c25-a15c-ed09df7c29c3,False,6,12.0,3,2,1,3,2,38,38,37,0
T3,account:933e1fa3-b277-4bda-85f0-057c8991760c,933e1fa3-b277-4bda-85f0-057c8991760c,False,5,6.0,1,2,2,1,2,64,66,14,0
T3,account:fcfb0df5-99a5-46b9-83db-f21ff7fc5d94,fcfb0df5-99a5-46b9-83db-f21ff7fc5d94,False,7,12.0,3,2,2,3,2,63,63,52,0
T3,account:345fd0d0-9cb1-4392-a886-91bba3946e30,345fd0d0-9cb1-4392-a886-91bba3946e30,False,8,15.0,2,2,4,2,2,105,108,69,0
T3,account:2c46d3b0-5c65-4696-ac6c-19869838d0e9,2c46d3b0-5c65-4696-ac6c-19869838d0e9,False,6,12.0,2,1,3,2,1,79,79,14,0
T3,account:31a31f9f-21be-47b8-ba1e-aeae4cfed680,31a31f9f-21be-47b8-ba1e-aeae4cfed680,False,7,18.0,4,1,2,4,1,60,60,14,0
T3,account:3c474b2d-721c-4aad-8d4f-fcb6bbdc8cfa,3c474b2d-721c-4aad-8d4f-fcb6bbdc8cfa,False,5,6.0,1,2,2,1,2,50,51,52,0
T3,account:dcf8fdea-9025-4d74-ad8f-04de98af88d0,dcf8fdea-9025-4d74-ad8f-04de98af88d0,False,3,3.0,1,1,1,1,1,30,30,63,0
T3,account:d35cc141-0696-44a8-939b-1e7891439d9b,d35cc141-0696-44a8-939b-1e7891439d9b,False,5,9.0,1,1,3,1,1,80,82,71,0
T3,account:ed334120-cc45-499d-afa7-f80025fcc671,ed334120-cc45-499d-afa7-f80025fcc671,False,6,9.0,2,2,2,2,2,66,66,52,0
T3,account:b0a47148-b9e7-487d-96ea-c5fea729746f,b0a47148-b9e7-487d-96ea-c5fea729746f,False,6,9.0,1,2,3,1,2,67,67,12,0
T3,account:14f01f2d-880c-4380-938f-71e74569e886,14f01f2d-880c-4380-938f-71e74569e886,False,5,15.0,1,1,3,1,1,79,80,4,0
T3,account:2f4da2d1-7c14-4717-b339-ad052947b15c,2f4da2d1-7c14-4717-b339-ad052947b15c,False,3,3.0,1,1,1,1,0,19,19,69,0
T3,account:0f88c580-e297-42c3-ace2-ab77ca759e45,0f88c580-e297-42c3-ace2-ab77ca759e45,False,6,12.0,1,3,2,1,2,40,40,21,0
T3,account:10b09c0b-bbe1-4831-9935-d887530f5d2e,10b09c0b-bbe1-4831-9935-d887530f5d2e,False,6,9.0,1,2,3,1,2,68,68,12,0
T3,account:f1b56ac4-d6fb-44cd-a45d-8e9247d43163,f1b56ac4-d6fb-44cd-a45d-8e9247d43163,False,5,12.0,2,2,1,2,2,37,37,14,0
T3,account:4c062d28-287a-4954-812d-c60b104eafd0,4c062d28-287a-4954-812d-c60b104eafd0,False,4,9.0,1,2,1,1,2,31,31,14,0
T3,account:4500c8e3-8315-424c-ac1c-b05f660fbd7b,4500c8e3-8315-424c-ac1c-b05f660fbd7b,False,5,15.0,1,3,1,1,3,38,39,14,0
T3,account:5f0a8ac8-b5d4-4e23-89c3-73f326420419,5f0a8ac8-b5d4-4e23-89c3-73f326420419,False,5,9.0,1,2,2,1,1,56,56,45,0
T3,account:33e9afa9-6991-414e-80e0-51df87553a39,33e9afa9-6991-414e-80e0-51df87553a39,False,5,9.0,2,1,2,2,1,62,62,54,0
T3,account:ddb7cb72-92be-4e5a-80bd-0e9a7de5fb34,ddb7cb72-92be-4e5a-80bd-0e9a7de5fb34,False,7,9.0,2,2,3,2,2,68,68,4,0
T3,account:96784022-c859-439a-b4cf-5fa99e110378,96784022-c859-439a-b4cf-5fa99e110378,False,6,9.0,3,2,1,3,2,34,34,69,0
T3,account:198f5287-9253-49cd-a90f-216012230f9d,198f5287-9253-49cd-a90f-216012230f9d,False,3,3.0,1,1,1,1,1,34,34,78,0
T3,account:a08c1f97-f426-47eb-b81c-ed2cca6308c0,a08c1f97-f426-47eb-b81c-ed2cca6308c0,False,7,9.0,1,3,3,1,3,81,82,52,0
T3,account:5b492e10-6e19-4339-9cb5-dfad09d5d185,5b492e10-6e19-4339-9cb5-dfad09d5d185,False,3,3.0,1,1,1,1,1,28,30,22,0
T3,account:0760fc33-6eee-458e-bfff-0b971ba9614d,0760fc33-6eee-458e-bfff-0b971ba9614d,False,5,12.0,1,2,2,1,2,61,61,12,0
T3,account:f8da6469-cde5-4536-ba9c-d066b402dacc,f8da6469-cde5-4536-ba9c-d066b402dacc,False,5,6.0,1,2,2,1,2,51,52,63,0
T3,account:172bc022-c5ab-467d-954f-6be9d8438302,172bc022-c5ab-467d-954f-6be9d8438302,False,3,6.0,1,1,1,1,1,28,28,21,0
T3,account:b0d597b0-11d7-4230-baf4-772af2889947,b0d597b0-11d7-4230-baf4-772af2889947,False,7,15.0,3,1,3,3,1,77,79,78,0
T3,account:ec159218-4047-459b-8dfd-cc1752e4c5f5,ec159218-4047-459b-8dfd-cc1752e4c5f5,False,7,21.0,3,1,3,3,1,98,99,37,0
T3,account:457a59d1-8d02-4257-b93d-cc8c4fec68f9,457a59d1-8d02-4257-b93d-cc8c4fec68f9,False,6,12.0,2,3,1,2,3,43,44,21,0
T3,account:22d7915c-6a27-421d-8da8-8a0ff21b594d,22d7915c-6a27-421d-8da8-8a0ff21b594d,False,5,9.0,1,2,2,1,2,47,48,1,0
T3,account:f3f456f2-05a1-42d3-ad8e-3c2ea4253fac,f3f456f2-05a1-42d3-ad8e-3c2ea4253fac,False,7,9.0,3,2,2,3,2,67,69,54,0
T3,account:f02a7814-b7a7-414a-8afb-cb94e84b2875,f02a7814-b7a7-414a-8afb-cb94e84b2875,False,3,6.0,1,1,1,1,1,30,30,54,0
T3,account:76475f5c-6138-447d-ba41-6091a7ae8310,76475f5c-6138-447d-ba41-6091a7ae8310,False,4,6.0,1,2,1,1,2,24,24,14,0
T3,account:843184bb-012e-41a6-b777-4b0fc3e14a44,843184bb-012e-41a6-b777-4b0fc3e14a44,False,4,6.0,1,1,2,1,1,46,46,46,0
T3,account:d26761c4-3266-4b7b-b66f-2cd845ce8c55,d26761c4-3266-4b7b-b66f-2cd845ce8c55,False,6,15.0,2,3,1,2,3,45,45,63,0
T3,account:bfe0cc3f-182f-4f0e-91ad-616b12c5beb1,bfe0cc3f-182f-4f0e-91ad-616b12c5beb1,False,3,3.0,1,1,1,1,1,21,22,21,0
T3,account:f1208f98-ea97-4129-b6c5-183505f35ebe,f1208f98-ea97-4129-b6c5-183505f35ebe,False,5,15.0,2,2,1,2,2,32,32,69,0
T3,account:be02072b-9469-4f67-8b04-25177ff07c60,be02072b-9469-4f67-8b04-25177ff07c60,False,5,9.0,1,1,3,1,1,71,74,29,0
T3,account:fc203dad-0d7f-409e-8ccc-dbaf5a483093,fc203dad-0d7f-409e-8ccc-dbaf5a483093,False,4,6.0,1,1,2,1,1,62,62,69,0
T3,account:2f8d2c4a-12b3-4abc-80aa-9ce3bac91798,2f8d2c4a-12b3-4abc-80aa-9ce3bac91798,False,7,18.0,1,2,4,1,2,89,89,14,0
T3,account:d3be4706-d1c5-40b4-8b4e-cbf867ea8c57,d3be4706-d1c5-40b4-8b4e-cbf867ea8c57,False,5,9.0,1,2,2,1,2,59,59,46,0
T3,account:eacccca9-effa-4981-a53a-224db390eb0d,eacccca9-effa-4981-a53a-224db390eb0d,False,3,3.0,1,1,1,1,1,25,25,1,0
T3,account:a63559b7-b6bb-4e06-9a90-b4ef6c30d096,a63559b7-b6bb-4e06-9a90-b4ef6c30d096,False,5,9.0,1,2,2,1,2,53,53,54,0
T3,account:65e5f5f7-1521-4894-a939-5493f2b00caf,65e5f5f7-1521-4894-a939-5493f2b00caf,False,4,6.0,1,2,1,1,1,26,26,21,0
T3,account:bd8893f7-8c67-4299-a1ce-044f6c4dbfc0,bd8893f7-8c67-4299-a1ce-044f6c4dbfc0,False,6,12.0,1,1,4,1,1,85,88,54,0
T3,account:6ce553bf-b9fa-46d2-9a89-4dcfec2ca701,6ce553bf-b9fa-46d2-9a89-4dcfec2ca701,False,6,9.0,2,2,2,2,2,49,49,63,0
T3,account:4b2d4f6a-66dd-4866-b4df-3c52abccabbf,4b2d4f6a-66dd-4866-b4df-3c52abccabbf,False,6,9.0,3,1,2,3,1,58,59,37,0
T3,account:b1477b55-1442-4f81-9926-505abdff1647,b1477b55-1442-4f81-9926-505abdff1647,False,3,6.0,1,1,1,1,1,33,33,4,0
T3,account:9605043a-a898-4187-82f6-edcc48365ada,9605043a-a898-4187-82f6-edcc48365ada,False,5,12.0,1,1,3,1,1,44,44,1,0
T3,account:aa1adb32-69a8-4f13-adb9-a906afefa9c2,aa1adb32-69a8-4f13-adb9-a906afefa9c2,False,6,15.0,2,2,2,2,2,54,54,37,0
T3,account:06b90890-ed84-4df7-9d42-02b58a507dfc,06b90890-ed84-4df7-9d42-02b58a507dfc,False,5,9.0,2,2,1,2,2,41,42,21,0
T3,account:f457df3b-68bc-4d81-8bc4-490cc4d201e1,f457df3b-68bc-4d81-8bc4-490cc4d201e1,False,10,24.0,2,4,4,2,4,109,111,21,0
T3,account:ff363e61-b7bc-4ef8-b1f7-b8c90a12ab25,ff363e61-b7bc-4ef8-b1f7-b8c90a12ab25,False,4,9.0,2,1,1,2,1,38,38,29,0
T3,account:0041f52f-e487-4dc5-8d79-9876b432034b,0041f52f-e487-4dc5-8d79-9876b432034b,False,6,9.0,2,1,3,2,1,77,77,14,0
T3,account:21a6e865-c96d-484b-8f77-d1f6e7f49133,21a6e865-c96d-484b-8f77-d1f6e7f49133,False,7,12.0,1,2,4,1,2,90,90,71,0
T3,account:af0c45b1-e699-4335-b6f8-d6811dd92f99,af0c45b1-e699-4335-b6f8-d6811dd92f99,False,4,6.0,2,1,1,2,1,42,43,45,0
T3,account:111563ae-e4ce-4bd1-a7ba-0eb4080eb9d3,111563ae-e4ce-4bd1-a7ba-0eb4080eb9d3,False,8,12.0,2,3,3,2,3,84,84,21,0
T3,account:b5333bd2-f4e2-4ecd-b726-b09716f4ceeb,b5333bd2-f4e2-4ecd-b726-b09716f4ceeb,False,4,6.0,1,2,1,1,2,29,29,58,0
T3,account:68d89c63-3360-4a27-b37b-7656a0cf9ad7,68d89c63-3360-4a27-b37b-7656a0cf9ad7,False,4,6.0,2,1,1,2,1,34,34,29,0
T3,account:8fe4903e-3dd2-4371-a77e-6e6ede419f15,8fe4903e-3dd2-4371-a77e-6e6ede419f15,False,7,21.0,2,2,3,2,2,77,78,22,0
T3,account:65d8dfb8-bd29-46ea-9c80-8cf727b97002,65d8dfb8-bd29-46ea-9c80-8cf727b97002,False,3,3.0,1,1,1,1,1,30,30,12,0
T3,account:1326442c-0a0c-4f89-a0a7-9b3f7a09588f,1326442c-0a0c-4f89-a0a7-9b3f7a09588f,False,7,12.0,2,2,3,2,2,90,92,29,0
T3,account:2882a571-be8e-455b-9d0a-6f3862595231,2882a571-be8e-455b-9d0a-6f3862595231,False,7,18.0,2,2,3,2,2,69,69,58,0
T3,account:0c1399f3-e1cb-4260-a6df-6c3f896f03f5,0c1399f3-e1cb-4260-a6df-6c3f896f03f5,False,6,12.0,1,2,3,1,2,72,72,21,0
T3,account:a15554f0-8a3b-4692-8910-ca01edf097ab,a15554f0-8a3b-4692-8910-ca01edf097ab,False,3,3.0,1,1,1,1,1,20,20,46,0
T3,account:f288a79c-c5dc-4571-841b-a9c834aaef47,f288a79c-c5dc-4571-841b-a9c834aaef47,False,0,0.0,0,0,0,0,0,0,0,2,2
T3,account:23ce9871-4180-44f1-845a-68a6f8c16b01,23ce9871-4180-44f1-845a-68a6f8c16b01,False,5,12.0,2,1,2,2,1,45,45,70,0
T3,account:14129269-ff6c-4818-aa52-004a13f862be,14129269-ff6c-4818-aa52-004a13f862be,False,7,12.0,1,2,4,1,2,86,86,29,0
T3,account:6242766f-10a3-47e1-97d1-f2f0b2bfd8b6,6242766f-10a3-47e1-97d1-f2f0b2bfd8b6,False,6,9.0,3,1,2,3,1,59,61,70,0
T3,account:2b891f87-319c-4a1a-afcc-19bc90a0fd39,2b891f87-319c-4a1a-afcc-19bc90a0fd39,False,5,6.0,1,2,2,1,2,52,52,72,0
T3,account:a0892c40-1bf6-43df-97f2-a51766c88c4f,a0892c40-1bf6-43df-97f2-a51766c88c4f,False,3,12.0,1,1,1,1,1,28,29,1,0
T3,account:289dbb78-f4f4-4c15-aa16-11c45e5e3c4d,289dbb78-f4f4-4c15-aa16-11c45e5e3c4d,False,6,9.0,2,2,2,2,2,60,60,71,0
T3,account:12470409-3c9b-4693-8ebf-221300982e92,12470409-3c9b-4693-8ebf-221300982e92,False,5,12.0,1,2,2,1,2,69,69,58,0
T3,account:f522609a-b925-48b8-8564-566a40c41d08,f522609a-b925-48b8-8564-566a40c41d08,False,7,12.0,4,1,2,4,1,57,59,71,0
T3,account:389ccc64-8f1c-4d74-8979-63f21addcd60,389ccc64-8f1c-4d74-8979-63f21addcd60,False,6,18.0,2,2,2,2,2,55,58,45,0
T3,account:0ec0ddca-edbb-4915-ae12-38a8fbfd906b,0ec0ddca-edbb-4915-ae12-38a8fbfd906b,False,3,3.0,1,1,1,1,1,33,33,14,0
T3,account:913c18ce-11cd-4ae9-83f0-31f3a7630297,913c18ce-11cd-4ae9-83f0-31f3a7630297,False,9,12.0,3,3,3,3,3,77,78,1,0
T3,account:8f01d316-1a8b-4f6a-9c81-643fcad2f4a4,8f01d316-1a8b-4f6a-9c81-643fcad2f4a4,False,7,9.0,2,3,2,2,3,61,63,14,0
T3,account:6c09c8fe-43f5-49ec-9f9a-9909bed318ef,6c09c8fe-43f5-49ec-9f9a-9909bed318ef,False,7,15.0,2,1,4,2,1,102,105,4,0
T3,account:32cf3323-f8dc-4f9e-ab77-e3329d517eec,32cf3323-f8dc-4f9e-ab77-e3329d517eec,False,3,3.0,1,1,1,1,1,24,24,52,0
T3,account:c37159ec-7313-4843-84f4-146884438af1,c37159ec-7313-4843-84f4-146884438af1,False,5,9.0,2,2,1,2,2,41,41,22,0
T3,account:1120d1f7-fadc-46a2-ab96-759f0fe90871,1120d1f7-fadc-46a2-ab96-759f0fe90871,False,6,12.0,1,2,3,1,2,60,61,46,0
T3,account:add6253b-cb76-4e04-84c1-21f6694fa5b7,add6253b-cb76-4e04-84c1-21f6694fa5b7,False,7,9.0,2,2,3,2,2,86,86,14,0
T3,account:07dbc383-ffbb-495f-b066-d8375b961bc0,07dbc383-ffbb-495f-b066-d8375b961bc0,False,4,18.0,1,1,2,1,1,55,56,71,0
T3,account:a871a2dc-151d-4d4e-9ab9-be106fa5cc3c,a871a2dc-151d-4d4e-9ab9-be106fa5cc3c,False,7,15.0,3,2,2,3,2,66,67,21,0
T3,account:515f13ca-388e-44e4-8097-7146ef0d7130,515f13ca-388e-44e4-8097-7146ef0d7130,False,5,6.0,2,1,2,2,1,42,42,54,0
T3,account:d7d962c1-e6f0-452d-84d8-91aa25e9f9f8,d7d962c1-e6f0-452d-84d8-91aa25e9f9f8,False,5,12.0,1,1,3,1,1,67,68,52,0
T3,account:81187ff6-a826-48f4-8109-eea143de9742,81187ff6-a826-48f4-8109-eea143de9742,False,4,9.0,1,2,1,1,2,31,31,69,0
T3,account:36a9cd9d-0065-4635-a1bc-a4a6d98d6dad,36a9cd9d-0065-4635-a1bc-a4a6d98d6dad,False,5,12.0,1,2,2,1,1,54,54,63,0
T3,account:dd00ec91-c453-498c-b64e-a472e336c1d4,dd00ec91-c453-498c-b64e-a472e336c1d4,False,4,6.0,2,1,1,2,1,41,41,29,0
T3,account:a038f7ae-e30d-4d49-90f6-ec370a324dd5,a038f7ae-e30d-4d49-90f6-ec370a324dd5,False,3,3.0,1,1,1,1,1,31,31,58,0
T3,account:afd992d8-4e34-4e9b-a1a3-2c5506cf836a,afd992d8-4e34-4e9b-a1a3-2c5506cf836a,False,4,15.0,1,1,2,1,1,60,62,78,0
T3,account:915b0153-eba3-4ab0-ba1e-9e03b958236b,915b0153-eba3-4ab0-ba1e-9e03b958236b,False,5,9.0,1,3,1,1,3,35,35,14,0
T3,account:6697f3d8-010a-4105-b297-d5a2e7f7b674,6697f3d8-010a-4105-b297-d5a2e7f7b674,False,4,9.0,1,1,2,1,1,50,50,70,0
T3,account:e848d16a-076e-450c-8381-01a2edb1e491,e848d16a-076e-450c-8381-01a2edb1e491,False,0,0.0,0,0,0,0,0,0,0,3,3
T3,account:21df2e13-924d-4637-bc14-2404acf580a3,21df2e13-924d-4637-bc14-2404acf580a3,False,6,12.0,2,1,3,2,1,72,73,63,0
T3,account:5ddc89d5-7c48-4112-a25f-36c465e284c6,5ddc89d5-7c48-4112-a25f-36c465e284c6,False,4,9.0,1,1,2,1,1,45,45,54,0
T3,account:90036b9f-2a50-4c8a-9b04-31ec039c94ba,90036b9f-2a50-4c8a-9b04-31ec039c94ba,False,3,18.0,1,1,1,1,0,34,34,45,0
T3,account:87c9fbee-1461-431a-9fe2-ade38c2b0218,87c9fbee-1461-431a-9fe2-ade38c2b0218,False,8,21.0,2,3,3,2,3,72,72,72,0
T3,account:7741128c-31ae-4e39-985e-1cc86d9c13e1,7741128c-31ae-4e39-985e-1cc86d9c13e1,False,6,12.0,2,1,3,2,1,79,81,69,0
T3,account:ef442cf8-537e-4276-aedf-9238ba887e01,ef442cf8-537e-4276-aedf-9238ba887e01,False,4,18.0,1,2,1,1,2,43,43,69,0
T3,account:7d3b29a5-29dc-42f5-85eb-da19ea33516e,7d3b29a5-29dc-42f5-85eb-da19ea33516e,False,5,18.0,2,1,2,2,1,57,57,54,0
T3,account:c64dbdb6-e0b4-4dd4-b16b-d2e0462cd47e,c64dbdb6-e0b4-4dd4-b16b-d2e0462cd47e,False,5,9.0,1,1,3,1,1,80,82,54,0
T3,account:0bdac8e9-e8d7-422f-ad6c-447158ad9ac9,0bdac8e9-e8d7-422f-ad6c-447158ad9ac9,False,3,3.0,1,1,1,1,1,27,27,78,0
T3,account:d734fb65-3c73-46b7-b849-3b557b62a37e,d734fb65-3c73-46b7-b849-3b557b62a37e,False,5,9.0,1,2,2,1,2,53,55,69,0
T3,account:bd581b6a-dd8d-41bb-91ba-4815bb179091,bd581b6a-dd8d-41bb-91ba-4815bb179091,False,5,12.0,1,1,3,1,1,71,72,69,0
T3,account:aae71b04-74b9-49a9-8411-a17e36342fd8,aae71b04-74b9-49a9-8411-a17e36342fd8,False,5,15.0,1,1,3,1,1,62,63,37,0
T3,account:4c43719c-ad1a-4158-be45-949d6db35805,4c43719c-ad1a-4158-be45-949d6db35805,False,3,3.0,1,1,1,1,1,39,39,45,0
T3,account:e49bee94-98af-4cb2-be49-88cbb5ecdea0,e49bee94-98af-4cb2-be49-88cbb5ecdea0,False,5,9.0,2,1,2,2,1,60,61,4,0
T3,account:f5e2f7f3-e468-4be3-8285-4dd9224aaf7e,f5e2f7f3-e468-4be3-8285-4dd9224aaf7e,False,8,12.0,2,3,3,2,3,88,93,71,0
T3,account:f6b91939-304b-4ffe-bc60-4b1f153057aa,f6b91939-304b-4ffe-bc60-4b1f153057aa,False,0,0.0,0,0,0,0,0,0,0,5,4
T3,account:84cda3f5-943d-4a4f-b688-b96cca3febbb,84cda3f5-943d-4a4f-b688-b96cca3febbb,False,4,15.0,1,1,2,1,1,57,58,70,0
T3,account:5d18c429-3889-4206-a9dc-5282eb3b308c,5d18c429-3889-4206-a9dc-5282eb3b308c,False,0,0.0,0,0,0,0,0,0,0,6,5
T3,account:fcc91a8b-61b4-4152-9661-db3cdeca7bbc,fcc91a8b-61b4-4152-9661-db3cdeca7bbc,False,5,6.0,2,2,1,2,2,50,51,37,0
T3,account:2d0895ef-0aa1-4e18-8635-d8b60e161e96,2d0895ef-0aa1-4e18-8635-d8b60e161e96,False,3,3.0,1,1,1,1,1,28,28,78,0
T3,account:68ee91c0-a73a-40ac-aaaf-e6110941ec9c,68ee91c0-a73a-40ac-aaaf-e6110941ec9c,False,3,3.0,1,1,1,1,1,25,25,52,0
T3,account:b2d6ed2d-ab0b-41a0-818b-d56b2cbed987,b2d6ed2d-ab0b-41a0-818b-d56b2cbed987,False,0,0.0,0,0,0,0,0,0,0,7,6
T3,account:cc520c74-bfc3-48df-82c6-593a9d518a87,cc520c74-bfc3-48df-82c6-593a9d518a87,False,9,12.0,3,3,3,3,3,63,63,63,0
T3,account:9db6695c-5101-4b94-b293-cbacc63f6b0d,9db6695c-5101-4b94-b293-cbacc63f6b0d,False,4,9.0,1,1,2,1,1,41,41,72,0
T3,account:2684abce-8b72-480d-947c-11eff6abe2eb,2684abce-8b72-480d-947c-11eff6abe2eb,False,7,9.0,2,2,3,2,2,72,72,12,0
T3,account:c673f2c3-523c-48e4-80d2-f30af1c55e73,c673f2c3-523c-48e4-80d2-f30af1c55e73,False,7,12.0,1,3,3,1,3,55,55,72,0
T3,account:a2e29b4e-ace2-46b5-8a6e-6bc64d79b71b,a2e29b4e-ace2-46b5-8a6e-6bc64d79b71b,False,4,9.0,1,2,1,1,2,30,30,22,0
T3,account:e9e2646a-cc01-4ebd-944f-99e3b8930f5b,e9e2646a-cc01-4ebd-944f-99e3b8930f5b,False,3,3.0,1,1,1,1,1,34,34,29,0
T3,account:3b7910cc-3803-4fbc-90fc-f96525d4ad53,3b7910cc-3803-4fbc-90fc-f96525d4ad53,False,9,18.0,2,1,6,2,1,131,137,4,0
T3,account:c9ceb9ed-59e1-45fd-baf5-fa61c3585a5d,c9ceb9ed-59e1-45fd-baf5-fa61c3585a5d,False,6,9.0,1,2,3,1,2,72,72,37,0
T3,account:9e25c454-3cd5-4e6e-b2de-5a7d487260f7,9e25c454-3cd5-4e6e-b2de-5a7d487260f7,False,3,6.0,1,1,1,1,1,19,19,63,0
T3,account:0e2daf53-7384-4b0e-9f16-5431e7b150bc,0e2daf53-7384-4b0e-9f16-5431e7b150bc,False,6,15.0,1,4,1,1,4,40,40,63,0
T3,account:eb9a66cb-a17b-48b7-a2bd-5a7820b6af51,eb9a66cb-a17b-48b7-a2bd-5a7820b6af51,False,8,18.0,2,4,2,2,4,64,65,4,0
T3,account:1596a1d3-1863-4924-8c03-8f5b8d924e38,1596a1d3-1863-4924-8c03-8f5b8d924e38,False,3,3.0,1,1,1,1,1,31,31,22,0
T3,account:763b7e77-b92b-4278-8c6a-d24851ad919b,763b7e77-b92b-4278-8c6a-d24851ad919b,False,6,9.0,2,2,2,2,2,52,52,54,0
T3,account:2bb3ebb6-1961-4453-b22d-e11bfa439118,2bb3ebb6-1961-4453-b22d-e11bfa439118,False,6,12.0,2,3,1,2,3,49,50,21,0
T3,account:091163c1-b7a0-4c60-a110-67f1497547e0,091163c1-b7a0-4c60-a110-67f1497547e0,False,5,9.0,2,2,1,2,2,40,40,14,0
T3,account:11398f85-1c7f-45ab-956d-b83ec4029dbe,11398f85-1c7f-45ab-956d-b83ec4029dbe,False,3,3.0,1,1,1,1,1,29,29,63,0
T3,account:98f7b321-0efa-4507-978a-1715ad8b9695,98f7b321-0efa-4507-978a-1715ad8b9695,False,5,9.0,1,2,2,1,2,56,57,78,0
T3,account:2ccec02b-5485-44d5-aa35-acda7c422498,2ccec02b-5485-44d5-aa35-acda7c422498,False,5,6.0,1,2,2,1,2,55,55,78,0
T3,account:270b5900-9681-4d29-be45-5d101bb9bf14,270b5900-9681-4d29-be45-5d101bb9bf14,False,5,12.0,1,2,2,1,2,44,44,22,0
T3,account:295ba8ec-7443-435c-8942-4d77b638362f,295ba8ec-7443-435c-8942-4d77b638362f,False,6,12.0,3,1,2,3,1,56,57,72,0
T3,account:2d9080ab-ea19-4cc2-9f07-5d179e7f277b,2d9080ab-ea19-4cc2-9f07-5d179e7f277b,False,6,12.0,1,2,3,1,2,72,72,78,0
T3,account:76aadd48-25ee-48bd-88d5-9c6ff9828ddd,76aadd48-25ee-48bd-88d5-9c6ff9828ddd,False,6,18.0,2,2,2,2,2,65,65,69,0
T3,account:528df890-11e0-4e29-b59a-7a2381085af4,528df890-11e0-4e29-b59a-7a2381085af4,False,5,9.0,1,2,2,1,2,42,42,1,0
T3,account:ae95852e-e565-4f1f-abf8-85b8e9c95db6,ae95852e-e565-4f1f-abf8-85b8e9c95db6,False,6,9.0,3,1,2,3,1,46,46,21,0
T3,account:7731399d-707e-46da-a94d-766ad6111650,7731399d-707e-46da-a94d-766ad6111650,False,4,9.0,1,1,2,1,1,52,54,54,0
T3,account:2185da72-da68-46eb-b710-6aa5159308c2,2185da72-da68-46eb-b710-6aa5159308c2,False,3,9.0,1,1,1,1,1,24,24,70,0
T3,account:0c31a232-9575-425a-9624-22481f124097,0c31a232-9575-425a-9624-22481f124097,False,4,12.0,1,1,2,1,1,44,44,78,0
T3,account:4aa44b35-ad3c-4558-9a17-b4fddc11a771,4aa44b35-ad3c-4558-9a17-b4fddc11a771,False,5,9.0,1,2,2,1,2,60,61,21,0
T3,account:ca36f91b-3f98-4860-b697-6dc4573e9053,ca36f91b-3f98-4860-b697-6dc4573e9053,False,9,24.0,2,2,5,2,2,125,126,72,0
T3,account:03ab16f4-c030-436c-a7e7-835495fdbfb2,03ab16f4-c030-436c-a7e7-835495fdbfb2,False,4,6.0,1,1,2,1,1,42,42,72,0
T3,account:9509509b-1db5-483e-8281-184028c6256b,9509509b-1db5-483e-8281-184028c6256b,False,5,15.0,2,1,2,2,1,44,45,22,0
T3,account:05761889-c744-4fb0-811a-c32e487e0e5a,05761889-c744-4fb0-811a-c32e487e0e5a,False,5,6.0,2,2,1,2,2,35,35,54,0
T3,account:7e82733c-79a4-41fc-8e57-23401a179cac,7e82733c-79a4-41fc-8e57-23401a179cac,False,3,3.0,1,1,1,1,1,24,24,21,0
T3,account:f38b7293-83ab-4841-92ed-c27ea7023b7d,f38b7293-83ab-4841-92ed-c27ea7023b7d,False,10,21.0,5,2,3,5,2,111,114,72,0
T3,account:55d1482e-285e-4eaf-87a9-432b4c13f814,55d1482e-285e-4eaf-87a9-432b4c13f814,False,3,3.0,1,1,1,1,1,33,33,1,0
T3,account:36090337-1c69-418d-bb3c-c7fa3ee0a332,36090337-1c69-418d-bb3c-c7fa3ee0a332,False,5,9.0,1,1,3,1,0,83,85,69,0
T3,account:d01cbb4b-90f5-4b77-9bcb-d4a11d8e41a5,d01cbb4b-90f5-4b77-9bcb-d4a11d8e41a5,False,9,15.0,3,1,5,3,1,116,119,54,0
T3,account:dddd1229-cbe1-47d7-aad2-4e12a029afb4,dddd1229-cbe1-47d7-aad2-4e12a029afb4,False,6,9.0,2,2,2,2,2,70,70,45,0
T3,account:0a6a4ff5-16f0-42eb-a186-d15360b58305,0a6a4ff5-16f0-42eb-a186-d15360b58305,False,7,9.0,3,1,3,3,1,75,75,54,0
T3,account:976cd7b2-743e-4d7d-94f9-9e4525c66337,976cd7b2-743e-4d7d-94f9-9e4525c66337,False,3,6.0,1,1,1,1,1,31,31,1,0
T3,account:b0f41db1-a359-42e9-a672-fbe59f076754,b0f41db1-a359-42e9-a672-fbe59f076754,False,6,12.0,2,2,2,2,2,58,59,45,0
T3,account:db129de3-3916-41b7-ae7e-1f75ea3a1aaa,db129de3-3916-41b7-ae7e-1f75ea3a1aaa,False,5,12.0,1,2,2,1,2,48,49,1,0
T3,account:9dce417e-905a-48aa-b967-39e645120e9c,9dce417e-905a-48aa-b967-39e645120e9c,False,5,6.0,1,2,2,1,2,36,36,63,0
T3,account:f958a604-920c-40ad-9530-9fa96cde7e67,f958a604-920c-40ad-9530-9fa96cde7e67,False,6,9.0,1,2,3,1,2,77,77,70,0
T3,account:3fdc100d-12b9-4958-bfc1-44e04f2ea71b,3fdc100d-12b9-4958-bfc1-44e04f2ea71b,False,3,3.0,1,1,1,1,1,32,32,4,0
T3,account:beaf9128-bc96-4186-a8eb-fa09a4761890,beaf9128-bc96-4186-a8eb-fa09a4761890,False,0,0.0,0,0,0,0,0,0,0,8,7
T3,account:76b299f2-c1ce-454d-bc94-b8d7a38c2e19,76b299f2-c1ce-454d-bc94-b8d7a38c2e19,False,5,12.0,1,2,2,1,2,48,48,37,0
T3,account:b6d7ac8c-9444-4921-929e-7924269856e6,b6d7ac8c-9444-4921-929e-7924269856e6,False,4,6.0,2,1,1,2,1,43,43,58,0
T3,account:aa4243b4-c31f-44d4-a7ed-0185e604c581,aa4243b4-c31f-44d4-a7ed-0185e604c581,False,4,6.0,1,2,1,1,2,22,22,46,0
T3,account:ce245ba2-8b30-45a9-947d-06439cc8d061,ce245ba2-8b30-45a9-947d-06439cc8d061,False,4,6.0,1,1,2,1,1,54,56,70,0
T3,account:0c76847d-05d0-4327-8c83-2e56fd6e6dbd,0c76847d-05d0-4327-8c83-2e56fd6e6dbd,False,6,9.0,2,2,2,2,2,51,51,52,0
T3,account:eadbbff6-e99b-4d2e-ac9a-d001175860e5,eadbbff6-e99b-4d2e-ac9a-d001175860e5,False,7,15.0,2,4,1,2,4,35,35,63,0
T3,account:035a1fe7-5a19-48bd-916c-293ac1577cea,035a1fe7-5a19-48bd-916c-293ac1577cea,False,7,21.0,4,2,1,4,2,45,46,70,0
T3,account:e6ed3dc9-98fc-4f93-94e8-4d1016b35337,e6ed3dc9-98fc-4f93-94e8-4d1016b35337,False,5,6.0,2,1,2,2,1,56,56,45,0
T3,account:02803a6f-cd60-49e2-886b-c8375f18eacb,02803a6f-cd60-49e2-886b-c8375f18eacb,False,6,9.0,3,1,2,3,1,57,58,14,0
T3,account:c2d28e04-2802-4b02-a298-3d6098c8d953,c2d28e04-2802-4b02-a298-3d6098c8d953,False,5,9.0,1,1,3,1,1,66,67,70,0
T3,account:28fdce7b-6bcb-4b51-8a86-b81d44a3947d,28fdce7b-6bcb-4b51-8a86-b81d44a3947d,False,4,9.0,1,1,2,1,1,49,49,21,0
T3,account:8d6acc4c-8c9a-40fc-9752-0ecd98316e38,8d6acc4c-8c9a-40fc-9752-0ecd98316e38,False,4,9.0,1,1,2,1,1,40,40,12,0
T3,account:dd3ff9b0-fd5c-4f98-a80a-51e4cce04327,dd3ff9b0-fd5c-4f98-a80a-51e4cce04327,False,4,6.0,1,1,2,1,1,43,43,78,0
T3,account:25a1d373-17cf-45f7-8894-613f5f2a1083,25a1d373-17cf-45f7-8894-613f5f2a1083,False,0,0.0,0,0,0,0,0,0,0,9,8
T3,account:6e963a0e-db80-4bd2-8cca-ca4a4adf1ec7,6e963a0e-db80-4bd2-8cca-ca4a4adf1ec7,False,4,9.0,1,1,2,1,1,44,44,54,0
T3,account:5e1786b6-ccf1-4603-ba8a-d1299d372232,5e1786b6-ccf1-4603-ba8a-d1299d372232,False,5,9.0,1,1,3,1,1,65,65,4,0
T3,account:079bb779-9245-441b-81bd-bc0ba2242d41,079bb779-9245-441b-81bd-bc0ba2242d41,False,3,3.0,1,1,1,1,1,27,27,46,0
T3,account:2a4810df-d9ab-4c13-839b-55a57f1e5800,2a4810df-d9ab-4c13-839b-55a57f1e5800,False,5,6.0,2,2,1,1,2,29,29,46,0
T3,account:868f13ba-4bd1-4def-ac26-09881345ec69,868f13ba-4bd1-4def-ac26-09881345ec69,False,3,9.0,1,1,1,1,1,21,21,70,0
T3,account:9ea0f494-1185-447e-9b76-16298aef9520,9ea0f494-1185-447e-9b76-16298aef9520,False,3,3.0,1,1,1,1,1,30,30,29,0
T3,account:b393897c-7d97-41fe-bba9-ee4967d73ccd,b393897c-7d97-41fe-bba9-ee4967d73ccd,False,5,6.0,2,2,1,2,2,32,33,72,0
T3,account:0a17bdc7-7913-4001-b023-cc2765deddd3,0a17bdc7-7913-4001-b023-cc2765deddd3,False,3,3.0,1,1,1,1,1,30,30,71,0
T3,account:02a74fb3-96e5-4ad0-88d0-b33ab484570f,02a74fb3-96e5-4ad0-88d0-b33ab484570f,False,5,6.0,2,2,1,2,2,29,29,21,0
T3,account:0a46d287-7d67-446e-bf30-fefc8162f976,0a46d287-7d67-446e-bf30-fefc8162f976,False,5,9.0,1,2,2,1,2,46,47,37,0
T3,account:da549b0d-a9cb-44a7-be35-d26fd5e1b780,da549b0d-a9cb-44a7-be35-d26fd5e1b780,False,4,6.0,1,1,2,1,1,45,46,1,0
T3,account:41138b75-e5ca-41af-8008-6e8422e3bf31,41138b75-e5ca-41af-8008-6e8422e3bf31,False,0,0.0,0,0,0,0,0,0,0,10,9
T3,account:096fed38-6e1b-4c60-af49-82fa68687562,096fed38-6e1b-4c60-af49-82fa68687562,False,8,18.0,2,3,3,2,3,72,72,22,0
T3,account:d32ecb0c-4f6a-49a8-be8b-ed1dc027c737,d32ecb0c-4f6a-49a8-be8b-ed1dc027c737,False,9,21.0,3,3,3,3,3,85,85,70,0
T3,account:e1c4fd22-191b-41d9-b9e9-1a3f3536001f,e1c4fd22-191b-41d9-b9e9-1a3f3536001f,False,5,9.0,1,2,2,1,2,55,55,63,0
T3,account:8498800e-69bf-4224-be50-79d95d28ced3,8498800e-69bf-4224-be50-79d95d28ced3,False,3,3.0,1,1,1,1,1,30,30,46,0
T3,account:11e37bba-cb7d-4072-8000-0773d35c72b4,11e37bba-cb7d-4072-8000-0773d35c72b4,False,4,6.0,1,1,2,1,1,37,38,70,0
T3,account:db58458a-d5d4-4787-90b4-411a609aee4f,db58458a-d5d4-4787-90b4-411a609aee4f,False,4,6.0,2,1,1,2,1,33,33,14,0
T3,account:0251bdb3-2699-43e9-9b8a-444657f26841,0251bdb3-2699-43e9-9b8a-444657f26841,False,6,12.0,3,1,2,3,1,52,54,63,0
T3,account:c6216415-3c9d-4a1b-b3af-c6e7d06fd6ca,c6216415-3c9d-4a1b-b3af-c6e7d06fd6ca,False,3,6.0,1,1,1,1,1,32,32,45,0
T3,account:60c2c2f1-655d-4691-9318-00c2cdb96766,60c2c2f1-655d-4691-9318-00c2cdb96766,False,7,12.0,2,3,2,2,3,53,53,52,0
T3,account:044fd8c3-6c9a-477d-8262-d021fab079b3,044fd8c3-6c9a-477d-8262-d021fab079b3,False,6,12.0,2,1,3,2,1,62,63,12,0
T3,account:5e31bd00-4358-41a4-974f-bef1a006936d,5e31bd00-4358-41a4-974f-bef1a006936d,False,6,9.0,2,1,3,2,1,64,65,45,0
T3,account:ea56fb92-118b-4d5e-a7ce-10218e63cb16,ea56fb92-118b-4d5e-a7ce-10218e63cb16,False,3,3.0,1,1,1,1,1,24,24,63,0
T3,account:09181f16-2cc1-460d-b212-ce4f2b7063c2,09181f16-2cc1-460d-b212-ce4f2b7063c2,False,7,15.0,2,2,3,2,2,86,87,58,0
T3,account:dc0974d8-008f-4ce1-9766-4828c073c9fc,dc0974d8-008f-4ce1-9766-4828c073c9fc,False,4,6.0,2,1,1,2,1,42,42,29,0
T3,account:0f6d7e13-73a9-43ec-b087-6912bded19fb,0f6d7e13-73a9-43ec-b087-6912bded19fb,False,8,12.0,3,3,2,3,2,73,74,45,0
T3,account:1cdebfa5-bd3e-494c-9cde-4b08ce4a54b2,1cdebfa5-bd3e-494c-9cde-4b08ce4a54b2,False,3,18.0,1,1,1,1,0,34,34,78,0
T3,account:b83b732a-dde3-4d24-9ce7-d855acd48e12,b83b732a-dde3-4d24-9ce7-d855acd48e12,False,6,6.0,2,2,2,2,2,54,56,37,0
T3,account:1f261172-833d-4777-9118-be43fd83e137,1f261172-833d-4777-9118-be43fd83e137,False,5,6.0,1,2,2,1,2,52,52,14,0
T3,account:7d4e0139-4d61-446e-bd27-41c14314e47d,7d4e0139-4d61-446e-bd27-41c14314e47d,False,5,9.0,2,1,2,2,1,59,60,78,0
T3,account:dccca5db-e1ac-4092-b9c2-4e49b26b62a7,dccca5db-e1ac-4092-b9c2-4e49b26b62a7,False,8,12.0,3,2,3,3,2,76,77,78,0
T3,account:e15be357-c061-41e3-a6ff-2a63c6e4468d,e15be357-c061-41e3-a6ff-2a63c6e4468d,False,5,15.0,2,1,2,2,1,42,42,14,0
T3,account:5f24146e-5fec-408f-8ac1-52e57819ab3a,5f24146e-5fec-408f-8ac1-52e57819ab3a,False,4,6.0,1,1,2,1,1,53,54,46,0
T3,account:016cc018-2ad2-4556-90ca-a15c7d29a9e2,016cc018-2ad2-4556-90ca-a15c7d29a9e2,False,4,15.0,2,1,1,2,1,34,34,21,0
T3,account:5c87af04-2d30-4d46-b687-0fbe2ccd6d64,5c87af04-2d30-4d46-b687-0fbe2ccd6d64,False,4,6.0,2,1,1,2,1,30,30,21,0
T3,account:ef7c8bbd-9dcd-49a4-9dc5-a26357459d6c,ef7c8bbd-9dcd-49a4-9dc5-a26357459d6c,False,5,12.0,2,1,2,2,1,59,59,54,0
T3,account:517b8779-2ff9-43a0-8b35-068739a1fe3e,517b8779-2ff9-43a0-8b35-068739a1fe3e,False,3,3.0,1,1,1,1,1,24,24,69,0
T3,account:d56946bf-c0c0-49bd-9ba0-e2183f453f6a,d56946bf-c0c0-49bd-9ba0-e2183f453f6a,False,3,3.0,1,1,1,1,1,35,35,1,0
T3,account:55f74866-6bd3-4e73-a7bb-fa53e4c848e9,55f74866-6bd3-4e73-a7bb-fa53e4c848e9,False,6,18.0,2,2,2,2,2,51,51,52,0
T3,account:f19884aa-a290-4dfd-95d3-025a7f2deeb8,f19884aa-a290-4dfd-95d3-025a7f2deeb8,False,5,6.0,1,2,2,1,2,53,53,54,0
T3,account:2f9914f4-564c-41e5-a450-e3604156e71f,2f9914f4-564c-41e5-a450-e3604156e71f,False,3,15.0,1,1,1,1,1,30,30,29,0
T3,account:3ae08cf1-e27a-47a5-8d51-94d54526c186,3ae08cf1-e27a-47a5-8d51-94d54526c186,False,8,18.0,1,4,3,1,4,66,67,46,0
T3,account:49556bfd-857d-47e6-be6c-1d515f06c166,49556bfd-857d-47e6-be6c-1d515f06c166,False,4,9.0,2,1,1,2,1,43,43,12,0
T3,account:ebc0dfeb-b185-4b03-972d-e25b91622c36,ebc0dfeb-b185-4b03-972d-e25b91622c36,False,6,12.0,1,2,3,1,2,67,70,70,0
T3,account:ac1be933-eb21-44ad-a4f0-ea53f4cf39e4,ac1be933-eb21-44ad-a4f0-ea53f4cf39e4,False,0,0.0,0,0,0,0,0,0,0,11,10
T3,account:b7d2f20b-5e4c-44f1-b813-22adcd96974b,b7d2f20b-5e4c-44f1-b813-22adcd96974b,False,4,9.0,1,1,2,1,1,48,48,37,0
T3,account:7dce7eb4-034a-4c90-977e-e91f6e31ba88,7dce7eb4-034a-4c90-977e-e91f6e31ba88,False,3,3.0,1,1,1,1,1,30,30,70,0
T3,account:1f1a493b-36a8-404c-a839-083807593091,1f1a493b-36a8-404c-a839-083807593091,False,6,18.0,1,1,4,1,0,88,92,46,0
T3,account:3c82bdb2-406e-4ccc-bcc0-eae818a05bfc,3c82bdb2-406e-4ccc-bcc0-eae818a05bfc,False,5,9.0,3,1,1,3,1,39,39,63,0
T3,account:b26cb4b7-328e-44a5-8e39-d6135da24991,b26cb4b7-328e-44a5-8e39-d6135da24991,False,5,12.0,1,2,2,1,1,41,42,52,0
T3,account:d311ee8c-579f-4641-a394-ab4a7260dc07,d311ee8c-579f-4641-a394-ab4a7260dc07,False,7,18.0,1,3,3,1,3,77,83,12,0
T3,account:8a4ca15a-d440-40e7-ad89-b6b15de97326,8a4ca15a-d440-40e7-ad89-b6b15de97326,False,3,3.0,1,1,1,1,1,36,36,70,0
T3,account:d3030db4-1c57-4aeb-a5dd-e161047aa95f,d3030db4-1c57-4aeb-a5dd-e161047aa95f,False,5,6.0,1,2,2,1,2,56,57,54,0
T3,account:4db9eb05-c750-4ea1-8aaf-2ffbe8be7f91,4db9eb05-c750-4ea1-8aaf-2ffbe8be7f91,False,4,9.0,2,1,1,2,1,32,32,52,0
T3,account:f3639ff8-05ec-4620-8559-3798ed5c1722,f3639ff8-05ec-4620-8559-3798ed5c1722,False,6,9.0,2,2,2,2,2,46,46,69,0
T3,account:f55a107a-dc81-45a2-b88d-d572d7286633,f55a107a-dc81-45a2-b88d-d572d7286633,False,6,12.0,2,1,3,2,1,69,70,46,0
T3,account:66f99899-bc17-414d-a1cf-f3271ba64e65,66f99899-bc17-414d-a1cf-f3271ba64e65,False,7,9.0,3,1,3,3,1,81,81,21,0
T3,account:95c14b99-b4c8-4dd6-bac2-839b67f51d3e,95c14b99-b4c8-4dd6-bac2-839b67f51d3e,False,4,12.0,1,1,2,1,1,50,50,78,0
T3,account:d7623fe6-8cd3-4119-ba0f-c8401c7be558,d7623fe6-8cd3-4119-ba0f-c8401c7be558,False,3,3.0,1,1,1,1,1,33,33,69,0
T3,account:c8c72e17-cf03-4266-b1aa-d2df464f575c,c8c72e17-cf03-4266-b1aa-d2df464f575c,False,3,6.0,1,1,1,1,0,26,26,21,0
T3,account:272b9e18-2a39-463e-8179-5de00f778327,272b9e18-2a39-463e-8179-5de00f778327,False,4,6.0,1,1,2,1,1,46,47,21,0
T3,account:941477fc-61bd-4f06-910d-65fbc303cc5b,941477fc-61bd-4f06-910d-65fbc303cc5b,False,3,3.0,1,1,1,1,1,30,30,12,0
T3,account:d8058403-1acc-4629-841e-c248fefbbb97,d8058403-1acc-4629-841e-c248fefbbb97,False,4,6.0,1,1,2,1,1,61,61,4,0
T3,account:ce9f4132-7c66-4cdd-8bd9-77b86c13663a,ce9f4132-7c66-4cdd-8bd9-77b86c13663a,False,7,15.0,2,3,2,2,3,65,66,12,0
T3,account:72a1f293-221c-426a-b734-8d2aaee670f5,72a1f293-221c-426a-b734-8d2aaee670f5,False,4,6.0,1,1,2,1,1,61,62,69,0
T3,account:f08ce434-8373-4034-b6f6-6dd999ea3823,f08ce434-8373-4034-b6f6-6dd999ea3823,False,10,18.0,3,3,4,3,3,96,98,54,0
T3,account:aca26e72-dba1-4860-a8a0-e1ba7f1ebc77,aca26e72-dba1-4860-a8a0-e1ba7f1ebc77,False,3,3.0,1,1,1,1,1,29,30,1,0
T3,account:0bdd517a-504e-4567-abd9-ce7ec5a05bb2,0bdd517a-504e-4567-abd9-ce7ec5a05bb2,False,4,9.0,1,1,2,1,1,41,41,46,0
T3,account:fba83924-8606-44ef-9c76-1bc167dcfa12,fba83924-8606-44ef-9c76-1bc167dcfa12,False,8,15.0,4,1,3,4,1,89,91,45,0
T3,account:659e60e2-70fc-4f9a-b61d-ce4d1b39e81e,659e60e2-70fc-4f9a-b61d-ce4d1b39e81e,False,6,15.0,1,2,3,1,2,72,75,69,0
T3,account:bcc12846-f246-4025-b634-3f0825475a86,bcc12846-f246-4025-b634-3f0825475a86,False,6,15.0,1,3,2,1,3,55,55,70,0
T3,account:2bc8dd44-0ee6-4019-96bc-bc878b548278,2bc8dd44-0ee6-4019-96bc-bc878b548278,False,5,15.0,1,2,2,1,2,72,75,69,0
T3,account:969531e0-19ed-4c13-ad61-297dc87ffa1d,969531e0-19ed-4c13-ad61-297dc87ffa1d,False,4,6.0,1,2,1,1,2,35,35,12,0
T3,account:655a8f51-e4a0-43b9-89be-e34b876a40b0,655a8f51-e4a0-43b9-89be-e34b876a40b0,False,6,12.0,3,1,2,3,1,58,58,78,0
T3,account:4dcccccb-79eb-453a-87e4-60a877c87bab,4dcccccb-79eb-453a-87e4-60a877c87bab,False,4,6.0,1,1,2,1,1,43,44,72,0
T3,account:21d9a6a1-80a1-4ca5-a507-1e67c3fb07e2,21d9a6a1-80a1-4ca5-a507-1e67c3fb07e2,False,7,15.0,1,3,3,1,3,74,74,70,0
T3,account:cd11cda1-fcfc-41d5-ab5d-f85c737c8876,cd11cda1-fcfc-41d5-ab5d-f85c737c8876,False,3,3.0,1,1,1,1,1,27,27,46,0
T3,account:8371a67f-ec9c-4e34-a47a-55d2d9f25b94,8371a67f-ec9c-4e34-a47a-55d2d9f25b94,False,3,9.0,1,1,1,1,1,26,26,14,0
T3,account:c2462b18-1a5e-4dbf-83d9-41947fadf06a,c2462b18-1a5e-4dbf-83d9-41947fadf06a,False,4,6.0,1,1,2,1,1,51,51,14,0
T3,account:ea5368c6-be94-48b8-97cb-7d5b5477535e,ea5368c6-be94-48b8-97cb-7d5b5477535e,False,8,18.0,2,2,4,2,2,89,89,14,0
T3,account:d6fb1fe5-e6fc-46bf-bdf5-691003ae24d9,d6fb1fe5-e6fc-46bf-bdf5-691003ae24d9,False,7,15.0,3,1,3,3,1,80,83,54,0
T3,account:08d1a1ae-b926-4ae7-8795-c78dfb3a5622,08d1a1ae-b926-4ae7-8795-c78dfb3a5622,False,6,12.0,1,3,2,1,2,37,37,70,0
T3,account:3e8a7e9f-109d-4857-9363-8800e86e9c6a,3e8a7e9f-109d-4857-9363-8800e86e9c6a,False,6,9.0,2,1,3,2,1,62,62,14,0
T3,account:90c827ad-8b58-4eb1-9818-f530aaa2e7d5,90c827ad-8b58-4eb1-9818-f530aaa2e7d5,False,5,12.0,1,1,3,1,1,63,64,63,0
T3,account:40e8be6c-a180-46ea-be9c-e39091503b93,40e8be6c-a180-46ea-be9c-e39091503b93,False,4,12.0,1,1,2,1,1,55,55,14,0
T3,account:febd48eb-a7dd-4648-aef1-0f28e5333c4a,febd48eb-a7dd-4648-aef1-0f28e5333c4a,False,7,15.0,2,2,3,2,2,80,80,21,0
T3,account:fb62594b-f0d8-4121-8c77-b6ff81c63572,fb62594b-f0d8-4121-8c77-b6ff81c63572,False,11,27.0,4,3,4,4,3,113,116,45,0
T3,account:162a8732-f6e6-491d-ab5a-6fe8dc7f0d52,162a8732-f6e6-491d-ab5a-6fe8dc7f0d52,False,6,6.0,2,2,2,2,2,45,45,21,0
T3,account:6f0a4b03-359b-41a5-90b3-e88c9d2e3e93,6f0a4b03-359b-41a5-90b3-e88c9d2e3e93,False,7,9.0,2,3,2,2,3,57,57,1,0
T3,account:965b191c-8e15-4de0-9e0c-002df0dae597,965b191c-8e15-4de0-9e0c-002df0dae597,False,4,15.0,1,1,2,1,0,47,48,21,0
T3,account:2c82dc8b-de8d-4017-a9cd-8981bc1865ca,2c82dc8b-de8d-4017-a9cd-8981bc1865ca,False,3,3.0,1,1,1,1,1,26,27,63,0
T3,account:1e8e39e3-63bb-4230-b363-eaf38d965849,1e8e39e3-63bb-4230-b363-eaf38d965849,False,5,12.0,1,1,3,1,1,72,72,54,0
T3,account:8954e418-4ea3-40df-a8d6-b3381d5e909a,8954e418-4ea3-40df-a8d6-b3381d5e909a,False,7,18.0,3,2,2,3,2,70,71,14,0
T3,account:20eda557-bd25-46a0-a5a5-d01ba447401a,20eda557-bd25-46a0-a5a5-d01ba447401a,False,6,15.0,2,1,3,2,1,64,64,12,0
T3,account:d044ab59-a965-4f38-bc22-ec4f0980cd51,d044ab59-a965-4f38-bc22-ec4f0980cd51,False,4,6.0,1,2,1,1,2,34,34,46,0
T3,account:62197739-02bf-4e8e-87b7-239cc3f210c2,62197739-02bf-4e8e-87b7-239cc3f210c2,False,4,6.0,1,2,1,1,2,34,34,69,0
T3,account:e5a9e77e-a04f-4e94-a8a6-75a6db4a7657,e5a9e77e-a04f-4e94-a8a6-75a6db4a7657,False,5,6.0,2,2,1,2,2,33,33,78,0
T3,account:410a5ec6-f9ef-44c3-938b-60137b61e20a,410a5ec6-f9ef-44c3-938b-60137b61e20a,False,7,15.0,1,3,3,1,3,77,79,21,0
T3,account:0ac48d21-af5f-41e9-98c5-15014ced68e8,0ac48d21-af5f-41e9-98c5-15014ced68e8,False,7,12.0,1,3,3,1,3,77,79,70,0
T3,account:1e2709fb-d7fa-4fe5-89f7-52470b5c9838,1e2709fb-d7fa-4fe5-89f7-52470b5c9838,False,6,6.0,2,2,2,2,2,65,65,22,0
T3,account:ef78bb26-a594-4f20-a6b6-919ccce6a168,ef78bb26-a594-4f20-a6b6-919ccce6a168,False,8,18.0,2,4,2,2,4,53,55,12,0
T3,account:677f0655-1002-4792-a806-c36587605e7f,677f0655-1002-4792-a806-c36587605e7f,False,3,3.0,1,1,1,1,1,36,36,4,0
T3,account:1f84bb9e-595a-4113-b005-f66dc6f70d61,1f84bb9e-595a-4113-b005-f66dc6f70d61,True,7,21.0,2,3,2,2,3,68,84,69,0
T3,account:954c3ebf-2155-461d-bed5-6702933426a3,954c3ebf-2155-461d-bed5-6702933426a3,False,3,6.0,1,1,1,1,1,26,26,21,0
T3,account:b8e03c7c-8adb-4cbc-8d52-4a394490b9c5,b8e03c7c-8adb-4cbc-8d52-4a394490b9c5,False,7,27.0,1,3,3,1,3,77,79,14,0
T3,account:d6c14914-9b62-4174-afb4-c7bf3753cf91,d6c14914-9b62-4174-afb4-c7bf3753cf91,False,4,6.0,1,1,2,1,1,44,45,72,0
T3,account:d827192b-9fc1-4925-9ee7-4b114a619a9f,d827192b-9fc1-4925-9ee7-4b114a619a9f,False,4,6.0,1,2,1,1,2,44,44,1,0
T3,account:5604a176-a5aa-4894-bbdd-15824827e7cb,5604a176-a5aa-4894-bbdd-15824827e7cb,False,5,12.0,1,2,2,1,2,58,58,46,0
T3,account:e7adc3a0-e68d-42f7-a73b-1a4bc2cce84c,e7adc3a0-e68d-42f7-a73b-1a4bc2cce84c,False,5,6.0,2,1,2,2,1,59,62,12,0
T3,account:e046de19-26a7-4450-9092-849af63d3182,e046de19-26a7-4450-9092-849af63d3182,False,9,24.0,2,3,4,2,3,103,107,58,0
T3,account:485bd000-7765-4be4-93c1-0e1ef277e74c,485bd000-7765-4be4-93c1-0e1ef277e74c,False,3,6.0,1,1,1,1,1,28,28,69,0
T3,account:41d905ac-e63d-48b3-bf1e-9135503692bc,41d905ac-e63d-48b3-bf1e-9135503692bc,False,4,9.0,1,2,1,1,2,41,41,22,0
T3,account:ba33a339-f0ce-4662-8900-aa121ff84824,ba33a339-f0ce-4662-8900-aa121ff84824,False,7,15.0,2,3,2,2,3,57,58,54,0
T3,account:38431c90-8dc4-41e3-98c4-b0238a05ca2d,38431c90-8dc4-41e3-98c4-b0238a05ca2d,False,3,6.0,1,1,1,1,1,23,23,70,0
T3,account:91071fbc-2b38-498f-a5af-a62dcf656180,91071fbc-2b38-498f-a5af-a62dcf656180,False,4,6.0,1,2,1,1,2,31,31,78,0
T3,account:c7a535d8-edcb-4b3a-8076-c0b278a912c1,c7a535d8-edcb-4b3a-8076-c0b278a912c1,False,9,15.0,4,2,3,4,1,84,85,14,0
T3,account:4fe097d6-c1a7-4839-9c80-c8b1e9621196,4fe097d6-c1a7-4839-9c80-c8b1e9621196,False,8,12.0,2,3,3,2,3,79,79,22,0
T3,account:f6c651af-aaab-4cc2-890e-18d3cabce0df,f6c651af-aaab-4cc2-890e-18d3cabce0df,False,7,18.0,1,2,4,1,2,94,96,69,0
T3,account:ab8626c7-c209-432a-bab7-e4e31d5d9480,ab8626c7-c209-432a-bab7-e4e31d5d9480,False,5,6.0,2,1,2,2,1,60,61,4,0
T3,account:83e880ee-60ee-4076-9b2a-a63fac204a45,83e880ee-60ee-4076-9b2a-a63fac204a45,False,3,9.0,1,1,1,1,1,28,28,12,0
T3,account:fd618a3c-0b86-467f-9458-d2de17419792,fd618a3c-0b86-467f-9458-d2de17419792,False,6,9.0,2,2,2,2,2,71,72,4,0
T3,account:ca7fc84b-3854-4982-b448-7146979dfc6f,ca7fc84b-3854-4982-b448-7146979dfc6f,False,3,3.0,1,1,1,1,1,27,27,69,0
T3,account:4bb23697-43a8-4703-a715-5904ebfe366c,4bb23697-43a8-4703-a715-5904ebfe366c,False,8,9.0,3,3,2,3,3,53,55,46,0
T3,account:985983b4-019e-4484-a84b-8c449c5372da,985983b4-019e-4484-a84b-8c449c5372da,False,5,9.0,1,1,3,1,1,62,62,52,0
T3,account:160b052b-48c8-4c83-904b-1b32d1ba2127,160b052b-48c8-4c83-904b-1b32d1ba2127,False,6,9.0,3,2,1,3,2,42,42,58,0
T3,account:69610188-dbcc-4307-b952-b8f76a3b7124,69610188-dbcc-4307-b952-b8f76a3b7124,False,7,15.0,1,3,3,1,3,62,63,14,0
T3,account:fad57634-8eff-4261-abd0-935c2ab6e900,fad57634-8eff-4261-abd0-935c2ab6e900,False,6,12.0,1,3,2,1,3,60,60,45,0
T3,account:b7f3892c-92b6-440a-89eb-07b1bcb41797,b7f3892c-92b6-440a-89eb-07b1bcb41797,False,6,9.0,3,1,2,3,1,56,56,78,0
T3,account:60f5f5fc-22be-4068-a1f8-9e6b5fb32242,60f5f5fc-22be-4068-a1f8-9e6b5fb32242,False,5,12.0,1,2,2,1,2,61,61,70,0
T3,account:731634dd-32fb-4c0a-bb51-12cc041615f2,731634dd-32fb-4c0a-bb51-12cc041615f2,False,5,15.0,1,2,2,1,1,40,40,70,0
T3,account:05b5944b-0bce-47fb-93ed-3d45a41fe4f9,05b5944b-0bce-47fb-93ed-3d45a41fe4f9,False,6,9.0,2,1,3,2,1,79,79,37,0
T3,account:04a0c98b-9e14-4a39-979a-52525af196b6,04a0c98b-9e14-4a39-979a-52525af196b6,False,6,9.0,2,1,3,2,1,92,94,54,0
T3,account:e07654b4-4056-4f85-af6c-b92d47b4e09c,e07654b4-4056-4f85-af6c-b92d47b4e09c,False,3,3.0,1,1,1,1,1,24,24,37,0
T3,account:dfd08bea-2458-41c8-9349-6be649f37e27,dfd08bea-2458-41c8-9349-6be649f37e27,False,5,9.0,1,2,2,1,2,49,49,14,0
T3,account:c88b00b2-76b2-49d1-be51-b60bde345eb0,c88b00b2-76b2-49d1-be51-b60bde345eb0,False,5,18.0,1,1,3,1,0,63,63,14,0
T3,account:6827b1d7-408e-4a18-bf2a-336846c78d90,6827b1d7-408e-4a18-bf2a-336846c78d90,False,0,0.0,0,0,0,0,0,0,0,13,11
T3,account:17b551d4-e1cc-40e6-8d67-8ef78c088a75,17b551d4-e1cc-40e6-8d67-8ef78c088a75,False,6,9.0,3,1,2,3,1,47,47,12,0
T3,account:c0852e6d-1d27-4a6a-95f4-0cd8c2509aff,c0852e6d-1d27-4a6a-95f4-0cd8c2509aff,False,3,3.0,1,1,1,1,1,24,25,21,0
T3,account:60316458-735b-432a-a316-9c6d03c72156,60316458-735b-432a-a316-9c6d03c72156,False,5,6.0,1,2,2,1,1,50,50,14,0
T3,account:4c8770d0-aa3b-44e4-9fd2-8650da427c16,4c8770d0-aa3b-44e4-9fd2-8650da427c16,False,5,6.0,1,2,2,1,1,46,47,54,0
T3,account:d32ad5b5-6dd5-42bc-834e-4fb454a4d8ee,d32ad5b5-6dd5-42bc-834e-4fb454a4d8ee,False,5,12.0,2,1,2,2,1,55,55,1,0
T3,account:0d07ffe6-3ff5-444c-8723-23df8fec9f05,0d07ffe6-3ff5-444c-8723-23df8fec9f05,False,5,6.0,1,2,2,1,2,51,51,63,0
T3,account:62697308-a327-4a26-bbc6-bbbd07910999,62697308-a327-4a26-bbc6-bbbd07910999,False,4,12.0,1,1,2,1,1,46,46,70,0
T3,account:a4981f70-053b-4ea4-afce-ff30ef2bceaa,a4981f70-053b-4ea4-afce-ff30ef2bceaa,False,5,6.0,1,2,2,1,2,49,50,12,0
T3,account:92ca44b1-b9c7-46e4-aa5c-22ef92c51f1d,92ca44b1-b9c7-46e4-aa5c-22ef92c51f1d,False,5,12.0,1,1,3,1,1,67,68,37,0
T3,account:f666ffcf-28d1-425c-a0be-866bae25b48b,f666ffcf-28d1-425c-a0be-866bae25b48b,False,8,15.0,3,3,2,3,3,60,61,14,0
T3,account:8a7f8aaf-271f-4ba8-a991-a7de6efae2bb,8a7f8aaf-271f-4ba8-a991-a7de6efae2bb,False,6,12.0,1,3,2,1,2,63,64,45,0
T3,account:a6a13eb9-47e8-4940-958d-ac51860dd351,a6a13eb9-47e8-4940-958d-ac51860dd351,False,4,18.0,1,1,2,1,1,54,55,22,0
T3,account:f89b5476-bbed-4c27-bf19-05928ae9909e,f89b5476-bbed-4c27-bf19-05928ae9909e,False,7,12.0,2,2,3,2,2,78,80,29,0
T3,account:530a801c-869c-43fd-8a5b-559acb83f01e,530a801c-869c-43fd-8a5b-559acb83f01e,False,5,9.0,2,2,1,2,2,40,41,14,0
T3,account:19522b4a-0e38-4611-8e6a-b292bf40af77,19522b4a-0e38-4611-8e6a-b292bf40af77,False,6,6.0,2,2,2,2,1,64,67,4,0
T3,account:ce122600-f118-45a6-9f21-fac005f5e5c1,ce122600-f118-45a6-9f21-fac005f5e5c1,False,3,3.0,1,1,1,1,1,22,22,46,0
T3,account:a4b383fd-50aa-4c67-ad04-c033088e0e6d,a4b383fd-50aa-4c67-ad04-c033088e0e6d,False,4,9.0,1,2,1,1,1,28,28,14,0
T3,account:d4be85e7-a0bd-4a50-9e1c-961cbe57f9d2,d4be85e7-a0bd-4a50-9e1c-961cbe57f9d2,False,3,3.0,1,1,1,1,1,39,39,45,0
T3,account:0f356891-0528-4416-95a5-74b0e7919d05,0f356891-0528-4416-95a5-74b0e7919d05,False,6,12.0,2,2,2,2,2,52,54,58,0
T3,account:15af8d46-ae90-4dd6-89c3-798d7720f612,15af8d46-ae90-4dd6-89c3-798d7720f612,False,4,6.0,1,1,2,1,1,54,54,1,0
T3,account:6efeec15-78cd-465c-8969-e36fc5fad909,6efeec15-78cd-465c-8969-e36fc5fad909,False,8,18.0,2,1,5,2,1,110,113,52,0
T3,account:5cd14b02-12df-4cac-8673-4492fee9c418,5cd14b02-12df-4cac-8673-4492fee9c418,False,7,9.0,3,1,3,3,1,78,78,46,0
T3,account:f104de0b-8ea1-44d4-8976-fa92a34736f3,f104de0b-8ea1-44d4-8976-fa92a34736f3,False,5,9.0,1,2,2,1,2,60,61,12,0
T3,account:866a133a-f873-48ba-9b7c-5c452061f809,866a133a-f873-48ba-9b7c-5c452061f809,False,5,9.0,2,2,1,2,2,36,37,14,0
T3,account:bdae5ec0-6191-452c-8f9e-3b18cf547e38,bdae5ec0-6191-452c-8f9e-3b18cf547e38,False,3,3.0,1,1,1,1,1,35,36,14,0
T3,account:775f63f7-a69a-4aaf-8bf8-80e4ba43c343,775f63f7-a69a-4aaf-8bf8-80e4ba43c343,False,5,6.0,2,1,2,2,1,55,55,58,0
T3,account:2028bd42-8ae7-4e37-8a26-1f11338bfb00,2028bd42-8ae7-4e37-8a26-1f11338bfb00,False,4,6.0,1,1,2,1,1,40,40,14,0
T3,account:b1fc0bc6-fb6a-41c5-a22f-44c62a103c80,b1fc0bc6-fb6a-41c5-a22f-44c62a103c80,False,4,12.0,2,1,1,2,1,35,35,21,0
T3,account:c400b9dc-1355-467c-b11a-2de52f333477,c400b9dc-1355-467c-b11a-2de52f333477,False,4,6.0,2,1,1,2,1,39,40,54,0
T3,account:0db297db-9942-4450-8128-5c2f5b5c52ac,0db297db-9942-4450-8128-5c2f5b5c52ac,False,3,3.0,1,1,1,1,1,24,24,37,0
T3,account:2a7c1784-69ab-4df1-909d-31ad8675233a,2a7c1784-69ab-4df1-909d-31ad8675233a,False,5,6.0,1,2,2,1,2,35,35,37,0
T3,account:74e8ed82-1809-442b-9522-f300e2c4b277,74e8ed82-1809-442b-9522-f300e2c4b277,False,9,15.0,1,4,4,1,4,96,97,12,0
T3,account:09f11333-8940-4f63-a5a9-d361001260ae,09f11333-8940-4f63-a5a9-d361001260ae,False,7,9.0,3,2,2,3,2,68,68,14,0
T3,account:495de26f-7bfd-45ba-8cd9-fb1f6210cffd,495de26f-7bfd-45ba-8cd9-fb1f6210cffd,False,6,6.0,2,2,2,2,2,63,64,37,0
T3,account:ee6dc7bb-540f-4090-ad85-4282b08df034,ee6dc7bb-540f-4090-ad85-4282b08df034,False,5,9.0,1,1,3,1,1,63,64,78,0
T3,account:23a1fb41-88f3-4d83-bc30-519326126741,23a1fb41-88f3-4d83-bc30-519326126741,False,7,12.0,3,1,3,3,1,71,73,21,0
T3,account:89b9a09b-13f3-42d8-bb7f-bef0000be70d,89b9a09b-13f3-42d8-bb7f-bef0000be70d,False,7,9.0,3,1,3,3,1,58,60,22,0
T3,account:be8d5920-9056-4b70-a25c-5e761dc21754,be8d5920-9056-4b70-a25c-5e761dc21754,False,7,15.0,2,2,3,2,2,76,76,72,0
T3,account:40eb5b1d-4bc3-4a9d-be54-b9e642e1d451,40eb5b1d-4bc3-4a9d-be54-b9e642e1d451,False,3,3.0,1,1,1,1,1,43,43,45,0
T3,account:ca8a1ac2-e8d9-40c2-be1e-b3782309b64d,ca8a1ac2-e8d9-40c2-be1e-b3782309b64d,False,7,9.0,3,3,1,3,3,59,59,37,0
T3,account:a827e4e0-f598-4570-abd6-9b5a255729db,a827e4e0-f598-4570-abd6-9b5a255729db,False,3,3.0,1,1,1,1,1,29,29,1,0
T3,account:b93888ea-6bda-459c-84bc-0c0494b81312,b93888ea-6bda-459c-84bc-0c0494b81312,False,3,9.0,1,1,1,1,1,32,32,72,0
T3,account:a23784d5-3de3-428d-bcfe-96e0a03c8807,a23784d5-3de3-428d-bcfe-96e0a03c8807,False,5,6.0,1,2,2,1,2,47,47,69,0
T3,account:e01923e9-0927-4d27-9378-e9066bba67aa,e01923e9-0927-4d27-9378-e9066bba67aa,False,7,12.0,2,3,2,2,3,54,55,78,0
T3,account:e9ac696b-d2ec-4c54-97dd-917e234dd2b0,e9ac696b-d2ec-4c54-97dd-917e234dd2b0,False,4,12.0,1,1,2,1,1,50,50,37,0
T3,account:d4f2b817-b71d-4829-9b4f-03ec07a1ed72,d4f2b817-b71d-4829-9b4f-03ec07a1ed72,False,7,18.0,3,1,3,3,1,89,92,21,0
T3,account:c81ef89a-4c0b-4314-aa86-c2a92ecb7c96,c81ef89a-4c0b-4314-aa86-c2a92ecb7c96,False,6,9.0,1,2,3,1,2,75,75,78,0
T3,account:e99a471b-6d4f-40fd-a758-b54af4f08cdc,e99a471b-6d4f-40fd-a758-b54af4f08cdc,False,3,12.0,1,1,1,1,1,29,29,78,0
T3,account:51a3e22d-05aa-4800-99f2-be5b376d510a,51a3e22d-05aa-4800-99f2-be5b376d510a,False,9,18.0,3,2,4,3,1,83,84,71,0
T3,account:176898d4-97a2-4442-b4bf-4f5b4a20aa9d,176898d4-97a2-4442-b4bf-4f5b4a20aa9d,False,4,12.0,2,1,1,2,1,35,36,58,0
T3,account:0198787e-0079-4b84-bd69-7082b1138c5b,0198787e-0079-4b84-bd69-7082b1138c5b,False,3,12.0,1,1,1,1,1,31,31,58,0
T3,account:5b01f712-8754-4a70-93a0-13da6ed73b2f,5b01f712-8754-4a70-93a0-13da6ed73b2f,False,11,21.0,4,4,3,4,4,95,96,46,0
T3,account:3960deaf-1347-4d77-bf3f-07b7f6f690a6,3960deaf-1347-4d77-bf3f-07b7f6f690a6,False,4,12.0,1,1,2,1,1,59,59,29,0
T3,account:fb3dc606-1284-46ac-9111-de8dd8489da5,fb3dc606-1284-46ac-9111-de8dd8489da5,False,6,18.0,2,2,2,2,2,57,57,46,0
T3,account:da680ce5-596d-4b08-9e6e-5e6d80911bf3,da680ce5-596d-4b08-9e6e-5e6d80911bf3,False,3,3.0,1,1,1,1,1,23,23,1,0
T3,account:6b3f92c6-b8df-4bc5-ae8d-6a1a4688df16,6b3f92c6-b8df-4bc5-ae8d-6a1a4688df16,False,6,9.0,1,2,3,1,2,65,65,72,0
T3,account:f6b993cd-43a3-478e-9dac-e9dc37cca06e,f6b993cd-43a3-478e-9dac-e9dc37cca06e,False,3,3.0,1,1,1,1,1,21,21,46,0
T3,account:dd4089cf-b728-4628-afcc-0424c985a431,dd4089cf-b728-4628-afcc-0424c985a431,False,9,27.0,2,1,6,2,1,133,136,70,0
T3,account:0dd609d4-8097-4401-acdd-b5ef9e5b332c,0dd609d4-8097-4401-acdd-b5ef9e5b332c,False,5,15.0,1,2,2,1,2,59,60,70,0
T3,account:c55332d5-2b96-420c-ba14-ebb2b9db18ac,c55332d5-2b96-420c-ba14-ebb2b9db18ac,False,3,6.0,1,1,1,1,1,33,34,54,0
T3,account:4f44a8d0-5e88-4ebe-89f3-2b7d71d59a59,4f44a8d0-5e88-4ebe-89f3-2b7d71d59a59,False,4,15.0,1,1,2,1,1,50,50,52,0
T3,account:a76935a0-fa6b-486d-bc2a-d36101629621,a76935a0-fa6b-486d-bc2a-d36101629621,False,7,12.0,2,2,3,2,2,70,71,12,0
T3,account:96713373-1ff9-4df7-b9cb-49ff5cbb7d42,96713373-1ff9-4df7-b9cb-49ff5cbb7d42,False,5,6.0,2,1,2,2,1,42,43,12,0
T3,account:4dee903b-0c16-4592-8e98-fcfd90671c99,4dee903b-0c16-4592-8e98-fcfd90671c99,False,6,9.0,2,2,2,2,2,72,73,71,0
T3,account:7a36ec11-3298-49a6-afa8-d69ea28f986e,7a36ec11-3298-49a6-afa8-d69ea28f986e,False,6,12.0,2,1,3,2,1,68,70,72,0
T3,account:0badcaef-bb28-410b-88b2-8aa7260812d2,0badcaef-bb28-410b-88b2-8aa7260812d2,False,0,0.0,0,0,0,0,0,0,0,15,12
T3,account:70766850-7ba7-466a-bdfe-095a208a3ded,70766850-7ba7-466a-bdfe-095a208a3ded,False,6,12.0,2,1,3,2,1,78,78,29,0
T3,account:ade218a0-9314-425a-b77f-e664dd1638e8,ade218a0-9314-425a-b77f-e664dd1638e8,False,3,3.0,1,1,1,1,1,33,33,12,0
T3,account:ffbe0ae8-41fc-47d8-b2f6-9e1469c1ca9c,ffbe0ae8-41fc-47d8-b2f6-9e1469c1ca9c,False,5,15.0,1,1,3,1,1,64,66,71,0
T3,account:f8e4b81f-5c1e-470f-8105-71555a5e449e,f8e4b81f-5c1e-470f-8105-71555a5e449e,False,6,9.0,2,1,3,2,1,58,59,54,0
T3,account:0b80aaab-2614-4587-8280-7b0d5eb19ebd,0b80aaab-2614-4587-8280-7b0d5eb19ebd,False,6,9.0,2,2,2,2,2,54,55,22,0
T3,account:601bb07b-2197-47a0-bf63-7c6007abf76a,601bb07b-2197-47a0-bf63-7c6007abf76a,False,6,12.0,1,2,3,1,2,82,82,12,0
T3,account:611833fa-4729-4bfd-894f-ae04528c77de,611833fa-4729-4bfd-894f-ae04528c77de,False,8,18.0,1,2,5,1,2,121,122,12,0
T3,account:1a31f825-e939-432c-ac2f-4aa5561d7858,1a31f825-e939-432c-ac2f-4aa5561d7858,False,6,9.0,2,2,2,2,2,58,59,1,0
T3,account:70fad91c-69b0-45c3-8e5b-dfe3a7a56d40,70fad91c-69b0-45c3-8e5b-dfe3a7a56d40,False,3,3.0,1,1,1,1,1,22,23,14,0
T3,account:8850ab56-7202-4692-9f89-09ebc61247a1,8850ab56-7202-4692-9f89-09ebc61247a1,False,4,6.0,1,2,1,1,2,24,25,70,0
T3,account:1f414b1f-d646-4aaf-982c-237410076068,1f414b1f-d646-4aaf-982c-237410076068,False,4,9.0,1,1,2,1,1,57,57,4,0
T3,account:f4560915-fc0b-45af-afa1-b85e2c4d2f66,f4560915-fc0b-45af-afa1-b85e2c4d2f66,False,7,18.0,1,3,3,1,3,89,90,78,0
T3,account:39735f51-7eae-4c8e-928b-079a7b1078d4,39735f51-7eae-4c8e-928b-079a7b1078d4,False,6,6.0,2,2,2,2,2,60,60,22,0
T3,account:df44b158-40e9-4376-b130-43c7f67c6ec9,df44b158-40e9-4376-b130-43c7f67c6ec9,False,4,6.0,1,2,1,1,2,36,36,21,0
T3,account:43601ca5-7446-4ea1-9fc2-5545eec2b168,43601ca5-7446-4ea1-9fc2-5545eec2b168,False,3,3.0,1,1,1,1,1,26,26,72,0
T3,account:0f12ecd1-999f-4bd1-bd23-c28257194fd6,0f12ecd1-999f-4bd1-bd23-c28257194fd6,False,4,6.0,1,1,2,1,1,32,32,46,0
T3,account:e95011fd-4d62-4918-b88a-82a6d7323486,e95011fd-4d62-4918-b88a-82a6d7323486,False,7,24.0,3,3,1,3,3,43,45,63,0
T3,account:05edfdd1-51fd-4a0e-b0b8-f00c6a7bf0fb,05edfdd1-51fd-4a0e-b0b8-f00c6a7bf0fb,False,3,3.0,1,1,1,1,1,29,29,69,0
T3,account:5780e854-abfe-491a-a781-72e64a42c55c,5780e854-abfe-491a-a781-72e64a42c55c,False,4,6.0,1,1,2,1,1,55,55,46,0
T3,account:10969c62-96ca-462c-a502-1a6eea223582,10969c62-96ca-462c-a502-1a6eea223582,False,4,9.0,2,1,1,2,1,40,40,1,0
T3,account:e9001a39-3774-4e5b-be29-d4d124b5fc59,e9001a39-3774-4e5b-be29-d4d124b5fc59,False,4,6.0,1,1,2,1,1,44,44,14,0
T3,account:580c08c6-0e14-4c56-bef0-ae2bfc33f9c6,580c08c6-0e14-4c56-bef0-ae2bfc33f9c6,False,5,9.0,1,1,3,1,1,67,68,52,0
T3,account:f866b003-3087-47e2-93e7-65e1a16016fa,f866b003-3087-47e2-93e7-65e1a16016fa,False,5,6.0,1,2,2,1,2,55,55,63,0
T3,account:626975e6-c361-40b0-a7d2-fcd767d01204,626975e6-c361-40b0-a7d2-fcd767d01204,False,5,21.0,2,2,1,2,2,41,41,71,0
T3,account:10315a1d-bdee-45b0-ab52-11309b2d7db9,10315a1d-bdee-45b0-ab52-11309b2d7db9,False,6,15.0,1,1,4,1,1,97,98,21,0
T3,account:3436b837-20bb-4004-ac52-ac5a007dc58c,3436b837-20bb-4004-ac52-ac5a007dc58c,False,6,6.0,2,2,2,2,2,59,60,14,0
T3,account:490e179b-1ae7-4c24-80ea-7e71f47f1e1b,490e179b-1ae7-4c24-80ea-7e71f47f1e1b,False,7,9.0,2,3,2,2,3,74,75,69,0
T3,account:3edd84ed-236c-4da2-ab48-124c02285a4f,3edd84ed-236c-4da2-ab48-124c02285a4f,False,4,9.0,1,2,1,1,2,23,23,46,0
T3,account:dfe39eac-1932-4066-bc04-36f67f72c159,dfe39eac-1932-4066-bc04-36f67f72c159,False,4,9.0,1,1,2,1,1,45,45,72,0
T3,account:6aaafe2d-d57a-4fb0-a511-3278ea23f7d9,6aaafe2d-d57a-4fb0-a511-3278ea23f7d9,False,0,0.0,0,0,0,0,0,0,0,16,13
T3,account:2355757b-5ce7-4677-adf1-3dd9e674ee18,2355757b-5ce7-4677-adf1-3dd9e674ee18,False,4,12.0,1,1,2,1,1,43,43,14,0
T3,account:01eb714e-83c9-41d1-b44e-246f4d776c20,01eb714e-83c9-41d1-b44e-246f4d776c20,False,0,0.0,0,0,0,0,0,0,0,17,14
T3,account:6b3e18f5-e541-412f-9beb-5172f5434739,6b3e18f5-e541-412f-9beb-5172f5434739,False,5,6.0,1,2,2,1,2,53,53,37,0
T3,account:4382092e-e9fc-4d86-ab4a-01bb23f830af,4382092e-e9fc-4d86-ab4a-01bb23f830af,False,7,9.0,2,2,3,2,2,82,84,21,0
T3,account:7645c541-8fb3-4cdb-b5db-b10f36c21472,7645c541-8fb3-4cdb-b5db-b10f36c21472,False,8,18.0,4,1,3,4,0,78,78,12,0
T3,account:1bc49fc3-dde9-478e-b9af-a63ed0260fc7,1bc49fc3-dde9-478e-b9af-a63ed0260fc7,False,5,12.0,2,2,1,2,2,49,49,78,0
T3,account:f4b44df4-c4fb-4e28-bf16-c710d51e4476,f4b44df4-c4fb-4e28-bf16-c710d51e4476,False,4,6.0,1,2,1,1,2,31,31,45,0
T3,account:c463364d-c83a-4791-8725-bbd9e5c23123,c463364d-c83a-4791-8725-bbd9e5c23123,False,5,9.0,3,1,1,3,1,34,34,54,0
T3,account:af046d8d-9db0-4890-93b8-6a0af226c97f,af046d8d-9db0-4890-93b8-6a0af226c97f,False,7,15.0,1,3,3,1,3,72,73,12,0
T3,account:33a1ef44-9e68-4683-951e-1f94a8efcec2,33a1ef44-9e68-4683-951e-1f94a8efcec2,False,7,15.0,3,1,3,3,1,78,79,37,0
T3,account:0501f68e-6142-4bad-bfe9-f5f529e958cc,0501f68e-6142-4bad-bfe9-f5f529e958cc,False,3,3.0,1,1,1,1,1,41,41,69,0
T3,account:8c1baa34-df3b-4176-af5a-85581bdaa2bd,8c1baa34-df3b-4176-af5a-85581bdaa2bd,False,5,6.0,2,1,2,2,1,50,50,54,0
T3,account:3a7c3acb-d365-488a-a00d-52b2046bb5a0,3a7c3acb-d365-488a-a00d-52b2046bb5a0,False,3,6.0,1,1,1,1,1,40,40,12,0
T3,account:efae7f83-3fe4-4496-872f-f14252e5a6d1,efae7f83-3fe4-4496-872f-f14252e5a6d1,False,5,9.0,1,2,2,1,2,54,54,54,0
T3,account:970e2cd6-87c0-480f-969c-5a34448fdbe7,970e2cd6-87c0-480f-969c-5a34448fdbe7,False,3,3.0,1,1,1,1,1,17,17,12,0
T3,account:b9acedc7-eda7-4099-9de2-36b36a374568,b9acedc7-eda7-4099-9de2-36b36a374568,False,4,6.0,1,1,2,1,1,48,50,69,0
T3,account:1f887fc9-f837-4dda-aeb7-5a51e617b1ff,1f887fc9-f837-4dda-aeb7-5a51e617b1ff,False,5,6.0,2,1,2,1,1,52,52,52,0
T3,account:3166be95-d4cb-4ddb-97b9-d20036b49d3c,3166be95-d4cb-4ddb-97b9-d20036b49d3c,False,6,18.0,1,1,4,1,1,86,87,1,0
T3,account:6b10c694-643f-4381-897a-e8f099a9a6ea,6b10c694-643f-4381-897a-e8f099a9a6ea,False,7,12.0,3,2,2,3,2,76,76,45,0
T3,account:5fbfc706-35e4-47d4-8d72-5860497e4a0a,5fbfc706-35e4-47d4-8d72-5860497e4a0a,False,6,15.0,1,1,4,1,1,108,109,69,0
T3,account:61042bf0-dcec-4862-9dbb-39c3f7edcc2c,61042bf0-dcec-4862-9dbb-39c3f7edcc2c,False,5,21.0,2,2,1,2,2,35,35,63,0
T3,account:2b9a7143-2731-4b44-923f-638f0e71699e,2b9a7143-2731-4b44-923f-638f0e71699e,False,5,21.0,2,1,2,2,1,50,50,63,0
T3,account:5257ac68-7967-4478-b736-9118a42a6cb7,5257ac68-7967-4478-b736-9118a42a6cb7,False,7,12.0,3,1,3,3,1,70,72,58,0
T3,account:080f1585-57a5-41a3-b7b2-b834148836b6,080f1585-57a5-41a3-b7b2-b834148836b6,False,5,12.0,1,2,2,1,2,57,57,12,0
T3,account:d2cda25b-48b2-4acb-baa0-6b207eb68f41,d2cda25b-48b2-4acb-baa0-6b207eb68f41,False,8,21.0,3,2,3,3,2,85,85,72,0
T3,account:dfc638ce-e1f0-409e-8dde-3d0b216875f2,dfc638ce-e1f0-409e-8dde-3d0b216875f2,False,7,12.0,2,2,3,2,2,71,72,71,0
T3,account:063123a9-60ae-4bfa-be94-6956962a0586,063123a9-60ae-4bfa-be94-6956962a0586,False,4,6.0,2,1,1,2,1,31,31,12,0
T3,account:17da461b-4beb-4ff8-91f2-f2022168effb,17da461b-4beb-4ff8-91f2-f2022168effb,False,6,12.0,2,1,3,2,1,67,68,46,0
T3,account:d7991fc2-7da9-46d9-8fef-a55c8598fc69,d7991fc2-7da9-46d9-8fef-a55c8598fc69,False,3,9.0,1,1,1,1,1,24,24,78,0
T3,account:a2720e29-7b3a-4141-a9fe-4a47faff049a,a2720e29-7b3a-4141-a9fe-4a47faff049a,False,7,9.0,2,3,2,2,3,72,72,58,0
T3,account:d611992d-18bc-451e-ae64-7726160443c3,d611992d-18bc-451e-ae64-7726160443c3,False,9,15.0,3,2,4,3,1,106,108,72,0
T3,account:024e9eb8-0d63-489d-8630-a8e0cc77e691,024e9eb8-0d63-489d-8630-a8e0cc77e691,False,4,9.0,1,1,2,1,1,44,44,54,0
T3,account:04342c5c-68e7-4a9d-a6e5-e8606d3f547c,04342c5c-68e7-4a9d-a6e5-e8606d3f547c,False,4,6.0,1,1,2,1,1,51,51,21,0
T3,account:f69ffa0c-5f5f-4712-ae7a-f27a91968452,f69ffa0c-5f5f-4712-ae7a-f27a91968452,False,3,3.0,1,1,1,1,1,31,31,12,0
T3,account:8a8bcfec-69ee-4a5d-a931-ffd9219f526a,8a8bcfec-69ee-4a5d-a931-ffd9219f526a,False,8,12.0,3,2,3,3,2,76,78,78,0
T3,account:32b35439-b91a-4681-966f-02ba31bfcea5,32b35439-b91a-4681-966f-02ba31bfcea5,False,3,9.0,1,1,1,1,1,16,16,21,0
T3,account:95deb2aa-d60f-4cbb-ab75-b1fd60f843ec,95deb2aa-d60f-4cbb-ab75-b1fd60f843ec,False,7,12.0,2,2,3,2,2,72,73,78,0
T3,account:6346c189-f352-4eaa-ac1e-1d989efb9cfa,6346c189-f352-4eaa-ac1e-1d989efb9cfa,False,8,12.0,3,3,2,3,2,58,59,14,0
T3,account:51a10c39-885d-4104-ad4a-d158efc122bc,51a10c39-885d-4104-ad4a-d158efc122bc,False,8,15.0,2,2,4,2,2,86,91,12,0
T3,account:01fa322a-6124-43fd-b22b-6b39a8592863,01fa322a-6124-43fd-b22b-6b39a8592863,False,3,3.0,1,1,1,1,1,25,25,63,0
T3,account:763de16c-3967-4d73-9ebd-3c2b00864784,763de16c-3967-4d73-9ebd-3c2b00864784,False,7,12.0,2,2,3,2,2,78,78,12,0
T3,account:e3cd8cc1-b5c6-4d29-bb40-a900018c5a4b,e3cd8cc1-b5c6-4d29-bb40-a900018c5a4b,False,4,9.0,1,1,2,1,1,44,44,58,0
T3,account:30254099-b0bd-440f-9d59-ad6654b4af91,30254099-b0bd-440f-9d59-ad6654b4af91,False,5,12.0,2,1,2,2,1,60,60,45,0
T3,account:e4452fc9-5d8d-434f-b3e8-f5d47ab6b4b3,e4452fc9-5d8d-434f-b3e8-f5d47ab6b4b3,False,5,6.0,2,1,2,2,1,49,49,22,0
T3,account:d5ae7ce1-5b67-4694-8cd6-39d45950edc3,d5ae7ce1-5b67-4694-8cd6-39d45950edc3,False,4,6.0,1,1,2,1,1,48,48,69,0
T3,account:d72071eb-8137-4476-a0b5-819361cf5416,d72071eb-8137-4476-a0b5-819361cf5416,False,4,6.0,1,1,2,1,1,38,38,22,0
T3,account:1551c61b-47fb-400e-ae11-3e35fe5fac20,1551c61b-47fb-400e-ae11-3e35fe5fac20,False,3,3.0,1,1,1,1,1,32,32,69,0
T3,account:612f6337-f0e8-45f5-83ae-af8f3ef61145,612f6337-f0e8-45f5-83ae-af8f3ef61145,False,7,24.0,3,1,3,3,1,82,85,22,0
T3,account:0bba7fa9-eca6-4aaf-adf7-ed5565c8ffc7,0bba7fa9-eca6-4aaf-adf7-ed5565c8ffc7,False,4,6.0,1,2,1,1,2,36,36,54,0
T3,account:b266593a-c155-44a6-a38c-0f6dbe2782ac,b266593a-c155-44a6-a38c-0f6dbe2782ac,False,7,12.0,3,1,3,3,1,82,84,1,0
T3,account:591e7380-6f76-4edf-a1a1-71fa82dedef3,591e7380-6f76-4edf-a1a1-71fa82dedef3,False,4,9.0,2,1,1,2,1,28,28,1,0
T3,account:65a5b3de-58c0-4f6c-a3ea-c33cdc8f8737,65a5b3de-58c0-4f6c-a3ea-c33cdc8f8737,False,5,6.0,2,2,1,2,1,36,36,12,0
T3,account:101f24fc-8cd1-4b37-b665-2d5926ba2420,101f24fc-8cd1-4b37-b665-2d5926ba2420,False,6,12.0,2,2,2,2,2,53,53,54,0
T3,account:bf81f729-8093-4d65-9ff9-869baa7ca61f,bf81f729-8093-4d65-9ff9-869baa7ca61f,False,4,6.0,1,2,1,1,2,34,34,1,0
T3,account:31405f99-6641-4a32-b112-3b8c3b059cf4,31405f99-6641-4a32-b112-3b8c3b059cf4,False,3,3.0,1,1,1,1,1,40,40,45,0
T3,account:130201ae-65a3-4dd8-a6fb-771212f97e5a,130201ae-65a3-4dd8-a6fb-771212f97e5a,False,6,9.0,2,2,2,2,2,53,53,70,0
T3,account:35b0d8bc-fcfa-43ee-82ed-625cac95f5ee,35b0d8bc-fcfa-43ee-82ed-625cac95f5ee,False,8,15.0,3,3,2,3,3,69,69,71,0
T3,account:306ca611-6f5b-46d8-8a24-177fd2aa66c7,306ca611-6f5b-46d8-8a24-177fd2aa66c7,False,4,15.0,1,2,1,1,2,36,36,78,0
T3,account:a41e2bf8-d46a-4d88-a21d-deaa94b911c7,a41e2bf8-d46a-4d88-a21d-deaa94b911c7,False,4,6.0,1,1,2,1,1,44,44,46,0
T3,account:8d5f871a-db27-4d69-8217-68b6ae882892,8d5f871a-db27-4d69-8217-68b6ae882892,False,5,9.0,2,2,1,2,2,46,46,70,0
T3,account:9197c8ff-2f90-444b-9566-a2ef2e8cc042,9197c8ff-2f90-444b-9566-a2ef2e8cc042,False,8,21.0,2,4,2,2,3,56,57,45,0
T3,account:299fb2e9-b6f4-44c9-8531-754389abeced,299fb2e9-b6f4-44c9-8531-754389abeced,False,3,3.0,1,1,1,1,1,24,24,12,0
T3,account:02d284d0-b18f-4b21-bde7-3d1c0d573ec5,02d284d0-b18f-4b21-bde7-3d1c0d573ec5,False,7,12.0,1,3,3,1,2,61,61,12,0
T3,account:2412482e-abd4-48fa-8ff8-a24f926016e8,2412482e-abd4-48fa-8ff8-a24f926016e8,False,3,3.0,1,1,1,1,1,28,28,52,0
T3,account:f4aba7f8-71de-4acd-8266-005269fbdb18,f4aba7f8-71de-4acd-8266-005269fbdb18,False,5,9.0,1,1,3,1,1,59,60,52,0
T3,account:a6f17438-e840-44e9-b0e6-0dea50cb0c8a,a6f17438-e840-44e9-b0e6-0dea50cb0c8a,False,3,3.0,1,1,1,1,1,24,25,54,0
T3,account:5bc359e9-966c-46fe-92e6-685c1770835d,5bc359e9-966c-46fe-92e6-685c1770835d,False,3,9.0,1,1,1,1,1,27,27,78,0
T3,account:5453b2a7-420b-4387-a957-49faec939246,5453b2a7-420b-4387-a957-49faec939246,False,7,18.0,2,2,3,2,2,72,74,12,0
T3,account:dd91d734-4943-4033-a391-9d1fad71090e,dd91d734-4943-4033-a391-9d1fad71090e,False,6,6.0,2,2,2,2,2,55,55,14,0
T3,account:0733470c-a4d9-4571-b6e6-f791133b8b5f,0733470c-a4d9-4571-b6e6-f791133b8b5f,False,6,12.0,2,1,3,2,1,71,71,69,0
T3,account:bb3517df-0ba5-43e2-ba93-3b01386ce2fb,bb3517df-0ba5-43e2-ba93-3b01386ce2fb,False,5,9.0,3,1,1,3,1,45,45,45,0
T3,account:7396828b-3329-47fe-8a8b-732f345bb056,7396828b-3329-47fe-8a8b-732f345bb056,False,5,12.0,2,1,2,2,1,49,49,52,0
T3,account:8a0b2d54-cabf-402d-9338-59afbdb9f507,8a0b2d54-cabf-402d-9338-59afbdb9f507,False,0,0.0,0,0,0,0,0,0,0,18,15
T3,account:deba1f8c-1f84-4c55-a696-b770971a4bf4,deba1f8c-1f84-4c55-a696-b770971a4bf4,False,5,6.0,2,2,1,2,1,34,34,72,0
T3,account:43b15501-f8d1-4d0c-9c55-f98da929420e,43b15501-f8d1-4d0c-9c55-f98da929420e,False,7,12.0,1,3,3,1,3,77,78,70,0
T3,account:90d88ff8-7057-408a-8e72-5e14587a384c,90d88ff8-7057-408a-8e72-5e14587a384c,False,5,15.0,2,1,2,2,1,47,47,45,0
T3,account:b4459cd0-80a0-482f-858a-99f72aac5052,b4459cd0-80a0-482f-858a-99f72aac5052,False,8,15.0,3,3,2,3,3,60,61,63,0
T3,account:080558c2-7bb2-4953-b00e-ccbf3a7074b8,080558c2-7bb2-4953-b00e-ccbf3a7074b8,False,3,3.0,1,1,1,1,1,24,24,63,0
T3,account:c833b27c-d701-43e7-85bc-f5ff7ef18f33,c833b27c-d701-43e7-85bc-f5ff7ef18f33,False,5,12.0,1,3,1,1,3,35,35,37,0
T3,account:9b328ec7-c212-4977-b503-b0c5b6ef4b7b,9b328ec7-c212-4977-b503-b0c5b6ef4b7b,False,4,9.0,1,1,2,1,1,40,41,14,0
T3,account:ee1678ad-76a4-440b-93a3-204946d788fd,ee1678ad-76a4-440b-93a3-204946d788fd,False,6,21.0,2,1,3,2,1,65,66,22,0
T3,account:1f01224f-d570-4717-b590-39e4fb4a881b,1f01224f-d570-4717-b590-39e4fb4a881b,False,6,12.0,2,1,3,2,1,67,67,70,0
T3,account:af157362-47cd-4dc8-af79-a5ee40e82fba,af157362-47cd-4dc8-af79-a5ee40e82fba,False,6,12.0,2,1,3,2,1,79,79,21,0
T3,account:e1b3e914-4765-4d54-bdc7-2db624954658,e1b3e914-4765-4d54-bdc7-2db624954658,False,9,27.0,3,2,4,3,2,88,89,29,0
T3,account:17c9164a-4545-434d-8c24-537b13220929,17c9164a-4545-434d-8c24-537b13220929,False,3,6.0,1,1,1,1,1,23,23,58,0
T3,account:af4f617a-1b39-4bed-a4ca-29eb9f9e8e5e,af4f617a-1b39-4bed-a4ca-29eb9f9e8e5e,False,5,12.0,1,2,2,1,2,48,49,14,0
T3,account:1ae9b956-5f18-4f51-ab7a-ee57ac26677b,1ae9b956-5f18-4f51-ab7a-ee57ac26677b,False,4,6.0,1,2,1,1,2,26,26,45,0
T3,account:25ae8ef4-511e-497e-aeec-39f90ff99429,25ae8ef4-511e-497e-aeec-39f90ff99429,False,6,15.0,1,2,3,1,2,73,73,71,0
T3,account:88757187-c074-4599-aa79-188c9ef84f58,88757187-c074-4599-aa79-188c9ef84f58,False,8,18.0,1,2,5,1,2,103,106,71,0
T3,account:bcd413c5-18e5-4aa3-bcd2-27ad329acaff,bcd413c5-18e5-4aa3-bcd2-27ad329acaff,False,3,3.0,1,1,1,1,1,35,35,52,0
T3,account:dfdd12d4-1d16-4f02-8fca-5604e2354787,dfdd12d4-1d16-4f02-8fca-5604e2354787,False,3,3.0,1,1,1,1,1,27,27,1,0
T3,account:0562a718-8e2b-4055-9def-6c4afa4d5d53,0562a718-8e2b-4055-9def-6c4afa4d5d53,False,7,21.0,1,2,4,1,1,98,100,4,0
T3,account:0a5a0b09-c9be-4c9b-8e21-4fa743ab82c1,0a5a0b09-c9be-4c9b-8e21-4fa743ab82c1,False,3,6.0,1,1,1,1,1,24,25,63,0
T3,account:160522e9-33db-45cf-af7b-29af81d3345b,160522e9-33db-45cf-af7b-29af81d3345b,False,5,15.0,1,2,2,1,2,48,48,71,0
T3,account:c4426bae-a69c-47b2-8e1e-22e42b2e9142,c4426bae-a69c-47b2-8e1e-22e42b2e9142,False,5,12.0,1,2,2,0,1,41,41,69,0
T3,account:953b9ea4-9254-4bad-8e80-684a2ebace6b,953b9ea4-9254-4bad-8e80-684a2ebace6b,False,3,6.0,1,1,1,1,1,31,31,69,0
T3,account:2d11dd52-c35b-4b2b-94bc-2d47711a3882,2d11dd52-c35b-4b2b-94bc-2d47711a3882,False,7,12.0,1,3,3,1,3,79,81,69,0
T3,account:759ce94b-8b47-490d-b8d3-51b07ffd11a1,759ce94b-8b47-490d-b8d3-51b07ffd11a1,False,5,21.0,2,1,2,2,1,55,55,14,0
T3,account:a8ad4dd7-c7f1-42f1-8f91-c108dfd232ba,a8ad4dd7-c7f1-42f1-8f91-c108dfd232ba,False,4,12.0,1,1,2,1,1,52,52,1,0
T3,account:de7a5de8-6fea-49b0-83ac-7e2220af17a5,de7a5de8-6fea-49b0-83ac-7e2220af17a5,False,6,6.0,2,2,2,2,2,62,62,69,0
T3,account:c4e9ed72-3eb6-4c57-a2e7-39b4ef62c9f3,c4e9ed72-3eb6-4c57-a2e7-39b4ef62c9f3,False,3,3.0,1,1,1,1,1,25,25,69,0
T3,account:3c582608-4296-4d31-9801-3c5f05dca4b9,3c582608-4296-4d31-9801-3c5f05dca4b9,False,7,15.0,2,3,2,2,3,65,66,52,0
T3,account:4765763f-00c7-4215-a0aa-672980d908e9,4765763f-00c7-4215-a0aa-672980d908e9,False,6,15.0,2,3,1,2,3,38,38,1,0
T3,account:313adeaf-55ab-4584-bc19-13553c384ec0,313adeaf-55ab-4584-bc19-13553c384ec0,False,6,12.0,2,2,2,2,2,59,60,1,0
T3,account:05d87131-0a12-4958-8ae3-27c3dd33ec63,05d87131-0a12-4958-8ae3-27c3dd33ec63,False,4,6.0,1,1,2,1,1,43,44,12,0
T3,account:816f28d2-bd3c-4521-8042-7ecd7a76d094,816f28d2-bd3c-4521-8042-7ecd7a76d094,False,6,12.0,2,1,3,2,1,74,75,58,0
T3,account:769fe629-e270-4cce-8e66-9c8fee5e2f04,769fe629-e270-4cce-8e66-9c8fee5e2f04,False,5,9.0,1,2,2,1,2,53,53,14,0
T3,account:51a7c96e-199e-413b-a556-5311dd119ed8,51a7c96e-199e-413b-a556-5311dd119ed8,False,7,12.0,1,2,4,1,2,80,81,12,0
T3,account:0a07c95d-69e0-4827-8c19-2e07f67f38a1,0a07c95d-69e0-4827-8c19-2e07f67f38a1,False,4,9.0,2,1,1,2,1,39,39,52,0
T3,account:de9adb45-5b02-43e2-b874-a109ed1fb0b1,de9adb45-5b02-43e2-b874-a109ed1fb0b1,False,4,9.0,1,1,2,1,1,45,46,78,0
T3,account:13f1adfe-1dab-4f33-b66e-03482a083865,13f1adfe-1dab-4f33-b66e-03482a083865,False,5,6.0,2,1,2,2,1,46,46,22,0
T3,account:3e63ea82-acda-4c5c-ac2c-cb694b59633f,3e63ea82-acda-4c5c-ac2c-cb694b59633f,False,4,9.0,1,2,1,1,2,29,29,78,0
T3,account:16be9c41-adc9-46e3-8aab-925dc715ff65,16be9c41-adc9-46e3-8aab-925dc715ff65,False,5,12.0,1,1,3,1,1,81,81,58,0
T3,account:167cb4c0-c7ab-429c-84b3-10f33b5f943b,167cb4c0-c7ab-429c-84b3-10f33b5f943b,False,5,6.0,1,2,2,1,2,58,58,72,0
T3,account:b9e47caf-eff1-46c8-80f3-f5009269da28,b9e47caf-eff1-46c8-80f3-f5009269da28,False,3,6.0,1,1,1,1,1,29,29,21,0
T3,account:ddfb98de-d068-4a68-8230-156152177a9c,ddfb98de-d068-4a68-8230-156152177a9c,False,4,12.0,1,2,1,1,2,33,33,71,0
T3,account:176c364f-fc92-4057-b6a3-4e3227bd4a38,176c364f-fc92-4057-b6a3-4e3227bd4a38,False,5,12.0,1,2,2,1,2,62,62,46,0
T3,account:3e6deb2a-a357-4b9f-bb46-e8c552ea6726,3e6deb2a-a357-4b9f-bb46-e8c552ea6726,False,6,12.0,2,2,2,2,2,57,58,37,0
T3,account:86e52af8-78a7-4d9e-947d-21ff91d80b22,86e52af8-78a7-4d9e-947d-21ff91d80b22,False,4,9.0,2,1,1,2,1,32,32,71,0
T3,account:d5f8d0e6-a7cc-4ed2-94d9-4c000fcf0b5d,d5f8d0e6-a7cc-4ed2-94d9-4c000fcf0b5d,False,5,6.0,2,2,1,2,2,37,37,29,0
T3,account:8aa6631c-ed5f-476f-8c0a-9797e81aed62,8aa6631c-ed5f-476f-8c0a-9797e81aed62,False,0,0.0,0,0,0,0,0,0,0,19,16
T3,account:b9909f7a-d5ff-482e-90d2-520e0856fc1e,b9909f7a-d5ff-482e-90d2-520e0856fc1e,False,5,12.0,1,2,2,1,2,57,60,45,0
T3,account:ee979a9f-8461-4ad1-956d-12510bc7d64b,ee979a9f-8461-4ad1-956d-12510bc7d64b,False,5,9.0,1,2,2,1,2,43,43,63,0
T3,account:2f1b65f6-9afb-4f90-9800-469f16286170,2f1b65f6-9afb-4f90-9800-469f16286170,False,6,9.0,2,1,3,2,1,61,61,71,0
T3,account:7e6b5637-c388-460b-84e1-3ae8f8ebc1f0,7e6b5637-c388-460b-84e1-3ae8f8ebc1f0,False,0,0.0,0,0,0,0,0,0,0,20,17
T3,account:778707e3-865b-45d3-9c0a-b4febdc00dad,778707e3-865b-45d3-9c0a-b4febdc00dad,False,5,12.0,2,1,2,2,1,55,56,37,0
T3,account:07ddf98a-565a-4d49-9606-c298a1953a10,07ddf98a-565a-4d49-9606-c298a1953a10,False,7,9.0,2,2,3,2,2,72,72,52,0
T3,account:d9a7e53b-71ed-4655-abb2-e427f9b09cc7,d9a7e53b-71ed-4655-abb2-e427f9b09cc7,False,6,9.0,2,1,3,2,1,80,82,12,0
T3,account:dd445cd6-2d0c-439a-aa06-cbfc685ad3bf,dd445cd6-2d0c-439a-aa06-cbfc685ad3bf,False,6,18.0,2,3,1,2,2,36,36,70,0
T3,account:9f9266b8-784a-42a4-bab0-b6cd7b1f6bdb,9f9266b8-784a-42a4-bab0-b6cd7b1f6bdb,False,4,15.0,2,1,1,2,1,27,27,1,0
T3,account:a5a244c9-4735-437e-b431-2a239ede5ad6,a5a244c9-4735-437e-b431-2a239ede5ad6,False,6,15.0,1,2,3,1,2,61,62,70,0
T3,account:c87204bb-5b3c-42ba-8366-288a7b735311,c87204bb-5b3c-42ba-8366-288a7b735311,False,4,6.0,1,1,2,1,1,47,48,54,0
T3,account:3cd17b38-04c1-409a-b7c2-2935c4568f3e,3cd17b38-04c1-409a-b7c2-2935c4568f3e,False,5,6.0,2,1,2,2,1,51,53,1,0
T3,account:19364188-c40d-4e11-94c8-751601003c61,19364188-c40d-4e11-94c8-751601003c61,False,3,3.0,1,1,1,1,1,29,29,63,0
T3,account:f5ba4e7b-9dda-4b4b-9e8c-7f61243c771b,f5ba4e7b-9dda-4b4b-9e8c-7f61243c771b,False,3,3.0,1,1,1,1,0,33,33,21,0
T3,account:51236b00-1499-489f-ba9d-406543f1aed7,51236b00-1499-489f-ba9d-406543f1aed7,False,5,9.0,2,1,2,2,1,51,51,63,0
T3,account:7385a628-c521-419b-ab80-ebb878246388,7385a628-c521-419b-ab80-ebb878246388,False,7,9.0,3,1,3,3,1,70,72,54,0
T3,account:0079b701-ebe3-495a-80bf-ee22ac0e2123,0079b701-ebe3-495a-80bf-ee22ac0e2123,False,4,9.0,1,2,1,1,1,34,34,4,0
T3,account:ea1e5edf-f6a9-4889-b8f1-fffbc8927d54,ea1e5edf-f6a9-4889-b8f1-fffbc8927d54,False,3,3.0,1,1,1,1,1,36,36,1,0
T3,account:0b16dbaf-bd39-44d6-b259-1b42b2e803c8,0b16dbaf-bd39-44d6-b259-1b42b2e803c8,False,4,15.0,2,1,1,2,1,37,37,70,0
T3,account:955bb617-4894-4b49-a70a-1fdeeabc5932,955bb617-4894-4b49-a70a-1fdeeabc5932,False,5,9.0,1,2,2,1,2,50,53,63,0
T3,account:834b04dc-059c-4822-8943-94c23403c3bc,834b04dc-059c-4822-8943-94c23403c3bc,False,4,9.0,1,1,2,1,1,63,64,54,0
T3,account:dc37e109-cb6a-4011-9f9f-1354688d5ebe,dc37e109-cb6a-4011-9f9f-1354688d5ebe,False,3,6.0,1,1,1,1,1,19,19,71,0
T3,account:bd0687fb-9346-4658-8530-b1dd0d889265,bd0687fb-9346-4658-8530-b1dd0d889265,False,9,18.0,2,3,4,2,3,90,92,12,0
T3,account:3419da34-10c6-44f2-a62f-05df410f3643,3419da34-10c6-44f2-a62f-05df410f3643,False,5,9.0,1,3,1,1,3,29,29,29,0
T3,account:9d795282-7ddf-4e23-bdd4-6b90eb9c4c89,9d795282-7ddf-4e23-bdd4-6b90eb9c4c89,False,5,12.0,1,2,2,1,2,54,54,72,0
T3,account:1ff935c6-846b-4943-ac03-c785ec88f52f,1ff935c6-846b-4943-ac03-c785ec88f52f,False,7,12.0,1,4,2,1,4,60,60,78,0
T3,account:a2c34e19-e229-4134-8791-af09abbb3b2d,a2c34e19-e229-4134-8791-af09abbb3b2d,False,3,6.0,1,1,1,1,1,28,28,70,0
T3,account:6723ce38-314e-43a0-8947-67e4dc9f48ff,6723ce38-314e-43a0-8947-67e4dc9f48ff,False,7,9.0,3,2,2,3,2,60,61,1,0
T3,account:f33bd277-ce04-4b0c-9a56-0898aa34d282,f33bd277-ce04-4b0c-9a56-0898aa34d282,False,3,3.0,1,1,1,1,1,27,27,54,0
T3,account:627085f8-4191-4293-8343-0b993e360bb8,627085f8-4191-4293-8343-0b993e360bb8,False,5,15.0,2,1,2,2,1,51,52,37,0
T3,account:d6682f4f-36d3-4a13-a250-64a836868957,d6682f4f-36d3-4a13-a250-64a836868957,False,8,18.0,1,4,3,1,3,72,74,45,0
T3,account:1d9abcfd-8a31-476e-811b-e097d2cc7393,1d9abcfd-8a31-476e-811b-e097d2cc7393,False,10,18.0,2,2,6,2,2,142,143,21,0
T3,account:7cdedb3b-4e13-4086-a57c-5c8934fa75f0,7cdedb3b-4e13-4086-a57c-5c8934fa75f0,False,5,6.0,2,1,2,2,1,55,55,52,0
T3,account:591e8278-c98f-4d08-a998-7bd90ad836c1,591e8278-c98f-4d08-a998-7bd90ad836c1,False,6,9.0,2,2,2,2,2,50,50,37,0
T3,account:37662c4e-e5d2-451c-89f4-3d28a85c9b1c,37662c4e-e5d2-451c-89f4-3d28a85c9b1c,False,5,12.0,1,2,2,1,2,45,45,52,0
T3,account:b90fb0fd-18ed-4255-a987-4b205834a622,b90fb0fd-18ed-4255-a987-4b205834a622,False,3,6.0,1,1,1,1,1,25,25,14,0
T3,account:61b60d93-a990-45e0-b77b-db613787b450,61b60d93-a990-45e0-b77b-db613787b450,False,4,12.0,2,1,1,2,1,38,39,58,0
T3,account:94c62260-310b-4de2-86c7-3c36eeba2ef7,94c62260-310b-4de2-86c7-3c36eeba2ef7,False,4,12.0,1,1,2,1,1,56,57,71,0
T3,account:5a9dec69-f422-486d-8383-d7ea3157e9ac,5a9dec69-f422-486d-8383-d7ea3157e9ac,False,5,18.0,2,1,2,2,1,55,55,63,0
T3,account:5744c5e7-bb20-48dd-8a1b-3c1b216bd88e,5744c5e7-bb20-48dd-8a1b-3c1b216bd88e,False,9,18.0,3,2,4,3,2,97,100,37,0
T3,account:39e99974-6afb-4d0e-b7cd-76968c7ad7fb,39e99974-6afb-4d0e-b7cd-76968c7ad7fb,False,7,9.0,2,2,3,2,2,72,72,70,0
T3,account:7b1751a1-fcc3-4569-b80e-7dcac420e1d5,7b1751a1-fcc3-4569-b80e-7dcac420e1d5,False,9,15.0,3,2,4,3,2,112,114,58,0
T3,account:7c69fccb-7ef2-410e-b4fb-86e6adbd515a,7c69fccb-7ef2-410e-b4fb-86e6adbd515a,False,5,12.0,1,2,2,1,2,51,51,1,0
T3,account:820240b4-a8ac-4e53-b9c1-497b6f363700,820240b4-a8ac-4e53-b9c1-497b6f363700,False,7,12.0,1,3,3,1,3,80,80,70,0
T3,account:06f9907b-2f7d-40cd-bc24-28c57b31520d,06f9907b-2f7d-40cd-bc24-28c57b31520d,False,5,21.0,1,3,1,1,3,39,39,21,0
T3,account:061534b8-de68-47e9-8db7-996ba6d0e6f4,061534b8-de68-47e9-8db7-996ba6d0e6f4,False,5,18.0,2,1,2,2,1,57,57,21,0
T3,account:6afa07ad-512c-4392-9774-9ab62694ee3b,6afa07ad-512c-4392-9774-9ab62694ee3b,False,3,3.0,1,1,1,1,1,24,24,12,0
T3,account:4427649b-22c6-4b42-bd9e-ac10dbc0d529,4427649b-22c6-4b42-bd9e-ac10dbc0d529,False,3,3.0,1,1,1,1,1,35,36,52,0
T3,account:d87d8a8a-16ab-4e8b-bfa1-84311a25a5e8,d87d8a8a-16ab-4e8b-bfa1-84311a25a5e8,False,5,9.0,2,1,2,2,1,46,46,46,0
T3,account:a565a704-f125-4ce6-af94-95b24d451856,a565a704-f125-4ce6-af94-95b24d451856,False,3,3.0,1,1,1,1,1,29,29,54,0
T3,account:349d5336-a36a-4ba9-9453-33b2e5fcd84b,349d5336-a36a-4ba9-9453-33b2e5fcd84b,False,6,12.0,2,2,2,2,1,61,62,45,0
T3,account:acde0402-0cb7-4026-99ea-19df1efb044a,acde0402-0cb7-4026-99ea-19df1efb044a,False,4,6.0,1,2,1,1,2,34,35,45,0
T3,account:925b6b93-6999-416f-afbd-6ff5d4c6d1c2,925b6b93-6999-416f-afbd-6ff5d4c6d1c2,False,4,9.0,1,1,2,1,0,44,45,52,0
T3,account:a21c5249-b7f1-448e-b1cd-3582f9d36e42,a21c5249-b7f1-448e-b1cd-3582f9d36e42,False,5,12.0,2,1,2,2,1,62,63,12,0
T3,account:fb068821-18ef-4bc5-884c-bccc372662f1,fb068821-18ef-4bc5-884c-bccc372662f1,False,4,6.0,1,2,1,1,1,26,26,14,0
T3,account:1be37bc1-2f61-435d-b20d-9697830567a6,1be37bc1-2f61-435d-b20d-9697830567a6,False,6,18.0,1,2,3,1,1,61,61,70,0
T3,account:0a083585-edff-4c23-8968-d0c757105fd1,0a083585-edff-4c23-8968-d0c757105fd1,False,4,9.0,1,1,2,1,1,57,59,21,0
T3,account:a7821231-47bf-428b-8fa4-6a7bbd499de9,a7821231-47bf-428b-8fa4-6a7bbd499de9,False,3,3.0,1,1,1,1,1,33,33,78,0
T3,account:7a1f3a8b-16d3-436b-b5bc-0ad368762755,7a1f3a8b-16d3-436b-b5bc-0ad368762755,False,4,6.0,1,1,2,1,1,38,38,63,0
T3,account:ba7105a2-073a-490f-9ca0-c1287455aeb6,ba7105a2-073a-490f-9ca0-c1287455aeb6,False,6,15.0,2,2,2,2,2,53,56,29,0
T3,account:aa07245b-4434-43aa-b624-aa434e39c557,aa07245b-4434-43aa-b624-aa434e39c557,False,4,6.0,1,1,2,1,1,43,44,52,0
T3,account:5207b076-8a58-4e11-94e1-e395ad6ab592,5207b076-8a58-4e11-94e1-e395ad6ab592,False,6,12.0,2,1,3,2,1,58,58,63,0
T3,account:d4a58765-f8d9-4647-ad46-568e73a496c8,d4a58765-f8d9-4647-ad46-568e73a496c8,False,7,15.0,1,2,4,1,2,87,87,54,0
T3,account:73056081-6d9a-481e-9180-95b5d290d9d3,73056081-6d9a-481e-9180-95b5d290d9d3,False,7,18.0,2,3,2,2,3,63,64,78,0
T3,account:a8e39a87-55bb-4356-b570-57f9678f9f69,a8e39a87-55bb-4356-b570-57f9678f9f69,False,5,9.0,1,2,2,1,2,43,43,21,0
T3,account:34d9f9ec-9e27-4dfa-a326-4fe68e8d34e0,34d9f9ec-9e27-4dfa-a326-4fe68e8d34e0,False,3,3.0,1,1,1,1,0,30,30,54,0
T3,account:b7213974-3b42-4241-8d5d-36d02aac08f5,b7213974-3b42-4241-8d5d-36d02aac08f5,False,5,6.0,1,2,2,1,2,48,48,71,0
T3,account:990d7a48-645b-4c46-8ffb-ccc9920fc225,990d7a48-645b-4c46-8ffb-ccc9920fc225,False,3,9.0,1,1,1,1,1,32,32,29,0
T3,account:34d477bf-d03c-4028-803d-5f329245a5e0,34d477bf-d03c-4028-803d-5f329245a5e0,False,3,6.0,1,1,1,1,1,35,35,14,0
T3,account:648d230a-7212-4663-a329-6e83e020c6f3,648d230a-7212-4663-a329-6e83e020c6f3,False,4,9.0,2,1,1,2,1,28,28,21,0
T3,account:033a22b3-15b3-4afa-b0d5-5210fff0053d,033a22b3-15b3-4afa-b0d5-5210fff0053d,False,4,6.0,1,2,1,1,2,29,29,29,0
T3,account:9b9e4bb7-984e-4d58-a7a5-f80eb1eaf68c,9b9e4bb7-984e-4d58-a7a5-f80eb1eaf68c,False,3,6.0,1,1,1,1,1,29,29,69,0
T3,account:cf3bd0dd-9a5e-40b6-8eaa-217d9f7e525f,cf3bd0dd-9a5e-40b6-8eaa-217d9f7e525f,False,4,9.0,1,2,1,1,2,28,28,69,0
T3,account:810d9248-7b33-45d7-ab10-1b99a268cf52,810d9248-7b33-45d7-ab10-1b99a268cf52,False,5,12.0,1,3,1,1,3,27,27,14,0
T3,account:d76a7f6e-f9e9-4c8f-a9fb-275645aa3aad,d76a7f6e-f9e9-4c8f-a9fb-275645aa3aad,False,4,6.0,1,2,1,1,2,29,30,22,0
T3,account:ea538f05-246b-4a48-a550-13fcb5f3b3cb,ea538f05-246b-4a48-a550-13fcb5f3b3cb,False,8,15.0,3,3,2,3,3,66,66,21,0
T3,account:522816fa-c644-4c0e-8f02-e7bbf52f16c0,522816fa-c644-4c0e-8f02-e7bbf52f16c0,False,5,9.0,3,1,1,3,1,46,46,12,0
T3,account:86c0053b-0598-4e35-a034-362059c974ea,86c0053b-0598-4e35-a034-362059c974ea,False,3,6.0,1,1,1,1,1,29,29,14,0
T3,account:20786539-cf9a-4ade-bd0a-4622620f740a,20786539-cf9a-4ade-bd0a-4622620f740a,False,6,12.0,1,1,4,1,1,71,73,63,0
T3,account:298e4da5-b817-4b9c-b7d8-ff2a69d7a941,298e4da5-b817-4b9c-b7d8-ff2a69d7a941,False,6,9.0,2,1,3,2,1,66,69,52,0
T3,account:7fc6ac7d-a430-4076-b3df-4ea659507b1a,7fc6ac7d-a430-4076-b3df-4ea659507b1a,False,6,12.0,2,1,3,2,1,70,71,21,0
T3,account:5b6ad8fa-f0d4-4047-aeec-7c2c63b211af,5b6ad8fa-f0d4-4047-aeec-7c2c63b211af,False,6,9.0,1,2,3,1,2,72,72,14,0
T3,account:afd863d9-5a2d-4da7-9f03-74b3af185cef,afd863d9-5a2d-4da7-9f03-74b3af185cef,False,3,3.0,1,1,1,1,1,22,22,21,0
T3,account:7fb6bfc6-4cfb-4d55-aeae-e1bcac7e7c2e,7fb6bfc6-4cfb-4d55-aeae-e1bcac7e7c2e,False,4,9.0,1,1,2,1,1,48,48,45,0
T3,account:0e051e7d-8973-4ed6-9c50-0e07255f681a,0e051e7d-8973-4ed6-9c50-0e07255f681a,False,6,12.0,1,3,2,1,3,50,51,46,0
T3,account:a52f310e-7c25-4f30-871a-5521267f4fdd,a52f310e-7c25-4f30-871a-5521267f4fdd,False,4,9.0,1,2,1,1,2,25,25,14,0
T3,account:f71624e0-75e9-4a5c-ad49-758cacff3677,f71624e0-75e9-4a5c-ad49-758cacff3677,False,0,0.0,0,0,0,0,0,0,0,23,18
T3,account:38b7ffb5-a04c-430f-b293-6de36d371e2b,38b7ffb5-a04c-430f-b293-6de36d371e2b,False,4,18.0,1,2,1,1,2,29,29,46,0
T3,account:1632a46a-45e8-4a57-ae83-44a01166fd38,1632a46a-45e8-4a57-ae83-44a01166fd38,False,6,9.0,2,1,3,2,1,80,80,12,0
T3,account:6bea9185-8832-4264-a7ac-835aa8bd066e,6bea9185-8832-4264-a7ac-835aa8bd066e,False,6,15.0,1,2,3,1,2,79,81,29,0
T3,account:63233197-2f77-4f0c-87e8-6d56d686e498,63233197-2f77-4f0c-87e8-6d56d686e498,False,8,15.0,2,2,4,2,2,99,100,63,0
T3,account:68f8119f-62f0-46fd-b341-ad8fe6aacb6c,68f8119f-62f0-46fd-b341-ad8fe6aacb6c,False,5,24.0,2,1,2,2,1,57,59,46,0
T3,account:49711af0-9fca-4345-a18d-ad0c45903fae,49711af0-9fca-4345-a18d-ad0c45903fae,False,5,9.0,1,1,3,1,1,72,72,70,0
T3,account:fdc35297-1730-49bd-8e2b-5014575f78ba,fdc35297-1730-49bd-8e2b-5014575f78ba,False,4,12.0,1,1,2,1,1,42,42,1,0
T3,account:3984358d-de01-42d0-805a-515b5ee6bade,3984358d-de01-42d0-805a-515b5ee6bade,False,4,6.0,2,1,1,2,1,39,39,54,0
T3,account:02f57acb-89e3-4ca1-9036-3977462b2b58,02f57acb-89e3-4ca1-9036-3977462b2b58,False,9,15.0,3,3,3,3,3,82,84,78,0
T3,account:cb1ab4aa-bd53-4dab-8c71-b8b70d724ff7,cb1ab4aa-bd53-4dab-8c71-b8b70d724ff7,False,5,6.0,1,2,2,1,1,45,47,12,0
T3,account:87a1b7da-3e53-433c-b70d-37417acf482e,87a1b7da-3e53-433c-b70d-37417acf482e,False,5,15.0,2,1,2,2,1,57,58,45,0
T3,account:e9822046-a4d7-4f60-acc6-57794933b13f,e9822046-a4d7-4f60-acc6-57794933b13f,False,6,12.0,2,2,2,2,2,78,78,45,0
T3,account:444e4da4-97e2-44ca-8936-620c676ecf6e,444e4da4-97e2-44ca-8936-620c676ecf6e,False,0,0.0,0,0,0,0,0,0,0,24,19
T3,account:62312a29-d60a-4b99-96b6-39908abf28a3,62312a29-d60a-4b99-96b6-39908abf28a3,False,5,6.0,2,2,1,2,2,32,32,21,0
T3,account:0fcc7a39-c4a7-4c86-a06e-2a396d56c0e8,0fcc7a39-c4a7-4c86-a06e-2a396d56c0e8,False,6,6.0,2,2,2,2,2,64,65,69,0
T3,account:3183d1b4-a8c6-4c13-8ab0-71de35eb7dae,3183d1b4-a8c6-4c13-8ab0-71de35eb7dae,False,5,6.0,2,1,2,2,1,47,47,54,0
T3,account:a085d5b4-0e31-4580-a9d6-ac14d1def233,a085d5b4-0e31-4580-a9d6-ac14d1def233,False,3,3.0,1,1,1,1,1,26,26,12,0
T3,account:5d52b9d5-081f-4996-9507-df7fdf64e4bd,5d52b9d5-081f-4996-9507-df7fdf64e4bd,False,6,18.0,1,2,3,1,2,76,77,69,0
T3,account:44c190b6-11f6-4e52-b373-8560fc62e486,44c190b6-11f6-4e52-b373-8560fc62e486,False,9,12.0,3,3,3,3,3,69,70,14,0
T3,account:e20b1971-495f-41ca-84a7-35720a39e336,e20b1971-495f-41ca-84a7-35720a39e336,False,5,12.0,1,1,3,1,1,65,65,58,0
T3,account:679220ab-76fa-4481-85b5-82dfbfb4150b,679220ab-76fa-4481-85b5-82dfbfb4150b,False,6,12.0,2,1,3,2,1,73,73,71,0
T3,account:92f7c1f2-504c-480f-92c0-0d71ceb1f607,92f7c1f2-504c-480f-92c0-0d71ceb1f607,False,6,6.0,2,2,2,2,2,62,62,12,0
T3,account:427052c3-0208-4b4c-a6bb-a613efd169b6,427052c3-0208-4b4c-a6bb-a613efd169b6,False,3,3.0,1,1,1,1,1,32,32,54,0
T3,account:78eb0078-cfd7-44aa-8750-f5d7a6a30ca2,78eb0078-cfd7-44aa-8750-f5d7a6a30ca2,False,5,6.0,2,1,2,2,1,66,67,54,0
T3,account:f4b9a28d-f597-44e8-9af1-43f3405262b1,f4b9a28d-f597-44e8-9af1-43f3405262b1,False,7,12.0,2,2,3,2,2,66,67,22,0
T3,account:f5f0902d-8d19-4f6f-9d6a-9136d60b6cce,f5f0902d-8d19-4f6f-9d6a-9136d60b6cce,False,3,3.0,1,1,1,1,1,37,37,37,0
T3,account:ec720f94-1195-405a-8f74-0fd9b43c872d,ec720f94-1195-405a-8f74-0fd9b43c872d,False,3,3.0,1,1,1,1,0,29,29,78,0
T3,account:043bb543-5851-456a-9a57-f5b2a75ff24c,043bb543-5851-456a-9a57-f5b2a75ff24c,False,7,24.0,3,2,2,3,2,72,74,58,0
T3,account:c1d581cd-33fd-4d9a-ad49-16503f1f718c,c1d581cd-33fd-4d9a-ad49-16503f1f718c,False,7,15.0,1,3,3,1,3,86,88,29,0
T3,account:d2649f1f-53d8-4d51-a9a0-288a41949bd4,d2649f1f-53d8-4d51-a9a0-288a41949bd4,False,8,21.0,2,3,3,2,3,70,72,70,0
T3,account:fd736d94-5bcb-4f8f-89fc-8fa336f0030e,fd736d94-5bcb-4f8f-89fc-8fa336f0030e,False,6,12.0,1,2,3,1,2,62,62,72,0
T3,account:e8ea87b9-6eab-47ad-9aa0-a384cbee4051,e8ea87b9-6eab-47ad-9aa0-a384cbee4051,False,4,6.0,1,1,2,1,0,48,48,72,0
T3,account:368c9237-04ff-47c7-af53-3f6ec3d75331,368c9237-04ff-47c7-af53-3f6ec3d75331,False,3,3.0,1,1,1,1,1,22,22,78,0
T3,account:668e60cf-1aec-416d-ad55-e2ec4490038c,668e60cf-1aec-416d-ad55-e2ec4490038c,False,5,12.0,2,1,2,2,1,53,53,69,0
T3,account:5c04529d-b0cd-4887-9334-aafcbafd7ad8,5c04529d-b0cd-4887-9334-aafcbafd7ad8,False,3,3.0,1,1,1,1,1,33,33,52,0
T3,account:d9165cfb-b820-4561-80a9-244d1bebeeff,d9165cfb-b820-4561-80a9-244d1bebeeff,False,5,12.0,1,1,3,1,1,79,80,52,0
T3,account:40ec22ca-3f00-44d4-a603-e060fd200d66,40ec22ca-3f00-44d4-a603-e060fd200d66,False,0,0.0,0,0,0,0,0,0,0,25,20
T3,account:28573631-4929-4657-a5b9-a619ab3cbc02,28573631-4929-4657-a5b9-a619ab3cbc02,False,9,15.0,3,4,2,3,4,70,71,52,0
T3,account:ce64ffc3-712d-468e-bdb8-8f97ed818772,ce64ffc3-712d-468e-bdb8-8f97ed818772,False,3,3.0,1,1,1,1,1,29,29,22,0
T3,account:1dfeb1a7-f3a8-4bcb-a927-50cb1cca448d,1dfeb1a7-f3a8-4bcb-a927-50cb1cca448d,False,3,6.0,1,1,1,1,1,35,35,29,0
T3,account:6c3f567b-c724-421d-98c7-34c28fcb799f,6c3f567b-c724-421d-98c7-34c28fcb799f,False,6,12.0,2,2,2,2,2,71,71,78,0
T3,account:d30eb085-dd95-47eb-b47d-7863c1a2f5ea,d30eb085-dd95-47eb-b47d-7863c1a2f5ea,False,5,9.0,1,1,3,1,1,76,77,54,0
T3,account:0208c326-913f-4e3c-85f2-caad1ebc42e7,0208c326-913f-4e3c-85f2-caad1ebc42e7,False,6,15.0,1,3,2,1,3,56,57,12,0
T3,account:c8844a6b-96b5-4737-98e6-f44937bdaad2,c8844a6b-96b5-4737-98e6-f44937bdaad2,False,6,9.0,2,2,2,2,2,62,62,78,0
T3,account:d1ca3d54-b518-4683-8b8a-b4fa695936ca,d1ca3d54-b518-4683-8b8a-b4fa695936ca,False,3,6.0,1,1,1,0,1,24,24,70,0
T3,account:e6c57c95-08c1-4e6f-a043-4d0e74caa6d3,e6c57c95-08c1-4e6f-a043-4d0e74caa6d3,False,5,6.0,1,2,2,1,2,45,46,1,0
T3,account:659fb029-36a6-48fd-b909-8ca2eb352349,659fb029-36a6-48fd-b909-8ca2eb352349,False,5,9.0,2,1,2,2,1,59,59,12,0
T3,account:b8c8cd31-5a98-4343-bb8e-6dd20c1d02ce,b8c8cd31-5a98-4343-bb8e-6dd20c1d02ce,False,5,12.0,2,1,2,2,1,53,54,1,0
T3,account:5b41c054-cbc6-49cf-a323-dc6139823d10,5b41c054-cbc6-49cf-a323-dc6139823d10,False,5,6.0,2,1,2,2,1,53,54,14,0
T3,account:de61e40e-289c-48bf-b196-7bf74d611c7d,de61e40e-289c-48bf-b196-7bf74d611c7d,False,4,6.0,1,1,2,1,1,36,36,70,0
T3,account:310bc82b-1b95-44d6-bf0c-cacf347cd2d1,310bc82b-1b95-44d6-bf0c-cacf347cd2d1,False,4,6.0,1,1,2,1,1,45,45,22,0
T3,account:0b04b28a-39ab-486f-af6b-c74ed27ab29e,0b04b28a-39ab-486f-af6b-c74ed27ab29e,False,4,12.0,1,2,1,1,2,25,25,72,0
T3,account:a19dfa1e-3695-46e6-bab7-b3aeadb202a2,a19dfa1e-3695-46e6-bab7-b3aeadb202a2,False,5,9.0,1,2,2,1,1,50,51,52,0
T3,account:b1b12dff-d3ce-41d2-a0d5-10a675283acb,b1b12dff-d3ce-41d2-a0d5-10a675283acb,False,0,0.0,0,0,0,0,0,0,0,26,21
T3,account:673da364-d8b9-4ecd-aac4-b2d483a40c6e,673da364-d8b9-4ecd-aac4-b2d483a40c6e,False,4,6.0,1,1,2,1,1,51,51,71,0
T3,account:5e595d62-c07d-4bf3-885a-437343966fe0,5e595d62-c07d-4bf3-885a-437343966fe0,False,7,15.0,3,2,2,3,2,59,59,54,0
T3,account:66a5b7c6-7620-447d-89b6-a449acba150d,66a5b7c6-7620-447d-89b6-a449acba150d,False,5,21.0,1,2,2,1,2,45,46,21,0
T3,account:be8f3b94-be82-4e50-8953-2adebf29a3a2,be8f3b94-be82-4e50-8953-2adebf29a3a2,False,0,0.0,0,0,0,0,0,0,0,27,22
T3,account:8e92909b-af35-4138-87fe-f28783aafec6,8e92909b-af35-4138-87fe-f28783aafec6,False,7,15.0,1,2,4,1,2,90,90,70,0
T3,account:821f0425-511e-4236-b4c4-8866e048c499,821f0425-511e-4236-b4c4-8866e048c499,False,0,0.0,0,0,0,0,0,0,0,28,23
T3,account:65673f5c-4226-4d4a-a6e2-7ea43cdeaad6,65673f5c-4226-4d4a-a6e2-7ea43cdeaad6,False,5,9.0,2,1,2,2,1,51,51,63,0
T3,account:df5b91e4-535e-4f7d-88fb-5a61901883eb,df5b91e4-535e-4f7d-88fb-5a61901883eb,False,5,6.0,2,1,2,2,1,63,65,37,0
T3,account:e764cc5f-031b-446e-8199-d41c11bcabe9,e764cc5f-031b-446e-8199-d41c11bcabe9,False,7,9.0,2,2,3,2,2,61,62,69,0
T3,account:e4f04de5-fdb9-45eb-9873-ae9f5b2dc9b6,e4f04de5-fdb9-45eb-9873-ae9f5b2dc9b6,False,4,9.0,1,1,2,1,0,46,46,54,0
T3,account:8d3a3929-e4c0-48fa-beb8-8445f2ebc332,8d3a3929-e4c0-48fa-beb8-8445f2ebc332,False,6,12.0,2,1,3,2,1,88,92,69,0
T3,account:bfcb48f3-27d5-4407-9bce-93a9dce4a919,bfcb48f3-27d5-4407-9bce-93a9dce4a919,False,4,9.0,1,2,1,1,2,24,24,54,0
T3,account:e687feae-e632-4805-9441-e94f3d71be5a,e687feae-e632-4805-9441-e94f3d71be5a,False,7,12.0,2,3,2,2,3,59,60,71,0
T3,account:608c781c-5a4f-4cc1-8e3a-e9838c808c16,608c781c-5a4f-4cc1-8e3a-e9838c808c16,False,6,9.0,2,2,2,2,1,44,44,58,0
T3,account:c96c6599-56c1-4b07-9241-94645c5cd325,c96c6599-56c1-4b07-9241-94645c5cd325,False,9,12.0,3,2,4,3,1,109,110,78,0
T3,account:36253a4d-99f4-454a-80e7-5976c4a22d30,36253a4d-99f4-454a-80e7-5976c4a22d30,False,3,6.0,1,1,1,1,1,26,26,14,0
T3,account:2b390a7b-d912-4c0b-9092-99ecbaf58b09,2b390a7b-d912-4c0b-9092-99ecbaf58b09,False,3,9.0,1,1,1,1,1,27,27,29,0
T3,account:3e464e14-617e-4363-a983-0aca0b9bb96c,3e464e14-617e-4363-a983-0aca0b9bb96c,False,4,6.0,1,1,2,1,1,52,53,54,0
T3,account:1f7e2cfa-e7e3-4b0c-8f79-05ca5e1bf863,1f7e2cfa-e7e3-4b0c-8f79-05ca5e1bf863,False,7,21.0,1,2,4,1,2,94,97,4,0
T3,account:e16ccf36-505c-49da-9fcb-ab4402201e8e,e16ccf36-505c-49da-9fcb-ab4402201e8e,False,3,3.0,1,1,1,1,1,29,29,46,0
T3,account:4a68b268-4792-4b73-a1c0-a45e9821a92d,4a68b268-4792-4b73-a1c0-a45e9821a92d,False,6,9.0,1,2,3,1,2,76,78,21,0
T3,account:ef93c35f-fe56-4246-aed1-852efc90d0a9,ef93c35f-fe56-4246-aed1-852efc90d0a9,False,6,12.0,2,2,2,2,2,57,57,78,0
T3,account:f8db02a9-9da7-4f64-bbc0-160e3f336ff9,f8db02a9-9da7-4f64-bbc0-160e3f336ff9,False,5,9.0,1,2,2,1,2,47,47,58,0
T3,account:67021f18-13e3-4d84-8bc3-992256e604eb,67021f18-13e3-4d84-8bc3-992256e604eb,False,4,6.0,1,1,2,1,1,47,47,52,0
T3,account:bd39c4c7-e64c-443b-b66c-1dbe86aa4b98,bd39c4c7-e64c-443b-b66c-1dbe86aa4b98,False,5,6.0,1,2,2,1,2,54,55,22,0
T3,account:d2665714-2a21-4d7e-836e-c93248e0e9a9,d2665714-2a21-4d7e-836e-c93248e0e9a9,False,3,3.0,1,1,1,1,1,30,30,46,0
T3,account:33acc829-9276-49b9-90de-7aa51a8fb6d6,33acc829-9276-49b9-90de-7aa51a8fb6d6,False,3,3.0,1,1,1,1,1,24,24,14,0
T3,account:08d4f9b9-c851-4a11-a642-2fa8ac513dbc,08d4f9b9-c851-4a11-a642-2fa8ac513dbc,False,5,6.0,1,2,2,1,2,52,52,70,0
T3,account:4843cd59-687d-4a98-8c74-261005635664,4843cd59-687d-4a98-8c74-261005635664,False,3,9.0,1,1,1,1,1,24,24,72,0
T3,account:b349e42d-c59b-470f-a9c9-88f41fc0265d,b349e42d-c59b-470f-a9c9-88f41fc0265d,False,5,12.0,2,1,2,2,1,60,61,78,0
T3,account:ea3be02e-9792-48f2-b32b-813063e2550d,ea3be02e-9792-48f2-b32b-813063e2550d,False,6,21.0,2,1,3,2,1,77,80,69,0
T3,account:817a15f0-8239-4296-b1f8-640303b5b608,817a15f0-8239-4296-b1f8-640303b5b608,False,4,9.0,1,1,2,1,1,44,44,46,0
T3,account:95e60b35-34e0-4076-bef9-cd8f000a0a1f,95e60b35-34e0-4076-bef9-cd8f000a0a1f,False,4,12.0,1,1,2,1,1,38,38,14,0
T3,account:297758ce-1402-43dd-861d-4a72f3bce868,297758ce-1402-43dd-861d-4a72f3bce868,False,3,6.0,1,1,1,1,1,27,27,45,0
T3,account:dfdac6fe-663a-4f3e-ac3a-fb60b9014762,dfdac6fe-663a-4f3e-ac3a-fb60b9014762,False,6,12.0,1,2,3,1,2,72,73,63,0
T3,account:ef6e4780-dd09-4cd9-b626-700a416af620,ef6e4780-dd09-4cd9-b626-700a416af620,False,4,6.0,1,1,2,1,1,47,47,78,0
T3,account:b160a44d-42c3-42a1-a1d4-b81a4f64ed5e,b160a44d-42c3-42a1-a1d4-b81a4f64ed5e,False,10,15.0,4,2,4,4,2,95,98,46,0
T3,account:e99840b7-5f87-4f07-8a67-673c2d92c592,e99840b7-5f87-4f07-8a67-673c2d92c592,False,3,3.0,1,1,1,1,1,23,23,21,0
T3,account:aa9131dc-1343-456f-abb7-c9f879c65d07,aa9131dc-1343-456f-abb7-c9f879c65d07,False,13,27.0,4,5,4,4,5,103,107,14,0
T3,account:8de43bea-e1a4-4241-89ca-6c66657391d4,8de43bea-e1a4-4241-89ca-6c66657391d4,False,5,6.0,1,2,2,1,2,55,55,78,0
T3,account:c0a5d22b-be30-4aa5-b663-84c2962268a7,c0a5d22b-be30-4aa5-b663-84c2962268a7,False,4,6.0,1,1,2,1,1,61,62,70,0
T3,account:070c446b-5eae-4a12-aeca-6dbe38c80aa5,070c446b-5eae-4a12-aeca-6dbe38c80aa5,False,4,6.0,1,1,2,1,1,34,34,63,0
T3,account:1f89b1ae-fe88-45d0-b93c-a3708b98e05d,1f89b1ae-fe88-45d0-b93c-a3708b98e05d,False,3,3.0,1,1,1,1,1,31,31,1,0
T3,account:384c0c9a-bc5e-42d9-aab5-a1a866665fa3,384c0c9a-bc5e-42d9-aab5-a1a866665fa3,False,6,12.0,1,2,3,1,2,69,69,29,0
T3,account:b5160693-5389-4bca-aa8d-ec464c57d16b,b5160693-5389-4bca-aa8d-ec464c57d16b,False,5,12.0,1,3,1,1,3,42,42,37,0
T3,account:6e721f2a-2bb9-4235-8ef6-d77a18b64b19,6e721f2a-2bb9-4235-8ef6-d77a18b64b19,False,5,6.0,1,2,2,1,2,58,58,14,0
T3,account:c5d8eaec-b758-4cef-9576-628b32d3d6b3,c5d8eaec-b758-4cef-9576-628b32d3d6b3,False,6,9.0,1,2,3,1,2,73,74,37,0
T3,account:07727d47-db52-4282-957b-89fa81d5884b,07727d47-db52-4282-957b-89fa81d5884b,False,5,9.0,1,1,3,1,1,69,70,29,0
T3,account:24e72e68-3ce1-4424-9241-3c91068c46d5,24e72e68-3ce1-4424-9241-3c91068c46d5,False,3,3.0,1,1,1,1,1,28,28,71,0
T3,account:dc31739a-f90b-487e-b7e3-db6f0d8bfc24,dc31739a-f90b-487e-b7e3-db6f0d8bfc24,False,4,12.0,1,1,2,1,1,57,58,29,0
T3,account:0a10623f-4639-4d0f-8047-114862b33001,0a10623f-4639-4d0f-8047-114862b33001,False,4,6.0,1,2,1,1,2,27,27,71,0
T3,account:6cb22b09-c40f-416f-b03b-294941eaedde,6cb22b09-c40f-416f-b03b-294941eaedde,False,3,6.0,1,1,1,1,1,23,23,46,0
T3,account:50e59ca9-e40c-4f3e-8192-00d128fe155d,50e59ca9-e40c-4f3e-8192-00d128fe155d,False,0,0.0,0,0,0,0,0,0,0,30,24
T3,account:57678fe1-e0d3-4a46-a38a-a2d6f1ab65d7,57678fe1-e0d3-4a46-a38a-a2d6f1ab65d7,False,10,15.0,4,3,3,4,3,97,100,4,0
T3,account:5e8e10d5-561a-443e-8622-c1c63114df20,5e8e10d5-561a-443e-8622-c1c63114df20,False,5,12.0,1,2,2,1,2,67,68,4,0
T3,account:a649b8bf-d894-4a7d-85c2-b1fec5eed95e,a649b8bf-d894-4a7d-85c2-b1fec5eed95e,False,5,12.0,2,1,2,2,1,49,49,46,0
T3,account:7dd2215b-7136-4b79-a57b-d15e56918b7c,7dd2215b-7136-4b79-a57b-d15e56918b7c,False,6,9.0,3,1,2,3,1,55,56,14,0
T3,account:00047a57-eb19-46ee-81c6-19f71caadc6c,00047a57-eb19-46ee-81c6-19f71caadc6c,False,4,6.0,1,1,2,1,1,43,45,21,0
T3,account:9dd9822d-333a-49db-bc99-e77a28bb50fa,9dd9822d-333a-49db-bc99-e77a28bb50fa,False,3,3.0,1,1,1,1,1,23,23,58,0
T3,account:7477dfa5-5c3c-47ef-81ed-5abdb60cf8ac,7477dfa5-5c3c-47ef-81ed-5abdb60cf8ac,False,4,6.0,2,1,1,2,1,32,32,1,0
T3,account:8f92418d-6f01-4a46-9555-76046ece86b8,8f92418d-6f01-4a46-9555-76046ece86b8,False,7,9.0,1,3,3,1,3,84,84,70,0
T3,account:c44f6206-263b-4e62-9e91-71de0798c7ac,c44f6206-263b-4e62-9e91-71de0798c7ac,False,5,9.0,1,2,2,1,1,44,44,37,0
T3,account:683ed2db-e05c-4431-ae54-f05fcc9591cc,683ed2db-e05c-4431-ae54-f05fcc9591cc,False,3,6.0,1,1,1,1,1,28,28,29,0
T3,account:612322fb-ae7f-414c-ab6e-fc5f8ecadc64,612322fb-ae7f-414c-ab6e-fc5f8ecadc64,False,6,12.0,1,3,2,1,3,61,62,22,0
T3,account:2c41cad0-21ba-41ab-a518-ddb0913a7a8f,2c41cad0-21ba-41ab-a518-ddb0913a7a8f,False,6,12.0,2,2,2,2,2,58,59,21,0
T3,account:ad814dc6-67df-4bba-8de3-5994035af417,ad814dc6-67df-4bba-8de3-5994035af417,False,5,9.0,2,2,1,2,2,31,31,54,0
T3,account:d077c0ef-19ac-4212-bcaf-aa723fe455ef,d077c0ef-19ac-4212-bcaf-aa723fe455ef,False,7,12.0,2,3,2,2,3,68,68,12,0
T3,account:c12e6632-9b3c-4fa5-ab03-904b7b3b75f6,c12e6632-9b3c-4fa5-ab03-904b7b3b75f6,False,4,6.0,1,2,1,1,2,31,31,78,0
T3,account:c004335a-6896-4c19-b5d8-c8c119ffa681,c004335a-6896-4c19-b5d8-c8c119ffa681,False,0,0.0,0,0,0,0,0,0,0,31,25
T3,account:5b0fbda4-d384-46bc-b47c-6ee8e7896d33,5b0fbda4-d384-46bc-b47c-6ee8e7896d33,False,6,9.0,3,2,1,3,2,42,42,63,0
T3,account:5ea4f398-fb35-474b-a820-681d916b52b6,5ea4f398-fb35-474b-a820-681d916b52b6,False,3,6.0,1,1,1,1,1,31,31,1,0
T3,account:d5ae1f25-30e3-46e7-8108-869c05347125,d5ae1f25-30e3-46e7-8108-869c05347125,False,7,12.0,2,2,3,2,2,81,81,78,0
T3,account:62f1aa0a-7d4d-44b9-8e6e-33efc59c64ad,62f1aa0a-7d4d-44b9-8e6e-33efc59c64ad,False,3,9.0,1,1,1,1,1,26,26,54,0
T3,account:b239b6c7-b4b6-434f-9834-c9280c78660c,b239b6c7-b4b6-434f-9834-c9280c78660c,False,7,12.0,2,2,3,2,2,77,79,54,0
T3,account:91cfcb39-960f-4fdf-9c5e-5619bc28596f,91cfcb39-960f-4fdf-9c5e-5619bc28596f,False,5,12.0,2,2,1,2,2,27,27,14,0
T3,account:1b358eb7-d8d4-4d8d-b58e-815446a9438b,1b358eb7-d8d4-4d8d-b58e-815446a9438b,False,5,12.0,1,3,1,1,3,46,46,71,0
T3,account:fe3de0b0-c5af-43d8-aae9-ed77775489d3,fe3de0b0-c5af-43d8-aae9-ed77775489d3,False,6,21.0,1,2,3,1,2,80,80,37,0
T3,account:f7450c84-db96-4544-80aa-c6fbc9961ee9,f7450c84-db96-4544-80aa-c6fbc9961ee9,False,4,6.0,1,2,1,1,2,37,37,70,0
T3,account:b465a956-b94d-4145-963a-fcd950eb730f,b465a956-b94d-4145-963a-fcd950eb730f,False,5,6.0,2,1,2,2,1,51,51,46,0
T3,account:0ac8a3bd-8945-4b67-bc18-e868f0a2bd65,0ac8a3bd-8945-4b67-bc18-e868f0a2bd65,False,5,12.0,2,1,2,2,1,57,58,52,0
T3,account:adcb7ee6-a840-4a4b-978c-807415ec834f,adcb7ee6-a840-4a4b-978c-807415ec834f,False,7,18.0,2,2,3,2,2,81,86,21,0
T3,account:d8778ac5-d19a-40b7-8f65-acd0bb0ed8cc,d8778ac5-d19a-40b7-8f65-acd0bb0ed8cc,False,5,6.0,2,1,2,2,1,51,53,46,0
T3,account:544e73ef-4c63-4896-accb-f7c097e90502,544e73ef-4c63-4896-accb-f7c097e90502,False,3,3.0,1,1,1,1,1,22,23,14,0
T3,account:2af1fd39-8824-4974-830c-4c80b3f902c0,2af1fd39-8824-4974-830c-4c80b3f902c0,False,3,3.0,1,1,1,1,1,25,25,46,0
T3,account:ccb0e1fc-144d-4df2-acd9-06f40cbb3d6e,ccb0e1fc-144d-4df2-acd9-06f40cbb3d6e,False,4,6.0,1,2,1,1,2,31,31,58,0
T3,account:a9654783-de8c-41bb-83bc-00b783cad2d5,a9654783-de8c-41bb-83bc-00b783cad2d5,False,3,3.0,1,1,1,1,1,27,27,72,0
T3,account:d34ba7c4-9361-42fc-b7c0-8255c06a0117,d34ba7c4-9361-42fc-b7c0-8255c06a0117,False,3,3.0,1,1,1,1,1,34,34,54,0
T3,account:1568d881-08e2-41e7-a6ef-a339dce7fa1f,1568d881-08e2-41e7-a6ef-a339dce7fa1f,False,7,12.0,2,2,3,2,2,84,85,78,0
T3,account:4c776a33-60dd-469c-8caa-8fafb51f3f45,4c776a33-60dd-469c-8caa-8fafb51f3f45,False,4,6.0,1,2,1,1,2,30,32,63,0
T3,account:3d25d9c7-cbe4-4516-90ee-476c912e979e,3d25d9c7-cbe4-4516-90ee-476c912e979e,False,6,15.0,2,2,2,2,2,45,45,70,0
T3,account:99150391-643b-4b66-ac99-2e0ae5cc47cd,99150391-643b-4b66-ac99-2e0ae5cc47cd,False,6,6.0,2,2,2,2,2,53,53,14,0
T3,account:9f866bbf-1ea3-4a40-a2ac-0d47a27b9382,9f866bbf-1ea3-4a40-a2ac-0d47a27b9382,False,4,6.0,1,1,2,1,1,50,50,72,0
T3,account:4dbd0396-8ccb-4dbb-b3c4-75c91b05a93a,4dbd0396-8ccb-4dbb-b3c4-75c91b05a93a,False,7,9.0,2,2,3,2,2,72,72,52,0
T3,account:69a06a7d-f7f2-46a3-a2dc-a5b040c5d8dd,69a06a7d-f7f2-46a3-a2dc-a5b040c5d8dd,False,5,6.0,1,2,2,1,2,46,46,63,0
T3,account:333815c8-4f89-4ec9-95a4-ef7323c33709,333815c8-4f89-4ec9-95a4-ef7323c33709,False,4,9.0,1,1,2,1,1,52,53,54,0
T3,account:40e38bc1-9d66-41e0-91c0-01b6f015a683,40e38bc1-9d66-41e0-91c0-01b6f015a683,False,4,9.0,1,1,2,1,1,58,59,21,0
T3,account:3e4434b2-cb7a-4456-93e6-d0b85f6d1cc7,3e4434b2-cb7a-4456-93e6-d0b85f6d1cc7,False,8,12.0,2,3,3,2,3,70,70,46,0
T3,account:1641daf2-669b-434a-b97a-9fef28c0be07,1641daf2-669b-434a-b97a-9fef28c0be07,False,8,18.0,3,2,3,3,2,93,96,69,0
T3,account:0771c6b7-d82d-46d6-8dcb-7f8972ac3cb0,0771c6b7-d82d-46d6-8dcb-7f8972ac3cb0,False,3,3.0,1,1,1,1,1,36,36,14,0
T3,account:591a9bdf-6076-43e4-aac6-1df11461debb,591a9bdf-6076-43e4-aac6-1df11461debb,False,6,12.0,1,3,2,1,2,42,42,21,0
T3,account:58f4f114-1a8c-42dc-939b-e0cebd16e39f,58f4f114-1a8c-42dc-939b-e0cebd16e39f,False,6,18.0,1,3,2,1,3,54,54,69,0
T3,account:4eb96afe-0fbb-4867-b76d-01584685e097,4eb96afe-0fbb-4867-b76d-01584685e097,False,6,18.0,3,2,1,3,2,41,42,1,0
T3,account:a336deb4-86d4-431d-b562-820a745ea111,a336deb4-86d4-431d-b562-820a745ea111,False,3,3.0,1,1,1,1,1,34,34,12,0
T3,account:9917f815-3c9c-46fa-b5a8-4804bc42af1d,9917f815-3c9c-46fa-b5a8-4804bc42af1d,False,0,0.0,0,0,0,0,0,0,0,32,26
T3,account:1b1b6bcc-b77c-4133-b480-5ce4e8075cca,1b1b6bcc-b77c-4133-b480-5ce4e8075cca,False,5,12.0,2,1,2,2,1,54,55,1,0
T3,account:fa175fe0-b28f-447d-82f1-a60a511d051a,fa175fe0-b28f-447d-82f1-a60a511d051a,False,6,12.0,2,1,3,2,1,79,79,78,0
T3,account:2c745860-ae1b-48c9-892e-e4f1f092db2d,2c745860-ae1b-48c9-892e-e4f1f092db2d,False,6,9.0,3,1,2,3,1,62,62,58,0
T3,account:fe49148d-74db-4414-953f-d1293eddb4fc,fe49148d-74db-4414-953f-d1293eddb4fc,False,3,3.0,1,1,1,1,1,26,26,14,0
T3,account:0853bf0f-ddba-490e-8282-c03c28b54822,0853bf0f-ddba-490e-8282-c03c28b54822,False,4,6.0,1,1,2,1,1,55,55,45,0
T3,account:f377974b-d3b3-4c65-8f5a-536c89935158,f377974b-d3b3-4c65-8f5a-536c89935158,False,6,6.0,2,2,2,2,2,62,63,71,0
T3,account:b3cfc99f-c04d-4420-ad57-34a2835e8fe1,b3cfc99f-c04d-4420-ad57-34a2835e8fe1,False,4,12.0,2,1,1,2,1,33,33,21,0
T3,account:fdc70d65-f64b-4f6c-b7a1-8e4e13626500,fdc70d65-f64b-4f6c-b7a1-8e4e13626500,False,7,18.0,2,1,4,2,1,102,103,69,0
T3,account:5478df73-f128-4b63-a934-9ed3b52f4317,5478df73-f128-4b63-a934-9ed3b52f4317,False,6,9.0,2,1,3,2,1,79,81,63,0
T3,account:6d6e584b-da9d-4882-a64e-95aca0b02942,6d6e584b-da9d-4882-a64e-95aca0b02942,False,3,3.0,1,1,1,1,1,27,27,46,0
T3,account:9d1110ae-7ddd-4155-a464-be99a26f3aad,9d1110ae-7ddd-4155-a464-be99a26f3aad,False,7,15.0,2,2,3,2,2,77,78,46,0
T3,account:a8b7bb0a-dd8b-40e3-8c16-a8d96609bfad,a8b7bb0a-dd8b-40e3-8c16-a8d96609bfad,False,3,6.0,1,1,1,1,1,30,30,71,0
T3,account:4f859927-ec47-40b5-9f58-2c0209a5e381,4f859927-ec47-40b5-9f58-2c0209a5e381,False,8,15.0,2,3,3,2,3,81,82,58,0
T3,account:73b5ba44-a1a2-4ed6-acfd-227c78ca34b2,73b5ba44-a1a2-4ed6-acfd-227c78ca34b2,False,6,6.0,2,2,2,2,2,51,51,21,0
T3,account:2678fc4d-418b-4f87-a5ad-dbfcb91a33a5,2678fc4d-418b-4f87-a5ad-dbfcb91a33a5,False,3,6.0,1,1,1,1,1,34,34,71,0
T3,account:5efc7842-4b8b-46f2-91d3-76c27af5c5e1,5efc7842-4b8b-46f2-91d3-76c27af5c5e1,False,4,12.0,1,2,1,1,2,37,37,22,0
T3,account:320e2f61-c912-47db-83f3-05c06157b842,320e2f61-c912-47db-83f3-05c06157b842,False,4,6.0,1,2,1,1,2,24,24,12,0
T3,account:8faf1945-2abd-4d6f-9b69-89092fffebf6,8faf1945-2abd-4d6f-9b69-89092fffebf6,False,3,6.0,1,1,1,1,1,26,26,14,0
T3,account:6275426b-1c6c-4e60-a00c-41b233e8dc1d,6275426b-1c6c-4e60-a00c-41b233e8dc1d,False,6,12.0,3,1,2,3,1,74,74,12,0
T3,account:8e5ba397-48eb-49d1-a5de-47330a513329,8e5ba397-48eb-49d1-a5de-47330a513329,False,5,15.0,2,2,1,2,2,57,58,71,0
T3,account:fae411af-31c2-4323-a6b9-2b472aedb777,fae411af-31c2-4323-a6b9-2b472aedb777,False,8,15.0,2,2,4,2,2,86,88,54,0
T3,account:b3d3216b-ddec-4fb5-a042-ff6096ed34e6,b3d3216b-ddec-4fb5-a042-ff6096ed34e6,False,6,21.0,3,1,2,3,1,58,60,12,0
T3,account:19836656-cd47-42a2-8a12-c0dbcb55230a,19836656-cd47-42a2-8a12-c0dbcb55230a,False,8,12.0,3,1,4,3,1,103,105,22,0
T3,account:1934e655-b155-4848-806c-cf831a7d9d78,1934e655-b155-4848-806c-cf831a7d9d78,False,7,9.0,2,2,3,2,2,66,67,54,0
T3,account:4e6d2bbd-df9a-4e29-9b31-94d4d18cce26,4e6d2bbd-df9a-4e29-9b31-94d4d18cce26,False,6,18.0,2,2,2,2,2,55,57,46,0
T3,account:21987012-b75e-4802-935a-19336e175670,21987012-b75e-4802-935a-19336e175670,False,3,9.0,1,1,1,1,1,21,21,70,0
T3,account:9dc28b32-a3a0-4f3f-827e-fd12abbbde66,9dc28b32-a3a0-4f3f-827e-fd12abbbde66,False,4,6.0,1,2,1,1,2,27,29,69,0
T3,account:2ed72d95-36d7-4f21-827a-45afad8185e8,2ed72d95-36d7-4f21-827a-45afad8185e8,False,4,6.0,1,1,2,1,1,50,51,54,0
T3,account:188f1cd1-7b13-4f04-aa02-88dbdbf40fae,188f1cd1-7b13-4f04-aa02-88dbdbf40fae,False,0,0.0,0,0,0,0,0,0,0,33,27
T3,account:490a7454-c291-448e-84f8-fb976490bd87,490a7454-c291-448e-84f8-fb976490bd87,False,4,9.0,1,2,1,1,2,28,29,78,0
T3,account:bc78d3a5-39ea-4c63-98b6-50e0719b6103,bc78d3a5-39ea-4c63-98b6-50e0719b6103,False,3,3.0,1,1,1,1,1,29,29,1,0
T3,account:5485c66b-2125-4a56-aa4d-6e6120b15806,5485c66b-2125-4a56-aa4d-6e6120b15806,False,0,0.0,0,0,0,0,0,0,0,34,28
T3,account:2ab68c87-fae2-4030-96a3-04acadbc242f,2ab68c87-fae2-4030-96a3-04acadbc242f,False,3,3.0,1,1,1,1,1,28,28,12,0
T3,account:f624e230-bb6b-4ade-b478-3eb831e9aae5,f624e230-bb6b-4ade-b478-3eb831e9aae5,False,3,3.0,1,1,1,1,1,27,27,12,0
T3,account:75373dcc-bb6c-4d9d-a371-53c42e495fb3,75373dcc-bb6c-4d9d-a371-53c42e495fb3,False,4,15.0,1,1,2,1,1,52,53,45,0
T3,account:12ff9e22-5df5-4392-a864-4c1ae9414196,12ff9e22-5df5-4392-a864-4c1ae9414196,False,7,18.0,1,3,3,1,3,77,79,54,0
T3,account:e4b6d9d5-bec8-40e3-bf67-7d2f56d7b116,e4b6d9d5-bec8-40e3-bf67-7d2f56d7b116,False,5,9.0,1,2,2,1,2,52,53,63,0
T3,account:e8dc9e8a-0287-46cc-9ad5-9641f1d726d8,e8dc9e8a-0287-46cc-9ad5-9641f1d726d8,False,5,9.0,1,1,3,1,1,64,65,58,0
T3,account:9a65c0cc-1199-4a50-8d56-381eca765006,9a65c0cc-1199-4a50-8d56-381eca765006,False,3,3.0,1,1,1,1,1,28,28,12,0
T3,account:94743776-7eca-4298-a329-492e0014cf27,94743776-7eca-4298-a329-492e0014cf27,False,8,12.0,2,3,3,2,3,72,73,63,0
T3,account:d61754dd-5577-47ae-85ed-99d681fa3d73,d61754dd-5577-47ae-85ed-99d681fa3d73,False,4,9.0,1,1,2,1,1,41,41,63,0
T3,account:fd538929-780c-4637-9f69-98d0be3f7614,fd538929-780c-4637-9f69-98d0be3f7614,False,3,3.0,1,1,1,1,1,22,22,12,0
T3,account:f2903235-0b50-49e4-86f8-3c1005777c95,f2903235-0b50-49e4-86f8-3c1005777c95,False,4,12.0,1,2,1,1,2,21,21,70,0
T3,account:034bd9d4-87c1-49f3-8648-65e717c6d424,034bd9d4-87c1-49f3-8648-65e717c6d424,False,5,6.0,2,2,1,2,2,49,50,21,0
T3,account:4ce2b203-cb47-4c39-bc35-7ef36e680939,4ce2b203-cb47-4c39-bc35-7ef36e680939,False,8,30.0,1,3,4,1,3,90,92,71,0
T3,account:48c91d1e-39fe-4769-bdc9-0b074fb5d1ca,48c91d1e-39fe-4769-bdc9-0b074fb5d1ca,False,7,12.0,3,2,2,3,2,67,68,78,0
T3,account:ac0ba692-1211-4073-99fd-b874349f569a,ac0ba692-1211-4073-99fd-b874349f569a,False,3,3.0,1,1,1,1,1,40,40,78,0
T3,account:a14797bd-63ac-4302-807c-bd0869d6c715,a14797bd-63ac-4302-807c-bd0869d6c715,False,8,18.0,3,1,4,3,1,94,94,12,0
T3,account:a8cabdf7-38cd-4556-bcbc-c586352189da,a8cabdf7-38cd-4556-bcbc-c586352189da,False,5,6.0,1,2,2,1,2,64,64,71,0
T3,account:8b9dd254-48c1-4a0d-9642-6cac0faeca6a,8b9dd254-48c1-4a0d-9642-6cac0faeca6a,False,5,6.0,1,2,2,1,2,52,54,22,0
T3,account:9beea4da-de40-4431-b789-a1ea955cf216,9beea4da-de40-4431-b789-a1ea955cf216,False,3,6.0,1,1,1,1,1,28,28,14,0
T3,account:1aa224bb-e82c-4c5e-b3e2-348f89f6dd01,1aa224bb-e82c-4c5e-b3e2-348f89f6dd01,False,6,6.0,2,2,2,2,2,51,51,52,0
T3,account:6e1d3cee-ebdf-423d-9070-8d2cbb59eee0,6e1d3cee-ebdf-423d-9070-8d2cbb59eee0,False,4,9.0,2,1,1,2,1,27,27,14,0
T3,account:6b67b8bb-9f44-4183-9fa9-415087852f19,6b67b8bb-9f44-4183-9fa9-415087852f19,False,3,6.0,1,1,1,1,1,26,26,78,0
T3,account:4e83bc82-beee-4925-8e08-5673f65fe399,4e83bc82-beee-4925-8e08-5673f65fe399,False,3,3.0,1,1,1,1,0,28,28,71,0
T3,account:a3db71b4-acda-46d9-ac92-2ccaad8e40a2,a3db71b4-acda-46d9-ac92-2ccaad8e40a2,False,3,3.0,1,1,1,1,1,30,30,1,0
T3,account:953a20a2-e4ff-4474-8f2c-f65c88f7bdfc,953a20a2-e4ff-4474-8f2c-f65c88f7bdfc,True,8,15.0,2,3,3,2,2,84,102,69,0
T3,account:b1fb4af9-3c60-4feb-84bc-a97a12923353,b1fb4af9-3c60-4feb-84bc-a97a12923353,False,4,12.0,1,1,2,1,1,47,49,69,0
T3,account:04285771-5708-4530-98eb-94c550942cf4,04285771-5708-4530-98eb-94c550942cf4,False,8,15.0,2,3,3,2,3,73,74,52,0
T3,account:65cf5150-035b-48ae-9467-16c9654126d9,65cf5150-035b-48ae-9467-16c9654126d9,False,8,12.0,3,2,3,3,2,89,90,58,0
T3,account:210167a9-4dd8-471a-994a-d3bc1e662358,210167a9-4dd8-471a-994a-d3bc1e662358,False,3,3.0,1,1,1,1,1,35,36,22,0
T3,account:185af662-7953-4cd4-b89d-d37b2670642e,185af662-7953-4cd4-b89d-d37b2670642e,False,3,3.0,1,1,1,1,1,31,31,70,0
T3,account:5c5203f7-0515-492a-95df-2ebebf5e0c1f,5c5203f7-0515-492a-95df-2ebebf5e0c1f,False,6,6.0,2,2,2,2,2,62,62,21,0
T3,account:820cdfee-69b2-40b4-9b01-99e318038265,820cdfee-69b2-40b4-9b01-99e318038265,False,5,6.0,1,2,2,1,1,42,43,4,0
T3,account:df6ee646-a2e6-42b3-a087-640d6400bc57,df6ee646-a2e6-42b3-a087-640d6400bc57,False,4,12.0,1,1,2,1,1,50,50,22,0
T3,account:9cbacbdc-e44d-41f5-afe1-8deed15621cc,9cbacbdc-e44d-41f5-afe1-8deed15621cc,False,5,9.0,2,1,2,2,1,43,43,69,0
T3,account:3748d6f4-0e2b-4621-a1a3-90892d8c58bf,3748d6f4-0e2b-4621-a1a3-90892d8c58bf,False,3,3.0,1,1,1,1,1,30,31,22,0
T3,account:0b02d324-a23f-47e7-bb5b-71ee7866634e,0b02d324-a23f-47e7-bb5b-71ee7866634e,False,10,21.0,2,3,5,2,2,124,127,14,0
T3,account:e7ed0e42-3c2f-429a-bd3e-d92549ee037a,e7ed0e42-3c2f-429a-bd3e-d92549ee037a,False,4,6.0,1,2,1,1,1,26,26,58,0
T3,account:82557855-bb2b-4236-ab9a-0c8a16078cd3,82557855-bb2b-4236-ab9a-0c8a16078cd3,False,4,6.0,2,1,1,2,1,35,35,78,0
T3,account:db4c0d21-abb7-4a64-8e38-22ca1414653e,db4c0d21-abb7-4a64-8e38-22ca1414653e,False,3,3.0,1,1,1,1,1,25,25,22,0
T3,account:9d8e3739-ad60-4872-9dd7-a3c31f77be4c,9d8e3739-ad60-4872-9dd7-a3c31f77be4c,False,11,30.0,4,3,4,4,3,100,101,46,0
T3,account:ba4cb3ff-7bdd-44f3-9bd6-8edeb19111e9,ba4cb3ff-7bdd-44f3-9bd6-8edeb19111e9,False,5,6.0,2,1,2,2,1,54,54,72,0
T3,account:a8e66ab6-4da3-4bbf-863b-896c9861c868,a8e66ab6-4da3-4bbf-863b-896c9861c868,False,6,12.0,2,1,3,2,1,59,60,63,0
T3,account:543baa4e-e42f-44c3-a8d9-dadf5ac0f5e9,543baa4e-e42f-44c3-a8d9-dadf5ac0f5e9,False,5,9.0,2,1,2,2,1,51,52,54,0
T3,account:f9de0157-9c79-4866-b9ff-a8ca758faa4b,f9de0157-9c79-4866-b9ff-a8ca758faa4b,False,3,3.0,1,1,1,1,1,27,27,14,0
T3,account:e590bc83-7e91-4e5c-8361-caad80252a76,e590bc83-7e91-4e5c-8361-caad80252a76,False,0,0.0,0,0,0,0,0,0,0,35,29
T3,account:27a49180-ab2f-4b56-8864-f116d1110367,27a49180-ab2f-4b56-8864-f116d1110367,False,6,12.0,2,2,2,2,2,59,60,46,0
T3,account:a876c3df-364a-4e3f-a413-cef476acd9ee,a876c3df-364a-4e3f-a413-cef476acd9ee,False,4,6.0,1,1,2,1,1,47,47,52,0
T3,account:3327f1b0-32a9-415e-8551-c901c439a181,3327f1b0-32a9-415e-8551-c901c439a181,False,4,6.0,1,1,2,1,1,49,49,54,0
T3,account:d347d7b6-901a-4e41-aed8-0a7b8de8a7c1,d347d7b6-901a-4e41-aed8-0a7b8de8a7c1,False,4,6.0,2,1,1,2,1,33,33,58,0
T3,account:76bf3062-92d7-49aa-bab5-1c2f46405ff1,76bf3062-92d7-49aa-bab5-1c2f46405ff1,False,6,9.0,2,1,3,2,1,73,73,54,0
T3,account:35edd724-1584-4e29-9991-7b0fa932e4d2,35edd724-1584-4e29-9991-7b0fa932e4d2,False,8,9.0,3,2,3,3,2,67,67,46,0
T3,account:ac530f50-3d5f-429c-a685-92364a80ee62,ac530f50-3d5f-429c-a685-92364a80ee62,False,3,3.0,1,1,1,1,1,35,35,37,0
T3,account:150d3613-428b-4368-b7ca-2536ed1a77f7,150d3613-428b-4368-b7ca-2536ed1a77f7,False,6,12.0,2,2,2,2,2,48,48,70,0
T3,account:c4c70558-0334-45b0-864f-93e803f300f6,c4c70558-0334-45b0-864f-93e803f300f6,False,5,9.0,2,1,2,2,1,51,51,69,0
T3,account:d990fdf8-16cf-49d1-b975-76bd8d97e4f5,d990fdf8-16cf-49d1-b975-76bd8d97e4f5,False,5,6.0,2,2,1,2,2,45,45,37,0
T3,account:3f4f0093-b947-4881-8095-9c3d70de9a0a,3f4f0093-b947-4881-8095-9c3d70de9a0a,False,7,9.0,2,3,2,2,3,57,57,58,0
T3,account:2864d48c-3124-4cbd-9381-4b27c7cbb4f0,2864d48c-3124-4cbd-9381-4b27c7cbb4f0,False,4,6.0,1,1,2,1,1,51,52,71,0
T3,account:ae82ded0-cf5a-4104-9b2a-e722f3d71403,ae82ded0-cf5a-4104-9b2a-e722f3d71403,True,9,18.0,3,2,4,3,2,117,127,69,0
T3,account:fce699cf-a2f4-4f21-926e-2f8b0a3789f1,fce699cf-a2f4-4f21-926e-2f8b0a3789f1,False,7,15.0,2,3,2,2,3,48,48,22,0
T3,account:c4e5c3b6-4bf5-4e94-9e80-816e1b580bb8,c4e5c3b6-4bf5-4e94-9e80-816e1b580bb8,False,7,9.0,2,2,3,2,2,71,72,52,0
T3,account:1adb525c-7a84-4da7-815b-04a62131d178,1adb525c-7a84-4da7-815b-04a62131d178,False,6,9.0,2,2,2,2,2,67,68,52,0
T3,account:0f4b0ec8-9b46-4c50-bb7d-0742b9a7e73f,0f4b0ec8-9b46-4c50-bb7d-0742b9a7e73f,False,6,9.0,2,1,3,2,1,67,67,69,0
T3,account:b5e775dc-fb2c-4d8a-b40b-342e3eadd448,b5e775dc-fb2c-4d8a-b40b-342e3eadd448,False,3,3.0,1,1,1,1,1,30,30,21,0
T3,account:077c5828-42c6-4fb5-b0c4-1f788d628a5a,077c5828-42c6-4fb5-b0c4-1f788d628a5a,False,4,9.0,1,1,2,1,1,44,44,70,0
T3,account:126811a8-dad2-4ff2-9abc-0a482c844674,126811a8-dad2-4ff2-9abc-0a482c844674,False,5,9.0,2,1,2,2,1,59,59,54,0
T3,account:ea3f6c84-0303-4ae3-88f5-7b6296ed4f90,ea3f6c84-0303-4ae3-88f5-7b6296ed4f90,False,4,9.0,1,1,2,1,1,45,45,78,0
T3,account:8ae2b163-3917-4b26-b480-c7a0d66c9728,8ae2b163-3917-4b26-b480-c7a0d66c9728,False,7,15.0,3,2,2,3,2,57,57,70,0
T3,account:96067836-c429-454d-8e13-7d4ea456ef58,96067836-c429-454d-8e13-7d4ea456ef58,False,4,18.0,2,1,1,2,1,33,33,22,0
T3,account:adc27ae4-8136-40a3-82a5-67a453a3ef53,adc27ae4-8136-40a3-82a5-67a453a3ef53,False,7,15.0,1,2,4,1,2,111,113,69,0
T3,account:fd6e04a5-bfaa-4363-8784-b2ad187e6e65,fd6e04a5-bfaa-4363-8784-b2ad187e6e65,False,5,18.0,2,1,2,2,1,60,60,21,0
T3,account:6a3719cc-18ce-40f2-9f6f-290a16ec0ede,6a3719cc-18ce-40f2-9f6f-290a16ec0ede,False,3,3.0,1,1,1,1,1,27,27,52,0
T3,account:f3787721-81a0-4427-8cb5-b62939770c77,f3787721-81a0-4427-8cb5-b62939770c77,False,7,12.0,2,3,2,2,3,61,62,71,0
T3,account:18d11a71-8635-451b-b6dc-3b10942199d0,18d11a71-8635-451b-b6dc-3b10942199d0,False,5,18.0,3,1,1,3,1,38,39,63,0
T3,account:e53ec211-07c1-4d7f-851d-5f34349594a0,e53ec211-07c1-4d7f-851d-5f34349594a0,False,6,15.0,1,2,3,1,2,74,75,21,0
T3,account:61718032-20cf-40f3-a60f-ca35582fb34e,61718032-20cf-40f3-a60f-ca35582fb34e,False,7,18.0,1,3,3,1,3,81,83,4,0
T3,account:fa5c5fb6-5492-40c6-96ac-49ac03626f06,fa5c5fb6-5492-40c6-96ac-49ac03626f06,False,3,9.0,1,1,1,1,1,30,30,58,0
T3,account:d9fd7a32-dfba-4e3d-bf1e-d6ec36e967c8,d9fd7a32-dfba-4e3d-bf1e-d6ec36e967c8,False,8,12.0,3,1,4,3,1,98,98,37,0
T3,account:63fc93d9-71d4-431a-a507-9b91085bec82,63fc93d9-71d4-431a-a507-9b91085bec82,False,7,15.0,2,3,2,2,3,70,72,69,0
T3,account:972702c6-eec3-4127-afca-fc6c0062d924,972702c6-eec3-4127-afca-fc6c0062d924,False,5,12.0,1,2,2,1,2,53,53,45,0
T3,account:baa38df5-f0c8-4a84-9909-d5110be7f3ad,baa38df5-f0c8-4a84-9909-d5110be7f3ad,False,7,15.0,3,2,2,3,1,59,59,54,0
T3,account:6711b1f8-7f86-4d68-804b-f3853d6b18fb,6711b1f8-7f86-4d68-804b-f3853d6b18fb,False,5,12.0,1,2,2,1,2,31,31,70,0
T3,account:f2f158e9-5a69-4388-a1e8-d08add1a8e1f,f2f158e9-5a69-4388-a1e8-d08add1a8e1f,False,4,9.0,1,1,2,1,1,44,44,46,0
T3,account:62bf135f-7be4-4830-86fa-0ab54f456ac5,62bf135f-7be4-4830-86fa-0ab54f456ac5,False,3,18.0,1,1,1,1,1,33,33,71,0
T3,account:4355baab-e9aa-4ea9-bb86-a1ab6dcb6bed,4355baab-e9aa-4ea9-bb86-a1ab6dcb6bed,False,5,6.0,1,2,2,1,2,54,54,22,0
T3,account:b8547140-4945-46ed-95c9-31ca75ec69c6,b8547140-4945-46ed-95c9-31ca75ec69c6,False,3,3.0,1,1,1,1,1,27,27,52,0
T3,account:501c2324-27c9-4ad3-b63e-750c03e99ecf,501c2324-27c9-4ad3-b63e-750c03e99ecf,False,6,12.0,1,2,3,1,2,69,70,1,0
T3,account:226c1fb6-27ab-4a4f-8dc9-bf860f4a9fcd,226c1fb6-27ab-4a4f-8dc9-bf860f4a9fcd,False,4,15.0,2,1,1,2,1,33,33,14,0
T3,account:5f50ae95-42f0-4175-badf-e55c59d37507,5f50ae95-42f0-4175-badf-e55c59d37507,False,7,30.0,1,3,3,1,3,75,77,78,0
T3,account:a8152c48-ee3c-4729-ba3d-a3083548db2c,a8152c48-ee3c-4729-ba3d-a3083548db2c,False,5,12.0,2,1,2,2,1,49,50,1,0
T3,account:45c6f1ff-dbed-4408-8049-cb07e81f0d84,45c6f1ff-dbed-4408-8049-cb07e81f0d84,False,4,6.0,2,1,1,2,1,36,36,71,0
T3,account:cd23ef4b-0ecb-48cf-ab45-2fe2641e911b,cd23ef4b-0ecb-48cf-ab45-2fe2641e911b,False,5,6.0,2,1,2,2,1,63,65,45,0
T3,account:ca7113c8-2fc4-4daf-ba3a-8e82e13b8751,ca7113c8-2fc4-4daf-ba3a-8e82e13b8751,False,7,9.0,2,2,3,2,2,75,76,52,0
T3,account:a2516ac2-78de-46a0-ae81-22a598b6ac0a,a2516ac2-78de-46a0-ae81-22a598b6ac0a,False,6,6.0,2,2,2,2,2,55,55,71,0
T3,account:18710d4d-f775-4dd3-a3d8-535a53becf3f,18710d4d-f775-4dd3-a3d8-535a53becf3f,False,0,0.0,0,0,0,0,0,0,0,36,30
T3,account:f3434f11-ddd2-4cca-a73c-a1ec503b1ab1,f3434f11-ddd2-4cca-a73c-a1ec503b1ab1,False,3,6.0,1,1,1,1,1,29,29,78,0
T3,account:454eead9-b045-4630-af5d-b25ae95943d3,454eead9-b045-4630-af5d-b25ae95943d3,False,3,6.0,1,1,1,1,1,32,32,52,0
T3,account:a44f9e8f-70e8-4415-9de6-14ba18bbe072,a44f9e8f-70e8-4415-9de6-14ba18bbe072,False,7,12.0,2,2,3,2,2,75,77,14,0
T3,account:5efad41f-89d4-4a3b-82a3-26aaf6d4e42a,5efad41f-89d4-4a3b-82a3-26aaf6d4e42a,False,3,3.0,1,1,1,1,1,28,28,70,0
T3,account:e139bdd6-80cb-416e-bda6-ecbb13182f40,e139bdd6-80cb-416e-bda6-ecbb13182f40,False,4,6.0,1,1,2,1,1,49,49,78,0
T3,account:57fe6a59-ff84-4530-b80d-952b79463a86,57fe6a59-ff84-4530-b80d-952b79463a86,False,3,3.0,1,1,1,1,1,34,35,54,0
T3,account:33dbbea2-2f80-4623-aac5-e5404bb9f8dc,33dbbea2-2f80-4623-aac5-e5404bb9f8dc,False,4,6.0,1,1,2,1,1,48,48,78,0
T3,account:b05194bc-eff8-4a39-bf9e-6d1921d8b7fc,b05194bc-eff8-4a39-bf9e-6d1921d8b7fc,False,3,3.0,1,1,1,1,1,21,21,54,0
T3,account:50200709-9bd1-42c8-921a-98879caf57a2,50200709-9bd1-42c8-921a-98879caf57a2,False,3,6.0,1,1,1,1,1,33,33,12,0
T3,account:f7c9fba9-1d86-4567-a324-1177bd1e880e,f7c9fba9-1d86-4567-a324-1177bd1e880e,False,3,3.0,1,1,1,1,1,32,32,12,0
T3,account:806a4579-89f8-489d-b5f1-dc464b4316b7,806a4579-89f8-489d-b5f1-dc464b4316b7,False,5,6.0,1,2,2,1,2,41,41,14,0
T3,account:66a0852b-9957-4db9-bbdb-f968d75ba088,66a0852b-9957-4db9-bbdb-f968d75ba088,False,7,15.0,1,2,4,1,2,99,100,45,0
T3,account:6be4da69-b8b4-4302-9c9c-0bba7a170f47,6be4da69-b8b4-4302-9c9c-0bba7a170f47,False,4,6.0,1,1,2,1,0,32,32,21,0
T3,account:caba6349-8f42-4885-929d-e043d26062aa,caba6349-8f42-4885-929d-e043d26062aa,False,7,12.0,1,2,4,1,2,88,90,78,0
T3,account:3a551de3-8bd6-4014-baaf-6a5a7bfc68f0,3a551de3-8bd6-4014-baaf-6a5a7bfc68f0,False,9,15.0,3,1,5,3,1,114,117,46,0
T3,account:2135a070-6836-4bdd-a029-c8551320ba5a,2135a070-6836-4bdd-a029-c8551320ba5a,False,7,12.0,3,2,2,3,2,68,68,78,0
T3,account:b51a7ffc-45de-435c-86ef-3484c9125cb4,b51a7ffc-45de-435c-86ef-3484c9125cb4,False,11,18.0,4,2,5,4,2,127,132,37,0
T3,account:72c44c41-c6eb-481e-8245-160c2baf8381,72c44c41-c6eb-481e-8245-160c2baf8381,False,3,3.0,1,1,1,1,1,30,30,58,0
T3,account:24ad79b7-98b2-478b-8866-575a01219142,24ad79b7-98b2-478b-8866-575a01219142,False,7,9.0,2,2,3,2,2,73,75,37,0
T3,account:8ef6792d-05c9-4f30-8001-92bde261e255,8ef6792d-05c9-4f30-8001-92bde261e255,False,5,21.0,1,2,2,1,2,40,43,46,0
T3,account:92211370-9410-4458-8db8-8e5ebf63a347,92211370-9410-4458-8db8-8e5ebf63a347,False,4,12.0,1,1,2,1,1,39,40,46,0
T3,account:31f1e11d-9976-42a3-8d85-22a4e5a68ac8,31f1e11d-9976-42a3-8d85-22a4e5a68ac8,False,3,6.0,1,1,1,1,1,31,31,70,0
T3,account:f2fb0568-da0e-4569-90c9-1bf84fac1b8b,f2fb0568-da0e-4569-90c9-1bf84fac1b8b,False,0,0.0,0,0,0,0,0,0,0,38,31
T3,account:2d5acb05-d4b4-43d3-b79a-c4bedc084e49,2d5acb05-d4b4-43d3-b79a-c4bedc084e49,False,4,6.0,1,1,2,1,1,38,38,1,0
T3,account:c84f579d-2f77-45ff-a52d-02ef4af54578,c84f579d-2f77-45ff-a52d-02ef4af54578,False,5,12.0,2,1,2,2,1,53,54,1,0
T3,account:4737ced9-dc9e-41c0-a06b-9bc0dfd8cd43,4737ced9-dc9e-41c0-a06b-9bc0dfd8cd43,False,4,12.0,1,1,2,1,1,44,44,63,0
T3,account:ca281b9c-c2a4-4ebf-adc1-ed156d5d3e30,ca281b9c-c2a4-4ebf-adc1-ed156d5d3e30,False,3,3.0,1,1,1,1,1,30,30,71,0
T3,account:5288d3a1-c7fb-404c-983a-f63e29314894,5288d3a1-c7fb-404c-983a-f63e29314894,False,0,0.0,0,0,0,0,0,0,0,39,32
T3,account:fa952885-8cbe-4807-b2d0-70d751da9aee,fa952885-8cbe-4807-b2d0-70d751da9aee,False,5,18.0,1,2,2,1,2,55,55,45,0
T3,account:7a17317a-3987-4604-8cc2-756bd2f30154,7a17317a-3987-4604-8cc2-756bd2f30154,False,4,9.0,1,1,2,1,1,48,49,52,0
T3,account:c1196eb4-755a-4fcf-aaa7-46971a7a1507,c1196eb4-755a-4fcf-aaa7-46971a7a1507,False,0,0.0,0,0,0,0,0,0,0,40,33
T3,account:117e4fd1-456a-4fe0-89cf-dd42d4b7f0f2,117e4fd1-456a-4fe0-89cf-dd42d4b7f0f2,False,3,6.0,1,1,1,1,1,24,24,63,0
T3,account:3de1a2d7-c035-4e48-b766-a435bc3a0602,3de1a2d7-c035-4e48-b766-a435bc3a0602,False,8,15.0,2,3,3,2,3,79,79,12,0
T3,account:9f594b4f-428b-4648-be31-91c41200158d,9f594b4f-428b-4648-be31-91c41200158d,False,5,6.0,1,2,2,1,2,58,58,22,0
T3,account:ffb4917c-432d-4267-b48f-610846cb0bb8,ffb4917c-432d-4267-b48f-610846cb0bb8,False,0,0.0,0,0,0,0,0,0,0,41,34
T3,account:128b22db-65a5-4326-837b-69a60deeaf09,128b22db-65a5-4326-837b-69a60deeaf09,False,6,12.0,1,1,4,1,0,76,77,46,0
T3,account:0c1927d7-ffdd-4182-b9f8-2c6067698178,0c1927d7-ffdd-4182-b9f8-2c6067698178,False,7,15.0,2,1,4,2,1,94,97,45,0
T3,account:f344c507-3384-4774-bef4-3e4dae7a175d,f344c507-3384-4774-bef4-3e4dae7a175d,False,4,6.0,1,1,2,1,1,55,56,29,0
T3,account:41d051b0-5b3b-4bba-b077-b35acb415fb4,41d051b0-5b3b-4bba-b077-b35acb415fb4,False,5,12.0,2,1,2,2,1,53,53,70,0
T3,account:be9d7789-7c13-4719-b258-394823cbbee2,be9d7789-7c13-4719-b258-394823cbbee2,False,4,6.0,1,2,1,1,2,32,32,70,0
T3,account:fa39bdc4-ea2c-4569-9432-ae2ce301590a,fa39bdc4-ea2c-4569-9432-ae2ce301590a,False,4,6.0,1,1,2,1,1,50,50,46,0
T3,account:2e201c8f-bc58-4455-af7d-e9317d3714e9,2e201c8f-bc58-4455-af7d-e9317d3714e9,False,4,6.0,2,1,1,2,1,34,34,46,0
T3,account:9f9f8fa4-f5c7-4a15-8e4d-ce8215c0cc08,9f9f8fa4-f5c7-4a15-8e4d-ce8215c0cc08,False,5,18.0,1,2,2,1,2,44,45,12,0
T3,account:361a858c-3fd9-43e9-ad98-e3c0bbb374ad,361a858c-3fd9-43e9-ad98-e3c0bbb374ad,False,5,12.0,2,2,1,2,2,40,40,14,0
T3,account:b436d822-0285-4d28-971b-27525a4bd901,b436d822-0285-4d28-971b-27525a4bd901,False,9,18.0,3,3,3,3,3,102,102,45,0
T3,account:893796d9-8788-445f-b0dd-d83e2c6a1080,893796d9-8788-445f-b0dd-d83e2c6a1080,False,4,9.0,1,1,2,1,1,57,57,70,0
T3,account:99b51c8d-b7d0-45fb-869a-51d07c49376d,99b51c8d-b7d0-45fb-869a-51d07c49376d,False,4,12.0,1,1,2,1,1,56,56,29,0
T3,account:86159bc3-11d2-4f13-a734-b013a1064bc7,86159bc3-11d2-4f13-a734-b013a1064bc7,False,0,0.0,0,0,0,0,0,0,0,42,35
T3,account:f5e3cedf-1ce7-4613-a19f-4b691ce66e18,f5e3cedf-1ce7-4613-a19f-4b691ce66e18,False,6,15.0,1,1,4,1,1,82,83,78,0
T3,account:356b9c4c-e428-4a26-9d7f-d5bc9c576ab5,356b9c4c-e428-4a26-9d7f-d5bc9c576ab5,False,5,6.0,2,1,2,2,1,55,57,71,0
T3,account:f4ef4ba8-8706-413a-9956-ee536132454d,f4ef4ba8-8706-413a-9956-ee536132454d,False,9,15.0,3,5,1,3,5,68,68,69,0
T3,account:c282836b-214c-4973-bc4c-7c176f0cf401,c282836b-214c-4973-bc4c-7c176f0cf401,False,7,21.0,2,2,3,2,2,87,87,37,0
T3,account:88eee3c7-1023-4e92-a718-7d3a6423f0e8,88eee3c7-1023-4e92-a718-7d3a6423f0e8,False,4,6.0,1,1,2,1,1,57,57,37,0
T3,account:199776e7-80dc-4692-a707-bff2c15b051e,199776e7-80dc-4692-a707-bff2c15b051e,False,5,18.0,2,1,2,2,1,47,47,1,0
T3,account:d5a5b4b8-d87d-405f-8e69-639e8a99c2b5,d5a5b4b8-d87d-405f-8e69-639e8a99c2b5,False,3,6.0,1,1,1,1,1,28,28,78,0
T3,account:ae673f85-1630-4c43-b896-6fb0ab6a1216,ae673f85-1630-4c43-b896-6fb0ab6a1216,False,4,6.0,1,2,1,1,2,32,32,1,0
T3,account:99360257-f043-426a-86ff-db03a7df63af,99360257-f043-426a-86ff-db03a7df63af,False,7,15.0,1,3,3,1,3,84,84,37,0
T3,account:dd05c9fb-b904-49b5-99b3-96ee8dea929c,dd05c9fb-b904-49b5-99b3-96ee8dea929c,False,4,15.0,1,2,1,1,2,36,36,52,0
T3,account:064b2c7a-270e-4ffa-b6e9-616478a62764,064b2c7a-270e-4ffa-b6e9-616478a62764,False,8,15.0,3,2,3,3,2,77,77,78,0
T3,account:503f0153-a14e-436b-881e-78f514b3e558,503f0153-a14e-436b-881e-78f514b3e558,False,8,15.0,2,3,3,2,3,81,84,46,0
T3,account:bcc9357b-998c-421a-bc66-db8d19c27a6b,bcc9357b-998c-421a-bc66-db8d19c27a6b,False,6,9.0,1,2,3,1,2,77,78,52,0
T3,account:26c8730d-2b5b-49a9-b446-4609fdff6027,26c8730d-2b5b-49a9-b446-4609fdff6027,False,5,9.0,2,1,2,2,1,51,51,22,0
T3,account:a32b8663-32d7-45b8-8060-179b270fc18a,a32b8663-32d7-45b8-8060-179b270fc18a,False,7,18.0,1,3,3,1,3,73,73,29,0
T3,account:240af99d-5164-4292-820e-690cda7486a6,240af99d-5164-4292-820e-690cda7486a6,False,0,0.0,0,0,0,0,0,0,0,43,36
T3,account:a7d2226b-3954-4b37-91f7-9a40f1a3c50b,a7d2226b-3954-4b37-91f7-9a40f1a3c50b,False,5,12.0,1,2,2,1,2,46,46,72,0
T3,account:2f3633b0-30d3-467d-8c51-5e49ea81e5d6,2f3633b0-30d3-467d-8c51-5e49ea81e5d6,False,9,15.0,5,1,3,5,1,92,93,78,0
T3,account:afc3e040-f451-4974-97a9-9cf772f0667d,afc3e040-f451-4974-97a9-9cf772f0667d,False,5,12.0,1,2,2,1,2,45,45,78,0
T3,account:9567b96f-7cd0-4d3f-bb7b-63055262ffd9,9567b96f-7cd0-4d3f-bb7b-63055262ffd9,False,8,12.0,2,4,2,2,4,59,60,54,0
T3,account:07d392ac-6595-4f57-97f4-eeb2071b58b2,07d392ac-6595-4f57-97f4-eeb2071b58b2,False,3,6.0,1,1,1,1,1,30,30,4,0
T3,account:83e2f62c-278b-4f80-91cc-48d9629659d2,83e2f62c-278b-4f80-91cc-48d9629659d2,False,7,18.0,2,3,2,2,3,40,40,78,0
T3,account:c55af4e2-bb0e-46b0-89fb-e9b7f4ea157d,c55af4e2-bb0e-46b0-89fb-e9b7f4ea157d,False,5,12.0,2,1,2,2,1,42,44,46,0
T3,account:1a92b748-6d57-4757-be3e-757acfa5cd35,1a92b748-6d57-4757-be3e-757acfa5cd35,False,8,18.0,2,3,3,2,3,85,86,52,0
T3,account:6c9664d1-1706-450d-9ecc-676884cbe586,6c9664d1-1706-450d-9ecc-676884cbe586,False,4,6.0,1,1,2,1,1,47,49,58,0
T3,account:d203c97c-a128-4085-b774-a8b0787c5275,d203c97c-a128-4085-b774-a8b0787c5275,False,3,6.0,1,1,1,1,1,29,29,78,0
T3,account:d4ab244c-4244-4752-8bd8-5c50f956f4d1,d4ab244c-4244-4752-8bd8-5c50f956f4d1,False,4,12.0,1,1,2,1,1,47,47,72,0
T3,account:49d4dc17-3204-4703-ac2a-c7f79f6fe10c,49d4dc17-3204-4703-ac2a-c7f79f6fe10c,False,3,3.0,1,1,1,1,1,27,27,12,0
T3,account:af978cbd-3329-4f35-a822-3dfd4b307b53,af978cbd-3329-4f35-a822-3dfd4b307b53,False,5,9.0,1,2,2,1,2,45,45,21,0
T3,account:9cf2c24a-dc05-422e-8d77-9868dd04f761,9cf2c24a-dc05-422e-8d77-9868dd04f761,False,4,6.0,1,1,2,1,1,46,46,72,0
T3,account:dbd1f8ea-f225-43fa-9df3-c531c6308721,dbd1f8ea-f225-43fa-9df3-c531c6308721,False,3,6.0,1,1,1,1,1,29,29,12,0
T3,account:df27217f-499f-4770-9e58-bc2e597a37e3,df27217f-499f-4770-9e58-bc2e597a37e3,False,5,6.0,1,2,2,1,2,53,53,54,0
T3,account:45feeed9-7178-4989-9862-72884adb889e,45feeed9-7178-4989-9862-72884adb889e,False,8,24.0,2,2,4,2,1,84,85,37,0
T3,account:32593858-c38d-4ce2-beb0-8f31dde83248,32593858-c38d-4ce2-beb0-8f31dde83248,False,4,15.0,1,2,1,1,2,33,33,12,0
T3,account:592379bc-f4b1-4e81-b436-2ba8df69bc27,592379bc-f4b1-4e81-b436-2ba8df69bc27,False,6,15.0,1,2,3,1,2,72,72,46,0
T3,account:7f9ca22b-d3de-4188-b731-1b818ee00e45,7f9ca22b-d3de-4188-b731-1b818ee00e45,False,5,6.0,1,2,2,1,2,54,54,54,0
T3,account:4e849b58-19b1-4a54-9a40-22b08e235842,4e849b58-19b1-4a54-9a40-22b08e235842,False,4,9.0,1,1,2,1,1,54,54,63,0
T3,account:65a168bc-b0b7-475f-9621-295eb9fc68fb,65a168bc-b0b7-475f-9621-295eb9fc68fb,False,3,3.0,1,1,1,1,1,33,33,46,0
T3,account:0453ddcb-2ee7-46b4-a378-d67bb377f7a4,0453ddcb-2ee7-46b4-a378-d67bb377f7a4,False,3,6.0,1,1,1,1,1,21,21,52,0
T3,account:d3ccc0bb-7e3e-48e6-beda-fbb9be98360b,d3ccc0bb-7e3e-48e6-beda-fbb9be98360b,False,6,9.0,1,2,3,1,2,72,74,46,0
T3,account:d65da944-4e1e-4a71-b579-1658ecaca653,d65da944-4e1e-4a71-b579-1658ecaca653,False,3,3.0,1,1,1,1,1,28,28,14,0
T3,account:d9976a12-f0fc-4a66-9830-6713c3c6d77a,d9976a12-f0fc-4a66-9830-6713c3c6d77a,False,4,6.0,1,1,2,1,1,56,56,69,0
T3,account:e7c8a4c8-992b-4742-a8e2-70f052fe396f,e7c8a4c8-992b-4742-a8e2-70f052fe396f,False,10,21.0,4,2,4,4,2,103,106,70,0
T3,account:7fbbfe93-76ca-417f-9e8f-853df36f84c4,7fbbfe93-76ca-417f-9e8f-853df36f84c4,False,7,18.0,1,2,4,1,2,81,83,1,0
T3,account:138b6eaf-c70d-4727-a466-871086af852f,138b6eaf-c70d-4727-a466-871086af852f,False,7,9.0,2,3,2,2,3,47,47,72,0
T3,account:e0da471d-2e1f-4213-98c4-9f8f3f44cc36,e0da471d-2e1f-4213-98c4-9f8f3f44cc36,False,0,0.0,0,0,0,0,0,0,0,44,37
T3,account:02c25acc-900d-42e6-8b4f-cb28380d493b,02c25acc-900d-42e6-8b4f-cb28380d493b,False,5,6.0,2,1,2,2,1,48,48,58,0
T3,account:545d3f51-2c5d-423f-a79b-717b966c9c0c,545d3f51-2c5d-423f-a79b-717b966c9c0c,False,4,6.0,1,1,2,1,1,49,50,45,0
T3,account:685df399-1916-4a24-b89e-ad017a0b7fff,685df399-1916-4a24-b89e-ad017a0b7fff,False,6,15.0,1,2,3,1,2,71,71,71,0
T3,account:c97269fd-0882-4439-89c1-8f47382ac864,c97269fd-0882-4439-89c1-8f47382ac864,False,7,18.0,1,2,4,1,2,102,104,78,0
T3,account:2a267ea0-2783-481d-b36e-29c81e17c999,2a267ea0-2783-481d-b36e-29c81e17c999,False,9,30.0,2,3,4,2,3,105,107,69,0
T3,account:c2eb7a7c-37a0-42c8-b62e-e978e0b4125e,c2eb7a7c-37a0-42c8-b62e-e978e0b4125e,False,5,9.0,1,1,3,1,1,67,70,45,0
T3,account:bfbbb3f6-2210-488d-9d67-6797c6a572a9,bfbbb3f6-2210-488d-9d67-6797c6a572a9,False,3,3.0,1,1,1,1,1,27,27,14,0
T3,account:4241afd6-fed2-45cb-bf48-ebbbbc93e241,4241afd6-fed2-45cb-bf48-ebbbbc93e241,False,6,6.0,2,2,2,2,2,44,44,46,0
T3,account:b7d69dc1-85ea-4a51-9b04-c7e28b0626d0,b7d69dc1-85ea-4a51-9b04-c7e28b0626d0,False,4,12.0,1,1,2,1,1,49,50,63,0
T3,account:173c76ef-5b52-4819-ba4b-c8fc139286e4,173c76ef-5b52-4819-ba4b-c8fc139286e4,False,7,12.0,2,2,3,2,1,79,80,21,0
T3,account:0c4deb3f-3455-4073-b0df-b8d61e3e1bd1,0c4deb3f-3455-4073-b0df-b8d61e3e1bd1,False,3,3.0,1,1,1,1,0,23,23,1,0
T3,account:b8265e7d-af25-494b-9875-4684c12199ef,b8265e7d-af25-494b-9875-4684c12199ef,False,6,9.0,2,2,2,2,1,65,66,37,0
T3,account:3e466bd3-ba30-4be0-a731-81d8fe34f592,3e466bd3-ba30-4be0-a731-81d8fe34f592,False,6,15.0,1,4,1,1,4,40,42,69,0
T3,account:15cfea68-4ca8-4a43-b15d-71e1eeef1381,15cfea68-4ca8-4a43-b15d-71e1eeef1381,False,3,3.0,1,1,1,1,1,24,24,46,0
T3,account:6d9bccd7-bbae-472f-adbf-5105f5c5aa9d,6d9bccd7-bbae-472f-adbf-5105f5c5aa9d,False,6,15.0,2,1,3,2,1,63,65,72,0
T3,account:cc94b029-858b-4e0e-b5e3-7a77a5163782,cc94b029-858b-4e0e-b5e3-7a77a5163782,False,3,3.0,1,1,1,1,1,32,32,70,0
T3,account:99313ef9-8467-45bc-b6b3-51618b7fe8ce,99313ef9-8467-45bc-b6b3-51618b7fe8ce,False,7,18.0,2,3,2,2,3,61,63,70,0
T3,account:9c057ed3-90c7-408d-ba55-37ae2274ae9f,9c057ed3-90c7-408d-ba55-37ae2274ae9f,False,3,3.0,1,1,1,1,1,27,27,71,0
T3,account:746a3a0a-2aea-4b95-a2c9-a29dabb294d5,746a3a0a-2aea-4b95-a2c9-a29dabb294d5,False,4,6.0,1,1,2,1,1,52,52,78,0
T3,account:bb221727-f32b-4d67-89c8-97c8d7dae1d6,bb221727-f32b-4d67-89c8-97c8d7dae1d6,False,4,9.0,1,1,2,1,1,46,46,14,0
T3,account:ee1d857d-2126-4ea7-bb23-a30c28a909a2,ee1d857d-2126-4ea7-bb23-a30c28a909a2,False,8,12.0,3,1,4,3,1,94,94,70,0
T3,account:3d6ffcfc-0ae3-4dc1-af52-f81c7c9a8463,3d6ffcfc-0ae3-4dc1-af52-f81c7c9a8463,False,3,3.0,1,1,1,1,1,27,27,14,0
T3,account:eef21946-ab94-424d-b8e4-b66f7927a3fa,eef21946-ab94-424d-b8e4-b66f7927a3fa,False,7,12.0,2,2,3,2,2,71,71,78,0
T3,account:f16978f6-bb6f-4b88-ab46-d4a5d2fd2ec0,f16978f6-bb6f-4b88-ab46-d4a5d2fd2ec0,False,5,12.0,1,1,3,1,1,63,63,63,0
T3,account:e38ade4f-2509-422e-983b-372f4923e1f5,e38ade4f-2509-422e-983b-372f4923e1f5,False,5,9.0,2,1,2,2,1,45,45,14,0
T3,account:449c5eed-1cc6-4cd1-b13b-d92caeee60ee,449c5eed-1cc6-4cd1-b13b-d92caeee60ee,False,4,6.0,1,1,2,1,1,47,48,46,0
T3,account:7c27c654-5b5e-415b-bc86-4386a5de8689,7c27c654-5b5e-415b-bc86-4386a5de8689,False,4,6.0,1,2,1,1,2,31,31,12,0
T3,account:296e9098-e0f3-402a-9c7a-0e116ad9c815,296e9098-e0f3-402a-9c7a-0e116ad9c815,False,6,9.0,3,1,2,3,1,58,58,46,0
T3,account:04713859-5754-4c18-884c-a513e79b6ff2,04713859-5754-4c18-884c-a513e79b6ff2,False,6,18.0,1,3,2,1,3,48,50,12,0
T3,account:a6a00ecc-8cf8-4e76-af9b-4c747032701e,a6a00ecc-8cf8-4e76-af9b-4c747032701e,False,5,12.0,2,2,1,2,2,37,37,14,0
T3,account:a0737e52-30fb-489c-80c4-541f6347a0b1,a0737e52-30fb-489c-80c4-541f6347a0b1,False,4,6.0,2,1,1,2,1,32,33,12,0
T3,account:834903ea-9015-41ab-8fd6-45f6119c3046,834903ea-9015-41ab-8fd6-45f6119c3046,False,6,15.0,1,2,3,1,2,76,76,58,0
T3,account:ffa7c208-ee2f-4125-929d-7984036859f1,ffa7c208-ee2f-4125-929d-7984036859f1,False,3,6.0,1,1,1,1,1,27,28,22,0
T3,account:7bc87710-0771-485a-9ef7-1c325c36bb9e,7bc87710-0771-485a-9ef7-1c325c36bb9e,False,6,12.0,2,2,2,2,2,63,63,21,0
T3,account:0f1b6005-58c1-4ad3-bf17-6327bcbc5c6b,0f1b6005-58c1-4ad3-bf17-6327bcbc5c6b,False,4,6.0,1,1,2,1,1,46,46,37,0
T3,account:6ff8d64f-e2aa-4843-8578-baed86a26ee4,6ff8d64f-e2aa-4843-8578-baed86a26ee4,False,7,15.0,2,2,3,2,1,62,63,45,0
T3,account:e747e425-a545-4c58-8b86-aa295dc5085b,e747e425-a545-4c58-8b86-aa295dc5085b,False,4,9.0,1,1,2,1,1,50,50,46,0
T3,account:00d85cd3-bce9-451a-b422-b35e5301cb9b,00d85cd3-bce9-451a-b422-b35e5301cb9b,False,5,9.0,2,2,1,2,2,33,33,21,0
T3,account:3a7e6445-d837-4d6e-8004-2eb53d629a15,3a7e6445-d837-4d6e-8004-2eb53d629a15,False,5,18.0,1,2,2,1,2,50,50,54,0
T3,account:1886a91e-0e67-4206-bfac-55b4dc82b6bd,1886a91e-0e67-4206-bfac-55b4dc82b6bd,False,6,12.0,1,2,3,1,2,63,64,71,0
T3,account:6d31f4b1-6df6-4c84-8f66-8e2b9b01cb68,6d31f4b1-6df6-4c84-8f66-8e2b9b01cb68,False,4,6.0,1,2,1,1,1,32,34,71,0
T3,account:7784b753-f761-47de-ab57-4a94f85b0cff,7784b753-f761-47de-ab57-4a94f85b0cff,False,5,6.0,1,2,2,1,2,47,48,71,0
T3,account:39c79f4e-7590-4d47-b199-50468a60546c,39c79f4e-7590-4d47-b199-50468a60546c,False,3,3.0,1,1,1,1,1,29,29,63,0
T3,account:714d7331-2d61-4b02-bfd2-37b081a169a5,714d7331-2d61-4b02-bfd2-37b081a169a5,False,3,3.0,1,1,1,1,1,28,28,21,0
T3,account:c5115604-6a7e-4ff9-b464-9723c848d6eb,c5115604-6a7e-4ff9-b464-9723c848d6eb,False,4,9.0,2,1,1,2,1,27,27,71,0
T3,account:52c07793-efb6-41b1-859e-f6bc13b81069,52c07793-efb6-41b1-859e-f6bc13b81069,False,7,15.0,4,1,2,4,1,80,80,78,0
T3,account:5b80fbac-0339-4339-a53d-90466278cea1,5b80fbac-0339-4339-a53d-90466278cea1,False,6,15.0,1,2,3,1,2,78,79,12,0
T3,account:3140fc7c-f984-4fc3-ac1d-681b64a35834,3140fc7c-f984-4fc3-ac1d-681b64a35834,False,0,0.0,0,0,0,0,0,0,0,47,38
T3,account:cc4d7022-d2c9-461e-bc7f-26832fdff2a2,cc4d7022-d2c9-461e-bc7f-26832fdff2a2,False,6,18.0,2,2,2,2,2,61,62,12,0
T3,account:0d56e69c-b152-419f-bd35-7ec4f26a7971,0d56e69c-b152-419f-bd35-7ec4f26a7971,False,6,9.0,2,2,2,2,2,46,46,63,0
T3,account:2ff3f965-58c2-4a7a-9f39-b21b5236c04a,2ff3f965-58c2-4a7a-9f39-b21b5236c04a,False,4,9.0,1,1,2,1,1,46,46,21,0
T3,account:24718738-7d35-4fc2-a2c2-68a28d4de329,24718738-7d35-4fc2-a2c2-68a28d4de329,False,0,0.0,0,0,0,0,0,0,0,48,39
T3,account:3bafca2a-d79c-4c1f-8822-411b091520c5,3bafca2a-d79c-4c1f-8822-411b091520c5,False,9,12.0,1,4,4,1,4,77,78,72,0
T3,account:d5191e91-abca-4e13-b648-fd8bb8b63403,d5191e91-abca-4e13-b648-fd8bb8b63403,False,3,3.0,1,1,1,1,1,25,25,78,0
T3,account:45d11438-5b18-4923-a3b7-be28873ed0e4,45d11438-5b18-4923-a3b7-be28873ed0e4,False,9,15.0,2,4,3,2,4,80,81,78,0
T3,account:a2c80fd6-ba16-4776-8b30-cf01a48508a9,a2c80fd6-ba16-4776-8b30-cf01a48508a9,False,3,6.0,1,1,1,1,1,41,41,63,0
T3,account:97f0ad54-0998-48b2-b6b6-4b8ca9cf4897,97f0ad54-0998-48b2-b6b6-4b8ca9cf4897,False,8,21.0,1,3,4,1,3,92,95,71,0
T3,account:bf51bf5b-a0c0-4972-a95d-f6d6eb41fb56,bf51bf5b-a0c0-4972-a95d-f6d6eb41fb56,False,10,18.0,3,3,4,3,3,114,117,52,0
T3,account:5d0189e1-4f01-422c-a553-005d63b01be5,5d0189e1-4f01-422c-a553-005d63b01be5,False,5,15.0,1,1,3,1,1,59,59,45,0
T3,account:d6d11523-5f85-4a2e-9213-ebb748cdd007,d6d11523-5f85-4a2e-9213-ebb748cdd007,False,3,6.0,1,1,1,1,1,21,21,12,0
T3,account:6b32aef6-5739-40ba-bcb8-0a89c625cbc2,6b32aef6-5739-40ba-bcb8-0a89c625cbc2,False,3,3.0,1,1,1,1,1,27,27,46,0
T3,account:40f3a1b1-c53e-47d3-999e-bb056f525cf2,40f3a1b1-c53e-47d3-999e-bb056f525cf2,False,5,9.0,2,2,1,2,2,42,42,70,0
T3,account:4cae559d-72a0-404f-ab1f-e1b06a75ccac,4cae559d-72a0-404f-ab1f-e1b06a75ccac,False,3,3.0,1,1,1,1,1,26,26,22,0
T3,account:3febfa2c-f241-4e9b-91d2-7b7151dde099,3febfa2c-f241-4e9b-91d2-7b7151dde099,False,4,6.0,1,2,1,1,2,26,26,12,0
T3,account:14c94dbd-5331-40ad-adf6-f207de7af3f5,14c94dbd-5331-40ad-adf6-f207de7af3f5,False,6,18.0,1,2,3,1,2,59,60,1,0
T3,account:02c64dfe-7883-4e64-b7bf-7ab3070eaaa4,02c64dfe-7883-4e64-b7bf-7ab3070eaaa4,False,5,12.0,2,2,1,2,2,52,52,78,0
T3,account:4c28cfc6-9be2-46c4-810b-2ca0fbbe7090,4c28cfc6-9be2-46c4-810b-2ca0fbbe7090,False,7,18.0,1,3,3,1,3,70,73,70,0
T3,account:b861bf9c-6eab-415f-a43e-98db984e4807,b861bf9c-6eab-415f-a43e-98db984e4807,False,7,9.0,3,1,3,3,1,89,90,54,0
T3,account:7dfc0fb7-095b-4e03-a31b-8d9b6128618a,7dfc0fb7-095b-4e03-a31b-8d9b6128618a,False,6,12.0,2,2,2,2,2,64,64,69,0
T3,account:fe45fcf3-5a15-4a50-959f-ea42958476cd,fe45fcf3-5a15-4a50-959f-ea42958476cd,False,8,18.0,2,3,3,2,3,94,94,58,0
T3,account:8c7e3f6f-e9ed-4444-b6b6-18848e7d5b82,8c7e3f6f-e9ed-4444-b6b6-18848e7d5b82,False,7,15.0,2,2,3,2,2,82,85,69,0
T3,account:3097767a-2ec1-4bfd-92fe-8e5085b17362,3097767a-2ec1-4bfd-92fe-8e5085b17362,False,9,18.0,4,1,4,4,1,114,119,37,0
T3,account:667926a0-3102-49ce-b8a2-81b0705c1e3d,667926a0-3102-49ce-b8a2-81b0705c1e3d,False,4,12.0,1,1,2,1,1,55,55,4,0
T3,account:a8f2dfe1-30ea-4b44-83f7-3d52f19462d7,a8f2dfe1-30ea-4b44-83f7-3d52f19462d7,False,6,15.0,1,1,4,1,1,100,101,54,0
T3,account:2058f120-58fc-408b-b899-0761a2810ed9,2058f120-58fc-408b-b899-0761a2810ed9,False,5,9.0,2,2,1,2,2,37,37,70,0
T3,account:4184a299-55dd-4dd8-a547-1469d64a0711,4184a299-55dd-4dd8-a547-1469d64a0711,False,3,9.0,1,1,1,1,1,28,29,21,0
T3,account:70ab3e0a-59ac-4e8f-acba-e0b29aa631c5,70ab3e0a-59ac-4e8f-acba-e0b29aa631c5,False,5,15.0,2,1,2,2,1,55,55,52,0
T3,account:d98b5598-70bc-405b-a436-d4459b1aee81,d98b5598-70bc-405b-a436-d4459b1aee81,False,4,6.0,1,1,2,1,1,52,53,54,0
T3,account:f429a3bd-5a70-4541-b282-deafc219bd92,f429a3bd-5a70-4541-b282-deafc219bd92,False,4,6.0,2,1,1,2,1,34,34,69,0
T3,account:c1ed2ae0-f295-4ce9-b2c8-fb6adcdc4341,c1ed2ae0-f295-4ce9-b2c8-fb6adcdc4341,False,4,9.0,1,2,1,1,2,29,29,12,0
T3,account:3704f20a-00d4-4e8b-93d5-0ebe8f9ff227,3704f20a-00d4-4e8b-93d5-0ebe8f9ff227,False,7,24.0,1,1,5,1,1,118,120,58,0
T3,account:77a834c2-7107-4fd1-a2e8-52fa97f55596,77a834c2-7107-4fd1-a2e8-52fa97f55596,False,6,9.0,1,2,3,1,2,66,68,70,0
T3,account:27a9fc8c-eb2a-47bc-b052-ba7b8eaec9c5,27a9fc8c-eb2a-47bc-b052-ba7b8eaec9c5,False,5,6.0,1,2,2,1,2,41,43,21,0
T3,account:243258ea-0b99-46ca-ba3f-06f913aca85e,243258ea-0b99-46ca-ba3f-06f913aca85e,False,6,12.0,1,2,3,1,2,74,76,78,0
T3,account:3a0cb7d8-bc38-4705-9b74-fc04236cfebb,3a0cb7d8-bc38-4705-9b74-fc04236cfebb,False,5,6.0,2,1,2,1,1,47,47,54,0
T3,account:fc42ec1f-3966-480e-9476-713fb414071c,fc42ec1f-3966-480e-9476-713fb414071c,False,4,12.0,1,1,2,1,1,44,45,14,0
T3,account:676baa6a-759f-44c7-b588-f729e2762713,676baa6a-759f-44c7-b588-f729e2762713,False,7,18.0,2,2,3,2,2,70,70,46,0
T3,account:80785b00-8c3d-4750-a6ea-271bad444f5f,80785b00-8c3d-4750-a6ea-271bad444f5f,False,8,24.0,2,4,2,2,4,77,78,54,0
T3,account:46d5532b-efdf-4324-80a2-09108e9ce5e6,46d5532b-efdf-4324-80a2-09108e9ce5e6,False,0,0.0,0,0,0,0,0,0,0,49,40
T3,account:883ae251-aaba-4fed-87b5-489886fae081,883ae251-aaba-4fed-87b5-489886fae081,False,4,6.0,2,1,1,2,1,34,34,72,0
T3,account:d8c4d88c-7e87-4a25-9ead-c17a3d688699,d8c4d88c-7e87-4a25-9ead-c17a3d688699,False,3,6.0,1,1,1,1,1,28,28,63,0
T3,account:f5ce1d13-57cd-46c5-a474-6188d28dd479,f5ce1d13-57cd-46c5-a474-6188d28dd479,False,4,15.0,1,1,2,1,1,46,46,46,0
T3,account:4e7e4ca3-9c82-4313-b564-6ace056a3a90,4e7e4ca3-9c82-4313-b564-6ace056a3a90,False,5,6.0,1,2,2,1,2,51,51,71,0
T3,account:f3a9da94-43da-4f71-abed-cede25adac5f,f3a9da94-43da-4f71-abed-cede25adac5f,False,6,21.0,1,2,3,1,2,81,82,14,0
T3,account:e03551e9-113e-4e75-8361-cbdced4803ed,e03551e9-113e-4e75-8361-cbdced4803ed,False,5,12.0,1,1,3,1,1,65,65,4,0
T3,account:354e91c0-a9f1-41f7-881a-7907d28d5a0e,354e91c0-a9f1-41f7-881a-7907d28d5a0e,False,5,6.0,1,2,2,1,2,49,49,58,0
T3,account:58244982-9ca1-4533-b990-cdb15151a18e,58244982-9ca1-4533-b990-cdb15151a18e,False,0,0.0,0,0,0,0,0,0,0,50,41
T3,account:2899240e-1d37-41fa-b950-3416151773b0,2899240e-1d37-41fa-b950-3416151773b0,False,8,15.0,1,4,3,1,4,64,64,69,0
T3,account:d187f9a1-c7cd-4b63-9418-5b202d4b7d91,d187f9a1-c7cd-4b63-9418-5b202d4b7d91,False,3,6.0,1,1,1,1,1,33,33,12,0
T3,account:1e7ee681-68d7-49ca-a716-595bb7f9d00f,1e7ee681-68d7-49ca-a716-595bb7f9d00f,False,4,15.0,1,1,2,1,1,50,50,63,0
T3,account:529e24ec-4857-4959-86b9-a3114f0d749c,529e24ec-4857-4959-86b9-a3114f0d749c,False,3,9.0,1,1,1,1,1,30,30,78,0
T3,account:0ca270cb-02dd-473a-ab4b-20ebdd7e607a,0ca270cb-02dd-473a-ab4b-20ebdd7e607a,False,6,12.0,1,2,3,1,2,73,74,70,0
T3,account:7f96acde-f4e5-41c4-ab36-5f98187e0e2c,7f96acde-f4e5-41c4-ab36-5f98187e0e2c,False,5,15.0,2,2,1,2,2,26,26,1,0
T3,account:7189c1e4-3d89-443c-9175-f8cf7c011fbe,7189c1e4-3d89-443c-9175-f8cf7c011fbe,False,4,6.0,2,1,1,2,1,42,42,12,0
T3,account:308b4c11-5125-4a8f-9fcf-322f713bdc4b,308b4c11-5125-4a8f-9fcf-322f713bdc4b,False,5,9.0,1,2,2,1,2,45,45,69,0
T3,account:2ee6df19-2eb0-4945-83d4-254af61f6a27,2ee6df19-2eb0-4945-83d4-254af61f6a27,False,5,15.0,1,1,3,1,1,67,68,72,0
T3,account:61863487-01be-4366-a99c-7d730c4360eb,61863487-01be-4366-a99c-7d730c4360eb,False,0,0.0,0,0,0,0,0,0,0,51,42
T3,account:8a449cbd-085c-48ac-9638-b065ff198f0f,8a449cbd-085c-48ac-9638-b065ff198f0f,False,7,15.0,1,2,4,1,2,85,85,12,0
T3,account:917a352a-fb64-49c9-82c3-b21f57db53d8,917a352a-fb64-49c9-82c3-b21f57db53d8,False,6,12.0,1,3,2,1,2,46,47,71,0
T3,account:bc97467e-4f4a-454e-ac89-cbef94bc2507,bc97467e-4f4a-454e-ac89-cbef94bc2507,False,5,12.0,1,2,2,1,2,52,54,78,0
T3,account:535885eb-e821-40f0-ba7b-1821dc0fd5dc,535885eb-e821-40f0-ba7b-1821dc0fd5dc,False,5,9.0,2,1,2,2,1,62,63,45,0
T3,account:c3e8c554-5010-440d-a8c4-7d7342b6ba52,c3e8c554-5010-440d-a8c4-7d7342b6ba52,False,5,15.0,1,2,2,1,2,50,50,14,0
T3,account:855cbe50-7cea-4a28-84d8-f95616a0f8cd,855cbe50-7cea-4a28-84d8-f95616a0f8cd,False,7,21.0,3,2,2,3,2,78,78,4,0
T3,account:4c3d2f6d-141c-448a-bd8d-9baa6715016f,4c3d2f6d-141c-448a-bd8d-9baa6715016f,False,4,6.0,1,1,2,1,1,45,45,63,0
T3,account:48080070-13e3-4326-aa37-31c636847fc6,48080070-13e3-4326-aa37-31c636847fc6,False,7,9.0,2,2,3,2,2,69,71,72,0
T3,account:bc1a4cad-8a18-4561-bc1e-87fa1b10ef47,bc1a4cad-8a18-4561-bc1e-87fa1b10ef47,False,4,6.0,1,1,2,1,1,52,53,54,0
T3,account:477eaced-5d1f-43ee-8f5d-247709a2a8ef,477eaced-5d1f-43ee-8f5d-247709a2a8ef,False,9,18.0,3,3,3,3,3,76,78,72,0
T3,account:a4481b9a-41d1-42a1-989d-2b0e791ba925,a4481b9a-41d1-42a1-989d-2b0e791ba925,False,5,15.0,1,1,3,1,1,64,65,63,0
T3,account:afed1ea6-7e94-4423-bee1-6a402e671224,afed1ea6-7e94-4423-bee1-6a402e671224,False,5,6.0,2,1,2,2,1,45,45,22,0
T3,account:fd8f69a5-2bb5-4e60-9e44-9ba840fc1539,fd8f69a5-2bb5-4e60-9e44-9ba840fc1539,False,3,3.0,1,1,1,1,1,25,25,21,0
T3,account:bf1db31d-e19d-4e91-b222-6589441dba8b,bf1db31d-e19d-4e91-b222-6589441dba8b,False,7,18.0,2,2,3,2,2,78,80,22,0
T3,account:97d11e9f-e8a2-4955-98b5-73bc70326dd8,97d11e9f-e8a2-4955-98b5-73bc70326dd8,False,4,15.0,1,2,1,1,1,33,33,54,0
T3,account:09787751-cd75-4c53-af68-34a81418d674,09787751-cd75-4c53-af68-34a81418d674,False,12,15.0,3,5,4,3,5,96,99,45,0
T3,account:4ba91c18-bc78-47c4-843d-898b8400a736,4ba91c18-bc78-47c4-843d-898b8400a736,False,6,12.0,1,2,3,1,1,67,68,37,0
T3,account:0f0a4dd2-bce1-4e68-b727-e1aa52fa30f3,0f0a4dd2-bce1-4e68-b727-e1aa52fa30f3,False,6,15.0,3,1,2,3,1,62,62,14,0
T3,account:b094543e-81fb-4158-8ba9-2fb90dbd9ceb,b094543e-81fb-4158-8ba9-2fb90dbd9ceb,False,3,3.0,1,1,1,1,1,31,31,4,0
T3,account:9790178c-9050-43d8-b6b3-42c6efa45ad0,9790178c-9050-43d8-b6b3-42c6efa45ad0,False,4,12.0,1,1,2,1,1,56,56,21,0
T3,account:a7c949a5-eee5-4ef7-9761-851dc74fdcaf,a7c949a5-eee5-4ef7-9761-851dc74fdcaf,False,5,15.0,2,1,2,2,0,50,50,63,0
T3,account:731dbd4a-2e60-4b24-8d47-de646f2ea04f,731dbd4a-2e60-4b24-8d47-de646f2ea04f,False,5,9.0,1,2,2,1,2,56,56,70,0
T3,account:a656d0ec-21f4-42af-8653-91c4c08acda1,a656d0ec-21f4-42af-8653-91c4c08acda1,False,5,6.0,2,2,1,2,2,34,35,63,0
T3,account:277d92db-45b8-400c-8228-4353ec2a2c26,277d92db-45b8-400c-8228-4353ec2a2c26,False,7,12.0,2,2,3,2,2,64,64,63,0
T3,account:6eed2a9c-b0f4-4f43-b993-cb26fd5140cd,6eed2a9c-b0f4-4f43-b993-cb26fd5140cd,False,9,12.0,2,3,4,2,3,109,110,52,0
T3,account:0392d1a9-7470-4cea-8058-b83e4532bc2c,0392d1a9-7470-4cea-8058-b83e4532bc2c,False,4,6.0,1,2,1,1,1,40,40,45,0
T3,account:056abaea-d90b-4f30-b8d5-739976287d15,056abaea-d90b-4f30-b8d5-739976287d15,False,4,12.0,1,1,2,1,1,37,38,46,0
T3,account:d6e546c3-c69e-487c-95a0-74c488435993,d6e546c3-c69e-487c-95a0-74c488435993,False,5,12.0,2,2,1,2,2,33,33,69,0
T3,account:607f13f4-774c-442b-9aff-b0ffd301917f,607f13f4-774c-442b-9aff-b0ffd301917f,False,7,12.0,2,2,3,2,2,76,79,52,0
T3,account:371705bd-e5c6-457a-92c1-3524fb23af92,371705bd-e5c6-457a-92c1-3524fb23af92,False,5,12.0,1,1,3,1,1,64,64,72,0
T3,account:57ade01a-7c88-487e-9c56-cf8627d60279,57ade01a-7c88-487e-9c56-cf8627d60279,False,6,15.0,2,2,2,2,2,54,54,21,0
T3,account:72413f5c-5ae5-44d8-9453-d49cfd262303,72413f5c-5ae5-44d8-9453-d49cfd262303,False,3,6.0,1,1,1,1,1,21,21,37,0
T3,account:722a8bf4-700d-42e3-b486-83f022f3cc36,722a8bf4-700d-42e3-b486-83f022f3cc36,False,7,21.0,3,2,2,3,2,60,62,54,0
T3,account:becab0db-3143-4d48-8638-fbc3dba340e4,becab0db-3143-4d48-8638-fbc3dba340e4,False,4,9.0,1,2,1,1,2,36,37,45,0
T3,account:52909d6b-b77a-46be-8c36-1d67a551f35b,52909d6b-b77a-46be-8c36-1d67a551f35b,False,8,12.0,2,2,4,2,2,96,98,12,0
T3,account:f9bfd975-46c2-4a3f-b113-0b5d613aed41,f9bfd975-46c2-4a3f-b113-0b5d613aed41,False,4,6.0,1,1,2,1,1,52,52,71,0
T3,account:ea9008b7-b09a-4709-8402-7ff9e0eb7945,ea9008b7-b09a-4709-8402-7ff9e0eb7945,False,4,6.0,1,1,2,1,1,48,49,45,0
T3,account:050b4517-0ed5-44e2-a5b3-337cb3aa7c00,050b4517-0ed5-44e2-a5b3-337cb3aa7c00,False,7,12.0,1,3,3,1,3,93,96,69,0
T3,account:3c6b1595-b85f-4b68-ade1-8d77e0e204d7,3c6b1595-b85f-4b68-ade1-8d77e0e204d7,False,4,9.0,1,1,2,1,1,44,44,12,0
T3,account:5e106b64-6f5d-4107-bc2e-a2af62f567e6,5e106b64-6f5d-4107-bc2e-a2af62f567e6,False,5,6.0,2,2,1,2,2,34,34,12,0
T3,account:ed751f5e-7e55-47d5-ac78-1022c26ad30d,ed751f5e-7e55-47d5-ac78-1022c26ad30d,False,5,9.0,2,2,1,2,2,43,43,4,0
T3,account:1de0de26-8630-45d4-a202-ff57ea4a9f06,1de0de26-8630-45d4-a202-ff57ea4a9f06,False,0,0.0,0,0,0,0,0,0,0,53,43
T3,account:37da551e-4a90-4d39-8be0-203385259879,37da551e-4a90-4d39-8be0-203385259879,False,3,3.0,1,1,1,1,1,28,28,46,0
T3,account:02f0a6e4-f2d8-4a7c-9402-23445baf964d,02f0a6e4-f2d8-4a7c-9402-23445baf964d,False,6,9.0,3,1,2,3,1,63,64,71,0
T3,account:4396e90b-9b58-41f0-9f42-2af2a0b88c73,4396e90b-9b58-41f0-9f42-2af2a0b88c73,False,9,18.0,3,2,4,3,2,85,86,22,0
T3,account:d7bc10e1-6d1e-4dd8-aa5d-88cbebc4aa73,d7bc10e1-6d1e-4dd8-aa5d-88cbebc4aa73,False,4,9.0,1,1,2,1,1,44,44,72,0
T3,account:e965da31-cad1-45d0-a491-f64be01565ad,e965da31-cad1-45d0-a491-f64be01565ad,False,4,9.0,1,1,2,1,1,56,58,12,0
T3,account:1d69b578-5aee-4668-a2a9-479818c877c6,1d69b578-5aee-4668-a2a9-479818c877c6,False,6,12.0,2,1,3,2,1,81,84,71,0
T3,account:16a03ec6-fe70-42a0-8226-b28a4706e10e,16a03ec6-fe70-42a0-8226-b28a4706e10e,False,3,6.0,1,1,1,1,1,29,29,63,0
T3,account:7e14389b-dbe1-48ac-bf90-da17451c9fb1,7e14389b-dbe1-48ac-bf90-da17451c9fb1,False,7,15.0,1,1,5,1,1,96,97,72,0
T3,account:b267498b-a5b4-4bef-b435-d604197ed2da,b267498b-a5b4-4bef-b435-d604197ed2da,False,4,9.0,1,2,1,1,2,37,37,78,0
T3,account:b71bed38-a9bd-4716-b2d3-96b069ad91b1,b71bed38-a9bd-4716-b2d3-96b069ad91b1,False,7,12.0,1,2,4,1,2,79,82,37,0
T3,account:2d9f1c74-1f4f-4642-a6fb-9d8385ea321e,2d9f1c74-1f4f-4642-a6fb-9d8385ea321e,False,5,9.0,2,1,2,2,0,53,53,22,0
T3,account:ea83e3fd-d3c5-49ce-83de-f54c67204428,ea83e3fd-d3c5-49ce-83de-f54c67204428,False,3,9.0,1,1,1,1,1,33,33,29,0
T3,account:45c2be72-b2c7-40e1-9a6b-0e95a7be783b,45c2be72-b2c7-40e1-9a6b-0e95a7be783b,False,6,15.0,3,2,1,3,2,39,39,46,0
T3,account:38cc063e-fcc3-4afe-95cf-54091fe72e4b,38cc063e-fcc3-4afe-95cf-54091fe72e4b,False,3,3.0,1,1,1,1,1,22,22,14,0
T3,account:06be8d87-00c5-4bec-a78b-5a80d0648adf,06be8d87-00c5-4bec-a78b-5a80d0648adf,False,5,18.0,2,1,2,2,1,59,59,21,0
T3,account:ab713f0b-2560-4c8c-bc65-58484acb990c,ab713f0b-2560-4c8c-bc65-58484acb990c,False,6,12.0,1,2,3,1,2,80,81,14,0
T3,account:590d3e6d-b887-4769-b0ed-6be5991c73bd,590d3e6d-b887-4769-b0ed-6be5991c73bd,False,3,6.0,1,1,1,1,1,27,27,71,0
T3,account:d924d706-1dec-4d3a-99da-7ff2f234803e,d924d706-1dec-4d3a-99da-7ff2f234803e,False,7,18.0,2,2,3,2,2,78,79,54,0
T3,account:33d67bb1-906c-4b4c-adbd-a349d6ef636e,33d67bb1-906c-4b4c-adbd-a349d6ef636e,False,3,3.0,1,1,1,1,1,28,28,54,0
T3,account:38b2b7fd-2691-4f7a-abed-d55f6feef8f3,38b2b7fd-2691-4f7a-abed-d55f6feef8f3,False,5,12.0,1,2,2,1,2,56,56,1,0
T3,account:7c902692-a54e-4b20-937f-8c09d26d0710,7c902692-a54e-4b20-937f-8c09d26d0710,False,5,6.0,2,1,2,2,1,41,42,63,0
T3,account:ab03c9ad-09ef-457d-ae2c-9fcc52fb968a,ab03c9ad-09ef-457d-ae2c-9fcc52fb968a,False,6,18.0,1,2,3,1,2,75,76,12,0
T3,account:a7e9101c-6310-43fc-a2dc-cc0e3166c5b0,a7e9101c-6310-43fc-a2dc-cc0e3166c5b0,False,5,12.0,1,2,2,1,2,58,59,22,0
T3,account:b5019ba4-b8f0-456e-ba53-155c49aed64d,b5019ba4-b8f0-456e-ba53-155c49aed64d,False,5,12.0,1,2,2,1,2,55,56,21,0
T3,account:9df72012-1a77-4ab3-9343-f209c65e1b2e,9df72012-1a77-4ab3-9343-f209c65e1b2e,False,5,18.0,1,1,3,1,1,69,70,58,0
T3,account:a56ff92f-65ae-49cb-8d22-8dcf7fd3aa22,a56ff92f-65ae-49cb-8d22-8dcf7fd3aa22,False,5,9.0,2,1,2,2,1,59,60,1,0
T3,account:376157f3-eebc-4187-8518-3e4ef9655cda,376157f3-eebc-4187-8518-3e4ef9655cda,False,4,6.0,2,1,1,2,1,34,34,78,0
T3,account:74a2243e-99e1-4e89-a533-6d738d10e7c9,74a2243e-99e1-4e89-a533-6d738d10e7c9,False,3,6.0,1,1,1,1,1,26,26,14,0
T3,account:97173b42-20b8-4d97-a70a-688488cb1c5a,97173b42-20b8-4d97-a70a-688488cb1c5a,False,4,18.0,2,1,1,2,1,32,32,22,0
T3,account:bee1e1ca-26cc-4eb9-8321-97ab6991b2f7,bee1e1ca-26cc-4eb9-8321-97ab6991b2f7,False,4,15.0,1,1,2,1,1,57,57,58,0
T3,account:70239f76-5e98-449e-b649-8832812013ad,70239f76-5e98-449e-b649-8832812013ad,False,3,9.0,1,1,1,1,1,22,23,29,0
T3,account:9d27af73-abdc-48df-9999-3ed4bb2318c6,9d27af73-abdc-48df-9999-3ed4bb2318c6,False,7,9.0,2,2,3,2,2,92,92,54,0
T3,account:22de0dc2-0677-45c3-b050-0805bd5575d0,22de0dc2-0677-45c3-b050-0805bd5575d0,False,5,9.0,1,2,2,1,2,40,42,1,0
T3,account:40e750a6-8c8d-494e-8a58-10945f50ee70,40e750a6-8c8d-494e-8a58-10945f50ee70,False,6,9.0,1,2,3,1,2,63,63,12,0
T3,account:e54e053f-046c-475d-868d-343d019e0d42,e54e053f-046c-475d-868d-343d019e0d42,False,4,9.0,1,1,2,1,1,59,60,29,0
T3,account:7117931a-08e2-4471-82dc-69f02b455192,7117931a-08e2-4471-82dc-69f02b455192,False,7,15.0,1,1,5,1,1,111,112,21,0
T3,account:ab6f6385-08aa-4676-89c9-ff527561bbbd,ab6f6385-08aa-4676-89c9-ff527561bbbd,False,7,9.0,2,2,3,2,2,73,76,22,0
T3,account:5d068e7e-21d3-4975-aa25-d144766b4e4e,5d068e7e-21d3-4975-aa25-d144766b4e4e,False,3,3.0,1,1,1,1,1,37,37,21,0
T3,account:45eed81d-2369-4f20-82d8-471a7bc5d635,45eed81d-2369-4f20-82d8-471a7bc5d635,False,4,18.0,1,2,1,1,2,26,26,46,0
T3,account:9fd62051-3ed9-402c-92e4-5356c5f2c25f,9fd62051-3ed9-402c-92e4-5356c5f2c25f,False,8,15.0,1,2,5,1,1,119,124,21,0
T3,account:9ace6e40-62f9-4548-8661-58e62f65285a,9ace6e40-62f9-4548-8661-58e62f65285a,False,4,18.0,2,1,1,2,1,39,39,78,0
T3,account:4d2a6936-6afc-4f3f-8c88-fec8d2dce80f,4d2a6936-6afc-4f3f-8c88-fec8d2dce80f,False,3,9.0,1,1,1,1,1,34,34,69,0
T3,account:a6c273ce-1bc2-4a83-8e90-82e63a2a2e3e,a6c273ce-1bc2-4a83-8e90-82e63a2a2e3e,False,6,12.0,2,2,2,2,2,61,61,21,0
T3,account:592c0bae-a6c2-4217-8e68-eb9c4c07f292,592c0bae-a6c2-4217-8e68-eb9c4c07f292,False,5,12.0,2,2,1,2,2,45,46,12,0
T3,account:49b4f043-e607-4aab-98a8-8e4632931218,49b4f043-e607-4aab-98a8-8e4632931218,False,4,9.0,1,2,1,1,2,35,35,54,0
T3,account:eab7fe30-c192-45cf-8136-f0f18d10a55f,eab7fe30-c192-45cf-8136-f0f18d10a55f,False,4,6.0,1,1,2,1,1,47,49,37,0
T3,account:acf55b22-0162-445b-bc6f-2c282c202e1c,acf55b22-0162-445b-bc6f-2c282c202e1c,False,4,15.0,2,1,1,2,1,39,39,52,0
T3,account:98a388da-2461-47a1-a5f1-977ea9efa8f8,98a388da-2461-47a1-a5f1-977ea9efa8f8,False,0,0.0,0,0,0,0,0,0,0,55,44
T3,account:8a392627-0b85-46b3-ac18-4ce8ace28c9f,8a392627-0b85-46b3-ac18-4ce8ace28c9f,False,5,9.0,2,1,2,2,1,57,57,46,0
T3,account:6cf364df-86ec-4f83-9816-4f9e0809960c,6cf364df-86ec-4f83-9816-4f9e0809960c,False,6,12.0,1,3,2,1,3,64,65,37,0
T3,account:25fcb508-25bb-4f82-9c04-56ee6f1a8a15,25fcb508-25bb-4f82-9c04-56ee6f1a8a15,False,4,9.0,1,1,2,1,1,47,47,54,0
T3,account:aadd4dbf-8c6d-45c3-8aea-7a7d3dd4a821,aadd4dbf-8c6d-45c3-8aea-7a7d3dd4a821,False,8,18.0,2,2,4,2,2,96,99,45,0
T3,account:a9aa8cd4-2255-44d7-9a91-e9da1f7fd34a,a9aa8cd4-2255-44d7-9a91-e9da1f7fd34a,False,4,9.0,1,1,2,1,1,38,38,46,0
T3,account:6cb623b9-e056-4e48-aed4-82a5a4a9b0f8,6cb623b9-e056-4e48-aed4-82a5a4a9b0f8,False,5,9.0,2,2,1,2,2,44,46,45,0
T3,account:5db68bfd-5f2a-42b1-9f06-20f8e960c33c,5db68bfd-5f2a-42b1-9f06-20f8e960c33c,False,3,3.0,1,1,1,1,1,21,21,63,0
T3,account:a663b2d3-f995-47b1-af08-c7807befe439,a663b2d3-f995-47b1-af08-c7807befe439,True,7,15.0,2,3,2,2,2,70,90,69,0
T3,account:1f19ae4e-1e1b-47cc-a170-d24bf71bfa84,1f19ae4e-1e1b-47cc-a170-d24bf71bfa84,False,4,6.0,2,1,1,2,0,32,33,1,0
T3,account:5301111d-8a26-4809-8f8d-e557a2d01d50,5301111d-8a26-4809-8f8d-e557a2d01d50,False,6,9.0,1,2,3,1,2,65,65,14,0
T3,account:6e0174c1-0128-461d-a995-87867718d490,6e0174c1-0128-461d-a995-87867718d490,False,5,12.0,2,1,2,2,1,50,51,46,0
T3,account:53d2bdd0-4a93-49c0-9703-135e6fc8fc36,53d2bdd0-4a93-49c0-9703-135e6fc8fc36,False,6,15.0,1,2,3,1,2,64,65,54,0
T3,account:4849f442-756a-4cf8-ad03-dbc2cf520a83,4849f442-756a-4cf8-ad03-dbc2cf520a83,False,3,3.0,1,1,1,1,1,25,26,63,0
T3,account:3f718a78-083d-4d4b-97ec-acac87109632,3f718a78-083d-4d4b-97ec-acac87109632,False,5,18.0,1,2,2,1,2,50,50,71,0
T3,account:54a6f501-9ed5-4c89-a49b-e1d26275bb0a,54a6f501-9ed5-4c89-a49b-e1d26275bb0a,False,6,24.0,2,3,1,2,3,31,31,12,0
T3,account:f8ef048b-e295-4401-93f4-0b1763465a07,f8ef048b-e295-4401-93f4-0b1763465a07,False,5,15.0,1,2,2,1,2,70,70,69,0
T3,account:657f950c-e84e-4fdb-9bf3-551059830b68,657f950c-e84e-4fdb-9bf3-551059830b68,False,3,3.0,1,1,1,1,1,23,23,1,0
T3,account:19ef3adf-0045-409f-b8d7-733a48b78722,19ef3adf-0045-409f-b8d7-733a48b78722,False,3,3.0,1,1,1,1,1,24,24,4,0
T3,account:498d5008-cca8-487d-931a-3a922e1fa775,498d5008-cca8-487d-931a-3a922e1fa775,False,6,12.0,2,1,3,2,1,61,63,72,0
T3,account:89879080-c557-497e-962a-e499814b6110,89879080-c557-497e-962a-e499814b6110,False,3,3.0,1,1,1,1,1,37,38,45,0
T3,account:e50ccc6f-1833-4705-94e5-9cb930733bde,e50ccc6f-1833-4705-94e5-9cb930733bde,False,6,12.0,1,3,2,1,3,53,53,14,0
T3,account:694d4c55-565d-499d-9a2b-6f673653ba5f,694d4c55-565d-499d-9a2b-6f673653ba5f,False,5,9.0,1,2,2,1,2,45,45,78,0
T3,account:5049bc8f-d90a-454c-94a6-e1d333b47c36,5049bc8f-d90a-454c-94a6-e1d333b47c36,False,3,3.0,1,1,1,1,1,36,36,45,0
T3,account:10d07cd7-a1ef-474d-a68d-1d1ee10c27be,10d07cd7-a1ef-474d-a68d-1d1ee10c27be,True,8,15.0,2,4,2,2,4,80,90,69,0
T3,account:53a808fe-c164-4e20-914e-9bdaeedf999b,53a808fe-c164-4e20-914e-9bdaeedf999b,False,6,12.0,2,2,2,2,2,56,58,1,0
T3,account:fdb78553-f6b9-44b4-95b1-d656cb0364e3,fdb78553-f6b9-44b4-95b1-d656cb0364e3,False,9,15.0,4,2,3,4,2,91,91,12,0
T3,account:38531b22-d04b-4ce8-bb31-8a8d6727eb90,38531b22-d04b-4ce8-bb31-8a8d6727eb90,False,6,9.0,2,2,2,2,2,59,60,14,0
T3,account:d0422d02-312b-42de-9f5e-9094adc328c8,d0422d02-312b-42de-9f5e-9094adc328c8,False,4,12.0,1,1,2,1,1,61,61,71,0
T3,account:b2404ec9-0328-4d99-86f0-c8a10e1b4e15,b2404ec9-0328-4d99-86f0-c8a10e1b4e15,False,6,9.0,2,2,2,2,2,73,74,58,0
T3,account:7172ec81-08e6-4de1-a47c-a0a54acdeda2,7172ec81-08e6-4de1-a47c-a0a54acdeda2,False,6,18.0,1,2,3,1,2,54,54,63,0
T3,account:b375f78a-b5c1-4f47-ab59-0ba55bf07479,b375f78a-b5c1-4f47-ab59-0ba55bf07479,False,7,12.0,3,2,2,3,2,80,81,12,0
T3,account:7c770e7f-5c6a-4580-819d-0450fb4f9627,7c770e7f-5c6a-4580-819d-0450fb4f9627,False,5,9.0,1,2,2,1,2,44,44,63,0
T3,account:fb2531b4-a552-43d9-ae29-6638e7e22b34,fb2531b4-a552-43d9-ae29-6638e7e22b34,False,6,6.0,2,2,2,2,2,57,59,58,0
T3,account:3bc37aa2-ae34-4d76-9298-0cd01851a6b6,3bc37aa2-ae34-4d76-9298-0cd01851a6b6,False,3,3.0,1,1,1,1,1,19,19,12,0
T3,account:1587a653-3e4e-4d55-b9f7-321cbbc03c5a,1587a653-3e4e-4d55-b9f7-321cbbc03c5a,False,5,6.0,2,2,1,2,2,42,43,46,0
T3,account:a4701f8d-cb70-41e6-ae65-6c9efb287f76,a4701f8d-cb70-41e6-ae65-6c9efb287f76,False,8,12.0,2,2,4,2,2,82,84,12,0
T3,account:a1a1c9a2-2203-49b9-92ed-75b72ef40066,a1a1c9a2-2203-49b9-92ed-75b72ef40066,False,7,12.0,1,3,3,1,3,68,69,58,0
T3,account:b6c9ace5-9c9d-4785-a7fb-980570550806,b6c9ace5-9c9d-4785-a7fb-980570550806,False,5,9.0,2,1,2,2,1,51,52,70,0
T3,account:3af2a867-1963-4397-96f4-bd03918960ca,3af2a867-1963-4397-96f4-bd03918960ca,False,5,12.0,1,1,3,1,1,53,54,72,0
T3,account:9fd86c2a-9824-4e71-bd7f-36cedcb7e15e,9fd86c2a-9824-4e71-bd7f-36cedcb7e15e,False,4,6.0,1,1,2,1,0,44,44,14,0
T3,account:b8f95481-454c-470f-834d-8582f407d89e,b8f95481-454c-470f-834d-8582f407d89e,False,6,6.0,2,2,2,2,2,60,60,63,0
T3,account:064f6b1d-28d0-497f-96b3-cfa70a6e8e19,064f6b1d-28d0-497f-96b3-cfa70a6e8e19,False,6,12.0,2,2,2,2,2,61,64,78,0
T3,account:6c182f4f-1ba5-4608-a20c-68272ebdb9a9,6c182f4f-1ba5-4608-a20c-68272ebdb9a9,False,3,12.0,1,1,1,1,1,36,36,71,0
T3,account:51e4a4eb-365c-4bf2-b16e-3c07f56d995d,51e4a4eb-365c-4bf2-b16e-3c07f56d995d,False,6,9.0,2,2,2,2,2,57,58,71,0
T3,account:514cedfb-25d7-4933-88f1-a116f9832ce4,514cedfb-25d7-4933-88f1-a116f9832ce4,False,5,9.0,1,2,2,1,2,43,43,21,0
T3,account:54267f2d-0045-405a-8a5a-fe00c03a6aa1,54267f2d-0045-405a-8a5a-fe00c03a6aa1,False,11,24.0,2,3,6,2,3,131,135,22,0
T3,account:98b88c3c-3d17-4960-a5f7-1f2e3b71d60f,98b88c3c-3d17-4960-a5f7-1f2e3b71d60f,False,4,6.0,1,2,1,1,1,26,26,63,0
T3,account:f5cc463c-400f-40dc-8589-942b80172a1a,f5cc463c-400f-40dc-8589-942b80172a1a,False,8,12.0,3,1,4,3,1,89,90,21,0
T3,account:0019569c-cdda-4283-8572-efcd3171fe58,0019569c-cdda-4283-8572-efcd3171fe58,False,9,18.0,3,2,4,3,2,103,104,69,0
T3,account:08a00cbf-21ef-4a39-957e-cd03a01340fd,08a00cbf-21ef-4a39-957e-cd03a01340fd,False,9,24.0,4,3,2,4,3,83,87,70,0
T3,account:99f1615c-0e69-48d2-8007-81b412d4c55e,99f1615c-0e69-48d2-8007-81b412d4c55e,False,6,9.0,1,2,3,1,2,67,68,54,0
T3,account:c39463fe-9b08-470c-a21a-30270544e6d1,c39463fe-9b08-470c-a21a-30270544e6d1,False,0,0.0,0,0,0,0,0,0,0,56,45
T3,account:1919f894-0aba-4dfc-9e80-3eca00033d8d,1919f894-0aba-4dfc-9e80-3eca00033d8d,False,6,9.0,1,3,2,1,3,60,60,70,0
T3,account:d6f72696-0f30-4889-b788-ca305ecf8072,d6f72696-0f30-4889-b788-ca305ecf8072,False,3,3.0,1,1,1,1,1,30,32,78,0
T3,account:7bd2732f-9740-4a80-9c31-cda382ec16a2,7bd2732f-9740-4a80-9c31-cda382ec16a2,False,3,3.0,1,1,1,1,1,27,27,70,0
T3,account:5d027f31-6682-4318-b4bd-b0165b70ae19,5d027f31-6682-4318-b4bd-b0165b70ae19,False,7,30.0,2,1,4,2,1,93,95,70,0
T3,account:85d494ae-64bd-4be1-bd36-b874a7a395a7,85d494ae-64bd-4be1-bd36-b874a7a395a7,False,3,3.0,1,1,1,1,1,22,22,63,0
T3,account:d29093e1-3f4c-4ceb-8d1a-e74ab6610e5b,d29093e1-3f4c-4ceb-8d1a-e74ab6610e5b,True,10,39.0,3,4,3,3,4,94,112,69,0
T3,account:afb2508b-2e4a-42f0-bb9d-bd7749eb814e,afb2508b-2e4a-42f0-bb9d-bd7749eb814e,False,6,9.0,1,2,3,1,2,71,71,21,0
T3,account:31370397-971b-4174-9cc9-d0e7ac148a19,31370397-971b-4174-9cc9-d0e7ac148a19,False,7,12.0,2,1,4,2,1,90,92,69,0
T3,account:aa0bcbc2-3bb7-4d83-b4b5-07b7f9615e43,aa0bcbc2-3bb7-4d83-b4b5-07b7f9615e43,False,3,3.0,1,1,1,1,1,26,27,1,0
T3,account:3606f545-3f2c-4550-b113-10b040d94bc6,3606f545-3f2c-4550-b113-10b040d94bc6,False,10,24.0,1,3,6,1,2,129,134,71,0
T3,account:ed52c765-a731-43ce-bb5e-4c84e4f06297,ed52c765-a731-43ce-bb5e-4c84e4f06297,False,3,6.0,1,1,1,1,0,25,25,69,0
T3,account:ad214746-4c39-4677-b493-d92b5804a641,ad214746-4c39-4677-b493-d92b5804a641,False,6,9.0,2,1,3,2,1,77,78,12,0
T3,account:cf723957-8199-49d9-984d-8683138d28f2,cf723957-8199-49d9-984d-8683138d28f2,False,3,3.0,1,1,1,1,1,31,31,71,0
T3,account:1c06372f-abcd-423a-a1d2-77cb2dd71ec9,1c06372f-abcd-423a-a1d2-77cb2dd71ec9,False,4,9.0,1,1,2,1,1,42,43,14,0
T3,account:f3569455-a061-4d2d-a700-300b26ce3d64,f3569455-a061-4d2d-a700-300b26ce3d64,False,6,24.0,2,2,2,2,2,56,56,72,0
T3,account:5ba70199-3609-4f9b-b180-d64c8a1ead03,5ba70199-3609-4f9b-b180-d64c8a1ead03,True,8,24.0,2,3,3,2,3,87,107,69,0
T3,account:35cb31fb-6bd3-4143-9a1d-5badd98529fc,35cb31fb-6bd3-4143-9a1d-5badd98529fc,False,6,18.0,3,1,2,3,1,65,65,52,0
T3,account:a22bf9b9-400b-4202-b8f1-6369c10141ac,a22bf9b9-400b-4202-b8f1-6369c10141ac,False,3,9.0,1,1,1,1,1,21,21,14,0
T3,account:69aa8ea5-5bac-43d0-a0fa-57f3465b9455,69aa8ea5-5bac-43d0-a0fa-57f3465b9455,False,3,6.0,1,1,1,1,1,33,33,70,0
T3,account:f1eea950-96a3-4ced-965c-3b669ea95db5,f1eea950-96a3-4ced-965c-3b669ea95db5,False,8,21.0,2,4,2,2,4,60,60,52,0
T3,account:bc06daf9-a8d6-478f-80a4-634c02273e24,bc06daf9-a8d6-478f-80a4-634c02273e24,False,3,9.0,1,1,1,1,1,28,28,4,0
T3,account:fdad7c7f-fdc3-4efe-afb1-32651e494d6f,fdad7c7f-fdc3-4efe-afb1-32651e494d6f,False,8,21.0,3,2,3,3,2,86,89,12,0
T3,account:cd5d6218-f283-4a6d-b8b2-c2f73fc1b79f,cd5d6218-f283-4a6d-b8b2-c2f73fc1b79f,False,6,12.0,1,3,2,1,1,43,43,58,0
T3,account:03687774-ee15-45ca-8871-354d97f87732,03687774-ee15-45ca-8871-354d97f87732,False,0,0.0,0,0,0,0,0,0,0,57,46
T3,account:1e261249-639e-4019-8576-bb66daa92080,1e261249-639e-4019-8576-bb66daa92080,False,4,6.0,1,1,2,1,1,43,43,4,0
T3,account:4bc9724b-ae20-45cf-97b4-f91a262eb0fd,4bc9724b-ae20-45cf-97b4-f91a262eb0fd,False,4,9.0,1,1,2,1,1,48,48,14,0
T3,account:f5c9081b-d556-4f28-b105-959a49212f40,f5c9081b-d556-4f28-b105-959a49212f40,False,7,12.0,1,2,4,1,2,77,79,58,0
T3,account:b243bfa5-4a18-4f31-bf0f-6b345790cfd8,b243bfa5-4a18-4f31-bf0f-6b345790cfd8,False,5,6.0,1,2,2,1,2,56,56,52,0
T3,account:8ab6fb69-2dab-4069-9d1e-9bb823d882df,8ab6fb69-2dab-4069-9d1e-9bb823d882df,False,5,6.0,1,2,2,1,2,44,44,29,0
T3,account:1479532b-4e20-4f62-9ef8-3896a91cd81c,1479532b-4e20-4f62-9ef8-3896a91cd81c,False,6,18.0,3,2,1,3,2,47,47,14,0
T3,account:3b28edad-211e-418c-8076-abbf0ab705c0,3b28edad-211e-418c-8076-abbf0ab705c0,False,4,9.0,1,2,1,1,2,30,30,1,0
T3,account:a050ea48-b5ff-4efb-bdb2-0d51704ad576,a050ea48-b5ff-4efb-bdb2-0d51704ad576,False,5,6.0,1,2,2,1,2,55,55,72,0
T3,account:c66fa478-7b7f-405b-81f8-1c92aebee63d,c66fa478-7b7f-405b-81f8-1c92aebee63d,False,4,15.0,1,1,2,1,1,45,46,1,0
T3,account:204100a9-2c1a-4468-809b-b5d85f739caa,204100a9-2c1a-4468-809b-b5d85f739caa,False,5,6.0,2,1,2,2,1,58,59,1,0
T3,account:d821260b-31a2-4aec-b09a-f4c8273866c1,d821260b-31a2-4aec-b09a-f4c8273866c1,False,4,12.0,1,1,2,1,1,46,47,71,0
T3,account:e5d2de53-b677-4524-ba0a-c6a71639ba33,e5d2de53-b677-4524-ba0a-c6a71639ba33,False,6,12.0,2,2,2,2,2,58,58,46,0
T3,account:11d028a1-704d-4a92-8b61-025b0b004478,11d028a1-704d-4a92-8b61-025b0b004478,False,4,6.0,1,2,1,1,2,29,30,21,0
T3,account:984c0ce5-da5c-4bf3-84fd-483d3356abdf,984c0ce5-da5c-4bf3-84fd-483d3356abdf,False,6,12.0,1,2,3,1,2,69,71,63,0
T3,account:01742bd8-93b3-40b1-8a2b-b15b70a74a43,01742bd8-93b3-40b1-8a2b-b15b70a74a43,False,4,21.0,1,2,1,1,2,22,22,12,0
T3,account:238a1006-26b7-4a5d-b92f-f53d4be6c623,238a1006-26b7-4a5d-b92f-f53d4be6c623,False,5,12.0,1,1,3,1,1,72,72,46,0
T3,account:52ade7ca-1a9f-425b-96c4-0551a58a234d,52ade7ca-1a9f-425b-96c4-0551a58a234d,False,5,9.0,1,2,2,1,2,50,50,1,0
T3,account:4d8c801a-6f97-4db2-acd8-f2e06ed7a70a,4d8c801a-6f97-4db2-acd8-f2e06ed7a70a,False,4,6.0,1,1,2,1,1,43,43,21,0
T3,account:c5971ebc-2786-40cc-a347-13386b57414d,c5971ebc-2786-40cc-a347-13386b57414d,False,6,6.0,2,2,2,2,2,65,68,37,0
T3,account:672cb471-e64d-4861-b933-7621f1cc2fce,672cb471-e64d-4861-b933-7621f1cc2fce,False,9,18.0,2,3,4,2,3,97,98,52,0
T3,account:d4279a26-d8d1-44a9-88b0-d327207e63de,d4279a26-d8d1-44a9-88b0-d327207e63de,False,5,15.0,1,3,1,1,2,31,31,69,0
T3,account:97baf4c2-2750-4483-9673-5482f118dd14,97baf4c2-2750-4483-9673-5482f118dd14,False,5,15.0,1,1,3,1,1,65,65,70,0
T3,account:5a75cbf7-4c14-4281-ba24-4ca08cb95840,5a75cbf7-4c14-4281-ba24-4ca08cb95840,False,4,9.0,1,1,2,1,1,49,50,12,0
T3,account:150356c1-5467-473c-a872-dfe299483d51,150356c1-5467-473c-a872-dfe299483d51,False,5,9.0,1,2,2,1,2,47,47,52,0
T3,account:44be5405-7c21-482a-a182-565351b5b264,44be5405-7c21-482a-a182-565351b5b264,False,5,6.0,1,2,2,1,2,52,52,71,0
T3,account:26ff1886-1767-4720-a23e-e2cf00b19815,26ff1886-1767-4720-a23e-e2cf00b19815,False,3,3.0,1,1,1,1,1,34,34,4,0
T3,account:a630eb1d-2293-46db-b7fe-0827896b8090,a630eb1d-2293-46db-b7fe-0827896b8090,False,4,18.0,2,1,1,2,1,33,33,69,0
T3,account:6afb3d3c-c534-4f87-ac97-1e38179b597b,6afb3d3c-c534-4f87-ac97-1e38179b597b,False,8,15.0,2,2,4,2,2,99,103,54,0
T3,account:f9d3200e-b43d-4b57-a7e2-e058f806b9e4,f9d3200e-b43d-4b57-a7e2-e058f806b9e4,False,3,3.0,1,1,1,1,0,26,26,63,0
T3,account:552e77bf-e19e-4690-8cce-840f753e15d4,552e77bf-e19e-4690-8cce-840f753e15d4,False,9,18.0,3,1,5,3,1,116,120,12,0
T3,account:5c252488-fa03-4d83-ba18-86b1bef95648,5c252488-fa03-4d83-ba18-86b1bef95648,False,3,6.0,1,1,1,1,1,26,26,69,0
T3,account:900b144e-1292-4bf9-af79-df94ab8e3542,900b144e-1292-4bf9-af79-df94ab8e3542,False,3,3.0,1,1,1,1,1,22,22,70,0
T3,account:6184b843-ab52-41d0-9d42-4d9c05af26e2,6184b843-ab52-41d0-9d42-4d9c05af26e2,False,5,9.0,2,2,1,2,2,52,52,14,0
T3,account:d582de92-9ad2-414a-8bf9-440b98acc126,d582de92-9ad2-414a-8bf9-440b98acc126,False,5,9.0,1,2,2,1,2,49,49,21,0
T3,account:e66f59e3-b402-4a3c-b0ae-1e717fad264f,e66f59e3-b402-4a3c-b0ae-1e717fad264f,False,5,12.0,2,2,1,2,2,28,28,63,0
T3,account:ecaab470-d222-495e-a739-6474e2e6839e,ecaab470-d222-495e-a739-6474e2e6839e,False,6,15.0,1,2,3,1,2,72,73,69,0
T3,account:d14ba9c6-d0be-4e38-b38f-346d659c6e6d,d14ba9c6-d0be-4e38-b38f-346d659c6e6d,False,8,12.0,2,2,4,2,2,94,96,12,0
T3,account:0d985ffd-7ef2-4d7d-ab30-104294994c2e,0d985ffd-7ef2-4d7d-ab30-104294994c2e,False,5,18.0,1,2,2,1,2,53,53,37,0
T3,account:e07669e5-1392-49f2-bf12-4dd3423938ee,e07669e5-1392-49f2-bf12-4dd3423938ee,False,5,6.0,1,2,2,1,2,49,49,1,0
T3,account:7228b4f9-7639-4417-90ab-3fa561315ced,7228b4f9-7639-4417-90ab-3fa561315ced,False,4,9.0,1,1,2,1,1,57,57,1,0
T3,account:2ddc886c-cad4-492f-b7c3-b39970469935,2ddc886c-cad4-492f-b7c3-b39970469935,False,6,9.0,1,3,2,1,3,62,63,71,0
T3,account:2e5f9f22-2ba4-46e3-97c9-b8776a6ea070,2e5f9f22-2ba4-46e3-97c9-b8776a6ea070,False,4,6.0,1,1,2,1,1,51,51,54,0
T3,account:c4c2a744-0304-45eb-a36d-174c3dfa1037,c4c2a744-0304-45eb-a36d-174c3dfa1037,False,6,12.0,2,2,2,2,2,53,54,63,0
T3,account:513f8f94-3740-4541-89a2-ec9f08ba0770,513f8f94-3740-4541-89a2-ec9f08ba0770,False,3,3.0,1,1,1,1,1,25,25,46,0
T3,account:37f52ad3-101e-4783-b7f5-ad4a12f2331e,37f52ad3-101e-4783-b7f5-ad4a12f2331e,False,3,9.0,1,1,1,1,1,24,24,63,0
T3,account:c293def0-8d81-4294-8bfb-6532ce915ec6,c293def0-8d81-4294-8bfb-6532ce915ec6,False,4,21.0,1,1,2,1,1,53,53,37,0
T3,account:540b0802-5ddd-4d9f-aa1d-577742de8153,540b0802-5ddd-4d9f-aa1d-577742de8153,False,6,12.0,2,1,3,2,1,63,64,63,0
T3,account:b05a4d1b-5973-4f41-934f-31b2bc8424cc,b05a4d1b-5973-4f41-934f-31b2bc8424cc,False,4,9.0,1,1,2,1,1,41,41,21,0
T3,account:d02bcb0f-98f1-4eef-9737-7458a46ad025,d02bcb0f-98f1-4eef-9737-7458a46ad025,False,6,9.0,2,1,3,2,1,47,48,14,0
T3,account:d9e01e66-6b6c-4635-b066-8810ee2062c3,d9e01e66-6b6c-4635-b066-8810ee2062c3,False,4,15.0,2,1,1,2,1,35,35,1,0
T3,account:b97a321d-d754-4ec0-b22d-01d8cdb6f2d6,b97a321d-d754-4ec0-b22d-01d8cdb6f2d6,False,8,15.0,2,3,3,2,3,90,94,37,0
T3,account:76c42b7d-c56d-4290-9cd1-b832dd704a84,76c42b7d-c56d-4290-9cd1-b832dd704a84,False,4,6.0,2,1,1,2,1,33,33,14,0
T3,account:6084f7e7-8324-49a9-b0da-500e1f2faf0a,6084f7e7-8324-49a9-b0da-500e1f2faf0a,False,3,3.0,1,1,1,1,0,26,26,63,0
T3,account:30226821-f99b-44c4-8795-fbb1784b1f58,30226821-f99b-44c4-8795-fbb1784b1f58,False,4,6.0,1,1,2,1,1,55,56,78,0
T3,account:9de4a588-ed0b-4135-a279-fc9e47077338,9de4a588-ed0b-4135-a279-fc9e47077338,False,5,15.0,1,3,1,1,3,30,30,37,0
T3,account:38c708f0-58e9-4061-bd0d-685eaedc995b,38c708f0-58e9-4061-bd0d-685eaedc995b,False,7,9.0,1,3,3,1,3,64,65,1,0
T3,account:498b660a-6cdf-4b66-bff1-a9e5b6c6b0c0,498b660a-6cdf-4b66-bff1-a9e5b6c6b0c0,False,3,3.0,1,1,1,1,1,22,22,1,0
T3,account:f9cdb767-c4b8-4f60-a343-d8519605f571,f9cdb767-c4b8-4f60-a343-d8519605f571,False,4,6.0,1,1,2,1,1,40,41,14,0
T3,account:ebf78409-7f05-4995-82a2-61f5038cbd7b,ebf78409-7f05-4995-82a2-61f5038cbd7b,False,5,9.0,2,1,2,2,1,48,49,70,0
T3,account:5089f4ce-ea00-407b-a6d0-37eda1983c54,5089f4ce-ea00-407b-a6d0-37eda1983c54,False,5,6.0,2,1,2,2,1,47,47,4,0
T3,account:a1aca78e-4a49-42e2-80f1-2f97e59f2cfd,a1aca78e-4a49-42e2-80f1-2f97e59f2cfd,False,7,9.0,2,2,3,2,2,89,92,58,0
T3,account:3d3e80ee-e5b5-42e7-9443-71ba78c9248e,3d3e80ee-e5b5-42e7-9443-71ba78c9248e,False,6,9.0,1,2,3,1,2,67,68,54,0
T3,account:aec42e65-e6bc-4c11-a7cc-a60e90aa595a,aec42e65-e6bc-4c11-a7cc-a60e90aa595a,False,7,9.0,3,2,2,3,2,75,76,22,0
T3,account:89d54c96-715d-4b45-940c-34d574bf26e7,89d54c96-715d-4b45-940c-34d574bf26e7,False,6,9.0,1,3,2,1,3,46,46,52,0
T3,account:01bd791e-2973-4bbc-b77d-4db8d7515897,01bd791e-2973-4bbc-b77d-4db8d7515897,False,5,15.0,1,1,3,1,1,74,74,14,0
T3,account:a4743df1-9c6b-4434-bae0-390b9612dd62,a4743df1-9c6b-4434-bae0-390b9612dd62,False,9,12.0,3,2,4,3,2,101,105,46,0
T3,account:6098be8b-1e33-4746-b269-64ea93af39b0,6098be8b-1e33-4746-b269-64ea93af39b0,False,7,15.0,1,2,4,1,2,91,93,78,0
T3,account:d5bc6088-fb52-49a3-94fb-b2a384ac7cc8,d5bc6088-fb52-49a3-94fb-b2a384ac7cc8,False,0,0.0,0,0,0,0,0,0,0,59,47
T3,account:f83f90b1-ee9e-4d8f-ad93-53d7a061faf0,f83f90b1-ee9e-4d8f-ad93-53d7a061faf0,False,8,15.0,2,3,3,2,3,82,83,45,0
T3,account:e92ff126-ece9-4634-ade1-0d16da5cc4fa,e92ff126-ece9-4634-ade1-0d16da5cc4fa,False,6,9.0,2,2,2,2,2,58,58,58,0
T3,account:c3cf86bf-3497-46c9-bb2c-7a65330adab4,c3cf86bf-3497-46c9-bb2c-7a65330adab4,False,4,9.0,1,1,2,1,1,44,45,63,0
T3,account:cb394a2e-320e-4782-929f-047f9022649d,cb394a2e-320e-4782-929f-047f9022649d,False,6,15.0,2,1,3,2,1,78,80,58,0
T3,account:b5f30c04-d487-4e54-9161-ae39bf998f0a,b5f30c04-d487-4e54-9161-ae39bf998f0a,False,5,15.0,1,3,1,1,2,29,29,1,0
T3,account:3ecc23c4-8fdd-457c-a014-0d569e981ba7,3ecc23c4-8fdd-457c-a014-0d569e981ba7,False,3,3.0,1,1,1,1,1,32,33,1,0
T3,account:ab51c377-0869-4f65-bd09-a53493f07e16,ab51c377-0869-4f65-bd09-a53493f07e16,False,6,9.0,2,2,2,2,2,47,48,21,0
T3,account:53c8f0bb-9352-4807-8261-d2a63d3c6ac0,53c8f0bb-9352-4807-8261-d2a63d3c6ac0,False,8,12.0,1,3,4,1,2,91,92,4,0
T3,account:19f5f324-242a-4bed-85d5-eb14ba7259e3,19f5f324-242a-4bed-85d5-eb14ba7259e3,False,5,9.0,1,2,2,1,2,53,53,72,0
T3,account:2b176aa0-2e34-4509-81a5-742c02bd96f3,2b176aa0-2e34-4509-81a5-742c02bd96f3,False,6,12.0,1,2,3,1,2,58,58,58,0
T3,account:be1fc0c3-36c5-4ce2-9feb-2ed09f95d56b,be1fc0c3-36c5-4ce2-9feb-2ed09f95d56b,False,3,3.0,1,1,1,1,1,29,29,63,0
T3,account:a0f339f1-7a34-4bac-b788-d01dfbfc54aa,a0f339f1-7a34-4bac-b788-d01dfbfc54aa,False,3,3.0,1,1,1,1,1,27,27,14,0
T3,account:51666ba5-3fd4-49f0-8547-fcd43e22a4b2,51666ba5-3fd4-49f0-8547-fcd43e22a4b2,False,6,18.0,2,2,2,2,2,63,65,72,0
T3,account:22e3a099-b89a-4cb6-8038-bec3d790aaf4,22e3a099-b89a-4cb6-8038-bec3d790aaf4,False,3,6.0,1,1,1,1,1,31,31,70,0
T3,account:9c0983b1-fbda-4875-8663-424066f6000b,9c0983b1-fbda-4875-8663-424066f6000b,False,0,0.0,0,0,0,0,0,0,0,60,48
T3,account:439870c3-f0d3-42a9-9aab-a6a436c98d53,439870c3-f0d3-42a9-9aab-a6a436c98d53,False,7,15.0,2,3,2,2,3,53,54,12,0
T3,account:bab959a0-326a-426f-9440-af0ea602e4f0,bab959a0-326a-426f-9440-af0ea602e4f0,False,5,9.0,1,1,3,1,1,68,69,45,0
T3,account:1457dac2-dc45-4a62-9786-3c20b5e59f1b,1457dac2-dc45-4a62-9786-3c20b5e59f1b,False,6,12.0,1,4,1,1,4,33,33,45,0
T3,account:81bb991c-45e7-4522-9dcc-f2ba95b1cd4d,81bb991c-45e7-4522-9dcc-f2ba95b1cd4d,False,4,12.0,2,1,1,2,1,32,32,70,0
T3,account:891b2f1f-badb-4a06-b53e-517e0e35c3d9,891b2f1f-badb-4a06-b53e-517e0e35c3d9,False,5,9.0,2,1,2,2,1,52,53,54,0
T3,account:de3248a2-4663-48ac-854f-ce2f1459c1bf,de3248a2-4663-48ac-854f-ce2f1459c1bf,False,4,9.0,2,1,1,2,1,37,37,1,0
T3,account:213f7711-5260-48bf-a41e-04b0bae6b4af,213f7711-5260-48bf-a41e-04b0bae6b4af,False,3,9.0,1,1,1,1,1,37,37,21,0
T3,account:4d1d97c6-bbf3-453c-bd36-6e6789370402,4d1d97c6-bbf3-453c-bd36-6e6789370402,False,3,9.0,1,1,1,1,1,20,20,63,0
T3,account:f04ea6f5-10d7-4fd8-a3ea-93bdad1c4288,f04ea6f5-10d7-4fd8-a3ea-93bdad1c4288,False,5,12.0,1,3,1,1,1,33,33,22,0
T3,account:e9ff7d91-ac81-466e-a648-2a030e81fdbe,e9ff7d91-ac81-466e-a648-2a030e81fdbe,False,7,15.0,3,2,2,3,2,65,65,22,0
T3,account:a1e0b7fd-99aa-4b8c-8909-7dc8a5e801c1,a1e0b7fd-99aa-4b8c-8909-7dc8a5e801c1,False,3,6.0,1,1,1,1,1,23,23,45,0
T3,account:722fdd17-95c7-48da-88da-6297a09c7453,722fdd17-95c7-48da-88da-6297a09c7453,False,5,6.0,2,1,2,2,1,62,63,37,0
T3,account:2f6e1d28-d117-4bab-b7ea-ea5d7311fbcf,2f6e1d28-d117-4bab-b7ea-ea5d7311fbcf,False,3,3.0,1,1,1,1,1,34,34,45,0
T3,account:2d5d87b2-6ead-4e16-857b-0d6e35e2f952,2d5d87b2-6ead-4e16-857b-0d6e35e2f952,False,6,12.0,2,3,1,2,3,39,39,1,0
T3,account:dbe21d68-4a80-4866-aa11-5b266168f867,dbe21d68-4a80-4866-aa11-5b266168f867,False,5,6.0,1,2,2,1,2,58,58,37,0
T3,account:9d9badef-00b0-4849-a2ac-0910ee7d10b9,9d9badef-00b0-4849-a2ac-0910ee7d10b9,False,5,9.0,2,1,2,2,0,47,47,72,0
T3,account:c232be3c-2c63-4b52-a85d-3275b4d48594,c232be3c-2c63-4b52-a85d-3275b4d48594,False,6,9.0,2,2,2,2,2,42,42,46,0
T3,account:6bc74b94-b05a-4334-9ad7-af70834b58d1,6bc74b94-b05a-4334-9ad7-af70834b58d1,False,6,12.0,2,1,3,2,1,77,79,45,0
T3,account:8cc52a7c-ceaf-4200-9226-daac89576276,8cc52a7c-ceaf-4200-9226-daac89576276,False,6,12.0,2,3,1,2,3,41,41,58,0
T3,account:d274187b-65db-4079-aed7-9cc2344fadbb,d274187b-65db-4079-aed7-9cc2344fadbb,False,4,9.0,1,2,1,1,2,27,27,54,0
T3,account:45e76574-3af4-4dbd-8514-80bc31468595,45e76574-3af4-4dbd-8514-80bc31468595,False,8,18.0,3,2,3,3,2,75,76,21,0
T3,account:32f5bf0a-edbf-4b71-b821-db3bda9860b4,32f5bf0a-edbf-4b71-b821-db3bda9860b4,False,0,0.0,0,0,0,0,0,0,0,61,49
T3,account:78b7b043-72ab-47c0-8a5f-11f23c56510f,78b7b043-72ab-47c0-8a5f-11f23c56510f,False,6,18.0,2,2,2,2,2,70,70,45,0
T3,account:f4043d5f-6a52-4302-a4d0-a8c040ad0999,f4043d5f-6a52-4302-a4d0-a8c040ad0999,False,4,12.0,2,1,1,2,1,46,46,58,0
T3,account:901b3922-a121-461c-97e6-ba9d31f9473a,901b3922-a121-461c-97e6-ba9d31f9473a,False,6,6.0,2,2,2,2,1,53,54,54,0
T3,account:75570b42-dec2-4df6-9bc7-577257deb5fc,75570b42-dec2-4df6-9bc7-577257deb5fc,False,7,9.0,2,3,2,2,3,76,76,71,0
T3,account:c85beeed-ab7e-4043-add6-2f06b850c4b7,c85beeed-ab7e-4043-add6-2f06b850c4b7,False,5,12.0,1,2,2,1,2,66,66,29,0
T3,account:e4a9fc96-e1ac-49ce-bb00-243f8480c080,e4a9fc96-e1ac-49ce-bb00-243f8480c080,False,3,9.0,1,1,1,1,1,37,37,14,0
T3,account:ebd1c99c-f041-4d69-9585-e474e063f5e4,ebd1c99c-f041-4d69-9585-e474e063f5e4,False,6,9.0,1,3,2,1,3,61,61,78,0
T3,account:c3a2e3f6-6991-4868-a322-50a9ceb63440,c3a2e3f6-6991-4868-a322-50a9ceb63440,False,7,12.0,1,3,3,1,3,79,79,78,0
T3,account:fb498be4-2ad1-4d99-8ed2-d8fb60e87b58,fb498be4-2ad1-4d99-8ed2-d8fb60e87b58,False,3,3.0,1,1,1,1,1,24,25,46,0
T3,account:14cfe04a-26e2-422e-860a-5eabda602996,14cfe04a-26e2-422e-860a-5eabda602996,False,5,6.0,2,1,2,2,1,53,54,21,0
T3,account:658c3e43-1f6e-4a33-b9d4-d12e5450f2ce,658c3e43-1f6e-4a33-b9d4-d12e5450f2ce,False,4,9.0,1,2,1,1,2,33,33,14,0
T3,account:fc0ac031-5885-4edc-b1a2-35c6ec2b474e,fc0ac031-5885-4edc-b1a2-35c6ec2b474e,False,5,6.0,2,2,1,2,2,36,36,12,0
T3,account:bb98885c-536f-4a99-8f50-e641dc4a1548,bb98885c-536f-4a99-8f50-e641dc4a1548,False,3,3.0,1,1,1,1,1,26,26,63,0
T3,account:ebec0beb-f70b-450a-a04a-b376eeff1a90,ebec0beb-f70b-450a-a04a-b376eeff1a90,False,7,21.0,2,3,2,2,3,48,48,52,0
T3,account:10dfc162-afa8-4862-8b3d-219691eb5c55,10dfc162-afa8-4862-8b3d-219691eb5c55,False,0,0.0,0,0,0,0,0,0,0,62,50
T3,account:e1435ca8-474b-4ed2-90fe-c9bef7c49887,e1435ca8-474b-4ed2-90fe-c9bef7c49887,False,3,6.0,1,1,1,1,1,30,31,58,0
T3,account:9116f55c-b481-4247-8286-9bf661514016,9116f55c-b481-4247-8286-9bf661514016,False,7,12.0,3,2,2,3,2,65,67,70,0
T3,account:858463d6-aa38-4bc2-aab0-3ead9d17b674,858463d6-aa38-4bc2-aab0-3ead9d17b674,False,7,12.0,3,2,2,3,2,60,60,22,0
T3,account:e7ae7445-f052-47dd-8d6c-055e1216b19f,e7ae7445-f052-47dd-8d6c-055e1216b19f,False,7,12.0,2,2,3,2,2,74,75,37,0
T3,account:3cc6ffab-18f2-4360-b7cc-00fc429b80b3,3cc6ffab-18f2-4360-b7cc-00fc429b80b3,False,6,6.0,2,2,2,2,2,66,66,29,0
T3,account:04fe9460-5cc3-479e-931c-aec0ae05bd1d,04fe9460-5cc3-479e-931c-aec0ae05bd1d,False,8,21.0,2,2,4,2,2,92,94,78,0
T3,account:37e9ee5e-8836-4b58-9063-bd23f4d34488,37e9ee5e-8836-4b58-9063-bd23f4d34488,False,3,9.0,1,1,1,1,1,17,17,1,0
T3,account:dfcf59ee-20c8-46e5-8147-264d80ee1fb5,dfcf59ee-20c8-46e5-8147-264d80ee1fb5,False,8,18.0,2,2,4,2,2,102,105,45,0
T3,account:a8301da8-eb03-4477-b1fa-0c24b18bbf09,a8301da8-eb03-4477-b1fa-0c24b18bbf09,False,3,3.0,1,1,1,1,1,31,31,70,0
T3,account:d1417fa7-04c5-4987-a316-2734b4ad5db5,d1417fa7-04c5-4987-a316-2734b4ad5db5,False,3,3.0,1,1,1,1,1,34,34,22,0
T3,account:96c5f0fd-fab4-4736-b358-968feb3b3ddb,96c5f0fd-fab4-4736-b358-968feb3b3ddb,False,4,9.0,1,1,2,1,1,47,47,46,0
T3,account:e7862df4-8dfc-48fa-a7b5-613e50985c83,e7862df4-8dfc-48fa-a7b5-613e50985c83,False,3,3.0,1,1,1,1,1,23,24,52,0
T3,account:8b67cc20-3aa9-4efc-96a1-7fa2c278a3bf,8b67cc20-3aa9-4efc-96a1-7fa2c278a3bf,False,6,12.0,2,3,1,2,3,38,38,21,0
T3,account:20870e69-5b4a-4f6e-b947-7d58231a8e91,20870e69-5b4a-4f6e-b947-7d58231a8e91,False,6,6.0,2,2,2,2,2,50,51,58,0
T3,account:e6581dc7-b7d2-43e7-92ab-2acabd817fa1,e6581dc7-b7d2-43e7-92ab-2acabd817fa1,False,5,9.0,1,2,2,1,2,49,51,63,0
T3,account:7b22e376-85b8-4a00-ab84-b9483bf5fed3,7b22e376-85b8-4a00-ab84-b9483bf5fed3,False,3,9.0,1,1,1,1,0,21,21,46,0
T3,account:0c23c50b-3f01-4f71-b86e-6340f9a9798e,0c23c50b-3f01-4f71-b86e-6340f9a9798e,False,4,15.0,1,2,1,1,2,22,22,52,0
T3,account:8b5bd8e2-c1bb-4396-a7e4-5c13574f71e0,8b5bd8e2-c1bb-4396-a7e4-5c13574f71e0,False,4,9.0,1,2,1,1,2,27,27,58,0
T3,account:3202e8a1-16bc-4cfc-b931-7974d30ba745,3202e8a1-16bc-4cfc-b931-7974d30ba745,False,3,3.0,1,1,1,1,1,21,21,52,0
T3,account:e9983579-a74e-4181-b0d3-63079624f22b,e9983579-a74e-4181-b0d3-63079624f22b,False,3,3.0,1,1,1,1,1,27,27,69,0
T3,account:8a44aec0-cbef-44cb-b0c2-f2d1fd175e2a,8a44aec0-cbef-44cb-b0c2-f2d1fd175e2a,False,4,6.0,1,1,2,1,1,56,57,54,0
T3,account:7402c40d-6fe9-4dc9-a069-5a514a50e629,7402c40d-6fe9-4dc9-a069-5a514a50e629,False,3,6.0,1,1,1,1,1,25,25,72,0
T3,account:8fba3ffb-29a1-4de2-9759-42686b1911e7,8fba3ffb-29a1-4de2-9759-42686b1911e7,False,6,6.0,2,2,2,2,2,65,65,69,0
T3,account:b8bd87ef-6133-482c-a774-2382c15c597a,b8bd87ef-6133-482c-a774-2382c15c597a,False,3,3.0,1,1,1,1,1,31,32,12,0
T3,account:ff9934df-74ae-4cfa-b0b0-2c5620d0845d,ff9934df-74ae-4cfa-b0b0-2c5620d0845d,False,5,15.0,2,1,2,2,1,59,59,58,0
T3,account:ca88b11b-6375-4c00-a046-960d1d68c60c,ca88b11b-6375-4c00-a046-960d1d68c60c,False,9,18.0,3,4,2,3,4,76,78,71,0
T3,account:d85f26da-8231-4b00-aa99-ace25033498e,d85f26da-8231-4b00-aa99-ace25033498e,False,8,24.0,1,2,5,1,2,101,102,1,0
T3,account:d0986d48-3fae-4ecd-85c3-92eda3dd887f,d0986d48-3fae-4ecd-85c3-92eda3dd887f,False,3,3.0,1,1,1,1,1,29,29,1,0
T3,account:8af5c6a4-5763-4537-9e73-ef0cb1836dd8,8af5c6a4-5763-4537-9e73-ef0cb1836dd8,False,7,9.0,3,2,2,3,2,54,55,70,0
T3,account:48c5ea50-8a71-44d2-a56a-9cd0febf4cc7,48c5ea50-8a71-44d2-a56a-9cd0febf4cc7,False,3,3.0,1,1,1,1,1,30,30,71,0
T3,account:93a6685d-89b1-4b8c-a252-6a1f718bcec6,93a6685d-89b1-4b8c-a252-6a1f718bcec6,False,8,9.0,3,2,3,3,2,71,72,22,0
T3,account:e39dfd92-cf56-4a88-b90e-86f085222679,e39dfd92-cf56-4a88-b90e-86f085222679,False,4,6.0,1,1,2,1,0,50,50,4,0
T3,account:6a410268-6d1b-4149-b9db-48d306bbacd0,6a410268-6d1b-4149-b9db-48d306bbacd0,False,3,3.0,1,1,1,1,1,22,22,46,0
T3,account:d0fb6472-d1ce-45f2-80ae-a9be0d5c8767,d0fb6472-d1ce-45f2-80ae-a9be0d5c8767,False,6,9.0,3,2,1,3,2,35,35,12,0
T3,account:9517be02-90cb-4ea7-bb39-4031bdb20920,9517be02-90cb-4ea7-bb39-4031bdb20920,False,6,9.0,2,2,2,2,2,50,50,46,0
T3,account:cb06f395-b991-41c6-8229-d64e7cc5f603,cb06f395-b991-41c6-8229-d64e7cc5f603,False,3,9.0,1,1,1,1,1,31,31,12,0
T3,account:1586c91d-7c0d-4988-8f6a-beeb3975fa7d,1586c91d-7c0d-4988-8f6a-beeb3975fa7d,False,5,6.0,2,1,2,2,1,53,54,71,0
T3,account:a7386295-165b-4ee3-ad11-99aaf3d5d169,a7386295-165b-4ee3-ad11-99aaf3d5d169,False,6,9.0,2,1,3,2,1,76,76,46,0
T3,account:76e15a48-4b1f-44d8-901c-4d55f1af2ee6,76e15a48-4b1f-44d8-901c-4d55f1af2ee6,False,5,6.0,1,2,2,1,2,51,53,12,0
T3,account:59fba7fa-30ca-4fc5-97fc-df5eb7041718,59fba7fa-30ca-4fc5-97fc-df5eb7041718,False,5,9.0,1,2,2,1,2,47,47,52,0
T3,account:49cf474f-6c6d-4dbd-9c12-a003253bd923,49cf474f-6c6d-4dbd-9c12-a003253bd923,False,7,12.0,4,1,2,4,1,56,57,54,0
T3,account:0c5b2659-a123-4b10-be0f-32ec5b1018a3,0c5b2659-a123-4b10-be0f-32ec5b1018a3,False,5,15.0,2,2,1,2,2,31,31,12,0
T3,account:8e11fbf3-cc5f-4721-b4f2-a35a3d8650d9,8e11fbf3-cc5f-4721-b4f2-a35a3d8650d9,False,5,9.0,1,1,3,1,0,63,64,70,0
T3,account:9ae2dce1-841f-4d7f-be2d-0265631d1a4b,9ae2dce1-841f-4d7f-be2d-0265631d1a4b,False,3,6.0,1,1,1,1,1,28,28,70,0
T3,account:f403425c-aca4-45c3-90d5-719f268c40c9,f403425c-aca4-45c3-90d5-719f268c40c9,False,5,6.0,1,2,2,1,1,43,43,58,0
T3,account:b5b6732d-b2b7-499d-930e-76b5aa375822,b5b6732d-b2b7-499d-930e-76b5aa375822,False,4,6.0,2,1,1,2,1,32,32,52,0
T3,account:2aff34a8-7d04-48f3-9473-0c3421e5e957,2aff34a8-7d04-48f3-9473-0c3421e5e957,False,3,15.0,1,1,1,1,1,30,30,12,0
T3,account:2b3082a1-22a0-4331-bdd7-47ecfe2bdf0f,2b3082a1-22a0-4331-bdd7-47ecfe2bdf0f,False,6,9.0,2,2,2,2,2,58,58,78,0
T3,account:2ca637e7-1bd4-4861-b2e6-37824b369777,2ca637e7-1bd4-4861-b2e6-37824b369777,False,5,6.0,1,2,2,1,2,33,33,1,0
T3,account:b178125e-3e0c-486a-9d22-d1b58cc10982,b178125e-3e0c-486a-9d22-d1b58cc10982,False,5,6.0,1,2,2,1,2,45,45,14,0
T3,account:48e36673-d394-4aca-b3be-9755a79995c6,48e36673-d394-4aca-b3be-9755a79995c6,False,6,12.0,1,2,3,1,2,76,78,14,0
T3,account:f2d74a16-7643-41bc-8252-06a406bc6ed8,f2d74a16-7643-41bc-8252-06a406bc6ed8,False,3,6.0,1,1,1,1,1,26,26,78,0
T3,account:cf5eec76-c828-417a-9110-80472d4964c5,cf5eec76-c828-417a-9110-80472d4964c5,False,7,12.0,1,3,3,1,3,73,73,29,0
T3,account:97daa8af-f864-4880-b52b-d852943c2dc6,97daa8af-f864-4880-b52b-d852943c2dc6,False,7,12.0,2,3,2,2,2,67,70,4,0
T3,account:c4cb9a73-9fae-45f5-b0cd-2d6a457474c7,c4cb9a73-9fae-45f5-b0cd-2d6a457474c7,False,5,9.0,2,2,1,2,2,38,40,14,0
T3,account:2292b42e-9417-482e-8ee9-98dc42e690fd,2292b42e-9417-482e-8ee9-98dc42e690fd,False,4,6.0,2,1,1,2,1,29,29,72,0
T3,account:3c38fe0e-b698-4f28-8095-eca83f624f82,3c38fe0e-b698-4f28-8095-eca83f624f82,False,7,24.0,1,3,3,1,3,73,74,21,0
T3,account:183345ec-a65f-426b-ba2d-86617bc71560,183345ec-a65f-426b-ba2d-86617bc71560,False,0,0.0,0,0,0,0,0,0,0,64,51
T3,account:5eaa0e3b-4cdb-4442-a039-248ea3cd6586,5eaa0e3b-4cdb-4442-a039-248ea3cd6586,False,4,9.0,1,2,1,1,2,31,31,21,0
T3,account:85bc479c-04bd-4d9a-be5b-bf4831e21980,85bc479c-04bd-4d9a-be5b-bf4831e21980,False,4,9.0,2,1,1,2,1,31,31,63,0
T3,account:db1d56d6-3306-4f6a-800c-75e4f785c85b,db1d56d6-3306-4f6a-800c-75e4f785c85b,False,6,18.0,1,2,3,1,2,60,64,63,0
T3,account:d2960190-88ca-4df9-9fd5-776c31cacfde,d2960190-88ca-4df9-9fd5-776c31cacfde,False,3,3.0,1,1,1,1,1,38,38,37,0
T3,account:8145dd70-350e-4df8-b923-8a36917766e3,8145dd70-350e-4df8-b923-8a36917766e3,False,6,9.0,2,1,3,2,1,65,67,14,0
T3,account:51cfa7eb-2873-480f-b265-a90da9d56173,51cfa7eb-2873-480f-b265-a90da9d56173,False,6,18.0,3,1,2,3,1,58,59,70,0
T3,account:642a77b0-3de2-4c04-98c0-f3cdb20479ab,642a77b0-3de2-4c04-98c0-f3cdb20479ab,False,6,12.0,2,1,3,2,1,72,74,12,0
T3,account:4ebbdd40-5d8d-4636-a1a9-9556bc5459c7,4ebbdd40-5d8d-4636-a1a9-9556bc5459c7,False,5,6.0,2,1,2,2,1,62,62,29,0
T3,account:933e79ce-6cf8-4210-886c-3bf4fc6a5dbb,933e79ce-6cf8-4210-886c-3bf4fc6a5dbb,False,3,6.0,1,1,1,1,1,22,22,45,0
T3,account:62095ec0-8a1f-4ed7-9398-e67b9f3597e4,62095ec0-8a1f-4ed7-9398-e67b9f3597e4,False,5,12.0,2,2,1,2,2,29,29,54,0
T3,account:ece80405-2d1a-4853-87de-3f8ad3d302d4,ece80405-2d1a-4853-87de-3f8ad3d302d4,False,7,12.0,2,2,3,2,1,73,74,46,0
T3,account:8c495306-c363-46a1-9cca-f2f897ce36d3,8c495306-c363-46a1-9cca-f2f897ce36d3,False,5,9.0,1,2,2,1,2,40,40,78,0
T3,account:23cd5577-9914-4fa4-be07-3f1349b2a3a8,23cd5577-9914-4fa4-be07-3f1349b2a3a8,False,4,9.0,2,1,1,2,1,41,41,12,0
T3,account:ea854770-e0ed-4a8d-aa44-7187642ef025,ea854770-e0ed-4a8d-aa44-7187642ef025,False,5,9.0,1,2,2,1,2,51,52,63,0
T3,account:63c7e568-01bb-41cf-8c8b-26321d582c49,63c7e568-01bb-41cf-8c8b-26321d582c49,False,7,18.0,3,2,2,3,2,72,72,45,0
T3,account:a7705ed5-e436-43ce-9b10-b57446746a43,a7705ed5-e436-43ce-9b10-b57446746a43,False,3,3.0,1,1,1,1,0,28,28,29,0
T3,account:98ccb1e8-5bb8-49f8-8b97-1257f8ab7e35,98ccb1e8-5bb8-49f8-8b97-1257f8ab7e35,False,6,6.0,2,2,2,2,2,58,58,14,0
T3,account:ab6fccd3-dd4e-4c7a-80eb-ff91d0825b9b,ab6fccd3-dd4e-4c7a-80eb-ff91d0825b9b,False,7,15.0,1,3,3,1,2,74,77,69,0
T3,account:ed8779cb-7b53-462f-ade6-80b587cc089f,ed8779cb-7b53-462f-ade6-80b587cc089f,False,10,15.0,2,3,5,2,3,116,119,45,0
T3,account:91160747-e2e1-4783-ac13-52debffc7d7a,91160747-e2e1-4783-ac13-52debffc7d7a,False,7,9.0,2,2,3,2,2,78,79,12,0
T3,account:02757ff4-625e-42d4-9a73-ae705b0a58f2,02757ff4-625e-42d4-9a73-ae705b0a58f2,False,5,15.0,1,2,2,1,1,34,34,14,0
T3,account:c7c13e22-4d6e-481b-b9fd-d635be0308c9,c7c13e22-4d6e-481b-b9fd-d635be0308c9,False,4,6.0,2,1,1,2,1,36,36,63,0
T3,account:33a5ec80-3764-4858-b4b0-f337c868aed2,33a5ec80-3764-4858-b4b0-f337c868aed2,False,7,9.0,2,2,3,2,2,86,86,29,0
T3,account:d323ed98-203d-4696-a5a4-354f45615ca9,d323ed98-203d-4696-a5a4-354f45615ca9,False,6,9.0,2,1,3,2,1,72,73,54,0
T3,account:2a3dfe5d-f020-497d-90f4-9f64980e667b,2a3dfe5d-f020-497d-90f4-9f64980e667b,False,4,12.0,1,1,2,1,1,43,43,46,0
T3,account:53018e6f-24d9-406f-9f13-a914cdb94ee7,53018e6f-24d9-406f-9f13-a914cdb94ee7,False,7,9.0,3,2,2,3,2,68,70,69,0
T3,account:be01b800-8ee6-4ce7-a36b-a5aa45d1e7df,be01b800-8ee6-4ce7-a36b-a5aa45d1e7df,False,5,9.0,2,1,2,2,1,44,45,21,0
T3,account:aff000b5-284d-44e3-ab8f-965af9031b50,aff000b5-284d-44e3-ab8f-965af9031b50,False,4,9.0,1,1,2,1,1,37,37,70,0
T3,account:91b220a8-ea60-4575-a9df-2c671d068b5d,91b220a8-ea60-4575-a9df-2c671d068b5d,False,3,12.0,1,1,1,1,1,28,28,12,0
T3,account:eb197a83-9e3f-4df2-8daa-e415e1fc83f3,eb197a83-9e3f-4df2-8daa-e415e1fc83f3,False,8,21.0,1,3,4,1,3,81,81,54,0
T3,account:63f3aba9-ba71-43c1-a82b-f3f3cb3c6dc0,63f3aba9-ba71-43c1-a82b-f3f3cb3c6dc0,False,5,12.0,2,2,1,2,2,40,40,45,0
T3,account:03d46b21-e6bc-454b-b4fd-12ff2aa12bb7,03d46b21-e6bc-454b-b4fd-12ff2aa12bb7,False,5,6.0,1,2,2,1,2,57,58,12,0
T3,account:c09532d6-612b-4bcf-aa1f-e8b09f728d72,c09532d6-612b-4bcf-aa1f-e8b09f728d72,False,0,0.0,0,0,0,0,0,0,0,65,52
T3,account:22c0b6d2-7dd0-4678-b3bb-ef4f554747b1,22c0b6d2-7dd0-4678-b3bb-ef4f554747b1,False,4,9.0,1,2,1,1,2,37,37,45,0
T3,account:29b05d65-aeec-491e-a1cf-1e439102e0d0,29b05d65-aeec-491e-a1cf-1e439102e0d0,False,11,24.0,2,3,6,2,3,121,127,71,0
T3,account:cba47b25-2879-45aa-b340-0f39643f983e,cba47b25-2879-45aa-b340-0f39643f983e,False,11,21.0,3,2,6,3,2,154,159,45,0
T3,account:0c121902-9e3f-44df-9172-02d336af4049,0c121902-9e3f-44df-9172-02d336af4049,False,3,3.0,1,1,1,1,1,23,23,54,0
T3,account:6faf6109-9156-41f8-9013-070bf77c62b9,6faf6109-9156-41f8-9013-070bf77c62b9,False,7,15.0,2,2,3,2,2,74,76,22,0
T3,account:2a6dd1b4-d3fd-4fc1-ab9e-53d0cf90e00a,2a6dd1b4-d3fd-4fc1-ab9e-53d0cf90e00a,False,6,9.0,1,2,3,1,2,69,69,69,0
T3,account:238c907b-3923-4498-b64d-061e31003af3,238c907b-3923-4498-b64d-061e31003af3,False,4,9.0,2,1,1,2,1,26,26,71,0
T3,account:d8a50e2d-95ff-41ef-a0a1-02ba11c74432,d8a50e2d-95ff-41ef-a0a1-02ba11c74432,False,3,3.0,1,1,1,1,1,27,27,52,0
T3,account:d7a87d63-db3d-46b6-af64-f8305c110f66,d7a87d63-db3d-46b6-af64-f8305c110f66,False,5,6.0,1,2,2,1,2,46,48,46,0
T3,account:e5c206cd-27cf-42f1-831a-dead9a4f6e31,e5c206cd-27cf-42f1-831a-dead9a4f6e31,False,3,3.0,1,1,1,1,1,33,33,12,0
T3,account:460bdea2-b701-4888-a4c6-76de9aac80a9,460bdea2-b701-4888-a4c6-76de9aac80a9,False,5,18.0,3,1,1,3,1,40,40,54,0
T3,account:e158baf6-186c-4014-b15d-7fc13c22bf2c,e158baf6-186c-4014-b15d-7fc13c22bf2c,False,6,12.0,2,2,2,2,2,60,60,71,0
T3,account:f9585d7e-678e-4a9d-97e3-d28c7a6f17a2,f9585d7e-678e-4a9d-97e3-d28c7a6f17a2,False,5,6.0,1,2,2,1,2,55,55,21,0
T3,account:47720704-c847-4438-aeb3-cda1c95612a8,47720704-c847-4438-aeb3-cda1c95612a8,False,5,9.0,2,1,2,2,1,39,39,52,0
T3,account:1bf74ccb-304f-48e3-81ff-b46b2f24af2b,1bf74ccb-304f-48e3-81ff-b46b2f24af2b,False,3,3.0,1,1,1,1,1,24,24,69,0
T3,account:8491e354-d1a9-4e7a-9224-7cb8ced04ab3,8491e354-d1a9-4e7a-9224-7cb8ced04ab3,False,4,6.0,1,1,2,1,1,57,57,71,0
T3,account:bed5a92e-7d1c-408d-af46-a68a96a7817a,bed5a92e-7d1c-408d-af46-a68a96a7817a,False,7,27.0,1,3,3,1,3,76,77,52,0
T3,account:6948310d-adb8-4696-918c-7747f359fa99,6948310d-adb8-4696-918c-7747f359fa99,False,7,12.0,2,3,2,2,3,51,51,63,0
T3,account:38b416f5-0e36-4ca5-a158-96218a4ce28f,38b416f5-0e36-4ca5-a158-96218a4ce28f,False,5,9.0,2,1,2,2,1,56,56,78,0
T3,account:73e171b1-aff1-48de-a9df-3ea83a71c22c,73e171b1-aff1-48de-a9df-3ea83a71c22c,False,6,9.0,3,2,1,3,2,43,43,69,0
T3,account:71ebed09-9cb0-4768-9c16-b16172b8921c,71ebed09-9cb0-4768-9c16-b16172b8921c,False,5,9.0,1,1,3,1,1,59,59,14,0
T3,account:743d8e8a-44cf-4806-b3db-71ef9a8439d8,743d8e8a-44cf-4806-b3db-71ef9a8439d8,False,6,9.0,1,3,2,1,3,61,61,4,0
T3,account:d90a3504-2e86-451c-ab90-de88dca610c3,d90a3504-2e86-451c-ab90-de88dca610c3,False,0,0.0,0,0,0,0,0,0,0,66,53
T3,account:59592bce-1774-48f5-a656-3a310932f2eb,59592bce-1774-48f5-a656-3a310932f2eb,False,4,12.0,1,2,1,1,2,30,30,1,0
T3,account:d34941ed-0643-43de-b209-ad2ceeff3b3f,d34941ed-0643-43de-b209-ad2ceeff3b3f,False,8,12.0,2,2,4,2,2,106,107,21,0
T3,account:1061da3b-4a7d-4dd1-bea2-6ce2e8e791ce,1061da3b-4a7d-4dd1-bea2-6ce2e8e791ce,False,9,12.0,2,3,4,2,3,113,113,58,0
T3,account:8a9b89f0-2020-4c96-be9e-603d2fcdb144,8a9b89f0-2020-4c96-be9e-603d2fcdb144,False,6,9.0,2,3,1,2,3,42,42,63,0
T3,account:3002be14-5f24-4e91-9ec1-8e5a8a5ee41f,3002be14-5f24-4e91-9ec1-8e5a8a5ee41f,False,5,6.0,1,2,2,1,2,52,53,12,0
T3,account:b2ce3cf4-796d-434a-a87b-f23e676896d2,b2ce3cf4-796d-434a-a87b-f23e676896d2,False,5,9.0,1,2,2,1,2,61,61,70,0
T3,account:269204a7-dcbb-438e-87ec-d745ac0e5801,269204a7-dcbb-438e-87ec-d745ac0e5801,False,6,15.0,1,3,2,1,2,54,54,29,0
T3,account:c7b3d88a-cb08-49bc-922a-41eab277421c,c7b3d88a-cb08-49bc-922a-41eab277421c,False,5,12.0,2,1,2,2,1,51,51,46,0
T3,account:2b193be8-fe90-43c7-b014-a8b52ff4ac8c,2b193be8-fe90-43c7-b014-a8b52ff4ac8c,False,6,9.0,2,2,2,2,2,54,54,78,0
T3,account:35e2435f-f78b-45fc-8075-93d6887087d2,35e2435f-f78b-45fc-8075-93d6887087d2,False,5,12.0,1,1,3,1,1,58,58,12,0
T3,account:9f732ab9-bfd8-42ac-903c-9e5849e4f96a,9f732ab9-bfd8-42ac-903c-9e5849e4f96a,False,6,18.0,2,2,2,2,2,58,59,58,0
T3,account:6744d6af-0b4d-41f0-9f67-3868db809c3e,6744d6af-0b4d-41f0-9f67-3868db809c3e,False,8,12.0,1,3,4,1,3,83,86,45,0
T3,account:262c912f-a058-455f-a27b-5fc126a0de0d,262c912f-a058-455f-a27b-5fc126a0de0d,False,5,9.0,1,2,2,1,2,40,40,69,0
T3,account:072240f9-6dda-4b05-8f2f-42485f95e2c7,072240f9-6dda-4b05-8f2f-42485f95e2c7,False,4,6.0,1,2,1,1,2,38,38,71,0
T3,account:eb0d78e0-4edd-45fd-8fc8-93a054826f96,eb0d78e0-4edd-45fd-8fc8-93a054826f96,False,0,0.0,0,0,0,0,0,0,0,67,54
T3,account:8ef92b3f-a895-4b0d-a39a-7ca2d92255b5,8ef92b3f-a895-4b0d-a39a-7ca2d92255b5,False,0,0.0,0,0,0,0,0,0,0,68,55
T3,account:ccaee184-8d2c-49f1-acff-5b355618f87d,ccaee184-8d2c-49f1-acff-5b355618f87d,False,6,18.0,4,1,1,4,1,56,57,29,0
T3,account:3fe5be33-99f7-4ed2-826c-105a5f8b2259,3fe5be33-99f7-4ed2-826c-105a5f8b2259,False,6,15.0,2,1,3,2,1,80,81,52,0
T3,account:777b6f05-a114-4109-866e-d2b5488bc0b0,777b6f05-a114-4109-866e-d2b5488bc0b0,False,5,18.0,1,2,2,1,2,46,46,14,0
T3,account:e4d130f2-4329-42af-b941-0a871231acfd,e4d130f2-4329-42af-b941-0a871231acfd,False,5,6.0,2,1,2,2,1,57,57,58,0
T3,account:47c44e71-5ad5-457e-b608-d1098e50e9de,47c44e71-5ad5-457e-b608-d1098e50e9de,False,6,12.0,1,2,3,1,2,86,89,69,0
T3,account:0b9c1510-1e83-41ed-9fe2-6bbb16e644a2,0b9c1510-1e83-41ed-9fe2-6bbb16e644a2,False,6,21.0,3,2,1,3,2,52,52,72,0
T3,account:078be478-f2ac-4829-ba17-db63bc482aa2,078be478-f2ac-4829-ba17-db63bc482aa2,False,8,12.0,3,2,3,3,2,87,88,29,0
T3,account:d6692fb2-289a-4250-b65d-16f643795370,d6692fb2-289a-4250-b65d-16f643795370,False,8,12.0,2,2,4,2,2,88,90,72,0
T3,account:b8b40c44-7006-4b03-a6a9-9c2c05eaf6cc,b8b40c44-7006-4b03-a6a9-9c2c05eaf6cc,False,5,6.0,1,2,2,1,2,49,50,12,0
T3,account:2818338d-7e26-4bb8-af17-90ffaded8e76,2818338d-7e26-4bb8-af17-90ffaded8e76,False,3,3.0,1,1,1,1,1,32,32,14,0
T3,account:6307400b-b22d-4ec0-861a-ddbaa255b11b,6307400b-b22d-4ec0-861a-ddbaa255b11b,False,7,15.0,2,2,3,2,2,63,63,58,0
T3,account:f47c06c7-22fd-4641-8d22-d251661aba73,f47c06c7-22fd-4641-8d22-d251661aba73,False,5,12.0,1,1,3,1,1,59,60,14,0
T3,account:051aa5ac-bc95-4f4c-aab3-710dab12a8ec,051aa5ac-bc95-4f4c-aab3-710dab12a8ec,False,6,9.0,1,2,3,1,2,79,80,45,0
T3,account:b6b1918b-8d8f-41e7-99de-6d53aaaeac02,b6b1918b-8d8f-41e7-99de-6d53aaaeac02,False,7,18.0,1,3,3,1,3,81,81,78,0
T3,account:935823a0-2045-4d67-a348-66fe16d83464,935823a0-2045-4d67-a348-66fe16d83464,False,6,18.0,2,2,2,2,2,54,54,1,0
T3,account:3fbc59d6-6079-434a-beb6-98149261a156,3fbc59d6-6079-434a-beb6-98149261a156,False,6,6.0,2,2,2,2,2,62,62,45,0
T3,account:1d5eb078-aaa2-4b5e-882d-51b2dc46edc1,1d5eb078-aaa2-4b5e-882d-51b2dc46edc1,False,8,18.0,2,2,4,2,2,85,85,70,0
T3,account:1a3effc6-4e29-489f-8571-08001d855006,1a3effc6-4e29-489f-8571-08001d855006,False,5,21.0,2,1,2,2,1,50,50,52,0
T3,account:8add02df-0baf-48e4-8cd8-84c1d331910e,8add02df-0baf-48e4-8cd8-84c1d331910e,False,4,12.0,1,1,2,1,1,52,52,12,0
T3,account:567c8141-292f-4301-8d6f-3c2b4ea5b8d3,567c8141-292f-4301-8d6f-3c2b4ea5b8d3,False,9,15.0,3,3,3,3,3,74,77,70,0
T3,account:b3c7a5d2-e8f0-46d6-b473-a232b7187991,b3c7a5d2-e8f0-46d6-b473-a232b7187991,False,8,9.0,3,2,3,3,2,65,65,21,0
T3,account:162c9389-979f-457d-a8b8-627b9e30d864,162c9389-979f-457d-a8b8-627b9e30d864,False,9,12.0,2,3,4,2,2,102,108,71,0
T3,account:93ffd932-a37e-4dad-8756-f0ee18eaec32,93ffd932-a37e-4dad-8756-f0ee18eaec32,False,4,12.0,1,1,2,1,1,38,38,63,0
T3,account:2e1da793-8815-4966-b8e9-403e4f578252,2e1da793-8815-4966-b8e9-403e4f578252,False,4,9.0,1,1,2,1,1,40,42,58,0
T3,account:a7640470-62d5-4b27-aea8-bab30d9dbaa0,a7640470-62d5-4b27-aea8-bab30d9dbaa0,False,6,6.0,2,2,2,2,2,59,59,52,0
T3,account:32813d85-f205-476c-8944-dd0eee781bd2,32813d85-f205-476c-8944-dd0eee781bd2,False,5,12.0,2,1,2,2,1,58,58,71,0
T3,account:6325f3ce-2133-4171-b357-47fa1efb7285,6325f3ce-2133-4171-b357-47fa1efb7285,False,7,18.0,2,2,3,2,2,79,82,12,0
T3,account:e2cc00de-5d68-4508-811e-857c6b4c1a4d,e2cc00de-5d68-4508-811e-857c6b4c1a4d,False,6,12.0,2,1,3,2,1,73,73,37,0
T3,account:a00d5518-6447-4440-83f2-82ed80088154,a00d5518-6447-4440-83f2-82ed80088154,False,5,6.0,1,2,2,1,2,61,61,1,0
T3,account:49890fa1-b087-47b1-bca0-f2803c704d1c,49890fa1-b087-47b1-bca0-f2803c704d1c,False,6,21.0,3,2,1,3,2,43,43,12,0
T3,account:2b5cf0d0-3355-47cf-9062-e885c833374a,2b5cf0d0-3355-47cf-9062-e885c833374a,False,6,9.0,2,2,2,2,2,56,56,54,0
T3,account:1855af19-2495-41b3-9e0d-5dd12ac33b1c,1855af19-2495-41b3-9e0d-5dd12ac33b1c,False,5,12.0,1,1,3,1,1,82,83,37,0
T3,account:cd226ff3-de75-418a-9942-622e7ba3ae6c,cd226ff3-de75-418a-9942-622e7ba3ae6c,False,5,9.0,2,1,2,2,1,58,59,12,0
T3,account:d550a215-8dfd-494d-b2de-993f16d9de56,d550a215-8dfd-494d-b2de-993f16d9de56,False,3,3.0,1,1,1,1,1,28,28,52,0
T3,account:a196e17b-96d1-40b3-9e1c-f510910a3d55,a196e17b-96d1-40b3-9e1c-f510910a3d55,False,3,3.0,1,1,1,1,1,29,29,54,0
T3,account:5fbff587-a77a-4d2a-9ca9-5d0404c70de3,5fbff587-a77a-4d2a-9ca9-5d0404c70de3,False,6,6.0,2,2,2,2,2,66,67,21,0
T3,account:fcf60c14-38b8-4d40-9bfd-42e3d7a843b7,fcf60c14-38b8-4d40-9bfd-42e3d7a843b7,False,7,12.0,2,2,3,2,2,66,69,63,0
T3,account:2ddda806-8cb8-44f8-844e-290634e3edd7,2ddda806-8cb8-44f8-844e-290634e3edd7,False,9,24.0,3,2,4,3,2,88,92,21,0
T3,account:7f775a17-795b-4894-a963-d4a9623d8de9,7f775a17-795b-4894-a963-d4a9623d8de9,False,5,9.0,1,1,3,1,1,66,67,70,0
T3,account:1a445167-bc91-43ee-a173-3803adb8435c,1a445167-bc91-43ee-a173-3803adb8435c,False,3,3.0,1,1,1,1,1,20,20,63,0
T3,account:d799e19f-f53a-4ceb-a138-5e36cd3e59b2,d799e19f-f53a-4ceb-a138-5e36cd3e59b2,False,7,12.0,2,3,2,2,3,48,48,69,0
T3,account:4082d7aa-9233-430e-b2f5-ec563a5898cc,4082d7aa-9233-430e-b2f5-ec563a5898cc,False,6,9.0,1,2,3,1,2,69,70,22,0
T3,account:cabe23cc-ce7b-4782-9106-e334a559ca26,cabe23cc-ce7b-4782-9106-e334a559ca26,False,3,3.0,1,1,1,1,1,28,28,72,0
T3,account:a70df740-5466-4f50-b700-b3264a207ca3,a70df740-5466-4f50-b700-b3264a207ca3,False,9,21.0,2,2,5,2,2,117,118,4,0
T3,account:aae166c6-6a49-4678-b922-046bb1403d46,aae166c6-6a49-4678-b922-046bb1403d46,False,6,15.0,2,1,3,2,1,64,66,72,0
T3,account:045064c1-926b-4dcd-a776-24a831393a0a,045064c1-926b-4dcd-a776-24a831393a0a,False,8,15.0,2,3,3,2,3,74,74,58,0
T3,account:bbfe2786-079c-4782-9ba5-d1b3551a0a6a,bbfe2786-079c-4782-9ba5-d1b3551a0a6a,False,5,9.0,1,2,2,1,2,57,57,54,0
T3,account:b683d5f0-16ea-43dc-9ed4-9890684100fa,b683d5f0-16ea-43dc-9ed4-9890684100fa,False,6,15.0,2,2,2,2,2,70,70,12,0
T3,account:9128a589-fc84-4fe3-beb2-33160b2244b3,9128a589-fc84-4fe3-beb2-33160b2244b3,False,5,9.0,1,2,2,1,2,52,53,78,0
T3,account:8a134b55-2e4e-496f-91d9-d3bf1379a677,8a134b55-2e4e-496f-91d9-d3bf1379a677,False,5,6.0,1,2,2,1,2,47,47,1,0
T3,account:620ef8c0-511e-4cc3-872d-4f03dc6a565f,620ef8c0-511e-4cc3-872d-4f03dc6a565f,False,5,6.0,2,1,2,2,1,57,60,14,0
T3,account:0db235d4-4682-40e6-8890-3076ec07ba14,0db235d4-4682-40e6-8890-3076ec07ba14,False,4,9.0,1,2,1,1,2,31,31,12,0
T3,account:d3304f0f-e97b-4157-aeaf-46cf1fc26908,d3304f0f-e97b-4157-aeaf-46cf1fc26908,False,7,21.0,2,4,1,2,3,48,48,70,0
T3,account:b552f8c3-9886-482b-81a2-5abb3f28caa6,b552f8c3-9886-482b-81a2-5abb3f28caa6,False,7,12.0,2,1,4,2,1,107,112,69,0
T3,account:58013aec-480e-420a-9875-c687b4c00a9d,58013aec-480e-420a-9875-c687b4c00a9d,False,11,18.0,4,4,3,4,4,101,105,69,0
T3,account:2c78f871-53e6-4c3f-b6eb-2e8b6b32d84b,2c78f871-53e6-4c3f-b6eb-2e8b6b32d84b,False,4,6.0,1,1,2,1,1,45,45,63,0
T3,account:afb7503a-8389-47b9-be0c-116f0010bcfe,afb7503a-8389-47b9-be0c-116f0010bcfe,False,6,6.0,2,2,2,2,2,63,63,22,0
T3,account:03225a73-206d-4ce6-a898-06085a55f64d,03225a73-206d-4ce6-a898-06085a55f64d,False,9,18.0,1,3,5,1,3,119,122,69,0
T3,account:54609d1c-5d31-440f-807f-11d17cf61019,54609d1c-5d31-440f-807f-11d17cf61019,False,5,9.0,1,2,2,1,2,64,65,69,0
T3,account:835044cb-1f65-4abb-bf80-17fbb6a0ba36,835044cb-1f65-4abb-bf80-17fbb6a0ba36,False,4,6.0,2,1,1,2,1,45,45,29,0
T3,account:84d2a4f8-8fce-4e03-b6bd-1bac6366178b,84d2a4f8-8fce-4e03-b6bd-1bac6366178b,False,4,6.0,2,1,1,2,1,28,28,37,0
T3,account:f2dd01c9-9a06-4cf9-b479-b0147f119367,f2dd01c9-9a06-4cf9-b479-b0147f119367,False,5,6.0,1,2,2,1,1,48,48,46,0
T3,account:d088a634-21d6-4223-a04a-41b0e601ba24,d088a634-21d6-4223-a04a-41b0e601ba24,False,7,18.0,2,2,3,2,2,90,91,12,0
T3,account:a0854399-3858-4b38-bfaa-ecf952466b4c,a0854399-3858-4b38-bfaa-ecf952466b4c,False,8,18.0,2,3,3,2,3,68,69,14,0
T3,account:7bd95253-fbb4-415b-a5ac-17afd970c773,7bd95253-fbb4-415b-a5ac-17afd970c773,False,4,9.0,1,2,1,1,2,40,40,78,0
T3,account:307d1733-06c9-41ea-a9a8-6c0b714e3e9d,307d1733-06c9-41ea-a9a8-6c0b714e3e9d,False,4,9.0,1,2,1,1,2,23,23,69,0
T3,account:9c8a19e1-16e6-4b79-ad71-ba7337c4ecc1,9c8a19e1-16e6-4b79-ad71-ba7337c4ecc1,False,7,15.0,1,2,4,1,2,100,100,69,0
T3,account:7e8deed8-dbeb-4d2e-af16-b5f5a2d35436,7e8deed8-dbeb-4d2e-af16-b5f5a2d35436,False,6,18.0,2,1,3,2,1,83,85,46,0
T3,account:9969caa3-fcb9-4497-96a2-5292331ec2d5,9969caa3-fcb9-4497-96a2-5292331ec2d5,False,5,9.0,2,1,2,2,1,48,49,70,0
T3,account:60889515-a442-42d1-a1cb-37e18911196d,60889515-a442-42d1-a1cb-37e18911196d,False,4,9.0,2,1,1,2,1,39,39,14,0
T3,account:a7cdeda2-e0e1-44b0-a64d-87e661e30573,a7cdeda2-e0e1-44b0-a64d-87e661e30573,False,4,6.0,1,1,2,1,1,54,55,46,0
T3,account:7bb9f266-492a-4454-bec5-e21431b84e57,7bb9f266-492a-4454-bec5-e21431b84e57,False,8,9.0,2,3,3,2,2,72,73,78,0
T3,account:7cb10096-a918-4857-9a9d-1bcabaf66688,7cb10096-a918-4857-9a9d-1bcabaf66688,False,0,0.0,0,0,0,0,0,0,0,73,56
T3,account:422a7514-083e-4774-9bd5-ba2e21d139c5,422a7514-083e-4774-9bd5-ba2e21d139c5,False,0,0.0,0,0,0,0,0,0,0,74,57
T3,account:7f138361-597b-4871-ad1d-b088f24039fe,7f138361-597b-4871-ad1d-b088f24039fe,False,5,15.0,2,1,2,2,1,58,59,21,0
T3,account:fc8eb865-df08-4e66-b891-ac001b9d1cb2,fc8eb865-df08-4e66-b891-ac001b9d1cb2,False,7,24.0,2,2,3,2,1,82,84,12,0
T3,account:dae45f6c-a08d-4a0a-b7a8-0cdafc3e92db,dae45f6c-a08d-4a0a-b7a8-0cdafc3e92db,False,4,6.0,1,2,1,1,2,34,34,46,0
T3,account:59739592-ed01-490c-9908-8de7592f2f0e,59739592-ed01-490c-9908-8de7592f2f0e,False,4,9.0,1,2,1,1,2,33,33,71,0
T3,account:9afdef9e-2755-41db-9de9-ed76e542afc7,9afdef9e-2755-41db-9de9-ed76e542afc7,False,4,6.0,2,1,1,2,1,40,40,52,0
T3,account:70173c15-a52d-4c7f-abb2-ca6581f973cc,70173c15-a52d-4c7f-abb2-ca6581f973cc,False,4,12.0,1,2,1,1,2,33,33,29,0
T3,account:5c703576-80d0-42af-b954-722985c0099f,5c703576-80d0-42af-b954-722985c0099f,False,5,9.0,2,2,1,2,2,32,32,14,0
T3,account:8ae3800d-4545-4499-9509-4f883b0530ad,8ae3800d-4545-4499-9509-4f883b0530ad,False,4,12.0,2,1,1,2,1,29,29,21,0
T3,account:957d168e-7f09-4ac9-90ad-7b58c12f257a,957d168e-7f09-4ac9-90ad-7b58c12f257a,False,4,9.0,1,1,2,1,1,65,67,69,0
T3,account:73d0783c-4abb-41e4-8573-c9fa79d89b58,73d0783c-4abb-41e4-8573-c9fa79d89b58,False,5,12.0,1,2,2,1,2,51,51,71,0
T3,account:48f719ad-c4e5-460a-9844-eb1c82122cac,48f719ad-c4e5-460a-9844-eb1c82122cac,False,4,9.0,1,1,2,1,1,47,47,1,0
T3,account:cd9e5e0d-2dad-431c-b703-b12155b10bf2,cd9e5e0d-2dad-431c-b703-b12155b10bf2,False,9,18.0,1,3,5,1,3,122,124,4,0
T3,account:3e0fc48d-92b6-48cb-b3f1-e25237231441,3e0fc48d-92b6-48cb-b3f1-e25237231441,False,5,9.0,1,3,1,1,3,34,34,70,0
T3,account:0f15e81a-a71e-46da-a378-4d879ea17259,0f15e81a-a71e-46da-a378-4d879ea17259,False,5,6.0,1,2,2,1,2,59,59,14,0
T3,account:e89e9602-5c84-45db-87ac-b7ad710760ec,e89e9602-5c84-45db-87ac-b7ad710760ec,False,5,6.0,1,2,2,1,2,51,53,54,0
T3,account:75718ba4-2e23-4fad-8f1d-6187186bc716,75718ba4-2e23-4fad-8f1d-6187186bc716,False,9,18.0,1,3,5,1,2,126,132,69,0
T3,account:abca288b-c6b2-4119-862e-517c6de4d65a,abca288b-c6b2-4119-862e-517c6de4d65a,False,5,15.0,1,2,2,1,2,57,58,70,0
T3,account:1afc5c10-7bc9-4d5d-9c86-47016bebbc01,1afc5c10-7bc9-4d5d-9c86-47016bebbc01,False,4,6.0,2,1,1,2,1,23,23,45,0
T3,account:0a768e66-9dbf-43e6-b4c1-4ce69ff1e1cf,0a768e66-9dbf-43e6-b4c1-4ce69ff1e1cf,False,5,9.0,2,2,1,2,2,44,45,45,0
T3,account:6ed70e38-cb75-48ef-9a2a-456f8606996c,6ed70e38-cb75-48ef-9a2a-456f8606996c,False,6,15.0,2,1,3,2,1,82,84,69,0
T3,account:9566e8ce-fd95-4079-9a26-6dcea72ca7af,9566e8ce-fd95-4079-9a26-6dcea72ca7af,False,7,12.0,2,1,4,2,1,87,89,1,0
T3,account:78b58712-440d-4724-b6ce-ac4426802855,78b58712-440d-4724-b6ce-ac4426802855,False,3,3.0,1,1,1,1,1,26,26,1,0
T3,account:8c5f1748-3995-4aa7-bff2-84cdc12f9f22,8c5f1748-3995-4aa7-bff2-84cdc12f9f22,False,5,12.0,1,3,1,1,3,38,38,54,0
T3,account:55395c98-a5f7-4578-9270-758403dc76c2,55395c98-a5f7-4578-9270-758403dc76c2,False,4,15.0,2,1,1,2,1,50,51,69,0
T3,account:38ebbf7f-e1c0-463a-9893-9c4aa5811f50,38ebbf7f-e1c0-463a-9893-9c4aa5811f50,False,7,15.0,3,2,2,3,2,65,66,69,0
T3,account:59020a52-e52e-4769-91df-b0da066d88e1,59020a52-e52e-4769-91df-b0da066d88e1,False,5,6.0,2,1,2,2,1,57,57,54,0
T3,account:d192cdd5-08d3-4718-b36d-5d611bfeb865,d192cdd5-08d3-4718-b36d-5d611bfeb865,False,8,21.0,2,2,4,2,2,86,87,1,0
T3,account:27ae0cd1-04e0-4eb2-aedf-961ce4838107,27ae0cd1-04e0-4eb2-aedf-961ce4838107,False,5,12.0,1,2,2,1,2,41,41,63,0
T3,account:273e27c2-f75e-4b92-9d39-08a38fa8ce10,273e27c2-f75e-4b92-9d39-08a38fa8ce10,False,6,9.0,1,2,3,1,2,66,68,14,0
T3,account:8122d1c3-8051-439e-aee4-cf74455c3749,8122d1c3-8051-439e-aee4-cf74455c3749,False,8,15.0,3,3,2,3,3,66,67,14,0
T3,account:adb00442-ad9e-4e44-9d37-6217b8d84e24,adb00442-ad9e-4e44-9d37-6217b8d84e24,False,5,9.0,1,2,2,1,2,58,58,22,0
T3,account:1a28e168-f889-4e8e-aa71-26d2f314ea8a,1a28e168-f889-4e8e-aa71-26d2f314ea8a,False,4,6.0,1,2,1,1,2,35,35,70,0
T3,account:f41ae425-4066-45e5-872c-cf6600ad74e3,f41ae425-4066-45e5-872c-cf6600ad74e3,False,7,9.0,3,3,1,3,3,46,46,54,0
T3,account:3577b629-cd61-4037-99cd-aaea4788014e,3577b629-cd61-4037-99cd-aaea4788014e,False,5,9.0,2,2,1,2,2,36,36,45,0
T3,account:666dde2d-a015-4b3c-ae8f-f159c25c7274,666dde2d-a015-4b3c-ae8f-f159c25c7274,False,6,9.0,2,2,2,2,1,52,53,46,0
T3,account:0c7e5762-532a-47fd-967b-7a536842ea17,0c7e5762-532a-47fd-967b-7a536842ea17,False,5,15.0,1,1,3,1,1,60,61,12,0
T3,account:84387218-4d31-4544-a47f-70f17f331793,84387218-4d31-4544-a47f-70f17f331793,False,6,9.0,3,1,2,3,1,61,61,46,0
T3,account:025a28ca-278a-4892-ba81-9ad399d679b4,025a28ca-278a-4892-ba81-9ad399d679b4,False,6,21.0,1,3,2,1,3,53,53,21,0
T3,account:387f7eb1-340e-4f82-96e4-e9299e4aa3cc,387f7eb1-340e-4f82-96e4-e9299e4aa3cc,False,6,12.0,2,2,2,2,2,55,55,1,0
T3,account:7a6e8b00-05b1-4edc-9cd7-60ffc6e6c68b,7a6e8b00-05b1-4edc-9cd7-60ffc6e6c68b,False,6,12.0,2,3,1,2,3,47,47,14,0
T3,account:1aae7680-ad13-4867-ae60-700b28bcb72e,1aae7680-ad13-4867-ae60-700b28bcb72e,False,3,6.0,1,1,1,1,1,25,25,63,0
T3,account:dec8bc75-0bde-4e96-a0fc-9c2b06ac47e3,dec8bc75-0bde-4e96-a0fc-9c2b06ac47e3,False,8,15.0,3,3,2,3,2,62,63,29,0
T3,account:cfba9168-0a65-4b04-8062-01d1ab07c6e3,cfba9168-0a65-4b04-8062-01d1ab07c6e3,False,6,9.0,2,2,2,2,2,56,58,71,0
T3,account:56dd5bb7-854d-4fb1-9056-fadccff93be1,56dd5bb7-854d-4fb1-9056-fadccff93be1,False,3,3.0,1,1,1,1,1,34,34,69,0
T3,account:c6e7d9b7-e6ef-448c-a47e-3a1797905790,c6e7d9b7-e6ef-448c-a47e-3a1797905790,False,5,9.0,1,2,2,1,2,48,49,54,0
T3,account:f09b35c0-3329-4e48-bad8-22ae3956e68f,f09b35c0-3329-4e48-bad8-22ae3956e68f,False,5,9.0,1,1,3,1,1,67,67,1,0
T3,account:61b65da1-4e06-40a2-b177-2fe15fa182bb,61b65da1-4e06-40a2-b177-2fe15fa182bb,False,7,18.0,2,1,4,2,1,99,100,70,0
T3,account:5cd2cc45-9208-4e45-8749-03625b462400,5cd2cc45-9208-4e45-8749-03625b462400,False,8,15.0,4,2,2,4,2,83,85,4,0
T3,account:1a46412a-77e6-4330-ae1d-ad4e68588e2f,1a46412a-77e6-4330-ae1d-ad4e68588e2f,False,6,21.0,2,2,2,2,1,66,66,71,0
T3,account:43b27b9c-8618-4d11-af5a-4bba8dfac3bd,43b27b9c-8618-4d11-af5a-4bba8dfac3bd,False,5,9.0,1,3,1,1,3,36,36,29,0
T3,account:260dc21d-b3ec-4f3d-93ea-5b58eb4e7019,260dc21d-b3ec-4f3d-93ea-5b58eb4e7019,False,6,9.0,1,2,3,1,2,68,70,63,0
T3,account:7b216512-4d66-4799-b405-18db211ccdd6,7b216512-4d66-4799-b405-18db211ccdd6,False,3,9.0,1,1,1,1,1,25,25,69,0
T3,account:692db668-4a8e-4bcf-8be7-4234f1840ece,692db668-4a8e-4bcf-8be7-4234f1840ece,False,3,3.0,1,1,1,1,1,32,32,71,0
T3,account:d2c947a5-d0ef-4aaa-9af2-5fcdd4306442,d2c947a5-d0ef-4aaa-9af2-5fcdd4306442,False,6,12.0,2,1,3,2,1,63,64,72,0
T3,account:22c9838c-c0b4-4b47-8807-e01700250ae8,22c9838c-c0b4-4b47-8807-e01700250ae8,False,4,6.0,1,1,2,1,1,53,53,63,0
T3,account:f42cbd70-814b-410c-b7d6-8afc984050c6,f42cbd70-814b-410c-b7d6-8afc984050c6,False,6,15.0,1,3,2,1,3,42,42,1,0
T3,account:aec0d11f-640c-4e0b-bd97-91e02e72264d,aec0d11f-640c-4e0b-bd97-91e02e72264d,False,7,15.0,1,2,4,1,2,91,93,63,0
T3,account:25892a0b-0cef-4484-b7fc-c0526bc36897,25892a0b-0cef-4484-b7fc-c0526bc36897,False,4,6.0,1,1,2,1,1,62,62,45,0
T3,account:9d1c7bb3-f0a8-47c0-9c13-07b708de6cb3,9d1c7bb3-f0a8-47c0-9c13-07b708de6cb3,False,3,3.0,1,1,1,1,1,31,32,29,0
T3,account:32d17113-5bdd-45d3-9dd1-b8e9d743e3e1,32d17113-5bdd-45d3-9dd1-b8e9d743e3e1,False,0,0.0,0,0,0,0,0,0,0,75,58
T3,account:15a56589-448e-41b8-bb76-3f91a29f75af,15a56589-448e-41b8-bb76-3f91a29f75af,False,6,9.0,1,3,2,1,2,50,51,70,0
T3,account:5536d9ea-a875-4aa9-9fda-74341071aa6c,5536d9ea-a875-4aa9-9fda-74341071aa6c,False,3,3.0,1,1,1,1,1,34,34,37,0
T3,account:bf45fa7a-6734-476f-b9ff-8318043af10a,bf45fa7a-6734-476f-b9ff-8318043af10a,False,4,12.0,1,1,2,1,1,39,39,21,0
T3,account:4ce6d26c-86ca-4d64-bf61-e024ffe922e8,4ce6d26c-86ca-4d64-bf61-e024ffe922e8,False,6,12.0,2,2,2,2,2,67,68,14,0
T3,account:e9a3e35b-5a68-43f0-a765-e2ea116ad834,e9a3e35b-5a68-43f0-a765-e2ea116ad834,False,5,6.0,1,2,2,1,2,44,44,63,0
T3,account:d0092eb6-6f0f-4de5-b011-2486ccbd6825,d0092eb6-6f0f-4de5-b011-2486ccbd6825,True,10,24.0,2,5,3,2,5,95,113,69,0
T3,account:893244fa-dc40-4fdc-92ed-4eaef66c9aac,893244fa-dc40-4fdc-92ed-4eaef66c9aac,False,3,3.0,1,1,1,1,1,32,32,52,0
T3,account:47a1f648-76b3-4933-b35c-3cd113be2464,47a1f648-76b3-4933-b35c-3cd113be2464,False,3,6.0,1,1,1,1,1,22,22,12,0
T3,account:c5e16c72-8bee-44b2-ba7a-e659a9485b6f,c5e16c72-8bee-44b2-ba7a-e659a9485b6f,False,5,15.0,2,2,1,2,2,36,36,37,0
T3,account:0520312d-5006-467d-9077-06f5af50ee59,0520312d-5006-467d-9077-06f5af50ee59,False,5,12.0,1,2,2,1,2,48,49,12,0
T3,account:8545b939-409e-4fc4-ae3f-2e97db1c47b5,8545b939-409e-4fc4-ae3f-2e97db1c47b5,False,6,9.0,1,3,2,1,3,58,58,58,0
T3,account:22183b30-63b0-4a7e-9f18-1a817d5686eb,22183b30-63b0-4a7e-9f18-1a817d5686eb,False,6,12.0,2,1,3,2,1,74,75,14,0
T3,account:7fa0d72d-6f70-44ec-884d-b5917714f14c,7fa0d72d-6f70-44ec-884d-b5917714f14c,False,4,6.0,1,1,2,1,1,33,33,70,0
T3,account:a353c211-8bc5-4c2e-8d6e-7bac8ecbc6da,a353c211-8bc5-4c2e-8d6e-7bac8ecbc6da,False,4,6.0,2,1,1,2,0,34,34,70,0
T3,account:2458c5f0-3f69-4ad4-a682-aa88049425c4,2458c5f0-3f69-4ad4-a682-aa88049425c4,False,3,12.0,1,1,1,1,1,33,33,69,0
T3,account:7e7c1975-c5ab-4f12-9736-80457aa2bff6,7e7c1975-c5ab-4f12-9736-80457aa2bff6,False,5,12.0,2,1,2,2,1,50,50,22,0
T3,account:a72216f4-b1d0-4aae-9497-6da0d486b014,a72216f4-b1d0-4aae-9497-6da0d486b014,False,5,9.0,1,2,2,1,2,57,57,70,0
T3,account:1922c7d3-9fb7-43e7-afac-8be8d80adbc6,1922c7d3-9fb7-43e7-afac-8be8d80adbc6,False,5,12.0,1,1,3,1,0,71,71,4,0
T3,account:3dcc2033-b639-4e76-9f2e-f77d33a03771,3dcc2033-b639-4e76-9f2e-f77d33a03771,False,5,12.0,1,1,3,1,1,59,60,69,0
T3,account:dfe7beff-78fe-4cc6-8fd4-2981db3f9c42,dfe7beff-78fe-4cc6-8fd4-2981db3f9c42,False,5,9.0,1,2,2,1,2,46,48,54,0
T3,account:d92e4ca0-5833-4b9d-ac91-64866e85770f,d92e4ca0-5833-4b9d-ac91-64866e85770f,False,3,3.0,1,1,1,1,1,31,31,14,0
T3,account:860bdbbb-678b-4fa0-83b4-840a23bcddd1,860bdbbb-678b-4fa0-83b4-840a23bcddd1,False,3,6.0,1,1,1,1,1,28,28,4,0
T3,account:59db25ec-71ed-4371-95ba-9fad2dd2f7c5,59db25ec-71ed-4371-95ba-9fad2dd2f7c5,False,4,6.0,2,1,1,2,0,36,36,22,0
T3,account:280d07c2-e03f-4dbd-90a9-1ca243e64528,280d07c2-e03f-4dbd-90a9-1ca243e64528,False,8,12.0,3,4,1,3,4,49,50,21,0
T3,account:3e00d88a-3b6b-4eef-9e42-8bdd9cb43141,3e00d88a-3b6b-4eef-9e42-8bdd9cb43141,False,5,6.0,2,1,2,2,1,44,44,46,0
T3,account:29268953-2c3b-46cd-8708-a44e88887589,29268953-2c3b-46cd-8708-a44e88887589,False,4,9.0,2,1,1,2,1,28,28,46,0
T3,account:99c06359-329b-4f09-8a1b-8b149d3e8074,99c06359-329b-4f09-8a1b-8b149d3e8074,False,5,6.0,2,1,2,2,1,52,52,72,0
T3,account:1ea345ba-cb81-4225-8f2d-66e2eaab4962,1ea345ba-cb81-4225-8f2d-66e2eaab4962,False,5,12.0,1,2,2,1,1,40,41,71,0
T3,account:10e7eeb1-ea44-46c4-bb9f-bc7cf3639cd0,10e7eeb1-ea44-46c4-bb9f-bc7cf3639cd0,False,0,0.0,0,0,0,0,0,0,0,76,59
T3,account:82e82723-8ecd-4e0d-bae2-de5ff52dedfc,82e82723-8ecd-4e0d-bae2-de5ff52dedfc,False,5,6.0,1,2,2,1,2,51,52,12,0
T3,account:e52ef825-14bf-4d42-acdb-6690f7ac987a,e52ef825-14bf-4d42-acdb-6690f7ac987a,False,5,15.0,2,1,2,2,1,55,55,22,0
T3,account:36a4b505-ec0f-4df6-8431-7bf6dff97fdb,36a4b505-ec0f-4df6-8431-7bf6dff97fdb,False,4,6.0,2,1,1,2,1,30,30,12,0
T3,account:86954da4-d8f4-404a-9f9b-bf7302ddfebb,86954da4-d8f4-404a-9f9b-bf7302ddfebb,False,6,15.0,1,2,3,1,2,70,70,14,0
T3,account:b35cf8b8-c560-460e-8f58-47687af02105,b35cf8b8-c560-460e-8f58-47687af02105,False,4,6.0,2,1,1,2,1,40,40,29,0
T3,account:54a638f6-0bb8-42f6-bf53-91afcddfd5ea,54a638f6-0bb8-42f6-bf53-91afcddfd5ea,False,5,18.0,1,2,2,1,2,46,46,14,0
T3,account:1ac872ed-009e-4a26-9c37-9fcaf0fecf4b,1ac872ed-009e-4a26-9c37-9fcaf0fecf4b,False,8,12.0,3,3,2,3,2,63,65,12,0
T3,account:606ee340-6e0c-49cd-a3d4-84e311fd4686,606ee340-6e0c-49cd-a3d4-84e311fd4686,False,6,9.0,2,2,2,2,2,57,59,63,0
T3,account:7e70efd7-dfb3-4a98-a60e-6e57bd455d1b,7e70efd7-dfb3-4a98-a60e-6e57bd455d1b,False,5,9.0,1,2,2,1,2,43,44,58,0
T3,account:f4e70ac2-32bf-426c-8992-7b4de36f6f70,f4e70ac2-32bf-426c-8992-7b4de36f6f70,False,3,3.0,1,1,1,1,1,29,30,70,0
T3,account:d097927f-78bd-4673-b52f-410c091c1d44,d097927f-78bd-4673-b52f-410c091c1d44,False,7,15.0,2,2,3,2,2,95,95,37,0
T3,account:3795933d-2537-45c4-80a0-2d35768147cb,3795933d-2537-45c4-80a0-2d35768147cb,False,6,12.0,1,2,3,1,2,71,72,29,0
T3,account:36dbf9ab-6984-4e94-93b6-f89929ab757c,36dbf9ab-6984-4e94-93b6-f89929ab757c,False,5,15.0,1,2,2,1,2,50,51,12,0
T3,account:0d6f5d72-9963-4fe9-a0a4-e82c518cb4b1,0d6f5d72-9963-4fe9-a0a4-e82c518cb4b1,False,4,6.0,1,1,2,1,0,37,37,14,0
T3,account:7f9ab409-b4c1-40fa-a835-d88e473561f8,7f9ab409-b4c1-40fa-a835-d88e473561f8,False,4,9.0,1,2,1,1,2,30,30,12,0
T3,account:913dd1bb-5be5-41f3-8997-7a404e956cd5,913dd1bb-5be5-41f3-8997-7a404e956cd5,False,7,18.0,2,1,4,2,1,82,83,1,0
T3,account:75fc0917-f304-4c1c-a5c1-5622f71e651a,75fc0917-f304-4c1c-a5c1-5622f71e651a,False,8,12.0,2,3,3,2,3,68,69,46,0
T3,account:2e4d69cd-090b-4af6-909b-33089f7184ad,2e4d69cd-090b-4af6-909b-33089f7184ad,False,6,12.0,2,2,2,2,2,59,59,14,0
T3,account:e972da93-7a36-4795-b99d-85eb9e6fb9df,e972da93-7a36-4795-b99d-85eb9e6fb9df,False,4,6.0,1,2,1,1,2,23,23,22,0
T3,account:c8dd0cba-0e62-437c-a8fe-0f5c3ccc00c3,c8dd0cba-0e62-437c-a8fe-0f5c3ccc00c3,False,6,12.0,1,3,2,1,3,51,51,46,0
T3,account:c1d4e988-4608-41ce-a9fb-74c9ed80c781,c1d4e988-4608-41ce-a9fb-74c9ed80c781,False,6,15.0,1,2,3,1,2,59,59,12,0
T3,account:93f44cc3-92b4-496e-8cbc-91731a70b09d,93f44cc3-92b4-496e-8cbc-91731a70b09d,False,5,12.0,3,1,1,3,1,41,41,52,0
T3,account:cb4226c7-3b9b-41d7-872d-518141f6b5b2,cb4226c7-3b9b-41d7-872d-518141f6b5b2,False,5,12.0,1,1,3,1,1,57,57,21,0
T3,account:e3c809fc-846c-4870-971b-f6b0a99bf4c3,e3c809fc-846c-4870-971b-f6b0a99bf4c3,False,7,15.0,2,3,2,2,3,59,61,71,0
T3,account:0b1f1ed4-980e-439b-a387-071fa5e59e2d,0b1f1ed4-980e-439b-a387-071fa5e59e2d,False,4,6.0,1,1,2,1,1,37,37,69,0
T3,account:a52b370a-8e51-40f0-a958-53f1e951cebe,a52b370a-8e51-40f0-a958-53f1e951cebe,False,6,12.0,2,2,2,2,2,65,66,78,0
T3,account:d2921a9e-fcb7-4af5-aa5b-cd76414af25e,d2921a9e-fcb7-4af5-aa5b-cd76414af25e,False,6,21.0,2,1,3,2,1,74,74,70,0
T3,account:feb03903-2346-4249-9dfd-b0e839329e05,feb03903-2346-4249-9dfd-b0e839329e05,False,7,9.0,2,2,3,2,2,90,90,71,0
T3,account:518b7dc3-cd27-4c54-9e2e-5eae8c3ec68e,518b7dc3-cd27-4c54-9e2e-5eae8c3ec68e,False,3,3.0,1,1,1,1,1,28,28,72,0
T3,account:072e4976-b6c3-41af-92ca-75861e968b18,072e4976-b6c3-41af-92ca-75861e968b18,False,3,3.0,1,1,1,1,1,25,26,70,0
T3,account:6a05a5b4-abf2-4db4-9a9e-90aaf548dea1,6a05a5b4-abf2-4db4-9a9e-90aaf548dea1,False,5,6.0,1,2,2,1,2,43,43,72,0
T3,account:6187a9d9-c823-4f67-a55a-ba81ec8accfc,6187a9d9-c823-4f67-a55a-ba81ec8accfc,False,5,6.0,2,1,2,2,1,50,50,70,0
T3,account:957f9090-4845-42d7-a4e4-080ca169b446,957f9090-4845-42d7-a4e4-080ca169b446,False,5,18.0,1,1,3,1,1,75,76,71,0
T3,account:98c50111-8bcb-4f4b-9941-c37a3eae0a65,98c50111-8bcb-4f4b-9941-c37a3eae0a65,False,7,15.0,3,1,3,3,1,75,75,45,0
T3,account:82fad465-b708-45f9-af8f-c29ca64c59a9,82fad465-b708-45f9-af8f-c29ca64c59a9,False,4,12.0,1,1,2,1,1,53,53,54,0
T3,account:9d01c58b-c87a-4617-899d-a27f559e2a8e,9d01c58b-c87a-4617-899d-a27f559e2a8e,False,6,9.0,2,2,2,2,2,68,71,71,0
T3,account:d9895ef2-9cb3-44ba-ad36-862926e88bef,d9895ef2-9cb3-44ba-ad36-862926e88bef,False,3,3.0,1,1,1,1,1,30,30,72,0
T3,account:84fe7f57-736e-46b0-ae81-cbb3a6cfe0e2,84fe7f57-736e-46b0-ae81-cbb3a6cfe0e2,False,5,15.0,1,2,2,1,2,50,50,4,0
T3,account:328d1635-6d57-4f33-b67d-3aa30de73544,328d1635-6d57-4f33-b67d-3aa30de73544,False,7,12.0,3,2,2,3,2,76,77,29,0
T3,account:0957af8e-88e6-4424-a6a2-186cb335348e,0957af8e-88e6-4424-a6a2-186cb335348e,False,5,9.0,1,2,2,1,2,50,52,69,0
T3,account:4f9f3a45-e42e-4770-a597-c7276b9cb245,4f9f3a45-e42e-4770-a597-c7276b9cb245,False,0,0.0,0,0,0,0,0,0,0,77,60
T3,account:9df76a89-dd3b-4ebf-ab3d-5a6057561cfa,9df76a89-dd3b-4ebf-ab3d-5a6057561cfa,False,3,3.0,1,1,1,1,1,39,39,37,0
T3,account:eb820f5f-5a20-4924-a10c-060909472a86,eb820f5f-5a20-4924-a10c-060909472a86,False,7,9.0,3,1,3,3,1,72,74,37,0
T3,account:15a0c85d-d03c-4322-af7b-758d2030a02b,15a0c85d-d03c-4322-af7b-758d2030a02b,False,7,15.0,2,1,4,2,1,97,97,63,0
T3,account:43b2ed47-8bc8-4344-9c2d-24dc29fa28ff,43b2ed47-8bc8-4344-9c2d-24dc29fa28ff,False,4,9.0,2,1,1,2,1,29,29,63,0
T3,account:856195e8-d8b7-4f38-87c3-9dd886de32fe,856195e8-d8b7-4f38-87c3-9dd886de32fe,False,3,9.0,1,1,1,1,1,23,23,78,0
T3,account:387029d1-2e5a-48fe-8ac1-87592bb011a1,387029d1-2e5a-48fe-8ac1-87592bb011a1,False,4,6.0,1,1,2,1,1,44,45,70,0
T3,account:8519f057-f2b7-46de-92ba-e589d3c375eb,8519f057-f2b7-46de-92ba-e589d3c375eb,False,4,9.0,1,1,2,1,1,52,52,21,0
T3,account:7467886f-8445-4d10-bb93-ce975f2b0361,7467886f-8445-4d10-bb93-ce975f2b0361,False,5,9.0,2,2,1,2,2,48,49,12,0
T3,account:5cb0f777-8243-4d2d-9988-e9c4c9eb53ab,5cb0f777-8243-4d2d-9988-e9c4c9eb53ab,False,9,18.0,4,2,3,4,2,94,94,63,0
T3,account:f98f7b86-5fdb-46db-acc2-05f7abab499e,f98f7b86-5fdb-46db-acc2-05f7abab499e,False,5,15.0,1,2,2,1,2,51,51,12,0
T3,account:ea09c13a-c4ef-4245-9319-ed9c48f22db6,ea09c13a-c4ef-4245-9319-ed9c48f22db6,False,6,9.0,2,2,2,2,2,57,57,22,0
T3,account:2ff3890d-cffb-47b0-aa84-08345fbb2613,2ff3890d-cffb-47b0-aa84-08345fbb2613,False,3,3.0,1,1,1,1,1,37,37,14,0
T3,account:06d16acc-3ef6-41fe-9752-61b7480c9207,06d16acc-3ef6-41fe-9752-61b7480c9207,False,7,18.0,1,3,3,1,3,63,63,71,0
T3,account:4400c5f2-2b19-4f73-ae46-9c77e6716fd5,4400c5f2-2b19-4f73-ae46-9c77e6716fd5,False,6,9.0,2,2,2,2,2,68,68,69,0
T3,account:7f0a64aa-a6ad-438a-9cba-0a50136ee261,7f0a64aa-a6ad-438a-9cba-0a50136ee261,False,4,6.0,1,1,2,1,1,46,46,72,0
T3,account:41bdc330-f1c6-4475-acf4-20d6043137a1,41bdc330-f1c6-4475-acf4-20d6043137a1,False,7,18.0,2,3,2,2,3,66,66,54,0
T3,account:762152a4-1d5d-405a-9df8-0365b9658ea8,762152a4-1d5d-405a-9df8-0365b9658ea8,False,6,6.0,2,2,2,2,2,57,58,29,0
T3,account:18902f11-1971-4354-a3de-b0787eb49dee,18902f11-1971-4354-a3de-b0787eb49dee,False,6,12.0,1,2,3,1,2,77,77,71,0
T3,account:492b510c-2718-4dad-9300-c1a5990b2f59,492b510c-2718-4dad-9300-c1a5990b2f59,False,8,12.0,3,2,3,3,1,89,90,21,0
T3,account:19a6857a-1ab2-45eb-8e04-b16173636611,19a6857a-1ab2-45eb-8e04-b16173636611,False,4,6.0,1,2,1,1,2,38,38,54,0
T3,account:416d0da1-7a25-4eb3-b104-40bb3821c759,416d0da1-7a25-4eb3-b104-40bb3821c759,False,7,15.0,2,2,3,2,2,76,78,63,0
T3,account:2cc95e09-f48b-4ad9-b063-42942367b201,2cc95e09-f48b-4ad9-b063-42942367b201,False,4,6.0,1,2,1,1,2,38,39,63,0
T3,account:6a1289e8-ea18-422a-8641-a76311f26cac,6a1289e8-ea18-422a-8641-a76311f26cac,False,3,3.0,1,1,1,1,1,23,23,46,0
T3,account:a61f0f4b-bcb5-4c57-9ec4-34051e509d2e,a61f0f4b-bcb5-4c57-9ec4-34051e509d2e,False,6,9.0,3,2,1,3,2,39,39,14,0
T3,account:d05bf51d-f0e3-4a83-ab79-21603397bc45,d05bf51d-f0e3-4a83-ab79-21603397bc45,False,3,3.0,1,1,1,1,1,36,36,69,0
T3,account:3f2bbda1-8890-4f5e-a07f-9a5ef832f4a9,3f2bbda1-8890-4f5e-a07f-9a5ef832f4a9,False,4,6.0,2,1,1,2,1,41,41,58,0
T3,account:1804ba01-00a4-402d-916b-6a8216df69d3,1804ba01-00a4-402d-916b-6a8216df69d3,False,3,6.0,1,1,1,1,1,26,26,70,0
T3,account:68c27a4b-f55f-4cf2-b33e-0e0ef46ad1d7,68c27a4b-f55f-4cf2-b33e-0e0ef46ad1d7,False,3,3.0,1,1,1,1,1,23,23,58,0
T3,account:aa3a3703-761c-45db-be4b-166fe78ccece,aa3a3703-761c-45db-be4b-166fe78ccece,False,8,18.0,3,2,3,3,1,78,79,22,0
T3,account:4498e9b6-a78b-436b-9d93-a5b455370527,4498e9b6-a78b-436b-9d93-a5b455370527,False,6,18.0,2,2,2,2,2,48,48,12,0
T3,account:e702d994-8f08-46dc-b990-b533b8fff3fd,e702d994-8f08-46dc-b990-b533b8fff3fd,False,8,24.0,3,2,3,3,2,70,72,1,0
T3,account:6f0345e3-dbfc-4c0a-9946-76ea85b8c26e,6f0345e3-dbfc-4c0a-9946-76ea85b8c26e,False,5,6.0,2,2,1,2,2,46,46,58,0
T3,account:93a49822-8601-4013-9adc-5a5d1f026590,93a49822-8601-4013-9adc-5a5d1f026590,False,3,3.0,1,1,1,1,1,35,35,14,0
T3,account:e2d002ce-4e84-4161-abe9-cb443879d4cf,e2d002ce-4e84-4161-abe9-cb443879d4cf,False,3,3.0,1,1,1,1,1,25,25,4,0
T3,account:ff0054db-af3b-4815-b3d2-cf559e2ed98e,ff0054db-af3b-4815-b3d2-cf559e2ed98e,False,3,3.0,1,1,1,1,1,32,32,46,0
T3,account:75f55469-d81a-4562-b60a-6d387ee51aae,75f55469-d81a-4562-b60a-6d387ee51aae,False,6,18.0,1,3,2,1,3,54,54,14,0
T3,account:dd6031e5-32be-497c-8ec1-ba4133310fc1,dd6031e5-32be-497c-8ec1-ba4133310fc1,False,5,12.0,1,2,2,1,2,52,52,54,0
T3,account:c58ddf12-4d9d-4b15-9c7f-6c9cc14adf78,c58ddf12-4d9d-4b15-9c7f-6c9cc14adf78,False,4,9.0,1,1,2,1,1,51,52,78,0
T3,account:7a421167-2ffd-465b-8e1e-75930433d21a,7a421167-2ffd-465b-8e1e-75930433d21a,False,7,15.0,1,3,3,1,3,71,74,14,0
T3,account:c20caf53-04bd-480e-88d3-3874064867f3,c20caf53-04bd-480e-88d3-3874064867f3,False,5,9.0,1,2,2,1,2,50,50,52,0
T3,account:8bb3f085-00a6-4f90-bb12-8b3514ed24e1,8bb3f085-00a6-4f90-bb12-8b3514ed24e1,False,5,9.0,1,1,3,1,1,67,68,29,0
T3,account:9e967d30-419d-4b3b-bb3b-5f4b592455d1,9e967d30-419d-4b3b-bb3b-5f4b592455d1,False,4,6.0,1,1,2,1,1,41,41,12,0
T3,account:d9514500-9802-4792-98bb-0ff5cb658de0,d9514500-9802-4792-98bb-0ff5cb658de0,False,5,6.0,2,1,2,2,1,63,64,78,0
T3,account:63e9f2e6-0f36-4c74-8e6d-dca342db888b,63e9f2e6-0f36-4c74-8e6d-dca342db888b,False,6,18.0,1,2,3,1,2,87,90,69,0
T3,account:6440b3a0-5aee-47d7-8983-23eac7f5e3d2,6440b3a0-5aee-47d7-8983-23eac7f5e3d2,False,5,12.0,1,1,3,1,1,74,75,70,0
T3,account:231b2c0d-4e0b-4d55-ad71-ef70184badb2,231b2c0d-4e0b-4d55-ad71-ef70184badb2,False,6,15.0,2,2,2,2,2,64,64,69,0
T3,account:9b746d94-3a7e-4e50-9f77-ee3029b99fdc,9b746d94-3a7e-4e50-9f77-ee3029b99fdc,False,5,9.0,2,1,2,2,1,52,52,14,0
T3,account:e494803e-6f6a-4c63-96a1-33e02e92788f,e494803e-6f6a-4c63-96a1-33e02e92788f,False,8,18.0,2,3,3,2,3,87,87,21,0
T3,account:82c024f5-05c9-44db-b82d-bb8c949c5b58,82c024f5-05c9-44db-b82d-bb8c949c5b58,False,6,12.0,2,2,2,2,2,66,67,58,0
T3,account:361de8fb-1fb5-4d69-8e17-ba5ca01cb230,361de8fb-1fb5-4d69-8e17-ba5ca01cb230,False,5,15.0,1,3,1,1,3,37,37,71,0
T3,account:1fe46aff-2653-471f-b5de-956b7d9fa22d,1fe46aff-2653-471f-b5de-956b7d9fa22d,False,0,0.0,0,0,0,0,0,0,0,79,61
T3,account:cdcb7bb7-9240-483e-83dc-0456a8f10461,cdcb7bb7-9240-483e-83dc-0456a8f10461,False,4,9.0,1,1,2,1,1,39,41,12,0
T3,account:1d9efe52-be9a-457c-91c2-4d3569de6a98,1d9efe52-be9a-457c-91c2-4d3569de6a98,False,5,6.0,2,1,2,2,1,62,64,58,0
T3,account:8d503645-55eb-4e0b-8227-19825d4dfeb2,8d503645-55eb-4e0b-8227-19825d4dfeb2,False,4,6.0,1,2,1,1,2,35,37,78,0
T3,account:4f3c93aa-43ff-453a-b2a6-bc9a41669e77,4f3c93aa-43ff-453a-b2a6-bc9a41669e77,False,3,3.0,1,1,1,1,1,21,21,37,0
T3,account:f43cbf67-7ee0-4d6e-a261-4ee425bcc330,f43cbf67-7ee0-4d6e-a261-4ee425bcc330,False,5,9.0,2,1,2,2,1,52,54,71,0
T3,account:9b944601-4d77-431f-b9e7-2b37b7757e95,9b944601-4d77-431f-b9e7-2b37b7757e95,False,4,12.0,1,1,2,1,1,47,47,54,0
T3,account:f862d4a2-084d-4e81-91e1-51e0fa71f305,f862d4a2-084d-4e81-91e1-51e0fa71f305,False,4,12.0,1,2,1,1,2,34,34,21,0
T3,account:13ba7da0-0509-4ed1-bcbd-54da05db6f46,13ba7da0-0509-4ed1-bcbd-54da05db6f46,False,6,15.0,2,2,2,2,2,56,57,78,0
T3,account:db8e8bd2-3230-412a-ab5f-0a796ecfc92a,db8e8bd2-3230-412a-ab5f-0a796ecfc92a,False,3,6.0,1,1,1,1,1,28,28,63,0
T3,account:bba153b3-5b3d-4ecb-b39d-cd948c64d91c,bba153b3-5b3d-4ecb-b39d-cd948c64d91c,False,5,12.0,1,1,3,1,1,77,78,4,0
T3,account:439bef4d-adaa-4fed-aeae-3f1601d2111e,439bef4d-adaa-4fed-aeae-3f1601d2111e,False,7,18.0,2,2,3,2,2,75,78,63,0
T3,account:a1fae1ea-4738-4552-8a46-67722d47a795,a1fae1ea-4738-4552-8a46-67722d47a795,False,4,6.0,2,1,1,2,1,37,37,63,0
T3,account:cbd617d6-b9d7-489b-9d6a-15b129bff967,cbd617d6-b9d7-489b-9d6a-15b129bff967,False,3,3.0,1,1,1,1,1,28,28,63,0
T3,account:b2afb85b-7414-4401-9146-af7a94800a59,b2afb85b-7414-4401-9146-af7a94800a59,True,4,12.0,1,2,1,1,2,41,57,69,0
T3,account:5038622a-2a69-4c5f-ada3-7c99ec5a0afe,5038622a-2a69-4c5f-ada3-7c99ec5a0afe,False,6,12.0,2,1,3,2,1,70,70,63,0
T3,account:9de34e6d-1d6c-45fd-b2dd-f1cccefc6834,9de34e6d-1d6c-45fd-b2dd-f1cccefc6834,False,6,12.0,2,1,3,2,1,80,80,21,0
T3,account:ef706dfb-4175-413a-b519-e9aa277170ff,ef706dfb-4175-413a-b519-e9aa277170ff,False,8,15.0,2,2,4,2,2,97,97,37,0
T3,account:6fe61ef9-5e3e-45d7-98cb-0fa7dfd51d68,6fe61ef9-5e3e-45d7-98cb-0fa7dfd51d68,False,7,12.0,2,2,3,2,2,75,76,69,0
T3,account:a2c85523-ce6c-4a44-9a49-d9a925f18f57,a2c85523-ce6c-4a44-9a49-d9a925f18f57,False,7,12.0,2,2,3,2,2,60,63,46,0
T3,account:614ffaf7-37eb-450d-807c-76d6d07672bc,614ffaf7-37eb-450d-807c-76d6d07672bc,False,4,15.0,1,2,1,1,2,31,31,4,0
T3,account:552fac33-e5f6-4450-b4cf-5ec984a8f2d4,552fac33-e5f6-4450-b4cf-5ec984a8f2d4,False,8,18.0,1,3,4,1,3,112,113,58,0
T3,account:77ff095f-b276-4848-af12-e08171dcfc06,77ff095f-b276-4848-af12-e08171dcfc06,False,5,15.0,1,1,3,1,1,65,65,46,0
T3,account:afe7ad9c-ac68-4e6e-b3be-581b3df3ea2e,afe7ad9c-ac68-4e6e-b3be-581b3df3ea2e,False,9,18.0,2,2,5,2,2,114,119,69,0
T3,account:04853fe1-dbb6-46e4-85d7-285c78b7d4ba,04853fe1-dbb6-46e4-85d7-285c78b7d4ba,False,5,9.0,2,2,1,2,2,34,34,58,0
T3,account:a5b0bdd8-af5e-4a09-aec3-e0c993ee2c4d,a5b0bdd8-af5e-4a09-aec3-e0c993ee2c4d,False,4,6.0,2,1,1,2,1,27,28,63,0
T3,account:59d23060-2b90-481d-becc-ad7068127ef0,59d23060-2b90-481d-becc-ad7068127ef0,False,6,9.0,2,1,3,2,1,70,70,37,0
T3,account:1115beaf-1799-41f9-aa0c-3d1b0c515312,1115beaf-1799-41f9-aa0c-3d1b0c515312,False,5,27.0,2,1,2,2,1,57,57,78,0
T3,account:079862d8-936b-4fa2-8fc6-c27fa3e71bc9,079862d8-936b-4fa2-8fc6-c27fa3e71bc9,False,3,3.0,1,1,1,1,1,27,27,12,0
T3,account:98c94e18-72cf-4841-a154-196ab4080be8,98c94e18-72cf-4841-a154-196ab4080be8,False,3,6.0,1,1,1,1,1,33,33,12,0
T3,account:3dcf01c2-bb6f-42cc-b5e0-9ab6c561871e,3dcf01c2-bb6f-42cc-b5e0-9ab6c561871e,False,4,6.0,1,1,2,1,1,45,46,70,0
T3,account:e0e67d45-502b-485e-97d4-7a5df78f98a1,e0e67d45-502b-485e-97d4-7a5df78f98a1,False,4,6.0,2,1,1,2,1,27,27,63,0
T3,account:53741eee-845b-4e47-bf7f-f70c018258d5,53741eee-845b-4e47-bf7f-f70c018258d5,False,6,12.0,1,2,3,1,2,66,67,1,0
T3,account:6045fcc8-5f9c-4cb2-8c85-0863dbe3f4c0,6045fcc8-5f9c-4cb2-8c85-0863dbe3f4c0,False,5,9.0,1,3,1,1,3,30,30,14,0
T3,account:be166121-42e8-4fec-b66e-86be4bf891af,be166121-42e8-4fec-b66e-86be4bf891af,False,6,27.0,1,2,3,1,2,66,67,54,0
T3,account:bf097ee7-5960-45f2-a0a0-37ce9aee7621,bf097ee7-5960-45f2-a0a0-37ce9aee7621,False,4,12.0,1,1,2,1,0,45,45,70,0
T3,account:06d89a35-aacc-47ae-b7f0-355f1abf091d,06d89a35-aacc-47ae-b7f0-355f1abf091d,False,7,12.0,3,1,3,3,1,86,87,58,0
T3,account:4e9ac831-7693-4855-a0f6-1da7b24c1611,4e9ac831-7693-4855-a0f6-1da7b24c1611,False,4,6.0,1,1,2,1,1,35,35,21,0
T3,account:7bc4e000-7e91-432d-817a-15b8adce9f93,7bc4e000-7e91-432d-817a-15b8adce9f93,False,5,12.0,2,1,2,2,1,55,55,70,0
T3,account:403055f1-1def-434c-889e-b2fd50411913,403055f1-1def-434c-889e-b2fd50411913,False,7,15.0,2,2,3,2,2,66,66,70,0
T3,account:93d6f936-940d-496b-aab5-e629565a421a,93d6f936-940d-496b-aab5-e629565a421a,False,6,15.0,1,1,4,1,1,81,81,69,0
T3,account:8470a9a2-ca9d-48f6-a546-a3175f5bb9fc,8470a9a2-ca9d-48f6-a546-a3175f5bb9fc,False,4,6.0,1,1,2,1,1,41,42,46,0
T3,account:71c0139b-7b1f-4e93-904e-9505a384946f,71c0139b-7b1f-4e93-904e-9505a384946f,False,4,6.0,1,2,1,1,2,30,30,46,0
T3,account:2573e64f-d0bf-473d-a9be-18793355dba9,2573e64f-d0bf-473d-a9be-18793355dba9,False,7,12.0,3,1,3,3,1,78,79,71,0
T3,account:8ff406b0-023e-46ad-a182-acf581d73050,8ff406b0-023e-46ad-a182-acf581d73050,False,0,0.0,0,0,0,0,0,0,0,80,62
T3,account:4e5002d3-7b42-4a4a-a9cf-58109f22e155,4e5002d3-7b42-4a4a-a9cf-58109f22e155,False,3,3.0,1,1,1,1,1,29,29,52,0
T3,account:91ea211c-cb8a-4ea6-89bc-110d751d9c8d,91ea211c-cb8a-4ea6-89bc-110d751d9c8d,False,9,18.0,1,2,6,1,2,140,143,52,0
T3,account:62ded72c-126b-4efb-9b76-9537e2b82dc8,62ded72c-126b-4efb-9b76-9537e2b82dc8,False,8,15.0,3,2,3,2,2,94,94,45,0
T3,account:49df8bfb-3868-4ec9-8c46-9bc95d51375c,49df8bfb-3868-4ec9-8c46-9bc95d51375c,False,5,12.0,2,1,2,2,1,64,65,71,0
T3,account:6a1e356f-e5cc-4836-8b79-50bfd779fe04,6a1e356f-e5cc-4836-8b79-50bfd779fe04,False,5,6.0,1,2,2,1,2,60,60,58,0
T3,account:27fc0120-a781-455f-83db-3fd137bc07e2,27fc0120-a781-455f-83db-3fd137bc07e2,False,9,18.0,2,3,4,2,3,98,99,71,0
T3,account:ddb9d0c7-16dc-41b1-9dea-bf9730ac1814,ddb9d0c7-16dc-41b1-9dea-bf9730ac1814,False,4,18.0,1,1,2,1,1,46,46,72,0
T3,account:b741b8a9-f6ae-440f-95e6-d7b2a46ffc62,b741b8a9-f6ae-440f-95e6-d7b2a46ffc62,False,4,6.0,1,2,1,1,2,36,36,4,0
T3,account:83b31ca9-c737-4049-a2ca-35509c4bcfe8,83b31ca9-c737-4049-a2ca-35509c4bcfe8,False,5,15.0,1,1,3,1,0,71,72,54,0
T3,account:7da63f96-83f8-46ca-b168-f0510fcb668d,7da63f96-83f8-46ca-b168-f0510fcb668d,False,3,6.0,1,1,1,1,1,27,27,12,0
T3,account:f5ca10fd-bac4-4491-affd-5a9e6ddef415,f5ca10fd-bac4-4491-affd-5a9e6ddef415,False,4,6.0,1,1,2,1,1,48,48,14,0
T3,account:4879c1d8-3d2f-4444-92da-a32058bd85f2,4879c1d8-3d2f-4444-92da-a32058bd85f2,False,7,12.0,1,3,3,1,3,68,68,58,0
T3,account:b4b48c93-50bd-409b-8cbd-e24417f7e701,b4b48c93-50bd-409b-8cbd-e24417f7e701,False,6,9.0,2,2,2,2,2,52,52,78,0
T3,account:b0cb83ca-f45e-420b-aea6-d5f69da2914c,b0cb83ca-f45e-420b-aea6-d5f69da2914c,False,4,9.0,2,1,1,2,0,25,25,63,0
T3,account:2f970d66-7124-4021-aae5-c856ae657110,2f970d66-7124-4021-aae5-c856ae657110,False,4,18.0,2,1,1,2,1,34,34,46,0
T3,account:e1a05921-7224-4987-9cfa-3f82b149ceaf,e1a05921-7224-4987-9cfa-3f82b149ceaf,False,3,3.0,1,1,1,1,1,25,25,12,0
T3,account:7bf05b6b-37c4-48cc-87d2-0b2396507805,7bf05b6b-37c4-48cc-87d2-0b2396507805,False,4,6.0,1,1,2,1,1,61,61,69,0
T3,account:59db70df-ec04-4854-b8f2-80d13ae8ebc7,59db70df-ec04-4854-b8f2-80d13ae8ebc7,False,3,9.0,1,1,1,1,1,32,32,52,0
T3,account:e61b2476-8f23-4687-a3cb-153644c36bfb,e61b2476-8f23-4687-a3cb-153644c36bfb,False,5,9.0,1,2,2,1,2,51,51,71,0
T3,account:fb5e175a-4126-4818-9752-1d02f03609b9,fb5e175a-4126-4818-9752-1d02f03609b9,False,4,9.0,1,1,2,1,1,41,42,22,0
T3,account:5719afdb-9f07-4b56-b398-2f7448305fe1,5719afdb-9f07-4b56-b398-2f7448305fe1,False,10,24.0,2,4,4,2,4,121,122,45,0
T3,account:feb5183f-84d0-4ff8-86fc-9ad26d4d4a3b,feb5183f-84d0-4ff8-86fc-9ad26d4d4a3b,False,0,0.0,0,0,0,0,0,0,0,81,63
T3,account:a9d2543d-4492-48a3-8c48-7330d0558075,a9d2543d-4492-48a3-8c48-7330d0558075,False,3,3.0,1,1,1,1,1,27,28,69,0
T3,account:7ef4aacc-9522-4f06-8f85-160ce86c65ce,7ef4aacc-9522-4f06-8f85-160ce86c65ce,False,6,12.0,3,1,2,3,1,51,52,1,0
T3,account:22206a49-d30c-4e63-9c27-592037e2d20d,22206a49-d30c-4e63-9c27-592037e2d20d,False,5,30.0,1,2,2,1,1,37,37,63,0
T3,account:b8c5f6d5-eca6-4d62-92e4-731a2bda1f36,b8c5f6d5-eca6-4d62-92e4-731a2bda1f36,False,4,15.0,1,1,2,1,1,47,49,21,0
T3,account:13ee54ab-f0ed-46aa-b430-08ca2a48733c,13ee54ab-f0ed-46aa-b430-08ca2a48733c,False,6,12.0,2,1,3,2,1,58,58,63,0
T3,account:23bc4ac7-5cb1-4c47-a439-a200edbca9a1,23bc4ac7-5cb1-4c47-a439-a200edbca9a1,False,7,12.0,2,2,3,2,2,90,90,46,0
T3,account:b9ba16e9-c643-499e-a519-66b0b64a63cf,b9ba16e9-c643-499e-a519-66b0b64a63cf,False,4,6.0,1,1,2,1,0,41,41,78,0
T3,account:cc3c5b70-492c-41f8-94a8-456f8f5a7055,cc3c5b70-492c-41f8-94a8-456f8f5a7055,False,6,18.0,2,3,1,2,3,51,51,14,0
T3,account:0494d2b9-af32-42dd-b1f7-5d87cbe15323,0494d2b9-af32-42dd-b1f7-5d87cbe15323,False,7,9.0,3,2,2,3,2,71,71,71,0
T3,account:8cdbe0f5-694e-4e9f-a8fa-79e28b5e057a,8cdbe0f5-694e-4e9f-a8fa-79e28b5e057a,False,6,18.0,3,2,1,3,2,53,54,52,0
T3,account:13b3635e-b165-475b-a089-4ab29591e209,13b3635e-b165-475b-a089-4ab29591e209,False,6,12.0,2,2,2,2,2,48,48,69,0
T3,account:937303a6-c334-48c7-acea-233a5a54f875,937303a6-c334-48c7-acea-233a5a54f875,False,8,12.0,1,3,4,1,3,93,96,71,0
T3,account:b011b4f6-6d90-45f2-81b8-3a5a7aaac379,b011b4f6-6d90-45f2-81b8-3a5a7aaac379,False,7,12.0,2,2,3,2,2,79,79,46,0
T3,account:460926fa-ead1-40cc-9b34-444c66dc51ca,460926fa-ead1-40cc-9b34-444c66dc51ca,False,4,6.0,2,1,1,2,1,31,31,70,0
T3,account:9982e17e-1591-4c6c-acf1-a89842a5c56a,9982e17e-1591-4c6c-acf1-a89842a5c56a,False,4,6.0,2,1,1,2,1,28,28,12,0
T3,account:e6a3b391-9d30-459f-9a0f-901a4387cf39,e6a3b391-9d30-459f-9a0f-901a4387cf39,False,5,9.0,2,1,2,2,1,58,58,69,0
T3,account:08d0f74c-5a02-4d08-9bbe-211715cee1f5,08d0f74c-5a02-4d08-9bbe-211715cee1f5,False,4,6.0,1,2,1,1,2,27,27,21,0
T3,account:123d88fe-a8a2-4b2e-a9d2-117762787971,123d88fe-a8a2-4b2e-a9d2-117762787971,False,4,9.0,1,2,1,1,2,46,46,69,0
T3,account:f2103d4d-c9a3-4b5e-9d60-fa8e6480d6f7,f2103d4d-c9a3-4b5e-9d60-fa8e6480d6f7,False,3,6.0,1,1,1,1,1,31,31,54,0
T3,account:47359642-8170-46a0-9d02-b8f0da76b700,47359642-8170-46a0-9d02-b8f0da76b700,False,7,18.0,3,2,2,3,2,69,70,54,0
T3,account:fbd829bc-20fb-4ef6-a971-f52928b32a04,fbd829bc-20fb-4ef6-a971-f52928b32a04,False,6,6.0,2,2,2,2,2,53,54,69,0
T3,account:4c18ea37-00cb-48ee-996b-2c418f127110,4c18ea37-00cb-48ee-996b-2c418f127110,False,5,6.0,1,2,2,1,2,52,53,46,0
T3,account:cbf282b2-80e0-4a5e-ba96-7ab469c2bc7e,cbf282b2-80e0-4a5e-ba96-7ab469c2bc7e,False,6,12.0,1,3,2,1,3,55,55,12,0
T3,account:686a7de7-25ff-4a0a-a03d-e3831d83fb52,686a7de7-25ff-4a0a-a03d-e3831d83fb52,False,0,0.0,0,0,0,0,0,0,0,82,64
T3,account:921cf596-345e-4bed-9f49-53b0e0f5f479,921cf596-345e-4bed-9f49-53b0e0f5f479,False,7,12.0,2,2,3,2,2,57,57,1,0
T3,account:355fd984-c623-4ca5-b95e-598e4792fde0,355fd984-c623-4ca5-b95e-598e4792fde0,False,5,12.0,1,3,1,1,3,37,37,46,0
T3,account:0bbcc2d5-a4ab-4953-8b19-51c9006c49d1,0bbcc2d5-a4ab-4953-8b19-51c9006c49d1,False,4,9.0,1,1,2,1,1,46,48,72,0
T3,account:72962ed5-2399-4544-bdd6-a665ff74b632,72962ed5-2399-4544-bdd6-a665ff74b632,False,5,18.0,2,2,1,2,1,42,42,14,0
T3,account:18029a90-763a-4208-8bef-b7bd55fef9ad,18029a90-763a-4208-8bef-b7bd55fef9ad,False,7,12.0,2,2,3,2,2,70,72,72,0
T3,account:b6acd4ba-aa7e-4e85-ad53-f7d8f221aa13,b6acd4ba-aa7e-4e85-ad53-f7d8f221aa13,False,0,0.0,0,0,0,0,0,0,0,83,65
T3,account:d9a1865a-dd08-40a1-b5bd-24b1671a6ff8,d9a1865a-dd08-40a1-b5bd-24b1671a6ff8,False,7,12.0,3,1,3,3,1,73,73,72,0
T3,account:cf4e6c98-2ee6-4851-9bd6-d2b553f11b65,cf4e6c98-2ee6-4851-9bd6-d2b553f11b65,False,3,9.0,1,1,1,1,1,32,32,14,0
T3,account:6addce65-42b1-40ff-aada-f733d3eb709b,6addce65-42b1-40ff-aada-f733d3eb709b,False,5,6.0,2,1,2,2,1,56,56,78,0
T3,account:1f995b29-acb8-494a-8917-49956575dc19,1f995b29-acb8-494a-8917-49956575dc19,False,4,9.0,1,2,1,1,2,29,29,52,0
T3,account:9f25123e-0df8-4752-b046-41c314be04c8,9f25123e-0df8-4752-b046-41c314be04c8,False,5,6.0,1,2,2,1,1,43,43,46,0
T3,account:c041e3d6-e805-4155-897c-fec1b8b8e598,c041e3d6-e805-4155-897c-fec1b8b8e598,False,5,18.0,1,1,3,1,0,60,62,29,0
T3,account:18fffb40-02c3-4dbb-9787-550c9ba4b846,18fffb40-02c3-4dbb-9787-550c9ba4b846,False,3,3.0,1,1,1,1,0,31,31,54,0
T3,account:0a3cf60b-81d9-4c46-92d5-658edaa3dc63,0a3cf60b-81d9-4c46-92d5-658edaa3dc63,False,5,9.0,2,1,2,2,1,49,49,70,0
T3,account:1b993ff7-0675-472c-9135-dc96912412cd,1b993ff7-0675-472c-9135-dc96912412cd,False,5,6.0,1,2,2,1,2,59,59,70,0
T3,account:e5335e3f-b464-49cf-a967-253216f47e3b,e5335e3f-b464-49cf-a967-253216f47e3b,False,6,12.0,1,1,4,1,1,68,69,46,0
T3,account:32099996-ef36-4745-88ea-6876ebfd5908,32099996-ef36-4745-88ea-6876ebfd5908,False,4,9.0,1,1,2,1,1,49,49,22,0
T3,account:56a84139-97cc-4993-bc15-3c4abae67eb4,56a84139-97cc-4993-bc15-3c4abae67eb4,False,7,15.0,2,3,2,2,3,65,65,46,0
T3,account:4ecd1d30-0e6f-4e58-b150-1f3147d0b6ac,4ecd1d30-0e6f-4e58-b150-1f3147d0b6ac,False,7,18.0,2,1,4,2,1,95,99,71,0
T3,account:136062ce-b3c7-4a4f-a8aa-430718607c51,136062ce-b3c7-4a4f-a8aa-430718607c51,False,3,6.0,1,1,1,1,1,21,21,12,0
T3,account:bf069450-1fc5-4bc7-aab4-515929e28340,bf069450-1fc5-4bc7-aab4-515929e28340,False,8,12.0,2,2,4,2,2,108,108,45,0
T3,account:03a46400-ebdb-40f4-987e-aca9f7a01bcf,03a46400-ebdb-40f4-987e-aca9f7a01bcf,False,4,15.0,1,2,1,1,2,20,20,70,0
T3,account:92bab5ed-fa24-4baf-8816-a969485085b3,92bab5ed-fa24-4baf-8816-a969485085b3,False,3,3.0,1,1,1,1,1,31,31,78,0
T3,account:a0a509cd-f6b4-4664-b55d-29b065b8de20,a0a509cd-f6b4-4664-b55d-29b065b8de20,False,4,6.0,1,1,2,1,1,41,42,63,0
T3,account:41201f9c-2dd3-4c26-a982-5e93444bc561,41201f9c-2dd3-4c26-a982-5e93444bc561,False,6,12.0,1,3,2,1,3,50,50,14,0
T3,account:91bbd24d-5853-4463-8023-f990def24c41,91bbd24d-5853-4463-8023-f990def24c41,False,5,9.0,1,2,2,1,2,41,42,46,0
T3,account:af4dc6cd-8cef-4fe3-ba2e-a0d37c29f0b5,af4dc6cd-8cef-4fe3-ba2e-a0d37c29f0b5,False,6,12.0,3,1,2,3,1,58,60,46,0
T3,account:d8817006-14f7-45be-8ae0-68e3b8056b76,d8817006-14f7-45be-8ae0-68e3b8056b76,False,5,12.0,1,1,3,1,1,98,100,69,0
T3,account:298e021e-1de8-44f6-ac12-1acebabffc41,298e021e-1de8-44f6-ac12-1acebabffc41,False,5,9.0,2,2,1,2,2,32,32,78,0
T3,account:25a7a6a2-5866-4d74-94c3-f57d702257a3,25a7a6a2-5866-4d74-94c3-f57d702257a3,False,5,9.0,2,2,1,2,2,35,35,1,0
T3,account:490b3510-0c63-4f00-a80c-a5e18e58e775,490b3510-0c63-4f00-a80c-a5e18e58e775,False,7,9.0,2,3,2,2,3,55,55,14,0
T3,account:37e17a72-dc2b-4db9-b8c8-d25c3b078752,37e17a72-dc2b-4db9-b8c8-d25c3b078752,False,3,3.0,1,1,1,1,1,29,29,37,0
T3,account:a5c2f720-30d6-4838-a76f-5000c83371a4,a5c2f720-30d6-4838-a76f-5000c83371a4,False,6,15.0,3,1,2,3,1,47,47,12,0
T3,account:6a44b8e4-1de5-48b9-bea0-e2188afd818f,6a44b8e4-1de5-48b9-bea0-e2188afd818f,False,7,24.0,2,2,3,2,2,70,71,14,0
T3,account:763530c7-9e7a-41d0-aef3-816c1bc9e169,763530c7-9e7a-41d0-aef3-816c1bc9e169,False,4,9.0,2,1,1,2,1,33,33,52,0
T3,account:a72c215d-5d30-4916-b69e-f5b0bb8e3ff3,a72c215d-5d30-4916-b69e-f5b0bb8e3ff3,False,4,12.0,1,2,1,1,2,36,36,29,0
T3,account:edd77801-e379-40c1-b6ba-6c04330c8e87,edd77801-e379-40c1-b6ba-6c04330c8e87,False,5,12.0,2,2,1,2,2,42,42,1,0
T3,account:ab004eac-1cfb-4235-804f-8255bbf53cac,ab004eac-1cfb-4235-804f-8255bbf53cac,False,6,9.0,2,1,3,2,1,77,77,37,0
T3,account:e0a360b1-e3f6-4609-8264-ed4ed3474b3c,e0a360b1-e3f6-4609-8264-ed4ed3474b3c,False,4,9.0,1,1,2,1,1,49,49,63,0
T3,account:b126c0fd-8d4e-4ac0-850e-396c30f26394,b126c0fd-8d4e-4ac0-850e-396c30f26394,False,3,6.0,1,1,1,1,1,29,29,70,0
T3,account:6996391a-d2cc-469c-a187-3e5b665965f3,6996391a-d2cc-469c-a187-3e5b665965f3,False,9,21.0,3,2,4,3,2,111,113,45,0
T3,account:7cea5189-eb6c-4ba2-992e-e66eea2da6bf,7cea5189-eb6c-4ba2-992e-e66eea2da6bf,False,6,12.0,1,2,3,1,2,73,74,45,0
T3,account:9901cc32-3982-4bb3-951a-7f7a8fccc2a1,9901cc32-3982-4bb3-951a-7f7a8fccc2a1,False,4,12.0,1,2,1,1,2,32,32,52,0
T3,account:c8120df0-d67c-444b-a247-152e95086ccd,c8120df0-d67c-444b-a247-152e95086ccd,False,3,3.0,1,1,1,1,1,26,26,63,0
T3,account:483bb6aa-6e07-4e64-abef-1a9385be5164,483bb6aa-6e07-4e64-abef-1a9385be5164,False,3,3.0,1,1,1,1,1,33,33,12,0
T3,account:5e6f99fa-5397-4c74-82e1-eb8f9cd5175c,5e6f99fa-5397-4c74-82e1-eb8f9cd5175c,False,7,15.0,1,1,5,1,1,117,121,22,0
T3,account:47b023ec-7364-473f-8dcf-44d35a79a9b0,47b023ec-7364-473f-8dcf-44d35a79a9b0,False,9,24.0,2,2,5,2,2,126,129,45,0
T3,account:0b25d778-e5fb-44e3-a5a6-87d0bc638d20,0b25d778-e5fb-44e3-a5a6-87d0bc638d20,False,9,12.0,3,3,3,3,3,81,83,70,0
T3,account:fc51c512-bfd0-47cd-a4e7-2cccfacaad0d,fc51c512-bfd0-47cd-a4e7-2cccfacaad0d,False,5,9.0,1,2,2,1,2,48,49,63,0
T3,account:67d22f09-f22d-497d-8135-2f8d609b2932,67d22f09-f22d-497d-8135-2f8d609b2932,False,4,12.0,1,1,2,1,1,53,54,37,0
T3,account:797333d1-2347-4bf8-a7b1-f7a17ed937f2,797333d1-2347-4bf8-a7b1-f7a17ed937f2,False,4,6.0,1,1,2,1,1,48,48,12,0
T3,account:f6002d88-e816-45d9-897f-d43260d99eff,f6002d88-e816-45d9-897f-d43260d99eff,False,8,15.0,2,2,4,2,2,96,98,1,0
T3,account:a7faa014-a305-4b0b-8dd7-fe7afe5951d5,a7faa014-a305-4b0b-8dd7-fe7afe5951d5,False,3,3.0,1,1,1,1,1,36,36,78,0
T3,account:7d0781cf-40b9-4347-8553-d990a3c05852,7d0781cf-40b9-4347-8553-d990a3c05852,False,5,6.0,1,2,2,1,1,57,58,54,0
T3,account:0cb4463b-1aeb-4e89-b1be-04f35e00d14b,0cb4463b-1aeb-4e89-b1be-04f35e00d14b,False,5,6.0,1,2,2,1,1,54,54,14,0
T3,account:ff64340d-9586-4bc6-be9b-73b11d98e4d2,ff64340d-9586-4bc6-be9b-73b11d98e4d2,False,8,15.0,4,1,3,4,1,94,95,12,0
T3,account:2257e340-7f2d-4134-97be-862584725494,2257e340-7f2d-4134-97be-862584725494,False,5,6.0,2,1,2,2,1,59,59,52,0
T3,account:57c1969e-efc6-44b9-87c4-5d0fc8a09413,57c1969e-efc6-44b9-87c4-5d0fc8a09413,False,4,9.0,1,2,1,1,2,28,28,72,0
T3,account:6e75d97a-ec8c-4bad-9195-e9576b614966,6e75d97a-ec8c-4bad-9195-e9576b614966,False,9,24.0,1,2,6,1,2,123,126,78,0
T3,account:209fa977-cb12-44bd-93f6-8a56ef50a65e,209fa977-cb12-44bd-93f6-8a56ef50a65e,False,5,9.0,1,1,3,1,1,74,75,70,0
T3,account:18c55ff7-6e22-4dba-bf0b-3ea00da74d33,18c55ff7-6e22-4dba-bf0b-3ea00da74d33,False,3,6.0,1,1,1,1,1,28,30,63,0
T3,account:e0ed4fea-5233-4cf4-b1a5-7c96267c79d6,e0ed4fea-5233-4cf4-b1a5-7c96267c79d6,False,7,15.0,2,2,3,2,2,93,94,12,0
T3,account:fb827ab6-000c-47de-8572-00020a9ed0e9,fb827ab6-000c-47de-8572-00020a9ed0e9,False,5,12.0,1,1,3,1,1,64,67,45,0
