account_id,created_at,country,kyc_status
3293e810-8fb4-42d6-b5c3-11b967920cec,2026-06-02T02:38:14.673641,AZ,verified
087b38e2-9611-4614-b0d1-e678fe4359f1,2026-06-27T02:40:22.655786,GB,verified
d544c8f4-67ea-4616-bff8-1781d458079c,2026-07-14T12:59:42.211831,TN,unverified
1aeeef32-ba70-48d6-9c7c-0a28be73e955,2026-06-22T13:22:19.477114,MV,verified
5799f55c-506b-42a2-886b-e44c148beb85,2026-05-26T17:22:50.433712,GM,verified
2e94cfaf-3ab7-4d59-9501-ea5856cc3bfc,2026-06-14T13:32:47.134371,SM,verified
b43be182-9bb2-4581-95e9-491474acbfb2,2026-05-16T03:17:56.588212,RS,verified
5e1bdc01-72ca-4101-ba81-2077e959ada6,2026-07-07T22:28:05.939664,CD,verified
6b0e34f4-bdcf-4610-945c-20d9d09d7a8e,2026-06-28T13:36:47.165422,SM,unverified
805fec30-97b7-4e16-ad7b-b22ce278381b,2026-07-06T00:33:42.144655,BY,verified
8cfc1dd3-baed-45b0-b9ed-c4930a985d1e,2026-07-04T04:18:22.275171,RS,verified
203cf68e-f1be-4d78-99fb-54f7b8a86029,2026-05-16T05:08:58.999320,ME,verified
1c5da11d-cc2b-4717-b5d8-a5f7338b7c35,2026-05-17T22:04:12.496012,GE,verified
5ef8aa61-595d-45f9-885a-88ba1d3bb4a7,2026-05-31T03:14:49.860381,LC,verified
a72444aa-6451-4dda-b587-c76f2c01d0fb,2026-05-31T07:15:16.228427,LI,verified
4ba44689-d3f4-4118-8313-750e54d48a39,2026-05-25T13:47:43.551400,CH,verified
78bf3570-fc4d-463f-95ff-6b55079d5d3e,2026-07-06T23:40:02.753733,VE,unverified
922a5ab3-cd23-45cb-ab97-7d94395a752d,2026-06-22T23:07:47.245074,TL,verified
154eb094-759d-4733-9009-5101cdf161cc,2026-06-09T08:53:04.794190,AO,unverified
a8d87576-3457-420a-85e5-aacba9d17f34,2026-07-04T16:32:31.372345,RO,unverified
2f3cdc27-644e-497f-b11b-66517fe4b2ad,2026-06-04T00:18:29.555409,PY,verified
5af89def-1172-4344-9eac-88b0761222e9,2026-06-06T12:08:06.402814,BZ,verified
2b9e873a-fa2e-4082-ba27-6981b85b4f38,2026-06-15T02:01:50.742109,VC,unverified
57b5b124-b739-4c84-b202-6c57faaa2db4,2026-07-13T22:30:04.652960,JM,unverified
c685bbc7-57de-4890-aad5-2a0b03310e87,2026-05-06T10:02:17.449406,PK,unverified
b8e3bb04-e9b2-4e5b-8ed2-b9e821c377dd,2026-05-17T23:07:47.963744,SG,verified
143e48b5-c1d4-4197-844c-0cd5eddb20b2,2026-05-20T06:35:24.656295,TR,verified
7e93cd81-74ca-48b1-a417-231c0d9a4432,2026-06-06T16:03:04.830933,TJ,unverified
86f78b90-130d-4274-994a-b15f58e36fcc,2026-07-01T16:10:51.375634,EC,verified
2ce43d57-58bb-4685-8a25-412b3ed4e97b,2026-06-13T10:21:43.664883,BO,verified
240ea0eb-6168-45bc-a750-8eb4c5388951,2026-06-10T17:22:12.137368,HR,unverified
dab82313-1c5b-4f10-9685-80e09e0d3bc2,2026-06-23T15:31:03.737989,UG,verified
6f3afb74-d859-48e3-a726-4f035896ed37,2026-05-20T19:59:55.861271,SK,unverified
48336f20-ce2f-4fcb-a835-fb5b5b17225b,2026-06-09T10:33:01.117636,IR,unverified
cf713618-1bc6-4206-8719-080b4e2afd35,2026-05-18T03:47:40.264662,GD,unverified
19edd3f4-9246-478c-81c2-a269b711c3ef,2026-06-29T23:28:37.441904,PH,verified
6b31f8a5-8c8f-4e3e-affe-57ac38cb1c33,2026-05-15T10:18:57.617136,GB,unverified
46bc9d53-0695-4d2f-916d-41be35aaa5ec,2026-05-11T05:38:19.553051,AO,verified
d2954e79-1e28-4912-a29b-9738e38209f3,2026-06-28T01:52:37.609496,BF,unverified
a03377f6-031f-4a24-8e52-fbcfd2de5d3f,2026-07-15T20:00:54.378692,BS,verified
c1a90a59-f86f-48d1-9d0c-df75bbd01253,2026-06-30T16:37:59.274345,KR,unverified
4f618524-8a37-4af0-baa0-dc853597ba5f,2026-06-22T05:45:48.189868,NO,unverified
7d8cf0de-ec16-478d-9e85-1cedaf82c6dc,2026-06-25T05:55:15.926019,UZ,verified
8d21bd23-5141-4946-87a3-462d3251fa12,2026-05-16T07:44:23.148519,MU,verified
1c3ba851-70b0-428b-934d-7e5e4f6586ff,2026-06-26T13:14:21.770077,BZ,verified
a4c177cd-7a24-4dff-827c-bfed8ec272f9,2026-06-30T06:12:16.098171,VN,verified
7d6032ae-2bf0-4519-bdf5-fd43553ef91f,2026-05-03T21:49:19.287952,BG,unverified
8208f49f-4942-4da1-9b91-f55b7e88b5c8,2026-05-14T05:31:10.759917,CI,verified
150a6d3a-8af3-48db-93d3-8f90c3a42423,2026-07-10T06:17:17.993473,MW,verified
ccafbb14-067a-48f9-83d6-87bc78282058,2026-06-24T19:08:28.666481,SG,verified
d50586ae-7eb3-423e-aa4e-894e0483c536,2026-05-13T01:21:16.981682,TR,unverified
c486a064-0a25-40f8-a4de-5505d2da8f8e,2026-07-04T21:41:42.543459,VU,unverified
91bcdee7-e196-42a8-88d2-9d2884338e4f,2026-05-10T19:53:15.642568,NR,unverified
0147fe94-8cf6-4bea-914b-d26c2d38c966,2026-06-19T00:02:30.759672,JO,unverified
0aa8a202-2a00-4b69-bcc9-a6c95d157d2a,2026-06-11T12:10:04.685111,MU,verified
60d76671-f3bc-4b0e-90d2-782c7337a7dd,2026-07-13T06:34:36.158528,PH,unverified
b8719caa-f404-41f6-a476-d28a1a5c0860,2026-05-28T00:11:22.750320,SB,unverified
61fc2c08-20c1-493c-b54d-8f214874b970,2026-07-17T09:14:09.324745,LV,verified
980c53a0-c135-49a8-9ed5-001389d88741,2026-06-23T13:57:02.979132,DK,unverified
64fc78f4-efb2-4e81-8e73-98030779f667,2026-06-28T04:15:52.964844,MV,verified
b4cdae6a-b340-4000-bb8c-a5f319245bdc,2026-06-09T07:27:47.088121,LI,verified
06b952ba-596a-427d-a229-4e8197a14d52,2026-06-27T16:52:46.557900,KP,verified
e2faecf3-267c-4289-b576-9f3ad62d78f4,2026-07-06T06:21:01.764266,AD,verified
e0f9edda-eed9-46cd-8d81-94022774897f,2026-06-28T04:08:12.559568,MY,unverified
ec33d997-e384-47f0-b7fc-293ebb4bfab9,2026-06-06T22:46:47.508906,MV,unverified
42a8a15c-0c00-4fb6-9df7-e010074b21cd,2026-05-24T07:53:59.372117,US,unverified
73fc9c10-5813-4c33-99c2-2165b3963ba8,2026-07-13T12:11:24.703088,TT,verified
0eaa1cd0-0e28-4bef-a0f4-0014c30e8da0,2026-07-15T04:21:34.502289,DE,unverified
84193481-e50e-46b2-a8f2-72eadf1e2dc6,2026-05-09T14:15:35.282845,AM,verified
f4f5ec01-03eb-43d1-989f-a8aebdfc75bb,2026-05-23T01:23:14.187347,MD,verified
f232c39a-bd79-49bb-a055-8192d3c95d19,2026-07-05T07:00:47.351403,NZ,verified
cfd636f4-3e1d-443f-9bda-93d2766dec00,2026-05-15T16:13:39.593739,CA,unverified
5de1b33c-3bba-471e-8cb9-7dc382dbd597,2026-06-13T23:27:56.729545,GY,unverified
40019aff-f6cd-49cf-b463-5537542cce6d,2026-05-04T13:58:52.300868,KM,unverified
622e7717-f642-4ef9-af91-c2d21c80018f,2026-06-25T04:44:14.904556,ML,verified
23a20b72-d8fc-49ec-8db8-715b62082c0a,2026-05-11T10:35:46.367331,FM,verified
d192e2d0-a927-4c72-890c-c43372a1e127,2026-06-10T08:54:12.341623,GD,unverified
7d71bae7-b10c-479d-a4be-2e68e92eb747,2026-06-27T02:12:23.629283,GM,verified
3065b03f-8f4c-4557-b95b-bb2a3de99ee3,2026-05-23T19:16:06.732839,AF,unverified
8cce4cbb-0e25-45ca-902d-588790b69f59,2026-06-14T18:07:41.467601,CU,unverified
f8c35a4c-7e4a-4732-8e21-f9c97bebb134,2026-06-01T09:31:42.393294,TT,unverified
ef54e254-7c9a-41b4-b07b-a577c0b1ee20,2026-05-09T14:23:22.338101,PG,verified
98c33ad2-ccb1-48d4-975c-93d23edc0d90,2026-07-12T10:06:07.009124,AM,unverified
0aa68bf4-13da-4a58-a1ff-c6d5176787f6,2026-06-12T14:45:11.113137,AG,verified
2e426eee-5f39-483c-a6a3-5fc3a0bf6c47,2026-06-24T16:11:42.546037,PS,verified
b8ca8176-0ea7-47c9-9334-7ea10e146f39,2026-05-24T23:48:21.150026,SM,unverified
88149219-6ee7-41f7-8dee-e871edf84ced,2026-05-02T21:41:49.354507,HR,unverified
776e7326-2ff1-491d-bcbc-623fe8bf3676,2026-05-15T20:58:55.315739,GT,unverified
415cd5a5-3420-460a-b352-a4dfde21553c,2026-07-14T03:41:13.021408,GH,unverified
23da31f4-91d0-4e31-8155-0d13ea469bc4,2026-07-10T14:07:50.841129,AR,verified
468fba4a-f9d4-40fc-a242-ae38bd9d466b,2026-07-15T00:15:05.472411,LK,verified
7b7572b6-31bc-45a4-b379-ba3e2c3f9faf,2026-06-10T08:07:18.071073,SZ,unverified
2aee602e-2d2d-43c9-af88-99a3a4cc5289,2026-05-30T06:18:49.645221,TM,verified
5957c074-578d-4877-bf68-8bf76ba7c058,2026-07-12T14:51:49.086538,GT,verified
036d81a0-4a01-4327-b2e0-ffc098dabc9d,2026-07-15T00:05:32.189122,ST,verified
510850a0-b6fb-4565-adc0-69e591ed7759,2026-05-26T12:00:32.936868,GT,verified
5bfd3293-38ff-4d25-9149-8ba112e3eec6,2026-06-06T21:54:14.182493,TW,verified
c2352304-2d26-4545-9c6b-7f8292f1c116,2026-06-17T09:41:07.426422,KI,unverified
2578ecbc-f996-4be9-a1fc-17dca2beb699,2026-05-15T01:49:56.884307,CV,verified
6d85ac50-60df-435a-ab70-38cca8588f6d,2026-06-19T08:13:35.490391,GH,unverified
318cd637-aa54-40d0-8842-f8cec9a3098b,2026-06-25T18:58:39.808208,DK,unverified
5abf90fe-cda4-48b8-82c4-03a7fb07097c,2026-05-12T11:31:01.160386,PW,unverified
801b78e4-f11d-45d3-8c4f-e2af0ab08869,2026-05-29T13:57:36.182412,MG,unverified
fc04b9b0-f67f-4b38-90ba-5452284175c8,2026-06-04T05:50:04.442266,NP,verified
a7988e8d-21b9-4450-80dd-1e298a654b0b,2026-07-03T08:46:44.118339,DO,verified
faa8f430-60b2-4011-a77c-7770794d1c72,2026-07-15T15:48:11.623180,BD,unverified
a273f372-3663-46b5-9207-83315617845a,2026-06-06T15:34:07.054855,GY,unverified
6ca8d766-b459-4150-baa0-68367be56503,2026-06-11T04:58:37.277823,CH,verified
b48a22ca-4947-462d-a80a-710823eba0e0,2026-06-01T01:58:13.306879,IQ,unverified
d398cd53-4aa0-4d67-bc5c-4054af682382,2026-05-14T00:08:46.393062,MX,unverified
26fadd5c-17f2-499f-9da7-f4f82247a9fb,2026-05-06T07:51:23.596414,LI,verified
fb3fd36d-020b-4d12-8679-95e4711447c8,2026-05-01T10:55:09.911169,AZ,unverified
8128cf19-9663-4fde-b4d7-f0afbee596c0,2026-06-29T06:04:43.743260,TH,verified
ee946044-e832-4bb1-abda-d8d304d6a190,2026-05-31T00:40:34.011013,YE,unverified
d7f874f0-0346-42fc-a281-4328f3dc0316,2026-07-17T13:14:49.915443,CM,verified
e6803a4f-6202-4191-84c4-5a3c428d28e3,2026-05-20T17:38:05.219432,GM,verified
cd2fbc35-818d-4616-beb3-d90e23087a3b,2026-06-27T07:28:51.334717,CF,unverified
a46358c3-bb99-480d-b76d-33ec27622d82,2026-05-05T01:33:37.270583,KZ,verified
1badb6ac-e013-43a9-bb46-120ef5a4ee7c,2026-06-26T03:56:38.792414,MW,verified
700db73f-b54b-493e-966b-7d2fc56bc3f2,2026-06-05T09:04:56.318338,ER,unverified
3de58b41-9b38-47b6-9979-ff3b813c9a20,2026-05-26T16:52:47.210114,CA,verified
84b017f2-cec9-4989-a13a-74a8e03408cf,2026-06-23T12:48:43.726304,TN,verified
f7360877-a17b-4b1a-a360-c90d2e47059e,2026-05-04T10:09:52.577125,NA,unverified
b1adc06b-f1dd-4eb2-ab49-578b4223cf3c,2026-06-01T14:15:54.357369,GR,unverified
cf4d921a-730e-4d0f-89a8-c8e53990bc79,2026-06-13T16:22:11.442614,SK,verified
0758f52e-4964-4c07-8bff-c4e421e075bd,2026-05-09T11:55:44.492318,UZ,verified
96c8277a-3aa4-4f3c-a55b-99fa82490b26,2026-05-13T03:47:54.358004,BD,unverified
f2650b4a-9726-44a1-aaf6-35e800de66f7,2026-05-11T02:06:47.509799,CM,unverified
dbac93c8-fa92-4a30-8038-709195106d3b,2026-05-16T01:10:29.892044,LK,verified
a1b5f9e8-aef4-45d3-8ac4-ef265cf95d7c,2026-07-11T20:37:49.337697,GW,verified
974b9dc6-216a-4be9-9df3-318f620aff16,2026-04-30T17:49:00.351052,LB,verified
c611ea80-bd3c-4ebe-8f8d-6c8f96f43f37,2026-05-26T01:03:30.479198,BE,verified
04b9548c-8733-4f2a-9349-7925bed6764d,2026-05-19T12:01:47.245657,BW,verified
2b2c546e-f804-4dd2-bce2-183a2c0c47c8,2026-05-22T10:21:47.423263,GT,unverified
bc53bac2-e262-4ced-a524-c7843761f0ad,2026-05-20T08:58:13.516555,JM,verified
cf4816d5-8f37-41aa-b29f-22c2af84048b,2026-07-01T07:46:04.714632,PK,verified
73ed1c08-5b47-490e-b744-aeefeb2c3a7d,2026-06-04T12:31:19.089952,KP,verified
80042292-e1b5-440c-8782-657b087721ce,2026-07-16T13:29:16.450090,UG,unverified
a67a3387-e7e1-4f17-b45e-dcc3e3b4ee66,2026-06-04T13:52:17.514874,RS,verified
a3b7bb5c-6ce4-498d-9547-47ef4505ade6,2026-06-13T09:17:35.853183,KZ,unverified
cf5e438d-1368-4cf7-a45d-8ab2f49bed99,2026-07-08T02:04:39.681827,SK,unverified
d4e2098d-e45d-48c9-becd-3fbb2fbf569b,2026-05-15T23:04:30.829026,KH,verified
9a69008f-eefb-43a3-9b69-939ccde56aa1,2026-07-04T17:05:09.031975,DE,verified
d33f10ec-bed5-430a-8220-854e34e49f58,2026-05-22T00:06:13.581231,KP,unverified
ed794c60-ae02-4027-80a6-5402bd47b79a,2026-06-24T01:32:41.655302,BB,unverified
243e9d05-bf22-4eb2-a9af-f5b3c7aa59be,2026-05-22T09:46:03.653839,RO,unverified
3f3f20a6-ef71-4e67-b96d-3a3633d26e6b,2026-06-22T15:06:28.631691,SZ,unverified
44e4a6cf-d07d-41d8-8287-0d114b3dd0f5,2026-06-01T01:10:08.735977,RO,unverified
814d7362-54df-4406-be68-8a1b07257f0e,2026-05-09T08:21:08.613268,LI,verified
456e5362-7ccb-4ce2-8893-7e9efda64f9b,2026-05-25T20:29:19.137092,NR,verified
eec272d0-d38b-49fa-8169-bad13a47705b,2026-04-30T14:15:49.790715,TW,verified
a211470e-810c-4b5c-9470-64b9897f08ef,2026-05-08T10:23:52.992140,GA,verified
77d4450b-29b6-4f79-b137-0be74032f0bb,2026-05-25T18:28:15.068248,AU,unverified
7ac68529-04ef-4058-a1c1-4212e5494124,2026-06-16T03:56:59.444319,SR,verified
c2c4239c-cc8b-4585-b852-21c0d2b5f510,2026-05-18T08:15:08.769894,TV,verified
d7ca184c-21ac-43de-8686-185fe810adec,2026-07-02T01:05:17.668970,PE,verified
64acad15-e93b-4fdc-831a-56ff8eb54ac2,2026-06-21T07:37:37.788385,GT,verified
15a0088a-d959-4756-be32-aff65e383523,2026-06-18T13:36:13.345837,OM,verified
25534577-b49b-42ee-bdd9-430e442f4304,2026-07-19T13:07:02.535871,TT,verified
942d647f-6689-45fb-9d00-beb20457dcb0,2026-05-03T19:08:04.648730,EC,verified
b473d92f-eea9-4db5-8cbb-c7bb2a1c90cb,2026-07-03T05:33:33.854229,LS,verified
303d8c3e-9443-4c6d-a86b-3f16e1e6172c,2026-06-15T16:33:50.995612,IS,verified
31ac02eb-58e0-4677-97f5-83e3c94f32fa,2026-06-19T23:33:17.474704,MG,unverified
bf421e3a-62ad-432a-9053-68e84ffa928a,2026-07-07T05:12:15.938538,GA,verified
1a135654-0e45-4f90-ac50-8bd3f8a4d97a,2026-06-20T12:53:49.792455,SV,verified
d1af8cdb-1689-4c79-8201-f76cc142f8da,2026-06-07T21:17:26.820021,BG,unverified
d1b08fe7-6bfc-422a-97cc-2dbbaa76b5d4,2026-06-22T21:25:58.595446,MZ,unverified
92f92610-e595-42e1-ac34-4f396995d03f,2026-06-17T13:52:55.817556,FJ,verified
e75c7e4a-c60c-405e-a586-2749a0a339e4,2026-06-02T07:11:48.150610,DE,verified
cbc9326e-5a54-40f2-a894-684e482fd4e2,2026-05-03T20:00:59.884236,UA,unverified
4ad2c865-628d-4316-91ae-6cda8193249d,2026-06-21T03:21:08.509058,BN,verified
3e0f3629-7c3d-4f9f-b50e-d56d674a6dca,2026-05-28T16:46:42.864498,TG,unverified
9cbf6ab9-9d84-4171-bce6-55e911aaaa1a,2026-06-05T04:34:27.733979,BH,unverified
46aad41c-1c37-4f8e-9c81-3aa1ae3f4d5a,2026-06-05T21:49:01.255764,PY,verified
6d110c59-954d-4498-9cdd-4ec558efe174,2026-07-19T11:40:55.312026,ES,verified
aa1b05ab-ddae-4cd6-8e90-fcb5f74ccb8f,2026-06-23T17:17:12.250862,KP,verified
acc98335-01f8-441f-bd24-b4de757f2a52,2026-05-13T21:26:09.344726,MG,unverified
a3c63f31-073d-4a2a-8d54-277bdf9524f7,2026-06-17T23:57:03.511780,ER,unverified
e04df825-23f8-47ec-9cb6-c99682ff27b9,2026-05-14T06:21:51.812838,UG,unverified
41150411-067f-475d-8175-27cee06a2023,2026-06-02T09:02:00.775086,IT,unverified
5b9ec735-351c-4d2b-871c-6a26744e2e3c,2026-05-14T15:28:02.880542,MR,unverified
47f38be4-d201-464e-99fa-7d883ad80661,2026-07-01T09:29:05.905903,PK,verified
2171afec-1095-4498-9859-b8dc6dbe20c3,2026-06-11T07:44:04.798477,PA,verified
89830ad2-1cca-46c1-94f7-2cb6da10cd67,2026-06-19T10:03:00.661344,BG,verified
a5f5795b-1993-4619-a251-982cfb027f60,2026-06-16T10:27:58.164513,ES,unverified
410a73e4-4df0-4cb4-873b-ba78a3aac35a,2026-07-13T08:58:55.184382,AE,unverified
08cdd9c6-10da-4109-8435-80bb7426eb97,2026-07-10T08:39:02.392301,GM,verified
e0d6aae5-d8cb-4413-bd53-18322fdb358b,2026-06-26T19:30:22.692653,GW,verified
61a86688-f668-466c-aeb0-25cc6767e6c4,2026-05-02T09:46:09.248473,SE,verified
6a27ea7c-8d4b-472a-bcfa-dcdbc988689d,2026-06-24T07:22:08.794975,KM,verified
4d81a938-8622-4562-85f1-2758fa59bec9,2026-06-30T23:19:35.925936,LR,unverified
75404ccd-3e5e-4458-a45f-008de96d5beb,2026-05-06T21:22:48.885803,AG,verified
117fc110-00ee-444f-8641-49a12968b2f9,2026-05-02T13:49:08.427523,DJ,unverified
f4ceda3d-401d-4b58-beb1-4b80f6e89e8f,2026-06-25T21:47:17.493592,NI,verified
12ea6720-8197-49dd-af6f-2d6d815af58b,2026-07-16T21:25:35.086413,SO,unverified
c43432da-81a7-4138-bf1c-3039f047876f,2026-05-07T03:46:23.585235,RO,unverified
65e1f468-16a0-4f37-af4b-213aee282475,2026-06-22T19:44:48.738300,CU,verified
bc3df63a-5d7b-4f02-9460-933311b67ada,2026-07-09T15:41:18.177406,KR,verified
871d7d58-07f6-446c-bf2a-12b04b67ffb5,2026-06-04T20:50:55.741119,EE,unverified
a1e67028-f898-486c-bab4-51f3aac89bf8,2026-06-10T23:38:46.747477,TG,verified
cda0531c-e419-48b1-b668-61e13a59868d,2026-06-08T21:48:30.500923,DE,verified
3eee3880-d708-467c-a8eb-c0c1f1a8de63,2026-06-09T00:06:03.681243,MT,verified
06f4601e-74cc-4cad-81ff-7706c9995d07,2026-05-07T09:22:08.182917,NE,verified
76cd41b4-d25e-47d8-a15a-b8de65c99837,2026-05-02T19:28:32.493183,CO,verified
987c9dd2-c2d2-480f-bfed-20f996ea95cc,2026-06-10T20:32:31.560899,AT,verified
d7aef900-e627-4c48-a3d1-562548a9d3a5,2026-05-29T03:20:41.488729,BB,unverified
ec85e676-6f24-43ee-8201-82940125661b,2026-05-18T11:07:02.597605,EE,unverified
f4156921-c266-438a-82bd-dede66b26ad2,2026-06-24T06:03:51.711152,LA,unverified
7ec28668-0fe1-46bb-aa9a-f8d1cce37e9c,2026-07-10T03:17:53.289226,IN,verified
81cb5cd9-1fbc-4c97-952e-428c9b952a5c,2026-05-30T17:38:55.745691,AF,unverified
07699e30-119b-4891-b934-4a9a87241576,2026-06-23T17:10:03.070576,HR,verified
3b8cde36-a06e-4fc3-a39b-b9fef9dfd24c,2026-05-25T23:24:09.932784,GA,verified
53cd1782-f2a8-4074-b5aa-be8337a33c8d,2026-05-25T01:14:20.452742,VE,unverified
f4686553-73c9-4723-ad8b-faada83537e8,2026-07-05T01:20:22.301381,LK,verified
dfb2df6a-f7f6-4a91-bf98-2812534cf918,2026-05-10T11:53:35.790216,CR,unverified
9e2c47fc-cf09-4d3d-a7f3-61f8587b7509,2026-06-12T08:02:08.125087,NI,unverified
73dd9e3f-823f-4b69-9f15-1438eb074fc0,2026-06-10T17:10:32.610152,AE,unverified
6adee70d-3fd5-49fa-9d87-881fd96e21ab,2026-05-20T07:37:03.509261,NA,unverified
89e4c96d-c438-485e-8a3e-deb1f7c12070,2026-07-07T06:53:38.392009,CM,unverified
30826a50-09b6-477d-93c0-db11082a4935,2026-05-15T00:35:49.478415,TM,unverified
34832812-4065-4294-9c35-d275c102ad43,2026-06-16T07:59:43.120490,MZ,verified
11908c1d-3fc7-4abd-be34-f8641ae93cdd,2026-07-11T02:15:40.538065,MZ,verified
c5ec0b50-80a2-4e59-adfe-557282b7a6eb,2026-07-03T09:00:00.866895,DJ,unverified
94218b0d-491a-4aaf-b1b5-41c54c0a1829,2026-06-13T07:13:23.945863,BN,verified
a5fe1c16-582f-4710-bf6d-ab53b53b6d72,2026-06-01T10:54:09.646485,EE,verified
6b57da3f-7313-4446-acfd-2496ee65dee8,2026-05-30T23:47:29.087125,BB,verified
276284d2-abb7-4dd3-a8a2-26cbea234dd3,2026-07-06T14:53:07.391952,TJ,unverified
30fb4eaf-fa61-42bf-98c4-0803c94ad821,2026-05-22T12:46:45.047021,NL,verified
a940afb8-8367-4d45-b20b-067ae5b9dd10,2026-06-25T06:54:10.230585,TV,verified
d9a0dc17-f8f2-4db0-8e6d-b473e7815395,2026-05-25T03:22:34.495594,BZ,unverified
81051476-8c9a-4e72-9e18-8b42226290ed,2026-06-16T22:59:08.022620,BN,verified
18b12e46-ee29-4897-a336-92b9f8a9522a,2026-05-21T05:13:37.336638,MX,verified
be80c97f-da5a-4956-b842-d66620857393,2026-06-03T15:37:20.294836,GE,verified
4c86df00-4e33-4f49-a3ae-49f2d4bce40f,2026-07-10T00:50:11.635048,SO,verified
67804561-46c1-4ce8-8241-9394b82410e5,2026-05-14T08:58:15.425771,MY,verified
5d461766-9f4a-4b54-b9c9-e8fd28097813,2026-06-20T05:26:46.422241,MT,verified
56229d10-0af5-433b-a96b-ad31a51a6007,2026-07-04T02:32:41.185631,BN,verified
f2ead8c3-7d6d-4a30-b022-43cc05fa8421,2026-07-04T05:45:08.391982,GT,unverified
7c81bd33-b432-426b-a305-5b8756a418e6,2026-07-16T23:13:29.087935,BY,verified
dbcef9e9-c497-4339-bfd7-94b60cd57a85,2026-06-10T20:23:56.572901,CL,verified
1c0ecd3d-0cfa-4c7d-9f71-d0619a1e5ce7,2026-07-10T08:40:03.354058,MU,verified
baac5df4-0f53-4705-b326-0f898fd2da51,2026-06-16T14:46:57.030430,TJ,verified
662adc99-5b10-4ef9-b936-dedd989d98af,2026-06-28T11:19:48.931072,UG,unverified
9b46d936-9f1e-4136-9369-c49907282aa9,2026-06-24T01:17:24.972653,NL,unverified
0c7c186e-f837-41f6-a95a-a130a7d51264,2026-06-21T12:26:07.273352,CD,unverified
9a0663ae-631a-4442-ae8f-b2ab123e9f81,2026-06-01T05:50:35.375479,GY,verified
a692f63a-ec6b-4dd9-ad8b-08397d547622,2026-06-12T11:05:47.183091,GE,unverified
a1b88017-4de7-4c22-9ead-cb4223ee8109,2026-07-04T21:59:42.599860,ZM,verified
0a8c2eef-7ef4-4cbf-ace2-e456c5591017,2026-05-03T08:39:53.007970,ZM,unverified
58235a26-c18b-4d6f-af26-9bb4513cde18,2026-06-10T13:33:03.553057,BW,unverified
84644725-1e82-420e-a25d-ce03cbe99fd8,2026-05-12T14:43:52.178178,IR,verified
f65019e3-ce37-4e0c-8561-ab46bdf582b3,2026-07-07T10:03:53.409207,RW,unverified
fd101de1-4c05-42fe-ab0f-93b2d1e53a07,2026-06-03T20:28:19.767461,KZ,unverified
881f2053-8073-4444-b14c-a7dc62c161ab,2026-05-28T18:58:03.042093,DM,unverified
74af8d34-b5bc-4387-8254-9eeafe07e08b,2026-07-07T11:18:00.705076,CL,verified
e4b62fcd-8cd6-4432-938d-464b9a33ba64,2026-06-18T06:22:22.073178,PT,verified
f08d1be8-1555-4827-bdc4-0befe7bb4807,2026-05-06T16:49:59.601349,BF,unverified
a0c4f188-3067-4d9f-9c76-f9e821c66b1f,2026-07-02T07:40:28.388417,SL,verified
1e25f05e-dd0d-48ea-87b2-a56717e6a39b,2026-06-30T04:45:39.111584,TJ,verified
a6e80e6e-8862-4019-980c-c3262ffdca50,2026-05-09T03:34:25.057834,SC,verified
c250e6c3-f4e5-4382-8c32-515a065002b3,2026-06-30T11:30:22.764350,LI,unverified
a89987b6-ff0e-4452-a2fd-aec79394d26b,2026-05-08T21:04:03.463716,TN,verified
452e97c3-b606-4779-bf16-908819c0c730,2026-06-09T14:38:53.185280,SD,unverified
a939020b-dab6-4d64-a2a6-c5b52ed1c709,2026-07-01T08:28:17.611027,PK,verified
724d3d3b-3c53-4f62-b653-196c5e2d7b57,2026-05-05T18:05:01.276835,MD,verified
5786726e-8cee-466e-9bb3-2d0f6166a8cf,2026-05-11T00:35:25.741159,VE,unverified
ed2441a5-86f0-42ab-92d5-b7b02af1ce7e,2026-06-07T04:55:21.844699,ES,unverified
a6cfc690-0d35-4286-a7e7-ae683cd563e2,2026-06-27T22:31:06.274694,CR,verified
729c99c0-0f6e-4a9d-9e93-c5078e7c3ba2,2026-06-25T09:53:11.328668,AL,unverified
12de1664-f677-456c-945d-449acd0fc0a0,2026-06-19T16:06:33.569650,NO,unverified
7a0a5b98-5a67-439b-a30a-e07b03f8fde0,2026-06-04T20:11:35.012133,LB,verified
b0471968-b8a4-4d06-a83e-8c6806a05e92,2026-07-02T18:52:50.487100,ZW,unverified
7ef681bc-044c-481e-b24f-c40305ba79fe,2026-06-03T19:00:09.699305,DM,verified
3951c96b-c129-45c4-98a9-0478d42c3f6f,2026-07-17T05:34:45.694900,OM,verified
a30e2aad-5661-433a-ac21-28b4a20cc33b,2026-06-20T04:41:47.238850,LV,unverified
45034b1b-b896-4a40-a244-58c27f368438,2026-06-23T01:57:46.315892,NL,verified
33f207b6-d99a-47e3-aac4-ae12059cba05,2026-05-05T20:57:03.639931,PK,verified
fa23da9b-a71c-4514-a3b3-fce0cfab8092,2026-07-07T04:45:41.675460,UZ,verified
9dcbb3c8-b8b9-4e97-bc35-0082fbad624d,2026-07-15T17:25:23.608472,KG,unverified
01e0037a-3b87-4cbe-aa0d-16b62d2bed9c,2026-07-09T04:46:53.788325,JO,unverified
0c0f39b3-6a62-4254-bcf5-96b554b7caf3,2026-07-18T01:58:10.501539,SV,verified
177c66fd-8184-4bcb-8bf0-d160153b62dc,2026-05-04T05:40:26.614918,UZ,unverified
1257c259-33e4-473a-a3cf-1dc9398fa50d,2026-07-11T16:11:12.769153,HR,verified
aaf37f58-c040-442b-86ec-2087d6b0d161,2026-06-29T15:16:25.299905,CM,unverified
c96353d1-3888-4512-b450-f9bd3012c7c7,2026-05-26T02:20:38.700577,ZA,unverified
6f71faa7-2951-4d5e-b734-5cc0042c9a28,2026-05-19T18:31:19.965520,GY,unverified
80cc0a31-2b30-46f9-981d-75a8ccdb8b03,2026-07-10T11:09:21.665118,MN,verified
7010c1be-ed14-47f0-b407-b1ab8eacb575,2026-06-06T00:49:35.147153,BZ,verified
b6460aa4-34da-45e3-8af5-1fefa6f2f26d,2026-06-26T03:13:59.441238,SK,unverified
d42bbb4b-b7c3-424d-a166-0b65ef051dfb,2026-07-01T07:43:13.939731,SN,unverified
196fc569-6edf-4492-b373-456affa774bf,2026-05-21T05:20:37.541677,LR,verified
8bad289b-9ea1-45e3-aedb-e0480f4d7481,2026-07-18T11:34:30.280828,LC,verified
cb58a889-7aef-4746-84ad-53f07a7a64c8,2026-05-30T23:52:25.402531,FR,unverified
08a93d82-66b3-4aa4-b617-792454dc0821,2026-05-31T06:39:50.733711,TG,verified
225aa63f-e259-4676-9842-238ca72de46d,2026-07-02T04:11:29.750320,SB,unverified
d80d2c9d-f805-4302-b479-286970f07d77,2026-07-16T07:58:45.260122,CU,verified
b5005d10-9c5a-4818-98df-baa84ff8cc1b,2026-05-25T23:59:32.087101,ME,unverified
f45167db-86f2-4805-8707-5ebc580eb6a2,2026-05-04T13:30:10.850380,PE,unverified
2b04021a-cb50-45d0-8a93-09a578ad0c0f,2026-07-15T06:14:07.797214,MY,verified
df1bfc61-a65b-46e8-a857-690a387480cd,2026-05-15T13:34:15.807244,ML,verified
f1c2f0b9-833c-4b82-824d-7ccf8f992282,2026-06-07T16:47:22.980580,LB,verified
2df1c8bf-cd64-42dc-95a5-47a08cde76cb,2026-07-05T16:04:34.879880,KM,verified
bf8642a0-e0cd-4baa-a9c1-6b714919c04c,2026-06-20T22:41:51.224567,CY,verified
f596e765-84e3-45b5-a2c7-5c3d7d4ee850,2026-05-17T04:37:25.827205,LB,unverified
3acbba5f-cb5c-46ce-8381-5ea126494b33,2026-05-05T02:33:25.107348,NL,verified
f5ade0a0-48d9-4b1b-b2be-d3466aa564d9,2026-05-13T10:18:20.568488,BZ,unverified
35702c41-b5fd-4b18-a02e-ed6acfa2c830,2026-06-17T21:02:41.545530,IT,verified
bf7d728b-6784-4762-9f6c-67f236898a6c,2026-07-09T12:24:44.328644,MU,verified
87c93366-d331-4c53-a082-90e707cb0fe6,2026-06-24T01:41:11.827575,MT,unverified
eea735e8-ac5a-46a9-a4e5-10713e5e5d66,2026-06-03T17:23:52.282253,TD,unverified
f1eb724a-75fd-4d7d-836b-7d3130a67af8,2026-06-26T08:35:32.206758,BW,verified
0a4abaa0-101f-4159-9cf3-dbe22bb202bd,2026-07-11T05:45:43.585549,PA,unverified
b309805c-b024-470b-91fa-2d0175de0392,2026-06-04T03:27:49.531293,LK,verified
fbed8e2e-c9ef-4fb4-bbf4-6a520a4a3722,2026-05-07T15:33:56.554662,GD,verified
a9453a1e-4e01-450d-b089-23ad0987a5ed,2026-07-05T19:42:13.422902,TD,verified
3df5fd17-86de-4976-bb24-1d078f4ce087,2026-05-23T12:51:48.615905,HU,unverified
af48bde2-6916-4881-9732-c8ed14542d1d,2026-06-04T08:00:32.900502,HT,unverified
6ddaa4f7-9b1c-4ef5-9f82-a481e4e5a73a,2026-06-04T01:20:18.050441,NE,verified
dda595b4-b6f6-4ccc-b804-a7844fc00e14,2026-05-31T18:31:42.626791,KH,verified
dfd79ec2-abfb-450d-825a-e4b93dc97df6,2026-07-17T14:47:30.725433,LU,verified
19a89633-9fcf-4974-8764-4109c6c6cf7d,2026-06-05T12:36:51.031612,GA,verified
837798e3-b28c-479b-8e91-08af52aa88ed,2026-05-20T22:53:57.650528,SB,unverified
9ca8b228-8352-4bde-a38a-3c0d356c86dc,2026-07-07T12:50:58.054836,LA,verified
2a35df49-3e48-4f13-946f-5e2af516b2cb,2026-06-28T20:11:34.200369,ZW,verified
26ce2bac-d2f2-4138-91e7-e3fe5350dadc,2026-06-17T10:34:20.800731,SO,unverified
5e46d157-c280-48e1-987e-5e684f0582f7,2026-05-19T15:42:59.132107,TO,unverified
99b7de8b-5587-44d0-89bf-346bf226495f,2026-05-22T23:48:25.208397,SZ,verified
cb0320cc-040f-4127-b14c-ee1ad8322645,2026-07-15T00:13:49.432380,IE,unverified
b47462f5-4d17-49ff-a34f-ca023b45130b,2026-06-22T12:40:13.755614,SL,verified
6e7d4a98-59f7-4572-b1fa-4dc53556bf8a,2026-06-06T01:30:45.422707,ET,verified
69b83fce-c7e1-468f-8cca-c160421d22d4,2026-05-26T15:31:11.212897,MH,unverified
1623c8a6-8d17-47c3-a767-06480d424a10,2026-05-17T01:24:25.394414,IE,verified
dc6b4017-c78d-4342-8291-7935347f7b2a,2026-05-10T11:03:53.046858,MZ,unverified
1c3a1fea-e959-4702-b32f-c5db6fbb0e61,2026-05-28T13:29:43.442620,ID,verified
5f9608f3-50b2-4add-b3d6-60bc27c5abf4,2026-05-25T13:57:17.763350,ML,verified
394f4c75-d8a9-4356-8949-3b44286f6f4a,2026-05-16T01:01:44.713368,TR,unverified
766a1bd1-4a34-468c-835d-eab9b5d7c081,2026-05-18T00:48:14.611690,BA,unverified
604ce978-ecb7-4f42-b99a-6c1cd597335e,2026-06-11T18:16:47.512956,AR,unverified
353550f4-8a29-4e8c-be68-9e9914a46d66,2026-07-04T02:39:31.508833,BF,verified
dbee6f0c-0657-4281-b731-72d0de658f11,2026-06-11T10:36:03.603566,AL,verified
0f6693bc-a332-4c15-8d2f-2a80c21ddeb7,2026-06-21T23:17:15.315635,ST,verified
5098e8b2-cc64-403a-a7c8-1c7a14e23e56,2026-06-24T10:46:41.425338,DJ,verified
44242697-962c-4772-9bc6-2ca4a36c7523,2026-06-15T09:30:57.344472,NG,unverified
a4b51555-bdcd-43e2-892a-4406efc49249,2026-06-20T22:35:39.132096,LV,unverified
63306332-1b73-4cbd-8d54-84d8ae8b78d1,2026-07-05T06:11:07.450724,SO,unverified
85fc5ba2-b8c3-4b7c-8ec2-6e97b4699add,2026-06-11T18:10:30.924569,SK,verified
9f5b93f3-f569-421d-a382-0f5329b17290,2026-05-08T20:12:48.208349,TR,unverified
d6989a02-df1c-44d0-987e-807928babdac,2026-06-03T05:02:56.033702,CF,unverified
6a5ee578-3a72-4f99-b072-8992bfb25a9d,2026-05-08T05:13:49.799500,KM,unverified
eb740836-1060-4b13-b4b1-d2464ffb9f0e,2026-07-14T23:14:16.818014,SA,unverified
58708e2b-e4af-4578-a403-d37c3977876c,2026-06-28T17:21:17.372566,HN,verified
950944ea-61c4-4535-acf1-83a929f4b623,2026-06-14T01:57:27.726082,CM,verified
b740b125-fa84-4839-8fc0-eca7251234fc,2026-05-10T14:57:32.012006,IN,unverified
a06c2b65-08c2-4d1c-b208-e2c1f7f0ce5f,2026-06-08T20:51:22.332751,GR,verified
9de6854f-a2d1-40af-9067-9f928b3c7d37,2026-05-12T17:32:55.843039,AR,unverified
7992f190-b587-4dac-b886-c7ee25616e07,2026-05-08T18:04:22.210492,ID,verified
461e8ace-1ae2-4ddd-9fe4-acadabe0c33d,2026-05-04T14:42:19.717248,PW,verified
8171c256-ef04-45eb-8b91-f0a5d786cb4c,2026-05-24T22:49:18.636925,VN,unverified
baae062e-de45-4bdf-b75a-4c55500d9f06,2026-06-25T06:40:33.602200,SI,unverified
c6e13258-d086-45fe-8400-63f1ff6254e5,2026-05-24T06:32:39.173697,BW,unverified
e3ddf941-6bf1-4702-84dd-04bc43dba16f,2026-07-02T19:53:40.875039,TW,unverified
fa0f1cbb-e296-4e0a-9cd2-0b5cb98bb308,2026-05-08T09:13:53.919690,BJ,verified
bae8829e-936c-472e-a10f-56e7abb5fe4c,2026-06-30T10:25:26.158917,SD,unverified
0ee77d40-c05b-4494-9ac2-37c18a34a8b4,2026-07-18T20:21:14.545678,BT,verified
74cb4c14-dfd8-4400-930b-c608f513c943,2026-05-09T18:05:04.912421,AG,unverified
aa7f2215-5681-4733-8e65-88d6787b963e,2026-06-27T18:48:51.912544,GN,verified
6bd6e399-4788-4600-9f78-bcc316410835,2026-06-03T02:10:35.393512,SE,unverified
b1177612-b697-43df-9374-3400849ba1d7,2026-06-18T22:41:42.680116,SY,verified
5e51d83d-3e21-4829-bd3b-68d6661dc4ea,2026-07-16T10:19:46.831199,AF,verified
688b1646-290f-408a-ae0a-ba9914b67094,2026-06-07T08:20:54.778874,TV,unverified
2a8a2e45-e616-483a-a2de-38a6b571c3d1,2026-06-25T03:19:14.324272,ET,unverified
88642e0f-9b58-4576-9fd6-ebd8c27f47ec,2026-07-18T02:01:07.618995,KZ,verified
3c82395f-8681-46b8-afc1-c39d0225e91f,2026-07-16T22:12:06.647823,IQ,unverified
90163678-fa0b-4320-99e3-73d92cbacf57,2026-07-11T14:26:37.960810,MX,unverified
a3dc0e9b-c446-4c0e-b0d0-a43b71fb0ae3,2026-06-20T06:43:26.513744,SM,verified
c203e5d1-0a9e-4c81-80a7-05e5414e1d23,2026-06-23T05:54:35.696314,SB,unverified
bd9548e5-ca81-477a-812d-a2a8b0fe3038,2026-07-18T02:56:28.051144,KW,unverified
4245338a-ad6c-46c5-94c2-cb0708bde8ab,2026-05-19T08:47:57.554361,HR,unverified
89c5eb9a-1e4e-4b26-a489-14b78a309043,2026-06-04T06:04:48.849278,AR,unverified
9f69a5af-7fa1-4047-9d7a-85beac8cff63,2026-06-11T05:15:03.199120,SY,unverified
ea137d2c-86c9-48aa-9d3d-06a7c9b810db,2026-07-11T18:20:37.710104,LY,unverified
182b0f6b-f8c7-4d81-bf7a-1e9f808a3c2f,2026-05-12T15:30:46.693618,ZA,verified
345e3384-5a25-493d-853f-2817ed09100b,2026-05-07T16:32:42.681770,NE,verified
2d547a24-3fe4-4cc8-bdb3-99fc3a9cf730,2026-05-12T02:06:20.539234,PT,unverified
57dd2d89-5315-4199-8439-0c8339160ced,2026-06-16T04:33:05.156495,ME,unverified
66423656-9ae1-4896-9d0f-69376955c52e,2026-06-18T01:29:04.175009,TZ,verified
b5fabb13-a073-44c4-b0cb-1e4a145279ce,2026-05-29T13:01:48.987347,RO,unverified
d6d1793d-3976-456e-ade9-0ecc60cd2093,2026-07-13T18:44:51.972658,MM,unverified
9b616fc1-6c31-4bda-804f-e4b5baec4e37,2026-05-19T01:57:42.395302,GT,verified
f48375f0-11dd-49f5-afb8-a4634904554e,2026-05-09T19:49:39.405493,TL,unverified
b457d08f-f182-41cd-a6f6-838c772ea601,2026-05-03T22:05:53.266335,AD,unverified
24770881-08ff-4b9c-8bf9-385f98e8ec44,2026-07-09T16:51:06.782759,LS,verified
2214d6a5-d44e-4e60-9d8e-420b33708105,2026-06-02T15:23:17.563437,RS,unverified
bc7e5175-1106-4a2b-b2f0-6ebcc6fb776c,2026-06-01T04:36:03.230966,SZ,unverified
24e0b084-85fc-4d0a-bef4-8ee24f23c3bf,2026-06-03T04:22:44.798793,IS,unverified
784623ec-fb2a-40bc-a7dc-42703a196cf7,2026-06-25T03:01:54.275366,KE,unverified
ce66b7dc-d4b6-4f76-ab71-f32ee412668e,2026-05-04T06:52:03.259643,JM,unverified
05190713-28f3-4785-9d22-8678771828c0,2026-06-16T06:26:17.530524,MY,verified
dcfb35f8-1362-4bd1-b808-7a93f07cb83d,2026-07-18T10:18:35.809704,LY,unverified
b1ad27b1-4c1d-4220-abfe-d29fec6bd6c4,2026-06-16T01:07:01.069118,BO,verified
9f16aa91-b16a-4872-89a7-070e250702f7,2026-07-11T11:57:51.839410,SA,verified
65ee9583-445c-4e04-b9cd-c0259598b46c,2026-06-16T13:43:20.428461,TR,unverified
327570b8-ceba-4498-b52c-99576ad81a21,2026-05-24T23:24:22.674989,PE,unverified
c65c298d-9e91-4865-bc5e-5c7cc63adc0e,2026-07-06T03:07:47.684376,VU,verified
58d4805b-5ebf-480c-9675-884d6e6c8820,2026-05-19T00:54:58.781483,BZ,verified
4eb7e847-b87b-4c99-a618-c0dee9fc4565,2026-06-29T14:15:56.690522,CG,unverified
2fbea5a0-9c1c-410a-a869-4252b9c6ceab,2026-05-21T02:54:27.929074,UA,verified
e4d1f7b0-dd1b-4458-8fbe-a9543d4e6608,2026-05-21T07:02:02.254846,AF,verified
a8ed9734-0895-481a-b7b3-bae6c1244be6,2026-07-14T09:42:58.446958,LU,verified
43134025-189d-4008-be25-8ef9766303f1,2026-06-04T04:25:52.772706,TT,verified
85762a86-e3f9-43e4-976f-8125985af6b9,2026-05-03T11:00:41.168922,CR,verified
37494afe-6b9d-4adf-bd2d-7cd25a8a443a,2026-05-16T00:38:51.313913,MW,verified
c3389f25-eb27-4aca-a072-bac6c3e7b9a8,2026-06-22T14:07:18.038656,KH,unverified
efcff8d1-0dbb-4dbd-8c09-e76f5be35cc0,2026-05-25T10:24:57.323143,BJ,verified
beaa461f-3f63-444f-b008-910ed353c33b,2026-06-04T01:27:33.486274,NE,unverified
e688be4f-122a-45e9-81d2-2c1152178d26,2026-06-25T15:21:38.275990,SN,unverified
2beaec3c-7bb8-4dbe-8978-e8c03a37b4ef,2026-06-01T21:56:27.314927,SD,verified
97f5b12d-0087-4a7a-b201-34fe41effd2c,2026-06-04T17:31:21.473079,GR,unverified
feb7d8ad-e5c3-4552-8042-4d2d276c87f2,2026-05-28T08:43:43.992844,PT,unverified
72fcfc3d-45b8-4d24-9b9b-4ba9a679b5ef,2026-05-11T14:35:24.052010,KN,unverified
5c7c6af9-f327-453e-9f3a-0b7af0f28669,2026-06-28T01:51:01.623758,AL,verified
b455bd86-e93c-474b-bbd5-17f33358a7bf,2026-07-09T06:43:08.989066,AF,verified
cc20ba02-f504-4e3f-bc15-b2e740a0e600,2026-07-18T13:23:44.922637,SO,verified
3d16ae1c-cf08-4629-972b-007c764adcb2,2026-06-13T11:08:59.151614,BI,verified
3f570cb6-1f16-4639-8cdb-973e0c0754c8,2026-05-28T13:32:51.231013,MT,unverified
a3ba223b-a98f-4628-83da-700973572612,2026-06-07T19:56:57.061087,TV,verified
fca0e35f-bece-40ec-9d5b-ff8550f64a5f,2026-07-07T13:22:30.292499,NI,verified
d048d024-aae0-42bf-b951-e5746f679d70,2026-05-25T01:26:18.486435,SG,unverified
6d3cbedf-22d2-48db-883b-a94209c9a81c,2026-07-14T21:11:32.048218,GW,verified
65bd0807-bfbf-48e6-97f4-080de91ef55a,2026-05-06T13:43:30.178174,TD,verified
314c67de-ee10-424b-8be9-5d58f3bcc023,2026-06-25T15:23:17.969062,KW,verified
7b4ccae5-9894-47f0-8bdf-2432f789525f,2026-07-15T02:04:50.033703,FM,unverified
7cc1e549-9375-4c1c-b911-92abe16bb4ca,2026-06-16T13:47:56.725111,GW,verified
a425c435-a096-4bd0-83df-478fe13888f4,2026-05-31T19:50:31.941370,UG,unverified
83351da1-4357-47b2-ab6e-21931082da46,2026-06-02T17:27:36.297026,TW,unverified
25852129-7675-4f45-ad67-d76d9c71e735,2026-07-04T05:30:45.745560,OM,unverified
32feabff-d324-47ed-80af-8e446d8d4eab,2026-07-18T18:30:41.382853,MK,unverified
ab0c56e7-b746-4a08-b74f-595892413790,2026-06-13T14:43:32.373333,SA,unverified
1c6f19fc-273d-42f3-a93e-99ec8a2a6533,2026-06-23T08:23:35.656750,FI,verified
d4f2dad2-19cb-4aa9-a78f-fb7d90b729c0,2026-07-01T00:03:24.116435,IL,unverified
e832d28e-fb48-4786-8245-9542cfa327b4,2026-05-12T18:28:34.452902,EE,unverified
c5910c33-748a-47b5-84f7-7920dc43060a,2026-07-06T01:12:00.671476,NE,unverified
9c693622-73fb-4da9-b593-e10c4efaf41e,2026-06-26T08:02:30.905809,JO,verified
9960792a-6310-4c71-a034-44526907a279,2026-06-30T20:44:22.274255,KZ,unverified
f96f6949-5536-4103-93c2-56dbc15cee67,2026-07-09T19:25:48.603007,NZ,unverified
ae7f1229-b421-41d9-a394-d496b7f5b0af,2026-07-08T00:04:22.496028,MA,verified
b2c06a74-8964-4d23-98fb-453cc943dd4c,2026-07-04T01:21:12.752735,KH,unverified
c7ef1e27-fe5b-4987-9ffb-75468c849caa,2026-06-27T18:54:16.484563,BW,unverified
90e0d74c-5861-4d44-974b-467451c639fd,2026-07-03T12:28:43.302364,TM,verified
f5154a7e-1e3b-43e2-92fd-28fd80f9f2b1,2026-05-22T17:08:54.259249,AU,unverified
93bfdcb5-dd57-4aef-a87f-c0c0bfd2be99,2026-05-31T21:30:36.469195,MK,verified
9b4c3640-bfdd-4c58-a0ea-766b938489b1,2026-06-20T03:47:20.870921,MT,unverified
c3faceb5-428a-4219-93cc-14276e816b84,2026-06-28T22:30:10.143933,PS,unverified
b158d335-26de-452d-a6ff-4698cdb3ef2d,2026-05-30T10:48:02.998011,TG,unverified
de9028e0-e5e2-43d6-9447-24f1457ee40b,2026-06-19T10:58:17.131280,SZ,verified
a2db57ab-cdd8-48b2-baf4-f09d602e3bc8,2026-07-15T20:02:14.282151,LU,verified
ac129371-cc34-4f37-9112-776ef00011d5,2026-06-01T10:36:28.306184,ZM,verified
291e9a56-8264-43a9-a270-4d03d99434f4,2026-05-05T13:27:59.418514,BN,verified
44d18764-5d88-4ed1-857d-44d76e7bd746,2026-07-04T19:50:51.510692,US,unverified
0962ca21-402f-4572-a7dd-8537f858f55a,2026-05-03T19:44:06.881253,AE,verified
4fef2a2f-e23f-4a34-80c7-130ad2beb02c,2026-05-26T07:35:05.274426,KR,verified
8bec21c8-7d65-4f9f-ac0c-bbfb765c5d65,2026-05-23T00:52:29.746088,TL,verified
f12c95e8-35ef-4c83-9342-5f0c19249529,2026-06-15T14:30:05.249376,SY,unverified
ab8c0c5d-125f-467a-89f9-678778862cbf,2026-05-01T17:07:25.725205,KR,unverified
428c9ce7-79e3-448b-96bb-4888ea821ee1,2026-06-04T18:19:30.964350,HR,unverified
a308b44d-4603-4c82-8849-7c367cc5201e,2026-07-11T18:27:11.923904,UG,unverified
983f6340-f3a2-44ad-a829-a2edb44d7140,2026-07-09T18:43:52.051424,BT,unverified
dc045a5b-2a1a-4e25-9888-0932ba48c41e,2026-06-20T00:46:04.512740,DK,verified
c5b82da8-5c9e-415b-8b4f-3c5b48bdb2a1,2026-05-18T09:22:40.847206,SB,verified
06b9d0e8-ce74-4b12-957b-edd6712c23bd,2026-06-09T04:51:56.895892,PS,unverified
522dc194-031d-4213-b837-357b31517cb7,2026-06-10T02:51:24.209338,UA,unverified
3bfcd3bc-2ec1-4251-b5d4-5b22e7dfd072,2026-07-03T07:25:24.233386,LI,verified
96a82efb-2fed-4325-8513-73ff7693d276,2026-07-01T09:20:18.695033,NE,unverified
b2b5f9b7-4b00-47fb-b0d9-c44d1a31f7f8,2026-07-19T05:10:44.456354,UA,unverified
8fa3e4e8-9086-48c6-9321-1a7d8a497532,2026-05-10T01:33:29.929963,AF,verified
2b682769-722d-4f4b-ba31-f90d53df55e4,2026-07-02T19:27:58.900774,KR,unverified
6af11621-1e6d-47a4-b601-8cb10f5f2ff1,2026-07-16T20:07:50.608603,CM,unverified
5c402a7d-65a4-43a0-87f2-527cc69fef4c,2026-04-30T20:32:47.504949,ML,unverified
839f53a7-027d-4c5e-925b-55d473e58489,2026-05-16T12:41:18.625385,CM,unverified
0849e839-648f-43cc-8402-e87dab49f02f,2026-07-10T07:23:02.896315,LK,verified
bb3674bf-1417-4695-a918-02cf3bcc4799,2026-07-08T01:41:11.729172,HR,unverified
bf2641e3-25ae-4d92-a021-33bd2bae7ebf,2026-06-25T01:41:40.261458,SK,verified
ee0ecbcd-a608-45e7-9286-54370fae86e9,2026-07-05T16:14:16.014939,BT,unverified
e30a8315-d571-4534-a1a4-49dc9ec71d9f,2026-05-25T14:45:35.345044,AE,unverified
6d2e45ba-b8b3-4c7d-9b87-39b2535d3d41,2026-06-23T17:26:32.828004,KP,unverified
cd31a2eb-9179-4a06-b033-f55534b8e416,2026-05-02T01:21:42.234564,CA,verified
ec1be690-fd30-4377-ab43-9faf3c855f85,2026-07-04T19:48:47.803011,VC,unverified
66616408-7295-45b4-ba60-2ba689d497fd,2026-06-17T00:42:40.494527,PE,unverified
9130c333-3f78-4655-8fa7-910c791e1d8a,2026-05-27T22:19:22.616765,BO,unverified
ae8f9988-55a4-4e3c-b474-95b915b5ffa8,2026-05-26T11:54:53.656482,MX,verified
fae8a93b-fff9-4eec-ba5a-56b42909ef85,2026-06-12T17:50:21.836138,VA,unverified
6cd1e752-26e2-42d8-879a-51d8b9bc4eeb,2026-06-07T20:28:02.758651,TM,verified
1e70420f-1695-4c52-9b2c-914bc70d5a6d,2026-06-15T22:26:19.059168,GH,verified
fd19be4a-a787-499e-a03c-c8b2b31287d3,2026-05-01T07:29:44.283407,MC,unverified
1d51f3e9-c339-4927-9776-2e8e17e02bc0,2026-06-12T17:22:48.844727,BH,verified
b4749a48-0339-445a-9daf-6be2e9f35382,2026-05-10T03:06:28.283999,TM,verified
812c6312-d668-42db-8dbc-f96ce9bf2223,2026-06-07T18:00:31.877344,DE,unverified
6b5b17f8-b7f5-4ba9-8f2b-eb7ca1dfaf71,2026-04-30T20:46:21.890038,UG,verified
3db576d6-1d74-4347-a214-70e71884e540,2026-05-05T01:54:32.068100,GQ,unverified
db4a901c-26b4-411a-a6a3-033dd05e545a,2026-06-29T13:57:09.692779,RU,verified
0ac21ada-d322-4041-91fa-e0865947dcd8,2026-07-01T12:34:14.329828,TT,verified
9c4436f5-b25f-454d-a770-8f40f6ef1163,2026-05-20T21:40:12.883175,GN,unverified
eeb28752-dadb-494c-b1b6-f21e84dafede,2026-05-27T22:40:43.229096,MX,unverified
2a170708-aca2-464b-8524-b613d99c2e38,2026-07-13T16:16:53.113065,BY,unverified
e1b737a3-d7df-4e8e-8c58-e2f796d93116,2026-07-07T02:28:17.851331,BA,verified
3f34b4f5-13ad-4a44-9442-61a5f0b9f17a,2026-05-20T13:39:25.438725,TL,unverified
acea5cbb-2c21-4dd9-912a-667d3b0ae3e2,2026-06-28T08:58:10.524441,ID,unverified
f6561f2d-45cf-4cd6-be78-5692193e1f0f,2026-07-14T02:15:21.922066,PA,unverified
05e981d4-fc36-466e-926d-9a530c1abd53,2026-05-29T01:08:36.662219,TD,unverified
446fd582-097f-46ad-8fc2-741854fd17f0,2026-05-02T04:26:45.013613,IS,unverified
31fdb1f4-43b7-4d23-b367-e7e406742a57,2026-05-25T14:54:04.764135,MU,unverified
4cdbc13b-86f9-420e-8511-385adadc5be5,2026-07-11T04:03:10.844208,GH,unverified
1b0d6644-f33c-418f-a38d-8d5edd1a12c3,2026-06-08T10:03:07.926578,MV,verified
2ae99cb7-d0d6-4fbc-a975-c9772058c5b0,2026-07-14T02:05:43.611091,FI,unverified
eb32bc63-1a43-4854-9d1f-bd27865db5cb,2026-06-12T11:45:37.213611,PY,verified
c32cac24-213f-4070-8fae-3494fffb3de5,2026-05-17T22:04:18.578629,LR,verified
1e500105-a51d-4298-8c92-3bdb5de5bab7,2026-06-22T11:52:47.063346,KP,unverified
533b2911-3f9b-4d1b-b78f-45ffb5b6d03f,2026-07-12T01:14:06.076346,AU,verified
10b6765c-7b30-48a4-98b0-f430ad2d4d84,2026-06-21T07:08:27.171514,RS,verified
97519f59-c667-4a34-bf9a-3bd204b3c0d4,2026-05-22T10:47:43.544163,PY,verified
a5394db9-5a14-4e92-9168-242c73716d1b,2026-06-03T12:48:20.684593,PG,verified
8745b95d-2b14-4bb2-ad7b-580f8c521ebb,2026-06-07T19:45:59.936565,CM,verified
ce816121-6f5f-469e-a9a1-6f8f58c1ffc4,2026-06-01T10:32:20.931300,SI,verified
15da53aa-40d4-47aa-a030-7a674ea8a042,2026-06-13T03:15:12.417021,BH,verified
4e4d402f-250d-4f6d-b370-d8aca43ef395,2026-06-08T13:53:32.128794,WS,verified
061c6829-b20d-422d-aa8e-82d040103046,2026-05-19T15:13:01.749516,MZ,verified
3ada47ea-d30c-4b9a-a997-3db0ffb730ed,2026-07-15T05:02:10.383610,TD,verified
9703592b-b483-40ab-88cc-5d15f408a78e,2026-07-13T22:32:06.367558,YE,unverified
001f5e68-0555-4309-9eb5-3bcd86956639,2026-05-31T21:20:23.595023,MC,verified
e53355c4-eb1b-4a00-8b22-42b14cb678ca,2026-05-28T20:55:07.493148,RO,verified
de3d14ba-c387-415b-82ea-19debde48985,2026-06-20T07:32:44.089156,KG,unverified
8e815c90-626b-43af-8200-3d98207b6524,2026-05-02T02:34:40.963097,TD,unverified
6c90af54-d8d1-45cd-a810-ac0e3d44d644,2026-05-10T08:41:29.652745,TD,unverified
3ec7dbc4-f4a5-4008-ad85-fe0daf1ed8ca,2026-06-19T13:52:35.041837,HU,verified
144118f4-6fa5-45ad-b208-d4bccb3657e6,2026-05-12T17:18:46.013820,LK,verified
a2a0ca8a-4125-43d9-a7b4-6fe5c49b4588,2026-06-07T20:35:10.102739,GT,verified
2759d97e-119f-4b6b-8049-3e06593555de,2026-07-02T08:45:13.544144,GE,unverified
fbc5e7be-fffe-4f97-9c4c-7c8543a7895f,2026-06-22T21:41:51.205329,KZ,verified
7769497d-a8b1-42ba-bc25-fc8f09920e4b,2026-06-24T22:22:54.347569,ML,verified
10ba887b-c9b3-490b-93b4-cdeb6957e758,2026-05-20T18:32:05.048625,MM,unverified
c1260e65-b61b-4901-925d-403a23564668,2026-05-02T12:35:44.681099,GW,unverified
fe1da3fa-4bc7-4a3f-8636-21c8e00176dc,2026-06-21T08:46:45.371032,PW,unverified
4c541330-9f6f-4d50-bc2a-5ab401e23985,2026-07-02T04:19:20.595920,IL,verified
410650da-207f-43bf-a4ee-810ab2b69ca8,2026-07-12T11:44:59.353359,CM,verified
07b5f1ff-235b-4f15-bd01-084ae65b5d23,2026-06-28T02:33:07.635072,UY,verified
3e8818bb-38d6-4ccc-a619-3db5da8da7e8,2026-05-21T07:57:08.193484,VN,verified
dacdda1d-5a2b-4bd4-9f4e-3a4f10f5f98d,2026-07-06T07:20:59.923968,GM,unverified
f32aa0ea-0104-4946-b074-81652fa44acb,2026-07-01T15:04:24.699574,MH,verified
c3bd6bd2-9e74-4367-b1ab-9f1ca5c46f7a,2026-05-17T11:09:30.249640,LU,verified
254f269c-c701-49ed-b753-ee3dc5da7edd,2026-07-16T22:20:14.432597,PL,unverified
8bd44521-0be4-4d34-950b-72b263178713,2026-06-14T15:46:51.772621,NL,unverified
dc96c8e6-ceb0-4d54-b975-fed976d091f1,2026-05-05T23:55:14.861090,CA,unverified
552551ff-a125-4f6a-99ec-da2717bbce5b,2026-05-09T04:36:43.637799,CA,verified
ffb6dacb-fd34-429b-9c65-30b9b827873f,2026-05-01T01:34:59.177414,HR,unverified
2d44fb66-7407-48be-beed-08990fed2c24,2026-06-05T04:57:55.899532,RS,verified
04a0a209-cafb-4c3b-b61e-f93f7ac58505,2026-05-06T02:08:39.418479,TV,unverified
ef71877e-c274-4046-9e81-2bcc19de6594,2026-06-26T20:46:00.386183,RS,unverified
4194178e-d229-448d-967c-cd5871d4f9d1,2026-06-01T23:24:00.236988,SK,verified
566b7aaa-aacd-4ec2-9392-23c7454a3a90,2026-07-18T14:35:52.693678,AT,unverified
275bb5c3-6e07-4d18-9db9-641baa424b8c,2026-07-10T00:57:26.654119,BD,unverified
083f2dd2-1661-44dc-99d0-c0e5a9a99358,2026-06-21T14:35:39.276408,SD,unverified
e586722f-3ee3-441f-bfcd-ac1ad55125f1,2026-06-28T09:26:00.059251,MX,verified
80b46f88-abfe-4f73-a245-ef73896256e5,2026-06-11T18:06:05.759249,BH,unverified
226aac9f-3fc8-44dd-8da0-e5dd2eee37c6,2026-07-17T14:02:12.510791,QA,verified
7ec8c3d8-25df-44ff-9ec5-88011e56f847,2026-05-19T05:43:25.355578,GT,unverified
994f2093-5fdd-4724-876e-8cd28a6e3367,2026-06-21T05:23:47.069399,SA,unverified
d909e953-4744-4c1d-b833-efe2966ea871,2026-05-30T05:09:24.460872,UY,unverified
267ea572-0b00-4c9f-8a22-2f6a882f267e,2026-06-18T01:53:24.995829,TD,unverified
4b8aa4b9-616e-41c7-9767-cb5fdaecaa58,2026-05-11T17:26:03.467312,BG,unverified
80b504b1-dcc6-40e4-8387-32082911af8d,2026-06-23T17:23:19.563403,BH,unverified
76629641-20e0-48cb-8a4a-74619cb8820a,2026-05-30T09:21:34.988018,PT,verified
59b230cf-6b2c-4407-9851-8e24c2ea321c,2026-05-29T04:31:28.050487,CU,verified
0c3e13eb-328d-40fd-9c08-8dd300ce2666,2026-06-28T18:02:59.806841,CH,unverified
65e7db0d-5ed0-4013-b8fd-2481fbac39d9,2026-05-15T18:43:12.114678,BN,unverified
22786f72-20a9-4484-911f-3eeef9361427,2026-05-15T10:25:16.605747,TL,verified
ab5725ea-706f-43e0-9c13-a1d4e4df1794,2026-05-27T06:20:32.409454,ME,unverified
a10b1025-4a57-40be-9eba-8c38ce41ab4e,2026-05-21T12:14:41.434747,PS,unverified
2aa25485-2e5b-4ffb-ba40-78b1e888086c,2026-06-12T12:40:11.319111,GT,unverified
a5e619dd-af64-4e28-b930-3fea1d8d6e62,2026-05-10T12:54:31.040231,LV,verified
15469b94-0f42-453b-9cd1-88eef7c04977,2026-05-28T23:58:05.085052,MV,unverified
c52f8dc8-1552-4728-967c-825443b6088d,2026-05-14T14:42:32.022633,LV,unverified
490b7d43-362b-498c-8e61-e0fdbd980435,2026-07-03T03:21:14.774249,CG,verified
1fd8c9a1-b9b0-434e-8a26-07bb24c7bc34,2026-06-07T01:48:51.282644,MK,unverified
5e784399-14da-4e0f-ab8c-dc54b06b2dfb,2026-05-20T14:14:24.880773,IN,verified
92d2f155-ea52-4a6f-bb22-c0622786fb6f,2026-06-10T04:11:23.418873,PW,unverified
4f1c69b2-9508-4ddd-b138-790c3d967787,2026-06-16T17:36:05.680938,DM,unverified
1f65a9bb-6fb5-425d-917d-5c575a8a79d3,2026-05-22T04:04:22.787211,JP,unverified
3fbd3478-e314-4d37-b575-eb3a38c4f4c9,2026-06-05T21:55:41.396330,SL,unverified
4bd889b2-4fac-4475-9d16-6ed488ea0cb4,2026-07-05T02:17:31.965765,MN,unverified
66b4a881-0981-4697-97ce-35e1b3b2ab42,2026-07-15T00:42:45.398580,GB,verified
82139c08-355c-4f81-bcc5-798254420c9b,2026-06-24T07:02:41.800767,ME,verified
49459b09-3b4b-4ba3-bc4b-3fe51abf85a3,2026-06-18T10:59:34.590272,IN,verified
b531ae93-2e96-4ef8-8168-8762ce1f9d5b,2026-06-28T07:38:19.421791,LV,verified
cf58573a-c90e-4206-ad28-91621732d63b,2026-06-28T03:33:03.159780,ID,unverified
be7a5a9b-75e2-4e0e-9fe6-b8159e3cc229,2026-06-07T08:42:08.845416,BE,unverified
c1db66b8-ae8c-44ec-a5e7-2bb506eb82b9,2026-05-21T18:30:29.744663,BY,verified
5851f302-8f49-46f6-815e-5829a5a5d026,2026-07-03T06:50:22.831448,VE,unverified
c76d3c9b-9531-4d0e-a359-f92b269bd6c0,2026-06-03T18:53:28.780776,DE,unverified
70ed427e-6afe-49f8-95f2-87dd09b03780,2026-06-03T10:15:04.743617,RO,unverified
0ce6b631-83c2-42ea-b9e4-713a4f546d63,2026-07-11T16:33:35.207172,KN,verified
d4f7ca5f-86fc-4b84-934f-94abe1c9b1d1,2026-07-13T21:38:26.168068,NO,verified
5c53e555-969c-4105-891a-895459e24e66,2026-06-03T20:03:47.753597,AU,unverified
c90bf8c3-22fc-4d30-840e-b323ef82733e,2026-07-18T09:35:05.590780,US,verified
08a55525-598b-477a-931f-a60a42f52b7a,2026-05-29T08:22:27.025749,DZ,unverified
1e63f683-8f52-4f62-801c-71f77882bc23,2026-06-02T22:14:32.964576,VA,verified
dd25f23a-5c0c-441c-9f95-e027a69ac954,2026-06-17T05:30:09.116420,MA,unverified
d629857c-e532-4444-b204-8422135e563d,2026-07-01T15:26:17.609132,BZ,unverified
529539fa-4280-4bd3-b7a9-82bfe4e6c3d8,2026-07-13T06:21:39.197896,IL,unverified
1a6ed539-df1e-413e-82f4-4d8ee70e5908,2026-06-03T11:34:18.020025,JP,unverified
5a308c33-ed0a-4da4-b6cd-b2aae2211870,2026-05-24T04:43:10.409142,KH,unverified
3f6d26b8-f62f-4370-bbde-2ba8475a1c37,2026-07-11T23:06:32.821456,LI,unverified
b2d0d49a-f807-4291-9b47-bec05acb8172,2026-07-05T10:05:52.548056,NE,unverified
f3cc7061-662b-47f3-a5ab-9aea30ee5828,2026-05-21T12:24:12.293367,US,unverified
0757ea47-0498-42ca-a5ac-df9a434744cd,2026-05-13T09:35:49.027081,TR,unverified
86b1aaf7-6965-4391-90bd-41cf0652c877,2026-05-18T13:30:25.419773,VU,unverified
ccf3d2ff-9930-479e-bd80-4ff2eb6d25d9,2026-06-22T08:41:59.250275,HU,unverified
4dfb1ebb-2ddb-422b-bd63-19a2c3ce151b,2026-05-04T18:03:32.862827,MT,verified
802a45b3-e390-4cdd-a890-c47d49b8ec26,2026-07-13T15:15:53.085965,ME,verified
68cf8661-e4f4-4b9d-af3b-766f93f042cf,2026-07-02T17:00:16.988493,SN,verified
444c00e8-a808-4dd6-b536-d9764929b87a,2026-06-30T10:55:33.620130,AE,unverified
4bab54f9-63c3-4fe5-a79c-61dd7380159b,2026-05-27T09:53:22.987257,PG,verified
6a2877bb-4f77-48d7-ad2b-03782b4bca8e,2026-05-28T14:58:57.585539,SD,verified
01ea3db2-41b7-4a16-bb41-79109c377f22,2026-06-12T09:02:58.870583,BE,verified
14b08cad-44d9-4a08-a77c-1fbb17ce7d88,2026-05-14T00:50:57.949038,AO,verified
18d4b952-d18f-487d-8cd2-8a70ef70b2e0,2026-06-11T12:01:50.526080,BW,unverified
9bfc487a-f1e4-41f0-b97f-da1951b3bab9,2026-06-25T01:01:11.365774,CG,unverified
57465d12-7428-419f-8d25-7a809f98e9a2,2026-07-11T17:07:14.058344,PG,unverified
5b52fe3a-d917-4738-b6eb-eba0cc4a7323,2026-06-20T06:26:48.172128,DE,verified
81ac80f7-c41c-452a-9c01-2628bbc7dd65,2026-06-22T14:19:15.557337,TD,verified
90e24f1c-3653-402d-9536-3d93fa818706,2026-05-02T10:01:56.393163,SC,unverified
ee241a59-0885-4e0f-b60d-1f4b5225cb69,2026-07-09T16:43:25.881710,MV,verified
2a52c3e1-ea7c-4ac1-bfd6-16dde8ac5eac,2026-05-12T02:58:33.456183,LR,unverified
5cf31c5e-5133-43e8-87a4-d78d033fe344,2026-07-16T12:23:05.121198,SM,verified
9ff81da1-7cf0-45b3-a5d5-246970d68d6b,2026-07-17T08:23:48.935604,NI,unverified
821fd09f-9849-4737-8cbd-3ad460f56df3,2026-05-12T06:55:42.314116,TV,verified
599e7d1f-6294-4b85-b20c-618e4923c528,2026-05-10T16:08:21.555798,ST,verified
e7a1e7b5-b4b2-4648-8a02-0adf1ff0fb44,2026-05-12T12:32:37.387381,MW,unverified
005bb99b-2cea-461e-9b99-e61bd7896f79,2026-07-17T05:44:36.251494,BH,verified
1ea4ca7c-5e1d-4ca7-be4f-08c834712f10,2026-06-30T00:59:31.260789,PW,verified
d3231762-ea34-4ad0-8927-c5eacde690ce,2026-07-11T05:39:06.983094,GH,unverified
a8017927-705a-4ae5-94ba-86eee3c13f16,2026-06-11T16:10:01.154912,GQ,verified
cf583e34-2841-4c7d-90ab-1debda81149e,2026-06-17T21:35:03.188703,MA,unverified
c1c2f27f-87ac-4fce-acbb-30ec13557e1b,2026-05-25T23:11:13.701676,RO,verified
7895fc0b-3197-45de-96f9-43c8d16122c5,2026-06-21T06:36:51.141075,PH,verified
e6738751-0cad-4d7c-aaee-832f5b8307bb,2026-06-03T05:13:28.983569,TT,unverified
cb984ba5-0da5-4646-a6e2-bbf31c71ecc8,2026-05-01T15:13:37.346488,DE,unverified
68b8d6a8-61ed-4004-b3f2-be59fb7519cb,2026-05-16T02:01:20.323992,PA,unverified
00ff0a1f-c4fe-4814-b0ee-4cac03e50733,2026-05-16T19:16:11.072756,LB,unverified
34b3f190-de7c-4314-984b-b892427a2ce4,2026-07-11T13:51:20.508767,SV,unverified
734a92ff-376d-4096-bc54-0ea1748b243c,2026-05-01T17:54:00.422588,UZ,verified
12d47be7-782f-4317-affb-8091970f51a6,2026-05-12T11:14:16.013830,JM,verified
239dd48c-487b-4e29-9079-0450be08264d,2026-05-31T04:59:28.981659,GD,unverified
2921f42a-2e40-4d8d-a080-5f3cfaddb15d,2026-06-18T07:51:18.634286,NZ,unverified
d6efbbee-2f79-4c9f-9489-b7aa7f21d8d9,2026-05-13T02:08:12.545187,ME,verified
ae495a0c-a931-454a-8f03-5defa23deaef,2026-07-07T21:36:28.420877,PW,verified
fe3e1c38-fb3d-4aea-8a9c-d7a3091c384e,2026-05-24T20:29:41.204223,ZA,unverified
31c0ce1f-64f7-4855-8418-3f9d3be4ec4c,2026-05-10T07:07:53.697099,TJ,unverified
1ae01adb-3aa5-4693-99c9-6c9568b5053a,2026-05-01T04:07:52.723593,IN,verified
3210ac94-056c-4490-ae05-5485ba815489,2026-05-31T10:25:23.743078,ID,verified
a3ebb995-17e8-4918-aef1-02cabf31b388,2026-05-31T07:43:27.311207,IL,verified
e21df3f7-6725-463d-98c9-f1d6e756900c,2026-07-05T04:40:47.106907,BA,verified
485d1a3e-b117-4fc2-a5ec-d05c8c514090,2026-06-26T10:09:56.496564,SY,unverified
c2e5b761-f3b1-4246-8588-bad6e1b9d98b,2026-05-01T08:27:29.049418,WS,verified
280689d1-939b-42a3-8671-7881bc396fde,2026-06-07T13:52:50.956347,DO,verified
76ea94b9-5b3b-47a5-80b1-97a2f86cdc98,2026-07-04T16:24:55.046347,LI,verified
22ec643c-8f8c-45f7-9da6-3726d7603022,2026-06-26T02:28:36.866885,AL,unverified
ac229bd6-9964-48c3-82ca-2e9872397e67,2026-06-16T21:38:49.780699,HU,verified
e2eb0ad1-1f0a-4cd4-acb4-3dc1daf512af,2026-05-20T19:52:33.879087,PT,unverified
5207929e-e774-4368-b780-341cd5f67a39,2026-06-09T02:22:16.516129,RS,unverified
21f4e6af-c489-4c77-833c-1113e7a9c25d,2026-07-08T18:59:41.694408,AU,unverified
e2d4d0d4-0a9e-4ede-8bb1-d318c359860f,2026-05-24T19:06:55.648702,CG,unverified
3da6cb36-d30e-41cc-bfda-409113ab7e62,2026-07-12T20:36:18.937256,PH,unverified
ab43e0d2-47b2-4233-a0d1-928ba9e15276,2026-06-13T07:49:56.835448,YE,unverified
ff5e029b-36c9-49e1-9c72-ce4a3c228600,2026-07-06T22:20:00.451040,DK,verified
ee0db32c-7ff0-4d7e-af88-32129e863bbe,2026-05-26T00:39:49.447271,SG,verified
5525b248-904d-44e6-91b7-6cfb237c22c2,2026-06-25T03:47:52.362067,SB,verified
678803db-dd12-4c99-8e48-429d12e85e9d,2026-06-15T18:16:50.452739,CZ,verified
878901ab-a21c-4ed1-90a7-93c7b8415cc5,2026-06-22T02:50:36.245335,SG,unverified
8ac83e9e-538e-4772-83aa-e627cc2f7ab8,2026-07-01T01:28:52.432624,AE,verified
4fba2bf4-15ff-4ecd-928d-b7cd9a9c1bdf,2026-07-03T01:50:26.480947,JO,verified
d743abcc-da59-4209-acec-ca26f111bd09,2026-07-05T10:10:20.151218,NG,verified
db185cf7-a831-4301-87eb-04c58b0451b2,2026-06-16T03:30:34.486137,PG,verified
f10ed04a-f165-41d9-b15c-4738356a22a2,2026-05-21T03:25:59.579542,BI,verified
89419229-2e92-401a-bbf6-bcdc6713c545,2026-07-18T05:08:19.596720,TW,verified
72e673b1-80ba-45a6-9945-a73a14909b94,2026-07-14T20:06:41.710857,MW,verified
254ca70e-6773-4ba4-8118-d69ba6ee67fa,2026-05-04T04:08:44.900143,MW,unverified
a6891417-feda-4b6f-bf40-1e0281cd33d3,2026-06-02T13:22:10.893403,HR,unverified
e2c1f91a-f69f-457d-9887-6af3d6a57c39,2026-06-13T20:42:19.401299,RU,unverified
48c67e33-1d63-4b61-a4f5-b523cdc81ac8,2026-05-02T21:42:42.063293,BZ,unverified
5060410e-8c81-4d1a-9b65-1b539021c76d,2026-07-09T08:39:17.753557,DE,verified
37aaef14-892c-4446-88b3-3d8524e95f51,2026-07-01T11:27:48.694479,JP,verified
1c4d3292-eae7-4154-a822-5afb07ceace4,2026-06-03T02:44:24.465765,TV,unverified
03da78e9-8f5a-45ae-a5e8-9b988caefedf,2026-05-02T04:45:32.244782,TO,unverified
910d09c4-a2ca-418e-b2c6-be98e277694d,2026-06-05T01:44:39.620457,UZ,unverified
005eb340-2684-4d05-a016-b7810e8ed0f3,2026-05-25T08:22:47.833456,TG,verified
7773b9e4-b801-4c60-925d-5db49bff0367,2026-06-29T10:41:43.860843,CZ,verified
052e087f-a66f-43ab-91a3-0f08b8d2387b,2026-06-23T17:44:05.852384,NO,unverified
997fe716-c041-49c2-9bad-24cc9a307455,2026-05-05T08:07:00.698646,TR,verified
ae6ad374-f665-408d-8f4c-a82b23e3a8dd,2026-05-23T15:06:44.478983,IT,unverified
cbc462e3-694f-4fd9-baaf-dd34a580f169,2026-07-15T23:25:14.835477,US,verified
6cc216be-23d2-4808-b479-91035497184a,2026-06-04T22:34:24.448820,NL,verified
db230ea2-5d43-4cc1-a41e-a9197a4afffd,2026-06-27T02:30:41.027990,WS,verified
d29e30fd-2f30-4e2c-b3ad-ce2e7df50dab,2026-06-01T01:20:03.030566,CA,unverified
a860419f-e38c-4c08-b0e6-e0e571a2dafc,2026-06-26T01:59:00.045088,JO,verified
c8b48e0d-0230-4deb-bf5c-5009a38560fb,2026-05-25T16:09:46.128598,BG,verified
050c0672-a6e4-4f9d-899f-67b14a7ee8c0,2026-06-29T05:07:43.316362,LB,verified
bf51c32d-c3a0-4099-9810-5beadca48bc6,2026-07-16T12:57:56.059864,GW,verified
947e7030-bb96-458b-a870-95c9ce528e5f,2026-07-02T19:00:35.530524,IE,unverified
70aade10-342b-4475-a43d-48baa5f094c9,2026-07-15T15:11:02.194247,FM,unverified
54355a7a-dc4f-40b8-80e1-80fa26fd9d1d,2026-06-12T19:32:14.802852,VE,unverified
9053b3f6-684d-4835-a3cd-607f132ff23e,2026-06-20T12:20:09.957312,GN,verified
7f51e56f-3415-409e-a72a-f5ec8d553273,2026-07-10T06:01:43.530938,SL,unverified
089a2e10-7891-4710-9e18-8a60052fceb6,2026-07-17T15:08:59.348429,IT,unverified
a353de9a-147e-4494-b5f4-d910401c622d,2026-07-14T00:28:26.220740,NL,unverified
2493569e-d64e-4e5c-96bc-f8a6e696e4ae,2026-07-09T20:11:03.834093,MC,unverified
cc5e1399-9cc1-467a-8ff7-237658d90020,2026-07-17T16:29:13.905806,VN,unverified
be42b238-46ae-4314-8b67-06ff8010bb90,2026-06-13T08:27:46.155492,SB,unverified
4f7bb864-2ec0-44d8-95a6-e63d2c630f50,2026-05-22T15:32:22.674988,RS,verified
965296ce-0c1b-4270-b831-fd2b2baec9d1,2026-05-27T02:02:35.306186,PY,verified
f40be7aa-ef3f-4393-9f02-08e908ef518f,2026-06-24T22:21:02.271553,GY,unverified
f10165e3-6c8b-4a29-a589-7c677de39fb0,2026-07-07T11:30:31.277635,BO,unverified
c4579fe2-eaf9-4ba9-aa0b-5e03f0a385b5,2026-06-23T21:44:35.545856,AZ,unverified
7680310b-f8fe-427b-a612-833d8707dbc3,2026-05-03T03:04:42.317917,BO,verified
4adc2ba2-3aa2-42b5-b7c4-514d4b1f75b9,2026-05-06T04:12:37.945809,SN,verified
b71b9247-048d-4e54-b082-517f43261584,2026-05-22T23:59:37.990490,AU,verified
d58cb604-323d-471c-92fa-4bc23b6bcd2e,2026-07-16T17:50:25.273347,CA,verified
523a0c58-aca8-4525-8679-637fbddefb7f,2026-06-09T09:19:56.809127,RW,unverified
2898f1f5-62b7-47bd-8498-3e6db134a145,2026-07-11T03:35:20.652563,NO,verified
3c32dc24-5dda-41a9-9541-e9ea3a455f1c,2026-05-18T03:06:57.136119,GN,verified
1e55dd22-c97d-44da-8a0a-a71393f5e237,2026-05-16T08:22:27.598146,PL,unverified
1ca0fb51-3915-4687-aa45-57be336761a2,2026-07-01T23:55:51.203235,TH,unverified
5d2fab21-5a94-4815-8436-1bfd02a0457d,2026-06-26T18:24:45.865564,SN,unverified
98226c87-ff4b-484c-b253-fbeb29024d94,2026-05-29T05:10:05.483670,AO,verified
a528e0a2-3d0b-44c4-8b93-116438d44468,2026-07-10T01:04:44.035815,MK,unverified
c927e640-06fb-4a56-88c1-9ff9a3ce5eb9,2026-07-03T01:27:58.732433,NL,unverified
cd0ed4bd-cbcb-4c69-ae07-149fa14b579a,2026-07-01T23:19:23.391250,FJ,verified
15d36f09-2609-4af3-af4e-09fd69e1e2d5,2026-05-05T03:03:44.828197,PK,unverified
79f7051f-8c3a-4315-9955-f89fd51e2f23,2026-07-05T23:38:12.285457,LS,unverified
0be0239c-4978-499b-b4f7-537548b26d29,2026-06-09T11:29:55.206714,GR,unverified
36dafddc-41ab-49ba-b42d-8af0259f371f,2026-06-17T12:08:15.538260,HR,unverified
da0f7c48-a752-4deb-bb3b-88704d05f79c,2026-07-14T06:27:06.338901,MZ,unverified
8a68dd2c-1469-41cb-86dd-0980244bee70,2026-05-25T05:02:50.637395,SO,verified
77b7320f-594c-487e-8e61-40400c171d20,2026-07-05T01:19:57.027043,CZ,verified
933d2471-2435-4b2a-9e2a-2b2c5b3276ae,2026-06-02T02:48:35.126367,EG,unverified
da75b6fb-d5c8-4d5c-943f-60f324f0ff4d,2026-06-11T13:12:53.531061,SK,unverified
9ee56f7f-3e28-4215-a868-6fa75d278a3b,2026-06-27T19:44:54.329638,VU,unverified
5ab2477b-c80a-4c27-b76b-fd5297a20cae,2026-06-30T20:30:49.501945,DM,unverified
b91e8cf0-c74c-481b-9abc-0e2cdcae9549,2026-07-10T09:10:40.694591,MK,unverified
9fecacc8-61ce-47f8-a598-71faf04ad756,2026-07-06T19:16:58.708285,CH,verified
80786ba6-89f2-4c9f-a02c-d027d8d1ec79,2026-06-27T09:32:44.839119,EC,unverified
484edf82-2242-4d7e-90d9-3a186cffa927,2026-06-16T12:18:12.452175,SN,verified
ff61d921-499d-4f49-affd-83436a959f71,2026-05-24T23:53:10.484349,LU,unverified
8da82120-cc15-48d0-b420-bfae3eedd4a0,2026-06-17T17:12:05.557344,AU,unverified
db981733-13dc-4d16-90d9-6ff39083e605,2026-05-30T19:08:59.164637,MX,unverified
ec9792a3-073a-4ebf-a0dd-d8afe1022ca1,2026-06-25T10:31:01.546738,BD,verified
b1147b8c-ed96-4106-9223-1a6847dfd50b,2026-05-19T11:11:43.875205,PS,unverified
f5da58d8-cb17-4aad-8470-5d3be5211de4,2026-05-03T14:09:25.561920,FJ,verified
40e94f81-cfea-47d7-8194-ec68d05cd144,2026-05-21T16:34:24.099959,GR,unverified
3862078e-ad40-459a-828b-5359a3806d9b,2026-05-25T08:11:46.174364,ZM,unverified
078b3819-c425-4eeb-b579-a5a8ad4517cc,2026-05-31T20:45:12.295818,PA,verified
90f37625-6c5c-49eb-896d-e3161300658c,2026-06-12T04:36:12.178772,BY,verified
7a3e58a0-f5ac-4aa2-99f6-230d7cb63f17,2026-05-09T21:26:24.380447,ZM,unverified
a8c83a06-7531-48fb-a052-fe32ab622399,2026-06-04T11:18:37.363813,ME,unverified
5decb4dc-c3bb-4dca-9e07-f3ba7028a378,2026-06-27T08:22:16.787655,IE,unverified
8f722a5f-0002-4146-810e-e691d494f593,2026-05-02T08:02:57.934117,MN,verified
eb9b1a33-1207-44cf-b829-fb66b12f69ca,2026-07-11T02:54:44.849291,AL,verified
ca717d38-4f09-4752-92dd-422e9c56629c,2026-05-27T14:05:17.369187,NI,unverified
1da8bb03-a3ac-4293-be80-21459ac44a94,2026-06-08T19:12:25.371867,KZ,verified
71977bde-3cb3-4bad-809e-84e3429ddbed,2026-06-07T10:34:13.303002,BY,unverified
dc4c93ba-4735-43a4-9b47-de25ba21894b,2026-07-06T05:48:47.125010,BR,unverified
bfd136d9-e267-4679-af45-afc74014a84a,2026-06-05T13:56:48.554647,TD,unverified
2f4a4aa6-dde1-4cc3-a73f-4929eba7213f,2026-05-31T21:01:15.821136,IE,verified
2cab9838-a12d-4087-8dad-09a1ae53d58f,2026-06-16T16:25:51.966912,MV,verified
4ae004e5-64d6-40a4-a95b-ce6d6583fd11,2026-05-04T06:09:10.388409,PA,verified
cd0e8c76-1e3f-47be-bd08-010d7b62694b,2026-06-30T18:47:26.447600,VC,verified
7d5b7288-e69c-4655-ab93-5a994f9ce75e,2026-07-19T02:09:21.865265,KN,unverified
5c4417da-c285-42c2-8613-0d9293dcacd9,2026-07-08T15:54:54.360057,DO,verified
8cf556f0-7de8-49ec-848f-1bea9011488b,2026-06-14T07:40:19.915403,UA,unverified
b159f1d6-1942-4b5a-9e06-b1667e03419f,2026-05-28T00:34:20.470658,CV,verified
e629973d-5102-4da5-ae05-658c977276ce,2026-07-13T16:03:08.454398,KW,verified
293494a1-2aba-4026-8426-9b660dd95b55,2026-06-10T05:36:09.245784,PS,verified
85a89d59-d37f-4a64-a168-664b48235e99,2026-06-21T16:33:48.227093,UZ,unverified
ee7957f8-9d53-411a-94a0-813f915344a2,2026-06-30T07:46:32.578621,VC,verified
e3332ba5-422b-44d0-a5a8-032aa3f02254,2026-06-03T07:27:53.763621,ML,verified
5f263891-8851-4c59-bd62-1b4ab36de8d2,2026-06-06T00:55:50.318550,LT,unverified
8a1cf78e-cc1d-4bc7-857a-c68eddd83521,2026-06-23T17:58:49.488537,KR,unverified
bb3d7879-8c4f-4971-aa32-c54812e8d3b6,2026-07-01T18:25:10.205441,DJ,unverified
ff26c306-817e-4f65-b24b-834d5d4c7ec0,2026-05-19T23:34:25.296345,CV,unverified
601f1a98-e4f8-47c0-9b84-bf11d3ca7165,2026-05-06T21:27:30.981302,SO,unverified
3859775f-72e3-4e1c-89de-c228ccc173f5,2026-05-09T22:49:06.504780,RO,unverified
4e9f708e-108c-4cc1-8757-f9238a19969b,2026-05-23T03:58:23.051841,MK,verified
fdd322bd-7259-40f6-a14a-5710c38673f3,2026-06-09T09:42:51.941550,YE,unverified
b3ae3ea6-7f5f-433f-a11c-327ac047b1fb,2026-06-15T12:42:22.019034,GE,verified
9d184f54-a59c-4a1d-a94d-338c0c9cb561,2026-06-03T23:17:38.225326,LV,unverified
309e45e7-e23c-4836-9b61-9535611a40c3,2026-05-12T04:04:03.977693,BW,verified
0a7715d8-f9fd-4515-b8be-04d1a3cadcf6,2026-06-25T23:51:17.992376,GE,verified
803db31f-085b-4ad0-81f5-5b05bc3e294b,2026-05-07T16:47:12.846914,HR,verified
4aa1223f-a0a4-419e-9598-2f7788c87897,2026-05-16T00:37:16.222201,BT,unverified
c2d0cbaa-c5c7-43ca-adfe-f35cc68fbd5d,2026-06-12T08:20:05.818993,ZM,unverified
cc0d374e-1bc6-4f1b-9a01-93c4179e7040,2026-06-18T19:19:53.462195,BG,unverified
047b4a9a-c532-4895-a22c-df6a5543fd59,2026-06-11T02:10:23.774269,BH,unverified
b6f0a2f0-b266-49b6-ba6b-69ee152ae67c,2026-06-24T09:14:08.749352,CF,verified
109d4d95-7732-4305-a29b-147cfbe7d9a1,2026-05-12T09:00:03.737988,GB,unverified
543cfd67-8a35-4ef7-a78c-c9707a0f58b9,2026-06-27T11:40:32.526252,JO,unverified
05f5fb0f-7412-4642-872e-bfc8de0c8eae,2026-06-28T03:53:59.401491,FM,unverified
f457d3db-9f6a-4286-906f-6be554b23604,2026-05-23T22:44:38.652245,EC,verified
ce12b4f0-d915-4364-8445-0810df4ea8ac,2026-07-05T13:49:21.475157,MD,unverified
ae2c9209-4eab-4733-adf9-625ee2defb9e,2026-05-06T16:08:46.580313,BJ,unverified
54272932-192a-4223-937d-a23d33cbab25,2026-06-08T04:47:15.573163,BI,unverified
d16e0738-e56b-404b-a3cb-d35b96b768cf,2026-06-13T19:34:30.351941,MC,unverified
e05de3d1-8c05-4003-9b43-3330d9ff675f,2026-07-03T19:34:09.064451,NZ,unverified
597ba8d4-2efe-4a69-95c0-f97159fcf08f,2026-05-07T14:39:31.204808,VN,unverified
28ffd7ce-2075-4e8e-b1b6-de10a6acbe43,2026-05-27T06:31:36.911802,IL,unverified
320cd32e-135b-4939-a3f1-e0e539c3bfde,2026-05-05T11:44:33.366199,TO,verified
f0e01e1b-25c0-4ad8-912c-f1c68e043186,2026-05-17T08:05:56.330319,PG,verified
e100b1e8-d369-4853-a63d-d7560ecd5194,2026-06-19T01:43:26.183396,SN,unverified
b03b8d31-24d9-4aad-ba17-7ce6631ed0ad,2026-07-08T11:57:20.033985,PG,verified
559aeef8-6e91-4d2c-a0f9-aa0b4ca4d423,2026-06-11T07:42:20.112033,EC,unverified
e71bef81-27c7-4308-b1c0-27e5f91790e4,2026-05-20T06:20:27.310673,SD,verified
b74584ea-379c-4c69-b23a-e5602a48c6a6,2026-07-13T20:04:22.730408,ID,unverified
9661682d-3606-4cf0-b059-ac406817b8a1,2026-05-26T23:56:42.918499,TH,unverified
1ebce8f4-d0f9-4f70-987e-40e65c7f846e,2026-07-10T05:25:18.785019,VN,unverified
1b1973d5-cf31-48fd-8c39-4b26f30749c0,2026-05-21T16:46:20.789091,BS,unverified
9eb7c9a4-b61e-439b-87c7-29256a8189e0,2026-06-04T14:17:31.760347,CM,verified
6e005b97-79ba-497f-b632-c4a1088ff6cd,2026-05-24T19:50:00.793865,GM,unverified
7ad7082c-77d0-49b5-8f33-836a30a1de3f,2026-05-02T17:19:10.039972,ZW,verified
9871d530-24c7-4afa-91f3-f074df4ec038,2026-06-28T20:36:44.420732,NP,verified
42dc653b-ee0c-4cf0-a99d-753e586472c8,2026-05-09T08:11:45.332450,JP,unverified
02c577f1-c394-44e9-a2e1-e7c89664c7c0,2026-05-09T18:32:37.786582,PT,verified
5a9b2c57-a159-4c21-bc53-151cc213df96,2026-07-18T13:31:44.154401,KG,unverified
806fad11-b70b-4a24-9e3b-b6695a91c171,2026-06-27T18:31:09.257061,AL,verified
5993924b-62d0-4ff3-bf21-713b0296c4b1,2026-07-17T13:30:29.727248,GA,unverified
238cd8f6-1df4-4fb4-86e6-e4b1a8a2439e,2026-06-16T19:12:26.215139,BI,verified
c8bc9c3d-902c-49da-ae66-e60c280505a2,2026-05-09T09:33:26.041949,AT,verified
16c1822d-06ca-4031-979d-06e8e6e87166,2026-05-13T18:37:45.301084,LC,unverified
3bc8a907-c94e-465c-997d-89fc7201ab76,2026-07-09T23:01:32.705528,NG,verified
67d7e370-8169-4fe6-9af5-5dd4b33159eb,2026-05-25T10:35:30.890160,AF,verified
bd79acd9-de03-435d-8f0e-40e45288f4f5,2026-07-16T23:29:41.117674,SG,unverified
57d2776f-5d32-42c7-84e7-70dcf3fc7523,2026-05-07T22:55:25.442082,ZA,unverified
b6a5d6af-3aba-4c1c-988b-cebc112e043e,2026-05-10T15:53:04.311463,MW,unverified
58db56e9-2a0a-4bc0-9c70-26cdee0a59a2,2026-07-19T09:24:15.363240,ML,unverified
febdccff-8586-42a9-a80f-736ffee6d1ae,2026-06-13T14:30:28.856229,PW,verified
de51ee74-bc88-4c47-86fb-429d8f39b167,2026-06-28T05:26:48.400929,PE,unverified
ad68a5e2-cfc5-4c8e-9876-5a263c0b89fb,2026-05-11T10:38:01.413815,MR,unverified
a4f1387e-8181-4f1f-b6da-8fc13790a1bd,2026-06-20T04:04:56.590263,CR,unverified
9b6bedbc-692e-4a9c-8450-fcc5320bd6cc,2026-07-19T11:40:36.131512,GD,unverified
e0528c5e-cb20-4f21-a468-a02fa9c66ac4,2026-05-21T19:14:45.362219,NL,verified
5eba2807-671b-45dd-ad4b-fea1971e28ec,2026-06-13T23:07:20.615532,ET,verified
ae192e17-a8cb-497c-8ef7-eabba98c49ab,2026-05-19T20:59:58.105988,GA,verified
8a639aa5-f60e-4e94-8cb1-31216102d178,2026-06-09T01:37:57.864303,MD,unverified
33c7efbc-9074-488d-a753-95ecd1187fdc,2026-06-18T02:46:36.519946,GE,verified
fd185daa-e116-4410-add0-ea4b2ba99e3a,2026-06-26T06:00:57.715224,TD,verified
6077092e-1124-4f6c-b933-4fed2a2db59f,2026-06-04T17:06:11.364650,SE,unverified
af1660e3-6e33-4a6a-81f2-91c4c192273d,2026-06-03T17:29:58.258340,MM,verified
7b2f9c9b-024c-4d0e-90e0-aaf05f1d98f5,2026-05-26T10:26:14.708990,PH,verified
fafe3765-a7b0-4bf0-82d4-6eef25ed4ebd,2026-06-11T22:39:46.281167,GR,unverified
e862995e-b221-4941-8b6d-0f54c8e66c3f,2026-06-27T07:21:52.638952,CH,verified
c9dad839-7ddb-4d38-ada7-a106c8a3be62,2026-07-15T15:46:50.613765,LV,unverified
515b2990-f31a-4469-9354-36f4aa785167,2026-05-21T02:08:38.510695,GD,verified
57065e2b-4f1f-45c8-9738-ad339a4e36a5,2026-05-07T20:56:13.910441,GM,verified
234e1bf5-93e5-4603-94b2-c08b9135e87c,2026-06-27T23:36:25.665708,AR,unverified
313c49fe-b938-4f5d-9c6d-81fe1f08affa,2026-07-04T06:07:50.078429,BO,verified
52113557-3863-434b-a8a3-d597353729cc,2026-06-14T14:43:13.673728,IL,unverified
1ab27c44-82b6-430e-9e84-10e447b22f6d,2026-05-15T18:58:51.797801,CD,unverified
224313b2-e7c6-460e-9479-799355a24276,2026-05-05T03:12:41.411038,LY,unverified
2e553117-e4d1-495c-b1b9-d6b0384512d3,2026-06-01T21:40:17.071734,SB,unverified
2e31ece0-7388-4126-8555-b7f218d8693a,2026-06-24T19:18:25.466431,TZ,verified
34fe61fb-b9f4-4c8f-a31d-3dd8426438a9,2026-07-07T02:46:25.695313,MX,verified
3efdc0b4-cad5-40f2-887f-9036baa73b62,2026-07-01T09:30:46.773820,MK,unverified
eed34036-9842-4871-bb26-fbb325dbb7c5,2026-07-16T05:27:34.156262,GM,verified
2d7ff569-3357-4162-8d9f-8a8d8717ba76,2026-06-14T20:11:48.906761,GM,verified
7886d6aa-267d-493d-97a7-6ebb3ce240b3,2026-05-16T06:55:10.526707,GE,verified
59bad9cf-bca5-45bb-b175-ef1a14e7c7ca,2026-05-17T08:03:47.989389,TR,verified
97577d4d-eb2e-4fe1-8371-6985c93a0f9e,2026-06-20T15:53:35.746285,ES,unverified
ef4f810a-0f44-456e-9fa8-a27a079c6fad,2026-06-05T12:31:52.744005,SY,verified
abc5b138-694c-4090-9828-843527a84c27,2026-05-05T09:25:00.987797,BJ,unverified
3299df15-a130-4e52-a53b-17173c1dc07e,2026-06-10T11:47:06.771435,MG,verified
659376d1-58f6-4a1b-ae1e-0f4664f1375a,2026-05-08T14:54:16.569657,RW,verified
63b41268-3f6d-41d0-931c-d4fecc805a36,2026-07-01T20:04:44.957541,KG,unverified
57caeceb-1e02-467d-8147-badb0490a59a,2026-06-06T17:41:54.628072,SN,unverified
e5d9b91d-e6ef-4101-9e3d-8a7885412e42,2026-05-03T11:50:06.902906,ER,unverified
524b920c-181c-4232-bc8e-0f84a4d5a419,2026-06-02T19:36:08.657587,TJ,unverified
b004cc77-24ce-4e8a-a70e-245a7d02d477,2026-07-05T22:08:40.064696,SK,verified
bd3c523c-c11f-4078-8e9e-b3dd69540f78,2026-07-13T23:29:14.833951,VU,unverified
b5c4ccae-21e4-475c-b8fc-25d51a8eec41,2026-06-17T16:38:49.766716,ML,unverified
010c1af6-7d4a-42a0-894a-94ceff2df5cf,2026-05-27T22:32:16.505053,CH,verified
f42d52b9-fb48-4deb-ab89-a5407d9e0573,2026-07-08T09:48:33.441154,TL,verified
7bb3f421-2044-4eb0-b10a-dedef7f46e50,2026-06-21T16:42:56.677287,UA,unverified
b964bef4-794e-405e-b6cc-109723fc75e6,2026-06-18T11:54:49.465331,TW,unverified
1bc5ed1b-c189-4c30-9517-1707997f5c83,2026-05-22T12:34:31.412548,IL,unverified
d0986904-806b-456e-a6e7-8dd95503d727,2026-06-01T13:19:12.628615,LS,unverified
f64d27b7-0862-4f8c-9109-eda515a1118f,2026-07-02T15:36:01.836190,PT,unverified
73c80c43-d0ea-4e32-894b-03a245d5cf50,2026-05-20T11:46:20.207639,GW,unverified
bef4a822-ac38-413e-aeee-cded8b695a7b,2026-06-30T21:17:21.329239,KE,unverified
55a947c9-d0fd-42ae-a2b4-82585e75d64a,2026-07-14T15:13:21.062088,GN,verified
133fded7-cf0e-497c-8df4-4ae268480a8b,2026-05-22T11:58:17.880552,LT,unverified
8a6f963e-0f84-47b9-821f-f302d3b47e44,2026-06-30T23:10:53.995091,US,unverified
14660d21-a2eb-4743-ae10-edafb751f893,2026-07-11T08:36:31.156011,PL,verified
298a1ecd-2ba4-4df2-9e18-33fe6a2b2396,2026-06-15T15:45:29.460808,LV,verified
2ca5186a-940d-44c3-9aa7-d1b9619c29b2,2026-07-03T02:22:46.772399,PG,unverified
17c91505-a854-4a09-8d56-3664053f7382,2026-06-14T12:20:37.234891,SV,unverified
96f64fc8-cf27-40a4-aec1-62c9c167b562,2026-05-29T07:02:03.268767,TO,unverified
36913807-f307-4753-abab-f24eff6ef02a,2026-06-04T09:04:04.912381,BB,unverified
7e451a95-c7f0-4d5a-ae05-9f577b5578d1,2026-06-30T18:38:16.651565,PA,verified
be8996c4-0a65-477f-8830-db2be71ae806,2026-06-23T20:59:42.928667,CU,unverified
bcdfd265-9082-426e-8a4e-0cfa4b646b65,2026-06-30T07:25:08.631552,NZ,unverified
ddf8a066-d12e-4586-a118-2301e9ae0dc4,2026-05-24T19:44:11.936394,HN,verified
463f098b-99cb-442f-be06-8dd187ed3057,2026-05-22T21:41:04.124488,IT,verified
48956304-5318-46ee-b635-8e4e0b4324bf,2026-05-22T04:18:57.450988,SO,unverified
91e01861-d065-46c0-a334-9c8611d2853d,2026-06-24T15:49:57.336495,IN,unverified
60318ba6-7d67-4740-b351-1d83c0379a3a,2026-07-11T17:03:00.625801,GN,verified
c25c53b6-6481-439d-8326-8afbbe8fca55,2026-06-17T07:13:39.506927,GD,unverified
3ac601cc-f1ab-4d34-9e97-73f95aa63885,2026-05-07T09:00:06.010927,SR,verified
ef2cab53-0044-454b-b581-f2c6e9259676,2026-05-02T00:19:27.087380,SD,verified
53af3fba-2ed9-4858-829d-0886fcc36399,2026-07-11T05:54:25.123431,HN,unverified
5a748f39-dea2-4763-9adb-bc29f7c2df87,2026-05-10T13:39:37.353224,HN,verified
35de8b07-adf0-4e99-9081-aaa12e7f353a,2026-06-05T02:39:49.745946,HU,verified
1941747b-b9b3-45b7-acc0-029fb31bd69d,2026-06-09T16:06:59.756433,CV,verified
910c3c4f-0bd9-4406-9506-e6dbb3e75402,2026-06-20T06:29:32.207067,TN,unverified
ebf61eed-51a7-4b81-b1ab-0682754eb0f9,2026-06-17T15:22:11.363517,KZ,unverified
c1886350-4f9f-4130-862f-19d5da18f3c8,2026-05-27T15:11:48.806176,LA,verified
9dc40814-670a-49af-bd2b-afff4f9c88dc,2026-06-30T12:44:49.516509,PK,unverified
9f29a7f9-03b0-4f24-aa38-01adf00c6374,2026-05-10T13:01:51.256119,MX,verified
b4589a82-2829-4783-a466-fe5191fb0ab3,2026-06-27T07:30:32.775398,JM,verified
8bb3860e-dc33-409f-a9c0-6e3cadd34405,2026-06-09T23:19:51.020267,KW,unverified
73888698-b510-4f92-88cc-4e2dbf3da2c4,2026-07-18T05:35:22.910471,AO,unverified
cf5d6327-b38a-47e2-a2dd-f4ac45e59dcc,2026-05-28T00:02:25.479544,ZW,unverified
a9f3267d-53ae-4a7b-acfe-9bb54a205bb3,2026-05-28T22:29:03.407180,MH,verified
8de4a1f6-a6cc-4971-a8c2-4213ab4e5e5d,2026-05-30T22:20:02.708702,UZ,verified
834bb64c-2dd8-4b08-ae2f-283ce36acfc5,2026-06-05T05:27:32.849622,SZ,verified
f23ce9ea-5130-4751-8871-3b33b715d85f,2026-06-11T11:04:41.924293,BA,unverified
17f04142-2739-4b88-a540-0f0313993668,2026-06-04T12:57:16.827848,SD,unverified
727d18be-ae0d-4576-bbb9-dbb7d3115195,2026-05-18T06:16:11.891618,IL,verified
7d29548a-6382-4066-b58d-139ee6f7b561,2026-05-11T07:32:30.438734,IR,unverified
3c3f5886-f1c2-4cfc-a82b-9f9f20c00872,2026-07-07T15:17:54.273089,SV,unverified
f9c86e62-f81c-4a7b-863e-1db3f1b8e19e,2026-05-07T06:35:53.250535,LV,unverified
be392c21-8047-4fe2-b5b7-6270edc15475,2026-05-28T18:19:05.045143,BJ,unverified
cadc02b7-db9e-4ab1-9c5b-feb834ae1c25,2026-06-27T17:46:48.246413,TW,verified
a944ee7e-424f-4674-8880-7cc50a584f51,2026-07-03T11:51:08.282591,NL,unverified
befcd780-ea9a-4f8a-924e-53600834a0be,2026-06-17T09:17:12.209600,BN,verified
a4de83ee-8113-4b54-a83d-20fe1faeae0c,2026-06-21T02:51:05.975926,FJ,verified
4eb02a24-af00-4673-9d88-abd28b233d90,2026-06-13T16:15:22.842643,UZ,verified
c8e3cbdf-c291-4e80-9e3b-00b47a33f995,2026-05-12T14:42:04.580997,TV,unverified
1cc0d3a0-9808-4e2d-885a-993146e271e8,2026-05-08T21:51:30.607295,AO,unverified
cc90dc6b-44b9-4ed4-9c4e-099601fec36e,2026-05-28T00:16:09.128794,BT,verified
6aab7026-1bb2-413e-9dc3-28ac41da4164,2026-04-30T17:36:55.414852,PL,unverified
bfc91140-949c-418f-9ede-ecc8ffe7c1a0,2026-06-13T00:13:53.486426,FJ,verified
60cc0067-350c-405a-9774-340032477f5a,2026-07-18T15:27:01.202092,GB,unverified
0b1f2cca-50a7-466d-a5f5-65fbb8dc5e61,2026-05-21T11:37:48.455884,BD,verified
c80a5fd5-13a7-4ae8-92cf-1ab74e7133f4,2026-05-28T01:56:39.814062,TW,unverified
3f697673-1cb0-4c4a-81a8-78536c97366a,2026-06-07T01:15:05.248115,IQ,unverified
12d7bc45-3e56-4730-96b2-ac74f81b2dfe,2026-05-25T12:25:10.399265,ML,unverified
ddb609df-5af6-495e-8bbf-8014fcd031b4,2026-05-24T23:22:29.626579,IE,unverified
6cead736-2b2c-4ff3-b29b-a242b588c43c,2026-05-29T17:22:30.614287,MV,unverified
ed930a92-f5ca-469f-adbe-3be90d7b4884,2026-06-18T17:29:57.011224,BW,verified
608edf27-9541-409f-8da1-a2dbdb3d4058,2026-05-05T22:10:45.014206,RU,verified
00fa4964-b5bb-498f-9422-fa27282508e3,2026-07-03T23:01:39.161545,CD,unverified
f1185aae-a40a-42e3-849c-c46b1c3a6755,2026-07-02T11:57:19.319092,MW,verified
b7da212c-446b-43ea-9a81-b80cbc05f808,2026-06-27T18:05:18.176879,CO,unverified
90942c8e-81d3-4e62-9ac8-f42f438995c8,2026-05-28T10:44:30.729681,GQ,verified
27d08c49-5c9d-45b1-bacc-94d98b78e757,2026-05-12T12:48:25.437837,JM,verified
09b3cd75-334a-4b9e-a73f-6341bc0230f3,2026-05-16T07:19:56.851267,KI,unverified
a1fcda82-a628-4366-a0a6-55df12662d92,2026-05-29T09:50:51.908537,MW,unverified
62c40632-83ac-4e1e-90e9-1cda746c7dee,2026-06-05T07:57:04.662878,BN,unverified
68247ff5-a237-4335-be09-bca4d5a73263,2026-06-06T20:47:29.994741,IN,verified
31efa4b8-68ab-41f4-bb9d-04fd3ea71c40,2026-07-06T13:20:16.452555,KN,verified
2066e5e0-0785-4f40-a077-25c54fb8dc4c,2026-06-28T11:15:36.743162,QA,verified
906112ae-4ca5-41ed-a748-ba15e219ce02,2026-05-12T12:38:58.497403,AL,verified
86a43f61-1520-4e89-84b5-45fd987efe15,2026-06-22T18:49:41.532482,AZ,unverified
ebce567b-e930-497a-8799-9375b95fd640,2026-06-23T12:42:23.958237,DZ,unverified
4f1af78c-9284-4375-ae53-2feca9cff351,2026-05-01T08:55:15.243946,LC,verified
10405b52-032a-402f-b98f-a419c2abcdef,2026-05-18T20:46:52.632723,ML,verified
3124a71e-f62a-431c-889b-3ff4b57003b5,2026-05-17T16:48:55.818561,ME,verified
b06a3238-1ba9-40e7-a557-76cafb1a2d26,2026-06-25T20:49:52.524291,SY,verified
fccf98ff-6f60-489b-996f-6076cac546f0,2026-06-05T22:20:26.723539,MG,unverified
d4f2c7e0-ca5e-4c8c-b1fb-de42c397bb30,2026-07-15T22:33:57.894998,MZ,unverified
781a37a9-e61c-471b-9bcc-e9d2948c5626,2026-07-10T23:15:22.591357,RS,unverified
9de56952-5e23-44e0-81f7-6d538e165fc0,2026-07-13T05:42:58.611553,EE,unverified
b03bec98-0a4b-4246-9964-4bdc22b9ab0b,2026-05-03T13:49:07.597066,KI,verified
df1cd28a-6423-435e-a011-7db5240fe83a,2026-05-08T07:02:27.900450,KR,unverified
88b923fc-cd86-4f0d-8b14-0356474ca793,2026-06-20T09:46:23.850741,WS,verified
9d16a27c-5be7-4297-b744-99e356a76568,2026-07-08T07:22:21.774360,SY,unverified
432eb1c1-8226-4e83-9e6d-6cd30c574e7a,2026-05-25T21:33:56.683211,NE,unverified
767bc3c4-3cb4-4dd8-8f20-69fca6f45f2a,2026-06-16T07:29:19.398052,SA,unverified
3af1e1dd-5dcc-4570-8f5a-37cf40abcb78,2026-05-18T22:26:36.696079,LS,verified
9d6bc23a-c618-498a-9fbb-bbfef3c96ec5,2026-05-17T12:45:08.550570,KI,unverified
ee4135e4-d668-4a91-95be-1194572afc78,2026-05-21T10:20:26.665612,NA,verified
aeb7f5d2-b93a-4d18-a7c7-6d73c6794efc,2026-05-24T18:27:21.772427,MU,unverified
e23b37c3-e2de-4dfd-af24-35537ba7b5a7,2026-05-28T09:10:20.628752,RU,unverified
e5c072a7-3966-4e11-8460-10a021f65a01,2026-07-04T06:05:38.304165,ML,verified
aa08a48a-d1ee-40f6-928f-95c3d2192dc2,2026-06-06T03:29:24.630593,ME,unverified
8b1df8a3-7b64-46c9-a285-35cc98d163bd,2026-05-30T15:31:26.383353,CN,verified
964ef475-53a8-4c26-97db-08e5113a8fee,2026-05-24T00:17:42.384153,SM,unverified
e25dba54-8c81-4d37-84cf-e392ebd7170f,2026-05-15T00:11:16.712227,SA,unverified
ad4aa742-b336-415c-9f44-db3323869ffc,2026-05-25T19:58:21.171988,KI,verified
e5d2c624-b71c-4137-95a3-b5e51c6a46c7,2026-06-15T01:14:23.090756,TV,unverified
eb61dda1-a09f-4711-9b9a-977afe02bfe8,2026-05-01T04:19:30.055146,AZ,unverified
16e2bf20-4a48-4d06-aaef-fd752ce57c25,2026-07-08T06:40:18.490721,SV,verified
a77204fd-65f9-4887-96af-6739ca916ab2,2026-05-03T22:18:19.166290,MR,verified
de2b6344-1757-48d7-ae8a-86d2729a09d6,2026-06-18T02:29:14.505617,OM,unverified
1dcfec22-2ab4-41b8-bdbc-9d2c9dfcee99,2026-05-21T12:13:46.432546,ME,verified
bf8e2b44-12c8-4949-b7e0-9b54e2553961,2026-06-16T10:10:21.958556,GY,verified
706bf48b-29cb-45f8-ad12-9a98f15ed36b,2026-06-13T18:59:31.070036,KN,verified
82d5a8a8-8c84-4730-8020-50831cd2dfb2,2026-05-30T18:57:33.337192,ZM,verified
bafe60f9-9f33-4813-8366-0d2f7e8006f6,2026-06-22T04:15:50.019874,KM,unverified
8aac518c-73cf-4d4d-ae3e-2332eb5baa4d,2026-05-06T19:30:52.790303,VN,verified
3f9edd88-0f8e-457e-a609-ec70ca8769a2,2026-05-24T11:45:27.350413,MU,verified
eb1fd5f7-b0c2-47c2-957a-2cddd4974442,2026-05-09T16:28:45.677879,CR,verified
a3335b94-ddf4-4737-bd67-9104201c9834,2026-06-06T13:07:30.456257,GN,verified
feb92874-8a6c-4842-830b-759b671f4fb4,2026-05-24T15:46:27.939511,BO,verified
926bfe03-372d-4ccf-bcaa-af6ef0162abb,2026-06-27T06:30:31.501499,MA,verified
1e38073d-13c1-4708-9640-07aabc2ce224,2026-07-10T19:14:47.380854,NZ,verified
fa47365a-2eb3-4f27-99e1-d1284687c2d6,2026-05-03T03:01:27.688773,IL,unverified
679b3ed4-28f8-45f6-8791-4716197120f3,2026-05-20T02:40:51.038786,OM,verified
37ee112d-a247-4565-9b9b-0a2d78d0f772,2026-06-10T07:19:55.040127,AT,verified
54067651-e8fd-469b-9dd4-84e00ba07592,2026-05-04T05:52:18.645936,MA,unverified
ace58e12-e94f-4595-b372-3c50bd745b75,2026-07-13T11:45:40.338972,EG,verified
80892039-abf5-47e6-a756-73e63ec0797e,2026-05-24T19:32:53.714123,AG,verified
2ab90916-3fcf-4bbe-8cc0-f9418bd9d9e3,2026-07-12T18:21:49.304138,NZ,unverified
6c98730a-9736-4638-8a92-c25d6127e58c,2026-06-28T17:16:09.523189,BH,verified
17fbd6a2-a8b5-44f2-b23c-779f622f7c6b,2026-06-02T03:54:37.004261,BO,verified
e6d1969c-ad79-4e73-abb7-97783ee94808,2026-06-29T17:05:18.141882,IN,verified
523cd3c8-c347-420c-beeb-24b8481b7a6a,2026-04-30T14:48:53.365529,MR,verified
621eb810-91eb-4b4e-acf6-c92d090b1d99,2026-06-23T21:06:15.190282,DK,verified
f218920e-870e-47d1-8cc6-6cb21260baf0,2026-07-09T22:38:03.897779,LK,unverified
486d1282-9e1f-4de2-b9b7-7094074f4de3,2026-05-11T11:12:29.190714,CG,verified
520087a6-9fc8-4880-bfb7-d8fa1662c4ba,2026-06-07T18:24:50.335386,MY,unverified
b535c5cc-3700-4ca7-b569-0673041ab2bd,2026-05-22T14:23:42.293537,DO,verified
50f563a4-e5fe-48f8-bd7d-e93f7cedba4e,2026-07-16T15:48:49.364349,VC,verified
c871a11d-bb82-4665-ac11-c1be64b02730,2026-05-26T18:30:34.356663,IE,unverified
897fe9b9-f635-4243-9988-0d156acef62e,2026-06-20T13:18:37.873284,CU,verified
0b96ac33-54a5-4318-bb58-7099c646b8da,2026-06-19T21:49:04.077090,PE,verified
f559f5e1-13fb-4b17-9c26-1dd9588c7123,2026-07-01T13:09:17.455604,NA,unverified
fc9ded6c-e094-4055-b5a0-4468822e40a2,2026-06-21T03:34:18.902973,YE,verified
9c27fda1-9892-494f-b2af-03a3094778d3,2026-06-11T19:49:04.672995,HU,verified
5c08e019-046a-44f1-a382-391b00f190c2,2026-06-03T19:19:56.708187,TW,unverified
369d8f92-186c-47b7-a33f-dd056d5b2146,2026-05-04T02:34:24.241724,NP,unverified
97dbc1f8-39e8-4f1d-a4a7-622e98dc395c,2026-05-26T15:36:06.881382,GH,unverified
556a837d-76f3-4e07-9a7b-568d0d4c7cf0,2026-07-19T12:12:48.999137,PE,verified
92cf9022-77a3-4e46-b94c-8e5763366957,2026-05-05T14:13:22.825273,AT,unverified
075b8a3b-a3f0-48af-9be9-095d38a791cc,2026-07-07T10:43:50.346055,TG,verified
e17cc22c-1632-4b92-95ab-2d563fb07092,2026-06-16T18:13:20.253765,MK,verified
b02ecebc-e587-4338-b296-2fe42afb7fcd,2026-07-08T20:29:55.547619,FJ,unverified
917bfdb5-c6a8-466b-8eef-80e5d6093c18,2026-06-03T12:45:18.228241,LV,unverified
3b4aba76-1574-4585-87ec-275159c9cc47,2026-06-16T05:57:53.469706,LT,verified
277d5b56-9d3f-4ffb-b736-5b02cacc9e7b,2026-06-21T08:26:50.231560,SZ,verified
96a26441-f689-417a-b694-d928c283b53f,2026-06-26T03:44:00.577586,SM,unverified
a1a6cec1-9569-4b48-b909-a19227888bb5,2026-05-04T22:31:42.399753,ST,unverified
42835bd1-aac6-4649-9052-df0e09b120de,2026-05-09T05:55:00.619865,LU,unverified
ac14ac25-b79e-4db8-8066-2d3716d2f9f5,2026-06-05T12:34:34.033486,BS,verified
5a2afdc0-34b4-45aa-a96b-aefac73f2c82,2026-06-05T17:31:33.934627,SC,unverified
11cd1f0c-0965-4dcf-8435-830628436ea6,2026-07-12T10:23:12.962146,BZ,unverified
faeb679d-00d2-4d8c-bfb8-ed19be0ba2cb,2026-06-03T11:01:40.893474,PH,verified
3f78c31d-7382-4757-8d94-2aca6be677bf,2026-06-26T01:32:17.442598,KW,verified
8533d8bb-cbb2-4f45-be4c-677130601dd4,2026-06-16T16:36:00.200755,GM,unverified
0caba41a-e20e-46ba-9d9b-3d66aa20bbea,2026-07-19T02:40:04.955318,MW,verified
60a0c6ab-f023-4d45-b87d-b8c2d54c5807,2026-07-12T00:02:52.259448,LY,verified
38f34be4-7d42-480d-b206-9273fd5f1d5e,2026-06-15T05:53:33.415387,DM,verified
da1817a8-f684-4da7-a2c4-ef3cb260eba8,2026-07-07T23:56:11.560725,ZM,unverified
67a028f1-33b7-4ed6-b764-0c08c5da8212,2026-06-23T17:27:17.835980,BA,unverified
af1b52dc-565a-48c6-be67-bdb34a0bb64f,2026-07-12T08:37:34.680588,MN,unverified
24611e76-f791-415a-aebc-26f2d0b4a5ff,2026-06-21T22:12:55.376998,OM,unverified
c002b38e-120d-4e7f-9e5e-358e5fa00d88,2026-06-03T18:53:19.913764,ST,unverified
faec39a2-e948-4850-80e8-23d1979d3318,2026-05-09T00:43:44.188923,MT,unverified
c39b70d2-93b4-44f6-bae2-083512c6b5b5,2026-06-28T00:45:36.701884,EG,verified
7ab38ef2-8ca6-42cb-9d19-563f1f7dbc2b,2026-06-25T03:33:01.075315,AT,verified
6f7ea1be-45df-4474-877f-12a517d6c4a7,2026-07-18T11:11:41.419410,LK,verified
2febc1b8-8996-4e29-9e20-f5a4b029856e,2026-07-11T23:21:29.190126,TZ,unverified
8ca9a3d5-7e9e-419f-b7ff-1b5b42d8b49e,2026-06-13T14:30:07.107817,UA,unverified
2cdc76d2-5d4c-4731-8190-8d8b67612623,2026-06-11T17:53:22.527154,SM,verified
e8b5c7b6-7c28-49ee-904b-e59b73926259,2026-07-18T10:29:02.591601,VN,unverified
5e14f885-a7e2-46f8-81ca-30b39392eecd,2026-05-30T19:20:15.085063,BN,unverified
3bd96681-5f52-4324-bf55-46983bc534db,2026-05-31T12:53:30.577480,SO,unverified
170a4024-3e66-4fb7-8bfc-b552570a3ecf,2026-06-02T07:20:01.543712,IL,unverified
305f91a0-46e4-4286-92b1-db116fd0bd55,2026-05-03T21:35:31.064705,NL,unverified
be0af256-dab0-44f9-abac-73eeb599a114,2026-05-29T14:37:49.368669,KW,verified
5366e0c1-1be4-4eb8-a60c-b5cb1c85fbfa,2026-06-04T21:47:35.508835,TD,unverified
3664ea95-cd8d-4557-9a43-613b4232dcda,2026-06-06T19:57:32.857331,BB,unverified
2bae5489-eb2e-4f89-82ce-11c9338c62d9,2026-07-19T09:31:07.404640,MA,unverified
fcd33ce1-4e24-40b2-a043-01d95d130641,2026-05-09T17:43:57.502701,FI,unverified
fb591fba-4599-4fed-9d7a-d170d83a74ae,2026-06-14T07:16:48.847989,TV,unverified
67abff5f-f9d4-4683-8b75-349a0b613881,2026-07-04T22:33:32.029597,NO,verified
e95282d4-84f3-4275-aa2b-778945ee3bf0,2026-06-13T21:33:37.023165,GH,unverified
44b918d4-0c41-4987-bf2a-4abe28f4af35,2026-05-08T21:07:25.661248,IL,verified
4ced4801-613b-47c7-a2fa-4bca660c2dc1,2026-05-04T07:42:15.236181,VU,verified
bdcd540f-2556-439d-88b8-56935b721129,2026-06-22T17:14:22.099475,PY,verified
709c8380-f143-4fe5-ab5a-94b1bcdf0535,2026-05-04T00:03:27.512448,ZW,verified
cb4b1a3e-45e3-40e1-a6e9-74ca499a81c3,2026-07-18T06:27:41.824380,NO,unverified
387302d6-15fb-4a2b-bc70-2af6d5bb4b75,2026-05-18T20:53:50.859518,NR,verified
fd3be34e-b4d7-47fb-b058-09cf334bd701,2026-06-24T04:32:18.327504,GD,unverified
df50632a-d1c7-47d6-ab5d-a334950d5943,2026-06-16T11:39:09.510336,TJ,verified
991bdb8c-dd88-408c-b5be-ce33ad3ec917,2026-06-22T16:27:11.578825,ER,verified
5a493cd3-a5d6-44e6-9b3b-a2e31533d6dd,2026-07-11T15:17:45.255614,SI,unverified
753f25bd-fb21-4274-9183-5449af0c2513,2026-07-17T07:59:46.093207,UZ,verified
b8c61425-a0e7-4de4-bea9-d6000fd410d8,2026-07-10T20:44:45.171148,RU,unverified
d2889565-f0b3-44bb-9dd9-e89c92b445a4,2026-07-06T10:56:09.301369,AF,unverified
951e8663-fd77-47c2-9eb3-433d0b6ff819,2026-05-09T17:13:06.660322,LK,unverified
fdec3469-e155-4d83-a217-bcc6fe7ef695,2026-06-04T20:20:35.245434,IQ,verified
ea9b3336-bfd6-4c4f-92c9-ceefebdeeb1f,2026-05-03T11:05:24.010752,PT,unverified
f793c901-3d80-4191-9e1e-517a279dda31,2026-06-29T06:47:34.689676,KE,unverified
02229171-9341-474a-a4bc-999bee91573c,2026-06-09T05:55:16.186398,VA,unverified
357603df-0dd3-439d-8ac0-417d34f5421b,2026-07-16T18:12:50.964549,VA,verified
ac09bd3f-2fce-480a-85c9-627c2533d2a0,2026-07-14T10:26:15.085433,QA,verified
45bc5bf2-e96e-4a01-a626-3ac4188db7f7,2026-06-23T15:43:30.761038,SK,verified
cf4857c3-ac79-4559-accb-a9d7e1f63b72,2026-05-05T18:58:02.266007,DO,unverified
99d93e37-8cb9-4b93-a146-3b6ca1d7a2f3,2026-05-19T15:46:03.434727,DE,verified
e0c7ec7a-0aee-4a55-a5ba-370b782d04a2,2026-05-20T12:03:25.857499,TO,verified
c98f0353-cf1e-4826-bba0-90bddc755bad,2026-07-05T03:59:42.525117,MW,unverified
e7be7d4b-6c77-4a41-a507-8c3ecc2ebd7c,2026-06-01T12:45:01.201906,MN,unverified
cd2d3e81-5a39-4bb3-b88e-1550887c5c8d,2026-05-08T11:16:09.485586,PK,verified
c628d2bc-00b0-43bc-a3e1-811432aff5fb,2026-07-03T18:19:33.345744,LU,unverified
53983f5b-1f1e-475d-a195-4bf6cfade0ac,2026-07-10T02:41:59.273244,CH,verified
977c2a35-ce70-43d4-ba6f-dbd27f3b59e3,2026-05-03T10:04:33.236461,GY,unverified
e1295a1d-a6e5-4ad1-a2a4-ed5616a7f02b,2026-04-30T18:07:25.327458,PA,verified
6b757208-f25c-4632-830b-699b738884d7,2026-07-17T08:16:28.796994,AD,unverified
731a8cda-72fc-4a1c-9fd4-386aaadb02b4,2026-06-24T09:20:06.504474,VN,verified
be66e2d7-7bbc-4a5e-8ac3-ba728aba1fb6,2026-05-28T18:35:38.899991,UG,verified
5060b50a-5a51-44d4-ab3c-6ead7beb0544,2026-05-06T13:38:18.027533,SB,unverified
ff745820-10c0-4d87-8e04-5830f851dbc4,2026-05-08T15:23:27.778155,HN,unverified
c696370c-56a3-4636-bded-d4ec1b929aaf,2026-06-18T23:25:46.421567,LA,unverified
3ca64339-d2e0-4753-9fd9-05fc1e5b3e29,2026-05-10T17:01:52.703506,PK,unverified
b413f02b-8a4c-400a-b8d6-a8974a929266,2026-06-15T16:22:57.716884,US,verified
9a97d341-012d-4731-9080-e72922bd5536,2026-06-07T11:38:53.805707,IS,verified
152055df-0e0d-4a63-ba50-3b718ca713c3,2026-07-07T21:10:20.351774,YE,verified
91cac861-f073-4c39-8e64-01277474b7ae,2026-07-18T14:49:45.715923,PL,unverified
f2571de5-a11a-49b1-9728-a11c0c3d07b7,2026-06-07T17:15:04.121590,BB,verified
ac6c5f96-e3a6-4da2-9918-55657371e780,2026-06-23T23:10:50.514835,MD,verified
6720644c-778b-4123-878f-b944de6edf22,2026-05-08T08:50:10.027345,TD,verified
8398eecc-48c7-4d59-a918-8a78c327fa3c,2026-05-20T22:12:10.911736,US,verified
99689532-9702-4053-9a8c-91ee6e169632,2026-06-11T18:39:59.713748,PW,verified
970d30d8-8580-4678-aac2-1cd36cf28995,2026-06-25T15:53:21.214144,CH,unverified
85d99a1a-bd19-4774-891d-3d73840ba861,2026-05-30T05:51:52.672550,YE,unverified
5eb197c6-6aa8-4f54-9b61-9a6c7bf44db0,2026-07-04T08:48:23.915362,BI,unverified
7426e2c7-2783-49d8-80a2-4e6ab6961ece,2026-05-16T08:20:33.401028,VU,unverified
a9c4a542-ec22-4f52-995f-c760b60fe190,2026-06-03T00:01:37.339068,TO,verified
240e9ead-df17-45ed-be7d-f7304336dcf4,2026-04-30T15:06:00.768503,KN,unverified
16044575-1add-4bae-9297-fb42f5e82402,2026-06-08T07:10:26.410795,KE,unverified
9bcc1886-33b9-45a0-92b9-051b09455be4,2026-07-15T04:45:25.272750,HT,unverified
bff396f2-02e2-4cb9-bba2-4fe23bc9c15c,2026-05-14T14:05:08.391201,MD,verified
b3cf64f5-1fc4-4c47-bf60-145c05a61106,2026-07-08T16:26:16.327320,PH,verified
8ed008ae-97a5-4fc1-a3bb-e4e615824070,2026-07-04T13:27:17.310441,TN,verified
133afd12-2a8e-4a42-a85b-ecd58b1a21d2,2026-05-06T15:28:29.080379,KW,verified
4ccd7fc9-c409-4f11-95ee-d69b4a34592e,2026-05-04T07:03:21.052907,KI,verified
1cafef4e-64b2-454d-bf5d-3a1b2ae505eb,2026-05-18T06:20:29.897215,IE,verified
deb0c13e-6204-466f-9f83-2f53c6fe0372,2026-05-23T07:13:03.039280,GE,unverified
664c8c38-d9f5-4008-8197-6c60265e72c3,2026-07-07T18:45:02.887913,HR,unverified
d5231bdd-6876-48b4-affc-eca72a0e0dbb,2026-05-14T23:48:01.808814,RW,unverified
53153543-07ae-4332-8340-9e6ccb72cecd,2026-05-10T12:48:38.933262,PA,unverified
f5ad525b-4432-40dd-9155-fbbb392eeba4,2026-06-15T17:16:08.297025,BN,unverified
d2619eff-bfb9-434b-9663-bc5e6ff17d83,2026-05-13T16:48:16.827866,AU,unverified
6113c0f8-5673-4358-8878-8d93b7bc3e61,2026-06-18T02:08:33.310681,BY,unverified
b706689b-04b7-4fb4-86a8-9ea58b0257dd,2026-07-08T14:16:39.500040,LY,verified
83adf1df-ddef-41b3-bfee-a8440b303f21,2026-07-11T08:48:42.592555,JP,verified
f0499b44-d39b-4e60-ac24-42453c6b6e1b,2026-06-26T15:32:31.754393,KI,unverified
8e14830e-5a7f-45cf-a32a-51e3129d5be5,2026-07-10T12:12:16.397438,IR,unverified
569de666-7941-4256-9387-77d55405384a,2026-07-15T01:18:25.523024,KP,verified
a80e87ff-c1f3-49dc-ae50-b7acbb6bfedb,2026-05-04T18:13:39.051600,UZ,unverified
14c4793c-1bc9-4bf2-9223-0f7e51395b5f,2026-07-05T13:48:18.943272,IQ,unverified
4a060396-2a2b-4763-a989-24a3ce2d4566,2026-06-25T12:30:52.477790,PE,unverified
e94cff47-71e7-4e4c-b6fd-aa8fb7f479cc,2026-07-11T18:43:01.221492,NA,verified
2cc1e495-5a84-4695-9cb1-aac3191446ab,2026-05-03T11:09:21.745955,CD,verified
d96d2c1c-9842-4e16-be5e-855c72f1f151,2026-05-08T06:14:16.873265,KW,unverified
897b055a-4113-47d3-997d-4cb6ea92daa1,2026-07-05T23:07:05.795688,TV,verified
2d6af9f2-1445-4b42-84fa-52dffe5849d6,2026-06-21T07:54:33.456862,JO,verified
2b23363d-bbf8-4ac3-af3b-1b6c08e18b60,2026-06-04T00:08:33.621092,VC,verified
cf05dc90-953e-4dbf-84bd-0175b34d8678,2026-07-08T13:53:44.272164,KZ,unverified
81a852c5-e92b-4634-a2ee-1eb8d17f8c5f,2026-06-28T12:23:58.403290,SL,verified
ed2b18a9-be2c-4499-89e8-e64c8f96d4e8,2026-06-24T01:38:22.737096,MV,verified
0f9a14f8-171e-4ab8-b8d0-579f1759ccce,2026-06-05T20:24:13.220655,EC,unverified
b061c363-6dd7-4848-a2c6-7dd36506abef,2026-06-08T13:10:41.507923,KH,unverified
975b0bd6-f3b5-46ed-9b52-becf23b61ec3,2026-06-10T19:05:05.394720,IN,unverified
76b82dc6-9ae3-4908-b940-a8d338e1007a,2026-06-18T13:27:25.106627,PE,verified
a5ba5a13-0bfe-4a1b-b238-d4f850a254db,2026-05-16T07:57:30.726236,KH,verified
55dd5768-7f3f-411d-95d4-c93a8e8f4bd3,2026-07-04T02:44:18.543342,CN,unverified
11f21072-8ec9-4b13-90aa-0dffc661afe8,2026-06-20T03:14:18.875356,SC,unverified
13d119be-e0b7-4e7a-b00d-8fe4546c4fb9,2026-06-20T16:31:02.441366,MG,verified
60caf59c-c83d-43bd-8c06-e4c9187d56bc,2026-06-01T18:04:10.521326,CA,verified
0cacc4e0-5d54-4521-acc2-4654b3acb1e2,2026-05-18T06:59:20.839378,SD,unverified
e52c4d40-923e-410a-9a07-12e54d734271,2026-07-07T19:52:38.137872,GE,verified
00397928-336e-4596-99a4-a8da6d6edfe5,2026-06-14T17:57:28.395005,HU,unverified
9f8ea8da-acbf-47bf-b8a7-994f9435a6c5,2026-05-10T11:53:46.126813,WS,verified
407dc663-8213-44fe-89ef-c68c72f56a8e,2026-05-01T10:11:01.548224,LV,unverified
e66c1a69-0d20-412b-af3b-45374cbf48e4,2026-06-02T15:25:19.424546,ML,verified
9534069e-6024-41f2-a412-77e22febe309,2026-05-29T19:48:54.607737,NL,unverified
baf4ac97-e5af-4a86-8ffa-fdd8f7131391,2026-05-25T08:01:16.472255,PG,verified
a0c9a1e4-52d2-4d26-bc2f-39215e3ef524,2026-06-19T03:04:40.750083,MU,unverified
7097a598-401b-4ace-bd59-1829ad870b92,2026-05-08T16:49:10.875918,HR,verified
937c4cf6-de73-403a-8fc4-d960492123ed,2026-06-20T05:15:48.376559,BJ,unverified
9175fc4a-be0b-4c15-b970-bff5959f075a,2026-05-10T05:29:45.759081,MR,unverified
623e3b43-637f-4399-8dc4-1fa1a52bf8bd,2026-06-01T09:29:31.656848,IS,unverified
1409365b-6aa4-417e-ba92-d3b8a016da32,2026-06-09T07:26:48.656097,AO,unverified
a6ae0bf3-005a-4f46-b3aa-a373187227e4,2026-05-03T20:32:16.072572,TD,unverified
d400c3ab-7201-47a3-9766-56ac60ce304f,2026-05-13T01:41:17.708294,IS,verified
195caf27-df4a-4acb-8a87-b027e8b890ea,2026-06-18T17:14:15.918165,NO,unverified
7d6b1c07-42da-422b-8973-80dd74f9e4fb,2026-05-27T14:25:52.977115,HR,verified
3b541cec-cd37-489a-b04e-f91cd4caaaed,2026-05-23T16:24:00.706257,SI,unverified
727ed9e8-9a83-4a0a-9ae8-3c44cead5a15,2026-06-01T00:18:33.612179,ZW,verified
12fcb6d8-84ad-4931-8f10-a172db50f9d3,2026-05-30T04:25:44.894004,BR,unverified
dc054a45-aa6e-49a1-b055-ee25d450d4c8,2026-06-02T15:07:15.714950,MM,unverified
56983ad6-d7b0-4438-9e8a-241e40cf20b6,2026-06-22T12:33:32.915572,GM,verified
bcff694a-2232-44f3-ac85-4020e4b995c1,2026-05-27T02:20:18.824114,IL,unverified
2138d5ae-6313-4fde-8663-84b5812adfc7,2026-06-10T11:15:11.253556,SA,verified
24098f65-388f-4c13-9b92-de8672443c2a,2026-07-14T06:56:53.214099,SK,verified
28b5de35-5aad-4b7a-abf6-249f2fc04bbe,2026-05-15T02:26:18.287348,PA,unverified
7353fe6a-90f2-42f1-9a3c-bcb03af3a849,2026-06-04T18:34:13.144623,BO,unverified
6c155c8d-d1c2-4c1b-a295-41e0ec009279,2026-07-19T12:10:58.332111,JM,verified
61f5d8aa-46ab-4af9-b755-f5249928ce2f,2026-05-24T07:14:25.865599,CV,unverified
858bd90f-1c88-4bdf-8614-5199eed6ed35,2026-06-05T23:26:27.397743,VA,unverified
af82e7da-0966-41f0-94d0-4b5c8b94db7d,2026-05-13T13:00:30.775726,CV,unverified
6a83b110-d1da-422e-9cc2-ba4a4b365825,2026-07-15T19:05:03.723680,LT,verified
79d3eaa9-1e2f-485e-8562-f4a749dee17a,2026-06-29T22:56:19.891448,HT,unverified
b09ffb16-6546-4666-ac50-5bbad732fd95,2026-07-11T01:59:23.482575,HU,verified
c85d687c-ee19-41e4-82f3-b300bf451500,2026-06-14T23:15:56.708995,MW,verified
706e70b9-abdd-44e4-b139-873d76674212,2026-06-19T01:51:41.186177,TW,verified
6d934c15-93b9-45dd-ae5c-f58bcaf632a9,2026-07-11T20:47:20.542361,DE,verified
1b26057b-6589-4bed-a831-58b053657c2e,2026-05-27T19:07:12.217105,BD,unverified
2b3b53d2-0f11-4067-be81-2e45d2692156,2026-06-25T17:45:43.613730,KI,unverified
1ff5b0a0-df14-499e-aafc-616d12519b2f,2026-06-28T12:08:36.511548,DE,verified
7e46da3f-e52e-4bf0-b9c6-757998b82a56,2026-06-16T02:40:28.827898,SI,verified
a4caaa21-b190-4032-ab3c-1da89d369570,2026-06-01T17:02:21.624773,SE,verified
c2ff210d-f52d-4de6-a2ee-f15223ec56fa,2026-05-05T12:56:24.116820,AT,verified
10835fd1-1f4f-41fc-ad8d-b339243cbf1b,2026-07-08T15:59:57.896906,ZW,unverified
ce0727ad-015e-464c-a100-9a58a1b07a91,2026-05-17T14:55:51.407921,IL,verified
71abeea8-e4b7-4232-b794-151b286a9cfc,2026-06-13T12:56:52.137164,KM,verified
9bcb38f2-c1b8-48e6-b13f-3aa0086f020c,2026-05-06T00:51:42.761533,PA,verified
f9f525ec-e2e7-4944-8ea4-a2c15480ffd9,2026-06-01T23:45:02.708458,TR,verified
98edbf0c-8b53-41e5-8c3c-7c3cc2217400,2026-07-16T18:48:19.957547,ER,verified
52960aea-3d4f-426e-8721-bb50d2c58fb9,2026-05-02T15:17:45.544379,MG,unverified
b3fcc65d-1f97-489f-89e0-7b5d402cbfc7,2026-07-02T20:04:08.365818,VN,unverified
990cd39d-e50d-4958-9fa7-0db7c7279c09,2026-05-01T17:09:30.918539,BJ,unverified
f9e5e80f-10a7-4e0f-a278-ca5aa55ec508,2026-06-28T19:10:37.067640,HU,unverified
84980769-7309-405c-8e88-411751ca1048,2026-06-06T01:18:34.004773,RW,unverified
c63dbe32-c34c-4bd5-b8d3-2d7296084d19,2026-06-22T14:00:21.004702,CH,verified
0baf86cb-e497-45b7-bdf0-fcaf5c969135,2026-06-06T12:53:14.632954,LA,unverified
b63dfddc-7ff1-4f24-bc05-a53f226f4bed,2026-05-07T10:29:14.004872,SV,verified
aa36af4f-a307-45bf-875f-169f37bd519f,2026-05-14T05:51:13.839065,RU,unverified
ac37b271-3736-4ea5-a16e-a2eb911ba1e6,2026-06-11T21:50:02.538036,HT,unverified
174ce4d4-de47-4b2f-a3f3-05e6f6150df9,2026-06-01T12:50:01.119025,GD,unverified
d1c50901-87a7-406c-8f16-6833a2ae2424,2026-07-04T21:27:19.988163,TH,unverified
76c9273d-16e3-4e4b-b133-ab6fad883e2f,2026-06-25T23:52:13.680007,TR,verified
d460e8ab-b2f6-4400-9a21-ca27e2e24058,2026-05-11T04:38:26.558638,AT,unverified
00973256-d160-48d0-b629-ade26239ab92,2026-05-31T03:59:13.752688,NO,verified
21232e41-ed58-4f24-9f98-7dc2f119aa6a,2026-06-26T21:31:45.498489,SL,unverified
8fc1be73-7f69-4e62-afeb-6b0d4267253d,2026-06-28T18:45:05.560843,BD,unverified
c27a643b-1bf0-4f83-93df-94852a7dd753,2026-05-15T23:57:24.377909,LA,unverified
624383b4-d56c-4790-abe1-044d78f96fc0,2026-06-12T22:56:46.724018,TJ,verified
c9a873a7-3e44-4edc-be32-1f544c700985,2026-05-21T07:59:07.928072,GQ,verified
288d8a54-e361-4de0-b582-f082164e21f7,2026-06-17T08:43:27.664907,EC,unverified
f5b63be6-4beb-44c8-8ec7-19075f9f207f,2026-06-27T13:45:14.056541,SZ,unverified
1b8d2eae-ef74-4030-b6e1-6648e5e4f293,2026-06-06T10:36:31.978958,TG,verified
f3660e1f-8259-4b1b-98a5-4023746f1344,2026-05-19T05:27:13.593080,FM,verified
d6a03d79-cbe7-4715-ad26-ab90efa90d0f,2026-06-26T23:49:46.815201,LC,unverified
0e1b1bf3-a083-4eb0-b4cf-b92f6dcf79ac,2026-05-02T22:28:30.687611,LC,unverified
77f6a871-2beb-417b-a888-aa11c1d81970,2026-06-23T14:51:44.612198,SY,verified
c070d9db-e95d-41c5-921a-3891994de905,2026-06-09T14:00:00.267108,TD,unverified
af74c986-f846-4498-a0ab-88df5f0749ee,2026-06-20T20:18:22.620764,NL,verified
8471c25d-8f0a-4652-ad60-a20a3f97c08a,2026-07-01T14:04:38.999890,TJ,unverified
b41f4806-3c21-4cb7-879a-77ee5a881c64,2026-05-24T06:08:08.974031,DJ,unverified
d40363da-6d32-432a-8f8b-31ba25d0d3e9,2026-06-25T10:37:19.690716,OM,verified
e3154e2b-1e6e-40ea-936d-8dbc6b4c32d5,2026-05-17T10:00:02.163214,SN,verified
dc427b1e-6018-454e-ae36-e3bef0073824,2026-06-06T18:43:40.197755,LV,unverified
1b19671a-8ce3-4d31-85aa-2c81ab5ec35d,2026-07-08T11:24:17.291398,BF,verified
f30f8b23-8f78-4e9e-bd19-77ea2c08ad6f,2026-05-30T14:19:55.084304,SC,unverified
efce23c7-6884-48c1-8837-971faf5f1b45,2026-06-22T17:34:13.954515,PA,verified
3cda1b64-a454-4096-9f45-f5b58c4a806b,2026-06-06T10:39:52.655310,SA,verified
13b95eca-2bd2-49ff-a24b-56003304844d,2026-05-07T05:48:36.189676,AF,verified
b66c7a62-eb7c-4f1f-bdb4-77c2bf9fe748,2026-07-02T15:57:45.381555,PH,verified
8eeba342-1755-4e17-b9bf-316f308b70f2,2026-05-12T06:56:00.828642,RU,unverified
e9ee300e-5e1a-4ca4-b3fd-2177dd13315b,2026-05-29T19:53:55.138937,CR,unverified
053f6f67-12fe-403a-9204-88ab71c9d42a,2026-07-01T20:46:38.287692,KP,verified
e6dcc8b5-1c47-42f4-b5f4-cf85c1dd4e43,2026-06-18T15:03:58.781351,LC,unverified
27cb47f8-6ad7-4fdf-9696-35ee4e8b29e1,2026-06-17T23:37:34.146127,IS,unverified
274c63ab-4da4-451e-8c5f-efe69e1a15c2,2026-06-13T11:44:12.291241,HR,unverified
02155c22-1dc4-49c6-8fc1-bc3ed25ce14c,2026-07-01T20:02:13.323086,VC,unverified
d97fb324-f348-4d87-9f00-3a1cf37d795c,2026-05-29T16:07:33.994591,ZM,unverified
6e0541f2-d018-4ad6-87d0-247feb344951,2026-06-27T01:24:48.010266,TR,unverified
ec510a36-f457-44d4-b96e-18029f516cfa,2026-06-21T02:51:33.737063,SM,verified
2cbe645e-822a-4234-8e9f-494607e9e2e0,2026-06-06T13:43:53.816425,TW,unverified
e505b241-995f-40e9-a579-456aac425395,2026-06-11T01:28:49.166065,FJ,verified
2ee13de2-bf7a-4018-bf8e-e3468bf519a8,2026-06-03T09:37:06.440099,MH,unverified
c6fcaf81-8f20-45b3-8d19-3bb8236bfb84,2026-06-08T06:40:29.655363,MW,verified
713d4b13-12b3-48b4-8ab3-84641658d50d,2026-06-16T20:35:26.913220,SI,unverified
044af9d8-67fb-496f-b540-bcffa359b750,2026-07-05T12:41:00.552670,SI,unverified
8f720e86-5539-4270-88ab-28ec534feeb3,2026-05-29T13:27:39.535497,WS,unverified
3e2feda4-e317-42d5-bc49-f09ee6e58a0d,2026-05-04T19:57:09.518223,PK,verified
a92a46fe-5f5d-4040-b256-72d0fbc15135,2026-05-02T07:05:09.039035,HR,unverified
2cd0b5ea-95ad-4c4f-8535-dbf82a4cf337,2026-06-13T18:45:41.237388,HU,verified
1ddcdcca-d7ca-467b-824f-aad137b2caab,2026-05-30T03:32:31.401796,PS,verified
370b06ed-2d8b-4221-be66-42332681e9a5,2026-07-05T09:47:39.903604,PH,unverified
397827e1-9e8e-4eb5-9233-b8d63ba0dd46,2026-06-26T21:21:56.899943,UA,unverified
f279a324-4654-469c-903c-1abca6a450f0,2026-07-17T19:28:15.734729,LA,unverified
946d7ae7-6cfe-4c25-b1fa-a12af3555dcc,2026-07-08T17:48:41.545694,LY,verified
97b23961-1f86-471d-80a8-d8cad3d9b236,2026-06-29T22:58:32.257085,ET,verified
841c2202-7a8b-4a22-abb4-a57730b7c828,2026-05-11T12:58:06.313673,MU,unverified
61e82609-0b6e-4bb5-994f-0f72cbf13f8f,2026-07-07T03:09:01.620603,PT,unverified
f34706cd-ddea-442f-8a8a-b92f1ff02481,2026-06-04T01:54:32.925901,MD,unverified
b8f27a3f-5194-44ed-b7b7-11f15d539d6b,2026-05-13T12:24:17.811400,KW,verified
a9960a39-a555-40df-9e72-1784a938e2f9,2026-07-15T10:09:25.122649,AO,verified
54b880ed-29ef-4d96-83f1-57073dbcd463,2026-06-03T11:13:03.340653,PT,unverified
72574473-6fa9-442d-b5db-a08750503148,2026-05-25T12:02:20.042443,WS,unverified
f28b329e-8485-4117-ab82-406ae3322dbd,2026-07-02T23:09:45.484785,UZ,verified
0107d63a-e58a-442b-a42e-74a425601971,2026-05-07T11:33:13.742723,KN,unverified
bc2251d5-cc8b-437b-8928-8637ba35a300,2026-07-12T02:35:18.307400,AU,unverified
e6e35d23-86fe-4a60-bb5f-b7991fab44ab,2026-05-23T20:19:03.724299,SE,verified
ec357102-0e99-4b9a-bd6c-7211b30b190a,2026-06-09T05:56:56.231313,SZ,verified
796a587d-9758-41a0-8c69-89144809d2bb,2026-06-07T20:31:47.935397,NG,unverified
20107384-285e-442b-b047-94ca94c3e69f,2026-05-20T03:38:20.145442,KN,unverified
2dbb2f6f-6abe-41f7-a671-63a381e1b4ef,2026-07-06T18:13:52.572958,ST,verified
d1dc2b4a-318b-4d8d-bc6f-9a274bdd6a95,2026-07-01T06:07:48.698798,VC,verified
b79a0ac4-310e-46c5-b6fa-fb7c3b101aca,2026-06-05T16:16:50.708643,MU,verified
2a54f77b-2beb-4e46-b510-ad24088735d3,2026-06-04T14:29:35.710056,LV,verified
a745edca-75ec-4f52-be64-f73600b89b2a,2026-05-11T08:03:21.646815,NP,verified
20b2bafd-1beb-4edd-9ef4-25a85b6acdf3,2026-07-14T10:05:03.663659,CL,unverified
b0d5770a-9239-4431-ba50-cdd0223ab4f4,2026-05-15T12:11:16.149787,NE,verified
72c3bb9e-dafb-454d-841d-45da0a156943,2026-06-02T14:04:50.445911,NI,verified
187bb3e1-0459-429b-b579-3e7581f3e6af,2026-05-12T13:29:49.171584,KM,unverified
db8dcfc2-4788-464b-9412-dc770589f159,2026-05-26T09:30:45.791184,TJ,verified
c705ca26-7f91-4741-9817-74911662f09d,2026-06-06T12:27:49.570401,LV,unverified
35092446-18a5-4355-8539-c196f5c19e98,2026-05-11T20:51:24.132167,SN,verified
9af2323c-63b6-4f7a-8bbb-8beba400482d,2026-05-01T18:19:13.180298,ZW,verified
52cab669-d73e-4446-b7b6-327a1570dd21,2026-05-31T11:37:17.114830,PY,verified
7b3e18c2-2663-44dc-b695-737484922031,2026-07-05T03:50:55.707021,CL,verified
95f8ea30-27e7-4f02-85f4-937cbe574456,2026-05-19T11:08:55.698993,AU,unverified
4b712508-e3d0-4bf3-8951-16cc4f0aff95,2026-07-17T21:56:31.075979,AZ,verified
2f46a4d4-0ffb-4f9c-9868-1bc6c06f2ff3,2026-05-24T11:39:55.408525,QA,unverified
e0367278-f1d7-445c-a5b8-82c9c12f3dfc,2026-07-18T03:26:39.127336,LB,unverified
347dd4f4-6bbe-4c44-a56e-9b7e486c29e9,2026-06-14T01:58:13.145420,SM,verified
d8a5d452-db66-4049-8a03-7f0ac2554e72,2026-04-30T21:23:46.970489,LC,unverified
83594cb5-71dc-42a1-b2fa-30677499333d,2026-06-12T17:02:15.268835,ID,unverified
1f655042-ed12-4969-8841-a93c3ed5f225,2026-07-10T12:04:52.309313,JM,unverified
33bcc244-9710-4c99-b85c-24dfac61f36a,2026-05-30T00:04:43.551430,TO,verified
3e30fcc2-7a96-427c-afaa-7d4ca2f14d18,2026-07-01T21:21:22.235307,BT,verified
5abc6283-bb41-46ea-afad-c4952f8a0c96,2026-06-01T07:38:47.003875,TM,unverified
2855bb6f-2715-4b8b-807b-7abb44237e0e,2026-06-21T21:35:49.579248,TV,unverified
87b14807-a1ba-407c-936d-5fd6399b37f0,2026-06-29T00:16:58.190326,SZ,verified
0d98b372-5d55-4af4-bbe6-d84c60a6e4b2,2026-07-13T21:23:04.573927,GD,unverified
84c1c969-5c86-467e-bb06-28e215e18319,2026-06-24T10:59:36.495838,MV,unverified
ba4bea29-af6c-48f3-b762-991cda01a04b,2026-05-07T10:38:12.425290,BG,unverified
2713a4fe-c5e5-4602-ae19-669df25a4af7,2026-05-17T22:16:57.378455,BO,unverified
dac1ceee-dff8-427d-b076-17cc9f1fb840,2026-05-19T17:30:45.271691,BO,unverified
73783dd0-08fd-49f6-abd6-c992608e276b,2026-05-13T13:58:11.139282,DM,unverified
4513df1f-f617-4beb-8f15-0fa712fd1e94,2026-05-02T06:42:24.098363,CY,verified
6c8b0bb6-b988-401c-8d82-28280a18af93,2026-06-15T05:12:58.912607,UA,verified
17360d1b-7781-4b97-9f7e-e02622aa3f5c,2026-06-26T15:03:34.849637,SL,verified
7c20a777-a4df-4873-b266-67b7dfc85175,2026-06-26T14:16:49.114517,AG,unverified
fc847fcc-1777-47fc-af75-9a11fea60cad,2026-07-19T06:57:05.549823,AM,verified
bd1f6b3b-30e9-4e37-9f81-a89fc042d59d,2026-05-30T07:20:14.587213,DZ,unverified
e62efc62-a1bb-4a9c-a558-3af7d40d663e,2026-05-31T22:51:46.207825,VA,unverified
80f4401a-815a-4278-84e3-1debaffd4fce,2026-07-03T11:34:44.096180,IQ,verified
5d42cb51-8e44-477d-970f-9a7fb0d5eca1,2026-06-15T04:31:44.695447,NG,verified
4079f2d3-0921-4427-85c6-1323adb69db3,2026-07-09T16:54:11.632679,MC,unverified
5dec706d-99a2-48dc-8e17-fb1b476caf5e,2026-07-07T16:16:16.469718,MV,verified
09eeb71b-bdcf-46ad-9d67-1beb9e91c331,2026-05-20T10:46:46.684023,MH,verified
2c04d646-3349-4ad3-9edc-d08609674c45,2026-05-21T09:21:17.917897,BW,unverified
5ea86768-8251-40ae-9e84-b719069b85e0,2026-05-31T08:02:39.752490,TT,unverified
c43a701f-5929-4e39-a1ba-1e10acb09472,2026-06-14T13:46:24.498168,MR,verified
52c5e7d3-12d4-4f4b-993b-e9598200f661,2026-05-04T04:06:22.993710,KW,unverified
e647f870-d4b1-419f-a174-64dceefbd6c5,2026-05-25T21:25:48.141983,GN,verified
a09608e4-a4bb-472b-9af5-ee0803378fae,2026-07-04T07:29:48.493743,BG,verified
feaffb9e-0f29-4d00-8f8f-dbb8290b986d,2026-06-15T20:51:09.099528,BB,unverified
76ded8a2-49c9-43ad-aac4-dbe8d11e63cd,2026-06-26T00:37:25.321109,BR,unverified
ec28de36-9f84-457d-adc7-6d691d910898,2026-06-30T00:58:52.626160,MD,verified
c999ce4e-9f3f-48f3-8821-e3d7a08d5fc5,2026-05-21T18:46:54.847692,AE,unverified
628a990e-badb-4ea0-92ab-4c93fbb0f121,2026-06-04T11:42:39.269771,CF,verified
9c2af2df-abca-426a-933d-3d8a6ef5a578,2026-07-06T21:02:26.989770,PT,unverified
495c7bd2-a96d-4286-906c-e652fc2cbdb0,2026-07-17T07:25:13.254938,EC,unverified
523f18aa-0627-4653-9695-23c09887b849,2026-06-20T07:28:38.703356,AG,verified
83b0edf7-971a-4375-a28b-060cffc11fba,2026-05-20T01:08:40.152158,KI,unverified
17216686-5e8a-43aa-8bf1-0dad1aebee81,2026-06-29T06:52:13.958058,BR,verified
8476dbed-72b1-47d6-b055-0e0ccc7d2648,2026-07-05T20:36:07.689957,SZ,unverified
28a7ffbf-3fd2-4e23-80ca-b6e1bbebbdc7,2026-05-27T08:39:18.555092,RO,verified
c1de2509-ef61-4ebb-8e07-b1eb70733b0b,2026-05-07T06:08:52.098489,ZA,verified
cd000969-ef0b-41d0-bcd8-41810c3cdd27,2026-05-30T01:06:11.239108,UA,unverified
5831fd00-43d0-473c-9200-d68f0044e80d,2026-05-05T18:56:00.493585,CL,verified
e13007ab-66f9-4c72-b310-fa3f6ba671c9,2026-05-10T19:15:36.752198,GY,unverified
a586c8db-c279-4b40-bd1e-d8615253a9d3,2026-07-07T01:28:37.728434,DO,verified
4ad160cf-d445-4e3f-87a1-6fe00c77c37d,2026-07-01T18:42:21.696423,ZA,verified
85b02d51-848c-4f16-b263-5c8401a60435,2026-05-23T12:37:19.022634,BJ,verified
39394621-15c5-476f-b719-25ba3da4c945,2026-07-03T08:09:35.805288,NL,unverified
ab6ed90d-1558-46f9-a21b-b71a48cde1af,2026-06-22T10:58:25.406666,ZA,unverified
bdaa0b90-d82d-415f-b45b-9ec05d7a4c5f,2026-05-11T04:54:19.974849,JP,verified
03c0504d-f40c-4b8c-b6bb-b54ae2bfa32d,2026-05-10T09:27:45.238125,NA,unverified
d4a52cbb-85db-4ed5-800a-e50916003b3a,2026-05-23T14:33:22.580948,TH,unverified
12963e42-bae9-459c-a5c5-6dea389ef0d1,2026-06-29T06:19:44.676960,MK,verified
bd2993cb-8c79-4964-ab3d-f5238f5eb09f,2026-07-01T05:35:08.432576,SL,verified
5959797d-74c4-4420-8bdb-bf6ee7c088c4,2026-05-12T18:22:04.134289,SY,verified
6eed41d4-353c-4b89-9db5-e8d23c5eafe0,2026-06-21T20:21:33.219207,NZ,unverified
4f1315b1-131b-48c2-a7cf-298b17baec4c,2026-05-18T14:44:15.145006,KZ,verified
0f8c615e-04e3-4cfc-8a71-269e1dd505a1,2026-05-02T00:33:28.929922,BB,verified
4c41af94-f9ef-4206-9536-c997c2993944,2026-05-31T10:15:58.521079,NO,unverified
dfa76720-8279-49ef-a7ed-6ce239a9b32d,2026-06-27T18:49:36.729484,SY,verified
6fb3a74e-0226-4d03-9f42-bf47c9a8f19c,2026-07-09T14:12:16.226731,NO,unverified
8044b739-1519-4972-87e3-2d39dc958d73,2026-05-16T11:31:48.740789,SN,verified
0e175c71-cf0c-4f12-8ca4-e51c8dc3ba96,2026-06-01T19:35:44.358988,TN,unverified
d0cd0cb9-abdd-479f-91c2-3104aef191fb,2026-06-02T21:17:58.670759,TD,verified
8bc6e53c-b0ba-4d58-b150-b625757009cb,2026-06-04T06:34:01.795229,ML,verified
639c653d-0598-4d66-adcb-08b759749f3c,2026-06-04T15:10:50.254089,ME,verified
47ab6889-4f0e-49c7-8865-95bedf0d10ad,2026-05-05T06:37:39.252238,OM,unverified
9014cc7a-2412-411f-b4d1-abfc12de02ea,2026-05-18T23:53:42.071779,VE,unverified
444bcb31-f8c0-418d-8df3-cd02ceccee49,2026-06-27T11:21:19.436320,SL,verified
e23b3886-8667-491f-a9d5-649cdc87a2ce,2026-05-07T13:13:52.189988,MA,verified
7d117273-c209-4815-b6d5-9c841a476e8a,2026-06-19T01:31:24.397434,PA,unverified
fdedeb86-9297-4849-b66b-b5f8c03dfcd2,2026-06-25T20:58:28.932200,YE,verified
42dcac6c-6d4f-4e8e-8988-0360f7488da0,2026-06-24T04:24:31.274625,UZ,verified
9da0ba26-af5a-4bc9-8a6f-6b7c11d9dff3,2026-05-22T04:34:18.087234,US,verified
c253e93f-7dff-49fb-8bc1-f80e47bb84f1,2026-07-02T21:24:25.177664,MV,unverified
93de90c7-6ac1-4c50-82d4-597bfaad8299,2026-05-25T02:37:31.442608,TN,unverified
6b944ef3-cc90-4993-a08d-bcea1a719e4f,2026-05-02T08:56:38.594841,FI,verified
3ad1f59b-e181-444a-aa7d-51f837db4e99,2026-05-10T20:14:06.217959,ME,unverified
65ca2c3a-0ac9-49a7-91e6-33cd2868e465,2026-06-03T09:51:33.266019,HN,verified
5123055f-e837-438e-8057-17fa837227f8,2026-06-24T02:56:52.079247,KZ,unverified
af0ece21-b267-4b90-b33a-05e2649900fd,2026-06-01T01:31:51.305822,TO,verified
4e568b1a-a67a-4485-a9f1-3ea49c128e20,2026-06-11T05:17:56.468503,BZ,verified
6a0ec858-c4e6-41b9-9cab-46615a7f977a,2026-05-05T20:58:14.018397,MN,unverified
c679eb06-ba9d-4dd7-a627-e101bcb9a99d,2026-05-09T12:27:40.893509,MU,verified
257e76bd-d593-4dba-a487-329aaeae519a,2026-06-11T10:19:51.739229,DJ,verified
d0c01e2c-1d02-416f-a90e-182989bed207,2026-05-08T11:51:35.638555,ET,unverified
f03db0e3-ed30-499b-b19a-1d97a606e66d,2026-06-03T08:17:15.472370,KI,unverified
0d085d86-37b3-46bf-b7f2-bae3895f318c,2026-05-19T10:35:32.163551,LS,verified
191c4055-b7a8-4be7-93d4-2df4fd9c8a88,2026-07-15T22:37:05.704465,BY,unverified
a05438ea-7d97-4f0d-ad4f-02ca687be9e5,2026-06-09T16:49:56.810997,CH,unverified
b484e426-80fe-481e-b552-d290cf98d373,2026-07-06T19:19:38.014630,SK,unverified
cb487861-3f8c-46a6-bfac-359243c79b3e,2026-05-09T01:58:42.468540,GR,verified
6d11c3a9-9367-4322-8ad2-32a23f30cf94,2026-06-16T21:46:17.385233,AZ,unverified
01e3ce8b-c77f-42e3-9686-6286cac99460,2026-06-26T03:11:00.651026,FR,verified
375a6bb3-5ab3-436f-b9de-b8c9636e1c78,2026-07-09T18:20:37.443246,SY,unverified
01529a51-9c9e-4ce0-896e-3d8e6082eeeb,2026-06-01T18:56:29.042270,UZ,verified
5caa3963-588c-41b0-bf62-ec1a23cd7c0a,2026-06-13T20:14:53.856484,PH,verified
890727a2-8ce6-460d-aa68-bc1a74a390ac,2026-07-04T22:23:32.839617,FJ,unverified
64d46cce-d9ac-46ce-b5bf-39f3851d7382,2026-06-22T10:24:41.252782,CY,verified
361dece1-5c84-4b0b-a95b-0750aa20c14d,2026-05-11T00:38:26.873833,BF,verified
14905522-890a-4acf-94ec-6a70ba1135be,2026-07-06T01:19:50.453373,ET,unverified
791c6c40-539a-4451-9db0-6d13d54550f6,2026-06-11T23:22:49.631868,QA,unverified
c8270a06-f4cc-49c2-84c8-811fb60ead48,2026-05-25T15:45:28.928953,HT,verified
ad961eab-48b0-4043-8a87-87a6a9feb0ba,2026-05-15T05:34:22.282036,QA,unverified
ea622a4c-2a21-461e-8b39-a69b2adb876b,2026-07-11T22:45:58.006479,GM,unverified
e1ae6b42-524f-4aa8-8b94-8e7c9ed6ed20,2026-07-08T10:41:37.081745,BB,verified
210c0ea7-4902-4a41-8d72-c8cb05c94188,2026-06-13T22:38:54.425355,ZW,verified
e33c7ec1-492b-45f2-ae00-549fc9d48252,2026-05-22T05:29:17.995543,CH,verified
15b73ab8-256b-4902-9cc7-81c71fd7c67f,2026-06-25T14:04:49.353836,TN,unverified
1df9613b-d735-47b8-a290-7c1035e1c61d,2026-07-16T01:15:30.940286,BH,verified
31e033eb-3a0e-45db-9ca0-6149a99c5710,2026-06-27T04:18:20.491569,CY,unverified
c0c45428-57b3-48ee-965b-cac7b95d3597,2026-07-14T19:14:21.290336,MD,verified
9b43c586-1014-4d9e-a11b-be8054c8b95c,2026-06-13T12:21:02.607531,IL,verified
d54aa75b-4980-418e-980a-da0ca76862e2,2026-07-11T02:57:03.444247,MA,verified
e1d856c6-6a42-4204-b62c-2e12ec4b3f63,2026-06-09T09:08:25.834272,YE,verified
54c2fa69-37c9-4488-8060-a968a7c8a4dc,2026-05-08T10:14:46.473178,FJ,unverified
2c77b552-7894-4ad8-987d-540b6ae8661c,2026-05-04T19:30:03.448276,GH,unverified
d0c57e8f-dba8-4972-b48b-0a61b3a31e06,2026-05-01T20:42:30.765363,MA,unverified
d38d32f6-6998-483f-9d38-febee557944f,2026-07-14T05:45:10.077123,BA,unverified
23798a60-5462-442a-afa2-7473fee3c5e1,2026-06-04T17:14:55.819640,VE,unverified
2c22edbf-b70e-4d01-afc6-40794c3012b6,2026-05-08T11:06:54.667817,PL,verified
28e4e931-7fe5-45d9-a568-c3468d0a599d,2026-06-21T01:35:59.713940,KG,verified
9bfcdd9c-4112-4e7e-b1d6-b8dbc0f2c74a,2026-05-31T12:31:54.973902,BS,unverified
2f79f4df-a35b-49c0-a3a5-4586eb09e76f,2026-06-23T10:42:38.697661,MV,unverified
693b4a17-0140-448d-84ef-7d4b6789fc80,2026-07-04T10:04:02.724773,SE,verified
d1254b3f-b0df-431f-b263-cff43610446d,2026-07-06T14:17:25.115801,MW,unverified
f5ae783d-e0f6-49fe-9c4b-637234d6991b,2026-06-26T09:35:47.720552,BE,unverified
0f4340d2-76c0-4667-9b0d-b48778808d78,2026-05-17T12:43:44.811877,CL,verified
b87fe8e5-7696-4acc-94fa-c06dd7f1e01f,2026-06-01T18:21:04.883324,KZ,unverified
ffc78b74-3f97-4893-96cf-9eea22877164,2026-07-17T17:22:21.025465,JM,unverified
5f2429d9-3c7a-4259-bc76-8cf21d875b2e,2026-06-24T18:16:17.636053,BA,unverified
193545ac-3ed2-4b26-8c4c-eb4447e574f1,2026-05-31T05:36:07.606330,MK,unverified
016314b7-5e41-4d66-b8c5-4a795d3d8261,2026-07-19T12:25:30.387345,ZW,unverified
db0336e4-7781-40ed-b447-0d893451c83c,2026-05-31T12:34:39.225601,CL,unverified
2cea28c6-c0ab-42e7-9d96-3e70211ec04a,2026-07-05T10:15:22.316407,SA,verified
841c6475-7e30-4f09-b3ba-7b89c12521f3,2026-05-16T17:40:34.294423,ZA,unverified
c6d742a9-6452-4ec7-a7cf-d62d79dd4726,2026-05-01T04:16:23.062722,GA,unverified
47d01e36-e2b2-4097-b106-972aeef96cd9,2026-05-31T03:45:40.780370,MN,unverified
c9498732-39d3-45be-9ebf-d4080fc3d17c,2026-05-05T19:16:46.306476,CG,unverified
ffc4d2fe-345e-4b5c-880e-caaa0847698d,2026-06-08T02:15:15.919057,GE,verified
c6e3cae5-170c-479a-b177-9d838745eefa,2026-05-18T23:51:46.146860,RU,unverified
75f43bf4-0865-44de-b0bb-1ba6104adc3b,2026-05-18T06:46:03.687068,MV,verified
f66a61fe-cb44-4dee-aa5d-60c0d50a7098,2026-07-18T02:26:48.017025,SI,unverified
3223ce57-cd3f-4d44-a37d-6d355075afa3,2026-05-12T05:45:22.848813,DO,verified
ca37d2ab-f7a8-456b-b629-11dbf9aa64b9,2026-05-19T00:34:59.019504,SM,unverified
b0b66aac-8c91-4c1e-b086-d9e7b104a12a,2026-07-09T21:36:08.372802,VN,unverified
c68a7ae2-8735-45cf-88e1-3f9058fbcdda,2026-05-24T17:36:21.364872,DO,verified
f23b57ac-0f99-4849-9bc9-5284ac099ec8,2026-05-20T02:32:20.809711,MG,verified
de3d480d-909e-4ead-801f-2f7b69388df5,2026-05-14T22:21:32.397001,NR,unverified
d193c011-7f37-4128-930a-69565113356e,2026-05-28T23:50:23.929870,IN,unverified
1827eda5-03d7-41d9-9a71-12a1648f2c21,2026-05-29T09:56:14.304345,SA,unverified
902b3cea-4aa2-428a-af2c-321398d1ae90,2026-05-17T11:07:45.521575,ID,unverified
0a1a8708-f3f0-4c01-86a3-ab8ef364f796,2026-06-17T11:09:28.216811,AG,unverified
9d1de513-835a-4f2b-9ae9-68b21e6a9645,2026-05-14T04:04:46.553496,CG,verified
716708c9-cf25-4bfc-b631-d65082a09878,2026-06-12T03:48:12.648137,ET,unverified
9cb0e27c-1268-4539-85ac-829c45520bc0,2026-07-12T06:05:17.378840,AT,unverified
b9fe10c0-71a1-4f70-bf89-a6a53fdd5a8d,2026-07-06T12:13:12.791317,ZM,unverified
2bb0b34a-d0f5-4adc-bb39-5fd616fad013,2026-05-24T20:09:04.121466,LS,verified
1bcf7eca-d6a2-4b5d-8d39-3d634c23ea4b,2026-05-17T11:14:17.910661,SK,unverified
258fdca1-19a9-478a-b289-43248db2fcec,2026-05-26T20:12:32.762947,EC,unverified
0d1afd0e-87a3-45c7-98e0-29a97149464c,2026-07-18T01:14:30.563154,AZ,unverified
229073ba-a464-4a63-86f9-ade66805b660,2026-06-06T00:35:53.269757,MN,verified
c068004c-f9f0-4bf2-8445-6dbd8337d025,2026-07-11T01:53:11.367374,MC,verified
82b5527b-51c1-4f98-8d8b-a8e125436caf,2026-06-12T21:31:08.321804,UA,unverified
390232c8-182c-488d-97b0-f1bfa84083a6,2026-06-18T11:27:05.041153,CH,unverified
210052b6-3a39-4cf4-b608-9dee38e86a23,2026-07-13T07:32:48.905139,NI,verified
60d00de3-30d8-4c20-81db-769831ac9281,2026-05-03T03:34:24.954614,IQ,verified
6704e910-1cbb-41c5-81a4-6a17e34def36,2026-06-19T21:09:01.319126,BA,verified
ca0f146e-96ab-4475-b041-c55204ce4b3d,2026-06-02T21:34:10.509951,MZ,unverified
bd20b976-22d2-4478-8f2c-5e10678d7b37,2026-07-12T06:05:13.707639,HT,verified
cfd7e3b4-24ac-4b3f-b2b7-fd5d2f62a13a,2026-05-14T01:40:18.186420,DM,verified
350f89f4-b12b-4166-8a5f-d48e9c348c67,2026-05-20T18:05:58.479131,FR,verified
1372ff70-266b-469d-b7da-f171d5f0e6a6,2026-05-14T03:52:04.381402,ML,verified
1d46f289-dfe0-4e7c-ada0-207802043cc2,2026-06-23T21:52:51.285743,AR,unverified
3cd3f23d-6925-464a-aeaa-a76e8e0e2c77,2026-06-21T00:19:57.890475,MY,unverified
9f1e15d8-666b-4fc8-8e7a-acdbdef4b305,2026-07-11T03:10:55.075262,BS,unverified
02447eb1-31ce-421e-8e94-ca59cea0f178,2026-07-03T17:47:00.011072,GY,verified
fcfbd217-4147-40c4-b073-7695c3a278c1,2026-05-20T08:50:25.519595,YE,verified
ab6c03d6-efc8-41d0-89c5-28ddf9ac3d8d,2026-05-24T13:30:27.641573,MG,unverified
41a74173-0f09-4193-92c6-43be229d8fba,2026-05-13T21:07:51.698294,CD,unverified
0a5913df-1f52-4947-9f76-67a99ef41c42,2026-07-04T19:36:59.671493,BS,unverified
510eb288-26f3-4645-8ba7-9c971fba606d,2026-06-20T17:20:13.493615,LA,unverified
5a29d505-5593-4c8c-ae00-946a127d9641,2026-07-19T04:02:07.965038,MX,verified
845f1a1d-c0c8-4b0f-bbf5-05d2e10fcb00,2026-06-18T04:07:59.517375,MZ,verified
00fbf28d-defe-4bca-b686-2ed27432e242,2026-06-08T23:04:35.091032,ZW,unverified
d2de8528-ce0d-4095-a78d-36618bf64f83,2026-05-30T18:21:32.510947,RW,unverified
03bc4d64-7f49-4c1e-9ab7-5236f38d3802,2026-05-31T00:25:07.359236,IS,unverified
e12a8410-509a-4a64-bf64-316ccfb4a820,2026-05-01T05:36:25.931554,BA,unverified
9df132ba-0219-4816-aa7e-cf24467c65bb,2026-05-22T06:08:21.190359,MN,verified
24dd0ed8-1859-4f18-a67e-066726191fa7,2026-06-05T21:51:24.146205,BA,verified
67285dd4-0d53-416e-9143-ffaa2da56018,2026-06-23T02:44:25.598676,CV,verified
c7ec7029-eede-449a-9144-2caf120b1729,2026-06-11T15:13:22.672863,NZ,verified
7c504cac-5fc3-4cb6-9936-014f6f2ccc04,2026-06-04T07:47:11.615631,MG,unverified
7743642d-810d-4c51-8eac-6ad3049d8f07,2026-06-20T06:44:43.767813,AG,unverified
91806ce9-197c-4819-b400-85a65009fb88,2026-07-12T02:16:05.187294,BS,verified
7c8bcb78-9e64-47cd-a6f8-288dde3e5ce6,2026-06-03T11:37:56.698213,KM,unverified
1b28ddbb-92c1-4127-8a15-e8ec96889f86,2026-05-21T00:37:55.205991,BO,unverified
c870bcbe-e361-4ab4-b388-1ab45ba4a01e,2026-07-02T02:39:22.626406,LS,unverified
4077aa84-1b47-4a3a-aa2f-1d54403fc91d,2026-06-06T06:45:23.119330,AT,verified
4a5bed19-76a6-4f1e-bbe1-2510828a3e86,2026-07-18T17:06:39.164613,HU,unverified
e49ffbe7-a493-409a-93fd-cf23b0b9342d,2026-05-23T04:27:01.892241,TR,unverified
19df628f-239c-4dcc-a9ae-a686f869551d,2026-06-28T19:07:00.236442,MK,verified
a9620978-8bc7-43e9-b4ab-f0b87ec36423,2026-05-31T12:52:57.519191,PS,verified
0cd6601a-185b-4b4c-9819-260e8f6d75cf,2026-05-08T20:11:35.772353,TO,verified
267a03c8-8049-4fb3-98fa-953784fdbe39,2026-06-11T06:28:15.605152,HT,verified
6f162145-3f8d-421a-ba3f-a27c07dc0e5f,2026-06-11T05:32:30.959965,UZ,unverified
2d3a3a99-626f-44a0-a7e3-70075dfccbd9,2026-06-07T21:55:42.668472,CG,verified
a90c8a5d-eb3b-44c8-9c52-d51e7fc498f4,2026-05-01T09:33:50.872066,SK,unverified
bca9c3c3-4b74-4db0-a475-4dacaa1cfda4,2026-06-21T12:01:33.061546,IL,verified
08685df3-7b89-4349-956f-0d5ae3ebb530,2026-06-25T06:25:56.708859,DM,unverified
b2fae75d-a672-448a-a226-2c560d650128,2026-05-16T16:27:10.364404,NO,unverified
d51c3331-6663-4169-9193-54112bfcfe6e,2026-05-21T20:34:53.049505,MW,verified
0b0cfff5-5600-433a-a491-3280d8606c62,2026-04-30T15:32:02.131889,ZM,unverified
873cbe7a-6bd8-4dd5-8b85-c734205e63ae,2026-06-20T07:20:40.623546,TG,unverified
0569f06e-f3ab-44cf-86e4-7c1d0333f44c,2026-06-18T17:42:14.213442,CU,verified
68f43d2c-2bbd-44e1-a520-093d646f3ef5,2026-05-30T10:24:21.466325,BW,verified
c2dd14ca-3ce5-4aec-9130-7481a1dd0376,2026-05-18T20:01:02.313214,OM,unverified
068d15fb-61dd-4dc4-a364-ad6f79735271,2026-05-25T14:35:07.668106,LU,verified
cfd458de-e2d5-4778-a809-9ef318047e76,2026-07-08T11:33:10.638115,JM,verified
d11c0684-d397-4c3a-9cbd-835c2b371767,2026-06-16T20:02:44.265118,BJ,verified
3d2f1378-5397-4490-8474-27c6cf4e22cf,2026-05-27T11:13:41.664052,KH,verified
b4985870-fddb-4c4c-a8c7-ec1806f49d3a,2026-07-02T04:35:21.949967,AE,verified
499155e3-1ad1-4f5f-a821-539d2e0c251e,2026-05-31T17:25:40.430708,CM,unverified
ed580229-6872-4b41-95de-7038f58a8772,2026-05-09T03:46:09.664373,VU,verified
959ef634-b468-4f34-9207-352b58be4b69,2026-07-11T12:50:16.249195,CG,unverified
8e501155-9098-4d07-8204-defa3df8548c,2026-06-17T03:10:44.939391,NP,unverified
c61bd367-d003-42a0-ab06-a80821e1a170,2026-06-25T01:43:04.406039,DO,unverified
52a8fbdc-ac76-4070-bd87-6c3c1f7184f3,2026-07-18T00:07:51.306816,FI,verified
afbd7a81-c4da-4f5f-aa93-685a8c716ab2,2026-06-30T20:47:15.196790,BF,verified
1e9ce5d7-887e-4108-8ff8-edb9c0ca4aad,2026-06-19T16:44:39.539585,TM,verified
4ccb370c-f246-495b-aeee-d982af9febc5,2026-07-02T14:16:04.672675,BI,unverified
f48b5e62-c9db-424c-b7d7-5715f9266c00,2026-07-12T04:12:50.269075,LB,unverified
c24339c5-9761-4e56-8494-4b93e4428fad,2026-06-27T13:36:18.403173,MW,unverified
73307e16-64c8-49c1-83de-46c6495ab77c,2026-05-10T21:01:57.530220,KI,unverified
c11113dc-c34a-4dba-a20c-d1660900e02f,2026-06-19T19:55:59.320276,MT,unverified
14085002-a33d-4c51-9130-310ded5bf645,2026-07-11T04:25:59.412074,DM,verified
89b69c06-7f28-41ec-aa80-523a0094f491,2026-06-03T20:49:48.995531,UG,verified
5d086b8a-b437-4a1d-9dc7-839d3871f986,2026-05-13T09:35:06.664703,MG,unverified
5407f959-2065-4cde-b0f5-3c86b94f181a,2026-07-08T20:31:59.402712,KG,verified
718c0f98-cb9a-4137-8267-19115321a8c6,2026-05-28T03:37:19.508105,HU,unverified
5c030a6b-08be-4225-82cc-94b9c54761f0,2026-07-11T04:32:35.502262,BZ,unverified
f1e08bce-df81-4298-af2f-a79361e8c85e,2026-07-09T23:00:49.659507,CM,unverified
21a76043-c5b7-4e71-9b0b-3f645950106d,2026-06-15T22:28:17.082378,NP,verified
90ed99cb-e1b2-47c7-8404-49ee65f4ee5a,2026-05-15T14:44:16.968891,TG,verified
cad56919-5f47-4fef-8fd0-261db72047ce,2026-06-16T03:33:35.528278,YE,verified
40d93d9c-00ce-43d1-a714-658714531227,2026-05-23T16:26:27.804812,RS,unverified
8b997a34-6e73-43aa-8642-22f7ae6d3eb7,2026-06-10T20:01:00.996392,SN,verified
aa6ed73b-78b5-476c-bb0e-cd5cef96c812,2026-06-30T07:04:28.212181,BD,verified
6dc14466-6455-4a61-a6f4-8506395e81a6,2026-07-10T22:17:36.099276,TW,verified
db4a0fc9-979a-4e51-8ce6-7860c785273a,2026-06-18T00:40:05.040824,BR,unverified
2fd015bc-0f77-4e1d-a589-692055ae4f47,2026-07-05T02:03:56.322245,AT,verified
a23e4fe1-de37-4541-8352-55c620b103cc,2026-05-02T04:24:42.494053,UY,verified
1d85ff58-2221-4c31-95f9-459e86b61b0c,2026-07-04T08:28:04.759581,SO,unverified
10341514-6650-47c4-b407-f8313511f5ff,2026-05-04T16:21:12.101374,TH,verified
8514522a-15a5-48b6-b346-4a8094005105,2026-05-03T18:58:57.535070,KH,unverified
ce363dd2-9129-4488-8402-d98eebda6f8a,2026-07-14T12:56:00.240892,NA,unverified
4723def8-4fa9-4970-a301-2027cf2521cc,2026-06-03T21:05:38.558028,NO,verified
f2169c95-8849-43e4-ac22-bb93d9817a65,2026-06-02T20:04:25.891768,NP,unverified
48f34f1f-c547-4d6b-b05c-88bdb3a9eb0c,2026-06-04T13:48:34.159419,GQ,verified
5618fb39-6ebf-4230-bebe-5eb6f430337b,2026-05-14T22:16:06.007627,IL,unverified
86182bf9-d44a-4bbd-810e-b4b85ce40cb1,2026-06-30T15:47:30.774530,PS,verified
cab3a3a4-6c7d-4902-abc4-6db67eff1f3e,2026-07-18T08:58:58.225331,HT,unverified
0fe73040-3321-4806-8fc8-d8e6057de199,2026-05-22T23:56:19.709797,GT,verified
6b776e01-0edb-4c27-becf-12fe9ca632ac,2026-07-01T13:42:05.523618,FJ,verified
248592fc-dc85-41dc-bc8e-d56676bed5f8,2026-07-04T05:35:51.838582,BW,verified
b41dca2b-79b0-41cb-961c-5c1ef719ff93,2026-06-20T02:32:18.009288,KH,verified
133bab54-8b40-4e67-9127-6eef7bea15b2,2026-07-06T09:44:15.272316,BW,unverified
e0848dde-0dff-472a-a209-89bf3cba6964,2026-05-07T22:57:36.979223,PG,verified
06dc59a3-ba12-48eb-92fe-c4ee21e9357e,2026-05-11T14:12:08.832762,TV,verified
8b008ce2-3985-46ba-a739-9843d8b9a52a,2026-06-06T04:31:21.771461,KM,verified
291ac2fc-e76c-42b7-aa05-ebd0a43059cb,2026-07-16T23:19:03.906304,AT,verified
eaaa11c2-b1a6-48d0-8e1a-5a585316fd5b,2026-06-01T08:16:25.385919,PY,unverified
bd3564df-5d95-4390-9b91-61ca62958506,2026-05-30T02:08:39.691191,MM,verified
de9f65c8-defc-49c8-acbc-bfba1c4690ef,2026-05-01T16:45:21.240352,BR,unverified
daa86530-fbce-4ff6-b492-5deb1a603db6,2026-05-29T02:27:19.007834,FJ,verified
1498f600-acca-4916-8f2f-445eaeea718d,2026-05-02T23:34:27.487161,DZ,unverified
7cb2802f-5584-427b-a14f-a1edf2f30cda,2026-05-13T12:27:32.388471,LC,unverified
8bed994f-82f7-4dfa-9c4e-750748f86f14,2026-06-25T10:20:13.487505,FM,unverified
d2a13f6c-56f5-44b6-ad74-fc18e1a8da95,2026-06-17T21:32:10.841082,CU,unverified
25ddf94c-9e7a-40c4-88e2-84a453a3162b,2026-05-07T16:27:27.338601,DE,verified
cccb6a12-fde6-47df-8025-e9341bf0a92d,2026-07-05T09:10:11.583432,GT,unverified
5d82a79d-a43e-47f1-950b-7b606465745d,2026-05-09T23:37:49.952786,KR,unverified
0083e8b7-20cc-4da2-8c32-44e2543b775e,2026-06-22T16:49:36.294682,SY,unverified
562a198a-5384-46ed-8fef-97f11a816c8f,2026-07-09T13:27:15.282577,MX,verified
4f8af0f9-5068-43b3-8d51-f6da737811fc,2026-06-13T03:43:55.689564,AM,verified
fc24e705-3e9d-4930-add6-349821825d41,2026-07-16T16:10:27.071956,US,verified
96125dee-3f24-47df-9dd2-ed53c9b7f396,2026-06-25T20:20:52.890760,AU,unverified
23212c61-be1b-433c-982c-2665f01ef786,2026-06-20T15:00:50.182208,EC,unverified
86c4e6cc-d982-4d53-83ae-4cabf732d600,2026-07-01T04:28:26.454910,GQ,unverified
e7ed7003-482d-49f6-8fed-353a82d31e81,2026-06-26T13:57:06.409189,LB,unverified
585cb4af-a517-4b11-9d46-bfde2cafe0cb,2026-05-05T18:27:54.986455,UG,verified
6ace8370-58a9-41fc-a758-f08cb1471bf3,2026-07-18T23:08:39.665397,KW,unverified
c32afa94-cf4d-4a6f-bb61-946896784234,2026-05-21T23:25:48.889734,TT,verified
795abb6b-284a-4b39-aa00-dd9d841fef12,2026-06-27T04:46:20.192414,NA,unverified
2dacfe01-1475-4ca5-a845-238e65c8c976,2026-07-02T04:24:29.177675,MW,unverified
a5ae60db-72f4-469a-a017-e31d7e9fdeed,2026-05-26T16:02:42.459180,IS,unverified
19ec9c4e-ae17-4911-be4f-a28f41cb1506,2026-05-24T07:13:34.523828,DK,unverified
3d526f32-4385-4bed-9e03-e8efa2d09918,2026-06-23T00:59:05.426722,SC,verified
0757a8a6-7265-46b4-8043-28cece653508,2026-07-18T16:42:31.535009,CH,unverified
7d9b07a6-8fd2-4bc8-aa0d-2fef532e1bc6,2026-05-21T19:30:24.844212,IL,verified
c638f1c6-a97e-4b65-876c-335e0a304b69,2026-05-14T04:09:20.106407,HN,unverified
46d7203f-7352-4c3a-8494-4745d2e6f8eb,2026-07-08T01:38:04.477523,PE,verified
cef7d787-c80e-4317-b0cb-ce56ea5cf0e0,2026-05-30T07:11:06.555238,BA,unverified
84a657dd-c494-4ace-9ba6-795ab0ebcab6,2026-05-25T22:51:55.402425,NI,verified
cd4acef0-b458-4024-937e-4e7f54633f15,2026-06-23T16:43:27.560623,PT,unverified
d547e632-30b6-46e0-8abb-0fe347390cd3,2026-05-10T08:43:23.265882,TN,unverified
58542ca8-dcee-42e1-b3be-63c84dd331d9,2026-07-16T23:00:03.437615,VC,verified
b73ca5e7-e684-4aa9-84b0-f7277c885b08,2026-06-28T19:02:42.003037,PW,verified
cc831b83-a2a1-45db-bd0d-3f8d477566c2,2026-05-28T16:37:39.409941,AE,verified
bd257811-7175-4a30-87bd-559ccfd64ad7,2026-06-03T18:51:42.683011,EC,verified
e99d9915-db0f-4f6d-8cd5-5e313129393e,2026-06-05T07:15:03.978894,SL,unverified
aa98606d-5085-4bf9-afca-32c399cc4c5f,2026-05-15T05:38:20.294691,FR,unverified
ce5299ab-8d08-4ae9-aba9-9c4299e0c7ef,2026-07-05T01:15:02.844311,CV,unverified
361f8535-6277-4316-8818-24b84286517f,2026-07-14T02:45:45.918674,BZ,verified
38c4e514-74d8-418a-8642-be3f8f7108ab,2026-06-30T15:11:57.677278,BG,verified
f4108490-b034-4296-81fd-ec30ba816350,2026-05-08T13:37:47.953663,AO,unverified
d1515df0-919a-4248-a895-8b0344b1e812,2026-06-29T04:41:59.925133,NG,unverified
083a1fa9-56d6-4cba-a1ca-0d68a78d81b3,2026-06-01T09:08:01.090469,KH,verified
2eb53e36-3191-453a-91c6-022843e4d977,2026-06-20T21:39:32.658249,ZM,verified
11aa0949-6f69-46b4-a2bc-aab8959528a8,2026-05-14T16:17:26.811225,CU,unverified
a7c80a30-fdb3-4112-adeb-8b6472b32abe,2026-05-19T23:41:51.191790,MZ,unverified
893fca4e-238b-4709-940d-4b3321eb470a,2026-07-10T21:50:19.444855,DK,unverified
4e9bb511-075c-49c4-9a6b-9520e17f57a0,2026-06-21T03:55:17.090698,CM,unverified
486bc056-e403-49ff-b64e-cec8e9a6a732,2026-06-23T06:05:18.505008,IS,unverified
0d69e423-2164-48f8-96a2-c0dcc400b67e,2026-06-14T22:20:35.355771,FI,verified
31590093-47a5-4530-8430-bf757833f0cb,2026-06-22T15:45:55.434736,ES,verified
8429809d-0253-45c6-b497-621f10f5383f,2026-05-02T06:29:19.377438,MX,unverified
a4c1cd12-39c9-4812-805c-9f657ff5fb64,2026-05-08T16:06:44.717822,IE,unverified
9fc69452-b349-4dda-a8fb-cc8c1fdc7e46,2026-05-28T13:54:42.862236,CY,verified
028df350-6082-4564-a14d-8b1a0733ecb9,2026-06-06T05:28:08.797571,PA,verified
e76a17ed-ede5-4371-a69d-adaa9069b2e1,2026-05-04T15:00:34.552116,CZ,unverified
a146dda8-17a4-4b00-be37-ebd093a6a060,2026-05-06T16:13:29.968658,TM,verified
9206b15e-2745-40cd-a96c-d466d0574589,2026-07-14T12:03:35.803072,RW,verified
a109dc6a-df1c-40ee-8f10-e149f536eb44,2026-06-16T07:40:48.786421,CZ,unverified
baff2229-1ba7-42f2-b759-20c91dc07b3e,2026-06-04T10:17:31.661225,MN,unverified
8f4af6ca-9dd4-4497-9c96-79c025d4a09b,2026-06-07T19:04:37.584743,AD,unverified
ddca5206-3037-4cb7-a5ef-6afe07349e26,2026-05-25T11:08:45.573119,TL,unverified
7dbfa658-6ce4-4921-870a-d285ad67834f,2026-06-19T08:30:21.719543,ML,verified
a200238d-bd57-46d8-8ea2-9570b9b75ca0,2026-06-14T07:35:34.868582,HR,verified
004bb8a1-10bb-4150-94b9-11e8950e28c7,2026-06-18T11:54:04.691282,SZ,unverified
7d9cb825-6478-4c79-96a0-87647dd9d0a9,2026-05-21T16:49:24.113960,BN,verified
dab23082-d6fc-406b-8e2a-df0373c89eca,2026-06-05T03:02:53.734754,PL,unverified
78251fb8-31b4-4e00-b476-be0335cab677,2026-05-15T06:37:19.324814,HN,unverified
818441de-0e5a-4fef-b5d8-2bd78accb0c1,2026-06-28T14:06:36.423512,PH,unverified
ff6a9952-400e-4e44-b75c-71184c3736df,2026-07-09T05:16:18.643486,OM,unverified
7a11e62c-6b37-43ca-ba11-ca221bf3a4a4,2026-06-12T07:20:38.249466,PA,verified
a56071a4-e2bb-4fb8-91c2-7758671f626a,2026-06-26T03:32:05.224191,EE,unverified
923abf00-f66d-4500-8690-c620bcfed9f3,2026-06-12T08:27:22.950684,US,verified
13899bd4-0200-427c-883d-ad9c318a22ba,2026-07-03T19:32:59.255867,MW,verified
5e73a39b-bdc6-4f2b-b04f-27e425fd20c1,2026-05-09T15:41:07.751978,GN,unverified
e024f807-6ea1-4cad-b11f-e169f1270ca6,2026-05-27T13:57:26.705695,KN,unverified
d08b211d-a51f-405c-8642-97c8ba0c5b60,2026-05-20T16:38:15.661375,AL,verified
772054a7-ce54-4786-9965-69993ff9d8d8,2026-07-11T15:24:11.318670,TV,unverified
064b9a6e-80f4-4db6-aad0-a56efb7f9d59,2026-07-12T07:33:11.724752,NI,unverified
4b9b1ed7-d6a2-47f9-baeb-064d7873eeae,2026-07-06T08:05:56.210675,KR,unverified
a1dabb3d-94e4-47bb-9c13-e8bde843e141,2026-05-04T16:26:28.538165,AO,verified
f318d588-145b-4b56-aa64-19a489aa656a,2026-05-06T20:56:28.590971,BB,verified
428f2ee5-d320-4346-90e5-aaf875efc186,2026-06-23T17:23:13.641865,AT,verified
ec3df2aa-2e88-4fe6-a62b-bd861e07296c,2026-07-04T04:45:38.601940,FJ,unverified
7a3d3b9d-8831-4d84-88a6-83f2b4f61616,2026-05-08T00:46:33.119146,MG,unverified
0abf8dcc-5f81-4205-8624-d9e48e57f470,2026-05-30T20:34:56.278594,IS,unverified
397be4bb-e926-4a26-a967-02ea176e24cc,2026-05-29T23:53:16.326571,CN,unverified
4c278a66-bdf7-45f6-a3cb-bc7cd4603aeb,2026-06-23T21:21:22.659335,CZ,verified
af1d0dd2-23c5-4bdb-8594-c4dfefa7ca8f,2026-07-16T19:08:00.697956,KH,verified
5a5339e8-152f-4cef-b82b-7cd925a0b932,2026-06-12T17:15:18.090607,TO,unverified
c4758712-b303-4629-9e7b-14f0f4514427,2026-06-02T04:36:09.222963,NO,verified
d333a1aa-407c-416d-975f-2639f237189f,2026-05-18T11:03:51.723608,NL,verified
e04c0848-65bd-44b0-ad75-56371588c9f1,2026-06-07T12:37:54.130345,VA,verified
cbcceb69-57b5-44b5-bcbc-3da426dcd310,2026-07-03T11:08:49.132560,JP,verified
9e69470b-69e8-41b7-a358-2b7712f43ab9,2026-06-29T16:02:36.831200,IR,unverified
5dab042c-b44e-45bb-89aa-35d20f6f4752,2026-06-23T10:35:53.988566,AG,unverified
5262866f-ccfc-48f0-9ffd-5561b95c0a1a,2026-06-06T15:17:25.081349,FR,unverified
c5864cb2-0a7b-49e0-b7ca-6555760cdda5,2026-05-04T05:19:20.235783,HU,verified
d580653c-de50-4a71-8b44-f23ddbd8f9c6,2026-07-19T04:07:11.651897,NI,verified
68476070-009c-4a22-bc68-173d7daad707,2026-06-15T10:20:38.419559,IQ,unverified
26cce9ee-ba29-4724-959b-986e3484cb12,2026-05-29T06:57:53.752708,KH,unverified
743a9496-370c-4583-9268-ba51bce1db3b,2026-05-27T12:14:55.181595,BN,verified
86c8ff34-5277-4e05-a7c3-22c8254bf798,2026-07-13T18:39:51.052211,IE,unverified
2d82bbf6-1360-457a-9057-068e99413c6d,2026-06-19T20:18:39.072922,RW,unverified
2f41a634-79e7-42da-a7c5-16012e3880d3,2026-06-17T04:23:20.489144,UY,unverified
2e24cd29-393b-4f01-b17b-adaa919e4f00,2026-05-28T12:18:54.540792,ET,unverified
3bc44cd1-6a12-4bcc-8881-8ec8f6495671,2026-06-16T00:18:16.148830,DE,unverified
1036d859-5f41-4b42-93ec-5b7aa50838f8,2026-06-24T10:13:48.478629,WS,unverified
f667ad47-3713-4cc5-9aaa-5407b7359519,2026-06-21T21:26:10.041826,OM,verified
f3988f09-4024-4eb6-af6a-03145856f431,2026-05-14T19:54:05.284250,PT,unverified
e1db6dc3-307b-4853-a25b-8771e2b30cec,2026-05-14T05:27:36.346972,TZ,unverified
52ef1c1e-9d2e-47c7-a0f4-e594018662ea,2026-05-04T17:15:21.022540,SO,verified
c91f2014-ac75-4409-a6e3-5f7a0b5d8d39,2026-06-13T22:37:45.088327,PE,unverified
5c353d6b-cc42-4962-a0d9-813b307ef526,2026-05-29T10:07:08.294256,CA,unverified
984905fa-bc01-4983-b5d5-a2e75a79242d,2026-06-15T15:28:07.714073,KW,verified
bf202d43-f2bf-4b0b-ae79-49bff12e4c47,2026-07-10T22:59:55.649456,PE,unverified
a81f7a61-12cc-4c4f-b738-6857cfe943c5,2026-07-12T02:28:33.932938,MM,unverified
574bd314-5226-4bb1-becb-4b36b5d2e8c3,2026-07-12T18:36:50.942810,PW,verified
8ab30ec0-04ce-4bef-8421-5b4e307bf38b,2026-05-07T06:30:06.428797,CD,verified
2fd1b820-269d-4ff6-b2a5-ea740c161c0d,2026-07-16T00:24:52.086631,TZ,unverified
85fd1df2-24c7-407b-a5e4-f304b6269d08,2026-05-12T00:33:28.286232,LK,verified
bce290fa-ab57-45b2-91bf-6d7e88e4bada,2026-05-30T13:51:11.791139,KW,unverified
5b9b82fc-8e08-48b8-8d6a-0637e59d8135,2026-06-21T02:42:22.166315,TH,verified
499a2a0d-dac1-41ee-8276-a8ab5130e1b1,2026-06-27T12:51:04.077044,TM,verified
f1c53126-4f0e-4883-ac85-0a0af1370168,2026-05-07T14:27:34.377892,BH,verified
539be422-3bfe-4a69-bf5d-84bea7718b69,2026-06-04T23:27:03.943524,AO,verified
72259ffb-eff8-4a96-b24b-59c8b122484c,2026-05-04T03:10:50.647760,PS,verified
2e0da2fc-bb6f-41c1-9649-0f9aa6114fee,2026-05-18T04:56:25.133388,LY,verified
8d6da392-afb0-4b4d-a3b0-bd922edcd84a,2026-06-07T12:10:20.235164,MY,unverified
ec1cd79d-309d-4063-a3a4-02f148f74d8d,2026-06-20T00:36:21.651626,CY,unverified
f2a3c66c-e270-4ed0-8cdb-c2d7a10d0428,2026-07-15T04:13:40.964854,MH,unverified
5809dbfa-8b47-477e-ae95-6228485e8177,2026-06-29T02:24:51.825292,RO,verified
da1072fd-efb4-450a-8f3f-1e85548ba039,2026-06-14T02:00:52.169040,AL,unverified
bc18545e-9898-489c-9799-c7d1d9bf8525,2026-07-14T14:39:04.368698,TG,verified
078fefe8-59a8-4df2-a651-a2adadbe0db7,2026-05-31T06:59:23.333175,PH,unverified
33a78ae7-d98c-40c4-91fd-852a93f06e52,2026-07-05T10:48:07.950006,NR,unverified
e9c0e61d-3589-41bc-be31-49f16150d44a,2026-05-08T08:57:59.459424,AU,verified
309f9635-ee81-4476-89bf-26e45ede2fcb,2026-05-24T12:13:17.086632,MM,verified
915bcbee-862d-4fd2-8da6-8f7c7fd859eb,2026-07-15T17:19:59.527917,DJ,verified
f6ae2a0d-a773-4500-a94d-4d9f1905ac2b,2026-05-25T18:34:18.440032,DK,unverified
b96d1f70-5223-47e1-be13-d9160c7d8ee7,2026-06-16T10:44:51.278661,TH,unverified
484c5972-535a-497b-9511-b9a4be0bd1c1,2026-07-04T04:46:36.831798,GN,unverified
d14d787b-57b5-49a8-8106-4d62e3e9e326,2026-06-05T21:14:30.031515,GM,unverified
e23246a3-4921-4262-b499-e5661b744dc4,2026-06-11T04:08:24.616095,RO,verified
ec634e4b-e37c-44d5-ab5c-2237fea68524,2026-07-08T04:02:27.699175,ME,unverified
731d1f18-aecd-461f-a2a2-fe36f6b8f043,2026-05-02T05:55:02.420190,ET,unverified
e94f1efe-f9d6-40eb-8d15-d325695a6f96,2026-06-12T20:09:55.547352,PA,unverified
0ae83b87-6e3c-4c86-be3d-8e740e274d5c,2026-06-12T09:17:16.026878,TJ,unverified
205489bc-b0ab-42e3-9162-1ea914f46c06,2026-04-30T17:53:40.355733,ER,unverified
6f278266-59de-432b-8d99-7ada6fcf175d,2026-05-14T22:06:49.236775,SL,verified
da2143d0-5602-46ea-a79a-d2c8f54abb00,2026-05-21T08:50:34.966918,NO,verified
e4d76736-e3cd-48f7-b7ce-3255109e3802,2026-05-05T07:32:50.513216,TN,unverified
a39a5bb5-203f-413e-a650-e444863e3260,2026-05-11T10:34:35.313087,IQ,unverified
37c4923f-81fa-418c-be5f-a2790126e3db,2026-05-18T15:40:02.647732,IS,verified
ee2eeea5-458e-48fb-80d3-9ade63a67dbc,2026-06-26T11:29:57.568571,SK,unverified
1e35ed88-4fb2-4350-8ae1-567bfcf8f6c3,2026-05-28T01:56:52.276006,PW,unverified
6edb55b7-2977-498d-9c08-a577d87ae47b,2026-05-18T11:50:13.908564,CM,verified
a21e85f5-1642-4077-980b-b6053e4e0e53,2026-06-04T21:03:18.767180,LU,unverified
4edb4193-2674-4a10-9a0d-ac1fd2f4fad2,2026-05-20T16:30:35.622603,FR,unverified
8b837e95-5294-45a4-a566-16b0b878f04a,2026-06-15T16:35:05.535789,SG,unverified
b5b3d94f-9ce7-49f8-817d-bc1e2b8a7019,2026-05-24T09:06:33.626681,SO,unverified
a1697bda-0285-4f38-9c94-2bb989283bf1,2026-06-22T04:05:48.850308,GE,unverified
44a23e97-f102-4617-8620-afb786dc8108,2026-07-17T02:42:07.743241,FM,unverified
80f5efb7-ef96-4aaa-a612-4f2daf544191,2026-05-23T03:20:50.773810,GQ,verified
9e2d49f3-af8a-4c64-8459-6039bc88e1f5,2026-07-14T00:54:21.375528,TR,unverified
29d771b3-0138-4d76-a492-e6c01e5cad55,2026-05-14T09:45:41.016085,BN,unverified
12c5a55a-146f-45e3-9088-43881a3b497e,2026-06-25T01:08:24.233470,UZ,unverified
739364c3-2dce-4c5b-b0a3-e45480308023,2026-06-04T23:23:39.437386,SO,verified
615b69c4-9dc5-49ef-85d3-920448a989cd,2026-05-03T16:27:37.102598,AR,unverified
8168b348-6688-4230-a63b-23fef8e88af6,2026-06-01T15:51:08.781724,NR,verified
802f6cc8-64b6-4625-b60c-09d67ff3e2f1,2026-05-29T14:25:11.160101,LT,unverified
12f34f5f-3611-4466-9552-759f28cd184e,2026-06-21T22:04:01.464336,LS,verified
fdf8cd1a-f10e-4829-aa86-58d5162bcbd2,2026-07-06T11:32:33.776428,EG,unverified
f0a7c061-574b-4b7e-bec7-19dbd7b7a559,2026-05-15T07:19:55.085361,JO,unverified
7aff71b0-065a-4fc0-8b5b-260d1eb380ed,2026-06-16T20:50:30.936765,PK,unverified
775f2432-5179-4bbb-a956-6193a0b51902,2026-06-14T08:51:57.512579,TL,unverified
ada5edff-9400-4eaf-b0da-612754428d5d,2026-05-20T01:26:41.656142,CD,verified
43970d1a-cbcc-4bf0-97db-0e5db898e3a9,2026-05-19T09:32:29.636482,GN,verified
5f130085-f6a9-49c5-bbf9-ed787f9af07a,2026-06-22T19:18:10.260833,LI,unverified
1bf6c739-b7d0-474c-9f50-075a44560409,2026-06-29T17:11:25.333213,MD,unverified
54934494-ceb2-4308-998d-6296eda50e9c,2026-06-17T03:50:06.414738,MX,verified
14cab3a3-8f39-41e0-9bc8-d269fce7a33f,2026-05-04T06:41:45.547511,PW,verified
13813139-f0b6-4362-963f-562c687b1eff,2026-05-09T19:54:03.989421,BF,verified
e555f1c9-07af-4dbf-83f8-d4bbeb0b65c7,2026-05-15T05:34:26.444048,SD,verified
4c34a4e3-63ea-47ce-8b6a-39bb193e536f,2026-06-14T09:03:11.227751,AM,verified
04e8fd76-32e7-40b4-a4a5-ecaee1ef4171,2026-05-30T13:32:26.704529,YE,verified
be322b0f-d9d5-439c-85fb-79dc076d1b3e,2026-06-09T00:36:35.084822,YE,verified
8b259f03-d72f-4b45-9c6b-01d54facf375,2026-06-29T14:12:17.342470,CV,verified
b379efe6-f8ba-4f2f-a10b-86d750f9a3a0,2026-06-24T06:40:43.512847,GT,verified
cdb438c2-0dad-49b5-92fa-ac773cb8e3fc,2026-07-13T08:24:29.235321,BR,unverified
1de47df3-f345-49c8-8f4d-0afaeb8652cd,2026-06-29T12:08:23.307221,KZ,unverified
8333362c-8122-4501-b54e-cb40791acf57,2026-06-28T13:53:24.960930,BS,unverified
88ac3f7b-60ee-4560-ab94-4fb24cad4b77,2026-06-15T07:10:42.803099,PT,verified
1c29ddba-a5ae-4172-92c4-ad34f08483bc,2026-06-18T17:27:38.143527,CU,verified
9b8fb018-8fec-48e5-8f58-e2ebac1b248a,2026-06-23T10:05:33.199643,PW,verified
5ef125d3-2d80-47aa-8fc9-ac8079947395,2026-05-06T04:45:58.084910,BD,verified
e036aa49-e8f9-4065-9d28-6745db7fd42d,2026-05-03T16:26:26.910615,QA,unverified
5c8bff76-88ff-4679-ba9f-f53ba66d868a,2026-06-16T03:34:12.700989,ZA,unverified
c1de1822-69b6-4ffa-a231-26c01e17a75e,2026-07-18T17:14:43.195145,AL,unverified
5e36d451-1aed-4b7b-aaa0-2a641db7231e,2026-07-07T12:24:12.050207,TH,verified
99576a0c-ae80-4e03-81c8-621395093391,2026-05-26T14:13:40.732184,CD,unverified
dd0758b4-6333-4dd2-9cf0-6dc343a66f76,2026-06-13T16:36:14.546035,QA,unverified
1d885b6d-db0d-45c9-9e6a-e7c9425b1b1e,2026-07-16T01:31:47.405010,SV,unverified
bc3c5b04-4645-4d3b-a068-3d5c68d17509,2026-05-10T20:50:43.003620,TH,verified
298436e6-b866-4d19-a79b-346d06840f26,2026-06-11T23:52:14.204845,PY,verified
917745d6-d367-4120-abdc-813111152f4e,2026-07-05T06:18:13.724718,GA,verified
a313ecd6-a6ad-4226-966a-55838f9afd0f,2026-07-01T14:50:46.772472,LS,verified
af558b72-639c-40c3-91f1-173cdcfd9558,2026-05-24T07:01:56.911934,LK,verified
522978b0-2b5b-4e2d-88a1-c8cec4d2ede0,2026-06-20T22:33:16.547369,IE,unverified
2cb0ddd1-a1cb-4569-a31f-cfc0f8009a31,2026-06-03T21:46:40.591654,BB,verified
57f13cec-1ab6-4d59-81a9-c4cff85dc997,2026-06-29T11:47:07.810088,DJ,verified
3f2a23c2-8958-49e7-8df7-46b1dfe739ba,2026-05-08T12:25:00.722222,RW,unverified
c255b763-762a-4452-9662-5aa90121adda,2026-05-06T18:52:45.202475,RO,unverified
c9d734c2-1b74-411b-b48d-92e626ac6ee3,2026-05-05T09:44:08.892980,JM,verified
0ae057d8-1048-4c39-8851-029d9fb7b934,2026-07-03T10:24:20.812982,YE,unverified
f845760b-7054-4b10-92ac-d74c091035ae,2026-06-09T02:17:56.504657,MW,verified
02b70608-91ae-4c2c-ab17-dfb4802c01d0,2026-06-06T06:16:02.785038,PL,verified
f8a8285d-199e-4911-a428-c6872a21099f,2026-05-31T06:17:12.430063,MZ,unverified
d6887aac-e7b6-4b2e-8a7c-a0fbd2799b31,2026-05-11T03:02:04.428615,ET,verified
e869f4e3-178f-4c73-ac6f-6f990fb8e108,2026-07-07T11:10:14.534359,SY,unverified
74849e07-ce7b-4104-8cf7-d1f2c66e2d35,2026-07-12T08:08:43.152823,BA,unverified
be247422-f8af-42c5-b542-e50a813ee8e3,2026-06-21T04:19:41.545147,AU,unverified
ce146bff-d900-453b-a00e-9b9b93d75aaa,2026-06-09T09:10:43.997826,RU,unverified
1d829a24-2a25-4c3c-8a74-0007350a3173,2026-06-14T16:07:15.155189,GE,verified
1549dbd8-206a-4e9b-b138-4c77131ccb75,2026-05-24T06:08:37.658793,FM,unverified
e46ef875-7271-40c8-9b8a-f7c38661f6fb,2026-06-05T16:53:02.921131,ST,unverified
077f7f17-e2c4-4a86-a346-3a35051367a2,2026-07-18T20:12:22.443326,VE,verified
96dc90e9-b71e-4ccb-9e72-2f8bc77d9f72,2026-06-28T22:39:35.484072,KZ,verified
27769dea-4a61-477c-a18c-3a0db3c3506f,2026-05-06T11:43:19.811669,VE,unverified
602d8eab-042f-4a00-bea6-a5e02b234899,2026-05-18T03:54:58.829159,TJ,verified
21b44b8c-1937-4f57-a737-aa9ce6ef6f39,2026-05-11T09:31:58.775694,NO,unverified
8cb3dd4a-9e02-45c6-b199-5c59ad6be6c6,2026-05-29T04:48:52.579373,CM,unverified
4c5bc433-57f1-42bb-b361-efa5d0051954,2026-07-12T07:27:48.466080,MU,verified
60763797-b7f3-470a-9351-b6791034c442,2026-05-20T20:24:53.389809,BI,verified
cbd9f91f-5b89-4c72-baab-523c6b6d843a,2026-05-13T08:42:05.138505,CM,unverified
2d96aeee-6599-495a-9aef-598501d49480,2026-05-13T23:59:03.114568,GM,unverified
e23b7035-8ed2-4c70-a4f5-6595e5cbaaf8,2026-07-15T07:51:39.087696,TO,verified
621fd7c7-01f7-4bda-86ac-c471f83d0898,2026-07-11T21:37:23.125451,KN,verified
c20a90b4-582d-4404-89e3-da5015ac8da0,2026-06-20T00:12:15.073317,SD,unverified
4536ba56-ae7b-4d60-afcc-0d6cab5c7767,2026-06-06T18:45:17.238235,KG,unverified
5ecec1bc-efb0-4ac2-9ca0-fdca84d58467,2026-05-15T19:26:30.620159,RS,unverified
e1f320f5-a528-426d-9a78-2b301135091e,2026-05-27T05:48:55.834527,BE,verified
21bbf414-7240-482a-8cee-f648a5a1ef4c,2026-06-10T02:14:16.275222,SB,unverified
4a06844b-cbbf-4071-a2b7-a4b0711dc153,2026-06-28T06:13:11.822870,BA,verified
d4d6df95-65b8-405b-a5ed-ddadcb87963a,2026-07-10T14:18:26.474823,SB,verified
ee59e4dc-9ded-42f9-9877-159aa94449c8,2026-07-18T12:18:13.381145,MG,verified
719169fc-adb2-4f70-95e7-96bd34f254fb,2026-06-18T15:06:50.160098,US,unverified
5299fcc5-2191-4995-99ab-faed5a7adc28,2026-07-10T12:44:29.820918,UY,unverified
6035ee3e-9740-4c08-9e87-c4874bcc7bff,2026-07-06T20:32:40.136070,SB,verified
e4d7173f-0ac0-4677-986f-959f40fd4728,2026-05-09T13:54:14.971068,MV,verified
121a4815-7f35-4ac8-81c8-2882cd47c916,2026-05-07T04:02:50.378805,TM,unverified
c5c1411f-371e-4110-9e94-b2c28f6c435c,2026-07-03T16:39:04.810365,SN,unverified
84d2a75e-646b-4042-9b07-3948059e0796,2026-05-20T11:47:45.167418,LY,verified
f347505f-67c3-46fd-b862-d7a6f3b965a7,2026-05-07T22:58:35.523020,LU,unverified
7bf95606-1587-4a16-8089-843e85d1e0fb,2026-06-16T13:12:34.979408,CI,unverified
2d6d5567-0810-4488-b90f-fa10ac0ea3c4,2026-06-21T15:43:09.737653,MT,unverified
05e94ffe-2fd9-4b8b-bb12-5ec502085d33,2026-05-16T12:59:15.167560,BB,unverified
8a8c7b46-7dbd-445d-bcd0-8820f905efb9,2026-05-23T21:06:42.626919,SZ,verified
cf972c78-d288-4195-8053-aadd2fe4a21b,2026-06-17T03:14:30.566523,SB,unverified
3b0e617d-0461-4ec7-9f2b-cc4ae135e077,2026-05-24T18:51:54.936653,SC,unverified
49ef8399-92b8-43ce-9450-31fcfdf10b25,2026-06-06T14:49:54.140805,TV,verified
117103a5-a62b-4ea1-a995-965c4f5f1af8,2026-05-28T07:51:59.142508,KP,verified
91f94852-c9ca-4c17-87f0-5b936f88c0f3,2026-07-10T16:31:20.692283,RW,verified
07cbd48e-de31-48b4-a2d5-5d5d5ea54a89,2026-07-10T07:36:28.295630,VN,unverified
c20aff36-ef75-46b0-8f4e-1d8a7fb8ca5a,2026-05-28T01:50:17.532837,ML,unverified
62582297-f229-4671-8ff0-ce98730b68c8,2026-05-27T12:05:47.891775,DJ,verified
509fcfc9-43df-4520-9869-f1e847c61ff0,2026-05-26T14:11:02.515195,AU,unverified
52b48735-29d8-4471-abda-fece2a37b1b1,2026-05-04T09:21:20.354724,UA,unverified
2445d8aa-1203-4575-96a0-65ae1eaed4a9,2026-07-18T17:52:59.764094,VE,verified
e14228f4-ab77-4a92-a0bc-841bfc8970b2,2026-07-01T15:25:23.192683,TN,unverified
9d062907-0b3b-412e-8731-8b215b52158e,2026-07-08T05:17:35.094536,HN,unverified
40825b2a-cab3-4cef-b01f-4eac8891d96a,2026-06-29T13:29:55.035080,NA,verified
5df8a612-cc14-4119-bd08-a5d5e399c9ac,2026-07-18T10:58:31.586535,CO,verified
3dbfb3c6-e414-4dfe-a15f-7a5551041581,2026-05-21T21:58:12.129510,PK,verified
9ec5cf82-9110-43eb-91d5-cb6982a8e4ab,2026-05-01T22:03:16.247520,BY,unverified
759811c1-1945-4217-8f69-c68d79694afe,2026-06-16T22:34:38.106242,CZ,verified
0848e49d-fcad-44d3-ba81-4c598a87ec0f,2026-07-17T02:36:31.412387,CM,unverified
2bc52561-d496-4bd9-a0c6-cf2a2e898c43,2026-05-03T00:54:09.230051,US,unverified
49d0f456-3dc3-4375-b6ee-ed21eec80450,2026-06-20T11:07:05.726789,FJ,unverified
66b332b2-c726-40a4-9649-21997685d2ff,2026-05-22T02:57:53.042954,AT,unverified
453aec4b-1b98-4d4f-981b-77041b5bda6b,2026-05-17T18:27:43.649167,MW,verified
8ea8a61e-a161-4b9c-a8d3-47d3056edde0,2026-06-08T09:24:21.254215,TZ,verified
de622bc4-79ac-47c9-aa54-51bf6745b4a9,2026-06-16T08:09:47.838343,BI,verified
47fee54e-2363-4e91-837c-7d66f2342e24,2026-05-06T03:30:28.177341,MM,unverified
855f1ea7-2278-4abf-abfa-5906b780b466,2026-06-11T02:38:15.179810,PW,unverified
cef60479-c5d4-4c3b-87d4-135a4516edd8,2026-07-10T19:08:50.262029,KZ,verified
16a7ece5-f198-45a1-aa92-1aeae56d595a,2026-05-10T22:38:29.833166,ME,verified
50070873-5d7d-4a98-a68b-e9208f87d2fc,2026-06-16T02:32:18.477767,UY,verified
b22080bd-937a-4c1a-a588-326e52d458f7,2026-06-19T01:18:32.965061,GQ,verified
cbd7d757-8877-4db6-870e-46e55fc83924,2026-07-11T06:37:36.164954,PY,verified
a15663d4-cbfe-4993-b97c-067b5538b3e8,2026-06-30T09:26:04.904072,SR,verified
17596b8a-8c85-427f-85fb-9ca1c8375aa3,2026-05-11T19:28:21.449062,GH,unverified
bce18f36-de44-4716-b53e-f262464cefb1,2026-05-22T06:19:38.884162,LV,unverified
1d7cf39c-1f3d-4bd7-b05a-39204ec50fd9,2026-06-05T19:48:08.185141,JM,verified
44c3dcb5-fe61-4c6f-98a9-2e74ddb2177c,2026-05-02T17:09:35.362221,IQ,verified
a9b14c99-c6ad-4f08-9aee-dd8f892680e4,2026-06-22T12:04:40.949065,NE,unverified
a75af7c5-6ec9-4f17-859d-4701fa0dfcc2,2026-05-20T22:47:42.656055,MZ,verified
5ed99f89-a904-40db-9747-4e2d94cf2c1f,2026-04-30T20:39:02.143902,MW,unverified
99ed8894-269b-44a1-b9d1-cb11c54cd0e3,2026-05-15T06:07:28.297986,SB,verified
ade4021e-6375-42c4-90c6-262cf2624ad7,2026-06-10T07:02:10.391363,SB,unverified
bd22d62f-c0fa-46e8-ba1f-df352c0caf4e,2026-07-12T14:07:11.184299,LA,verified
d0e2dc05-f620-4d10-b2d9-c64ae4d0b6f1,2026-06-05T14:22:20.396699,SA,unverified
6bdfd8f4-bf11-4782-a7fc-84086b128e6f,2026-05-15T16:13:08.788022,TJ,unverified
9a7ce0b6-8105-46e8-bd4b-bcea06bf1ce0,2026-05-25T12:26:36.219085,SC,verified
f1c8e07a-d09a-47c0-af41-ba03cd12c068,2026-05-14T07:43:12.328416,MT,unverified
781e11d6-7a37-4d27-8d59-93cf3404d175,2026-05-30T05:30:11.070409,GN,unverified
8ae695a9-4a06-4720-a374-323e830b4854,2026-06-18T06:02:25.877794,PW,verified
24cb48d7-f1a6-4403-a249-9dc9b12be76d,2026-05-02T18:53:09.201347,SE,unverified
80c7cf37-adc7-4f90-ab88-a24796a7432d,2026-04-30T17:27:55.507832,NO,unverified
a7872b82-6f9a-42da-8ac5-e23f0e2c0dfb,2026-05-17T00:09:58.028136,BY,verified
27a13212-44cd-4de7-b100-94cb3a41087e,2026-06-09T09:17:45.147304,PY,verified
1037cb03-d0ec-4b20-b17c-9c6687c9df7e,2026-05-24T09:38:15.652341,ET,verified
174242b7-60c4-4255-9180-3bd06dd12892,2026-07-15T04:22:52.351745,TH,verified
3ad6a52d-3bc0-48fc-b491-265a73aeca02,2026-07-13T08:35:06.799157,EE,unverified
7b707a55-a3dd-4b7b-9e6a-ffa64b2439af,2026-05-22T10:58:00.428716,CG,unverified
e17745d0-371b-4307-b51b-62fda93164cb,2026-06-26T02:31:38.506839,CG,verified
123e16c6-b0e1-4619-a8fa-f8fe4ca15be3,2026-05-06T19:33:56.478461,SA,verified
c53e71a2-4698-4aa4-b2bb-8f66e94ae767,2026-05-09T09:21:54.818280,RW,verified
7c8f6db9-01fa-4697-bf3c-1d71b9ac14f3,2026-05-06T22:59:01.890759,PS,unverified
46656b57-05f5-4d13-9440-24b1aa62a423,2026-07-15T07:24:46.981338,SE,verified
d8db0c84-3f1c-42b6-9e37-c33eb1e71aac,2026-06-05T05:00:17.079596,RW,unverified
9ef5b67d-e0ba-40a5-99ca-919b735246e5,2026-06-15T09:10:54.625234,MG,unverified
85f4d411-f895-4118-96e6-0207d77ade16,2026-06-05T19:48:48.928529,KP,verified
d06cb382-fdf3-4633-97a3-2e12c4e790e8,2026-06-13T00:11:02.009033,NA,verified
4e25835e-b8fb-440e-afcd-fd6239345643,2026-07-17T14:27:41.186699,DO,unverified
6ae4b924-9625-490e-9e2f-bb9d8bba74e3,2026-06-21T15:26:16.628106,BJ,unverified
6252fec6-5374-4251-8638-5a7a0d449405,2026-05-25T17:52:25.608004,EG,unverified
e90f8ff5-eadb-451b-b2c2-fdf93ec664dd,2026-07-12T23:06:54.446768,TD,unverified
bac72cf7-e8c7-4fef-b5ef-8e524355257f,2026-06-29T10:10:46.730462,VC,unverified
88766c9b-f42c-4157-b6b6-2a7ef0c520c2,2026-06-28T05:20:17.928938,KW,unverified
2405ad0d-7102-452d-af2a-e4b12c829e01,2026-05-23T21:38:48.384490,HN,verified
bb092fcb-a032-468f-8759-38a4f7cf60b6,2026-07-05T04:01:05.227298,AM,verified
f6451062-e5e7-4647-a30b-afe56a47ba94,2026-06-11T16:16:53.648414,SB,unverified
38b31c2d-11a1-4222-bb19-e7c5dfa4019b,2026-05-08T01:52:58.991045,PK,verified
71e7223e-cec5-471f-8657-0a3522dd3d2c,2026-07-12T12:00:09.295228,TR,verified
35899e5f-51b5-4ba9-a6e4-994ebf98a5aa,2026-06-09T01:03:12.000427,HN,unverified
9b322d68-16ed-4887-81b8-e556d291a570,2026-07-08T21:25:24.074157,PT,verified
0dcb0a1e-42be-4f25-8268-0a81c4b6d529,2026-06-11T01:30:52.858113,MT,verified
426aa985-403f-4c1e-a62c-46c48e0f0e96,2026-07-06T17:43:26.718574,US,verified
1a50121c-1030-4a73-98ed-8db244687b95,2026-05-23T00:17:42.314366,SC,verified
9ac31416-ff3d-44fb-8ee8-e5dc040b0538,2026-06-24T10:16:25.711778,CY,unverified
347c4c76-a90e-44cc-8ce7-dfe75a8b7d60,2026-05-09T10:42:24.308862,JM,unverified
610a1116-e9a1-4295-91b3-c2b335c94907,2026-05-06T23:41:47.293571,VN,unverified
98b4ba7b-7cd8-4266-aeeb-da40d75032f0,2026-07-16T19:48:53.386878,CZ,unverified
ef86ee94-12a1-4d25-8a55-25558d057738,2026-05-27T20:33:48.816439,BW,verified
65ff03f2-d01b-439c-aeac-24e278746b2b,2026-06-05T04:53:24.571563,NI,verified
a88437f2-186b-4905-bae1-29dfe5d62275,2026-05-16T13:40:32.236705,VA,unverified
24fbeb0c-06b0-4e54-9533-a56e3b56a7d5,2026-05-03T21:00:02.146343,ER,unverified
71d7906e-0dda-4a54-9540-8cc7286df879,2026-05-01T18:49:05.187928,CI,verified
56df0bde-b329-41b6-b43d-cc8302c2a45b,2026-05-20T06:49:36.427296,LK,unverified
2c7fefe1-1ec9-4de4-a092-c4d390301bde,2026-05-16T16:21:29.416383,KR,verified
ea5dd688-936a-4aee-b263-269ae00c3742,2026-06-03T23:26:29.196099,DO,verified
6ab19146-5f58-4313-99c1-7a2315813785,2026-07-17T21:53:50.210974,SB,verified
74dfee9e-c121-42ce-9123-0fb6d6821db1,2026-06-12T10:41:43.675373,MD,unverified
52a17d46-dd5e-45ad-adee-87ed1c854b2c,2026-05-26T08:52:41.638101,KM,verified
9ad6c2df-5597-4fd3-891e-45fdb1d2000d,2026-05-26T09:41:19.031834,TH,verified
951dab70-3c91-4b8c-86d7-ee97e36380fa,2026-07-11T08:53:50.692325,LC,verified
213e12a0-2af1-4c93-a646-93f5562235fc,2026-05-22T21:33:51.465144,LV,verified
f1bc7323-c87b-4a60-9644-15d60edf9076,2026-07-02T10:20:55.812508,MZ,verified
209e12fd-2f9e-4cb2-9dd5-d582d2147be8,2026-05-21T19:26:39.769976,PS,verified
d9fb5971-2616-4c1f-8014-b49ea7e6e6f9,2026-05-24T22:26:45.795415,DJ,unverified
82d6e7f3-4e4a-4f60-9a3a-ba28188a5ee4,2026-07-04T18:55:49.318155,PW,verified
92dcd9d3-bd11-45e7-98b1-62ae8e3a67ff,2026-06-25T22:34:00.247715,HN,verified
e1e61244-fb22-4cb8-b654-416a5c3f323e,2026-07-04T01:25:31.871378,IE,verified
c00df902-b137-4241-a184-a7c49e70b604,2026-05-21T20:23:54.807625,IE,unverified
ca89b333-d759-4720-a819-71f0e517b1da,2026-05-09T23:35:13.894136,IQ,unverified
3f52f7b1-f285-4f64-827e-ac814fafec38,2026-07-15T16:06:47.975338,GT,verified
ac49fa56-dc00-4295-b9c0-33a48c8dec95,2026-07-18T07:48:07.179912,PA,verified
35144796-1289-473b-bbcb-8e76cfdd09f2,2026-06-20T16:07:51.822366,UG,verified
b4954225-9016-4494-8f20-07c9ed0b9659,2026-06-19T02:43:52.786423,KI,verified
17b64661-d379-466e-866c-77224603e43b,2026-05-09T18:14:42.460362,TN,unverified
90fb3a4a-6287-45d6-b91c-547cfe0fb75a,2026-05-01T22:48:16.871550,IT,verified
0a573118-5ec5-41c4-b57e-7e4683119b4d,2026-06-28T16:10:46.576657,VE,unverified
3510b686-724d-4693-ba5e-98a3aedeb9a4,2026-06-30T10:49:14.463671,SR,unverified
a8d2ef34-3421-4bc3-a252-e18c122e0d17,2026-07-14T12:42:26.916878,CN,verified
a47dc75d-98d9-4e37-a32f-d07ed1d18e89,2026-07-07T19:21:12.109565,PE,unverified
197d81c6-866e-460d-9254-2bb9ba8b4267,2026-06-28T04:22:10.420726,SL,verified
027950f7-526c-461a-8594-79b6ff8ed05a,2026-06-07T09:59:37.084940,BJ,verified
40533762-b8d4-4af4-9f94-53a529873857,2026-05-17T13:51:19.984476,MV,unverified
c199548e-7e86-470b-8f12-6e2d6ceb52ae,2026-05-28T16:05:59.081100,TW,unverified
c7ffe3fa-ddf9-4c57-97da-5531df6f741b,2026-06-22T22:39:22.809010,MM,unverified
bfd4cab2-4d02-408a-9171-1be83e1d4cfd,2026-05-13T03:30:03.181006,CZ,verified
3b86847d-7a69-4953-bdc5-46a0f7127858,2026-07-06T05:39:06.167538,CI,verified
fe688b4d-6d86-44f5-8570-84cecb312a47,2026-05-10T20:03:03.677782,MH,unverified
8b9781fd-ec1e-44a4-9c0d-9962a025c651,2026-06-15T04:40:16.310368,SK,unverified
b4f55395-a19b-4908-9135-8506d9e28490,2026-06-15T12:55:40.601711,SC,verified
b6a54446-d969-4af6-8a25-87414983495b,2026-06-28T02:58:02.915998,GR,unverified
88328dc9-1f47-4f88-ade1-4514d1b2de1b,2026-05-14T12:14:29.537430,BD,unverified
d219c72e-a265-4ee5-9ec8-5155faefa618,2026-05-14T11:37:07.115336,GY,unverified
802cb9f7-36d9-4108-8366-f8b5b2840400,2026-06-03T08:29:29.556507,UA,unverified
6d98782b-7f1b-43a2-a446-8a6a6fe530c0,2026-06-07T11:41:46.987242,NO,unverified
79538b39-eb50-4164-b4fb-de61f5771d27,2026-07-12T20:10:33.930901,US,verified
e8b18eed-fb99-4e2d-88fc-4ac5657cad89,2026-05-25T10:28:29.386052,SB,unverified
67e177c7-bf75-4fe8-8d38-310ef85cdb3a,2026-07-19T12:06:47.625762,GN,unverified
