phase,account_node,account_id,is_fraud_account,degree,weighted_degree,connected_device_count,connected_ip_count,connected_merchant_count,shared_device_count,shared_ip_count,proj_degree,proj_weighted_degree,community_id_louvain,community_id_lpa
T1,account:3ae7b852-5f42-4663-b462-43fc9ced6252,3ae7b852-5f42-4663-b462-43fc9ced6252,False,12,12.0,4,4,4,4,4,194,201,70,0
T1,account:f8b2a232-8bd3-42c1-9c2c-89187da19ac2,f8b2a232-8bd3-42c1-9c2c-89187da19ac2,False,15,15.0,5,5,5,5,5,237,259,42,0
T1,account:c13f302e-897e-4d37-8cb9-2e1c80ee5a8e,c13f302e-897e-4d37-8cb9-2e1c80ee5a8e,False,3,3.0,1,1,1,1,1,39,39,38,0
T1,account:70e58a05-03f0-4b6f-af00-cb0ab4cdc3b2,70e58a05-03f0-4b6f-af00-cb0ab4cdc3b2,False,9,9.0,3,3,3,3,3,145,151,54,0
T1,account:9b2e08f8-1a95-444e-928d-6868ef4579bc,9b2e08f8-1a95-444e-928d-6868ef4579bc,False,9,9.0,3,3,3,3,3,138,143,54,0
T1,account:7ff45ed5-493a-4d67-9226-a45e88e10569,7ff45ed5-493a-4d67-9226-a45e88e10569,False,3,3.0,1,1,1,1,1,61,62,48,0
T1,account:7882eaac-a8ab-4333-8659-d4c75eba5e04,7882eaac-a8ab-4333-8659-d4c75eba5e04,False,15,15.0,5,5,5,5,5,225,241,54,0
T1,account:13bcbd3c-c62b-4505-97aa-6dd387fa3c4b,13bcbd3c-c62b-4505-97aa-6dd387fa3c4b,False,0,0.0,0,0,0,0,0,0,0,0,1
T1,account:53b8fb7b-55d4-4641-bbda-b1b5e753352a,53b8fb7b-55d4-4641-bbda-b1b5e753352a,False,12,12.0,4,4,4,4,4,180,186,43,0
T1,account:8bd09811-8be4-48e0-aad4-dc3a7721051c,8bd09811-8be4-48e0-aad4-dc3a7721051c,False,0,0.0,0,0,0,0,0,0,0,1,2
T1,account:87272fa6-01f2-4402-af7d-671cfc8f5517,87272fa6-01f2-4402-af7d-671cfc8f5517,False,9,9.0,3,3,3,3,3,163,172,25,0
T1,account:413ebfed-586c-4548-a746-185829a4250a,413ebfed-586c-4548-a746-185829a4250a,False,12,12.0,4,4,4,4,4,196,207,38,0
T1,account:884750f8-116b-468e-ba65-5cd03d9f152d,884750f8-116b-468e-ba65-5cd03d9f152d,False,3,3.0,1,1,1,1,1,57,57,12,0
T1,account:e18acdc2-ebf3-4ffe-b031-d80f5fa8a3ba,e18acdc2-ebf3-4ffe-b031-d80f5fa8a3ba,False,12,12.0,4,4,4,4,4,201,215,25,0
T1,account:517cf869-5809-419f-955f-edc5d4ebc802,517cf869-5809-419f-955f-edc5d4ebc802,False,15,15.0,5,5,5,5,5,267,290,70,0
T1,account:46a9b291-d115-42ea-af25-1baab16c1d97,46a9b291-d115-42ea-af25-1baab16c1d97,False,6,6.0,2,2,2,2,2,104,111,54,0
T1,account:28209503-ce75-4060-a258-f3a173873185,28209503-ce75-4060-a258-f3a173873185,False,15,15.0,5,5,5,5,5,217,244,36,0
T1,account:320e2e77-126b-4c58-bf17-b54e0e51de75,320e2e77-126b-4c58-bf17-b54e0e51de75,False,6,6.0,2,2,2,2,2,115,121,38,0
T1,account:b56493fc-de26-47a4-80b7-d896399d3170,b56493fc-de26-47a4-80b7-d896399d3170,False,3,3.0,1,1,1,1,1,61,62,38,0
T1,account:bfbe90f7-4dda-4538-ad0b-458486454bb4,bfbe90f7-4dda-4538-ad0b-458486454bb4,False,24,24.0,8,8,8,8,8,364,403,70,0
T1,account:f044d87f-a62a-4c03-849e-ca7959c8be19,f044d87f-a62a-4c03-849e-ca7959c8be19,False,18,18.0,6,6,6,6,6,285,314,43,0
T1,account:70458e74-f0d3-44b2-add9-7f5659cb9367,70458e74-f0d3-44b2-add9-7f5659cb9367,False,9,9.0,3,3,3,3,3,139,145,43,0
T1,account:4a752c46-7f59-48f8-b0c1-6cecbf566c4c,4a752c46-7f59-48f8-b0c1-6cecbf566c4c,False,3,3.0,1,1,1,1,1,55,56,42,0
T1,account:523409e3-52ac-466e-a37a-6b46ced65009,523409e3-52ac-466e-a37a-6b46ced65009,False,6,6.0,2,2,2,2,2,98,101,73,0
T1,account:35885b72-f4bf-4bff-90c5-dc226b9cc4da,35885b72-f4bf-4bff-90c5-dc226b9cc4da,False,21,21.0,7,7,7,7,7,329,364,42,0
T1,account:c361628f-a248-4e10-8f8a-82f7686012b3,c361628f-a248-4e10-8f8a-82f7686012b3,False,12,12.0,4,4,4,4,4,225,232,42,0
T1,account:db07abb0-8cd6-40da-8a30-e22c02312c9f,db07abb0-8cd6-40da-8a30-e22c02312c9f,False,6,6.0,2,2,2,2,2,117,120,18,0
T1,account:e8da20dd-efc8-4c26-987f-136305fa32b7,e8da20dd-efc8-4c26-987f-136305fa32b7,False,18,18.0,6,6,6,6,6,296,317,12,0
T1,account:edf0ab71-b3ee-495e-8eba-56b20961a6a6,edf0ab71-b3ee-495e-8eba-56b20961a6a6,False,3,3.0,1,1,1,1,1,64,64,38,0
T1,account:f3d7732e-b188-4779-a1b2-2f17e125d6db,f3d7732e-b188-4779-a1b2-2f17e125d6db,False,15,15.0,5,5,5,5,5,237,258,73,0
T1,account:1b7e1998-e9d9-4bd2-89df-7d1623247f06,1b7e1998-e9d9-4bd2-89df-7d1623247f06,False,9,9.0,3,3,3,3,3,153,160,42,0
T1,account:a245e028-9b16-47e5-a6a0-4658d1a69373,a245e028-9b16-47e5-a6a0-4658d1a69373,False,15,15.0,5,5,5,5,5,262,280,8,0
T1,account:1cce8938-21fd-4d1e-8baf-84fd6f776a94,1cce8938-21fd-4d1e-8baf-84fd6f776a94,False,12,12.0,4,4,4,4,4,185,195,18,0
T1,account:16581a33-5df6-478f-986e-04f283c5f68f,16581a33-5df6-478f-986e-04f283c5f68f,False,21,21.0,7,7,7,7,7,326,355,25,0
T1,account:4452ca00-ee61-4a0e-9c42-e452a2610eb8,4452ca00-ee61-4a0e-9c42-e452a2610eb8,False,15,15.0,5,5,5,5,5,257,282,54,0
T1,account:fb61aad3-1576-46e4-8df1-7e152cf5b18f,fb61aad3-1576-46e4-8df1-7e152cf5b18f,False,9,9.0,3,3,3,3,3,143,156,54,0
T1,account:e98046b5-0a88-4a79-a793-6229d43870e1,e98046b5-0a88-4a79-a793-6229d43870e1,False,9,9.0,3,3,3,3,3,163,166,42,0
T1,account:313ae229-d05b-42d9-aded-9c9738e6336c,313ae229-d05b-42d9-aded-9c9738e6336c,False,12,12.0,4,4,4,4,4,215,228,54,0
T1,account:3f15b379-16b4-48a4-ac1d-afe8f6298978,3f15b379-16b4-48a4-ac1d-afe8f6298978,False,15,15.0,5,5,5,5,5,258,274,70,0
T1,account:1ccf43f1-2fed-4c49-bdee-cd2c1211de16,1ccf43f1-2fed-4c49-bdee-cd2c1211de16,False,21,21.0,7,7,7,7,7,332,367,48,0
T1,account:bbe5a673-b18d-4f0e-9584-141ff2cf8e33,bbe5a673-b18d-4f0e-9584-141ff2cf8e33,False,3,3.0,1,1,1,1,1,49,50,55,0
T1,account:86389edf-7979-4e8c-b023-b9ad4e96613c,86389edf-7979-4e8c-b023-b9ad4e96613c,False,12,12.0,4,4,4,4,4,213,226,42,0
T1,account:e7b8a1ac-e153-499a-bbde-94bc0bf4f9a1,e7b8a1ac-e153-499a-bbde-94bc0bf4f9a1,False,12,12.0,4,4,4,4,4,230,236,8,0
T1,account:42fc1774-2061-4a89-8734-17bd5f636712,42fc1774-2061-4a89-8734-17bd5f636712,False,18,18.0,6,6,6,6,6,282,299,38,0
T1,account:428d28db-d83d-41dd-b7a6-e075331b62bc,428d28db-d83d-41dd-b7a6-e075331b62bc,False,3,3.0,1,1,1,1,1,45,46,38,0
T1,account:df63a548-a7ad-4121-9f53-036f81dd2798,df63a548-a7ad-4121-9f53-036f81dd2798,False,6,6.0,2,2,2,2,2,100,101,73,0
T1,account:184d8a5e-4624-4f7d-8eab-247a9278b61f,184d8a5e-4624-4f7d-8eab-247a9278b61f,False,12,12.0,4,4,4,4,4,212,221,48,0
T1,account:7886eb8a-34d7-47d6-9b22-a9dbd7f4d300,7886eb8a-34d7-47d6-9b22-a9dbd7f4d300,False,3,3.0,1,1,1,1,1,53,53,43,0
T1,account:10a12e40-74b3-46f8-9413-67de956fa059,10a12e40-74b3-46f8-9413-67de956fa059,False,0,0.0,0,0,0,0,0,0,0,2,3
T1,account:b18c1b43-593a-4f58-8379-9294a019c39c,b18c1b43-593a-4f58-8379-9294a019c39c,False,6,6.0,2,2,2,2,2,106,110,36,0
T1,account:36ab104b-c0b0-47ad-883b-434a392adac3,36ab104b-c0b0-47ad-883b-434a392adac3,False,6,6.0,2,2,2,2,2,105,106,18,0
T1,account:c4cb8f8e-0550-4f2d-981b-19ee54d84deb,c4cb8f8e-0550-4f2d-981b-19ee54d84deb,False,9,9.0,3,3,3,3,3,154,163,54,0
T1,account:e2b9722e-25e4-4683-8e70-f27adbc36d3c,e2b9722e-25e4-4683-8e70-f27adbc36d3c,False,6,6.0,2,2,2,2,2,106,109,25,0
T1,account:b95e2f70-e9d2-4991-bcad-8b7f746b5978,b95e2f70-e9d2-4991-bcad-8b7f746b5978,False,6,6.0,2,2,2,2,2,117,120,42,0
T1,account:105533b9-0c98-4c8a-8c96-bdc6be37fe9d,105533b9-0c98-4c8a-8c96-bdc6be37fe9d,False,6,6.0,2,2,2,2,2,102,105,48,0
T1,account:6f3f43fd-7982-4e28-b685-635f71ef2edb,6f3f43fd-7982-4e28-b685-635f71ef2edb,False,15,15.0,5,5,5,5,5,244,260,73,0
T1,account:3612e643-f4fa-4b81-a6f2-a1d68baee31f,3612e643-f4fa-4b81-a6f2-a1d68baee31f,False,3,3.0,1,1,1,1,1,60,61,43,0
T1,account:5ed5f82d-36f3-4e13-96cb-17a4e3954112,5ed5f82d-36f3-4e13-96cb-17a4e3954112,False,9,9.0,3,3,3,3,3,153,156,8,0
T1,account:d5b51b64-a494-4f49-92ae-9659292501e4,d5b51b64-a494-4f49-92ae-9659292501e4,False,24,24.0,8,8,8,8,8,365,416,38,0
T1,account:d90cd2cd-6e70-4f27-ad6e-21b7219e8980,d90cd2cd-6e70-4f27-ad6e-21b7219e8980,False,15,15.0,5,5,5,5,5,254,275,42,0
T1,account:a7490c70-6a7f-4e15-a984-f907d4243421,a7490c70-6a7f-4e15-a984-f907d4243421,False,12,12.0,4,4,4,4,4,211,221,42,0
T1,account:90a2ed0e-1e39-4aed-9705-1b6ba4dd2d0e,90a2ed0e-1e39-4aed-9705-1b6ba4dd2d0e,False,9,9.0,3,3,3,3,3,176,181,12,0
T1,account:b2e867a9-16fa-4c77-9fd8-5635b58fdf1a,b2e867a9-16fa-4c77-9fd8-5635b58fdf1a,False,6,6.0,2,2,2,2,2,115,120,54,0
T1,account:325d7fb0-05be-43c9-afe8-f00cd72cf8e0,325d7fb0-05be-43c9-afe8-f00cd72cf8e0,False,9,9.0,3,3,3,3,3,139,145,42,0
T1,account:8cd0cb9f-3e87-492d-84ce-3b226dd8f9c1,8cd0cb9f-3e87-492d-84ce-3b226dd8f9c1,False,6,6.0,2,2,2,2,2,108,110,38,0
T1,account:02f92edd-01b0-4f69-8ddb-81f79fad639c,02f92edd-01b0-4f69-8ddb-81f79fad639c,False,12,12.0,4,4,4,4,4,175,181,12,0
T1,account:2b2cf1e3-5c20-42f1-bc3f-0c7aef1cc7ff,2b2cf1e3-5c20-42f1-bc3f-0c7aef1cc7ff,False,9,9.0,3,3,3,3,3,149,154,42,0
T1,account:47066109-1a7a-438d-b331-dd1b2b42aef9,47066109-1a7a-438d-b331-dd1b2b42aef9,False,21,21.0,7,7,7,7,7,364,403,38,0
T1,account:6f20fd8c-2442-4894-864c-f4c9c07f1b20,6f20fd8c-2442-4894-864c-f4c9c07f1b20,False,18,18.0,6,6,6,6,6,288,322,25,0
T1,account:704227c8-ea82-4901-8e38-449e6339fc5f,704227c8-ea82-4901-8e38-449e6339fc5f,False,15,15.0,5,5,5,5,5,252,273,43,0
T1,account:c6d153f5-b28e-4b85-a87c-7114474fe3d0,c6d153f5-b28e-4b85-a87c-7114474fe3d0,False,15,15.0,5,5,5,5,5,264,277,25,0
T1,account:1a49df9f-0b4d-4855-8440-f232366da2b5,1a49df9f-0b4d-4855-8440-f232366da2b5,False,9,9.0,3,3,3,3,3,152,155,18,0
T1,account:c7ac5cfe-e372-4358-b319-b84158e791af,c7ac5cfe-e372-4358-b319-b84158e791af,False,15,15.0,5,5,5,5,5,247,271,18,0
T1,account:9717e56a-5ec4-49c7-93d1-c8bb54a13743,9717e56a-5ec4-49c7-93d1-c8bb54a13743,False,15,15.0,5,5,5,5,5,253,275,42,0
T1,account:622b8251-e195-4f65-b21b-b66af50c782f,622b8251-e195-4f65-b21b-b66af50c782f,False,9,9.0,3,3,3,3,3,158,160,42,0
T1,account:64b36611-5d7f-4a5d-bb79-65e004204e19,64b36611-5d7f-4a5d-bb79-65e004204e19,False,6,6.0,2,2,2,2,2,113,117,18,0
T1,account:2dfb2609-43ae-4a74-93ef-cc261c8f40a1,2dfb2609-43ae-4a74-93ef-cc261c8f40a1,False,3,3.0,1,1,1,1,1,55,56,18,0
T1,account:f944ba50-8ef8-41f5-a91f-d7fe812fd48f,f944ba50-8ef8-41f5-a91f-d7fe812fd48f,False,12,12.0,4,4,4,4,4,196,210,12,0
T1,account:e841fd9a-5023-4d3c-937b-aad0eb70eb12,e841fd9a-5023-4d3c-937b-aad0eb70eb12,False,3,3.0,1,1,1,1,1,54,55,55,0
T1,account:f6d8893e-df5a-4e24-a245-80f6d36c7606,f6d8893e-df5a-4e24-a245-80f6d36c7606,False,12,12.0,4,4,4,4,4,195,205,42,0
T1,account:0dd801cd-aed8-43a6-94c9-4ae2a896aedf,0dd801cd-aed8-43a6-94c9-4ae2a896aedf,False,6,6.0,2,2,2,2,2,118,128,38,0
T1,account:28eac098-2492-4c43-bd47-fc8cb4784158,28eac098-2492-4c43-bd47-fc8cb4784158,False,12,12.0,4,4,4,4,4,216,232,8,0
T1,account:8184f320-b7f3-4d93-b8bf-674e91baee18,8184f320-b7f3-4d93-b8bf-674e91baee18,False,6,6.0,2,2,2,2,2,94,96,55,0
T1,account:86efa736-0c38-4ed1-8508-f96213f0e746,86efa736-0c38-4ed1-8508-f96213f0e746,False,12,12.0,4,4,4,4,4,209,218,48,0
T1,account:eb6254a2-fe57-4e99-ad41-9d9b6b7caf59,eb6254a2-fe57-4e99-ad41-9d9b6b7caf59,False,6,6.0,2,2,2,2,2,103,105,62,0
T1,account:6ecf388c-be09-4e1e-8338-513bee592d58,6ecf388c-be09-4e1e-8338-513bee592d58,False,6,6.0,2,2,2,2,2,104,108,25,0
T1,account:d9d724ec-9ded-497d-a28d-14812fcd742a,d9d724ec-9ded-497d-a28d-14812fcd742a,False,3,3.0,1,1,1,1,1,57,57,36,0
T1,account:f4e9cf40-42a8-4277-ad28-bd22987ce53b,f4e9cf40-42a8-4277-ad28-bd22987ce53b,False,3,3.0,1,1,1,1,1,50,50,42,0
T1,account:44eee0c9-9a9e-4e9e-9ad5-9ab587627814,44eee0c9-9a9e-4e9e-9ad5-9ab587627814,False,30,30.0,10,10,10,10,10,482,554,12,0
T1,account:63bc7165-e92b-4911-b28d-5d0463cf35b2,63bc7165-e92b-4911-b28d-5d0463cf35b2,False,27,27.0,9,9,9,9,9,444,500,8,0
T1,account:fd279b54-f3f4-4baa-ac6a-47fb1e2f9f03,fd279b54-f3f4-4baa-ac6a-47fb1e2f9f03,False,18,18.0,6,6,6,6,6,295,318,70,0
T1,account:f5254b05-2b29-4254-a59d-a82e6b3a6c77,f5254b05-2b29-4254-a59d-a82e6b3a6c77,False,3,3.0,1,1,1,1,1,54,55,42,0
T1,account:79ea79f0-1475-4cb2-bf1c-d5cb89877516,79ea79f0-1475-4cb2-bf1c-d5cb89877516,False,12,12.0,4,4,4,4,4,191,204,54,0
T1,account:a27dec37-4b96-4781-9c7f-906a627567fb,a27dec37-4b96-4781-9c7f-906a627567fb,False,9,9.0,3,3,3,3,3,158,163,18,0
T1,account:a2049c9c-33dc-4d1d-96a2-65a26ba9bf58,a2049c9c-33dc-4d1d-96a2-65a26ba9bf58,False,3,3.0,1,1,1,1,1,59,59,12,0
T1,account:44e3f700-e057-44b5-ab4a-12dd9567971f,44e3f700-e057-44b5-ab4a-12dd9567971f,False,12,12.0,4,4,4,4,4,201,211,70,0
T1,account:f2599497-8968-483f-bf47-296bd830b5d7,f2599497-8968-483f-bf47-296bd830b5d7,False,9,9.0,3,3,3,3,3,134,136,54,0
T1,account:e7b67e0b-8f0a-4f9c-adff-ba98b8fbca31,e7b67e0b-8f0a-4f9c-adff-ba98b8fbca31,False,15,15.0,5,5,5,5,5,237,248,54,0
T1,account:19e66172-2a98-4ece-9f2c-cf21f310ff86,19e66172-2a98-4ece-9f2c-cf21f310ff86,False,3,3.0,1,1,1,1,1,56,58,25,0
T1,account:28c280e2-a979-4e6e-9fbb-5a7e89fa6fc5,28c280e2-a979-4e6e-9fbb-5a7e89fa6fc5,False,6,6.0,2,2,2,2,2,106,106,12,0
T1,account:0b9311a8-083f-4029-af45-b5f12de3906d,0b9311a8-083f-4029-af45-b5f12de3906d,False,15,15.0,5,5,5,5,5,256,269,73,0
T1,account:ed56e280-0f75-424e-8ec7-fe67b86d9746,ed56e280-0f75-424e-8ec7-fe67b86d9746,False,0,0.0,0,0,0,0,0,0,0,3,4
T1,account:9e9b11c9-1509-47fb-bc43-73f40f48c274,9e9b11c9-1509-47fb-bc43-73f40f48c274,False,15,15.0,5,5,5,5,5,260,278,12,0
T1,account:e34d4f25-6d90-46c3-8432-065c504f1a85,e34d4f25-6d90-46c3-8432-065c504f1a85,False,18,18.0,6,6,6,6,6,303,325,8,0
T1,account:f9d326bc-ba05-4fd4-8c48-b48d6b89fd34,f9d326bc-ba05-4fd4-8c48-b48d6b89fd34,False,18,18.0,6,6,6,6,6,272,308,48,0
T1,account:95ec3fb0-9acd-494d-8126-dff6580189a5,95ec3fb0-9acd-494d-8126-dff6580189a5,False,6,6.0,2,2,2,2,2,90,90,38,0
T1,account:53d5747a-6fc1-40a3-a256-3a0e4575e9ce,53d5747a-6fc1-40a3-a256-3a0e4575e9ce,False,12,12.0,4,4,4,4,4,218,233,36,0
T1,account:0ff246e4-265f-4c54-bc8b-8a6162417035,0ff246e4-265f-4c54-bc8b-8a6162417035,False,6,6.0,2,2,2,2,2,112,113,12,0
T1,account:6e3a9b9a-e18c-4273-92a8-b040c60e2202,6e3a9b9a-e18c-4273-92a8-b040c60e2202,False,15,15.0,5,5,5,5,5,246,259,73,0
T1,account:5112e81b-d1c5-407c-acd3-94fbc5a1a63f,5112e81b-d1c5-407c-acd3-94fbc5a1a63f,False,3,3.0,1,1,1,1,1,50,51,36,0
T1,account:573df9f9-b8d0-4ce9-aa5b-7552fb0b507c,573df9f9-b8d0-4ce9-aa5b-7552fb0b507c,False,12,12.0,4,4,4,4,4,227,236,43,0
T1,account:030702fb-bbad-4e92-ab93-fbcc235ae111,030702fb-bbad-4e92-ab93-fbcc235ae111,False,3,3.0,1,1,1,1,1,59,60,12,0
T1,account:13dab736-8a2d-48ee-9d51-ac06e6a38e19,13dab736-8a2d-48ee-9d51-ac06e6a38e19,False,6,6.0,2,2,2,2,2,105,107,8,0
T1,account:4dcb6a2e-d60d-47b1-902c-0c715366057d,4dcb6a2e-d60d-47b1-902c-0c715366057d,False,12,12.0,4,4,4,4,4,192,204,42,0
T1,account:fdb59ba5-080e-40f4-b988-fcd630dcbd0a,fdb59ba5-080e-40f4-b988-fcd630dcbd0a,False,6,6.0,2,2,2,2,2,106,106,70,0
T1,account:ed6c7418-4535-4d55-b84f-aa32c2242270,ed6c7418-4535-4d55-b84f-aa32c2242270,False,12,12.0,4,4,4,4,4,199,208,12,0
T1,account:63824e2f-073c-49aa-bc62-02e4655c98f3,63824e2f-073c-49aa-bc62-02e4655c98f3,False,15,15.0,5,5,5,5,5,238,252,55,0
T1,account:4720b701-3cc5-4aca-b71c-58fa259168bf,4720b701-3cc5-4aca-b71c-58fa259168bf,False,18,18.0,6,6,6,6,6,297,335,54,0
T1,account:ba4a0494-1f3d-4374-b526-4b19ef9e2477,ba4a0494-1f3d-4374-b526-4b19ef9e2477,False,15,15.0,5,5,5,5,5,248,264,12,0
T1,account:f9f49f55-7408-47b5-8aa2-8f8503ee2097,f9f49f55-7408-47b5-8aa2-8f8503ee2097,False,3,3.0,1,1,1,1,1,65,66,12,0
T1,account:db14cf22-2b36-488e-8e62-8b6aea22bb15,db14cf22-2b36-488e-8e62-8b6aea22bb15,False,15,15.0,5,5,5,5,5,265,286,38,0
T1,account:21801612-c557-4df6-9cf4-b200de2fd119,21801612-c557-4df6-9cf4-b200de2fd119,False,15,15.0,5,5,5,5,5,251,268,8,0
T1,account:69a0a87c-b988-4016-99ee-2a9b11b5f808,69a0a87c-b988-4016-99ee-2a9b11b5f808,False,12,12.0,4,4,4,4,4,195,203,62,0
T1,account:8b18a13d-2b1a-4f46-8b98-4f5580a00347,8b18a13d-2b1a-4f46-8b98-4f5580a00347,False,8,9.0,3,3,2,3,3,126,132,42,0
T1,account:90486d71-807e-4a3e-93b5-57a2694393d9,90486d71-807e-4a3e-93b5-57a2694393d9,False,9,9.0,3,3,3,3,3,166,170,42,0
T1,account:388c7b2a-648b-4a61-bdf4-df99bbd638c1,388c7b2a-648b-4a61-bdf4-df99bbd638c1,False,6,6.0,2,2,2,2,2,101,101,54,0
T1,account:15da37f1-04d8-498d-9e3b-72907c9f3519,15da37f1-04d8-498d-9e3b-72907c9f3519,False,9,9.0,3,3,3,3,3,169,174,8,0
T1,account:cddeef2b-ba30-4877-b1d0-f9ed8266dad6,cddeef2b-ba30-4877-b1d0-f9ed8266dad6,False,18,18.0,6,6,6,6,6,312,340,8,0
T1,account:e45cb9cf-b228-4115-9e48-59cd52a01d73,e45cb9cf-b228-4115-9e48-59cd52a01d73,False,12,12.0,4,4,4,4,4,199,209,18,0
T1,account:7e340af2-22da-43d0-8cb1-9b92f1c8c718,7e340af2-22da-43d0-8cb1-9b92f1c8c718,False,3,3.0,1,1,1,1,1,53,56,54,0
T1,account:92171171-05cf-4023-81ba-e6094020df79,92171171-05cf-4023-81ba-e6094020df79,False,6,6.0,2,2,2,2,2,113,116,25,0
T1,account:828644a5-dad0-43a1-b758-63b7a0d09b85,828644a5-dad0-43a1-b758-63b7a0d09b85,False,9,9.0,3,3,3,3,3,179,184,48,0
T1,account:ec5f785b-6319-4d72-8457-37b5fd0cb204,ec5f785b-6319-4d72-8457-37b5fd0cb204,False,12,12.0,4,4,4,4,4,208,219,36,0
T1,account:60f6f10e-e659-49b3-90d2-777b5fe761bb,60f6f10e-e659-49b3-90d2-777b5fe761bb,False,17,18.0,5,6,6,5,6,295,321,42,0
T1,account:62494bb7-b5bd-4df2-ab15-16dcb49c6968,62494bb7-b5bd-4df2-ab15-16dcb49c6968,False,9,9.0,3,3,3,3,3,139,147,43,0
T1,account:5f2e4ac0-0e57-4561-8c11-71e94c27c7e5,5f2e4ac0-0e57-4561-8c11-71e94c27c7e5,False,19,21.0,7,6,6,7,6,299,330,73,0
T1,account:852307c8-0bbc-4f4a-b16f-8e6a72b5fc9e,852307c8-0bbc-4f4a-b16f-8e6a72b5fc9e,False,15,15.0,5,5,5,5,5,253,265,38,0
T1,account:c5cb552b-fac2-4aa0-9914-92b93ca0a3ab,c5cb552b-fac2-4aa0-9914-92b93ca0a3ab,False,3,3.0,1,1,1,1,1,45,45,25,0
T1,account:53cd79fb-17f9-4bac-8202-4b58cef3b563,53cd79fb-17f9-4bac-8202-4b58cef3b563,False,27,27.0,9,9,9,9,9,388,443,54,0
T1,account:a622cdcf-4c94-4141-8888-e593da538d91,a622cdcf-4c94-4141-8888-e593da538d91,False,12,12.0,4,4,4,4,4,178,194,62,0
T1,account:12163b6c-820c-4d16-8b15-c6c669448691,12163b6c-820c-4d16-8b15-c6c669448691,False,30,30.0,10,10,10,10,10,467,535,43,0
T1,account:65cc6726-eb79-451b-8ec5-0ae688943e2e,65cc6726-eb79-451b-8ec5-0ae688943e2e,False,6,6.0,2,2,2,2,2,103,106,36,0
T1,account:77c731dc-e100-4ad5-bf2d-3aeb6e38da9b,77c731dc-e100-4ad5-bf2d-3aeb6e38da9b,False,12,12.0,4,4,4,4,4,194,201,54,0
T1,account:63d5f81f-ddfa-4d71-aeb6-c3abcbb2688b,63d5f81f-ddfa-4d71-aeb6-c3abcbb2688b,False,12,12.0,4,4,4,4,4,175,187,25,0
T1,account:00d5c144-bc83-4237-9039-56f2867de75a,00d5c144-bc83-4237-9039-56f2867de75a,False,9,9.0,3,3,3,3,3,136,140,42,0
T1,account:fc72b9e0-b1f7-41c7-bfd7-a72230340fd9,fc72b9e0-b1f7-41c7-bfd7-a72230340fd9,False,9,9.0,3,3,3,3,3,160,166,36,0
T1,account:8067e94f-2548-4799-a6e7-a9a6ed1a0283,8067e94f-2548-4799-a6e7-a9a6ed1a0283,False,3,3.0,1,1,1,1,1,65,65,18,0
T1,account:f33e5c5a-ae7f-4b43-9b96-8822b246cb8e,f33e5c5a-ae7f-4b43-9b96-8822b246cb8e,False,18,18.0,6,6,6,6,6,270,298,73,0
T1,account:aef9c195-1f38-484b-a0b3-831a94c50bd1,aef9c195-1f38-484b-a0b3-831a94c50bd1,False,21,21.0,7,7,7,7,7,347,379,55,0
T1,account:8ebf6194-03b0-4c53-9caa-a876a19494f4,8ebf6194-03b0-4c53-9caa-a876a19494f4,False,6,6.0,2,2,2,2,2,80,85,25,0
T1,account:8ade78fc-ddf7-4b18-ab22-b7c35fb63868,8ade78fc-ddf7-4b18-ab22-b7c35fb63868,False,6,6.0,2,2,2,2,2,115,117,48,0
T1,account:aee8a0c9-d551-4a5d-84e1-a6cd926498e7,aee8a0c9-d551-4a5d-84e1-a6cd926498e7,False,9,9.0,3,3,3,3,3,143,152,18,0
T1,account:44c04e89-aad6-472b-97ef-a16803941756,44c04e89-aad6-472b-97ef-a16803941756,False,3,3.0,1,1,1,1,1,47,47,73,0
T1,account:70d17398-d550-4e1d-a3c2-d130119b1ceb,70d17398-d550-4e1d-a3c2-d130119b1ceb,False,3,3.0,1,1,1,1,1,57,57,42,0
T1,account:776bb460-df36-4300-9ed4-09072876c08c,776bb460-df36-4300-9ed4-09072876c08c,False,12,12.0,4,4,4,4,4,199,208,48,0
T1,account:f0013ee7-0f23-45d0-bf10-48556d683e14,f0013ee7-0f23-45d0-bf10-48556d683e14,False,9,9.0,3,3,3,3,3,162,169,36,0
T1,account:5acde4d4-6f72-47fd-a54a-62c9818025a1,5acde4d4-6f72-47fd-a54a-62c9818025a1,False,6,6.0,2,2,2,2,2,105,108,62,0
T1,account:c57a1584-dc06-4039-958f-36efdd9c15af,c57a1584-dc06-4039-958f-36efdd9c15af,False,9,9.0,3,3,3,3,3,157,163,42,0
T1,account:23c6842d-744f-4f04-be11-8c64a8df1a48,23c6842d-744f-4f04-be11-8c64a8df1a48,False,15,15.0,5,5,5,5,5,253,267,38,0
T1,account:c80819c6-f433-4478-9fcc-1455d31bcef5,c80819c6-f433-4478-9fcc-1455d31bcef5,False,9,9.0,3,3,3,3,3,131,137,42,0
T1,account:9fc562dd-2fa8-44e6-a3fb-98e4889217dd,9fc562dd-2fa8-44e6-a3fb-98e4889217dd,False,0,0.0,0,0,0,0,0,0,0,4,5
T1,account:b97900f4-aa3b-4d91-827c-b0aa115cd06b,b97900f4-aa3b-4d91-827c-b0aa115cd06b,False,6,6.0,2,2,2,2,2,116,121,70,0
T1,account:012303cb-a045-4644-9a9c-11599315f0d8,012303cb-a045-4644-9a9c-11599315f0d8,False,3,3.0,1,1,1,1,1,52,54,54,0
T1,account:1b2dee74-0bba-449f-84a2-421a2103c1b4,1b2dee74-0bba-449f-84a2-421a2103c1b4,False,15,15.0,5,5,5,5,5,244,268,62,0
T1,account:2fab8985-d91e-4998-834d-4e1dc07267b8,2fab8985-d91e-4998-834d-4e1dc07267b8,False,9,9.0,3,3,3,3,3,162,166,38,0
T1,account:a06952a4-2ac5-4e62-a71c-aef97f8f3568,a06952a4-2ac5-4e62-a71c-aef97f8f3568,False,12,12.0,4,4,4,4,4,186,195,54,0
T1,account:d459aca8-f36f-48b6-a2f6-3708c1f0ac20,d459aca8-f36f-48b6-a2f6-3708c1f0ac20,False,12,12.0,4,4,4,4,4,202,207,25,0
T1,account:710a376a-ba83-44fc-8063-69a2a7f8f9b8,710a376a-ba83-44fc-8063-69a2a7f8f9b8,False,6,6.0,2,2,2,2,2,102,102,48,0
T1,account:5c9e9fff-500b-4cd7-a79b-c8a6544bb0dc,5c9e9fff-500b-4cd7-a79b-c8a6544bb0dc,False,12,12.0,4,4,4,4,4,210,224,42,0
T1,account:81b0b16c-50cc-46ad-8042-1cd764ebf190,81b0b16c-50cc-46ad-8042-1cd764ebf190,False,3,3.0,1,1,1,1,1,53,54,36,0
T1,account:4146e63b-b809-4246-bcd2-95f6d4833a26,4146e63b-b809-4246-bcd2-95f6d4833a26,False,24,24.0,8,8,8,8,8,398,439,55,0
T1,account:b01c18e0-15d3-4cd5-821b-eae45c03cb91,b01c18e0-15d3-4cd5-821b-eae45c03cb91,False,9,9.0,3,3,3,3,3,131,137,42,0
T1,account:7848541e-f6e8-417e-8da1-e1a2b845ae9b,7848541e-f6e8-417e-8da1-e1a2b845ae9b,False,18,18.0,6,6,6,6,6,313,356,38,0
T1,account:bc003a12-020a-433b-b806-af8d2d632112,bc003a12-020a-433b-b806-af8d2d632112,False,6,6.0,2,2,2,2,2,103,105,12,0
T1,account:d149e82b-bc93-4d36-9464-022fc435ff41,d149e82b-bc93-4d36-9464-022fc435ff41,False,3,3.0,1,1,1,1,1,57,57,54,0
T1,account:d8c793ff-48b3-4b0f-99b9-1bb865ec430f,d8c793ff-48b3-4b0f-99b9-1bb865ec430f,False,12,12.0,4,4,4,4,4,198,207,25,0
T1,account:8bb43ab3-8454-4edd-86ad-7cd73e1bb77c,8bb43ab3-8454-4edd-86ad-7cd73e1bb77c,False,3,3.0,1,1,1,1,1,56,56,48,0
T1,account:5086c006-f397-42ef-ac90-f8be74949379,5086c006-f397-42ef-ac90-f8be74949379,False,3,3.0,1,1,1,1,1,46,47,48,0
T1,account:67bf410a-8272-4cf8-946d-364e3dd90288,67bf410a-8272-4cf8-946d-364e3dd90288,False,9,9.0,3,3,3,3,3,169,176,25,0
T1,account:d3b65503-5e7b-454c-b054-53bef1f48180,d3b65503-5e7b-454c-b054-53bef1f48180,False,9,9.0,3,3,3,3,3,156,163,62,0
T1,account:c58018f1-3114-4730-aa23-7b9ecd493dab,c58018f1-3114-4730-aa23-7b9ecd493dab,False,15,15.0,5,5,5,5,5,234,249,55,0
T1,account:854d31dd-796d-41f7-a539-7f62e043fd75,854d31dd-796d-41f7-a539-7f62e043fd75,False,6,6.0,2,2,2,2,2,95,101,73,0
T1,account:d1768d74-d94d-4136-b825-32b8d3e50b2e,d1768d74-d94d-4136-b825-32b8d3e50b2e,False,6,6.0,2,2,2,2,2,86,86,43,0
T1,account:118f160b-f46c-463d-960c-1c5e079fd609,118f160b-f46c-463d-960c-1c5e079fd609,False,3,3.0,1,1,1,1,1,45,48,25,0
T1,account:2ed7513b-ba2c-48b6-ba27-c2e6c0f408e1,2ed7513b-ba2c-48b6-ba27-c2e6c0f408e1,False,6,6.0,2,2,2,2,2,103,105,36,0
T1,account:5a7e536a-bc7a-47c6-b5e4-08f840bf2d57,5a7e536a-bc7a-47c6-b5e4-08f840bf2d57,False,12,12.0,4,4,4,4,4,199,208,43,0
T1,account:08cadd0d-c3d3-4bf6-bfb0-37f1b5eeac8c,08cadd0d-c3d3-4bf6-bfb0-37f1b5eeac8c,False,6,6.0,2,2,2,2,2,115,122,38,0
T1,account:6648f353-d074-4e7f-890e-8b0a5d10fb62,6648f353-d074-4e7f-890e-8b0a5d10fb62,False,12,12.0,4,4,4,4,4,185,196,55,0
T1,account:32ef972d-e303-4e4d-9040-a604bd0f6012,32ef972d-e303-4e4d-9040-a604bd0f6012,False,6,6.0,2,2,2,2,2,102,104,12,0
T1,account:479fa723-6d48-4917-b14b-edc8a48f04f7,479fa723-6d48-4917-b14b-edc8a48f04f7,False,6,6.0,2,2,2,2,2,96,97,54,0
T1,account:ee43b8ac-0a1a-420d-b4f4-0b88b20fce5e,ee43b8ac-0a1a-420d-b4f4-0b88b20fce5e,False,15,15.0,5,5,5,5,5,239,253,36,0
T1,account:a4b60af3-9c4c-48ab-b2fa-464bc4d42f73,a4b60af3-9c4c-48ab-b2fa-464bc4d42f73,False,11,12.0,4,3,4,4,3,196,206,38,0
T1,account:fc5bd5fd-a8a8-4c2d-a3ea-76fdba00bd51,fc5bd5fd-a8a8-4c2d-a3ea-76fdba00bd51,False,12,12.0,4,4,4,4,4,222,234,36,0
T1,account:ffbbaff9-2843-4cac-99ee-52c2d5f95a73,ffbbaff9-2843-4cac-99ee-52c2d5f95a73,False,15,15.0,5,5,5,5,5,256,279,55,0
T1,account:ae17f419-6a97-4d12-9b95-2381b37f4f0c,ae17f419-6a97-4d12-9b95-2381b37f4f0c,False,9,9.0,3,3,3,3,3,162,167,18,0
T1,account:58930d5b-e7d7-49aa-b476-a93d2203ba65,58930d5b-e7d7-49aa-b476-a93d2203ba65,False,0,0.0,0,0,0,0,0,0,0,5,6
T1,account:339a3eb5-380a-4fcd-b98e-1fa16d7445b0,339a3eb5-380a-4fcd-b98e-1fa16d7445b0,False,3,3.0,1,1,1,1,1,52,52,42,0
T1,account:58abc8f5-1d4a-4658-a3d9-ea1e54848ea6,58abc8f5-1d4a-4658-a3d9-ea1e54848ea6,False,6,6.0,2,2,2,2,2,103,107,38,0
T1,account:0458a376-b77a-4596-bc9e-0116668f320f,0458a376-b77a-4596-bc9e-0116668f320f,False,12,12.0,4,4,4,4,4,203,216,38,0
T1,account:7ff9a751-855b-4e72-9ba9-1cbd52c05362,7ff9a751-855b-4e72-9ba9-1cbd52c05362,False,17,18.0,6,6,5,6,6,280,303,25,0
T1,account:ac4b6caf-4312-4984-aa31-33b95023a19f,ac4b6caf-4312-4984-aa31-33b95023a19f,False,6,6.0,2,2,2,2,2,93,99,73,0
T1,account:f4366ee3-6909-421a-9603-8ced75e63262,f4366ee3-6909-421a-9603-8ced75e63262,False,9,9.0,3,3,3,3,3,164,168,70,0
T1,account:0ce37671-56f0-4511-8bb0-6ed5d94c37ff,0ce37671-56f0-4511-8bb0-6ed5d94c37ff,False,15,15.0,5,5,5,5,5,220,232,38,0
T1,account:fa05bbbc-f1f5-4e95-bee6-bf8ba0849792,fa05bbbc-f1f5-4e95-bee6-bf8ba0849792,False,0,0.0,0,0,0,0,0,0,0,6,7
T1,account:c18501b8-05df-41e3-b97e-ef6ccb857600,c18501b8-05df-41e3-b97e-ef6ccb857600,False,6,6.0,2,2,2,2,2,101,105,48,0
T1,account:30afe49d-331a-4968-b738-29633b5bf3f0,30afe49d-331a-4968-b738-29633b5bf3f0,False,6,6.0,2,2,2,2,2,92,93,12,0
T1,account:d6e124c3-93b3-41e0-a8ad-14b2b3e201c5,d6e124c3-93b3-41e0-a8ad-14b2b3e201c5,False,9,9.0,3,3,3,3,3,134,140,62,0
T1,account:0ad5627f-e4f9-4566-bfcd-71d98150bb9f,0ad5627f-e4f9-4566-bfcd-71d98150bb9f,False,6,6.0,2,2,2,2,2,102,102,73,0
T1,account:4e4249d2-be73-4a12-95f3-358bfdec2aea,4e4249d2-be73-4a12-95f3-358bfdec2aea,False,12,12.0,4,4,4,4,4,199,210,42,0
T1,account:b90af848-832a-4342-aa54-c17aab0f0819,b90af848-832a-4342-aa54-c17aab0f0819,False,12,12.0,4,4,4,4,4,210,222,42,0
T1,account:2b4090a7-41ec-40dc-ad2a-c358c14fa7f4,2b4090a7-41ec-40dc-ad2a-c358c14fa7f4,False,15,15.0,5,5,5,5,5,255,281,38,0
T1,account:f9587541-af2f-431b-a4af-7c8c88c8538b,f9587541-af2f-431b-a4af-7c8c88c8538b,False,3,3.0,1,1,1,1,1,55,56,48,0
T1,account:19f40c9d-cc2b-415d-988a-62a05b0fdea6,19f40c9d-cc2b-415d-988a-62a05b0fdea6,False,12,12.0,4,4,4,4,4,200,210,54,0
T1,account:ac547f5f-8eb4-4f86-b313-9a063473d2ad,ac547f5f-8eb4-4f86-b313-9a063473d2ad,False,15,15.0,5,5,5,5,5,265,286,54,0
T1,account:386273d3-3df1-4959-898d-c12aa6ad74e6,386273d3-3df1-4959-898d-c12aa6ad74e6,False,12,12.0,4,4,4,4,4,196,209,73,0
T1,account:80c32ee2-7944-4dc0-a70e-4fd7991ee3bd,80c32ee2-7944-4dc0-a70e-4fd7991ee3bd,False,3,3.0,1,1,1,1,1,45,46,55,0
T1,account:3dea1493-b849-4709-abb5-b855b129a33d,3dea1493-b849-4709-abb5-b855b129a33d,False,0,0.0,0,0,0,0,0,0,0,7,8
T1,account:68058e07-ed34-4be1-93b1-457a68e5d23a,68058e07-ed34-4be1-93b1-457a68e5d23a,False,6,6.0,2,2,2,2,2,106,109,54,0
T1,account:d1bfcffd-8b18-489c-bc28-ef056cb1894b,d1bfcffd-8b18-489c-bc28-ef056cb1894b,False,12,12.0,4,4,4,4,4,220,235,43,0
T1,account:172ff795-7d14-4b7b-a02f-bc740cb4138f,172ff795-7d14-4b7b-a02f-bc740cb4138f,False,9,9.0,3,3,3,3,3,144,150,8,0
T1,account:032eddb0-be55-4256-a544-510bce170fd5,032eddb0-be55-4256-a544-510bce170fd5,False,12,12.0,4,4,4,4,4,177,182,42,0
T1,account:3978aac1-8116-4e5e-961d-ff0783b25a3f,3978aac1-8116-4e5e-961d-ff0783b25a3f,False,9,9.0,3,3,3,3,3,146,150,42,0
T1,account:89ddd9be-bd56-4fe2-8f3d-2de0fc360fbf,89ddd9be-bd56-4fe2-8f3d-2de0fc360fbf,False,12,12.0,4,4,4,4,4,177,190,73,0
T1,account:01a528ae-5364-4283-aadd-4805218de6d9,01a528ae-5364-4283-aadd-4805218de6d9,False,9,9.0,3,3,3,3,3,154,160,12,0
T1,account:ace85001-80d7-4d88-a26b-e441ed303f63,ace85001-80d7-4d88-a26b-e441ed303f63,False,12,12.0,4,4,4,4,4,210,224,8,0
T1,account:18054cfc-f267-4868-b4d6-21810abb167c,18054cfc-f267-4868-b4d6-21810abb167c,False,12,12.0,4,4,4,4,4,196,204,55,0
T1,account:1d36a11f-6af4-4e3e-baa1-83fe5784fc50,1d36a11f-6af4-4e3e-baa1-83fe5784fc50,False,14,15.0,4,5,5,4,5,240,250,70,0
T1,account:cdd9b469-035d-444a-8ef4-7b28fdb5e20d,cdd9b469-035d-444a-8ef4-7b28fdb5e20d,False,18,18.0,6,6,6,6,6,320,346,8,0
T1,account:2f7e81ef-e31d-4087-bd69-12e74bd7b378,2f7e81ef-e31d-4087-bd69-12e74bd7b378,False,6,6.0,2,2,2,2,2,110,111,42,0
T1,account:400b9203-8aaf-47c7-960c-5dd82f229dd0,400b9203-8aaf-47c7-960c-5dd82f229dd0,False,6,6.0,2,2,2,2,2,100,102,73,0
T1,account:d7901fcc-57b0-435c-85bb-de85baa3348b,d7901fcc-57b0-435c-85bb-de85baa3348b,False,6,6.0,2,2,2,2,2,112,112,18,0
T1,account:27868d32-56b5-400e-bfd8-74bbd9c2eef1,27868d32-56b5-400e-bfd8-74bbd9c2eef1,False,21,21.0,7,7,7,7,7,335,380,48,0
T1,account:6c5c206e-b762-4a34-84bb-41eef36171e9,6c5c206e-b762-4a34-84bb-41eef36171e9,False,17,18.0,6,5,6,6,5,268,292,36,0
T1,account:7f2a2f2d-2b32-4d7a-9e28-d0f0b64611ad,7f2a2f2d-2b32-4d7a-9e28-d0f0b64611ad,False,15,15.0,5,5,5,5,5,253,270,42,0
T1,account:5bd6950a-a3f7-491e-a22c-4fa49887f956,5bd6950a-a3f7-491e-a22c-4fa49887f956,False,12,12.0,4,4,4,4,4,206,216,8,0
T1,account:827349ac-a5e8-4f0e-994f-37743a89ed1a,827349ac-a5e8-4f0e-994f-37743a89ed1a,False,3,3.0,1,1,1,1,1,42,42,12,0
T1,account:103d9848-19e9-4910-afb0-db184899428f,103d9848-19e9-4910-afb0-db184899428f,False,9,9.0,3,3,3,3,2,147,149,54,0
T1,account:61edeebe-877f-4620-8a84-c552166146f0,61edeebe-877f-4620-8a84-c552166146f0,False,12,12.0,4,4,4,4,4,203,215,48,0
T1,account:95ce592d-af88-4fab-bb3f-7df7a20abb22,95ce592d-af88-4fab-bb3f-7df7a20abb22,False,18,18.0,6,6,6,6,6,285,305,38,0
T1,account:6f17e5c4-abfd-40a3-8bef-de4dca77a6a6,6f17e5c4-abfd-40a3-8bef-de4dca77a6a6,False,6,6.0,2,2,2,2,2,108,110,62,0
T1,account:f81502c1-039c-42f3-add7-9a6e5016f641,f81502c1-039c-42f3-add7-9a6e5016f641,False,12,12.0,4,4,4,4,4,207,217,36,0
T1,account:4604ea40-e890-4257-96dc-7d2666d6c3a1,4604ea40-e890-4257-96dc-7d2666d6c3a1,False,6,6.0,2,2,2,2,2,96,97,62,0
T1,account:e600f02b-a947-43d4-bec4-bbcdac8910b5,e600f02b-a947-43d4-bec4-bbcdac8910b5,False,9,9.0,3,3,3,3,3,135,144,38,0
T1,account:ebd800ec-12b5-4196-a908-928b790aa202,ebd800ec-12b5-4196-a908-928b790aa202,False,9,9.0,3,3,3,3,3,151,156,8,0
T1,account:44b0ac07-dabb-4078-a89c-213b7caae436,44b0ac07-dabb-4078-a89c-213b7caae436,False,3,3.0,1,1,1,1,1,58,58,48,0
T1,account:99192cce-be50-4042-9e98-3f8ebefbea53,99192cce-be50-4042-9e98-3f8ebefbea53,False,6,6.0,2,2,2,2,2,103,107,8,0
T1,account:2fb63f71-fb2e-444b-92d0-098aca5eb120,2fb63f71-fb2e-444b-92d0-098aca5eb120,False,6,6.0,2,2,2,2,2,94,96,48,0
T1,account:cc7e84c1-7460-4f49-a1f3-9503b139b7e1,cc7e84c1-7460-4f49-a1f3-9503b139b7e1,False,12,12.0,4,4,4,4,4,205,216,12,0
T1,account:fe77e2e9-cec8-4aa5-be9e-dd816087a534,fe77e2e9-cec8-4aa5-be9e-dd816087a534,False,3,3.0,1,1,1,1,1,42,42,38,0
T1,account:6e038e39-0ecc-4ef8-9a3a-3605386dfc10,6e038e39-0ecc-4ef8-9a3a-3605386dfc10,False,9,9.0,3,3,3,3,3,155,162,38,0
T1,account:3f8d5bca-9c1f-47f5-8106-1a2fc0a80267,3f8d5bca-9c1f-47f5-8106-1a2fc0a80267,False,15,15.0,5,5,5,5,5,230,243,54,0
T1,account:3ae90675-4dd5-4ff7-8473-7aec7b888a1c,3ae90675-4dd5-4ff7-8473-7aec7b888a1c,False,9,9.0,3,3,3,3,3,148,154,38,0
T1,account:1f65a63c-35eb-4923-8312-79570b7aa2b7,1f65a63c-35eb-4923-8312-79570b7aa2b7,False,6,6.0,2,2,2,2,2,107,113,54,0
T1,account:2459d650-1ecd-4edd-9a8b-4b8beead7761,2459d650-1ecd-4edd-9a8b-4b8beead7761,False,15,15.0,5,5,5,5,5,271,294,8,0
T1,account:7ce61d4e-4b6d-4eaf-9ad8-885e93ac6926,7ce61d4e-4b6d-4eaf-9ad8-885e93ac6926,False,24,24.0,8,8,8,8,8,388,451,38,0
T1,account:e1247aa1-bff8-4452-86c5-0ded8054689b,e1247aa1-bff8-4452-86c5-0ded8054689b,False,3,3.0,1,1,1,1,1,42,44,18,0
T1,account:4bdec8de-6b15-436f-93bf-9ce4076d8371,4bdec8de-6b15-436f-93bf-9ce4076d8371,False,15,15.0,5,5,5,5,5,250,272,38,0
T1,account:10eb96a0-0b4f-4824-ac46-a5be82090973,10eb96a0-0b4f-4824-ac46-a5be82090973,False,9,9.0,3,3,3,3,3,153,157,42,0
T1,account:94c7d5ea-d64b-4005-b5d0-fb80cedb06e5,94c7d5ea-d64b-4005-b5d0-fb80cedb06e5,False,9,9.0,3,3,3,3,3,143,149,12,0
T1,account:9257d036-7f9b-433d-944b-011025d23909,9257d036-7f9b-433d-944b-011025d23909,False,12,12.0,4,4,4,4,4,200,212,62,0
T1,account:99e6089c-d068-4498-9140-848c6ef8b916,99e6089c-d068-4498-9140-848c6ef8b916,False,0,0.0,0,0,0,0,0,0,0,9,9
T1,account:b5be8146-34dc-4b59-9a7d-b02a6581da85,b5be8146-34dc-4b59-9a7d-b02a6581da85,False,15,15.0,5,5,5,5,5,279,298,42,0
T1,account:e8cba13b-081f-449e-94bf-37613ceb25fd,e8cba13b-081f-449e-94bf-37613ceb25fd,False,9,9.0,3,3,3,3,3,150,162,42,0
T1,account:e72b175f-b2e5-47fe-a334-05cfd58eecc1,e72b175f-b2e5-47fe-a334-05cfd58eecc1,False,17,18.0,5,6,6,5,6,270,293,25,0
T1,account:33840999-1227-4776-927a-ea54cb5af971,33840999-1227-4776-927a-ea54cb5af971,False,9,9.0,3,3,3,3,3,153,155,8,0
T1,account:0c698ccf-6f5c-4f52-85c6-1d92be1f64bf,0c698ccf-6f5c-4f52-85c6-1d92be1f64bf,False,9,9.0,3,3,3,3,3,149,153,54,0
T1,account:44c7864f-fc4d-41e1-a9cd-4312db9068ee,44c7864f-fc4d-41e1-a9cd-4312db9068ee,False,15,15.0,5,5,5,5,5,221,240,8,0
T1,account:4c752133-bf49-4628-8773-511b0ce5d22e,4c752133-bf49-4628-8773-511b0ce5d22e,False,3,3.0,1,1,1,1,1,56,56,43,0
T1,account:22a7f871-17ee-407b-9965-039c2627f9be,22a7f871-17ee-407b-9965-039c2627f9be,False,15,15.0,5,5,5,5,5,243,261,62,0
T1,account:17bf5cd8-f055-450b-b8fe-32b270970f90,17bf5cd8-f055-450b-b8fe-32b270970f90,False,15,15.0,5,5,5,5,5,253,273,8,0
T1,account:31b3ef4e-2cb4-487a-ab4a-b52aa70da46f,31b3ef4e-2cb4-487a-ab4a-b52aa70da46f,False,15,15.0,5,5,5,5,5,240,264,42,0
T1,account:41c62b50-fb10-4630-9dc4-8dc939f4829f,41c62b50-fb10-4630-9dc4-8dc939f4829f,False,6,6.0,2,2,2,2,2,98,101,73,0
T1,account:78543795-7a8b-4262-b278-47a10644c266,78543795-7a8b-4262-b278-47a10644c266,False,15,15.0,5,5,5,5,5,253,274,25,0
T1,account:cc816856-1881-40f2-911b-61136cd37099,cc816856-1881-40f2-911b-61136cd37099,False,0,0.0,0,0,0,0,0,0,0,10,10
T1,account:5673f033-8015-48e6-9454-974df78ed543,5673f033-8015-48e6-9454-974df78ed543,False,12,12.0,4,4,4,4,4,183,191,55,0
T1,account:f29535b9-2aef-49c2-852a-cd16d49ed744,f29535b9-2aef-49c2-852a-cd16d49ed744,False,12,12.0,4,4,4,4,4,198,208,62,0
T1,account:72189a3d-517a-4988-948d-2964065fef9f,72189a3d-517a-4988-948d-2964065fef9f,False,9,9.0,3,3,3,3,3,144,149,12,0
T1,account:f7131de6-02fa-429d-89da-023be045da24,f7131de6-02fa-429d-89da-023be045da24,False,9,9.0,3,3,3,3,3,158,166,43,0
T1,account:63164495-c09c-479d-9e99-409a874cf7cd,63164495-c09c-479d-9e99-409a874cf7cd,False,6,6.0,2,2,2,2,2,116,118,12,0
T1,account:860d66a2-1936-4a9e-a651-536a0df9526c,860d66a2-1936-4a9e-a651-536a0df9526c,False,17,18.0,6,5,6,6,5,280,302,38,0
T1,account:9a732cc8-46ac-4091-9614-a83bebbbdd20,9a732cc8-46ac-4091-9614-a83bebbbdd20,False,12,12.0,4,4,4,4,4,193,203,38,0
T1,account:cd924716-d677-4cb5-8666-af3bbc02d1cc,cd924716-d677-4cb5-8666-af3bbc02d1cc,False,6,6.0,2,2,2,2,2,95,96,25,0
T1,account:d55cebe4-23fa-4abb-ad5d-d4e9b12ec738,d55cebe4-23fa-4abb-ad5d-d4e9b12ec738,False,12,12.0,4,4,4,4,4,192,201,42,0
T1,account:d1e1d1f2-818a-451f-8758-aa027e47eec1,d1e1d1f2-818a-451f-8758-aa027e47eec1,False,9,9.0,3,3,3,3,3,157,164,55,0
T1,account:07b4e50e-b625-4e00-a75f-6ed46fd5b021,07b4e50e-b625-4e00-a75f-6ed46fd5b021,False,15,15.0,5,5,5,5,4,240,252,12,0
T1,account:0312428a-e2b0-4441-af7b-365c0e9eee29,0312428a-e2b0-4441-af7b-365c0e9eee29,False,6,6.0,2,2,2,2,2,102,104,42,0
T1,account:4483c62e-6860-402b-8f9a-3605d9b93ae0,4483c62e-6860-402b-8f9a-3605d9b93ae0,False,14,15.0,4,5,5,4,5,238,252,36,0
T1,account:8433d044-20db-4e36-82aa-25e3551c93e7,8433d044-20db-4e36-82aa-25e3551c93e7,False,3,3.0,1,1,1,1,1,50,50,73,0
T1,account:4503c740-1249-4699-baf6-cdc2587d6f11,4503c740-1249-4699-baf6-cdc2587d6f11,False,9,9.0,3,3,3,3,3,143,147,54,0
T1,account:2675b109-ea51-429e-b524-84f6339e4bca,2675b109-ea51-429e-b524-84f6339e4bca,False,21,21.0,7,7,7,7,7,314,347,73,0
T1,account:b6be8c5c-b4f5-4bb5-90d9-bd50dcbbec9e,b6be8c5c-b4f5-4bb5-90d9-bd50dcbbec9e,False,8,9.0,2,3,3,2,3,153,160,36,0
T1,account:17230f8d-2d98-4ef9-a568-4554e4cbd05a,17230f8d-2d98-4ef9-a568-4554e4cbd05a,False,12,12.0,4,4,4,4,4,197,212,38,0
T1,account:219d657a-0294-4fc8-948e-3a8d9d658ff0,219d657a-0294-4fc8-948e-3a8d9d658ff0,False,9,9.0,3,3,3,3,3,167,173,54,0
T1,account:978b1cc4-c746-4beb-a2ca-8c758ad980eb,978b1cc4-c746-4beb-a2ca-8c758ad980eb,False,9,9.0,3,3,3,3,3,155,163,55,0
T1,account:e9efecec-a358-4e39-ba11-88e9ba37a41d,e9efecec-a358-4e39-ba11-88e9ba37a41d,False,9,9.0,3,3,3,3,3,145,153,38,0
T1,account:e915ac46-c4be-4098-ab64-8c77fd1a983a,e915ac46-c4be-4098-ab64-8c77fd1a983a,False,9,9.0,3,3,3,3,3,140,149,8,0
T1,account:68269232-65a4-4f3a-a828-45a6c4520bfa,68269232-65a4-4f3a-a828-45a6c4520bfa,False,9,9.0,3,3,3,3,3,166,170,8,0
T1,account:ef864f3b-1d9a-479b-852c-a1f782d184f7,ef864f3b-1d9a-479b-852c-a1f782d184f7,False,15,15.0,5,5,5,5,5,235,256,43,0
T1,account:56be0649-270b-40a2-b0d3-74f60cd810b4,56be0649-270b-40a2-b0d3-74f60cd810b4,False,9,9.0,3,3,3,3,3,124,126,62,0
T1,account:1fbb00c8-d346-4301-8efe-3b46533d89f1,1fbb00c8-d346-4301-8efe-3b46533d89f1,False,3,3.0,1,1,1,1,1,55,55,38,0
T1,account:78c28c05-4118-49e7-a87f-e26e5fe33387,78c28c05-4118-49e7-a87f-e26e5fe33387,False,3,3.0,1,1,1,1,1,52,53,54,0
T1,account:1d1430c6-8186-4dc3-910b-5e7bae572976,1d1430c6-8186-4dc3-910b-5e7bae572976,False,9,9.0,3,3,3,3,3,158,161,73,0
T1,account:2a128fde-68f2-41d7-9c32-8f85cadc351b,2a128fde-68f2-41d7-9c32-8f85cadc351b,False,24,24.0,8,8,8,8,8,408,442,48,0
T1,account:5cc61405-25d1-4537-8278-0945d756a3b0,5cc61405-25d1-4537-8278-0945d756a3b0,False,9,9.0,3,3,3,3,3,143,149,38,0
T1,account:47f26ee4-2467-4f16-a7fb-f548059c72ba,47f26ee4-2467-4f16-a7fb-f548059c72ba,False,12,12.0,4,4,4,4,4,209,221,8,0
T1,account:bc66fc73-2370-4f40-9b6f-3fb8907bdfaa,bc66fc73-2370-4f40-9b6f-3fb8907bdfaa,False,9,9.0,3,3,3,3,3,147,151,73,0
T1,account:759da3ab-4e73-465d-ba90-1c37c5ac10be,759da3ab-4e73-465d-ba90-1c37c5ac10be,False,3,3.0,1,1,1,1,1,61,61,42,0
T1,account:72d1ad9a-661d-492f-b7d3-e9f40e072139,72d1ad9a-661d-492f-b7d3-e9f40e072139,False,9,9.0,3,3,3,3,3,165,172,54,0
T1,account:6670d6f9-e9be-4fa5-98ee-40181bb90502,6670d6f9-e9be-4fa5-98ee-40181bb90502,False,6,6.0,2,2,2,2,2,119,121,8,0
T1,account:1c517be9-5911-4cc1-8efe-e529a57f33b0,1c517be9-5911-4cc1-8efe-e529a57f33b0,False,6,6.0,2,2,2,2,2,106,110,48,0
T1,account:442a24b0-ba4d-45e0-b8f8-d13a3ccd45e5,442a24b0-ba4d-45e0-b8f8-d13a3ccd45e5,False,21,21.0,7,7,7,7,7,345,389,55,0
T1,account:3dd2ca3f-66c9-4d09-bc59-7f0bb371bda6,3dd2ca3f-66c9-4d09-bc59-7f0bb371bda6,False,12,12.0,4,4,4,4,4,222,236,25,0
T1,account:9047df4e-1155-4176-9f6a-258dcfec1ebd,9047df4e-1155-4176-9f6a-258dcfec1ebd,False,12,12.0,4,4,4,4,4,204,214,12,0
T1,account:25dac199-fe70-4179-ac38-9e8e846c3f80,25dac199-fe70-4179-ac38-9e8e846c3f80,False,3,3.0,1,1,1,1,1,69,69,8,0
T1,account:7482f7bd-dbe0-4f3b-a736-81ae1202e9a8,7482f7bd-dbe0-4f3b-a736-81ae1202e9a8,False,6,6.0,2,2,2,2,2,85,89,12,0
T1,account:4bfe10bd-2b48-41bb-8396-6c95c087aa7f,4bfe10bd-2b48-41bb-8396-6c95c087aa7f,False,12,12.0,4,4,4,4,4,188,197,54,0
T1,account:43496487-625f-4bdc-8471-91756d8d8755,43496487-625f-4bdc-8471-91756d8d8755,False,9,9.0,3,3,3,3,3,178,185,36,0
T1,account:09cb1e0e-327f-409e-b0d1-a8c51abc9a72,09cb1e0e-327f-409e-b0d1-a8c51abc9a72,False,18,18.0,6,6,6,6,6,293,319,38,0
T1,account:c645ca0b-3c1d-4669-a591-ff2519cb12bd,c645ca0b-3c1d-4669-a591-ff2519cb12bd,False,18,18.0,6,6,6,6,6,283,312,54,0
T1,account:d605372e-f07b-4eb1-9063-5d468b9c2243,d605372e-f07b-4eb1-9063-5d468b9c2243,False,12,12.0,4,4,4,4,4,196,207,38,0
T1,account:111c25a7-4d9d-4be8-9292-924e4a49b53c,111c25a7-4d9d-4be8-9292-924e4a49b53c,False,9,9.0,3,3,3,3,3,157,165,73,0
T1,account:5057b2bd-065f-4a2e-901d-6a488d9a6373,5057b2bd-065f-4a2e-901d-6a488d9a6373,False,15,15.0,5,5,5,5,5,270,289,62,0
T1,account:14b71b80-c105-43fa-a1fe-265aec28b634,14b71b80-c105-43fa-a1fe-265aec28b634,False,0,0.0,0,0,0,0,0,0,0,11,11
T1,account:3fda78d9-c3b8-4945-9396-d93c667b4f74,3fda78d9-c3b8-4945-9396-d93c667b4f74,False,21,21.0,7,7,7,7,7,356,388,42,0
T1,account:31c26fd1-72a6-4a2f-8a4a-508da7c391b6,31c26fd1-72a6-4a2f-8a4a-508da7c391b6,False,6,6.0,2,2,2,2,2,106,108,42,0
T1,account:dfc72fa4-4ad3-4166-bb53-3a462bd75c58,dfc72fa4-4ad3-4166-bb53-3a462bd75c58,False,12,12.0,4,4,4,4,4,179,182,42,0
T1,account:acbcd2b9-37ad-4fa5-952e-02deb5acdaf7,acbcd2b9-37ad-4fa5-952e-02deb5acdaf7,False,18,18.0,6,6,6,6,6,266,291,55,0
T1,account:5f4b181a-9905-41ef-8227-c8820ba50edb,5f4b181a-9905-41ef-8227-c8820ba50edb,False,18,18.0,6,6,6,6,6,295,319,55,0
T1,account:b2cb89fc-35d7-4554-a678-7f6f7d5e6bd3,b2cb89fc-35d7-4554-a678-7f6f7d5e6bd3,False,12,12.0,4,4,4,4,4,220,233,54,0
T1,account:c174d5fc-d1e9-493f-a2a1-2cf6ecef1c8a,c174d5fc-d1e9-493f-a2a1-2cf6ecef1c8a,False,9,9.0,3,3,3,3,3,165,174,36,0
T1,account:e9e2af92-4392-4c45-b676-c6714e29f079,e9e2af92-4392-4c45-b676-c6714e29f079,False,3,3.0,1,1,1,1,1,54,54,25,0
T1,account:f3a64c24-4f60-47c9-8fb0-522b355b105b,f3a64c24-4f60-47c9-8fb0-522b355b105b,False,12,12.0,4,4,4,4,4,201,210,8,0
T1,account:536eab1f-276f-41ff-b56d-a89a2d1a7d04,536eab1f-276f-41ff-b56d-a89a2d1a7d04,False,6,6.0,2,2,2,2,2,96,99,54,0
T1,account:fc2a84a8-d495-468f-9efa-09b8142c9394,fc2a84a8-d495-468f-9efa-09b8142c9394,False,15,15.0,5,5,5,5,5,231,243,62,0
T1,account:45317ade-5aec-422f-9721-af50592b52fe,45317ade-5aec-422f-9721-af50592b52fe,False,18,18.0,6,6,6,6,6,306,327,38,0
T1,account:39ff8877-7935-4ca5-a233-fd7faf317c00,39ff8877-7935-4ca5-a233-fd7faf317c00,False,9,9.0,3,3,3,3,3,168,173,48,0
T1,account:f4019460-106c-44ef-921a-0373ea09116e,f4019460-106c-44ef-921a-0373ea09116e,False,3,3.0,1,1,1,1,1,60,60,54,0
T1,account:0f84ab63-05e8-4d54-9f66-761052064020,0f84ab63-05e8-4d54-9f66-761052064020,False,12,12.0,4,4,4,4,4,203,215,43,0
T1,account:16d49c23-88ae-4141-8606-621b7ce825d3,16d49c23-88ae-4141-8606-621b7ce825d3,False,15,15.0,5,5,5,5,5,250,272,55,0
T1,account:5bb775dd-17c6-4da4-9052-d71f47917ddd,5bb775dd-17c6-4da4-9052-d71f47917ddd,False,21,21.0,7,7,7,7,7,357,391,73,0
T1,account:5040a5d0-52be-4154-ba48-a6a42f261f29,5040a5d0-52be-4154-ba48-a6a42f261f29,False,9,9.0,3,3,3,3,3,139,142,42,0
T1,account:1d4ca2cf-6852-4074-8f21-c56e4819a0ef,1d4ca2cf-6852-4074-8f21-c56e4819a0ef,False,6,6.0,2,2,2,2,2,103,104,42,0
T1,account:071896d5-5b6c-43bd-9e56-a61dc7d1a387,071896d5-5b6c-43bd-9e56-a61dc7d1a387,False,9,9.0,3,3,3,3,3,138,149,38,0
T1,account:63d7324a-e2eb-40f3-91d5-7bd1df0e6631,63d7324a-e2eb-40f3-91d5-7bd1df0e6631,False,6,6.0,2,2,2,2,2,101,102,48,0
T1,account:be5295da-d407-46e2-8143-34da8259cfe3,be5295da-d407-46e2-8143-34da8259cfe3,False,8,9.0,3,3,2,3,3,116,122,12,0
T1,account:bf67a9f0-24d1-439d-85d6-38fc5d7f16d6,bf67a9f0-24d1-439d-85d6-38fc5d7f16d6,False,18,18.0,6,6,6,6,6,275,303,55,0
T1,account:29cddd5b-de2d-4e35-84d8-cd2b6ea75634,29cddd5b-de2d-4e35-84d8-cd2b6ea75634,False,9,9.0,3,3,3,3,3,160,166,36,0
T1,account:316a7928-ae5c-42be-a183-79074b4db322,316a7928-ae5c-42be-a183-79074b4db322,False,6,6.0,2,2,2,2,2,84,84,38,0
T1,account:428f9591-0d2b-4153-895c-59f367f1c531,428f9591-0d2b-4153-895c-59f367f1c531,False,15,15.0,5,5,5,5,5,237,254,62,0
T1,account:940215d2-52a4-4653-b03d-4aefda49d789,940215d2-52a4-4653-b03d-4aefda49d789,False,6,6.0,2,2,2,2,2,99,101,43,0
T1,account:f2b646d5-a1d6-48a2-b4c2-f3f1df54a377,f2b646d5-a1d6-48a2-b4c2-f3f1df54a377,False,12,12.0,4,4,4,4,4,202,210,25,0
T1,account:6e917af8-fdd5-440b-a6cb-b1aa43872df5,6e917af8-fdd5-440b-a6cb-b1aa43872df5,False,12,12.0,4,4,4,4,4,211,217,38,0
T1,account:0c839347-8a5e-441e-ae54-c9b0fc9eabe9,0c839347-8a5e-441e-ae54-c9b0fc9eabe9,False,12,12.0,4,4,4,4,4,210,219,12,0
T1,account:6ca844a8-5e70-4971-beab-c3e7158b4e48,6ca844a8-5e70-4971-beab-c3e7158b4e48,False,6,6.0,2,2,2,2,2,90,93,48,0
T1,account:7de5988d-b8e5-45de-aaf8-4d121154917e,7de5988d-b8e5-45de-aaf8-4d121154917e,False,12,12.0,4,4,4,4,4,211,218,25,0
T1,account:e754a96f-ce74-4cbe-b843-00220f287283,e754a96f-ce74-4cbe-b843-00220f287283,False,12,12.0,4,4,4,4,4,211,223,38,0
T1,account:7c0fe6a0-8635-42cf-8d02-3996640efc35,7c0fe6a0-8635-42cf-8d02-3996640efc35,False,12,12.0,4,4,4,4,4,207,216,25,0
T1,account:66046a3b-459a-4e2e-b872-332f487cd9d3,66046a3b-459a-4e2e-b872-332f487cd9d3,False,3,3.0,1,1,1,1,1,57,58,73,0
T1,account:568d59e0-eba9-4fe1-9f94-8fb785f37ea0,568d59e0-eba9-4fe1-9f94-8fb785f37ea0,False,12,12.0,4,4,4,4,4,199,208,8,0
T1,account:89ad75d0-94b9-44a4-8394-d45a00842f15,89ad75d0-94b9-44a4-8394-d45a00842f15,False,12,12.0,4,4,4,4,4,201,211,54,0
T1,account:99c576d0-a3b2-4406-bdb5-46a6b9b4d709,99c576d0-a3b2-4406-bdb5-46a6b9b4d709,False,14,15.0,5,5,4,5,5,207,220,73,0
T1,account:1facce72-08c6-46d1-ad63-5d253f8aa52f,1facce72-08c6-46d1-ad63-5d253f8aa52f,False,18,18.0,6,6,6,6,6,321,346,36,0
T1,account:57e4e315-b502-4b56-8b56-231d5cdca869,57e4e315-b502-4b56-8b56-231d5cdca869,False,3,3.0,1,1,1,1,1,54,55,73,0
T1,account:89bf448a-edaf-4984-9623-7f42d9bd856e,89bf448a-edaf-4984-9623-7f42d9bd856e,False,12,12.0,4,4,4,4,4,190,198,12,0
T1,account:b21e4071-345b-4779-9415-acfffe51565d,b21e4071-345b-4779-9415-acfffe51565d,False,9,9.0,3,3,3,3,3,152,157,42,0
T1,account:33fec0ee-e83e-483e-81e7-49ba1cb4f48c,33fec0ee-e83e-483e-81e7-49ba1cb4f48c,False,9,9.0,3,3,3,3,3,149,161,25,0
T1,account:55c07c5e-e9d2-47f9-a04f-9a9d38945d57,55c07c5e-e9d2-47f9-a04f-9a9d38945d57,False,9,9.0,3,3,3,3,3,159,165,12,0
T1,account:8378e3f4-5ef2-4348-941b-d408d2754e62,8378e3f4-5ef2-4348-941b-d408d2754e62,False,6,6.0,2,2,2,2,2,91,97,54,0
T1,account:003d2a3c-5670-44d2-bc16-edccf54b1db1,003d2a3c-5670-44d2-bc16-edccf54b1db1,False,15,15.0,5,5,5,5,5,239,257,18,0
T1,account:df388a11-9acf-484d-a49b-72bfc7b0c46f,df388a11-9acf-484d-a49b-72bfc7b0c46f,False,6,6.0,2,2,2,2,2,99,102,38,0
T1,account:b2d832cf-4f84-41a9-a213-e00370fb2874,b2d832cf-4f84-41a9-a213-e00370fb2874,False,21,21.0,7,7,7,7,7,350,392,25,0
T1,account:c1968323-3510-46c8-be8d-d150cc9d44f0,c1968323-3510-46c8-be8d-d150cc9d44f0,False,9,9.0,3,3,3,3,3,153,157,8,0
T1,account:4a00cb9d-ac4d-40de-811d-f0dcb32f1f78,4a00cb9d-ac4d-40de-811d-f0dcb32f1f78,False,6,6.0,2,2,2,2,2,103,104,12,0
T1,account:bef1a79f-3fc4-4105-854f-2c0cd4ca056e,bef1a79f-3fc4-4105-854f-2c0cd4ca056e,False,9,9.0,3,3,3,3,3,159,172,70,0
T1,account:8d696a71-b3fa-482d-8c96-794d7c57c914,8d696a71-b3fa-482d-8c96-794d7c57c914,False,3,3.0,1,1,1,1,1,62,62,12,0
T1,account:25cf1542-4e2e-4772-a2b7-1eace9d268b0,25cf1542-4e2e-4772-a2b7-1eace9d268b0,False,15,15.0,5,5,5,5,5,247,269,62,0
T1,account:b39641ad-040f-4548-852e-d4469bd4018e,b39641ad-040f-4548-852e-d4469bd4018e,False,6,6.0,2,2,2,2,2,97,101,25,0
T1,account:4b6e3eed-0391-458a-9993-8d61aa53a917,4b6e3eed-0391-458a-9993-8d61aa53a917,False,3,3.0,1,1,1,1,1,45,45,38,0
T1,account:c7c2ec60-9df7-491c-8634-d0c9d7c5150a,c7c2ec60-9df7-491c-8634-d0c9d7c5150a,False,15,15.0,5,5,5,5,5,231,251,36,0
T1,account:644ef2dc-dfde-40d2-b6f8-61092071338e,644ef2dc-dfde-40d2-b6f8-61092071338e,False,9,9.0,3,3,3,3,3,140,144,55,0
T1,account:d78fbc7b-7eea-4633-a909-5aeec059d152,d78fbc7b-7eea-4633-a909-5aeec059d152,False,18,18.0,6,6,6,6,6,308,333,12,0
T1,account:73ca26f4-0f82-42d2-80c0-150d54a863f0,73ca26f4-0f82-42d2-80c0-150d54a863f0,False,6,6.0,2,2,2,2,2,95,96,73,0
T1,account:8626ca43-efef-40f3-bae8-b38a58c67c1e,8626ca43-efef-40f3-bae8-b38a58c67c1e,False,3,3.0,1,1,1,1,1,55,56,48,0
T1,account:0747f963-19e0-4208-8638-8620b162eafb,0747f963-19e0-4208-8638-8620b162eafb,False,21,21.0,7,7,7,7,7,343,368,42,0
T1,account:7f27fdf1-cb0c-4768-bb58-8cc889d1fe96,7f27fdf1-cb0c-4768-bb58-8cc889d1fe96,False,9,9.0,3,3,3,3,3,161,164,54,0
T1,account:00798ea0-31cd-48b0-b0e3-ce7f44c864dc,00798ea0-31cd-48b0-b0e3-ce7f44c864dc,False,9,9.0,3,3,3,3,3,139,143,38,0
T1,account:32c9b615-c70e-4a30-a319-267588b45d27,32c9b615-c70e-4a30-a319-267588b45d27,False,12,12.0,4,4,4,4,4,203,216,42,0
T1,account:a8273bb6-f99a-4396-a46e-ae4941bda4a8,a8273bb6-f99a-4396-a46e-ae4941bda4a8,False,15,15.0,5,5,5,5,5,242,258,12,0
T1,account:74735db0-edd0-4638-a0f0-e7a32c48e006,74735db0-edd0-4638-a0f0-e7a32c48e006,False,18,18.0,6,6,6,6,6,297,322,42,0
T1,account:4edf7628-29ef-4cc3-91e8-c861b32d2af4,4edf7628-29ef-4cc3-91e8-c861b32d2af4,False,0,0.0,0,0,0,0,0,0,0,13,12
T1,account:a311028c-b09f-48aa-99e0-5607fadf98a6,a311028c-b09f-48aa-99e0-5607fadf98a6,False,3,3.0,1,1,1,1,1,56,56,18,0
T1,account:599edf28-cce0-46c2-a9a7-ccea84375f74,599edf28-cce0-46c2-a9a7-ccea84375f74,False,21,21.0,7,7,7,7,7,342,373,18,0
T1,account:e1a35ce2-ced2-489f-b542-cb910b527dee,e1a35ce2-ced2-489f-b542-cb910b527dee,False,3,3.0,1,1,1,1,1,55,55,48,0
T1,account:1e8afc1b-1847-4580-ac67-6f21653d5a64,1e8afc1b-1847-4580-ac67-6f21653d5a64,False,12,12.0,4,4,4,4,4,193,204,54,0
T1,account:f8c2f64a-6389-4b1b-ab69-4da911fcd961,f8c2f64a-6389-4b1b-ab69-4da911fcd961,False,12,12.0,4,4,4,4,4,196,202,42,0
T1,account:c02d6309-0667-49a7-b317-f2cda4a0fdaa,c02d6309-0667-49a7-b317-f2cda4a0fdaa,False,18,18.0,6,6,6,6,6,287,306,55,0
T1,account:e89cb6e3-959c-40da-9015-733b47593525,e89cb6e3-959c-40da-9015-733b47593525,False,9,9.0,3,3,3,3,3,154,156,42,0
T1,account:479c7dc4-8c95-4731-8ec1-64eac5623bb6,479c7dc4-8c95-4731-8ec1-64eac5623bb6,False,9,9.0,3,3,3,3,3,161,167,12,0
T1,account:30a98a8b-a648-4954-8a0a-1722b68f416c,30a98a8b-a648-4954-8a0a-1722b68f416c,False,3,3.0,1,1,1,1,1,48,48,73,0
T1,account:4b2347d6-0538-490a-b525-de21c0b9b288,4b2347d6-0538-490a-b525-de21c0b9b288,False,3,3.0,1,1,1,1,1,50,51,12,0
T1,account:c8eedfe5-5204-47d6-b801-94604925492b,c8eedfe5-5204-47d6-b801-94604925492b,False,12,12.0,4,4,4,4,4,192,207,8,0
T1,account:43fef631-189c-41bf-b466-e54a47ac3a87,43fef631-189c-41bf-b466-e54a47ac3a87,False,9,9.0,3,3,3,3,3,146,153,54,0
T1,account:147b82ea-0b4a-43fd-9561-f99761a1c2f9,147b82ea-0b4a-43fd-9561-f99761a1c2f9,False,3,3.0,1,1,1,1,1,55,55,48,0
T1,account:b687f572-44c1-4539-9603-1b2690b36211,b687f572-44c1-4539-9603-1b2690b36211,False,0,0.0,0,0,0,0,0,0,0,14,13
T1,account:dae27ee3-1379-4eaf-8dfd-1b5313c5e131,dae27ee3-1379-4eaf-8dfd-1b5313c5e131,False,9,9.0,3,3,3,3,3,157,161,62,0
T1,account:2fb52dcf-6294-4d4d-9af6-b932bb865e27,2fb52dcf-6294-4d4d-9af6-b932bb865e27,False,18,18.0,6,6,6,6,6,293,312,73,0
T1,account:f23b5a69-b971-4d93-af73-cfcd5fe45b46,f23b5a69-b971-4d93-af73-cfcd5fe45b46,False,9,9.0,3,3,3,3,3,174,181,18,0
T1,account:61ac84ef-574f-4ff0-b709-f0e72755d3ef,61ac84ef-574f-4ff0-b709-f0e72755d3ef,False,9,9.0,3,3,3,3,3,156,158,43,0
T1,account:2a68e25a-8152-4e52-8ecb-47c94e982634,2a68e25a-8152-4e52-8ecb-47c94e982634,False,9,9.0,3,3,3,3,3,171,179,54,0
T1,account:477d7ebe-fc2f-4083-87b5-108daa174cf3,477d7ebe-fc2f-4083-87b5-108daa174cf3,False,12,12.0,4,4,4,4,4,215,228,12,0
T1,account:69dff498-554d-40f3-a6ac-0a6c22527696,69dff498-554d-40f3-a6ac-0a6c22527696,False,9,9.0,3,3,3,3,3,168,174,55,0
T1,account:2cfb0658-672d-45fe-a1d7-1528e8aa8832,2cfb0658-672d-45fe-a1d7-1528e8aa8832,False,0,0.0,0,0,0,0,0,0,0,15,14
T1,account:5b5be4bc-aa9f-4c71-9449-e5e761b1797d,5b5be4bc-aa9f-4c71-9449-e5e761b1797d,False,3,3.0,1,1,1,1,1,50,50,25,0
T1,account:3c9d9d2c-fbe0-4c1e-bd1c-223145ce2b89,3c9d9d2c-fbe0-4c1e-bd1c-223145ce2b89,False,9,9.0,3,3,3,3,3,159,168,62,0
T1,account:ed2282e1-1748-44a1-b430-7727f516ad86,ed2282e1-1748-44a1-b430-7727f516ad86,False,9,9.0,3,3,3,3,3,153,157,43,0
T1,account:cb68db47-1a4e-4494-b620-5b3f0b2d0b35,cb68db47-1a4e-4494-b620-5b3f0b2d0b35,False,6,6.0,2,2,2,2,2,105,109,12,0
T1,account:240fdedb-9542-47c8-ae5a-85925189a409,240fdedb-9542-47c8-ae5a-85925189a409,False,12,12.0,4,4,4,4,4,207,217,38,0
T1,account:3892cc3b-d7c4-4760-a04c-cefdc0fa883f,3892cc3b-d7c4-4760-a04c-cefdc0fa883f,False,6,6.0,2,2,2,2,2,120,123,70,0
T1,account:fc4cdf4c-3bb8-45cc-85d3-eb1c9a1d9bf5,fc4cdf4c-3bb8-45cc-85d3-eb1c9a1d9bf5,False,9,9.0,3,3,3,3,3,151,155,38,0
T1,account:e210fcfa-afc8-4bd5-8933-f4549f407b8a,e210fcfa-afc8-4bd5-8933-f4549f407b8a,False,9,9.0,3,3,3,3,3,137,139,42,0
T1,account:6500bd0e-2701-40b9-a8a0-1fd106b0db34,6500bd0e-2701-40b9-a8a0-1fd106b0db34,False,12,12.0,4,4,4,4,4,199,207,43,0
T1,account:a44af828-e950-4ce7-b7bc-41ccdcdc2aad,a44af828-e950-4ce7-b7bc-41ccdcdc2aad,False,3,3.0,1,1,1,1,1,52,52,73,0
T1,account:b7a39121-0ad8-41a4-b188-0b949f8ea45e,b7a39121-0ad8-41a4-b188-0b949f8ea45e,False,10,12.0,4,4,2,4,4,137,143,54,0
T1,account:058e9514-27a6-4b68-88f0-bf3d470c13e0,058e9514-27a6-4b68-88f0-bf3d470c13e0,False,9,9.0,3,3,3,3,3,150,155,25,0
T1,account:cae44236-3aea-4717-b904-23a1bf0d291a,cae44236-3aea-4717-b904-23a1bf0d291a,False,6,6.0,2,2,2,2,2,106,108,43,0
T1,account:ed86a27b-ad71-4698-bb00-cc91d9a138c9,ed86a27b-ad71-4698-bb00-cc91d9a138c9,False,9,9.0,3,3,3,3,3,159,169,55,0
T1,account:feaffa4f-79a1-4a72-8464-d04d2a5bb730,feaffa4f-79a1-4a72-8464-d04d2a5bb730,False,0,0.0,0,0,0,0,0,0,0,16,15
T1,account:c19845b5-8bbf-44df-bfb6-154b30b5d1f2,c19845b5-8bbf-44df-bfb6-154b30b5d1f2,False,3,3.0,1,1,1,1,1,46,48,62,0
T1,account:d0b1b685-11a9-49d4-9e8b-c68f7f9f4823,d0b1b685-11a9-49d4-9e8b-c68f7f9f4823,False,15,15.0,5,5,5,5,5,243,260,36,0
T1,account:debad1d7-2766-41c6-9ff2-19de98e63425,debad1d7-2766-41c6-9ff2-19de98e63425,False,12,12.0,4,4,4,4,4,209,221,42,0
T1,account:157e6edc-5507-4653-881c-d6383a885580,157e6edc-5507-4653-881c-d6383a885580,False,3,3.0,1,1,1,1,1,53,53,55,0
T1,account:91b0a83f-7e86-45cb-b835-72961475c715,91b0a83f-7e86-45cb-b835-72961475c715,False,3,3.0,1,1,1,1,1,39,40,12,0
T1,account:4932a8d5-1221-4b51-ada3-7ab77130f9f9,4932a8d5-1221-4b51-ada3-7ab77130f9f9,False,12,12.0,4,4,4,4,4,197,208,25,0
T1,account:5efd1625-b464-4473-b6a4-93a6e9201178,5efd1625-b464-4473-b6a4-93a6e9201178,False,9,9.0,3,3,3,3,3,141,147,73,0
T1,account:cb402434-f136-414a-91f8-80b04789dffd,cb402434-f136-414a-91f8-80b04789dffd,False,9,9.0,3,3,3,3,3,142,150,43,0
T1,account:6e6cd4b8-0ec8-4f36-b37a-15a526a0a7fa,6e6cd4b8-0ec8-4f36-b37a-15a526a0a7fa,False,6,6.0,2,2,2,2,2,92,95,42,0
T1,account:e9a466e1-a47e-48ec-8a14-d24a510a2204,e9a466e1-a47e-48ec-8a14-d24a510a2204,False,3,3.0,1,1,1,1,1,52,52,12,0
T1,account:80ae64a3-8a40-4e8b-b381-c560b188c49f,80ae64a3-8a40-4e8b-b381-c560b188c49f,False,18,18.0,6,6,6,6,6,289,316,12,0
T1,account:24034321-c52f-4dfe-852b-21d7e6a82a80,24034321-c52f-4dfe-852b-21d7e6a82a80,False,6,6.0,2,2,2,2,2,108,109,38,0
T1,account:955f5259-2b82-4f84-8b3f-b2c274f5f39a,955f5259-2b82-4f84-8b3f-b2c274f5f39a,False,9,9.0,3,3,3,3,3,138,143,43,0
T1,account:02bdf85b-95e0-4c5a-8297-00125acf55ea,02bdf85b-95e0-4c5a-8297-00125acf55ea,False,15,15.0,5,5,5,5,5,270,293,8,0
T1,account:635c5da8-c180-4c77-9fa4-d369f517bbd7,635c5da8-c180-4c77-9fa4-d369f517bbd7,False,9,9.0,3,3,3,3,3,172,179,62,0
T1,account:29048313-dbaa-4fd1-b838-1d5a3645b20d,29048313-dbaa-4fd1-b838-1d5a3645b20d,False,6,6.0,2,2,2,2,2,107,110,54,0
T1,account:d59a77bb-6bbe-4f24-b086-0e528a274d54,d59a77bb-6bbe-4f24-b086-0e528a274d54,False,6,6.0,2,2,2,2,2,112,116,54,0
T1,account:26d6d90e-0f10-4d43-804f-e8d69d15e4b3,26d6d90e-0f10-4d43-804f-e8d69d15e4b3,False,3,3.0,1,1,1,1,1,48,49,12,0
T1,account:c632e6e7-f5ca-4637-9555-bb134c0639a2,c632e6e7-f5ca-4637-9555-bb134c0639a2,False,9,9.0,3,3,3,3,3,148,151,25,0
T1,account:9f3fd97b-5c73-4f29-91e6-88e6832a04b9,9f3fd97b-5c73-4f29-91e6-88e6832a04b9,False,3,3.0,1,1,1,1,1,50,50,25,0
T1,account:465b9b68-4861-43c2-8290-4302b9935f53,465b9b68-4861-43c2-8290-4302b9935f53,False,6,6.0,2,2,2,2,2,97,101,48,0
T1,account:3ff181f8-7ee7-4f38-bbab-814a42bba5e2,3ff181f8-7ee7-4f38-bbab-814a42bba5e2,False,18,18.0,6,6,6,6,6,287,309,12,0
T1,account:86eb4db1-b0a6-4ed8-a788-141ad887929e,86eb4db1-b0a6-4ed8-a788-141ad887929e,False,0,0.0,0,0,0,0,0,0,0,17,16
T1,account:2400e120-4c4f-42dd-8871-53d184393650,2400e120-4c4f-42dd-8871-53d184393650,False,9,9.0,3,3,3,3,3,158,164,18,0
T1,account:24b7c468-7f4b-494b-aa3b-6d357cd97e11,24b7c468-7f4b-494b-aa3b-6d357cd97e11,False,21,21.0,7,7,7,7,7,322,354,38,0
T1,account:a269da29-f357-4a90-9de8-71baf7058574,a269da29-f357-4a90-9de8-71baf7058574,False,21,21.0,7,7,7,7,7,326,360,42,0
T1,account:57eec8a9-1efd-4a8d-b483-f65e2b87037e,57eec8a9-1efd-4a8d-b483-f65e2b87037e,False,18,18.0,6,6,6,6,6,285,307,62,0
T1,account:45960569-4a7f-4c54-9c4f-01a5479c3bc0,45960569-4a7f-4c54-9c4f-01a5479c3bc0,False,6,6.0,2,2,2,2,2,112,116,38,0
T1,account:e5b7d7ce-e04b-4ca8-a5e7-680e659a56b7,e5b7d7ce-e04b-4ca8-a5e7-680e659a56b7,False,6,6.0,2,2,2,2,2,109,110,38,0
T1,account:978cb88e-f9a1-42c0-8830-a597e19eae86,978cb88e-f9a1-42c0-8830-a597e19eae86,False,9,9.0,3,3,3,3,3,144,150,25,0
T1,account:9b3256d4-9168-4af0-a77a-664f14a8efd6,9b3256d4-9168-4af0-a77a-664f14a8efd6,False,12,12.0,4,4,4,4,4,208,226,18,0
T1,account:c8232293-e6bd-411d-bd50-b887bbfba924,c8232293-e6bd-411d-bd50-b887bbfba924,False,15,15.0,5,5,5,5,5,271,289,36,0
T1,account:98e55121-ffca-4f39-ac32-5abf2294f6fa,98e55121-ffca-4f39-ac32-5abf2294f6fa,False,6,6.0,2,2,2,2,2,112,117,8,0
T1,account:4daba37d-48ec-4ff1-945b-c6823c074834,4daba37d-48ec-4ff1-945b-c6823c074834,False,17,18.0,5,6,6,5,6,296,320,38,0
T1,account:dbc74142-b708-4a02-8e74-cbd93040deff,dbc74142-b708-4a02-8e74-cbd93040deff,False,15,15.0,5,5,5,5,5,272,287,70,0
T1,account:43b54c6f-ba8e-42e6-8447-f09174f02cb6,43b54c6f-ba8e-42e6-8447-f09174f02cb6,False,15,15.0,5,5,5,5,5,235,257,12,0
T1,account:7af8ccdb-c4ad-4ff7-a3ba-dc42423615cd,7af8ccdb-c4ad-4ff7-a3ba-dc42423615cd,False,14,15.0,4,5,5,4,5,244,264,54,0
T1,account:71926144-08cd-4b92-a3e9-7eb0fdaf5d3f,71926144-08cd-4b92-a3e9-7eb0fdaf5d3f,False,12,12.0,4,4,4,4,4,200,210,12,0
T1,account:21d79eb2-c9a0-45dd-b1e3-475dbe1c4277,21d79eb2-c9a0-45dd-b1e3-475dbe1c4277,False,12,12.0,4,4,4,4,4,185,200,12,0
T1,account:ee94aab1-60df-489a-a50b-434e921290ae,ee94aab1-60df-489a-a50b-434e921290ae,False,9,9.0,3,3,3,3,3,169,173,18,0
T1,account:626854f4-938b-4da0-b287-ce2f4ffa1bf4,626854f4-938b-4da0-b287-ce2f4ffa1bf4,False,9,9.0,3,3,3,3,3,161,164,42,0
T1,account:09e45f41-b523-49e8-bafa-16f73beeda1a,09e45f41-b523-49e8-bafa-16f73beeda1a,False,3,3.0,1,1,1,1,1,52,52,54,0
T1,account:6ccf492c-58fe-40e4-b78e-6f8dce122d57,6ccf492c-58fe-40e4-b78e-6f8dce122d57,False,9,9.0,3,3,3,3,3,136,141,55,0
T1,account:889645b7-5e4c-410e-8ac8-a08c4919f1cf,889645b7-5e4c-410e-8ac8-a08c4919f1cf,False,3,3.0,1,1,1,1,1,47,49,42,0
T1,account:40cd1f94-0c93-42bd-8e92-3e32f9a62753,40cd1f94-0c93-42bd-8e92-3e32f9a62753,False,3,3.0,1,1,1,1,1,50,50,73,0
T1,account:8b3b111c-a16a-41b4-bce3-6a030172b347,8b3b111c-a16a-41b4-bce3-6a030172b347,False,20,21.0,6,7,7,6,7,319,360,54,0
T1,account:f2cd9bd4-e08f-49db-b8bb-ce5e7827b721,f2cd9bd4-e08f-49db-b8bb-ce5e7827b721,False,12,12.0,4,4,4,4,4,205,221,12,0
T1,account:04c441c9-2de4-4580-999c-bb4cad1b0142,04c441c9-2de4-4580-999c-bb4cad1b0142,False,15,15.0,5,5,5,5,5,219,232,12,0
T1,account:2145eef8-b5a4-4a24-a6c1-5abbee169731,2145eef8-b5a4-4a24-a6c1-5abbee169731,False,9,9.0,3,3,3,3,3,158,163,70,0
T1,account:84009618-8ffe-4cbc-b561-4c3a0a5eb037,84009618-8ffe-4cbc-b561-4c3a0a5eb037,False,6,6.0,2,2,2,2,2,93,97,42,0
T1,account:04bf844f-63c6-4011-8898-9f198f20d0ed,04bf844f-63c6-4011-8898-9f198f20d0ed,False,17,18.0,6,6,5,6,6,240,267,48,0
T1,account:7b39f11f-9980-4c99-ad57-d18fb9ca8aa4,7b39f11f-9980-4c99-ad57-d18fb9ca8aa4,False,12,12.0,4,4,4,4,4,186,193,73,0
T1,account:b16ff9fd-bf25-4886-bf38-117e544d037c,b16ff9fd-bf25-4886-bf38-117e544d037c,False,15,15.0,5,5,5,5,5,250,270,42,0
T1,account:8d723ea0-8a3e-437b-8d20-6fde8081fd83,8d723ea0-8a3e-437b-8d20-6fde8081fd83,False,12,12.0,4,4,4,4,4,221,242,42,0
T1,account:44d7ac3a-c862-41c1-8077-da5cc82d047d,44d7ac3a-c862-41c1-8077-da5cc82d047d,False,6,6.0,2,2,2,2,2,106,106,25,0
T1,account:1658919a-c023-4508-8c6c-e1e8bc2c1d7c,1658919a-c023-4508-8c6c-e1e8bc2c1d7c,False,9,9.0,3,3,3,3,3,156,160,42,0
T1,account:ae27a792-ce22-4871-a6a4-ac35ac33dbf8,ae27a792-ce22-4871-a6a4-ac35ac33dbf8,False,3,3.0,1,1,1,1,1,61,61,73,0
T1,account:aee9bea8-f4ce-4896-9a34-0a9d5fe36a38,aee9bea8-f4ce-4896-9a34-0a9d5fe36a38,False,9,9.0,3,3,3,3,3,128,131,48,0
T1,account:3689c8b7-f642-46e1-a5db-28a61e4aab8f,3689c8b7-f642-46e1-a5db-28a61e4aab8f,False,18,18.0,6,6,6,6,6,269,293,18,0
T1,account:7d4e7ae7-1dc6-460d-9e3e-b24a48aac257,7d4e7ae7-1dc6-460d-9e3e-b24a48aac257,False,3,3.0,1,1,1,1,1,46,47,38,0
T1,account:6135ad6d-fce5-450a-aa84-0b7c3d512e18,6135ad6d-fce5-450a-aa84-0b7c3d512e18,False,3,3.0,1,1,1,1,1,56,56,73,0
T1,account:4bc06893-474b-4d01-a448-9e26e76b1055,4bc06893-474b-4d01-a448-9e26e76b1055,False,18,18.0,6,6,6,6,6,284,300,25,0
T1,account:511b02b8-ea17-491a-92e3-4586932302c6,511b02b8-ea17-491a-92e3-4586932302c6,False,6,6.0,2,2,2,2,2,106,107,38,0
T1,account:d9e52e0b-4ea0-4505-8870-a64ce896b712,d9e52e0b-4ea0-4505-8870-a64ce896b712,False,12,12.0,4,4,4,4,4,208,221,73,0
T1,account:9f250c95-fe4c-4dd3-8520-d29afd68ccaa,9f250c95-fe4c-4dd3-8520-d29afd68ccaa,False,9,9.0,3,3,3,3,3,155,163,18,0
T1,account:70bcc8a3-4810-4e8b-a99d-737edb535c94,70bcc8a3-4810-4e8b-a99d-737edb535c94,False,0,0.0,0,0,0,0,0,0,0,19,17
T1,account:b6b84c93-24e8-44c1-a510-5591d3f764af,b6b84c93-24e8-44c1-a510-5591d3f764af,False,14,15.0,5,5,4,5,5,211,220,43,0
T1,account:f3daf6bb-9c53-4ec9-91e5-30575088ad4e,f3daf6bb-9c53-4ec9-91e5-30575088ad4e,False,12,12.0,4,4,4,4,4,173,187,62,0
T1,account:7dc6e5d3-d1bd-44ec-bfd6-7a7fda8853f7,7dc6e5d3-d1bd-44ec-bfd6-7a7fda8853f7,False,3,3.0,1,1,1,1,1,38,38,55,0
T1,account:d38b6f85-76b8-41c8-bb35-27dfcd5e879f,d38b6f85-76b8-41c8-bb35-27dfcd5e879f,False,3,3.0,1,1,1,1,1,57,57,54,0
T1,account:9ff7aaf8-db08-47ed-bf09-214346f75afe,9ff7aaf8-db08-47ed-bf09-214346f75afe,False,6,6.0,2,2,2,2,2,91,94,73,0
T1,account:e7a9cb61-83d2-470c-a3b7-d6bf9e4a40fe,e7a9cb61-83d2-470c-a3b7-d6bf9e4a40fe,False,6,6.0,2,2,2,2,2,103,105,12,0
T1,account:f04b9a7b-5065-453e-9e31-911743e39d10,f04b9a7b-5065-453e-9e31-911743e39d10,False,8,9.0,3,3,2,3,3,112,117,36,0
T1,account:8d17366d-0121-4478-9790-ba45bd2e4548,8d17366d-0121-4478-9790-ba45bd2e4548,False,3,3.0,1,1,1,1,1,51,51,62,0
T1,account:17f86271-ac64-4528-94b3-707396c7dde0,17f86271-ac64-4528-94b3-707396c7dde0,False,3,3.0,1,1,1,1,1,33,33,38,0
T1,account:8dccc4f0-23a6-4ad3-af35-741c7ae06f55,8dccc4f0-23a6-4ad3-af35-741c7ae06f55,False,9,9.0,3,3,3,3,3,126,129,55,0
T1,account:5a3ba8dc-f44f-40bb-9365-0a9281123e77,5a3ba8dc-f44f-40bb-9365-0a9281123e77,False,6,6.0,2,2,2,2,2,117,118,12,0
T1,account:1c900179-6ea0-4e48-a4b2-c1d9c31bebe2,1c900179-6ea0-4e48-a4b2-c1d9c31bebe2,False,6,6.0,2,2,2,2,2,100,102,25,0
T1,account:19deec7a-384f-4652-b469-f60d4db94afc,19deec7a-384f-4652-b469-f60d4db94afc,False,15,15.0,5,5,5,5,5,250,266,43,0
T1,account:bd37b104-2fd9-4be5-9dd5-08bc98334a3c,bd37b104-2fd9-4be5-9dd5-08bc98334a3c,False,9,9.0,3,3,3,3,3,164,174,62,0
T1,account:62411f96-5508-4149-bf37-d46ae39ce94b,62411f96-5508-4149-bf37-d46ae39ce94b,False,15,15.0,5,5,5,5,5,240,254,36,0
T1,account:5153368a-0a92-4aa6-9425-2cfccc1eff4f,5153368a-0a92-4aa6-9425-2cfccc1eff4f,False,14,15.0,5,5,4,5,5,230,254,25,0
T1,account:ddeea888-1622-4e0a-a328-2934f044ed82,ddeea888-1622-4e0a-a328-2934f044ed82,False,18,18.0,6,6,6,6,6,288,318,73,0
T1,account:d81991b3-b19c-4e85-83da-7a728383aaea,d81991b3-b19c-4e85-83da-7a728383aaea,False,15,15.0,5,5,5,5,5,227,245,48,0
T1,account:f89cecca-d2be-48ce-8590-2205628cd744,f89cecca-d2be-48ce-8590-2205628cd744,False,6,6.0,2,2,2,2,2,95,96,42,0
T1,account:5949c262-fd98-4e65-a259-2e0ea30128a7,5949c262-fd98-4e65-a259-2e0ea30128a7,False,9,9.0,3,3,3,3,3,156,162,18,0
T1,account:94a163d2-49b9-4e09-9fa0-dc5862cf0174,94a163d2-49b9-4e09-9fa0-dc5862cf0174,False,15,15.0,5,5,5,5,5,278,298,38,0
T1,account:d8c8ed53-fcf2-4928-9a41-dd4154b198ff,d8c8ed53-fcf2-4928-9a41-dd4154b198ff,False,9,9.0,3,3,3,3,3,149,155,38,0
T1,account:7e81fb59-c712-4f07-9eb4-27f00c528c15,7e81fb59-c712-4f07-9eb4-27f00c528c15,False,9,9.0,3,3,3,3,3,161,172,38,0
T1,account:cb2130c0-0014-4702-b1fa-2de5d51d1187,cb2130c0-0014-4702-b1fa-2de5d51d1187,False,18,18.0,6,6,6,6,6,279,303,38,0
T1,account:a7b7f065-b9dd-448e-9ed0-418db37de3d1,a7b7f065-b9dd-448e-9ed0-418db37de3d1,False,12,12.0,4,4,4,4,4,190,206,38,0
T1,account:1735b6e2-2058-4562-ab55-5660c19d3309,1735b6e2-2058-4562-ab55-5660c19d3309,False,6,6.0,2,2,2,2,2,98,102,12,0
T1,account:01d86d4a-fdb2-4716-980d-13b0cc6fc387,01d86d4a-fdb2-4716-980d-13b0cc6fc387,False,18,18.0,6,6,6,6,6,288,308,54,0
T1,account:9d56502d-4cca-43fb-bff9-27a823d93412,9d56502d-4cca-43fb-bff9-27a823d93412,False,12,12.0,4,4,4,4,4,205,216,36,0
T1,account:c82b1e8b-f3f5-43a1-abfa-519f03638663,c82b1e8b-f3f5-43a1-abfa-519f03638663,False,15,15.0,5,5,5,5,5,251,273,18,0
T1,account:9f95fbcb-b067-4897-9060-379c6bcc9791,9f95fbcb-b067-4897-9060-379c6bcc9791,False,9,9.0,3,3,3,3,3,146,152,12,0
T1,account:54e18c39-5ac1-435d-86af-07b0c7e4c10d,54e18c39-5ac1-435d-86af-07b0c7e4c10d,False,21,21.0,7,7,7,7,7,326,360,54,0
T1,account:1e67bc70-9992-43f8-aeaf-0bc4c2d88268,1e67bc70-9992-43f8-aeaf-0bc4c2d88268,False,21,21.0,7,7,7,7,7,343,388,73,0
T1,account:3a56839e-a20a-4d51-8485-f03b73610959,3a56839e-a20a-4d51-8485-f03b73610959,False,6,6.0,2,2,2,2,2,106,111,73,0
T1,account:667b94de-0fc7-4962-bd9f-0794b7625241,667b94de-0fc7-4962-bd9f-0794b7625241,False,15,15.0,5,5,5,5,5,261,281,25,0
T1,account:0d773103-9430-4225-a215-556566b0edc4,0d773103-9430-4225-a215-556566b0edc4,False,0,0.0,0,0,0,0,0,0,0,20,18
T1,account:90eae21e-dcaa-4599-911e-458aa3bb45d2,90eae21e-dcaa-4599-911e-458aa3bb45d2,False,15,15.0,5,5,5,5,5,285,309,70,0
T1,account:2d6bc855-6c10-45b4-a8da-6a22392f6178,2d6bc855-6c10-45b4-a8da-6a22392f6178,False,21,21.0,7,7,7,7,7,325,348,12,0
T1,account:67599c6a-96b4-414e-9a2c-f20b8101f342,67599c6a-96b4-414e-9a2c-f20b8101f342,False,15,15.0,5,5,5,5,5,238,248,38,0
T1,account:5e068638-549c-48c5-afb5-3a732782a6e9,5e068638-549c-48c5-afb5-3a732782a6e9,False,3,3.0,1,1,1,1,1,51,51,54,0
T1,account:af4e965e-a895-4d67-bc4d-319d5959587b,af4e965e-a895-4d67-bc4d-319d5959587b,False,18,18.0,6,6,6,6,6,310,337,8,0
T1,account:588117e3-48dc-41c9-85ae-e43b88091d7b,588117e3-48dc-41c9-85ae-e43b88091d7b,False,0,0.0,0,0,0,0,0,0,0,21,19
T1,account:8453cce7-59be-45f9-92e9-6f5241bf262b,8453cce7-59be-45f9-92e9-6f5241bf262b,False,9,9.0,3,3,3,3,3,140,142,38,0
T1,account:ba67caae-f222-405e-92c5-c118019b960b,ba67caae-f222-405e-92c5-c118019b960b,False,0,0.0,0,0,0,0,0,0,0,22,20
T1,account:543500bf-23fa-4318-9e6e-b01c1c839a9e,543500bf-23fa-4318-9e6e-b01c1c839a9e,False,6,6.0,2,2,2,2,2,95,99,55,0
T1,account:9ecd1eed-fe00-4f39-834c-44b7db4e65ea,9ecd1eed-fe00-4f39-834c-44b7db4e65ea,False,11,12.0,3,4,4,3,4,183,191,42,0
T1,account:27137506-8e02-4c51-89b6-1a600d2507e5,27137506-8e02-4c51-89b6-1a600d2507e5,False,6,6.0,2,2,2,2,2,95,96,48,0
T1,account:6c2bd948-9e21-4e1b-80c9-162d9586eb41,6c2bd948-9e21-4e1b-80c9-162d9586eb41,False,3,3.0,1,1,1,1,1,58,58,48,0
T1,account:ca36ee60-ba8b-4a9a-a496-b69a0906a67a,ca36ee60-ba8b-4a9a-a496-b69a0906a67a,False,12,12.0,4,4,4,4,4,174,189,38,0
T1,account:4cc3de92-411a-43fb-bab2-a473579c0563,4cc3de92-411a-43fb-bab2-a473579c0563,False,12,12.0,4,4,4,4,4,187,195,38,0
T1,account:062c6b72-a73a-48a4-a1d0-b2606f7baf0f,062c6b72-a73a-48a4-a1d0-b2606f7baf0f,False,6,6.0,2,2,2,2,2,104,106,42,0
T1,account:1243488d-2b6f-4f5a-816d-50db8c476119,1243488d-2b6f-4f5a-816d-50db8c476119,False,6,6.0,2,2,2,2,2,114,114,8,0
T1,account:dddbbcd2-a619-4233-aa7d-bf76fbee3e93,dddbbcd2-a619-4233-aa7d-bf76fbee3e93,False,3,3.0,1,1,1,1,1,51,51,12,0
T1,account:c1429cf8-985f-44c5-a3ce-48a86e12ea00,c1429cf8-985f-44c5-a3ce-48a86e12ea00,False,15,15.0,5,5,5,5,5,254,277,38,0
T1,account:91834c63-d17c-4c49-a5e8-8def2d1e608d,91834c63-d17c-4c49-a5e8-8def2d1e608d,False,0,0.0,0,0,0,0,0,0,0,23,21
T1,account:8412c03a-c4ee-4890-9cc6-140ce300cc38,8412c03a-c4ee-4890-9cc6-140ce300cc38,False,6,6.0,2,2,2,2,2,109,111,12,0
T1,account:72f964fe-f63a-4580-8cbd-b3736eed18be,72f964fe-f63a-4580-8cbd-b3736eed18be,False,12,12.0,4,4,4,4,4,201,213,42,0
T1,account:262fe531-4330-40fc-afc3-9accd8a1b919,262fe531-4330-40fc-afc3-9accd8a1b919,False,3,3.0,1,1,1,1,1,55,55,42,0
T1,account:b2e9e236-2692-4f74-93d6-378e7912942c,b2e9e236-2692-4f74-93d6-378e7912942c,False,6,6.0,2,2,2,2,2,117,120,18,0
T1,account:22cf92a0-df59-4732-a6aa-55d3d35b8de4,22cf92a0-df59-4732-a6aa-55d3d35b8de4,False,15,15.0,5,5,5,5,5,247,264,38,0
T1,account:f81e599c-93bc-4a74-8fa4-836eb68318be,f81e599c-93bc-4a74-8fa4-836eb68318be,False,6,6.0,2,2,2,2,2,89,91,12,0
T1,account:c662d6d0-2377-4978-8763-8e9eeabf03c8,c662d6d0-2377-4978-8763-8e9eeabf03c8,False,12,12.0,4,4,4,4,4,184,193,38,0
T1,account:53958117-d41f-475a-8b9d-b2f009cb2dca,53958117-d41f-475a-8b9d-b2f009cb2dca,False,6,6.0,2,2,2,2,2,122,125,42,0
T1,account:3ebcde14-dacc-4c00-89b1-78adfa14cf29,3ebcde14-dacc-4c00-89b1-78adfa14cf29,False,12,12.0,4,4,4,4,4,241,251,8,0
T1,account:b97ee985-fe7d-457e-aa68-22e6d9cc07c4,b97ee985-fe7d-457e-aa68-22e6d9cc07c4,False,15,15.0,5,5,5,5,5,215,229,48,0
T1,account:db33b6ef-b027-420e-a55c-29bd8dbbadda,db33b6ef-b027-420e-a55c-29bd8dbbadda,False,9,9.0,3,3,3,3,3,148,154,38,0
T1,account:20004290-96a4-4d3d-bfd1-5c1261e51dcb,20004290-96a4-4d3d-bfd1-5c1261e51dcb,False,15,15.0,5,5,5,5,5,260,282,54,0
T1,account:2d3c4c1f-8518-4476-99d9-a26170c78fdf,2d3c4c1f-8518-4476-99d9-a26170c78fdf,False,12,12.0,4,4,4,4,4,188,207,38,0
T1,account:bb30cf0c-852d-4a50-83de-3206183df00e,bb30cf0c-852d-4a50-83de-3206183df00e,False,6,6.0,2,2,2,2,2,99,103,48,0
T1,account:9b92395b-8245-4d1d-8cb7-e6fe99660407,9b92395b-8245-4d1d-8cb7-e6fe99660407,False,18,18.0,6,6,6,6,6,284,315,38,0
T1,account:676d69af-2628-4a2c-a2ab-01f02185095f,676d69af-2628-4a2c-a2ab-01f02185095f,False,6,6.0,2,2,2,2,2,99,103,12,0
T1,account:bf3171bc-a692-4c04-823f-7098a99fe31a,bf3171bc-a692-4c04-823f-7098a99fe31a,False,9,9.0,3,3,3,3,3,152,158,48,0
T1,account:a075e575-9f42-46ec-bcc5-7688f4b80ef0,a075e575-9f42-46ec-bcc5-7688f4b80ef0,False,3,3.0,1,1,1,1,1,41,41,73,0
T1,account:5c29c7ac-8ce7-480a-9d17-995b6f3dc9cc,5c29c7ac-8ce7-480a-9d17-995b6f3dc9cc,False,18,18.0,6,6,6,6,6,288,323,38,0
T1,account:a5285e7c-5a12-4aef-80e1-59eda40f0c84,a5285e7c-5a12-4aef-80e1-59eda40f0c84,False,9,9.0,3,3,3,3,3,134,142,25,0
T1,account:3c9085c1-8a0d-4126-b58b-fae614c38fc8,3c9085c1-8a0d-4126-b58b-fae614c38fc8,False,18,18.0,6,6,6,6,6,304,333,43,0
T1,account:8dafc0f1-ea84-4dcb-9093-cfcaed1e0362,8dafc0f1-ea84-4dcb-9093-cfcaed1e0362,False,6,6.0,2,2,2,2,2,109,113,54,0
T1,account:c6211280-c1b3-4db7-a8ba-8ebaf84109cf,c6211280-c1b3-4db7-a8ba-8ebaf84109cf,False,21,21.0,7,7,7,7,7,339,384,54,0
T1,account:ef5206a7-7e8c-4207-a64a-55742e7196a2,ef5206a7-7e8c-4207-a64a-55742e7196a2,False,12,12.0,4,4,4,4,4,214,228,12,0
T1,account:2d564999-3234-4811-9a0e-7adeb8107dbc,2d564999-3234-4811-9a0e-7adeb8107dbc,False,6,6.0,2,2,2,2,2,99,104,25,0
T1,account:ea9b4639-5833-4540-863f-8f83233ded7c,ea9b4639-5833-4540-863f-8f83233ded7c,False,9,9.0,3,3,3,3,3,160,168,38,0
T1,account:1ae486dd-663f-4338-afe8-4e1f5ec0ab98,1ae486dd-663f-4338-afe8-4e1f5ec0ab98,False,18,18.0,6,6,6,6,6,310,336,8,0
T1,account:ab65effb-0f85-4e32-a4a1-121ed71a21d8,ab65effb-0f85-4e32-a4a1-121ed71a21d8,False,12,12.0,4,4,4,4,4,199,219,55,0
T1,account:2c2dbf69-a853-4e04-a698-d056ca2c55bc,2c2dbf69-a853-4e04-a698-d056ca2c55bc,False,9,9.0,3,3,3,3,3,155,165,48,0
T1,account:eea35d15-33ec-491f-bf5a-47b9031b4629,eea35d15-33ec-491f-bf5a-47b9031b4629,False,12,12.0,4,4,4,4,4,215,227,25,0
T1,account:b40ee5d6-748d-4a45-aa7a-e482816032f4,b40ee5d6-748d-4a45-aa7a-e482816032f4,False,3,3.0,1,1,1,1,1,55,56,12,0
T1,account:58085994-be24-47a0-be21-62a909dd8afd,58085994-be24-47a0-be21-62a909dd8afd,False,15,15.0,5,5,5,5,5,236,263,48,0
T1,account:dde12447-39b5-441a-9387-97c5c0f10fa8,dde12447-39b5-441a-9387-97c5c0f10fa8,False,12,12.0,4,4,4,4,4,188,195,73,0
T1,account:13cc13d3-baad-4e18-9bb9-7d7b1d34d046,13cc13d3-baad-4e18-9bb9-7d7b1d34d046,False,15,15.0,5,5,5,5,5,254,270,18,0
T1,account:8fc2d24e-54b8-4fbd-b457-428c4586a4c6,8fc2d24e-54b8-4fbd-b457-428c4586a4c6,False,6,6.0,2,2,2,2,2,93,95,38,0
T1,account:e623870b-7758-476a-af81-d40b37ea7830,e623870b-7758-476a-af81-d40b37ea7830,False,9,9.0,3,3,3,3,3,148,151,36,0
T1,account:4d19425a-d08b-4318-bad4-e6b49ec4897c,4d19425a-d08b-4318-bad4-e6b49ec4897c,False,9,9.0,3,3,3,3,3,156,160,48,0
T1,account:2b74f601-d7ec-4235-8cb1-89e5edb889f7,2b74f601-d7ec-4235-8cb1-89e5edb889f7,False,0,0.0,0,0,0,0,0,0,0,24,22
T1,account:cb484d40-62e2-4795-b84f-0b436d27c5b1,cb484d40-62e2-4795-b84f-0b436d27c5b1,False,9,9.0,3,3,3,3,3,163,164,25,0
T1,account:26baf53d-fc27-4a08-ab03-1283930ff26e,26baf53d-fc27-4a08-ab03-1283930ff26e,False,15,15.0,5,5,5,5,5,245,266,25,0
T1,account:84c251fb-f5ba-4a57-a8af-b93cb00cfd9b,84c251fb-f5ba-4a57-a8af-b93cb00cfd9b,False,9,9.0,3,3,3,3,3,140,147,42,0
T1,account:0cac19ed-6b8a-4bfa-9afa-1a1af1f7a3fa,0cac19ed-6b8a-4bfa-9afa-1a1af1f7a3fa,False,12,12.0,4,4,4,4,4,192,200,38,0
T1,account:e0b6dbd5-7ba7-42ac-b249-a2625d16d5da,e0b6dbd5-7ba7-42ac-b249-a2625d16d5da,False,15,15.0,5,5,5,5,5,256,279,38,0
T1,account:c8caac27-7f89-4d4b-a1e5-16c3218f74dc,c8caac27-7f89-4d4b-a1e5-16c3218f74dc,False,12,12.0,4,4,4,4,4,204,219,48,0
T1,account:596e2f44-ce99-401a-a669-9794deafc169,596e2f44-ce99-401a-a669-9794deafc169,False,9,9.0,3,3,3,3,3,140,149,62,0
T1,account:fd5ac99e-0c27-422a-a115-6d69f2748fd3,fd5ac99e-0c27-422a-a115-6d69f2748fd3,False,18,18.0,6,6,6,6,6,303,332,12,0
T1,account:fd898342-a004-484d-87aa-1cce64eb7252,fd898342-a004-484d-87aa-1cce64eb7252,False,9,9.0,3,3,3,3,3,145,151,25,0
T1,account:06d2a350-5e7b-4219-8e8f-50a43fc03a53,06d2a350-5e7b-4219-8e8f-50a43fc03a53,False,9,9.0,3,3,3,3,3,160,168,18,0
T1,account:92918af0-be8b-4e47-8832-1e5f6ee56465,92918af0-be8b-4e47-8832-1e5f6ee56465,False,14,15.0,5,4,5,5,4,251,265,25,0
T1,account:748dc61a-5974-4a94-bf37-ea5cfe03c39f,748dc61a-5974-4a94-bf37-ea5cfe03c39f,False,6,6.0,2,2,2,2,2,110,113,8,0
T1,account:5d40b9a9-0b8d-4338-98c4-b9f4ec5f8d6f,5d40b9a9-0b8d-4338-98c4-b9f4ec5f8d6f,False,9,9.0,3,3,3,3,3,131,138,42,0
T1,account:2ab5dd49-7cc2-44dc-8647-25b94a5364f1,2ab5dd49-7cc2-44dc-8647-25b94a5364f1,False,6,6.0,2,2,2,2,2,85,86,12,0
T1,account:2d0f180b-61c6-4714-88db-b92dcc81bfc2,2d0f180b-61c6-4714-88db-b92dcc81bfc2,False,9,9.0,3,3,3,3,3,163,172,12,0
T1,account:67dad8c3-ff9d-43d3-8e70-9f44332927dd,67dad8c3-ff9d-43d3-8e70-9f44332927dd,False,6,6.0,2,2,2,2,2,113,115,42,0
T1,account:16b7e926-9640-4f59-9e0b-b757562980d9,16b7e926-9640-4f59-9e0b-b757562980d9,False,15,15.0,5,5,5,5,5,257,278,62,0
T1,account:68a6b9f3-759c-41e1-85e0-3177f55cce64,68a6b9f3-759c-41e1-85e0-3177f55cce64,False,3,3.0,1,1,1,1,1,62,62,48,0
T1,account:26c63c17-f333-44f3-9731-18c9ad811210,26c63c17-f333-44f3-9731-18c9ad811210,False,12,12.0,4,4,4,4,4,220,234,18,0
T1,account:17380e72-8302-420e-9f0f-9928ac5dd65d,17380e72-8302-420e-9f0f-9928ac5dd65d,False,6,6.0,2,2,2,2,2,116,118,73,0
T1,account:d15cb855-66a7-457f-b72e-8cc9f73e5b0a,d15cb855-66a7-457f-b72e-8cc9f73e5b0a,False,9,9.0,3,3,3,3,3,148,152,54,0
T1,account:9c0e1fca-8365-479c-968a-471625aa5b94,9c0e1fca-8365-479c-968a-471625aa5b94,False,9,9.0,3,3,3,3,3,131,133,12,0
T1,account:f953a46c-debe-4767-81ed-66bfe6c2c42a,f953a46c-debe-4767-81ed-66bfe6c2c42a,False,12,12.0,4,4,4,4,4,228,242,25,0
T1,account:049fa5ce-cfa1-443b-84bd-a04ca9f71042,049fa5ce-cfa1-443b-84bd-a04ca9f71042,False,3,3.0,1,1,1,1,1,35,36,12,0
T1,account:eb2cd9ad-7075-417a-be1d-588abfc31d37,eb2cd9ad-7075-417a-be1d-588abfc31d37,False,12,12.0,4,4,4,4,4,184,196,55,0
T1,account:4cb71701-c208-4cca-a087-3f2384357dee,4cb71701-c208-4cca-a087-3f2384357dee,False,3,3.0,1,1,1,1,1,55,55,73,0
T1,account:d38992c0-b23a-4209-b62b-db57ff4a0c6e,d38992c0-b23a-4209-b62b-db57ff4a0c6e,False,9,9.0,3,3,3,3,3,161,167,8,0
T1,account:ef1ff63d-ae67-4b7d-8ac5-980b4a0bc71b,ef1ff63d-ae67-4b7d-8ac5-980b4a0bc71b,False,15,15.0,5,5,5,5,5,256,270,48,0
T1,account:7b77a0d7-43ee-49ff-a92d-5ee915978f83,7b77a0d7-43ee-49ff-a92d-5ee915978f83,False,9,9.0,3,3,3,3,3,133,137,62,0
T1,account:a784f3fc-1678-43df-add9-6a6c33a27e38,a784f3fc-1678-43df-add9-6a6c33a27e38,False,12,12.0,4,4,4,4,4,180,187,48,0
T1,account:c040d47b-39ce-4d77-b70c-532a1ba43119,c040d47b-39ce-4d77-b70c-532a1ba43119,False,6,6.0,2,2,2,2,2,99,101,36,0
T1,account:24a82b01-0243-4e36-b84b-57361626c915,24a82b01-0243-4e36-b84b-57361626c915,False,9,9.0,3,3,3,3,3,146,157,43,0
T1,account:08a19315-a5b8-4cad-bf47-e9ef2fb16dc6,08a19315-a5b8-4cad-bf47-e9ef2fb16dc6,False,6,6.0,2,2,2,2,2,107,114,42,0
T1,account:323a081e-a8f2-49e9-a341-dc817bffe7e3,323a081e-a8f2-49e9-a341-dc817bffe7e3,False,6,6.0,2,2,2,2,2,108,114,12,0
T1,account:d4224872-0bce-4ee4-9fda-a616af29f7a3,d4224872-0bce-4ee4-9fda-a616af29f7a3,False,15,15.0,5,5,5,5,5,255,276,18,0
T1,account:e7d640cb-bb6f-4a8a-b27d-69ac61332ff9,e7d640cb-bb6f-4a8a-b27d-69ac61332ff9,False,9,9.0,3,3,3,3,3,142,147,38,0
T1,account:28e3225b-2c05-428d-adb6-01e1e5c87278,28e3225b-2c05-428d-adb6-01e1e5c87278,False,6,6.0,2,2,2,2,2,96,99,73,0
T1,account:ebbfba83-ab6d-4692-bc2d-17cb747974be,ebbfba83-ab6d-4692-bc2d-17cb747974be,False,9,9.0,3,3,3,3,3,172,178,38,0
T1,account:f1b54ef2-aaa4-4d45-9716-09be56fd8d0c,f1b54ef2-aaa4-4d45-9716-09be56fd8d0c,False,15,15.0,5,5,5,5,5,265,284,8,0
T1,account:d88e7b9a-3d1f-4abd-b8a1-5463b55e9811,d88e7b9a-3d1f-4abd-b8a1-5463b55e9811,False,6,6.0,2,2,2,2,2,107,110,38,0
T1,account:a3e667eb-cbe0-4706-bab6-546cba588202,a3e667eb-cbe0-4706-bab6-546cba588202,False,12,12.0,4,4,4,4,4,201,213,42,0
T1,account:01e9a4dc-07f8-4837-b125-8d4d56804c9a,01e9a4dc-07f8-4837-b125-8d4d56804c9a,False,9,9.0,3,3,3,3,3,165,167,42,0
T1,account:e2dd1c6a-b564-4dd2-bb89-30f02d524718,e2dd1c6a-b564-4dd2-bb89-30f02d524718,False,9,9.0,3,3,3,3,3,147,151,42,0
T1,account:c6a6eeea-0f93-40d2-9585-1b78f0c11358,c6a6eeea-0f93-40d2-9585-1b78f0c11358,False,12,12.0,4,4,4,4,4,202,218,70,0
T1,account:76d25c9c-282f-44a1-bb3f-cde7c61ce8bb,76d25c9c-282f-44a1-bb3f-cde7c61ce8bb,False,12,12.0,4,4,4,4,4,205,221,55,0
T1,account:1cb5774e-831b-4299-b05c-ad282c9ae536,1cb5774e-831b-4299-b05c-ad282c9ae536,False,6,6.0,2,2,2,2,2,104,104,18,0
T1,account:82fb67af-7f00-415a-8a52-c9aca44cac21,82fb67af-7f00-415a-8a52-c9aca44cac21,False,12,12.0,4,4,4,4,4,185,199,55,0
T1,account:e392cffe-300d-479e-a5e2-a568b6263b02,e392cffe-300d-479e-a5e2-a568b6263b02,False,21,21.0,7,7,7,7,7,319,353,48,0
T1,account:7a99f231-15a0-4a4a-84db-30d3823eda0c,7a99f231-15a0-4a4a-84db-30d3823eda0c,False,0,0.0,0,0,0,0,0,0,0,26,23
T1,account:c73d9f10-2f05-4ddd-aceb-95a71e87ab73,c73d9f10-2f05-4ddd-aceb-95a71e87ab73,False,21,21.0,7,7,7,7,7,355,389,8,0
T1,account:e4276638-e7bd-4040-99c2-677cfb17d7bf,e4276638-e7bd-4040-99c2-677cfb17d7bf,False,3,3.0,1,1,1,1,1,49,49,8,0
T1,account:178a857a-642c-47c9-84f3-0f4782b4aab7,178a857a-642c-47c9-84f3-0f4782b4aab7,False,12,12.0,4,4,4,4,4,201,212,55,0
T1,account:2c16206e-7504-4238-8d13-741ca26f966a,2c16206e-7504-4238-8d13-741ca26f966a,False,6,6.0,2,2,2,2,2,106,110,25,0
T1,account:97497f31-6636-45e3-a79e-9049388846d8,97497f31-6636-45e3-a79e-9049388846d8,False,15,15.0,5,5,5,5,5,246,264,25,0
T1,account:ede459ea-3ed6-44b2-9b7f-a9797cfe5098,ede459ea-3ed6-44b2-9b7f-a9797cfe5098,False,18,18.0,6,6,6,6,6,313,341,12,0
T1,account:779b4f18-cc45-4470-8ffa-e3133a91a6b7,779b4f18-cc45-4470-8ffa-e3133a91a6b7,False,9,9.0,3,3,3,3,3,155,160,62,0
T1,account:02ccf162-ab21-4cb2-a887-c1e4be2d63e6,02ccf162-ab21-4cb2-a887-c1e4be2d63e6,False,9,9.0,3,3,3,3,3,159,163,42,0
T1,account:5bc22aff-5547-498d-a867-9437aecb2300,5bc22aff-5547-498d-a867-9437aecb2300,False,9,9.0,3,3,3,3,3,167,173,18,0
T1,account:f4ae6c12-0445-4f63-9803-bc27112ff228,f4ae6c12-0445-4f63-9803-bc27112ff228,False,9,9.0,3,3,3,3,3,162,166,12,0
T1,account:af3d0e72-14ce-4fde-b414-a97e9b224f0e,af3d0e72-14ce-4fde-b414-a97e9b224f0e,False,24,24.0,8,8,8,8,8,380,425,25,0
T1,account:4a5536c5-9ae8-4bd9-a630-ea9b67a6336e,4a5536c5-9ae8-4bd9-a630-ea9b67a6336e,False,18,18.0,6,6,6,6,6,271,308,36,0
T1,account:717b962f-1b6e-4cb4-9d31-797d902bdb21,717b962f-1b6e-4cb4-9d31-797d902bdb21,False,12,12.0,4,4,4,4,4,182,194,54,0
T1,account:eadd0861-b99b-44eb-bfb1-3f4535ba8310,eadd0861-b99b-44eb-bfb1-3f4535ba8310,False,6,6.0,2,2,2,2,2,101,102,38,0
T1,account:834bbae9-0591-40ce-8e33-4f063234cf16,834bbae9-0591-40ce-8e33-4f063234cf16,False,8,9.0,3,3,2,3,3,133,136,43,0
T1,account:b8cc49df-1c7c-40e9-b4c1-49a19b394b3c,b8cc49df-1c7c-40e9-b4c1-49a19b394b3c,False,6,6.0,2,2,2,2,2,85,88,8,0
T1,account:8ab103c2-22a4-4f07-b578-9ed48f37e00c,8ab103c2-22a4-4f07-b578-9ed48f37e00c,False,6,6.0,2,2,2,2,2,94,96,54,0
T1,account:2332adcc-d6e2-431a-bb64-fa8c32c20fca,2332adcc-d6e2-431a-bb64-fa8c32c20fca,False,12,12.0,4,4,4,4,4,212,223,55,0
T1,account:2e313b85-2a67-45b2-a7ad-3e947eb51a6a,2e313b85-2a67-45b2-a7ad-3e947eb51a6a,False,21,21.0,7,7,7,7,7,328,356,36,0
T1,account:91d4534d-209b-4bf8-84aa-668cb2d8a921,91d4534d-209b-4bf8-84aa-668cb2d8a921,False,6,6.0,2,2,2,2,2,105,106,8,0
T1,account:73702ed6-5a7e-4340-824d-caacab88b00c,73702ed6-5a7e-4340-824d-caacab88b00c,False,3,3.0,1,1,1,1,1,49,50,62,0
T1,account:ef87b4fb-3a69-4e63-be95-78d7bfac806e,ef87b4fb-3a69-4e63-be95-78d7bfac806e,False,6,6.0,2,2,2,2,2,106,109,55,0
T1,account:7036d750-26ca-4c4d-b78c-e8ba2cd28872,7036d750-26ca-4c4d-b78c-e8ba2cd28872,False,18,18.0,6,6,6,6,6,279,303,62,0
T1,account:a493a282-817d-4169-8717-e72388a1ac60,a493a282-817d-4169-8717-e72388a1ac60,False,12,12.0,4,4,4,4,4,211,223,73,0
T1,account:1bdabdd4-c122-45c0-8005-041d0c072b02,1bdabdd4-c122-45c0-8005-041d0c072b02,False,12,12.0,4,4,4,4,4,202,208,70,0
T1,account:7d59fedd-5a5c-47dd-9879-df885ddbc520,7d59fedd-5a5c-47dd-9879-df885ddbc520,False,18,18.0,6,6,6,6,6,268,296,25,0
T1,account:d47e357d-d547-4570-940f-1c70020c3913,d47e357d-d547-4570-940f-1c70020c3913,False,3,3.0,1,1,1,1,1,53,53,43,0
T1,account:88310ef3-624a-421f-86a4-f6771cbcf527,88310ef3-624a-421f-86a4-f6771cbcf527,False,9,9.0,3,3,3,3,3,157,161,8,0
T1,account:441ecf04-0d72-42b4-8514-7aeb73e581be,441ecf04-0d72-42b4-8514-7aeb73e581be,False,9,9.0,3,3,3,3,3,141,148,62,0
T1,account:d11f799b-7f29-4fbf-82d5-26099f86c45f,d11f799b-7f29-4fbf-82d5-26099f86c45f,False,9,9.0,3,3,3,3,3,151,153,54,0
T1,account:e9d8b9a6-29c6-4eed-8d69-1966f412aca4,e9d8b9a6-29c6-4eed-8d69-1966f412aca4,False,12,12.0,4,4,4,4,4,185,196,38,0
T1,account:d0ea865b-04ec-465c-a8fe-103eec17be64,d0ea865b-04ec-465c-a8fe-103eec17be64,False,12,12.0,4,4,4,4,4,183,193,38,0
T1,account:0104563d-45e7-4912-ba7d-55804c1af5e9,0104563d-45e7-4912-ba7d-55804c1af5e9,False,12,12.0,4,4,4,4,4,202,217,48,0
T1,account:7d9a35d4-6842-4ac1-8d34-0e7d383e98f3,7d9a35d4-6842-4ac1-8d34-0e7d383e98f3,False,12,12.0,4,4,4,4,4,188,197,25,0
T1,account:768017d2-a904-4065-b410-aa73b655b818,768017d2-a904-4065-b410-aa73b655b818,False,17,18.0,6,6,5,6,6,274,288,55,0
T1,account:c2deb1a8-3b7c-4927-994b-8f62a9070287,c2deb1a8-3b7c-4927-994b-8f62a9070287,False,3,3.0,1,1,1,1,1,43,44,38,0
T1,account:e2c1002e-f523-4339-8af7-ab3dd4dd019a,e2c1002e-f523-4339-8af7-ab3dd4dd019a,False,9,9.0,3,3,3,3,3,158,165,38,0
T1,account:09cc86a9-e3b8-4d9d-8c29-502e0f1e2b5a,09cc86a9-e3b8-4d9d-8c29-502e0f1e2b5a,False,6,6.0,2,2,2,2,2,93,97,73,0
T1,account:e42dec60-26be-4385-8464-14addcb4d12d,e42dec60-26be-4385-8464-14addcb4d12d,False,6,6.0,2,2,2,2,2,108,111,38,0
T1,account:a8ffab49-2777-45d7-95bb-1a27939771a9,a8ffab49-2777-45d7-95bb-1a27939771a9,False,6,6.0,2,2,2,2,2,87,87,73,0
T1,account:81aaf83c-dd33-44ff-80b3-a52915559734,81aaf83c-dd33-44ff-80b3-a52915559734,False,0,0.0,0,0,0,0,0,0,0,27,24
T1,account:94e6ccf2-d406-4010-9f59-7bca61123813,94e6ccf2-d406-4010-9f59-7bca61123813,False,12,12.0,4,4,4,4,4,213,223,55,0
T1,account:fb51597c-0c4a-4593-acf8-c4c3d53b595a,fb51597c-0c4a-4593-acf8-c4c3d53b595a,False,9,9.0,3,3,3,3,3,162,167,55,0
T1,account:74fec518-5911-4a94-b34e-0d6e5f83fe15,74fec518-5911-4a94-b34e-0d6e5f83fe15,False,21,21.0,7,7,7,7,7,307,339,43,0
T1,account:5d25ff4b-f71e-4d7d-8bef-836b475390ae,5d25ff4b-f71e-4d7d-8bef-836b475390ae,False,9,9.0,3,3,3,3,3,145,148,25,0
T1,account:4688531c-0ce7-4cd1-ada6-be730e048902,4688531c-0ce7-4cd1-ada6-be730e048902,False,12,12.0,4,4,4,4,4,211,222,54,0
T1,account:782bdeb7-8c23-49dc-bb6f-b5303c01d51f,782bdeb7-8c23-49dc-bb6f-b5303c01d51f,False,6,6.0,2,2,2,2,2,109,112,54,0
T1,account:fc1f4157-db96-4d2e-829b-e9e35f938f40,fc1f4157-db96-4d2e-829b-e9e35f938f40,False,9,9.0,3,3,3,3,3,137,148,62,0
T1,account:208ba228-47ed-4254-898c-b1b793ac5e63,208ba228-47ed-4254-898c-b1b793ac5e63,False,12,12.0,4,4,4,4,4,200,211,73,0
T1,account:38671bd1-2423-431d-a1a9-2fc148064725,38671bd1-2423-431d-a1a9-2fc148064725,False,6,6.0,2,2,2,2,2,89,90,42,0
T1,account:6d2a2715-b99b-40e0-8bd3-af18ece3c195,6d2a2715-b99b-40e0-8bd3-af18ece3c195,False,12,12.0,4,4,4,4,4,187,197,54,0
T1,account:6f9a1f1e-8604-42f3-bbd9-2413956c2689,6f9a1f1e-8604-42f3-bbd9-2413956c2689,False,6,6.0,2,2,2,2,2,107,111,48,0
T1,account:77fe4de1-c4e6-40ba-b0b7-79dc83d5b8bf,77fe4de1-c4e6-40ba-b0b7-79dc83d5b8bf,False,9,9.0,3,3,3,3,3,172,186,12,0
T1,account:1be87562-94f4-4e55-96b3-131a8122635e,1be87562-94f4-4e55-96b3-131a8122635e,False,6,6.0,2,2,2,2,2,106,108,38,0
T1,account:b195f1b9-b14c-4f53-9ed2-788c5b57d753,b195f1b9-b14c-4f53-9ed2-788c5b57d753,False,12,12.0,4,4,4,4,4,201,217,62,0
T1,account:4fef6083-e79e-4fe7-a81f-f924b51b54f9,4fef6083-e79e-4fe7-a81f-f924b51b54f9,False,12,12.0,4,4,4,4,4,180,186,55,0
T1,account:39b26a96-8d4e-4cb3-a1b6-8ee1ef3b9266,39b26a96-8d4e-4cb3-a1b6-8ee1ef3b9266,False,12,12.0,4,4,4,4,4,203,211,8,0
T1,account:22c1ed4b-3c4f-4b58-a0a1-fdaf343aee55,22c1ed4b-3c4f-4b58-a0a1-fdaf343aee55,False,6,6.0,2,2,2,2,2,81,83,48,0
T1,account:fb012154-509d-4884-88da-9ed1b27ab8ee,fb012154-509d-4884-88da-9ed1b27ab8ee,False,9,9.0,3,3,3,3,3,138,143,48,0
T1,account:9ad4870d-fc65-4aa0-8ad8-c2d5a53369ac,9ad4870d-fc65-4aa0-8ad8-c2d5a53369ac,False,6,6.0,2,2,2,2,2,121,122,12,0
T1,account:296fe683-6d1e-4450-833f-8bfbde3312c7,296fe683-6d1e-4450-833f-8bfbde3312c7,False,9,9.0,3,3,3,3,3,130,134,48,0
T1,account:48471175-ed1c-4fcd-8652-48b33a0c320c,48471175-ed1c-4fcd-8652-48b33a0c320c,False,12,12.0,4,4,4,4,4,190,202,48,0
T1,account:1e65465d-35e5-4641-afdb-dfbf8de67603,1e65465d-35e5-4641-afdb-dfbf8de67603,False,23,24.0,8,8,7,8,8,346,376,18,0
T1,account:9a333403-bd16-4dd1-8f2a-c279dba3a66f,9a333403-bd16-4dd1-8f2a-c279dba3a66f,False,18,18.0,6,6,6,6,6,292,311,36,0
T1,account:104fe101-0a11-46f9-aebd-cd225912a189,104fe101-0a11-46f9-aebd-cd225912a189,False,18,18.0,6,6,6,6,6,296,328,54,0
T1,account:55fc7af2-af86-428c-a6fc-5945a3df7805,55fc7af2-af86-428c-a6fc-5945a3df7805,False,3,3.0,1,1,1,1,1,64,64,36,0
T1,account:cb284572-d050-4572-92b8-5d0d656a6a88,cb284572-d050-4572-92b8-5d0d656a6a88,False,15,15.0,5,5,5,5,5,253,269,42,0
T1,account:845c319b-bf09-4f3b-9f53-87dec33bee61,845c319b-bf09-4f3b-9f53-87dec33bee61,False,9,9.0,3,3,3,3,3,153,158,18,0
T1,account:301c4982-ddbd-4ac6-a6e2-dfba1ed2bb22,301c4982-ddbd-4ac6-a6e2-dfba1ed2bb22,False,0,0.0,0,0,0,0,0,0,0,28,25
T1,account:c966eaa8-7679-46f5-b7fa-2af40794bd26,c966eaa8-7679-46f5-b7fa-2af40794bd26,False,0,0.0,0,0,0,0,0,0,0,29,26
T1,account:468363f0-736a-48ef-8138-c40f7e0a7ca0,468363f0-736a-48ef-8138-c40f7e0a7ca0,False,12,12.0,4,4,4,4,4,175,179,36,0
T1,account:c3c3397a-60cb-4aaf-b3e5-d79b2a30d3de,c3c3397a-60cb-4aaf-b3e5-d79b2a30d3de,False,12,12.0,4,4,4,4,4,203,220,25,0
T1,account:ba4ecd63-d728-425f-9b43-1c477bb47355,ba4ecd63-d728-425f-9b43-1c477bb47355,False,18,18.0,6,6,6,6,6,284,308,43,0
T1,account:69904704-df2a-4d3b-bb68-9f37c657cf46,69904704-df2a-4d3b-bb68-9f37c657cf46,False,12,12.0,4,4,4,4,4,201,213,43,0
T1,account:b83af3fb-c50d-475b-b930-3cb68645bea6,b83af3fb-c50d-475b-b930-3cb68645bea6,False,12,12.0,4,4,4,4,4,206,218,18,0
T1,account:fb858c98-9523-4a77-9c10-6aac475a2c99,fb858c98-9523-4a77-9c10-6aac475a2c99,False,12,12.0,4,4,4,4,4,195,212,38,0
T1,account:17910cbc-415b-41c9-8cff-bf2a04fb9514,17910cbc-415b-41c9-8cff-bf2a04fb9514,False,9,9.0,3,3,3,3,3,156,161,8,0
T1,account:91eb1175-efe2-45f3-9b32-cd3b81171410,91eb1175-efe2-45f3-9b32-cd3b81171410,False,6,6.0,2,2,2,2,2,108,110,42,0
T1,account:a02016c6-8342-48a1-b307-a18d2747f7fd,a02016c6-8342-48a1-b307-a18d2747f7fd,False,9,9.0,3,3,3,3,3,152,163,38,0
T1,account:16c17ff6-9f49-4bbd-a309-859ca66627b1,16c17ff6-9f49-4bbd-a309-859ca66627b1,False,0,0.0,0,0,0,0,0,0,0,30,27
T1,account:82118612-daa7-412d-b90a-85b3d7595189,82118612-daa7-412d-b90a-85b3d7595189,False,24,24.0,8,8,8,8,8,381,424,8,0
T1,account:c1c9afbc-60b8-4a4e-8b18-f62b4c646674,c1c9afbc-60b8-4a4e-8b18-f62b4c646674,False,12,12.0,4,4,4,4,4,227,241,38,0
T1,account:6c107ed2-9575-4d90-91cd-cdc5ecbf21c8,6c107ed2-9575-4d90-91cd-cdc5ecbf21c8,False,6,6.0,2,2,2,2,2,115,121,43,0
T1,account:d7124b14-070a-4b1d-9fff-7d1fe2ceb755,d7124b14-070a-4b1d-9fff-7d1fe2ceb755,False,12,12.0,4,4,4,4,4,209,216,43,0
T1,account:27cf84c9-416e-4eb2-8d63-327a4e8727fe,27cf84c9-416e-4eb2-8d63-327a4e8727fe,False,9,9.0,3,3,3,3,3,163,171,62,0
T1,account:1d09f905-5f54-49ad-adf4-e093c01a30c8,1d09f905-5f54-49ad-adf4-e093c01a30c8,False,9,9.0,3,3,3,3,3,163,169,12,0
T1,account:2e14eb61-342b-455e-b226-286bb60f0944,2e14eb61-342b-455e-b226-286bb60f0944,False,6,6.0,2,2,2,2,2,80,82,42,0
T1,account:660e255d-06d2-4b00-af0e-9bfef857d622,660e255d-06d2-4b00-af0e-9bfef857d622,False,9,9.0,3,3,3,3,3,154,162,73,0
T1,account:b3718ef6-31dc-4723-9f53-8207f8f71887,b3718ef6-31dc-4723-9f53-8207f8f71887,False,12,12.0,4,4,4,4,4,221,229,55,0
T1,account:4ec6c502-7121-4b03-b79f-881acc873a4e,4ec6c502-7121-4b03-b79f-881acc873a4e,False,3,3.0,1,1,1,1,1,62,62,54,0
T1,account:5328aa3c-eb77-425e-84a7-8ca80d652aa5,5328aa3c-eb77-425e-84a7-8ca80d652aa5,False,3,3.0,1,1,1,1,1,40,41,54,0
T1,account:83fbee47-fd75-4a61-bd3f-3c41c52445d9,83fbee47-fd75-4a61-bd3f-3c41c52445d9,False,3,3.0,1,1,1,1,1,61,63,54,0
T1,account:186871ce-d753-4d2d-8eb7-0b97aaf90c0a,186871ce-d753-4d2d-8eb7-0b97aaf90c0a,False,9,9.0,3,3,3,3,3,151,155,8,0
T1,account:dcc68057-ecca-4900-8330-603038117800,dcc68057-ecca-4900-8330-603038117800,False,9,9.0,3,3,3,3,3,156,163,18,0
T1,account:b7982be6-57a9-4193-8973-2e7163a68fe6,b7982be6-57a9-4193-8973-2e7163a68fe6,False,0,0.0,0,0,0,0,0,0,0,31,28
T1,account:c9122ccb-0cc2-4f7e-9c80-0bae9e46a573,c9122ccb-0cc2-4f7e-9c80-0bae9e46a573,False,0,0.0,0,0,0,0,0,0,0,32,29
T1,account:374269e4-5782-4147-9614-79a3cd0ad267,374269e4-5782-4147-9614-79a3cd0ad267,False,15,15.0,5,5,5,5,5,251,273,12,0
T1,account:a1a5d8dd-37e7-4530-8ba6-5b76d8e45736,a1a5d8dd-37e7-4530-8ba6-5b76d8e45736,False,6,6.0,2,2,2,2,2,101,101,43,0
T1,account:26e094fb-ae93-4588-8e45-4f0d7bb0421a,26e094fb-ae93-4588-8e45-4f0d7bb0421a,False,15,15.0,5,5,5,5,5,245,262,62,0
T1,account:31a9dcc3-b7a8-4180-abc2-4c92297c19da,31a9dcc3-b7a8-4180-abc2-4c92297c19da,False,12,12.0,4,4,4,4,4,199,205,38,0
T1,account:516e500b-90ce-426c-aaad-c040c753c27c,516e500b-90ce-426c-aaad-c040c753c27c,False,12,12.0,4,4,4,4,4,190,198,12,0
T1,account:e3d6647a-ae26-44a3-9d88-64de6a4b6bb8,e3d6647a-ae26-44a3-9d88-64de6a4b6bb8,False,0,0.0,0,0,0,0,0,0,0,33,30
T1,account:b5381054-088a-4a7e-ba0f-844427ccb42b,b5381054-088a-4a7e-ba0f-844427ccb42b,False,12,12.0,4,4,4,4,4,196,204,25,0
T1,account:af48f06a-13be-4f9b-b9a5-ef50f504238d,af48f06a-13be-4f9b-b9a5-ef50f504238d,False,12,12.0,4,4,4,4,4,202,214,25,0
T1,account:63723066-ec3b-4d39-8bbd-826dd6074664,63723066-ec3b-4d39-8bbd-826dd6074664,False,24,24.0,8,8,8,8,8,388,426,36,0
T1,account:15f0a1db-4b92-4f16-8be2-6573cec52e76,15f0a1db-4b92-4f16-8be2-6573cec52e76,False,3,3.0,1,1,1,1,1,48,48,38,0
T1,account:798c8cae-5961-462c-8e0a-08596f2fffd3,798c8cae-5961-462c-8e0a-08596f2fffd3,False,6,6.0,2,2,2,2,2,91,91,73,0
T1,account:891b7fb7-b27c-49da-93fe-c189b7b03b1b,891b7fb7-b27c-49da-93fe-c189b7b03b1b,False,15,15.0,5,5,5,5,5,240,260,62,0
T1,account:d369a037-a4de-4c61-a61c-db7702c58261,d369a037-a4de-4c61-a61c-db7702c58261,False,15,15.0,5,5,5,5,5,224,243,42,0
T1,account:581ac8f0-b2b1-4f93-a224-6f11c74c8995,581ac8f0-b2b1-4f93-a224-6f11c74c8995,False,12,12.0,4,4,4,4,4,208,223,8,0
T1,account:e54a1621-1004-4b34-a0f7-5215234ba8a4,e54a1621-1004-4b34-a0f7-5215234ba8a4,False,18,18.0,6,6,6,6,6,274,304,73,0
T1,account:15351721-9c1a-41e1-b5b4-f4ffea5501c8,15351721-9c1a-41e1-b5b4-f4ffea5501c8,False,21,21.0,7,7,7,7,7,367,405,12,0
T1,account:99523ed7-c007-461a-bf99-4f97597fe779,99523ed7-c007-461a-bf99-4f97597fe779,False,9,9.0,3,3,3,3,3,164,171,18,0
T1,account:28e6b567-04cf-4620-93b5-f51a360c5da1,28e6b567-04cf-4620-93b5-f51a360c5da1,False,12,12.0,4,4,4,4,4,199,208,43,0
T1,account:ff90454d-e56b-4904-88d9-6cab1a4de31b,ff90454d-e56b-4904-88d9-6cab1a4de31b,False,18,18.0,6,6,6,6,6,288,313,38,0
T1,account:8fa03930-f9f1-48e4-8704-a514985ea20f,8fa03930-f9f1-48e4-8704-a514985ea20f,False,3,3.0,1,1,1,1,1,76,76,38,0
T1,account:6f5156be-9ffd-446b-bec6-8377591728c7,6f5156be-9ffd-446b-bec6-8377591728c7,False,12,12.0,4,4,4,4,4,222,239,42,0
T1,account:634a754c-ee93-435b-8489-9e40f578b18a,634a754c-ee93-435b-8489-9e40f578b18a,False,12,12.0,4,4,4,4,4,198,209,54,0
T1,account:8f79c0d6-7d96-4044-b93b-8f0ebb55c890,8f79c0d6-7d96-4044-b93b-8f0ebb55c890,False,12,12.0,4,4,4,4,4,197,209,38,0
T1,account:0f99e412-e533-4b22-9ba1-5e1e0088deb8,0f99e412-e533-4b22-9ba1-5e1e0088deb8,False,6,6.0,2,2,2,2,2,115,120,8,0
T1,account:d2cf9e3f-6a24-4f62-a145-625e0767b056,d2cf9e3f-6a24-4f62-a145-625e0767b056,False,15,15.0,5,5,5,5,5,253,275,18,0
T1,account:d1ab8318-f70f-4206-867d-951380e7ed97,d1ab8318-f70f-4206-867d-951380e7ed97,False,6,6.0,2,2,2,2,2,97,99,25,0
T1,account:fcd34d3e-f16e-435e-b021-edd6ff0916d6,fcd34d3e-f16e-435e-b021-edd6ff0916d6,False,12,12.0,4,4,4,4,4,205,219,55,0
T1,account:fd43dc2a-e1b8-47eb-a0f8-1148d9b6bad9,fd43dc2a-e1b8-47eb-a0f8-1148d9b6bad9,False,24,24.0,8,8,8,8,8,375,436,38,0
T1,account:72d47217-690a-461a-9b94-e93c54d7c42d,72d47217-690a-461a-9b94-e93c54d7c42d,False,6,6.0,2,2,2,2,2,118,123,38,0
T1,account:72f27a00-1a21-49f2-b763-e4e4a6eaea97,72f27a00-1a21-49f2-b763-e4e4a6eaea97,False,12,12.0,4,4,4,4,4,207,222,8,0
T1,account:d20e8357-4d0f-4b5c-a6a4-6afb31a948a3,d20e8357-4d0f-4b5c-a6a4-6afb31a948a3,False,6,6.0,2,2,2,2,2,89,90,55,0
T1,account:e92a14c8-cf4c-4824-a2b9-2e7965772172,e92a14c8-cf4c-4824-a2b9-2e7965772172,False,3,3.0,1,1,1,1,1,41,41,55,0
T1,account:6f8ea7dc-bfb8-4ad7-a268-e161f9bd717e,6f8ea7dc-bfb8-4ad7-a268-e161f9bd717e,False,9,9.0,3,3,3,3,3,162,165,18,0
T1,account:f5d7d691-0299-4185-8dc4-9f118c395037,f5d7d691-0299-4185-8dc4-9f118c395037,False,12,12.0,4,4,4,4,4,185,197,38,0
T1,account:7bee1913-dea4-400e-ba78-6664d6121f94,7bee1913-dea4-400e-ba78-6664d6121f94,False,9,9.0,3,3,3,3,3,144,149,48,0
T1,account:d3e3c6aa-2139-4b30-a1c1-f77fc2758448,d3e3c6aa-2139-4b30-a1c1-f77fc2758448,False,9,9.0,3,3,3,3,3,137,143,54,0
T1,account:cbf4cb02-fe4a-4cc6-8530-16e9db585980,cbf4cb02-fe4a-4cc6-8530-16e9db585980,False,18,18.0,6,6,6,6,6,331,361,48,0
T1,account:660af054-339f-4157-8f38-c5ca14923e78,660af054-339f-4157-8f38-c5ca14923e78,False,18,18.0,6,6,6,6,6,298,317,62,0
T1,account:d214a9bb-6a6d-45d9-b52e-39edf6aa622e,d214a9bb-6a6d-45d9-b52e-39edf6aa622e,False,0,0.0,0,0,0,0,0,0,0,34,31
T1,account:8ca68194-2a46-44d9-9525-eec04b4d0c2f,8ca68194-2a46-44d9-9525-eec04b4d0c2f,False,14,15.0,5,5,4,5,5,227,241,42,0
T1,account:385d3e34-8178-4522-b822-8482cd42c911,385d3e34-8178-4522-b822-8482cd42c911,False,15,15.0,5,5,5,5,5,247,269,42,0
T1,account:c658ddc1-d179-42ec-8dc1-6864d92d3556,c658ddc1-d179-42ec-8dc1-6864d92d3556,False,9,9.0,3,3,3,3,3,147,153,62,0
T1,account:2601f793-d80c-492d-bdb2-76496ab47f74,2601f793-d80c-492d-bdb2-76496ab47f74,False,6,6.0,2,2,2,2,2,94,96,25,0
T1,account:f5555f44-58f4-4918-94d6-c4ab5a683257,f5555f44-58f4-4918-94d6-c4ab5a683257,False,9,9.0,3,3,3,3,3,162,169,42,0
T1,account:57c51b57-9635-4ef6-9fc4-d0149c82a057,57c51b57-9635-4ef6-9fc4-d0149c82a057,False,6,6.0,2,2,2,2,2,110,113,55,0
T1,account:dbd1ecf0-c486-40f8-828d-328c4c99b8c2,dbd1ecf0-c486-40f8-828d-328c4c99b8c2,False,6,6.0,2,2,2,2,2,111,114,12,0
T1,account:a4d64f03-b6f2-40e9-98fe-9a83275e62d9,a4d64f03-b6f2-40e9-98fe-9a83275e62d9,False,12,12.0,4,4,4,4,4,172,180,54,0
T1,account:29c6daca-4277-44d1-8436-15bf7533c9fb,29c6daca-4277-44d1-8436-15bf7533c9fb,False,12,12.0,4,4,4,4,4,198,211,48,0
T1,account:acb4cf92-3004-4f62-939c-0e9c7e7515d5,acb4cf92-3004-4f62-939c-0e9c7e7515d5,False,9,9.0,3,3,3,3,3,174,180,54,0
T1,account:6a1f9178-41f0-46dc-b384-1286a8b0d867,6a1f9178-41f0-46dc-b384-1286a8b0d867,False,9,9.0,3,3,3,3,3,144,150,54,0
T1,account:98d45e80-4f8e-47d0-8710-cb66e331c126,98d45e80-4f8e-47d0-8710-cb66e331c126,False,6,6.0,2,2,2,2,2,105,106,12,0
T1,account:01af2644-28d7-465d-9870-7397bd8edbf7,01af2644-28d7-465d-9870-7397bd8edbf7,False,3,3.0,1,1,1,1,1,52,52,62,0
T1,account:c636f420-3a14-457c-b94a-6bf23234c372,c636f420-3a14-457c-b94a-6bf23234c372,False,3,3.0,1,1,1,1,1,65,65,70,0
T1,account:55636eaa-6f11-4bfe-9d63-ae3922724590,55636eaa-6f11-4bfe-9d63-ae3922724590,False,9,9.0,3,3,3,3,3,161,171,73,0
T1,account:02b1c4ba-05da-40a8-aa5a-1d0d8374bc40,02b1c4ba-05da-40a8-aa5a-1d0d8374bc40,False,9,9.0,3,3,3,3,3,146,155,38,0
T1,account:187215c8-05d9-438f-85a1-c2e619d21628,187215c8-05d9-438f-85a1-c2e619d21628,False,11,12.0,4,4,3,4,4,176,186,12,0
T1,account:db9ca0cc-f8d8-4d50-a30a-3901fb8b1b95,db9ca0cc-f8d8-4d50-a30a-3901fb8b1b95,False,9,9.0,3,3,3,3,3,151,155,12,0
T1,account:77b559a1-9e36-4608-b5e7-04180ffb8a2f,77b559a1-9e36-4608-b5e7-04180ffb8a2f,False,27,27.0,9,9,9,9,9,439,496,43,0
T1,account:793a2131-d862-4306-ba42-edc6c309aa6d,793a2131-d862-4306-ba42-edc6c309aa6d,False,12,12.0,4,4,4,4,4,209,221,18,0
T1,account:dc026133-f058-4a16-829d-e940549414b6,dc026133-f058-4a16-829d-e940549414b6,False,21,21.0,7,7,7,7,7,326,348,12,0
T1,account:4f965e44-002a-4f22-843a-9e40658ad48c,4f965e44-002a-4f22-843a-9e40658ad48c,False,15,15.0,5,5,5,5,5,263,281,25,0
T1,account:7ef10488-c696-4f08-8975-dd029595ac92,7ef10488-c696-4f08-8975-dd029595ac92,False,18,18.0,6,6,6,6,6,273,297,8,0
T1,account:e0f8a0e3-3280-4e42-be7f-ac019eb9e3fc,e0f8a0e3-3280-4e42-be7f-ac019eb9e3fc,False,9,9.0,3,3,3,3,3,170,176,36,0
T1,account:3b5dc506-85f3-4389-b220-fb7fa2b2d80c,3b5dc506-85f3-4389-b220-fb7fa2b2d80c,False,12,12.0,4,4,4,4,4,213,220,70,0
T1,account:e36a8808-9240-43e7-80ed-f47633cfc5b4,e36a8808-9240-43e7-80ed-f47633cfc5b4,False,3,3.0,1,1,1,1,1,36,37,55,0
T1,account:051b0c79-e45c-4388-becd-03d3a2a320e3,051b0c79-e45c-4388-becd-03d3a2a320e3,False,6,6.0,2,2,2,2,2,98,102,42,0
T1,account:4e2e49c2-ca33-4491-a754-c809b514ce85,4e2e49c2-ca33-4491-a754-c809b514ce85,False,18,18.0,6,6,6,6,6,264,285,42,0
T1,account:f57a90a5-bdc4-4f4e-852b-baed34624dc0,f57a90a5-bdc4-4f4e-852b-baed34624dc0,False,15,15.0,5,5,5,5,5,233,247,54,0
T1,account:b64d9cc1-f662-4a3a-b659-0f9074df10c9,b64d9cc1-f662-4a3a-b659-0f9074df10c9,False,12,12.0,4,4,4,4,4,224,232,70,0
T1,account:f1c4e80b-6345-4615-852d-d2b7d81235b1,f1c4e80b-6345-4615-852d-d2b7d81235b1,False,18,18.0,6,6,6,6,6,294,322,25,0
T1,account:b43e1303-eebd-466d-8d50-075268449a86,b43e1303-eebd-466d-8d50-075268449a86,False,6,6.0,2,2,2,2,2,113,115,36,0
T1,account:63485068-b05f-4e4f-a3f5-68f27f30da8d,63485068-b05f-4e4f-a3f5-68f27f30da8d,False,12,12.0,4,4,4,4,4,201,219,54,0
T1,account:68890671-06e1-4eab-8802-085a87f7a6bc,68890671-06e1-4eab-8802-085a87f7a6bc,False,6,6.0,2,2,2,2,2,104,107,48,0
T1,account:723e65cb-3c6e-4bbb-9b51-06d6ca2425d7,723e65cb-3c6e-4bbb-9b51-06d6ca2425d7,False,9,9.0,3,3,3,3,3,159,166,38,0
T1,account:68756a0a-fd03-43d0-b9e1-216bc081fa12,68756a0a-fd03-43d0-b9e1-216bc081fa12,False,3,3.0,1,1,1,1,1,58,58,73,0
T1,account:a66684b0-0a7f-4d75-a548-683c117d4537,a66684b0-0a7f-4d75-a548-683c117d4537,False,6,6.0,2,2,2,2,2,105,107,55,0
T1,account:bc8f6d97-dd98-49d8-993e-f5dc8aeb3808,bc8f6d97-dd98-49d8-993e-f5dc8aeb3808,False,6,6.0,2,2,2,2,2,122,126,12,0
T1,account:7a0a5a97-e81d-4ca2-a1ea-80718d114788,7a0a5a97-e81d-4ca2-a1ea-80718d114788,False,9,9.0,3,3,3,3,3,147,154,55,0
T1,account:91b13457-cf6b-45f7-ba0c-0b2f1a6ed4eb,91b13457-cf6b-45f7-ba0c-0b2f1a6ed4eb,False,6,6.0,2,2,2,2,2,110,115,12,0
T1,account:005b5043-cc7a-46d6-a820-3d55d8606054,005b5043-cc7a-46d6-a820-3d55d8606054,False,6,6.0,2,2,2,2,2,105,108,25,0
T1,account:5b931c1d-e788-4745-8512-d388a284dd12,5b931c1d-e788-4745-8512-d388a284dd12,False,6,6.0,2,2,2,2,2,120,121,73,0
T1,account:142454c9-adcc-4bc3-bff9-8dade48a6fe5,142454c9-adcc-4bc3-bff9-8dade48a6fe5,False,3,3.0,1,1,1,1,1,52,52,54,0
T1,account:efbcda1e-39bb-4302-ad0e-25bfeb7433d7,efbcda1e-39bb-4302-ad0e-25bfeb7433d7,False,20,21.0,7,7,6,7,7,297,331,42,0
T1,account:0b69471c-5ec6-4322-8937-0cd6d790999e,0b69471c-5ec6-4322-8937-0cd6d790999e,False,15,15.0,5,5,5,5,5,250,270,54,0
T1,account:10df5b18-0910-41be-bcd0-845390c24e94,10df5b18-0910-41be-bcd0-845390c24e94,False,3,3.0,1,1,1,1,1,58,58,62,0
T1,account:2d95374e-12b4-4626-a308-9e172652fb12,2d95374e-12b4-4626-a308-9e172652fb12,False,9,9.0,3,3,3,3,3,143,153,48,0
T1,account:91d472c3-8fcf-48b1-b8b8-c2c19f1e0b1c,91d472c3-8fcf-48b1-b8b8-c2c19f1e0b1c,False,27,27.0,9,9,9,9,9,401,459,38,0
T1,account:234cb4bb-3483-42bd-ba6d-654803488605,234cb4bb-3483-42bd-ba6d-654803488605,False,17,18.0,6,6,5,6,6,288,306,36,0
T1,account:58e77254-1993-4369-b2f8-d4cd3f2a97e1,58e77254-1993-4369-b2f8-d4cd3f2a97e1,False,9,9.0,3,3,3,3,3,150,160,42,0
T1,account:f7562b7a-c975-4bd6-bdea-a56a968ae1ff,f7562b7a-c975-4bd6-bdea-a56a968ae1ff,False,9,9.0,3,3,3,3,3,154,162,12,0
T1,account:19d55906-b11e-46dc-ae78-236e678b1b93,19d55906-b11e-46dc-ae78-236e678b1b93,False,12,12.0,4,4,4,4,4,191,199,48,0
T1,account:5b063ea0-18ef-49b0-863c-a5bbe82b0363,5b063ea0-18ef-49b0-863c-a5bbe82b0363,False,6,6.0,2,2,2,2,2,92,93,42,0
T1,account:5480a1cb-71e6-4671-9f18-4ca556a32704,5480a1cb-71e6-4671-9f18-4ca556a32704,False,12,12.0,4,4,4,4,4,192,202,25,0
T1,account:976ff235-5585-4809-984d-1f0e39e54f07,976ff235-5585-4809-984d-1f0e39e54f07,False,3,3.0,1,1,1,1,1,58,58,48,0
T1,account:4d0ef70b-2782-456d-a9e4-6f2c685dbc74,4d0ef70b-2782-456d-a9e4-6f2c685dbc74,False,21,21.0,7,7,7,7,7,330,371,43,0
T1,account:4e9fde86-e192-4a0a-a0b2-747182575e21,4e9fde86-e192-4a0a-a0b2-747182575e21,False,15,15.0,5,5,5,5,5,232,254,18,0
T1,account:6beb9306-fcf3-4484-99f3-5ed4e1aa22cf,6beb9306-fcf3-4484-99f3-5ed4e1aa22cf,False,9,9.0,3,3,3,3,3,138,141,25,0
T1,account:94f64e2c-9adc-453c-a5af-bd0aca9ac9db,94f64e2c-9adc-453c-a5af-bd0aca9ac9db,False,12,12.0,4,4,4,4,4,182,190,55,0
T1,account:fe7406aa-a9c1-4330-8167-d657f2925bad,fe7406aa-a9c1-4330-8167-d657f2925bad,False,9,9.0,3,3,3,3,3,143,146,62,0
T1,account:86381ee9-3a09-44fa-8c48-c5d021039849,86381ee9-3a09-44fa-8c48-c5d021039849,False,12,12.0,4,4,4,4,4,205,216,12,0
T1,account:43e232ee-fd48-464b-bc15-2c4a15b62fbc,43e232ee-fd48-464b-bc15-2c4a15b62fbc,False,12,12.0,4,4,4,4,4,219,227,70,0
T1,account:c6018119-f441-448a-a658-016f96a98e35,c6018119-f441-448a-a658-016f96a98e35,False,12,12.0,4,4,4,4,4,192,201,18,0
T1,account:dcb121d7-1d6e-41de-8714-d0903ba86b6a,dcb121d7-1d6e-41de-8714-d0903ba86b6a,False,3,3.0,1,1,1,1,1,56,57,48,0
T1,account:2a4e04ed-9f29-40a0-839a-69efa3b894d1,2a4e04ed-9f29-40a0-839a-69efa3b894d1,False,6,6.0,2,2,2,2,2,92,95,43,0
T1,account:554e335a-d2f8-45ed-85d6-675169ae9159,554e335a-d2f8-45ed-85d6-675169ae9159,False,3,3.0,1,1,1,1,1,53,54,8,0
T1,account:adbcea04-afae-4c85-8f63-6ccd3eafb550,adbcea04-afae-4c85-8f63-6ccd3eafb550,False,6,6.0,2,2,2,2,2,105,111,42,0
T1,account:e383ffcb-b4ae-4b87-9258-946bc4bc801e,e383ffcb-b4ae-4b87-9258-946bc4bc801e,False,12,12.0,4,4,4,4,4,206,221,43,0
T1,account:0151f368-7cb4-42b8-a27e-375813502541,0151f368-7cb4-42b8-a27e-375813502541,False,21,21.0,7,7,7,7,7,345,378,36,0
T1,account:2a634eec-47ae-42b8-95e3-1b2641862fdd,2a634eec-47ae-42b8-95e3-1b2641862fdd,False,6,6.0,2,2,2,2,2,97,99,8,0
T1,account:3675a7f8-6a92-4fc1-80a7-ba326e596b01,3675a7f8-6a92-4fc1-80a7-ba326e596b01,False,6,6.0,2,2,2,2,2,100,101,25,0
T1,account:45c70cb1-6379-4b00-a2c6-37e0759324d8,45c70cb1-6379-4b00-a2c6-37e0759324d8,False,12,12.0,4,4,4,4,4,206,212,12,0
T1,account:e9fc5cf3-31c3-4852-b8d7-3146657b9471,e9fc5cf3-31c3-4852-b8d7-3146657b9471,False,3,3.0,1,1,1,1,1,61,62,48,0
T1,account:fccbf6ea-565e-4c15-a80a-4c2132b09a1c,fccbf6ea-565e-4c15-a80a-4c2132b09a1c,False,15,15.0,5,5,5,5,5,259,276,54,0
T1,account:c20720bb-6863-459f-9188-e5ace6d2f117,c20720bb-6863-459f-9188-e5ace6d2f117,False,11,12.0,3,4,4,3,4,181,190,70,0
T1,account:9d4248b1-9fb8-4be0-8072-f5728466e318,9d4248b1-9fb8-4be0-8072-f5728466e318,False,9,9.0,3,3,3,3,3,162,167,8,0
T1,account:9b9aa095-937c-441a-9117-5715734784f7,9b9aa095-937c-441a-9117-5715734784f7,False,9,9.0,3,3,3,3,3,150,153,62,0
T1,account:5d1cd674-cb5f-4120-910e-4001349b6ebe,5d1cd674-cb5f-4120-910e-4001349b6ebe,False,12,12.0,4,4,4,4,4,195,205,42,0
T1,account:6224ecf1-ee41-4720-826c-89798f1ad5aa,6224ecf1-ee41-4720-826c-89798f1ad5aa,False,9,9.0,3,3,3,3,3,162,170,25,0
T1,account:ff235f56-1af2-4e1f-a828-6b83a0112dca,ff235f56-1af2-4e1f-a828-6b83a0112dca,False,6,6.0,2,2,2,2,2,113,117,73,0
T1,account:71d3107b-ff29-4b6a-a299-c9fba1cace22,71d3107b-ff29-4b6a-a299-c9fba1cace22,False,12,12.0,4,4,4,4,4,215,229,8,0
T1,account:05444546-ec1a-44cd-92e2-0abaf3f4a53c,05444546-ec1a-44cd-92e2-0abaf3f4a53c,False,18,18.0,6,6,6,6,6,288,316,18,0
T1,account:b5d7a216-a660-4ed0-a424-2aace605926a,b5d7a216-a660-4ed0-a424-2aace605926a,False,6,6.0,2,2,2,2,2,99,102,25,0
T1,account:a3e3edbd-37c5-4278-b8ab-e3222dbc10e6,a3e3edbd-37c5-4278-b8ab-e3222dbc10e6,False,12,12.0,4,4,4,4,4,206,215,62,0
T1,account:0c9032f1-ca82-4582-bf09-c1b79f89daaa,0c9032f1-ca82-4582-bf09-c1b79f89daaa,False,6,6.0,2,2,2,2,2,93,97,55,0
T1,account:26cb7ed4-d233-4668-ab3b-6e7cd7b7b56d,26cb7ed4-d233-4668-ab3b-6e7cd7b7b56d,False,9,9.0,3,3,3,3,3,128,132,25,0
T1,account:29c03b96-ebd8-4354-bb44-0f43096bd049,29c03b96-ebd8-4354-bb44-0f43096bd049,False,6,6.0,2,2,2,2,2,100,100,62,0
T1,account:034d30e0-0d85-4ec3-9b22-adc334d9723c,034d30e0-0d85-4ec3-9b22-adc334d9723c,False,3,3.0,1,1,1,1,1,46,47,73,0
T1,account:d9758d17-e102-4127-8d37-566e41cae3cd,d9758d17-e102-4127-8d37-566e41cae3cd,False,12,12.0,4,4,4,4,4,204,213,25,0
T1,account:c02ea08b-be3b-4adb-9834-52d17e3321bd,c02ea08b-be3b-4adb-9834-52d17e3321bd,False,12,12.0,4,4,4,4,4,211,224,70,0
T1,account:8c119f35-5b90-4e5a-bec1-437723ca00eb,8c119f35-5b90-4e5a-bec1-437723ca00eb,False,15,15.0,5,5,5,5,4,240,263,48,0
T1,account:ac911c71-6d0f-4ce1-aa5d-c387641c289e,ac911c71-6d0f-4ce1-aa5d-c387641c289e,False,12,12.0,4,4,4,4,4,203,215,43,0
T1,account:5aeba06c-6393-481a-a553-49a6641f8520,5aeba06c-6393-481a-a553-49a6641f8520,False,15,15.0,5,5,5,5,5,254,265,73,0
T1,account:08bcc4eb-a43c-4257-8593-bfe5c9155dbf,08bcc4eb-a43c-4257-8593-bfe5c9155dbf,False,6,6.0,2,2,2,2,2,96,97,48,0
T1,account:1b8357b8-1635-4d82-86ab-009a97774686,1b8357b8-1635-4d82-86ab-009a97774686,False,6,6.0,2,2,2,2,2,97,100,42,0
T1,account:c74e3735-44e0-49df-bbe8-20114c3b1c4b,c74e3735-44e0-49df-bbe8-20114c3b1c4b,False,9,9.0,3,3,3,3,3,171,174,8,0
T1,account:98bca8bd-a3d2-421c-9778-636a01295e51,98bca8bd-a3d2-421c-9778-636a01295e51,False,6,6.0,2,2,2,2,2,102,105,43,0
T1,account:1e55e985-78c6-48fb-b4f2-b1dbe78f4a41,1e55e985-78c6-48fb-b4f2-b1dbe78f4a41,False,9,9.0,3,3,3,3,3,136,141,55,0
T1,account:677164c6-f4a5-4222-97fa-1ac26caaf241,677164c6-f4a5-4222-97fa-1ac26caaf241,False,6,6.0,2,2,2,2,2,105,106,38,0
T1,account:72402b05-6fae-4061-b2b3-95029fd5befd,72402b05-6fae-4061-b2b3-95029fd5befd,False,9,9.0,3,3,3,3,3,159,165,73,0
T1,account:a3f1cea9-7090-45cd-940f-2f9fbcce2696,a3f1cea9-7090-45cd-940f-2f9fbcce2696,False,6,6.0,2,2,2,2,2,104,106,12,0
T1,account:e8c8e6e7-8dfc-4c92-8215-6d9a4c50a4dc,e8c8e6e7-8dfc-4c92-8215-6d9a4c50a4dc,False,0,0.0,0,0,0,0,0,0,0,35,32
T1,account:2faf0b66-1f5d-4b2a-b564-54af1464d3df,2faf0b66-1f5d-4b2a-b564-54af1464d3df,False,15,15.0,5,5,5,5,5,252,276,12,0
T1,account:6186a593-6472-4d7c-97da-4a1b05775d46,6186a593-6472-4d7c-97da-4a1b05775d46,False,15,15.0,5,5,5,5,5,241,268,48,0
T1,account:d90ea9db-2fb5-422d-84be-91a5d1adc2d2,d90ea9db-2fb5-422d-84be-91a5d1adc2d2,False,9,9.0,3,3,3,3,3,165,170,73,0
T1,account:63b973ec-2684-4ee0-a185-647246b2775f,63b973ec-2684-4ee0-a185-647246b2775f,False,6,6.0,2,2,2,2,2,109,112,42,0
T1,account:1db98576-d762-4ace-a3fd-969609e0ef6f,1db98576-d762-4ace-a3fd-969609e0ef6f,False,15,15.0,5,5,5,5,5,247,267,38,0
T1,account:64243c9f-3ed4-4749-bc71-ab1c598f5c26,64243c9f-3ed4-4749-bc71-ab1c598f5c26,False,18,18.0,6,6,6,6,6,299,321,70,0
T1,account:9e2b1f7f-ad98-4142-a930-92bc2547a837,9e2b1f7f-ad98-4142-a930-92bc2547a837,False,12,12.0,4,4,4,4,4,210,224,38,0
T1,account:3e4a0351-f57e-4775-8981-1196b2a12528,3e4a0351-f57e-4775-8981-1196b2a12528,False,9,9.0,3,3,3,3,3,145,152,42,0
T1,account:3a31b2ad-e108-4437-ae90-46c7724a8422,3a31b2ad-e108-4437-ae90-46c7724a8422,False,12,12.0,4,4,4,4,4,204,218,42,0
T1,account:23a18297-894c-4386-aeab-3c30d2fe65a1,23a18297-894c-4386-aeab-3c30d2fe65a1,False,3,3.0,1,1,1,1,1,55,55,12,0
T1,account:c60c3e0d-482b-467a-adf5-2e58922250f3,c60c3e0d-482b-467a-adf5-2e58922250f3,False,6,6.0,2,2,2,2,2,96,99,18,0
T1,account:25078241-4551-41a9-bd19-f4423e0ed296,25078241-4551-41a9-bd19-f4423e0ed296,False,15,15.0,5,5,5,5,5,253,270,18,0
T1,account:5f2c5eab-1d96-4f8b-9866-b064d620b2f3,5f2c5eab-1d96-4f8b-9866-b064d620b2f3,False,12,12.0,4,4,4,4,4,207,214,43,0
T1,account:683d217a-beb1-40ac-a0b4-91f64d3a0cc7,683d217a-beb1-40ac-a0b4-91f64d3a0cc7,False,15,15.0,5,5,5,5,5,224,235,25,0
T1,account:d4d6d365-e077-46ca-a438-cdf3ad11111f,d4d6d365-e077-46ca-a438-cdf3ad11111f,False,27,27.0,9,9,9,9,9,416,472,54,0
T1,account:0d4346c8-d33e-4438-b45d-96297e4575c3,0d4346c8-d33e-4438-b45d-96297e4575c3,False,9,9.0,3,3,3,3,3,156,160,12,0
T1,account:ea0e5e3f-9d15-4a7d-a5ac-c864755ec48a,ea0e5e3f-9d15-4a7d-a5ac-c864755ec48a,False,12,12.0,4,4,4,4,4,180,198,62,0
T1,account:4c4d43e1-bbb7-4b35-9314-2d54cdb667aa,4c4d43e1-bbb7-4b35-9314-2d54cdb667aa,False,3,3.0,1,1,1,1,1,58,58,38,0
T1,account:c5eeaa54-3e94-453f-9325-0506ec377957,c5eeaa54-3e94-453f-9325-0506ec377957,False,12,12.0,4,4,4,4,4,194,201,48,0
T1,account:2a8c0712-a65c-42fa-b9fa-bb6c36ad6ce5,2a8c0712-a65c-42fa-b9fa-bb6c36ad6ce5,False,9,9.0,3,3,3,3,3,161,171,73,0
T1,account:8da73406-a4dc-4895-b6a6-4809c3bb58c6,8da73406-a4dc-4895-b6a6-4809c3bb58c6,False,9,9.0,3,3,3,3,3,139,149,55,0
T1,account:98ed6174-1976-4468-adc4-ab44aa026da4,98ed6174-1976-4468-adc4-ab44aa026da4,False,17,18.0,6,5,6,6,5,271,309,70,0
T1,account:aabf3b6b-3ea5-4ce5-b011-225f4319ef13,aabf3b6b-3ea5-4ce5-b011-225f4319ef13,False,6,6.0,2,2,2,2,2,94,94,42,0
T1,account:91bae665-70b3-4c59-b51a-749d74801e9f,91bae665-70b3-4c59-b51a-749d74801e9f,False,18,18.0,6,6,6,6,6,283,308,48,0
T1,account:c928c56b-982e-4616-8979-30933c367f02,c928c56b-982e-4616-8979-30933c367f02,False,6,6.0,2,2,2,2,2,77,80,12,0
T1,account:8c1f6e1a-2adb-48a0-8e9d-830ad6b8995e,8c1f6e1a-2adb-48a0-8e9d-830ad6b8995e,False,15,15.0,5,5,5,5,5,258,278,62,0
T1,account:75bdcfdd-537b-4e68-b2b2-74728a8dee2c,75bdcfdd-537b-4e68-b2b2-74728a8dee2c,False,6,6.0,2,2,2,2,2,115,118,54,0
T1,account:968ba695-3417-4b5b-8935-2d233049edb6,968ba695-3417-4b5b-8935-2d233049edb6,False,6,6.0,2,2,2,2,2,94,96,38,0
T1,account:b314c166-cdb2-4350-b627-bff61bf8c202,b314c166-cdb2-4350-b627-bff61bf8c202,False,6,6.0,2,2,2,2,2,100,103,73,0
T1,account:6eb5ef65-dd57-4334-a1e1-f0f126a43933,6eb5ef65-dd57-4334-a1e1-f0f126a43933,False,6,6.0,2,2,2,2,2,100,103,42,0
T1,account:f2f121d7-368c-4f4d-a6df-8b950fc1f59d,f2f121d7-368c-4f4d-a6df-8b950fc1f59d,False,6,6.0,2,2,2,2,2,93,96,25,0
T1,account:4495ac99-bff4-48e0-b021-6532a67130a8,4495ac99-bff4-48e0-b021-6532a67130a8,False,3,3.0,1,1,1,1,1,47,47,73,0
T1,account:d7609117-8301-452a-a3b8-79f612c72567,d7609117-8301-452a-a3b8-79f612c72567,False,3,3.0,1,1,1,1,1,46,46,54,0
T1,account:ea1d8868-ed90-4081-a951-f036ca28dffb,ea1d8868-ed90-4081-a951-f036ca28dffb,False,15,15.0,5,5,5,5,5,264,282,25,0
T1,account:8de21a9b-502f-440f-8bf2-ff7a06cb6b6a,8de21a9b-502f-440f-8bf2-ff7a06cb6b6a,False,12,12.0,4,4,4,4,4,181,198,36,0
T1,account:973c1a6f-4224-4d27-a85e-a72e0d74703b,973c1a6f-4224-4d27-a85e-a72e0d74703b,False,9,9.0,3,3,3,3,3,168,176,48,0
T1,account:7bc33894-1644-4c94-8147-0f93e27c42a0,7bc33894-1644-4c94-8147-0f93e27c42a0,False,3,3.0,1,1,1,1,1,64,65,12,0
T1,account:5e6e1777-73ca-468d-8a0c-8cc2431f65ec,5e6e1777-73ca-468d-8a0c-8cc2431f65ec,False,5,6.0,2,2,1,2,2,73,75,12,0
T1,account:21e7ca93-d51b-4fab-9c63-a642ecb1bb4a,21e7ca93-d51b-4fab-9c63-a642ecb1bb4a,False,9,9.0,3,3,3,3,3,150,153,54,0
T1,account:0875a3d7-a21d-4e99-9b7d-ccb55b29a198,0875a3d7-a21d-4e99-9b7d-ccb55b29a198,False,18,18.0,6,6,6,6,6,277,306,48,0
T1,account:9e9539c5-ff3f-4de9-b496-5c60f5334ff2,9e9539c5-ff3f-4de9-b496-5c60f5334ff2,False,15,15.0,5,5,5,5,5,252,267,42,0
T1,account:2458050e-8988-4e26-a13a-2194873bd7fe,2458050e-8988-4e26-a13a-2194873bd7fe,False,15,15.0,5,5,5,5,5,242,264,42,0
T1,account:bf8da9f2-1254-4165-b884-0a1260857799,bf8da9f2-1254-4165-b884-0a1260857799,False,15,15.0,5,5,5,5,5,272,296,43,0
T1,account:26f57549-fb3f-4191-849a-95c28c01a635,26f57549-fb3f-4191-849a-95c28c01a635,False,9,9.0,3,3,3,3,3,164,168,48,0
T1,account:00484806-b0c8-479c-b9bb-e56658b346a9,00484806-b0c8-479c-b9bb-e56658b346a9,False,6,6.0,2,2,2,2,2,98,98,48,0
T1,account:1b3b8c7f-3295-4e62-b47d-9cd726907be8,1b3b8c7f-3295-4e62-b47d-9cd726907be8,False,6,6.0,2,2,2,2,2,104,108,12,0
T1,account:f835ca12-9376-4ede-b97f-362d8a064eab,f835ca12-9376-4ede-b97f-362d8a064eab,False,14,15.0,5,5,4,5,5,203,218,38,0
T1,account:3c773092-a873-4dbc-b3a7-fbf7c3240e0f,3c773092-a873-4dbc-b3a7-fbf7c3240e0f,False,9,9.0,3,3,3,3,3,157,165,73,0
T1,account:0472eab1-6bd4-45c0-bf88-7f1821c4e3c1,0472eab1-6bd4-45c0-bf88-7f1821c4e3c1,False,12,12.0,4,4,4,4,4,197,207,18,0
T1,account:6356597b-bc79-48ef-85f0-ad95de353617,6356597b-bc79-48ef-85f0-ad95de353617,False,0,0.0,0,0,0,0,0,0,0,37,33
T1,account:646a96dd-a1be-4602-bb94-40860e0f60fd,646a96dd-a1be-4602-bb94-40860e0f60fd,False,6,6.0,2,2,2,2,2,102,106,38,0
T1,account:9d2c569a-ff8c-4d96-a321-4f5933ed67c1,9d2c569a-ff8c-4d96-a321-4f5933ed67c1,False,9,9.0,3,3,3,3,3,155,160,42,0
T1,account:39b29911-3d5d-4654-93f1-512911a7f915,39b29911-3d5d-4654-93f1-512911a7f915,False,12,12.0,4,4,4,4,4,188,200,38,0
T1,account:aacd5bab-36b9-44be-8382-2aff1085a5b5,aacd5bab-36b9-44be-8382-2aff1085a5b5,False,6,6.0,2,2,2,2,2,99,101,62,0
T1,account:ba742263-65c3-4057-964f-c3b0d92bd9b4,ba742263-65c3-4057-964f-c3b0d92bd9b4,False,12,12.0,4,4,4,4,4,209,223,36,0
T1,account:ce13e068-016a-40eb-a623-8a750f99b98d,ce13e068-016a-40eb-a623-8a750f99b98d,False,15,15.0,5,5,5,5,5,241,258,54,0
T1,account:21f19424-b96c-4eff-b73c-e445d58cdba8,21f19424-b96c-4eff-b73c-e445d58cdba8,False,3,3.0,1,1,1,1,1,42,43,25,0
T1,account:28f6cca2-b8b9-4b4c-bfa4-60de55f12e0f,28f6cca2-b8b9-4b4c-bfa4-60de55f12e0f,False,17,18.0,6,6,5,6,6,264,285,73,0
T1,account:34637514-e280-46b9-b0d1-ef03aaf15d67,34637514-e280-46b9-b0d1-ef03aaf15d67,False,15,15.0,5,5,5,5,5,243,262,25,0
T1,account:b9c510ea-43af-4a39-89a9-6fc3362a0873,b9c510ea-43af-4a39-89a9-6fc3362a0873,False,9,9.0,3,3,3,3,3,157,165,62,0
T1,account:80c453fe-0007-49bc-9bc8-9f0bc53a73c6,80c453fe-0007-49bc-9bc8-9f0bc53a73c6,False,24,24.0,8,8,8,8,8,403,454,42,0
T1,account:b95dec98-67d3-4a46-88d5-1e24ded28dcb,b95dec98-67d3-4a46-88d5-1e24ded28dcb,False,15,15.0,5,5,5,5,5,262,280,54,0
T1,account:0c389e2a-18cc-4fa6-a887-07bd2778ef51,0c389e2a-18cc-4fa6-a887-07bd2778ef51,False,9,9.0,3,3,3,3,3,153,156,73,0
T1,account:1e4c9ca4-1c76-465a-9c0d-df7a56b0db2a,1e4c9ca4-1c76-465a-9c0d-df7a56b0db2a,False,15,15.0,5,5,5,5,5,245,266,8,0
T1,account:f3972828-e09e-4e25-9938-fbb1ebe62bee,f3972828-e09e-4e25-9938-fbb1ebe62bee,False,15,15.0,5,5,5,5,5,267,280,25,0
T1,account:fa7be06f-59c4-44bc-8863-ea80e8370056,fa7be06f-59c4-44bc-8863-ea80e8370056,False,3,3.0,1,1,1,1,1,57,57,73,0
T1,account:2687aa1c-be59-4f66-a66b-68af8906d917,2687aa1c-be59-4f66-a66b-68af8906d917,False,6,6.0,2,2,2,2,2,110,111,42,0
T1,account:e1028a5a-5504-499d-8856-89e4cdbac998,e1028a5a-5504-499d-8856-89e4cdbac998,False,12,12.0,4,4,4,4,4,180,194,48,0
T1,account:bf7a3cca-684a-4df0-af13-632c975ac9e2,bf7a3cca-684a-4df0-af13-632c975ac9e2,False,9,9.0,3,3,3,3,3,151,157,38,0
T1,account:535752f8-350e-43cf-9ae3-fc28523cb0c9,535752f8-350e-43cf-9ae3-fc28523cb0c9,False,9,9.0,3,3,3,3,3,142,145,12,0
T1,account:027b859b-6c82-4fcb-ade3-d2e98721f833,027b859b-6c82-4fcb-ade3-d2e98721f833,False,6,6.0,2,2,2,2,2,97,101,48,0
T1,account:1e25ab22-9c70-4118-b8ad-910cf2173d3e,1e25ab22-9c70-4118-b8ad-910cf2173d3e,False,9,9.0,3,3,3,3,3,139,144,62,0
T1,account:b2adb2c0-2e8b-47a9-b52c-b725a32064ae,b2adb2c0-2e8b-47a9-b52c-b725a32064ae,False,18,18.0,6,6,6,6,6,299,337,36,0
T1,account:1920fb4b-d56d-4ed8-81db-5407a8489a79,1920fb4b-d56d-4ed8-81db-5407a8489a79,False,6,6.0,2,2,2,2,2,94,98,12,0
T1,account:6166648f-20d9-4b73-9f49-c96050ada393,6166648f-20d9-4b73-9f49-c96050ada393,False,12,12.0,4,4,4,4,4,196,208,54,0
T1,account:9493c4aa-d368-47c4-acfa-9671b615cdae,9493c4aa-d368-47c4-acfa-9671b615cdae,False,12,12.0,4,4,4,4,4,218,229,55,0
T1,account:6bb5c8fa-e47f-4f08-bb8e-b24b31c26dae,6bb5c8fa-e47f-4f08-bb8e-b24b31c26dae,False,3,3.0,1,1,1,1,1,48,48,55,0
T1,account:0ff3c9d5-8d43-4b13-9f8c-b6b1f682ecd0,0ff3c9d5-8d43-4b13-9f8c-b6b1f682ecd0,False,12,12.0,4,4,4,4,4,194,211,43,0
T1,account:30d3c7ed-24d7-4567-b5e9-16d9173c1054,30d3c7ed-24d7-4567-b5e9-16d9173c1054,False,9,9.0,3,3,3,3,3,157,168,42,0
T1,account:eaac9136-ab03-4e58-a854-41e69e2d2274,eaac9136-ab03-4e58-a854-41e69e2d2274,False,3,3.0,1,1,1,1,1,62,63,38,0
T1,account:0bb649d7-22cd-47ca-9013-f739111ef183,0bb649d7-22cd-47ca-9013-f739111ef183,False,5,6.0,2,2,1,2,2,66,69,48,0
T1,account:fa34a1e9-ca91-46b1-9ec1-de36c5d103e9,fa34a1e9-ca91-46b1-9ec1-de36c5d103e9,False,15,15.0,5,5,5,5,5,240,260,42,0
T1,account:88c23c31-dd9f-4f05-a204-ff9024b0940f,88c23c31-dd9f-4f05-a204-ff9024b0940f,False,9,9.0,3,3,3,3,3,142,152,36,0
T1,account:461a7b68-6964-4412-b4bc-8e993d549dac,461a7b68-6964-4412-b4bc-8e993d549dac,False,9,9.0,3,3,3,3,3,134,142,54,0
T1,account:54f35f29-11a1-45e3-8a50-54071feca0ce,54f35f29-11a1-45e3-8a50-54071feca0ce,False,20,21.0,7,7,6,7,7,294,322,55,0
T1,account:53cae4ef-33d8-44f9-97e0-94ef9ecff3df,53cae4ef-33d8-44f9-97e0-94ef9ecff3df,False,9,9.0,3,3,3,3,3,144,147,54,0
T1,account:b20e51ec-e55c-44fa-80e4-e0de894ea4c8,b20e51ec-e55c-44fa-80e4-e0de894ea4c8,False,9,9.0,3,3,3,3,3,139,146,12,0
T1,account:8c4f790f-9ce5-41d2-bcbc-1d9a16157ff0,8c4f790f-9ce5-41d2-bcbc-1d9a16157ff0,False,6,6.0,2,2,2,2,2,107,116,42,0
T1,account:451c2ce4-0cad-41a3-9c9c-2948561987b4,451c2ce4-0cad-41a3-9c9c-2948561987b4,False,3,3.0,1,1,1,1,1,60,60,73,0
T1,account:1fb04b84-7546-4b39-99bb-fb31980daae5,1fb04b84-7546-4b39-99bb-fb31980daae5,False,6,6.0,2,2,2,2,2,102,106,73,0
T1,account:eb6d7762-3fd0-45cc-847d-c979023bcbbd,eb6d7762-3fd0-45cc-847d-c979023bcbbd,False,15,15.0,5,5,5,5,5,241,259,48,0
T1,account:6bfa8a40-53c6-48c9-857b-c7c8dc125b6b,6bfa8a40-53c6-48c9-857b-c7c8dc125b6b,False,18,18.0,6,6,6,6,6,296,322,42,0
T1,account:5a652cfc-af80-4d31-a847-b9ef7f82da7a,5a652cfc-af80-4d31-a847-b9ef7f82da7a,False,18,18.0,6,6,6,6,6,290,314,25,0
T1,account:b9146cba-ffab-454e-8e72-8825afebe8f0,b9146cba-ffab-454e-8e72-8825afebe8f0,False,15,15.0,5,5,5,5,5,265,283,25,0
T1,account:d0dbc20d-30f7-47bf-96fd-68e62310981c,d0dbc20d-30f7-47bf-96fd-68e62310981c,False,9,9.0,3,3,3,3,3,125,132,25,0
T1,account:21c22de5-506b-4f8b-b198-ed168490447a,21c22de5-506b-4f8b-b198-ed168490447a,False,24,24.0,8,8,8,8,8,365,402,12,0
T1,account:0d9b81a0-9891-4fbd-aa7a-cd0c659d691b,0d9b81a0-9891-4fbd-aa7a-cd0c659d691b,False,0,0.0,0,0,0,0,0,0,0,39,34
T1,account:71452874-46a8-4fb5-9ac1-1edf0acce9db,71452874-46a8-4fb5-9ac1-1edf0acce9db,False,21,21.0,7,7,7,7,7,327,360,36,0
T1,account:9139d59f-7612-4553-92f3-180a860748e0,9139d59f-7612-4553-92f3-180a860748e0,False,15,15.0,5,5,5,5,5,234,244,55,0
T1,account:f4ea7176-c858-43e5-a97c-b2cb252135b5,f4ea7176-c858-43e5-a97c-b2cb252135b5,False,9,9.0,3,3,3,3,3,143,153,43,0
T1,account:94fba5dd-a12d-4743-be7e-97ed75d6617f,94fba5dd-a12d-4743-be7e-97ed75d6617f,False,9,9.0,3,3,3,3,3,154,162,38,0
T1,account:1889fd05-c353-446c-9838-eb2b1d08ff75,1889fd05-c353-446c-9838-eb2b1d08ff75,False,6,6.0,2,2,2,2,2,116,119,55,0
T1,account:22460400-8da9-4fb4-90a0-b360582e5af2,22460400-8da9-4fb4-90a0-b360582e5af2,False,6,6.0,2,2,2,2,2,126,128,38,0
T1,account:b52eca13-6888-4693-b4dc-8aa3dac550c4,b52eca13-6888-4693-b4dc-8aa3dac550c4,False,18,18.0,6,6,6,6,6,301,323,55,0
T1,account:83c2106e-59ad-40d8-9341-ecbefc6445ce,83c2106e-59ad-40d8-9341-ecbefc6445ce,False,24,24.0,8,8,8,8,8,385,431,8,0
T1,account:d65504bf-8c1a-41e6-8eb6-940671128b4a,d65504bf-8c1a-41e6-8eb6-940671128b4a,False,6,6.0,2,2,2,2,2,106,109,8,0
T1,account:2163866c-3006-47eb-9c35-bcb822dc35d3,2163866c-3006-47eb-9c35-bcb822dc35d3,False,3,3.0,1,1,1,1,1,52,53,8,0
T1,account:e0f2a5e2-8c67-436d-ba24-92c0df060ab1,e0f2a5e2-8c67-436d-ba24-92c0df060ab1,False,18,18.0,6,6,6,6,6,294,321,48,0
T1,account:6ed9ba30-a5f8-466b-8ce0-2f97397dc7ac,6ed9ba30-a5f8-466b-8ce0-2f97397dc7ac,False,6,6.0,2,2,2,2,2,92,96,73,0
T1,account:1674f418-a7f0-400a-af4c-24081700a831,1674f418-a7f0-400a-af4c-24081700a831,False,6,6.0,2,2,2,2,2,108,112,12,0
T1,account:05224080-28c2-4975-ab74-a7782acb3bee,05224080-28c2-4975-ab74-a7782acb3bee,False,3,3.0,1,1,1,1,1,55,57,48,0
T1,account:e8050d12-2b79-42e5-85df-739dd7d9f94a,e8050d12-2b79-42e5-85df-739dd7d9f94a,False,0,0.0,0,0,0,0,0,0,0,40,35
T1,account:d24bbe33-fc31-4f10-97c2-95e4cee99424,d24bbe33-fc31-4f10-97c2-95e4cee99424,False,12,12.0,4,4,4,4,4,206,221,54,0
T1,account:1e9ed916-3d45-4b5c-a78d-545175834335,1e9ed916-3d45-4b5c-a78d-545175834335,False,12,12.0,4,4,4,4,4,206,218,36,0
T1,account:e1875032-6741-4056-a763-ec18ca5810fe,e1875032-6741-4056-a763-ec18ca5810fe,False,21,21.0,7,7,7,7,7,303,340,54,0
T1,account:16c561fd-9ef6-4566-a7a1-7dabbcafa45d,16c561fd-9ef6-4566-a7a1-7dabbcafa45d,False,9,9.0,3,3,3,3,3,147,152,73,0
T1,account:7bdb1214-0875-4666-89a0-f107daff7e38,7bdb1214-0875-4666-89a0-f107daff7e38,False,6,6.0,2,2,2,2,2,94,97,18,0
T1,account:f066b4e5-de64-4d62-85af-5006415bb246,f066b4e5-de64-4d62-85af-5006415bb246,False,21,21.0,7,7,7,7,7,323,359,43,0
T1,account:cb322e86-0fc5-4543-9f4f-8bdc33424b38,cb322e86-0fc5-4543-9f4f-8bdc33424b38,False,15,15.0,5,5,5,5,5,248,267,48,0
T1,account:759899ce-531d-49cd-80cc-b2364687e1f0,759899ce-531d-49cd-80cc-b2364687e1f0,False,12,12.0,4,4,4,4,4,234,246,25,0
T1,account:9453db6e-47eb-4e48-a47a-f11d4466646c,9453db6e-47eb-4e48-a47a-f11d4466646c,False,9,9.0,3,3,3,3,3,155,164,62,0
T1,account:253a7411-17d5-4325-808b-29cfc77f46a3,253a7411-17d5-4325-808b-29cfc77f46a3,False,9,9.0,3,3,3,3,3,163,165,42,0
T1,account:401d16a8-7636-4e07-a41b-d6e35410356d,401d16a8-7636-4e07-a41b-d6e35410356d,False,12,12.0,4,4,4,4,4,205,216,38,0
T1,account:37395ff1-0606-42a4-ae42-973d3f60a1cf,37395ff1-0606-42a4-ae42-973d3f60a1cf,False,12,12.0,4,4,4,4,4,205,219,38,0
T1,account:1086efe8-d4a7-48ca-8ab2-3c03ac5c6f5f,1086efe8-d4a7-48ca-8ab2-3c03ac5c6f5f,False,18,18.0,6,6,6,6,6,262,282,48,0
T1,account:11fb547a-c58c-4fae-944d-8657f510d49f,11fb547a-c58c-4fae-944d-8657f510d49f,False,8,9.0,2,3,3,2,3,155,160,12,0
T1,account:9c861aaf-5c9a-4162-935f-54ef653b63dc,9c861aaf-5c9a-4162-935f-54ef653b63dc,False,18,18.0,6,6,6,6,6,310,345,42,0
T1,account:02f26e28-73c5-4fe6-9b2e-e58ab06cacb6,02f26e28-73c5-4fe6-9b2e-e58ab06cacb6,False,6,6.0,2,2,2,2,2,106,107,25,0
T1,account:a2137724-98b4-40f4-a4f5-77b66cb8bdcd,a2137724-98b4-40f4-a4f5-77b66cb8bdcd,False,15,15.0,5,5,5,5,5,275,299,18,0
T1,account:39223c67-e463-4b76-a09a-0753745c03b4,39223c67-e463-4b76-a09a-0753745c03b4,False,6,6.0,2,2,2,2,2,106,109,55,0
T1,account:ebfbeaa7-32e2-480b-a886-133d8996ca25,ebfbeaa7-32e2-480b-a886-133d8996ca25,False,11,12.0,4,4,3,4,4,178,188,25,0
T1,account:51135815-ac52-4208-a6b5-002b3b67c7a8,51135815-ac52-4208-a6b5-002b3b67c7a8,False,6,6.0,2,2,2,2,2,91,94,54,0
T1,account:42722265-e950-41bd-9b6c-268d7bfda9b4,42722265-e950-41bd-9b6c-268d7bfda9b4,False,18,18.0,6,6,6,6,6,286,315,25,0
T1,account:861f70c6-7e7e-45e0-ad7b-fec64e6c53a1,861f70c6-7e7e-45e0-ad7b-fec64e6c53a1,False,15,15.0,5,5,5,5,5,250,270,54,0
T1,account:b41f91f5-7442-4cec-9645-b74ade7a0ec8,b41f91f5-7442-4cec-9645-b74ade7a0ec8,False,6,6.0,2,2,2,2,2,99,101,42,0
T1,account:f2a1eb97-da56-42db-a0f3-f6c601c979e3,f2a1eb97-da56-42db-a0f3-f6c601c979e3,False,15,15.0,5,5,5,5,5,245,268,43,0
T1,account:ba2ab138-98b9-4cbb-94bc-a1ef598ebd85,ba2ab138-98b9-4cbb-94bc-a1ef598ebd85,False,9,9.0,3,3,3,3,3,135,141,54,0
T1,account:57341e50-433c-40a8-b841-44e811f1cd6e,57341e50-433c-40a8-b841-44e811f1cd6e,False,3,3.0,1,1,1,1,1,44,45,36,0
T1,account:eb9a691d-f0b9-497c-83a8-4cc066dd505e,eb9a691d-f0b9-497c-83a8-4cc066dd505e,False,24,24.0,8,8,8,8,8,374,410,36,0
T1,account:766ac015-acd5-4b32-bae3-166894ca815d,766ac015-acd5-4b32-bae3-166894ca815d,False,9,9.0,3,3,3,3,3,132,138,55,0
T1,account:c3e9a66c-dbef-4ea1-9209-3cc5a983ff2d,c3e9a66c-dbef-4ea1-9209-3cc5a983ff2d,False,12,12.0,4,4,4,4,4,198,209,38,0
T1,account:5ae7521a-aec4-4346-9140-6c4632ac519f,5ae7521a-aec4-4346-9140-6c4632ac519f,False,6,6.0,2,2,2,2,2,101,102,54,0
T1,account:50e03693-2e75-4ab0-8032-40b305c0cb36,50e03693-2e75-4ab0-8032-40b305c0cb36,False,12,12.0,4,4,4,4,4,190,205,8,0
T1,account:00fa1670-6e59-4af2-b242-2f05628fcbfb,00fa1670-6e59-4af2-b242-2f05628fcbfb,False,15,15.0,5,5,5,5,5,242,254,38,0
T1,account:34ab5ad7-c96c-492d-b125-8954c1540868,34ab5ad7-c96c-492d-b125-8954c1540868,False,9,9.0,3,3,3,3,3,135,140,55,0
T1,account:3fd1c767-6402-488f-877c-95fdf918accf,3fd1c767-6402-488f-877c-95fdf918accf,False,3,3.0,1,1,1,1,1,55,57,8,0
T1,account:c036bb31-7ce3-4e1b-9ae1-8dedbad47ac7,c036bb31-7ce3-4e1b-9ae1-8dedbad47ac7,False,21,21.0,7,7,7,7,7,327,359,73,0
T1,account:a0550c6a-62a9-4231-b211-ba0e66b4a4f9,a0550c6a-62a9-4231-b211-ba0e66b4a4f9,False,9,9.0,3,3,3,3,3,155,163,25,0
T1,account:f5718cd8-6881-4f5e-b4cc-905bc4afac1a,f5718cd8-6881-4f5e-b4cc-905bc4afac1a,False,6,6.0,2,2,2,2,2,102,106,38,0
T1,account:956b6dbd-4376-4b3d-9d77-8df442a0d68b,956b6dbd-4376-4b3d-9d77-8df442a0d68b,False,6,6.0,2,2,2,2,2,104,106,43,0
T1,account:ea720bb3-8555-4b9c-aa94-968be99c1397,ea720bb3-8555-4b9c-aa94-968be99c1397,False,15,15.0,5,5,5,5,5,241,260,48,0
T1,account:3d8dceed-807d-4db3-a195-63c753b0123f,3d8dceed-807d-4db3-a195-63c753b0123f,False,9,9.0,3,3,3,3,3,163,171,18,0
T1,account:46f689d8-179c-456d-89cf-e824434c8ad6,46f689d8-179c-456d-89cf-e824434c8ad6,False,15,15.0,5,5,5,5,5,248,267,25,0
T1,account:01de7f3f-7752-4af5-8d02-449508f05490,01de7f3f-7752-4af5-8d02-449508f05490,False,21,21.0,7,7,7,7,7,374,425,70,0
T1,account:12737902-1426-487f-80f0-9bf716c1671a,12737902-1426-487f-80f0-9bf716c1671a,False,21,21.0,7,7,7,7,7,348,385,73,0
T1,account:64d854b1-a7a4-41d0-85a5-9ae34c8718af,64d854b1-a7a4-41d0-85a5-9ae34c8718af,False,12,12.0,4,4,4,4,4,216,227,18,0
T1,account:19930f96-cf44-4156-96b4-00575ab2cf6b,19930f96-cf44-4156-96b4-00575ab2cf6b,False,6,6.0,2,2,2,2,2,128,130,8,0
T1,account:6b78b058-0076-4c8d-b202-c70b71e48e59,6b78b058-0076-4c8d-b202-c70b71e48e59,False,12,12.0,4,4,4,4,4,196,206,38,0
T1,account:22be3171-4577-4f30-9d02-160bf30133e6,22be3171-4577-4f30-9d02-160bf30133e6,False,3,3.0,1,1,1,1,1,54,55,38,0
T1,account:02553872-fa02-4f03-85f3-af8f46a80e87,02553872-fa02-4f03-85f3-af8f46a80e87,False,12,12.0,4,4,4,4,4,236,247,73,0
T1,account:1f843739-9314-4999-bf0a-ec8f1e8af1fe,1f843739-9314-4999-bf0a-ec8f1e8af1fe,False,9,9.0,3,3,3,3,3,154,162,12,0
T1,account:bea2beb0-41da-4672-a930-e7319b3a0a10,bea2beb0-41da-4672-a930-e7319b3a0a10,False,3,3.0,1,1,1,1,1,57,57,25,0
T1,account:49aa38ca-54d7-4fcb-87c2-be3804bb283e,49aa38ca-54d7-4fcb-87c2-be3804bb283e,False,6,6.0,2,2,2,2,2,91,92,43,0
T1,account:96af7f76-2e9c-49e1-aa52-fb78649d7539,96af7f76-2e9c-49e1-aa52-fb78649d7539,False,3,3.0,1,1,1,1,1,58,59,55,0
T1,account:d59b8712-04cb-4d86-b5b5-b57159baed4e,d59b8712-04cb-4d86-b5b5-b57159baed4e,False,9,9.0,3,3,3,3,3,167,175,8,0
T1,account:d3719f27-3a65-4061-894d-b961f9794a1a,d3719f27-3a65-4061-894d-b961f9794a1a,False,12,12.0,4,4,4,4,4,206,223,43,0
T1,account:b85ef7f8-596f-4ff7-b5c7-203002c83ffd,b85ef7f8-596f-4ff7-b5c7-203002c83ffd,False,6,6.0,2,2,2,2,2,102,104,54,0
T1,account:29bdc2d8-54bf-43cb-843c-3bf08c05c63c,29bdc2d8-54bf-43cb-843c-3bf08c05c63c,False,12,12.0,4,4,4,4,4,228,237,70,0
T1,account:df4c71ee-3c91-4d2e-8c52-f8bbc3b4c710,df4c71ee-3c91-4d2e-8c52-f8bbc3b4c710,False,9,9.0,3,3,3,3,3,147,156,38,0
T1,account:0172014e-7c63-4959-bbbd-025148e3cec5,0172014e-7c63-4959-bbbd-025148e3cec5,False,12,12.0,4,4,4,4,4,221,240,43,0
T1,account:64939ca3-82f6-4105-806c-6f75c9fcdc99,64939ca3-82f6-4105-806c-6f75c9fcdc99,False,12,12.0,4,4,4,4,4,211,225,25,0
T1,account:c5a1667f-63f6-4789-8e54-362d2c3c2e94,c5a1667f-63f6-4789-8e54-362d2c3c2e94,False,9,9.0,3,3,3,3,3,173,184,8,0
T1,account:4faae610-c2c9-4ba2-b8db-7dffa89b3036,4faae610-c2c9-4ba2-b8db-7dffa89b3036,False,9,9.0,3,3,3,3,3,158,163,54,0
T1,account:4f49c9f8-6bcd-4a15-946d-d4d64705470a,4f49c9f8-6bcd-4a15-946d-d4d64705470a,False,3,3.0,1,1,1,1,1,49,49,25,0
T1,account:93dd87cb-1b3c-42f6-a5ba-039d8a7e27f2,93dd87cb-1b3c-42f6-a5ba-039d8a7e27f2,False,24,24.0,8,8,8,8,8,348,388,38,0
T1,account:a1ee1ec7-a853-4202-92c7-64eda6eeffc1,a1ee1ec7-a853-4202-92c7-64eda6eeffc1,False,15,15.0,5,5,5,5,5,247,257,62,0
T1,account:a8682acb-2980-47e2-ab08-0df3804745e7,a8682acb-2980-47e2-ab08-0df3804745e7,False,0,0.0,0,0,0,0,0,0,0,41,36
T1,account:ad3ae8a8-086c-429f-920b-3d686892ef18,ad3ae8a8-086c-429f-920b-3d686892ef18,False,12,12.0,4,4,4,4,4,203,218,48,0
T1,account:3c79e74d-0569-4b73-a41d-775c828ad439,3c79e74d-0569-4b73-a41d-775c828ad439,False,12,12.0,4,4,4,4,4,227,234,70,0
T1,account:a0db5e5b-57a5-409b-ad64-c637ac528981,a0db5e5b-57a5-409b-ad64-c637ac528981,False,9,9.0,3,3,3,3,3,143,155,18,0
T1,account:a2b3d3b2-2dc4-406f-86fd-33c320b85baf,a2b3d3b2-2dc4-406f-86fd-33c320b85baf,False,15,15.0,5,5,5,5,5,235,251,38,0
T1,account:f04e271c-cf84-4b58-b285-2ffe9e43ba00,f04e271c-cf84-4b58-b285-2ffe9e43ba00,False,9,9.0,3,3,3,3,3,149,151,54,0
T1,account:e39bcfa9-6f50-4da5-b3c5-e71f493e7481,e39bcfa9-6f50-4da5-b3c5-e71f493e7481,False,9,9.0,3,3,3,3,3,155,164,54,0
T1,account:ef5163a1-e404-401b-99d9-28df6b064d76,ef5163a1-e404-401b-99d9-28df6b064d76,False,9,9.0,3,3,3,3,3,155,162,25,0
T1,account:b704c6e4-29fd-4272-b196-486245938c1d,b704c6e4-29fd-4272-b196-486245938c1d,False,6,6.0,2,2,2,2,2,96,97,12,0
T1,account:c0826a84-9eaf-4103-904a-65bd416e6144,c0826a84-9eaf-4103-904a-65bd416e6144,False,12,12.0,4,4,4,4,4,204,213,18,0
T1,account:9798d422-db74-4a43-a2b9-db3d996a7fbf,9798d422-db74-4a43-a2b9-db3d996a7fbf,False,6,6.0,2,2,2,2,2,101,103,12,0
T1,account:5b9249bf-afa7-4321-ad8b-b1abd029f13d,5b9249bf-afa7-4321-ad8b-b1abd029f13d,False,3,3.0,1,1,1,1,1,51,51,8,0
T1,account:33614897-28b2-413d-bffb-8e4c269d74c7,33614897-28b2-413d-bffb-8e4c269d74c7,False,3,3.0,1,1,1,1,1,51,51,12,0
T1,account:7d1716dc-9aef-46b6-abe5-1ab4460948be,7d1716dc-9aef-46b6-abe5-1ab4460948be,False,12,12.0,4,4,4,4,4,188,198,48,0
T1,account:b6d5cef5-2cf3-4189-add7-081e178e28b7,b6d5cef5-2cf3-4189-add7-081e178e28b7,False,3,3.0,1,1,1,1,1,49,49,12,0
T1,account:2ea21bdf-34e5-4648-936e-346025357083,2ea21bdf-34e5-4648-936e-346025357083,False,6,6.0,2,2,2,2,2,110,113,38,0
T1,account:ba33956c-9fb9-4e5e-8a77-48ed9c9e7f33,ba33956c-9fb9-4e5e-8a77-48ed9c9e7f33,False,6,6.0,2,2,2,2,2,118,126,36,0
T1,account:235b6fd1-6812-4192-936f-c6310af41725,235b6fd1-6812-4192-936f-c6310af41725,False,12,12.0,4,4,4,4,4,205,214,73,0
T1,account:964de035-4764-4a97-9695-af8c30c6ac20,964de035-4764-4a97-9695-af8c30c6ac20,False,9,9.0,3,3,3,3,3,161,166,12,0
T1,account:385c4b00-f042-4288-8222-df3592ef8ede,385c4b00-f042-4288-8222-df3592ef8ede,False,15,15.0,5,5,5,5,5,267,280,8,0
T1,account:612d7a64-5a07-4148-9071-079a4bf583be,612d7a64-5a07-4148-9071-079a4bf583be,False,6,6.0,2,2,2,2,2,101,102,38,0
T1,account:48352e4e-b229-47fa-876c-0f64a98f29aa,48352e4e-b229-47fa-876c-0f64a98f29aa,False,18,18.0,6,6,6,6,6,289,304,62,0
T1,account:ae19c256-743c-450f-9739-8d123992cbda,ae19c256-743c-450f-9739-8d123992cbda,False,9,9.0,3,3,3,3,3,162,167,12,0
T1,account:2d17c720-046f-41b7-87d5-b7a8a5a79d3c,2d17c720-046f-41b7-87d5-b7a8a5a79d3c,False,3,3.0,1,1,1,1,1,61,62,54,0
T1,account:f57d4770-f7f3-4149-b11e-8e91eec0fd84,f57d4770-f7f3-4149-b11e-8e91eec0fd84,False,3,3.0,1,1,1,1,1,50,51,48,0
T1,account:2633902d-0b6e-4b13-95a9-174e449807dc,2633902d-0b6e-4b13-95a9-174e449807dc,False,17,18.0,5,6,6,5,6,286,306,70,0
T1,account:633ae10b-e62e-49c7-861a-ecef28a4f636,633ae10b-e62e-49c7-861a-ecef28a4f636,False,6,6.0,2,2,2,2,2,98,99,73,0
T1,account:6d03c560-8fca-4084-959b-94e181881109,6d03c560-8fca-4084-959b-94e181881109,False,12,12.0,4,4,4,4,4,225,237,54,0
T1,account:17f19004-0dc5-408b-9c69-16017a617f45,17f19004-0dc5-408b-9c69-16017a617f45,False,3,3.0,1,1,1,1,1,48,49,43,0
T1,account:8cbae91c-9a12-4e62-a4c2-24e42e1d6b0e,8cbae91c-9a12-4e62-a4c2-24e42e1d6b0e,False,9,9.0,3,3,3,3,3,153,160,38,0
T1,account:a1e77020-d88b-4d3a-bc5a-1a327f6e35da,a1e77020-d88b-4d3a-bc5a-1a327f6e35da,False,9,9.0,3,3,3,3,3,140,144,55,0
T1,account:a1fcaf11-38de-4c6b-a19d-c2f241155d53,a1fcaf11-38de-4c6b-a19d-c2f241155d53,False,3,3.0,1,1,1,1,1,53,53,43,0
T1,account:f112dfa6-a628-47bd-8182-bc7eb6fcb75e,f112dfa6-a628-47bd-8182-bc7eb6fcb75e,False,3,3.0,1,1,1,1,1,62,62,12,0
T1,account:65a6b14a-ccd3-4c9c-94bb-e0069a2caf79,65a6b14a-ccd3-4c9c-94bb-e0069a2caf79,False,9,9.0,3,3,3,3,3,132,142,42,0
T1,account:f201c5d6-9db5-4085-bf57-65d32d38b4b3,f201c5d6-9db5-4085-bf57-65d32d38b4b3,False,6,6.0,2,2,2,2,2,102,104,36,0
T1,account:4a3a789d-8597-4ee0-a5bf-e9b51722c343,4a3a789d-8597-4ee0-a5bf-e9b51722c343,False,9,9.0,3,3,3,3,3,158,167,25,0
T1,account:26981a40-3ab7-4263-838e-58263d7892cc,26981a40-3ab7-4263-838e-58263d7892cc,False,9,9.0,3,3,3,3,3,160,161,8,0
T1,account:0bce87f1-e384-4e6c-a2bb-fba3454e48d1,0bce87f1-e384-4e6c-a2bb-fba3454e48d1,False,21,21.0,7,7,7,7,7,318,353,54,0
T1,account:f0a43f90-a956-462f-b0d5-5813cfd65f93,f0a43f90-a956-462f-b0d5-5813cfd65f93,False,9,9.0,3,3,3,3,3,154,157,73,0
T1,account:c2b42939-0199-4919-b040-84787a5cc842,c2b42939-0199-4919-b040-84787a5cc842,False,9,9.0,3,3,3,3,3,151,156,43,0
T1,account:09675970-accb-4352-8451-20a66a1a4c38,09675970-accb-4352-8451-20a66a1a4c38,False,3,3.0,1,1,1,1,1,42,42,38,0
T1,account:76cd35c7-be95-4b26-ad45-ddd2a881eab3,76cd35c7-be95-4b26-ad45-ddd2a881eab3,False,24,24.0,8,8,8,8,8,404,458,8,0
T1,account:c7069ba3-c576-4394-866f-8589847d3acf,c7069ba3-c576-4394-866f-8589847d3acf,False,9,9.0,3,3,3,3,3,174,190,43,0
T1,account:318db7f7-5f9b-4095-9321-79f87919d4bc,318db7f7-5f9b-4095-9321-79f87919d4bc,False,0,0.0,0,0,0,0,0,0,0,44,37
T1,account:f44718bd-446a-4c2f-8f72-2204526149e2,f44718bd-446a-4c2f-8f72-2204526149e2,False,12,12.0,4,4,4,4,4,210,218,12,0
T1,account:a82d6447-847f-4d2f-9179-cbe85e16cb5c,a82d6447-847f-4d2f-9179-cbe85e16cb5c,False,9,9.0,3,3,3,3,3,185,195,8,0
T1,account:afd404da-bb4f-4a78-bce7-92c9936ac13a,afd404da-bb4f-4a78-bce7-92c9936ac13a,False,15,15.0,5,5,5,5,5,229,248,38,0
T1,account:c8c54968-4f78-47dd-841a-7b8e93445173,c8c54968-4f78-47dd-841a-7b8e93445173,False,27,27.0,9,9,9,9,9,407,469,54,0
T1,account:83769937-3e9c-44ad-a76f-8989140f5892,83769937-3e9c-44ad-a76f-8989140f5892,False,9,9.0,3,3,3,3,3,137,144,12,0
T1,account:48aa6aa9-c38b-4b93-a420-bfc5710137c4,48aa6aa9-c38b-4b93-a420-bfc5710137c4,False,12,12.0,4,4,4,4,4,217,222,12,0
T1,account:1cc951fd-2474-4d37-8f7a-655a86157542,1cc951fd-2474-4d37-8f7a-655a86157542,False,15,15.0,5,5,5,5,5,258,275,12,0
T1,account:4879d189-fa44-4164-a76e-29495d13c4bf,4879d189-fa44-4164-a76e-29495d13c4bf,False,18,18.0,6,6,6,6,6,291,310,54,0
T1,account:d631478d-baba-45b9-a2f5-2f826b6fb1d3,d631478d-baba-45b9-a2f5-2f826b6fb1d3,False,6,6.0,2,2,2,2,2,91,96,43,0
T1,account:7171f748-db07-417d-9ee4-5a5acec6ef50,7171f748-db07-417d-9ee4-5a5acec6ef50,False,9,9.0,3,3,3,3,3,155,161,54,0
T1,account:c7a4d53d-11a0-4f55-8626-6d28b0b57337,c7a4d53d-11a0-4f55-8626-6d28b0b57337,False,12,12.0,4,4,4,4,4,195,206,62,0
T1,account:1c4ae8e6-b545-42a2-a5bb-77737e500b4d,1c4ae8e6-b545-42a2-a5bb-77737e500b4d,False,15,15.0,5,5,5,5,5,229,246,12,0
T1,account:298ed0d6-7684-4a3c-ad3e-49192259b3b1,298ed0d6-7684-4a3c-ad3e-49192259b3b1,False,3,3.0,1,1,1,1,1,54,54,48,0
T1,account:4df05701-b5c5-462c-ae14-e656e9d1d113,4df05701-b5c5-462c-ae14-e656e9d1d113,False,6,6.0,2,2,2,2,2,108,111,73,0
T1,account:01430a90-b8fd-44c3-ae61-f569ef410e84,01430a90-b8fd-44c3-ae61-f569ef410e84,False,9,9.0,3,3,3,3,3,163,168,73,0
T1,account:1277c0d6-56e8-4c15-abde-d41c7737d217,1277c0d6-56e8-4c15-abde-d41c7737d217,False,6,6.0,2,2,2,2,2,102,104,12,0
T1,account:85c858bc-2c86-4109-a81d-e5437c9b125f,85c858bc-2c86-4109-a81d-e5437c9b125f,False,15,15.0,5,5,5,5,5,263,282,8,0
T1,account:1e50a422-93b7-43d4-ad5f-3419be13d1b4,1e50a422-93b7-43d4-ad5f-3419be13d1b4,False,15,15.0,5,5,5,5,5,259,274,70,0
T1,account:476a24d4-8bfe-4334-80fe-94ab2a633da5,476a24d4-8bfe-4334-80fe-94ab2a633da5,False,6,6.0,2,2,2,2,2,87,92,38,0
T1,account:efa9e8cd-42fe-4a4b-bee7-25f43e0931bc,efa9e8cd-42fe-4a4b-bee7-25f43e0931bc,False,9,9.0,3,3,3,3,3,163,172,38,0
T1,account:4b546a02-096a-4818-80ab-01481b0f5473,4b546a02-096a-4818-80ab-01481b0f5473,False,6,6.0,2,2,2,2,2,84,87,36,0
T1,account:279bd72a-c093-425a-ab5f-283f60d39efd,279bd72a-c093-425a-ab5f-283f60d39efd,False,12,12.0,4,4,4,4,4,206,221,12,0
T1,account:30dfd381-f990-4d69-a809-165fd42e4ecc,30dfd381-f990-4d69-a809-165fd42e4ecc,False,12,12.0,4,4,4,4,4,212,221,54,0
T1,account:f1040c83-2448-469b-ab35-2809fb6ed44a,f1040c83-2448-469b-ab35-2809fb6ed44a,False,9,9.0,3,3,3,3,3,183,190,25,0
T1,account:7496dedb-89ac-4675-9adf-449d44ab4469,7496dedb-89ac-4675-9adf-449d44ab4469,False,9,9.0,3,3,3,3,3,174,178,38,0
T1,account:366306cd-b059-4f82-b178-1f7ba7c6f0a7,366306cd-b059-4f82-b178-1f7ba7c6f0a7,False,6,6.0,2,2,2,2,2,107,109,48,0
T1,account:0b693767-5d0e-4edd-b0f2-3f5fdfd52edd,0b693767-5d0e-4edd-b0f2-3f5fdfd52edd,False,0,0.0,0,0,0,0,0,0,0,45,38
T1,account:f00f9ade-3106-4c71-8c52-09be4d391041,f00f9ade-3106-4c71-8c52-09be4d391041,False,9,9.0,3,3,3,3,3,163,171,55,0
T1,account:727212b4-9ec0-4556-93fb-911bf17ee88a,727212b4-9ec0-4556-93fb-911bf17ee88a,False,9,9.0,3,3,3,3,3,151,157,38,0
T1,account:8c5963be-d476-4a06-be83-f5c833f63c5f,8c5963be-d476-4a06-be83-f5c833f63c5f,False,6,6.0,2,2,2,2,2,109,112,8,0
T1,account:039e3f0f-bf89-44fc-9c60-a9bf961d6426,039e3f0f-bf89-44fc-9c60-a9bf961d6426,False,15,15.0,5,5,5,5,5,247,272,62,0
T1,account:02d6fcbd-fc9a-48d0-b4f0-6298ca4c9c8e,02d6fcbd-fc9a-48d0-b4f0-6298ca4c9c8e,False,9,9.0,3,3,3,3,3,172,179,36,0
T1,account:009662a1-e80e-4432-9e59-b1cf54bd981e,009662a1-e80e-4432-9e59-b1cf54bd981e,False,15,15.0,5,5,5,5,5,245,264,38,0
T1,account:e507ae74-1200-472a-8584-240414c48bed,e507ae74-1200-472a-8584-240414c48bed,False,12,12.0,4,4,4,4,4,197,212,42,0
T1,account:7058c674-4a14-426b-854f-14910439fb52,7058c674-4a14-426b-854f-14910439fb52,False,15,15.0,5,5,5,5,5,239,262,55,0
T1,account:50bbcee2-3b67-4217-b272-7185de582f63,50bbcee2-3b67-4217-b272-7185de582f63,False,6,6.0,2,2,2,2,2,104,105,25,0
T1,account:e7ba70d7-dd54-413c-b96e-b0cedf9bd951,e7ba70d7-dd54-413c-b96e-b0cedf9bd951,False,6,6.0,2,2,2,2,2,114,117,55,0
T1,account:e19b649d-930e-4a6e-8e55-afa421d7fc75,e19b649d-930e-4a6e-8e55-afa421d7fc75,False,6,6.0,2,2,2,2,2,99,101,42,0
T1,account:0aa97f47-84a9-4af4-928a-b1b89733c425,0aa97f47-84a9-4af4-928a-b1b89733c425,False,21,21.0,7,7,7,7,7,334,373,48,0
T1,account:fe2c6744-1e3f-426c-883b-49b2ca04bd82,fe2c6744-1e3f-426c-883b-49b2ca04bd82,False,6,6.0,2,2,2,2,2,108,111,38,0
T1,account:73cb63a3-253c-4e77-af01-5ab6f0e15d31,73cb63a3-253c-4e77-af01-5ab6f0e15d31,False,12,12.0,4,4,4,4,4,202,212,38,0
T1,account:2a15594b-91a7-477a-8de4-743e4d55924f,2a15594b-91a7-477a-8de4-743e4d55924f,False,15,15.0,5,5,5,5,5,239,254,48,0
T1,account:00352434-f97f-465a-9196-b8cca471e99c,00352434-f97f-465a-9196-b8cca471e99c,False,6,6.0,2,2,2,2,2,108,110,12,0
T1,account:a1c25086-7df2-40f5-b055-9ae9b731b2c0,a1c25086-7df2-40f5-b055-9ae9b731b2c0,False,9,9.0,3,3,3,3,3,154,162,38,0
T1,account:2d53a575-403b-4682-8e7d-5c5366595418,2d53a575-403b-4682-8e7d-5c5366595418,False,18,18.0,6,6,6,6,6,279,299,48,0
T1,account:e67c5536-7659-4c10-ae48-6acf2edde613,e67c5536-7659-4c10-ae48-6acf2edde613,False,12,12.0,4,4,4,4,4,188,196,36,0
T1,account:b41635f8-46d8-4d32-b271-033bfbc030e1,b41635f8-46d8-4d32-b271-033bfbc030e1,False,6,6.0,2,2,2,2,2,94,98,48,0
T1,account:d363721f-55ca-4634-9a39-c587e088caeb,d363721f-55ca-4634-9a39-c587e088caeb,False,12,12.0,4,4,4,4,4,219,231,38,0
T1,account:f7b3f46f-4bbd-43f1-b97b-25cef465dc56,f7b3f46f-4bbd-43f1-b97b-25cef465dc56,False,18,18.0,6,6,6,6,6,283,306,54,0
T1,account:39be437c-a451-4f2f-86a6-a0bf625cf73e,39be437c-a451-4f2f-86a6-a0bf625cf73e,False,3,3.0,1,1,1,1,1,45,46,73,0
T1,account:895dab17-4a08-435e-928b-e15bfe4cedbb,895dab17-4a08-435e-928b-e15bfe4cedbb,False,9,9.0,3,3,3,3,3,155,165,8,0
T1,account:f468be63-749a-4ac4-affb-c2282abbc26a,f468be63-749a-4ac4-affb-c2282abbc26a,False,18,18.0,6,6,6,6,5,327,352,8,0
T1,account:a0ae60bf-f234-438d-87f0-a83ff9e74438,a0ae60bf-f234-438d-87f0-a83ff9e74438,False,3,3.0,1,1,1,1,1,61,61,54,0
T1,account:6581e9b2-e75e-4140-84f7-0bafc18e4d31,6581e9b2-e75e-4140-84f7-0bafc18e4d31,False,6,6.0,2,2,2,2,2,100,100,48,0
T1,account:fc4c3bde-37bd-413b-ae39-ba1fdcb61b99,fc4c3bde-37bd-413b-ae39-ba1fdcb61b99,False,9,9.0,3,3,3,3,3,151,157,42,0
T1,account:d39c53c9-50b4-47b7-a08c-17bc6b8332be,d39c53c9-50b4-47b7-a08c-17bc6b8332be,False,18,18.0,6,6,6,6,6,294,329,18,0
T1,account:1e3fed3f-0533-47dc-83a8-6c18a58fac52,1e3fed3f-0533-47dc-83a8-6c18a58fac52,False,23,24.0,8,8,7,8,8,357,395,48,0
T1,account:35a826f9-c6c9-4bec-b8f8-dd672af83b5d,35a826f9-c6c9-4bec-b8f8-dd672af83b5d,False,3,3.0,1,1,1,1,1,49,49,48,0
T1,account:1c28afa8-4dbf-4f4c-b207-2d173881fdf9,1c28afa8-4dbf-4f4c-b207-2d173881fdf9,False,12,12.0,4,4,4,4,4,193,204,48,0
T1,account:6f8672ba-37a1-4ea7-be2a-672ffcefd04b,6f8672ba-37a1-4ea7-be2a-672ffcefd04b,False,3,3.0,1,1,1,1,1,51,51,12,0
T1,account:d81fec50-0491-40b0-9592-3ef541df751a,d81fec50-0491-40b0-9592-3ef541df751a,False,6,6.0,2,2,2,2,2,112,116,43,0
T1,account:112bc968-e1d6-4037-8b2c-96c7a4002af6,112bc968-e1d6-4037-8b2c-96c7a4002af6,False,3,3.0,1,1,1,1,1,60,61,43,0
T1,account:546f50a6-b25f-4acc-a5ae-715cf84e7edf,546f50a6-b25f-4acc-a5ae-715cf84e7edf,False,12,12.0,4,4,4,4,4,209,221,48,0
T1,account:694a21a9-bcc2-4a17-95fa-56775d8fc57d,694a21a9-bcc2-4a17-95fa-56775d8fc57d,False,26,27.0,9,9,8,9,9,418,468,8,0
T1,account:388cd025-adab-4082-baa1-5a0756365e0b,388cd025-adab-4082-baa1-5a0756365e0b,False,6,6.0,2,2,2,2,2,94,95,62,0
T1,account:3853898f-5fba-4085-ad72-18720f06fca3,3853898f-5fba-4085-ad72-18720f06fca3,False,6,6.0,2,2,2,2,2,94,96,54,0
T1,account:49a7dc6d-cb57-472f-aa6e-215def4521b8,49a7dc6d-cb57-472f-aa6e-215def4521b8,False,9,9.0,3,3,3,3,3,161,166,55,0
T1,account:f24b953f-6238-4661-a10e-729f078f4295,f24b953f-6238-4661-a10e-729f078f4295,False,3,3.0,1,1,1,1,1,49,50,62,0
T1,account:ce2ebdfc-218b-4b9f-b8b0-2c5bc6efeeaf,ce2ebdfc-218b-4b9f-b8b0-2c5bc6efeeaf,False,3,3.0,1,1,1,1,1,50,51,54,0
T1,account:c5caa84a-2700-4313-8244-16f569facb91,c5caa84a-2700-4313-8244-16f569facb91,False,3,3.0,1,1,1,1,1,51,51,73,0
T1,account:84907130-c64f-4964-a86f-ca83be396286,84907130-c64f-4964-a86f-ca83be396286,False,9,9.0,3,3,3,3,3,170,172,73,0
T1,account:bb4ae2a9-2fc4-40af-9eb3-1066588fed87,bb4ae2a9-2fc4-40af-9eb3-1066588fed87,False,18,18.0,6,6,6,6,6,322,349,36,0
T1,account:ea944656-2d88-4266-b606-742197e6ff22,ea944656-2d88-4266-b606-742197e6ff22,False,0,0.0,0,0,0,0,0,0,0,46,39
T1,account:66863042-fdc0-43f1-9c3c-89d6ce184505,66863042-fdc0-43f1-9c3c-89d6ce184505,False,6,6.0,2,2,2,2,2,110,116,54,0
T1,account:732d23f4-af59-4d92-8ced-438e8e97c9eb,732d23f4-af59-4d92-8ced-438e8e97c9eb,False,15,15.0,5,5,5,5,5,258,270,8,0
T1,account:06e80e89-a284-402b-ab86-6465e214eeb5,06e80e89-a284-402b-ab86-6465e214eeb5,False,15,15.0,5,5,5,5,5,232,243,43,0
T1,account:6fea4978-361d-411c-b86e-612dc22bdd84,6fea4978-361d-411c-b86e-612dc22bdd84,False,12,12.0,4,4,4,4,4,210,221,12,0
T1,account:e1b9e6ec-c47a-4955-ba77-b2aef793838f,e1b9e6ec-c47a-4955-ba77-b2aef793838f,False,15,15.0,5,5,5,5,5,216,236,62,0
T1,account:8c897bdd-cb6b-4c0f-8acb-eb1c317e42a6,8c897bdd-cb6b-4c0f-8acb-eb1c317e42a6,False,24,24.0,8,8,8,8,8,392,444,18,0
T1,account:d71affe0-a74b-49a6-9164-60007514fbe0,d71affe0-a74b-49a6-9164-60007514fbe0,False,6,6.0,2,2,2,2,2,104,104,73,0
T1,account:427079ca-849b-41e1-8091-612701486275,427079ca-849b-41e1-8091-612701486275,False,6,6.0,2,2,2,2,2,102,107,8,0
T1,account:d9899642-a1af-43ee-9532-92eb10fffece,d9899642-a1af-43ee-9532-92eb10fffece,False,6,6.0,2,2,2,2,2,93,96,42,0
T1,account:41112368-237b-4705-8a62-b8b2a2879729,41112368-237b-4705-8a62-b8b2a2879729,False,15,15.0,5,5,5,5,5,221,241,62,0
T1,account:e9e72939-ffc4-4524-8f30-fbc90c399207,e9e72939-ffc4-4524-8f30-fbc90c399207,False,15,15.0,5,5,5,5,5,228,244,12,0
T1,account:bf86edc5-90aa-4a96-a9a4-9301e5187df1,bf86edc5-90aa-4a96-a9a4-9301e5187df1,False,9,9.0,3,3,3,3,3,151,156,54,0
T1,account:3a6675e2-fdcf-4cce-90d4-4cf6176691f4,3a6675e2-fdcf-4cce-90d4-4cf6176691f4,False,12,12.0,4,4,4,4,4,205,220,36,0
T1,account:01ddbef3-e603-43cd-a923-d4b58f3162e0,01ddbef3-e603-43cd-a923-d4b58f3162e0,False,18,18.0,6,6,6,6,6,274,300,42,0
T1,account:96882db0-766d-441a-bbc1-1950099dff05,96882db0-766d-441a-bbc1-1950099dff05,False,6,6.0,2,2,2,2,2,97,102,54,0
T1,account:c7048f73-c797-45c8-98ed-792d07e18280,c7048f73-c797-45c8-98ed-792d07e18280,False,6,6.0,2,2,2,2,2,111,113,12,0
T1,account:6019aaae-e4a8-4dc6-bb82-6af6c73dfe7e,6019aaae-e4a8-4dc6-bb82-6af6c73dfe7e,False,0,0.0,0,0,0,0,0,0,0,47,40
T1,account:49dda67c-7eaf-4554-8c10-21d1b4e7a05f,49dda67c-7eaf-4554-8c10-21d1b4e7a05f,False,9,9.0,3,3,3,3,3,154,157,42,0
T1,account:f07a154c-84ef-4f8f-8214-99b7b4a3a21a,f07a154c-84ef-4f8f-8214-99b7b4a3a21a,False,3,3.0,1,1,1,1,1,62,62,38,0
T1,account:a3b24c51-6fb5-4ec5-92ff-94f7f876b88a,a3b24c51-6fb5-4ec5-92ff-94f7f876b88a,False,6,6.0,2,2,2,2,2,109,113,38,0
T1,account:38975402-5500-4f52-be48-6eed15763d69,38975402-5500-4f52-be48-6eed15763d69,False,15,15.0,5,5,5,5,5,259,277,8,0
T1,account:b762ec6a-7c49-42f1-b0f4-643482a0544b,b762ec6a-7c49-42f1-b0f4-643482a0544b,False,6,6.0,2,2,2,2,2,94,97,43,0
T1,account:0d79cfd9-1209-4f7b-a231-d3ee3e6e88eb,0d79cfd9-1209-4f7b-a231-d3ee3e6e88eb,False,18,18.0,6,6,6,6,6,309,337,12,0
T1,account:dbebe0a1-6d61-4863-923a-fb8b8d4e498f,dbebe0a1-6d61-4863-923a-fb8b8d4e498f,False,18,18.0,6,6,6,6,6,305,333,62,0
T1,account:0df501e5-ac1e-442d-8635-84e424cd4126,0df501e5-ac1e-442d-8635-84e424cd4126,False,9,9.0,3,3,3,3,3,150,155,62,0
T1,account:6c950461-5221-47e1-b71a-c3fe279a044c,6c950461-5221-47e1-b71a-c3fe279a044c,False,3,3.0,1,1,1,1,1,54,55,55,0
T1,account:b440318a-4cad-4c8f-9aa0-f83dbefa63ce,b440318a-4cad-4c8f-9aa0-f83dbefa63ce,False,3,3.0,1,1,1,1,1,48,50,73,0
T1,account:8282280e-a1ac-43e7-be44-30323bc92e45,8282280e-a1ac-43e7-be44-30323bc92e45,False,3,3.0,1,1,1,1,1,54,54,8,0
T1,account:00d62b7a-d8fd-4bfa-b3c6-872ed00deec5,00d62b7a-d8fd-4bfa-b3c6-872ed00deec5,False,18,18.0,6,6,6,6,6,306,339,55,0
T1,account:18f7fcca-56a5-43ad-afbb-8e1d7794f9f0,18f7fcca-56a5-43ad-afbb-8e1d7794f9f0,False,21,21.0,7,7,7,7,7,327,361,8,0
T1,account:62ab99be-f869-47eb-8cba-b51529a2b120,62ab99be-f869-47eb-8cba-b51529a2b120,False,21,21.0,7,7,7,7,7,345,390,8,0
T1,account:d98a8306-e84a-4c25-be9d-0f3e02f01d77,d98a8306-e84a-4c25-be9d-0f3e02f01d77,False,15,15.0,5,5,5,5,5,224,236,54,0
T1,account:9bcdfe4f-e66b-42f7-90f5-a0d7d6b9a1f4,9bcdfe4f-e66b-42f7-90f5-a0d7d6b9a1f4,False,6,6.0,2,2,2,2,2,98,100,48,0
T1,account:41e4db7b-4958-43e9-a0ef-e383e7b123bb,41e4db7b-4958-43e9-a0ef-e383e7b123bb,False,9,9.0,3,3,3,3,3,135,141,43,0
T1,account:56ef6b9b-82e4-4b7b-b755-d7e57ea4bd92,56ef6b9b-82e4-4b7b-b755-d7e57ea4bd92,False,9,9.0,3,3,3,3,3,152,155,48,0
T1,account:378e213d-94f8-4edb-8ee3-f0aed4602642,378e213d-94f8-4edb-8ee3-f0aed4602642,False,6,6.0,2,2,2,2,2,108,113,43,0
T1,account:72febbc4-e918-4746-bdbf-5b7a95d18a16,72febbc4-e918-4746-bdbf-5b7a95d18a16,False,6,6.0,2,2,2,2,2,109,113,18,0
T1,account:7ec6ba13-147e-459f-a6ee-109529155777,7ec6ba13-147e-459f-a6ee-109529155777,False,17,18.0,6,6,5,6,6,268,295,38,0
T1,account:bc5b4436-5cbd-49f0-98b8-281d293e7243,bc5b4436-5cbd-49f0-98b8-281d293e7243,False,6,6.0,2,2,2,2,2,93,97,25,0
T1,account:1ce1984c-e822-4390-9502-06cd0cea0fcf,1ce1984c-e822-4390-9502-06cd0cea0fcf,False,21,21.0,7,7,7,7,7,314,355,8,0
T1,account:078417c2-b7fc-43fe-a0af-796c9eba62f6,078417c2-b7fc-43fe-a0af-796c9eba62f6,False,12,12.0,4,4,4,4,4,178,191,43,0
T1,account:1764ec87-7e52-41ad-a434-114b98a6217d,1764ec87-7e52-41ad-a434-114b98a6217d,False,9,9.0,3,3,3,3,3,155,161,73,0
T1,account:2f16e9c3-783b-4b70-b1a2-f0d76e25d86e,2f16e9c3-783b-4b70-b1a2-f0d76e25d86e,False,6,6.0,2,2,2,2,2,101,102,18,0
T1,account:81484c5e-4b87-4251-aad6-6f08d7904ee3,81484c5e-4b87-4251-aad6-6f08d7904ee3,False,6,6.0,2,2,2,2,2,116,123,25,0
T1,account:a40d3285-6df4-4692-92ec-84393d66f3ad,a40d3285-6df4-4692-92ec-84393d66f3ad,False,3,3.0,1,1,1,1,1,53,53,55,0
T1,account:1fa113e6-d57f-42c7-8eaf-932394d3f9c3,1fa113e6-d57f-42c7-8eaf-932394d3f9c3,False,18,18.0,6,6,6,6,6,297,326,12,0
T1,account:773511de-02b0-4ba6-b6b6-1f66bb34bb4f,773511de-02b0-4ba6-b6b6-1f66bb34bb4f,False,3,3.0,1,1,1,1,1,56,56,62,0
T1,account:9c590907-36f2-43e6-9390-7bad02e0e455,9c590907-36f2-43e6-9390-7bad02e0e455,False,6,6.0,2,2,2,2,2,100,103,38,0
T1,account:a89d2b6f-87a5-4b7e-953c-4e6dc915e644,a89d2b6f-87a5-4b7e-953c-4e6dc915e644,False,6,6.0,2,2,2,2,2,99,99,38,0
T1,account:866c54ab-7fe9-4cb0-8c7d-ccb80d70c9ef,866c54ab-7fe9-4cb0-8c7d-ccb80d70c9ef,False,9,9.0,3,3,3,3,3,168,180,70,0
T1,account:1a238155-55c4-4a39-a892-8f4025bf9afe,1a238155-55c4-4a39-a892-8f4025bf9afe,False,21,21.0,7,7,7,7,7,340,367,38,0
T1,account:fab3fac4-b53f-4a12-b959-962e26517a78,fab3fac4-b53f-4a12-b959-962e26517a78,False,18,18.0,6,6,6,6,6,294,318,70,0
T1,account:bddce64b-690d-46c2-a648-d63eb171bfbe,bddce64b-690d-46c2-a648-d63eb171bfbe,False,12,12.0,4,4,4,4,4,219,231,38,0
T1,account:049a556a-a56e-42e9-a803-df23c2c6e5b4,049a556a-a56e-42e9-a803-df23c2c6e5b4,False,9,9.0,3,3,3,3,3,145,150,18,0
T1,account:23c04224-f840-4897-a60e-a48b2a078466,23c04224-f840-4897-a60e-a48b2a078466,False,15,15.0,5,5,5,5,4,235,254,54,0
T1,account:78eaa1e4-d950-41cd-af6e-e2162e186e70,78eaa1e4-d950-41cd-af6e-e2162e186e70,False,15,15.0,5,5,5,5,5,244,266,18,0
T1,account:06e166ef-c3f4-41cc-a8a6-4317196398c9,06e166ef-c3f4-41cc-a8a6-4317196398c9,False,0,0.0,0,0,0,0,0,0,0,49,41
T1,account:96aa6715-905c-4dce-b54e-06079fe5b7e2,96aa6715-905c-4dce-b54e-06079fe5b7e2,False,9,9.0,3,3,3,3,3,140,142,38,0
T1,account:bf644140-21a6-45e7-a434-9092c256afe9,bf644140-21a6-45e7-a434-9092c256afe9,False,15,15.0,5,5,5,5,5,275,289,36,0
T1,account:388eb156-7894-4ab4-b6cf-c6a84f9d40d8,388eb156-7894-4ab4-b6cf-c6a84f9d40d8,False,12,12.0,4,4,4,4,4,209,219,8,0
T1,account:9d877b58-bb85-4523-9ee9-61b52347388e,9d877b58-bb85-4523-9ee9-61b52347388e,False,24,24.0,8,8,8,8,8,369,414,25,0
T1,account:580fd2e0-afc6-4617-af05-6a9303b7a77a,580fd2e0-afc6-4617-af05-6a9303b7a77a,False,9,9.0,3,3,3,3,3,163,169,42,0
T1,account:7adad5cf-ea31-481f-8120-5fc7f229d155,7adad5cf-ea31-481f-8120-5fc7f229d155,False,3,3.0,1,1,1,1,1,51,53,54,0
T1,account:47778071-58ff-4853-a323-5d34af911423,47778071-58ff-4853-a323-5d34af911423,False,3,3.0,1,1,1,1,1,59,61,12,0
T1,account:87b5cb0a-2f03-4e3b-9e54-82b70c7d3bf6,87b5cb0a-2f03-4e3b-9e54-82b70c7d3bf6,False,9,9.0,3,3,3,3,3,159,164,12,0
T1,account:b902b0f9-9e85-44ee-bf6d-8f462a44a639,b902b0f9-9e85-44ee-bf6d-8f462a44a639,False,3,3.0,1,1,1,1,1,52,53,48,0
T1,account:89b83584-4b0d-4b6c-a88c-723859ddd3c9,89b83584-4b0d-4b6c-a88c-723859ddd3c9,False,12,12.0,4,4,4,4,4,189,199,38,0
T1,account:6f003c8d-3b1e-48e7-96e6-85eac00e7531,6f003c8d-3b1e-48e7-96e6-85eac00e7531,False,12,12.0,4,4,4,4,4,222,241,54,0
T1,account:1160e2aa-dfc3-4f6d-aa13-02bab335ae4e,1160e2aa-dfc3-4f6d-aa13-02bab335ae4e,False,9,9.0,3,3,3,3,3,170,172,38,0
T1,account:39bb5ba5-cf7c-414a-b511-8f5e32ba9252,39bb5ba5-cf7c-414a-b511-8f5e32ba9252,False,9,9.0,3,3,3,3,3,154,161,42,0
T1,account:370ecf6a-c473-4150-823b-bae0f3095f81,370ecf6a-c473-4150-823b-bae0f3095f81,False,6,6.0,2,2,2,2,2,89,91,42,0
T1,account:dcb9d34f-3050-46f9-acae-f592a8e7e186,dcb9d34f-3050-46f9-acae-f592a8e7e186,False,9,9.0,3,3,3,3,3,165,176,48,0
T1,account:5cf6f0b6-325b-4030-b1e2-34a3ab873e9c,5cf6f0b6-325b-4030-b1e2-34a3ab873e9c,False,9,9.0,3,3,3,3,3,168,171,42,0
T1,account:2dd6fa40-e4a4-4b48-989f-81d77cc592ad,2dd6fa40-e4a4-4b48-989f-81d77cc592ad,False,3,3.0,1,1,1,1,1,49,49,62,0
T1,account:ab93c36d-fb73-414a-8fbd-fd2f6f6a4764,ab93c36d-fb73-414a-8fbd-fd2f6f6a4764,False,3,3.0,1,1,1,1,1,52,53,54,0
T1,account:7bada11d-631d-421c-9721-e18ad7f54248,7bada11d-631d-421c-9721-e18ad7f54248,False,6,6.0,2,2,2,2,2,105,110,42,0
T1,account:8c5c40df-f5b9-4d19-85ba-740d1671f036,8c5c40df-f5b9-4d19-85ba-740d1671f036,False,9,9.0,3,3,3,3,3,150,152,38,0
T1,account:9f90e545-4220-45db-a38b-3f5f474071e3,9f90e545-4220-45db-a38b-3f5f474071e3,False,9,9.0,3,3,3,3,3,144,150,36,0
T1,account:13ef43e5-f7bf-4a0d-8d80-740ce742bf00,13ef43e5-f7bf-4a0d-8d80-740ce742bf00,False,12,12.0,4,4,4,4,4,205,218,12,0
T1,account:975bd36d-f549-4576-88ac-c0775e98d43f,975bd36d-f549-4576-88ac-c0775e98d43f,False,15,15.0,5,5,5,5,5,232,252,12,0
T1,account:d32e8def-8c45-4860-81ec-e6fa9809d7fb,d32e8def-8c45-4860-81ec-e6fa9809d7fb,False,18,18.0,6,6,6,6,6,297,318,55,0
T1,account:4b439693-9faf-4fbe-b4cd-6ff23108d8e3,4b439693-9faf-4fbe-b4cd-6ff23108d8e3,False,0,0.0,0,0,0,0,0,0,0,50,42
T1,account:3d13e804-bb42-447e-92f1-edd3e6a18fcd,3d13e804-bb42-447e-92f1-edd3e6a18fcd,False,6,6.0,2,2,2,2,2,112,117,38,0
T1,account:ade3c839-f21e-4f8b-86dd-291b29de84b8,ade3c839-f21e-4f8b-86dd-291b29de84b8,False,6,6.0,2,2,2,2,2,98,103,12,0
T1,account:530445e2-b026-44c6-96b6-ebc84da99151,530445e2-b026-44c6-96b6-ebc84da99151,False,15,15.0,5,5,5,5,5,256,274,55,0
T1,account:0e3fe2e4-737a-4f1c-aab6-da8b373cacbb,0e3fe2e4-737a-4f1c-aab6-da8b373cacbb,False,6,6.0,2,2,2,2,2,101,102,12,0
T1,account:bd406a1e-a14a-4534-95f3-9ebed6125b5d,bd406a1e-a14a-4534-95f3-9ebed6125b5d,False,12,12.0,4,4,4,4,4,185,195,62,0
T1,account:b69c75f2-2582-4bf9-a6c0-7de87b554c11,b69c75f2-2582-4bf9-a6c0-7de87b554c11,False,9,9.0,3,3,3,3,3,158,165,42,0
T1,account:178ba170-beb1-4d8a-9518-84612ba6923a,178ba170-beb1-4d8a-9518-84612ba6923a,False,21,21.0,7,7,7,7,7,355,390,8,0
T1,account:f7f9fe53-86c8-406f-9a04-d1a2a0ea1c26,f7f9fe53-86c8-406f-9a04-d1a2a0ea1c26,False,9,9.0,3,3,3,3,3,163,172,42,0
T1,account:7035f561-c10a-4ac0-9e08-3d725b2108e5,7035f561-c10a-4ac0-9e08-3d725b2108e5,False,21,21.0,7,7,7,7,7,332,367,54,0
T1,account:b1b007f0-b9cf-4a4c-908d-f1c45d4a063a,b1b007f0-b9cf-4a4c-908d-f1c45d4a063a,False,3,3.0,1,1,1,1,1,43,43,73,0
T1,account:05e3bf17-80f0-4d6a-bf34-87395ea2de6d,05e3bf17-80f0-4d6a-bf34-87395ea2de6d,False,12,12.0,4,4,4,4,4,196,205,62,0
T1,account:af54dfd8-ddc5-42f5-9e80-d71c8de202e5,af54dfd8-ddc5-42f5-9e80-d71c8de202e5,False,6,6.0,2,2,2,2,2,133,136,8,0
T1,account:e229c552-a82c-4663-abda-fafcd3616d73,e229c552-a82c-4663-abda-fafcd3616d73,False,3,3.0,1,1,1,1,1,46,46,48,0
T1,account:cbac75f3-218f-461e-a5da-1e00308c8671,cbac75f3-218f-461e-a5da-1e00308c8671,False,3,3.0,1,1,1,1,1,61,62,43,0
T1,account:0c4c07f5-66ac-40b9-bf30-558a914495ba,0c4c07f5-66ac-40b9-bf30-558a914495ba,False,12,12.0,4,4,4,4,4,170,175,38,0
T1,account:35050965-1854-4aaf-8b8e-48fe8456f5c4,35050965-1854-4aaf-8b8e-48fe8456f5c4,False,9,9.0,3,3,3,3,3,147,152,48,0
T1,account:6e4b629c-832e-47b6-910a-371cdcf1a5ea,6e4b629c-832e-47b6-910a-371cdcf1a5ea,False,12,12.0,4,4,4,4,4,200,210,62,0
T1,account:183d3e23-4349-4102-9046-05a055349748,183d3e23-4349-4102-9046-05a055349748,False,18,18.0,6,6,6,6,6,292,322,25,0
T1,account:b63278c2-a7d9-4b71-8332-55a2423ce645,b63278c2-a7d9-4b71-8332-55a2423ce645,False,15,15.0,5,5,5,5,5,258,273,43,0
T1,account:d34b5775-fba4-47fb-844a-0c8c60e5edf9,d34b5775-fba4-47fb-844a-0c8c60e5edf9,False,15,15.0,5,5,5,5,5,259,283,12,0
T1,account:1faedce0-f4e4-4fca-aeaf-04e98c928712,1faedce0-f4e4-4fca-aeaf-04e98c928712,False,11,12.0,4,4,3,4,4,166,174,55,0
T1,account:5f0410d5-a320-4ebf-a7ea-0337e756a69d,5f0410d5-a320-4ebf-a7ea-0337e756a69d,False,6,6.0,2,2,2,2,2,98,101,73,0
T1,account:b672e30e-b86f-4415-93be-59c0c518896f,b672e30e-b86f-4415-93be-59c0c518896f,False,9,9.0,3,3,3,3,3,165,173,42,0
T1,account:f5808ae0-041e-4c7b-a566-ffc9fa921cc8,f5808ae0-041e-4c7b-a566-ffc9fa921cc8,False,3,3.0,1,1,1,1,1,47,47,12,0
T1,account:6949d0ef-ed3e-4b98-a06f-38f5f7c531f3,6949d0ef-ed3e-4b98-a06f-38f5f7c531f3,False,6,6.0,2,2,2,2,2,98,99,38,0
T1,account:3c62480a-2351-4bc9-8274-2b56871c29c5,3c62480a-2351-4bc9-8274-2b56871c29c5,False,9,9.0,3,3,3,3,3,138,143,38,0
T1,account:d82474ce-1678-4224-be89-9315488e94d5,d82474ce-1678-4224-be89-9315488e94d5,False,6,6.0,2,2,2,2,2,83,84,42,0
T1,account:189aa677-f32a-482a-b85e-9ff9b2c1e129,189aa677-f32a-482a-b85e-9ff9b2c1e129,False,9,9.0,3,3,3,3,3,154,159,42,0
T1,account:79654ff3-f452-461b-8a15-46cdee8bd13a,79654ff3-f452-461b-8a15-46cdee8bd13a,False,9,9.0,3,3,3,3,3,141,148,12,0
T1,account:dec844b7-9f24-4711-bd93-9cda3d97911d,dec844b7-9f24-4711-bd93-9cda3d97911d,False,14,15.0,5,5,4,5,5,207,220,38,0
T1,account:b3f9dc78-6469-482d-8121-30ab9ffa85ff,b3f9dc78-6469-482d-8121-30ab9ffa85ff,False,0,0.0,0,0,0,0,0,0,0,51,43
T1,account:b1242ea8-2819-4f05-ba59-867121c61c05,b1242ea8-2819-4f05-ba59-867121c61c05,False,3,3.0,1,1,1,1,1,54,55,54,0
T1,account:66188d1e-9d29-4db9-9356-815b1aafba8b,66188d1e-9d29-4db9-9356-815b1aafba8b,False,3,3.0,1,1,1,1,1,52,52,73,0
T1,account:1c4ba980-63ab-4dbb-9fd7-a6214afcfa4c,1c4ba980-63ab-4dbb-9fd7-a6214afcfa4c,False,6,6.0,2,2,2,2,2,102,102,54,0
T1,account:3ccc5572-d47f-48b4-91f2-69e0aa58d6e2,3ccc5572-d47f-48b4-91f2-69e0aa58d6e2,False,9,9.0,3,3,3,3,3,172,176,8,0
T1,account:d88542d2-2975-4e9e-b66b-9acf347dcfe0,d88542d2-2975-4e9e-b66b-9acf347dcfe0,False,15,15.0,5,5,5,5,5,237,254,73,0
T1,account:dfa9b126-2276-4ef9-b871-947602c5b93f,dfa9b126-2276-4ef9-b871-947602c5b93f,False,9,9.0,3,3,3,3,3,172,176,12,0
T1,account:b8752245-75d2-495d-8437-20b64b6e1bf6,b8752245-75d2-495d-8437-20b64b6e1bf6,False,15,15.0,5,5,5,5,5,244,272,12,0
T1,account:514ec9db-19e3-419f-838e-9fa056ace21c,514ec9db-19e3-419f-838e-9fa056ace21c,False,12,12.0,4,4,4,4,4,193,202,43,0
T1,account:276a0113-d2ed-4768-bb21-54c1816d36bf,276a0113-d2ed-4768-bb21-54c1816d36bf,False,3,3.0,1,1,1,1,1,67,67,12,0
T1,account:0ae578ca-23d5-4acc-ae21-7b1e3239edff,0ae578ca-23d5-4acc-ae21-7b1e3239edff,False,3,3.0,1,1,1,1,1,49,49,42,0
T1,account:5a79fdd5-8df7-4f5f-bba4-14f9fcc64416,5a79fdd5-8df7-4f5f-bba4-14f9fcc64416,False,3,3.0,1,1,1,1,1,55,56,38,0
T1,account:33d1503a-eb1c-4f46-85cc-f386788447d0,33d1503a-eb1c-4f46-85cc-f386788447d0,False,12,12.0,4,4,4,4,4,185,195,54,0
T1,account:33fe28a8-b60f-46ed-b487-393701f58540,33fe28a8-b60f-46ed-b487-393701f58540,False,9,9.0,3,3,3,3,3,147,156,38,0
T1,account:5d3533f9-45c0-42e0-a8ee-0e7ef78f91ed,5d3533f9-45c0-42e0-a8ee-0e7ef78f91ed,False,12,12.0,4,4,4,4,4,194,209,62,0
T1,account:99db7d3d-b054-4531-9a8d-c5aee211c242,99db7d3d-b054-4531-9a8d-c5aee211c242,False,6,6.0,2,2,2,2,2,93,93,12,0
T1,account:e546e2f4-8006-4183-9ee9-e447ee92f563,e546e2f4-8006-4183-9ee9-e447ee92f563,False,3,3.0,1,1,1,1,1,59,59,36,0
T1,account:a6eb49bb-4d9b-447d-9a5d-f56c4b87daca,a6eb49bb-4d9b-447d-9a5d-f56c4b87daca,False,15,15.0,5,5,5,5,5,246,264,25,0
T1,account:8bdd2511-6437-46e6-aa2b-b51482450d41,8bdd2511-6437-46e6-aa2b-b51482450d41,False,9,9.0,3,3,3,3,3,142,148,38,0
T1,account:ae16744b-43c0-4ac8-9930-a5228cef4378,ae16744b-43c0-4ac8-9930-a5228cef4378,False,9,9.0,3,3,3,3,3,170,177,70,0
T1,account:f6699321-f56f-4efa-913a-2a0fe0caa6d4,f6699321-f56f-4efa-913a-2a0fe0caa6d4,False,12,12.0,4,4,4,4,4,188,195,38,0
T1,account:bcaada37-1843-41de-9334-c7acd3e7b301,bcaada37-1843-41de-9334-c7acd3e7b301,False,15,15.0,5,5,5,5,5,242,259,55,0
T1,account:1821ebe8-4065-4fb0-a63b-0b065116cfd1,1821ebe8-4065-4fb0-a63b-0b065116cfd1,False,9,9.0,3,3,3,3,3,153,160,25,0
T1,account:a5148528-fa86-4226-a923-7bb23cd17554,a5148528-fa86-4226-a923-7bb23cd17554,False,12,12.0,4,4,4,4,4,195,214,36,0
T1,account:f81075d9-9347-4b09-930c-59877e97c79f,f81075d9-9347-4b09-930c-59877e97c79f,False,3,3.0,1,1,1,1,1,53,54,38,0
T1,account:19f09d98-17cb-4399-84ba-6b7c2528cacb,19f09d98-17cb-4399-84ba-6b7c2528cacb,False,3,3.0,1,1,1,1,1,53,53,62,0
T1,account:2f447c69-4996-46ab-aacc-421abd315cc0,2f447c69-4996-46ab-aacc-421abd315cc0,False,6,6.0,2,2,2,2,2,103,104,12,0
T1,account:ac60b916-abdd-4965-8720-88f33acf6605,ac60b916-abdd-4965-8720-88f33acf6605,False,9,9.0,3,3,3,3,3,144,149,43,0
T1,account:151cb170-bb17-483c-8267-68ba84d1645c,151cb170-bb17-483c-8267-68ba84d1645c,False,0,0.0,0,0,0,0,0,0,0,52,44
T1,account:e2956358-ade4-40a7-bdff-53b762ee80e2,e2956358-ade4-40a7-bdff-53b762ee80e2,False,3,3.0,1,1,1,1,1,51,51,54,0
T1,account:1737d300-3cb2-4363-8438-8991ff29dd27,1737d300-3cb2-4363-8438-8991ff29dd27,False,12,12.0,4,4,4,4,4,204,220,8,0
T1,account:3d3e13b1-951e-4f3f-bf48-bc26c0691ffc,3d3e13b1-951e-4f3f-bf48-bc26c0691ffc,False,5,6.0,2,2,1,2,2,74,75,73,0
T1,account:4ec7a603-1c6a-4e32-9558-22adf8875463,4ec7a603-1c6a-4e32-9558-22adf8875463,False,18,18.0,6,6,6,6,6,292,313,70,0
T1,account:263cd6c2-6af0-419e-880c-bb0e50cf1b0b,263cd6c2-6af0-419e-880c-bb0e50cf1b0b,False,6,6.0,2,2,2,2,2,83,84,42,0
T1,account:0ac08c94-4320-4805-b738-1abcb3ad7462,0ac08c94-4320-4805-b738-1abcb3ad7462,False,6,6.0,2,2,2,2,2,115,117,38,0
T1,account:0581253f-700c-4bc1-ae16-5f9ffd0c7698,0581253f-700c-4bc1-ae16-5f9ffd0c7698,False,6,6.0,2,2,2,2,2,100,102,73,0
T1,account:579224df-3f33-4101-8cea-57f763d9e363,579224df-3f33-4101-8cea-57f763d9e363,False,6,6.0,2,2,2,2,2,89,92,70,0
T1,account:98472d81-47f1-4817-8f2a-4e98b092acc0,98472d81-47f1-4817-8f2a-4e98b092acc0,False,3,3.0,1,1,1,1,1,44,44,18,0
T1,account:3d65336d-fefb-4f94-85c9-c7ab95106b46,3d65336d-fefb-4f94-85c9-c7ab95106b46,False,6,6.0,2,2,2,2,2,106,107,36,0
T1,account:ca95f873-93c2-4838-8dae-c8460825d861,ca95f873-93c2-4838-8dae-c8460825d861,False,12,12.0,4,4,4,4,4,219,228,25,0
T1,account:4e3ea96a-7c07-4ec5-ac7f-6569ba7b675e,4e3ea96a-7c07-4ec5-ac7f-6569ba7b675e,False,9,9.0,3,3,3,3,3,149,155,54,0
T1,account:b35b1b5b-1be8-446a-8761-d94a585fc8a2,b35b1b5b-1be8-446a-8761-d94a585fc8a2,False,18,18.0,6,6,6,6,6,295,321,54,0
T1,account:a6aeacef-b4cf-42c6-a820-aef96e4d775c,a6aeacef-b4cf-42c6-a820-aef96e4d775c,False,15,15.0,5,5,5,5,5,249,275,73,0
T1,account:b73323e3-d254-4805-9096-b8a2813faa53,b73323e3-d254-4805-9096-b8a2813faa53,False,3,3.0,1,1,1,1,1,58,58,12,0
T1,account:31e5cd77-5434-4045-83e5-b3d797f0fcf0,31e5cd77-5434-4045-83e5-b3d797f0fcf0,False,9,9.0,3,3,3,3,3,159,168,70,0
T1,account:ed0acb1e-2b4c-4a28-8ddb-edc42caa3178,ed0acb1e-2b4c-4a28-8ddb-edc42caa3178,False,6,6.0,2,2,2,2,2,105,107,42,0
T1,account:6365a3d7-c7b3-4f08-8905-ba951637bc2c,6365a3d7-c7b3-4f08-8905-ba951637bc2c,False,12,12.0,4,4,4,4,4,216,227,54,0
T1,account:23f0624d-579c-4900-ae5e-b5e6c44d8567,23f0624d-579c-4900-ae5e-b5e6c44d8567,False,17,18.0,6,6,5,6,6,264,289,42,0
T1,account:13bb9e50-f7c1-49c0-9043-bbbf369fee71,13bb9e50-f7c1-49c0-9043-bbbf369fee71,False,6,6.0,2,2,2,2,2,102,102,73,0
T1,account:c3d3d59b-d897-4e9c-8ab5-48d9adb70771,c3d3d59b-d897-4e9c-8ab5-48d9adb70771,False,12,12.0,4,4,4,4,4,191,201,12,0
T1,account:ed26681e-c6d3-4659-a968-ef0ffc8abb6f,ed26681e-c6d3-4659-a968-ef0ffc8abb6f,False,6,6.0,2,2,2,2,2,101,105,38,0
T1,account:2b179a3d-f0dc-49b9-b2e7-0eade97493b1,2b179a3d-f0dc-49b9-b2e7-0eade97493b1,False,15,15.0,5,5,5,5,5,247,266,54,0
T1,account:5fac6e63-3894-4ae0-93b2-f15d1cfe9a15,5fac6e63-3894-4ae0-93b2-f15d1cfe9a15,False,9,9.0,3,3,3,3,3,164,168,38,0
T1,account:8b3d100c-271d-4e3a-a7cc-fdf8c7d18eaf,8b3d100c-271d-4e3a-a7cc-fdf8c7d18eaf,False,6,6.0,2,2,2,2,2,110,115,54,0
T1,account:32b3bf90-17a4-48df-8da7-d816c891cec9,32b3bf90-17a4-48df-8da7-d816c891cec9,False,17,18.0,5,6,6,5,6,277,301,12,0
T1,account:6754c775-19e2-48a6-9dcf-32d38d36ef7b,6754c775-19e2-48a6-9dcf-32d38d36ef7b,False,18,18.0,6,6,6,6,6,292,327,8,0
T1,account:3e8f8aca-af14-4393-8190-6b9969c457eb,3e8f8aca-af14-4393-8190-6b9969c457eb,False,12,12.0,4,4,4,4,4,194,205,18,0
T1,account:ac4a6b06-60df-4066-bfe8-c65f16aac4d0,ac4a6b06-60df-4066-bfe8-c65f16aac4d0,False,6,6.0,2,2,2,2,2,101,102,12,0
T1,account:0d360db6-30ad-4cc8-8ce1-fa2c400643bf,0d360db6-30ad-4cc8-8ce1-fa2c400643bf,False,18,18.0,6,6,6,6,6,297,323,42,0
T1,account:754f61b1-6b9d-4d24-ac87-82e9061f2cd9,754f61b1-6b9d-4d24-ac87-82e9061f2cd9,False,6,6.0,2,2,2,2,2,105,110,48,0
T1,account:bdfbc458-6a84-4b32-b69a-eb3bcd891b6d,bdfbc458-6a84-4b32-b69a-eb3bcd891b6d,False,18,18.0,6,6,6,6,6,283,311,54,0
T1,account:565d9933-b525-467e-9418-4d34fcfb3ceb,565d9933-b525-467e-9418-4d34fcfb3ceb,False,3,3.0,1,1,1,1,1,53,53,25,0
T1,account:bbadb9ed-ac0c-43b7-8af8-24808ced2a6c,bbadb9ed-ac0c-43b7-8af8-24808ced2a6c,False,6,6.0,2,2,2,2,2,107,111,73,0
T1,account:973e188c-a44b-4e76-9fc2-4ca07cdd3022,973e188c-a44b-4e76-9fc2-4ca07cdd3022,False,12,12.0,4,4,4,4,4,190,202,12,0
T1,account:058313b0-a403-4dff-811b-a1df4ffc0ecf,058313b0-a403-4dff-811b-a1df4ffc0ecf,False,3,3.0,1,1,1,1,1,48,49,12,0
T1,account:80dd589e-fb29-4b95-9d33-3fe32820d485,80dd589e-fb29-4b95-9d33-3fe32820d485,False,21,21.0,7,7,7,7,7,346,388,54,0
T1,account:c6cd87b7-9f1e-425e-86fc-04751ac0c337,c6cd87b7-9f1e-425e-86fc-04751ac0c337,False,6,6.0,2,2,2,2,2,111,115,54,0
T1,account:b0077e11-da6f-4e21-bd15-186bada35590,b0077e11-da6f-4e21-bd15-186bada35590,False,3,3.0,1,1,1,1,1,49,49,42,0
T1,account:ee407808-4a00-4ac4-b2ea-5af0b914f63f,ee407808-4a00-4ac4-b2ea-5af0b914f63f,False,12,12.0,4,4,4,4,4,199,212,42,0
T1,account:4323c253-6c9c-4bac-ae07-a2bf4512b37a,4323c253-6c9c-4bac-ae07-a2bf4512b37a,False,9,9.0,3,3,3,3,3,159,163,12,0
T1,account:cd61915e-5a65-4586-be10-1f3201d9b3ee,cd61915e-5a65-4586-be10-1f3201d9b3ee,False,6,6.0,2,2,2,2,2,98,99,18,0
T1,account:37b39294-826e-4bb0-9a4e-1b7abc3c9ae7,37b39294-826e-4bb0-9a4e-1b7abc3c9ae7,False,6,6.0,2,2,2,2,2,105,107,8,0
T1,account:07221e5e-d53b-4797-9a0d-7950eef9d79d,07221e5e-d53b-4797-9a0d-7950eef9d79d,False,6,6.0,2,2,2,2,2,107,107,36,0
T1,account:bb1e4188-2424-40e1-8899-e6a90539ab91,bb1e4188-2424-40e1-8899-e6a90539ab91,False,3,3.0,1,1,1,1,1,55,57,38,0
T1,account:51684b20-5859-4cb8-bd5e-04f14208b8b4,51684b20-5859-4cb8-bd5e-04f14208b8b4,False,15,15.0,5,5,5,5,5,231,250,62,0
T1,account:4bafda61-8d55-478b-a987-c7e5aedfe5c1,4bafda61-8d55-478b-a987-c7e5aedfe5c1,False,6,6.0,2,2,2,2,2,97,102,54,0
T1,account:9c99c422-82a9-4d08-ad6d-709fb9df82de,9c99c422-82a9-4d08-ad6d-709fb9df82de,False,9,9.0,3,3,3,3,3,162,171,42,0
T1,account:740d9717-4b95-4118-917f-6235afd0ba8e,740d9717-4b95-4118-917f-6235afd0ba8e,False,6,6.0,2,2,2,2,2,94,97,38,0
T1,account:18ec5af7-e571-47bd-a48d-a3ca30a25f78,18ec5af7-e571-47bd-a48d-a3ca30a25f78,False,9,9.0,3,3,3,3,3,171,179,25,0
T1,account:1a449b4b-f51f-4662-b01f-a56c33e699e0,1a449b4b-f51f-4662-b01f-a56c33e699e0,False,3,3.0,1,1,1,1,1,54,55,43,0
T1,account:05a60912-910a-42a3-b20a-f66e1072f6e4,05a60912-910a-42a3-b20a-f66e1072f6e4,False,6,6.0,2,2,2,2,2,98,100,43,0
T1,account:f8de2d3e-793f-4ac4-8ea7-4a5d03190c6b,f8de2d3e-793f-4ac4-8ea7-4a5d03190c6b,False,6,6.0,2,2,2,2,2,114,116,8,0
T1,account:fc879a93-9531-4f43-ac29-0c930c330972,fc879a93-9531-4f43-ac29-0c930c330972,False,15,15.0,5,5,5,5,5,249,261,25,0
T1,account:78b37f5d-b78f-4b06-bbf5-8779853b6d43,78b37f5d-b78f-4b06-bbf5-8779853b6d43,False,15,15.0,5,5,5,5,5,254,276,38,0
T1,account:06af51ef-83d2-4929-ade8-41bbda681e8c,06af51ef-83d2-4929-ade8-41bbda681e8c,False,12,12.0,4,4,4,4,4,185,201,42,0
T1,account:6e13b186-054a-47e0-961c-289de8c4b48d,6e13b186-054a-47e0-961c-289de8c4b48d,False,6,6.0,2,2,2,2,2,98,104,73,0
T1,account:cc39860e-9501-4a7f-92d0-17c3aa4bb42d,cc39860e-9501-4a7f-92d0-17c3aa4bb42d,False,3,3.0,1,1,1,1,1,55,56,8,0
T1,account:91773328-1a1d-4447-8060-a119c11ae84b,91773328-1a1d-4447-8060-a119c11ae84b,False,6,6.0,2,2,2,2,2,97,100,62,0
T1,account:4c137adc-721d-4ef7-a3d5-5e087edc8feb,4c137adc-721d-4ef7-a3d5-5e087edc8feb,False,19,21.0,6,7,6,6,7,289,309,12,0
T1,account:9345c925-007f-4d68-b35d-6e608fafa17b,9345c925-007f-4d68-b35d-6e608fafa17b,False,9,9.0,3,3,3,3,3,122,125,48,0
T1,account:0eda2a5d-740b-4c81-ad2e-de4c3ad91ca4,0eda2a5d-740b-4c81-ad2e-de4c3ad91ca4,False,15,15.0,5,5,5,5,5,236,247,54,0
T1,account:9fba62db-e46f-4423-82c0-288b53d4ddf7,9fba62db-e46f-4423-82c0-288b53d4ddf7,False,6,6.0,2,2,2,2,2,99,101,54,0
T1,account:ec37ab6a-beea-491d-9e16-687b30cc98fc,ec37ab6a-beea-491d-9e16-687b30cc98fc,False,3,3.0,1,1,1,1,1,57,58,42,0
T1,account:0aefac78-6ba0-44b5-aea6-5ee976f53010,0aefac78-6ba0-44b5-aea6-5ee976f53010,False,6,6.0,2,2,2,2,2,110,116,73,0
T1,account:299342f3-70be-4722-8caa-face2c561c01,299342f3-70be-4722-8caa-face2c561c01,False,17,18.0,6,6,5,6,6,256,275,18,0
T1,account:c516f7e6-b67a-4ee8-917e-f981f37681f0,c516f7e6-b67a-4ee8-917e-f981f37681f0,False,15,15.0,5,5,5,5,5,240,255,43,0
T1,account:e79f09c6-fe65-4c96-b80a-2aacf0477982,e79f09c6-fe65-4c96-b80a-2aacf0477982,False,12,12.0,4,4,4,4,4,181,198,62,0
T1,account:bd7ac0ec-ce94-4429-a693-a644b6356a96,bd7ac0ec-ce94-4429-a693-a644b6356a96,False,15,15.0,5,5,5,5,5,275,295,48,0
T1,account:3c7d5425-75ef-4668-9c12-7eddfd742f6a,3c7d5425-75ef-4668-9c12-7eddfd742f6a,False,3,3.0,1,1,1,1,1,52,53,42,0
T1,account:c1923fe5-be19-4390-8164-0867bc698ded,c1923fe5-be19-4390-8164-0867bc698ded,False,6,6.0,2,2,2,2,2,109,113,42,0
T1,account:d0421184-b799-4f6d-8bda-95323df24f0a,d0421184-b799-4f6d-8bda-95323df24f0a,False,9,9.0,3,3,3,3,3,149,155,42,0
T1,account:7d53ad9d-2a97-4f37-85f6-b1437b3a7077,7d53ad9d-2a97-4f37-85f6-b1437b3a7077,False,6,6.0,2,2,2,2,2,118,119,42,0
T1,account:343c4033-89cb-4652-bfc4-24b47e7cea63,343c4033-89cb-4652-bfc4-24b47e7cea63,False,9,9.0,3,3,3,3,3,149,155,38,0
T1,account:aec5939c-dd0c-428a-ab77-fc28025da1e5,aec5939c-dd0c-428a-ab77-fc28025da1e5,False,12,12.0,4,4,4,4,4,171,186,38,0
T1,account:784d0520-b51f-4a79-81eb-1d7f9ecdc942,784d0520-b51f-4a79-81eb-1d7f9ecdc942,False,6,6.0,2,2,2,2,2,106,108,73,0
T1,account:e54c3cbb-3462-4dad-b313-7f78a31a31f1,e54c3cbb-3462-4dad-b313-7f78a31a31f1,False,6,6.0,2,2,2,2,2,97,99,25,0
T1,account:3c1ed5ff-32c4-4d79-ab9f-29ecfdfa754a,3c1ed5ff-32c4-4d79-ab9f-29ecfdfa754a,False,18,18.0,6,6,6,6,6,293,319,48,0
T1,account:18f501f1-08b2-4a47-be73-7cb907e15667,18f501f1-08b2-4a47-be73-7cb907e15667,False,9,9.0,3,3,3,3,3,154,162,48,0
T1,account:c6046dd7-86ab-4c61-9eaf-612c9f9f8e6d,c6046dd7-86ab-4c61-9eaf-612c9f9f8e6d,False,12,12.0,4,4,4,4,4,192,203,38,0
T1,account:fd9a50ec-0261-4dd7-9e5e-6d7f3c1d2de0,fd9a50ec-0261-4dd7-9e5e-6d7f3c1d2de0,False,6,6.0,2,2,2,2,1,81,84,12,0
T1,account:7730cf1d-6cca-4c43-ab39-f771d8892c0d,7730cf1d-6cca-4c43-ab39-f771d8892c0d,False,12,12.0,4,4,4,4,4,212,225,43,0
T1,account:98054327-2a25-41a6-a581-e50e75501fc6,98054327-2a25-41a6-a581-e50e75501fc6,False,15,15.0,5,5,5,5,5,227,248,25,0
T1,account:17011308-dded-4e79-9680-8a71bc02382f,17011308-dded-4e79-9680-8a71bc02382f,False,3,3.0,1,1,1,1,1,58,58,38,0
T1,account:8b383562-9aaf-4c9d-967c-2f9f50c6f6b2,8b383562-9aaf-4c9d-967c-2f9f50c6f6b2,False,6,6.0,2,2,2,2,2,95,97,42,0
T1,account:ccd1b103-814c-4d4f-91dc-11a33f5612b0,ccd1b103-814c-4d4f-91dc-11a33f5612b0,False,6,6.0,2,2,2,2,2,95,96,12,0
T1,account:35996ad1-dd19-4c98-8978-744af167c862,35996ad1-dd19-4c98-8978-744af167c862,False,6,6.0,2,2,2,2,2,113,114,8,0
T1,account:cab479a3-d62a-4206-b68c-18547ef964fb,cab479a3-d62a-4206-b68c-18547ef964fb,False,3,3.0,1,1,1,1,1,41,41,42,0
T1,account:2e633a30-fb0b-4bdd-ac51-72250f305ad0,2e633a30-fb0b-4bdd-ac51-72250f305ad0,False,3,3.0,1,1,1,1,1,58,58,12,0
T1,account:37a548a5-5c2c-4ebc-a649-6bfc293af562,37a548a5-5c2c-4ebc-a649-6bfc293af562,False,6,6.0,2,2,2,2,2,117,121,38,0
T1,account:f7626ec1-1181-4513-98a3-cf85f2de3758,f7626ec1-1181-4513-98a3-cf85f2de3758,False,6,6.0,2,2,2,2,2,87,91,62,0
T1,account:61bf589d-9d5f-4707-8337-25bbe59c0afd,61bf589d-9d5f-4707-8337-25bbe59c0afd,False,0,0.0,0,0,0,0,0,0,0,53,45
T1,account:530a1ed0-09a8-4118-acac-bdc1841eb5df,530a1ed0-09a8-4118-acac-bdc1841eb5df,False,9,9.0,3,3,3,3,3,157,168,54,0
T1,account:057115ea-1a00-4004-b380-ad657e6e71f6,057115ea-1a00-4004-b380-ad657e6e71f6,False,3,3.0,1,1,1,1,1,44,44,73,0
T1,account:a5814878-49d6-4985-bed3-b3d5dfbef850,a5814878-49d6-4985-bed3-b3d5dfbef850,False,6,6.0,2,2,2,2,2,114,119,36,0
T1,account:f1c62e23-5199-4ca7-a96a-f5a3a7f9a550,f1c62e23-5199-4ca7-a96a-f5a3a7f9a550,False,12,12.0,4,4,4,4,4,195,202,36,0
T1,account:15805f71-4252-4abe-94bf-0a09e7986ae2,15805f71-4252-4abe-94bf-0a09e7986ae2,False,18,18.0,6,6,6,6,6,278,298,42,0
T1,account:cf9323f4-e6ed-4d02-bb6a-e22249f88b7e,cf9323f4-e6ed-4d02-bb6a-e22249f88b7e,False,12,12.0,4,4,4,4,4,213,221,38,0
T1,account:63709911-ef4f-4c51-83a2-3d30d3a61288,63709911-ef4f-4c51-83a2-3d30d3a61288,False,6,6.0,2,2,2,2,2,99,102,36,0
T1,account:0d15da0a-bed2-4eb3-b840-29b679805b34,0d15da0a-bed2-4eb3-b840-29b679805b34,False,12,12.0,4,4,4,4,4,211,222,48,0
T1,account:f30e99ba-039a-4562-9d4b-7cb60e18627c,f30e99ba-039a-4562-9d4b-7cb60e18627c,False,12,12.0,4,4,4,4,4,199,210,12,0
T1,account:92684d81-1ce5-4d51-a5b7-6ad01783267d,92684d81-1ce5-4d51-a5b7-6ad01783267d,False,9,9.0,3,3,3,3,3,147,152,38,0
T1,account:0e72da7a-7c85-472e-bb0e-f6216a3e7c99,0e72da7a-7c85-472e-bb0e-f6216a3e7c99,False,12,12.0,4,4,4,4,4,187,199,42,0
T1,account:d16c473b-b2a7-49a7-a810-e6f8b24415fd,d16c473b-b2a7-49a7-a810-e6f8b24415fd,False,3,3.0,1,1,1,1,1,41,42,38,0
T1,account:ad4b6f80-2424-42a6-a7d4-27791824ea47,ad4b6f80-2424-42a6-a7d4-27791824ea47,False,6,6.0,2,2,2,2,2,102,106,38,0
T1,account:810a3368-7327-401a-87bb-3b47cff2d83f,810a3368-7327-401a-87bb-3b47cff2d83f,False,12,12.0,4,4,4,4,4,191,193,38,0
T1,account:c66e64cd-0009-4e10-ba53-0daebc209ccb,c66e64cd-0009-4e10-ba53-0daebc209ccb,False,12,12.0,4,4,4,4,4,195,206,54,0
T1,account:b5adacc7-d016-4db8-a77a-3ffde0092bd4,b5adacc7-d016-4db8-a77a-3ffde0092bd4,False,18,18.0,6,6,6,6,6,270,292,25,0
T1,account:80e5ffc6-30ee-4b22-aafb-d67612b05671,80e5ffc6-30ee-4b22-aafb-d67612b05671,False,6,6.0,2,2,2,2,2,97,98,48,0
T1,account:e77ad648-98ad-4ca9-b8e5-31e7e8899353,e77ad648-98ad-4ca9-b8e5-31e7e8899353,False,12,12.0,4,4,4,4,4,207,218,54,0
T1,account:65d8ab3b-6082-42e5-b2f1-2043bc57ce1c,65d8ab3b-6082-42e5-b2f1-2043bc57ce1c,False,18,18.0,6,6,6,6,6,299,332,8,0
T1,account:b3718ae8-0522-4704-a8d1-6e3c9d8d898e,b3718ae8-0522-4704-a8d1-6e3c9d8d898e,False,9,9.0,3,3,3,3,3,141,144,62,0
T1,account:de756d76-0860-43be-bf1f-caad4e05514d,de756d76-0860-43be-bf1f-caad4e05514d,False,6,6.0,2,2,2,2,2,97,101,73,0
T1,account:ed7344a3-3d67-4c39-93d4-ce9f75c8129f,ed7344a3-3d67-4c39-93d4-ce9f75c8129f,False,9,9.0,3,3,3,3,3,162,167,8,0
T1,account:30a711f6-6354-4d3b-9e23-a4c2d76d8b13,30a711f6-6354-4d3b-9e23-a4c2d76d8b13,False,12,12.0,4,4,4,4,4,201,213,38,0
T1,account:e7979f9b-1de0-4406-b4e1-5880eabc14d4,e7979f9b-1de0-4406-b4e1-5880eabc14d4,False,0,0.0,0,0,0,0,0,0,0,56,46
T1,account:1cd5354c-abdf-4b91-9b2a-badebbaabd2a,1cd5354c-abdf-4b91-9b2a-badebbaabd2a,False,9,9.0,3,3,3,3,3,151,156,43,0
T1,account:9779686d-5647-4324-a6a4-de1afd771079,9779686d-5647-4324-a6a4-de1afd771079,False,27,27.0,9,9,9,9,9,390,433,43,0
T1,account:bb688f95-8838-465b-a66b-49018c9da7a0,bb688f95-8838-465b-a66b-49018c9da7a0,False,3,3.0,1,1,1,1,1,45,45,62,0
T1,account:a67cf2ff-f8e9-4b76-b1ad-d4f2438086b2,a67cf2ff-f8e9-4b76-b1ad-d4f2438086b2,False,3,3.0,1,1,1,1,1,50,51,73,0
T1,account:bfadd26c-c962-4a2b-8a04-bce827eac586,bfadd26c-c962-4a2b-8a04-bce827eac586,False,6,6.0,2,2,2,2,2,92,94,12,0
T1,account:fa0299b3-c2fa-4fe4-8864-587b559e6010,fa0299b3-c2fa-4fe4-8864-587b559e6010,False,6,6.0,2,2,2,2,2,105,108,73,0
T1,account:3293306f-2594-4775-a372-73ce3c83c6a6,3293306f-2594-4775-a372-73ce3c83c6a6,False,3,3.0,1,1,1,1,1,50,50,54,0
T1,account:d4d5e9d6-7cc6-478c-afe7-0a966468aeac,d4d5e9d6-7cc6-478c-afe7-0a966468aeac,False,6,6.0,2,2,2,2,2,108,110,42,0
T1,account:c17ab83c-f3da-4276-9fc6-e6a66bef7c16,c17ab83c-f3da-4276-9fc6-e6a66bef7c16,False,9,9.0,3,3,3,3,3,146,153,54,0
T1,account:a4a994fe-561d-461a-b01b-b7d6ec3a6bdd,a4a994fe-561d-461a-b01b-b7d6ec3a6bdd,False,15,15.0,5,5,5,5,5,240,259,62,0
T1,account:d80091d2-e2bc-484c-8450-74374040887e,d80091d2-e2bc-484c-8450-74374040887e,False,0,0.0,0,0,0,0,0,0,0,57,47
T1,account:d61bc61b-d731-45a8-a8ed-0ada3583dc95,d61bc61b-d731-45a8-a8ed-0ada3583dc95,False,6,6.0,2,2,2,2,2,89,91,55,0
T1,account:1823a009-3313-40ec-9b17-294a1f86f2e1,1823a009-3313-40ec-9b17-294a1f86f2e1,False,6,6.0,2,2,2,2,2,115,118,42,0
T1,account:86fd499d-58b1-49c8-9ec8-6aed65074a45,86fd499d-58b1-49c8-9ec8-6aed65074a45,False,18,18.0,6,6,6,6,6,297,332,38,0
T1,account:27dec718-1732-47a1-9d81-1462523d67ad,27dec718-1732-47a1-9d81-1462523d67ad,False,15,15.0,5,5,5,5,4,251,271,38,0
T1,account:fc61f117-7188-4e36-b0ef-66b72c54bd38,fc61f117-7188-4e36-b0ef-66b72c54bd38,False,6,6.0,2,2,2,2,2,98,102,25,0
T1,account:3dda16a6-5783-4263-837c-3a7087cf5b1c,3dda16a6-5783-4263-837c-3a7087cf5b1c,False,15,15.0,5,5,5,5,5,234,250,73,0
T1,account:8ad847ec-507a-4211-9772-5ab8148cf71e,8ad847ec-507a-4211-9772-5ab8148cf71e,False,18,18.0,6,6,6,6,6,294,317,73,0
T1,account:2bef2ed3-04a5-47df-b752-1fdb866aadaf,2bef2ed3-04a5-47df-b752-1fdb866aadaf,False,9,9.0,3,3,3,3,3,142,150,25,0
T1,account:757ed7a6-ce6d-4ccc-8be6-ebfb2ad2a674,757ed7a6-ce6d-4ccc-8be6-ebfb2ad2a674,False,15,15.0,5,5,5,5,5,231,241,25,0
T1,account:0bb5db3d-1b86-4dec-8b56-08257093a06d,0bb5db3d-1b86-4dec-8b56-08257093a06d,False,6,6.0,2,2,2,2,2,107,112,8,0
T1,account:342cebbf-eb55-4d6d-9c28-aac8c70fd97b,342cebbf-eb55-4d6d-9c28-aac8c70fd97b,False,15,15.0,5,5,5,5,5,257,270,36,0
T1,account:1a0f439e-2ca2-4108-a399-a1ba178ac898,1a0f439e-2ca2-4108-a399-a1ba178ac898,False,9,9.0,3,3,3,3,3,174,184,12,0
T1,account:d6054efc-889a-4133-bfcb-ea1d46078ea7,d6054efc-889a-4133-bfcb-ea1d46078ea7,False,15,15.0,5,5,5,5,5,223,240,38,0
T1,account:3b449b48-1ca6-496c-9e1e-c1b9421f62eb,3b449b48-1ca6-496c-9e1e-c1b9421f62eb,False,18,18.0,6,6,6,6,6,317,337,25,0
T1,account:a4308f03-95a6-40d8-8a6a-a2721609fd25,a4308f03-95a6-40d8-8a6a-a2721609fd25,False,12,12.0,4,4,4,4,4,192,203,48,0
T1,account:713c4a8e-5ff2-4913-bb19-c120b659413f,713c4a8e-5ff2-4913-bb19-c120b659413f,False,6,6.0,2,2,2,2,2,123,124,18,0
T1,account:6c2eea0f-78f8-448d-99ad-79d38209ddaa,6c2eea0f-78f8-448d-99ad-79d38209ddaa,False,12,12.0,4,4,4,4,4,187,195,54,0
T1,account:d1607443-dfaa-4a39-aedf-017aedcb5e6f,d1607443-dfaa-4a39-aedf-017aedcb5e6f,False,6,6.0,2,2,2,2,2,102,105,62,0
T1,account:759430d5-9de9-41fc-8746-0897bc584b42,759430d5-9de9-41fc-8746-0897bc584b42,False,9,9.0,3,3,3,3,3,135,143,48,0
T1,account:9d0326b3-944e-412a-8352-12fdb8daa55d,9d0326b3-944e-412a-8352-12fdb8daa55d,False,9,9.0,3,3,3,3,3,165,169,43,0
T1,account:08f9654e-31dd-4c3a-b44e-d0abaa419a57,08f9654e-31dd-4c3a-b44e-d0abaa419a57,False,3,3.0,1,1,1,1,1,48,48,48,0
T1,account:39818ffb-adf3-49a0-9e4e-7ea44088abe8,39818ffb-adf3-49a0-9e4e-7ea44088abe8,False,15,15.0,5,5,5,5,5,238,258,8,0
T1,account:b1714d0e-be86-4dd9-a74d-9fbffc8c37de,b1714d0e-be86-4dd9-a74d-9fbffc8c37de,False,3,3.0,1,1,1,1,1,64,64,8,0
T1,account:20da1b99-cfdc-44fe-a2f0-3c14aafdbd5f,20da1b99-cfdc-44fe-a2f0-3c14aafdbd5f,False,3,3.0,1,1,1,1,1,47,47,25,0
T1,account:79c6c91a-e942-4d6e-8504-41640140512d,79c6c91a-e942-4d6e-8504-41640140512d,False,21,21.0,7,7,7,7,7,336,366,38,0
T1,account:f4114769-4ea1-4145-b03b-8d6abda92545,f4114769-4ea1-4145-b03b-8d6abda92545,False,12,12.0,4,4,4,4,4,212,229,25,0
T1,account:d36a7e3f-38f6-4a6b-aa38-403c13d2b95a,d36a7e3f-38f6-4a6b-aa38-403c13d2b95a,False,9,9.0,3,3,3,3,3,159,167,12,0
T1,account:130709ab-aa74-439d-8f96-d52bb50a82f9,130709ab-aa74-439d-8f96-d52bb50a82f9,False,9,9.0,3,3,3,3,3,157,163,43,0
T1,account:c9f27fe8-f763-4363-8b0d-c78205e21f81,c9f27fe8-f763-4363-8b0d-c78205e21f81,False,9,9.0,3,3,3,3,3,162,171,43,0
T1,account:ecb85cb8-8880-4e43-bc41-f6f2499409ae,ecb85cb8-8880-4e43-bc41-f6f2499409ae,False,15,15.0,5,5,5,5,5,268,286,25,0
T1,account:9fd633a6-545a-4a99-bd64-b87f1c46c11a,9fd633a6-545a-4a99-bd64-b87f1c46c11a,False,9,9.0,3,3,3,3,3,154,157,42,0
T1,account:109d324e-e333-4d9a-90a6-38927dbc6157,109d324e-e333-4d9a-90a6-38927dbc6157,False,0,0.0,0,0,0,0,0,0,0,58,48
T1,account:8a5aafd8-7101-4d74-8452-911ea9ead48a,8a5aafd8-7101-4d74-8452-911ea9ead48a,False,6,6.0,2,2,2,2,2,118,120,12,0
T1,account:04d87bce-f041-4b8e-b0da-4e8146bf0d05,04d87bce-f041-4b8e-b0da-4e8146bf0d05,False,9,9.0,3,3,3,3,3,151,156,42,0
T1,account:3037be5e-d8e8-4060-96ca-45896277caf3,3037be5e-d8e8-4060-96ca-45896277caf3,False,6,6.0,2,2,2,2,2,88,88,12,0
T1,account:41e0daba-6471-43f6-bb93-a1176d83c86d,41e0daba-6471-43f6-bb93-a1176d83c86d,False,15,15.0,5,5,5,5,5,222,242,54,0
T1,account:32d2079d-7181-40b6-bf1b-b31571528ed2,32d2079d-7181-40b6-bf1b-b31571528ed2,False,18,18.0,6,6,6,6,6,293,314,55,0
T1,account:1d18835d-2c67-45bc-866a-ce78752a3dbd,1d18835d-2c67-45bc-866a-ce78752a3dbd,False,18,18.0,6,6,6,6,6,300,329,54,0
T1,account:9521cc2b-e94a-4a70-bee5-ddf4c350eed7,9521cc2b-e94a-4a70-bee5-ddf4c350eed7,False,15,15.0,5,5,5,5,5,247,262,38,0
T1,account:1fa1dcb9-1c89-4666-9b5b-161c75053b52,1fa1dcb9-1c89-4666-9b5b-161c75053b52,False,6,6.0,2,2,2,2,2,107,111,42,0
T1,account:9f80648f-0ff2-4f8b-9434-3eb43495fad8,9f80648f-0ff2-4f8b-9434-3eb43495fad8,False,9,9.0,3,3,3,3,3,146,152,73,0
T1,account:6878aa77-3435-4ae6-949c-2e6c9bfbb485,6878aa77-3435-4ae6-949c-2e6c9bfbb485,False,12,12.0,4,4,4,4,4,219,228,73,0
T1,account:f017ea7f-65eb-41ba-aeb6-f0b6b64437ac,f017ea7f-65eb-41ba-aeb6-f0b6b64437ac,False,3,3.0,1,1,1,1,1,53,53,62,0
T1,account:09a66657-d46f-40dd-acf2-fca76628a757,09a66657-d46f-40dd-acf2-fca76628a757,False,9,9.0,3,3,3,3,3,155,159,12,0
T1,account:9ea489bd-0b70-4af6-bdf9-08b4d910931b,9ea489bd-0b70-4af6-bdf9-08b4d910931b,False,9,9.0,3,3,3,3,3,164,172,8,0
T1,account:c979f640-5c9e-4484-8fec-0fe28b3796a7,c979f640-5c9e-4484-8fec-0fe28b3796a7,False,9,9.0,3,3,3,3,3,159,168,36,0
T1,account:5e165993-4ce1-4dd7-846c-c0f822f436af,5e165993-4ce1-4dd7-846c-c0f822f436af,False,3,3.0,1,1,1,1,1,61,61,43,0
T1,account:c3a74f5e-583b-48c8-8c9e-09f07f280b82,c3a74f5e-583b-48c8-8c9e-09f07f280b82,False,12,12.0,4,4,4,4,4,228,236,18,0
T1,account:0b61a670-fb01-4465-9e27-2429f66de26f,0b61a670-fb01-4465-9e27-2429f66de26f,False,3,3.0,1,1,1,1,1,57,57,42,0
T1,account:3733c1d0-422a-42b4-9735-8c54e49f9e6e,3733c1d0-422a-42b4-9735-8c54e49f9e6e,False,0,0.0,0,0,0,0,0,0,0,59,49
T1,account:d345387b-c304-4978-a1c3-c6b1b80247d6,d345387b-c304-4978-a1c3-c6b1b80247d6,False,6,6.0,2,2,2,2,2,94,94,54,0
T1,account:9b616010-505a-43e1-b812-b8cd86628838,9b616010-505a-43e1-b812-b8cd86628838,False,6,6.0,2,2,2,2,2,95,99,8,0
T1,account:4de417db-4bce-43ac-ba42-4e59f7ffdfd2,4de417db-4bce-43ac-ba42-4e59f7ffdfd2,False,0,0.0,0,0,0,0,0,0,0,60,50
T1,account:9b397e55-bddf-49c3-a25f-8accb008076b,9b397e55-bddf-49c3-a25f-8accb008076b,False,15,15.0,5,5,5,5,4,248,268,38,0
T1,account:d0af24e9-985a-400a-adbc-09fc4bf3c277,d0af24e9-985a-400a-adbc-09fc4bf3c277,False,12,12.0,4,4,4,4,4,203,213,73,0
T1,account:30352e38-c75f-4786-ac41-e508131250d7,30352e38-c75f-4786-ac41-e508131250d7,False,17,18.0,6,6,5,6,6,248,258,73,0
T1,account:222eadd2-3cb3-41f5-877e-d0a0ef2eddae,222eadd2-3cb3-41f5-877e-d0a0ef2eddae,False,0,0.0,0,0,0,0,0,0,0,61,51
T1,account:0ae4778e-4686-4dae-b48e-bad71eb2007a,0ae4778e-4686-4dae-b48e-bad71eb2007a,False,6,6.0,2,2,2,2,2,103,105,55,0
T1,account:fe45e0fa-3fa0-40e3-a58b-5f1ce58da0bf,fe45e0fa-3fa0-40e3-a58b-5f1ce58da0bf,False,12,12.0,4,4,4,4,4,196,205,12,0
T1,account:ca67c206-7ccc-441c-9207-5eda4a131dda,ca67c206-7ccc-441c-9207-5eda4a131dda,False,21,21.0,7,7,7,7,7,355,396,48,0
T1,account:a8e9e03d-b49c-4b1c-86f8-df8a945eceab,a8e9e03d-b49c-4b1c-86f8-df8a945eceab,False,5,6.0,2,2,1,2,2,81,85,12,0
T1,account:90da1a72-28e4-423d-ba6c-83ba74feb919,90da1a72-28e4-423d-ba6c-83ba74feb919,False,9,9.0,3,3,3,3,3,163,169,18,0
T1,account:de74eb6d-43a6-4bf4-9ccd-0b8b1f05e04b,de74eb6d-43a6-4bf4-9ccd-0b8b1f05e04b,False,9,9.0,3,3,3,3,3,164,175,42,0
T1,account:0fa705d1-3570-4984-8796-fbf2d761c51d,0fa705d1-3570-4984-8796-fbf2d761c51d,False,9,9.0,3,3,3,3,3,157,163,25,0
T1,account:d512c4ad-fd99-4fbf-9bff-b568843fe7f8,d512c4ad-fd99-4fbf-9bff-b568843fe7f8,False,6,6.0,2,2,2,2,2,99,99,38,0
T1,account:db71fa54-c7fe-4d01-9693-526279d529be,db71fa54-c7fe-4d01-9693-526279d529be,False,9,9.0,3,3,3,3,3,148,158,18,0
T1,account:abedfe87-7c61-4aec-b690-d0ff8e50d30b,abedfe87-7c61-4aec-b690-d0ff8e50d30b,False,12,12.0,4,4,4,4,4,208,223,55,0
T1,account:2842fc66-4169-409b-a6eb-03641dec9df7,2842fc66-4169-409b-a6eb-03641dec9df7,False,15,15.0,5,5,5,5,5,240,254,25,0
T1,account:5ead7e2b-8d7d-4144-940b-a1e210862813,5ead7e2b-8d7d-4144-940b-a1e210862813,False,15,15.0,5,5,5,5,5,262,283,8,0
T1,account:cde4404f-fa90-4672-8a60-18e624243859,cde4404f-fa90-4672-8a60-18e624243859,False,9,9.0,3,3,3,3,3,145,150,25,0
T1,account:3067b44e-0e12-4269-8961-7aa531896c25,3067b44e-0e12-4269-8961-7aa531896c25,False,9,9.0,3,3,3,3,3,173,178,25,0
T1,account:ff8ae7d0-ec8d-4b24-a308-1cef45108f16,ff8ae7d0-ec8d-4b24-a308-1cef45108f16,False,6,6.0,2,2,2,2,2,105,112,48,0
T1,account:2e6600d8-9613-46ac-88c2-b46b8b38ab7e,2e6600d8-9613-46ac-88c2-b46b8b38ab7e,False,15,15.0,5,5,5,5,5,269,288,25,0
T1,account:2c6cebf6-16e7-4b6a-8702-4e58561a8dad,2c6cebf6-16e7-4b6a-8702-4e58561a8dad,False,9,9.0,3,3,3,3,3,160,163,43,0
T1,account:79752d8d-679e-44d1-8efd-1afcf7e42392,79752d8d-679e-44d1-8efd-1afcf7e42392,False,15,15.0,5,5,5,5,5,244,259,42,0
T1,account:3332f269-2b73-4d27-abc3-d92469ac98a8,3332f269-2b73-4d27-abc3-d92469ac98a8,False,12,12.0,4,4,4,4,4,204,219,70,0
T1,account:6d215ad7-95ed-4c0d-bce8-9989eeabb8d4,6d215ad7-95ed-4c0d-bce8-9989eeabb8d4,False,6,6.0,2,2,2,2,2,96,97,38,0
T1,account:186e2ddb-f0c2-426f-96d2-a72ee9faef39,186e2ddb-f0c2-426f-96d2-a72ee9faef39,False,3,3.0,1,1,1,1,1,42,42,55,0
T1,account:345ced39-1fbe-469f-80e9-9f806cecb382,345ced39-1fbe-469f-80e9-9f806cecb382,False,6,6.0,2,2,2,2,2,107,110,36,0
T1,account:4417a7ba-bd62-4635-8565-cb085262df06,4417a7ba-bd62-4635-8565-cb085262df06,False,21,21.0,7,7,7,7,7,319,342,36,0
T1,account:b3d56647-87f3-46ad-af00-b53e8d423b8b,b3d56647-87f3-46ad-af00-b53e8d423b8b,False,12,12.0,4,4,4,4,4,214,220,62,0
T1,account:71dc08f4-f84f-4a8c-be8d-2d12e584f54a,71dc08f4-f84f-4a8c-be8d-2d12e584f54a,False,3,3.0,1,1,1,1,1,46,48,73,0
T1,account:13e5f09d-ae13-421c-b3ae-8eba9ee24af9,13e5f09d-ae13-421c-b3ae-8eba9ee24af9,False,9,9.0,3,3,3,3,3,168,174,8,0
T1,account:336c132b-c55e-46fb-a914-12dc3e24a5c2,336c132b-c55e-46fb-a914-12dc3e24a5c2,False,3,3.0,1,1,1,1,1,61,61,8,0
T1,account:9a6364fd-3543-49b8-8a03-89a8b471f195,9a6364fd-3543-49b8-8a03-89a8b471f195,False,18,18.0,6,6,6,6,6,280,302,42,0
T1,account:b0984d86-c8e5-4e69-8fed-8c72aed9574e,b0984d86-c8e5-4e69-8fed-8c72aed9574e,False,12,12.0,4,4,4,4,4,185,191,62,0
T1,account:0ceaea29-904f-414c-8ed2-b59d64ae88f3,0ceaea29-904f-414c-8ed2-b59d64ae88f3,False,12,12.0,4,4,4,4,4,219,229,8,0
T1,account:aa1927b7-c703-4deb-9adb-d7bdfe0efdbc,aa1927b7-c703-4deb-9adb-d7bdfe0efdbc,False,9,9.0,3,3,3,3,3,156,160,54,0
T1,account:4b4dcf95-d68b-49db-a388-ab128f332648,4b4dcf95-d68b-49db-a388-ab128f332648,False,3,3.0,1,1,1,1,1,67,67,54,0
T1,account:2159a0f7-4a6c-4d95-b43d-751d0b151b23,2159a0f7-4a6c-4d95-b43d-751d0b151b23,False,9,9.0,3,3,3,3,3,144,148,12,0
T1,account:337a775b-b47d-475b-8dae-6340e42fbc5f,337a775b-b47d-475b-8dae-6340e42fbc5f,False,6,6.0,2,2,2,2,2,109,112,70,0
T1,account:3cf83370-95e6-4de9-bea6-0350a3a6857e,3cf83370-95e6-4de9-bea6-0350a3a6857e,False,12,12.0,4,4,4,4,4,196,210,25,0
T1,account:b7c31705-80c2-489a-b8c9-5c185aa6968c,b7c31705-80c2-489a-b8c9-5c185aa6968c,False,6,6.0,2,2,2,2,2,116,117,62,0
T1,account:01833cbc-078b-42a3-a2c2-84d22c61a7ce,01833cbc-078b-42a3-a2c2-84d22c61a7ce,False,30,30.0,10,10,10,10,10,446,529,18,0
T1,account:43539d23-c2be-49c6-8f48-0ac3d576d578,43539d23-c2be-49c6-8f48-0ac3d576d578,False,6,6.0,2,2,2,2,2,91,92,42,0
T1,account:23cd19e8-6264-4cf7-a43c-c3f126dc03a3,23cd19e8-6264-4cf7-a43c-c3f126dc03a3,False,24,24.0,8,8,8,8,8,358,398,62,0
T1,account:f95e712c-eae8-43b1-a405-5aad44102e66,f95e712c-eae8-43b1-a405-5aad44102e66,False,3,3.0,1,1,1,1,1,50,50,18,0
T1,account:4cbcdfa3-79b5-495c-be20-2207a4b04975,4cbcdfa3-79b5-495c-be20-2207a4b04975,False,9,9.0,3,3,3,3,3,148,154,36,0
T1,account:68275a75-5007-4ae2-af15-1a9585a45587,68275a75-5007-4ae2-af15-1a9585a45587,False,6,6.0,2,2,2,2,2,100,108,38,0
T1,account:0c7c25ae-7bc8-4ad2-8c98-dfde9836153c,0c7c25ae-7bc8-4ad2-8c98-dfde9836153c,False,9,9.0,3,3,3,3,3,161,172,42,0
T1,account:42037d66-09b4-4f63-ac1a-079f01827997,42037d66-09b4-4f63-ac1a-079f01827997,False,12,12.0,4,4,4,4,4,208,221,48,0
T1,account:b08b358b-9842-4ed4-9478-123131629116,b08b358b-9842-4ed4-9478-123131629116,False,12,12.0,4,4,4,4,4,225,238,36,0
T1,account:5090c35a-3af6-49af-bfdd-1fe5b6305025,5090c35a-3af6-49af-bfdd-1fe5b6305025,False,6,6.0,2,2,2,2,2,106,107,18,0
T1,account:8d88e6e7-01fe-4c75-96f2-56de19a15518,8d88e6e7-01fe-4c75-96f2-56de19a15518,False,0,0.0,0,0,0,0,0,0,0,63,52
T1,account:858d6d16-b90c-48af-9a0e-664137fa7777,858d6d16-b90c-48af-9a0e-664137fa7777,False,26,27.0,9,8,9,9,8,438,485,55,0
T1,account:a190a101-af8a-4f3d-a462-fc37dabc98ac,a190a101-af8a-4f3d-a462-fc37dabc98ac,False,9,9.0,3,3,3,3,3,168,175,12,0
T1,account:86f3d8ae-96e4-463a-b9b4-4493462de310,86f3d8ae-96e4-463a-b9b4-4493462de310,False,9,9.0,3,3,3,3,3,168,174,42,0
T1,account:06551ee9-0f7b-4a31-8264-220a39a064d4,06551ee9-0f7b-4a31-8264-220a39a064d4,False,24,24.0,8,8,8,8,8,382,428,38,0
T1,account:dd54cc4a-595c-49ca-990b-464434eee185,dd54cc4a-595c-49ca-990b-464434eee185,False,15,15.0,5,5,5,5,5,253,265,48,0
T1,account:27036728-7159-4141-b6b9-d32337e1eff8,27036728-7159-4141-b6b9-d32337e1eff8,False,9,9.0,3,3,3,3,3,164,170,54,0
T1,account:c48832fe-01b9-4614-bafc-620612c0af76,c48832fe-01b9-4614-bafc-620612c0af76,False,12,12.0,4,4,4,4,4,201,211,70,0
T1,account:74057d94-7ed5-451a-aa7a-5ad37bcec353,74057d94-7ed5-451a-aa7a-5ad37bcec353,False,18,18.0,6,6,6,6,6,288,316,36,0
T1,account:ef632d2f-ae59-4210-9a5c-1a622b7391e8,ef632d2f-ae59-4210-9a5c-1a622b7391e8,False,21,21.0,7,7,7,7,7,368,405,38,0
T1,account:04832fcb-ad99-4595-a5ad-6d0ff170dfa1,04832fcb-ad99-4595-a5ad-6d0ff170dfa1,False,18,18.0,6,6,6,6,6,306,333,43,0
T1,account:b45415c3-c961-4fca-b94b-cda35da790dc,b45415c3-c961-4fca-b94b-cda35da790dc,False,18,18.0,6,6,6,6,6,267,288,42,0
T1,account:e4cb82e4-2ce4-4c1c-b94a-d6bc2dac0590,e4cb82e4-2ce4-4c1c-b94a-d6bc2dac0590,False,6,6.0,2,2,2,2,2,93,98,55,0
T1,account:cf1bb2eb-3bdb-4ffa-bef1-a5ff2d1827e3,cf1bb2eb-3bdb-4ffa-bef1-a5ff2d1827e3,False,9,9.0,3,3,3,3,3,137,145,43,0
T1,account:ed661106-6bc6-4909-ba7e-1fdf2391a54e,ed661106-6bc6-4909-ba7e-1fdf2391a54e,False,9,9.0,3,3,3,3,3,170,175,62,0
T1,account:1895b48b-c6ba-4c84-a4c2-00a3383536ae,1895b48b-c6ba-4c84-a4c2-00a3383536ae,False,15,15.0,5,5,5,5,5,243,263,70,0
T1,account:d9c2c449-a7ad-45c9-85d7-ec288ae7f54d,d9c2c449-a7ad-45c9-85d7-ec288ae7f54d,False,15,15.0,5,5,5,5,5,255,270,38,0
T1,account:874c83cf-66a8-46ba-bb1a-325c2668ba1f,874c83cf-66a8-46ba-bb1a-325c2668ba1f,False,6,6.0,2,2,2,2,2,103,104,25,0
T1,account:2dad1b2f-4b8e-4c89-aa42-f8e345026410,2dad1b2f-4b8e-4c89-aa42-f8e345026410,False,0,0.0,0,0,0,0,0,0,0,64,53
T1,account:8bb5052c-63ce-432a-a939-c438833da3e3,8bb5052c-63ce-432a-a939-c438833da3e3,False,15,15.0,5,5,5,5,5,230,243,36,0
T1,account:ccaaee0a-83a7-442e-9492-dd17be43e383,ccaaee0a-83a7-442e-9492-dd17be43e383,False,6,6.0,2,2,2,2,2,107,109,48,0
T1,account:bfa7cfa4-e255-452f-b283-d117e5d840fc,bfa7cfa4-e255-452f-b283-d117e5d840fc,False,6,6.0,2,2,2,2,2,92,93,48,0
T1,account:a0fbdcbb-c1fa-4a03-8110-61a2f44ca9cd,a0fbdcbb-c1fa-4a03-8110-61a2f44ca9cd,False,14,15.0,5,5,4,5,5,214,234,42,0
T1,account:60103e56-6efe-475c-a7ad-0181efb8ab6b,60103e56-6efe-475c-a7ad-0181efb8ab6b,False,15,15.0,5,5,5,5,5,245,259,8,0
T1,account:3c5e3d56-dea8-41c5-8c91-1aec5dce0d5d,3c5e3d56-dea8-41c5-8c91-1aec5dce0d5d,False,18,18.0,6,6,6,6,6,293,331,8,0
T1,account:1e54b13f-59d1-48ab-82d0-c2d6f686f046,1e54b13f-59d1-48ab-82d0-c2d6f686f046,False,9,9.0,3,3,3,3,3,157,161,42,0
T1,account:083e51f2-388b-4b76-ae9e-2e72919c75c2,083e51f2-388b-4b76-ae9e-2e72919c75c2,False,6,6.0,2,2,2,2,2,88,91,62,0
T1,account:670bc924-ab0a-444c-9c7f-070d780297e2,670bc924-ab0a-444c-9c7f-070d780297e2,False,12,12.0,4,4,4,4,4,202,214,55,0
T1,account:d24855e4-2246-4296-a153-0562128543e0,d24855e4-2246-4296-a153-0562128543e0,False,6,6.0,2,2,2,2,2,107,112,38,0
T1,account:c7d30552-846f-4204-8cf4-6357b044b714,c7d30552-846f-4204-8cf4-6357b044b714,False,3,3.0,1,1,1,1,1,39,41,48,0
T1,account:d6fc88ec-6927-4efb-b417-be8ab76af5c3,d6fc88ec-6927-4efb-b417-be8ab76af5c3,False,3,3.0,1,1,1,1,1,42,42,38,0
T1,account:2e58f97b-030c-4657-831a-ec8cd4b227ca,2e58f97b-030c-4657-831a-ec8cd4b227ca,False,15,15.0,5,5,5,5,5,255,274,25,0
T1,account:23f25306-eeaf-4cb7-9018-1a9c60e8be72,23f25306-eeaf-4cb7-9018-1a9c60e8be72,False,15,15.0,5,5,5,5,5,243,265,12,0
T1,account:fddb315a-9930-439b-aed5-5a62adaf0f11,fddb315a-9930-439b-aed5-5a62adaf0f11,False,21,21.0,7,7,7,7,7,325,354,62,0
T1,account:fb657de2-13f9-4e5c-8d47-ec17374f0cba,fb657de2-13f9-4e5c-8d47-ec17374f0cba,False,12,12.0,4,4,4,4,4,208,222,8,0
T1,account:d02255a5-411a-4942-b142-925667e5553d,d02255a5-411a-4942-b142-925667e5553d,False,12,12.0,4,4,4,4,4,187,196,54,0
T1,account:62c5e699-8733-4ccb-a6b4-1d1c99ee61e2,62c5e699-8733-4ccb-a6b4-1d1c99ee61e2,False,9,9.0,3,3,3,3,3,138,143,12,0
T1,account:f2779bed-0e90-476e-86bd-77f2dcf31830,f2779bed-0e90-476e-86bd-77f2dcf31830,False,6,6.0,2,2,2,2,2,78,82,62,0
T1,account:2211a2d0-af63-4a26-9e21-ba9bd6cf5ba2,2211a2d0-af63-4a26-9e21-ba9bd6cf5ba2,False,12,12.0,4,4,4,4,4,191,201,42,0
T1,account:5831990f-bec1-46da-96f7-ff273a6572b5,5831990f-bec1-46da-96f7-ff273a6572b5,False,0,0.0,0,0,0,0,0,0,0,65,54
T1,account:8c5df6d5-0938-45e9-9eaa-709f4b823303,8c5df6d5-0938-45e9-9eaa-709f4b823303,False,15,15.0,5,5,5,5,5,250,279,38,0
T1,account:4f105000-7be0-414c-9321-630221a224a9,4f105000-7be0-414c-9321-630221a224a9,False,9,9.0,3,3,3,3,3,160,167,54,0
T1,account:4ac20dab-c78d-4086-b8cd-4419f9ebea59,4ac20dab-c78d-4086-b8cd-4419f9ebea59,False,18,18.0,6,6,6,6,6,305,340,12,0
T1,account:ebf199e7-f88c-45c0-8a9a-6167f0649eff,ebf199e7-f88c-45c0-8a9a-6167f0649eff,False,12,12.0,4,4,4,4,4,185,195,18,0
T1,account:6af88060-377f-41f4-a470-d16d6cfdddde,6af88060-377f-41f4-a470-d16d6cfdddde,False,18,18.0,6,6,6,6,6,283,304,54,0
T1,account:1dc365ad-aa37-469e-91b2-627879fc42e3,1dc365ad-aa37-469e-91b2-627879fc42e3,False,15,15.0,5,5,5,5,5,222,237,38,0
T1,account:d01d6682-2a4e-4bc4-9183-60848f0e05a7,d01d6682-2a4e-4bc4-9183-60848f0e05a7,False,18,18.0,6,6,6,6,6,316,348,55,0
T1,account:1d9cd1c5-06e3-4ae8-bd75-8e65b7d2ab5a,1d9cd1c5-06e3-4ae8-bd75-8e65b7d2ab5a,False,15,15.0,5,5,5,5,5,285,307,70,0
T1,account:20a5c193-6cbf-4f23-8a06-2c04aae43b28,20a5c193-6cbf-4f23-8a06-2c04aae43b28,False,0,0.0,0,0,0,0,0,0,0,66,55
T1,account:5d1e1faf-38f6-476d-8612-c1fafced8251,5d1e1faf-38f6-476d-8612-c1fafced8251,False,12,12.0,4,4,4,4,4,199,211,38,0
T1,account:107ad111-f652-4ee1-912f-aac5ae9b6409,107ad111-f652-4ee1-912f-aac5ae9b6409,False,24,24.0,8,8,8,8,8,381,437,62,0
T1,account:c9ef463c-7834-4b43-95fe-27a4c2fcd8ba,c9ef463c-7834-4b43-95fe-27a4c2fcd8ba,False,12,12.0,4,4,4,4,4,182,198,18,0
T1,account:479dda1d-d529-46cc-8b82-2c6fbb992c92,479dda1d-d529-46cc-8b82-2c6fbb992c92,False,12,12.0,4,4,4,4,4,196,211,8,0
T1,account:af82c143-d066-4f12-927b-231876fb8e9f,af82c143-d066-4f12-927b-231876fb8e9f,False,6,6.0,2,2,2,2,2,118,118,70,0
T1,account:ec1e0db5-1868-4b6e-b495-06b19c340720,ec1e0db5-1868-4b6e-b495-06b19c340720,False,6,6.0,2,2,2,2,2,92,94,18,0
T1,account:49dfed11-5cb2-4ad5-a46f-2601fff83e9e,49dfed11-5cb2-4ad5-a46f-2601fff83e9e,False,6,6.0,2,2,2,2,2,100,101,62,0
T1,account:2c74d36a-cccd-4cbb-968d-80c3510bff16,2c74d36a-cccd-4cbb-968d-80c3510bff16,False,12,12.0,4,4,4,4,3,167,174,38,0
T1,account:8ae93eb5-d274-456d-a901-a939ad780515,8ae93eb5-d274-456d-a901-a939ad780515,False,12,12.0,4,4,4,4,4,194,208,55,0
T1,account:035591b6-fc2c-4d67-aeb3-95d4b594440b,035591b6-fc2c-4d67-aeb3-95d4b594440b,False,6,6.0,2,2,2,2,2,113,117,42,0
T1,account:d99f140e-ed7d-40c5-97bb-5c2f9f77406c,d99f140e-ed7d-40c5-97bb-5c2f9f77406c,False,6,6.0,2,2,2,2,2,91,91,62,0
T1,account:cc0170e9-ffae-48cf-a1ed-a5abe90770ea,cc0170e9-ffae-48cf-a1ed-a5abe90770ea,False,21,21.0,7,7,7,7,7,338,366,18,0
T1,account:09e79fc5-3d1a-42e5-adc5-32208d02e298,09e79fc5-3d1a-42e5-adc5-32208d02e298,False,12,12.0,4,4,4,4,4,209,222,42,0
T1,account:7e6d8723-3098-4549-b783-a2b147de134d,7e6d8723-3098-4549-b783-a2b147de134d,False,18,18.0,6,6,6,6,6,300,330,18,0
T1,account:0e803e87-2440-4c42-a04a-0a661c319f28,0e803e87-2440-4c42-a04a-0a661c319f28,False,9,9.0,3,3,3,3,3,142,151,55,0
T1,account:3f4f1dd1-7ff5-43e2-8166-7601fe67347f,3f4f1dd1-7ff5-43e2-8166-7601fe67347f,False,12,12.0,4,4,4,4,4,217,230,54,0
T1,account:dc2dfc4c-22f6-4baa-8fce-e2bbf63c70a7,dc2dfc4c-22f6-4baa-8fce-e2bbf63c70a7,False,0,0.0,0,0,0,0,0,0,0,67,56
T1,account:3a5c3f11-533c-4e37-b497-8db11e53cb82,3a5c3f11-533c-4e37-b497-8db11e53cb82,False,17,18.0,6,6,5,6,6,257,280,25,0
T1,account:5149c298-c286-4b5d-82be-55b06fdf48f0,5149c298-c286-4b5d-82be-55b06fdf48f0,False,6,6.0,2,2,2,2,2,99,101,12,0
T1,account:c6134246-32ac-479f-98be-96a659ea1fc3,c6134246-32ac-479f-98be-96a659ea1fc3,False,9,9.0,3,3,3,3,3,149,151,12,0
T1,account:53bf077a-8b29-4344-a691-2c6fc0fa8df9,53bf077a-8b29-4344-a691-2c6fc0fa8df9,False,6,6.0,2,2,2,2,2,103,105,73,0
T1,account:0e6e4788-e40f-4bc1-838c-d44647f688f2,0e6e4788-e40f-4bc1-838c-d44647f688f2,False,6,6.0,2,2,2,2,2,92,92,12,0
T1,account:cf46d69c-9292-4523-9fb7-dc4a41b2042b,cf46d69c-9292-4523-9fb7-dc4a41b2042b,False,9,9.0,3,3,3,3,3,149,155,42,0
T1,account:acaf3816-a8e5-421d-be1c-8b29fd444cca,acaf3816-a8e5-421d-be1c-8b29fd444cca,False,11,12.0,3,4,4,3,4,189,203,48,0
T1,account:b98ae858-850a-40d7-a4c6-dc4780db78a6,b98ae858-850a-40d7-a4c6-dc4780db78a6,False,12,12.0,4,4,4,4,4,204,213,38,0
T1,account:e34e46f8-60a8-4191-b678-ce3213c73f23,e34e46f8-60a8-4191-b678-ce3213c73f23,False,15,15.0,5,5,5,5,5,243,267,36,0
T1,account:2969673e-b503-4a5e-b354-d5d1a83c583e,2969673e-b503-4a5e-b354-d5d1a83c583e,False,15,15.0,5,5,5,5,5,228,243,42,0
T1,account:cd93d6cb-dcd0-4e7a-a985-2c85e59eb49a,cd93d6cb-dcd0-4e7a-a985-2c85e59eb49a,False,12,12.0,4,4,4,4,4,182,193,18,0
T1,account:924e09fd-39fb-4b75-a966-ca4bce24c92e,924e09fd-39fb-4b75-a966-ca4bce24c92e,False,15,15.0,5,5,5,5,5,242,260,42,0
T1,account:cf4bc8cf-f0ba-43c4-9e75-ca5fad82c3af,cf4bc8cf-f0ba-43c4-9e75-ca5fad82c3af,False,9,9.0,3,3,3,3,3,158,164,54,0
T1,account:08fe57d4-f31a-4bc9-94ad-505cef2c31d3,08fe57d4-f31a-4bc9-94ad-505cef2c31d3,False,18,18.0,6,6,6,6,6,308,344,70,0
T1,account:5cb783c7-af22-420c-9342-867a9c4502cb,5cb783c7-af22-420c-9342-867a9c4502cb,False,6,6.0,2,2,2,2,2,85,86,12,0
T1,account:8e9b94d9-3527-4551-8068-a7cd6a34f3b7,8e9b94d9-3527-4551-8068-a7cd6a34f3b7,False,9,9.0,3,3,3,3,3,166,169,55,0
T1,account:dc167d11-1ad2-446e-beb6-91b0192e43af,dc167d11-1ad2-446e-beb6-91b0192e43af,False,8,9.0,3,3,2,3,3,111,113,48,0
T1,account:f12bcf38-2171-4cd6-9ee6-d3e14da6c30a,f12bcf38-2171-4cd6-9ee6-d3e14da6c30a,False,15,15.0,5,5,5,5,5,240,256,48,0
T1,account:2b868308-9022-424a-aa68-303bb0e7ba4a,2b868308-9022-424a-aa68-303bb0e7ba4a,False,9,9.0,3,3,3,3,3,162,171,12,0
T1,account:5422c354-3e66-4c3f-9d15-dee0dc2cd4ac,5422c354-3e66-4c3f-9d15-dee0dc2cd4ac,False,6,6.0,2,2,2,2,2,118,122,70,0
T1,account:616c1e7d-1843-4bed-974b-e3b65b88d59c,616c1e7d-1843-4bed-974b-e3b65b88d59c,False,15,15.0,5,5,5,5,5,231,246,55,0
T1,account:2404e740-e3f4-4686-b889-4af468a905b4,2404e740-e3f4-4686-b889-4af468a905b4,False,3,3.0,1,1,1,1,1,48,48,73,0
T1,account:eb5f7597-9c46-4af5-992a-78e13b748a83,eb5f7597-9c46-4af5-992a-78e13b748a83,False,12,12.0,4,4,4,4,4,194,205,54,0
T1,account:e5f3196e-f5df-40ff-9312-3c9bb0a9819b,e5f3196e-f5df-40ff-9312-3c9bb0a9819b,False,3,3.0,1,1,1,1,1,65,65,36,0
T1,account:47fe7b74-5410-4411-8bce-eca7208c4175,47fe7b74-5410-4411-8bce-eca7208c4175,False,8,9.0,3,2,3,3,2,147,150,73,0
T1,account:bba03491-65e6-49e9-8e8c-10234b9f2837,bba03491-65e6-49e9-8e8c-10234b9f2837,False,9,9.0,3,3,3,3,3,128,133,38,0
T1,account:a199217c-4525-45ee-9484-e788ce18b980,a199217c-4525-45ee-9484-e788ce18b980,False,3,3.0,1,1,1,1,1,39,39,43,0
T1,account:9c778e02-03ad-489e-af4b-37219daf991e,9c778e02-03ad-489e-af4b-37219daf991e,False,24,24.0,8,8,8,8,7,369,404,55,0
T1,account:daef16ac-90e8-4947-9371-8317560e0507,daef16ac-90e8-4947-9371-8317560e0507,False,15,15.0,5,5,5,5,5,241,258,38,0
T1,account:1f890398-4097-4bf6-9657-8d7929b02c71,1f890398-4097-4bf6-9657-8d7929b02c71,False,12,12.0,4,4,4,4,4,213,227,8,0
T1,account:ad8293d4-fdbb-43d9-b85a-783fb48a4a96,ad8293d4-fdbb-43d9-b85a-783fb48a4a96,False,12,12.0,4,4,4,4,4,184,191,55,0
T1,account:4dd397d8-837a-4d9b-a169-277cd0176c69,4dd397d8-837a-4d9b-a169-277cd0176c69,False,9,9.0,3,3,3,3,3,145,147,54,0
T1,account:847eff73-a4fa-4737-acae-b4093880077c,847eff73-a4fa-4737-acae-b4093880077c,False,21,21.0,7,7,7,7,7,332,367,8,0
T1,account:e8cc94fe-04de-48c6-a02a-7dd27600cfa7,e8cc94fe-04de-48c6-a02a-7dd27600cfa7,False,9,9.0,3,3,3,3,3,142,149,54,0
T1,account:5afe2805-30b3-4031-b814-7e1e0dd387b2,5afe2805-30b3-4031-b814-7e1e0dd387b2,False,12,12.0,4,4,4,4,4,191,194,38,0
T1,account:614ec2ef-f5d5-47ff-8f31-69c1afd63e17,614ec2ef-f5d5-47ff-8f31-69c1afd63e17,False,0,0.0,0,0,0,0,0,0,0,68,57
T1,account:421c8307-59c1-4054-9177-a81b96601546,421c8307-59c1-4054-9177-a81b96601546,False,6,6.0,2,2,2,2,2,76,78,38,0
T1,account:b4de6b2f-6898-4c2d-b94c-65dccc9b81c0,b4de6b2f-6898-4c2d-b94c-65dccc9b81c0,False,12,12.0,4,4,4,4,4,210,217,38,0
T1,account:2f7b1a00-25d4-459b-96a6-a18a64629392,2f7b1a00-25d4-459b-96a6-a18a64629392,False,15,15.0,5,5,5,5,5,236,257,12,0
T1,account:eccd5799-5e2d-4efb-b812-2378104812b9,eccd5799-5e2d-4efb-b812-2378104812b9,False,6,6.0,2,2,2,2,2,104,110,73,0
T1,account:dc4b3a20-b5dd-407a-b858-0be9af1515ea,dc4b3a20-b5dd-407a-b858-0be9af1515ea,False,12,12.0,4,4,4,4,4,190,198,48,0
T1,account:80c0046d-4fed-418d-bcf6-4df8c6cf2354,80c0046d-4fed-418d-bcf6-4df8c6cf2354,False,3,3.0,1,1,1,1,1,54,54,25,0
T1,account:43ad7688-ff5a-4107-8a6a-be779a553321,43ad7688-ff5a-4107-8a6a-be779a553321,False,9,9.0,3,3,3,3,3,154,157,55,0
T1,account:d9798898-495f-4e7f-9ac6-2f0058eaf959,d9798898-495f-4e7f-9ac6-2f0058eaf959,False,12,12.0,4,4,4,4,4,186,193,48,0
T1,account:56b8537f-c820-4b3c-832f-99fefb06c3fb,56b8537f-c820-4b3c-832f-99fefb06c3fb,False,18,18.0,6,6,6,6,6,269,288,55,0
T1,account:f4767bb0-0e2e-4318-bc89-f7865465e6a1,f4767bb0-0e2e-4318-bc89-f7865465e6a1,False,9,9.0,3,3,3,3,3,141,149,54,0
T1,account:c42a776f-c6a8-4e40-b358-392ab862154c,c42a776f-c6a8-4e40-b358-392ab862154c,False,9,9.0,3,3,3,3,3,155,158,42,0
T1,account:e7206cb5-1d0d-4745-9213-14dfb4959f87,e7206cb5-1d0d-4745-9213-14dfb4959f87,False,3,3.0,1,1,1,1,1,55,55,48,0
T1,account:75aa1702-39fb-446e-9438-d974bbd11d3c,75aa1702-39fb-446e-9438-d974bbd11d3c,False,9,9.0,3,3,3,3,3,154,156,55,0
T1,account:b31c6649-dfff-48e2-9ee5-9a94f41eee59,b31c6649-dfff-48e2-9ee5-9a94f41eee59,False,3,3.0,1,1,1,1,1,46,46,43,0
T1,account:5545adc5-fc3f-4d30-9f16-77afc6069c6b,5545adc5-fc3f-4d30-9f16-77afc6069c6b,False,6,6.0,2,2,2,2,2,94,97,55,0
T1,account:f6cc8108-807d-49f2-a31e-565cb45071f1,f6cc8108-807d-49f2-a31e-565cb45071f1,False,12,12.0,4,4,4,4,4,205,210,36,0
T1,account:dbac2c7d-36d0-4031-83f8-3212cfffdb08,dbac2c7d-36d0-4031-83f8-3212cfffdb08,False,12,12.0,4,4,4,4,4,211,219,62,0
T1,account:f064fec1-7820-4e07-8e91-5c2b80ea2c80,f064fec1-7820-4e07-8e91-5c2b80ea2c80,False,3,3.0,1,1,1,1,1,38,39,55,0
T1,account:ca5e4920-2401-4a92-af52-8468a739360a,ca5e4920-2401-4a92-af52-8468a739360a,False,12,12.0,4,4,4,4,4,202,215,18,0
T1,account:398b15f7-8f75-4839-b438-d0d232769247,398b15f7-8f75-4839-b438-d0d232769247,False,9,9.0,3,3,3,3,3,166,173,18,0
T1,account:28347165-7886-4ea0-a5f5-ef227dba007e,28347165-7886-4ea0-a5f5-ef227dba007e,False,6,6.0,2,2,2,2,2,105,108,25,0
T1,account:b228d4f5-b86b-4a4f-b19a-d64221fecc6d,b228d4f5-b86b-4a4f-b19a-d64221fecc6d,False,12,12.0,4,4,4,4,4,197,211,48,0
T1,account:70a600fe-7a35-45e1-8b9b-773536fd6410,70a600fe-7a35-45e1-8b9b-773536fd6410,False,12,12.0,4,4,4,4,4,187,200,62,0
T1,account:dd7e9036-4c81-4278-b406-04b24fbf3921,dd7e9036-4c81-4278-b406-04b24fbf3921,False,9,9.0,3,3,3,3,3,143,148,54,0
T1,account:5450efbd-c9a7-450a-bebc-b429d9f856d0,5450efbd-c9a7-450a-bebc-b429d9f856d0,False,15,15.0,5,5,5,5,5,245,267,73,0
T1,account:fcaad7dd-b8d7-409e-aae6-e09d56f0f02f,fcaad7dd-b8d7-409e-aae6-e09d56f0f02f,False,6,6.0,2,2,2,2,2,99,102,54,0
T1,account:4e7226b5-7c6c-4200-8d70-ad31503cbf1c,4e7226b5-7c6c-4200-8d70-ad31503cbf1c,False,6,6.0,2,2,2,2,2,99,99,54,0
T1,account:eb8e090b-f905-4547-985c-c3e3c969157c,eb8e090b-f905-4547-985c-c3e3c969157c,False,15,15.0,5,5,5,5,5,246,262,73,0
T1,account:a7853415-79da-4f22-bb6d-549c3f409db3,a7853415-79da-4f22-bb6d-549c3f409db3,False,0,0.0,0,0,0,0,0,0,0,69,58
T1,account:b79cc574-fcb0-441f-888a-9e6dc925f7f2,b79cc574-fcb0-441f-888a-9e6dc925f7f2,False,6,6.0,2,2,2,2,2,113,115,54,0
T1,account:72c799e3-a972-45ab-94a1-b5b8b8c9fcf0,72c799e3-a972-45ab-94a1-b5b8b8c9fcf0,False,6,6.0,2,2,2,2,2,79,83,42,0
T1,account:76f5bc4a-61ae-4c5c-8d77-db705ddf50fc,76f5bc4a-61ae-4c5c-8d77-db705ddf50fc,False,6,6.0,2,2,2,2,2,122,129,12,0
T1,account:91218db0-1b62-4408-9634-1e48431a1e86,91218db0-1b62-4408-9634-1e48431a1e86,False,3,3.0,1,1,1,1,1,54,54,42,0
T1,account:25beb3da-056d-473b-b834-6abd5ddfefd9,25beb3da-056d-473b-b834-6abd5ddfefd9,False,3,3.0,1,1,1,1,1,58,58,55,0
T1,account:7eafa8ec-5677-448e-8b88-a4f8df011500,7eafa8ec-5677-448e-8b88-a4f8df011500,False,9,9.0,3,3,3,3,3,166,172,38,0
T1,account:44d355ec-8718-4c81-a124-726341294b59,44d355ec-8718-4c81-a124-726341294b59,False,23,24.0,8,8,7,8,8,371,414,18,0
T1,account:a5457d41-1da7-4f9d-9e98-73955be45b8b,a5457d41-1da7-4f9d-9e98-73955be45b8b,False,6,6.0,2,2,2,2,2,111,112,38,0
T1,account:f47c069b-f707-45dc-ba15-fa6ab758effc,f47c069b-f707-45dc-ba15-fa6ab758effc,False,9,9.0,3,3,3,3,3,152,155,42,0
T1,account:2b565995-f78b-44fc-83a1-f16e332635d8,2b565995-f78b-44fc-83a1-f16e332635d8,False,12,12.0,4,4,4,4,4,212,225,42,0
T1,account:4fa3eec6-1e36-45aa-8d8a-a1a3598efc79,4fa3eec6-1e36-45aa-8d8a-a1a3598efc79,False,9,9.0,3,3,3,3,3,165,172,38,0
T1,account:591d286a-f331-4005-98ea-212c3414fb3e,591d286a-f331-4005-98ea-212c3414fb3e,False,15,15.0,5,5,5,5,5,266,282,18,0
T1,account:4b423032-e56a-41d0-966e-c0b664e573a1,4b423032-e56a-41d0-966e-c0b664e573a1,False,3,3.0,1,1,1,1,1,45,45,42,0
T1,account:8a078eca-8c06-474f-8ac1-60762361772f,8a078eca-8c06-474f-8ac1-60762361772f,False,6,6.0,2,2,2,2,2,109,114,54,0
T1,account:82ddbe5e-a979-4bbb-8f47-90fa95cafbfe,82ddbe5e-a979-4bbb-8f47-90fa95cafbfe,False,24,24.0,8,8,8,8,8,348,392,55,0
T1,account:ae9e11ff-1866-4d75-a339-5d1b5e75ab46,ae9e11ff-1866-4d75-a339-5d1b5e75ab46,False,15,15.0,5,5,5,5,5,252,265,43,0
T1,account:37677d00-5e60-471b-aaf2-85a7577b1e40,37677d00-5e60-471b-aaf2-85a7577b1e40,False,12,12.0,4,4,4,4,4,185,190,12,0
T1,account:908c9a33-a0e1-4023-b4c5-0ad2a820df5d,908c9a33-a0e1-4023-b4c5-0ad2a820df5d,False,12,12.0,4,4,4,4,4,218,231,54,0
T1,account:34281ae9-0704-4ac8-a7be-782c81254f8b,34281ae9-0704-4ac8-a7be-782c81254f8b,False,6,6.0,2,2,2,2,2,92,96,38,0
T1,account:bbca7e6e-a614-41e2-892f-8acc1f64c216,bbca7e6e-a614-41e2-892f-8acc1f64c216,False,15,15.0,5,5,5,5,5,238,251,25,0
T1,account:61d2437f-3113-4532-bff2-edc62da71337,61d2437f-3113-4532-bff2-edc62da71337,False,15,15.0,5,5,5,5,5,276,291,12,0
T1,account:1e364176-1350-41bd-9151-7b8bbf8f480b,1e364176-1350-41bd-9151-7b8bbf8f480b,False,6,6.0,2,2,2,2,2,108,111,12,0
T1,account:84daa26b-a755-4f5b-a011-67c0f5cd1fa7,84daa26b-a755-4f5b-a011-67c0f5cd1fa7,False,3,3.0,1,1,1,1,1,48,48,43,0
T1,account:eae1211c-6720-49d7-801d-a374707661d0,eae1211c-6720-49d7-801d-a374707661d0,False,6,6.0,2,2,2,2,2,105,108,42,0
T1,account:ac4bf5d8-a88a-4062-80b1-4bec18550963,ac4bf5d8-a88a-4062-80b1-4bec18550963,False,3,3.0,1,1,1,1,1,53,53,12,0
T1,account:9c80edc7-63a1-4fa4-92fa-a3a82f4182b9,9c80edc7-63a1-4fa4-92fa-a3a82f4182b9,False,6,6.0,2,2,2,2,2,110,110,42,0
T1,account:a70fa3ec-9eec-4e77-9e25-eba2d56d3e0a,a70fa3ec-9eec-4e77-9e25-eba2d56d3e0a,False,21,21.0,7,7,7,7,7,354,379,8,0
T1,account:e20d3848-fe7d-4775-ace6-4baa714efff6,e20d3848-fe7d-4775-ace6-4baa714efff6,False,9,9.0,3,3,3,3,3,144,150,48,0
T1,account:4ceed239-6089-41a7-8f10-c937c965a56c,4ceed239-6089-41a7-8f10-c937c965a56c,False,9,9.0,3,3,3,3,3,153,159,42,0
T1,account:61f32f5f-37c7-4e09-92c1-e2bf34d52309,61f32f5f-37c7-4e09-92c1-e2bf34d52309,False,15,15.0,5,5,5,5,5,254,269,42,0
T1,account:972728fd-822f-43ac-b681-a17af21ad987,972728fd-822f-43ac-b681-a17af21ad987,False,12,12.0,4,4,4,4,4,184,197,36,0
T1,account:d7d9232c-1c9c-4c46-a94e-5267211b2eaf,d7d9232c-1c9c-4c46-a94e-5267211b2eaf,False,3,3.0,1,1,1,1,1,52,53,55,0
T1,account:e8bd2165-bfd1-4d05-8c71-3fb3454a6ea7,e8bd2165-bfd1-4d05-8c71-3fb3454a6ea7,False,9,9.0,3,3,3,3,3,166,172,38,0
T1,account:da6906da-1925-4351-acc0-e417605fccbc,da6906da-1925-4351-acc0-e417605fccbc,False,6,6.0,2,2,2,2,2,102,103,54,0
T1,account:65a85efe-4753-4f8d-9092-a325b2935e99,65a85efe-4753-4f8d-9092-a325b2935e99,False,6,6.0,2,2,2,2,2,95,95,48,0
T1,account:57022b67-b732-46ad-a004-a0055f5ae0f3,57022b67-b732-46ad-a004-a0055f5ae0f3,False,6,6.0,2,2,2,2,2,104,104,54,0
T1,account:59663558-caa3-40d3-abba-fd2c760be983,59663558-caa3-40d3-abba-fd2c760be983,False,9,9.0,3,3,3,3,3,146,151,73,0
T1,account:ee0dd623-55cf-446d-b8ed-1bc19c09f58d,ee0dd623-55cf-446d-b8ed-1bc19c09f58d,False,3,3.0,1,1,1,1,1,43,43,38,0
T1,account:3c9ebbb1-9da1-4b51-a526-2de755d81fe1,3c9ebbb1-9da1-4b51-a526-2de755d81fe1,False,3,3.0,1,1,1,1,1,62,62,42,0
T1,account:29f4e9b4-6450-45f5-b84d-c06f4f032181,29f4e9b4-6450-45f5-b84d-c06f4f032181,False,3,3.0,1,1,1,1,1,53,53,12,0
T1,account:6292cc4a-c5aa-4e22-95bf-b0a7f49ff97e,6292cc4a-c5aa-4e22-95bf-b0a7f49ff97e,False,12,12.0,4,4,4,4,4,197,214,18,0
T1,account:27c72c67-61a7-410b-91cf-dc6c4548b163,27c72c67-61a7-410b-91cf-dc6c4548b163,False,9,9.0,3,3,3,3,3,167,176,38,0
T1,account:cbbc9a1d-1c28-4c29-802c-f88774aa39b8,cbbc9a1d-1c28-4c29-802c-f88774aa39b8,False,9,9.0,3,3,3,3,3,143,154,42,0
T1,account:bcc3cac7-f131-498d-a3b6-1cb7840bef5c,bcc3cac7-f131-498d-a3b6-1cb7840bef5c,False,18,18.0,6,6,6,6,6,300,314,73,0
T1,account:8a9734eb-0f26-431e-815a-33a6fcfb821e,8a9734eb-0f26-431e-815a-33a6fcfb821e,False,9,9.0,3,3,3,3,3,146,149,38,0
T1,account:796f3f0c-fb42-479b-9089-dc8bfe098546,796f3f0c-fb42-479b-9089-dc8bfe098546,False,9,9.0,3,3,3,3,3,138,149,55,0
T1,account:99a51139-702e-45b2-bafb-9ee821d636e7,99a51139-702e-45b2-bafb-9ee821d636e7,False,6,6.0,2,2,2,2,2,100,102,12,0
T1,account:60b426cc-a9a8-4114-907c-1700729e1599,60b426cc-a9a8-4114-907c-1700729e1599,False,17,18.0,6,5,6,6,5,304,340,8,0
T1,account:584c8e40-00dc-42c4-a07e-deadcec0f6e4,584c8e40-00dc-42c4-a07e-deadcec0f6e4,False,6,6.0,2,2,2,2,2,95,96,55,0
T1,account:bd164ddd-e437-42e1-9571-bff550602d50,bd164ddd-e437-42e1-9571-bff550602d50,False,6,6.0,2,2,2,2,2,91,92,62,0
T1,account:ca1b4c5f-1806-49bf-92f2-24173a86dbc2,ca1b4c5f-1806-49bf-92f2-24173a86dbc2,False,6,6.0,2,2,2,2,2,97,99,12,0
T1,account:e89d37e5-b9ad-4dc6-b25d-29b48646b68b,e89d37e5-b9ad-4dc6-b25d-29b48646b68b,False,12,12.0,4,4,4,4,4,202,209,18,0
T1,account:51b8f3a5-35bd-4f10-bdc2-b0188189d9b7,51b8f3a5-35bd-4f10-bdc2-b0188189d9b7,False,9,9.0,3,3,3,3,3,153,159,12,0
T1,account:d530548d-11f0-42d6-afa5-e0d8ac8f7d16,d530548d-11f0-42d6-afa5-e0d8ac8f7d16,False,6,6.0,2,2,2,2,2,108,111,36,0
T1,account:54f5f397-a545-45be-83f3-a6c99e32ac5e,54f5f397-a545-45be-83f3-a6c99e32ac5e,False,9,9.0,3,3,3,3,3,152,157,62,0
T1,account:eca60c71-fe0f-4ab0-b90d-2de37e68acd9,eca60c71-fe0f-4ab0-b90d-2de37e68acd9,False,0,0.0,0,0,0,0,0,0,0,71,59
T1,account:e5e2a4f0-38d0-492c-b9c4-fe52a23c778b,e5e2a4f0-38d0-492c-b9c4-fe52a23c778b,False,6,6.0,2,2,2,2,2,109,113,42,0
T1,account:739fa601-6de4-40d5-b065-18eedf6d1d24,739fa601-6de4-40d5-b065-18eedf6d1d24,False,0,0.0,0,0,0,0,0,0,0,72,60
T1,account:7616f6a0-28d2-48bf-95d3-f56f77539c87,7616f6a0-28d2-48bf-95d3-f56f77539c87,False,21,21.0,7,7,7,7,7,327,352,42,0
T1,account:084a697b-7dca-4a5f-88ae-427bec0ac82b,084a697b-7dca-4a5f-88ae-427bec0ac82b,False,6,6.0,2,2,2,2,2,110,114,54,0
T1,account:7a8df1aa-fafb-4b87-8988-2aaeabba85e3,7a8df1aa-fafb-4b87-8988-2aaeabba85e3,False,9,9.0,3,3,3,3,3,157,163,42,0
T1,account:243ed112-3079-4847-8092-61b9daba3a1e,243ed112-3079-4847-8092-61b9daba3a1e,False,12,12.0,4,4,4,4,4,198,204,55,0
T1,account:229168e9-7a58-4f8c-940c-5130d4705e69,229168e9-7a58-4f8c-940c-5130d4705e69,False,6,6.0,2,2,2,2,2,111,117,38,0
T1,account:0cf17b03-93b1-4c21-b220-e7153ed88496,0cf17b03-93b1-4c21-b220-e7153ed88496,False,18,18.0,6,6,6,6,6,297,328,54,0
T1,account:5c1f4cbf-6cbb-451d-a030-d3a246e3f715,5c1f4cbf-6cbb-451d-a030-d3a246e3f715,False,18,18.0,6,6,6,6,6,281,305,42,0
T1,account:cc2d701e-0254-47c9-b957-4f5a10cb8111,cc2d701e-0254-47c9-b957-4f5a10cb8111,False,9,9.0,3,3,3,3,3,162,166,18,0
T1,account:1a0b9fa2-b2a9-47dd-989d-8ea3b1ff19d8,1a0b9fa2-b2a9-47dd-989d-8ea3b1ff19d8,False,6,6.0,2,2,2,2,2,103,106,42,0
T1,account:d3846734-17b0-40b9-be9d-2b7e85c15e40,d3846734-17b0-40b9-be9d-2b7e85c15e40,False,9,9.0,3,3,3,3,3,158,163,73,0
T1,account:6edfe292-f7d4-4c94-a621-77dd5d9ff0fc,6edfe292-f7d4-4c94-a621-77dd5d9ff0fc,False,9,9.0,3,3,3,3,3,150,152,12,0
T1,account:1143e90d-2bf8-4761-b5ab-328d66cfd259,1143e90d-2bf8-4761-b5ab-328d66cfd259,False,12,12.0,4,4,4,4,4,186,195,42,0
T1,account:fe4fd3df-15f1-4089-85f9-a20753876bea,fe4fd3df-15f1-4089-85f9-a20753876bea,False,3,3.0,1,1,1,1,1,58,58,73,0
T1,account:dc1bcdd0-fdfb-45a3-a3f0-d1dcde6dc907,dc1bcdd0-fdfb-45a3-a3f0-d1dcde6dc907,False,15,15.0,5,5,5,5,5,250,270,55,0
T1,account:d23c00c7-47ba-4318-800c-9bffae72aca9,d23c00c7-47ba-4318-800c-9bffae72aca9,False,15,15.0,5,5,5,5,5,254,267,8,0
T1,account:bb997167-b2f7-43a7-8016-8748b215e947,bb997167-b2f7-43a7-8016-8748b215e947,False,9,9.0,3,3,3,3,3,155,161,70,0
T1,account:9db14b1b-a1ce-4455-a6e9-304fbd32a594,9db14b1b-a1ce-4455-a6e9-304fbd32a594,False,14,15.0,5,5,4,5,5,226,234,12,0
T1,account:96b26f7a-7472-43f3-818b-6de69bb6487d,96b26f7a-7472-43f3-818b-6de69bb6487d,False,6,6.0,2,2,2,2,2,119,122,48,0
T1,account:d6a5b1a4-f956-44b2-86c5-681df9cdd26e,d6a5b1a4-f956-44b2-86c5-681df9cdd26e,False,6,6.0,2,2,2,2,2,98,102,62,0
T1,account:91c25c8f-20cd-48f7-a838-e9a24f94493b,91c25c8f-20cd-48f7-a838-e9a24f94493b,False,12,12.0,4,4,4,4,4,191,202,55,0
T1,account:e4925f99-daac-45b4-87af-5cb08283fbe6,e4925f99-daac-45b4-87af-5cb08283fbe6,False,3,3.0,1,1,1,1,1,52,53,42,0
T1,account:d3c637ed-fcc8-495e-9077-6a9db0ceefa5,d3c637ed-fcc8-495e-9077-6a9db0ceefa5,False,18,18.0,6,6,6,6,6,311,336,54,0
T1,account:9351cd34-4a33-4c24-915f-3b8e72c49332,9351cd34-4a33-4c24-915f-3b8e72c49332,False,6,6.0,2,2,2,2,2,101,101,38,0
T1,account:b45a643c-d1e2-499e-98a7-03996da8e27b,b45a643c-d1e2-499e-98a7-03996da8e27b,False,3,3.0,1,1,1,1,1,64,64,8,0
T1,account:208fbd55-d132-4ea0-9171-78c954a5fdb9,208fbd55-d132-4ea0-9171-78c954a5fdb9,False,9,9.0,3,3,3,3,3,150,158,12,0
T1,account:24ca3424-a7ea-461f-9d0d-b9ef8e3a5a4a,24ca3424-a7ea-461f-9d0d-b9ef8e3a5a4a,False,6,6.0,2,2,2,2,2,105,106,73,0
T1,account:bc77d311-5093-4c47-98a9-1115af54b617,bc77d311-5093-4c47-98a9-1115af54b617,False,6,6.0,2,2,2,2,2,99,101,73,0
T1,account:7502a8a2-05ff-4b44-a9ef-709fd230c5e8,7502a8a2-05ff-4b44-a9ef-709fd230c5e8,False,9,9.0,3,3,3,3,3,152,154,48,0
T1,account:ce1ce6b3-fd06-4257-a413-a00acc042d73,ce1ce6b3-fd06-4257-a413-a00acc042d73,False,14,15.0,5,5,4,5,5,203,218,38,0
T1,account:4de93d3b-2884-4424-960a-fdaee5da7b1f,4de93d3b-2884-4424-960a-fdaee5da7b1f,False,6,6.0,2,2,2,2,2,93,96,62,0
T1,account:cebd0d12-093f-4b30-8cda-9bce483204ac,cebd0d12-093f-4b30-8cda-9bce483204ac,False,12,12.0,4,4,4,4,4,189,201,36,0
T1,account:4b5fed18-be29-40ef-94e4-c84a453d32c3,4b5fed18-be29-40ef-94e4-c84a453d32c3,False,12,12.0,4,4,4,4,4,207,221,73,0
T1,account:f24f6e7f-a08d-4755-8f0e-fe3aa5ffb975,f24f6e7f-a08d-4755-8f0e-fe3aa5ffb975,False,12,12.0,4,4,4,4,4,184,193,48,0
T1,account:c7abb14e-c9a0-46d4-a510-34d0ab99c63f,c7abb14e-c9a0-46d4-a510-34d0ab99c63f,False,6,6.0,2,2,2,2,2,90,90,38,0
T1,account:de8d1c12-b6ff-4372-8335-bc0012a317eb,de8d1c12-b6ff-4372-8335-bc0012a317eb,False,15,15.0,5,5,5,5,5,257,282,54,0
T1,account:f83ee271-c28f-4c84-874c-d9eb6a5951eb,f83ee271-c28f-4c84-874c-d9eb6a5951eb,False,6,6.0,2,2,2,2,2,98,102,12,0
T1,account:d08382de-6ef3-4d41-9cd3-56652a329637,d08382de-6ef3-4d41-9cd3-56652a329637,False,12,12.0,4,4,4,4,4,186,192,42,0
T1,account:ab66db08-c63f-437f-a1cf-172ecf8605b9,ab66db08-c63f-437f-a1cf-172ecf8605b9,False,3,3.0,1,1,1,1,1,50,50,73,0
T1,account:f266105f-b273-4c8b-9d5b-45707ba7fbfb,f266105f-b273-4c8b-9d5b-45707ba7fbfb,False,9,9.0,3,3,3,3,3,154,160,36,0
T1,account:d396ee2c-815e-4e38-ad4b-cd1c6a1c91ce,d396ee2c-815e-4e38-ad4b-cd1c6a1c91ce,False,24,24.0,8,8,8,8,8,360,413,43,0
T1,account:fc7a7c17-df9a-4404-a6e4-a554998581f3,fc7a7c17-df9a-4404-a6e4-a554998581f3,False,12,12.0,4,4,4,4,4,217,228,38,0
T1,account:83c46b2a-357e-4378-b25b-5500c1693f88,83c46b2a-357e-4378-b25b-5500c1693f88,False,3,3.0,1,1,1,1,1,61,62,12,0
T1,account:fb7d792d-feac-47f6-b57a-18ff84fcf422,fb7d792d-feac-47f6-b57a-18ff84fcf422,False,18,18.0,6,6,6,6,6,277,306,73,0
T1,account:70604241-2a9d-48d1-aca2-7c6ac4030c6d,70604241-2a9d-48d1-aca2-7c6ac4030c6d,False,9,9.0,3,3,3,3,3,162,169,12,0
T1,account:ef4a1304-f648-48ea-b763-e8c2af329b57,ef4a1304-f648-48ea-b763-e8c2af329b57,False,12,12.0,4,4,4,4,4,193,206,12,0
T1,account:2fa1bdbb-6df4-4a6a-a58f-d1c4c02f5867,2fa1bdbb-6df4-4a6a-a58f-d1c4c02f5867,False,15,15.0,5,5,5,5,5,266,287,43,0
T1,account:0e84c5d6-9ad3-4da6-8210-53209db34ecf,0e84c5d6-9ad3-4da6-8210-53209db34ecf,False,15,15.0,5,5,5,5,5,255,278,54,0
T1,account:c73bc735-d9eb-44cc-b760-f0e614572852,c73bc735-d9eb-44cc-b760-f0e614572852,False,15,15.0,5,5,5,5,5,251,270,55,0
T1,account:ccdd67fe-45d6-42c9-9902-52abddadfe2c,ccdd67fe-45d6-42c9-9902-52abddadfe2c,False,9,9.0,3,3,3,3,3,156,162,8,0
T1,account:88060f16-7397-47d8-bf9b-43f8c54c1853,88060f16-7397-47d8-bf9b-43f8c54c1853,False,15,15.0,5,5,5,5,5,254,275,73,0
T1,account:395761ce-af7a-43a2-a17f-6ec01e313090,395761ce-af7a-43a2-a17f-6ec01e313090,False,6,6.0,2,2,2,2,2,97,98,62,0
T1,account:47824519-e23d-4940-ab23-16aa9060aef8,47824519-e23d-4940-ab23-16aa9060aef8,False,14,15.0,4,5,5,4,5,232,244,42,0
T1,account:5f77447b-120d-4351-a014-5aa218c04301,5f77447b-120d-4351-a014-5aa218c04301,False,9,9.0,3,3,3,3,3,155,164,38,0
T1,account:0f1fe829-1c62-4a66-9669-028eb3a92ca8,0f1fe829-1c62-4a66-9669-028eb3a92ca8,False,12,12.0,4,4,4,4,4,211,220,73,0
T1,account:63fb9801-3c11-418e-b24d-516e334dff35,63fb9801-3c11-418e-b24d-516e334dff35,False,9,9.0,3,3,3,3,3,151,160,54,0
T1,account:62f5eb09-5e1a-44a1-9e7c-43f73c849381,62f5eb09-5e1a-44a1-9e7c-43f73c849381,False,12,12.0,4,4,4,4,4,187,197,38,0
T1,account:90f7f1d5-70ac-4d00-90fb-65499e63be78,90f7f1d5-70ac-4d00-90fb-65499e63be78,False,12,12.0,4,4,4,4,4,194,211,12,0
T1,account:d41257c7-edab-4ced-8d0a-6bdb8d3c6494,d41257c7-edab-4ced-8d0a-6bdb8d3c6494,False,15,15.0,5,5,5,5,5,234,246,54,0
T1,account:20140685-e026-4988-b22b-179e097255f3,20140685-e026-4988-b22b-179e097255f3,False,3,3.0,1,1,1,1,1,54,54,73,0
T1,account:bff91279-6f75-4955-91c5-d0288ef3cf12,bff91279-6f75-4955-91c5-d0288ef3cf12,False,6,6.0,2,2,2,2,2,109,111,42,0
T1,account:6f79c0cb-bf7f-4b88-8d39-434dbfe06223,6f79c0cb-bf7f-4b88-8d39-434dbfe06223,False,9,9.0,3,3,3,3,3,163,171,12,0
T1,account:78155979-1089-485a-ab6f-3b028497e4e1,78155979-1089-485a-ab6f-3b028497e4e1,False,21,21.0,7,7,7,7,7,327,366,38,0
T1,account:b539d1e0-d621-491a-83fd-c4f271768c5f,b539d1e0-d621-491a-83fd-c4f271768c5f,False,17,18.0,6,5,6,6,5,283,308,42,0
T1,account:4ea5bafd-4600-4ef5-bf01-f47ed40118fa,4ea5bafd-4600-4ef5-bf01-f47ed40118fa,False,18,18.0,6,6,6,6,6,279,298,43,0
T1,account:2f327e52-bde4-4e45-b5d5-e4491575c1f6,2f327e52-bde4-4e45-b5d5-e4491575c1f6,False,6,6.0,2,2,2,2,2,89,89,43,0
T1,account:dcc6b724-7ba0-4bac-9b42-d2a9be7b8fcf,dcc6b724-7ba0-4bac-9b42-d2a9be7b8fcf,False,9,9.0,3,3,3,3,3,135,140,43,0
T1,account:114f6bc0-b283-4933-8bc0-aedf9d0d102f,114f6bc0-b283-4933-8bc0-aedf9d0d102f,False,9,9.0,3,3,3,3,3,166,175,42,0
T1,account:46b337bd-dab7-40d0-aea6-bc309c90c66b,46b337bd-dab7-40d0-aea6-bc309c90c66b,False,12,12.0,4,4,4,4,4,174,185,43,0
T1,account:6b939864-a43f-490f-a891-a819356f7a0f,6b939864-a43f-490f-a891-a819356f7a0f,False,6,6.0,2,2,2,2,2,102,102,42,0
T1,account:7d46607d-461c-48c1-b025-bb701daa3003,7d46607d-461c-48c1-b025-bb701daa3003,False,3,3.0,1,1,1,1,1,47,47,42,0
T1,account:98656692-01de-4a1c-a8c7-1f6c5ee570e7,98656692-01de-4a1c-a8c7-1f6c5ee570e7,False,6,6.0,2,2,2,2,2,107,108,25,0
T1,account:08f61cf6-ae07-4631-84af-6ba8532a2806,08f61cf6-ae07-4631-84af-6ba8532a2806,False,12,12.0,4,4,4,4,4,213,221,36,0
T1,account:0a59744e-78ac-4f5b-9833-b76d25eeffe9,0a59744e-78ac-4f5b-9833-b76d25eeffe9,False,6,6.0,2,2,2,2,2,94,95,48,0
T1,account:cfa77370-8e2b-4b2d-89d7-418ad9d44573,cfa77370-8e2b-4b2d-89d7-418ad9d44573,False,12,12.0,4,4,4,4,4,214,226,48,0
T1,account:5230d598-e69e-4b2b-ae16-aeb26bdc7323,5230d598-e69e-4b2b-ae16-aeb26bdc7323,False,12,12.0,4,4,4,4,4,208,229,54,0
T1,account:c8bb1638-4e43-4026-a2f5-fb1d02482ea9,c8bb1638-4e43-4026-a2f5-fb1d02482ea9,False,6,6.0,2,2,2,2,2,104,107,42,0
T1,account:1ba4e442-647f-4f04-aaab-461b55b9d36d,1ba4e442-647f-4f04-aaab-461b55b9d36d,False,3,3.0,1,1,1,1,1,51,52,73,0
T1,account:01b8169c-e85c-4a3e-bf11-5cb9e9adb968,01b8169c-e85c-4a3e-bf11-5cb9e9adb968,False,9,9.0,3,3,3,3,3,139,143,38,0
T1,account:8eecbc61-1152-4c44-8de8-325fdcad79a8,8eecbc61-1152-4c44-8de8-325fdcad79a8,False,15,15.0,5,5,5,5,5,237,255,38,0
T1,account:be48bbd6-35c6-48f0-9899-31a00b331aeb,be48bbd6-35c6-48f0-9899-31a00b331aeb,False,6,6.0,2,2,2,2,2,104,108,48,0
T1,account:3b9fe055-f84b-4cc6-8e3c-2513cd17e0bd,3b9fe055-f84b-4cc6-8e3c-2513cd17e0bd,False,12,12.0,4,4,4,4,4,192,206,43,0
T1,account:33d7679b-8584-481f-b61e-a4f893fcf4aa,33d7679b-8584-481f-b61e-a4f893fcf4aa,False,12,12.0,4,4,4,4,4,200,216,12,0
T1,account:32e5b46d-5ba3-4297-8ad2-8a1c5308ad33,32e5b46d-5ba3-4297-8ad2-8a1c5308ad33,False,20,21.0,6,7,7,6,7,341,383,36,0
T1,account:9f437a10-d5c2-4874-abc3-b1d09ab1b858,9f437a10-d5c2-4874-abc3-b1d09ab1b858,False,9,9.0,3,3,3,3,3,146,154,38,0
T1,account:044af1ab-5025-44e3-ba80-4a267129ee06,044af1ab-5025-44e3-ba80-4a267129ee06,False,21,21.0,7,7,7,7,7,312,350,48,0
T1,account:a72bcbb1-4300-4f06-8255-0018e74fa04b,a72bcbb1-4300-4f06-8255-0018e74fa04b,False,9,9.0,3,3,3,3,3,149,159,54,0
T1,account:fffd1e0a-c1fe-465f-87a1-0d31b7a915e0,fffd1e0a-c1fe-465f-87a1-0d31b7a915e0,False,12,12.0,4,4,4,4,4,198,211,48,0
T1,account:d5ce966d-e2a2-47df-aea4-94873d0b9f53,d5ce966d-e2a2-47df-aea4-94873d0b9f53,False,3,3.0,1,1,1,1,1,48,48,12,0
T1,account:d272104e-b0e3-468d-8acf-062000740805,d272104e-b0e3-468d-8acf-062000740805,False,6,6.0,2,2,2,2,2,123,128,48,0
T1,account:cb46df6e-5958-43a5-b9df-a35b49716303,cb46df6e-5958-43a5-b9df-a35b49716303,False,3,3.0,1,1,1,1,1,48,48,18,0
T1,account:9af01227-f532-4be1-b9db-af95405650e3,9af01227-f532-4be1-b9db-af95405650e3,False,15,15.0,5,5,5,5,5,276,300,36,0
T1,account:ff4b3cb1-a97d-4fcb-81fe-d68fd5abdcdf,ff4b3cb1-a97d-4fcb-81fe-d68fd5abdcdf,False,0,0.0,0,0,0,0,0,0,0,74,61
T1,account:5b752fc8-0fbf-43d3-a3df-1669532deec2,5b752fc8-0fbf-43d3-a3df-1669532deec2,False,12,12.0,4,4,4,4,4,195,207,62,0
T1,account:9ff9da09-b7eb-4ee8-a8d8-333f57213be6,9ff9da09-b7eb-4ee8-a8d8-333f57213be6,False,6,6.0,2,2,2,2,2,109,111,54,0
T1,account:bc1aa323-f10c-4e44-84b4-181192609a31,bc1aa323-f10c-4e44-84b4-181192609a31,False,15,15.0,5,5,5,5,5,211,224,54,0
T1,account:59422796-bb30-42f7-ba11-f7394a5a0c70,59422796-bb30-42f7-ba11-f7394a5a0c70,False,15,15.0,5,5,5,5,5,245,260,38,0
T1,account:8c41bd45-8a83-4c17-b848-7580c4d0870c,8c41bd45-8a83-4c17-b848-7580c4d0870c,False,9,9.0,3,3,3,3,3,178,184,12,0
T1,account:b958e7cc-5b0e-4593-9144-d5f91bdae4a4,b958e7cc-5b0e-4593-9144-d5f91bdae4a4,False,3,3.0,1,1,1,1,1,60,61,25,0
T1,account:550c3633-f47b-484b-ad74-834d08f2ac0f,550c3633-f47b-484b-ad74-834d08f2ac0f,False,6,6.0,2,2,2,2,2,96,100,48,0
T1,account:a9bff43d-a8f1-4162-8b30-72626e24ab91,a9bff43d-a8f1-4162-8b30-72626e24ab91,False,17,18.0,6,6,5,6,6,269,291,42,0
T1,account:4d64cb28-f9a9-4890-b59c-b03c3b1aad78,4d64cb28-f9a9-4890-b59c-b03c3b1aad78,False,12,12.0,4,4,4,4,4,206,219,18,0
T1,account:b00bd5c1-6ac8-4f6a-a103-78fdbcba93fd,b00bd5c1-6ac8-4f6a-a103-78fdbcba93fd,False,6,6.0,2,2,2,2,2,97,99,55,0
T1,account:f54aa65c-f97f-4cdf-a61e-b454520f20dd,f54aa65c-f97f-4cdf-a61e-b454520f20dd,False,3,3.0,1,1,1,1,1,50,50,8,0
T1,account:1ed00ac4-b658-4670-87e5-e40e6c26cdf7,1ed00ac4-b658-4670-87e5-e40e6c26cdf7,False,12,12.0,4,4,4,4,4,210,214,8,0
T1,account:8726f625-9382-4963-9583-48e076dafcb5,8726f625-9382-4963-9583-48e076dafcb5,False,18,18.0,6,6,6,6,6,297,320,18,0
T1,account:47751bf6-02eb-41e1-b884-1e212e7868c7,47751bf6-02eb-41e1-b884-1e212e7868c7,False,9,9.0,3,3,3,3,3,160,171,54,0
T1,account:1e178678-0226-46e8-8720-19bc041daa41,1e178678-0226-46e8-8720-19bc041daa41,False,9,9.0,3,3,3,3,3,150,154,73,0
T1,account:5890bf8b-e7ee-4c3c-bd7c-0a415c3fc0c5,5890bf8b-e7ee-4c3c-bd7c-0a415c3fc0c5,False,18,18.0,6,6,6,6,6,323,350,43,0
T1,account:b0f6ce17-d15a-4950-b5ee-4cc4f224b85a,b0f6ce17-d15a-4950-b5ee-4cc4f224b85a,False,6,6.0,2,2,2,2,2,106,108,54,0
T1,account:92262faf-c5f3-4577-bc24-d6363c3a06c5,92262faf-c5f3-4577-bc24-d6363c3a06c5,False,0,0.0,0,0,0,0,0,0,0,75,62
T1,account:64d9d21e-01b7-4428-b38e-e22e79da3806,64d9d21e-01b7-4428-b38e-e22e79da3806,False,18,18.0,6,6,6,6,6,284,321,25,0
T1,account:d610714f-c46f-4e81-9ea6-fcc0130c7ed2,d610714f-c46f-4e81-9ea6-fcc0130c7ed2,False,0,0.0,0,0,0,0,0,0,0,76,63
T1,account:7a6d118c-7834-421a-91d7-467fc48e5b37,7a6d118c-7834-421a-91d7-467fc48e5b37,False,6,6.0,2,2,2,2,2,80,82,38,0
T1,account:32ca1962-94fe-4039-80cf-f708f6462a7c,32ca1962-94fe-4039-80cf-f708f6462a7c,False,6,6.0,2,2,2,2,2,92,93,42,0
T1,account:f6d658d9-9cd9-4b25-860d-ed667bd62996,f6d658d9-9cd9-4b25-860d-ed667bd62996,False,6,6.0,2,2,2,2,2,94,97,48,0
T1,account:ed3b921c-2b72-4b6e-b124-890bfc4feef8,ed3b921c-2b72-4b6e-b124-890bfc4feef8,False,6,6.0,2,2,2,2,2,99,101,42,0
T1,account:30bb499a-92aa-4fc4-b113-21c89141537d,30bb499a-92aa-4fc4-b113-21c89141537d,False,15,15.0,5,5,5,5,5,247,263,42,0
T1,account:2c08b4c0-59b5-4a93-9cc4-0639cd59494c,2c08b4c0-59b5-4a93-9cc4-0639cd59494c,False,6,6.0,2,2,2,2,2,106,109,18,0
T1,account:5297eb1c-cf31-4d8c-89aa-cedf4c6150ef,5297eb1c-cf31-4d8c-89aa-cedf4c6150ef,False,3,3.0,1,1,1,1,1,45,45,55,0
T1,account:169caf24-1e9d-48f8-8ada-26d9f21e5f63,169caf24-1e9d-48f8-8ada-26d9f21e5f63,False,9,9.0,3,3,3,3,3,158,165,42,0
T1,account:ffb9d9b6-90ed-435d-b73d-c0272270840d,ffb9d9b6-90ed-435d-b73d-c0272270840d,False,15,15.0,5,5,5,5,5,252,276,48,0
T1,account:183cef1f-f6f9-4e8e-8db7-981cc1d5fce0,183cef1f-f6f9-4e8e-8db7-981cc1d5fce0,False,18,18.0,6,6,6,6,6,302,328,54,0
T1,account:d3a176ef-f8f4-4865-8a18-7cee0516c6ec,d3a176ef-f8f4-4865-8a18-7cee0516c6ec,False,15,15.0,5,5,5,5,5,247,263,18,0
T1,account:9f416e53-bfe5-4521-9f1a-269f74220822,9f416e53-bfe5-4521-9f1a-269f74220822,False,9,9.0,3,3,3,3,3,164,172,42,0
T1,account:173105b3-3571-4df4-8485-3f15b201f1e7,173105b3-3571-4df4-8485-3f15b201f1e7,False,12,12.0,4,4,4,4,4,215,226,25,0
T1,account:841a7a55-a167-4021-b828-a6ab3de088e8,841a7a55-a167-4021-b828-a6ab3de088e8,False,3,3.0,1,1,1,1,1,51,51,42,0
T1,account:82f7031d-1967-40d8-8702-eef2fffc2a7b,82f7031d-1967-40d8-8702-eef2fffc2a7b,False,6,6.0,2,2,2,2,2,98,103,55,0
T1,account:3e78db62-e6b7-4ecb-a23b-6748769a1fd6,3e78db62-e6b7-4ecb-a23b-6748769a1fd6,False,9,9.0,3,3,3,3,3,157,160,43,0
T1,account:62d04256-b8dd-4cf1-885a-b894fb385130,62d04256-b8dd-4cf1-885a-b894fb385130,False,27,27.0,9,9,9,9,9,406,467,54,0
T1,account:9de2a8c8-8ddf-44d0-b5b1-1b5ca677473c,9de2a8c8-8ddf-44d0-b5b1-1b5ca677473c,False,9,9.0,3,3,3,3,3,152,157,48,0
T1,account:af17793e-8b71-45a7-8163-c546213b368c,af17793e-8b71-45a7-8163-c546213b368c,False,15,15.0,5,5,5,5,5,254,280,54,0
T1,account:ed97250a-9fd7-47db-afab-d75f396eb5c4,ed97250a-9fd7-47db-afab-d75f396eb5c4,False,12,12.0,4,4,4,4,4,202,211,25,0
T1,account:0a99f9a0-207a-488d-abbb-d6e348400f5a,0a99f9a0-207a-488d-abbb-d6e348400f5a,False,6,6.0,2,2,2,2,2,89,91,42,0
T1,account:516f2b48-c6fe-4572-b7b5-e2e8c78e3606,516f2b48-c6fe-4572-b7b5-e2e8c78e3606,False,12,12.0,4,4,4,4,4,206,220,12,0
T1,account:8bd006b2-e567-4ff2-ad2d-1bceed460672,8bd006b2-e567-4ff2-ad2d-1bceed460672,False,21,21.0,7,7,7,7,7,325,365,38,0
T1,account:d1610b1c-30b4-4383-9fba-b1f985969153,d1610b1c-30b4-4383-9fba-b1f985969153,False,6,6.0,2,2,2,2,2,115,119,38,0
T1,account:a5dd96cb-c3ce-4df1-b749-fa1be6f7b978,a5dd96cb-c3ce-4df1-b749-fa1be6f7b978,False,9,9.0,3,3,3,3,3,148,151,73,0
T1,account:19326a31-efa0-48e3-bea7-f6d69c65fe10,19326a31-efa0-48e3-bea7-f6d69c65fe10,False,9,9.0,3,3,3,3,3,157,160,48,0
T1,account:5ff096f8-33d5-48e6-91bf-4bfaf977c782,5ff096f8-33d5-48e6-91bf-4bfaf977c782,False,6,6.0,2,2,2,2,2,122,124,18,0
T1,account:94ffc807-ac20-4dbf-8bfa-5abccd03d3cd,94ffc807-ac20-4dbf-8bfa-5abccd03d3cd,False,9,9.0,3,3,3,3,3,131,133,42,0
T1,account:ec97d8ef-af91-4c74-8e8d-ce7e028d8a40,ec97d8ef-af91-4c74-8e8d-ce7e028d8a40,False,6,6.0,2,2,2,2,2,105,105,55,0
T1,account:23dd001d-0bc4-496c-bf34-eefab9dc9557,23dd001d-0bc4-496c-bf34-eefab9dc9557,False,3,3.0,1,1,1,1,1,63,63,38,0
T1,account:7613140a-0d1a-4138-b75e-1c17723e0006,7613140a-0d1a-4138-b75e-1c17723e0006,False,18,18.0,6,6,6,6,6,314,342,36,0
T1,account:e00e8e79-a71d-49ca-b48e-8b3e1365332e,e00e8e79-a71d-49ca-b48e-8b3e1365332e,False,15,15.0,5,5,5,5,5,262,272,36,0
T1,account:c402b46f-c7c9-4afc-ade5-09c43ba97fbe,c402b46f-c7c9-4afc-ade5-09c43ba97fbe,False,3,3.0,1,1,1,1,1,57,57,12,0
T1,account:96dfe390-9f04-479f-b6c3-a21f0a179bcc,96dfe390-9f04-479f-b6c3-a21f0a179bcc,False,24,24.0,8,8,8,8,8,371,428,54,0
T1,account:01be3b53-846e-470b-92f0-a028378e3dd0,01be3b53-846e-470b-92f0-a028378e3dd0,False,9,9.0,3,3,3,3,3,155,161,38,0
T1,account:d7fc20b2-5450-4029-b0c3-4574ab8e15ef,d7fc20b2-5450-4029-b0c3-4574ab8e15ef,False,9,9.0,3,3,3,3,3,127,133,42,0
T1,account:289c81a1-8b51-4033-b5bc-8098afe89b4a,289c81a1-8b51-4033-b5bc-8098afe89b4a,False,0,0.0,0,0,0,0,0,0,0,77,64
T1,account:b9b3a849-4266-4b0d-b3c9-e1ff30c5cd75,b9b3a849-4266-4b0d-b3c9-e1ff30c5cd75,False,12,12.0,4,4,4,4,4,200,219,12,0
T1,account:65d4de3d-fa9b-4cc8-afbc-2572187c69f2,65d4de3d-fa9b-4cc8-afbc-2572187c69f2,False,6,6.0,2,2,2,2,2,102,108,12,0
T1,account:551ec25c-e022-44e6-a4a2-b17a2c56d9aa,551ec25c-e022-44e6-a4a2-b17a2c56d9aa,False,15,15.0,5,5,5,5,5,240,252,38,0
T1,account:90f1fb57-3bc9-4e20-917f-c940f14e5e62,90f1fb57-3bc9-4e20-917f-c940f14e5e62,False,21,21.0,7,7,7,7,7,336,366,54,0
T1,account:d6a218e3-95ef-4247-98df-77e20786f287,d6a218e3-95ef-4247-98df-77e20786f287,False,6,6.0,2,2,2,2,2,107,107,25,0
T1,account:d126b9d0-8087-4771-9627-1d86c5366750,d126b9d0-8087-4771-9627-1d86c5366750,False,9,9.0,3,3,3,3,3,156,164,70,0
T1,account:63f6e111-5c97-488d-ab8d-f7a9cff30c2b,63f6e111-5c97-488d-ab8d-f7a9cff30c2b,False,3,3.0,1,1,1,1,1,43,43,55,0
T1,account:f6af46ba-770e-4134-b07b-83a5c321e953,f6af46ba-770e-4134-b07b-83a5c321e953,False,9,9.0,3,3,3,3,3,145,149,54,0
T1,account:16cae215-8ed7-46fc-9750-3ad522e453aa,16cae215-8ed7-46fc-9750-3ad522e453aa,False,9,9.0,3,3,3,3,3,151,163,73,0
T1,account:8a39fcb9-022c-45b6-9efa-357568a56f20,8a39fcb9-022c-45b6-9efa-357568a56f20,False,6,6.0,2,2,2,2,2,119,121,42,0
T1,account:b1725024-3263-4fd4-b884-7fae1750f575,b1725024-3263-4fd4-b884-7fae1750f575,False,12,12.0,4,4,4,4,4,199,213,25,0
T1,account:2f60f975-44b4-4418-b2ed-a122b934c4f5,2f60f975-44b4-4418-b2ed-a122b934c4f5,False,18,18.0,6,6,6,6,6,285,314,70,0
T1,account:ab4dd2bd-18f2-4bf5-bea6-943ff68ce15b,ab4dd2bd-18f2-4bf5-bea6-943ff68ce15b,False,12,12.0,4,4,4,4,4,178,192,38,0
T1,account:229dca58-fe27-45b4-b9e3-f9b034b0749f,229dca58-fe27-45b4-b9e3-f9b034b0749f,False,6,6.0,2,2,2,2,2,114,114,54,0
T1,account:2a38dd19-04ef-4eac-a41d-9a1063388514,2a38dd19-04ef-4eac-a41d-9a1063388514,False,6,6.0,2,2,2,2,2,98,101,54,0
T1,account:20e47c30-985a-4a26-b721-f3fb66d908b2,20e47c30-985a-4a26-b721-f3fb66d908b2,False,12,12.0,4,4,4,4,4,192,205,36,0
T1,account:72643c02-9912-4d5e-8998-638bd46e2db6,72643c02-9912-4d5e-8998-638bd46e2db6,False,9,9.0,3,3,3,3,3,160,163,73,0
T1,account:8f7711ee-32e4-40cc-8971-1d86d668185c,8f7711ee-32e4-40cc-8971-1d86d668185c,False,9,9.0,3,3,3,3,3,154,157,18,0
T1,account:a4164f67-11e3-4105-a5d0-420c9f13a79d,a4164f67-11e3-4105-a5d0-420c9f13a79d,False,6,6.0,2,2,2,2,2,94,97,42,0
T1,account:159b6a44-4b2d-4477-b1f5-4f6edc99b04f,159b6a44-4b2d-4477-b1f5-4f6edc99b04f,False,6,6.0,2,2,2,2,2,109,112,48,0
T1,account:b97cd9a7-8019-4ea9-98d3-77b4adca553d,b97cd9a7-8019-4ea9-98d3-77b4adca553d,False,6,6.0,2,2,2,2,2,107,108,48,0
T1,account:07faa422-692b-4508-8ccd-9c63030d752c,07faa422-692b-4508-8ccd-9c63030d752c,False,18,18.0,6,6,6,6,6,280,308,38,0
T1,account:df7f08a3-f25c-449c-8908-75cb34327370,df7f08a3-f25c-449c-8908-75cb34327370,False,21,21.0,7,7,7,7,7,316,351,55,0
T1,account:301d0ec7-a60b-45c4-b70d-826c0935606f,301d0ec7-a60b-45c4-b70d-826c0935606f,False,8,9.0,2,3,3,2,3,141,143,12,0
T1,account:96989426-63dd-4faf-a44e-e732e778bdf9,96989426-63dd-4faf-a44e-e732e778bdf9,False,6,6.0,2,2,2,2,2,111,113,73,0
T1,account:f5d2f6eb-d2b1-4fed-a7a6-5df89e578027,f5d2f6eb-d2b1-4fed-a7a6-5df89e578027,False,18,18.0,6,6,6,6,6,312,338,8,0
T1,account:2dac5493-f38e-4a7a-a583-98f1a9fd306a,2dac5493-f38e-4a7a-a583-98f1a9fd306a,False,12,12.0,4,4,4,4,4,198,211,48,0
T1,account:af3777c1-6166-40d8-b2b1-c639d64b2b28,af3777c1-6166-40d8-b2b1-c639d64b2b28,False,6,6.0,2,2,2,2,2,103,106,55,0
T1,account:9a11389f-2cbb-41d4-ac5d-89a51a623a88,9a11389f-2cbb-41d4-ac5d-89a51a623a88,False,18,18.0,6,6,6,6,6,306,328,62,0
T1,account:e064ff65-5fe0-433f-8b08-5f80529b1fae,e064ff65-5fe0-433f-8b08-5f80529b1fae,False,12,12.0,4,4,4,4,4,196,205,43,0
T1,account:00b8f5da-5171-4dda-b5fc-5bbe8d033951,00b8f5da-5171-4dda-b5fc-5bbe8d033951,False,9,9.0,3,3,3,3,3,165,173,18,0
T1,account:767664db-eca9-4bd5-9e59-4f15c86e4105,767664db-eca9-4bd5-9e59-4f15c86e4105,False,6,6.0,2,2,2,2,2,91,93,55,0
T1,account:7dedd8a4-4799-46ba-9317-b906f8049446,7dedd8a4-4799-46ba-9317-b906f8049446,False,9,9.0,3,3,3,3,3,140,145,42,0
T1,account:e47a2584-9cc5-4e46-bf98-2e3354898bb6,e47a2584-9cc5-4e46-bf98-2e3354898bb6,False,6,6.0,2,2,2,2,2,94,100,54,0
T1,account:d1f07822-1ec3-47af-a181-6c6b0adaa37c,d1f07822-1ec3-47af-a181-6c6b0adaa37c,False,12,12.0,4,4,4,4,4,216,224,38,0
T1,account:2afe429c-b245-4b05-9f69-9e155b50511c,2afe429c-b245-4b05-9f69-9e155b50511c,False,6,6.0,2,2,2,2,2,96,98,42,0
T1,account:6660bd52-be41-4558-b30d-d659679e26f9,6660bd52-be41-4558-b30d-d659679e26f9,False,17,18.0,6,6,5,6,6,249,274,73,0
T1,account:f2239246-d2c2-460e-92d6-665b2fb93406,f2239246-d2c2-460e-92d6-665b2fb93406,False,18,18.0,6,6,6,6,6,297,326,70,0
T1,account:c0137f43-1c24-4fa7-8e81-ba1276fabd55,c0137f43-1c24-4fa7-8e81-ba1276fabd55,False,21,21.0,7,7,7,7,7,339,366,62,0
T1,account:5c9d42c8-f19f-4937-9437-f06eea78f620,5c9d42c8-f19f-4937-9437-f06eea78f620,False,9,9.0,3,3,3,3,3,130,134,18,0
T1,account:fee385cd-e36e-466d-827d-c77c6c817ebb,fee385cd-e36e-466d-827d-c77c6c817ebb,False,0,0.0,0,0,0,0,0,0,0,78,65
T1,account:66b693a9-ac6b-43a8-8a24-a02ae52838aa,66b693a9-ac6b-43a8-8a24-a02ae52838aa,False,9,9.0,3,3,3,3,3,153,158,55,0
T1,account:2bfb5130-e6c8-4983-a7f2-99ef67dbb866,2bfb5130-e6c8-4983-a7f2-99ef67dbb866,False,6,6.0,2,2,2,2,2,111,115,54,0
T1,account:7440dc58-5772-428c-9090-72f24741fb66,7440dc58-5772-428c-9090-72f24741fb66,False,6,6.0,2,2,2,2,2,107,110,62,0
T1,account:5d54f1aa-b4a6-47eb-85d3-51fa53dd2e51,5d54f1aa-b4a6-47eb-85d3-51fa53dd2e51,False,3,3.0,1,1,1,1,1,54,55,42,0
T1,account:15e5782c-b7be-4d86-aa81-3238c1ada9aa,15e5782c-b7be-4d86-aa81-3238c1ada9aa,False,6,6.0,2,2,2,2,2,102,105,42,0
T1,account:84c7e089-2658-4a4f-b1eb-e1ad06b96429,84c7e089-2658-4a4f-b1eb-e1ad06b96429,False,12,12.0,4,4,4,4,4,195,204,42,0
T1,account:e6ea6c2e-bf10-4931-aad2-b62fd27269cb,e6ea6c2e-bf10-4931-aad2-b62fd27269cb,False,6,6.0,2,2,2,2,2,109,110,18,0
T1,account:7501ea53-bfc2-41a2-8d4e-3da99df7c98b,7501ea53-bfc2-41a2-8d4e-3da99df7c98b,False,9,9.0,3,3,3,3,3,160,169,54,0
T1,account:13386375-3fc5-4bad-bd0b-d71b59158781,13386375-3fc5-4bad-bd0b-d71b59158781,False,5,6.0,2,2,1,2,2,65,67,55,0
T1,account:8cd44065-48cc-480f-b49e-f42894652bf2,8cd44065-48cc-480f-b49e-f42894652bf2,False,9,9.0,3,3,3,3,3,155,163,36,0
T1,account:700f419f-1371-4860-bfaa-d0d76f372894,700f419f-1371-4860-bfaa-d0d76f372894,False,3,3.0,1,1,1,1,1,56,58,62,0
T1,account:5a17907b-e51a-4c19-9e70-36229e861ce3,5a17907b-e51a-4c19-9e70-36229e861ce3,False,18,18.0,6,6,6,6,6,317,342,48,0
T1,account:b14c98bd-929d-4533-96a9-4f89193e4dde,b14c98bd-929d-4533-96a9-4f89193e4dde,False,3,3.0,1,1,1,1,1,51,51,62,0
T1,account:92b1439b-dd59-4cc9-bdfc-0fe8fe5b1fee,92b1439b-dd59-4cc9-bdfc-0fe8fe5b1fee,False,18,18.0,6,6,6,6,6,277,287,38,0
T1,account:c3aff0f1-fb83-43b4-a118-ce7357d33e37,c3aff0f1-fb83-43b4-a118-ce7357d33e37,False,9,9.0,3,3,3,3,3,157,164,12,0
T1,account:f3f7003e-bb53-4f3a-9e15-c28cd9569b95,f3f7003e-bb53-4f3a-9e15-c28cd9569b95,False,15,15.0,5,5,5,5,5,240,255,12,0
T1,account:0498e185-a7bf-4817-8c15-e53bec49a912,0498e185-a7bf-4817-8c15-e53bec49a912,False,6,6.0,2,2,2,2,2,91,95,12,0
T1,account:5bf49904-5315-4f31-9683-ecd62fb6a2a2,5bf49904-5315-4f31-9683-ecd62fb6a2a2,False,6,6.0,2,2,2,2,2,101,103,42,0
T1,account:842a218c-660c-4f10-afd8-692928f7e772,842a218c-660c-4f10-afd8-692928f7e772,False,24,24.0,8,8,8,8,8,367,408,18,0
T1,account:0bb5efe1-7826-4d93-bb4c-1117ecba7120,0bb5efe1-7826-4d93-bb4c-1117ecba7120,False,15,15.0,5,5,5,5,5,243,271,38,0
T1,account:b139e26b-4043-4121-a8c1-15d33ff5af27,b139e26b-4043-4121-a8c1-15d33ff5af27,False,6,6.0,2,2,2,2,2,97,98,38,0
T1,account:7c31dab6-24a2-4972-8dae-ae46475dd7b0,7c31dab6-24a2-4972-8dae-ae46475dd7b0,False,9,9.0,3,3,3,3,3,176,181,38,0
T1,account:8108b65c-806a-4cb8-8116-06a05f3dd6bf,8108b65c-806a-4cb8-8116-06a05f3dd6bf,False,12,12.0,4,4,4,4,4,221,232,55,0
T1,account:a67af250-2607-4fae-bef9-9fb1e9733dd3,a67af250-2607-4fae-bef9-9fb1e9733dd3,False,6,6.0,2,2,2,2,2,114,118,62,0
T1,account:19fed8c1-658e-4c31-81ee-380f4ce60d72,19fed8c1-658e-4c31-81ee-380f4ce60d72,False,18,18.0,6,6,6,6,6,292,305,73,0
T1,account:56e26a42-d2d5-4cf6-91c3-c9268d6627f0,56e26a42-d2d5-4cf6-91c3-c9268d6627f0,False,0,0.0,0,0,0,0,0,0,0,79,66
T1,account:a411db8c-d285-48fe-8837-a9c13338c5a9,a411db8c-d285-48fe-8837-a9c13338c5a9,False,9,9.0,3,3,3,3,3,151,158,55,0
T1,account:f3a805e3-05b4-4ab3-b027-da3c659a5eff,f3a805e3-05b4-4ab3-b027-da3c659a5eff,False,12,12.0,4,4,4,4,4,195,204,55,0
T1,account:530d5a15-a062-42ac-b9d6-4910295581a3,530d5a15-a062-42ac-b9d6-4910295581a3,False,6,6.0,2,2,2,2,2,103,104,62,0
T1,account:4b7c7602-49ec-4373-aa6b-fe9940e8f3f4,4b7c7602-49ec-4373-aa6b-fe9940e8f3f4,False,15,15.0,5,5,5,5,5,259,279,38,0
T1,account:a2628787-19ee-426a-a995-99b8cd17d0a5,a2628787-19ee-426a-a995-99b8cd17d0a5,False,6,6.0,2,2,2,2,2,95,97,54,0
T1,account:c26b353b-857a-4390-b665-13febe6e1604,c26b353b-857a-4390-b665-13febe6e1604,False,18,18.0,6,6,6,6,6,297,326,8,0
T1,account:8ac4df84-1a7f-4e14-9dae-d67e08a0acb7,8ac4df84-1a7f-4e14-9dae-d67e08a0acb7,False,21,21.0,7,7,7,7,7,324,350,25,0
T1,account:b87d221e-b82c-4c1a-81c9-abe27a547860,b87d221e-b82c-4c1a-81c9-abe27a547860,False,21,21.0,7,7,7,7,7,316,348,73,0
T1,account:4996406f-6df2-469c-9f33-a31ca684b8cc,4996406f-6df2-469c-9f33-a31ca684b8cc,False,3,3.0,1,1,1,1,1,60,61,18,0
T1,account:2bad5557-7344-4351-bc95-c7cc982f7e0b,2bad5557-7344-4351-bc95-c7cc982f7e0b,False,12,12.0,4,4,4,4,4,214,223,18,0
T1,account:76f46c36-730f-47f7-acb7-1234a37574a0,76f46c36-730f-47f7-acb7-1234a37574a0,False,12,12.0,4,4,4,4,4,218,229,12,0
T1,account:a9d22d3f-621b-45ce-80a9-e37b22d9f642,a9d22d3f-621b-45ce-80a9-e37b22d9f642,False,9,9.0,3,3,3,3,3,148,154,43,0
T1,account:32bb474e-e9f9-426b-8dd8-4e5aa0bc6c23,32bb474e-e9f9-426b-8dd8-4e5aa0bc6c23,False,6,6.0,2,2,2,2,2,107,110,62,0
T1,account:dbdf28de-b809-4796-800e-12ba09c67b59,dbdf28de-b809-4796-800e-12ba09c67b59,False,9,9.0,3,3,3,3,3,156,163,12,0
T1,account:d2a43e30-3bb0-4d97-97b8-364b29a858c7,d2a43e30-3bb0-4d97-97b8-364b29a858c7,False,12,12.0,4,4,4,4,4,202,222,48,0
T1,account:e55f2eb9-14c6-422b-9bc0-92237f797ff6,e55f2eb9-14c6-422b-9bc0-92237f797ff6,False,6,6.0,2,2,2,2,2,107,111,12,0
T1,account:0d74a1a0-5e62-44e9-a13d-c2314c41dd64,0d74a1a0-5e62-44e9-a13d-c2314c41dd64,False,18,18.0,6,6,6,6,6,306,324,8,0
T1,account:178d9fd4-68a2-47b6-8fa8-2ec39cd80419,178d9fd4-68a2-47b6-8fa8-2ec39cd80419,False,6,6.0,2,2,2,2,2,114,116,73,0
T1,account:8218647c-1345-4166-a744-ec046e52c00f,8218647c-1345-4166-a744-ec046e52c00f,False,9,9.0,3,3,3,3,3,149,154,73,0
T1,account:89fc8371-5bb8-43a2-8532-d99d1163c3c9,89fc8371-5bb8-43a2-8532-d99d1163c3c9,False,19,21.0,6,7,6,6,7,294,318,48,0
T1,account:fde4251d-4c05-4636-9c78-0e0bafd25b8b,fde4251d-4c05-4636-9c78-0e0bafd25b8b,False,15,15.0,5,5,5,5,5,248,265,73,0
T1,account:788fed6c-9a9e-4b59-82dc-8e1b0544deb6,788fed6c-9a9e-4b59-82dc-8e1b0544deb6,False,3,3.0,1,1,1,1,1,57,57,48,0
T1,account:0bfe2c2b-e58f-4ae3-8beb-bf8a86b9513e,0bfe2c2b-e58f-4ae3-8beb-bf8a86b9513e,False,12,12.0,4,4,4,4,4,183,188,48,0
T1,account:39262c5a-5267-41cd-a307-91bd1722fe15,39262c5a-5267-41cd-a307-91bd1722fe15,False,18,18.0,6,6,6,6,6,286,314,36,0
T1,account:c7119b3d-3513-4255-b03d-2019677d02fd,c7119b3d-3513-4255-b03d-2019677d02fd,False,15,15.0,5,5,5,5,5,252,268,38,0
T1,account:adf77d05-811c-4134-ad04-b240371fab59,adf77d05-811c-4134-ad04-b240371fab59,False,9,9.0,3,3,3,3,3,160,167,54,0
T1,account:8e28447a-ca08-405f-8573-dc2aa5934f32,8e28447a-ca08-405f-8573-dc2aa5934f32,False,15,15.0,5,5,5,5,5,238,249,25,0
T1,account:82027595-2196-4a16-8488-39e556beb30c,82027595-2196-4a16-8488-39e556beb30c,False,21,21.0,7,7,7,7,7,340,379,54,0
T1,account:55df3574-8dea-4a89-a5a1-f4b544072fa4,55df3574-8dea-4a89-a5a1-f4b544072fa4,False,3,3.0,1,1,1,1,1,51,51,43,0
T1,account:9d506d3e-11d9-48ad-8b3c-528a85f542d4,9d506d3e-11d9-48ad-8b3c-528a85f542d4,False,9,9.0,3,3,3,3,3,172,178,36,0
T1,account:08de59a6-082c-42e5-829a-ce08c961578c,08de59a6-082c-42e5-829a-ce08c961578c,False,6,6.0,2,2,2,2,2,104,104,36,0
T1,account:2549f235-4e7a-4142-a799-4d7c72bd40df,2549f235-4e7a-4142-a799-4d7c72bd40df,False,6,6.0,2,2,2,2,2,104,107,48,0
T1,account:cbc06998-2897-46d7-93a0-b1ffdb19a100,cbc06998-2897-46d7-93a0-b1ffdb19a100,False,9,9.0,3,3,3,3,3,134,138,54,0
T1,account:ceba0031-9859-47b0-af99-9bd7b2413edb,ceba0031-9859-47b0-af99-9bd7b2413edb,False,12,12.0,4,4,4,4,4,198,217,38,0
T1,account:825028a2-b479-463f-856f-acea54ac5821,825028a2-b479-463f-856f-acea54ac5821,False,15,15.0,5,5,5,5,5,258,272,18,0
T1,account:b8131ee1-c3f7-4137-bc73-1de9a54bed4a,b8131ee1-c3f7-4137-bc73-1de9a54bed4a,False,9,9.0,3,3,3,3,3,157,162,42,0
T1,account:53187212-8953-44f6-8df2-a83839a8a57b,53187212-8953-44f6-8df2-a83839a8a57b,False,6,6.0,2,2,2,2,2,108,113,42,0
T1,account:45b0c24a-e75e-4ffc-89fb-ae1fd4d429bd,45b0c24a-e75e-4ffc-89fb-ae1fd4d429bd,False,11,12.0,4,4,3,4,4,161,169,48,0
T1,account:316af6c5-208e-4b30-9ab8-596a3bf14559,316af6c5-208e-4b30-9ab8-596a3bf14559,False,12,12.0,4,4,4,4,4,194,208,43,0
T1,account:af929f29-c912-469c-807d-3d016ab3419a,af929f29-c912-469c-807d-3d016ab3419a,False,6,6.0,2,2,2,2,2,109,112,43,0
T1,account:dc8aef9d-d10e-4eea-821f-a6deefdbf09c,dc8aef9d-d10e-4eea-821f-a6deefdbf09c,False,14,15.0,5,5,4,5,5,215,225,54,0
T1,account:514a4817-6a4f-4397-b454-cbe90a217cf8,514a4817-6a4f-4397-b454-cbe90a217cf8,False,3,3.0,1,1,1,1,1,54,54,38,0
T1,account:c57bf342-e447-4d36-b15f-7167d8a49aa3,c57bf342-e447-4d36-b15f-7167d8a49aa3,False,3,3.0,1,1,1,1,1,54,56,54,0
T1,account:2b6885de-419f-45b2-81d9-b77aa4f5cf27,2b6885de-419f-45b2-81d9-b77aa4f5cf27,False,6,6.0,2,2,2,2,2,105,108,25,0
T1,account:6694dfca-355a-4360-abc1-d5b2166c20a6,6694dfca-355a-4360-abc1-d5b2166c20a6,False,24,24.0,8,8,8,8,8,385,435,25,0
T1,account:de594305-495f-4551-965d-2d525ae795fd,de594305-495f-4551-965d-2d525ae795fd,False,9,9.0,3,3,3,3,3,147,151,62,0
T1,account:b0944281-809c-41c7-bbde-141d763d6694,b0944281-809c-41c7-bbde-141d763d6694,False,9,9.0,3,3,3,3,3,150,158,54,0
T1,account:9f478dee-903a-485b-86bd-e75b6c29d2b9,9f478dee-903a-485b-86bd-e75b6c29d2b9,False,9,9.0,3,3,3,3,3,147,151,18,0
T1,account:5fcabf2a-2b95-4f22-8b36-452a11ce34ee,5fcabf2a-2b95-4f22-8b36-452a11ce34ee,False,11,12.0,4,4,3,4,4,171,176,12,0
T1,account:5838978d-2100-404e-a9dd-8d5c59845ea8,5838978d-2100-404e-a9dd-8d5c59845ea8,False,9,9.0,3,3,3,3,3,150,156,25,0
T1,account:e0e14e18-6c6a-4ebc-9a4a-727e628409b4,e0e14e18-6c6a-4ebc-9a4a-727e628409b4,False,6,6.0,2,2,2,2,2,111,117,54,0
T1,account:f147c7fc-2d8a-4ddf-b8d1-ffb41b06bbc1,f147c7fc-2d8a-4ddf-b8d1-ffb41b06bbc1,False,3,3.0,1,1,1,1,1,50,50,70,0
T1,account:5d39751d-0f72-4597-8954-76a4800ee042,5d39751d-0f72-4597-8954-76a4800ee042,False,6,6.0,2,2,2,2,2,96,100,73,0
T1,account:839c65a6-fe3f-4ba7-99da-ba00f9b34b6a,839c65a6-fe3f-4ba7-99da-ba00f9b34b6a,False,9,9.0,3,3,3,3,3,159,164,18,0
T1,account:dc850166-da20-4b26-8da1-aab67824c511,dc850166-da20-4b26-8da1-aab67824c511,False,6,6.0,2,2,2,2,2,106,110,62,0
T1,account:7771cb6f-0498-47e7-96f5-4daf84f1e4cf,7771cb6f-0498-47e7-96f5-4daf84f1e4cf,False,15,15.0,5,5,5,5,5,255,272,55,0
T1,account:ffee7cd1-46de-47d4-86ab-28ba3ee6c384,ffee7cd1-46de-47d4-86ab-28ba3ee6c384,False,6,6.0,2,2,2,2,2,81,83,55,0
T1,account:6c5545c7-989a-4e22-8da1-b8050b7b7c9e,6c5545c7-989a-4e22-8da1-b8050b7b7c9e,False,14,15.0,5,5,4,5,5,234,250,36,0
T1,account:c6767958-3377-4ed0-bbdb-1637e884a899,c6767958-3377-4ed0-bbdb-1637e884a899,False,6,6.0,2,2,2,2,2,125,128,12,0
T1,account:c4daaad3-b242-406c-a1d3-50c839f44e28,c4daaad3-b242-406c-a1d3-50c839f44e28,False,12,12.0,4,4,4,4,4,213,227,55,0
