account_id,phase,is_fraud_account,predicted_probability,predicted_label
3ae7b852-5f42-4663-b462-43fc9ced6252,T1,False,0.000271,0
f8b2a232-8bd3-42c1-9c2c-89187da19ac2,T1,False,0.000271,0
c13f302e-897e-4d37-8cb9-2e1c80ee5a8e,T1,False,0.000271,0
70e58a05-03f0-4b6f-af00-cb0ab4cdc3b2,T1,False,0.000271,0
9b2e08f8-1a95-444e-928d-6868ef4579bc,T1,False,0.000271,0
7ff45ed5-493a-4d67-9226-a45e88e10569,T1,False,0.000271,0
7882eaac-a8ab-4333-8659-d4c75eba5e04,T1,False,0.000271,0
13bcbd3c-c62b-4505-97aa-6dd387fa3c4b,T1,False,0.000271,0
53b8fb7b-55d4-4641-bbda-b1b5e753352a,T1,False,0.000271,0
8bd09811-8be4-48e0-aad4-dc3a7721051c,T1,False,0.000271,0
87272fa6-01f2-4402-af7d-671cfc8f5517,T1,False,0.000271,0
413ebfed-586c-4548-a746-185829a4250a,T1,False,0.000271,0
884750f8-116b-468e-ba65-5cd03d9f152d,T1,False,0.000271,0
e18acdc2-ebf3-4ffe-b031-d80f5fa8a3ba,T1,False,0.000271,0
517cf869-5809-419f-955f-edc5d4ebc802,T1,False,0.000271,0
46a9b291-d115-42ea-af25-1baab16c1d97,T1,False,0.000271,0
28209503-ce75-4060-a258-f3a173873185,T1,False,0.000271,0
320e2e77-126b-4c58-bf17-b54e0e51de75,T1,False,0.000271,0
b56493fc-de26-47a4-80b7-d896399d3170,T1,False,0.000271,0
bfbe90f7-4dda-4538-ad0b-458486454bb4,T1,False,0.000302,0
f044d87f-a62a-4c03-849e-ca7959c8be19,T1,False,0.000271,0
70458e74-f0d3-44b2-add9-7f5659cb9367,T1,False,0.000271,0
4a752c46-7f59-48f8-b0c1-6cecbf566c4c,T1,False,0.000271,0
523409e3-52ac-466e-a37a-6b46ced65009,T1,False,0.000276,0
35885b72-f4bf-4bff-90c5-dc226b9cc4da,T1,False,0.000299,0
c361628f-a248-4e10-8f8a-82f7686012b3,T1,False,0.000271,0
db07abb0-8cd6-40da-8a30-e22c02312c9f,T1,False,0.000271,0
e8da20dd-efc8-4c26-987f-136305fa32b7,T1,False,0.000271,0
edf0ab71-b3ee-495e-8eba-56b20961a6a6,T1,False,0.000271,0
f3d7732e-b188-4779-a1b2-2f17e125d6db,T1,False,0.000271,0
1b7e1998-e9d9-4bd2-89df-7d1623247f06,T1,False,0.000271,0
a245e028-9b16-47e5-a6a0-4658d1a69373,T1,False,0.000271,0
1cce8938-21fd-4d1e-8baf-84fd6f776a94,T1,False,0.000271,0
16581a33-5df6-478f-986e-04f283c5f68f,T1,False,0.000299,0
4452ca00-ee61-4a0e-9c42-e452a2610eb8,T1,False,0.000276,0
fb61aad3-1576-46e4-8df1-7e152cf5b18f,T1,False,0.000271,0
e98046b5-0a88-4a79-a793-6229d43870e1,T1,False,0.000271,0
313ae229-d05b-42d9-aded-9c9738e6336c,T1,False,0.000271,0
3f15b379-16b4-48a4-ac1d-afe8f6298978,T1,False,0.000271,0
1ccf43f1-2fed-4c49-bdee-cd2c1211de16,T1,False,0.000299,0
bbe5a673-b18d-4f0e-9584-141ff2cf8e33,T1,False,0.000271,0
86389edf-7979-4e8c-b023-b9ad4e96613c,T1,False,0.000271,0
e7b8a1ac-e153-499a-bbde-94bc0bf4f9a1,T1,False,0.000271,0
42fc1774-2061-4a89-8734-17bd5f636712,T1,False,0.000271,0
428d28db-d83d-41dd-b7a6-e075331b62bc,T1,False,0.000271,0
df63a548-a7ad-4121-9f53-036f81dd2798,T1,False,0.000271,0
184d8a5e-4624-4f7d-8eab-247a9278b61f,T1,False,0.000271,0
7886eb8a-34d7-47d6-9b22-a9dbd7f4d300,T1,False,0.000271,0
10a12e40-74b3-46f8-9413-67de956fa059,T1,False,0.000271,0
b18c1b43-593a-4f58-8379-9294a019c39c,T1,False,0.000271,0
36ab104b-c0b0-47ad-883b-434a392adac3,T1,False,0.000271,0
c4cb8f8e-0550-4f2d-981b-19ee54d84deb,T1,False,0.000271,0
e2b9722e-25e4-4683-8e70-f27adbc36d3c,T1,False,0.000271,0
b95e2f70-e9d2-4991-bcad-8b7f746b5978,T1,False,0.000271,0
105533b9-0c98-4c8a-8c96-bdc6be37fe9d,T1,False,0.000271,0
6f3f43fd-7982-4e28-b685-635f71ef2edb,T1,False,0.000271,0
3612e643-f4fa-4b81-a6f2-a1d68baee31f,T1,False,0.000271,0
5ed5f82d-36f3-4e13-96cb-17a4e3954112,T1,False,0.000271,0
d5b51b64-a494-4f49-92ae-9659292501e4,T1,False,0.000302,0
d90cd2cd-6e70-4f27-ad6e-21b7219e8980,T1,False,0.000271,0
a7490c70-6a7f-4e15-a984-f907d4243421,T1,False,0.000271,0
90a2ed0e-1e39-4aed-9705-1b6ba4dd2d0e,T1,False,0.000271,0
b2e867a9-16fa-4c77-9fd8-5635b58fdf1a,T1,False,0.000271,0
325d7fb0-05be-43c9-afe8-f00cd72cf8e0,T1,False,0.000271,0
8cd0cb9f-3e87-492d-84ce-3b226dd8f9c1,T1,False,0.000271,0
02f92edd-01b0-4f69-8ddb-81f79fad639c,T1,False,0.000276,0
2b2cf1e3-5c20-42f1-bc3f-0c7aef1cc7ff,T1,False,0.000271,0
47066109-1a7a-438d-b331-dd1b2b42aef9,T1,False,0.000299,0
6f20fd8c-2442-4894-864c-f4c9c07f1b20,T1,False,0.000271,0
704227c8-ea82-4901-8e38-449e6339fc5f,T1,False,0.000271,0
c6d153f5-b28e-4b85-a87c-7114474fe3d0,T1,False,0.000271,0
1a49df9f-0b4d-4855-8440-f232366da2b5,T1,False,0.000271,0
c7ac5cfe-e372-4358-b319-b84158e791af,T1,False,0.000271,0
9717e56a-5ec4-49c7-93d1-c8bb54a13743,T1,False,0.000271,0
622b8251-e195-4f65-b21b-b66af50c782f,T1,False,0.000271,0
64b36611-5d7f-4a5d-bb79-65e004204e19,T1,False,0.000271,0
2dfb2609-43ae-4a74-93ef-cc261c8f40a1,T1,False,0.000271,0
f944ba50-8ef8-41f5-a91f-d7fe812fd48f,T1,False,0.000271,0
e841fd9a-5023-4d3c-937b-aad0eb70eb12,T1,False,0.000271,0
f6d8893e-df5a-4e24-a245-80f6d36c7606,T1,False,0.000271,0
0dd801cd-aed8-43a6-94c9-4ae2a896aedf,T1,False,0.000271,0
28eac098-2492-4c43-bd47-fc8cb4784158,T1,False,0.000271,0
8184f320-b7f3-4d93-b8bf-674e91baee18,T1,False,0.000271,0
86efa736-0c38-4ed1-8508-f96213f0e746,T1,False,0.000271,0
eb6254a2-fe57-4e99-ad41-9d9b6b7caf59,T1,False,0.000271,0
6ecf388c-be09-4e1e-8338-513bee592d58,T1,False,0.000271,0
d9d724ec-9ded-497d-a28d-14812fcd742a,T1,False,0.000271,0
f4e9cf40-42a8-4277-ad28-bd22987ce53b,T1,False,0.000271,0
44eee0c9-9a9e-4e9e-9ad5-9ab587627814,T1,False,0.000302,0
63bc7165-e92b-4911-b28d-5d0463cf35b2,T1,False,0.000302,0
fd279b54-f3f4-4baa-ac6a-47fb1e2f9f03,T1,False,0.000271,0
f5254b05-2b29-4254-a59d-a82e6b3a6c77,T1,False,0.000271,0
79ea79f0-1475-4cb2-bf1c-d5cb89877516,T1,False,0.000271,0
a27dec37-4b96-4781-9c7f-906a627567fb,T1,False,0.000271,0
a2049c9c-33dc-4d1d-96a2-65a26ba9bf58,T1,False,0.000271,0
44e3f700-e057-44b5-ab4a-12dd9567971f,T1,False,0.000271,0
f2599497-8968-483f-bf47-296bd830b5d7,T1,False,0.000271,0
e7b67e0b-8f0a-4f9c-adff-ba98b8fbca31,T1,False,0.000271,0
19e66172-2a98-4ece-9f2c-cf21f310ff86,T1,False,0.000276,0
28c280e2-a979-4e6e-9fbb-5a7e89fa6fc5,T1,False,0.000271,0
0b9311a8-083f-4029-af45-b5f12de3906d,T1,False,0.000271,0
ed56e280-0f75-424e-8ec7-fe67b86d9746,T1,False,0.000271,0
9e9b11c9-1509-47fb-bc43-73f40f48c274,T1,False,0.000271,0
e34d4f25-6d90-46c3-8432-065c504f1a85,T1,False,0.000271,0
f9d326bc-ba05-4fd4-8c48-b48d6b89fd34,T1,False,0.000271,0
95ec3fb0-9acd-494d-8126-dff6580189a5,T1,False,0.000271,0
53d5747a-6fc1-40a3-a256-3a0e4575e9ce,T1,False,0.000271,0
0ff246e4-265f-4c54-bc8b-8a6162417035,T1,False,0.000271,0
6e3a9b9a-e18c-4273-92a8-b040c60e2202,T1,False,0.000271,0
5112e81b-d1c5-407c-acd3-94fbc5a1a63f,T1,False,0.000271,0
573df9f9-b8d0-4ce9-aa5b-7552fb0b507c,T1,False,0.000271,0
030702fb-bbad-4e92-ab93-fbcc235ae111,T1,False,0.000271,0
13dab736-8a2d-48ee-9d51-ac06e6a38e19,T1,False,0.000271,0
4dcb6a2e-d60d-47b1-902c-0c715366057d,T1,False,0.000271,0
fdb59ba5-080e-40f4-b988-fcd630dcbd0a,T1,False,0.000271,0
ed6c7418-4535-4d55-b84f-aa32c2242270,T1,False,0.000271,0
63824e2f-073c-49aa-bc62-02e4655c98f3,T1,False,0.000271,0
4720b701-3cc5-4aca-b71c-58fa259168bf,T1,False,0.000271,0
ba4a0494-1f3d-4374-b526-4b19ef9e2477,T1,False,0.000271,0
f9f49f55-7408-47b5-8aa2-8f8503ee2097,T1,False,0.000271,0
db14cf22-2b36-488e-8e62-8b6aea22bb15,T1,False,0.000271,0
21801612-c557-4df6-9cf4-b200de2fd119,T1,False,0.000271,0
69a0a87c-b988-4016-99ee-2a9b11b5f808,T1,False,0.000271,0
8b18a13d-2b1a-4f46-8b98-4f5580a00347,T1,False,0.000271,0
90486d71-807e-4a3e-93b5-57a2694393d9,T1,False,0.000271,0
388c7b2a-648b-4a61-bdf4-df99bbd638c1,T1,False,0.000271,0
15da37f1-04d8-498d-9e3b-72907c9f3519,T1,False,0.000271,0
cddeef2b-ba30-4877-b1d0-f9ed8266dad6,T1,False,0.000271,0
e45cb9cf-b228-4115-9e48-59cd52a01d73,T1,False,0.000271,0
7e340af2-22da-43d0-8cb1-9b92f1c8c718,T1,False,0.000271,0
92171171-05cf-4023-81ba-e6094020df79,T1,False,0.000276,0
828644a5-dad0-43a1-b758-63b7a0d09b85,T1,False,0.000271,0
ec5f785b-6319-4d72-8457-37b5fd0cb204,T1,False,0.000271,0
60f6f10e-e659-49b3-90d2-777b5fe761bb,T1,False,0.000271,0
62494bb7-b5bd-4df2-ab15-16dcb49c6968,T1,False,0.000271,0
5f2e4ac0-0e57-4561-8c11-71e94c27c7e5,T1,False,0.000299,0
852307c8-0bbc-4f4a-b16f-8e6a72b5fc9e,T1,False,0.000271,0
c5cb552b-fac2-4aa0-9914-92b93ca0a3ab,T1,False,0.000271,0
53cd79fb-17f9-4bac-8202-4b58cef3b563,T1,False,0.000302,0
a622cdcf-4c94-4141-8888-e593da538d91,T1,False,0.000271,0
12163b6c-820c-4d16-8b15-c6c669448691,T1,False,0.000302,0
65cc6726-eb79-451b-8ec5-0ae688943e2e,T1,False,0.000271,0
77c731dc-e100-4ad5-bf2d-3aeb6e38da9b,T1,False,0.000271,0
63d5f81f-ddfa-4d71-aeb6-c3abcbb2688b,T1,False,0.000271,0
00d5c144-bc83-4237-9039-56f2867de75a,T1,False,0.000271,0
fc72b9e0-b1f7-41c7-bfd7-a72230340fd9,T1,False,0.000271,0
8067e94f-2548-4799-a6e7-a9a6ed1a0283,T1,False,0.000276,0
f33e5c5a-ae7f-4b43-9b96-8822b246cb8e,T1,False,0.000271,0
aef9c195-1f38-484b-a0b3-831a94c50bd1,T1,False,0.000299,0
8ebf6194-03b0-4c53-9caa-a876a19494f4,T1,False,0.000271,0
8ade78fc-ddf7-4b18-ab22-b7c35fb63868,T1,False,0.000271,0
aee8a0c9-d551-4a5d-84e1-a6cd926498e7,T1,False,0.000271,0
44c04e89-aad6-472b-97ef-a16803941756,T1,False,0.000271,0
70d17398-d550-4e1d-a3c2-d130119b1ceb,T1,False,0.000271,0
776bb460-df36-4300-9ed4-09072876c08c,T1,False,0.000271,0
f0013ee7-0f23-45d0-bf10-48556d683e14,T1,False,0.000271,0
5acde4d4-6f72-47fd-a54a-62c9818025a1,T1,False,0.000271,0
c57a1584-dc06-4039-958f-36efdd9c15af,T1,False,0.000271,0
23c6842d-744f-4f04-be11-8c64a8df1a48,T1,False,0.000271,0
c80819c6-f433-4478-9fcc-1455d31bcef5,T1,False,0.000271,0
9fc562dd-2fa8-44e6-a3fb-98e4889217dd,T1,False,0.000271,0
b97900f4-aa3b-4d91-827c-b0aa115cd06b,T1,False,0.000271,0
012303cb-a045-4644-9a9c-11599315f0d8,T1,False,0.000271,0
1b2dee74-0bba-449f-84a2-421a2103c1b4,T1,False,0.000271,0
2fab8985-d91e-4998-834d-4e1dc07267b8,T1,False,0.000271,0
a06952a4-2ac5-4e62-a71c-aef97f8f3568,T1,False,0.000271,0
d459aca8-f36f-48b6-a2f6-3708c1f0ac20,T1,False,0.000271,0
710a376a-ba83-44fc-8063-69a2a7f8f9b8,T1,False,0.000271,0
5c9e9fff-500b-4cd7-a79b-c8a6544bb0dc,T1,False,0.000271,0
81b0b16c-50cc-46ad-8042-1cd764ebf190,T1,False,0.000271,0
4146e63b-b809-4246-bcd2-95f6d4833a26,T1,False,0.000302,0
b01c18e0-15d3-4cd5-821b-eae45c03cb91,T1,False,0.000271,0
7848541e-f6e8-417e-8da1-e1a2b845ae9b,T1,False,0.000271,0
bc003a12-020a-433b-b806-af8d2d632112,T1,False,0.000271,0
d149e82b-bc93-4d36-9464-022fc435ff41,T1,False,0.000271,0
d8c793ff-48b3-4b0f-99b9-1bb865ec430f,T1,False,0.000271,0
8bb43ab3-8454-4edd-86ad-7cd73e1bb77c,T1,False,0.000271,0
5086c006-f397-42ef-ac90-f8be74949379,T1,False,0.000271,0
67bf410a-8272-4cf8-946d-364e3dd90288,T1,False,0.000271,0
d3b65503-5e7b-454c-b054-53bef1f48180,T1,False,0.000276,0
c58018f1-3114-4730-aa23-7b9ecd493dab,T1,False,0.000271,0
854d31dd-796d-41f7-a539-7f62e043fd75,T1,False,0.000271,0
d1768d74-d94d-4136-b825-32b8d3e50b2e,T1,False,0.000271,0
118f160b-f46c-463d-960c-1c5e079fd609,T1,False,0.000271,0
2ed7513b-ba2c-48b6-ba27-c2e6c0f408e1,T1,False,0.000271,0
5a7e536a-bc7a-47c6-b5e4-08f840bf2d57,T1,False,0.000271,0
08cadd0d-c3d3-4bf6-bfb0-37f1b5eeac8c,T1,False,0.000271,0
6648f353-d074-4e7f-890e-8b0a5d10fb62,T1,False,0.000271,0
32ef972d-e303-4e4d-9040-a604bd0f6012,T1,False,0.000271,0
479fa723-6d48-4917-b14b-edc8a48f04f7,T1,False,0.000271,0
ee43b8ac-0a1a-420d-b4f4-0b88b20fce5e,T1,False,0.000271,0
a4b60af3-9c4c-48ab-b2fa-464bc4d42f73,T1,False,0.000271,0
fc5bd5fd-a8a8-4c2d-a3ea-76fdba00bd51,T1,False,0.000271,0
ffbbaff9-2843-4cac-99ee-52c2d5f95a73,T1,False,0.000271,0
ae17f419-6a97-4d12-9b95-2381b37f4f0c,T1,False,0.000271,0
58930d5b-e7d7-49aa-b476-a93d2203ba65,T1,False,0.000271,0
339a3eb5-380a-4fcd-b98e-1fa16d7445b0,T1,False,0.000271,0
58abc8f5-1d4a-4658-a3d9-ea1e54848ea6,T1,False,0.000271,0
0458a376-b77a-4596-bc9e-0116668f320f,T1,False,0.000271,0
7ff9a751-855b-4e72-9ba9-1cbd52c05362,T1,False,0.000271,0
ac4b6caf-4312-4984-aa31-33b95023a19f,T1,False,0.000271,0
f4366ee3-6909-421a-9603-8ced75e63262,T1,False,0.000271,0
0ce37671-56f0-4511-8bb0-6ed5d94c37ff,T1,False,0.000271,0
fa05bbbc-f1f5-4e95-bee6-bf8ba0849792,T1,False,0.000271,0
c18501b8-05df-41e3-b97e-ef6ccb857600,T1,False,0.000271,0
30afe49d-331a-4968-b738-29633b5bf3f0,T1,False,0.000271,0
d6e124c3-93b3-41e0-a8ad-14b2b3e201c5,T1,False,0.000271,0
0ad5627f-e4f9-4566-bfcd-71d98150bb9f,T1,False,0.000271,0
4e4249d2-be73-4a12-95f3-358bfdec2aea,T1,False,0.000271,0
b90af848-832a-4342-aa54-c17aab0f0819,T1,False,0.000271,0
2b4090a7-41ec-40dc-ad2a-c358c14fa7f4,T1,False,0.000271,0
f9587541-af2f-431b-a4af-7c8c88c8538b,T1,False,0.000271,0
19f40c9d-cc2b-415d-988a-62a05b0fdea6,T1,False,0.000271,0
ac547f5f-8eb4-4f86-b313-9a063473d2ad,T1,False,0.000271,0
386273d3-3df1-4959-898d-c12aa6ad74e6,T1,False,0.000271,0
80c32ee2-7944-4dc0-a70e-4fd7991ee3bd,T1,False,0.000276,0
3dea1493-b849-4709-abb5-b855b129a33d,T1,False,0.000271,0
68058e07-ed34-4be1-93b1-457a68e5d23a,T1,False,0.000271,0
d1bfcffd-8b18-489c-bc28-ef056cb1894b,T1,False,0.000271,0
172ff795-7d14-4b7b-a02f-bc740cb4138f,T1,False,0.000271,0
032eddb0-be55-4256-a544-510bce170fd5,T1,False,0.000271,0
3978aac1-8116-4e5e-961d-ff0783b25a3f,T1,False,0.000271,0
89ddd9be-bd56-4fe2-8f3d-2de0fc360fbf,T1,False,0.000271,0
01a528ae-5364-4283-aadd-4805218de6d9,T1,False,0.000271,0
ace85001-80d7-4d88-a26b-e441ed303f63,T1,False,0.000271,0
18054cfc-f267-4868-b4d6-21810abb167c,T1,False,0.000271,0
1d36a11f-6af4-4e3e-baa1-83fe5784fc50,T1,False,0.000271,0
cdd9b469-035d-444a-8ef4-7b28fdb5e20d,T1,False,0.000271,0
2f7e81ef-e31d-4087-bd69-12e74bd7b378,T1,False,0.000271,0
400b9203-8aaf-47c7-960c-5dd82f229dd0,T1,False,0.000271,0
d7901fcc-57b0-435c-85bb-de85baa3348b,T1,False,0.000271,0
27868d32-56b5-400e-bfd8-74bbd9c2eef1,T1,False,0.000299,0
6c5c206e-b762-4a34-84bb-41eef36171e9,T1,False,0.000271,0
7f2a2f2d-2b32-4d7a-9e28-d0f0b64611ad,T1,False,0.000271,0
5bd6950a-a3f7-491e-a22c-4fa49887f956,T1,False,0.000271,0
827349ac-a5e8-4f0e-994f-37743a89ed1a,T1,False,0.000271,0
103d9848-19e9-4910-afb0-db184899428f,T1,False,0.000271,0
61edeebe-877f-4620-8a84-c552166146f0,T1,False,0.000271,0
95ce592d-af88-4fab-bb3f-7df7a20abb22,T1,False,0.000271,0
6f17e5c4-abfd-40a3-8bef-de4dca77a6a6,T1,False,0.000271,0
f81502c1-039c-42f3-add7-9a6e5016f641,T1,False,0.000276,0
4604ea40-e890-4257-96dc-7d2666d6c3a1,T1,False,0.000271,0
e600f02b-a947-43d4-bec4-bbcdac8910b5,T1,False,0.000271,0
ebd800ec-12b5-4196-a908-928b790aa202,T1,False,0.000271,0
44b0ac07-dabb-4078-a89c-213b7caae436,T1,False,0.000271,0
99192cce-be50-4042-9e98-3f8ebefbea53,T1,False,0.000271,0
2fb63f71-fb2e-444b-92d0-098aca5eb120,T1,False,0.000271,0
cc7e84c1-7460-4f49-a1f3-9503b139b7e1,T1,False,0.000271,0
fe77e2e9-cec8-4aa5-be9e-dd816087a534,T1,False,0.000271,0
6e038e39-0ecc-4ef8-9a3a-3605386dfc10,T1,False,0.000271,0
3f8d5bca-9c1f-47f5-8106-1a2fc0a80267,T1,False,0.000271,0
3ae90675-4dd5-4ff7-8473-7aec7b888a1c,T1,False,0.000271,0
1f65a63c-35eb-4923-8312-79570b7aa2b7,T1,False,0.000271,0
2459d650-1ecd-4edd-9a8b-4b8beead7761,T1,False,0.000271,0
7ce61d4e-4b6d-4eaf-9ad8-885e93ac6926,T1,False,0.000302,0
e1247aa1-bff8-4452-86c5-0ded8054689b,T1,False,0.000271,0
4bdec8de-6b15-436f-93bf-9ce4076d8371,T1,False,0.000271,0
10eb96a0-0b4f-4824-ac46-a5be82090973,T1,False,0.000271,0
94c7d5ea-d64b-4005-b5d0-fb80cedb06e5,T1,False,0.000271,0
9257d036-7f9b-433d-944b-011025d23909,T1,False,0.000271,0
99e6089c-d068-4498-9140-848c6ef8b916,T1,False,0.000271,0
b5be8146-34dc-4b59-9a7d-b02a6581da85,T1,False,0.000271,0
e8cba13b-081f-449e-94bf-37613ceb25fd,T1,False,0.000271,0
e72b175f-b2e5-47fe-a334-05cfd58eecc1,T1,False,0.000271,0
33840999-1227-4776-927a-ea54cb5af971,T1,False,0.000271,0
0c698ccf-6f5c-4f52-85c6-1d92be1f64bf,T1,False,0.000271,0
44c7864f-fc4d-41e1-a9cd-4312db9068ee,T1,False,0.000271,0
4c752133-bf49-4628-8773-511b0ce5d22e,T1,False,0.000271,0
22a7f871-17ee-407b-9965-039c2627f9be,T1,False,0.000271,0
17bf5cd8-f055-450b-b8fe-32b270970f90,T1,False,0.000271,0
31b3ef4e-2cb4-487a-ab4a-b52aa70da46f,T1,False,0.000271,0
41c62b50-fb10-4630-9dc4-8dc939f4829f,T1,False,0.000271,0
78543795-7a8b-4262-b278-47a10644c266,T1,False,0.000271,0
cc816856-1881-40f2-911b-61136cd37099,T1,False,0.000271,0
5673f033-8015-48e6-9454-974df78ed543,T1,False,0.000271,0
f29535b9-2aef-49c2-852a-cd16d49ed744,T1,False,0.000271,0
72189a3d-517a-4988-948d-2964065fef9f,T1,False,0.000271,0
f7131de6-02fa-429d-89da-023be045da24,T1,False,0.000271,0
63164495-c09c-479d-9e99-409a874cf7cd,T1,False,0.000271,0
860d66a2-1936-4a9e-a651-536a0df9526c,T1,False,0.000271,0
9a732cc8-46ac-4091-9614-a83bebbbdd20,T1,False,0.000271,0
cd924716-d677-4cb5-8666-af3bbc02d1cc,T1,False,0.000271,0
d55cebe4-23fa-4abb-ad5d-d4e9b12ec738,T1,False,0.000271,0
d1e1d1f2-818a-451f-8758-aa027e47eec1,T1,False,0.000271,0
07b4e50e-b625-4e00-a75f-6ed46fd5b021,T1,False,0.000271,0
0312428a-e2b0-4441-af7b-365c0e9eee29,T1,False,0.000271,0
4483c62e-6860-402b-8f9a-3605d9b93ae0,T1,False,0.000271,0
8433d044-20db-4e36-82aa-25e3551c93e7,T1,False,0.000271,0
4503c740-1249-4699-baf6-cdc2587d6f11,T1,False,0.000271,0
2675b109-ea51-429e-b524-84f6339e4bca,T1,False,0.000299,0
b6be8c5c-b4f5-4bb5-90d9-bd50dcbbec9e,T1,False,0.000276,0
17230f8d-2d98-4ef9-a568-4554e4cbd05a,T1,False,0.000271,0
219d657a-0294-4fc8-948e-3a8d9d658ff0,T1,False,0.000271,0
978b1cc4-c746-4beb-a2ca-8c758ad980eb,T1,False,0.000271,0
e9efecec-a358-4e39-ba11-88e9ba37a41d,T1,False,0.000271,0
e915ac46-c4be-4098-ab64-8c77fd1a983a,T1,False,0.000271,0
68269232-65a4-4f3a-a828-45a6c4520bfa,T1,False,0.000271,0
ef864f3b-1d9a-479b-852c-a1f782d184f7,T1,False,0.000271,0
56be0649-270b-40a2-b0d3-74f60cd810b4,T1,False,0.000271,0
1fbb00c8-d346-4301-8efe-3b46533d89f1,T1,False,0.000271,0
78c28c05-4118-49e7-a87f-e26e5fe33387,T1,False,0.000271,0
1d1430c6-8186-4dc3-910b-5e7bae572976,T1,False,0.000271,0
2a128fde-68f2-41d7-9c32-8f85cadc351b,T1,False,0.000302,0
5cc61405-25d1-4537-8278-0945d756a3b0,T1,False,0.000271,0
47f26ee4-2467-4f16-a7fb-f548059c72ba,T1,False,0.000271,0
bc66fc73-2370-4f40-9b6f-3fb8907bdfaa,T1,False,0.000271,0
759da3ab-4e73-465d-ba90-1c37c5ac10be,T1,False,0.000271,0
72d1ad9a-661d-492f-b7d3-e9f40e072139,T1,False,0.000271,0
6670d6f9-e9be-4fa5-98ee-40181bb90502,T1,False,0.000271,0
1c517be9-5911-4cc1-8efe-e529a57f33b0,T1,False,0.000271,0
442a24b0-ba4d-45e0-b8f8-d13a3ccd45e5,T1,False,0.000299,0
3dd2ca3f-66c9-4d09-bc59-7f0bb371bda6,T1,False,0.000271,0
9047df4e-1155-4176-9f6a-258dcfec1ebd,T1,False,0.000271,0
25dac199-fe70-4179-ac38-9e8e846c3f80,T1,False,0.000271,0
7482f7bd-dbe0-4f3b-a736-81ae1202e9a8,T1,False,0.000271,0
4bfe10bd-2b48-41bb-8396-6c95c087aa7f,T1,False,0.000271,0
43496487-625f-4bdc-8471-91756d8d8755,T1,False,0.000271,0
09cb1e0e-327f-409e-b0d1-a8c51abc9a72,T1,False,0.000271,0
c645ca0b-3c1d-4669-a591-ff2519cb12bd,T1,False,0.000271,0
d605372e-f07b-4eb1-9063-5d468b9c2243,T1,False,0.000271,0
111c25a7-4d9d-4be8-9292-924e4a49b53c,T1,False,0.000271,0
5057b2bd-065f-4a2e-901d-6a488d9a6373,T1,False,0.000271,0
14b71b80-c105-43fa-a1fe-265aec28b634,T1,False,0.000271,0
3fda78d9-c3b8-4945-9396-d93c667b4f74,T1,False,0.000299,0
31c26fd1-72a6-4a2f-8a4a-508da7c391b6,T1,False,0.000271,0
dfc72fa4-4ad3-4166-bb53-3a462bd75c58,T1,False,0.000271,0
acbcd2b9-37ad-4fa5-952e-02deb5acdaf7,T1,False,0.000271,0
5f4b181a-9905-41ef-8227-c8820ba50edb,T1,False,0.000271,0
b2cb89fc-35d7-4554-a678-7f6f7d5e6bd3,T1,False,0.000271,0
c174d5fc-d1e9-493f-a2a1-2cf6ecef1c8a,T1,False,0.000271,0
e9e2af92-4392-4c45-b676-c6714e29f079,T1,False,0.000271,0
f3a64c24-4f60-47c9-8fb0-522b355b105b,T1,False,0.000271,0
536eab1f-276f-41ff-b56d-a89a2d1a7d04,T1,False,0.000271,0
fc2a84a8-d495-468f-9efa-09b8142c9394,T1,False,0.000271,0
45317ade-5aec-422f-9721-af50592b52fe,T1,False,0.000271,0
39ff8877-7935-4ca5-a233-fd7faf317c00,T1,False,0.000271,0
f4019460-106c-44ef-921a-0373ea09116e,T1,False,0.000271,0
0f84ab63-05e8-4d54-9f66-761052064020,T1,False,0.000271,0
16d49c23-88ae-4141-8606-621b7ce825d3,T1,False,0.000271,0
5bb775dd-17c6-4da4-9052-d71f47917ddd,T1,False,0.000299,0
5040a5d0-52be-4154-ba48-a6a42f261f29,T1,False,0.000271,0
1d4ca2cf-6852-4074-8f21-c56e4819a0ef,T1,False,0.000271,0
071896d5-5b6c-43bd-9e56-a61dc7d1a387,T1,False,0.000271,0
63d7324a-e2eb-40f3-91d5-7bd1df0e6631,T1,False,0.000271,0
be5295da-d407-46e2-8143-34da8259cfe3,T1,False,0.000271,0
bf67a9f0-24d1-439d-85d6-38fc5d7f16d6,T1,False,0.000271,0
29cddd5b-de2d-4e35-84d8-cd2b6ea75634,T1,False,0.000271,0
316a7928-ae5c-42be-a183-79074b4db322,T1,False,0.000271,0
428f9591-0d2b-4153-895c-59f367f1c531,T1,False,0.000271,0
940215d2-52a4-4653-b03d-4aefda49d789,T1,False,0.000271,0
f2b646d5-a1d6-48a2-b4c2-f3f1df54a377,T1,False,0.000271,0
6e917af8-fdd5-440b-a6cb-b1aa43872df5,T1,False,0.000271,0
0c839347-8a5e-441e-ae54-c9b0fc9eabe9,T1,False,0.000271,0
6ca844a8-5e70-4971-beab-c3e7158b4e48,T1,False,0.000271,0
7de5988d-b8e5-45de-aaf8-4d121154917e,T1,False,0.000271,0
e754a96f-ce74-4cbe-b843-00220f287283,T1,False,0.000276,0
7c0fe6a0-8635-42cf-8d02-3996640efc35,T1,False,0.000271,0
66046a3b-459a-4e2e-b872-332f487cd9d3,T1,False,0.000271,0
568d59e0-eba9-4fe1-9f94-8fb785f37ea0,T1,False,0.000271,0
89ad75d0-94b9-44a4-8394-d45a00842f15,T1,False,0.000271,0
99c576d0-a3b2-4406-bdb5-46a6b9b4d709,T1,False,0.000271,0
1facce72-08c6-46d1-ad63-5d253f8aa52f,T1,False,0.000271,0
57e4e315-b502-4b56-8b56-231d5cdca869,T1,False,0.000271,0
89bf448a-edaf-4984-9623-7f42d9bd856e,T1,False,0.000271,0
b21e4071-345b-4779-9415-acfffe51565d,T1,False,0.000271,0
33fec0ee-e83e-483e-81e7-49ba1cb4f48c,T1,False,0.000271,0
55c07c5e-e9d2-47f9-a04f-9a9d38945d57,T1,False,0.000271,0
8378e3f4-5ef2-4348-941b-d408d2754e62,T1,False,0.000271,0
003d2a3c-5670-44d2-bc16-edccf54b1db1,T1,False,0.000271,0
df388a11-9acf-484d-a49b-72bfc7b0c46f,T1,False,0.000271,0
b2d832cf-4f84-41a9-a213-e00370fb2874,T1,False,0.000299,0
c1968323-3510-46c8-be8d-d150cc9d44f0,T1,False,0.000271,0
4a00cb9d-ac4d-40de-811d-f0dcb32f1f78,T1,False,0.000271,0
bef1a79f-3fc4-4105-854f-2c0cd4ca056e,T1,False,0.000271,0
8d696a71-b3fa-482d-8c96-794d7c57c914,T1,False,0.000271,0
25cf1542-4e2e-4772-a2b7-1eace9d268b0,T1,False,0.000271,0
b39641ad-040f-4548-852e-d4469bd4018e,T1,False,0.000271,0
4b6e3eed-0391-458a-9993-8d61aa53a917,T1,False,0.000271,0
c7c2ec60-9df7-491c-8634-d0c9d7c5150a,T1,False,0.000271,0
644ef2dc-dfde-40d2-b6f8-61092071338e,T1,False,0.000271,0
d78fbc7b-7eea-4633-a909-5aeec059d152,T1,False,0.000271,0
73ca26f4-0f82-42d2-80c0-150d54a863f0,T1,False,0.000271,0
8626ca43-efef-40f3-bae8-b38a58c67c1e,T1,False,0.000271,0
0747f963-19e0-4208-8638-8620b162eafb,T1,False,0.000299,0
7f27fdf1-cb0c-4768-bb58-8cc889d1fe96,T1,False,0.000271,0
00798ea0-31cd-48b0-b0e3-ce7f44c864dc,T1,False,0.000271,0
32c9b615-c70e-4a30-a319-267588b45d27,T1,False,0.000271,0
a8273bb6-f99a-4396-a46e-ae4941bda4a8,T1,False,0.000271,0
74735db0-edd0-4638-a0f0-e7a32c48e006,T1,False,0.000271,0
4edf7628-29ef-4cc3-91e8-c861b32d2af4,T1,False,0.000271,0
a311028c-b09f-48aa-99e0-5607fadf98a6,T1,False,0.000271,0
599edf28-cce0-46c2-a9a7-ccea84375f74,T1,False,0.000299,0
e1a35ce2-ced2-489f-b542-cb910b527dee,T1,False,0.000271,0
1e8afc1b-1847-4580-ac67-6f21653d5a64,T1,False,0.000271,0
f8c2f64a-6389-4b1b-ab69-4da911fcd961,T1,False,0.000271,0
c02d6309-0667-49a7-b317-f2cda4a0fdaa,T1,False,0.000271,0
e89cb6e3-959c-40da-9015-733b47593525,T1,False,0.000271,0
479c7dc4-8c95-4731-8ec1-64eac5623bb6,T1,False,0.000271,0
30a98a8b-a648-4954-8a0a-1722b68f416c,T1,False,0.000271,0
4b2347d6-0538-490a-b525-de21c0b9b288,T1,False,0.000271,0
c8eedfe5-5204-47d6-b801-94604925492b,T1,False,0.000271,0
43fef631-189c-41bf-b466-e54a47ac3a87,T1,False,0.000271,0
147b82ea-0b4a-43fd-9561-f99761a1c2f9,T1,False,0.000271,0
b687f572-44c1-4539-9603-1b2690b36211,T1,False,0.000271,0
dae27ee3-1379-4eaf-8dfd-1b5313c5e131,T1,False,0.000271,0
2fb52dcf-6294-4d4d-9af6-b932bb865e27,T1,False,0.000271,0
f23b5a69-b971-4d93-af73-cfcd5fe45b46,T1,False,0.000271,0
61ac84ef-574f-4ff0-b709-f0e72755d3ef,T1,False,0.000271,0
2a68e25a-8152-4e52-8ecb-47c94e982634,T1,False,0.000271,0
477d7ebe-fc2f-4083-87b5-108daa174cf3,T1,False,0.000271,0
69dff498-554d-40f3-a6ac-0a6c22527696,T1,False,0.000271,0
2cfb0658-672d-45fe-a1d7-1528e8aa8832,T1,False,0.000271,0
5b5be4bc-aa9f-4c71-9449-e5e761b1797d,T1,False,0.000271,0
3c9d9d2c-fbe0-4c1e-bd1c-223145ce2b89,T1,False,0.000271,0
ed2282e1-1748-44a1-b430-7727f516ad86,T1,False,0.000271,0
cb68db47-1a4e-4494-b620-5b3f0b2d0b35,T1,False,0.000271,0
240fdedb-9542-47c8-ae5a-85925189a409,T1,False,0.000271,0
3892cc3b-d7c4-4760-a04c-cefdc0fa883f,T1,False,0.000271,0
fc4cdf4c-3bb8-45cc-85d3-eb1c9a1d9bf5,T1,False,0.000271,0
e210fcfa-afc8-4bd5-8933-f4549f407b8a,T1,False,0.000271,0
6500bd0e-2701-40b9-a8a0-1fd106b0db34,T1,False,0.000271,0
a44af828-e950-4ce7-b7bc-41ccdcdc2aad,T1,False,0.000271,0
b7a39121-0ad8-41a4-b188-0b949f8ea45e,T1,False,0.000271,0
058e9514-27a6-4b68-88f0-bf3d470c13e0,T1,False,0.000271,0
cae44236-3aea-4717-b904-23a1bf0d291a,T1,False,0.000271,0
ed86a27b-ad71-4698-bb00-cc91d9a138c9,T1,False,0.000271,0
feaffa4f-79a1-4a72-8464-d04d2a5bb730,T1,False,0.000271,0
c19845b5-8bbf-44df-bfb6-154b30b5d1f2,T1,False,0.000271,0
d0b1b685-11a9-49d4-9e8b-c68f7f9f4823,T1,False,0.000271,0
debad1d7-2766-41c6-9ff2-19de98e63425,T1,False,0.000271,0
157e6edc-5507-4653-881c-d6383a885580,T1,False,0.000271,0
91b0a83f-7e86-45cb-b835-72961475c715,T1,False,0.000271,0
4932a8d5-1221-4b51-ada3-7ab77130f9f9,T1,False,0.000271,0
5efd1625-b464-4473-b6a4-93a6e9201178,T1,False,0.000271,0
cb402434-f136-414a-91f8-80b04789dffd,T1,False,0.000271,0
6e6cd4b8-0ec8-4f36-b37a-15a526a0a7fa,T1,False,0.000271,0
e9a466e1-a47e-48ec-8a14-d24a510a2204,T1,False,0.000271,0
80ae64a3-8a40-4e8b-b381-c560b188c49f,T1,False,0.000271,0
24034321-c52f-4dfe-852b-21d7e6a82a80,T1,False,0.000271,0
955f5259-2b82-4f84-8b3f-b2c274f5f39a,T1,False,0.000271,0
02bdf85b-95e0-4c5a-8297-00125acf55ea,T1,False,0.000271,0
635c5da8-c180-4c77-9fa4-d369f517bbd7,T1,False,0.000271,0
29048313-dbaa-4fd1-b838-1d5a3645b20d,T1,False,0.000271,0
d59a77bb-6bbe-4f24-b086-0e528a274d54,T1,False,0.000271,0
26d6d90e-0f10-4d43-804f-e8d69d15e4b3,T1,False,0.000271,0
c632e6e7-f5ca-4637-9555-bb134c0639a2,T1,False,0.000271,0
9f3fd97b-5c73-4f29-91e6-88e6832a04b9,T1,False,0.000271,0
465b9b68-4861-43c2-8290-4302b9935f53,T1,False,0.000271,0
3ff181f8-7ee7-4f38-bbab-814a42bba5e2,T1,False,0.000271,0
86eb4db1-b0a6-4ed8-a788-141ad887929e,T1,False,0.000271,0
2400e120-4c4f-42dd-8871-53d184393650,T1,False,0.000271,0
24b7c468-7f4b-494b-aa3b-6d357cd97e11,T1,False,0.000299,0
a269da29-f357-4a90-9de8-71baf7058574,T1,False,0.000299,0
57eec8a9-1efd-4a8d-b483-f65e2b87037e,T1,False,0.000271,0
45960569-4a7f-4c54-9c4f-01a5479c3bc0,T1,False,0.000271,0
e5b7d7ce-e04b-4ca8-a5e7-680e659a56b7,T1,False,0.000271,0
978cb88e-f9a1-42c0-8830-a597e19eae86,T1,False,0.000271,0
9b3256d4-9168-4af0-a77a-664f14a8efd6,T1,False,0.000271,0
c8232293-e6bd-411d-bd50-b887bbfba924,T1,False,0.000271,0
98e55121-ffca-4f39-ac32-5abf2294f6fa,T1,False,0.000271,0
4daba37d-48ec-4ff1-945b-c6823c074834,T1,False,0.000271,0
dbc74142-b708-4a02-8e74-cbd93040deff,T1,False,0.000271,0
43b54c6f-ba8e-42e6-8447-f09174f02cb6,T1,False,0.000271,0
7af8ccdb-c4ad-4ff7-a3ba-dc42423615cd,T1,False,0.000271,0
71926144-08cd-4b92-a3e9-7eb0fdaf5d3f,T1,False,0.000271,0
21d79eb2-c9a0-45dd-b1e3-475dbe1c4277,T1,False,0.000276,0
ee94aab1-60df-489a-a50b-434e921290ae,T1,False,0.000271,0
626854f4-938b-4da0-b287-ce2f4ffa1bf4,T1,False,0.000271,0
09e45f41-b523-49e8-bafa-16f73beeda1a,T1,False,0.000271,0
6ccf492c-58fe-40e4-b78e-6f8dce122d57,T1,False,0.000271,0
889645b7-5e4c-410e-8ac8-a08c4919f1cf,T1,False,0.000271,0
40cd1f94-0c93-42bd-8e92-3e32f9a62753,T1,False,0.000271,0
8b3b111c-a16a-41b4-bce3-6a030172b347,T1,False,0.000299,0
f2cd9bd4-e08f-49db-b8bb-ce5e7827b721,T1,False,0.000271,0
04c441c9-2de4-4580-999c-bb4cad1b0142,T1,False,0.000271,0
2145eef8-b5a4-4a24-a6c1-5abbee169731,T1,False,0.000271,0
84009618-8ffe-4cbc-b561-4c3a0a5eb037,T1,False,0.000271,0
04bf844f-63c6-4011-8898-9f198f20d0ed,T1,False,0.000271,0
7b39f11f-9980-4c99-ad57-d18fb9ca8aa4,T1,False,0.000271,0
b16ff9fd-bf25-4886-bf38-117e544d037c,T1,False,0.000271,0
8d723ea0-8a3e-437b-8d20-6fde8081fd83,T1,False,0.000271,0
44d7ac3a-c862-41c1-8077-da5cc82d047d,T1,False,0.000271,0
1658919a-c023-4508-8c6c-e1e8bc2c1d7c,T1,False,0.000271,0
ae27a792-ce22-4871-a6a4-ac35ac33dbf8,T1,False,0.000271,0
aee9bea8-f4ce-4896-9a34-0a9d5fe36a38,T1,False,0.000271,0
3689c8b7-f642-46e1-a5db-28a61e4aab8f,T1,False,0.000271,0
7d4e7ae7-1dc6-460d-9e3e-b24a48aac257,T1,False,0.000271,0
6135ad6d-fce5-450a-aa84-0b7c3d512e18,T1,False,0.000271,0
4bc06893-474b-4d01-a448-9e26e76b1055,T1,False,0.000271,0
511b02b8-ea17-491a-92e3-4586932302c6,T1,False,0.000271,0
d9e52e0b-4ea0-4505-8870-a64ce896b712,T1,False,0.000271,0
9f250c95-fe4c-4dd3-8520-d29afd68ccaa,T1,False,0.000271,0
70bcc8a3-4810-4e8b-a99d-737edb535c94,T1,False,0.000271,0
b6b84c93-24e8-44c1-a510-5591d3f764af,T1,False,0.000271,0
f3daf6bb-9c53-4ec9-91e5-30575088ad4e,T1,False,0.000271,0
7dc6e5d3-d1bd-44ec-bfd6-7a7fda8853f7,T1,False,0.000271,0
d38b6f85-76b8-41c8-bb35-27dfcd5e879f,T1,False,0.000271,0
9ff7aaf8-db08-47ed-bf09-214346f75afe,T1,False,0.000271,0
e7a9cb61-83d2-470c-a3b7-d6bf9e4a40fe,T1,False,0.000271,0
f04b9a7b-5065-453e-9e31-911743e39d10,T1,False,0.000271,0
8d17366d-0121-4478-9790-ba45bd2e4548,T1,False,0.000271,0
17f86271-ac64-4528-94b3-707396c7dde0,T1,False,0.000271,0
8dccc4f0-23a6-4ad3-af35-741c7ae06f55,T1,False,0.000271,0
5a3ba8dc-f44f-40bb-9365-0a9281123e77,T1,False,0.000271,0
1c900179-6ea0-4e48-a4b2-c1d9c31bebe2,T1,False,0.000271,0
19deec7a-384f-4652-b469-f60d4db94afc,T1,False,0.000271,0
bd37b104-2fd9-4be5-9dd5-08bc98334a3c,T1,False,0.000271,0
62411f96-5508-4149-bf37-d46ae39ce94b,T1,False,0.000271,0
5153368a-0a92-4aa6-9425-2cfccc1eff4f,T1,False,0.000276,0
ddeea888-1622-4e0a-a328-2934f044ed82,T1,False,0.000271,0
d81991b3-b19c-4e85-83da-7a728383aaea,T1,False,0.000271,0
f89cecca-d2be-48ce-8590-2205628cd744,T1,False,0.000271,0
5949c262-fd98-4e65-a259-2e0ea30128a7,T1,False,0.000271,0
94a163d2-49b9-4e09-9fa0-dc5862cf0174,T1,False,0.000271,0
d8c8ed53-fcf2-4928-9a41-dd4154b198ff,T1,False,0.000271,0
7e81fb59-c712-4f07-9eb4-27f00c528c15,T1,False,0.000271,0
cb2130c0-0014-4702-b1fa-2de5d51d1187,T1,False,0.000271,0
a7b7f065-b9dd-448e-9ed0-418db37de3d1,T1,False,0.000271,0
1735b6e2-2058-4562-ab55-5660c19d3309,T1,False,0.000271,0
01d86d4a-fdb2-4716-980d-13b0cc6fc387,T1,False,0.000271,0
9d56502d-4cca-43fb-bff9-27a823d93412,T1,False,0.000271,0
c82b1e8b-f3f5-43a1-abfa-519f03638663,T1,False,0.000271,0
9f95fbcb-b067-4897-9060-379c6bcc9791,T1,False,0.000271,0
54e18c39-5ac1-435d-86af-07b0c7e4c10d,T1,False,0.000299,0
1e67bc70-9992-43f8-aeaf-0bc4c2d88268,T1,False,0.000299,0
3a56839e-a20a-4d51-8485-f03b73610959,T1,False,0.000271,0
667b94de-0fc7-4962-bd9f-0794b7625241,T1,False,0.000271,0
0d773103-9430-4225-a215-556566b0edc4,T1,False,0.000271,0
90eae21e-dcaa-4599-911e-458aa3bb45d2,T1,False,0.000271,0
2d6bc855-6c10-45b4-a8da-6a22392f6178,T1,False,0.000299,0
67599c6a-96b4-414e-9a2c-f20b8101f342,T1,False,0.000271,0
5e068638-549c-48c5-afb5-3a732782a6e9,T1,False,0.000271,0
af4e965e-a895-4d67-bc4d-319d5959587b,T1,False,0.000276,0
588117e3-48dc-41c9-85ae-e43b88091d7b,T1,False,0.000271,0
8453cce7-59be-45f9-92e9-6f5241bf262b,T1,False,0.000271,0
ba67caae-f222-405e-92c5-c118019b960b,T1,False,0.000271,0
543500bf-23fa-4318-9e6e-b01c1c839a9e,T1,False,0.000271,0
9ecd1eed-fe00-4f39-834c-44b7db4e65ea,T1,False,0.000271,0
27137506-8e02-4c51-89b6-1a600d2507e5,T1,False,0.000276,0
6c2bd948-9e21-4e1b-80c9-162d9586eb41,T1,False,0.000271,0
ca36ee60-ba8b-4a9a-a496-b69a0906a67a,T1,False,0.000271,0
4cc3de92-411a-43fb-bab2-a473579c0563,T1,False,0.000271,0
062c6b72-a73a-48a4-a1d0-b2606f7baf0f,T1,False,0.000271,0
1243488d-2b6f-4f5a-816d-50db8c476119,T1,False,0.000271,0
dddbbcd2-a619-4233-aa7d-bf76fbee3e93,T1,False,0.000271,0
c1429cf8-985f-44c5-a3ce-48a86e12ea00,T1,False,0.000271,0
91834c63-d17c-4c49-a5e8-8def2d1e608d,T1,False,0.000271,0
8412c03a-c4ee-4890-9cc6-140ce300cc38,T1,False,0.000271,0
72f964fe-f63a-4580-8cbd-b3736eed18be,T1,False,0.000271,0
262fe531-4330-40fc-afc3-9accd8a1b919,T1,False,0.000271,0
b2e9e236-2692-4f74-93d6-378e7912942c,T1,False,0.000271,0
22cf92a0-df59-4732-a6aa-55d3d35b8de4,T1,False,0.000271,0
f81e599c-93bc-4a74-8fa4-836eb68318be,T1,False,0.000271,0
c662d6d0-2377-4978-8763-8e9eeabf03c8,T1,False,0.000271,0
53958117-d41f-475a-8b9d-b2f009cb2dca,T1,False,0.000271,0
3ebcde14-dacc-4c00-89b1-78adfa14cf29,T1,False,0.000271,0
b97ee985-fe7d-457e-aa68-22e6d9cc07c4,T1,False,0.000271,0
db33b6ef-b027-420e-a55c-29bd8dbbadda,T1,False,0.000271,0
20004290-96a4-4d3d-bfd1-5c1261e51dcb,T1,False,0.000271,0
2d3c4c1f-8518-4476-99d9-a26170c78fdf,T1,False,0.000271,0
bb30cf0c-852d-4a50-83de-3206183df00e,T1,False,0.000271,0
9b92395b-8245-4d1d-8cb7-e6fe99660407,T1,False,0.000271,0
676d69af-2628-4a2c-a2ab-01f02185095f,T1,False,0.000271,0
bf3171bc-a692-4c04-823f-7098a99fe31a,T1,False,0.000276,0
a075e575-9f42-46ec-bcc5-7688f4b80ef0,T1,False,0.000271,0
5c29c7ac-8ce7-480a-9d17-995b6f3dc9cc,T1,False,0.000276,0
a5285e7c-5a12-4aef-80e1-59eda40f0c84,T1,False,0.000271,0
3c9085c1-8a0d-4126-b58b-fae614c38fc8,T1,False,0.000271,0
8dafc0f1-ea84-4dcb-9093-cfcaed1e0362,T1,False,0.000276,0
c6211280-c1b3-4db7-a8ba-8ebaf84109cf,T1,False,0.000299,0
ef5206a7-7e8c-4207-a64a-55742e7196a2,T1,False,0.000271,0
2d564999-3234-4811-9a0e-7adeb8107dbc,T1,False,0.000271,0
ea9b4639-5833-4540-863f-8f83233ded7c,T1,False,0.000271,0
1ae486dd-663f-4338-afe8-4e1f5ec0ab98,T1,False,0.000271,0
ab65effb-0f85-4e32-a4a1-121ed71a21d8,T1,False,0.000271,0
2c2dbf69-a853-4e04-a698-d056ca2c55bc,T1,False,0.000271,0
eea35d15-33ec-491f-bf5a-47b9031b4629,T1,False,0.000271,0
b40ee5d6-748d-4a45-aa7a-e482816032f4,T1,False,0.000271,0
58085994-be24-47a0-be21-62a909dd8afd,T1,False,0.000271,0
dde12447-39b5-441a-9387-97c5c0f10fa8,T1,False,0.000271,0
13cc13d3-baad-4e18-9bb9-7d7b1d34d046,T1,False,0.000271,0
8fc2d24e-54b8-4fbd-b457-428c4586a4c6,T1,False,0.000271,0
e623870b-7758-476a-af81-d40b37ea7830,T1,False,0.000271,0
4d19425a-d08b-4318-bad4-e6b49ec4897c,T1,False,0.000271,0
2b74f601-d7ec-4235-8cb1-89e5edb889f7,T1,False,0.000271,0
cb484d40-62e2-4795-b84f-0b436d27c5b1,T1,False,0.000271,0
26baf53d-fc27-4a08-ab03-1283930ff26e,T1,False,0.000271,0
84c251fb-f5ba-4a57-a8af-b93cb00cfd9b,T1,False,0.000271,0
0cac19ed-6b8a-4bfa-9afa-1a1af1f7a3fa,T1,False,0.000271,0
e0b6dbd5-7ba7-42ac-b249-a2625d16d5da,T1,False,0.000271,0
c8caac27-7f89-4d4b-a1e5-16c3218f74dc,T1,False,0.000276,0
596e2f44-ce99-401a-a669-9794deafc169,T1,False,0.000271,0
fd5ac99e-0c27-422a-a115-6d69f2748fd3,T1,False,0.000271,0
fd898342-a004-484d-87aa-1cce64eb7252,T1,False,0.000271,0
06d2a350-5e7b-4219-8e8f-50a43fc03a53,T1,False,0.000271,0
92918af0-be8b-4e47-8832-1e5f6ee56465,T1,False,0.000271,0
748dc61a-5974-4a94-bf37-ea5cfe03c39f,T1,False,0.000271,0
5d40b9a9-0b8d-4338-98c4-b9f4ec5f8d6f,T1,False,0.000271,0
2ab5dd49-7cc2-44dc-8647-25b94a5364f1,T1,False,0.000271,0
2d0f180b-61c6-4714-88db-b92dcc81bfc2,T1,False,0.000271,0
67dad8c3-ff9d-43d3-8e70-9f44332927dd,T1,False,0.000271,0
16b7e926-9640-4f59-9e0b-b757562980d9,T1,False,0.000271,0
68a6b9f3-759c-41e1-85e0-3177f55cce64,T1,False,0.000271,0
26c63c17-f333-44f3-9731-18c9ad811210,T1,False,0.000271,0
17380e72-8302-420e-9f0f-9928ac5dd65d,T1,False,0.000271,0
d15cb855-66a7-457f-b72e-8cc9f73e5b0a,T1,False,0.000271,0
9c0e1fca-8365-479c-968a-471625aa5b94,T1,False,0.000271,0
f953a46c-debe-4767-81ed-66bfe6c2c42a,T1,False,0.000271,0
049fa5ce-cfa1-443b-84bd-a04ca9f71042,T1,False,0.000271,0
eb2cd9ad-7075-417a-be1d-588abfc31d37,T1,False,0.000271,0
4cb71701-c208-4cca-a087-3f2384357dee,T1,False,0.000271,0
d38992c0-b23a-4209-b62b-db57ff4a0c6e,T1,False,0.000271,0
ef1ff63d-ae67-4b7d-8ac5-980b4a0bc71b,T1,False,0.000271,0
7b77a0d7-43ee-49ff-a92d-5ee915978f83,T1,False,0.000271,0
a784f3fc-1678-43df-add9-6a6c33a27e38,T1,False,0.000271,0
c040d47b-39ce-4d77-b70c-532a1ba43119,T1,False,0.000271,0
24a82b01-0243-4e36-b84b-57361626c915,T1,False,0.000271,0
08a19315-a5b8-4cad-bf47-e9ef2fb16dc6,T1,False,0.000271,0
323a081e-a8f2-49e9-a341-dc817bffe7e3,T1,False,0.000271,0
d4224872-0bce-4ee4-9fda-a616af29f7a3,T1,False,0.000271,0
e7d640cb-bb6f-4a8a-b27d-69ac61332ff9,T1,False,0.000271,0
28e3225b-2c05-428d-adb6-01e1e5c87278,T1,False,0.000271,0
ebbfba83-ab6d-4692-bc2d-17cb747974be,T1,False,0.000271,0
f1b54ef2-aaa4-4d45-9716-09be56fd8d0c,T1,False,0.000271,0
d88e7b9a-3d1f-4abd-b8a1-5463b55e9811,T1,False,0.000271,0
a3e667eb-cbe0-4706-bab6-546cba588202,T1,False,0.000271,0
01e9a4dc-07f8-4837-b125-8d4d56804c9a,T1,False,0.000271,0
e2dd1c6a-b564-4dd2-bb89-30f02d524718,T1,False,0.000271,0
c6a6eeea-0f93-40d2-9585-1b78f0c11358,T1,False,0.000271,0
76d25c9c-282f-44a1-bb3f-cde7c61ce8bb,T1,False,0.000271,0
1cb5774e-831b-4299-b05c-ad282c9ae536,T1,False,0.000271,0
82fb67af-7f00-415a-8a52-c9aca44cac21,T1,False,0.000271,0
e392cffe-300d-479e-a5e2-a568b6263b02,T1,False,0.000299,0
7a99f231-15a0-4a4a-84db-30d3823eda0c,T1,False,0.000271,0
c73d9f10-2f05-4ddd-aceb-95a71e87ab73,T1,False,0.000299,0
e4276638-e7bd-4040-99c2-677cfb17d7bf,T1,False,0.000271,0
178a857a-642c-47c9-84f3-0f4782b4aab7,T1,False,0.000271,0
2c16206e-7504-4238-8d13-741ca26f966a,T1,False,0.000271,0
97497f31-6636-45e3-a79e-9049388846d8,T1,False,0.000271,0
ede459ea-3ed6-44b2-9b7f-a9797cfe5098,T1,False,0.000271,0
779b4f18-cc45-4470-8ffa-e3133a91a6b7,T1,False,0.000271,0
02ccf162-ab21-4cb2-a887-c1e4be2d63e6,T1,False,0.000271,0
5bc22aff-5547-498d-a867-9437aecb2300,T1,False,0.000271,0
f4ae6c12-0445-4f63-9803-bc27112ff228,T1,False,0.000271,0
af3d0e72-14ce-4fde-b414-a97e9b224f0e,T1,False,0.000302,0
4a5536c5-9ae8-4bd9-a630-ea9b67a6336e,T1,False,0.000271,0
717b962f-1b6e-4cb4-9d31-797d902bdb21,T1,False,0.000271,0
eadd0861-b99b-44eb-bfb1-3f4535ba8310,T1,False,0.000271,0
834bbae9-0591-40ce-8e33-4f063234cf16,T1,False,0.000271,0
b8cc49df-1c7c-40e9-b4c1-49a19b394b3c,T1,False,0.000271,0
8ab103c2-22a4-4f07-b578-9ed48f37e00c,T1,False,0.000271,0
2332adcc-d6e2-431a-bb64-fa8c32c20fca,T1,False,0.000271,0
2e313b85-2a67-45b2-a7ad-3e947eb51a6a,T1,False,0.000299,0
91d4534d-209b-4bf8-84aa-668cb2d8a921,T1,False,0.000271,0
73702ed6-5a7e-4340-824d-caacab88b00c,T1,False,0.000271,0
ef87b4fb-3a69-4e63-be95-78d7bfac806e,T1,False,0.000271,0
7036d750-26ca-4c4d-b78c-e8ba2cd28872,T1,False,0.000271,0
a493a282-817d-4169-8717-e72388a1ac60,T1,False,0.000271,0
1bdabdd4-c122-45c0-8005-041d0c072b02,T1,False,0.000271,0
7d59fedd-5a5c-47dd-9879-df885ddbc520,T1,False,0.000271,0
d47e357d-d547-4570-940f-1c70020c3913,T1,False,0.000271,0
88310ef3-624a-421f-86a4-f6771cbcf527,T1,False,0.000271,0
441ecf04-0d72-42b4-8514-7aeb73e581be,T1,False,0.000271,0
d11f799b-7f29-4fbf-82d5-26099f86c45f,T1,False,0.000271,0
e9d8b9a6-29c6-4eed-8d69-1966f412aca4,T1,False,0.000271,0
d0ea865b-04ec-465c-a8fe-103eec17be64,T1,False,0.000271,0
0104563d-45e7-4912-ba7d-55804c1af5e9,T1,False,0.000271,0
7d9a35d4-6842-4ac1-8d34-0e7d383e98f3,T1,False,0.000271,0
768017d2-a904-4065-b410-aa73b655b818,T1,False,0.000271,0
c2deb1a8-3b7c-4927-994b-8f62a9070287,T1,False,0.000271,0
e2c1002e-f523-4339-8af7-ab3dd4dd019a,T1,False,0.000271,0
09cc86a9-e3b8-4d9d-8c29-502e0f1e2b5a,T1,False,0.000271,0
e42dec60-26be-4385-8464-14addcb4d12d,T1,False,0.000271,0
a8ffab49-2777-45d7-95bb-1a27939771a9,T1,False,0.000271,0
81aaf83c-dd33-44ff-80b3-a52915559734,T1,False,0.000271,0
94e6ccf2-d406-4010-9f59-7bca61123813,T1,False,0.000271,0
fb51597c-0c4a-4593-acf8-c4c3d53b595a,T1,False,0.000271,0
74fec518-5911-4a94-b34e-0d6e5f83fe15,T1,False,0.000299,0
5d25ff4b-f71e-4d7d-8bef-836b475390ae,T1,False,0.000271,0
4688531c-0ce7-4cd1-ada6-be730e048902,T1,False,0.000271,0
782bdeb7-8c23-49dc-bb6f-b5303c01d51f,T1,False,0.000271,0
fc1f4157-db96-4d2e-829b-e9e35f938f40,T1,False,0.000271,0
208ba228-47ed-4254-898c-b1b793ac5e63,T1,False,0.000271,0
38671bd1-2423-431d-a1a9-2fc148064725,T1,False,0.000271,0
6d2a2715-b99b-40e0-8bd3-af18ece3c195,T1,False,0.000271,0
6f9a1f1e-8604-42f3-bbd9-2413956c2689,T1,False,0.000271,0
77fe4de1-c4e6-40ba-b0b7-79dc83d5b8bf,T1,False,0.000271,0
1be87562-94f4-4e55-96b3-131a8122635e,T1,False,0.000271,0
b195f1b9-b14c-4f53-9ed2-788c5b57d753,T1,False,0.000271,0
4fef6083-e79e-4fe7-a81f-f924b51b54f9,T1,False,0.000271,0
39b26a96-8d4e-4cb3-a1b6-8ee1ef3b9266,T1,False,0.000271,0
22c1ed4b-3c4f-4b58-a0a1-fdaf343aee55,T1,False,0.000271,0
fb012154-509d-4884-88da-9ed1b27ab8ee,T1,False,0.000271,0
9ad4870d-fc65-4aa0-8ad8-c2d5a53369ac,T1,False,0.000271,0
296fe683-6d1e-4450-833f-8bfbde3312c7,T1,False,0.000271,0
48471175-ed1c-4fcd-8652-48b33a0c320c,T1,False,0.000271,0
1e65465d-35e5-4641-afdb-dfbf8de67603,T1,False,0.000302,0
9a333403-bd16-4dd1-8f2a-c279dba3a66f,T1,False,0.000271,0
104fe101-0a11-46f9-aebd-cd225912a189,T1,False,0.000271,0
55fc7af2-af86-428c-a6fc-5945a3df7805,T1,False,0.000271,0
cb284572-d050-4572-92b8-5d0d656a6a88,T1,False,0.000271,0
845c319b-bf09-4f3b-9f53-87dec33bee61,T1,False,0.000271,0
301c4982-ddbd-4ac6-a6e2-dfba1ed2bb22,T1,False,0.000271,0
c966eaa8-7679-46f5-b7fa-2af40794bd26,T1,False,0.000271,0
468363f0-736a-48ef-8138-c40f7e0a7ca0,T1,False,0.000271,0
c3c3397a-60cb-4aaf-b3e5-d79b2a30d3de,T1,False,0.000271,0
ba4ecd63-d728-425f-9b43-1c477bb47355,T1,False,0.000271,0
69904704-df2a-4d3b-bb68-9f37c657cf46,T1,False,0.000271,0
b83af3fb-c50d-475b-b930-3cb68645bea6,T1,False,0.000271,0
fb858c98-9523-4a77-9c10-6aac475a2c99,T1,False,0.000271,0
17910cbc-415b-41c9-8cff-bf2a04fb9514,T1,False,0.000271,0
91eb1175-efe2-45f3-9b32-cd3b81171410,T1,False,0.000271,0
a02016c6-8342-48a1-b307-a18d2747f7fd,T1,False,0.000271,0
16c17ff6-9f49-4bbd-a309-859ca66627b1,T1,False,0.000271,0
82118612-daa7-412d-b90a-85b3d7595189,T1,False,0.000302,0
c1c9afbc-60b8-4a4e-8b18-f62b4c646674,T1,False,0.000271,0
6c107ed2-9575-4d90-91cd-cdc5ecbf21c8,T1,False,0.000271,0
d7124b14-070a-4b1d-9fff-7d1fe2ceb755,T1,False,0.000271,0
27cf84c9-416e-4eb2-8d63-327a4e8727fe,T1,False,0.000271,0
1d09f905-5f54-49ad-adf4-e093c01a30c8,T1,False,0.000271,0
2e14eb61-342b-455e-b226-286bb60f0944,T1,False,0.000271,0
660e255d-06d2-4b00-af0e-9bfef857d622,T1,False,0.000271,0
b3718ef6-31dc-4723-9f53-8207f8f71887,T1,False,0.000271,0
4ec6c502-7121-4b03-b79f-881acc873a4e,T1,False,0.000271,0
5328aa3c-eb77-425e-84a7-8ca80d652aa5,T1,False,0.000271,0
83fbee47-fd75-4a61-bd3f-3c41c52445d9,T1,False,0.000271,0
186871ce-d753-4d2d-8eb7-0b97aaf90c0a,T1,False,0.000271,0
dcc68057-ecca-4900-8330-603038117800,T1,False,0.000271,0
b7982be6-57a9-4193-8973-2e7163a68fe6,T1,False,0.000271,0
c9122ccb-0cc2-4f7e-9c80-0bae9e46a573,T1,False,0.000271,0
374269e4-5782-4147-9614-79a3cd0ad267,T1,False,0.000271,0
a1a5d8dd-37e7-4530-8ba6-5b76d8e45736,T1,False,0.000271,0
26e094fb-ae93-4588-8e45-4f0d7bb0421a,T1,False,0.000271,0
31a9dcc3-b7a8-4180-abc2-4c92297c19da,T1,False,0.000271,0
516e500b-90ce-426c-aaad-c040c753c27c,T1,False,0.000271,0
e3d6647a-ae26-44a3-9d88-64de6a4b6bb8,T1,False,0.000271,0
b5381054-088a-4a7e-ba0f-844427ccb42b,T1,False,0.000271,0
af48f06a-13be-4f9b-b9a5-ef50f504238d,T1,False,0.000276,0
63723066-ec3b-4d39-8bbd-826dd6074664,T1,False,0.000302,0
15f0a1db-4b92-4f16-8be2-6573cec52e76,T1,False,0.000271,0
798c8cae-5961-462c-8e0a-08596f2fffd3,T1,False,0.000271,0
891b7fb7-b27c-49da-93fe-c189b7b03b1b,T1,False,0.000271,0
d369a037-a4de-4c61-a61c-db7702c58261,T1,False,0.000271,0
581ac8f0-b2b1-4f93-a224-6f11c74c8995,T1,False,0.000271,0
e54a1621-1004-4b34-a0f7-5215234ba8a4,T1,False,0.000271,0
15351721-9c1a-41e1-b5b4-f4ffea5501c8,T1,False,0.000299,0
99523ed7-c007-461a-bf99-4f97597fe779,T1,False,0.000271,0
28e6b567-04cf-4620-93b5-f51a360c5da1,T1,False,0.000271,0
ff90454d-e56b-4904-88d9-6cab1a4de31b,T1,False,0.000271,0
8fa03930-f9f1-48e4-8704-a514985ea20f,T1,False,0.000271,0
6f5156be-9ffd-446b-bec6-8377591728c7,T1,False,0.000271,0
634a754c-ee93-435b-8489-9e40f578b18a,T1,False,0.000271,0
8f79c0d6-7d96-4044-b93b-8f0ebb55c890,T1,False,0.000271,0
0f99e412-e533-4b22-9ba1-5e1e0088deb8,T1,False,0.000271,0
d2cf9e3f-6a24-4f62-a145-625e0767b056,T1,False,0.000271,0
d1ab8318-f70f-4206-867d-951380e7ed97,T1,False,0.000271,0
fcd34d3e-f16e-435e-b021-edd6ff0916d6,T1,False,0.000271,0
fd43dc2a-e1b8-47eb-a0f8-1148d9b6bad9,T1,False,0.000302,0
72d47217-690a-461a-9b94-e93c54d7c42d,T1,False,0.000276,0
72f27a00-1a21-49f2-b763-e4e4a6eaea97,T1,False,0.000271,0
d20e8357-4d0f-4b5c-a6a4-6afb31a948a3,T1,False,0.000271,0
e92a14c8-cf4c-4824-a2b9-2e7965772172,T1,False,0.000271,0
6f8ea7dc-bfb8-4ad7-a268-e161f9bd717e,T1,False,0.000271,0
f5d7d691-0299-4185-8dc4-9f118c395037,T1,False,0.000271,0
7bee1913-dea4-400e-ba78-6664d6121f94,T1,False,0.000271,0
d3e3c6aa-2139-4b30-a1c1-f77fc2758448,T1,False,0.000271,0
cbf4cb02-fe4a-4cc6-8530-16e9db585980,T1,False,0.000271,0
660af054-339f-4157-8f38-c5ca14923e78,T1,False,0.000271,0
d214a9bb-6a6d-45d9-b52e-39edf6aa622e,T1,False,0.000271,0
8ca68194-2a46-44d9-9525-eec04b4d0c2f,T1,False,0.000271,0
385d3e34-8178-4522-b822-8482cd42c911,T1,False,0.000271,0
c658ddc1-d179-42ec-8dc1-6864d92d3556,T1,False,0.000271,0
2601f793-d80c-492d-bdb2-76496ab47f74,T1,False,0.000271,0
f5555f44-58f4-4918-94d6-c4ab5a683257,T1,False,0.000271,0
57c51b57-9635-4ef6-9fc4-d0149c82a057,T1,False,0.000271,0
dbd1ecf0-c486-40f8-828d-328c4c99b8c2,T1,False,0.000271,0
a4d64f03-b6f2-40e9-98fe-9a83275e62d9,T1,False,0.000271,0
29c6daca-4277-44d1-8436-15bf7533c9fb,T1,False,0.000271,0
acb4cf92-3004-4f62-939c-0e9c7e7515d5,T1,False,0.000271,0
6a1f9178-41f0-46dc-b384-1286a8b0d867,T1,False,0.000271,0
98d45e80-4f8e-47d0-8710-cb66e331c126,T1,False,0.000271,0
01af2644-28d7-465d-9870-7397bd8edbf7,T1,False,0.000271,0
c636f420-3a14-457c-b94a-6bf23234c372,T1,False,0.000271,0
55636eaa-6f11-4bfe-9d63-ae3922724590,T1,False,0.000271,0
02b1c4ba-05da-40a8-aa5a-1d0d8374bc40,T1,False,0.000271,0
187215c8-05d9-438f-85a1-c2e619d21628,T1,False,0.000271,0
db9ca0cc-f8d8-4d50-a30a-3901fb8b1b95,T1,False,0.000271,0
77b559a1-9e36-4608-b5e7-04180ffb8a2f,T1,False,0.000302,0
793a2131-d862-4306-ba42-edc6c309aa6d,T1,False,0.000271,0
dc026133-f058-4a16-829d-e940549414b6,T1,False,0.000299,0
4f965e44-002a-4f22-843a-9e40658ad48c,T1,False,0.000271,0
7ef10488-c696-4f08-8975-dd029595ac92,T1,False,0.000271,0
e0f8a0e3-3280-4e42-be7f-ac019eb9e3fc,T1,False,0.000271,0
3b5dc506-85f3-4389-b220-fb7fa2b2d80c,T1,False,0.000271,0
e36a8808-9240-43e7-80ed-f47633cfc5b4,T1,False,0.000271,0
051b0c79-e45c-4388-becd-03d3a2a320e3,T1,False,0.000271,0
4e2e49c2-ca33-4491-a754-c809b514ce85,T1,False,0.000271,0
f57a90a5-bdc4-4f4e-852b-baed34624dc0,T1,False,0.000271,0
b64d9cc1-f662-4a3a-b659-0f9074df10c9,T1,False,0.000271,0
f1c4e80b-6345-4615-852d-d2b7d81235b1,T1,False,0.000271,0
b43e1303-eebd-466d-8d50-075268449a86,T1,False,0.000271,0
63485068-b05f-4e4f-a3f5-68f27f30da8d,T1,False,0.000271,0
68890671-06e1-4eab-8802-085a87f7a6bc,T1,False,0.000271,0
723e65cb-3c6e-4bbb-9b51-06d6ca2425d7,T1,False,0.000271,0
68756a0a-fd03-43d0-b9e1-216bc081fa12,T1,False,0.000271,0
a66684b0-0a7f-4d75-a548-683c117d4537,T1,False,0.000271,0
bc8f6d97-dd98-49d8-993e-f5dc8aeb3808,T1,False,0.000271,0
7a0a5a97-e81d-4ca2-a1ea-80718d114788,T1,False,0.000271,0
91b13457-cf6b-45f7-ba0c-0b2f1a6ed4eb,T1,False,0.000271,0
005b5043-cc7a-46d6-a820-3d55d8606054,T1,False,0.000271,0
5b931c1d-e788-4745-8512-d388a284dd12,T1,False,0.000271,0
142454c9-adcc-4bc3-bff9-8dade48a6fe5,T1,False,0.000271,0
efbcda1e-39bb-4302-ad0e-25bfeb7433d7,T1,False,0.000299,0
0b69471c-5ec6-4322-8937-0cd6d790999e,T1,False,0.000271,0
10df5b18-0910-41be-bcd0-845390c24e94,T1,False,0.000271,0
2d95374e-12b4-4626-a308-9e172652fb12,T1,False,0.000271,0
91d472c3-8fcf-48b1-b8b8-c2c19f1e0b1c,T1,False,0.000302,0
234cb4bb-3483-42bd-ba6d-654803488605,T1,False,0.000271,0
58e77254-1993-4369-b2f8-d4cd3f2a97e1,T1,False,0.000271,0
f7562b7a-c975-4bd6-bdea-a56a968ae1ff,T1,False,0.000271,0
19d55906-b11e-46dc-ae78-236e678b1b93,T1,False,0.000271,0
5b063ea0-18ef-49b0-863c-a5bbe82b0363,T1,False,0.000276,0
5480a1cb-71e6-4671-9f18-4ca556a32704,T1,False,0.000271,0
976ff235-5585-4809-984d-1f0e39e54f07,T1,False,0.000276,0
4d0ef70b-2782-456d-a9e4-6f2c685dbc74,T1,False,0.000299,0
4e9fde86-e192-4a0a-a0b2-747182575e21,T1,False,0.000271,0
6beb9306-fcf3-4484-99f3-5ed4e1aa22cf,T1,False,0.000271,0
94f64e2c-9adc-453c-a5af-bd0aca9ac9db,T1,False,0.000271,0
fe7406aa-a9c1-4330-8167-d657f2925bad,T1,False,0.000271,0
86381ee9-3a09-44fa-8c48-c5d021039849,T1,False,0.000271,0
43e232ee-fd48-464b-bc15-2c4a15b62fbc,T1,False,0.000271,0
c6018119-f441-448a-a658-016f96a98e35,T1,False,0.000271,0
dcb121d7-1d6e-41de-8714-d0903ba86b6a,T1,False,0.000271,0
2a4e04ed-9f29-40a0-839a-69efa3b894d1,T1,False,0.000271,0
554e335a-d2f8-45ed-85d6-675169ae9159,T1,False,0.000271,0
adbcea04-afae-4c85-8f63-6ccd3eafb550,T1,False,0.000271,0
e383ffcb-b4ae-4b87-9258-946bc4bc801e,T1,False,0.000271,0
0151f368-7cb4-42b8-a27e-375813502541,T1,False,0.000299,0
2a634eec-47ae-42b8-95e3-1b2641862fdd,T1,False,0.000271,0
3675a7f8-6a92-4fc1-80a7-ba326e596b01,T1,False,0.000271,0
45c70cb1-6379-4b00-a2c6-37e0759324d8,T1,False,0.000271,0
e9fc5cf3-31c3-4852-b8d7-3146657b9471,T1,False,0.000271,0
fccbf6ea-565e-4c15-a80a-4c2132b09a1c,T1,False,0.000271,0
c20720bb-6863-459f-9188-e5ace6d2f117,T1,False,0.000271,0
9d4248b1-9fb8-4be0-8072-f5728466e318,T1,False,0.000271,0
9b9aa095-937c-441a-9117-5715734784f7,T1,False,0.000271,0
5d1cd674-cb5f-4120-910e-4001349b6ebe,T1,False,0.000271,0
6224ecf1-ee41-4720-826c-89798f1ad5aa,T1,False,0.000271,0
ff235f56-1af2-4e1f-a828-6b83a0112dca,T1,False,0.000271,0
71d3107b-ff29-4b6a-a299-c9fba1cace22,T1,False,0.000271,0
05444546-ec1a-44cd-92e2-0abaf3f4a53c,T1,False,0.000271,0
b5d7a216-a660-4ed0-a424-2aace605926a,T1,False,0.000271,0
a3e3edbd-37c5-4278-b8ab-e3222dbc10e6,T1,False,0.000271,0
0c9032f1-ca82-4582-bf09-c1b79f89daaa,T1,False,0.000271,0
26cb7ed4-d233-4668-ab3b-6e7cd7b7b56d,T1,False,0.000271,0
29c03b96-ebd8-4354-bb44-0f43096bd049,T1,False,0.000271,0
034d30e0-0d85-4ec3-9b22-adc334d9723c,T1,False,0.000271,0
d9758d17-e102-4127-8d37-566e41cae3cd,T1,False,0.000271,0
c02ea08b-be3b-4adb-9834-52d17e3321bd,T1,False,0.000271,0
8c119f35-5b90-4e5a-bec1-437723ca00eb,T1,False,0.000271,0
ac911c71-6d0f-4ce1-aa5d-c387641c289e,T1,False,0.000271,0
5aeba06c-6393-481a-a553-49a6641f8520,T1,False,0.000271,0
08bcc4eb-a43c-4257-8593-bfe5c9155dbf,T1,False,0.000271,0
1b8357b8-1635-4d82-86ab-009a97774686,T1,False,0.000271,0
c74e3735-44e0-49df-bbe8-20114c3b1c4b,T1,False,0.000271,0
98bca8bd-a3d2-421c-9778-636a01295e51,T1,False,0.000271,0
1e55e985-78c6-48fb-b4f2-b1dbe78f4a41,T1,False,0.000271,0
677164c6-f4a5-4222-97fa-1ac26caaf241,T1,False,0.000271,0
72402b05-6fae-4061-b2b3-95029fd5befd,T1,False,0.000271,0
a3f1cea9-7090-45cd-940f-2f9fbcce2696,T1,False,0.000271,0
e8c8e6e7-8dfc-4c92-8215-6d9a4c50a4dc,T1,False,0.000271,0
2faf0b66-1f5d-4b2a-b564-54af1464d3df,T1,False,0.000271,0
6186a593-6472-4d7c-97da-4a1b05775d46,T1,False,0.000271,0
d90ea9db-2fb5-422d-84be-91a5d1adc2d2,T1,False,0.000271,0
63b973ec-2684-4ee0-a185-647246b2775f,T1,False,0.000271,0
1db98576-d762-4ace-a3fd-969609e0ef6f,T1,False,0.000271,0
64243c9f-3ed4-4749-bc71-ab1c598f5c26,T1,False,0.000271,0
9e2b1f7f-ad98-4142-a930-92bc2547a837,T1,False,0.000271,0
3e4a0351-f57e-4775-8981-1196b2a12528,T1,False,0.000271,0
3a31b2ad-e108-4437-ae90-46c7724a8422,T1,False,0.000271,0
23a18297-894c-4386-aeab-3c30d2fe65a1,T1,False,0.000271,0
c60c3e0d-482b-467a-adf5-2e58922250f3,T1,False,0.000271,0
25078241-4551-41a9-bd19-f4423e0ed296,T1,False,0.000271,0
5f2c5eab-1d96-4f8b-9866-b064d620b2f3,T1,False,0.000271,0
683d217a-beb1-40ac-a0b4-91f64d3a0cc7,T1,False,0.000271,0
d4d6d365-e077-46ca-a438-cdf3ad11111f,T1,False,0.000302,0
0d4346c8-d33e-4438-b45d-96297e4575c3,T1,False,0.000271,0
ea0e5e3f-9d15-4a7d-a5ac-c864755ec48a,T1,False,0.000271,0
4c4d43e1-bbb7-4b35-9314-2d54cdb667aa,T1,False,0.000271,0
c5eeaa54-3e94-453f-9325-0506ec377957,T1,False,0.000276,0
2a8c0712-a65c-42fa-b9fa-bb6c36ad6ce5,T1,False,0.000271,0
8da73406-a4dc-4895-b6a6-4809c3bb58c6,T1,False,0.000271,0
98ed6174-1976-4468-adc4-ab44aa026da4,T1,False,0.000271,0
aabf3b6b-3ea5-4ce5-b011-225f4319ef13,T1,False,0.000271,0
91bae665-70b3-4c59-b51a-749d74801e9f,T1,False,0.000271,0
c928c56b-982e-4616-8979-30933c367f02,T1,False,0.000271,0
8c1f6e1a-2adb-48a0-8e9d-830ad6b8995e,T1,False,0.000271,0
75bdcfdd-537b-4e68-b2b2-74728a8dee2c,T1,False,0.000271,0
968ba695-3417-4b5b-8935-2d233049edb6,T1,False,0.000271,0
b314c166-cdb2-4350-b627-bff61bf8c202,T1,False,0.000271,0
6eb5ef65-dd57-4334-a1e1-f0f126a43933,T1,False,0.000271,0
f2f121d7-368c-4f4d-a6df-8b950fc1f59d,T1,False,0.000271,0
4495ac99-bff4-48e0-b021-6532a67130a8,T1,False,0.000271,0
d7609117-8301-452a-a3b8-79f612c72567,T1,False,0.000271,0
ea1d8868-ed90-4081-a951-f036ca28dffb,T1,False,0.000271,0
8de21a9b-502f-440f-8bf2-ff7a06cb6b6a,T1,False,0.000271,0
973c1a6f-4224-4d27-a85e-a72e0d74703b,T1,False,0.000271,0
7bc33894-1644-4c94-8147-0f93e27c42a0,T1,False,0.000271,0
5e6e1777-73ca-468d-8a0c-8cc2431f65ec,T1,False,0.000271,0
21e7ca93-d51b-4fab-9c63-a642ecb1bb4a,T1,False,0.000271,0
0875a3d7-a21d-4e99-9b7d-ccb55b29a198,T1,False,0.000271,0
9e9539c5-ff3f-4de9-b496-5c60f5334ff2,T1,False,0.000271,0
2458050e-8988-4e26-a13a-2194873bd7fe,T1,False,0.000271,0
bf8da9f2-1254-4165-b884-0a1260857799,T1,False,0.000271,0
26f57549-fb3f-4191-849a-95c28c01a635,T1,False,0.000271,0
00484806-b0c8-479c-b9bb-e56658b346a9,T1,False,0.000271,0
1b3b8c7f-3295-4e62-b47d-9cd726907be8,T1,False,0.000271,0
f835ca12-9376-4ede-b97f-362d8a064eab,T1,False,0.000271,0
3c773092-a873-4dbc-b3a7-fbf7c3240e0f,T1,False,0.000271,0
0472eab1-6bd4-45c0-bf88-7f1821c4e3c1,T1,False,0.000271,0
6356597b-bc79-48ef-85f0-ad95de353617,T1,False,0.000271,0
646a96dd-a1be-4602-bb94-40860e0f60fd,T1,False,0.000271,0
9d2c569a-ff8c-4d96-a321-4f5933ed67c1,T1,False,0.000271,0
39b29911-3d5d-4654-93f1-512911a7f915,T1,False,0.000271,0
aacd5bab-36b9-44be-8382-2aff1085a5b5,T1,False,0.000271,0
ba742263-65c3-4057-964f-c3b0d92bd9b4,T1,False,0.000271,0
ce13e068-016a-40eb-a623-8a750f99b98d,T1,False,0.000271,0
21f19424-b96c-4eff-b73c-e445d58cdba8,T1,False,0.000271,0
28f6cca2-b8b9-4b4c-bfa4-60de55f12e0f,T1,False,0.000271,0
34637514-e280-46b9-b0d1-ef03aaf15d67,T1,False,0.000271,0
b9c510ea-43af-4a39-89a9-6fc3362a0873,T1,False,0.000271,0
80c453fe-0007-49bc-9bc8-9f0bc53a73c6,T1,False,0.000302,0
b95dec98-67d3-4a46-88d5-1e24ded28dcb,T1,False,0.000271,0
0c389e2a-18cc-4fa6-a887-07bd2778ef51,T1,False,0.000271,0
1e4c9ca4-1c76-465a-9c0d-df7a56b0db2a,T1,False,0.000271,0
f3972828-e09e-4e25-9938-fbb1ebe62bee,T1,False,0.000271,0
fa7be06f-59c4-44bc-8863-ea80e8370056,T1,False,0.000271,0
2687aa1c-be59-4f66-a66b-68af8906d917,T1,False,0.000271,0
e1028a5a-5504-499d-8856-89e4cdbac998,T1,False,0.000271,0
bf7a3cca-684a-4df0-af13-632c975ac9e2,T1,False,0.000271,0
535752f8-350e-43cf-9ae3-fc28523cb0c9,T1,False,0.000271,0
027b859b-6c82-4fcb-ade3-d2e98721f833,T1,False,0.000271,0
1e25ab22-9c70-4118-b8ad-910cf2173d3e,T1,False,0.000271,0
b2adb2c0-2e8b-47a9-b52c-b725a32064ae,T1,False,0.000271,0
1920fb4b-d56d-4ed8-81db-5407a8489a79,T1,False,0.000271,0
6166648f-20d9-4b73-9f49-c96050ada393,T1,False,0.000271,0
9493c4aa-d368-47c4-acfa-9671b615cdae,T1,False,0.000271,0
6bb5c8fa-e47f-4f08-bb8e-b24b31c26dae,T1,False,0.000271,0
0ff3c9d5-8d43-4b13-9f8c-b6b1f682ecd0,T1,False,0.000271,0
30d3c7ed-24d7-4567-b5e9-16d9173c1054,T1,False,0.000271,0
eaac9136-ab03-4e58-a854-41e69e2d2274,T1,False,0.000271,0
0bb649d7-22cd-47ca-9013-f739111ef183,T1,False,0.000271,0
fa34a1e9-ca91-46b1-9ec1-de36c5d103e9,T1,False,0.000271,0
88c23c31-dd9f-4f05-a204-ff9024b0940f,T1,False,0.000271,0
461a7b68-6964-4412-b4bc-8e993d549dac,T1,False,0.000271,0
54f35f29-11a1-45e3-8a50-54071feca0ce,T1,False,0.000299,0
53cae4ef-33d8-44f9-97e0-94ef9ecff3df,T1,False,0.000271,0
b20e51ec-e55c-44fa-80e4-e0de894ea4c8,T1,False,0.000271,0
8c4f790f-9ce5-41d2-bcbc-1d9a16157ff0,T1,False,0.000271,0
451c2ce4-0cad-41a3-9c9c-2948561987b4,T1,False,0.000271,0
1fb04b84-7546-4b39-99bb-fb31980daae5,T1,False,0.000271,0
eb6d7762-3fd0-45cc-847d-c979023bcbbd,T1,False,0.000271,0
6bfa8a40-53c6-48c9-857b-c7c8dc125b6b,T1,False,0.000271,0
5a652cfc-af80-4d31-a847-b9ef7f82da7a,T1,False,0.000271,0
b9146cba-ffab-454e-8e72-8825afebe8f0,T1,False,0.000271,0
d0dbc20d-30f7-47bf-96fd-68e62310981c,T1,False,0.000271,0
21c22de5-506b-4f8b-b198-ed168490447a,T1,False,0.000302,0
0d9b81a0-9891-4fbd-aa7a-cd0c659d691b,T1,False,0.000271,0
71452874-46a8-4fb5-9ac1-1edf0acce9db,T1,False,0.000299,0
9139d59f-7612-4553-92f3-180a860748e0,T1,False,0.000271,0
f4ea7176-c858-43e5-a97c-b2cb252135b5,T1,False,0.000271,0
94fba5dd-a12d-4743-be7e-97ed75d6617f,T1,False,0.000271,0
1889fd05-c353-446c-9838-eb2b1d08ff75,T1,False,0.000271,0
22460400-8da9-4fb4-90a0-b360582e5af2,T1,False,0.000271,0
b52eca13-6888-4693-b4dc-8aa3dac550c4,T1,False,0.000271,0
83c2106e-59ad-40d8-9341-ecbefc6445ce,T1,False,0.000302,0
d65504bf-8c1a-41e6-8eb6-940671128b4a,T1,False,0.000271,0
2163866c-3006-47eb-9c35-bcb822dc35d3,T1,False,0.000271,0
e0f2a5e2-8c67-436d-ba24-92c0df060ab1,T1,False,0.000271,0
6ed9ba30-a5f8-466b-8ce0-2f97397dc7ac,T1,False,0.000276,0
1674f418-a7f0-400a-af4c-24081700a831,T1,False,0.000271,0
05224080-28c2-4975-ab74-a7782acb3bee,T1,False,0.000271,0
e8050d12-2b79-42e5-85df-739dd7d9f94a,T1,False,0.000271,0
d24bbe33-fc31-4f10-97c2-95e4cee99424,T1,False,0.000271,0
1e9ed916-3d45-4b5c-a78d-545175834335,T1,False,0.000271,0
e1875032-6741-4056-a763-ec18ca5810fe,T1,False,0.000299,0
16c561fd-9ef6-4566-a7a1-7dabbcafa45d,T1,False,0.000271,0
7bdb1214-0875-4666-89a0-f107daff7e38,T1,False,0.000271,0
f066b4e5-de64-4d62-85af-5006415bb246,T1,False,0.000299,0
cb322e86-0fc5-4543-9f4f-8bdc33424b38,T1,False,0.000271,0
759899ce-531d-49cd-80cc-b2364687e1f0,T1,False,0.000271,0
9453db6e-47eb-4e48-a47a-f11d4466646c,T1,False,0.000271,0
253a7411-17d5-4325-808b-29cfc77f46a3,T1,False,0.000271,0
401d16a8-7636-4e07-a41b-d6e35410356d,T1,False,0.000271,0
37395ff1-0606-42a4-ae42-973d3f60a1cf,T1,False,0.000271,0
1086efe8-d4a7-48ca-8ab2-3c03ac5c6f5f,T1,False,0.000271,0
11fb547a-c58c-4fae-944d-8657f510d49f,T1,False,0.000271,0
9c861aaf-5c9a-4162-935f-54ef653b63dc,T1,False,0.000271,0
02f26e28-73c5-4fe6-9b2e-e58ab06cacb6,T1,False,0.000271,0
a2137724-98b4-40f4-a4f5-77b66cb8bdcd,T1,False,0.000271,0
39223c67-e463-4b76-a09a-0753745c03b4,T1,False,0.000271,0
ebfbeaa7-32e2-480b-a886-133d8996ca25,T1,False,0.000271,0
51135815-ac52-4208-a6b5-002b3b67c7a8,T1,False,0.000271,0
42722265-e950-41bd-9b6c-268d7bfda9b4,T1,False,0.000271,0
861f70c6-7e7e-45e0-ad7b-fec64e6c53a1,T1,False,0.000271,0
b41f91f5-7442-4cec-9645-b74ade7a0ec8,T1,False,0.000271,0
f2a1eb97-da56-42db-a0f3-f6c601c979e3,T1,False,0.000271,0
ba2ab138-98b9-4cbb-94bc-a1ef598ebd85,T1,False,0.000271,0
57341e50-433c-40a8-b841-44e811f1cd6e,T1,False,0.000271,0
eb9a691d-f0b9-497c-83a8-4cc066dd505e,T1,False,0.000302,0
766ac015-acd5-4b32-bae3-166894ca815d,T1,False,0.000271,0
c3e9a66c-dbef-4ea1-9209-3cc5a983ff2d,T1,False,0.000271,0
5ae7521a-aec4-4346-9140-6c4632ac519f,T1,False,0.000271,0
50e03693-2e75-4ab0-8032-40b305c0cb36,T1,False,0.000276,0
00fa1670-6e59-4af2-b242-2f05628fcbfb,T1,False,0.000271,0
34ab5ad7-c96c-492d-b125-8954c1540868,T1,False,0.000271,0
3fd1c767-6402-488f-877c-95fdf918accf,T1,False,0.000271,0
c036bb31-7ce3-4e1b-9ae1-8dedbad47ac7,T1,False,0.000299,0
a0550c6a-62a9-4231-b211-ba0e66b4a4f9,T1,False,0.000271,0
f5718cd8-6881-4f5e-b4cc-905bc4afac1a,T1,False,0.000271,0
956b6dbd-4376-4b3d-9d77-8df442a0d68b,T1,False,0.000271,0
ea720bb3-8555-4b9c-aa94-968be99c1397,T1,False,0.000271,0
3d8dceed-807d-4db3-a195-63c753b0123f,T1,False,0.000271,0
46f689d8-179c-456d-89cf-e824434c8ad6,T1,False,0.000271,0
01de7f3f-7752-4af5-8d02-449508f05490,T1,False,0.000299,0
12737902-1426-487f-80f0-9bf716c1671a,T1,False,0.000299,0
64d854b1-a7a4-41d0-85a5-9ae34c8718af,T1,False,0.000271,0
19930f96-cf44-4156-96b4-00575ab2cf6b,T1,False,0.000271,0
6b78b058-0076-4c8d-b202-c70b71e48e59,T1,False,0.000271,0
22be3171-4577-4f30-9d02-160bf30133e6,T1,False,0.000271,0
02553872-fa02-4f03-85f3-af8f46a80e87,T1,False,0.000271,0
1f843739-9314-4999-bf0a-ec8f1e8af1fe,T1,False,0.000271,0
bea2beb0-41da-4672-a930-e7319b3a0a10,T1,False,0.000271,0
49aa38ca-54d7-4fcb-87c2-be3804bb283e,T1,False,0.000271,0
96af7f76-2e9c-49e1-aa52-fb78649d7539,T1,False,0.000271,0
d59b8712-04cb-4d86-b5b5-b57159baed4e,T1,False,0.000271,0
d3719f27-3a65-4061-894d-b961f9794a1a,T1,False,0.000271,0
b85ef7f8-596f-4ff7-b5c7-203002c83ffd,T1,False,0.000271,0
29bdc2d8-54bf-43cb-843c-3bf08c05c63c,T1,False,0.000276,0
df4c71ee-3c91-4d2e-8c52-f8bbc3b4c710,T1,False,0.000271,0
0172014e-7c63-4959-bbbd-025148e3cec5,T1,False,0.000271,0
64939ca3-82f6-4105-806c-6f75c9fcdc99,T1,False,0.000271,0
c5a1667f-63f6-4789-8e54-362d2c3c2e94,T1,False,0.000271,0
4faae610-c2c9-4ba2-b8db-7dffa89b3036,T1,False,0.000271,0
4f49c9f8-6bcd-4a15-946d-d4d64705470a,T1,False,0.000271,0
93dd87cb-1b3c-42f6-a5ba-039d8a7e27f2,T1,False,0.000302,0
a1ee1ec7-a853-4202-92c7-64eda6eeffc1,T1,False,0.000271,0
a8682acb-2980-47e2-ab08-0df3804745e7,T1,False,0.000271,0
ad3ae8a8-086c-429f-920b-3d686892ef18,T1,False,0.000271,0
3c79e74d-0569-4b73-a41d-775c828ad439,T1,False,0.000271,0
a0db5e5b-57a5-409b-ad64-c637ac528981,T1,False,0.000271,0
a2b3d3b2-2dc4-406f-86fd-33c320b85baf,T1,False,0.000271,0
f04e271c-cf84-4b58-b285-2ffe9e43ba00,T1,False,0.000271,0
e39bcfa9-6f50-4da5-b3c5-e71f493e7481,T1,False,0.000271,0
ef5163a1-e404-401b-99d9-28df6b064d76,T1,False,0.000271,0
b704c6e4-29fd-4272-b196-486245938c1d,T1,False,0.000271,0
c0826a84-9eaf-4103-904a-65bd416e6144,T1,False,0.000271,0
9798d422-db74-4a43-a2b9-db3d996a7fbf,T1,False,0.000271,0
5b9249bf-afa7-4321-ad8b-b1abd029f13d,T1,False,0.000271,0
33614897-28b2-413d-bffb-8e4c269d74c7,T1,False,0.000271,0
7d1716dc-9aef-46b6-abe5-1ab4460948be,T1,False,0.000271,0
b6d5cef5-2cf3-4189-add7-081e178e28b7,T1,False,0.000271,0
2ea21bdf-34e5-4648-936e-346025357083,T1,False,0.000271,0
ba33956c-9fb9-4e5e-8a77-48ed9c9e7f33,T1,False,0.000271,0
235b6fd1-6812-4192-936f-c6310af41725,T1,False,0.000271,0
964de035-4764-4a97-9695-af8c30c6ac20,T1,False,0.000271,0
385c4b00-f042-4288-8222-df3592ef8ede,T1,False,0.000271,0
612d7a64-5a07-4148-9071-079a4bf583be,T1,False,0.000271,0
48352e4e-b229-47fa-876c-0f64a98f29aa,T1,False,0.000271,0
ae19c256-743c-450f-9739-8d123992cbda,T1,False,0.000271,0
2d17c720-046f-41b7-87d5-b7a8a5a79d3c,T1,False,0.000271,0
f57d4770-f7f3-4149-b11e-8e91eec0fd84,T1,False,0.000271,0
2633902d-0b6e-4b13-95a9-174e449807dc,T1,False,0.000271,0
633ae10b-e62e-49c7-861a-ecef28a4f636,T1,False,0.000271,0
6d03c560-8fca-4084-959b-94e181881109,T1,False,0.000271,0
17f19004-0dc5-408b-9c69-16017a617f45,T1,False,0.000271,0
8cbae91c-9a12-4e62-a4c2-24e42e1d6b0e,T1,False,0.000271,0
a1e77020-d88b-4d3a-bc5a-1a327f6e35da,T1,False,0.000271,0
a1fcaf11-38de-4c6b-a19d-c2f241155d53,T1,False,0.000271,0
f112dfa6-a628-47bd-8182-bc7eb6fcb75e,T1,False,0.000271,0
65a6b14a-ccd3-4c9c-94bb-e0069a2caf79,T1,False,0.000271,0
f201c5d6-9db5-4085-bf57-65d32d38b4b3,T1,False,0.000271,0
4a3a789d-8597-4ee0-a5bf-e9b51722c343,T1,False,0.000271,0
26981a40-3ab7-4263-838e-58263d7892cc,T1,False,0.000271,0
0bce87f1-e384-4e6c-a2bb-fba3454e48d1,T1,False,0.000299,0
f0a43f90-a956-462f-b0d5-5813cfd65f93,T1,False,0.000271,0
c2b42939-0199-4919-b040-84787a5cc842,T1,False,0.000271,0
09675970-accb-4352-8451-20a66a1a4c38,T1,False,0.000276,0
76cd35c7-be95-4b26-ad45-ddd2a881eab3,T1,False,0.000302,0
c7069ba3-c576-4394-866f-8589847d3acf,T1,False,0.000271,0
318db7f7-5f9b-4095-9321-79f87919d4bc,T1,False,0.000271,0
f44718bd-446a-4c2f-8f72-2204526149e2,T1,False,0.000271,0
a82d6447-847f-4d2f-9179-cbe85e16cb5c,T1,False,0.000271,0
afd404da-bb4f-4a78-bce7-92c9936ac13a,T1,False,0.000271,0
c8c54968-4f78-47dd-841a-7b8e93445173,T1,False,0.000302,0
83769937-3e9c-44ad-a76f-8989140f5892,T1,False,0.000271,0
48aa6aa9-c38b-4b93-a420-bfc5710137c4,T1,False,0.000271,0
1cc951fd-2474-4d37-8f7a-655a86157542,T1,False,0.000271,0
4879d189-fa44-4164-a76e-29495d13c4bf,T1,False,0.000271,0
d631478d-baba-45b9-a2f5-2f826b6fb1d3,T1,False,0.000271,0
7171f748-db07-417d-9ee4-5a5acec6ef50,T1,False,0.000271,0
c7a4d53d-11a0-4f55-8626-6d28b0b57337,T1,False,0.000271,0
1c4ae8e6-b545-42a2-a5bb-77737e500b4d,T1,False,0.000271,0
298ed0d6-7684-4a3c-ad3e-49192259b3b1,T1,False,0.000271,0
4df05701-b5c5-462c-ae14-e656e9d1d113,T1,False,0.000271,0
01430a90-b8fd-44c3-ae61-f569ef410e84,T1,False,0.000271,0
1277c0d6-56e8-4c15-abde-d41c7737d217,T1,False,0.000271,0
85c858bc-2c86-4109-a81d-e5437c9b125f,T1,False,0.000271,0
1e50a422-93b7-43d4-ad5f-3419be13d1b4,T1,False,0.000271,0
476a24d4-8bfe-4334-80fe-94ab2a633da5,T1,False,0.000271,0
efa9e8cd-42fe-4a4b-bee7-25f43e0931bc,T1,False,0.000271,0
4b546a02-096a-4818-80ab-01481b0f5473,T1,False,0.000271,0
279bd72a-c093-425a-ab5f-283f60d39efd,T1,False,0.000271,0
30dfd381-f990-4d69-a809-165fd42e4ecc,T1,False,0.000271,0
f1040c83-2448-469b-ab35-2809fb6ed44a,T1,False,0.000271,0
7496dedb-89ac-4675-9adf-449d44ab4469,T1,False,0.000271,0
366306cd-b059-4f82-b178-1f7ba7c6f0a7,T1,False,0.000271,0
0b693767-5d0e-4edd-b0f2-3f5fdfd52edd,T1,False,0.000271,0
f00f9ade-3106-4c71-8c52-09be4d391041,T1,False,0.000271,0
727212b4-9ec0-4556-93fb-911bf17ee88a,T1,False,0.000271,0
8c5963be-d476-4a06-be83-f5c833f63c5f,T1,False,0.000271,0
039e3f0f-bf89-44fc-9c60-a9bf961d6426,T1,False,0.000271,0
02d6fcbd-fc9a-48d0-b4f0-6298ca4c9c8e,T1,False,0.000271,0
009662a1-e80e-4432-9e59-b1cf54bd981e,T1,False,0.000271,0
e507ae74-1200-472a-8584-240414c48bed,T1,False,0.000271,0
7058c674-4a14-426b-854f-14910439fb52,T1,False,0.000271,0
50bbcee2-3b67-4217-b272-7185de582f63,T1,False,0.000271,0
e7ba70d7-dd54-413c-b96e-b0cedf9bd951,T1,False,0.000271,0
e19b649d-930e-4a6e-8e55-afa421d7fc75,T1,False,0.000271,0
0aa97f47-84a9-4af4-928a-b1b89733c425,T1,False,0.000299,0
fe2c6744-1e3f-426c-883b-49b2ca04bd82,T1,False,0.000271,0
73cb63a3-253c-4e77-af01-5ab6f0e15d31,T1,False,0.000271,0
2a15594b-91a7-477a-8de4-743e4d55924f,T1,False,0.000271,0
00352434-f97f-465a-9196-b8cca471e99c,T1,False,0.000271,0
a1c25086-7df2-40f5-b055-9ae9b731b2c0,T1,False,0.000271,0
2d53a575-403b-4682-8e7d-5c5366595418,T1,False,0.000271,0
e67c5536-7659-4c10-ae48-6acf2edde613,T1,False,0.000271,0
b41635f8-46d8-4d32-b271-033bfbc030e1,T1,False,0.000271,0
d363721f-55ca-4634-9a39-c587e088caeb,T1,False,0.000271,0
f7b3f46f-4bbd-43f1-b97b-25cef465dc56,T1,False,0.000271,0
39be437c-a451-4f2f-86a6-a0bf625cf73e,T1,False,0.000271,0
895dab17-4a08-435e-928b-e15bfe4cedbb,T1,False,0.000271,0
f468be63-749a-4ac4-affb-c2282abbc26a,T1,False,0.000271,0
a0ae60bf-f234-438d-87f0-a83ff9e74438,T1,False,0.000271,0
6581e9b2-e75e-4140-84f7-0bafc18e4d31,T1,False,0.000271,0
fc4c3bde-37bd-413b-ae39-ba1fdcb61b99,T1,False,0.000271,0
d39c53c9-50b4-47b7-a08c-17bc6b8332be,T1,False,0.000271,0
1e3fed3f-0533-47dc-83a8-6c18a58fac52,T1,False,0.000302,0
35a826f9-c6c9-4bec-b8f8-dd672af83b5d,T1,False,0.000271,0
1c28afa8-4dbf-4f4c-b207-2d173881fdf9,T1,False,0.000271,0
6f8672ba-37a1-4ea7-be2a-672ffcefd04b,T1,False,0.000271,0
d81fec50-0491-40b0-9592-3ef541df751a,T1,False,0.000271,0
112bc968-e1d6-4037-8b2c-96c7a4002af6,T1,False,0.000271,0
546f50a6-b25f-4acc-a5ae-715cf84e7edf,T1,False,0.000271,0
694a21a9-bcc2-4a17-95fa-56775d8fc57d,T1,False,0.000302,0
388cd025-adab-4082-baa1-5a0756365e0b,T1,False,0.000271,0
3853898f-5fba-4085-ad72-18720f06fca3,T1,False,0.000271,0
49a7dc6d-cb57-472f-aa6e-215def4521b8,T1,False,0.000271,0
f24b953f-6238-4661-a10e-729f078f4295,T1,False,0.000271,0
ce2ebdfc-218b-4b9f-b8b0-2c5bc6efeeaf,T1,False,0.000271,0
c5caa84a-2700-4313-8244-16f569facb91,T1,False,0.000271,0
84907130-c64f-4964-a86f-ca83be396286,T1,False,0.000271,0
bb4ae2a9-2fc4-40af-9eb3-1066588fed87,T1,False,0.000271,0
ea944656-2d88-4266-b606-742197e6ff22,T1,False,0.000271,0
66863042-fdc0-43f1-9c3c-89d6ce184505,T1,False,0.000271,0
732d23f4-af59-4d92-8ced-438e8e97c9eb,T1,False,0.000271,0
06e80e89-a284-402b-ab86-6465e214eeb5,T1,False,0.000271,0
6fea4978-361d-411c-b86e-612dc22bdd84,T1,False,0.000271,0
e1b9e6ec-c47a-4955-ba77-b2aef793838f,T1,False,0.000271,0
8c897bdd-cb6b-4c0f-8acb-eb1c317e42a6,T1,False,0.000302,0
d71affe0-a74b-49a6-9164-60007514fbe0,T1,False,0.000271,0
427079ca-849b-41e1-8091-612701486275,T1,False,0.000271,0
d9899642-a1af-43ee-9532-92eb10fffece,T1,False,0.000271,0
41112368-237b-4705-8a62-b8b2a2879729,T1,False,0.000271,0
e9e72939-ffc4-4524-8f30-fbc90c399207,T1,False,0.000276,0
bf86edc5-90aa-4a96-a9a4-9301e5187df1,T1,False,0.000271,0
3a6675e2-fdcf-4cce-90d4-4cf6176691f4,T1,False,0.000271,0
01ddbef3-e603-43cd-a923-d4b58f3162e0,T1,False,0.000271,0
96882db0-766d-441a-bbc1-1950099dff05,T1,False,0.000271,0
c7048f73-c797-45c8-98ed-792d07e18280,T1,False,0.000276,0
6019aaae-e4a8-4dc6-bb82-6af6c73dfe7e,T1,False,0.000271,0
49dda67c-7eaf-4554-8c10-21d1b4e7a05f,T1,False,0.000271,0
f07a154c-84ef-4f8f-8214-99b7b4a3a21a,T1,False,0.000271,0
a3b24c51-6fb5-4ec5-92ff-94f7f876b88a,T1,False,0.000271,0
38975402-5500-4f52-be48-6eed15763d69,T1,False,0.000271,0
b762ec6a-7c49-42f1-b0f4-643482a0544b,T1,False,0.000271,0
0d79cfd9-1209-4f7b-a231-d3ee3e6e88eb,T1,False,0.000271,0
dbebe0a1-6d61-4863-923a-fb8b8d4e498f,T1,False,0.000276,0
0df501e5-ac1e-442d-8635-84e424cd4126,T1,False,0.000271,0
6c950461-5221-47e1-b71a-c3fe279a044c,T1,False,0.000271,0
b440318a-4cad-4c8f-9aa0-f83dbefa63ce,T1,False,0.000271,0
8282280e-a1ac-43e7-be44-30323bc92e45,T1,False,0.000271,0
00d62b7a-d8fd-4bfa-b3c6-872ed00deec5,T1,False,0.000271,0
18f7fcca-56a5-43ad-afbb-8e1d7794f9f0,T1,False,0.000299,0
62ab99be-f869-47eb-8cba-b51529a2b120,T1,False,0.000299,0
d98a8306-e84a-4c25-be9d-0f3e02f01d77,T1,False,0.000271,0
9bcdfe4f-e66b-42f7-90f5-a0d7d6b9a1f4,T1,False,0.000271,0
41e4db7b-4958-43e9-a0ef-e383e7b123bb,T1,False,0.000271,0
56ef6b9b-82e4-4b7b-b755-d7e57ea4bd92,T1,False,0.000271,0
378e213d-94f8-4edb-8ee3-f0aed4602642,T1,False,0.000271,0
72febbc4-e918-4746-bdbf-5b7a95d18a16,T1,False,0.000271,0
7ec6ba13-147e-459f-a6ee-109529155777,T1,False,0.000271,0
bc5b4436-5cbd-49f0-98b8-281d293e7243,T1,False,0.000271,0
1ce1984c-e822-4390-9502-06cd0cea0fcf,T1,False,0.000299,0
078417c2-b7fc-43fe-a0af-796c9eba62f6,T1,False,0.000271,0
1764ec87-7e52-41ad-a434-114b98a6217d,T1,False,0.000271,0
2f16e9c3-783b-4b70-b1a2-f0d76e25d86e,T1,False,0.000271,0
81484c5e-4b87-4251-aad6-6f08d7904ee3,T1,False,0.000271,0
a40d3285-6df4-4692-92ec-84393d66f3ad,T1,False,0.000271,0
1fa113e6-d57f-42c7-8eaf-932394d3f9c3,T1,False,0.000276,0
773511de-02b0-4ba6-b6b6-1f66bb34bb4f,T1,False,0.000271,0
9c590907-36f2-43e6-9390-7bad02e0e455,T1,False,0.000271,0
a89d2b6f-87a5-4b7e-953c-4e6dc915e644,T1,False,0.000271,0
866c54ab-7fe9-4cb0-8c7d-ccb80d70c9ef,T1,False,0.000271,0
1a238155-55c4-4a39-a892-8f4025bf9afe,T1,False,0.000299,0
fab3fac4-b53f-4a12-b959-962e26517a78,T1,False,0.000271,0
bddce64b-690d-46c2-a648-d63eb171bfbe,T1,False,0.000271,0
049a556a-a56e-42e9-a803-df23c2c6e5b4,T1,False,0.000271,0
23c04224-f840-4897-a60e-a48b2a078466,T1,False,0.000271,0
78eaa1e4-d950-41cd-af6e-e2162e186e70,T1,False,0.000271,0
06e166ef-c3f4-41cc-a8a6-4317196398c9,T1,False,0.000271,0
96aa6715-905c-4dce-b54e-06079fe5b7e2,T1,False,0.000271,0
bf644140-21a6-45e7-a434-9092c256afe9,T1,False,0.000271,0
388eb156-7894-4ab4-b6cf-c6a84f9d40d8,T1,False,0.000271,0
9d877b58-bb85-4523-9ee9-61b52347388e,T1,False,0.000381,0
580fd2e0-afc6-4617-af05-6a9303b7a77a,T1,False,0.000271,0
7adad5cf-ea31-481f-8120-5fc7f229d155,T1,False,0.000271,0
47778071-58ff-4853-a323-5d34af911423,T1,False,0.000271,0
87b5cb0a-2f03-4e3b-9e54-82b70c7d3bf6,T1,False,0.000271,0
b902b0f9-9e85-44ee-bf6d-8f462a44a639,T1,False,0.000271,0
89b83584-4b0d-4b6c-a88c-723859ddd3c9,T1,False,0.000271,0
6f003c8d-3b1e-48e7-96e6-85eac00e7531,T1,False,0.000271,0
1160e2aa-dfc3-4f6d-aa13-02bab335ae4e,T1,False,0.000271,0
39bb5ba5-cf7c-414a-b511-8f5e32ba9252,T1,False,0.000271,0
370ecf6a-c473-4150-823b-bae0f3095f81,T1,False,0.000271,0
dcb9d34f-3050-46f9-acae-f592a8e7e186,T1,False,0.000271,0
5cf6f0b6-325b-4030-b1e2-34a3ab873e9c,T1,False,0.000271,0
2dd6fa40-e4a4-4b48-989f-81d77cc592ad,T1,False,0.000271,0
ab93c36d-fb73-414a-8fbd-fd2f6f6a4764,T1,False,0.000271,0
7bada11d-631d-421c-9721-e18ad7f54248,T1,False,0.000271,0
8c5c40df-f5b9-4d19-85ba-740d1671f036,T1,False,0.000271,0
9f90e545-4220-45db-a38b-3f5f474071e3,T1,False,0.000271,0
13ef43e5-f7bf-4a0d-8d80-740ce742bf00,T1,False,0.000271,0
975bd36d-f549-4576-88ac-c0775e98d43f,T1,False,0.000271,0
d32e8def-8c45-4860-81ec-e6fa9809d7fb,T1,False,0.000271,0
4b439693-9faf-4fbe-b4cd-6ff23108d8e3,T1,False,0.000271,0
3d13e804-bb42-447e-92f1-edd3e6a18fcd,T1,False,0.000271,0
ade3c839-f21e-4f8b-86dd-291b29de84b8,T1,False,0.000271,0
530445e2-b026-44c6-96b6-ebc84da99151,T1,False,0.000271,0
0e3fe2e4-737a-4f1c-aab6-da8b373cacbb,T1,False,0.000271,0
bd406a1e-a14a-4534-95f3-9ebed6125b5d,T1,False,0.000271,0
b69c75f2-2582-4bf9-a6c0-7de87b554c11,T1,False,0.000271,0
178ba170-beb1-4d8a-9518-84612ba6923a,T1,False,0.000299,0
f7f9fe53-86c8-406f-9a04-d1a2a0ea1c26,T1,False,0.000271,0
7035f561-c10a-4ac0-9e08-3d725b2108e5,T1,False,0.000299,0
b1b007f0-b9cf-4a4c-908d-f1c45d4a063a,T1,False,0.000271,0
05e3bf17-80f0-4d6a-bf34-87395ea2de6d,T1,False,0.000271,0
af54dfd8-ddc5-42f5-9e80-d71c8de202e5,T1,False,0.000271,0
e229c552-a82c-4663-abda-fafcd3616d73,T1,False,0.000271,0
cbac75f3-218f-461e-a5da-1e00308c8671,T1,False,0.000271,0
0c4c07f5-66ac-40b9-bf30-558a914495ba,T1,False,0.000271,0
35050965-1854-4aaf-8b8e-48fe8456f5c4,T1,False,0.000271,0
6e4b629c-832e-47b6-910a-371cdcf1a5ea,T1,False,0.000271,0
183d3e23-4349-4102-9046-05a055349748,T1,False,0.000271,0
b63278c2-a7d9-4b71-8332-55a2423ce645,T1,False,0.000271,0
d34b5775-fba4-47fb-844a-0c8c60e5edf9,T1,False,0.000271,0
1faedce0-f4e4-4fca-aeaf-04e98c928712,T1,False,0.000271,0
5f0410d5-a320-4ebf-a7ea-0337e756a69d,T1,False,0.000271,0
b672e30e-b86f-4415-93be-59c0c518896f,T1,False,0.000271,0
f5808ae0-041e-4c7b-a566-ffc9fa921cc8,T1,False,0.000271,0
6949d0ef-ed3e-4b98-a06f-38f5f7c531f3,T1,False,0.000271,0
3c62480a-2351-4bc9-8274-2b56871c29c5,T1,False,0.000271,0
d82474ce-1678-4224-be89-9315488e94d5,T1,False,0.000271,0
189aa677-f32a-482a-b85e-9ff9b2c1e129,T1,False,0.000276,0
79654ff3-f452-461b-8a15-46cdee8bd13a,T1,False,0.000271,0
dec844b7-9f24-4711-bd93-9cda3d97911d,T1,False,0.000271,0
b3f9dc78-6469-482d-8121-30ab9ffa85ff,T1,False,0.000271,0
b1242ea8-2819-4f05-ba59-867121c61c05,T1,False,0.000271,0
66188d1e-9d29-4db9-9356-815b1aafba8b,T1,False,0.000271,0
1c4ba980-63ab-4dbb-9fd7-a6214afcfa4c,T1,False,0.000271,0
3ccc5572-d47f-48b4-91f2-69e0aa58d6e2,T1,False,0.000271,0
d88542d2-2975-4e9e-b66b-9acf347dcfe0,T1,False,0.000271,0
dfa9b126-2276-4ef9-b871-947602c5b93f,T1,False,0.000271,0
b8752245-75d2-495d-8437-20b64b6e1bf6,T1,False,0.000271,0
514ec9db-19e3-419f-838e-9fa056ace21c,T1,False,0.000271,0
276a0113-d2ed-4768-bb21-54c1816d36bf,T1,False,0.000271,0
0ae578ca-23d5-4acc-ae21-7b1e3239edff,T1,False,0.000276,0
5a79fdd5-8df7-4f5f-bba4-14f9fcc64416,T1,False,0.000271,0
33d1503a-eb1c-4f46-85cc-f386788447d0,T1,False,0.000271,0
33fe28a8-b60f-46ed-b487-393701f58540,T1,False,0.000271,0
5d3533f9-45c0-42e0-a8ee-0e7ef78f91ed,T1,False,0.000271,0
99db7d3d-b054-4531-9a8d-c5aee211c242,T1,False,0.000271,0
e546e2f4-8006-4183-9ee9-e447ee92f563,T1,False,0.000271,0
a6eb49bb-4d9b-447d-9a5d-f56c4b87daca,T1,False,0.000271,0
8bdd2511-6437-46e6-aa2b-b51482450d41,T1,False,0.000271,0
ae16744b-43c0-4ac8-9930-a5228cef4378,T1,False,0.000271,0
f6699321-f56f-4efa-913a-2a0fe0caa6d4,T1,False,0.000271,0
bcaada37-1843-41de-9334-c7acd3e7b301,T1,False,0.000271,0
1821ebe8-4065-4fb0-a63b-0b065116cfd1,T1,False,0.000271,0
a5148528-fa86-4226-a923-7bb23cd17554,T1,False,0.000271,0
f81075d9-9347-4b09-930c-59877e97c79f,T1,False,0.000271,0
19f09d98-17cb-4399-84ba-6b7c2528cacb,T1,False,0.000271,0
2f447c69-4996-46ab-aacc-421abd315cc0,T1,False,0.000271,0
ac60b916-abdd-4965-8720-88f33acf6605,T1,False,0.000271,0
151cb170-bb17-483c-8267-68ba84d1645c,T1,False,0.000276,0
e2956358-ade4-40a7-bdff-53b762ee80e2,T1,False,0.000271,0
1737d300-3cb2-4363-8438-8991ff29dd27,T1,False,0.000271,0
3d3e13b1-951e-4f3f-bf48-bc26c0691ffc,T1,False,0.000271,0
4ec7a603-1c6a-4e32-9558-22adf8875463,T1,False,0.000271,0
263cd6c2-6af0-419e-880c-bb0e50cf1b0b,T1,False,0.000271,0
0ac08c94-4320-4805-b738-1abcb3ad7462,T1,False,0.000271,0
0581253f-700c-4bc1-ae16-5f9ffd0c7698,T1,False,0.000271,0
579224df-3f33-4101-8cea-57f763d9e363,T1,False,0.000271,0
98472d81-47f1-4817-8f2a-4e98b092acc0,T1,False,0.000271,0
3d65336d-fefb-4f94-85c9-c7ab95106b46,T1,False,0.000271,0
ca95f873-93c2-4838-8dae-c8460825d861,T1,False,0.000271,0
4e3ea96a-7c07-4ec5-ac7f-6569ba7b675e,T1,False,0.000271,0
b35b1b5b-1be8-446a-8761-d94a585fc8a2,T1,False,0.000271,0
a6aeacef-b4cf-42c6-a820-aef96e4d775c,T1,False,0.000271,0
b73323e3-d254-4805-9096-b8a2813faa53,T1,False,0.000271,0
31e5cd77-5434-4045-83e5-b3d797f0fcf0,T1,False,0.000276,0
ed0acb1e-2b4c-4a28-8ddb-edc42caa3178,T1,False,0.000271,0
6365a3d7-c7b3-4f08-8905-ba951637bc2c,T1,False,0.000271,0
23f0624d-579c-4900-ae5e-b5e6c44d8567,T1,False,0.000271,0
13bb9e50-f7c1-49c0-9043-bbbf369fee71,T1,False,0.000271,0
c3d3d59b-d897-4e9c-8ab5-48d9adb70771,T1,False,0.000271,0
ed26681e-c6d3-4659-a968-ef0ffc8abb6f,T1,False,0.000271,0
2b179a3d-f0dc-49b9-b2e7-0eade97493b1,T1,False,0.000271,0
5fac6e63-3894-4ae0-93b2-f15d1cfe9a15,T1,False,0.000271,0
8b3d100c-271d-4e3a-a7cc-fdf8c7d18eaf,T1,False,0.000271,0
32b3bf90-17a4-48df-8da7-d816c891cec9,T1,False,0.000271,0
6754c775-19e2-48a6-9dcf-32d38d36ef7b,T1,False,0.000276,0
3e8f8aca-af14-4393-8190-6b9969c457eb,T1,False,0.000271,0
ac4a6b06-60df-4066-bfe8-c65f16aac4d0,T1,False,0.000271,0
0d360db6-30ad-4cc8-8ce1-fa2c400643bf,T1,False,0.000271,0
754f61b1-6b9d-4d24-ac87-82e9061f2cd9,T1,False,0.000271,0
bdfbc458-6a84-4b32-b69a-eb3bcd891b6d,T1,False,0.000271,0
565d9933-b525-467e-9418-4d34fcfb3ceb,T1,False,0.000271,0
bbadb9ed-ac0c-43b7-8af8-24808ced2a6c,T1,False,0.000271,0
973e188c-a44b-4e76-9fc2-4ca07cdd3022,T1,False,0.000271,0
058313b0-a403-4dff-811b-a1df4ffc0ecf,T1,False,0.000276,0
80dd589e-fb29-4b95-9d33-3fe32820d485,T1,False,0.000299,0
c6cd87b7-9f1e-425e-86fc-04751ac0c337,T1,False,0.000271,0
b0077e11-da6f-4e21-bd15-186bada35590,T1,False,0.000271,0
ee407808-4a00-4ac4-b2ea-5af0b914f63f,T1,False,0.000271,0
4323c253-6c9c-4bac-ae07-a2bf4512b37a,T1,False,0.000271,0
cd61915e-5a65-4586-be10-1f3201d9b3ee,T1,False,0.000271,0
37b39294-826e-4bb0-9a4e-1b7abc3c9ae7,T1,False,0.000271,0
07221e5e-d53b-4797-9a0d-7950eef9d79d,T1,False,0.000271,0
bb1e4188-2424-40e1-8899-e6a90539ab91,T1,False,0.000271,0
51684b20-5859-4cb8-bd5e-04f14208b8b4,T1,False,0.000271,0
4bafda61-8d55-478b-a987-c7e5aedfe5c1,T1,False,0.000271,0
9c99c422-82a9-4d08-ad6d-709fb9df82de,T1,False,0.000276,0
740d9717-4b95-4118-917f-6235afd0ba8e,T1,False,0.000271,0
18ec5af7-e571-47bd-a48d-a3ca30a25f78,T1,False,0.000271,0
1a449b4b-f51f-4662-b01f-a56c33e699e0,T1,False,0.000271,0
05a60912-910a-42a3-b20a-f66e1072f6e4,T1,False,0.000271,0
f8de2d3e-793f-4ac4-8ea7-4a5d03190c6b,T1,False,0.000271,0
fc879a93-9531-4f43-ac29-0c930c330972,T1,False,0.000271,0
78b37f5d-b78f-4b06-bbf5-8779853b6d43,T1,False,0.000271,0
06af51ef-83d2-4929-ade8-41bbda681e8c,T1,False,0.000271,0
6e13b186-054a-47e0-961c-289de8c4b48d,T1,False,0.000271,0
cc39860e-9501-4a7f-92d0-17c3aa4bb42d,T1,False,0.000271,0
91773328-1a1d-4447-8060-a119c11ae84b,T1,False,0.000276,0
4c137adc-721d-4ef7-a3d5-5e087edc8feb,T1,False,0.000299,0
9345c925-007f-4d68-b35d-6e608fafa17b,T1,False,0.000271,0
0eda2a5d-740b-4c81-ad2e-de4c3ad91ca4,T1,False,0.000271,0
9fba62db-e46f-4423-82c0-288b53d4ddf7,T1,False,0.000271,0
ec37ab6a-beea-491d-9e16-687b30cc98fc,T1,False,0.000271,0
0aefac78-6ba0-44b5-aea6-5ee976f53010,T1,False,0.000271,0
299342f3-70be-4722-8caa-face2c561c01,T1,False,0.000271,0
c516f7e6-b67a-4ee8-917e-f981f37681f0,T1,False,0.000271,0
e79f09c6-fe65-4c96-b80a-2aacf0477982,T1,False,0.000271,0
bd7ac0ec-ce94-4429-a693-a644b6356a96,T1,False,0.000271,0
3c7d5425-75ef-4668-9c12-7eddfd742f6a,T1,False,0.000271,0
c1923fe5-be19-4390-8164-0867bc698ded,T1,False,0.000271,0
d0421184-b799-4f6d-8bda-95323df24f0a,T1,False,0.000271,0
7d53ad9d-2a97-4f37-85f6-b1437b3a7077,T1,False,0.000271,0
343c4033-89cb-4652-bfc4-24b47e7cea63,T1,False,0.000271,0
aec5939c-dd0c-428a-ab77-fc28025da1e5,T1,False,0.000271,0
784d0520-b51f-4a79-81eb-1d7f9ecdc942,T1,False,0.000271,0
e54c3cbb-3462-4dad-b313-7f78a31a31f1,T1,False,0.000271,0
3c1ed5ff-32c4-4d79-ab9f-29ecfdfa754a,T1,False,0.000271,0
18f501f1-08b2-4a47-be73-7cb907e15667,T1,False,0.000271,0
c6046dd7-86ab-4c61-9eaf-612c9f9f8e6d,T1,False,0.000271,0
fd9a50ec-0261-4dd7-9e5e-6d7f3c1d2de0,T1,False,0.000271,0
7730cf1d-6cca-4c43-ab39-f771d8892c0d,T1,False,0.000271,0
98054327-2a25-41a6-a581-e50e75501fc6,T1,False,0.000271,0
17011308-dded-4e79-9680-8a71bc02382f,T1,False,0.000271,0
8b383562-9aaf-4c9d-967c-2f9f50c6f6b2,T1,False,0.000271,0
ccd1b103-814c-4d4f-91dc-11a33f5612b0,T1,False,0.000271,0
35996ad1-dd19-4c98-8978-744af167c862,T1,False,0.000271,0
cab479a3-d62a-4206-b68c-18547ef964fb,T1,False,0.000271,0
2e633a30-fb0b-4bdd-ac51-72250f305ad0,T1,False,0.000271,0
37a548a5-5c2c-4ebc-a649-6bfc293af562,T1,False,0.000276,0
f7626ec1-1181-4513-98a3-cf85f2de3758,T1,False,0.000271,0
61bf589d-9d5f-4707-8337-25bbe59c0afd,T1,False,0.000271,0
530a1ed0-09a8-4118-acac-bdc1841eb5df,T1,False,0.000271,0
057115ea-1a00-4004-b380-ad657e6e71f6,T1,False,0.000271,0
a5814878-49d6-4985-bed3-b3d5dfbef850,T1,False,0.000271,0
f1c62e23-5199-4ca7-a96a-f5a3a7f9a550,T1,False,0.000271,0
15805f71-4252-4abe-94bf-0a09e7986ae2,T1,False,0.000271,0
cf9323f4-e6ed-4d02-bb6a-e22249f88b7e,T1,False,0.000271,0
63709911-ef4f-4c51-83a2-3d30d3a61288,T1,False,0.000271,0
0d15da0a-bed2-4eb3-b840-29b679805b34,T1,False,0.000271,0
f30e99ba-039a-4562-9d4b-7cb60e18627c,T1,False,0.000271,0
92684d81-1ce5-4d51-a5b7-6ad01783267d,T1,False,0.000271,0
0e72da7a-7c85-472e-bb0e-f6216a3e7c99,T1,False,0.000271,0
d16c473b-b2a7-49a7-a810-e6f8b24415fd,T1,False,0.000271,0
ad4b6f80-2424-42a6-a7d4-27791824ea47,T1,False,0.000271,0
810a3368-7327-401a-87bb-3b47cff2d83f,T1,False,0.000271,0
c66e64cd-0009-4e10-ba53-0daebc209ccb,T1,False,0.000271,0
b5adacc7-d016-4db8-a77a-3ffde0092bd4,T1,False,0.000271,0
80e5ffc6-30ee-4b22-aafb-d67612b05671,T1,False,0.000271,0
e77ad648-98ad-4ca9-b8e5-31e7e8899353,T1,False,0.000271,0
65d8ab3b-6082-42e5-b2f1-2043bc57ce1c,T1,False,0.000271,0
b3718ae8-0522-4704-a8d1-6e3c9d8d898e,T1,False,0.000271,0
de756d76-0860-43be-bf1f-caad4e05514d,T1,False,0.000271,0
ed7344a3-3d67-4c39-93d4-ce9f75c8129f,T1,False,0.000271,0
30a711f6-6354-4d3b-9e23-a4c2d76d8b13,T1,False,0.000271,0
e7979f9b-1de0-4406-b4e1-5880eabc14d4,T1,False,0.000271,0
1cd5354c-abdf-4b91-9b2a-badebbaabd2a,T1,False,0.000271,0
9779686d-5647-4324-a6a4-de1afd771079,T1,False,0.000302,0
bb688f95-8838-465b-a66b-49018c9da7a0,T1,False,0.000271,0
a67cf2ff-f8e9-4b76-b1ad-d4f2438086b2,T1,False,0.000271,0
bfadd26c-c962-4a2b-8a04-bce827eac586,T1,False,0.000271,0
fa0299b3-c2fa-4fe4-8864-587b559e6010,T1,False,0.000271,0
3293306f-2594-4775-a372-73ce3c83c6a6,T1,False,0.000271,0
d4d5e9d6-7cc6-478c-afe7-0a966468aeac,T1,False,0.000276,0
c17ab83c-f3da-4276-9fc6-e6a66bef7c16,T1,False,0.000271,0
a4a994fe-561d-461a-b01b-b7d6ec3a6bdd,T1,False,0.000271,0
d80091d2-e2bc-484c-8450-74374040887e,T1,False,0.000271,0
d61bc61b-d731-45a8-a8ed-0ada3583dc95,T1,False,0.000271,0
1823a009-3313-40ec-9b17-294a1f86f2e1,T1,False,0.000271,0
86fd499d-58b1-49c8-9ec8-6aed65074a45,T1,False,0.000271,0
27dec718-1732-47a1-9d81-1462523d67ad,T1,False,0.000271,0
fc61f117-7188-4e36-b0ef-66b72c54bd38,T1,False,0.000271,0
3dda16a6-5783-4263-837c-3a7087cf5b1c,T1,False,0.000271,0
8ad847ec-507a-4211-9772-5ab8148cf71e,T1,False,0.000271,0
2bef2ed3-04a5-47df-b752-1fdb866aadaf,T1,False,0.000271,0
757ed7a6-ce6d-4ccc-8be6-ebfb2ad2a674,T1,False,0.000271,0
0bb5db3d-1b86-4dec-8b56-08257093a06d,T1,False,0.000276,0
342cebbf-eb55-4d6d-9c28-aac8c70fd97b,T1,False,0.000271,0
1a0f439e-2ca2-4108-a399-a1ba178ac898,T1,False,0.000271,0
d6054efc-889a-4133-bfcb-ea1d46078ea7,T1,False,0.000271,0
3b449b48-1ca6-496c-9e1e-c1b9421f62eb,T1,False,0.000271,0
a4308f03-95a6-40d8-8a6a-a2721609fd25,T1,False,0.000271,0
713c4a8e-5ff2-4913-bb19-c120b659413f,T1,False,0.000271,0
6c2eea0f-78f8-448d-99ad-79d38209ddaa,T1,False,0.000271,0
d1607443-dfaa-4a39-aedf-017aedcb5e6f,T1,False,0.000271,0
759430d5-9de9-41fc-8746-0897bc584b42,T1,False,0.000271,0
9d0326b3-944e-412a-8352-12fdb8daa55d,T1,False,0.000271,0
08f9654e-31dd-4c3a-b44e-d0abaa419a57,T1,False,0.000271,0
39818ffb-adf3-49a0-9e4e-7ea44088abe8,T1,False,0.000271,0
b1714d0e-be86-4dd9-a74d-9fbffc8c37de,T1,False,0.000271,0
20da1b99-cfdc-44fe-a2f0-3c14aafdbd5f,T1,False,0.000271,0
79c6c91a-e942-4d6e-8504-41640140512d,T1,False,0.000299,0
f4114769-4ea1-4145-b03b-8d6abda92545,T1,False,0.000271,0
d36a7e3f-38f6-4a6b-aa38-403c13d2b95a,T1,False,0.000271,0
130709ab-aa74-439d-8f96-d52bb50a82f9,T1,False,0.000271,0
c9f27fe8-f763-4363-8b0d-c78205e21f81,T1,False,0.000271,0
ecb85cb8-8880-4e43-bc41-f6f2499409ae,T1,False,0.000271,0
9fd633a6-545a-4a99-bd64-b87f1c46c11a,T1,False,0.000271,0
109d324e-e333-4d9a-90a6-38927dbc6157,T1,False,0.000271,0
8a5aafd8-7101-4d74-8452-911ea9ead48a,T1,False,0.000271,0
04d87bce-f041-4b8e-b0da-4e8146bf0d05,T1,False,0.000271,0
3037be5e-d8e8-4060-96ca-45896277caf3,T1,False,0.000271,0
41e0daba-6471-43f6-bb93-a1176d83c86d,T1,False,0.000271,0
32d2079d-7181-40b6-bf1b-b31571528ed2,T1,False,0.000271,0
1d18835d-2c67-45bc-866a-ce78752a3dbd,T1,False,0.000271,0
9521cc2b-e94a-4a70-bee5-ddf4c350eed7,T1,False,0.000271,0
1fa1dcb9-1c89-4666-9b5b-161c75053b52,T1,False,0.000271,0
9f80648f-0ff2-4f8b-9434-3eb43495fad8,T1,False,0.000271,0
6878aa77-3435-4ae6-949c-2e6c9bfbb485,T1,False,0.000271,0
f017ea7f-65eb-41ba-aeb6-f0b6b64437ac,T1,False,0.000271,0
09a66657-d46f-40dd-acf2-fca76628a757,T1,False,0.000271,0
9ea489bd-0b70-4af6-bdf9-08b4d910931b,T1,False,0.000271,0
c979f640-5c9e-4484-8fec-0fe28b3796a7,T1,False,0.000271,0
5e165993-4ce1-4dd7-846c-c0f822f436af,T1,False,0.000271,0
c3a74f5e-583b-48c8-8c9e-09f07f280b82,T1,False,0.000271,0
0b61a670-fb01-4465-9e27-2429f66de26f,T1,False,0.000271,0
3733c1d0-422a-42b4-9735-8c54e49f9e6e,T1,False,0.000271,0
d345387b-c304-4978-a1c3-c6b1b80247d6,T1,False,0.000271,0
9b616010-505a-43e1-b812-b8cd86628838,T1,False,0.000271,0
4de417db-4bce-43ac-ba42-4e59f7ffdfd2,T1,False,0.000271,0
9b397e55-bddf-49c3-a25f-8accb008076b,T1,False,0.000271,0
d0af24e9-985a-400a-adbc-09fc4bf3c277,T1,False,0.000271,0
30352e38-c75f-4786-ac41-e508131250d7,T1,False,0.000271,0
222eadd2-3cb3-41f5-877e-d0a0ef2eddae,T1,False,0.000271,0
0ae4778e-4686-4dae-b48e-bad71eb2007a,T1,False,0.000271,0
fe45e0fa-3fa0-40e3-a58b-5f1ce58da0bf,T1,False,0.000271,0
ca67c206-7ccc-441c-9207-5eda4a131dda,T1,False,0.000299,0
a8e9e03d-b49c-4b1c-86f8-df8a945eceab,T1,False,0.000271,0
90da1a72-28e4-423d-ba6c-83ba74feb919,T1,False,0.000271,0
de74eb6d-43a6-4bf4-9ccd-0b8b1f05e04b,T1,False,0.000271,0
0fa705d1-3570-4984-8796-fbf2d761c51d,T1,False,0.000271,0
d512c4ad-fd99-4fbf-9bff-b568843fe7f8,T1,False,0.000271,0
db71fa54-c7fe-4d01-9693-526279d529be,T1,False,0.000271,0
abedfe87-7c61-4aec-b690-d0ff8e50d30b,T1,False,0.000276,0
2842fc66-4169-409b-a6eb-03641dec9df7,T1,False,0.000271,0
5ead7e2b-8d7d-4144-940b-a1e210862813,T1,False,0.000271,0
cde4404f-fa90-4672-8a60-18e624243859,T1,False,0.000271,0
3067b44e-0e12-4269-8961-7aa531896c25,T1,False,0.000271,0
ff8ae7d0-ec8d-4b24-a308-1cef45108f16,T1,False,0.000271,0
2e6600d8-9613-46ac-88c2-b46b8b38ab7e,T1,False,0.000271,0
2c6cebf6-16e7-4b6a-8702-4e58561a8dad,T1,False,0.000271,0
79752d8d-679e-44d1-8efd-1afcf7e42392,T1,False,0.000271,0
3332f269-2b73-4d27-abc3-d92469ac98a8,T1,False,0.000271,0
6d215ad7-95ed-4c0d-bce8-9989eeabb8d4,T1,False,0.000271,0
186e2ddb-f0c2-426f-96d2-a72ee9faef39,T1,False,0.000271,0
345ced39-1fbe-469f-80e9-9f806cecb382,T1,False,0.000271,0
4417a7ba-bd62-4635-8565-cb085262df06,T1,False,0.000299,0
b3d56647-87f3-46ad-af00-b53e8d423b8b,T1,False,0.000271,0
71dc08f4-f84f-4a8c-be8d-2d12e584f54a,T1,False,0.000271,0
13e5f09d-ae13-421c-b3ae-8eba9ee24af9,T1,False,0.000271,0
336c132b-c55e-46fb-a914-12dc3e24a5c2,T1,False,0.000271,0
9a6364fd-3543-49b8-8a03-89a8b471f195,T1,False,0.000271,0
b0984d86-c8e5-4e69-8fed-8c72aed9574e,T1,False,0.000271,0
0ceaea29-904f-414c-8ed2-b59d64ae88f3,T1,False,0.000271,0
aa1927b7-c703-4deb-9adb-d7bdfe0efdbc,T1,False,0.000271,0
4b4dcf95-d68b-49db-a388-ab128f332648,T1,False,0.000271,0
2159a0f7-4a6c-4d95-b43d-751d0b151b23,T1,False,0.000271,0
337a775b-b47d-475b-8dae-6340e42fbc5f,T1,False,0.000271,0
3cf83370-95e6-4de9-bea6-0350a3a6857e,T1,False,0.000271,0
b7c31705-80c2-489a-b8c9-5c185aa6968c,T1,False,0.000271,0
01833cbc-078b-42a3-a2c2-84d22c61a7ce,T1,False,0.000302,0
43539d23-c2be-49c6-8f48-0ac3d576d578,T1,False,0.000271,0
23cd19e8-6264-4cf7-a43c-c3f126dc03a3,T1,False,0.000302,0
f95e712c-eae8-43b1-a405-5aad44102e66,T1,False,0.000276,0
4cbcdfa3-79b5-495c-be20-2207a4b04975,T1,False,0.000271,0
68275a75-5007-4ae2-af15-1a9585a45587,T1,False,0.000271,0
0c7c25ae-7bc8-4ad2-8c98-dfde9836153c,T1,False,0.000271,0
42037d66-09b4-4f63-ac1a-079f01827997,T1,False,0.000271,0
b08b358b-9842-4ed4-9478-123131629116,T1,False,0.000271,0
5090c35a-3af6-49af-bfdd-1fe5b6305025,T1,False,0.000271,0
8d88e6e7-01fe-4c75-96f2-56de19a15518,T1,False,0.000271,0
858d6d16-b90c-48af-9a0e-664137fa7777,T1,False,0.000302,0
a190a101-af8a-4f3d-a462-fc37dabc98ac,T1,False,0.000271,0
86f3d8ae-96e4-463a-b9b4-4493462de310,T1,False,0.000271,0
06551ee9-0f7b-4a31-8264-220a39a064d4,T1,False,0.000381,0
dd54cc4a-595c-49ca-990b-464434eee185,T1,False,0.000271,0
27036728-7159-4141-b6b9-d32337e1eff8,T1,False,0.000271,0
c48832fe-01b9-4614-bafc-620612c0af76,T1,False,0.000271,0
74057d94-7ed5-451a-aa7a-5ad37bcec353,T1,False,0.000271,0
ef632d2f-ae59-4210-9a5c-1a622b7391e8,T1,False,0.000299,0
04832fcb-ad99-4595-a5ad-6d0ff170dfa1,T1,False,0.000271,0
b45415c3-c961-4fca-b94b-cda35da790dc,T1,False,0.000271,0
e4cb82e4-2ce4-4c1c-b94a-d6bc2dac0590,T1,False,0.000271,0
cf1bb2eb-3bdb-4ffa-bef1-a5ff2d1827e3,T1,False,0.000271,0
ed661106-6bc6-4909-ba7e-1fdf2391a54e,T1,False,0.000271,0
1895b48b-c6ba-4c84-a4c2-00a3383536ae,T1,False,0.000271,0
d9c2c449-a7ad-45c9-85d7-ec288ae7f54d,T1,False,0.000271,0
874c83cf-66a8-46ba-bb1a-325c2668ba1f,T1,False,0.000271,0
2dad1b2f-4b8e-4c89-aa42-f8e345026410,T1,False,0.000271,0
8bb5052c-63ce-432a-a939-c438833da3e3,T1,False,0.000271,0
ccaaee0a-83a7-442e-9492-dd17be43e383,T1,False,0.000271,0
bfa7cfa4-e255-452f-b283-d117e5d840fc,T1,False,0.000271,0
a0fbdcbb-c1fa-4a03-8110-61a2f44ca9cd,T1,False,0.000271,0
60103e56-6efe-475c-a7ad-0181efb8ab6b,T1,False,0.000271,0
3c5e3d56-dea8-41c5-8c91-1aec5dce0d5d,T1,False,0.000271,0
1e54b13f-59d1-48ab-82d0-c2d6f686f046,T1,False,0.000271,0
083e51f2-388b-4b76-ae9e-2e72919c75c2,T1,False,0.000271,0
670bc924-ab0a-444c-9c7f-070d780297e2,T1,False,0.000271,0
d24855e4-2246-4296-a153-0562128543e0,T1,False,0.000271,0
c7d30552-846f-4204-8cf4-6357b044b714,T1,False,0.000271,0
d6fc88ec-6927-4efb-b417-be8ab76af5c3,T1,False,0.000271,0
2e58f97b-030c-4657-831a-ec8cd4b227ca,T1,False,0.000271,0
23f25306-eeaf-4cb7-9018-1a9c60e8be72,T1,False,0.000271,0
fddb315a-9930-439b-aed5-5a62adaf0f11,T1,False,0.000299,0
fb657de2-13f9-4e5c-8d47-ec17374f0cba,T1,False,0.000271,0
d02255a5-411a-4942-b142-925667e5553d,T1,False,0.000271,0
62c5e699-8733-4ccb-a6b4-1d1c99ee61e2,T1,False,0.000271,0
f2779bed-0e90-476e-86bd-77f2dcf31830,T1,False,0.000276,0
2211a2d0-af63-4a26-9e21-ba9bd6cf5ba2,T1,False,0.000271,0
5831990f-bec1-46da-96f7-ff273a6572b5,T1,False,0.000271,0
8c5df6d5-0938-45e9-9eaa-709f4b823303,T1,False,0.000271,0
4f105000-7be0-414c-9321-630221a224a9,T1,False,0.000271,0
4ac20dab-c78d-4086-b8cd-4419f9ebea59,T1,False,0.000271,0
ebf199e7-f88c-45c0-8a9a-6167f0649eff,T1,False,0.000271,0
6af88060-377f-41f4-a470-d16d6cfdddde,T1,False,0.000271,0
1dc365ad-aa37-469e-91b2-627879fc42e3,T1,False,0.000271,0
d01d6682-2a4e-4bc4-9183-60848f0e05a7,T1,False,0.000271,0
1d9cd1c5-06e3-4ae8-bd75-8e65b7d2ab5a,T1,False,0.000271,0
20a5c193-6cbf-4f23-8a06-2c04aae43b28,T1,False,0.000271,0
5d1e1faf-38f6-476d-8612-c1fafced8251,T1,False,0.000271,0
107ad111-f652-4ee1-912f-aac5ae9b6409,T1,False,0.000302,0
c9ef463c-7834-4b43-95fe-27a4c2fcd8ba,T1,False,0.000271,0
479dda1d-d529-46cc-8b82-2c6fbb992c92,T1,False,0.000271,0
af82c143-d066-4f12-927b-231876fb8e9f,T1,False,0.000271,0
ec1e0db5-1868-4b6e-b495-06b19c340720,T1,False,0.000276,0
49dfed11-5cb2-4ad5-a46f-2601fff83e9e,T1,False,0.000276,0
2c74d36a-cccd-4cbb-968d-80c3510bff16,T1,False,0.000271,0
8ae93eb5-d274-456d-a901-a939ad780515,T1,False,0.000271,0
035591b6-fc2c-4d67-aeb3-95d4b594440b,T1,False,0.000271,0
d99f140e-ed7d-40c5-97bb-5c2f9f77406c,T1,False,0.000271,0
cc0170e9-ffae-48cf-a1ed-a5abe90770ea,T1,False,0.000299,0
09e79fc5-3d1a-42e5-adc5-32208d02e298,T1,False,0.000271,0
7e6d8723-3098-4549-b783-a2b147de134d,T1,False,0.000271,0
0e803e87-2440-4c42-a04a-0a661c319f28,T1,False,0.000271,0
3f4f1dd1-7ff5-43e2-8166-7601fe67347f,T1,False,0.000271,0
dc2dfc4c-22f6-4baa-8fce-e2bbf63c70a7,T1,False,0.000271,0
3a5c3f11-533c-4e37-b497-8db11e53cb82,T1,False,0.000271,0
5149c298-c286-4b5d-82be-55b06fdf48f0,T1,False,0.000271,0
c6134246-32ac-479f-98be-96a659ea1fc3,T1,False,0.000271,0
53bf077a-8b29-4344-a691-2c6fc0fa8df9,T1,False,0.000271,0
0e6e4788-e40f-4bc1-838c-d44647f688f2,T1,False,0.000271,0
cf46d69c-9292-4523-9fb7-dc4a41b2042b,T1,False,0.000271,0
acaf3816-a8e5-421d-be1c-8b29fd444cca,T1,False,0.000271,0
b98ae858-850a-40d7-a4c6-dc4780db78a6,T1,False,0.000271,0
e34e46f8-60a8-4191-b678-ce3213c73f23,T1,False,0.000271,0
2969673e-b503-4a5e-b354-d5d1a83c583e,T1,False,0.000271,0
cd93d6cb-dcd0-4e7a-a985-2c85e59eb49a,T1,False,0.000271,0
924e09fd-39fb-4b75-a966-ca4bce24c92e,T1,False,0.000271,0
cf4bc8cf-f0ba-43c4-9e75-ca5fad82c3af,T1,False,0.000271,0
08fe57d4-f31a-4bc9-94ad-505cef2c31d3,T1,False,0.000271,0
5cb783c7-af22-420c-9342-867a9c4502cb,T1,False,0.000271,0
8e9b94d9-3527-4551-8068-a7cd6a34f3b7,T1,False,0.000271,0
dc167d11-1ad2-446e-beb6-91b0192e43af,T1,False,0.000271,0
f12bcf38-2171-4cd6-9ee6-d3e14da6c30a,T1,False,0.000271,0
2b868308-9022-424a-aa68-303bb0e7ba4a,T1,False,0.000271,0
5422c354-3e66-4c3f-9d15-dee0dc2cd4ac,T1,False,0.000271,0
616c1e7d-1843-4bed-974b-e3b65b88d59c,T1,False,0.000271,0
2404e740-e3f4-4686-b889-4af468a905b4,T1,False,0.000271,0
eb5f7597-9c46-4af5-992a-78e13b748a83,T1,False,0.000271,0
e5f3196e-f5df-40ff-9312-3c9bb0a9819b,T1,False,0.000271,0
47fe7b74-5410-4411-8bce-eca7208c4175,T1,False,0.000331,0
bba03491-65e6-49e9-8e8c-10234b9f2837,T1,False,0.000271,0
a199217c-4525-45ee-9484-e788ce18b980,T1,False,0.000271,0
9c778e02-03ad-489e-af4b-37219daf991e,T1,False,0.000302,0
daef16ac-90e8-4947-9371-8317560e0507,T1,False,0.000271,0
1f890398-4097-4bf6-9657-8d7929b02c71,T1,False,0.000271,0
ad8293d4-fdbb-43d9-b85a-783fb48a4a96,T1,False,0.000271,0
4dd397d8-837a-4d9b-a169-277cd0176c69,T1,False,0.000271,0
847eff73-a4fa-4737-acae-b4093880077c,T1,False,0.000299,0
e8cc94fe-04de-48c6-a02a-7dd27600cfa7,T1,False,0.000271,0
5afe2805-30b3-4031-b814-7e1e0dd387b2,T1,False,0.000271,0
614ec2ef-f5d5-47ff-8f31-69c1afd63e17,T1,False,0.000271,0
421c8307-59c1-4054-9177-a81b96601546,T1,False,0.000271,0
b4de6b2f-6898-4c2d-b94c-65dccc9b81c0,T1,False,0.000271,0
2f7b1a00-25d4-459b-96a6-a18a64629392,T1,False,0.000271,0
eccd5799-5e2d-4efb-b812-2378104812b9,T1,False,0.000271,0
dc4b3a20-b5dd-407a-b858-0be9af1515ea,T1,False,0.000271,0
80c0046d-4fed-418d-bcf6-4df8c6cf2354,T1,False,0.000271,0
43ad7688-ff5a-4107-8a6a-be779a553321,T1,False,0.000271,0
d9798898-495f-4e7f-9ac6-2f0058eaf959,T1,False,0.000271,0
56b8537f-c820-4b3c-832f-99fefb06c3fb,T1,False,0.000271,0
f4767bb0-0e2e-4318-bc89-f7865465e6a1,T1,False,0.000271,0
c42a776f-c6a8-4e40-b358-392ab862154c,T1,False,0.000271,0
e7206cb5-1d0d-4745-9213-14dfb4959f87,T1,False,0.000271,0
75aa1702-39fb-446e-9438-d974bbd11d3c,T1,False,0.000271,0
b31c6649-dfff-48e2-9ee5-9a94f41eee59,T1,False,0.000271,0
5545adc5-fc3f-4d30-9f16-77afc6069c6b,T1,False,0.000271,0
f6cc8108-807d-49f2-a31e-565cb45071f1,T1,False,0.000271,0
dbac2c7d-36d0-4031-83f8-3212cfffdb08,T1,False,0.000271,0
f064fec1-7820-4e07-8e91-5c2b80ea2c80,T1,False,0.000271,0
ca5e4920-2401-4a92-af52-8468a739360a,T1,False,0.000271,0
398b15f7-8f75-4839-b438-d0d232769247,T1,False,0.000271,0
28347165-7886-4ea0-a5f5-ef227dba007e,T1,False,0.000271,0
b228d4f5-b86b-4a4f-b19a-d64221fecc6d,T1,False,0.000271,0
70a600fe-7a35-45e1-8b9b-773536fd6410,T1,False,0.000271,0
dd7e9036-4c81-4278-b406-04b24fbf3921,T1,False,0.000271,0
5450efbd-c9a7-450a-bebc-b429d9f856d0,T1,False,0.000271,0
fcaad7dd-b8d7-409e-aae6-e09d56f0f02f,T1,False,0.000271,0
4e7226b5-7c6c-4200-8d70-ad31503cbf1c,T1,False,0.000271,0
eb8e090b-f905-4547-985c-c3e3c969157c,T1,False,0.000271,0
a7853415-79da-4f22-bb6d-549c3f409db3,T1,False,0.000271,0
b79cc574-fcb0-441f-888a-9e6dc925f7f2,T1,False,0.000271,0
72c799e3-a972-45ab-94a1-b5b8b8c9fcf0,T1,False,0.000271,0
76f5bc4a-61ae-4c5c-8d77-db705ddf50fc,T1,False,0.000276,0
91218db0-1b62-4408-9634-1e48431a1e86,T1,False,0.000271,0
25beb3da-056d-473b-b834-6abd5ddfefd9,T1,False,0.000271,0
7eafa8ec-5677-448e-8b88-a4f8df011500,T1,False,0.000271,0
44d355ec-8718-4c81-a124-726341294b59,T1,False,0.000302,0
a5457d41-1da7-4f9d-9e98-73955be45b8b,T1,False,0.000271,0
f47c069b-f707-45dc-ba15-fa6ab758effc,T1,False,0.000271,0
2b565995-f78b-44fc-83a1-f16e332635d8,T1,False,0.000271,0
4fa3eec6-1e36-45aa-8d8a-a1a3598efc79,T1,False,0.000271,0
591d286a-f331-4005-98ea-212c3414fb3e,T1,False,0.000271,0
4b423032-e56a-41d0-966e-c0b664e573a1,T1,False,0.000271,0
8a078eca-8c06-474f-8ac1-60762361772f,T1,False,0.000271,0
82ddbe5e-a979-4bbb-8f47-90fa95cafbfe,T1,False,0.000302,0
ae9e11ff-1866-4d75-a339-5d1b5e75ab46,T1,False,0.000271,0
37677d00-5e60-471b-aaf2-85a7577b1e40,T1,False,0.000271,0
908c9a33-a0e1-4023-b4c5-0ad2a820df5d,T1,False,0.000271,0
34281ae9-0704-4ac8-a7be-782c81254f8b,T1,False,0.000271,0
bbca7e6e-a614-41e2-892f-8acc1f64c216,T1,False,0.000271,0
61d2437f-3113-4532-bff2-edc62da71337,T1,False,0.000271,0
1e364176-1350-41bd-9151-7b8bbf8f480b,T1,False,0.000271,0
84daa26b-a755-4f5b-a011-67c0f5cd1fa7,T1,False,0.000271,0
eae1211c-6720-49d7-801d-a374707661d0,T1,False,0.000271,0
ac4bf5d8-a88a-4062-80b1-4bec18550963,T1,False,0.000271,0
9c80edc7-63a1-4fa4-92fa-a3a82f4182b9,T1,False,0.000271,0
a70fa3ec-9eec-4e77-9e25-eba2d56d3e0a,T1,False,0.000299,0
e20d3848-fe7d-4775-ace6-4baa714efff6,T1,False,0.000271,0
4ceed239-6089-41a7-8f10-c937c965a56c,T1,False,0.000271,0
61f32f5f-37c7-4e09-92c1-e2bf34d52309,T1,False,0.000271,0
972728fd-822f-43ac-b681-a17af21ad987,T1,False,0.000271,0
d7d9232c-1c9c-4c46-a94e-5267211b2eaf,T1,False,0.000271,0
e8bd2165-bfd1-4d05-8c71-3fb3454a6ea7,T1,False,0.000271,0
da6906da-1925-4351-acc0-e417605fccbc,T1,False,0.000271,0
65a85efe-4753-4f8d-9092-a325b2935e99,T1,False,0.000271,0
57022b67-b732-46ad-a004-a0055f5ae0f3,T1,False,0.000271,0
59663558-caa3-40d3-abba-fd2c760be983,T1,False,0.000271,0
ee0dd623-55cf-446d-b8ed-1bc19c09f58d,T1,False,0.000271,0
3c9ebbb1-9da1-4b51-a526-2de755d81fe1,T1,False,0.000271,0
29f4e9b4-6450-45f5-b84d-c06f4f032181,T1,False,0.000271,0
6292cc4a-c5aa-4e22-95bf-b0a7f49ff97e,T1,False,0.000271,0
27c72c67-61a7-410b-91cf-dc6c4548b163,T1,False,0.000271,0
cbbc9a1d-1c28-4c29-802c-f88774aa39b8,T1,False,0.000271,0
bcc3cac7-f131-498d-a3b6-1cb7840bef5c,T1,False,0.000276,0
8a9734eb-0f26-431e-815a-33a6fcfb821e,T1,False,0.000271,0
796f3f0c-fb42-479b-9089-dc8bfe098546,T1,False,0.000271,0
99a51139-702e-45b2-bafb-9ee821d636e7,T1,False,0.000271,0
60b426cc-a9a8-4114-907c-1700729e1599,T1,False,0.000271,0
584c8e40-00dc-42c4-a07e-deadcec0f6e4,T1,False,0.000271,0
bd164ddd-e437-42e1-9571-bff550602d50,T1,False,0.000271,0
ca1b4c5f-1806-49bf-92f2-24173a86dbc2,T1,False,0.000271,0
e89d37e5-b9ad-4dc6-b25d-29b48646b68b,T1,False,0.000271,0
51b8f3a5-35bd-4f10-bdc2-b0188189d9b7,T1,False,0.000271,0
d530548d-11f0-42d6-afa5-e0d8ac8f7d16,T1,False,0.000271,0
54f5f397-a545-45be-83f3-a6c99e32ac5e,T1,False,0.000271,0
eca60c71-fe0f-4ab0-b90d-2de37e68acd9,T1,False,0.000271,0
e5e2a4f0-38d0-492c-b9c4-fe52a23c778b,T1,False,0.000271,0
739fa601-6de4-40d5-b065-18eedf6d1d24,T1,False,0.000271,0
7616f6a0-28d2-48bf-95d3-f56f77539c87,T1,False,0.000299,0
084a697b-7dca-4a5f-88ae-427bec0ac82b,T1,False,0.000271,0
7a8df1aa-fafb-4b87-8988-2aaeabba85e3,T1,False,0.000271,0
243ed112-3079-4847-8092-61b9daba3a1e,T1,False,0.000271,0
229168e9-7a58-4f8c-940c-5130d4705e69,T1,False,0.000271,0
0cf17b03-93b1-4c21-b220-e7153ed88496,T1,False,0.000271,0
5c1f4cbf-6cbb-451d-a030-d3a246e3f715,T1,False,0.000271,0
cc2d701e-0254-47c9-b957-4f5a10cb8111,T1,False,0.000271,0
1a0b9fa2-b2a9-47dd-989d-8ea3b1ff19d8,T1,False,0.000271,0
d3846734-17b0-40b9-be9d-2b7e85c15e40,T1,False,0.000271,0
6edfe292-f7d4-4c94-a621-77dd5d9ff0fc,T1,False,0.000271,0
1143e90d-2bf8-4761-b5ab-328d66cfd259,T1,False,0.000276,0
fe4fd3df-15f1-4089-85f9-a20753876bea,T1,False,0.000271,0
dc1bcdd0-fdfb-45a3-a3f0-d1dcde6dc907,T1,False,0.000271,0
d23c00c7-47ba-4318-800c-9bffae72aca9,T1,False,0.000271,0
bb997167-b2f7-43a7-8016-8748b215e947,T1,False,0.000271,0
9db14b1b-a1ce-4455-a6e9-304fbd32a594,T1,False,0.000271,0
96b26f7a-7472-43f3-818b-6de69bb6487d,T1,False,0.000271,0
d6a5b1a4-f956-44b2-86c5-681df9cdd26e,T1,False,0.000271,0
91c25c8f-20cd-48f7-a838-e9a24f94493b,T1,False,0.000271,0
e4925f99-daac-45b4-87af-5cb08283fbe6,T1,False,0.000271,0
d3c637ed-fcc8-495e-9077-6a9db0ceefa5,T1,False,0.000271,0
9351cd34-4a33-4c24-915f-3b8e72c49332,T1,False,0.000271,0
b45a643c-d1e2-499e-98a7-03996da8e27b,T1,False,0.000271,0
208fbd55-d132-4ea0-9171-78c954a5fdb9,T1,False,0.000271,0
24ca3424-a7ea-461f-9d0d-b9ef8e3a5a4a,T1,False,0.000271,0
bc77d311-5093-4c47-98a9-1115af54b617,T1,False,0.000271,0
7502a8a2-05ff-4b44-a9ef-709fd230c5e8,T1,False,0.000271,0
ce1ce6b3-fd06-4257-a413-a00acc042d73,T1,False,0.000271,0
4de93d3b-2884-4424-960a-fdaee5da7b1f,T1,False,0.000271,0
cebd0d12-093f-4b30-8cda-9bce483204ac,T1,False,0.000271,0
4b5fed18-be29-40ef-94e4-c84a453d32c3,T1,False,0.000271,0
f24f6e7f-a08d-4755-8f0e-fe3aa5ffb975,T1,False,0.000271,0
c7abb14e-c9a0-46d4-a510-34d0ab99c63f,T1,False,0.000271,0
de8d1c12-b6ff-4372-8335-bc0012a317eb,T1,False,0.000271,0
f83ee271-c28f-4c84-874c-d9eb6a5951eb,T1,False,0.000271,0
d08382de-6ef3-4d41-9cd3-56652a329637,T1,False,0.000271,0
ab66db08-c63f-437f-a1cf-172ecf8605b9,T1,False,0.000271,0
f266105f-b273-4c8b-9d5b-45707ba7fbfb,T1,False,0.000271,0
d396ee2c-815e-4e38-ad4b-cd1c6a1c91ce,T1,False,0.000302,0
fc7a7c17-df9a-4404-a6e4-a554998581f3,T1,False,0.000271,0
83c46b2a-357e-4378-b25b-5500c1693f88,T1,False,0.000271,0
fb7d792d-feac-47f6-b57a-18ff84fcf422,T1,False,0.000271,0
70604241-2a9d-48d1-aca2-7c6ac4030c6d,T1,False,0.000271,0
ef4a1304-f648-48ea-b763-e8c2af329b57,T1,False,0.000271,0
2fa1bdbb-6df4-4a6a-a58f-d1c4c02f5867,T1,False,0.000271,0
0e84c5d6-9ad3-4da6-8210-53209db34ecf,T1,False,0.000271,0
c73bc735-d9eb-44cc-b760-f0e614572852,T1,False,0.000271,0
ccdd67fe-45d6-42c9-9902-52abddadfe2c,T1,False,0.000271,0
88060f16-7397-47d8-bf9b-43f8c54c1853,T1,False,0.000271,0
395761ce-af7a-43a2-a17f-6ec01e313090,T1,False,0.000271,0
47824519-e23d-4940-ab23-16aa9060aef8,T1,False,0.000276,0
5f77447b-120d-4351-a014-5aa218c04301,T1,False,0.000271,0
0f1fe829-1c62-4a66-9669-028eb3a92ca8,T1,False,0.000276,0
63fb9801-3c11-418e-b24d-516e334dff35,T1,False,0.000271,0
62f5eb09-5e1a-44a1-9e7c-43f73c849381,T1,False,0.000271,0
90f7f1d5-70ac-4d00-90fb-65499e63be78,T1,False,0.000271,0
d41257c7-edab-4ced-8d0a-6bdb8d3c6494,T1,False,0.000271,0
20140685-e026-4988-b22b-179e097255f3,T1,False,0.000271,0
bff91279-6f75-4955-91c5-d0288ef3cf12,T1,False,0.000271,0
6f79c0cb-bf7f-4b88-8d39-434dbfe06223,T1,False,0.000271,0
78155979-1089-485a-ab6f-3b028497e4e1,T1,False,0.000299,0
b539d1e0-d621-491a-83fd-c4f271768c5f,T1,False,0.000271,0
4ea5bafd-4600-4ef5-bf01-f47ed40118fa,T1,False,0.000271,0
2f327e52-bde4-4e45-b5d5-e4491575c1f6,T1,False,0.000271,0
dcc6b724-7ba0-4bac-9b42-d2a9be7b8fcf,T1,False,0.000271,0
114f6bc0-b283-4933-8bc0-aedf9d0d102f,T1,False,0.000271,0
46b337bd-dab7-40d0-aea6-bc309c90c66b,T1,False,0.000271,0
6b939864-a43f-490f-a891-a819356f7a0f,T1,False,0.000271,0
7d46607d-461c-48c1-b025-bb701daa3003,T1,False,0.000271,0
98656692-01de-4a1c-a8c7-1f6c5ee570e7,T1,False,0.000271,0
08f61cf6-ae07-4631-84af-6ba8532a2806,T1,False,0.000271,0
0a59744e-78ac-4f5b-9833-b76d25eeffe9,T1,False,0.000271,0
cfa77370-8e2b-4b2d-89d7-418ad9d44573,T1,False,0.000271,0
5230d598-e69e-4b2b-ae16-aeb26bdc7323,T1,False,0.000271,0
c8bb1638-4e43-4026-a2f5-fb1d02482ea9,T1,False,0.000271,0
1ba4e442-647f-4f04-aaab-461b55b9d36d,T1,False,0.000271,0
01b8169c-e85c-4a3e-bf11-5cb9e9adb968,T1,False,0.000271,0
8eecbc61-1152-4c44-8de8-325fdcad79a8,T1,False,0.000276,0
be48bbd6-35c6-48f0-9899-31a00b331aeb,T1,False,0.000271,0
3b9fe055-f84b-4cc6-8e3c-2513cd17e0bd,T1,False,0.000271,0
33d7679b-8584-481f-b61e-a4f893fcf4aa,T1,False,0.000271,0
32e5b46d-5ba3-4297-8ad2-8a1c5308ad33,T1,False,0.000299,0
9f437a10-d5c2-4874-abc3-b1d09ab1b858,T1,False,0.000271,0
044af1ab-5025-44e3-ba80-4a267129ee06,T1,False,0.000299,0
a72bcbb1-4300-4f06-8255-0018e74fa04b,T1,False,0.000271,0
fffd1e0a-c1fe-465f-87a1-0d31b7a915e0,T1,False,0.000271,0
d5ce966d-e2a2-47df-aea4-94873d0b9f53,T1,False,0.000271,0
d272104e-b0e3-468d-8acf-062000740805,T1,False,0.000271,0
cb46df6e-5958-43a5-b9df-a35b49716303,T1,False,0.000271,0
9af01227-f532-4be1-b9db-af95405650e3,T1,False,0.000271,0
ff4b3cb1-a97d-4fcb-81fe-d68fd5abdcdf,T1,False,0.000271,0
5b752fc8-0fbf-43d3-a3df-1669532deec2,T1,False,0.000271,0
9ff9da09-b7eb-4ee8-a8d8-333f57213be6,T1,False,0.000271,0
bc1aa323-f10c-4e44-84b4-181192609a31,T1,False,0.000271,0
59422796-bb30-42f7-ba11-f7394a5a0c70,T1,False,0.000271,0
8c41bd45-8a83-4c17-b848-7580c4d0870c,T1,False,0.000271,0
b958e7cc-5b0e-4593-9144-d5f91bdae4a4,T1,False,0.000271,0
550c3633-f47b-484b-ad74-834d08f2ac0f,T1,False,0.000271,0
a9bff43d-a8f1-4162-8b30-72626e24ab91,T1,False,0.000271,0
4d64cb28-f9a9-4890-b59c-b03c3b1aad78,T1,False,0.000271,0
b00bd5c1-6ac8-4f6a-a103-78fdbcba93fd,T1,False,0.000271,0
f54aa65c-f97f-4cdf-a61e-b454520f20dd,T1,False,0.000271,0
1ed00ac4-b658-4670-87e5-e40e6c26cdf7,T1,False,0.000271,0
8726f625-9382-4963-9583-48e076dafcb5,T1,False,0.000271,0
47751bf6-02eb-41e1-b884-1e212e7868c7,T1,False,0.000271,0
1e178678-0226-46e8-8720-19bc041daa41,T1,False,0.000271,0
5890bf8b-e7ee-4c3c-bd7c-0a415c3fc0c5,T1,False,0.000271,0
b0f6ce17-d15a-4950-b5ee-4cc4f224b85a,T1,False,0.000271,0
92262faf-c5f3-4577-bc24-d6363c3a06c5,T1,False,0.000271,0
64d9d21e-01b7-4428-b38e-e22e79da3806,T1,False,0.000271,0
d610714f-c46f-4e81-9ea6-fcc0130c7ed2,T1,False,0.000271,0
7a6d118c-7834-421a-91d7-467fc48e5b37,T1,False,0.000271,0
32ca1962-94fe-4039-80cf-f708f6462a7c,T1,False,0.000271,0
f6d658d9-9cd9-4b25-860d-ed667bd62996,T1,False,0.000276,0
ed3b921c-2b72-4b6e-b124-890bfc4feef8,T1,False,0.000271,0
30bb499a-92aa-4fc4-b113-21c89141537d,T1,False,0.000271,0
2c08b4c0-59b5-4a93-9cc4-0639cd59494c,T1,False,0.000271,0
5297eb1c-cf31-4d8c-89aa-cedf4c6150ef,T1,False,0.000271,0
169caf24-1e9d-48f8-8ada-26d9f21e5f63,T1,False,0.000271,0
ffb9d9b6-90ed-435d-b73d-c0272270840d,T1,False,0.000271,0
183cef1f-f6f9-4e8e-8db7-981cc1d5fce0,T1,False,0.000271,0
d3a176ef-f8f4-4865-8a18-7cee0516c6ec,T1,False,0.000271,0
9f416e53-bfe5-4521-9f1a-269f74220822,T1,False,0.000271,0
173105b3-3571-4df4-8485-3f15b201f1e7,T1,False,0.000271,0
841a7a55-a167-4021-b828-a6ab3de088e8,T1,False,0.000271,0
82f7031d-1967-40d8-8702-eef2fffc2a7b,T1,False,0.000271,0
3e78db62-e6b7-4ecb-a23b-6748769a1fd6,T1,False,0.000271,0
62d04256-b8dd-4cf1-885a-b894fb385130,T1,False,0.000302,0
9de2a8c8-8ddf-44d0-b5b1-1b5ca677473c,T1,False,0.000271,0
af17793e-8b71-45a7-8163-c546213b368c,T1,False,0.000271,0
ed97250a-9fd7-47db-afab-d75f396eb5c4,T1,False,0.000271,0
0a99f9a0-207a-488d-abbb-d6e348400f5a,T1,False,0.000271,0
516f2b48-c6fe-4572-b7b5-e2e8c78e3606,T1,False,0.000271,0
8bd006b2-e567-4ff2-ad2d-1bceed460672,T1,False,0.000299,0
d1610b1c-30b4-4383-9fba-b1f985969153,T1,False,0.000271,0
a5dd96cb-c3ce-4df1-b749-fa1be6f7b978,T1,False,0.000271,0
19326a31-efa0-48e3-bea7-f6d69c65fe10,T1,False,0.000271,0
5ff096f8-33d5-48e6-91bf-4bfaf977c782,T1,False,0.000271,0
94ffc807-ac20-4dbf-8bfa-5abccd03d3cd,T1,False,0.000271,0
ec97d8ef-af91-4c74-8e8d-ce7e028d8a40,T1,False,0.000271,0
23dd001d-0bc4-496c-bf34-eefab9dc9557,T1,False,0.000271,0
7613140a-0d1a-4138-b75e-1c17723e0006,T1,False,0.000271,0
e00e8e79-a71d-49ca-b48e-8b3e1365332e,T1,False,0.000271,0
c402b46f-c7c9-4afc-ade5-09c43ba97fbe,T1,False,0.000271,0
96dfe390-9f04-479f-b6c3-a21f0a179bcc,T1,False,0.000302,0
01be3b53-846e-470b-92f0-a028378e3dd0,T1,False,0.000271,0
d7fc20b2-5450-4029-b0c3-4574ab8e15ef,T1,False,0.000271,0
289c81a1-8b51-4033-b5bc-8098afe89b4a,T1,False,0.000271,0
b9b3a849-4266-4b0d-b3c9-e1ff30c5cd75,T1,False,0.000271,0
65d4de3d-fa9b-4cc8-afbc-2572187c69f2,T1,False,0.000271,0
551ec25c-e022-44e6-a4a2-b17a2c56d9aa,T1,False,0.000271,0
90f1fb57-3bc9-4e20-917f-c940f14e5e62,T1,False,0.000299,0
d6a218e3-95ef-4247-98df-77e20786f287,T1,False,0.000271,0
d126b9d0-8087-4771-9627-1d86c5366750,T1,False,0.000271,0
63f6e111-5c97-488d-ab8d-f7a9cff30c2b,T1,False,0.000271,0
f6af46ba-770e-4134-b07b-83a5c321e953,T1,False,0.000271,0
16cae215-8ed7-46fc-9750-3ad522e453aa,T1,False,0.000271,0
8a39fcb9-022c-45b6-9efa-357568a56f20,T1,False,0.000271,0
b1725024-3263-4fd4-b884-7fae1750f575,T1,False,0.000271,0
2f60f975-44b4-4418-b2ed-a122b934c4f5,T1,False,0.000271,0
ab4dd2bd-18f2-4bf5-bea6-943ff68ce15b,T1,False,0.000271,0
229dca58-fe27-45b4-b9e3-f9b034b0749f,T1,False,0.000271,0
2a38dd19-04ef-4eac-a41d-9a1063388514,T1,False,0.000271,0
20e47c30-985a-4a26-b721-f3fb66d908b2,T1,False,0.000271,0
72643c02-9912-4d5e-8998-638bd46e2db6,T1,False,0.000271,0
8f7711ee-32e4-40cc-8971-1d86d668185c,T1,False,0.000271,0
a4164f67-11e3-4105-a5d0-420c9f13a79d,T1,False,0.000271,0
159b6a44-4b2d-4477-b1f5-4f6edc99b04f,T1,False,0.000271,0
b97cd9a7-8019-4ea9-98d3-77b4adca553d,T1,False,0.000271,0
07faa422-692b-4508-8ccd-9c63030d752c,T1,False,0.000271,0
df7f08a3-f25c-449c-8908-75cb34327370,T1,False,0.000299,0
301d0ec7-a60b-45c4-b70d-826c0935606f,T1,False,0.000271,0
96989426-63dd-4faf-a44e-e732e778bdf9,T1,False,0.000271,0
f5d2f6eb-d2b1-4fed-a7a6-5df89e578027,T1,False,0.000271,0
2dac5493-f38e-4a7a-a583-98f1a9fd306a,T1,False,0.000271,0
af3777c1-6166-40d8-b2b1-c639d64b2b28,T1,False,0.000271,0
9a11389f-2cbb-41d4-ac5d-89a51a623a88,T1,False,0.000271,0
e064ff65-5fe0-433f-8b08-5f80529b1fae,T1,False,0.000271,0
00b8f5da-5171-4dda-b5fc-5bbe8d033951,T1,False,0.000271,0
767664db-eca9-4bd5-9e59-4f15c86e4105,T1,False,0.000271,0
7dedd8a4-4799-46ba-9317-b906f8049446,T1,False,0.000271,0
e47a2584-9cc5-4e46-bf98-2e3354898bb6,T1,False,0.000271,0
d1f07822-1ec3-47af-a181-6c6b0adaa37c,T1,False,0.000271,0
2afe429c-b245-4b05-9f69-9e155b50511c,T1,False,0.000271,0
6660bd52-be41-4558-b30d-d659679e26f9,T1,False,0.000271,0
f2239246-d2c2-460e-92d6-665b2fb93406,T1,False,0.000271,0
c0137f43-1c24-4fa7-8e81-ba1276fabd55,T1,False,0.000299,0
5c9d42c8-f19f-4937-9437-f06eea78f620,T1,False,0.000271,0
fee385cd-e36e-466d-827d-c77c6c817ebb,T1,False,0.000271,0
66b693a9-ac6b-43a8-8a24-a02ae52838aa,T1,False,0.000271,0
2bfb5130-e6c8-4983-a7f2-99ef67dbb866,T1,False,0.000271,0
7440dc58-5772-428c-9090-72f24741fb66,T1,False,0.000271,0
5d54f1aa-b4a6-47eb-85d3-51fa53dd2e51,T1,False,0.000271,0
15e5782c-b7be-4d86-aa81-3238c1ada9aa,T1,False,0.000271,0
84c7e089-2658-4a4f-b1eb-e1ad06b96429,T1,False,0.000271,0
e6ea6c2e-bf10-4931-aad2-b62fd27269cb,T1,False,0.000271,0
7501ea53-bfc2-41a2-8d4e-3da99df7c98b,T1,False,0.000271,0
13386375-3fc5-4bad-bd0b-d71b59158781,T1,False,0.000271,0
8cd44065-48cc-480f-b49e-f42894652bf2,T1,False,0.000271,0
700f419f-1371-4860-bfaa-d0d76f372894,T1,False,0.000271,0
5a17907b-e51a-4c19-9e70-36229e861ce3,T1,False,0.000271,0
b14c98bd-929d-4533-96a9-4f89193e4dde,T1,False,0.000271,0
92b1439b-dd59-4cc9-bdfc-0fe8fe5b1fee,T1,False,0.000271,0
c3aff0f1-fb83-43b4-a118-ce7357d33e37,T1,False,0.000271,0
f3f7003e-bb53-4f3a-9e15-c28cd9569b95,T1,False,0.000271,0
0498e185-a7bf-4817-8c15-e53bec49a912,T1,False,0.000271,0
5bf49904-5315-4f31-9683-ecd62fb6a2a2,T1,False,0.000271,0
842a218c-660c-4f10-afd8-692928f7e772,T1,False,0.000302,0
0bb5efe1-7826-4d93-bb4c-1117ecba7120,T1,False,0.000271,0
b139e26b-4043-4121-a8c1-15d33ff5af27,T1,False,0.000271,0
7c31dab6-24a2-4972-8dae-ae46475dd7b0,T1,False,0.000271,0
8108b65c-806a-4cb8-8116-06a05f3dd6bf,T1,False,0.000271,0
a67af250-2607-4fae-bef9-9fb1e9733dd3,T1,False,0.000271,0
19fed8c1-658e-4c31-81ee-380f4ce60d72,T1,False,0.000271,0
56e26a42-d2d5-4cf6-91c3-c9268d6627f0,T1,False,0.000271,0
a411db8c-d285-48fe-8837-a9c13338c5a9,T1,False,0.000271,0
f3a805e3-05b4-4ab3-b027-da3c659a5eff,T1,False,0.000271,0
530d5a15-a062-42ac-b9d6-4910295581a3,T1,False,0.000271,0
4b7c7602-49ec-4373-aa6b-fe9940e8f3f4,T1,False,0.000271,0
a2628787-19ee-426a-a995-99b8cd17d0a5,T1,False,0.000271,0
c26b353b-857a-4390-b665-13febe6e1604,T1,False,0.000271,0
8ac4df84-1a7f-4e14-9dae-d67e08a0acb7,T1,False,0.000299,0
b87d221e-b82c-4c1a-81c9-abe27a547860,T1,False,0.000299,0
4996406f-6df2-469c-9f33-a31ca684b8cc,T1,False,0.000271,0
2bad5557-7344-4351-bc95-c7cc982f7e0b,T1,False,0.000271,0
76f46c36-730f-47f7-acb7-1234a37574a0,T1,False,0.000271,0
a9d22d3f-621b-45ce-80a9-e37b22d9f642,T1,False,0.000271,0
32bb474e-e9f9-426b-8dd8-4e5aa0bc6c23,T1,False,0.000271,0
dbdf28de-b809-4796-800e-12ba09c67b59,T1,False,0.000271,0
d2a43e30-3bb0-4d97-97b8-364b29a858c7,T1,False,0.000271,0
e55f2eb9-14c6-422b-9bc0-92237f797ff6,T1,False,0.000271,0
0d74a1a0-5e62-44e9-a13d-c2314c41dd64,T1,False,0.000271,0
178d9fd4-68a2-47b6-8fa8-2ec39cd80419,T1,False,0.000271,0
8218647c-1345-4166-a744-ec046e52c00f,T1,False,0.000271,0
89fc8371-5bb8-43a2-8532-d99d1163c3c9,T1,False,0.000299,0
fde4251d-4c05-4636-9c78-0e0bafd25b8b,T1,False,0.000271,0
788fed6c-9a9e-4b59-82dc-8e1b0544deb6,T1,False,0.000271,0
0bfe2c2b-e58f-4ae3-8beb-bf8a86b9513e,T1,False,0.000271,0
39262c5a-5267-41cd-a307-91bd1722fe15,T1,False,0.000271,0
c7119b3d-3513-4255-b03d-2019677d02fd,T1,False,0.000271,0
adf77d05-811c-4134-ad04-b240371fab59,T1,False,0.000271,0
8e28447a-ca08-405f-8573-dc2aa5934f32,T1,False,0.000271,0
82027595-2196-4a16-8488-39e556beb30c,T1,False,0.000299,0
55df3574-8dea-4a89-a5a1-f4b544072fa4,T1,False,0.000271,0
9d506d3e-11d9-48ad-8b3c-528a85f542d4,T1,False,0.000271,0
08de59a6-082c-42e5-829a-ce08c961578c,T1,False,0.000271,0
2549f235-4e7a-4142-a799-4d7c72bd40df,T1,False,0.000271,0
cbc06998-2897-46d7-93a0-b1ffdb19a100,T1,False,0.000271,0
ceba0031-9859-47b0-af99-9bd7b2413edb,T1,False,0.000271,0
825028a2-b479-463f-856f-acea54ac5821,T1,False,0.000271,0
b8131ee1-c3f7-4137-bc73-1de9a54bed4a,T1,False,0.000271,0
53187212-8953-44f6-8df2-a83839a8a57b,T1,False,0.000271,0
45b0c24a-e75e-4ffc-89fb-ae1fd4d429bd,T1,False,0.000271,0
316af6c5-208e-4b30-9ab8-596a3bf14559,T1,False,0.000271,0
af929f29-c912-469c-807d-3d016ab3419a,T1,False,0.000271,0
dc8aef9d-d10e-4eea-821f-a6deefdbf09c,T1,False,0.000271,0
514a4817-6a4f-4397-b454-cbe90a217cf8,T1,False,0.000271,0
c57bf342-e447-4d36-b15f-7167d8a49aa3,T1,False,0.000271,0
2b6885de-419f-45b2-81d9-b77aa4f5cf27,T1,False,0.000271,0
6694dfca-355a-4360-abc1-d5b2166c20a6,T1,False,0.000302,0
de594305-495f-4551-965d-2d525ae795fd,T1,False,0.000271,0
b0944281-809c-41c7-bbde-141d763d6694,T1,False,0.000271,0
9f478dee-903a-485b-86bd-e75b6c29d2b9,T1,False,0.000271,0
5fcabf2a-2b95-4f22-8b36-452a11ce34ee,T1,False,0.000276,0
5838978d-2100-404e-a9dd-8d5c59845ea8,T1,False,0.000271,0
e0e14e18-6c6a-4ebc-9a4a-727e628409b4,T1,False,0.000271,0
f147c7fc-2d8a-4ddf-b8d1-ffb41b06bbc1,T1,False,0.000271,0
5d39751d-0f72-4597-8954-76a4800ee042,T1,False,0.000271,0
839c65a6-fe3f-4ba7-99da-ba00f9b34b6a,T1,False,0.000271,0
dc850166-da20-4b26-8da1-aab67824c511,T1,False,0.000271,0
7771cb6f-0498-47e7-96f5-4daf84f1e4cf,T1,False,0.000271,0
ffee7cd1-46de-47d4-86ab-28ba3ee6c384,T1,False,0.000271,0
6c5545c7-989a-4e22-8da1-b8050b7b7c9e,T1,False,0.000271,0
c6767958-3377-4ed0-bbdb-1637e884a899,T1,False,0.000271,0
c4daaad3-b242-406c-a1d3-50c839f44e28,T1,False,0.000271,0
3ae7b852-5f42-4663-b462-43fc9ced6252,T2,False,0.000271,0
f8b2a232-8bd3-42c1-9c2c-89187da19ac2,T2,False,0.000271,0
c13f302e-897e-4d37-8cb9-2e1c80ee5a8e,T2,False,0.000271,0
70e58a05-03f0-4b6f-af00-cb0ab4cdc3b2,T2,False,0.000302,0
9b2e08f8-1a95-444e-928d-6868ef4579bc,T2,False,0.000271,0
7ff45ed5-493a-4d67-9226-a45e88e10569,T2,False,0.000271,0
7882eaac-a8ab-4333-8659-d4c75eba5e04,T2,False,0.000271,0
13bcbd3c-c62b-4505-97aa-6dd387fa3c4b,T2,False,0.000271,0
53b8fb7b-55d4-4641-bbda-b1b5e753352a,T2,False,0.000271,0
8bd09811-8be4-48e0-aad4-dc3a7721051c,T2,False,0.000271,0
87272fa6-01f2-4402-af7d-671cfc8f5517,T2,False,0.000271,0
413ebfed-586c-4548-a746-185829a4250a,T2,False,0.000271,0
884750f8-116b-468e-ba65-5cd03d9f152d,T2,False,0.000271,0
e18acdc2-ebf3-4ffe-b031-d80f5fa8a3ba,T2,False,0.000302,0
517cf869-5809-419f-955f-edc5d4ebc802,T2,False,0.000271,0
46a9b291-d115-42ea-af25-1baab16c1d97,T2,False,0.000271,0
28209503-ce75-4060-a258-f3a173873185,T2,False,0.000271,0
320e2e77-126b-4c58-bf17-b54e0e51de75,T2,False,0.000271,0
b56493fc-de26-47a4-80b7-d896399d3170,T2,False,0.000271,0
bfbe90f7-4dda-4538-ad0b-458486454bb4,T2,False,0.000271,0
f044d87f-a62a-4c03-849e-ca7959c8be19,T2,False,0.000271,0
70458e74-f0d3-44b2-add9-7f5659cb9367,T2,False,0.000271,0
4a752c46-7f59-48f8-b0c1-6cecbf566c4c,T2,False,0.000271,0
523409e3-52ac-466e-a37a-6b46ced65009,T2,False,0.000271,0
35885b72-f4bf-4bff-90c5-dc226b9cc4da,T2,False,0.000271,0
c361628f-a248-4e10-8f8a-82f7686012b3,T2,False,0.000271,0
db07abb0-8cd6-40da-8a30-e22c02312c9f,T2,False,0.000271,0
e8da20dd-efc8-4c26-987f-136305fa32b7,T2,False,0.000271,0
edf0ab71-b3ee-495e-8eba-56b20961a6a6,T2,False,0.000271,0
f3d7732e-b188-4779-a1b2-2f17e125d6db,T2,False,0.000271,0
1b7e1998-e9d9-4bd2-89df-7d1623247f06,T2,False,0.000271,0
a245e028-9b16-47e5-a6a0-4658d1a69373,T2,False,0.000271,0
1cce8938-21fd-4d1e-8baf-84fd6f776a94,T2,False,0.000271,0
16581a33-5df6-478f-986e-04f283c5f68f,T2,False,0.000271,0
4452ca00-ee61-4a0e-9c42-e452a2610eb8,T2,False,0.000271,0
fb61aad3-1576-46e4-8df1-7e152cf5b18f,T2,False,0.000271,0
e98046b5-0a88-4a79-a793-6229d43870e1,T2,False,0.000271,0
313ae229-d05b-42d9-aded-9c9738e6336c,T2,False,0.000271,0
3f15b379-16b4-48a4-ac1d-afe8f6298978,T2,False,0.000271,0
1ccf43f1-2fed-4c49-bdee-cd2c1211de16,T2,False,0.000271,0
bbe5a673-b18d-4f0e-9584-141ff2cf8e33,T2,False,0.000271,0
86389edf-7979-4e8c-b023-b9ad4e96613c,T2,False,0.000271,0
e7b8a1ac-e153-499a-bbde-94bc0bf4f9a1,T2,False,0.000271,0
42fc1774-2061-4a89-8734-17bd5f636712,T2,False,0.000271,0
428d28db-d83d-41dd-b7a6-e075331b62bc,T2,False,0.000271,0
df63a548-a7ad-4121-9f53-036f81dd2798,T2,False,0.000271,0
184d8a5e-4624-4f7d-8eab-247a9278b61f,T2,False,0.000271,0
7886eb8a-34d7-47d6-9b22-a9dbd7f4d300,T2,False,0.000271,0
10a12e40-74b3-46f8-9413-67de956fa059,T2,False,0.000271,0
b18c1b43-593a-4f58-8379-9294a019c39c,T2,False,0.000271,0
36ab104b-c0b0-47ad-883b-434a392adac3,T2,False,0.000271,0
c4cb8f8e-0550-4f2d-981b-19ee54d84deb,T2,False,0.000271,0
e2b9722e-25e4-4683-8e70-f27adbc36d3c,T2,False,0.000271,0
b95e2f70-e9d2-4991-bcad-8b7f746b5978,T2,False,0.000271,0
105533b9-0c98-4c8a-8c96-bdc6be37fe9d,T2,False,0.000271,0
6f3f43fd-7982-4e28-b685-635f71ef2edb,T2,False,0.000271,0
3612e643-f4fa-4b81-a6f2-a1d68baee31f,T2,False,0.000271,0
5ed5f82d-36f3-4e13-96cb-17a4e3954112,T2,False,0.000271,0
d5b51b64-a494-4f49-92ae-9659292501e4,T2,False,0.000271,0
d90cd2cd-6e70-4f27-ad6e-21b7219e8980,T2,False,0.000271,0
a7490c70-6a7f-4e15-a984-f907d4243421,T2,False,0.000271,0
90a2ed0e-1e39-4aed-9705-1b6ba4dd2d0e,T2,False,0.000271,0
b2e867a9-16fa-4c77-9fd8-5635b58fdf1a,T2,False,0.000271,0
325d7fb0-05be-43c9-afe8-f00cd72cf8e0,T2,False,0.000271,0
8cd0cb9f-3e87-492d-84ce-3b226dd8f9c1,T2,False,0.000271,0
02f92edd-01b0-4f69-8ddb-81f79fad639c,T2,False,0.000271,0
2b2cf1e3-5c20-42f1-bc3f-0c7aef1cc7ff,T2,False,0.000271,0
47066109-1a7a-438d-b331-dd1b2b42aef9,T2,False,0.000271,0
6f20fd8c-2442-4894-864c-f4c9c07f1b20,T2,False,0.000271,0
704227c8-ea82-4901-8e38-449e6339fc5f,T2,False,0.000271,0
c6d153f5-b28e-4b85-a87c-7114474fe3d0,T2,False,0.000271,0
1a49df9f-0b4d-4855-8440-f232366da2b5,T2,False,0.000271,0
c7ac5cfe-e372-4358-b319-b84158e791af,T2,False,0.000271,0
9717e56a-5ec4-49c7-93d1-c8bb54a13743,T2,False,0.000271,0
622b8251-e195-4f65-b21b-b66af50c782f,T2,False,0.000271,0
64b36611-5d7f-4a5d-bb79-65e004204e19,T2,False,0.000271,0
2dfb2609-43ae-4a74-93ef-cc261c8f40a1,T2,False,0.000271,0
f944ba50-8ef8-41f5-a91f-d7fe812fd48f,T2,False,0.000302,0
e841fd9a-5023-4d3c-937b-aad0eb70eb12,T2,False,0.000271,0
f6d8893e-df5a-4e24-a245-80f6d36c7606,T2,False,0.000271,0
0dd801cd-aed8-43a6-94c9-4ae2a896aedf,T2,False,0.000271,0
28eac098-2492-4c43-bd47-fc8cb4784158,T2,False,0.000271,0
8184f320-b7f3-4d93-b8bf-674e91baee18,T2,False,0.000271,0
86efa736-0c38-4ed1-8508-f96213f0e746,T2,False,0.000271,0
eb6254a2-fe57-4e99-ad41-9d9b6b7caf59,T2,False,0.000271,0
6ecf388c-be09-4e1e-8338-513bee592d58,T2,False,0.000271,0
d9d724ec-9ded-497d-a28d-14812fcd742a,T2,False,0.000271,0
f4e9cf40-42a8-4277-ad28-bd22987ce53b,T2,False,0.000271,0
44eee0c9-9a9e-4e9e-9ad5-9ab587627814,T2,False,0.000271,0
63bc7165-e92b-4911-b28d-5d0463cf35b2,T2,False,0.000271,0
fd279b54-f3f4-4baa-ac6a-47fb1e2f9f03,T2,False,0.000271,0
f5254b05-2b29-4254-a59d-a82e6b3a6c77,T2,False,0.000271,0
79ea79f0-1475-4cb2-bf1c-d5cb89877516,T2,False,0.000271,0
a27dec37-4b96-4781-9c7f-906a627567fb,T2,False,0.000271,0
a2049c9c-33dc-4d1d-96a2-65a26ba9bf58,T2,False,0.000271,0
44e3f700-e057-44b5-ab4a-12dd9567971f,T2,False,0.000271,0
f2599497-8968-483f-bf47-296bd830b5d7,T2,False,0.000271,0
e7b67e0b-8f0a-4f9c-adff-ba98b8fbca31,T2,False,0.000271,0
19e66172-2a98-4ece-9f2c-cf21f310ff86,T2,False,0.000271,0
28c280e2-a979-4e6e-9fbb-5a7e89fa6fc5,T2,False,0.000271,0
0b9311a8-083f-4029-af45-b5f12de3906d,T2,False,0.000302,0
ed56e280-0f75-424e-8ec7-fe67b86d9746,T2,False,0.000271,0
9e9b11c9-1509-47fb-bc43-73f40f48c274,T2,False,0.000271,0
e34d4f25-6d90-46c3-8432-065c504f1a85,T2,False,0.000271,0
f9d326bc-ba05-4fd4-8c48-b48d6b89fd34,T2,False,0.000271,0
95ec3fb0-9acd-494d-8126-dff6580189a5,T2,False,0.000271,0
53d5747a-6fc1-40a3-a256-3a0e4575e9ce,T2,False,0.000271,0
0ff246e4-265f-4c54-bc8b-8a6162417035,T2,False,0.000271,0
6e3a9b9a-e18c-4273-92a8-b040c60e2202,T2,False,0.000271,0
5112e81b-d1c5-407c-acd3-94fbc5a1a63f,T2,False,0.000271,0
573df9f9-b8d0-4ce9-aa5b-7552fb0b507c,T2,False,0.000271,0
030702fb-bbad-4e92-ab93-fbcc235ae111,T2,False,0.000271,0
13dab736-8a2d-48ee-9d51-ac06e6a38e19,T2,False,0.000271,0
4dcb6a2e-d60d-47b1-902c-0c715366057d,T2,False,0.000271,0
fdb59ba5-080e-40f4-b988-fcd630dcbd0a,T2,False,0.000271,0
ed6c7418-4535-4d55-b84f-aa32c2242270,T2,False,0.000271,0
63824e2f-073c-49aa-bc62-02e4655c98f3,T2,False,0.000271,0
4720b701-3cc5-4aca-b71c-58fa259168bf,T2,False,0.000271,0
ba4a0494-1f3d-4374-b526-4b19ef9e2477,T2,False,0.000302,0
f9f49f55-7408-47b5-8aa2-8f8503ee2097,T2,False,0.000271,0
db14cf22-2b36-488e-8e62-8b6aea22bb15,T2,False,0.000271,0
21801612-c557-4df6-9cf4-b200de2fd119,T2,False,0.000299,0
69a0a87c-b988-4016-99ee-2a9b11b5f808,T2,False,0.000271,0
8b18a13d-2b1a-4f46-8b98-4f5580a00347,T2,False,0.000271,0
90486d71-807e-4a3e-93b5-57a2694393d9,T2,False,0.000271,0
388c7b2a-648b-4a61-bdf4-df99bbd638c1,T2,False,0.000271,0
15da37f1-04d8-498d-9e3b-72907c9f3519,T2,False,0.000271,0
cddeef2b-ba30-4877-b1d0-f9ed8266dad6,T2,False,0.000271,0
e45cb9cf-b228-4115-9e48-59cd52a01d73,T2,False,0.000271,0
7e340af2-22da-43d0-8cb1-9b92f1c8c718,T2,False,0.000271,0
92171171-05cf-4023-81ba-e6094020df79,T2,False,0.000271,0
828644a5-dad0-43a1-b758-63b7a0d09b85,T2,False,0.000271,0
ec5f785b-6319-4d72-8457-37b5fd0cb204,T2,False,0.000271,0
60f6f10e-e659-49b3-90d2-777b5fe761bb,T2,False,0.000271,0
62494bb7-b5bd-4df2-ab15-16dcb49c6968,T2,False,0.000271,0
5f2e4ac0-0e57-4561-8c11-71e94c27c7e5,T2,False,0.000271,0
852307c8-0bbc-4f4a-b16f-8e6a72b5fc9e,T2,False,0.000271,0
c5cb552b-fac2-4aa0-9914-92b93ca0a3ab,T2,False,0.000271,0
53cd79fb-17f9-4bac-8202-4b58cef3b563,T2,False,0.000271,0
a622cdcf-4c94-4141-8888-e593da538d91,T2,False,0.000271,0
12163b6c-820c-4d16-8b15-c6c669448691,T2,False,0.000271,0
65cc6726-eb79-451b-8ec5-0ae688943e2e,T2,False,0.000271,0
77c731dc-e100-4ad5-bf2d-3aeb6e38da9b,T2,False,0.000271,0
63d5f81f-ddfa-4d71-aeb6-c3abcbb2688b,T2,False,0.000271,0
00d5c144-bc83-4237-9039-56f2867de75a,T2,False,0.000302,0
fc72b9e0-b1f7-41c7-bfd7-a72230340fd9,T2,False,0.000271,0
8067e94f-2548-4799-a6e7-a9a6ed1a0283,T2,False,0.000271,0
f33e5c5a-ae7f-4b43-9b96-8822b246cb8e,T2,False,0.000271,0
aef9c195-1f38-484b-a0b3-831a94c50bd1,T2,False,0.000271,0
8ebf6194-03b0-4c53-9caa-a876a19494f4,T2,False,0.000271,0
8ade78fc-ddf7-4b18-ab22-b7c35fb63868,T2,False,0.000271,0
aee8a0c9-d551-4a5d-84e1-a6cd926498e7,T2,False,0.000271,0
44c04e89-aad6-472b-97ef-a16803941756,T2,False,0.000271,0
70d17398-d550-4e1d-a3c2-d130119b1ceb,T2,False,0.000271,0
776bb460-df36-4300-9ed4-09072876c08c,T2,False,0.000271,0
f0013ee7-0f23-45d0-bf10-48556d683e14,T2,False,0.000271,0
5acde4d4-6f72-47fd-a54a-62c9818025a1,T2,False,0.000271,0
c57a1584-dc06-4039-958f-36efdd9c15af,T2,False,0.000271,0
23c6842d-744f-4f04-be11-8c64a8df1a48,T2,False,0.000271,0
c80819c6-f433-4478-9fcc-1455d31bcef5,T2,False,0.000271,0
9fc562dd-2fa8-44e6-a3fb-98e4889217dd,T2,False,0.000271,0
b97900f4-aa3b-4d91-827c-b0aa115cd06b,T2,False,0.000271,0
012303cb-a045-4644-9a9c-11599315f0d8,T2,False,0.000271,0
1b2dee74-0bba-449f-84a2-421a2103c1b4,T2,False,0.000381,0
2fab8985-d91e-4998-834d-4e1dc07267b8,T2,False,0.000271,0
a06952a4-2ac5-4e62-a71c-aef97f8f3568,T2,False,0.000271,0
d459aca8-f36f-48b6-a2f6-3708c1f0ac20,T2,False,0.000271,0
710a376a-ba83-44fc-8063-69a2a7f8f9b8,T2,False,0.000271,0
5c9e9fff-500b-4cd7-a79b-c8a6544bb0dc,T2,False,0.000299,0
81b0b16c-50cc-46ad-8042-1cd764ebf190,T2,False,0.000271,0
4146e63b-b809-4246-bcd2-95f6d4833a26,T2,False,0.000271,0
b01c18e0-15d3-4cd5-821b-eae45c03cb91,T2,False,0.000271,0
7848541e-f6e8-417e-8da1-e1a2b845ae9b,T2,False,0.000271,0
bc003a12-020a-433b-b806-af8d2d632112,T2,False,0.000271,0
d149e82b-bc93-4d36-9464-022fc435ff41,T2,False,0.000271,0
d8c793ff-48b3-4b0f-99b9-1bb865ec430f,T2,False,0.000271,0
8bb43ab3-8454-4edd-86ad-7cd73e1bb77c,T2,False,0.000271,0
5086c006-f397-42ef-ac90-f8be74949379,T2,False,0.000271,0
67bf410a-8272-4cf8-946d-364e3dd90288,T2,False,0.000271,0
d3b65503-5e7b-454c-b054-53bef1f48180,T2,False,0.000271,0
c58018f1-3114-4730-aa23-7b9ecd493dab,T2,False,0.000271,0
854d31dd-796d-41f7-a539-7f62e043fd75,T2,False,0.000271,0
d1768d74-d94d-4136-b825-32b8d3e50b2e,T2,False,0.000271,0
118f160b-f46c-463d-960c-1c5e079fd609,T2,False,0.000271,0
2ed7513b-ba2c-48b6-ba27-c2e6c0f408e1,T2,False,0.000271,0
5a7e536a-bc7a-47c6-b5e4-08f840bf2d57,T2,False,0.000271,0
08cadd0d-c3d3-4bf6-bfb0-37f1b5eeac8c,T2,False,0.000271,0
6648f353-d074-4e7f-890e-8b0a5d10fb62,T2,False,0.000271,0
32ef972d-e303-4e4d-9040-a604bd0f6012,T2,False,0.000271,0
479fa723-6d48-4917-b14b-edc8a48f04f7,T2,False,0.000299,0
ee43b8ac-0a1a-420d-b4f4-0b88b20fce5e,T2,False,0.000271,0
a4b60af3-9c4c-48ab-b2fa-464bc4d42f73,T2,False,0.000299,0
fc5bd5fd-a8a8-4c2d-a3ea-76fdba00bd51,T2,False,0.000271,0
ffbbaff9-2843-4cac-99ee-52c2d5f95a73,T2,False,0.000271,0
ae17f419-6a97-4d12-9b95-2381b37f4f0c,T2,False,0.000271,0
58930d5b-e7d7-49aa-b476-a93d2203ba65,T2,False,0.000271,0
339a3eb5-380a-4fcd-b98e-1fa16d7445b0,T2,False,0.000271,0
58abc8f5-1d4a-4658-a3d9-ea1e54848ea6,T2,False,0.000271,0
0458a376-b77a-4596-bc9e-0116668f320f,T2,False,0.000271,0
7ff9a751-855b-4e72-9ba9-1cbd52c05362,T2,False,0.000271,0
ac4b6caf-4312-4984-aa31-33b95023a19f,T2,False,0.000271,0
f4366ee3-6909-421a-9603-8ced75e63262,T2,False,0.000271,0
0ce37671-56f0-4511-8bb0-6ed5d94c37ff,T2,False,0.000271,0
fa05bbbc-f1f5-4e95-bee6-bf8ba0849792,T2,False,0.000271,0
c18501b8-05df-41e3-b97e-ef6ccb857600,T2,False,0.000271,0
30afe49d-331a-4968-b738-29633b5bf3f0,T2,False,0.000271,0
d6e124c3-93b3-41e0-a8ad-14b2b3e201c5,T2,False,0.000271,0
0ad5627f-e4f9-4566-bfcd-71d98150bb9f,T2,False,0.000271,0
4e4249d2-be73-4a12-95f3-358bfdec2aea,T2,False,0.000271,0
b90af848-832a-4342-aa54-c17aab0f0819,T2,False,0.000299,0
2b4090a7-41ec-40dc-ad2a-c358c14fa7f4,T2,False,0.000271,0
f9587541-af2f-431b-a4af-7c8c88c8538b,T2,False,0.000271,0
19f40c9d-cc2b-415d-988a-62a05b0fdea6,T2,False,0.000271,0
ac547f5f-8eb4-4f86-b313-9a063473d2ad,T2,False,0.000271,0
386273d3-3df1-4959-898d-c12aa6ad74e6,T2,False,0.000271,0
80c32ee2-7944-4dc0-a70e-4fd7991ee3bd,T2,False,0.000271,0
3dea1493-b849-4709-abb5-b855b129a33d,T2,False,0.000271,0
68058e07-ed34-4be1-93b1-457a68e5d23a,T2,False,0.000271,0
d1bfcffd-8b18-489c-bc28-ef056cb1894b,T2,False,0.000271,0
172ff795-7d14-4b7b-a02f-bc740cb4138f,T2,False,0.000271,0
032eddb0-be55-4256-a544-510bce170fd5,T2,False,0.000271,0
3978aac1-8116-4e5e-961d-ff0783b25a3f,T2,False,0.000271,0
89ddd9be-bd56-4fe2-8f3d-2de0fc360fbf,T2,False,0.000271,0
01a528ae-5364-4283-aadd-4805218de6d9,T2,False,0.000271,0
ace85001-80d7-4d88-a26b-e441ed303f63,T2,False,0.000271,0
18054cfc-f267-4868-b4d6-21810abb167c,T2,False,0.000271,0
1d36a11f-6af4-4e3e-baa1-83fe5784fc50,T2,False,0.000271,0
cdd9b469-035d-444a-8ef4-7b28fdb5e20d,T2,False,0.000271,0
2f7e81ef-e31d-4087-bd69-12e74bd7b378,T2,False,0.000271,0
400b9203-8aaf-47c7-960c-5dd82f229dd0,T2,False,0.000271,0
d7901fcc-57b0-435c-85bb-de85baa3348b,T2,False,0.000271,0
27868d32-56b5-400e-bfd8-74bbd9c2eef1,T2,False,0.000302,0
6c5c206e-b762-4a34-84bb-41eef36171e9,T2,False,0.000271,0
7f2a2f2d-2b32-4d7a-9e28-d0f0b64611ad,T2,False,0.000271,0
5bd6950a-a3f7-491e-a22c-4fa49887f956,T2,False,0.000271,0
827349ac-a5e8-4f0e-994f-37743a89ed1a,T2,False,0.000271,0
103d9848-19e9-4910-afb0-db184899428f,T2,False,0.000271,0
61edeebe-877f-4620-8a84-c552166146f0,T2,False,0.000271,0
95ce592d-af88-4fab-bb3f-7df7a20abb22,T2,False,0.000271,0
6f17e5c4-abfd-40a3-8bef-de4dca77a6a6,T2,False,0.000271,0
f81502c1-039c-42f3-add7-9a6e5016f641,T2,False,0.000271,0
4604ea40-e890-4257-96dc-7d2666d6c3a1,T2,False,0.000271,0
e600f02b-a947-43d4-bec4-bbcdac8910b5,T2,False,0.000271,0
ebd800ec-12b5-4196-a908-928b790aa202,T2,False,0.000271,0
44b0ac07-dabb-4078-a89c-213b7caae436,T2,False,0.000271,0
99192cce-be50-4042-9e98-3f8ebefbea53,T2,False,0.000271,0
2fb63f71-fb2e-444b-92d0-098aca5eb120,T2,False,0.000271,0
cc7e84c1-7460-4f49-a1f3-9503b139b7e1,T2,False,0.000271,0
fe77e2e9-cec8-4aa5-be9e-dd816087a534,T2,False,0.000271,0
6e038e39-0ecc-4ef8-9a3a-3605386dfc10,T2,False,0.000271,0
3f8d5bca-9c1f-47f5-8106-1a2fc0a80267,T2,False,0.000271,0
3ae90675-4dd5-4ff7-8473-7aec7b888a1c,T2,False,0.000271,0
1f65a63c-35eb-4923-8312-79570b7aa2b7,T2,False,0.000271,0
2459d650-1ecd-4edd-9a8b-4b8beead7761,T2,False,0.000271,0
7ce61d4e-4b6d-4eaf-9ad8-885e93ac6926,T2,False,0.000271,0
e1247aa1-bff8-4452-86c5-0ded8054689b,T2,False,0.000271,0
4bdec8de-6b15-436f-93bf-9ce4076d8371,T2,False,0.000271,0
10eb96a0-0b4f-4824-ac46-a5be82090973,T2,False,0.000271,0
94c7d5ea-d64b-4005-b5d0-fb80cedb06e5,T2,False,0.000271,0
9257d036-7f9b-433d-944b-011025d23909,T2,False,0.000271,0
99e6089c-d068-4498-9140-848c6ef8b916,T2,False,0.000271,0
b5be8146-34dc-4b59-9a7d-b02a6581da85,T2,False,0.000271,0
e8cba13b-081f-449e-94bf-37613ceb25fd,T2,False,0.000271,0
e72b175f-b2e5-47fe-a334-05cfd58eecc1,T2,False,0.000271,0
33840999-1227-4776-927a-ea54cb5af971,T2,False,0.000271,0
0c698ccf-6f5c-4f52-85c6-1d92be1f64bf,T2,False,0.000271,0
44c7864f-fc4d-41e1-a9cd-4312db9068ee,T2,False,0.000271,0
4c752133-bf49-4628-8773-511b0ce5d22e,T2,False,0.000271,0
22a7f871-17ee-407b-9965-039c2627f9be,T2,False,0.000271,0
17bf5cd8-f055-450b-b8fe-32b270970f90,T2,False,0.000271,0
31b3ef4e-2cb4-487a-ab4a-b52aa70da46f,T2,False,0.000271,0
41c62b50-fb10-4630-9dc4-8dc939f4829f,T2,False,0.000271,0
78543795-7a8b-4262-b278-47a10644c266,T2,False,0.000302,0
cc816856-1881-40f2-911b-61136cd37099,T2,False,0.000271,0
5673f033-8015-48e6-9454-974df78ed543,T2,False,0.000299,0
f29535b9-2aef-49c2-852a-cd16d49ed744,T2,False,0.000271,0
72189a3d-517a-4988-948d-2964065fef9f,T2,False,0.000271,0
f7131de6-02fa-429d-89da-023be045da24,T2,False,0.000271,0
63164495-c09c-479d-9e99-409a874cf7cd,T2,False,0.000271,0
860d66a2-1936-4a9e-a651-536a0df9526c,T2,False,0.000271,0
9a732cc8-46ac-4091-9614-a83bebbbdd20,T2,False,0.000271,0
cd924716-d677-4cb5-8666-af3bbc02d1cc,T2,False,0.000271,0
d55cebe4-23fa-4abb-ad5d-d4e9b12ec738,T2,False,0.000271,0
d1e1d1f2-818a-451f-8758-aa027e47eec1,T2,False,0.000271,0
07b4e50e-b625-4e00-a75f-6ed46fd5b021,T2,False,0.000271,0
0312428a-e2b0-4441-af7b-365c0e9eee29,T2,False,0.000271,0
4483c62e-6860-402b-8f9a-3605d9b93ae0,T2,False,0.000271,0
8433d044-20db-4e36-82aa-25e3551c93e7,T2,False,0.000271,0
4503c740-1249-4699-baf6-cdc2587d6f11,T2,False,0.000271,0
2675b109-ea51-429e-b524-84f6339e4bca,T2,False,0.000271,0
b6be8c5c-b4f5-4bb5-90d9-bd50dcbbec9e,T2,False,0.000271,0
17230f8d-2d98-4ef9-a568-4554e4cbd05a,T2,False,0.000299,0
219d657a-0294-4fc8-948e-3a8d9d658ff0,T2,False,0.000271,0
978b1cc4-c746-4beb-a2ca-8c758ad980eb,T2,False,0.000271,0
e9efecec-a358-4e39-ba11-88e9ba37a41d,T2,False,0.000271,0
e915ac46-c4be-4098-ab64-8c77fd1a983a,T2,False,0.000271,0
68269232-65a4-4f3a-a828-45a6c4520bfa,T2,False,0.000271,0
ef864f3b-1d9a-479b-852c-a1f782d184f7,T2,False,0.000271,0
56be0649-270b-40a2-b0d3-74f60cd810b4,T2,False,0.000271,0
1fbb00c8-d346-4301-8efe-3b46533d89f1,T2,False,0.000271,0
78c28c05-4118-49e7-a87f-e26e5fe33387,T2,False,0.000271,0
1d1430c6-8186-4dc3-910b-5e7bae572976,T2,False,0.000271,0
2a128fde-68f2-41d7-9c32-8f85cadc351b,T2,False,0.000271,0
5cc61405-25d1-4537-8278-0945d756a3b0,T2,False,0.000271,0
47f26ee4-2467-4f16-a7fb-f548059c72ba,T2,False,0.000271,0
bc66fc73-2370-4f40-9b6f-3fb8907bdfaa,T2,False,0.000271,0
759da3ab-4e73-465d-ba90-1c37c5ac10be,T2,False,0.000271,0
72d1ad9a-661d-492f-b7d3-e9f40e072139,T2,False,0.000271,0
6670d6f9-e9be-4fa5-98ee-40181bb90502,T2,False,0.000271,0
1c517be9-5911-4cc1-8efe-e529a57f33b0,T2,False,0.000271,0
442a24b0-ba4d-45e0-b8f8-d13a3ccd45e5,T2,False,0.000271,0
3dd2ca3f-66c9-4d09-bc59-7f0bb371bda6,T2,False,0.000302,0
9047df4e-1155-4176-9f6a-258dcfec1ebd,T2,False,0.000271,0
25dac199-fe70-4179-ac38-9e8e846c3f80,T2,False,0.000271,0
7482f7bd-dbe0-4f3b-a736-81ae1202e9a8,T2,False,0.000271,0
4bfe10bd-2b48-41bb-8396-6c95c087aa7f,T2,False,0.000271,0
43496487-625f-4bdc-8471-91756d8d8755,T2,False,0.000271,0
09cb1e0e-327f-409e-b0d1-a8c51abc9a72,T2,False,0.000271,0
c645ca0b-3c1d-4669-a591-ff2519cb12bd,T2,False,0.000271,0
d605372e-f07b-4eb1-9063-5d468b9c2243,T2,False,0.000271,0
111c25a7-4d9d-4be8-9292-924e4a49b53c,T2,False,0.000271,0
5057b2bd-065f-4a2e-901d-6a488d9a6373,T2,False,0.000271,0
14b71b80-c105-43fa-a1fe-265aec28b634,T2,False,0.000271,0
3fda78d9-c3b8-4945-9396-d93c667b4f74,T2,False,0.000271,0
31c26fd1-72a6-4a2f-8a4a-508da7c391b6,T2,False,0.000271,0
dfc72fa4-4ad3-4166-bb53-3a462bd75c58,T2,False,0.000271,0
acbcd2b9-37ad-4fa5-952e-02deb5acdaf7,T2,False,0.000271,0
5f4b181a-9905-41ef-8227-c8820ba50edb,T2,False,0.000271,0
b2cb89fc-35d7-4554-a678-7f6f7d5e6bd3,T2,False,0.000271,0
c174d5fc-d1e9-493f-a2a1-2cf6ecef1c8a,T2,False,0.000271,0
e9e2af92-4392-4c45-b676-c6714e29f079,T2,False,0.000271,0
f3a64c24-4f60-47c9-8fb0-522b355b105b,T2,False,0.000271,0
536eab1f-276f-41ff-b56d-a89a2d1a7d04,T2,False,0.000271,0
fc2a84a8-d495-468f-9efa-09b8142c9394,T2,False,0.000271,0
45317ade-5aec-422f-9721-af50592b52fe,T2,False,0.000271,0
39ff8877-7935-4ca5-a233-fd7faf317c00,T2,False,0.000271,0
f4019460-106c-44ef-921a-0373ea09116e,T2,False,0.000271,0
0f84ab63-05e8-4d54-9f66-761052064020,T2,False,0.000271,0
16d49c23-88ae-4141-8606-621b7ce825d3,T2,False,0.000271,0
5bb775dd-17c6-4da4-9052-d71f47917ddd,T2,False,0.000271,0
5040a5d0-52be-4154-ba48-a6a42f261f29,T2,False,0.000271,0
1d4ca2cf-6852-4074-8f21-c56e4819a0ef,T2,False,0.000271,0
071896d5-5b6c-43bd-9e56-a61dc7d1a387,T2,False,0.000271,0
63d7324a-e2eb-40f3-91d5-7bd1df0e6631,T2,False,0.000299,0
be5295da-d407-46e2-8143-34da8259cfe3,T2,False,0.000299,0
bf67a9f0-24d1-439d-85d6-38fc5d7f16d6,T2,False,0.000271,0
29cddd5b-de2d-4e35-84d8-cd2b6ea75634,T2,False,0.000271,0
316a7928-ae5c-42be-a183-79074b4db322,T2,False,0.000271,0
428f9591-0d2b-4153-895c-59f367f1c531,T2,False,0.000271,0
940215d2-52a4-4653-b03d-4aefda49d789,T2,False,0.000271,0
f2b646d5-a1d6-48a2-b4c2-f3f1df54a377,T2,False,0.000271,0
6e917af8-fdd5-440b-a6cb-b1aa43872df5,T2,False,0.000271,0
0c839347-8a5e-441e-ae54-c9b0fc9eabe9,T2,False,0.000271,0
6ca844a8-5e70-4971-beab-c3e7158b4e48,T2,False,0.000271,0
7de5988d-b8e5-45de-aaf8-4d121154917e,T2,False,0.000271,0
e754a96f-ce74-4cbe-b843-00220f287283,T2,False,0.000271,0
7c0fe6a0-8635-42cf-8d02-3996640efc35,T2,False,0.000271,0
66046a3b-459a-4e2e-b872-332f487cd9d3,T2,False,0.000271,0
568d59e0-eba9-4fe1-9f94-8fb785f37ea0,T2,False,0.000271,0
89ad75d0-94b9-44a4-8394-d45a00842f15,T2,False,0.000271,0
99c576d0-a3b2-4406-bdb5-46a6b9b4d709,T2,False,0.000271,0
1facce72-08c6-46d1-ad63-5d253f8aa52f,T2,False,0.000271,0
57e4e315-b502-4b56-8b56-231d5cdca869,T2,False,0.000271,0
89bf448a-edaf-4984-9623-7f42d9bd856e,T2,False,0.000271,0
b21e4071-345b-4779-9415-acfffe51565d,T2,False,0.000271,0
33fec0ee-e83e-483e-81e7-49ba1cb4f48c,T2,False,0.000299,0
55c07c5e-e9d2-47f9-a04f-9a9d38945d57,T2,False,0.000271,0
8378e3f4-5ef2-4348-941b-d408d2754e62,T2,False,0.000271,0
003d2a3c-5670-44d2-bc16-edccf54b1db1,T2,False,0.000271,0
df388a11-9acf-484d-a49b-72bfc7b0c46f,T2,False,0.000271,0
b2d832cf-4f84-41a9-a213-e00370fb2874,T2,False,0.000271,0
c1968323-3510-46c8-be8d-d150cc9d44f0,T2,False,0.000299,0
4a00cb9d-ac4d-40de-811d-f0dcb32f1f78,T2,False,0.000271,0
bef1a79f-3fc4-4105-854f-2c0cd4ca056e,T2,False,0.000271,0
8d696a71-b3fa-482d-8c96-794d7c57c914,T2,False,0.000271,0
25cf1542-4e2e-4772-a2b7-1eace9d268b0,T2,False,0.000271,0
b39641ad-040f-4548-852e-d4469bd4018e,T2,False,0.000271,0
4b6e3eed-0391-458a-9993-8d61aa53a917,T2,False,0.000271,0
c7c2ec60-9df7-491c-8634-d0c9d7c5150a,T2,False,0.000271,0
644ef2dc-dfde-40d2-b6f8-61092071338e,T2,False,0.000271,0
d78fbc7b-7eea-4633-a909-5aeec059d152,T2,False,0.000271,0
73ca26f4-0f82-42d2-80c0-150d54a863f0,T2,False,0.000271,0
8626ca43-efef-40f3-bae8-b38a58c67c1e,T2,False,0.000271,0
0747f963-19e0-4208-8638-8620b162eafb,T2,False,0.000271,0
7f27fdf1-cb0c-4768-bb58-8cc889d1fe96,T2,False,0.000271,0
00798ea0-31cd-48b0-b0e3-ce7f44c864dc,T2,False,0.000271,0
32c9b615-c70e-4a30-a319-267588b45d27,T2,False,0.000271,0
a8273bb6-f99a-4396-a46e-ae4941bda4a8,T2,False,0.000271,0
74735db0-edd0-4638-a0f0-e7a32c48e006,T2,False,0.000271,0
4edf7628-29ef-4cc3-91e8-c861b32d2af4,T2,False,0.000271,0
a311028c-b09f-48aa-99e0-5607fadf98a6,T2,False,0.000271,0
599edf28-cce0-46c2-a9a7-ccea84375f74,T2,False,0.000271,0
e1a35ce2-ced2-489f-b542-cb910b527dee,T2,False,0.000271,0
1e8afc1b-1847-4580-ac67-6f21653d5a64,T2,False,0.000271,0
f8c2f64a-6389-4b1b-ab69-4da911fcd961,T2,False,0.000271,0
c02d6309-0667-49a7-b317-f2cda4a0fdaa,T2,False,0.000271,0
e89cb6e3-959c-40da-9015-733b47593525,T2,False,0.000271,0
479c7dc4-8c95-4731-8ec1-64eac5623bb6,T2,False,0.000271,0
30a98a8b-a648-4954-8a0a-1722b68f416c,T2,False,0.000302,0
4b2347d6-0538-490a-b525-de21c0b9b288,T2,False,0.000271,0
c8eedfe5-5204-47d6-b801-94604925492b,T2,False,0.000271,0
43fef631-189c-41bf-b466-e54a47ac3a87,T2,False,0.000271,0
147b82ea-0b4a-43fd-9561-f99761a1c2f9,T2,False,0.000271,0
b687f572-44c1-4539-9603-1b2690b36211,T2,False,0.000271,0
dae27ee3-1379-4eaf-8dfd-1b5313c5e131,T2,False,0.000271,0
2fb52dcf-6294-4d4d-9af6-b932bb865e27,T2,False,0.000271,0
f23b5a69-b971-4d93-af73-cfcd5fe45b46,T2,False,0.000299,0
61ac84ef-574f-4ff0-b709-f0e72755d3ef,T2,False,0.000271,0
2a68e25a-8152-4e52-8ecb-47c94e982634,T2,False,0.000271,0
477d7ebe-fc2f-4083-87b5-108daa174cf3,T2,False,0.000271,0
69dff498-554d-40f3-a6ac-0a6c22527696,T2,False,0.000271,0
2cfb0658-672d-45fe-a1d7-1528e8aa8832,T2,False,0.000271,0
5b5be4bc-aa9f-4c71-9449-e5e761b1797d,T2,False,0.000271,0
3c9d9d2c-fbe0-4c1e-bd1c-223145ce2b89,T2,False,0.000271,0
ed2282e1-1748-44a1-b430-7727f516ad86,T2,False,0.000271,0
cb68db47-1a4e-4494-b620-5b3f0b2d0b35,T2,False,0.000271,0
240fdedb-9542-47c8-ae5a-85925189a409,T2,False,0.000271,0
3892cc3b-d7c4-4760-a04c-cefdc0fa883f,T2,False,0.000271,0
fc4cdf4c-3bb8-45cc-85d3-eb1c9a1d9bf5,T2,False,0.000271,0
e210fcfa-afc8-4bd5-8933-f4549f407b8a,T2,False,0.000271,0
6500bd0e-2701-40b9-a8a0-1fd106b0db34,T2,False,0.000271,0
a44af828-e950-4ce7-b7bc-41ccdcdc2aad,T2,False,0.000271,0
b7a39121-0ad8-41a4-b188-0b949f8ea45e,T2,False,0.000271,0
058e9514-27a6-4b68-88f0-bf3d470c13e0,T2,False,0.000271,0
cae44236-3aea-4717-b904-23a1bf0d291a,T2,False,0.000271,0
ed86a27b-ad71-4698-bb00-cc91d9a138c9,T2,False,0.000271,0
feaffa4f-79a1-4a72-8464-d04d2a5bb730,T2,False,0.000271,0
c19845b5-8bbf-44df-bfb6-154b30b5d1f2,T2,False,0.000271,0
d0b1b685-11a9-49d4-9e8b-c68f7f9f4823,T2,False,0.000271,0
debad1d7-2766-41c6-9ff2-19de98e63425,T2,False,0.000271,0
157e6edc-5507-4653-881c-d6383a885580,T2,False,0.000271,0
91b0a83f-7e86-45cb-b835-72961475c715,T2,False,0.000271,0
4932a8d5-1221-4b51-ada3-7ab77130f9f9,T2,False,0.000271,0
5efd1625-b464-4473-b6a4-93a6e9201178,T2,False,0.000271,0
cb402434-f136-414a-91f8-80b04789dffd,T2,False,0.000271,0
6e6cd4b8-0ec8-4f36-b37a-15a526a0a7fa,T2,False,0.000271,0
e9a466e1-a47e-48ec-8a14-d24a510a2204,T2,False,0.000271,0
80ae64a3-8a40-4e8b-b381-c560b188c49f,T2,False,0.000271,0
24034321-c52f-4dfe-852b-21d7e6a82a80,T2,False,0.000271,0
955f5259-2b82-4f84-8b3f-b2c274f5f39a,T2,False,0.000271,0
02bdf85b-95e0-4c5a-8297-00125acf55ea,T2,False,0.000271,0
635c5da8-c180-4c77-9fa4-d369f517bbd7,T2,False,0.000271,0
29048313-dbaa-4fd1-b838-1d5a3645b20d,T2,False,0.000271,0
d59a77bb-6bbe-4f24-b086-0e528a274d54,T2,False,0.000271,0
26d6d90e-0f10-4d43-804f-e8d69d15e4b3,T2,False,0.000271,0
c632e6e7-f5ca-4637-9555-bb134c0639a2,T2,False,0.000271,0
9f3fd97b-5c73-4f29-91e6-88e6832a04b9,T2,False,0.000271,0
465b9b68-4861-43c2-8290-4302b9935f53,T2,False,0.000271,0
3ff181f8-7ee7-4f38-bbab-814a42bba5e2,T2,False,0.000271,0
86eb4db1-b0a6-4ed8-a788-141ad887929e,T2,False,0.000271,0
2400e120-4c4f-42dd-8871-53d184393650,T2,False,0.000271,0
24b7c468-7f4b-494b-aa3b-6d357cd97e11,T2,False,0.000271,0
a269da29-f357-4a90-9de8-71baf7058574,T2,False,0.000271,0
57eec8a9-1efd-4a8d-b483-f65e2b87037e,T2,False,0.000271,0
45960569-4a7f-4c54-9c4f-01a5479c3bc0,T2,False,0.000271,0
e5b7d7ce-e04b-4ca8-a5e7-680e659a56b7,T2,False,0.000271,0
978cb88e-f9a1-42c0-8830-a597e19eae86,T2,False,0.000271,0
9b3256d4-9168-4af0-a77a-664f14a8efd6,T2,False,0.000271,0
c8232293-e6bd-411d-bd50-b887bbfba924,T2,False,0.000302,0
98e55121-ffca-4f39-ac32-5abf2294f6fa,T2,False,0.000271,0
4daba37d-48ec-4ff1-945b-c6823c074834,T2,False,0.000271,0
dbc74142-b708-4a02-8e74-cbd93040deff,T2,False,0.000271,0
43b54c6f-ba8e-42e6-8447-f09174f02cb6,T2,False,0.000271,0
7af8ccdb-c4ad-4ff7-a3ba-dc42423615cd,T2,False,0.000271,0
71926144-08cd-4b92-a3e9-7eb0fdaf5d3f,T2,False,0.000271,0
21d79eb2-c9a0-45dd-b1e3-475dbe1c4277,T2,False,0.000271,0
ee94aab1-60df-489a-a50b-434e921290ae,T2,False,0.000271,0
626854f4-938b-4da0-b287-ce2f4ffa1bf4,T2,False,0.000299,0
09e45f41-b523-49e8-bafa-16f73beeda1a,T2,False,0.000271,0
6ccf492c-58fe-40e4-b78e-6f8dce122d57,T2,False,0.000271,0
889645b7-5e4c-410e-8ac8-a08c4919f1cf,T2,False,0.000271,0
40cd1f94-0c93-42bd-8e92-3e32f9a62753,T2,False,0.000271,0
8b3b111c-a16a-41b4-bce3-6a030172b347,T2,False,0.000271,0
f2cd9bd4-e08f-49db-b8bb-ce5e7827b721,T2,False,0.000271,0
04c441c9-2de4-4580-999c-bb4cad1b0142,T2,False,0.000271,0
2145eef8-b5a4-4a24-a6c1-5abbee169731,T2,False,0.000271,0
84009618-8ffe-4cbc-b561-4c3a0a5eb037,T2,False,0.000271,0
04bf844f-63c6-4011-8898-9f198f20d0ed,T2,False,0.000299,0
7b39f11f-9980-4c99-ad57-d18fb9ca8aa4,T2,False,0.000271,0
b16ff9fd-bf25-4886-bf38-117e544d037c,T2,False,0.000271,0
8d723ea0-8a3e-437b-8d20-6fde8081fd83,T2,False,0.000271,0
44d7ac3a-c862-41c1-8077-da5cc82d047d,T2,False,0.000271,0
1658919a-c023-4508-8c6c-e1e8bc2c1d7c,T2,False,0.000302,0
ae27a792-ce22-4871-a6a4-ac35ac33dbf8,T2,False,0.000271,0
aee9bea8-f4ce-4896-9a34-0a9d5fe36a38,T2,False,0.000271,0
3689c8b7-f642-46e1-a5db-28a61e4aab8f,T2,False,0.000271,0
7d4e7ae7-1dc6-460d-9e3e-b24a48aac257,T2,False,0.000271,0
6135ad6d-fce5-450a-aa84-0b7c3d512e18,T2,False,0.000271,0
4bc06893-474b-4d01-a448-9e26e76b1055,T2,False,0.000271,0
511b02b8-ea17-491a-92e3-4586932302c6,T2,False,0.000271,0
d9e52e0b-4ea0-4505-8870-a64ce896b712,T2,False,0.000271,0
9f250c95-fe4c-4dd3-8520-d29afd68ccaa,T2,False,0.000271,0
70bcc8a3-4810-4e8b-a99d-737edb535c94,T2,False,0.000271,0
b6b84c93-24e8-44c1-a510-5591d3f764af,T2,False,0.000271,0
f3daf6bb-9c53-4ec9-91e5-30575088ad4e,T2,False,0.000271,0
7dc6e5d3-d1bd-44ec-bfd6-7a7fda8853f7,T2,False,0.000331,0
d38b6f85-76b8-41c8-bb35-27dfcd5e879f,T2,False,0.000271,0
9ff7aaf8-db08-47ed-bf09-214346f75afe,T2,False,0.000271,0
e7a9cb61-83d2-470c-a3b7-d6bf9e4a40fe,T2,False,0.000271,0
f04b9a7b-5065-453e-9e31-911743e39d10,T2,False,0.000271,0
8d17366d-0121-4478-9790-ba45bd2e4548,T2,False,0.000271,0
17f86271-ac64-4528-94b3-707396c7dde0,T2,False,0.000271,0
8dccc4f0-23a6-4ad3-af35-741c7ae06f55,T2,False,0.000271,0
5a3ba8dc-f44f-40bb-9365-0a9281123e77,T2,False,0.000271,0
1c900179-6ea0-4e48-a4b2-c1d9c31bebe2,T2,False,0.000271,0
19deec7a-384f-4652-b469-f60d4db94afc,T2,False,0.000271,0
bd37b104-2fd9-4be5-9dd5-08bc98334a3c,T2,False,0.000271,0
62411f96-5508-4149-bf37-d46ae39ce94b,T2,False,0.000271,0
5153368a-0a92-4aa6-9425-2cfccc1eff4f,T2,False,0.000271,0
ddeea888-1622-4e0a-a328-2934f044ed82,T2,False,0.000271,0
d81991b3-b19c-4e85-83da-7a728383aaea,T2,False,0.000271,0
f89cecca-d2be-48ce-8590-2205628cd744,T2,False,0.000271,0
5949c262-fd98-4e65-a259-2e0ea30128a7,T2,False,0.000271,0
94a163d2-49b9-4e09-9fa0-dc5862cf0174,T2,False,0.000271,0
d8c8ed53-fcf2-4928-9a41-dd4154b198ff,T2,False,0.000271,0
7e81fb59-c712-4f07-9eb4-27f00c528c15,T2,False,0.000271,0
cb2130c0-0014-4702-b1fa-2de5d51d1187,T2,False,0.000271,0
a7b7f065-b9dd-448e-9ed0-418db37de3d1,T2,False,0.000271,0
1735b6e2-2058-4562-ab55-5660c19d3309,T2,False,0.000271,0
01d86d4a-fdb2-4716-980d-13b0cc6fc387,T2,False,0.000271,0
9d56502d-4cca-43fb-bff9-27a823d93412,T2,False,0.000271,0
c82b1e8b-f3f5-43a1-abfa-519f03638663,T2,False,0.000271,0
9f95fbcb-b067-4897-9060-379c6bcc9791,T2,False,0.000271,0
54e18c39-5ac1-435d-86af-07b0c7e4c10d,T2,False,0.000271,0
1e67bc70-9992-43f8-aeaf-0bc4c2d88268,T2,False,0.000271,0
3a56839e-a20a-4d51-8485-f03b73610959,T2,False,0.000271,0
667b94de-0fc7-4962-bd9f-0794b7625241,T2,False,0.000271,0
0d773103-9430-4225-a215-556566b0edc4,T2,False,0.000271,0
90eae21e-dcaa-4599-911e-458aa3bb45d2,T2,False,0.000271,0
2d6bc855-6c10-45b4-a8da-6a22392f6178,T2,False,0.000299,0
67599c6a-96b4-414e-9a2c-f20b8101f342,T2,False,0.000271,0
5e068638-549c-48c5-afb5-3a732782a6e9,T2,False,0.000271,0
af4e965e-a895-4d67-bc4d-319d5959587b,T2,False,0.000271,0
588117e3-48dc-41c9-85ae-e43b88091d7b,T2,False,0.000271,0
8453cce7-59be-45f9-92e9-6f5241bf262b,T2,False,0.000271,0
ba67caae-f222-405e-92c5-c118019b960b,T2,False,0.000271,0
543500bf-23fa-4318-9e6e-b01c1c839a9e,T2,False,0.000271,0
9ecd1eed-fe00-4f39-834c-44b7db4e65ea,T2,False,0.000271,0
27137506-8e02-4c51-89b6-1a600d2507e5,T2,False,0.000271,0
6c2bd948-9e21-4e1b-80c9-162d9586eb41,T2,False,0.000271,0
ca36ee60-ba8b-4a9a-a496-b69a0906a67a,T2,False,0.000271,0
4cc3de92-411a-43fb-bab2-a473579c0563,T2,False,0.000271,0
062c6b72-a73a-48a4-a1d0-b2606f7baf0f,T2,False,0.000271,0
1243488d-2b6f-4f5a-816d-50db8c476119,T2,False,0.000271,0
dddbbcd2-a619-4233-aa7d-bf76fbee3e93,T2,False,0.000271,0
c1429cf8-985f-44c5-a3ce-48a86e12ea00,T2,False,0.000271,0
91834c63-d17c-4c49-a5e8-8def2d1e608d,T2,False,0.000271,0
8412c03a-c4ee-4890-9cc6-140ce300cc38,T2,False,0.000271,0
72f964fe-f63a-4580-8cbd-b3736eed18be,T2,False,0.000271,0
262fe531-4330-40fc-afc3-9accd8a1b919,T2,False,0.000271,0
b2e9e236-2692-4f74-93d6-378e7912942c,T2,False,0.000271,0
22cf92a0-df59-4732-a6aa-55d3d35b8de4,T2,False,0.000271,0
f81e599c-93bc-4a74-8fa4-836eb68318be,T2,False,0.000271,0
c662d6d0-2377-4978-8763-8e9eeabf03c8,T2,False,0.000271,0
53958117-d41f-475a-8b9d-b2f009cb2dca,T2,False,0.000271,0
3ebcde14-dacc-4c00-89b1-78adfa14cf29,T2,False,0.000271,0
b97ee985-fe7d-457e-aa68-22e6d9cc07c4,T2,False,0.000271,0
db33b6ef-b027-420e-a55c-29bd8dbbadda,T2,False,0.000271,0
20004290-96a4-4d3d-bfd1-5c1261e51dcb,T2,False,0.000271,0
2d3c4c1f-8518-4476-99d9-a26170c78fdf,T2,False,0.000271,0
bb30cf0c-852d-4a50-83de-3206183df00e,T2,False,0.000271,0
9b92395b-8245-4d1d-8cb7-e6fe99660407,T2,False,0.000271,0
676d69af-2628-4a2c-a2ab-01f02185095f,T2,False,0.000271,0
bf3171bc-a692-4c04-823f-7098a99fe31a,T2,False,0.000271,0
a075e575-9f42-46ec-bcc5-7688f4b80ef0,T2,False,0.000271,0
5c29c7ac-8ce7-480a-9d17-995b6f3dc9cc,T2,False,0.000271,0
a5285e7c-5a12-4aef-80e1-59eda40f0c84,T2,False,0.000271,0
3c9085c1-8a0d-4126-b58b-fae614c38fc8,T2,False,0.000271,0
8dafc0f1-ea84-4dcb-9093-cfcaed1e0362,T2,True,0.999749,1
c6211280-c1b3-4db7-a8ba-8ebaf84109cf,T2,False,0.000302,0
ef5206a7-7e8c-4207-a64a-55742e7196a2,T2,False,0.000271,0
2d564999-3234-4811-9a0e-7adeb8107dbc,T2,False,0.000271,0
ea9b4639-5833-4540-863f-8f83233ded7c,T2,False,0.000271,0
1ae486dd-663f-4338-afe8-4e1f5ec0ab98,T2,False,0.000271,0
ab65effb-0f85-4e32-a4a1-121ed71a21d8,T2,False,0.000271,0
2c2dbf69-a853-4e04-a698-d056ca2c55bc,T2,False,0.000271,0
eea35d15-33ec-491f-bf5a-47b9031b4629,T2,False,0.000271,0
b40ee5d6-748d-4a45-aa7a-e482816032f4,T2,False,0.000271,0
58085994-be24-47a0-be21-62a909dd8afd,T2,False,0.000271,0
dde12447-39b5-441a-9387-97c5c0f10fa8,T2,False,0.000271,0
13cc13d3-baad-4e18-9bb9-7d7b1d34d046,T2,False,0.000271,0
8fc2d24e-54b8-4fbd-b457-428c4586a4c6,T2,False,0.000271,0
e623870b-7758-476a-af81-d40b37ea7830,T2,False,0.000271,0
4d19425a-d08b-4318-bad4-e6b49ec4897c,T2,False,0.000271,0
2b74f601-d7ec-4235-8cb1-89e5edb889f7,T2,False,0.000271,0
cb484d40-62e2-4795-b84f-0b436d27c5b1,T2,False,0.000271,0
26baf53d-fc27-4a08-ab03-1283930ff26e,T2,False,0.000271,0
84c251fb-f5ba-4a57-a8af-b93cb00cfd9b,T2,False,0.000271,0
0cac19ed-6b8a-4bfa-9afa-1a1af1f7a3fa,T2,False,0.000271,0
e0b6dbd5-7ba7-42ac-b249-a2625d16d5da,T2,False,0.000271,0
c8caac27-7f89-4d4b-a1e5-16c3218f74dc,T2,False,0.000271,0
596e2f44-ce99-401a-a669-9794deafc169,T2,False,0.000271,0
fd5ac99e-0c27-422a-a115-6d69f2748fd3,T2,False,0.000271,0
fd898342-a004-484d-87aa-1cce64eb7252,T2,False,0.000271,0
06d2a350-5e7b-4219-8e8f-50a43fc03a53,T2,False,0.000271,0
92918af0-be8b-4e47-8832-1e5f6ee56465,T2,False,0.000271,0
748dc61a-5974-4a94-bf37-ea5cfe03c39f,T2,False,0.000271,0
5d40b9a9-0b8d-4338-98c4-b9f4ec5f8d6f,T2,False,0.000271,0
2ab5dd49-7cc2-44dc-8647-25b94a5364f1,T2,False,0.000271,0
2d0f180b-61c6-4714-88db-b92dcc81bfc2,T2,False,0.000271,0
67dad8c3-ff9d-43d3-8e70-9f44332927dd,T2,False,0.000271,0
16b7e926-9640-4f59-9e0b-b757562980d9,T2,False,0.000271,0
68a6b9f3-759c-41e1-85e0-3177f55cce64,T2,False,0.000271,0
26c63c17-f333-44f3-9731-18c9ad811210,T2,False,0.000271,0
17380e72-8302-420e-9f0f-9928ac5dd65d,T2,False,0.000271,0
d15cb855-66a7-457f-b72e-8cc9f73e5b0a,T2,False,0.000271,0
9c0e1fca-8365-479c-968a-471625aa5b94,T2,False,0.000271,0
f953a46c-debe-4767-81ed-66bfe6c2c42a,T2,False,0.000271,0
049fa5ce-cfa1-443b-84bd-a04ca9f71042,T2,False,0.000271,0
eb2cd9ad-7075-417a-be1d-588abfc31d37,T2,False,0.000271,0
4cb71701-c208-4cca-a087-3f2384357dee,T2,False,0.000271,0
d38992c0-b23a-4209-b62b-db57ff4a0c6e,T2,False,0.000271,0
ef1ff63d-ae67-4b7d-8ac5-980b4a0bc71b,T2,False,0.000271,0
7b77a0d7-43ee-49ff-a92d-5ee915978f83,T2,False,0.000271,0
a784f3fc-1678-43df-add9-6a6c33a27e38,T2,False,0.000299,0
c040d47b-39ce-4d77-b70c-532a1ba43119,T2,False,0.000271,0
24a82b01-0243-4e36-b84b-57361626c915,T2,False,0.000271,0
08a19315-a5b8-4cad-bf47-e9ef2fb16dc6,T2,False,0.000271,0
323a081e-a8f2-49e9-a341-dc817bffe7e3,T2,False,0.000271,0
d4224872-0bce-4ee4-9fda-a616af29f7a3,T2,False,0.000271,0
e7d640cb-bb6f-4a8a-b27d-69ac61332ff9,T2,False,0.000271,0
28e3225b-2c05-428d-adb6-01e1e5c87278,T2,False,0.000302,0
ebbfba83-ab6d-4692-bc2d-17cb747974be,T2,False,0.000271,0
f1b54ef2-aaa4-4d45-9716-09be56fd8d0c,T2,False,0.000271,0
d88e7b9a-3d1f-4abd-b8a1-5463b55e9811,T2,False,0.000271,0
a3e667eb-cbe0-4706-bab6-546cba588202,T2,False,0.000271,0
01e9a4dc-07f8-4837-b125-8d4d56804c9a,T2,False,0.000271,0
e2dd1c6a-b564-4dd2-bb89-30f02d524718,T2,False,0.000271,0
c6a6eeea-0f93-40d2-9585-1b78f0c11358,T2,False,0.000271,0
76d25c9c-282f-44a1-bb3f-cde7c61ce8bb,T2,False,0.000271,0
1cb5774e-831b-4299-b05c-ad282c9ae536,T2,False,0.000271,0
82fb67af-7f00-415a-8a52-c9aca44cac21,T2,False,0.000271,0
e392cffe-300d-479e-a5e2-a568b6263b02,T2,False,0.000271,0
7a99f231-15a0-4a4a-84db-30d3823eda0c,T2,False,0.000271,0
c73d9f10-2f05-4ddd-aceb-95a71e87ab73,T2,False,0.000271,0
e4276638-e7bd-4040-99c2-677cfb17d7bf,T2,False,0.000271,0
178a857a-642c-47c9-84f3-0f4782b4aab7,T2,False,0.000271,0
2c16206e-7504-4238-8d13-741ca26f966a,T2,False,0.000302,0
97497f31-6636-45e3-a79e-9049388846d8,T2,False,0.000271,0
ede459ea-3ed6-44b2-9b7f-a9797cfe5098,T2,False,0.000271,0
779b4f18-cc45-4470-8ffa-e3133a91a6b7,T2,False,0.000271,0
02ccf162-ab21-4cb2-a887-c1e4be2d63e6,T2,False,0.000271,0
5bc22aff-5547-498d-a867-9437aecb2300,T2,False,0.000271,0
f4ae6c12-0445-4f63-9803-bc27112ff228,T2,False,0.000271,0
af3d0e72-14ce-4fde-b414-a97e9b224f0e,T2,False,0.000271,0
4a5536c5-9ae8-4bd9-a630-ea9b67a6336e,T2,False,0.000271,0
717b962f-1b6e-4cb4-9d31-797d902bdb21,T2,False,0.000271,0
eadd0861-b99b-44eb-bfb1-3f4535ba8310,T2,False,0.000271,0
834bbae9-0591-40ce-8e33-4f063234cf16,T2,False,0.000271,0
b8cc49df-1c7c-40e9-b4c1-49a19b394b3c,T2,False,0.000271,0
8ab103c2-22a4-4f07-b578-9ed48f37e00c,T2,False,0.000271,0
2332adcc-d6e2-431a-bb64-fa8c32c20fca,T2,False,0.000271,0
2e313b85-2a67-45b2-a7ad-3e947eb51a6a,T2,False,0.000271,0
91d4534d-209b-4bf8-84aa-668cb2d8a921,T2,False,0.000271,0
73702ed6-5a7e-4340-824d-caacab88b00c,T2,False,0.000271,0
ef87b4fb-3a69-4e63-be95-78d7bfac806e,T2,False,0.000271,0
7036d750-26ca-4c4d-b78c-e8ba2cd28872,T2,False,0.000271,0
a493a282-817d-4169-8717-e72388a1ac60,T2,False,0.000271,0
1bdabdd4-c122-45c0-8005-041d0c072b02,T2,False,0.000271,0
7d59fedd-5a5c-47dd-9879-df885ddbc520,T2,False,0.000271,0
d47e357d-d547-4570-940f-1c70020c3913,T2,False,0.000271,0
88310ef3-624a-421f-86a4-f6771cbcf527,T2,False,0.000271,0
441ecf04-0d72-42b4-8514-7aeb73e581be,T2,False,0.000271,0
d11f799b-7f29-4fbf-82d5-26099f86c45f,T2,False,0.000271,0
e9d8b9a6-29c6-4eed-8d69-1966f412aca4,T2,False,0.000271,0
d0ea865b-04ec-465c-a8fe-103eec17be64,T2,False,0.000271,0
0104563d-45e7-4912-ba7d-55804c1af5e9,T2,False,0.000271,0
7d9a35d4-6842-4ac1-8d34-0e7d383e98f3,T2,False,0.000271,0
768017d2-a904-4065-b410-aa73b655b818,T2,False,0.000271,0
c2deb1a8-3b7c-4927-994b-8f62a9070287,T2,False,0.000271,0
e2c1002e-f523-4339-8af7-ab3dd4dd019a,T2,False,0.000271,0
09cc86a9-e3b8-4d9d-8c29-502e0f1e2b5a,T2,False,0.000271,0
e42dec60-26be-4385-8464-14addcb4d12d,T2,False,0.000271,0
a8ffab49-2777-45d7-95bb-1a27939771a9,T2,False,0.000271,0
81aaf83c-dd33-44ff-80b3-a52915559734,T2,False,0.000271,0
94e6ccf2-d406-4010-9f59-7bca61123813,T2,False,0.000271,0
fb51597c-0c4a-4593-acf8-c4c3d53b595a,T2,False,0.000271,0
74fec518-5911-4a94-b34e-0d6e5f83fe15,T2,False,0.000271,0
5d25ff4b-f71e-4d7d-8bef-836b475390ae,T2,False,0.000271,0
4688531c-0ce7-4cd1-ada6-be730e048902,T2,False,0.000271,0
782bdeb7-8c23-49dc-bb6f-b5303c01d51f,T2,False,0.000271,0
fc1f4157-db96-4d2e-829b-e9e35f938f40,T2,False,0.000271,0
208ba228-47ed-4254-898c-b1b793ac5e63,T2,False,0.000299,0
38671bd1-2423-431d-a1a9-2fc148064725,T2,False,0.000271,0
6d2a2715-b99b-40e0-8bd3-af18ece3c195,T2,False,0.000271,0
6f9a1f1e-8604-42f3-bbd9-2413956c2689,T2,False,0.000271,0
77fe4de1-c4e6-40ba-b0b7-79dc83d5b8bf,T2,False,0.000271,0
1be87562-94f4-4e55-96b3-131a8122635e,T2,False,0.000271,0
b195f1b9-b14c-4f53-9ed2-788c5b57d753,T2,False,0.000271,0
4fef6083-e79e-4fe7-a81f-f924b51b54f9,T2,False,0.000271,0
39b26a96-8d4e-4cb3-a1b6-8ee1ef3b9266,T2,False,0.000271,0
22c1ed4b-3c4f-4b58-a0a1-fdaf343aee55,T2,False,0.000299,0
fb012154-509d-4884-88da-9ed1b27ab8ee,T2,False,0.000271,0
9ad4870d-fc65-4aa0-8ad8-c2d5a53369ac,T2,False,0.000271,0
296fe683-6d1e-4450-833f-8bfbde3312c7,T2,False,0.000271,0
48471175-ed1c-4fcd-8652-48b33a0c320c,T2,False,0.000302,0
1e65465d-35e5-4641-afdb-dfbf8de67603,T2,False,0.000271,0
9a333403-bd16-4dd1-8f2a-c279dba3a66f,T2,False,0.000271,0
104fe101-0a11-46f9-aebd-cd225912a189,T2,False,0.000271,0
55fc7af2-af86-428c-a6fc-5945a3df7805,T2,False,0.000271,0
cb284572-d050-4572-92b8-5d0d656a6a88,T2,False,0.000271,0
845c319b-bf09-4f3b-9f53-87dec33bee61,T2,False,0.000271,0
301c4982-ddbd-4ac6-a6e2-dfba1ed2bb22,T2,False,0.000271,0
c966eaa8-7679-46f5-b7fa-2af40794bd26,T2,False,0.000271,0
468363f0-736a-48ef-8138-c40f7e0a7ca0,T2,False,0.000271,0
c3c3397a-60cb-4aaf-b3e5-d79b2a30d3de,T2,False,0.000271,0
ba4ecd63-d728-425f-9b43-1c477bb47355,T2,False,0.000271,0
69904704-df2a-4d3b-bb68-9f37c657cf46,T2,False,0.000271,0
b83af3fb-c50d-475b-b930-3cb68645bea6,T2,False,0.000271,0
fb858c98-9523-4a77-9c10-6aac475a2c99,T2,False,0.000271,0
17910cbc-415b-41c9-8cff-bf2a04fb9514,T2,False,0.000271,0
91eb1175-efe2-45f3-9b32-cd3b81171410,T2,False,0.000271,0
a02016c6-8342-48a1-b307-a18d2747f7fd,T2,False,0.000271,0
16c17ff6-9f49-4bbd-a309-859ca66627b1,T2,False,0.000271,0
82118612-daa7-412d-b90a-85b3d7595189,T2,False,0.000271,0
c1c9afbc-60b8-4a4e-8b18-f62b4c646674,T2,False,0.000271,0
6c107ed2-9575-4d90-91cd-cdc5ecbf21c8,T2,False,0.000271,0
d7124b14-070a-4b1d-9fff-7d1fe2ceb755,T2,False,0.000271,0
27cf84c9-416e-4eb2-8d63-327a4e8727fe,T2,False,0.000271,0
1d09f905-5f54-49ad-adf4-e093c01a30c8,T2,False,0.000271,0
2e14eb61-342b-455e-b226-286bb60f0944,T2,False,0.000271,0
660e255d-06d2-4b00-af0e-9bfef857d622,T2,False,0.000271,0
b3718ef6-31dc-4723-9f53-8207f8f71887,T2,False,0.000271,0
4ec6c502-7121-4b03-b79f-881acc873a4e,T2,False,0.000299,0
5328aa3c-eb77-425e-84a7-8ca80d652aa5,T2,False,0.000271,0
83fbee47-fd75-4a61-bd3f-3c41c52445d9,T2,False,0.000271,0
186871ce-d753-4d2d-8eb7-0b97aaf90c0a,T2,False,0.000271,0
dcc68057-ecca-4900-8330-603038117800,T2,False,0.000271,0
b7982be6-57a9-4193-8973-2e7163a68fe6,T2,False,0.000271,0
c9122ccb-0cc2-4f7e-9c80-0bae9e46a573,T2,False,0.000271,0
374269e4-5782-4147-9614-79a3cd0ad267,T2,False,0.000271,0
a1a5d8dd-37e7-4530-8ba6-5b76d8e45736,T2,False,0.000271,0
26e094fb-ae93-4588-8e45-4f0d7bb0421a,T2,False,0.000271,0
31a9dcc3-b7a8-4180-abc2-4c92297c19da,T2,False,0.000271,0
516e500b-90ce-426c-aaad-c040c753c27c,T2,False,0.000271,0
e3d6647a-ae26-44a3-9d88-64de6a4b6bb8,T2,False,0.000271,0
b5381054-088a-4a7e-ba0f-844427ccb42b,T2,False,0.000271,0
af48f06a-13be-4f9b-b9a5-ef50f504238d,T2,True,0.999749,1
63723066-ec3b-4d39-8bbd-826dd6074664,T2,False,0.000271,0
15f0a1db-4b92-4f16-8be2-6573cec52e76,T2,False,0.000299,0
798c8cae-5961-462c-8e0a-08596f2fffd3,T2,False,0.000271,0
891b7fb7-b27c-49da-93fe-c189b7b03b1b,T2,False,0.000271,0
d369a037-a4de-4c61-a61c-db7702c58261,T2,False,0.000302,0
581ac8f0-b2b1-4f93-a224-6f11c74c8995,T2,False,0.000299,0
e54a1621-1004-4b34-a0f7-5215234ba8a4,T2,False,0.000271,0
15351721-9c1a-41e1-b5b4-f4ffea5501c8,T2,False,0.000271,0
99523ed7-c007-461a-bf99-4f97597fe779,T2,False,0.000271,0
28e6b567-04cf-4620-93b5-f51a360c5da1,T2,False,0.000271,0
ff90454d-e56b-4904-88d9-6cab1a4de31b,T2,False,0.000271,0
8fa03930-f9f1-48e4-8704-a514985ea20f,T2,False,0.000271,0
6f5156be-9ffd-446b-bec6-8377591728c7,T2,False,0.000271,0
634a754c-ee93-435b-8489-9e40f578b18a,T2,False,0.000271,0
8f79c0d6-7d96-4044-b93b-8f0ebb55c890,T2,False,0.000271,0
0f99e412-e533-4b22-9ba1-5e1e0088deb8,T2,False,0.000271,0
d2cf9e3f-6a24-4f62-a145-625e0767b056,T2,False,0.000271,0
d1ab8318-f70f-4206-867d-951380e7ed97,T2,False,0.000271,0
fcd34d3e-f16e-435e-b021-edd6ff0916d6,T2,False,0.000271,0
fd43dc2a-e1b8-47eb-a0f8-1148d9b6bad9,T2,False,0.000271,0
72d47217-690a-461a-9b94-e93c54d7c42d,T2,False,0.000271,0
72f27a00-1a21-49f2-b763-e4e4a6eaea97,T2,False,0.000271,0
d20e8357-4d0f-4b5c-a6a4-6afb31a948a3,T2,False,0.000271,0
e92a14c8-cf4c-4824-a2b9-2e7965772172,T2,False,0.000271,0
6f8ea7dc-bfb8-4ad7-a268-e161f9bd717e,T2,False,0.000271,0
f5d7d691-0299-4185-8dc4-9f118c395037,T2,False,0.000271,0
7bee1913-dea4-400e-ba78-6664d6121f94,T2,False,0.000271,0
d3e3c6aa-2139-4b30-a1c1-f77fc2758448,T2,False,0.000271,0
cbf4cb02-fe4a-4cc6-8530-16e9db585980,T2,False,0.000271,0
660af054-339f-4157-8f38-c5ca14923e78,T2,False,0.000271,0
d214a9bb-6a6d-45d9-b52e-39edf6aa622e,T2,False,0.000271,0
8ca68194-2a46-44d9-9525-eec04b4d0c2f,T2,False,0.000271,0
385d3e34-8178-4522-b822-8482cd42c911,T2,False,0.000271,0
c658ddc1-d179-42ec-8dc1-6864d92d3556,T2,False,0.000271,0
2601f793-d80c-492d-bdb2-76496ab47f74,T2,False,0.000271,0
f5555f44-58f4-4918-94d6-c4ab5a683257,T2,False,0.000271,0
57c51b57-9635-4ef6-9fc4-d0149c82a057,T2,False,0.000271,0
dbd1ecf0-c486-40f8-828d-328c4c99b8c2,T2,False,0.000271,0
a4d64f03-b6f2-40e9-98fe-9a83275e62d9,T2,False,0.000299,0
29c6daca-4277-44d1-8436-15bf7533c9fb,T2,False,0.000271,0
acb4cf92-3004-4f62-939c-0e9c7e7515d5,T2,False,0.000271,0
6a1f9178-41f0-46dc-b384-1286a8b0d867,T2,False,0.000271,0
98d45e80-4f8e-47d0-8710-cb66e331c126,T2,False,0.000271,0
01af2644-28d7-465d-9870-7397bd8edbf7,T2,False,0.000271,0
c636f420-3a14-457c-b94a-6bf23234c372,T2,False,0.000271,0
55636eaa-6f11-4bfe-9d63-ae3922724590,T2,False,0.000271,0
02b1c4ba-05da-40a8-aa5a-1d0d8374bc40,T2,False,0.000271,0
187215c8-05d9-438f-85a1-c2e619d21628,T2,False,0.000271,0
db9ca0cc-f8d8-4d50-a30a-3901fb8b1b95,T2,False,0.000271,0
77b559a1-9e36-4608-b5e7-04180ffb8a2f,T2,False,0.000271,0
793a2131-d862-4306-ba42-edc6c309aa6d,T2,False,0.000271,0
dc026133-f058-4a16-829d-e940549414b6,T2,False,0.000271,0
4f965e44-002a-4f22-843a-9e40658ad48c,T2,False,0.000271,0
7ef10488-c696-4f08-8975-dd029595ac92,T2,False,0.000271,0
e0f8a0e3-3280-4e42-be7f-ac019eb9e3fc,T2,False,0.000271,0
3b5dc506-85f3-4389-b220-fb7fa2b2d80c,T2,False,0.000271,0
e36a8808-9240-43e7-80ed-f47633cfc5b4,T2,False,0.000271,0
051b0c79-e45c-4388-becd-03d3a2a320e3,T2,False,0.000271,0
4e2e49c2-ca33-4491-a754-c809b514ce85,T2,False,0.000271,0
f57a90a5-bdc4-4f4e-852b-baed34624dc0,T2,False,0.000271,0
b64d9cc1-f662-4a3a-b659-0f9074df10c9,T2,False,0.000271,0
f1c4e80b-6345-4615-852d-d2b7d81235b1,T2,False,0.000302,0
b43e1303-eebd-466d-8d50-075268449a86,T2,False,0.000271,0
63485068-b05f-4e4f-a3f5-68f27f30da8d,T2,False,0.000271,0
68890671-06e1-4eab-8802-085a87f7a6bc,T2,False,0.000271,0
723e65cb-3c6e-4bbb-9b51-06d6ca2425d7,T2,False,0.000271,0
68756a0a-fd03-43d0-b9e1-216bc081fa12,T2,False,0.000271,0
a66684b0-0a7f-4d75-a548-683c117d4537,T2,False,0.000271,0
bc8f6d97-dd98-49d8-993e-f5dc8aeb3808,T2,False,0.000271,0
7a0a5a97-e81d-4ca2-a1ea-80718d114788,T2,False,0.000271,0
91b13457-cf6b-45f7-ba0c-0b2f1a6ed4eb,T2,False,0.000271,0
005b5043-cc7a-46d6-a820-3d55d8606054,T2,False,0.000271,0
5b931c1d-e788-4745-8512-d388a284dd12,T2,False,0.000271,0
142454c9-adcc-4bc3-bff9-8dade48a6fe5,T2,False,0.000271,0
efbcda1e-39bb-4302-ad0e-25bfeb7433d7,T2,False,0.000271,0
0b69471c-5ec6-4322-8937-0cd6d790999e,T2,False,0.000271,0
10df5b18-0910-41be-bcd0-845390c24e94,T2,False,0.000271,0
2d95374e-12b4-4626-a308-9e172652fb12,T2,False,0.000271,0
91d472c3-8fcf-48b1-b8b8-c2c19f1e0b1c,T2,False,0.000271,0
234cb4bb-3483-42bd-ba6d-654803488605,T2,False,0.000302,0
58e77254-1993-4369-b2f8-d4cd3f2a97e1,T2,False,0.000271,0
f7562b7a-c975-4bd6-bdea-a56a968ae1ff,T2,False,0.000271,0
19d55906-b11e-46dc-ae78-236e678b1b93,T2,False,0.000271,0
5b063ea0-18ef-49b0-863c-a5bbe82b0363,T2,False,0.000271,0
5480a1cb-71e6-4671-9f18-4ca556a32704,T2,False,0.000271,0
976ff235-5585-4809-984d-1f0e39e54f07,T2,True,0.999749,1
4d0ef70b-2782-456d-a9e4-6f2c685dbc74,T2,False,0.000302,0
4e9fde86-e192-4a0a-a0b2-747182575e21,T2,False,0.000271,0
6beb9306-fcf3-4484-99f3-5ed4e1aa22cf,T2,False,0.000271,0
94f64e2c-9adc-453c-a5af-bd0aca9ac9db,T2,False,0.000271,0
fe7406aa-a9c1-4330-8167-d657f2925bad,T2,False,0.000271,0
86381ee9-3a09-44fa-8c48-c5d021039849,T2,False,0.000271,0
43e232ee-fd48-464b-bc15-2c4a15b62fbc,T2,False,0.000271,0
c6018119-f441-448a-a658-016f96a98e35,T2,False,0.000271,0
dcb121d7-1d6e-41de-8714-d0903ba86b6a,T2,False,0.000271,0
2a4e04ed-9f29-40a0-839a-69efa3b894d1,T2,False,0.000271,0
554e335a-d2f8-45ed-85d6-675169ae9159,T2,False,0.000271,0
adbcea04-afae-4c85-8f63-6ccd3eafb550,T2,False,0.000271,0
e383ffcb-b4ae-4b87-9258-946bc4bc801e,T2,False,0.000271,0
0151f368-7cb4-42b8-a27e-375813502541,T2,False,0.000271,0
2a634eec-47ae-42b8-95e3-1b2641862fdd,T2,False,0.000271,0
3675a7f8-6a92-4fc1-80a7-ba326e596b01,T2,False,0.000271,0
45c70cb1-6379-4b00-a2c6-37e0759324d8,T2,False,0.000271,0
e9fc5cf3-31c3-4852-b8d7-3146657b9471,T2,False,0.000271,0
fccbf6ea-565e-4c15-a80a-4c2132b09a1c,T2,False,0.000271,0
c20720bb-6863-459f-9188-e5ace6d2f117,T2,False,0.000271,0
9d4248b1-9fb8-4be0-8072-f5728466e318,T2,False,0.000271,0
9b9aa095-937c-441a-9117-5715734784f7,T2,False,0.000271,0
5d1cd674-cb5f-4120-910e-4001349b6ebe,T2,False,0.000271,0
6224ecf1-ee41-4720-826c-89798f1ad5aa,T2,False,0.000271,0
ff235f56-1af2-4e1f-a828-6b83a0112dca,T2,False,0.000271,0
71d3107b-ff29-4b6a-a299-c9fba1cace22,T2,False,0.000271,0
05444546-ec1a-44cd-92e2-0abaf3f4a53c,T2,False,0.000271,0
b5d7a216-a660-4ed0-a424-2aace605926a,T2,False,0.000271,0
a3e3edbd-37c5-4278-b8ab-e3222dbc10e6,T2,False,0.000302,0
0c9032f1-ca82-4582-bf09-c1b79f89daaa,T2,False,0.000271,0
26cb7ed4-d233-4668-ab3b-6e7cd7b7b56d,T2,False,0.000271,0
29c03b96-ebd8-4354-bb44-0f43096bd049,T2,False,0.000302,0
034d30e0-0d85-4ec3-9b22-adc334d9723c,T2,False,0.000271,0
d9758d17-e102-4127-8d37-566e41cae3cd,T2,False,0.000271,0
c02ea08b-be3b-4adb-9834-52d17e3321bd,T2,False,0.000271,0
8c119f35-5b90-4e5a-bec1-437723ca00eb,T2,False,0.000271,0
ac911c71-6d0f-4ce1-aa5d-c387641c289e,T2,False,0.000271,0
5aeba06c-6393-481a-a553-49a6641f8520,T2,False,0.000271,0
08bcc4eb-a43c-4257-8593-bfe5c9155dbf,T2,False,0.000271,0
1b8357b8-1635-4d82-86ab-009a97774686,T2,False,0.000271,0
c74e3735-44e0-49df-bbe8-20114c3b1c4b,T2,False,0.000271,0
98bca8bd-a3d2-421c-9778-636a01295e51,T2,False,0.000271,0
1e55e985-78c6-48fb-b4f2-b1dbe78f4a41,T2,False,0.000271,0
677164c6-f4a5-4222-97fa-1ac26caaf241,T2,False,0.000271,0
72402b05-6fae-4061-b2b3-95029fd5befd,T2,False,0.000271,0
a3f1cea9-7090-45cd-940f-2f9fbcce2696,T2,False,0.000271,0
e8c8e6e7-8dfc-4c92-8215-6d9a4c50a4dc,T2,False,0.000302,0
2faf0b66-1f5d-4b2a-b564-54af1464d3df,T2,False,0.000271,0
6186a593-6472-4d7c-97da-4a1b05775d46,T2,False,0.000271,0
d90ea9db-2fb5-422d-84be-91a5d1adc2d2,T2,False,0.000271,0
63b973ec-2684-4ee0-a185-647246b2775f,T2,False,0.000271,0
1db98576-d762-4ace-a3fd-969609e0ef6f,T2,False,0.000271,0
64243c9f-3ed4-4749-bc71-ab1c598f5c26,T2,False,0.000271,0
9e2b1f7f-ad98-4142-a930-92bc2547a837,T2,False,0.000271,0
3e4a0351-f57e-4775-8981-1196b2a12528,T2,False,0.000271,0
3a31b2ad-e108-4437-ae90-46c7724a8422,T2,False,0.000271,0
23a18297-894c-4386-aeab-3c30d2fe65a1,T2,False,0.000271,0
c60c3e0d-482b-467a-adf5-2e58922250f3,T2,False,0.000271,0
25078241-4551-41a9-bd19-f4423e0ed296,T2,False,0.000271,0
5f2c5eab-1d96-4f8b-9866-b064d620b2f3,T2,False,0.000271,0
683d217a-beb1-40ac-a0b4-91f64d3a0cc7,T2,False,0.000271,0
d4d6d365-e077-46ca-a438-cdf3ad11111f,T2,False,0.000271,0
0d4346c8-d33e-4438-b45d-96297e4575c3,T2,False,0.000271,0
ea0e5e3f-9d15-4a7d-a5ac-c864755ec48a,T2,False,0.000271,0
4c4d43e1-bbb7-4b35-9314-2d54cdb667aa,T2,False,0.000271,0
c5eeaa54-3e94-453f-9325-0506ec377957,T2,False,0.000271,0
2a8c0712-a65c-42fa-b9fa-bb6c36ad6ce5,T2,False,0.000271,0
8da73406-a4dc-4895-b6a6-4809c3bb58c6,T2,False,0.000271,0
98ed6174-1976-4468-adc4-ab44aa026da4,T2,False,0.000302,0
aabf3b6b-3ea5-4ce5-b011-225f4319ef13,T2,False,0.000271,0
91bae665-70b3-4c59-b51a-749d74801e9f,T2,False,0.000271,0
c928c56b-982e-4616-8979-30933c367f02,T2,False,0.000271,0
8c1f6e1a-2adb-48a0-8e9d-830ad6b8995e,T2,False,0.000271,0
75bdcfdd-537b-4e68-b2b2-74728a8dee2c,T2,False,0.000271,0
968ba695-3417-4b5b-8935-2d233049edb6,T2,False,0.000271,0
b314c166-cdb2-4350-b627-bff61bf8c202,T2,False,0.000271,0
6eb5ef65-dd57-4334-a1e1-f0f126a43933,T2,False,0.000271,0
f2f121d7-368c-4f4d-a6df-8b950fc1f59d,T2,False,0.000271,0
4495ac99-bff4-48e0-b021-6532a67130a8,T2,False,0.000302,0
d7609117-8301-452a-a3b8-79f612c72567,T2,False,0.000271,0
ea1d8868-ed90-4081-a951-f036ca28dffb,T2,False,0.000271,0
8de21a9b-502f-440f-8bf2-ff7a06cb6b6a,T2,False,0.000271,0
973c1a6f-4224-4d27-a85e-a72e0d74703b,T2,False,0.000271,0
7bc33894-1644-4c94-8147-0f93e27c42a0,T2,False,0.000271,0
5e6e1777-73ca-468d-8a0c-8cc2431f65ec,T2,False,0.000271,0
21e7ca93-d51b-4fab-9c63-a642ecb1bb4a,T2,False,0.000271,0
0875a3d7-a21d-4e99-9b7d-ccb55b29a198,T2,False,0.000271,0
9e9539c5-ff3f-4de9-b496-5c60f5334ff2,T2,False,0.000271,0
2458050e-8988-4e26-a13a-2194873bd7fe,T2,False,0.000271,0
bf8da9f2-1254-4165-b884-0a1260857799,T2,False,0.000271,0
26f57549-fb3f-4191-849a-95c28c01a635,T2,False,0.000271,0
00484806-b0c8-479c-b9bb-e56658b346a9,T2,False,0.000271,0
1b3b8c7f-3295-4e62-b47d-9cd726907be8,T2,False,0.000271,0
f835ca12-9376-4ede-b97f-362d8a064eab,T2,False,0.000299,0
3c773092-a873-4dbc-b3a7-fbf7c3240e0f,T2,False,0.000271,0
0472eab1-6bd4-45c0-bf88-7f1821c4e3c1,T2,False,0.000271,0
6356597b-bc79-48ef-85f0-ad95de353617,T2,False,0.000302,0
646a96dd-a1be-4602-bb94-40860e0f60fd,T2,False,0.000271,0
9d2c569a-ff8c-4d96-a321-4f5933ed67c1,T2,False,0.000271,0
39b29911-3d5d-4654-93f1-512911a7f915,T2,False,0.000271,0
aacd5bab-36b9-44be-8382-2aff1085a5b5,T2,False,0.000271,0
ba742263-65c3-4057-964f-c3b0d92bd9b4,T2,False,0.000271,0
ce13e068-016a-40eb-a623-8a750f99b98d,T2,False,0.000271,0
21f19424-b96c-4eff-b73c-e445d58cdba8,T2,False,0.000271,0
28f6cca2-b8b9-4b4c-bfa4-60de55f12e0f,T2,False,0.000271,0
34637514-e280-46b9-b0d1-ef03aaf15d67,T2,False,0.000271,0
b9c510ea-43af-4a39-89a9-6fc3362a0873,T2,False,0.000271,0
80c453fe-0007-49bc-9bc8-9f0bc53a73c6,T2,False,0.000299,0
b95dec98-67d3-4a46-88d5-1e24ded28dcb,T2,False,0.000271,0
0c389e2a-18cc-4fa6-a887-07bd2778ef51,T2,False,0.000271,0
1e4c9ca4-1c76-465a-9c0d-df7a56b0db2a,T2,False,0.000271,0
f3972828-e09e-4e25-9938-fbb1ebe62bee,T2,False,0.000271,0
fa7be06f-59c4-44bc-8863-ea80e8370056,T2,False,0.000271,0
2687aa1c-be59-4f66-a66b-68af8906d917,T2,False,0.000271,0
e1028a5a-5504-499d-8856-89e4cdbac998,T2,False,0.000271,0
bf7a3cca-684a-4df0-af13-632c975ac9e2,T2,False,0.000271,0
535752f8-350e-43cf-9ae3-fc28523cb0c9,T2,False,0.000299,0
027b859b-6c82-4fcb-ade3-d2e98721f833,T2,False,0.000271,0
1e25ab22-9c70-4118-b8ad-910cf2173d3e,T2,False,0.000271,0
b2adb2c0-2e8b-47a9-b52c-b725a32064ae,T2,False,0.000299,0
1920fb4b-d56d-4ed8-81db-5407a8489a79,T2,False,0.000271,0
6166648f-20d9-4b73-9f49-c96050ada393,T2,False,0.000271,0
9493c4aa-d368-47c4-acfa-9671b615cdae,T2,False,0.000271,0
6bb5c8fa-e47f-4f08-bb8e-b24b31c26dae,T2,False,0.000271,0
0ff3c9d5-8d43-4b13-9f8c-b6b1f682ecd0,T2,False,0.000271,0
30d3c7ed-24d7-4567-b5e9-16d9173c1054,T2,False,0.000271,0
eaac9136-ab03-4e58-a854-41e69e2d2274,T2,False,0.000271,0
0bb649d7-22cd-47ca-9013-f739111ef183,T2,False,0.000271,0
fa34a1e9-ca91-46b1-9ec1-de36c5d103e9,T2,False,0.000271,0
88c23c31-dd9f-4f05-a204-ff9024b0940f,T2,False,0.000302,0
461a7b68-6964-4412-b4bc-8e993d549dac,T2,False,0.000271,0
54f35f29-11a1-45e3-8a50-54071feca0ce,T2,False,0.000271,0
53cae4ef-33d8-44f9-97e0-94ef9ecff3df,T2,False,0.000299,0
b20e51ec-e55c-44fa-80e4-e0de894ea4c8,T2,False,0.000271,0
8c4f790f-9ce5-41d2-bcbc-1d9a16157ff0,T2,False,0.000271,0
451c2ce4-0cad-41a3-9c9c-2948561987b4,T2,False,0.000271,0
1fb04b84-7546-4b39-99bb-fb31980daae5,T2,False,0.000271,0
eb6d7762-3fd0-45cc-847d-c979023bcbbd,T2,False,0.000271,0
6bfa8a40-53c6-48c9-857b-c7c8dc125b6b,T2,False,0.000271,0
5a652cfc-af80-4d31-a847-b9ef7f82da7a,T2,False,0.000271,0
b9146cba-ffab-454e-8e72-8825afebe8f0,T2,False,0.000271,0
d0dbc20d-30f7-47bf-96fd-68e62310981c,T2,False,0.000271,0
21c22de5-506b-4f8b-b198-ed168490447a,T2,False,0.000271,0
0d9b81a0-9891-4fbd-aa7a-cd0c659d691b,T2,False,0.000271,0
71452874-46a8-4fb5-9ac1-1edf0acce9db,T2,False,0.000271,0
9139d59f-7612-4553-92f3-180a860748e0,T2,False,0.000271,0
f4ea7176-c858-43e5-a97c-b2cb252135b5,T2,False,0.000271,0
94fba5dd-a12d-4743-be7e-97ed75d6617f,T2,False,0.000271,0
1889fd05-c353-446c-9838-eb2b1d08ff75,T2,False,0.000271,0
22460400-8da9-4fb4-90a0-b360582e5af2,T2,False,0.000271,0
b52eca13-6888-4693-b4dc-8aa3dac550c4,T2,False,0.000271,0
83c2106e-59ad-40d8-9341-ecbefc6445ce,T2,False,0.000271,0
d65504bf-8c1a-41e6-8eb6-940671128b4a,T2,False,0.000271,0
2163866c-3006-47eb-9c35-bcb822dc35d3,T2,False,0.000271,0
e0f2a5e2-8c67-436d-ba24-92c0df060ab1,T2,False,0.000271,0
6ed9ba30-a5f8-466b-8ce0-2f97397dc7ac,T2,False,0.000271,0
1674f418-a7f0-400a-af4c-24081700a831,T2,False,0.000271,0
05224080-28c2-4975-ab74-a7782acb3bee,T2,False,0.000271,0
e8050d12-2b79-42e5-85df-739dd7d9f94a,T2,False,0.000271,0
d24bbe33-fc31-4f10-97c2-95e4cee99424,T2,False,0.000271,0
1e9ed916-3d45-4b5c-a78d-545175834335,T2,False,0.000271,0
e1875032-6741-4056-a763-ec18ca5810fe,T2,False,0.000271,0
16c561fd-9ef6-4566-a7a1-7dabbcafa45d,T2,False,0.000271,0
7bdb1214-0875-4666-89a0-f107daff7e38,T2,False,0.000299,0
f066b4e5-de64-4d62-85af-5006415bb246,T2,False,0.000271,0
cb322e86-0fc5-4543-9f4f-8bdc33424b38,T2,False,0.000271,0
759899ce-531d-49cd-80cc-b2364687e1f0,T2,False,0.000271,0
9453db6e-47eb-4e48-a47a-f11d4466646c,T2,False,0.000271,0
253a7411-17d5-4325-808b-29cfc77f46a3,T2,False,0.000271,0
401d16a8-7636-4e07-a41b-d6e35410356d,T2,False,0.000271,0
37395ff1-0606-42a4-ae42-973d3f60a1cf,T2,False,0.000271,0
1086efe8-d4a7-48ca-8ab2-3c03ac5c6f5f,T2,False,0.000271,0
11fb547a-c58c-4fae-944d-8657f510d49f,T2,False,0.000271,0
9c861aaf-5c9a-4162-935f-54ef653b63dc,T2,False,0.000271,0
02f26e28-73c5-4fe6-9b2e-e58ab06cacb6,T2,False,0.000271,0
a2137724-98b4-40f4-a4f5-77b66cb8bdcd,T2,False,0.000271,0
39223c67-e463-4b76-a09a-0753745c03b4,T2,False,0.000271,0
ebfbeaa7-32e2-480b-a886-133d8996ca25,T2,False,0.000271,0
51135815-ac52-4208-a6b5-002b3b67c7a8,T2,False,0.000302,0
42722265-e950-41bd-9b6c-268d7bfda9b4,T2,False,0.000271,0
861f70c6-7e7e-45e0-ad7b-fec64e6c53a1,T2,False,0.000271,0
b41f91f5-7442-4cec-9645-b74ade7a0ec8,T2,False,0.000271,0
f2a1eb97-da56-42db-a0f3-f6c601c979e3,T2,False,0.000271,0
ba2ab138-98b9-4cbb-94bc-a1ef598ebd85,T2,False,0.000271,0
57341e50-433c-40a8-b841-44e811f1cd6e,T2,False,0.000271,0
eb9a691d-f0b9-497c-83a8-4cc066dd505e,T2,False,0.000271,0
766ac015-acd5-4b32-bae3-166894ca815d,T2,False,0.000271,0
c3e9a66c-dbef-4ea1-9209-3cc5a983ff2d,T2,False,0.000302,0
5ae7521a-aec4-4346-9140-6c4632ac519f,T2,False,0.000271,0
50e03693-2e75-4ab0-8032-40b305c0cb36,T2,False,0.000271,0
00fa1670-6e59-4af2-b242-2f05628fcbfb,T2,False,0.000271,0
34ab5ad7-c96c-492d-b125-8954c1540868,T2,False,0.000271,0
3fd1c767-6402-488f-877c-95fdf918accf,T2,False,0.000271,0
c036bb31-7ce3-4e1b-9ae1-8dedbad47ac7,T2,False,0.000271,0
a0550c6a-62a9-4231-b211-ba0e66b4a4f9,T2,False,0.000271,0
f5718cd8-6881-4f5e-b4cc-905bc4afac1a,T2,False,0.000271,0
956b6dbd-4376-4b3d-9d77-8df442a0d68b,T2,False,0.000271,0
ea720bb3-8555-4b9c-aa94-968be99c1397,T2,False,0.000302,0
3d8dceed-807d-4db3-a195-63c753b0123f,T2,False,0.000271,0
46f689d8-179c-456d-89cf-e824434c8ad6,T2,False,0.000271,0
01de7f3f-7752-4af5-8d02-449508f05490,T2,False,0.000271,0
12737902-1426-487f-80f0-9bf716c1671a,T2,False,0.000271,0
64d854b1-a7a4-41d0-85a5-9ae34c8718af,T2,False,0.000271,0
19930f96-cf44-4156-96b4-00575ab2cf6b,T2,False,0.000271,0
6b78b058-0076-4c8d-b202-c70b71e48e59,T2,False,0.000271,0
22be3171-4577-4f30-9d02-160bf30133e6,T2,False,0.000271,0
02553872-fa02-4f03-85f3-af8f46a80e87,T2,False,0.000271,0
1f843739-9314-4999-bf0a-ec8f1e8af1fe,T2,False,0.000271,0
bea2beb0-41da-4672-a930-e7319b3a0a10,T2,False,0.000271,0
49aa38ca-54d7-4fcb-87c2-be3804bb283e,T2,False,0.000271,0
96af7f76-2e9c-49e1-aa52-fb78649d7539,T2,False,0.000271,0
d59b8712-04cb-4d86-b5b5-b57159baed4e,T2,False,0.000271,0
d3719f27-3a65-4061-894d-b961f9794a1a,T2,False,0.000271,0
b85ef7f8-596f-4ff7-b5c7-203002c83ffd,T2,False,0.000271,0
29bdc2d8-54bf-43cb-843c-3bf08c05c63c,T2,False,0.000271,0
df4c71ee-3c91-4d2e-8c52-f8bbc3b4c710,T2,False,0.000271,0
0172014e-7c63-4959-bbbd-025148e3cec5,T2,False,0.000271,0
64939ca3-82f6-4105-806c-6f75c9fcdc99,T2,False,0.000271,0
c5a1667f-63f6-4789-8e54-362d2c3c2e94,T2,False,0.000271,0
4faae610-c2c9-4ba2-b8db-7dffa89b3036,T2,False,0.000271,0
4f49c9f8-6bcd-4a15-946d-d4d64705470a,T2,False,0.000271,0
93dd87cb-1b3c-42f6-a5ba-039d8a7e27f2,T2,False,0.000271,0
a1ee1ec7-a853-4202-92c7-64eda6eeffc1,T2,False,0.000271,0
a8682acb-2980-47e2-ab08-0df3804745e7,T2,False,0.000271,0
ad3ae8a8-086c-429f-920b-3d686892ef18,T2,False,0.000271,0
3c79e74d-0569-4b73-a41d-775c828ad439,T2,False,0.000271,0
a0db5e5b-57a5-409b-ad64-c637ac528981,T2,False,0.000271,0
a2b3d3b2-2dc4-406f-86fd-33c320b85baf,T2,False,0.000271,0
f04e271c-cf84-4b58-b285-2ffe9e43ba00,T2,False,0.000271,0
e39bcfa9-6f50-4da5-b3c5-e71f493e7481,T2,False,0.000271,0
ef5163a1-e404-401b-99d9-28df6b064d76,T2,False,0.000271,0
b704c6e4-29fd-4272-b196-486245938c1d,T2,False,0.000271,0
c0826a84-9eaf-4103-904a-65bd416e6144,T2,False,0.000271,0
9798d422-db74-4a43-a2b9-db3d996a7fbf,T2,False,0.000271,0
5b9249bf-afa7-4321-ad8b-b1abd029f13d,T2,False,0.000271,0
33614897-28b2-413d-bffb-8e4c269d74c7,T2,False,0.000271,0
7d1716dc-9aef-46b6-abe5-1ab4460948be,T2,False,0.000302,0
b6d5cef5-2cf3-4189-add7-081e178e28b7,T2,False,0.000271,0
2ea21bdf-34e5-4648-936e-346025357083,T2,False,0.000299,0
ba33956c-9fb9-4e5e-8a77-48ed9c9e7f33,T2,False,0.000271,0
235b6fd1-6812-4192-936f-c6310af41725,T2,False,0.000271,0
964de035-4764-4a97-9695-af8c30c6ac20,T2,False,0.000271,0
385c4b00-f042-4288-8222-df3592ef8ede,T2,False,0.000271,0
612d7a64-5a07-4148-9071-079a4bf583be,T2,False,0.000271,0
48352e4e-b229-47fa-876c-0f64a98f29aa,T2,False,0.000271,0
ae19c256-743c-450f-9739-8d123992cbda,T2,False,0.000271,0
2d17c720-046f-41b7-87d5-b7a8a5a79d3c,T2,False,0.000271,0
f57d4770-f7f3-4149-b11e-8e91eec0fd84,T2,False,0.000271,0
2633902d-0b6e-4b13-95a9-174e449807dc,T2,False,0.000271,0
633ae10b-e62e-49c7-861a-ecef28a4f636,T2,False,0.000271,0
6d03c560-8fca-4084-959b-94e181881109,T2,False,0.000299,0
17f19004-0dc5-408b-9c69-16017a617f45,T2,False,0.000271,0
8cbae91c-9a12-4e62-a4c2-24e42e1d6b0e,T2,False,0.000271,0
a1e77020-d88b-4d3a-bc5a-1a327f6e35da,T2,False,0.000299,0
a1fcaf11-38de-4c6b-a19d-c2f241155d53,T2,False,0.000271,0
f112dfa6-a628-47bd-8182-bc7eb6fcb75e,T2,False,0.000271,0
65a6b14a-ccd3-4c9c-94bb-e0069a2caf79,T2,False,0.000271,0
f201c5d6-9db5-4085-bf57-65d32d38b4b3,T2,False,0.000299,0
4a3a789d-8597-4ee0-a5bf-e9b51722c343,T2,False,0.000271,0
26981a40-3ab7-4263-838e-58263d7892cc,T2,False,0.000271,0
0bce87f1-e384-4e6c-a2bb-fba3454e48d1,T2,False,0.000271,0
f0a43f90-a956-462f-b0d5-5813cfd65f93,T2,False,0.000271,0
c2b42939-0199-4919-b040-84787a5cc842,T2,False,0.000271,0
09675970-accb-4352-8451-20a66a1a4c38,T2,False,0.000271,0
76cd35c7-be95-4b26-ad45-ddd2a881eab3,T2,False,0.000271,0
c7069ba3-c576-4394-866f-8589847d3acf,T2,False,0.000302,0
318db7f7-5f9b-4095-9321-79f87919d4bc,T2,False,0.000271,0
f44718bd-446a-4c2f-8f72-2204526149e2,T2,False,0.000271,0
a82d6447-847f-4d2f-9179-cbe85e16cb5c,T2,False,0.000271,0
afd404da-bb4f-4a78-bce7-92c9936ac13a,T2,False,0.000271,0
c8c54968-4f78-47dd-841a-7b8e93445173,T2,False,0.000271,0
83769937-3e9c-44ad-a76f-8989140f5892,T2,False,0.000271,0
48aa6aa9-c38b-4b93-a420-bfc5710137c4,T2,False,0.000271,0
1cc951fd-2474-4d37-8f7a-655a86157542,T2,False,0.000271,0
4879d189-fa44-4164-a76e-29495d13c4bf,T2,False,0.000271,0
d631478d-baba-45b9-a2f5-2f826b6fb1d3,T2,False,0.000271,0
7171f748-db07-417d-9ee4-5a5acec6ef50,T2,False,0.000271,0
c7a4d53d-11a0-4f55-8626-6d28b0b57337,T2,False,0.000271,0
1c4ae8e6-b545-42a2-a5bb-77737e500b4d,T2,False,0.000271,0
298ed0d6-7684-4a3c-ad3e-49192259b3b1,T2,False,0.000271,0
4df05701-b5c5-462c-ae14-e656e9d1d113,T2,False,0.000271,0
01430a90-b8fd-44c3-ae61-f569ef410e84,T2,False,0.000271,0
1277c0d6-56e8-4c15-abde-d41c7737d217,T2,False,0.000271,0
85c858bc-2c86-4109-a81d-e5437c9b125f,T2,False,0.000271,0
1e50a422-93b7-43d4-ad5f-3419be13d1b4,T2,False,0.000271,0
476a24d4-8bfe-4334-80fe-94ab2a633da5,T2,False,0.000271,0
efa9e8cd-42fe-4a4b-bee7-25f43e0931bc,T2,False,0.000271,0
4b546a02-096a-4818-80ab-01481b0f5473,T2,False,0.000271,0
279bd72a-c093-425a-ab5f-283f60d39efd,T2,False,0.000271,0
30dfd381-f990-4d69-a809-165fd42e4ecc,T2,False,0.000271,0
f1040c83-2448-469b-ab35-2809fb6ed44a,T2,False,0.000271,0
7496dedb-89ac-4675-9adf-449d44ab4469,T2,False,0.000271,0
366306cd-b059-4f82-b178-1f7ba7c6f0a7,T2,False,0.000271,0
0b693767-5d0e-4edd-b0f2-3f5fdfd52edd,T2,False,0.000271,0
f00f9ade-3106-4c71-8c52-09be4d391041,T2,False,0.000271,0
727212b4-9ec0-4556-93fb-911bf17ee88a,T2,False,0.000271,0
8c5963be-d476-4a06-be83-f5c833f63c5f,T2,False,0.000271,0
039e3f0f-bf89-44fc-9c60-a9bf961d6426,T2,False,0.000271,0
02d6fcbd-fc9a-48d0-b4f0-6298ca4c9c8e,T2,False,0.000271,0
009662a1-e80e-4432-9e59-b1cf54bd981e,T2,False,0.000271,0
e507ae74-1200-472a-8584-240414c48bed,T2,False,0.000271,0
7058c674-4a14-426b-854f-14910439fb52,T2,False,0.000271,0
50bbcee2-3b67-4217-b272-7185de582f63,T2,False,0.000271,0
e7ba70d7-dd54-413c-b96e-b0cedf9bd951,T2,False,0.000271,0
e19b649d-930e-4a6e-8e55-afa421d7fc75,T2,False,0.000271,0
0aa97f47-84a9-4af4-928a-b1b89733c425,T2,False,0.000302,0
fe2c6744-1e3f-426c-883b-49b2ca04bd82,T2,False,0.000271,0
73cb63a3-253c-4e77-af01-5ab6f0e15d31,T2,False,0.000271,0
2a15594b-91a7-477a-8de4-743e4d55924f,T2,False,0.000271,0
00352434-f97f-465a-9196-b8cca471e99c,T2,False,0.000271,0
a1c25086-7df2-40f5-b055-9ae9b731b2c0,T2,False,0.000271,0
2d53a575-403b-4682-8e7d-5c5366595418,T2,False,0.000271,0
e67c5536-7659-4c10-ae48-6acf2edde613,T2,False,0.000271,0
b41635f8-46d8-4d32-b271-033bfbc030e1,T2,False,0.000271,0
d363721f-55ca-4634-9a39-c587e088caeb,T2,False,0.000271,0
f7b3f46f-4bbd-43f1-b97b-25cef465dc56,T2,False,0.000271,0
39be437c-a451-4f2f-86a6-a0bf625cf73e,T2,False,0.000271,0
895dab17-4a08-435e-928b-e15bfe4cedbb,T2,False,0.000271,0
f468be63-749a-4ac4-affb-c2282abbc26a,T2,False,0.000271,0
a0ae60bf-f234-438d-87f0-a83ff9e74438,T2,False,0.000271,0
6581e9b2-e75e-4140-84f7-0bafc18e4d31,T2,False,0.000271,0
fc4c3bde-37bd-413b-ae39-ba1fdcb61b99,T2,False,0.000271,0
d39c53c9-50b4-47b7-a08c-17bc6b8332be,T2,False,0.000271,0
1e3fed3f-0533-47dc-83a8-6c18a58fac52,T2,False,0.000271,0
35a826f9-c6c9-4bec-b8f8-dd672af83b5d,T2,False,0.000271,0
1c28afa8-4dbf-4f4c-b207-2d173881fdf9,T2,False,0.000271,0
6f8672ba-37a1-4ea7-be2a-672ffcefd04b,T2,False,0.000271,0
d81fec50-0491-40b0-9592-3ef541df751a,T2,False,0.000271,0
112bc968-e1d6-4037-8b2c-96c7a4002af6,T2,False,0.000271,0
546f50a6-b25f-4acc-a5ae-715cf84e7edf,T2,False,0.000271,0
694a21a9-bcc2-4a17-95fa-56775d8fc57d,T2,False,0.000271,0
388cd025-adab-4082-baa1-5a0756365e0b,T2,False,0.000271,0
3853898f-5fba-4085-ad72-18720f06fca3,T2,False,0.000271,0
49a7dc6d-cb57-472f-aa6e-215def4521b8,T2,False,0.000271,0
f24b953f-6238-4661-a10e-729f078f4295,T2,False,0.000271,0
ce2ebdfc-218b-4b9f-b8b0-2c5bc6efeeaf,T2,False,0.000271,0
c5caa84a-2700-4313-8244-16f569facb91,T2,False,0.000271,0
84907130-c64f-4964-a86f-ca83be396286,T2,False,0.000271,0
bb4ae2a9-2fc4-40af-9eb3-1066588fed87,T2,False,0.000271,0
ea944656-2d88-4266-b606-742197e6ff22,T2,False,0.000271,0
66863042-fdc0-43f1-9c3c-89d6ce184505,T2,False,0.000299,0
732d23f4-af59-4d92-8ced-438e8e97c9eb,T2,False,0.000271,0
06e80e89-a284-402b-ab86-6465e214eeb5,T2,False,0.000271,0
6fea4978-361d-411c-b86e-612dc22bdd84,T2,False,0.000271,0
e1b9e6ec-c47a-4955-ba77-b2aef793838f,T2,False,0.000271,0
8c897bdd-cb6b-4c0f-8acb-eb1c317e42a6,T2,False,0.000271,0
d71affe0-a74b-49a6-9164-60007514fbe0,T2,False,0.000271,0
427079ca-849b-41e1-8091-612701486275,T2,False,0.000271,0
d9899642-a1af-43ee-9532-92eb10fffece,T2,False,0.000271,0
41112368-237b-4705-8a62-b8b2a2879729,T2,False,0.000271,0
e9e72939-ffc4-4524-8f30-fbc90c399207,T2,False,0.000271,0
bf86edc5-90aa-4a96-a9a4-9301e5187df1,T2,False,0.000299,0
3a6675e2-fdcf-4cce-90d4-4cf6176691f4,T2,False,0.000271,0
01ddbef3-e603-43cd-a923-d4b58f3162e0,T2,False,0.000271,0
96882db0-766d-441a-bbc1-1950099dff05,T2,False,0.000271,0
c7048f73-c797-45c8-98ed-792d07e18280,T2,True,0.999702,1
6019aaae-e4a8-4dc6-bb82-6af6c73dfe7e,T2,False,0.000271,0
49dda67c-7eaf-4554-8c10-21d1b4e7a05f,T2,False,0.000271,0
f07a154c-84ef-4f8f-8214-99b7b4a3a21a,T2,False,0.000271,0
a3b24c51-6fb5-4ec5-92ff-94f7f876b88a,T2,False,0.000271,0
38975402-5500-4f52-be48-6eed15763d69,T2,False,0.000271,0
b762ec6a-7c49-42f1-b0f4-643482a0544b,T2,False,0.000271,0
0d79cfd9-1209-4f7b-a231-d3ee3e6e88eb,T2,False,0.000271,0
dbebe0a1-6d61-4863-923a-fb8b8d4e498f,T2,False,0.000271,0
0df501e5-ac1e-442d-8635-84e424cd4126,T2,False,0.000271,0
6c950461-5221-47e1-b71a-c3fe279a044c,T2,False,0.000271,0
b440318a-4cad-4c8f-9aa0-f83dbefa63ce,T2,False,0.000271,0
8282280e-a1ac-43e7-be44-30323bc92e45,T2,False,0.000271,0
00d62b7a-d8fd-4bfa-b3c6-872ed00deec5,T2,False,0.000271,0
18f7fcca-56a5-43ad-afbb-8e1d7794f9f0,T2,False,0.000271,0
62ab99be-f869-47eb-8cba-b51529a2b120,T2,False,0.000271,0
d98a8306-e84a-4c25-be9d-0f3e02f01d77,T2,False,0.000271,0
9bcdfe4f-e66b-42f7-90f5-a0d7d6b9a1f4,T2,False,0.000271,0
41e4db7b-4958-43e9-a0ef-e383e7b123bb,T2,False,0.000271,0
56ef6b9b-82e4-4b7b-b755-d7e57ea4bd92,T2,False,0.000271,0
378e213d-94f8-4edb-8ee3-f0aed4602642,T2,False,0.000271,0
72febbc4-e918-4746-bdbf-5b7a95d18a16,T2,False,0.000271,0
7ec6ba13-147e-459f-a6ee-109529155777,T2,False,0.000271,0
bc5b4436-5cbd-49f0-98b8-281d293e7243,T2,False,0.000271,0
1ce1984c-e822-4390-9502-06cd0cea0fcf,T2,False,0.000271,0
078417c2-b7fc-43fe-a0af-796c9eba62f6,T2,False,0.000271,0
1764ec87-7e52-41ad-a434-114b98a6217d,T2,False,0.000271,0
2f16e9c3-783b-4b70-b1a2-f0d76e25d86e,T2,False,0.000271,0
81484c5e-4b87-4251-aad6-6f08d7904ee3,T2,False,0.000271,0
a40d3285-6df4-4692-92ec-84393d66f3ad,T2,False,0.000299,0
1fa113e6-d57f-42c7-8eaf-932394d3f9c3,T2,False,0.000271,0
773511de-02b0-4ba6-b6b6-1f66bb34bb4f,T2,False,0.000271,0
9c590907-36f2-43e6-9390-7bad02e0e455,T2,False,0.000271,0
a89d2b6f-87a5-4b7e-953c-4e6dc915e644,T2,False,0.000271,0
866c54ab-7fe9-4cb0-8c7d-ccb80d70c9ef,T2,False,0.000271,0
1a238155-55c4-4a39-a892-8f4025bf9afe,T2,False,0.000271,0
fab3fac4-b53f-4a12-b959-962e26517a78,T2,False,0.000271,0
bddce64b-690d-46c2-a648-d63eb171bfbe,T2,False,0.000271,0
049a556a-a56e-42e9-a803-df23c2c6e5b4,T2,False,0.000271,0
23c04224-f840-4897-a60e-a48b2a078466,T2,False,0.000271,0
78eaa1e4-d950-41cd-af6e-e2162e186e70,T2,False,0.000271,0
06e166ef-c3f4-41cc-a8a6-4317196398c9,T2,False,0.000271,0
96aa6715-905c-4dce-b54e-06079fe5b7e2,T2,False,0.000271,0
bf644140-21a6-45e7-a434-9092c256afe9,T2,False,0.000271,0
388eb156-7894-4ab4-b6cf-c6a84f9d40d8,T2,False,0.000271,0
9d877b58-bb85-4523-9ee9-61b52347388e,T2,True,0.999749,1
580fd2e0-afc6-4617-af05-6a9303b7a77a,T2,False,0.000271,0
7adad5cf-ea31-481f-8120-5fc7f229d155,T2,False,0.000271,0
47778071-58ff-4853-a323-5d34af911423,T2,False,0.000271,0
87b5cb0a-2f03-4e3b-9e54-82b70c7d3bf6,T2,False,0.000271,0
b902b0f9-9e85-44ee-bf6d-8f462a44a639,T2,False,0.000271,0
89b83584-4b0d-4b6c-a88c-723859ddd3c9,T2,False,0.000299,0
6f003c8d-3b1e-48e7-96e6-85eac00e7531,T2,False,0.000271,0
1160e2aa-dfc3-4f6d-aa13-02bab335ae4e,T2,False,0.000271,0
39bb5ba5-cf7c-414a-b511-8f5e32ba9252,T2,False,0.000271,0
370ecf6a-c473-4150-823b-bae0f3095f81,T2,False,0.000271,0
dcb9d34f-3050-46f9-acae-f592a8e7e186,T2,False,0.000271,0
5cf6f0b6-325b-4030-b1e2-34a3ab873e9c,T2,False,0.000271,0
2dd6fa40-e4a4-4b48-989f-81d77cc592ad,T2,False,0.000271,0
ab93c36d-fb73-414a-8fbd-fd2f6f6a4764,T2,False,0.000271,0
7bada11d-631d-421c-9721-e18ad7f54248,T2,False,0.000271,0
8c5c40df-f5b9-4d19-85ba-740d1671f036,T2,False,0.000271,0
9f90e545-4220-45db-a38b-3f5f474071e3,T2,False,0.000271,0
13ef43e5-f7bf-4a0d-8d80-740ce742bf00,T2,False,0.000271,0
975bd36d-f549-4576-88ac-c0775e98d43f,T2,False,0.000271,0
d32e8def-8c45-4860-81ec-e6fa9809d7fb,T2,False,0.000299,0
4b439693-9faf-4fbe-b4cd-6ff23108d8e3,T2,False,0.000271,0
3d13e804-bb42-447e-92f1-edd3e6a18fcd,T2,False,0.000271,0
ade3c839-f21e-4f8b-86dd-291b29de84b8,T2,False,0.000271,0
530445e2-b026-44c6-96b6-ebc84da99151,T2,False,0.000271,0
0e3fe2e4-737a-4f1c-aab6-da8b373cacbb,T2,False,0.000271,0
bd406a1e-a14a-4534-95f3-9ebed6125b5d,T2,False,0.000271,0
b69c75f2-2582-4bf9-a6c0-7de87b554c11,T2,False,0.000299,0
178ba170-beb1-4d8a-9518-84612ba6923a,T2,False,0.000302,0
f7f9fe53-86c8-406f-9a04-d1a2a0ea1c26,T2,False,0.000271,0
7035f561-c10a-4ac0-9e08-3d725b2108e5,T2,False,0.000271,0
b1b007f0-b9cf-4a4c-908d-f1c45d4a063a,T2,False,0.000271,0
05e3bf17-80f0-4d6a-bf34-87395ea2de6d,T2,False,0.000381,0
af54dfd8-ddc5-42f5-9e80-d71c8de202e5,T2,False,0.000299,0
e229c552-a82c-4663-abda-fafcd3616d73,T2,False,0.000302,0
cbac75f3-218f-461e-a5da-1e00308c8671,T2,False,0.000271,0
0c4c07f5-66ac-40b9-bf30-558a914495ba,T2,False,0.000271,0
35050965-1854-4aaf-8b8e-48fe8456f5c4,T2,False,0.000271,0
6e4b629c-832e-47b6-910a-371cdcf1a5ea,T2,False,0.000271,0
183d3e23-4349-4102-9046-05a055349748,T2,False,0.000271,0
b63278c2-a7d9-4b71-8332-55a2423ce645,T2,False,0.000271,0
d34b5775-fba4-47fb-844a-0c8c60e5edf9,T2,False,0.000271,0
1faedce0-f4e4-4fca-aeaf-04e98c928712,T2,False,0.000271,0
5f0410d5-a320-4ebf-a7ea-0337e756a69d,T2,False,0.000271,0
b672e30e-b86f-4415-93be-59c0c518896f,T2,False,0.000299,0
f5808ae0-041e-4c7b-a566-ffc9fa921cc8,T2,False,0.000271,0
6949d0ef-ed3e-4b98-a06f-38f5f7c531f3,T2,False,0.000271,0
3c62480a-2351-4bc9-8274-2b56871c29c5,T2,False,0.000271,0
d82474ce-1678-4224-be89-9315488e94d5,T2,False,0.000271,0
189aa677-f32a-482a-b85e-9ff9b2c1e129,T2,True,0.999749,1
79654ff3-f452-461b-8a15-46cdee8bd13a,T2,False,0.000271,0
dec844b7-9f24-4711-bd93-9cda3d97911d,T2,False,0.000271,0
b3f9dc78-6469-482d-8121-30ab9ffa85ff,T2,False,0.000271,0
b1242ea8-2819-4f05-ba59-867121c61c05,T2,False,0.000271,0
66188d1e-9d29-4db9-9356-815b1aafba8b,T2,False,0.000271,0
1c4ba980-63ab-4dbb-9fd7-a6214afcfa4c,T2,False,0.000271,0
3ccc5572-d47f-48b4-91f2-69e0aa58d6e2,T2,False,0.000271,0
d88542d2-2975-4e9e-b66b-9acf347dcfe0,T2,False,0.000271,0
dfa9b126-2276-4ef9-b871-947602c5b93f,T2,False,0.000271,0
b8752245-75d2-495d-8437-20b64b6e1bf6,T2,False,0.000271,0
514ec9db-19e3-419f-838e-9fa056ace21c,T2,False,0.000271,0
276a0113-d2ed-4768-bb21-54c1816d36bf,T2,False,0.000271,0
0ae578ca-23d5-4acc-ae21-7b1e3239edff,T2,False,0.000271,0
5a79fdd5-8df7-4f5f-bba4-14f9fcc64416,T2,False,0.000271,0
33d1503a-eb1c-4f46-85cc-f386788447d0,T2,False,0.000271,0
33fe28a8-b60f-46ed-b487-393701f58540,T2,False,0.000271,0
5d3533f9-45c0-42e0-a8ee-0e7ef78f91ed,T2,False,0.000271,0
99db7d3d-b054-4531-9a8d-c5aee211c242,T2,False,0.000302,0
e546e2f4-8006-4183-9ee9-e447ee92f563,T2,False,0.000271,0
a6eb49bb-4d9b-447d-9a5d-f56c4b87daca,T2,False,0.000271,0
8bdd2511-6437-46e6-aa2b-b51482450d41,T2,False,0.000271,0
ae16744b-43c0-4ac8-9930-a5228cef4378,T2,False,0.000271,0
f6699321-f56f-4efa-913a-2a0fe0caa6d4,T2,False,0.000271,0
bcaada37-1843-41de-9334-c7acd3e7b301,T2,False,0.000271,0
1821ebe8-4065-4fb0-a63b-0b065116cfd1,T2,False,0.000271,0
a5148528-fa86-4226-a923-7bb23cd17554,T2,False,0.000271,0
f81075d9-9347-4b09-930c-59877e97c79f,T2,False,0.000271,0
19f09d98-17cb-4399-84ba-6b7c2528cacb,T2,False,0.000271,0
2f447c69-4996-46ab-aacc-421abd315cc0,T2,False,0.000299,0
ac60b916-abdd-4965-8720-88f33acf6605,T2,False,0.000271,0
151cb170-bb17-483c-8267-68ba84d1645c,T2,False,0.000271,0
e2956358-ade4-40a7-bdff-53b762ee80e2,T2,False,0.000271,0
1737d300-3cb2-4363-8438-8991ff29dd27,T2,False,0.000271,0
3d3e13b1-951e-4f3f-bf48-bc26c0691ffc,T2,False,0.000271,0
4ec7a603-1c6a-4e32-9558-22adf8875463,T2,False,0.000271,0
263cd6c2-6af0-419e-880c-bb0e50cf1b0b,T2,False,0.000302,0
0ac08c94-4320-4805-b738-1abcb3ad7462,T2,False,0.000271,0
0581253f-700c-4bc1-ae16-5f9ffd0c7698,T2,False,0.000271,0
579224df-3f33-4101-8cea-57f763d9e363,T2,False,0.000271,0
98472d81-47f1-4817-8f2a-4e98b092acc0,T2,False,0.000271,0
3d65336d-fefb-4f94-85c9-c7ab95106b46,T2,False,0.000271,0
ca95f873-93c2-4838-8dae-c8460825d861,T2,False,0.000302,0
4e3ea96a-7c07-4ec5-ac7f-6569ba7b675e,T2,False,0.000271,0
b35b1b5b-1be8-446a-8761-d94a585fc8a2,T2,False,0.000271,0
a6aeacef-b4cf-42c6-a820-aef96e4d775c,T2,False,0.000271,0
b73323e3-d254-4805-9096-b8a2813faa53,T2,False,0.000271,0
31e5cd77-5434-4045-83e5-b3d797f0fcf0,T2,False,0.000271,0
ed0acb1e-2b4c-4a28-8ddb-edc42caa3178,T2,False,0.000271,0
6365a3d7-c7b3-4f08-8905-ba951637bc2c,T2,False,0.000271,0
23f0624d-579c-4900-ae5e-b5e6c44d8567,T2,False,0.000271,0
13bb9e50-f7c1-49c0-9043-bbbf369fee71,T2,False,0.000271,0
c3d3d59b-d897-4e9c-8ab5-48d9adb70771,T2,False,0.000271,0
ed26681e-c6d3-4659-a968-ef0ffc8abb6f,T2,False,0.000271,0
2b179a3d-f0dc-49b9-b2e7-0eade97493b1,T2,False,0.000271,0
5fac6e63-3894-4ae0-93b2-f15d1cfe9a15,T2,False,0.000271,0
8b3d100c-271d-4e3a-a7cc-fdf8c7d18eaf,T2,False,0.000271,0
32b3bf90-17a4-48df-8da7-d816c891cec9,T2,False,0.000271,0
6754c775-19e2-48a6-9dcf-32d38d36ef7b,T2,False,0.000271,0
3e8f8aca-af14-4393-8190-6b9969c457eb,T2,False,0.000271,0
ac4a6b06-60df-4066-bfe8-c65f16aac4d0,T2,False,0.000271,0
0d360db6-30ad-4cc8-8ce1-fa2c400643bf,T2,False,0.000271,0
754f61b1-6b9d-4d24-ac87-82e9061f2cd9,T2,False,0.000271,0
bdfbc458-6a84-4b32-b69a-eb3bcd891b6d,T2,False,0.000271,0
565d9933-b525-467e-9418-4d34fcfb3ceb,T2,False,0.000271,0
bbadb9ed-ac0c-43b7-8af8-24808ced2a6c,T2,False,0.000271,0
973e188c-a44b-4e76-9fc2-4ca07cdd3022,T2,False,0.000271,0
058313b0-a403-4dff-811b-a1df4ffc0ecf,T2,False,0.000271,0
80dd589e-fb29-4b95-9d33-3fe32820d485,T2,False,0.000271,0
c6cd87b7-9f1e-425e-86fc-04751ac0c337,T2,False,0.000271,0
b0077e11-da6f-4e21-bd15-186bada35590,T2,False,0.000271,0
ee407808-4a00-4ac4-b2ea-5af0b914f63f,T2,False,0.000271,0
4323c253-6c9c-4bac-ae07-a2bf4512b37a,T2,False,0.000271,0
cd61915e-5a65-4586-be10-1f3201d9b3ee,T2,False,0.000271,0
37b39294-826e-4bb0-9a4e-1b7abc3c9ae7,T2,False,0.000271,0
07221e5e-d53b-4797-9a0d-7950eef9d79d,T2,False,0.000271,0
bb1e4188-2424-40e1-8899-e6a90539ab91,T2,False,0.000271,0
51684b20-5859-4cb8-bd5e-04f14208b8b4,T2,False,0.000271,0
4bafda61-8d55-478b-a987-c7e5aedfe5c1,T2,False,0.000271,0
9c99c422-82a9-4d08-ad6d-709fb9df82de,T2,False,0.000271,0
740d9717-4b95-4118-917f-6235afd0ba8e,T2,False,0.000271,0
18ec5af7-e571-47bd-a48d-a3ca30a25f78,T2,False,0.000271,0
1a449b4b-f51f-4662-b01f-a56c33e699e0,T2,False,0.000271,0
05a60912-910a-42a3-b20a-f66e1072f6e4,T2,False,0.000271,0
f8de2d3e-793f-4ac4-8ea7-4a5d03190c6b,T2,False,0.000271,0
fc879a93-9531-4f43-ac29-0c930c330972,T2,False,0.000271,0
78b37f5d-b78f-4b06-bbf5-8779853b6d43,T2,False,0.000271,0
06af51ef-83d2-4929-ade8-41bbda681e8c,T2,False,0.000271,0
6e13b186-054a-47e0-961c-289de8c4b48d,T2,False,0.000271,0
cc39860e-9501-4a7f-92d0-17c3aa4bb42d,T2,False,0.000271,0
91773328-1a1d-4447-8060-a119c11ae84b,T2,False,0.000271,0
4c137adc-721d-4ef7-a3d5-5e087edc8feb,T2,False,0.000271,0
9345c925-007f-4d68-b35d-6e608fafa17b,T2,False,0.000271,0
0eda2a5d-740b-4c81-ad2e-de4c3ad91ca4,T2,False,0.000271,0
9fba62db-e46f-4423-82c0-288b53d4ddf7,T2,False,0.000271,0
ec37ab6a-beea-491d-9e16-687b30cc98fc,T2,False,0.000271,0
0aefac78-6ba0-44b5-aea6-5ee976f53010,T2,False,0.000302,0
299342f3-70be-4722-8caa-face2c561c01,T2,False,0.000271,0
c516f7e6-b67a-4ee8-917e-f981f37681f0,T2,False,0.000271,0
e79f09c6-fe65-4c96-b80a-2aacf0477982,T2,False,0.000271,0
bd7ac0ec-ce94-4429-a693-a644b6356a96,T2,False,0.000271,0
3c7d5425-75ef-4668-9c12-7eddfd742f6a,T2,False,0.000271,0
c1923fe5-be19-4390-8164-0867bc698ded,T2,False,0.000271,0
d0421184-b799-4f6d-8bda-95323df24f0a,T2,False,0.000271,0
7d53ad9d-2a97-4f37-85f6-b1437b3a7077,T2,False,0.000271,0
343c4033-89cb-4652-bfc4-24b47e7cea63,T2,False,0.000302,0
aec5939c-dd0c-428a-ab77-fc28025da1e5,T2,False,0.000271,0
784d0520-b51f-4a79-81eb-1d7f9ecdc942,T2,False,0.000271,0
e54c3cbb-3462-4dad-b313-7f78a31a31f1,T2,False,0.000271,0
3c1ed5ff-32c4-4d79-ab9f-29ecfdfa754a,T2,False,0.000271,0
18f501f1-08b2-4a47-be73-7cb907e15667,T2,False,0.000271,0
c6046dd7-86ab-4c61-9eaf-612c9f9f8e6d,T2,False,0.000271,0
fd9a50ec-0261-4dd7-9e5e-6d7f3c1d2de0,T2,False,0.000271,0
7730cf1d-6cca-4c43-ab39-f771d8892c0d,T2,False,0.000271,0
98054327-2a25-41a6-a581-e50e75501fc6,T2,False,0.000271,0
17011308-dded-4e79-9680-8a71bc02382f,T2,False,0.000271,0
8b383562-9aaf-4c9d-967c-2f9f50c6f6b2,T2,False,0.000271,0
ccd1b103-814c-4d4f-91dc-11a33f5612b0,T2,False,0.000271,0
35996ad1-dd19-4c98-8978-744af167c862,T2,False,0.000271,0
cab479a3-d62a-4206-b68c-18547ef964fb,T2,False,0.000271,0
2e633a30-fb0b-4bdd-ac51-72250f305ad0,T2,False,0.000271,0
37a548a5-5c2c-4ebc-a649-6bfc293af562,T2,False,0.000271,0
f7626ec1-1181-4513-98a3-cf85f2de3758,T2,False,0.000271,0
61bf589d-9d5f-4707-8337-25bbe59c0afd,T2,False,0.000271,0
530a1ed0-09a8-4118-acac-bdc1841eb5df,T2,False,0.000271,0
057115ea-1a00-4004-b380-ad657e6e71f6,T2,False,0.000271,0
a5814878-49d6-4985-bed3-b3d5dfbef850,T2,False,0.000271,0
f1c62e23-5199-4ca7-a96a-f5a3a7f9a550,T2,False,0.000271,0
15805f71-4252-4abe-94bf-0a09e7986ae2,T2,False,0.000299,0
cf9323f4-e6ed-4d02-bb6a-e22249f88b7e,T2,False,0.000271,0
63709911-ef4f-4c51-83a2-3d30d3a61288,T2,False,0.000271,0
0d15da0a-bed2-4eb3-b840-29b679805b34,T2,False,0.000271,0
f30e99ba-039a-4562-9d4b-7cb60e18627c,T2,False,0.000271,0
92684d81-1ce5-4d51-a5b7-6ad01783267d,T2,False,0.000271,0
0e72da7a-7c85-472e-bb0e-f6216a3e7c99,T2,False,0.000271,0
d16c473b-b2a7-49a7-a810-e6f8b24415fd,T2,False,0.000271,0
ad4b6f80-2424-42a6-a7d4-27791824ea47,T2,False,0.000271,0
810a3368-7327-401a-87bb-3b47cff2d83f,T2,False,0.000271,0
c66e64cd-0009-4e10-ba53-0daebc209ccb,T2,False,0.000271,0
b5adacc7-d016-4db8-a77a-3ffde0092bd4,T2,False,0.000271,0
80e5ffc6-30ee-4b22-aafb-d67612b05671,T2,False,0.000271,0
e77ad648-98ad-4ca9-b8e5-31e7e8899353,T2,False,0.000271,0
65d8ab3b-6082-42e5-b2f1-2043bc57ce1c,T2,False,0.000271,0
b3718ae8-0522-4704-a8d1-6e3c9d8d898e,T2,False,0.000271,0
de756d76-0860-43be-bf1f-caad4e05514d,T2,False,0.000271,0
ed7344a3-3d67-4c39-93d4-ce9f75c8129f,T2,False,0.000271,0
30a711f6-6354-4d3b-9e23-a4c2d76d8b13,T2,False,0.000271,0
e7979f9b-1de0-4406-b4e1-5880eabc14d4,T2,False,0.000271,0
1cd5354c-abdf-4b91-9b2a-badebbaabd2a,T2,False,0.000271,0
9779686d-5647-4324-a6a4-de1afd771079,T2,False,0.000271,0
bb688f95-8838-465b-a66b-49018c9da7a0,T2,False,0.000271,0
a67cf2ff-f8e9-4b76-b1ad-d4f2438086b2,T2,False,0.000271,0
bfadd26c-c962-4a2b-8a04-bce827eac586,T2,False,0.000271,0
fa0299b3-c2fa-4fe4-8864-587b559e6010,T2,False,0.000271,0
3293306f-2594-4775-a372-73ce3c83c6a6,T2,False,0.000271,0
d4d5e9d6-7cc6-478c-afe7-0a966468aeac,T2,False,0.000271,0
c17ab83c-f3da-4276-9fc6-e6a66bef7c16,T2,False,0.000271,0
a4a994fe-561d-461a-b01b-b7d6ec3a6bdd,T2,False,0.000299,0
d80091d2-e2bc-484c-8450-74374040887e,T2,False,0.000271,0
d61bc61b-d731-45a8-a8ed-0ada3583dc95,T2,False,0.000271,0
1823a009-3313-40ec-9b17-294a1f86f2e1,T2,False,0.000271,0
86fd499d-58b1-49c8-9ec8-6aed65074a45,T2,False,0.000271,0
27dec718-1732-47a1-9d81-1462523d67ad,T2,False,0.000271,0
fc61f117-7188-4e36-b0ef-66b72c54bd38,T2,False,0.000271,0
3dda16a6-5783-4263-837c-3a7087cf5b1c,T2,False,0.000271,0
8ad847ec-507a-4211-9772-5ab8148cf71e,T2,False,0.000271,0
2bef2ed3-04a5-47df-b752-1fdb866aadaf,T2,False,0.000271,0
757ed7a6-ce6d-4ccc-8be6-ebfb2ad2a674,T2,False,0.000271,0
0bb5db3d-1b86-4dec-8b56-08257093a06d,T2,False,0.000271,0
342cebbf-eb55-4d6d-9c28-aac8c70fd97b,T2,False,0.000271,0
1a0f439e-2ca2-4108-a399-a1ba178ac898,T2,False,0.000271,0
d6054efc-889a-4133-bfcb-ea1d46078ea7,T2,False,0.000271,0
3b449b48-1ca6-496c-9e1e-c1b9421f62eb,T2,False,0.000271,0
a4308f03-95a6-40d8-8a6a-a2721609fd25,T2,False,0.000271,0
713c4a8e-5ff2-4913-bb19-c120b659413f,T2,False,0.000271,0
6c2eea0f-78f8-448d-99ad-79d38209ddaa,T2,False,0.000299,0
d1607443-dfaa-4a39-aedf-017aedcb5e6f,T2,False,0.000271,0
759430d5-9de9-41fc-8746-0897bc584b42,T2,False,0.000271,0
9d0326b3-944e-412a-8352-12fdb8daa55d,T2,False,0.000271,0
08f9654e-31dd-4c3a-b44e-d0abaa419a57,T2,False,0.000271,0
39818ffb-adf3-49a0-9e4e-7ea44088abe8,T2,False,0.000271,0
b1714d0e-be86-4dd9-a74d-9fbffc8c37de,T2,False,0.000271,0
20da1b99-cfdc-44fe-a2f0-3c14aafdbd5f,T2,False,0.000271,0
79c6c91a-e942-4d6e-8504-41640140512d,T2,False,0.000271,0
f4114769-4ea1-4145-b03b-8d6abda92545,T2,False,0.000271,0
d36a7e3f-38f6-4a6b-aa38-403c13d2b95a,T2,False,0.000271,0
130709ab-aa74-439d-8f96-d52bb50a82f9,T2,False,0.000271,0
c9f27fe8-f763-4363-8b0d-c78205e21f81,T2,False,0.000271,0
ecb85cb8-8880-4e43-bc41-f6f2499409ae,T2,False,0.000271,0
9fd633a6-545a-4a99-bd64-b87f1c46c11a,T2,False,0.000271,0
109d324e-e333-4d9a-90a6-38927dbc6157,T2,False,0.000271,0
8a5aafd8-7101-4d74-8452-911ea9ead48a,T2,False,0.000271,0
04d87bce-f041-4b8e-b0da-4e8146bf0d05,T2,False,0.000271,0
3037be5e-d8e8-4060-96ca-45896277caf3,T2,False,0.000271,0
41e0daba-6471-43f6-bb93-a1176d83c86d,T2,False,0.000271,0
32d2079d-7181-40b6-bf1b-b31571528ed2,T2,False,0.000271,0
1d18835d-2c67-45bc-866a-ce78752a3dbd,T2,False,0.000271,0
9521cc2b-e94a-4a70-bee5-ddf4c350eed7,T2,False,0.000271,0
1fa1dcb9-1c89-4666-9b5b-161c75053b52,T2,False,0.000271,0
9f80648f-0ff2-4f8b-9434-3eb43495fad8,T2,False,0.000271,0
6878aa77-3435-4ae6-949c-2e6c9bfbb485,T2,False,0.000271,0
f017ea7f-65eb-41ba-aeb6-f0b6b64437ac,T2,False,0.000271,0
09a66657-d46f-40dd-acf2-fca76628a757,T2,False,0.000299,0
9ea489bd-0b70-4af6-bdf9-08b4d910931b,T2,False,0.000271,0
c979f640-5c9e-4484-8fec-0fe28b3796a7,T2,False,0.000271,0
5e165993-4ce1-4dd7-846c-c0f822f436af,T2,False,0.000271,0
c3a74f5e-583b-48c8-8c9e-09f07f280b82,T2,False,0.000271,0
0b61a670-fb01-4465-9e27-2429f66de26f,T2,False,0.000271,0
3733c1d0-422a-42b4-9735-8c54e49f9e6e,T2,False,0.000271,0
d345387b-c304-4978-a1c3-c6b1b80247d6,T2,False,0.000271,0
9b616010-505a-43e1-b812-b8cd86628838,T2,False,0.000271,0
4de417db-4bce-43ac-ba42-4e59f7ffdfd2,T2,False,0.000271,0
9b397e55-bddf-49c3-a25f-8accb008076b,T2,False,0.000271,0
d0af24e9-985a-400a-adbc-09fc4bf3c277,T2,False,0.000271,0
30352e38-c75f-4786-ac41-e508131250d7,T2,False,0.000271,0
222eadd2-3cb3-41f5-877e-d0a0ef2eddae,T2,False,0.000271,0
0ae4778e-4686-4dae-b48e-bad71eb2007a,T2,False,0.000271,0
fe45e0fa-3fa0-40e3-a58b-5f1ce58da0bf,T2,False,0.000271,0
ca67c206-7ccc-441c-9207-5eda4a131dda,T2,False,0.000271,0
a8e9e03d-b49c-4b1c-86f8-df8a945eceab,T2,False,0.000271,0
90da1a72-28e4-423d-ba6c-83ba74feb919,T2,False,0.000271,0
de74eb6d-43a6-4bf4-9ccd-0b8b1f05e04b,T2,False,0.000271,0
0fa705d1-3570-4984-8796-fbf2d761c51d,T2,False,0.000271,0
d512c4ad-fd99-4fbf-9bff-b568843fe7f8,T2,False,0.000271,0
db71fa54-c7fe-4d01-9693-526279d529be,T2,False,0.000271,0
abedfe87-7c61-4aec-b690-d0ff8e50d30b,T2,False,0.000271,0
2842fc66-4169-409b-a6eb-03641dec9df7,T2,False,0.000271,0
5ead7e2b-8d7d-4144-940b-a1e210862813,T2,False,0.000271,0
cde4404f-fa90-4672-8a60-18e624243859,T2,False,0.000271,0
3067b44e-0e12-4269-8961-7aa531896c25,T2,False,0.000271,0
ff8ae7d0-ec8d-4b24-a308-1cef45108f16,T2,False,0.000271,0
2e6600d8-9613-46ac-88c2-b46b8b38ab7e,T2,False,0.000271,0
2c6cebf6-16e7-4b6a-8702-4e58561a8dad,T2,False,0.000271,0
79752d8d-679e-44d1-8efd-1afcf7e42392,T2,False,0.000271,0
3332f269-2b73-4d27-abc3-d92469ac98a8,T2,False,0.000271,0
6d215ad7-95ed-4c0d-bce8-9989eeabb8d4,T2,False,0.000271,0
186e2ddb-f0c2-426f-96d2-a72ee9faef39,T2,False,0.000271,0
345ced39-1fbe-469f-80e9-9f806cecb382,T2,False,0.000271,0
4417a7ba-bd62-4635-8565-cb085262df06,T2,False,0.000271,0
b3d56647-87f3-46ad-af00-b53e8d423b8b,T2,False,0.000271,0
71dc08f4-f84f-4a8c-be8d-2d12e584f54a,T2,False,0.000271,0
13e5f09d-ae13-421c-b3ae-8eba9ee24af9,T2,False,0.000271,0
336c132b-c55e-46fb-a914-12dc3e24a5c2,T2,False,0.000271,0
9a6364fd-3543-49b8-8a03-89a8b471f195,T2,False,0.000271,0
b0984d86-c8e5-4e69-8fed-8c72aed9574e,T2,False,0.000271,0
0ceaea29-904f-414c-8ed2-b59d64ae88f3,T2,False,0.000271,0
aa1927b7-c703-4deb-9adb-d7bdfe0efdbc,T2,False,0.000271,0
4b4dcf95-d68b-49db-a388-ab128f332648,T2,False,0.000271,0
2159a0f7-4a6c-4d95-b43d-751d0b151b23,T2,False,0.000271,0
337a775b-b47d-475b-8dae-6340e42fbc5f,T2,False,0.000271,0
3cf83370-95e6-4de9-bea6-0350a3a6857e,T2,False,0.000271,0
b7c31705-80c2-489a-b8c9-5c185aa6968c,T2,False,0.000271,0
01833cbc-078b-42a3-a2c2-84d22c61a7ce,T2,False,0.000271,0
43539d23-c2be-49c6-8f48-0ac3d576d578,T2,False,0.000271,0
23cd19e8-6264-4cf7-a43c-c3f126dc03a3,T2,False,0.000271,0
f95e712c-eae8-43b1-a405-5aad44102e66,T2,True,0.999702,1
4cbcdfa3-79b5-495c-be20-2207a4b04975,T2,False,0.000271,0
68275a75-5007-4ae2-af15-1a9585a45587,T2,False,0.000271,0
0c7c25ae-7bc8-4ad2-8c98-dfde9836153c,T2,False,0.000271,0
42037d66-09b4-4f63-ac1a-079f01827997,T2,False,0.000271,0
b08b358b-9842-4ed4-9478-123131629116,T2,False,0.000271,0
5090c35a-3af6-49af-bfdd-1fe5b6305025,T2,False,0.000271,0
8d88e6e7-01fe-4c75-96f2-56de19a15518,T2,False,0.000271,0
858d6d16-b90c-48af-9a0e-664137fa7777,T2,False,0.000271,0
a190a101-af8a-4f3d-a462-fc37dabc98ac,T2,False,0.000271,0
86f3d8ae-96e4-463a-b9b4-4493462de310,T2,False,0.000271,0
06551ee9-0f7b-4a31-8264-220a39a064d4,T2,True,0.999749,1
dd54cc4a-595c-49ca-990b-464434eee185,T2,False,0.000271,0
27036728-7159-4141-b6b9-d32337e1eff8,T2,False,0.000271,0
c48832fe-01b9-4614-bafc-620612c0af76,T2,False,0.000271,0
74057d94-7ed5-451a-aa7a-5ad37bcec353,T2,False,0.000271,0
ef632d2f-ae59-4210-9a5c-1a622b7391e8,T2,False,0.000271,0
04832fcb-ad99-4595-a5ad-6d0ff170dfa1,T2,False,0.000271,0
b45415c3-c961-4fca-b94b-cda35da790dc,T2,False,0.000271,0
e4cb82e4-2ce4-4c1c-b94a-d6bc2dac0590,T2,False,0.000271,0
cf1bb2eb-3bdb-4ffa-bef1-a5ff2d1827e3,T2,False,0.000271,0
ed661106-6bc6-4909-ba7e-1fdf2391a54e,T2,False,0.000271,0
1895b48b-c6ba-4c84-a4c2-00a3383536ae,T2,False,0.000271,0
d9c2c449-a7ad-45c9-85d7-ec288ae7f54d,T2,False,0.000271,0
874c83cf-66a8-46ba-bb1a-325c2668ba1f,T2,False,0.000271,0
2dad1b2f-4b8e-4c89-aa42-f8e345026410,T2,False,0.000299,0
8bb5052c-63ce-432a-a939-c438833da3e3,T2,False,0.000271,0
ccaaee0a-83a7-442e-9492-dd17be43e383,T2,False,0.000271,0
bfa7cfa4-e255-452f-b283-d117e5d840fc,T2,False,0.000271,0
a0fbdcbb-c1fa-4a03-8110-61a2f44ca9cd,T2,False,0.000271,0
60103e56-6efe-475c-a7ad-0181efb8ab6b,T2,False,0.000271,0
3c5e3d56-dea8-41c5-8c91-1aec5dce0d5d,T2,False,0.000271,0
1e54b13f-59d1-48ab-82d0-c2d6f686f046,T2,False,0.000271,0
083e51f2-388b-4b76-ae9e-2e72919c75c2,T2,False,0.000271,0
670bc924-ab0a-444c-9c7f-070d780297e2,T2,False,0.000271,0
d24855e4-2246-4296-a153-0562128543e0,T2,False,0.000271,0
c7d30552-846f-4204-8cf4-6357b044b714,T2,False,0.000271,0
d6fc88ec-6927-4efb-b417-be8ab76af5c3,T2,False,0.000271,0
2e58f97b-030c-4657-831a-ec8cd4b227ca,T2,False,0.000271,0
23f25306-eeaf-4cb7-9018-1a9c60e8be72,T2,False,0.000271,0
fddb315a-9930-439b-aed5-5a62adaf0f11,T2,False,0.000271,0
fb657de2-13f9-4e5c-8d47-ec17374f0cba,T2,False,0.000271,0
d02255a5-411a-4942-b142-925667e5553d,T2,False,0.000271,0
62c5e699-8733-4ccb-a6b4-1d1c99ee61e2,T2,False,0.000271,0
f2779bed-0e90-476e-86bd-77f2dcf31830,T2,False,0.000271,0
2211a2d0-af63-4a26-9e21-ba9bd6cf5ba2,T2,False,0.000271,0
5831990f-bec1-46da-96f7-ff273a6572b5,T2,False,0.000271,0
8c5df6d5-0938-45e9-9eaa-709f4b823303,T2,False,0.000271,0
4f105000-7be0-414c-9321-630221a224a9,T2,False,0.000271,0
4ac20dab-c78d-4086-b8cd-4419f9ebea59,T2,False,0.000299,0
ebf199e7-f88c-45c0-8a9a-6167f0649eff,T2,False,0.000271,0
6af88060-377f-41f4-a470-d16d6cfdddde,T2,False,0.000271,0
1dc365ad-aa37-469e-91b2-627879fc42e3,T2,False,0.000271,0
d01d6682-2a4e-4bc4-9183-60848f0e05a7,T2,False,0.000271,0
1d9cd1c5-06e3-4ae8-bd75-8e65b7d2ab5a,T2,False,0.000271,0
20a5c193-6cbf-4f23-8a06-2c04aae43b28,T2,False,0.000271,0
5d1e1faf-38f6-476d-8612-c1fafced8251,T2,False,0.000271,0
107ad111-f652-4ee1-912f-aac5ae9b6409,T2,False,0.000302,0
c9ef463c-7834-4b43-95fe-27a4c2fcd8ba,T2,False,0.000271,0
479dda1d-d529-46cc-8b82-2c6fbb992c92,T2,False,0.000271,0
af82c143-d066-4f12-927b-231876fb8e9f,T2,False,0.000271,0
ec1e0db5-1868-4b6e-b495-06b19c340720,T2,False,0.000271,0
49dfed11-5cb2-4ad5-a46f-2601fff83e9e,T2,False,0.000271,0
2c74d36a-cccd-4cbb-968d-80c3510bff16,T2,False,0.000271,0
8ae93eb5-d274-456d-a901-a939ad780515,T2,False,0.000271,0
035591b6-fc2c-4d67-aeb3-95d4b594440b,T2,False,0.000271,0
d99f140e-ed7d-40c5-97bb-5c2f9f77406c,T2,False,0.000271,0
cc0170e9-ffae-48cf-a1ed-a5abe90770ea,T2,False,0.000271,0
09e79fc5-3d1a-42e5-adc5-32208d02e298,T2,False,0.000271,0
7e6d8723-3098-4549-b783-a2b147de134d,T2,False,0.000271,0
0e803e87-2440-4c42-a04a-0a661c319f28,T2,False,0.000271,0
3f4f1dd1-7ff5-43e2-8166-7601fe67347f,T2,False,0.000271,0
dc2dfc4c-22f6-4baa-8fce-e2bbf63c70a7,T2,False,0.000299,0
3a5c3f11-533c-4e37-b497-8db11e53cb82,T2,False,0.000271,0
5149c298-c286-4b5d-82be-55b06fdf48f0,T2,False,0.000271,0
c6134246-32ac-479f-98be-96a659ea1fc3,T2,False,0.000271,0
53bf077a-8b29-4344-a691-2c6fc0fa8df9,T2,False,0.000271,0
0e6e4788-e40f-4bc1-838c-d44647f688f2,T2,False,0.000271,0
cf46d69c-9292-4523-9fb7-dc4a41b2042b,T2,False,0.000271,0
acaf3816-a8e5-421d-be1c-8b29fd444cca,T2,False,0.000271,0
b98ae858-850a-40d7-a4c6-dc4780db78a6,T2,False,0.000271,0
e34e46f8-60a8-4191-b678-ce3213c73f23,T2,False,0.000271,0
2969673e-b503-4a5e-b354-d5d1a83c583e,T2,False,0.000271,0
cd93d6cb-dcd0-4e7a-a985-2c85e59eb49a,T2,False,0.000271,0
924e09fd-39fb-4b75-a966-ca4bce24c92e,T2,False,0.000271,0
cf4bc8cf-f0ba-43c4-9e75-ca5fad82c3af,T2,False,0.000271,0
08fe57d4-f31a-4bc9-94ad-505cef2c31d3,T2,False,0.000271,0
5cb783c7-af22-420c-9342-867a9c4502cb,T2,False,0.000271,0
8e9b94d9-3527-4551-8068-a7cd6a34f3b7,T2,False,0.000299,0
dc167d11-1ad2-446e-beb6-91b0192e43af,T2,False,0.000271,0
f12bcf38-2171-4cd6-9ee6-d3e14da6c30a,T2,False,0.000271,0
2b868308-9022-424a-aa68-303bb0e7ba4a,T2,False,0.000271,0
5422c354-3e66-4c3f-9d15-dee0dc2cd4ac,T2,False,0.000302,0
616c1e7d-1843-4bed-974b-e3b65b88d59c,T2,False,0.000271,0
2404e740-e3f4-4686-b889-4af468a905b4,T2,False,0.000271,0
eb5f7597-9c46-4af5-992a-78e13b748a83,T2,False,0.000271,0
e5f3196e-f5df-40ff-9312-3c9bb0a9819b,T2,False,0.000271,0
47fe7b74-5410-4411-8bce-eca7208c4175,T2,False,0.000271,0
bba03491-65e6-49e9-8e8c-10234b9f2837,T2,False,0.000271,0
a199217c-4525-45ee-9484-e788ce18b980,T2,False,0.000271,0
9c778e02-03ad-489e-af4b-37219daf991e,T2,False,0.000271,0
daef16ac-90e8-4947-9371-8317560e0507,T2,False,0.000271,0
1f890398-4097-4bf6-9657-8d7929b02c71,T2,False,0.000271,0
ad8293d4-fdbb-43d9-b85a-783fb48a4a96,T2,False,0.000271,0
4dd397d8-837a-4d9b-a169-277cd0176c69,T2,False,0.000271,0
847eff73-a4fa-4737-acae-b4093880077c,T2,False,0.000271,0
e8cc94fe-04de-48c6-a02a-7dd27600cfa7,T2,False,0.000271,0
5afe2805-30b3-4031-b814-7e1e0dd387b2,T2,False,0.000271,0
614ec2ef-f5d5-47ff-8f31-69c1afd63e17,T2,False,0.000271,0
421c8307-59c1-4054-9177-a81b96601546,T2,False,0.000271,0
b4de6b2f-6898-4c2d-b94c-65dccc9b81c0,T2,False,0.000271,0
2f7b1a00-25d4-459b-96a6-a18a64629392,T2,False,0.000271,0
eccd5799-5e2d-4efb-b812-2378104812b9,T2,False,0.000271,0
dc4b3a20-b5dd-407a-b858-0be9af1515ea,T2,False,0.000271,0
80c0046d-4fed-418d-bcf6-4df8c6cf2354,T2,False,0.000271,0
43ad7688-ff5a-4107-8a6a-be779a553321,T2,False,0.000271,0
d9798898-495f-4e7f-9ac6-2f0058eaf959,T2,False,0.000271,0
56b8537f-c820-4b3c-832f-99fefb06c3fb,T2,False,0.000271,0
f4767bb0-0e2e-4318-bc89-f7865465e6a1,T2,False,0.000271,0
c42a776f-c6a8-4e40-b358-392ab862154c,T2,False,0.000271,0
e7206cb5-1d0d-4745-9213-14dfb4959f87,T2,False,0.000271,0
75aa1702-39fb-446e-9438-d974bbd11d3c,T2,False,0.000271,0
b31c6649-dfff-48e2-9ee5-9a94f41eee59,T2,False,0.000271,0
5545adc5-fc3f-4d30-9f16-77afc6069c6b,T2,False,0.000271,0
f6cc8108-807d-49f2-a31e-565cb45071f1,T2,False,0.000271,0
dbac2c7d-36d0-4031-83f8-3212cfffdb08,T2,False,0.000271,0
f064fec1-7820-4e07-8e91-5c2b80ea2c80,T2,False,0.000271,0
ca5e4920-2401-4a92-af52-8468a739360a,T2,False,0.000271,0
398b15f7-8f75-4839-b438-d0d232769247,T2,False,0.000271,0
28347165-7886-4ea0-a5f5-ef227dba007e,T2,False,0.000271,0
b228d4f5-b86b-4a4f-b19a-d64221fecc6d,T2,False,0.000271,0
70a600fe-7a35-45e1-8b9b-773536fd6410,T2,False,0.000271,0
dd7e9036-4c81-4278-b406-04b24fbf3921,T2,False,0.000271,0
5450efbd-c9a7-450a-bebc-b429d9f856d0,T2,False,0.000271,0
fcaad7dd-b8d7-409e-aae6-e09d56f0f02f,T2,False,0.000271,0
4e7226b5-7c6c-4200-8d70-ad31503cbf1c,T2,False,0.000271,0
eb8e090b-f905-4547-985c-c3e3c969157c,T2,False,0.000271,0
a7853415-79da-4f22-bb6d-549c3f409db3,T2,False,0.000271,0
b79cc574-fcb0-441f-888a-9e6dc925f7f2,T2,False,0.000271,0
72c799e3-a972-45ab-94a1-b5b8b8c9fcf0,T2,False,0.000271,0
76f5bc4a-61ae-4c5c-8d77-db705ddf50fc,T2,False,0.000271,0
91218db0-1b62-4408-9634-1e48431a1e86,T2,False,0.000271,0
25beb3da-056d-473b-b834-6abd5ddfefd9,T2,False,0.000299,0
7eafa8ec-5677-448e-8b88-a4f8df011500,T2,False,0.000271,0
44d355ec-8718-4c81-a124-726341294b59,T2,False,0.000271,0
a5457d41-1da7-4f9d-9e98-73955be45b8b,T2,False,0.000271,0
f47c069b-f707-45dc-ba15-fa6ab758effc,T2,False,0.000271,0
2b565995-f78b-44fc-83a1-f16e332635d8,T2,False,0.000271,0
4fa3eec6-1e36-45aa-8d8a-a1a3598efc79,T2,False,0.000271,0
591d286a-f331-4005-98ea-212c3414fb3e,T2,False,0.000271,0
4b423032-e56a-41d0-966e-c0b664e573a1,T2,False,0.000271,0
8a078eca-8c06-474f-8ac1-60762361772f,T2,False,0.000299,0
82ddbe5e-a979-4bbb-8f47-90fa95cafbfe,T2,False,0.000299,0
ae9e11ff-1866-4d75-a339-5d1b5e75ab46,T2,False,0.000271,0
37677d00-5e60-471b-aaf2-85a7577b1e40,T2,False,0.000271,0
908c9a33-a0e1-4023-b4c5-0ad2a820df5d,T2,False,0.000271,0
34281ae9-0704-4ac8-a7be-782c81254f8b,T2,False,0.000271,0
bbca7e6e-a614-41e2-892f-8acc1f64c216,T2,False,0.000271,0
61d2437f-3113-4532-bff2-edc62da71337,T2,False,0.000271,0
1e364176-1350-41bd-9151-7b8bbf8f480b,T2,False,0.000271,0
84daa26b-a755-4f5b-a011-67c0f5cd1fa7,T2,False,0.000271,0
eae1211c-6720-49d7-801d-a374707661d0,T2,False,0.000271,0
ac4bf5d8-a88a-4062-80b1-4bec18550963,T2,False,0.000271,0
9c80edc7-63a1-4fa4-92fa-a3a82f4182b9,T2,False,0.000271,0
a70fa3ec-9eec-4e77-9e25-eba2d56d3e0a,T2,False,0.000271,0
e20d3848-fe7d-4775-ace6-4baa714efff6,T2,False,0.000271,0
4ceed239-6089-41a7-8f10-c937c965a56c,T2,False,0.000271,0
61f32f5f-37c7-4e09-92c1-e2bf34d52309,T2,False,0.000271,0
972728fd-822f-43ac-b681-a17af21ad987,T2,False,0.000302,0
d7d9232c-1c9c-4c46-a94e-5267211b2eaf,T2,False,0.000271,0
e8bd2165-bfd1-4d05-8c71-3fb3454a6ea7,T2,False,0.000271,0
da6906da-1925-4351-acc0-e417605fccbc,T2,False,0.000271,0
65a85efe-4753-4f8d-9092-a325b2935e99,T2,False,0.000271,0
57022b67-b732-46ad-a004-a0055f5ae0f3,T2,False,0.000271,0
59663558-caa3-40d3-abba-fd2c760be983,T2,False,0.000271,0
ee0dd623-55cf-446d-b8ed-1bc19c09f58d,T2,False,0.000271,0
3c9ebbb1-9da1-4b51-a526-2de755d81fe1,T2,False,0.000271,0
29f4e9b4-6450-45f5-b84d-c06f4f032181,T2,False,0.000271,0
6292cc4a-c5aa-4e22-95bf-b0a7f49ff97e,T2,False,0.000271,0
27c72c67-61a7-410b-91cf-dc6c4548b163,T2,False,0.000271,0
cbbc9a1d-1c28-4c29-802c-f88774aa39b8,T2,False,0.000271,0
bcc3cac7-f131-498d-a3b6-1cb7840bef5c,T2,False,0.000271,0
8a9734eb-0f26-431e-815a-33a6fcfb821e,T2,False,0.000271,0
796f3f0c-fb42-479b-9089-dc8bfe098546,T2,False,0.000271,0
99a51139-702e-45b2-bafb-9ee821d636e7,T2,False,0.000271,0
60b426cc-a9a8-4114-907c-1700729e1599,T2,False,0.000271,0
584c8e40-00dc-42c4-a07e-deadcec0f6e4,T2,False,0.000271,0
bd164ddd-e437-42e1-9571-bff550602d50,T2,False,0.000302,0
ca1b4c5f-1806-49bf-92f2-24173a86dbc2,T2,False,0.000271,0
e89d37e5-b9ad-4dc6-b25d-29b48646b68b,T2,False,0.000271,0
51b8f3a5-35bd-4f10-bdc2-b0188189d9b7,T2,False,0.000271,0
d530548d-11f0-42d6-afa5-e0d8ac8f7d16,T2,False,0.000271,0
54f5f397-a545-45be-83f3-a6c99e32ac5e,T2,False,0.000271,0
eca60c71-fe0f-4ab0-b90d-2de37e68acd9,T2,False,0.000271,0
e5e2a4f0-38d0-492c-b9c4-fe52a23c778b,T2,False,0.000271,0
739fa601-6de4-40d5-b065-18eedf6d1d24,T2,False,0.000271,0
7616f6a0-28d2-48bf-95d3-f56f77539c87,T2,False,0.000271,0
084a697b-7dca-4a5f-88ae-427bec0ac82b,T2,False,0.000271,0
7a8df1aa-fafb-4b87-8988-2aaeabba85e3,T2,False,0.000271,0
243ed112-3079-4847-8092-61b9daba3a1e,T2,False,0.000271,0
229168e9-7a58-4f8c-940c-5130d4705e69,T2,False,0.000271,0
0cf17b03-93b1-4c21-b220-e7153ed88496,T2,False,0.000271,0
5c1f4cbf-6cbb-451d-a030-d3a246e3f715,T2,False,0.000271,0
cc2d701e-0254-47c9-b957-4f5a10cb8111,T2,False,0.000271,0
1a0b9fa2-b2a9-47dd-989d-8ea3b1ff19d8,T2,False,0.000271,0
d3846734-17b0-40b9-be9d-2b7e85c15e40,T2,False,0.000271,0
6edfe292-f7d4-4c94-a621-77dd5d9ff0fc,T2,False,0.000271,0
1143e90d-2bf8-4761-b5ab-328d66cfd259,T2,True,0.999699,1
fe4fd3df-15f1-4089-85f9-a20753876bea,T2,False,0.000271,0
dc1bcdd0-fdfb-45a3-a3f0-d1dcde6dc907,T2,False,0.000271,0
d23c00c7-47ba-4318-800c-9bffae72aca9,T2,False,0.000271,0
bb997167-b2f7-43a7-8016-8748b215e947,T2,False,0.000271,0
9db14b1b-a1ce-4455-a6e9-304fbd32a594,T2,False,0.000271,0
96b26f7a-7472-43f3-818b-6de69bb6487d,T2,False,0.000271,0
d6a5b1a4-f956-44b2-86c5-681df9cdd26e,T2,False,0.000271,0
91c25c8f-20cd-48f7-a838-e9a24f94493b,T2,False,0.000271,0
e4925f99-daac-45b4-87af-5cb08283fbe6,T2,False,0.000271,0
d3c637ed-fcc8-495e-9077-6a9db0ceefa5,T2,False,0.000271,0
9351cd34-4a33-4c24-915f-3b8e72c49332,T2,False,0.000302,0
b45a643c-d1e2-499e-98a7-03996da8e27b,T2,False,0.000271,0
208fbd55-d132-4ea0-9171-78c954a5fdb9,T2,False,0.000271,0
24ca3424-a7ea-461f-9d0d-b9ef8e3a5a4a,T2,False,0.000271,0
bc77d311-5093-4c47-98a9-1115af54b617,T2,False,0.000271,0
7502a8a2-05ff-4b44-a9ef-709fd230c5e8,T2,False,0.000271,0
ce1ce6b3-fd06-4257-a413-a00acc042d73,T2,False,0.000271,0
4de93d3b-2884-4424-960a-fdaee5da7b1f,T2,False,0.000271,0
cebd0d12-093f-4b30-8cda-9bce483204ac,T2,False,0.000271,0
4b5fed18-be29-40ef-94e4-c84a453d32c3,T2,False,0.000271,0
f24f6e7f-a08d-4755-8f0e-fe3aa5ffb975,T2,False,0.000271,0
c7abb14e-c9a0-46d4-a510-34d0ab99c63f,T2,False,0.000271,0
de8d1c12-b6ff-4372-8335-bc0012a317eb,T2,False,0.000271,0
f83ee271-c28f-4c84-874c-d9eb6a5951eb,T2,False,0.000271,0
d08382de-6ef3-4d41-9cd3-56652a329637,T2,False,0.000271,0
ab66db08-c63f-437f-a1cf-172ecf8605b9,T2,False,0.000271,0
f266105f-b273-4c8b-9d5b-45707ba7fbfb,T2,False,0.000271,0
d396ee2c-815e-4e38-ad4b-cd1c6a1c91ce,T2,False,0.000271,0
fc7a7c17-df9a-4404-a6e4-a554998581f3,T2,False,0.000271,0
83c46b2a-357e-4378-b25b-5500c1693f88,T2,False,0.000271,0
fb7d792d-feac-47f6-b57a-18ff84fcf422,T2,False,0.000299,0
70604241-2a9d-48d1-aca2-7c6ac4030c6d,T2,False,0.000271,0
ef4a1304-f648-48ea-b763-e8c2af329b57,T2,False,0.000271,0
2fa1bdbb-6df4-4a6a-a58f-d1c4c02f5867,T2,False,0.000271,0
0e84c5d6-9ad3-4da6-8210-53209db34ecf,T2,False,0.000271,0
c73bc735-d9eb-44cc-b760-f0e614572852,T2,False,0.000271,0
ccdd67fe-45d6-42c9-9902-52abddadfe2c,T2,False,0.000271,0
88060f16-7397-47d8-bf9b-43f8c54c1853,T2,False,0.000271,0
395761ce-af7a-43a2-a17f-6ec01e313090,T2,False,0.000271,0
47824519-e23d-4940-ab23-16aa9060aef8,T2,False,0.000271,0
5f77447b-120d-4351-a014-5aa218c04301,T2,False,0.000271,0
0f1fe829-1c62-4a66-9669-028eb3a92ca8,T2,True,0.999675,1
63fb9801-3c11-418e-b24d-516e334dff35,T2,False,0.000271,0
62f5eb09-5e1a-44a1-9e7c-43f73c849381,T2,False,0.000271,0
90f7f1d5-70ac-4d00-90fb-65499e63be78,T2,False,0.000271,0
d41257c7-edab-4ced-8d0a-6bdb8d3c6494,T2,False,0.000271,0
20140685-e026-4988-b22b-179e097255f3,T2,False,0.000271,0
bff91279-6f75-4955-91c5-d0288ef3cf12,T2,False,0.000271,0
6f79c0cb-bf7f-4b88-8d39-434dbfe06223,T2,False,0.000271,0
78155979-1089-485a-ab6f-3b028497e4e1,T2,False,0.000271,0
b539d1e0-d621-491a-83fd-c4f271768c5f,T2,False,0.000271,0
4ea5bafd-4600-4ef5-bf01-f47ed40118fa,T2,False,0.000271,0
2f327e52-bde4-4e45-b5d5-e4491575c1f6,T2,False,0.000271,0
dcc6b724-7ba0-4bac-9b42-d2a9be7b8fcf,T2,False,0.000271,0
114f6bc0-b283-4933-8bc0-aedf9d0d102f,T2,False,0.000271,0
46b337bd-dab7-40d0-aea6-bc309c90c66b,T2,False,0.000271,0
6b939864-a43f-490f-a891-a819356f7a0f,T2,False,0.000271,0
7d46607d-461c-48c1-b025-bb701daa3003,T2,False,0.000271,0
98656692-01de-4a1c-a8c7-1f6c5ee570e7,T2,False,0.000271,0
08f61cf6-ae07-4631-84af-6ba8532a2806,T2,False,0.000271,0
0a59744e-78ac-4f5b-9833-b76d25eeffe9,T2,False,0.000271,0
cfa77370-8e2b-4b2d-89d7-418ad9d44573,T2,False,0.000271,0
5230d598-e69e-4b2b-ae16-aeb26bdc7323,T2,False,0.000271,0
c8bb1638-4e43-4026-a2f5-fb1d02482ea9,T2,False,0.000271,0
1ba4e442-647f-4f04-aaab-461b55b9d36d,T2,False,0.000271,0
01b8169c-e85c-4a3e-bf11-5cb9e9adb968,T2,False,0.000271,0
8eecbc61-1152-4c44-8de8-325fdcad79a8,T2,False,0.000271,0
be48bbd6-35c6-48f0-9899-31a00b331aeb,T2,False,0.000271,0
3b9fe055-f84b-4cc6-8e3c-2513cd17e0bd,T2,False,0.000271,0
33d7679b-8584-481f-b61e-a4f893fcf4aa,T2,False,0.000271,0
32e5b46d-5ba3-4297-8ad2-8a1c5308ad33,T2,False,0.000271,0
9f437a10-d5c2-4874-abc3-b1d09ab1b858,T2,False,0.000271,0
044af1ab-5025-44e3-ba80-4a267129ee06,T2,False,0.000271,0
a72bcbb1-4300-4f06-8255-0018e74fa04b,T2,False,0.000271,0
fffd1e0a-c1fe-465f-87a1-0d31b7a915e0,T2,False,0.000271,0
d5ce966d-e2a2-47df-aea4-94873d0b9f53,T2,False,0.000271,0
d272104e-b0e3-468d-8acf-062000740805,T2,False,0.000271,0
cb46df6e-5958-43a5-b9df-a35b49716303,T2,False,0.000271,0
9af01227-f532-4be1-b9db-af95405650e3,T2,False,0.000271,0
ff4b3cb1-a97d-4fcb-81fe-d68fd5abdcdf,T2,False,0.000271,0
5b752fc8-0fbf-43d3-a3df-1669532deec2,T2,False,0.000271,0
9ff9da09-b7eb-4ee8-a8d8-333f57213be6,T2,False,0.000271,0
bc1aa323-f10c-4e44-84b4-181192609a31,T2,False,0.000302,0
59422796-bb30-42f7-ba11-f7394a5a0c70,T2,False,0.000299,0
8c41bd45-8a83-4c17-b848-7580c4d0870c,T2,False,0.000271,0
b958e7cc-5b0e-4593-9144-d5f91bdae4a4,T2,False,0.000271,0
550c3633-f47b-484b-ad74-834d08f2ac0f,T2,False,0.000271,0
a9bff43d-a8f1-4162-8b30-72626e24ab91,T2,False,0.000271,0
4d64cb28-f9a9-4890-b59c-b03c3b1aad78,T2,False,0.000271,0
b00bd5c1-6ac8-4f6a-a103-78fdbcba93fd,T2,False,0.000271,0
f54aa65c-f97f-4cdf-a61e-b454520f20dd,T2,False,0.000271,0
1ed00ac4-b658-4670-87e5-e40e6c26cdf7,T2,False,0.000271,0
8726f625-9382-4963-9583-48e076dafcb5,T2,False,0.000271,0
47751bf6-02eb-41e1-b884-1e212e7868c7,T2,False,0.000271,0
1e178678-0226-46e8-8720-19bc041daa41,T2,False,0.000271,0
5890bf8b-e7ee-4c3c-bd7c-0a415c3fc0c5,T2,False,0.000271,0
b0f6ce17-d15a-4950-b5ee-4cc4f224b85a,T2,False,0.000271,0
92262faf-c5f3-4577-bc24-d6363c3a06c5,T2,False,0.000271,0
64d9d21e-01b7-4428-b38e-e22e79da3806,T2,False,0.000271,0
d610714f-c46f-4e81-9ea6-fcc0130c7ed2,T2,False,0.000271,0
7a6d118c-7834-421a-91d7-467fc48e5b37,T2,False,0.000271,0
32ca1962-94fe-4039-80cf-f708f6462a7c,T2,False,0.000271,0
f6d658d9-9cd9-4b25-860d-ed667bd62996,T2,False,0.000271,0
ed3b921c-2b72-4b6e-b124-890bfc4feef8,T2,False,0.000271,0
30bb499a-92aa-4fc4-b113-21c89141537d,T2,False,0.000271,0
2c08b4c0-59b5-4a93-9cc4-0639cd59494c,T2,False,0.000271,0
5297eb1c-cf31-4d8c-89aa-cedf4c6150ef,T2,False,0.000271,0
169caf24-1e9d-48f8-8ada-26d9f21e5f63,T2,False,0.000271,0
ffb9d9b6-90ed-435d-b73d-c0272270840d,T2,False,0.000271,0
183cef1f-f6f9-4e8e-8db7-981cc1d5fce0,T2,False,0.000271,0
d3a176ef-f8f4-4865-8a18-7cee0516c6ec,T2,False,0.000299,0
9f416e53-bfe5-4521-9f1a-269f74220822,T2,False,0.000271,0
173105b3-3571-4df4-8485-3f15b201f1e7,T2,False,0.000271,0
841a7a55-a167-4021-b828-a6ab3de088e8,T2,False,0.000271,0
82f7031d-1967-40d8-8702-eef2fffc2a7b,T2,False,0.000271,0
3e78db62-e6b7-4ecb-a23b-6748769a1fd6,T2,False,0.000271,0
62d04256-b8dd-4cf1-885a-b894fb385130,T2,False,0.000271,0
9de2a8c8-8ddf-44d0-b5b1-1b5ca677473c,T2,False,0.000271,0
af17793e-8b71-45a7-8163-c546213b368c,T2,False,0.000271,0
ed97250a-9fd7-47db-afab-d75f396eb5c4,T2,False,0.000271,0
0a99f9a0-207a-488d-abbb-d6e348400f5a,T2,False,0.000271,0
516f2b48-c6fe-4572-b7b5-e2e8c78e3606,T2,False,0.000271,0
8bd006b2-e567-4ff2-ad2d-1bceed460672,T2,False,0.000271,0
d1610b1c-30b4-4383-9fba-b1f985969153,T2,False,0.000271,0
a5dd96cb-c3ce-4df1-b749-fa1be6f7b978,T2,False,0.000271,0
19326a31-efa0-48e3-bea7-f6d69c65fe10,T2,False,0.000271,0
5ff096f8-33d5-48e6-91bf-4bfaf977c782,T2,False,0.000271,0
94ffc807-ac20-4dbf-8bfa-5abccd03d3cd,T2,False,0.000302,0
ec97d8ef-af91-4c74-8e8d-ce7e028d8a40,T2,False,0.000271,0
23dd001d-0bc4-496c-bf34-eefab9dc9557,T2,False,0.000271,0
7613140a-0d1a-4138-b75e-1c17723e0006,T2,False,0.000271,0
e00e8e79-a71d-49ca-b48e-8b3e1365332e,T2,False,0.000271,0
c402b46f-c7c9-4afc-ade5-09c43ba97fbe,T2,False,0.000271,0
96dfe390-9f04-479f-b6c3-a21f0a179bcc,T2,False,0.000271,0
01be3b53-846e-470b-92f0-a028378e3dd0,T2,False,0.000271,0
d7fc20b2-5450-4029-b0c3-4574ab8e15ef,T2,False,0.000271,0
289c81a1-8b51-4033-b5bc-8098afe89b4a,T2,False,0.000271,0
b9b3a849-4266-4b0d-b3c9-e1ff30c5cd75,T2,False,0.000271,0
65d4de3d-fa9b-4cc8-afbc-2572187c69f2,T2,False,0.000271,0
551ec25c-e022-44e6-a4a2-b17a2c56d9aa,T2,False,0.000271,0
90f1fb57-3bc9-4e20-917f-c940f14e5e62,T2,False,0.000271,0
d6a218e3-95ef-4247-98df-77e20786f287,T2,False,0.000271,0
d126b9d0-8087-4771-9627-1d86c5366750,T2,False,0.000271,0
63f6e111-5c97-488d-ab8d-f7a9cff30c2b,T2,False,0.000271,0
f6af46ba-770e-4134-b07b-83a5c321e953,T2,False,0.000271,0
16cae215-8ed7-46fc-9750-3ad522e453aa,T2,False,0.000302,0
8a39fcb9-022c-45b6-9efa-357568a56f20,T2,False,0.000271,0
b1725024-3263-4fd4-b884-7fae1750f575,T2,False,0.000271,0
2f60f975-44b4-4418-b2ed-a122b934c4f5,T2,False,0.000271,0
ab4dd2bd-18f2-4bf5-bea6-943ff68ce15b,T2,False,0.000271,0
229dca58-fe27-45b4-b9e3-f9b034b0749f,T2,False,0.000271,0
2a38dd19-04ef-4eac-a41d-9a1063388514,T2,False,0.000271,0
20e47c30-985a-4a26-b721-f3fb66d908b2,T2,False,0.000271,0
72643c02-9912-4d5e-8998-638bd46e2db6,T2,False,0.000271,0
8f7711ee-32e4-40cc-8971-1d86d668185c,T2,False,0.000271,0
a4164f67-11e3-4105-a5d0-420c9f13a79d,T2,False,0.000271,0
159b6a44-4b2d-4477-b1f5-4f6edc99b04f,T2,False,0.000271,0
b97cd9a7-8019-4ea9-98d3-77b4adca553d,T2,False,0.000271,0
07faa422-692b-4508-8ccd-9c63030d752c,T2,False,0.000271,0
df7f08a3-f25c-449c-8908-75cb34327370,T2,False,0.000271,0
301d0ec7-a60b-45c4-b70d-826c0935606f,T2,False,0.000271,0
96989426-63dd-4faf-a44e-e732e778bdf9,T2,False,0.000271,0
f5d2f6eb-d2b1-4fed-a7a6-5df89e578027,T2,False,0.000271,0
2dac5493-f38e-4a7a-a583-98f1a9fd306a,T2,False,0.000271,0
af3777c1-6166-40d8-b2b1-c639d64b2b28,T2,False,0.000271,0
9a11389f-2cbb-41d4-ac5d-89a51a623a88,T2,False,0.000271,0
e064ff65-5fe0-433f-8b08-5f80529b1fae,T2,False,0.000271,0
00b8f5da-5171-4dda-b5fc-5bbe8d033951,T2,False,0.000271,0
767664db-eca9-4bd5-9e59-4f15c86e4105,T2,False,0.000299,0
7dedd8a4-4799-46ba-9317-b906f8049446,T2,False,0.000271,0
e47a2584-9cc5-4e46-bf98-2e3354898bb6,T2,False,0.000271,0
d1f07822-1ec3-47af-a181-6c6b0adaa37c,T2,False,0.000271,0
2afe429c-b245-4b05-9f69-9e155b50511c,T2,False,0.000271,0
6660bd52-be41-4558-b30d-d659679e26f9,T2,False,0.000271,0
f2239246-d2c2-460e-92d6-665b2fb93406,T2,False,0.000271,0
c0137f43-1c24-4fa7-8e81-ba1276fabd55,T2,False,0.000271,0
5c9d42c8-f19f-4937-9437-f06eea78f620,T2,False,0.000271,0
fee385cd-e36e-466d-827d-c77c6c817ebb,T2,False,0.000271,0
66b693a9-ac6b-43a8-8a24-a02ae52838aa,T2,False,0.000271,0
2bfb5130-e6c8-4983-a7f2-99ef67dbb866,T2,False,0.000271,0
7440dc58-5772-428c-9090-72f24741fb66,T2,False,0.000299,0
5d54f1aa-b4a6-47eb-85d3-51fa53dd2e51,T2,False,0.000302,0
15e5782c-b7be-4d86-aa81-3238c1ada9aa,T2,False,0.000271,0
84c7e089-2658-4a4f-b1eb-e1ad06b96429,T2,False,0.000271,0
e6ea6c2e-bf10-4931-aad2-b62fd27269cb,T2,False,0.000271,0
7501ea53-bfc2-41a2-8d4e-3da99df7c98b,T2,False,0.000302,0
13386375-3fc5-4bad-bd0b-d71b59158781,T2,False,0.000271,0
8cd44065-48cc-480f-b49e-f42894652bf2,T2,False,0.000299,0
700f419f-1371-4860-bfaa-d0d76f372894,T2,False,0.000271,0
5a17907b-e51a-4c19-9e70-36229e861ce3,T2,False,0.000271,0
b14c98bd-929d-4533-96a9-4f89193e4dde,T2,False,0.000271,0
92b1439b-dd59-4cc9-bdfc-0fe8fe5b1fee,T2,False,0.000271,0
c3aff0f1-fb83-43b4-a118-ce7357d33e37,T2,False,0.000271,0
f3f7003e-bb53-4f3a-9e15-c28cd9569b95,T2,False,0.000271,0
0498e185-a7bf-4817-8c15-e53bec49a912,T2,False,0.000271,0
5bf49904-5315-4f31-9683-ecd62fb6a2a2,T2,False,0.000271,0
842a218c-660c-4f10-afd8-692928f7e772,T2,False,0.000271,0
0bb5efe1-7826-4d93-bb4c-1117ecba7120,T2,False,0.000271,0
b139e26b-4043-4121-a8c1-15d33ff5af27,T2,False,0.000271,0
7c31dab6-24a2-4972-8dae-ae46475dd7b0,T2,False,0.000271,0
8108b65c-806a-4cb8-8116-06a05f3dd6bf,T2,False,0.000271,0
a67af250-2607-4fae-bef9-9fb1e9733dd3,T2,False,0.000271,0
19fed8c1-658e-4c31-81ee-380f4ce60d72,T2,False,0.000271,0
56e26a42-d2d5-4cf6-91c3-c9268d6627f0,T2,False,0.000271,0
a411db8c-d285-48fe-8837-a9c13338c5a9,T2,False,0.000271,0
f3a805e3-05b4-4ab3-b027-da3c659a5eff,T2,False,0.000299,0
530d5a15-a062-42ac-b9d6-4910295581a3,T2,False,0.000271,0
4b7c7602-49ec-4373-aa6b-fe9940e8f3f4,T2,False,0.000271,0
a2628787-19ee-426a-a995-99b8cd17d0a5,T2,False,0.000271,0
c26b353b-857a-4390-b665-13febe6e1604,T2,False,0.000271,0
8ac4df84-1a7f-4e14-9dae-d67e08a0acb7,T2,False,0.000271,0
b87d221e-b82c-4c1a-81c9-abe27a547860,T2,False,0.000271,0
4996406f-6df2-469c-9f33-a31ca684b8cc,T2,False,0.000271,0
2bad5557-7344-4351-bc95-c7cc982f7e0b,T2,False,0.000271,0
76f46c36-730f-47f7-acb7-1234a37574a0,T2,False,0.000271,0
a9d22d3f-621b-45ce-80a9-e37b22d9f642,T2,False,0.000271,0
32bb474e-e9f9-426b-8dd8-4e5aa0bc6c23,T2,False,0.000271,0
dbdf28de-b809-4796-800e-12ba09c67b59,T2,False,0.000271,0
d2a43e30-3bb0-4d97-97b8-364b29a858c7,T2,False,0.000271,0
e55f2eb9-14c6-422b-9bc0-92237f797ff6,T2,False,0.000271,0
0d74a1a0-5e62-44e9-a13d-c2314c41dd64,T2,False,0.000271,0
178d9fd4-68a2-47b6-8fa8-2ec39cd80419,T2,False,0.000271,0
8218647c-1345-4166-a744-ec046e52c00f,T2,False,0.000271,0
89fc8371-5bb8-43a2-8532-d99d1163c3c9,T2,False,0.000271,0
fde4251d-4c05-4636-9c78-0e0bafd25b8b,T2,False,0.000271,0
788fed6c-9a9e-4b59-82dc-8e1b0544deb6,T2,False,0.000271,0
0bfe2c2b-e58f-4ae3-8beb-bf8a86b9513e,T2,False,0.000271,0
39262c5a-5267-41cd-a307-91bd1722fe15,T2,False,0.000271,0
c7119b3d-3513-4255-b03d-2019677d02fd,T2,False,0.000271,0
adf77d05-811c-4134-ad04-b240371fab59,T2,False,0.000271,0
8e28447a-ca08-405f-8573-dc2aa5934f32,T2,False,0.000271,0
82027595-2196-4a16-8488-39e556beb30c,T2,False,0.000302,0
55df3574-8dea-4a89-a5a1-f4b544072fa4,T2,False,0.000271,0
9d506d3e-11d9-48ad-8b3c-528a85f542d4,T2,False,0.000271,0
08de59a6-082c-42e5-829a-ce08c961578c,T2,False,0.000271,0
2549f235-4e7a-4142-a799-4d7c72bd40df,T2,False,0.000271,0
cbc06998-2897-46d7-93a0-b1ffdb19a100,T2,False,0.000271,0
ceba0031-9859-47b0-af99-9bd7b2413edb,T2,False,0.000271,0
825028a2-b479-463f-856f-acea54ac5821,T2,False,0.000271,0
b8131ee1-c3f7-4137-bc73-1de9a54bed4a,T2,False,0.000271,0
53187212-8953-44f6-8df2-a83839a8a57b,T2,False,0.000271,0
45b0c24a-e75e-4ffc-89fb-ae1fd4d429bd,T2,False,0.000271,0
316af6c5-208e-4b30-9ab8-596a3bf14559,T2,False,0.000271,0
af929f29-c912-469c-807d-3d016ab3419a,T2,False,0.000271,0
dc8aef9d-d10e-4eea-821f-a6deefdbf09c,T2,False,0.000271,0
514a4817-6a4f-4397-b454-cbe90a217cf8,T2,False,0.000271,0
c57bf342-e447-4d36-b15f-7167d8a49aa3,T2,False,0.000302,0
2b6885de-419f-45b2-81d9-b77aa4f5cf27,T2,False,0.000271,0
6694dfca-355a-4360-abc1-d5b2166c20a6,T2,False,0.000271,0
de594305-495f-4551-965d-2d525ae795fd,T2,False,0.000271,0
b0944281-809c-41c7-bbde-141d763d6694,T2,False,0.000271,0
9f478dee-903a-485b-86bd-e75b6c29d2b9,T2,False,0.000271,0
5fcabf2a-2b95-4f22-8b36-452a11ce34ee,T2,False,0.000271,0
5838978d-2100-404e-a9dd-8d5c59845ea8,T2,False,0.000271,0
e0e14e18-6c6a-4ebc-9a4a-727e628409b4,T2,False,0.000271,0
f147c7fc-2d8a-4ddf-b8d1-ffb41b06bbc1,T2,False,0.000271,0
5d39751d-0f72-4597-8954-76a4800ee042,T2,False,0.000271,0
839c65a6-fe3f-4ba7-99da-ba00f9b34b6a,T2,False,0.000271,0
dc850166-da20-4b26-8da1-aab67824c511,T2,False,0.000271,0
7771cb6f-0498-47e7-96f5-4daf84f1e4cf,T2,False,0.000271,0
ffee7cd1-46de-47d4-86ab-28ba3ee6c384,T2,False,0.000271,0
6c5545c7-989a-4e22-8da1-b8050b7b7c9e,T2,False,0.000271,0
c6767958-3377-4ed0-bbdb-1637e884a899,T2,False,0.000271,0
c4daaad3-b242-406c-a1d3-50c839f44e28,T2,False,0.000271,0
3ae7b852-5f42-4663-b462-43fc9ced6252,T3,False,0.000271,0
f8b2a232-8bd3-42c1-9c2c-89187da19ac2,T3,False,0.000271,0
c13f302e-897e-4d37-8cb9-2e1c80ee5a8e,T3,False,0.000271,0
70e58a05-03f0-4b6f-af00-cb0ab4cdc3b2,T3,False,0.000271,0
9b2e08f8-1a95-444e-928d-6868ef4579bc,T3,False,0.000271,0
7ff45ed5-493a-4d67-9226-a45e88e10569,T3,False,0.000271,0
7882eaac-a8ab-4333-8659-d4c75eba5e04,T3,False,0.000271,0
13bcbd3c-c62b-4505-97aa-6dd387fa3c4b,T3,False,0.000271,0
53b8fb7b-55d4-4641-bbda-b1b5e753352a,T3,False,0.000271,0
8bd09811-8be4-48e0-aad4-dc3a7721051c,T3,False,0.000271,0
87272fa6-01f2-4402-af7d-671cfc8f5517,T3,False,0.000271,0
413ebfed-586c-4548-a746-185829a4250a,T3,False,0.000302,0
884750f8-116b-468e-ba65-5cd03d9f152d,T3,False,0.000271,0
e18acdc2-ebf3-4ffe-b031-d80f5fa8a3ba,T3,False,0.000271,0
517cf869-5809-419f-955f-edc5d4ebc802,T3,False,0.000271,0
46a9b291-d115-42ea-af25-1baab16c1d97,T3,False,0.000271,0
28209503-ce75-4060-a258-f3a173873185,T3,False,0.000271,0
320e2e77-126b-4c58-bf17-b54e0e51de75,T3,False,0.000271,0
b56493fc-de26-47a4-80b7-d896399d3170,T3,False,0.000271,0
bfbe90f7-4dda-4538-ad0b-458486454bb4,T3,False,0.000271,0
f044d87f-a62a-4c03-849e-ca7959c8be19,T3,False,0.000271,0
70458e74-f0d3-44b2-add9-7f5659cb9367,T3,False,0.000271,0
4a752c46-7f59-48f8-b0c1-6cecbf566c4c,T3,False,0.000271,0
523409e3-52ac-466e-a37a-6b46ced65009,T3,False,0.000271,0
35885b72-f4bf-4bff-90c5-dc226b9cc4da,T3,False,0.000271,0
c361628f-a248-4e10-8f8a-82f7686012b3,T3,False,0.000271,0
db07abb0-8cd6-40da-8a30-e22c02312c9f,T3,False,0.000271,0
e8da20dd-efc8-4c26-987f-136305fa32b7,T3,False,0.000271,0
edf0ab71-b3ee-495e-8eba-56b20961a6a6,T3,False,0.000271,0
f3d7732e-b188-4779-a1b2-2f17e125d6db,T3,False,0.000271,0
1b7e1998-e9d9-4bd2-89df-7d1623247f06,T3,False,0.000271,0
a245e028-9b16-47e5-a6a0-4658d1a69373,T3,False,0.000271,0
1cce8938-21fd-4d1e-8baf-84fd6f776a94,T3,False,0.000271,0
16581a33-5df6-478f-986e-04f283c5f68f,T3,False,0.000271,0
4452ca00-ee61-4a0e-9c42-e452a2610eb8,T3,False,0.000271,0
fb61aad3-1576-46e4-8df1-7e152cf5b18f,T3,False,0.000271,0
e98046b5-0a88-4a79-a793-6229d43870e1,T3,False,0.000271,0
313ae229-d05b-42d9-aded-9c9738e6336c,T3,False,0.000271,0
3f15b379-16b4-48a4-ac1d-afe8f6298978,T3,False,0.000271,0
1ccf43f1-2fed-4c49-bdee-cd2c1211de16,T3,False,0.000271,0
bbe5a673-b18d-4f0e-9584-141ff2cf8e33,T3,False,0.000271,0
86389edf-7979-4e8c-b023-b9ad4e96613c,T3,False,0.000271,0
e7b8a1ac-e153-499a-bbde-94bc0bf4f9a1,T3,False,0.000271,0
42fc1774-2061-4a89-8734-17bd5f636712,T3,False,0.000271,0
428d28db-d83d-41dd-b7a6-e075331b62bc,T3,False,0.000271,0
df63a548-a7ad-4121-9f53-036f81dd2798,T3,False,0.000271,0
184d8a5e-4624-4f7d-8eab-247a9278b61f,T3,False,0.000271,0
7886eb8a-34d7-47d6-9b22-a9dbd7f4d300,T3,False,0.000271,0
10a12e40-74b3-46f8-9413-67de956fa059,T3,False,0.000271,0
b18c1b43-593a-4f58-8379-9294a019c39c,T3,False,0.000271,0
36ab104b-c0b0-47ad-883b-434a392adac3,T3,False,0.000271,0
c4cb8f8e-0550-4f2d-981b-19ee54d84deb,T3,False,0.000271,0
e2b9722e-25e4-4683-8e70-f27adbc36d3c,T3,False,0.000271,0
b95e2f70-e9d2-4991-bcad-8b7f746b5978,T3,False,0.000271,0
105533b9-0c98-4c8a-8c96-bdc6be37fe9d,T3,False,0.000271,0
6f3f43fd-7982-4e28-b685-635f71ef2edb,T3,False,0.000271,0
3612e643-f4fa-4b81-a6f2-a1d68baee31f,T3,False,0.000271,0
5ed5f82d-36f3-4e13-96cb-17a4e3954112,T3,False,0.000271,0
d5b51b64-a494-4f49-92ae-9659292501e4,T3,False,0.000271,0
d90cd2cd-6e70-4f27-ad6e-21b7219e8980,T3,False,0.000271,0
a7490c70-6a7f-4e15-a984-f907d4243421,T3,False,0.000271,0
90a2ed0e-1e39-4aed-9705-1b6ba4dd2d0e,T3,False,0.000271,0
b2e867a9-16fa-4c77-9fd8-5635b58fdf1a,T3,False,0.000271,0
325d7fb0-05be-43c9-afe8-f00cd72cf8e0,T3,False,0.000271,0
8cd0cb9f-3e87-492d-84ce-3b226dd8f9c1,T3,False,0.000302,0
02f92edd-01b0-4f69-8ddb-81f79fad639c,T3,False,0.000271,0
2b2cf1e3-5c20-42f1-bc3f-0c7aef1cc7ff,T3,False,0.000271,0
47066109-1a7a-438d-b331-dd1b2b42aef9,T3,False,0.000271,0
6f20fd8c-2442-4894-864c-f4c9c07f1b20,T3,False,0.000271,0
704227c8-ea82-4901-8e38-449e6339fc5f,T3,False,0.000271,0
c6d153f5-b28e-4b85-a87c-7114474fe3d0,T3,False,0.000271,0
1a49df9f-0b4d-4855-8440-f232366da2b5,T3,False,0.000271,0
c7ac5cfe-e372-4358-b319-b84158e791af,T3,False,0.000271,0
9717e56a-5ec4-49c7-93d1-c8bb54a13743,T3,False,0.000271,0
622b8251-e195-4f65-b21b-b66af50c782f,T3,False,0.000271,0
64b36611-5d7f-4a5d-bb79-65e004204e19,T3,False,0.000271,0
2dfb2609-43ae-4a74-93ef-cc261c8f40a1,T3,False,0.000271,0
f944ba50-8ef8-41f5-a91f-d7fe812fd48f,T3,False,0.000271,0
e841fd9a-5023-4d3c-937b-aad0eb70eb12,T3,False,0.000271,0
f6d8893e-df5a-4e24-a245-80f6d36c7606,T3,False,0.000271,0
0dd801cd-aed8-43a6-94c9-4ae2a896aedf,T3,False,0.000271,0
28eac098-2492-4c43-bd47-fc8cb4784158,T3,False,0.000271,0
8184f320-b7f3-4d93-b8bf-674e91baee18,T3,False,0.000271,0
86efa736-0c38-4ed1-8508-f96213f0e746,T3,False,0.000271,0
eb6254a2-fe57-4e99-ad41-9d9b6b7caf59,T3,False,0.000271,0
6ecf388c-be09-4e1e-8338-513bee592d58,T3,False,0.000271,0
d9d724ec-9ded-497d-a28d-14812fcd742a,T3,False,0.000271,0
f4e9cf40-42a8-4277-ad28-bd22987ce53b,T3,False,0.000271,0
44eee0c9-9a9e-4e9e-9ad5-9ab587627814,T3,False,0.000271,0
63bc7165-e92b-4911-b28d-5d0463cf35b2,T3,False,0.000271,0
fd279b54-f3f4-4baa-ac6a-47fb1e2f9f03,T3,False,0.000271,0
f5254b05-2b29-4254-a59d-a82e6b3a6c77,T3,False,0.000271,0
79ea79f0-1475-4cb2-bf1c-d5cb89877516,T3,False,0.000271,0
a27dec37-4b96-4781-9c7f-906a627567fb,T3,False,0.000271,0
a2049c9c-33dc-4d1d-96a2-65a26ba9bf58,T3,False,0.000271,0
44e3f700-e057-44b5-ab4a-12dd9567971f,T3,False,0.000271,0
f2599497-8968-483f-bf47-296bd830b5d7,T3,False,0.000271,0
e7b67e0b-8f0a-4f9c-adff-ba98b8fbca31,T3,False,0.000271,0
19e66172-2a98-4ece-9f2c-cf21f310ff86,T3,False,0.000271,0
28c280e2-a979-4e6e-9fbb-5a7e89fa6fc5,T3,False,0.000271,0
0b9311a8-083f-4029-af45-b5f12de3906d,T3,False,0.000271,0
ed56e280-0f75-424e-8ec7-fe67b86d9746,T3,False,0.000271,0
9e9b11c9-1509-47fb-bc43-73f40f48c274,T3,False,0.000271,0
e34d4f25-6d90-46c3-8432-065c504f1a85,T3,False,0.000271,0
f9d326bc-ba05-4fd4-8c48-b48d6b89fd34,T3,False,0.000271,0
95ec3fb0-9acd-494d-8126-dff6580189a5,T3,False,0.000271,0
53d5747a-6fc1-40a3-a256-3a0e4575e9ce,T3,False,0.000271,0
0ff246e4-265f-4c54-bc8b-8a6162417035,T3,False,0.000271,0
6e3a9b9a-e18c-4273-92a8-b040c60e2202,T3,False,0.000271,0
5112e81b-d1c5-407c-acd3-94fbc5a1a63f,T3,False,0.000271,0
573df9f9-b8d0-4ce9-aa5b-7552fb0b507c,T3,False,0.000271,0
030702fb-bbad-4e92-ab93-fbcc235ae111,T3,False,0.000271,0
13dab736-8a2d-48ee-9d51-ac06e6a38e19,T3,False,0.000271,0
4dcb6a2e-d60d-47b1-902c-0c715366057d,T3,False,0.000271,0
fdb59ba5-080e-40f4-b988-fcd630dcbd0a,T3,False,0.000271,0
ed6c7418-4535-4d55-b84f-aa32c2242270,T3,False,0.000271,0
63824e2f-073c-49aa-bc62-02e4655c98f3,T3,False,0.000271,0
4720b701-3cc5-4aca-b71c-58fa259168bf,T3,False,0.000271,0
ba4a0494-1f3d-4374-b526-4b19ef9e2477,T3,False,0.000299,0
f9f49f55-7408-47b5-8aa2-8f8503ee2097,T3,False,0.000271,0
db14cf22-2b36-488e-8e62-8b6aea22bb15,T3,False,0.000271,0
21801612-c557-4df6-9cf4-b200de2fd119,T3,False,0.000271,0
69a0a87c-b988-4016-99ee-2a9b11b5f808,T3,False,0.000271,0
8b18a13d-2b1a-4f46-8b98-4f5580a00347,T3,False,0.000271,0
90486d71-807e-4a3e-93b5-57a2694393d9,T3,False,0.000271,0
388c7b2a-648b-4a61-bdf4-df99bbd638c1,T3,False,0.000271,0
15da37f1-04d8-498d-9e3b-72907c9f3519,T3,False,0.000271,0
cddeef2b-ba30-4877-b1d0-f9ed8266dad6,T3,False,0.000271,0
e45cb9cf-b228-4115-9e48-59cd52a01d73,T3,False,0.000271,0
7e340af2-22da-43d0-8cb1-9b92f1c8c718,T3,False,0.000271,0
92171171-05cf-4023-81ba-e6094020df79,T3,False,0.000302,0
828644a5-dad0-43a1-b758-63b7a0d09b85,T3,False,0.000271,0
ec5f785b-6319-4d72-8457-37b5fd0cb204,T3,False,0.000271,0
60f6f10e-e659-49b3-90d2-777b5fe761bb,T3,False,0.000271,0
62494bb7-b5bd-4df2-ab15-16dcb49c6968,T3,False,0.000271,0
5f2e4ac0-0e57-4561-8c11-71e94c27c7e5,T3,False,0.000302,0
852307c8-0bbc-4f4a-b16f-8e6a72b5fc9e,T3,False,0.000271,0
c5cb552b-fac2-4aa0-9914-92b93ca0a3ab,T3,False,0.000271,0
53cd79fb-17f9-4bac-8202-4b58cef3b563,T3,False,0.000271,0
a622cdcf-4c94-4141-8888-e593da538d91,T3,False,0.000271,0
12163b6c-820c-4d16-8b15-c6c669448691,T3,False,0.000271,0
65cc6726-eb79-451b-8ec5-0ae688943e2e,T3,False,0.000271,0
77c731dc-e100-4ad5-bf2d-3aeb6e38da9b,T3,False,0.000271,0
63d5f81f-ddfa-4d71-aeb6-c3abcbb2688b,T3,False,0.000271,0
00d5c144-bc83-4237-9039-56f2867de75a,T3,False,0.000271,0
fc72b9e0-b1f7-41c7-bfd7-a72230340fd9,T3,False,0.000271,0
8067e94f-2548-4799-a6e7-a9a6ed1a0283,T3,False,0.000271,0
f33e5c5a-ae7f-4b43-9b96-8822b246cb8e,T3,False,0.000271,0
aef9c195-1f38-484b-a0b3-831a94c50bd1,T3,False,0.000271,0
8ebf6194-03b0-4c53-9caa-a876a19494f4,T3,False,0.000271,0
8ade78fc-ddf7-4b18-ab22-b7c35fb63868,T3,False,0.000271,0
aee8a0c9-d551-4a5d-84e1-a6cd926498e7,T3,False,0.000271,0
44c04e89-aad6-472b-97ef-a16803941756,T3,False,0.000271,0
70d17398-d550-4e1d-a3c2-d130119b1ceb,T3,False,0.000271,0
776bb460-df36-4300-9ed4-09072876c08c,T3,False,0.000271,0
f0013ee7-0f23-45d0-bf10-48556d683e14,T3,False,0.000271,0
5acde4d4-6f72-47fd-a54a-62c9818025a1,T3,False,0.000271,0
c57a1584-dc06-4039-958f-36efdd9c15af,T3,False,0.000271,0
23c6842d-744f-4f04-be11-8c64a8df1a48,T3,False,0.000299,0
c80819c6-f433-4478-9fcc-1455d31bcef5,T3,False,0.000271,0
9fc562dd-2fa8-44e6-a3fb-98e4889217dd,T3,False,0.000271,0
b97900f4-aa3b-4d91-827c-b0aa115cd06b,T3,False,0.000271,0
012303cb-a045-4644-9a9c-11599315f0d8,T3,False,0.000271,0
1b2dee74-0bba-449f-84a2-421a2103c1b4,T3,False,0.000271,0
2fab8985-d91e-4998-834d-4e1dc07267b8,T3,False,0.000271,0
a06952a4-2ac5-4e62-a71c-aef97f8f3568,T3,False,0.000271,0
d459aca8-f36f-48b6-a2f6-3708c1f0ac20,T3,False,0.000271,0
710a376a-ba83-44fc-8063-69a2a7f8f9b8,T3,False,0.000271,0
5c9e9fff-500b-4cd7-a79b-c8a6544bb0dc,T3,False,0.000271,0
81b0b16c-50cc-46ad-8042-1cd764ebf190,T3,False,0.000271,0
4146e63b-b809-4246-bcd2-95f6d4833a26,T3,False,0.000271,0
b01c18e0-15d3-4cd5-821b-eae45c03cb91,T3,False,0.000271,0
7848541e-f6e8-417e-8da1-e1a2b845ae9b,T3,False,0.000271,0
bc003a12-020a-433b-b806-af8d2d632112,T3,False,0.000271,0
d149e82b-bc93-4d36-9464-022fc435ff41,T3,False,0.000271,0
d8c793ff-48b3-4b0f-99b9-1bb865ec430f,T3,False,0.000271,0
8bb43ab3-8454-4edd-86ad-7cd73e1bb77c,T3,False,0.000271,0
5086c006-f397-42ef-ac90-f8be74949379,T3,False,0.000271,0
67bf410a-8272-4cf8-946d-364e3dd90288,T3,False,0.000271,0
d3b65503-5e7b-454c-b054-53bef1f48180,T3,False,0.000271,0
c58018f1-3114-4730-aa23-7b9ecd493dab,T3,False,0.000271,0
854d31dd-796d-41f7-a539-7f62e043fd75,T3,False,0.000271,0
d1768d74-d94d-4136-b825-32b8d3e50b2e,T3,False,0.000271,0
118f160b-f46c-463d-960c-1c5e079fd609,T3,False,0.000271,0
2ed7513b-ba2c-48b6-ba27-c2e6c0f408e1,T3,False,0.000271,0
5a7e536a-bc7a-47c6-b5e4-08f840bf2d57,T3,False,0.000271,0
08cadd0d-c3d3-4bf6-bfb0-37f1b5eeac8c,T3,False,0.000271,0
6648f353-d074-4e7f-890e-8b0a5d10fb62,T3,False,0.000299,0
32ef972d-e303-4e4d-9040-a604bd0f6012,T3,False,0.000271,0
479fa723-6d48-4917-b14b-edc8a48f04f7,T3,False,0.000271,0
ee43b8ac-0a1a-420d-b4f4-0b88b20fce5e,T3,False,0.000271,0
a4b60af3-9c4c-48ab-b2fa-464bc4d42f73,T3,False,0.000271,0
fc5bd5fd-a8a8-4c2d-a3ea-76fdba00bd51,T3,False,0.000271,0
ffbbaff9-2843-4cac-99ee-52c2d5f95a73,T3,False,0.000271,0
ae17f419-6a97-4d12-9b95-2381b37f4f0c,T3,False,0.000271,0
58930d5b-e7d7-49aa-b476-a93d2203ba65,T3,False,0.000271,0
339a3eb5-380a-4fcd-b98e-1fa16d7445b0,T3,False,0.000271,0
58abc8f5-1d4a-4658-a3d9-ea1e54848ea6,T3,False,0.000271,0
0458a376-b77a-4596-bc9e-0116668f320f,T3,False,0.000271,0
7ff9a751-855b-4e72-9ba9-1cbd52c05362,T3,False,0.000271,0
ac4b6caf-4312-4984-aa31-33b95023a19f,T3,False,0.000271,0
f4366ee3-6909-421a-9603-8ced75e63262,T3,False,0.000271,0
0ce37671-56f0-4511-8bb0-6ed5d94c37ff,T3,False,0.000271,0
fa05bbbc-f1f5-4e95-bee6-bf8ba0849792,T3,False,0.000299,0
c18501b8-05df-41e3-b97e-ef6ccb857600,T3,False,0.000271,0
30afe49d-331a-4968-b738-29633b5bf3f0,T3,False,0.000271,0
d6e124c3-93b3-41e0-a8ad-14b2b3e201c5,T3,False,0.000271,0
0ad5627f-e4f9-4566-bfcd-71d98150bb9f,T3,False,0.000271,0
4e4249d2-be73-4a12-95f3-358bfdec2aea,T3,False,0.000271,0
b90af848-832a-4342-aa54-c17aab0f0819,T3,False,0.000271,0
2b4090a7-41ec-40dc-ad2a-c358c14fa7f4,T3,False,0.000271,0
f9587541-af2f-431b-a4af-7c8c88c8538b,T3,False,0.000271,0
19f40c9d-cc2b-415d-988a-62a05b0fdea6,T3,False,0.000271,0
ac547f5f-8eb4-4f86-b313-9a063473d2ad,T3,False,0.000271,0
386273d3-3df1-4959-898d-c12aa6ad74e6,T3,False,0.000271,0
80c32ee2-7944-4dc0-a70e-4fd7991ee3bd,T3,False,0.000271,0
3dea1493-b849-4709-abb5-b855b129a33d,T3,False,0.000271,0
68058e07-ed34-4be1-93b1-457a68e5d23a,T3,False,0.000271,0
d1bfcffd-8b18-489c-bc28-ef056cb1894b,T3,False,0.000271,0
172ff795-7d14-4b7b-a02f-bc740cb4138f,T3,False,0.000271,0
032eddb0-be55-4256-a544-510bce170fd5,T3,False,0.000271,0
3978aac1-8116-4e5e-961d-ff0783b25a3f,T3,False,0.000271,0
89ddd9be-bd56-4fe2-8f3d-2de0fc360fbf,T3,False,0.000271,0
01a528ae-5364-4283-aadd-4805218de6d9,T3,False,0.000271,0
ace85001-80d7-4d88-a26b-e441ed303f63,T3,False,0.000299,0
18054cfc-f267-4868-b4d6-21810abb167c,T3,False,0.000271,0
1d36a11f-6af4-4e3e-baa1-83fe5784fc50,T3,False,0.000271,0
cdd9b469-035d-444a-8ef4-7b28fdb5e20d,T3,False,0.000271,0
2f7e81ef-e31d-4087-bd69-12e74bd7b378,T3,False,0.000271,0
400b9203-8aaf-47c7-960c-5dd82f229dd0,T3,False,0.000271,0
d7901fcc-57b0-435c-85bb-de85baa3348b,T3,False,0.000271,0
27868d32-56b5-400e-bfd8-74bbd9c2eef1,T3,False,0.000271,0
6c5c206e-b762-4a34-84bb-41eef36171e9,T3,False,0.000271,0
7f2a2f2d-2b32-4d7a-9e28-d0f0b64611ad,T3,False,0.000271,0
5bd6950a-a3f7-491e-a22c-4fa49887f956,T3,False,0.000271,0
827349ac-a5e8-4f0e-994f-37743a89ed1a,T3,False,0.000271,0
103d9848-19e9-4910-afb0-db184899428f,T3,False,0.000271,0
61edeebe-877f-4620-8a84-c552166146f0,T3,False,0.000271,0
95ce592d-af88-4fab-bb3f-7df7a20abb22,T3,False,0.000271,0
6f17e5c4-abfd-40a3-8bef-de4dca77a6a6,T3,False,0.000271,0
f81502c1-039c-42f3-add7-9a6e5016f641,T3,False,0.000271,0
4604ea40-e890-4257-96dc-7d2666d6c3a1,T3,False,0.000271,0
e600f02b-a947-43d4-bec4-bbcdac8910b5,T3,False,0.000271,0
ebd800ec-12b5-4196-a908-928b790aa202,T3,False,0.000271,0
44b0ac07-dabb-4078-a89c-213b7caae436,T3,False,0.000271,0
99192cce-be50-4042-9e98-3f8ebefbea53,T3,False,0.000271,0
2fb63f71-fb2e-444b-92d0-098aca5eb120,T3,False,0.000271,0
cc7e84c1-7460-4f49-a1f3-9503b139b7e1,T3,False,0.000271,0
fe77e2e9-cec8-4aa5-be9e-dd816087a534,T3,False,0.000271,0
6e038e39-0ecc-4ef8-9a3a-3605386dfc10,T3,False,0.000271,0
3f8d5bca-9c1f-47f5-8106-1a2fc0a80267,T3,False,0.000271,0
3ae90675-4dd5-4ff7-8473-7aec7b888a1c,T3,False,0.000271,0
1f65a63c-35eb-4923-8312-79570b7aa2b7,T3,False,0.000299,0
2459d650-1ecd-4edd-9a8b-4b8beead7761,T3,False,0.000271,0
7ce61d4e-4b6d-4eaf-9ad8-885e93ac6926,T3,False,0.000271,0
e1247aa1-bff8-4452-86c5-0ded8054689b,T3,False,0.000271,0
4bdec8de-6b15-436f-93bf-9ce4076d8371,T3,False,0.000299,0
10eb96a0-0b4f-4824-ac46-a5be82090973,T3,False,0.000271,0
94c7d5ea-d64b-4005-b5d0-fb80cedb06e5,T3,False,0.000271,0
9257d036-7f9b-433d-944b-011025d23909,T3,False,0.000271,0
99e6089c-d068-4498-9140-848c6ef8b916,T3,False,0.000271,0
b5be8146-34dc-4b59-9a7d-b02a6581da85,T3,False,0.000271,0
e8cba13b-081f-449e-94bf-37613ceb25fd,T3,False,0.000271,0
e72b175f-b2e5-47fe-a334-05cfd58eecc1,T3,False,0.980125,1
33840999-1227-4776-927a-ea54cb5af971,T3,False,0.000271,0
0c698ccf-6f5c-4f52-85c6-1d92be1f64bf,T3,False,0.000271,0
44c7864f-fc4d-41e1-a9cd-4312db9068ee,T3,False,0.000271,0
4c752133-bf49-4628-8773-511b0ce5d22e,T3,False,0.000271,0
22a7f871-17ee-407b-9965-039c2627f9be,T3,False,0.000302,0
17bf5cd8-f055-450b-b8fe-32b270970f90,T3,False,0.000271,0
31b3ef4e-2cb4-487a-ab4a-b52aa70da46f,T3,False,0.000271,0
41c62b50-fb10-4630-9dc4-8dc939f4829f,T3,False,0.000271,0
78543795-7a8b-4262-b278-47a10644c266,T3,False,0.000271,0
cc816856-1881-40f2-911b-61136cd37099,T3,False,0.000271,0
5673f033-8015-48e6-9454-974df78ed543,T3,False,0.000271,0
f29535b9-2aef-49c2-852a-cd16d49ed744,T3,False,0.000271,0
72189a3d-517a-4988-948d-2964065fef9f,T3,False,0.000271,0
f7131de6-02fa-429d-89da-023be045da24,T3,False,0.000271,0
63164495-c09c-479d-9e99-409a874cf7cd,T3,False,0.000271,0
860d66a2-1936-4a9e-a651-536a0df9526c,T3,False,0.000271,0
9a732cc8-46ac-4091-9614-a83bebbbdd20,T3,False,0.000271,0
cd924716-d677-4cb5-8666-af3bbc02d1cc,T3,False,0.000271,0
d55cebe4-23fa-4abb-ad5d-d4e9b12ec738,T3,False,0.000271,0
d1e1d1f2-818a-451f-8758-aa027e47eec1,T3,False,0.000271,0
07b4e50e-b625-4e00-a75f-6ed46fd5b021,T3,False,0.000271,0
0312428a-e2b0-4441-af7b-365c0e9eee29,T3,False,0.000271,0
4483c62e-6860-402b-8f9a-3605d9b93ae0,T3,False,0.000271,0
8433d044-20db-4e36-82aa-25e3551c93e7,T3,False,0.000271,0
4503c740-1249-4699-baf6-cdc2587d6f11,T3,False,0.000271,0
2675b109-ea51-429e-b524-84f6339e4bca,T3,False,0.000271,0
b6be8c5c-b4f5-4bb5-90d9-bd50dcbbec9e,T3,False,0.000271,0
17230f8d-2d98-4ef9-a568-4554e4cbd05a,T3,False,0.000271,0
219d657a-0294-4fc8-948e-3a8d9d658ff0,T3,False,0.000271,0
978b1cc4-c746-4beb-a2ca-8c758ad980eb,T3,False,0.000271,0
e9efecec-a358-4e39-ba11-88e9ba37a41d,T3,False,0.000271,0
e915ac46-c4be-4098-ab64-8c77fd1a983a,T3,False,0.000271,0
68269232-65a4-4f3a-a828-45a6c4520bfa,T3,False,0.000271,0
ef864f3b-1d9a-479b-852c-a1f782d184f7,T3,False,0.000271,0
56be0649-270b-40a2-b0d3-74f60cd810b4,T3,False,0.000271,0
1fbb00c8-d346-4301-8efe-3b46533d89f1,T3,False,0.000271,0
78c28c05-4118-49e7-a87f-e26e5fe33387,T3,False,0.000271,0
1d1430c6-8186-4dc3-910b-5e7bae572976,T3,False,0.000271,0
2a128fde-68f2-41d7-9c32-8f85cadc351b,T3,False,0.000271,0
5cc61405-25d1-4537-8278-0945d756a3b0,T3,False,0.000271,0
47f26ee4-2467-4f16-a7fb-f548059c72ba,T3,False,0.000271,0
bc66fc73-2370-4f40-9b6f-3fb8907bdfaa,T3,False,0.000271,0
759da3ab-4e73-465d-ba90-1c37c5ac10be,T3,False,0.000271,0
72d1ad9a-661d-492f-b7d3-e9f40e072139,T3,False,0.000271,0
6670d6f9-e9be-4fa5-98ee-40181bb90502,T3,False,0.000271,0
1c517be9-5911-4cc1-8efe-e529a57f33b0,T3,False,0.000271,0
442a24b0-ba4d-45e0-b8f8-d13a3ccd45e5,T3,False,0.000271,0
3dd2ca3f-66c9-4d09-bc59-7f0bb371bda6,T3,False,0.000271,0
9047df4e-1155-4176-9f6a-258dcfec1ebd,T3,False,0.000271,0
25dac199-fe70-4179-ac38-9e8e846c3f80,T3,False,0.000271,0
7482f7bd-dbe0-4f3b-a736-81ae1202e9a8,T3,False,0.000271,0
4bfe10bd-2b48-41bb-8396-6c95c087aa7f,T3,False,0.000271,0
43496487-625f-4bdc-8471-91756d8d8755,T3,False,0.000271,0
09cb1e0e-327f-409e-b0d1-a8c51abc9a72,T3,False,0.000271,0
c645ca0b-3c1d-4669-a591-ff2519cb12bd,T3,False,0.000271,0
d605372e-f07b-4eb1-9063-5d468b9c2243,T3,False,0.000271,0
111c25a7-4d9d-4be8-9292-924e4a49b53c,T3,False,0.000271,0
5057b2bd-065f-4a2e-901d-6a488d9a6373,T3,False,0.000271,0
14b71b80-c105-43fa-a1fe-265aec28b634,T3,False,0.000271,0
3fda78d9-c3b8-4945-9396-d93c667b4f74,T3,False,0.000271,0
31c26fd1-72a6-4a2f-8a4a-508da7c391b6,T3,False,0.000271,0
dfc72fa4-4ad3-4166-bb53-3a462bd75c58,T3,False,0.000271,0
acbcd2b9-37ad-4fa5-952e-02deb5acdaf7,T3,False,0.000271,0
5f4b181a-9905-41ef-8227-c8820ba50edb,T3,False,0.000271,0
b2cb89fc-35d7-4554-a678-7f6f7d5e6bd3,T3,False,0.000271,0
c174d5fc-d1e9-493f-a2a1-2cf6ecef1c8a,T3,False,0.000271,0
e9e2af92-4392-4c45-b676-c6714e29f079,T3,False,0.000271,0
f3a64c24-4f60-47c9-8fb0-522b355b105b,T3,False,0.000271,0
536eab1f-276f-41ff-b56d-a89a2d1a7d04,T3,False,0.000271,0
fc2a84a8-d495-468f-9efa-09b8142c9394,T3,False,0.000271,0
45317ade-5aec-422f-9721-af50592b52fe,T3,False,0.000271,0
39ff8877-7935-4ca5-a233-fd7faf317c00,T3,False,0.000271,0
f4019460-106c-44ef-921a-0373ea09116e,T3,False,0.000271,0
0f84ab63-05e8-4d54-9f66-761052064020,T3,False,0.000271,0
16d49c23-88ae-4141-8606-621b7ce825d3,T3,False,0.000271,0
5bb775dd-17c6-4da4-9052-d71f47917ddd,T3,False,0.000271,0
5040a5d0-52be-4154-ba48-a6a42f261f29,T3,False,0.000271,0
1d4ca2cf-6852-4074-8f21-c56e4819a0ef,T3,False,0.000271,0
071896d5-5b6c-43bd-9e56-a61dc7d1a387,T3,False,0.000271,0
63d7324a-e2eb-40f3-91d5-7bd1df0e6631,T3,False,0.000271,0
be5295da-d407-46e2-8143-34da8259cfe3,T3,False,0.000271,0
bf67a9f0-24d1-439d-85d6-38fc5d7f16d6,T3,False,0.000271,0
29cddd5b-de2d-4e35-84d8-cd2b6ea75634,T3,False,0.000271,0
316a7928-ae5c-42be-a183-79074b4db322,T3,False,0.000271,0
428f9591-0d2b-4153-895c-59f367f1c531,T3,False,0.000271,0
940215d2-52a4-4653-b03d-4aefda49d789,T3,False,0.000271,0
f2b646d5-a1d6-48a2-b4c2-f3f1df54a377,T3,False,0.000271,0
6e917af8-fdd5-440b-a6cb-b1aa43872df5,T3,False,0.000271,0
0c839347-8a5e-441e-ae54-c9b0fc9eabe9,T3,False,0.000271,0
6ca844a8-5e70-4971-beab-c3e7158b4e48,T3,False,0.000271,0
7de5988d-b8e5-45de-aaf8-4d121154917e,T3,False,0.000271,0
e754a96f-ce74-4cbe-b843-00220f287283,T3,False,0.000271,0
7c0fe6a0-8635-42cf-8d02-3996640efc35,T3,False,0.000271,0
66046a3b-459a-4e2e-b872-332f487cd9d3,T3,False,0.000271,0
568d59e0-eba9-4fe1-9f94-8fb785f37ea0,T3,False,0.000271,0
89ad75d0-94b9-44a4-8394-d45a00842f15,T3,False,0.000271,0
99c576d0-a3b2-4406-bdb5-46a6b9b4d709,T3,False,0.000271,0
1facce72-08c6-46d1-ad63-5d253f8aa52f,T3,False,0.000299,0
57e4e315-b502-4b56-8b56-231d5cdca869,T3,False,0.000271,0
89bf448a-edaf-4984-9623-7f42d9bd856e,T3,False,0.000271,0
b21e4071-345b-4779-9415-acfffe51565d,T3,False,0.000271,0
33fec0ee-e83e-483e-81e7-49ba1cb4f48c,T3,False,0.000271,0
55c07c5e-e9d2-47f9-a04f-9a9d38945d57,T3,False,0.000271,0
8378e3f4-5ef2-4348-941b-d408d2754e62,T3,False,0.000271,0
003d2a3c-5670-44d2-bc16-edccf54b1db1,T3,False,0.000271,0
df388a11-9acf-484d-a49b-72bfc7b0c46f,T3,False,0.000271,0
b2d832cf-4f84-41a9-a213-e00370fb2874,T3,False,0.000271,0
c1968323-3510-46c8-be8d-d150cc9d44f0,T3,False,0.000271,0
4a00cb9d-ac4d-40de-811d-f0dcb32f1f78,T3,False,0.000271,0
bef1a79f-3fc4-4105-854f-2c0cd4ca056e,T3,False,0.000271,0
8d696a71-b3fa-482d-8c96-794d7c57c914,T3,False,0.000271,0
25cf1542-4e2e-4772-a2b7-1eace9d268b0,T3,False,0.000271,0
b39641ad-040f-4548-852e-d4469bd4018e,T3,False,0.000271,0
4b6e3eed-0391-458a-9993-8d61aa53a917,T3,False,0.000271,0
c7c2ec60-9df7-491c-8634-d0c9d7c5150a,T3,False,0.000271,0
644ef2dc-dfde-40d2-b6f8-61092071338e,T3,False,0.000271,0
d78fbc7b-7eea-4633-a909-5aeec059d152,T3,False,0.000271,0
73ca26f4-0f82-42d2-80c0-150d54a863f0,T3,False,0.000271,0
8626ca43-efef-40f3-bae8-b38a58c67c1e,T3,False,0.000271,0
0747f963-19e0-4208-8638-8620b162eafb,T3,False,0.000299,0
7f27fdf1-cb0c-4768-bb58-8cc889d1fe96,T3,False,0.000302,0
00798ea0-31cd-48b0-b0e3-ce7f44c864dc,T3,False,0.000271,0
32c9b615-c70e-4a30-a319-267588b45d27,T3,False,0.000271,0
a8273bb6-f99a-4396-a46e-ae4941bda4a8,T3,False,0.000271,0
74735db0-edd0-4638-a0f0-e7a32c48e006,T3,False,0.000271,0
4edf7628-29ef-4cc3-91e8-c861b32d2af4,T3,False,0.000271,0
a311028c-b09f-48aa-99e0-5607fadf98a6,T3,False,0.000271,0
599edf28-cce0-46c2-a9a7-ccea84375f74,T3,False,0.000271,0
e1a35ce2-ced2-489f-b542-cb910b527dee,T3,False,0.000271,0
1e8afc1b-1847-4580-ac67-6f21653d5a64,T3,False,0.000271,0
f8c2f64a-6389-4b1b-ab69-4da911fcd961,T3,False,0.000271,0
c02d6309-0667-49a7-b317-f2cda4a0fdaa,T3,False,0.000271,0
e89cb6e3-959c-40da-9015-733b47593525,T3,False,0.000271,0
479c7dc4-8c95-4731-8ec1-64eac5623bb6,T3,False,0.000271,0
30a98a8b-a648-4954-8a0a-1722b68f416c,T3,False,0.000271,0
4b2347d6-0538-490a-b525-de21c0b9b288,T3,False,0.000271,0
c8eedfe5-5204-47d6-b801-94604925492b,T3,False,0.000271,0
43fef631-189c-41bf-b466-e54a47ac3a87,T3,False,0.000271,0
147b82ea-0b4a-43fd-9561-f99761a1c2f9,T3,False,0.000271,0
b687f572-44c1-4539-9603-1b2690b36211,T3,False,0.000271,0
dae27ee3-1379-4eaf-8dfd-1b5313c5e131,T3,False,0.000271,0
2fb52dcf-6294-4d4d-9af6-b932bb865e27,T3,False,0.000271,0
f23b5a69-b971-4d93-af73-cfcd5fe45b46,T3,False,0.000271,0
61ac84ef-574f-4ff0-b709-f0e72755d3ef,T3,False,0.000271,0
2a68e25a-8152-4e52-8ecb-47c94e982634,T3,False,0.000271,0
477d7ebe-fc2f-4083-87b5-108daa174cf3,T3,False,0.000271,0
69dff498-554d-40f3-a6ac-0a6c22527696,T3,False,0.000299,0
2cfb0658-672d-45fe-a1d7-1528e8aa8832,T3,False,0.000271,0
5b5be4bc-aa9f-4c71-9449-e5e761b1797d,T3,False,0.000271,0
3c9d9d2c-fbe0-4c1e-bd1c-223145ce2b89,T3,False,0.000271,0
ed2282e1-1748-44a1-b430-7727f516ad86,T3,False,0.000271,0
cb68db47-1a4e-4494-b620-5b3f0b2d0b35,T3,False,0.000271,0
240fdedb-9542-47c8-ae5a-85925189a409,T3,False,0.000271,0
3892cc3b-d7c4-4760-a04c-cefdc0fa883f,T3,False,0.000271,0
fc4cdf4c-3bb8-45cc-85d3-eb1c9a1d9bf5,T3,False,0.000271,0
e210fcfa-afc8-4bd5-8933-f4549f407b8a,T3,False,0.000271,0
6500bd0e-2701-40b9-a8a0-1fd106b0db34,T3,False,0.000271,0
a44af828-e950-4ce7-b7bc-41ccdcdc2aad,T3,False,0.000271,0
b7a39121-0ad8-41a4-b188-0b949f8ea45e,T3,False,0.000271,0
058e9514-27a6-4b68-88f0-bf3d470c13e0,T3,False,0.000271,0
cae44236-3aea-4717-b904-23a1bf0d291a,T3,False,0.000271,0
ed86a27b-ad71-4698-bb00-cc91d9a138c9,T3,False,0.000271,0
feaffa4f-79a1-4a72-8464-d04d2a5bb730,T3,False,0.000271,0
c19845b5-8bbf-44df-bfb6-154b30b5d1f2,T3,False,0.000271,0
d0b1b685-11a9-49d4-9e8b-c68f7f9f4823,T3,False,0.000271,0
debad1d7-2766-41c6-9ff2-19de98e63425,T3,False,0.000271,0
157e6edc-5507-4653-881c-d6383a885580,T3,False,0.000271,0
91b0a83f-7e86-45cb-b835-72961475c715,T3,False,0.000271,0
4932a8d5-1221-4b51-ada3-7ab77130f9f9,T3,False,0.000271,0
5efd1625-b464-4473-b6a4-93a6e9201178,T3,False,0.000271,0
cb402434-f136-414a-91f8-80b04789dffd,T3,False,0.000271,0
6e6cd4b8-0ec8-4f36-b37a-15a526a0a7fa,T3,False,0.000271,0
e9a466e1-a47e-48ec-8a14-d24a510a2204,T3,False,0.000299,0
80ae64a3-8a40-4e8b-b381-c560b188c49f,T3,False,0.000271,0
24034321-c52f-4dfe-852b-21d7e6a82a80,T3,False,0.000299,0
955f5259-2b82-4f84-8b3f-b2c274f5f39a,T3,False,0.000271,0
02bdf85b-95e0-4c5a-8297-00125acf55ea,T3,False,0.000271,0
635c5da8-c180-4c77-9fa4-d369f517bbd7,T3,False,0.000271,0
29048313-dbaa-4fd1-b838-1d5a3645b20d,T3,False,0.000271,0
d59a77bb-6bbe-4f24-b086-0e528a274d54,T3,False,0.000271,0
26d6d90e-0f10-4d43-804f-e8d69d15e4b3,T3,False,0.000271,0
c632e6e7-f5ca-4637-9555-bb134c0639a2,T3,False,0.000271,0
9f3fd97b-5c73-4f29-91e6-88e6832a04b9,T3,False,0.000271,0
465b9b68-4861-43c2-8290-4302b9935f53,T3,False,0.000271,0
3ff181f8-7ee7-4f38-bbab-814a42bba5e2,T3,False,0.000271,0
86eb4db1-b0a6-4ed8-a788-141ad887929e,T3,False,0.000271,0
2400e120-4c4f-42dd-8871-53d184393650,T3,False,0.000271,0
24b7c468-7f4b-494b-aa3b-6d357cd97e11,T3,False,0.000271,0
a269da29-f357-4a90-9de8-71baf7058574,T3,False,0.000271,0
57eec8a9-1efd-4a8d-b483-f65e2b87037e,T3,False,0.000271,0
45960569-4a7f-4c54-9c4f-01a5479c3bc0,T3,False,0.000271,0
e5b7d7ce-e04b-4ca8-a5e7-680e659a56b7,T3,False,0.000271,0
978cb88e-f9a1-42c0-8830-a597e19eae86,T3,False,0.000271,0
9b3256d4-9168-4af0-a77a-664f14a8efd6,T3,False,0.000271,0
c8232293-e6bd-411d-bd50-b887bbfba924,T3,False,0.000271,0
98e55121-ffca-4f39-ac32-5abf2294f6fa,T3,False,0.000271,0
4daba37d-48ec-4ff1-945b-c6823c074834,T3,False,0.000271,0
dbc74142-b708-4a02-8e74-cbd93040deff,T3,False,0.000271,0
43b54c6f-ba8e-42e6-8447-f09174f02cb6,T3,False,0.000271,0
7af8ccdb-c4ad-4ff7-a3ba-dc42423615cd,T3,False,0.000271,0
71926144-08cd-4b92-a3e9-7eb0fdaf5d3f,T3,False,0.000271,0
21d79eb2-c9a0-45dd-b1e3-475dbe1c4277,T3,False,0.000271,0
ee94aab1-60df-489a-a50b-434e921290ae,T3,False,0.000271,0
626854f4-938b-4da0-b287-ce2f4ffa1bf4,T3,False,0.000271,0
09e45f41-b523-49e8-bafa-16f73beeda1a,T3,False,0.000271,0
6ccf492c-58fe-40e4-b78e-6f8dce122d57,T3,False,0.000299,0
889645b7-5e4c-410e-8ac8-a08c4919f1cf,T3,False,0.000299,0
40cd1f94-0c93-42bd-8e92-3e32f9a62753,T3,False,0.000271,0
8b3b111c-a16a-41b4-bce3-6a030172b347,T3,False,0.000271,0
f2cd9bd4-e08f-49db-b8bb-ce5e7827b721,T3,False,0.000271,0
04c441c9-2de4-4580-999c-bb4cad1b0142,T3,False,0.000271,0
2145eef8-b5a4-4a24-a6c1-5abbee169731,T3,False,0.000271,0
84009618-8ffe-4cbc-b561-4c3a0a5eb037,T3,False,0.000271,0
04bf844f-63c6-4011-8898-9f198f20d0ed,T3,False,0.000271,0
7b39f11f-9980-4c99-ad57-d18fb9ca8aa4,T3,False,0.000271,0
b16ff9fd-bf25-4886-bf38-117e544d037c,T3,False,0.000271,0
8d723ea0-8a3e-437b-8d20-6fde8081fd83,T3,False,0.000271,0
44d7ac3a-c862-41c1-8077-da5cc82d047d,T3,False,0.000271,0
1658919a-c023-4508-8c6c-e1e8bc2c1d7c,T3,False,0.000271,0
ae27a792-ce22-4871-a6a4-ac35ac33dbf8,T3,False,0.000271,0
aee9bea8-f4ce-4896-9a34-0a9d5fe36a38,T3,False,0.000271,0
3689c8b7-f642-46e1-a5db-28a61e4aab8f,T3,False,0.000271,0
7d4e7ae7-1dc6-460d-9e3e-b24a48aac257,T3,False,0.000271,0
6135ad6d-fce5-450a-aa84-0b7c3d512e18,T3,False,0.000271,0
4bc06893-474b-4d01-a448-9e26e76b1055,T3,False,0.000271,0
511b02b8-ea17-491a-92e3-4586932302c6,T3,False,0.000271,0
d9e52e0b-4ea0-4505-8870-a64ce896b712,T3,False,0.000271,0
9f250c95-fe4c-4dd3-8520-d29afd68ccaa,T3,False,0.000271,0
70bcc8a3-4810-4e8b-a99d-737edb535c94,T3,False,0.000271,0
b6b84c93-24e8-44c1-a510-5591d3f764af,T3,False,0.000271,0
f3daf6bb-9c53-4ec9-91e5-30575088ad4e,T3,False,0.000299,0
7dc6e5d3-d1bd-44ec-bfd6-7a7fda8853f7,T3,False,0.000299,0
d38b6f85-76b8-41c8-bb35-27dfcd5e879f,T3,False,0.000271,0
9ff7aaf8-db08-47ed-bf09-214346f75afe,T3,False,0.000271,0
e7a9cb61-83d2-470c-a3b7-d6bf9e4a40fe,T3,False,0.000271,0
f04b9a7b-5065-453e-9e31-911743e39d10,T3,False,0.000271,0
8d17366d-0121-4478-9790-ba45bd2e4548,T3,False,0.000271,0
17f86271-ac64-4528-94b3-707396c7dde0,T3,False,0.000271,0
8dccc4f0-23a6-4ad3-af35-741c7ae06f55,T3,False,0.000271,0
5a3ba8dc-f44f-40bb-9365-0a9281123e77,T3,False,0.000271,0
1c900179-6ea0-4e48-a4b2-c1d9c31bebe2,T3,False,0.000271,0
19deec7a-384f-4652-b469-f60d4db94afc,T3,False,0.000271,0
bd37b104-2fd9-4be5-9dd5-08bc98334a3c,T3,False,0.000271,0
62411f96-5508-4149-bf37-d46ae39ce94b,T3,False,0.000271,0
5153368a-0a92-4aa6-9425-2cfccc1eff4f,T3,False,0.000271,0
ddeea888-1622-4e0a-a328-2934f044ed82,T3,False,0.000271,0
d81991b3-b19c-4e85-83da-7a728383aaea,T3,False,0.000271,0
f89cecca-d2be-48ce-8590-2205628cd744,T3,False,0.000271,0
5949c262-fd98-4e65-a259-2e0ea30128a7,T3,False,0.000271,0
94a163d2-49b9-4e09-9fa0-dc5862cf0174,T3,False,0.000271,0
d8c8ed53-fcf2-4928-9a41-dd4154b198ff,T3,False,0.000271,0
7e81fb59-c712-4f07-9eb4-27f00c528c15,T3,False,0.000271,0
cb2130c0-0014-4702-b1fa-2de5d51d1187,T3,False,0.000271,0
a7b7f065-b9dd-448e-9ed0-418db37de3d1,T3,False,0.000271,0
1735b6e2-2058-4562-ab55-5660c19d3309,T3,False,0.000271,0
01d86d4a-fdb2-4716-980d-13b0cc6fc387,T3,False,0.000271,0
9d56502d-4cca-43fb-bff9-27a823d93412,T3,False,0.000271,0
c82b1e8b-f3f5-43a1-abfa-519f03638663,T3,False,0.000271,0
9f95fbcb-b067-4897-9060-379c6bcc9791,T3,False,0.000271,0
54e18c39-5ac1-435d-86af-07b0c7e4c10d,T3,False,0.000271,0
1e67bc70-9992-43f8-aeaf-0bc4c2d88268,T3,False,0.000271,0
3a56839e-a20a-4d51-8485-f03b73610959,T3,False,0.000271,0
667b94de-0fc7-4962-bd9f-0794b7625241,T3,False,0.000271,0
0d773103-9430-4225-a215-556566b0edc4,T3,False,0.000271,0
90eae21e-dcaa-4599-911e-458aa3bb45d2,T3,False,0.000271,0
2d6bc855-6c10-45b4-a8da-6a22392f6178,T3,False,0.000271,0
67599c6a-96b4-414e-9a2c-f20b8101f342,T3,False,0.000271,0
5e068638-549c-48c5-afb5-3a732782a6e9,T3,False,0.000271,0
af4e965e-a895-4d67-bc4d-319d5959587b,T3,False,0.000271,0
588117e3-48dc-41c9-85ae-e43b88091d7b,T3,False,0.000271,0
8453cce7-59be-45f9-92e9-6f5241bf262b,T3,False,0.000271,0
ba67caae-f222-405e-92c5-c118019b960b,T3,False,0.000271,0
543500bf-23fa-4318-9e6e-b01c1c839a9e,T3,False,0.000271,0
9ecd1eed-fe00-4f39-834c-44b7db4e65ea,T3,False,0.000271,0
27137506-8e02-4c51-89b6-1a600d2507e5,T3,False,0.000271,0
6c2bd948-9e21-4e1b-80c9-162d9586eb41,T3,False,0.000271,0
ca36ee60-ba8b-4a9a-a496-b69a0906a67a,T3,False,0.000302,0
4cc3de92-411a-43fb-bab2-a473579c0563,T3,False,0.000271,0
062c6b72-a73a-48a4-a1d0-b2606f7baf0f,T3,False,0.000271,0
1243488d-2b6f-4f5a-816d-50db8c476119,T3,False,0.000271,0
dddbbcd2-a619-4233-aa7d-bf76fbee3e93,T3,False,0.000271,0
c1429cf8-985f-44c5-a3ce-48a86e12ea00,T3,False,0.000271,0
91834c63-d17c-4c49-a5e8-8def2d1e608d,T3,False,0.000271,0
8412c03a-c4ee-4890-9cc6-140ce300cc38,T3,False,0.000271,0
72f964fe-f63a-4580-8cbd-b3736eed18be,T3,False,0.000271,0
262fe531-4330-40fc-afc3-9accd8a1b919,T3,False,0.000271,0
b2e9e236-2692-4f74-93d6-378e7912942c,T3,False,0.000271,0
22cf92a0-df59-4732-a6aa-55d3d35b8de4,T3,False,0.000271,0
f81e599c-93bc-4a74-8fa4-836eb68318be,T3,False,0.000271,0
c662d6d0-2377-4978-8763-8e9eeabf03c8,T3,False,0.000271,0
53958117-d41f-475a-8b9d-b2f009cb2dca,T3,False,0.000271,0
3ebcde14-dacc-4c00-89b1-78adfa14cf29,T3,False,0.000271,0
b97ee985-fe7d-457e-aa68-22e6d9cc07c4,T3,False,0.000271,0
db33b6ef-b027-420e-a55c-29bd8dbbadda,T3,False,0.000271,0
20004290-96a4-4d3d-bfd1-5c1261e51dcb,T3,False,0.000271,0
2d3c4c1f-8518-4476-99d9-a26170c78fdf,T3,False,0.000271,0
bb30cf0c-852d-4a50-83de-3206183df00e,T3,False,0.000271,0
9b92395b-8245-4d1d-8cb7-e6fe99660407,T3,False,0.000271,0
676d69af-2628-4a2c-a2ab-01f02185095f,T3,False,0.000271,0
bf3171bc-a692-4c04-823f-7098a99fe31a,T3,False,0.000271,0
a075e575-9f42-46ec-bcc5-7688f4b80ef0,T3,False,0.000271,0
5c29c7ac-8ce7-480a-9d17-995b6f3dc9cc,T3,False,0.000271,0
a5285e7c-5a12-4aef-80e1-59eda40f0c84,T3,False,0.000271,0
3c9085c1-8a0d-4126-b58b-fae614c38fc8,T3,False,0.000271,0
8dafc0f1-ea84-4dcb-9093-cfcaed1e0362,T3,True,0.999619,1
c6211280-c1b3-4db7-a8ba-8ebaf84109cf,T3,False,0.000271,0
ef5206a7-7e8c-4207-a64a-55742e7196a2,T3,False,0.000271,0
2d564999-3234-4811-9a0e-7adeb8107dbc,T3,False,0.000271,0
ea9b4639-5833-4540-863f-8f83233ded7c,T3,False,0.000271,0
1ae486dd-663f-4338-afe8-4e1f5ec0ab98,T3,False,0.000271,0
ab65effb-0f85-4e32-a4a1-121ed71a21d8,T3,False,0.000271,0
2c2dbf69-a853-4e04-a698-d056ca2c55bc,T3,False,0.000271,0
eea35d15-33ec-491f-bf5a-47b9031b4629,T3,False,0.000271,0
b40ee5d6-748d-4a45-aa7a-e482816032f4,T3,False,0.000271,0
58085994-be24-47a0-be21-62a909dd8afd,T3,False,0.000271,0
dde12447-39b5-441a-9387-97c5c0f10fa8,T3,False,0.000271,0
13cc13d3-baad-4e18-9bb9-7d7b1d34d046,T3,False,0.000271,0
8fc2d24e-54b8-4fbd-b457-428c4586a4c6,T3,False,0.000271,0
e623870b-7758-476a-af81-d40b37ea7830,T3,False,0.000271,0
4d19425a-d08b-4318-bad4-e6b49ec4897c,T3,False,0.000271,0
2b74f601-d7ec-4235-8cb1-89e5edb889f7,T3,False,0.000271,0
cb484d40-62e2-4795-b84f-0b436d27c5b1,T3,False,0.000271,0
26baf53d-fc27-4a08-ab03-1283930ff26e,T3,False,0.000271,0
84c251fb-f5ba-4a57-a8af-b93cb00cfd9b,T3,False,0.000271,0
0cac19ed-6b8a-4bfa-9afa-1a1af1f7a3fa,T3,False,0.000271,0
e0b6dbd5-7ba7-42ac-b249-a2625d16d5da,T3,False,0.000271,0
c8caac27-7f89-4d4b-a1e5-16c3218f74dc,T3,False,0.000271,0
596e2f44-ce99-401a-a669-9794deafc169,T3,False,0.000299,0
fd5ac99e-0c27-422a-a115-6d69f2748fd3,T3,False,0.000271,0
fd898342-a004-484d-87aa-1cce64eb7252,T3,False,0.000271,0
06d2a350-5e7b-4219-8e8f-50a43fc03a53,T3,False,0.000271,0
92918af0-be8b-4e47-8832-1e5f6ee56465,T3,False,0.000271,0
748dc61a-5974-4a94-bf37-ea5cfe03c39f,T3,False,0.000271,0
5d40b9a9-0b8d-4338-98c4-b9f4ec5f8d6f,T3,False,0.000271,0
2ab5dd49-7cc2-44dc-8647-25b94a5364f1,T3,False,0.000271,0
2d0f180b-61c6-4714-88db-b92dcc81bfc2,T3,False,0.000271,0
67dad8c3-ff9d-43d3-8e70-9f44332927dd,T3,False,0.000271,0
16b7e926-9640-4f59-9e0b-b757562980d9,T3,False,0.000271,0
68a6b9f3-759c-41e1-85e0-3177f55cce64,T3,False,0.000271,0
26c63c17-f333-44f3-9731-18c9ad811210,T3,False,0.000271,0
17380e72-8302-420e-9f0f-9928ac5dd65d,T3,False,0.000271,0
d15cb855-66a7-457f-b72e-8cc9f73e5b0a,T3,False,0.000299,0
9c0e1fca-8365-479c-968a-471625aa5b94,T3,False,0.000271,0
f953a46c-debe-4767-81ed-66bfe6c2c42a,T3,False,0.000271,0
049fa5ce-cfa1-443b-84bd-a04ca9f71042,T3,False,0.000271,0
eb2cd9ad-7075-417a-be1d-588abfc31d37,T3,False,0.000271,0
4cb71701-c208-4cca-a087-3f2384357dee,T3,False,0.000271,0
d38992c0-b23a-4209-b62b-db57ff4a0c6e,T3,False,0.000271,0
ef1ff63d-ae67-4b7d-8ac5-980b4a0bc71b,T3,False,0.000271,0
7b77a0d7-43ee-49ff-a92d-5ee915978f83,T3,False,0.000271,0
a784f3fc-1678-43df-add9-6a6c33a27e38,T3,False,0.000299,0
c040d47b-39ce-4d77-b70c-532a1ba43119,T3,False,0.000271,0
24a82b01-0243-4e36-b84b-57361626c915,T3,False,0.000271,0
08a19315-a5b8-4cad-bf47-e9ef2fb16dc6,T3,False,0.000271,0
323a081e-a8f2-49e9-a341-dc817bffe7e3,T3,False,0.000271,0
d4224872-0bce-4ee4-9fda-a616af29f7a3,T3,False,0.000271,0
e7d640cb-bb6f-4a8a-b27d-69ac61332ff9,T3,False,0.000299,0
28e3225b-2c05-428d-adb6-01e1e5c87278,T3,False,0.000271,0
ebbfba83-ab6d-4692-bc2d-17cb747974be,T3,False,0.000271,0
f1b54ef2-aaa4-4d45-9716-09be56fd8d0c,T3,False,0.000271,0
d88e7b9a-3d1f-4abd-b8a1-5463b55e9811,T3,False,0.000271,0
a3e667eb-cbe0-4706-bab6-546cba588202,T3,False,0.000271,0
01e9a4dc-07f8-4837-b125-8d4d56804c9a,T3,False,0.000271,0
e2dd1c6a-b564-4dd2-bb89-30f02d524718,T3,False,0.000302,0
c6a6eeea-0f93-40d2-9585-1b78f0c11358,T3,False,0.000271,0
76d25c9c-282f-44a1-bb3f-cde7c61ce8bb,T3,False,0.000271,0
1cb5774e-831b-4299-b05c-ad282c9ae536,T3,False,0.000271,0
82fb67af-7f00-415a-8a52-c9aca44cac21,T3,False,0.000271,0
e392cffe-300d-479e-a5e2-a568b6263b02,T3,False,0.000271,0
7a99f231-15a0-4a4a-84db-30d3823eda0c,T3,False,0.000271,0
c73d9f10-2f05-4ddd-aceb-95a71e87ab73,T3,False,0.000271,0
e4276638-e7bd-4040-99c2-677cfb17d7bf,T3,False,0.000271,0
178a857a-642c-47c9-84f3-0f4782b4aab7,T3,False,0.000271,0
2c16206e-7504-4238-8d13-741ca26f966a,T3,False,0.000271,0
97497f31-6636-45e3-a79e-9049388846d8,T3,False,0.000271,0
ede459ea-3ed6-44b2-9b7f-a9797cfe5098,T3,False,0.000271,0
779b4f18-cc45-4470-8ffa-e3133a91a6b7,T3,False,0.000271,0
02ccf162-ab21-4cb2-a887-c1e4be2d63e6,T3,False,0.000271,0
5bc22aff-5547-498d-a867-9437aecb2300,T3,False,0.000271,0
f4ae6c12-0445-4f63-9803-bc27112ff228,T3,False,0.000271,0
af3d0e72-14ce-4fde-b414-a97e9b224f0e,T3,False,0.000271,0
4a5536c5-9ae8-4bd9-a630-ea9b67a6336e,T3,False,0.000271,0
717b962f-1b6e-4cb4-9d31-797d902bdb21,T3,False,0.000271,0
eadd0861-b99b-44eb-bfb1-3f4535ba8310,T3,False,0.000271,0
834bbae9-0591-40ce-8e33-4f063234cf16,T3,False,0.000271,0
b8cc49df-1c7c-40e9-b4c1-49a19b394b3c,T3,False,0.000271,0
8ab103c2-22a4-4f07-b578-9ed48f37e00c,T3,False,0.000271,0
2332adcc-d6e2-431a-bb64-fa8c32c20fca,T3,False,0.000271,0
2e313b85-2a67-45b2-a7ad-3e947eb51a6a,T3,False,0.000271,0
91d4534d-209b-4bf8-84aa-668cb2d8a921,T3,False,0.000271,0
73702ed6-5a7e-4340-824d-caacab88b00c,T3,False,0.000271,0
ef87b4fb-3a69-4e63-be95-78d7bfac806e,T3,False,0.000271,0
7036d750-26ca-4c4d-b78c-e8ba2cd28872,T3,False,0.000271,0
a493a282-817d-4169-8717-e72388a1ac60,T3,False,0.000302,0
1bdabdd4-c122-45c0-8005-041d0c072b02,T3,False,0.000271,0
7d59fedd-5a5c-47dd-9879-df885ddbc520,T3,False,0.000271,0
d47e357d-d547-4570-940f-1c70020c3913,T3,False,0.000271,0
88310ef3-624a-421f-86a4-f6771cbcf527,T3,False,0.000271,0
441ecf04-0d72-42b4-8514-7aeb73e581be,T3,False,0.000271,0
d11f799b-7f29-4fbf-82d5-26099f86c45f,T3,False,0.000271,0
e9d8b9a6-29c6-4eed-8d69-1966f412aca4,T3,False,0.000271,0
d0ea865b-04ec-465c-a8fe-103eec17be64,T3,False,0.000271,0
0104563d-45e7-4912-ba7d-55804c1af5e9,T3,False,0.000271,0
7d9a35d4-6842-4ac1-8d34-0e7d383e98f3,T3,False,0.000271,0
768017d2-a904-4065-b410-aa73b655b818,T3,False,0.000271,0
c2deb1a8-3b7c-4927-994b-8f62a9070287,T3,False,0.000271,0
e2c1002e-f523-4339-8af7-ab3dd4dd019a,T3,False,0.000271,0
09cc86a9-e3b8-4d9d-8c29-502e0f1e2b5a,T3,False,0.000271,0
e42dec60-26be-4385-8464-14addcb4d12d,T3,False,0.000271,0
a8ffab49-2777-45d7-95bb-1a27939771a9,T3,False,0.000271,0
81aaf83c-dd33-44ff-80b3-a52915559734,T3,False,0.000271,0
94e6ccf2-d406-4010-9f59-7bca61123813,T3,False,0.000271,0
fb51597c-0c4a-4593-acf8-c4c3d53b595a,T3,False,0.000271,0
74fec518-5911-4a94-b34e-0d6e5f83fe15,T3,False,0.000271,0
5d25ff4b-f71e-4d7d-8bef-836b475390ae,T3,False,0.000271,0
4688531c-0ce7-4cd1-ada6-be730e048902,T3,False,0.000271,0
782bdeb7-8c23-49dc-bb6f-b5303c01d51f,T3,False,0.000271,0
fc1f4157-db96-4d2e-829b-e9e35f938f40,T3,False,0.000271,0
208ba228-47ed-4254-898c-b1b793ac5e63,T3,False,0.000271,0
38671bd1-2423-431d-a1a9-2fc148064725,T3,False,0.000302,0
6d2a2715-b99b-40e0-8bd3-af18ece3c195,T3,False,0.000271,0
6f9a1f1e-8604-42f3-bbd9-2413956c2689,T3,False,0.000271,0
77fe4de1-c4e6-40ba-b0b7-79dc83d5b8bf,T3,False,0.000271,0
1be87562-94f4-4e55-96b3-131a8122635e,T3,False,0.000271,0
b195f1b9-b14c-4f53-9ed2-788c5b57d753,T3,False,0.000271,0
4fef6083-e79e-4fe7-a81f-f924b51b54f9,T3,False,0.000271,0
39b26a96-8d4e-4cb3-a1b6-8ee1ef3b9266,T3,False,0.000271,0
22c1ed4b-3c4f-4b58-a0a1-fdaf343aee55,T3,False,0.000271,0
fb012154-509d-4884-88da-9ed1b27ab8ee,T3,False,0.000271,0
9ad4870d-fc65-4aa0-8ad8-c2d5a53369ac,T3,False,0.000271,0
296fe683-6d1e-4450-833f-8bfbde3312c7,T3,False,0.000271,0
48471175-ed1c-4fcd-8652-48b33a0c320c,T3,False,0.000271,0
1e65465d-35e5-4641-afdb-dfbf8de67603,T3,False,0.000271,0
9a333403-bd16-4dd1-8f2a-c279dba3a66f,T3,False,0.000271,0
104fe101-0a11-46f9-aebd-cd225912a189,T3,False,0.000271,0
55fc7af2-af86-428c-a6fc-5945a3df7805,T3,False,0.000271,0
cb284572-d050-4572-92b8-5d0d656a6a88,T3,False,0.000271,0
845c319b-bf09-4f3b-9f53-87dec33bee61,T3,False,0.000271,0
301c4982-ddbd-4ac6-a6e2-dfba1ed2bb22,T3,False,0.000271,0
c966eaa8-7679-46f5-b7fa-2af40794bd26,T3,False,0.000271,0
468363f0-736a-48ef-8138-c40f7e0a7ca0,T3,False,0.000271,0
c3c3397a-60cb-4aaf-b3e5-d79b2a30d3de,T3,False,0.000271,0
ba4ecd63-d728-425f-9b43-1c477bb47355,T3,False,0.000271,0
69904704-df2a-4d3b-bb68-9f37c657cf46,T3,False,0.000302,0
b83af3fb-c50d-475b-b930-3cb68645bea6,T3,False,0.000271,0
fb858c98-9523-4a77-9c10-6aac475a2c99,T3,False,0.000271,0
17910cbc-415b-41c9-8cff-bf2a04fb9514,T3,False,0.000271,0
91eb1175-efe2-45f3-9b32-cd3b81171410,T3,False,0.000271,0
a02016c6-8342-48a1-b307-a18d2747f7fd,T3,False,0.000271,0
16c17ff6-9f49-4bbd-a309-859ca66627b1,T3,False,0.000271,0
82118612-daa7-412d-b90a-85b3d7595189,T3,False,0.000271,0
c1c9afbc-60b8-4a4e-8b18-f62b4c646674,T3,False,0.000271,0
6c107ed2-9575-4d90-91cd-cdc5ecbf21c8,T3,False,0.000271,0
d7124b14-070a-4b1d-9fff-7d1fe2ceb755,T3,False,0.000271,0
27cf84c9-416e-4eb2-8d63-327a4e8727fe,T3,False,0.000299,0
1d09f905-5f54-49ad-adf4-e093c01a30c8,T3,False,0.000271,0
2e14eb61-342b-455e-b226-286bb60f0944,T3,False,0.000271,0
660e255d-06d2-4b00-af0e-9bfef857d622,T3,False,0.000271,0
b3718ef6-31dc-4723-9f53-8207f8f71887,T3,False,0.000271,0
4ec6c502-7121-4b03-b79f-881acc873a4e,T3,False,0.000271,0
5328aa3c-eb77-425e-84a7-8ca80d652aa5,T3,False,0.000271,0
83fbee47-fd75-4a61-bd3f-3c41c52445d9,T3,False,0.000271,0
186871ce-d753-4d2d-8eb7-0b97aaf90c0a,T3,False,0.000271,0
dcc68057-ecca-4900-8330-603038117800,T3,False,0.000271,0
b7982be6-57a9-4193-8973-2e7163a68fe6,T3,False,0.000271,0
c9122ccb-0cc2-4f7e-9c80-0bae9e46a573,T3,False,0.000271,0
374269e4-5782-4147-9614-79a3cd0ad267,T3,False,0.000271,0
a1a5d8dd-37e7-4530-8ba6-5b76d8e45736,T3,False,0.000271,0
26e094fb-ae93-4588-8e45-4f0d7bb0421a,T3,False,0.000271,0
31a9dcc3-b7a8-4180-abc2-4c92297c19da,T3,False,0.000271,0
516e500b-90ce-426c-aaad-c040c753c27c,T3,False,0.000271,0
e3d6647a-ae26-44a3-9d88-64de6a4b6bb8,T3,False,0.000271,0
b5381054-088a-4a7e-ba0f-844427ccb42b,T3,False,0.000271,0
af48f06a-13be-4f9b-b9a5-ef50f504238d,T3,True,0.999624,1
63723066-ec3b-4d39-8bbd-826dd6074664,T3,False,0.000271,0
15f0a1db-4b92-4f16-8be2-6573cec52e76,T3,False,0.000271,0
798c8cae-5961-462c-8e0a-08596f2fffd3,T3,False,0.000271,0
891b7fb7-b27c-49da-93fe-c189b7b03b1b,T3,False,0.000271,0
d369a037-a4de-4c61-a61c-db7702c58261,T3,False,0.000271,0
581ac8f0-b2b1-4f93-a224-6f11c74c8995,T3,False,0.000271,0
e54a1621-1004-4b34-a0f7-5215234ba8a4,T3,False,0.000271,0
15351721-9c1a-41e1-b5b4-f4ffea5501c8,T3,False,0.000271,0
99523ed7-c007-461a-bf99-4f97597fe779,T3,False,0.000302,0
28e6b567-04cf-4620-93b5-f51a360c5da1,T3,False,0.000271,0
ff90454d-e56b-4904-88d9-6cab1a4de31b,T3,False,0.000271,0
8fa03930-f9f1-48e4-8704-a514985ea20f,T3,False,0.000271,0
6f5156be-9ffd-446b-bec6-8377591728c7,T3,False,0.000271,0
634a754c-ee93-435b-8489-9e40f578b18a,T3,False,0.000271,0
8f79c0d6-7d96-4044-b93b-8f0ebb55c890,T3,False,0.000271,0
0f99e412-e533-4b22-9ba1-5e1e0088deb8,T3,False,0.000271,0
d2cf9e3f-6a24-4f62-a145-625e0767b056,T3,False,0.000271,0
d1ab8318-f70f-4206-867d-951380e7ed97,T3,False,0.000271,0
fcd34d3e-f16e-435e-b021-edd6ff0916d6,T3,False,0.000271,0
fd43dc2a-e1b8-47eb-a0f8-1148d9b6bad9,T3,False,0.000271,0
72d47217-690a-461a-9b94-e93c54d7c42d,T3,False,0.000271,0
72f27a00-1a21-49f2-b763-e4e4a6eaea97,T3,False,0.000271,0
d20e8357-4d0f-4b5c-a6a4-6afb31a948a3,T3,False,0.000271,0
e92a14c8-cf4c-4824-a2b9-2e7965772172,T3,False,0.000299,0
6f8ea7dc-bfb8-4ad7-a268-e161f9bd717e,T3,False,0.000271,0
f5d7d691-0299-4185-8dc4-9f118c395037,T3,False,0.000271,0
7bee1913-dea4-400e-ba78-6664d6121f94,T3,False,0.000271,0
d3e3c6aa-2139-4b30-a1c1-f77fc2758448,T3,False,0.000271,0
cbf4cb02-fe4a-4cc6-8530-16e9db585980,T3,False,0.000271,0
660af054-339f-4157-8f38-c5ca14923e78,T3,False,0.000299,0
d214a9bb-6a6d-45d9-b52e-39edf6aa622e,T3,False,0.000271,0
8ca68194-2a46-44d9-9525-eec04b4d0c2f,T3,False,0.000271,0
385d3e34-8178-4522-b822-8482cd42c911,T3,False,0.000302,0
c658ddc1-d179-42ec-8dc1-6864d92d3556,T3,False,0.000271,0
2601f793-d80c-492d-bdb2-76496ab47f74,T3,False,0.000271,0
f5555f44-58f4-4918-94d6-c4ab5a683257,T3,False,0.000271,0
57c51b57-9635-4ef6-9fc4-d0149c82a057,T3,False,0.000271,0
dbd1ecf0-c486-40f8-828d-328c4c99b8c2,T3,False,0.000271,0
a4d64f03-b6f2-40e9-98fe-9a83275e62d9,T3,False,0.000271,0
29c6daca-4277-44d1-8436-15bf7533c9fb,T3,False,0.000271,0
acb4cf92-3004-4f62-939c-0e9c7e7515d5,T3,False,0.000271,0
6a1f9178-41f0-46dc-b384-1286a8b0d867,T3,False,0.000271,0
98d45e80-4f8e-47d0-8710-cb66e331c126,T3,False,0.000271,0
01af2644-28d7-465d-9870-7397bd8edbf7,T3,False,0.000271,0
c636f420-3a14-457c-b94a-6bf23234c372,T3,False,0.000271,0
55636eaa-6f11-4bfe-9d63-ae3922724590,T3,False,0.000271,0
02b1c4ba-05da-40a8-aa5a-1d0d8374bc40,T3,False,0.000271,0
187215c8-05d9-438f-85a1-c2e619d21628,T3,False,0.000271,0
db9ca0cc-f8d8-4d50-a30a-3901fb8b1b95,T3,False,0.000271,0
77b559a1-9e36-4608-b5e7-04180ffb8a2f,T3,False,0.000271,0
793a2131-d862-4306-ba42-edc6c309aa6d,T3,False,0.000271,0
dc026133-f058-4a16-829d-e940549414b6,T3,False,0.000271,0
4f965e44-002a-4f22-843a-9e40658ad48c,T3,False,0.000271,0
7ef10488-c696-4f08-8975-dd029595ac92,T3,False,0.000271,0
e0f8a0e3-3280-4e42-be7f-ac019eb9e3fc,T3,False,0.000271,0
3b5dc506-85f3-4389-b220-fb7fa2b2d80c,T3,False,0.000271,0
e36a8808-9240-43e7-80ed-f47633cfc5b4,T3,False,0.000271,0
051b0c79-e45c-4388-becd-03d3a2a320e3,T3,False,0.000271,0
4e2e49c2-ca33-4491-a754-c809b514ce85,T3,False,0.000271,0
f57a90a5-bdc4-4f4e-852b-baed34624dc0,T3,False,0.000271,0
b64d9cc1-f662-4a3a-b659-0f9074df10c9,T3,False,0.000302,0
f1c4e80b-6345-4615-852d-d2b7d81235b1,T3,False,0.000271,0
b43e1303-eebd-466d-8d50-075268449a86,T3,False,0.000271,0
63485068-b05f-4e4f-a3f5-68f27f30da8d,T3,False,0.000271,0
68890671-06e1-4eab-8802-085a87f7a6bc,T3,False,0.000271,0
723e65cb-3c6e-4bbb-9b51-06d6ca2425d7,T3,False,0.000271,0
68756a0a-fd03-43d0-b9e1-216bc081fa12,T3,False,0.000271,0
a66684b0-0a7f-4d75-a548-683c117d4537,T3,False,0.000271,0
bc8f6d97-dd98-49d8-993e-f5dc8aeb3808,T3,False,0.000271,0
7a0a5a97-e81d-4ca2-a1ea-80718d114788,T3,False,0.000271,0
91b13457-cf6b-45f7-ba0c-0b2f1a6ed4eb,T3,False,0.000271,0
005b5043-cc7a-46d6-a820-3d55d8606054,T3,False,0.000271,0
5b931c1d-e788-4745-8512-d388a284dd12,T3,False,0.000271,0
142454c9-adcc-4bc3-bff9-8dade48a6fe5,T3,False,0.000271,0
efbcda1e-39bb-4302-ad0e-25bfeb7433d7,T3,False,0.000271,0
0b69471c-5ec6-4322-8937-0cd6d790999e,T3,False,0.000271,0
10df5b18-0910-41be-bcd0-845390c24e94,T3,False,0.000271,0
2d95374e-12b4-4626-a308-9e172652fb12,T3,False,0.000271,0
91d472c3-8fcf-48b1-b8b8-c2c19f1e0b1c,T3,False,0.000271,0
234cb4bb-3483-42bd-ba6d-654803488605,T3,False,0.000271,0
58e77254-1993-4369-b2f8-d4cd3f2a97e1,T3,False,0.000271,0
f7562b7a-c975-4bd6-bdea-a56a968ae1ff,T3,False,0.000271,0
19d55906-b11e-46dc-ae78-236e678b1b93,T3,False,0.000271,0
5b063ea0-18ef-49b0-863c-a5bbe82b0363,T3,False,0.000271,0
5480a1cb-71e6-4671-9f18-4ca556a32704,T3,False,0.000271,0
976ff235-5585-4809-984d-1f0e39e54f07,T3,True,0.999549,1
4d0ef70b-2782-456d-a9e4-6f2c685dbc74,T3,False,0.000271,0
4e9fde86-e192-4a0a-a0b2-747182575e21,T3,False,0.000271,0
6beb9306-fcf3-4484-99f3-5ed4e1aa22cf,T3,False,0.000271,0
94f64e2c-9adc-453c-a5af-bd0aca9ac9db,T3,False,0.000271,0
fe7406aa-a9c1-4330-8167-d657f2925bad,T3,False,0.000271,0
86381ee9-3a09-44fa-8c48-c5d021039849,T3,False,0.000271,0
43e232ee-fd48-464b-bc15-2c4a15b62fbc,T3,False,0.000271,0
c6018119-f441-448a-a658-016f96a98e35,T3,False,0.000271,0
dcb121d7-1d6e-41de-8714-d0903ba86b6a,T3,False,0.000271,0
2a4e04ed-9f29-40a0-839a-69efa3b894d1,T3,False,0.000271,0
554e335a-d2f8-45ed-85d6-675169ae9159,T3,False,0.000271,0
adbcea04-afae-4c85-8f63-6ccd3eafb550,T3,False,0.000271,0
e383ffcb-b4ae-4b87-9258-946bc4bc801e,T3,False,0.000271,0
0151f368-7cb4-42b8-a27e-375813502541,T3,False,0.000271,0
2a634eec-47ae-42b8-95e3-1b2641862fdd,T3,False,0.000271,0
3675a7f8-6a92-4fc1-80a7-ba326e596b01,T3,False,0.000271,0
45c70cb1-6379-4b00-a2c6-37e0759324d8,T3,False,0.000271,0
e9fc5cf3-31c3-4852-b8d7-3146657b9471,T3,False,0.000271,0
fccbf6ea-565e-4c15-a80a-4c2132b09a1c,T3,False,0.000271,0
c20720bb-6863-459f-9188-e5ace6d2f117,T3,False,0.000271,0
9d4248b1-9fb8-4be0-8072-f5728466e318,T3,False,0.000271,0
9b9aa095-937c-441a-9117-5715734784f7,T3,False,0.000271,0
5d1cd674-cb5f-4120-910e-4001349b6ebe,T3,False,0.000271,0
6224ecf1-ee41-4720-826c-89798f1ad5aa,T3,False,0.000271,0
ff235f56-1af2-4e1f-a828-6b83a0112dca,T3,False,0.000271,0
71d3107b-ff29-4b6a-a299-c9fba1cace22,T3,False,0.000271,0
05444546-ec1a-44cd-92e2-0abaf3f4a53c,T3,False,0.000271,0
b5d7a216-a660-4ed0-a424-2aace605926a,T3,False,0.000271,0
a3e3edbd-37c5-4278-b8ab-e3222dbc10e6,T3,False,0.000271,0
0c9032f1-ca82-4582-bf09-c1b79f89daaa,T3,False,0.000271,0
26cb7ed4-d233-4668-ab3b-6e7cd7b7b56d,T3,False,0.000271,0
29c03b96-ebd8-4354-bb44-0f43096bd049,T3,False,0.000299,0
034d30e0-0d85-4ec3-9b22-adc334d9723c,T3,False,0.000271,0
d9758d17-e102-4127-8d37-566e41cae3cd,T3,False,0.000271,0
c02ea08b-be3b-4adb-9834-52d17e3321bd,T3,False,0.000271,0
8c119f35-5b90-4e5a-bec1-437723ca00eb,T3,False,0.000271,0
ac911c71-6d0f-4ce1-aa5d-c387641c289e,T3,False,0.000271,0
5aeba06c-6393-481a-a553-49a6641f8520,T3,False,0.000271,0
08bcc4eb-a43c-4257-8593-bfe5c9155dbf,T3,False,0.000271,0
1b8357b8-1635-4d82-86ab-009a97774686,T3,False,0.000271,0
c74e3735-44e0-49df-bbe8-20114c3b1c4b,T3,False,0.000271,0
98bca8bd-a3d2-421c-9778-636a01295e51,T3,False,0.000271,0
1e55e985-78c6-48fb-b4f2-b1dbe78f4a41,T3,False,0.000271,0
677164c6-f4a5-4222-97fa-1ac26caaf241,T3,False,0.000271,0
72402b05-6fae-4061-b2b3-95029fd5befd,T3,False,0.000271,0
a3f1cea9-7090-45cd-940f-2f9fbcce2696,T3,False,0.000271,0
e8c8e6e7-8dfc-4c92-8215-6d9a4c50a4dc,T3,False,0.000271,0
2faf0b66-1f5d-4b2a-b564-54af1464d3df,T3,False,0.000271,0
6186a593-6472-4d7c-97da-4a1b05775d46,T3,False,0.000271,0
d90ea9db-2fb5-422d-84be-91a5d1adc2d2,T3,False,0.000271,0
63b973ec-2684-4ee0-a185-647246b2775f,T3,False,0.000271,0
1db98576-d762-4ace-a3fd-969609e0ef6f,T3,False,0.000271,0
64243c9f-3ed4-4749-bc71-ab1c598f5c26,T3,False,0.000271,0
9e2b1f7f-ad98-4142-a930-92bc2547a837,T3,False,0.000271,0
3e4a0351-f57e-4775-8981-1196b2a12528,T3,False,0.000271,0
3a31b2ad-e108-4437-ae90-46c7724a8422,T3,False,0.000271,0
23a18297-894c-4386-aeab-3c30d2fe65a1,T3,False,0.000271,0
c60c3e0d-482b-467a-adf5-2e58922250f3,T3,False,0.000271,0
25078241-4551-41a9-bd19-f4423e0ed296,T3,False,0.000271,0
5f2c5eab-1d96-4f8b-9866-b064d620b2f3,T3,False,0.000271,0
683d217a-beb1-40ac-a0b4-91f64d3a0cc7,T3,False,0.000271,0
d4d6d365-e077-46ca-a438-cdf3ad11111f,T3,False,0.000271,0
0d4346c8-d33e-4438-b45d-96297e4575c3,T3,False,0.000271,0
ea0e5e3f-9d15-4a7d-a5ac-c864755ec48a,T3,False,0.000271,0
4c4d43e1-bbb7-4b35-9314-2d54cdb667aa,T3,False,0.000271,0
c5eeaa54-3e94-453f-9325-0506ec377957,T3,False,0.000271,0
2a8c0712-a65c-42fa-b9fa-bb6c36ad6ce5,T3,False,0.000271,0
8da73406-a4dc-4895-b6a6-4809c3bb58c6,T3,False,0.000271,0
98ed6174-1976-4468-adc4-ab44aa026da4,T3,False,0.000271,0
aabf3b6b-3ea5-4ce5-b011-225f4319ef13,T3,False,0.000271,0
91bae665-70b3-4c59-b51a-749d74801e9f,T3,False,0.000271,0
c928c56b-982e-4616-8979-30933c367f02,T3,False,0.000271,0
8c1f6e1a-2adb-48a0-8e9d-830ad6b8995e,T3,False,0.000271,0
75bdcfdd-537b-4e68-b2b2-74728a8dee2c,T3,False,0.000271,0
968ba695-3417-4b5b-8935-2d233049edb6,T3,False,0.000271,0
b314c166-cdb2-4350-b627-bff61bf8c202,T3,False,0.000271,0
6eb5ef65-dd57-4334-a1e1-f0f126a43933,T3,False,0.000271,0
f2f121d7-368c-4f4d-a6df-8b950fc1f59d,T3,False,0.000271,0
4495ac99-bff4-48e0-b021-6532a67130a8,T3,False,0.000271,0
d7609117-8301-452a-a3b8-79f612c72567,T3,False,0.000271,0
ea1d8868-ed90-4081-a951-f036ca28dffb,T3,False,0.000271,0
8de21a9b-502f-440f-8bf2-ff7a06cb6b6a,T3,False,0.000271,0
973c1a6f-4224-4d27-a85e-a72e0d74703b,T3,False,0.000271,0
7bc33894-1644-4c94-8147-0f93e27c42a0,T3,False,0.000271,0
5e6e1777-73ca-468d-8a0c-8cc2431f65ec,T3,False,0.000271,0
21e7ca93-d51b-4fab-9c63-a642ecb1bb4a,T3,False,0.000271,0
0875a3d7-a21d-4e99-9b7d-ccb55b29a198,T3,False,0.000271,0
9e9539c5-ff3f-4de9-b496-5c60f5334ff2,T3,False,0.000271,0
2458050e-8988-4e26-a13a-2194873bd7fe,T3,False,0.000271,0
bf8da9f2-1254-4165-b884-0a1260857799,T3,False,0.000271,0
26f57549-fb3f-4191-849a-95c28c01a635,T3,False,0.000271,0
00484806-b0c8-479c-b9bb-e56658b346a9,T3,False,0.000271,0
1b3b8c7f-3295-4e62-b47d-9cd726907be8,T3,False,0.000271,0
f835ca12-9376-4ede-b97f-362d8a064eab,T3,False,0.000271,0
3c773092-a873-4dbc-b3a7-fbf7c3240e0f,T3,False,0.000271,0
0472eab1-6bd4-45c0-bf88-7f1821c4e3c1,T3,False,0.000271,0
6356597b-bc79-48ef-85f0-ad95de353617,T3,False,0.000271,0
646a96dd-a1be-4602-bb94-40860e0f60fd,T3,False,0.000271,0
9d2c569a-ff8c-4d96-a321-4f5933ed67c1,T3,False,0.000271,0
39b29911-3d5d-4654-93f1-512911a7f915,T3,False,0.000271,0
aacd5bab-36b9-44be-8382-2aff1085a5b5,T3,False,0.000271,0
ba742263-65c3-4057-964f-c3b0d92bd9b4,T3,False,0.000271,0
ce13e068-016a-40eb-a623-8a750f99b98d,T3,False,0.000271,0
21f19424-b96c-4eff-b73c-e445d58cdba8,T3,False,0.000271,0
28f6cca2-b8b9-4b4c-bfa4-60de55f12e0f,T3,False,0.000271,0
34637514-e280-46b9-b0d1-ef03aaf15d67,T3,False,0.000271,0
b9c510ea-43af-4a39-89a9-6fc3362a0873,T3,False,0.000271,0
80c453fe-0007-49bc-9bc8-9f0bc53a73c6,T3,False,0.000271,0
b95dec98-67d3-4a46-88d5-1e24ded28dcb,T3,False,0.000271,0
0c389e2a-18cc-4fa6-a887-07bd2778ef51,T3,False,0.000271,0
1e4c9ca4-1c76-465a-9c0d-df7a56b0db2a,T3,False,0.000271,0
f3972828-e09e-4e25-9938-fbb1ebe62bee,T3,False,0.000271,0
fa7be06f-59c4-44bc-8863-ea80e8370056,T3,False,0.000271,0
2687aa1c-be59-4f66-a66b-68af8906d917,T3,False,0.000271,0
e1028a5a-5504-499d-8856-89e4cdbac998,T3,False,0.000271,0
bf7a3cca-684a-4df0-af13-632c975ac9e2,T3,False,0.000271,0
535752f8-350e-43cf-9ae3-fc28523cb0c9,T3,False,0.000271,0
027b859b-6c82-4fcb-ade3-d2e98721f833,T3,False,0.000271,0
1e25ab22-9c70-4118-b8ad-910cf2173d3e,T3,False,0.000271,0
b2adb2c0-2e8b-47a9-b52c-b725a32064ae,T3,False,0.000271,0
1920fb4b-d56d-4ed8-81db-5407a8489a79,T3,False,0.000271,0
6166648f-20d9-4b73-9f49-c96050ada393,T3,False,0.000271,0
9493c4aa-d368-47c4-acfa-9671b615cdae,T3,False,0.000271,0
6bb5c8fa-e47f-4f08-bb8e-b24b31c26dae,T3,False,0.000271,0
0ff3c9d5-8d43-4b13-9f8c-b6b1f682ecd0,T3,False,0.000271,0
30d3c7ed-24d7-4567-b5e9-16d9173c1054,T3,False,0.000271,0
eaac9136-ab03-4e58-a854-41e69e2d2274,T3,False,0.000271,0
0bb649d7-22cd-47ca-9013-f739111ef183,T3,False,0.000271,0
fa34a1e9-ca91-46b1-9ec1-de36c5d103e9,T3,False,0.000271,0
88c23c31-dd9f-4f05-a204-ff9024b0940f,T3,False,0.000271,0
461a7b68-6964-4412-b4bc-8e993d549dac,T3,False,0.000271,0
54f35f29-11a1-45e3-8a50-54071feca0ce,T3,False,0.000271,0
53cae4ef-33d8-44f9-97e0-94ef9ecff3df,T3,False,0.000271,0
b20e51ec-e55c-44fa-80e4-e0de894ea4c8,T3,False,0.000271,0
8c4f790f-9ce5-41d2-bcbc-1d9a16157ff0,T3,False,0.000271,0
451c2ce4-0cad-41a3-9c9c-2948561987b4,T3,False,0.000271,0
1fb04b84-7546-4b39-99bb-fb31980daae5,T3,False,0.000271,0
eb6d7762-3fd0-45cc-847d-c979023bcbbd,T3,False,0.000271,0
6bfa8a40-53c6-48c9-857b-c7c8dc125b6b,T3,False,0.000271,0
5a652cfc-af80-4d31-a847-b9ef7f82da7a,T3,False,0.000271,0
b9146cba-ffab-454e-8e72-8825afebe8f0,T3,False,0.000302,0
d0dbc20d-30f7-47bf-96fd-68e62310981c,T3,False,0.000271,0
21c22de5-506b-4f8b-b198-ed168490447a,T3,False,0.000271,0
0d9b81a0-9891-4fbd-aa7a-cd0c659d691b,T3,False,0.000271,0
71452874-46a8-4fb5-9ac1-1edf0acce9db,T3,False,0.000271,0
9139d59f-7612-4553-92f3-180a860748e0,T3,False,0.000271,0
f4ea7176-c858-43e5-a97c-b2cb252135b5,T3,False,0.000271,0
94fba5dd-a12d-4743-be7e-97ed75d6617f,T3,False,0.000271,0
1889fd05-c353-446c-9838-eb2b1d08ff75,T3,False,0.000302,0
22460400-8da9-4fb4-90a0-b360582e5af2,T3,False,0.000271,0
b52eca13-6888-4693-b4dc-8aa3dac550c4,T3,False,0.000271,0
83c2106e-59ad-40d8-9341-ecbefc6445ce,T3,False,0.000271,0
d65504bf-8c1a-41e6-8eb6-940671128b4a,T3,False,0.000271,0
2163866c-3006-47eb-9c35-bcb822dc35d3,T3,False,0.000271,0
e0f2a5e2-8c67-436d-ba24-92c0df060ab1,T3,False,0.000271,0
6ed9ba30-a5f8-466b-8ce0-2f97397dc7ac,T3,False,0.000271,0
1674f418-a7f0-400a-af4c-24081700a831,T3,False,0.000271,0
05224080-28c2-4975-ab74-a7782acb3bee,T3,False,0.000271,0
e8050d12-2b79-42e5-85df-739dd7d9f94a,T3,False,0.000271,0
d24bbe33-fc31-4f10-97c2-95e4cee99424,T3,False,0.000271,0
1e9ed916-3d45-4b5c-a78d-545175834335,T3,False,0.000271,0
e1875032-6741-4056-a763-ec18ca5810fe,T3,False,0.000271,0
16c561fd-9ef6-4566-a7a1-7dabbcafa45d,T3,False,0.000271,0
7bdb1214-0875-4666-89a0-f107daff7e38,T3,False,0.000271,0
f066b4e5-de64-4d62-85af-5006415bb246,T3,False,0.000271,0
cb322e86-0fc5-4543-9f4f-8bdc33424b38,T3,False,0.000271,0
759899ce-531d-49cd-80cc-b2364687e1f0,T3,False,0.000271,0
9453db6e-47eb-4e48-a47a-f11d4466646c,T3,False,0.000271,0
253a7411-17d5-4325-808b-29cfc77f46a3,T3,False,0.000271,0
401d16a8-7636-4e07-a41b-d6e35410356d,T3,False,0.000271,0
37395ff1-0606-42a4-ae42-973d3f60a1cf,T3,False,0.000271,0
1086efe8-d4a7-48ca-8ab2-3c03ac5c6f5f,T3,False,0.000271,0
11fb547a-c58c-4fae-944d-8657f510d49f,T3,False,0.000271,0
9c861aaf-5c9a-4162-935f-54ef653b63dc,T3,False,0.000271,0
02f26e28-73c5-4fe6-9b2e-e58ab06cacb6,T3,False,0.000271,0
a2137724-98b4-40f4-a4f5-77b66cb8bdcd,T3,False,0.000271,0
39223c67-e463-4b76-a09a-0753745c03b4,T3,False,0.000271,0
ebfbeaa7-32e2-480b-a886-133d8996ca25,T3,False,0.000299,0
51135815-ac52-4208-a6b5-002b3b67c7a8,T3,False,0.000271,0
42722265-e950-41bd-9b6c-268d7bfda9b4,T3,False,0.000271,0
861f70c6-7e7e-45e0-ad7b-fec64e6c53a1,T3,False,0.000271,0
b41f91f5-7442-4cec-9645-b74ade7a0ec8,T3,False,0.000271,0
f2a1eb97-da56-42db-a0f3-f6c601c979e3,T3,False,0.000271,0
ba2ab138-98b9-4cbb-94bc-a1ef598ebd85,T3,False,0.000271,0
57341e50-433c-40a8-b841-44e811f1cd6e,T3,False,0.000271,0
eb9a691d-f0b9-497c-83a8-4cc066dd505e,T3,False,0.000271,0
766ac015-acd5-4b32-bae3-166894ca815d,T3,False,0.000271,0
c3e9a66c-dbef-4ea1-9209-3cc5a983ff2d,T3,False,0.000271,0
5ae7521a-aec4-4346-9140-6c4632ac519f,T3,False,0.000271,0
50e03693-2e75-4ab0-8032-40b305c0cb36,T3,False,0.000271,0
00fa1670-6e59-4af2-b242-2f05628fcbfb,T3,False,0.000271,0
34ab5ad7-c96c-492d-b125-8954c1540868,T3,False,0.000271,0
3fd1c767-6402-488f-877c-95fdf918accf,T3,False,0.000271,0
c036bb31-7ce3-4e1b-9ae1-8dedbad47ac7,T3,False,0.000271,0
a0550c6a-62a9-4231-b211-ba0e66b4a4f9,T3,False,0.000271,0
f5718cd8-6881-4f5e-b4cc-905bc4afac1a,T3,False,0.000271,0
956b6dbd-4376-4b3d-9d77-8df442a0d68b,T3,False,0.000271,0
ea720bb3-8555-4b9c-aa94-968be99c1397,T3,False,0.000271,0
3d8dceed-807d-4db3-a195-63c753b0123f,T3,False,0.000271,0
46f689d8-179c-456d-89cf-e824434c8ad6,T3,False,0.000271,0
01de7f3f-7752-4af5-8d02-449508f05490,T3,False,0.000271,0
12737902-1426-487f-80f0-9bf716c1671a,T3,False,0.000271,0
64d854b1-a7a4-41d0-85a5-9ae34c8718af,T3,False,0.000271,0
19930f96-cf44-4156-96b4-00575ab2cf6b,T3,False,0.000271,0
6b78b058-0076-4c8d-b202-c70b71e48e59,T3,False,0.000271,0
22be3171-4577-4f30-9d02-160bf30133e6,T3,False,0.000271,0
02553872-fa02-4f03-85f3-af8f46a80e87,T3,False,0.000271,0
1f843739-9314-4999-bf0a-ec8f1e8af1fe,T3,False,0.000271,0
bea2beb0-41da-4672-a930-e7319b3a0a10,T3,False,0.000271,0
49aa38ca-54d7-4fcb-87c2-be3804bb283e,T3,False,0.000271,0
96af7f76-2e9c-49e1-aa52-fb78649d7539,T3,False,0.000271,0
d59b8712-04cb-4d86-b5b5-b57159baed4e,T3,False,0.000271,0
d3719f27-3a65-4061-894d-b961f9794a1a,T3,False,0.000271,0
b85ef7f8-596f-4ff7-b5c7-203002c83ffd,T3,False,0.000299,0
29bdc2d8-54bf-43cb-843c-3bf08c05c63c,T3,False,0.000271,0
df4c71ee-3c91-4d2e-8c52-f8bbc3b4c710,T3,False,0.000271,0
0172014e-7c63-4959-bbbd-025148e3cec5,T3,False,0.000271,0
64939ca3-82f6-4105-806c-6f75c9fcdc99,T3,False,0.000271,0
c5a1667f-63f6-4789-8e54-362d2c3c2e94,T3,False,0.000271,0
4faae610-c2c9-4ba2-b8db-7dffa89b3036,T3,False,0.000271,0
4f49c9f8-6bcd-4a15-946d-d4d64705470a,T3,False,0.000271,0
93dd87cb-1b3c-42f6-a5ba-039d8a7e27f2,T3,False,0.000302,0
a1ee1ec7-a853-4202-92c7-64eda6eeffc1,T3,False,0.000271,0
a8682acb-2980-47e2-ab08-0df3804745e7,T3,False,0.000271,0
ad3ae8a8-086c-429f-920b-3d686892ef18,T3,False,0.000271,0
3c79e74d-0569-4b73-a41d-775c828ad439,T3,False,0.000271,0
a0db5e5b-57a5-409b-ad64-c637ac528981,T3,False,0.000271,0
a2b3d3b2-2dc4-406f-86fd-33c320b85baf,T3,False,0.000271,0
f04e271c-cf84-4b58-b285-2ffe9e43ba00,T3,False,0.000271,0
e39bcfa9-6f50-4da5-b3c5-e71f493e7481,T3,False,0.000271,0
ef5163a1-e404-401b-99d9-28df6b064d76,T3,False,0.000271,0
b704c6e4-29fd-4272-b196-486245938c1d,T3,False,0.000271,0
c0826a84-9eaf-4103-904a-65bd416e6144,T3,False,0.000271,0
9798d422-db74-4a43-a2b9-db3d996a7fbf,T3,False,0.000271,0
5b9249bf-afa7-4321-ad8b-b1abd029f13d,T3,False,0.000271,0
33614897-28b2-413d-bffb-8e4c269d74c7,T3,False,0.000271,0
7d1716dc-9aef-46b6-abe5-1ab4460948be,T3,False,0.000271,0
b6d5cef5-2cf3-4189-add7-081e178e28b7,T3,False,0.000271,0
2ea21bdf-34e5-4648-936e-346025357083,T3,False,0.000271,0
ba33956c-9fb9-4e5e-8a77-48ed9c9e7f33,T3,False,0.000271,0
235b6fd1-6812-4192-936f-c6310af41725,T3,False,0.000271,0
964de035-4764-4a97-9695-af8c30c6ac20,T3,False,0.000271,0
385c4b00-f042-4288-8222-df3592ef8ede,T3,False,0.000299,0
612d7a64-5a07-4148-9071-079a4bf583be,T3,False,0.000271,0
48352e4e-b229-47fa-876c-0f64a98f29aa,T3,False,0.000271,0
ae19c256-743c-450f-9739-8d123992cbda,T3,False,0.000271,0
2d17c720-046f-41b7-87d5-b7a8a5a79d3c,T3,False,0.000271,0
f57d4770-f7f3-4149-b11e-8e91eec0fd84,T3,False,0.000271,0
2633902d-0b6e-4b13-95a9-174e449807dc,T3,False,0.000271,0
633ae10b-e62e-49c7-861a-ecef28a4f636,T3,False,0.000271,0
6d03c560-8fca-4084-959b-94e181881109,T3,False,0.000271,0
17f19004-0dc5-408b-9c69-16017a617f45,T3,False,0.000271,0
8cbae91c-9a12-4e62-a4c2-24e42e1d6b0e,T3,False,0.000271,0
a1e77020-d88b-4d3a-bc5a-1a327f6e35da,T3,False,0.000271,0
a1fcaf11-38de-4c6b-a19d-c2f241155d53,T3,False,0.000271,0
f112dfa6-a628-47bd-8182-bc7eb6fcb75e,T3,False,0.000302,0
65a6b14a-ccd3-4c9c-94bb-e0069a2caf79,T3,False,0.000271,0
f201c5d6-9db5-4085-bf57-65d32d38b4b3,T3,False,0.000271,0
4a3a789d-8597-4ee0-a5bf-e9b51722c343,T3,False,0.000271,0
26981a40-3ab7-4263-838e-58263d7892cc,T3,False,0.000271,0
0bce87f1-e384-4e6c-a2bb-fba3454e48d1,T3,False,0.000271,0
f0a43f90-a956-462f-b0d5-5813cfd65f93,T3,False,0.000271,0
c2b42939-0199-4919-b040-84787a5cc842,T3,False,0.000271,0
09675970-accb-4352-8451-20a66a1a4c38,T3,False,0.000271,0
76cd35c7-be95-4b26-ad45-ddd2a881eab3,T3,False,0.000271,0
c7069ba3-c576-4394-866f-8589847d3acf,T3,False,0.000271,0
318db7f7-5f9b-4095-9321-79f87919d4bc,T3,False,0.000271,0
f44718bd-446a-4c2f-8f72-2204526149e2,T3,False,0.000271,0
a82d6447-847f-4d2f-9179-cbe85e16cb5c,T3,False,0.000299,0
afd404da-bb4f-4a78-bce7-92c9936ac13a,T3,False,0.000271,0
c8c54968-4f78-47dd-841a-7b8e93445173,T3,False,0.000271,0
83769937-3e9c-44ad-a76f-8989140f5892,T3,False,0.000302,0
48aa6aa9-c38b-4b93-a420-bfc5710137c4,T3,False,0.000271,0
1cc951fd-2474-4d37-8f7a-655a86157542,T3,False,0.000271,0
4879d189-fa44-4164-a76e-29495d13c4bf,T3,False,0.000271,0
d631478d-baba-45b9-a2f5-2f826b6fb1d3,T3,False,0.000271,0
7171f748-db07-417d-9ee4-5a5acec6ef50,T3,False,0.000271,0
c7a4d53d-11a0-4f55-8626-6d28b0b57337,T3,False,0.000271,0
1c4ae8e6-b545-42a2-a5bb-77737e500b4d,T3,False,0.000271,0
298ed0d6-7684-4a3c-ad3e-49192259b3b1,T3,False,0.000271,0
4df05701-b5c5-462c-ae14-e656e9d1d113,T3,False,0.000271,0
01430a90-b8fd-44c3-ae61-f569ef410e84,T3,False,0.000271,0
1277c0d6-56e8-4c15-abde-d41c7737d217,T3,False,0.000271,0
85c858bc-2c86-4109-a81d-e5437c9b125f,T3,False,0.000271,0
1e50a422-93b7-43d4-ad5f-3419be13d1b4,T3,False,0.000271,0
476a24d4-8bfe-4334-80fe-94ab2a633da5,T3,False,0.000271,0
efa9e8cd-42fe-4a4b-bee7-25f43e0931bc,T3,False,0.000271,0
4b546a02-096a-4818-80ab-01481b0f5473,T3,False,0.000271,0
279bd72a-c093-425a-ab5f-283f60d39efd,T3,False,0.000302,0
30dfd381-f990-4d69-a809-165fd42e4ecc,T3,False,0.000271,0
f1040c83-2448-469b-ab35-2809fb6ed44a,T3,False,0.000381,0
7496dedb-89ac-4675-9adf-449d44ab4469,T3,False,0.000271,0
366306cd-b059-4f82-b178-1f7ba7c6f0a7,T3,False,0.000271,0
0b693767-5d0e-4edd-b0f2-3f5fdfd52edd,T3,False,0.000271,0
f00f9ade-3106-4c71-8c52-09be4d391041,T3,False,0.000271,0
727212b4-9ec0-4556-93fb-911bf17ee88a,T3,False,0.000271,0
8c5963be-d476-4a06-be83-f5c833f63c5f,T3,False,0.000271,0
039e3f0f-bf89-44fc-9c60-a9bf961d6426,T3,False,0.000271,0
02d6fcbd-fc9a-48d0-b4f0-6298ca4c9c8e,T3,False,0.000271,0
009662a1-e80e-4432-9e59-b1cf54bd981e,T3,False,0.000271,0
e507ae74-1200-472a-8584-240414c48bed,T3,False,0.000271,0
7058c674-4a14-426b-854f-14910439fb52,T3,False,0.000271,0
50bbcee2-3b67-4217-b272-7185de582f63,T3,False,0.000271,0
e7ba70d7-dd54-413c-b96e-b0cedf9bd951,T3,False,0.000271,0
e19b649d-930e-4a6e-8e55-afa421d7fc75,T3,False,0.000271,0
0aa97f47-84a9-4af4-928a-b1b89733c425,T3,False,0.000271,0
fe2c6744-1e3f-426c-883b-49b2ca04bd82,T3,False,0.000271,0
73cb63a3-253c-4e77-af01-5ab6f0e15d31,T3,False,0.000271,0
2a15594b-91a7-477a-8de4-743e4d55924f,T3,False,0.000271,0
00352434-f97f-465a-9196-b8cca471e99c,T3,False,0.000271,0
a1c25086-7df2-40f5-b055-9ae9b731b2c0,T3,False,0.000271,0
2d53a575-403b-4682-8e7d-5c5366595418,T3,False,0.000271,0
e67c5536-7659-4c10-ae48-6acf2edde613,T3,False,0.000271,0
b41635f8-46d8-4d32-b271-033bfbc030e1,T3,False,0.000271,0
d363721f-55ca-4634-9a39-c587e088caeb,T3,False,0.000271,0
f7b3f46f-4bbd-43f1-b97b-25cef465dc56,T3,False,0.000271,0
39be437c-a451-4f2f-86a6-a0bf625cf73e,T3,False,0.000271,0
895dab17-4a08-435e-928b-e15bfe4cedbb,T3,False,0.000271,0
f468be63-749a-4ac4-affb-c2282abbc26a,T3,False,0.000271,0
a0ae60bf-f234-438d-87f0-a83ff9e74438,T3,False,0.000271,0
6581e9b2-e75e-4140-84f7-0bafc18e4d31,T3,False,0.000271,0
fc4c3bde-37bd-413b-ae39-ba1fdcb61b99,T3,False,0.000271,0
d39c53c9-50b4-47b7-a08c-17bc6b8332be,T3,False,0.000271,0
1e3fed3f-0533-47dc-83a8-6c18a58fac52,T3,False,0.000271,0
35a826f9-c6c9-4bec-b8f8-dd672af83b5d,T3,False,0.000271,0
1c28afa8-4dbf-4f4c-b207-2d173881fdf9,T3,False,0.000271,0
6f8672ba-37a1-4ea7-be2a-672ffcefd04b,T3,False,0.000299,0
d81fec50-0491-40b0-9592-3ef541df751a,T3,False,0.000271,0
112bc968-e1d6-4037-8b2c-96c7a4002af6,T3,False,0.000271,0
546f50a6-b25f-4acc-a5ae-715cf84e7edf,T3,False,0.000271,0
694a21a9-bcc2-4a17-95fa-56775d8fc57d,T3,False,0.000271,0
388cd025-adab-4082-baa1-5a0756365e0b,T3,False,0.000271,0
3853898f-5fba-4085-ad72-18720f06fca3,T3,False,0.000271,0
49a7dc6d-cb57-472f-aa6e-215def4521b8,T3,False,0.000271,0
f24b953f-6238-4661-a10e-729f078f4295,T3,False,0.000271,0
ce2ebdfc-218b-4b9f-b8b0-2c5bc6efeeaf,T3,False,0.000271,0
c5caa84a-2700-4313-8244-16f569facb91,T3,False,0.000271,0
84907130-c64f-4964-a86f-ca83be396286,T3,False,0.000271,0
bb4ae2a9-2fc4-40af-9eb3-1066588fed87,T3,False,0.000271,0
ea944656-2d88-4266-b606-742197e6ff22,T3,False,0.000271,0
66863042-fdc0-43f1-9c3c-89d6ce184505,T3,False,0.000271,0
732d23f4-af59-4d92-8ced-438e8e97c9eb,T3,False,0.000271,0
06e80e89-a284-402b-ab86-6465e214eeb5,T3,False,0.000271,0
6fea4978-361d-411c-b86e-612dc22bdd84,T3,False,0.000271,0
e1b9e6ec-c47a-4955-ba77-b2aef793838f,T3,False,0.000299,0
8c897bdd-cb6b-4c0f-8acb-eb1c317e42a6,T3,False,0.000271,0
d71affe0-a74b-49a6-9164-60007514fbe0,T3,False,0.000271,0
427079ca-849b-41e1-8091-612701486275,T3,False,0.000271,0
d9899642-a1af-43ee-9532-92eb10fffece,T3,False,0.000271,0
41112368-237b-4705-8a62-b8b2a2879729,T3,False,0.000271,0
e9e72939-ffc4-4524-8f30-fbc90c399207,T3,False,0.000271,0
bf86edc5-90aa-4a96-a9a4-9301e5187df1,T3,False,0.000271,0
3a6675e2-fdcf-4cce-90d4-4cf6176691f4,T3,False,0.000271,0
01ddbef3-e603-43cd-a923-d4b58f3162e0,T3,False,0.000271,0
96882db0-766d-441a-bbc1-1950099dff05,T3,False,0.000271,0
c7048f73-c797-45c8-98ed-792d07e18280,T3,True,0.999683,1
6019aaae-e4a8-4dc6-bb82-6af6c73dfe7e,T3,False,0.000299,0
49dda67c-7eaf-4554-8c10-21d1b4e7a05f,T3,False,0.000271,0
f07a154c-84ef-4f8f-8214-99b7b4a3a21a,T3,False,0.000271,0
a3b24c51-6fb5-4ec5-92ff-94f7f876b88a,T3,False,0.000271,0
38975402-5500-4f52-be48-6eed15763d69,T3,False,0.000271,0
b762ec6a-7c49-42f1-b0f4-643482a0544b,T3,False,0.000271,0
0d79cfd9-1209-4f7b-a231-d3ee3e6e88eb,T3,False,0.000271,0
dbebe0a1-6d61-4863-923a-fb8b8d4e498f,T3,False,0.000271,0
0df501e5-ac1e-442d-8635-84e424cd4126,T3,False,0.000271,0
6c950461-5221-47e1-b71a-c3fe279a044c,T3,False,0.000299,0
b440318a-4cad-4c8f-9aa0-f83dbefa63ce,T3,False,0.000271,0
8282280e-a1ac-43e7-be44-30323bc92e45,T3,False,0.000271,0
00d62b7a-d8fd-4bfa-b3c6-872ed00deec5,T3,False,0.000271,0
18f7fcca-56a5-43ad-afbb-8e1d7794f9f0,T3,False,0.000271,0
62ab99be-f869-47eb-8cba-b51529a2b120,T3,False,0.000271,0
d98a8306-e84a-4c25-be9d-0f3e02f01d77,T3,False,0.000271,0
9bcdfe4f-e66b-42f7-90f5-a0d7d6b9a1f4,T3,False,0.000271,0
41e4db7b-4958-43e9-a0ef-e383e7b123bb,T3,False,0.000271,0
56ef6b9b-82e4-4b7b-b755-d7e57ea4bd92,T3,False,0.000271,0
378e213d-94f8-4edb-8ee3-f0aed4602642,T3,False,0.000271,0
72febbc4-e918-4746-bdbf-5b7a95d18a16,T3,False,0.000271,0
7ec6ba13-147e-459f-a6ee-109529155777,T3,False,0.000271,0
bc5b4436-5cbd-49f0-98b8-281d293e7243,T3,False,0.000271,0
1ce1984c-e822-4390-9502-06cd0cea0fcf,T3,False,0.000271,0
078417c2-b7fc-43fe-a0af-796c9eba62f6,T3,False,0.000271,0
1764ec87-7e52-41ad-a434-114b98a6217d,T3,False,0.000271,0
2f16e9c3-783b-4b70-b1a2-f0d76e25d86e,T3,False,0.000271,0
81484c5e-4b87-4251-aad6-6f08d7904ee3,T3,False,0.000271,0
a40d3285-6df4-4692-92ec-84393d66f3ad,T3,False,0.000271,0
1fa113e6-d57f-42c7-8eaf-932394d3f9c3,T3,False,0.000271,0
773511de-02b0-4ba6-b6b6-1f66bb34bb4f,T3,False,0.000271,0
9c590907-36f2-43e6-9390-7bad02e0e455,T3,False,0.000271,0
a89d2b6f-87a5-4b7e-953c-4e6dc915e644,T3,False,0.000271,0
866c54ab-7fe9-4cb0-8c7d-ccb80d70c9ef,T3,False,0.000271,0
1a238155-55c4-4a39-a892-8f4025bf9afe,T3,False,0.000271,0
fab3fac4-b53f-4a12-b959-962e26517a78,T3,False,0.000271,0
bddce64b-690d-46c2-a648-d63eb171bfbe,T3,False,0.000299,0
049a556a-a56e-42e9-a803-df23c2c6e5b4,T3,False,0.000271,0
23c04224-f840-4897-a60e-a48b2a078466,T3,False,0.000271,0
78eaa1e4-d950-41cd-af6e-e2162e186e70,T3,False,0.000271,0
06e166ef-c3f4-41cc-a8a6-4317196398c9,T3,False,0.000271,0
96aa6715-905c-4dce-b54e-06079fe5b7e2,T3,False,0.000271,0
bf644140-21a6-45e7-a434-9092c256afe9,T3,False,0.000271,0
388eb156-7894-4ab4-b6cf-c6a84f9d40d8,T3,False,0.000271,0
9d877b58-bb85-4523-9ee9-61b52347388e,T3,True,0.999683,1
580fd2e0-afc6-4617-af05-6a9303b7a77a,T3,False,0.000271,0
7adad5cf-ea31-481f-8120-5fc7f229d155,T3,False,0.000271,0
47778071-58ff-4853-a323-5d34af911423,T3,False,0.000271,0
87b5cb0a-2f03-4e3b-9e54-82b70c7d3bf6,T3,False,0.000271,0
b902b0f9-9e85-44ee-bf6d-8f462a44a639,T3,False,0.000271,0
89b83584-4b0d-4b6c-a88c-723859ddd3c9,T3,False,0.000271,0
6f003c8d-3b1e-48e7-96e6-85eac00e7531,T3,False,0.000271,0
1160e2aa-dfc3-4f6d-aa13-02bab335ae4e,T3,False,0.000271,0
39bb5ba5-cf7c-414a-b511-8f5e32ba9252,T3,False,0.000271,0
370ecf6a-c473-4150-823b-bae0f3095f81,T3,False,0.000271,0
dcb9d34f-3050-46f9-acae-f592a8e7e186,T3,False,0.000271,0
5cf6f0b6-325b-4030-b1e2-34a3ab873e9c,T3,False,0.000302,0
2dd6fa40-e4a4-4b48-989f-81d77cc592ad,T3,False,0.000299,0
ab93c36d-fb73-414a-8fbd-fd2f6f6a4764,T3,False,0.000271,0
7bada11d-631d-421c-9721-e18ad7f54248,T3,False,0.000271,0
8c5c40df-f5b9-4d19-85ba-740d1671f036,T3,False,0.000271,0
9f90e545-4220-45db-a38b-3f5f474071e3,T3,False,0.000271,0
13ef43e5-f7bf-4a0d-8d80-740ce742bf00,T3,False,0.000271,0
975bd36d-f549-4576-88ac-c0775e98d43f,T3,False,0.000271,0
d32e8def-8c45-4860-81ec-e6fa9809d7fb,T3,False,0.000271,0
4b439693-9faf-4fbe-b4cd-6ff23108d8e3,T3,False,0.000271,0
3d13e804-bb42-447e-92f1-edd3e6a18fcd,T3,False,0.000271,0
ade3c839-f21e-4f8b-86dd-291b29de84b8,T3,False,0.000271,0
530445e2-b026-44c6-96b6-ebc84da99151,T3,False,0.000271,0
0e3fe2e4-737a-4f1c-aab6-da8b373cacbb,T3,False,0.000271,0
bd406a1e-a14a-4534-95f3-9ebed6125b5d,T3,False,0.000271,0
b69c75f2-2582-4bf9-a6c0-7de87b554c11,T3,False,0.000271,0
178ba170-beb1-4d8a-9518-84612ba6923a,T3,False,0.000271,0
f7f9fe53-86c8-406f-9a04-d1a2a0ea1c26,T3,False,0.000271,0
7035f561-c10a-4ac0-9e08-3d725b2108e5,T3,False,0.000271,0
b1b007f0-b9cf-4a4c-908d-f1c45d4a063a,T3,False,0.000271,0
05e3bf17-80f0-4d6a-bf34-87395ea2de6d,T3,False,0.000271,0
af54dfd8-ddc5-42f5-9e80-d71c8de202e5,T3,False,0.000271,0
e229c552-a82c-4663-abda-fafcd3616d73,T3,False,0.000271,0
cbac75f3-218f-461e-a5da-1e00308c8671,T3,False,0.000271,0
0c4c07f5-66ac-40b9-bf30-558a914495ba,T3,False,0.000271,0
35050965-1854-4aaf-8b8e-48fe8456f5c4,T3,False,0.000271,0
6e4b629c-832e-47b6-910a-371cdcf1a5ea,T3,False,0.000271,0
183d3e23-4349-4102-9046-05a055349748,T3,False,0.000271,0
b63278c2-a7d9-4b71-8332-55a2423ce645,T3,False,0.000271,0
d34b5775-fba4-47fb-844a-0c8c60e5edf9,T3,False,0.000271,0
1faedce0-f4e4-4fca-aeaf-04e98c928712,T3,False,0.000271,0
5f0410d5-a320-4ebf-a7ea-0337e756a69d,T3,False,0.000271,0
b672e30e-b86f-4415-93be-59c0c518896f,T3,False,0.000302,0
f5808ae0-041e-4c7b-a566-ffc9fa921cc8,T3,False,0.000271,0
6949d0ef-ed3e-4b98-a06f-38f5f7c531f3,T3,False,0.000271,0
3c62480a-2351-4bc9-8274-2b56871c29c5,T3,False,0.000271,0
d82474ce-1678-4224-be89-9315488e94d5,T3,False,0.000271,0
189aa677-f32a-482a-b85e-9ff9b2c1e129,T3,True,0.99952,1
79654ff3-f452-461b-8a15-46cdee8bd13a,T3,False,0.000271,0
dec844b7-9f24-4711-bd93-9cda3d97911d,T3,False,0.000271,0
b3f9dc78-6469-482d-8121-30ab9ffa85ff,T3,False,0.000271,0
b1242ea8-2819-4f05-ba59-867121c61c05,T3,False,0.000271,0
66188d1e-9d29-4db9-9356-815b1aafba8b,T3,False,0.000299,0
1c4ba980-63ab-4dbb-9fd7-a6214afcfa4c,T3,False,0.000271,0
3ccc5572-d47f-48b4-91f2-69e0aa58d6e2,T3,False,0.000271,0
d88542d2-2975-4e9e-b66b-9acf347dcfe0,T3,False,0.000271,0
dfa9b126-2276-4ef9-b871-947602c5b93f,T3,False,0.000271,0
b8752245-75d2-495d-8437-20b64b6e1bf6,T3,False,0.000271,0
514ec9db-19e3-419f-838e-9fa056ace21c,T3,False,0.000271,0
276a0113-d2ed-4768-bb21-54c1816d36bf,T3,False,0.000271,0
0ae578ca-23d5-4acc-ae21-7b1e3239edff,T3,False,0.000271,0
5a79fdd5-8df7-4f5f-bba4-14f9fcc64416,T3,False,0.000271,0
33d1503a-eb1c-4f46-85cc-f386788447d0,T3,False,0.000271,0
33fe28a8-b60f-46ed-b487-393701f58540,T3,False,0.000271,0
5d3533f9-45c0-42e0-a8ee-0e7ef78f91ed,T3,False,0.000271,0
99db7d3d-b054-4531-9a8d-c5aee211c242,T3,False,0.000271,0
e546e2f4-8006-4183-9ee9-e447ee92f563,T3,False,0.000271,0
a6eb49bb-4d9b-447d-9a5d-f56c4b87daca,T3,False,0.000271,0
8bdd2511-6437-46e6-aa2b-b51482450d41,T3,False,0.000271,0
ae16744b-43c0-4ac8-9930-a5228cef4378,T3,False,0.000271,0
f6699321-f56f-4efa-913a-2a0fe0caa6d4,T3,False,0.000271,0
bcaada37-1843-41de-9334-c7acd3e7b301,T3,False,0.000271,0
1821ebe8-4065-4fb0-a63b-0b065116cfd1,T3,False,0.000271,0
a5148528-fa86-4226-a923-7bb23cd17554,T3,False,0.000302,0
f81075d9-9347-4b09-930c-59877e97c79f,T3,False,0.000271,0
19f09d98-17cb-4399-84ba-6b7c2528cacb,T3,False,0.000271,0
2f447c69-4996-46ab-aacc-421abd315cc0,T3,False,0.000271,0
ac60b916-abdd-4965-8720-88f33acf6605,T3,False,0.000271,0
151cb170-bb17-483c-8267-68ba84d1645c,T3,False,0.000271,0
e2956358-ade4-40a7-bdff-53b762ee80e2,T3,False,0.000271,0
1737d300-3cb2-4363-8438-8991ff29dd27,T3,False,0.000271,0
3d3e13b1-951e-4f3f-bf48-bc26c0691ffc,T3,False,0.000271,0
4ec7a603-1c6a-4e32-9558-22adf8875463,T3,False,0.000271,0
263cd6c2-6af0-419e-880c-bb0e50cf1b0b,T3,False,0.000271,0
0ac08c94-4320-4805-b738-1abcb3ad7462,T3,False,0.000271,0
0581253f-700c-4bc1-ae16-5f9ffd0c7698,T3,False,0.000271,0
579224df-3f33-4101-8cea-57f763d9e363,T3,False,0.000271,0
98472d81-47f1-4817-8f2a-4e98b092acc0,T3,False,0.000271,0
3d65336d-fefb-4f94-85c9-c7ab95106b46,T3,False,0.000271,0
ca95f873-93c2-4838-8dae-c8460825d861,T3,False,0.000271,0
4e3ea96a-7c07-4ec5-ac7f-6569ba7b675e,T3,False,0.000271,0
b35b1b5b-1be8-446a-8761-d94a585fc8a2,T3,False,0.000299,0
a6aeacef-b4cf-42c6-a820-aef96e4d775c,T3,False,0.000271,0
b73323e3-d254-4805-9096-b8a2813faa53,T3,False,0.000271,0
31e5cd77-5434-4045-83e5-b3d797f0fcf0,T3,False,0.000271,0
ed0acb1e-2b4c-4a28-8ddb-edc42caa3178,T3,False,0.000271,0
6365a3d7-c7b3-4f08-8905-ba951637bc2c,T3,False,0.000271,0
23f0624d-579c-4900-ae5e-b5e6c44d8567,T3,False,0.000271,0
13bb9e50-f7c1-49c0-9043-bbbf369fee71,T3,False,0.000271,0
c3d3d59b-d897-4e9c-8ab5-48d9adb70771,T3,False,0.000271,0
ed26681e-c6d3-4659-a968-ef0ffc8abb6f,T3,False,0.000271,0
2b179a3d-f0dc-49b9-b2e7-0eade97493b1,T3,False,0.000271,0
5fac6e63-3894-4ae0-93b2-f15d1cfe9a15,T3,False,0.000271,0
8b3d100c-271d-4e3a-a7cc-fdf8c7d18eaf,T3,False,0.000271,0
32b3bf90-17a4-48df-8da7-d816c891cec9,T3,False,0.000271,0
6754c775-19e2-48a6-9dcf-32d38d36ef7b,T3,False,0.000271,0
3e8f8aca-af14-4393-8190-6b9969c457eb,T3,False,0.000271,0
ac4a6b06-60df-4066-bfe8-c65f16aac4d0,T3,False,0.000271,0
0d360db6-30ad-4cc8-8ce1-fa2c400643bf,T3,False,0.000271,0
754f61b1-6b9d-4d24-ac87-82e9061f2cd9,T3,False,0.000271,0
bdfbc458-6a84-4b32-b69a-eb3bcd891b6d,T3,False,0.000271,0
565d9933-b525-467e-9418-4d34fcfb3ceb,T3,False,0.000271,0
bbadb9ed-ac0c-43b7-8af8-24808ced2a6c,T3,False,0.000271,0
973e188c-a44b-4e76-9fc2-4ca07cdd3022,T3,False,0.000271,0
058313b0-a403-4dff-811b-a1df4ffc0ecf,T3,False,0.000271,0
80dd589e-fb29-4b95-9d33-3fe32820d485,T3,False,0.000271,0
c6cd87b7-9f1e-425e-86fc-04751ac0c337,T3,False,0.000271,0
b0077e11-da6f-4e21-bd15-186bada35590,T3,False,0.000271,0
ee407808-4a00-4ac4-b2ea-5af0b914f63f,T3,False,0.000271,0
4323c253-6c9c-4bac-ae07-a2bf4512b37a,T3,False,0.000271,0
cd61915e-5a65-4586-be10-1f3201d9b3ee,T3,False,0.000271,0
37b39294-826e-4bb0-9a4e-1b7abc3c9ae7,T3,False,0.000271,0
07221e5e-d53b-4797-9a0d-7950eef9d79d,T3,False,0.000271,0
bb1e4188-2424-40e1-8899-e6a90539ab91,T3,False,0.000271,0
51684b20-5859-4cb8-bd5e-04f14208b8b4,T3,False,0.000271,0
4bafda61-8d55-478b-a987-c7e5aedfe5c1,T3,False,0.000271,0
9c99c422-82a9-4d08-ad6d-709fb9df82de,T3,False,0.000271,0
740d9717-4b95-4118-917f-6235afd0ba8e,T3,False,0.000271,0
18ec5af7-e571-47bd-a48d-a3ca30a25f78,T3,False,0.000271,0
1a449b4b-f51f-4662-b01f-a56c33e699e0,T3,False,0.000271,0
05a60912-910a-42a3-b20a-f66e1072f6e4,T3,False,0.000271,0
f8de2d3e-793f-4ac4-8ea7-4a5d03190c6b,T3,False,0.000271,0
fc879a93-9531-4f43-ac29-0c930c330972,T3,False,0.000271,0
78b37f5d-b78f-4b06-bbf5-8779853b6d43,T3,False,0.000271,0
06af51ef-83d2-4929-ade8-41bbda681e8c,T3,False,0.000271,0
6e13b186-054a-47e0-961c-289de8c4b48d,T3,False,0.000271,0
cc39860e-9501-4a7f-92d0-17c3aa4bb42d,T3,False,0.000271,0
91773328-1a1d-4447-8060-a119c11ae84b,T3,False,0.000271,0
4c137adc-721d-4ef7-a3d5-5e087edc8feb,T3,False,0.000271,0
9345c925-007f-4d68-b35d-6e608fafa17b,T3,False,0.000271,0
0eda2a5d-740b-4c81-ad2e-de4c3ad91ca4,T3,False,0.000271,0
9fba62db-e46f-4423-82c0-288b53d4ddf7,T3,False,0.000271,0
ec37ab6a-beea-491d-9e16-687b30cc98fc,T3,False,0.000271,0
0aefac78-6ba0-44b5-aea6-5ee976f53010,T3,False,0.000271,0
299342f3-70be-4722-8caa-face2c561c01,T3,False,0.000271,0
c516f7e6-b67a-4ee8-917e-f981f37681f0,T3,False,0.000299,0
e79f09c6-fe65-4c96-b80a-2aacf0477982,T3,False,0.000271,0
bd7ac0ec-ce94-4429-a693-a644b6356a96,T3,False,0.000271,0
3c7d5425-75ef-4668-9c12-7eddfd742f6a,T3,False,0.000271,0
c1923fe5-be19-4390-8164-0867bc698ded,T3,False,0.000271,0
d0421184-b799-4f6d-8bda-95323df24f0a,T3,False,0.000271,0
7d53ad9d-2a97-4f37-85f6-b1437b3a7077,T3,False,0.000271,0
343c4033-89cb-4652-bfc4-24b47e7cea63,T3,False,0.000271,0
aec5939c-dd0c-428a-ab77-fc28025da1e5,T3,False,0.000271,0
784d0520-b51f-4a79-81eb-1d7f9ecdc942,T3,False,0.000271,0
e54c3cbb-3462-4dad-b313-7f78a31a31f1,T3,False,0.000271,0
3c1ed5ff-32c4-4d79-ab9f-29ecfdfa754a,T3,False,0.000271,0
18f501f1-08b2-4a47-be73-7cb907e15667,T3,False,0.000271,0
c6046dd7-86ab-4c61-9eaf-612c9f9f8e6d,T3,False,0.000271,0
fd9a50ec-0261-4dd7-9e5e-6d7f3c1d2de0,T3,False,0.000271,0
7730cf1d-6cca-4c43-ab39-f771d8892c0d,T3,False,0.000271,0
98054327-2a25-41a6-a581-e50e75501fc6,T3,False,0.000271,0
17011308-dded-4e79-9680-8a71bc02382f,T3,False,0.000271,0
8b383562-9aaf-4c9d-967c-2f9f50c6f6b2,T3,False,0.000271,0
ccd1b103-814c-4d4f-91dc-11a33f5612b0,T3,False,0.000271,0
35996ad1-dd19-4c98-8978-744af167c862,T3,False,0.000271,0
cab479a3-d62a-4206-b68c-18547ef964fb,T3,False,0.000271,0
2e633a30-fb0b-4bdd-ac51-72250f305ad0,T3,False,0.000271,0
37a548a5-5c2c-4ebc-a649-6bfc293af562,T3,False,0.000271,0
f7626ec1-1181-4513-98a3-cf85f2de3758,T3,False,0.000271,0
61bf589d-9d5f-4707-8337-25bbe59c0afd,T3,False,0.000271,0
530a1ed0-09a8-4118-acac-bdc1841eb5df,T3,False,0.000271,0
057115ea-1a00-4004-b380-ad657e6e71f6,T3,False,0.000271,0
a5814878-49d6-4985-bed3-b3d5dfbef850,T3,False,0.000271,0
f1c62e23-5199-4ca7-a96a-f5a3a7f9a550,T3,False,0.000271,0
15805f71-4252-4abe-94bf-0a09e7986ae2,T3,False,0.000271,0
cf9323f4-e6ed-4d02-bb6a-e22249f88b7e,T3,False,0.000271,0
63709911-ef4f-4c51-83a2-3d30d3a61288,T3,False,0.000271,0
0d15da0a-bed2-4eb3-b840-29b679805b34,T3,False,0.000299,0
f30e99ba-039a-4562-9d4b-7cb60e18627c,T3,False,0.000299,0
92684d81-1ce5-4d51-a5b7-6ad01783267d,T3,False,0.000271,0
0e72da7a-7c85-472e-bb0e-f6216a3e7c99,T3,False,0.000271,0
d16c473b-b2a7-49a7-a810-e6f8b24415fd,T3,False,0.000271,0
ad4b6f80-2424-42a6-a7d4-27791824ea47,T3,False,0.000271,0
810a3368-7327-401a-87bb-3b47cff2d83f,T3,False,0.000271,0
c66e64cd-0009-4e10-ba53-0daebc209ccb,T3,False,0.000271,0
b5adacc7-d016-4db8-a77a-3ffde0092bd4,T3,False,0.000271,0
80e5ffc6-30ee-4b22-aafb-d67612b05671,T3,False,0.000271,0
e77ad648-98ad-4ca9-b8e5-31e7e8899353,T3,False,0.000271,0
65d8ab3b-6082-42e5-b2f1-2043bc57ce1c,T3,False,0.000271,0
b3718ae8-0522-4704-a8d1-6e3c9d8d898e,T3,False,0.000271,0
de756d76-0860-43be-bf1f-caad4e05514d,T3,False,0.000271,0
ed7344a3-3d67-4c39-93d4-ce9f75c8129f,T3,False,0.000271,0
30a711f6-6354-4d3b-9e23-a4c2d76d8b13,T3,False,0.000271,0
e7979f9b-1de0-4406-b4e1-5880eabc14d4,T3,False,0.000299,0
1cd5354c-abdf-4b91-9b2a-badebbaabd2a,T3,False,0.000299,0
9779686d-5647-4324-a6a4-de1afd771079,T3,False,0.000299,0
bb688f95-8838-465b-a66b-49018c9da7a0,T3,False,0.000271,0
a67cf2ff-f8e9-4b76-b1ad-d4f2438086b2,T3,False,0.000271,0
bfadd26c-c962-4a2b-8a04-bce827eac586,T3,False,0.000271,0
fa0299b3-c2fa-4fe4-8864-587b559e6010,T3,False,0.000271,0
3293306f-2594-4775-a372-73ce3c83c6a6,T3,False,0.000271,0
d4d5e9d6-7cc6-478c-afe7-0a966468aeac,T3,False,0.000271,0
c17ab83c-f3da-4276-9fc6-e6a66bef7c16,T3,False,0.000299,0
a4a994fe-561d-461a-b01b-b7d6ec3a6bdd,T3,False,0.000271,0
d80091d2-e2bc-484c-8450-74374040887e,T3,False,0.000271,0
d61bc61b-d731-45a8-a8ed-0ada3583dc95,T3,False,0.000271,0
1823a009-3313-40ec-9b17-294a1f86f2e1,T3,False,0.000271,0
86fd499d-58b1-49c8-9ec8-6aed65074a45,T3,False,0.000271,0
27dec718-1732-47a1-9d81-1462523d67ad,T3,False,0.000271,0
fc61f117-7188-4e36-b0ef-66b72c54bd38,T3,False,0.000271,0
3dda16a6-5783-4263-837c-3a7087cf5b1c,T3,False,0.000271,0
8ad847ec-507a-4211-9772-5ab8148cf71e,T3,False,0.000271,0
2bef2ed3-04a5-47df-b752-1fdb866aadaf,T3,False,0.000271,0
757ed7a6-ce6d-4ccc-8be6-ebfb2ad2a674,T3,False,0.000271,0
0bb5db3d-1b86-4dec-8b56-08257093a06d,T3,False,0.000271,0
342cebbf-eb55-4d6d-9c28-aac8c70fd97b,T3,False,0.000299,0
1a0f439e-2ca2-4108-a399-a1ba178ac898,T3,False,0.000271,0
d6054efc-889a-4133-bfcb-ea1d46078ea7,T3,False,0.000271,0
3b449b48-1ca6-496c-9e1e-c1b9421f62eb,T3,False,0.000271,0
a4308f03-95a6-40d8-8a6a-a2721609fd25,T3,False,0.000271,0
713c4a8e-5ff2-4913-bb19-c120b659413f,T3,False,0.000271,0
6c2eea0f-78f8-448d-99ad-79d38209ddaa,T3,False,0.000271,0
d1607443-dfaa-4a39-aedf-017aedcb5e6f,T3,False,0.000271,0
759430d5-9de9-41fc-8746-0897bc584b42,T3,False,0.000271,0
9d0326b3-944e-412a-8352-12fdb8daa55d,T3,False,0.000271,0
08f9654e-31dd-4c3a-b44e-d0abaa419a57,T3,False,0.000271,0
39818ffb-adf3-49a0-9e4e-7ea44088abe8,T3,False,0.000271,0
b1714d0e-be86-4dd9-a74d-9fbffc8c37de,T3,False,0.000271,0
20da1b99-cfdc-44fe-a2f0-3c14aafdbd5f,T3,False,0.000271,0
79c6c91a-e942-4d6e-8504-41640140512d,T3,False,0.000271,0
f4114769-4ea1-4145-b03b-8d6abda92545,T3,False,0.000271,0
d36a7e3f-38f6-4a6b-aa38-403c13d2b95a,T3,False,0.000271,0
130709ab-aa74-439d-8f96-d52bb50a82f9,T3,False,0.000381,0
c9f27fe8-f763-4363-8b0d-c78205e21f81,T3,False,0.000271,0
ecb85cb8-8880-4e43-bc41-f6f2499409ae,T3,False,0.000271,0
9fd633a6-545a-4a99-bd64-b87f1c46c11a,T3,False,0.000271,0
109d324e-e333-4d9a-90a6-38927dbc6157,T3,False,0.000271,0
8a5aafd8-7101-4d74-8452-911ea9ead48a,T3,False,0.000271,0
04d87bce-f041-4b8e-b0da-4e8146bf0d05,T3,False,0.000271,0
3037be5e-d8e8-4060-96ca-45896277caf3,T3,False,0.000299,0
41e0daba-6471-43f6-bb93-a1176d83c86d,T3,False,0.000271,0
32d2079d-7181-40b6-bf1b-b31571528ed2,T3,False,0.000271,0
1d18835d-2c67-45bc-866a-ce78752a3dbd,T3,False,0.000271,0
9521cc2b-e94a-4a70-bee5-ddf4c350eed7,T3,False,0.000271,0
1fa1dcb9-1c89-4666-9b5b-161c75053b52,T3,False,0.000271,0
9f80648f-0ff2-4f8b-9434-3eb43495fad8,T3,False,0.000271,0
6878aa77-3435-4ae6-949c-2e6c9bfbb485,T3,False,0.000271,0
f017ea7f-65eb-41ba-aeb6-f0b6b64437ac,T3,False,0.000271,0
09a66657-d46f-40dd-acf2-fca76628a757,T3,False,0.000271,0
9ea489bd-0b70-4af6-bdf9-08b4d910931b,T3,False,0.000271,0
c979f640-5c9e-4484-8fec-0fe28b3796a7,T3,False,0.000271,0
5e165993-4ce1-4dd7-846c-c0f822f436af,T3,False,0.000271,0
c3a74f5e-583b-48c8-8c9e-09f07f280b82,T3,False,0.000271,0
0b61a670-fb01-4465-9e27-2429f66de26f,T3,False,0.000271,0
3733c1d0-422a-42b4-9735-8c54e49f9e6e,T3,False,0.000271,0
d345387b-c304-4978-a1c3-c6b1b80247d6,T3,False,0.000271,0
9b616010-505a-43e1-b812-b8cd86628838,T3,False,0.000271,0
4de417db-4bce-43ac-ba42-4e59f7ffdfd2,T3,False,0.000271,0
9b397e55-bddf-49c3-a25f-8accb008076b,T3,False,0.000299,0
d0af24e9-985a-400a-adbc-09fc4bf3c277,T3,False,0.000271,0
30352e38-c75f-4786-ac41-e508131250d7,T3,False,0.000381,0
222eadd2-3cb3-41f5-877e-d0a0ef2eddae,T3,False,0.000271,0
0ae4778e-4686-4dae-b48e-bad71eb2007a,T3,False,0.000271,0
fe45e0fa-3fa0-40e3-a58b-5f1ce58da0bf,T3,False,0.000302,0
ca67c206-7ccc-441c-9207-5eda4a131dda,T3,False,0.000271,0
a8e9e03d-b49c-4b1c-86f8-df8a945eceab,T3,False,0.000271,0
90da1a72-28e4-423d-ba6c-83ba74feb919,T3,False,0.000271,0
de74eb6d-43a6-4bf4-9ccd-0b8b1f05e04b,T3,False,0.000271,0
0fa705d1-3570-4984-8796-fbf2d761c51d,T3,False,0.000299,0
d512c4ad-fd99-4fbf-9bff-b568843fe7f8,T3,False,0.000271,0
db71fa54-c7fe-4d01-9693-526279d529be,T3,False,0.000271,0
abedfe87-7c61-4aec-b690-d0ff8e50d30b,T3,False,0.000271,0
2842fc66-4169-409b-a6eb-03641dec9df7,T3,False,0.000271,0
5ead7e2b-8d7d-4144-940b-a1e210862813,T3,False,0.000271,0
cde4404f-fa90-4672-8a60-18e624243859,T3,False,0.000271,0
3067b44e-0e12-4269-8961-7aa531896c25,T3,False,0.000271,0
ff8ae7d0-ec8d-4b24-a308-1cef45108f16,T3,False,0.000271,0
2e6600d8-9613-46ac-88c2-b46b8b38ab7e,T3,False,0.000271,0
2c6cebf6-16e7-4b6a-8702-4e58561a8dad,T3,False,0.000271,0
79752d8d-679e-44d1-8efd-1afcf7e42392,T3,False,0.000271,0
3332f269-2b73-4d27-abc3-d92469ac98a8,T3,False,0.000271,0
6d215ad7-95ed-4c0d-bce8-9989eeabb8d4,T3,False,0.000271,0
186e2ddb-f0c2-426f-96d2-a72ee9faef39,T3,False,0.000271,0
345ced39-1fbe-469f-80e9-9f806cecb382,T3,False,0.000271,0
4417a7ba-bd62-4635-8565-cb085262df06,T3,False,0.000271,0
b3d56647-87f3-46ad-af00-b53e8d423b8b,T3,False,0.000271,0
71dc08f4-f84f-4a8c-be8d-2d12e584f54a,T3,False,0.000271,0
13e5f09d-ae13-421c-b3ae-8eba9ee24af9,T3,False,0.000271,0
336c132b-c55e-46fb-a914-12dc3e24a5c2,T3,False,0.000271,0
9a6364fd-3543-49b8-8a03-89a8b471f195,T3,False,0.000271,0
b0984d86-c8e5-4e69-8fed-8c72aed9574e,T3,False,0.000271,0
0ceaea29-904f-414c-8ed2-b59d64ae88f3,T3,False,0.000271,0
aa1927b7-c703-4deb-9adb-d7bdfe0efdbc,T3,False,0.000271,0
4b4dcf95-d68b-49db-a388-ab128f332648,T3,False,0.000302,0
2159a0f7-4a6c-4d95-b43d-751d0b151b23,T3,False,0.000271,0
337a775b-b47d-475b-8dae-6340e42fbc5f,T3,False,0.000271,0
3cf83370-95e6-4de9-bea6-0350a3a6857e,T3,False,0.000271,0
b7c31705-80c2-489a-b8c9-5c185aa6968c,T3,False,0.000271,0
01833cbc-078b-42a3-a2c2-84d22c61a7ce,T3,False,0.000271,0
43539d23-c2be-49c6-8f48-0ac3d576d578,T3,False,0.000271,0
23cd19e8-6264-4cf7-a43c-c3f126dc03a3,T3,False,0.000271,0
f95e712c-eae8-43b1-a405-5aad44102e66,T3,True,0.999425,1
4cbcdfa3-79b5-495c-be20-2207a4b04975,T3,False,0.000271,0
68275a75-5007-4ae2-af15-1a9585a45587,T3,False,0.000271,0
0c7c25ae-7bc8-4ad2-8c98-dfde9836153c,T3,False,0.000271,0
42037d66-09b4-4f63-ac1a-079f01827997,T3,False,0.000271,0
b08b358b-9842-4ed4-9478-123131629116,T3,False,0.000271,0
5090c35a-3af6-49af-bfdd-1fe5b6305025,T3,False,0.000271,0
8d88e6e7-01fe-4c75-96f2-56de19a15518,T3,False,0.000271,0
858d6d16-b90c-48af-9a0e-664137fa7777,T3,False,0.000299,0
a190a101-af8a-4f3d-a462-fc37dabc98ac,T3,False,0.000271,0
86f3d8ae-96e4-463a-b9b4-4493462de310,T3,False,0.000271,0
06551ee9-0f7b-4a31-8264-220a39a064d4,T3,True,0.999683,1
dd54cc4a-595c-49ca-990b-464434eee185,T3,False,0.000271,0
27036728-7159-4141-b6b9-d32337e1eff8,T3,False,0.000271,0
c48832fe-01b9-4614-bafc-620612c0af76,T3,False,0.000271,0
74057d94-7ed5-451a-aa7a-5ad37bcec353,T3,False,0.000271,0
ef632d2f-ae59-4210-9a5c-1a622b7391e8,T3,False,0.000271,0
04832fcb-ad99-4595-a5ad-6d0ff170dfa1,T3,False,0.000271,0
b45415c3-c961-4fca-b94b-cda35da790dc,T3,False,0.000271,0
e4cb82e4-2ce4-4c1c-b94a-d6bc2dac0590,T3,False,0.000271,0
cf1bb2eb-3bdb-4ffa-bef1-a5ff2d1827e3,T3,False,0.000271,0
ed661106-6bc6-4909-ba7e-1fdf2391a54e,T3,False,0.000271,0
1895b48b-c6ba-4c84-a4c2-00a3383536ae,T3,False,0.000271,0
d9c2c449-a7ad-45c9-85d7-ec288ae7f54d,T3,False,0.000271,0
874c83cf-66a8-46ba-bb1a-325c2668ba1f,T3,False,0.000271,0
2dad1b2f-4b8e-4c89-aa42-f8e345026410,T3,False,0.000271,0
8bb5052c-63ce-432a-a939-c438833da3e3,T3,False,0.000271,0
ccaaee0a-83a7-442e-9492-dd17be43e383,T3,False,0.000271,0
bfa7cfa4-e255-452f-b283-d117e5d840fc,T3,False,0.000271,0
a0fbdcbb-c1fa-4a03-8110-61a2f44ca9cd,T3,False,0.000271,0
60103e56-6efe-475c-a7ad-0181efb8ab6b,T3,False,0.000271,0
3c5e3d56-dea8-41c5-8c91-1aec5dce0d5d,T3,False,0.000271,0
1e54b13f-59d1-48ab-82d0-c2d6f686f046,T3,False,0.000271,0
083e51f2-388b-4b76-ae9e-2e72919c75c2,T3,False,0.000271,0
670bc924-ab0a-444c-9c7f-070d780297e2,T3,False,0.000299,0
d24855e4-2246-4296-a153-0562128543e0,T3,False,0.000271,0
c7d30552-846f-4204-8cf4-6357b044b714,T3,False,0.000271,0
d6fc88ec-6927-4efb-b417-be8ab76af5c3,T3,False,0.000271,0
2e58f97b-030c-4657-831a-ec8cd4b227ca,T3,False,0.000271,0
23f25306-eeaf-4cb7-9018-1a9c60e8be72,T3,False,0.000271,0
fddb315a-9930-439b-aed5-5a62adaf0f11,T3,False,0.000271,0
fb657de2-13f9-4e5c-8d47-ec17374f0cba,T3,False,0.000271,0
d02255a5-411a-4942-b142-925667e5553d,T3,False,0.000271,0
62c5e699-8733-4ccb-a6b4-1d1c99ee61e2,T3,False,0.000271,0
f2779bed-0e90-476e-86bd-77f2dcf31830,T3,False,0.000271,0
2211a2d0-af63-4a26-9e21-ba9bd6cf5ba2,T3,False,0.000271,0
5831990f-bec1-46da-96f7-ff273a6572b5,T3,False,0.000271,0
8c5df6d5-0938-45e9-9eaa-709f4b823303,T3,False,0.000271,0
4f105000-7be0-414c-9321-630221a224a9,T3,False,0.000271,0
4ac20dab-c78d-4086-b8cd-4419f9ebea59,T3,False,0.000271,0
ebf199e7-f88c-45c0-8a9a-6167f0649eff,T3,False,0.000271,0
6af88060-377f-41f4-a470-d16d6cfdddde,T3,False,0.000271,0
1dc365ad-aa37-469e-91b2-627879fc42e3,T3,False,0.000271,0
d01d6682-2a4e-4bc4-9183-60848f0e05a7,T3,False,0.000271,0
1d9cd1c5-06e3-4ae8-bd75-8e65b7d2ab5a,T3,False,0.000271,0
20a5c193-6cbf-4f23-8a06-2c04aae43b28,T3,False,0.000271,0
5d1e1faf-38f6-476d-8612-c1fafced8251,T3,False,0.000271,0
107ad111-f652-4ee1-912f-aac5ae9b6409,T3,False,0.000271,0
c9ef463c-7834-4b43-95fe-27a4c2fcd8ba,T3,False,0.000271,0
479dda1d-d529-46cc-8b82-2c6fbb992c92,T3,False,0.000271,0
af82c143-d066-4f12-927b-231876fb8e9f,T3,False,0.000271,0
ec1e0db5-1868-4b6e-b495-06b19c340720,T3,False,0.000271,0
49dfed11-5cb2-4ad5-a46f-2601fff83e9e,T3,False,0.000271,0
2c74d36a-cccd-4cbb-968d-80c3510bff16,T3,False,0.000271,0
8ae93eb5-d274-456d-a901-a939ad780515,T3,False,0.000299,0
035591b6-fc2c-4d67-aeb3-95d4b594440b,T3,False,0.000271,0
d99f140e-ed7d-40c5-97bb-5c2f9f77406c,T3,False,0.000271,0
cc0170e9-ffae-48cf-a1ed-a5abe90770ea,T3,False,0.000271,0
09e79fc5-3d1a-42e5-adc5-32208d02e298,T3,False,0.000271,0
7e6d8723-3098-4549-b783-a2b147de134d,T3,False,0.000271,0
0e803e87-2440-4c42-a04a-0a661c319f28,T3,False,0.000271,0
3f4f1dd1-7ff5-43e2-8166-7601fe67347f,T3,False,0.000271,0
dc2dfc4c-22f6-4baa-8fce-e2bbf63c70a7,T3,False,0.000271,0
3a5c3f11-533c-4e37-b497-8db11e53cb82,T3,False,0.000271,0
5149c298-c286-4b5d-82be-55b06fdf48f0,T3,False,0.000271,0
c6134246-32ac-479f-98be-96a659ea1fc3,T3,False,0.000271,0
53bf077a-8b29-4344-a691-2c6fc0fa8df9,T3,False,0.000271,0
0e6e4788-e40f-4bc1-838c-d44647f688f2,T3,False,0.000271,0
cf46d69c-9292-4523-9fb7-dc4a41b2042b,T3,False,0.000271,0
acaf3816-a8e5-421d-be1c-8b29fd444cca,T3,False,0.000271,0
b98ae858-850a-40d7-a4c6-dc4780db78a6,T3,False,0.000271,0
e34e46f8-60a8-4191-b678-ce3213c73f23,T3,False,0.000271,0
2969673e-b503-4a5e-b354-d5d1a83c583e,T3,False,0.000271,0
cd93d6cb-dcd0-4e7a-a985-2c85e59eb49a,T3,False,0.000271,0
924e09fd-39fb-4b75-a966-ca4bce24c92e,T3,False,0.000271,0
cf4bc8cf-f0ba-43c4-9e75-ca5fad82c3af,T3,False,0.000271,0
08fe57d4-f31a-4bc9-94ad-505cef2c31d3,T3,False,0.000271,0
5cb783c7-af22-420c-9342-867a9c4502cb,T3,False,0.000299,0
8e9b94d9-3527-4551-8068-a7cd6a34f3b7,T3,False,0.000271,0
dc167d11-1ad2-446e-beb6-91b0192e43af,T3,False,0.000271,0
f12bcf38-2171-4cd6-9ee6-d3e14da6c30a,T3,False,0.000302,0
2b868308-9022-424a-aa68-303bb0e7ba4a,T3,False,0.000271,0
5422c354-3e66-4c3f-9d15-dee0dc2cd4ac,T3,False,0.000271,0
616c1e7d-1843-4bed-974b-e3b65b88d59c,T3,False,0.000271,0
2404e740-e3f4-4686-b889-4af468a905b4,T3,False,0.000271,0
eb5f7597-9c46-4af5-992a-78e13b748a83,T3,False,0.000271,0
e5f3196e-f5df-40ff-9312-3c9bb0a9819b,T3,False,0.000271,0
47fe7b74-5410-4411-8bce-eca7208c4175,T3,False,0.000271,0
bba03491-65e6-49e9-8e8c-10234b9f2837,T3,False,0.000271,0
a199217c-4525-45ee-9484-e788ce18b980,T3,False,0.000271,0
9c778e02-03ad-489e-af4b-37219daf991e,T3,False,0.000271,0
daef16ac-90e8-4947-9371-8317560e0507,T3,False,0.000271,0
1f890398-4097-4bf6-9657-8d7929b02c71,T3,False,0.000271,0
ad8293d4-fdbb-43d9-b85a-783fb48a4a96,T3,False,0.000271,0
4dd397d8-837a-4d9b-a169-277cd0176c69,T3,False,0.000271,0
847eff73-a4fa-4737-acae-b4093880077c,T3,False,0.000271,0
e8cc94fe-04de-48c6-a02a-7dd27600cfa7,T3,False,0.000271,0
5afe2805-30b3-4031-b814-7e1e0dd387b2,T3,False,0.000271,0
614ec2ef-f5d5-47ff-8f31-69c1afd63e17,T3,False,0.000271,0
421c8307-59c1-4054-9177-a81b96601546,T3,False,0.000271,0
b4de6b2f-6898-4c2d-b94c-65dccc9b81c0,T3,False,0.000271,0
2f7b1a00-25d4-459b-96a6-a18a64629392,T3,False,0.000271,0
eccd5799-5e2d-4efb-b812-2378104812b9,T3,False,0.000271,0
dc4b3a20-b5dd-407a-b858-0be9af1515ea,T3,False,0.000271,0
80c0046d-4fed-418d-bcf6-4df8c6cf2354,T3,False,0.000271,0
43ad7688-ff5a-4107-8a6a-be779a553321,T3,False,0.000271,0
d9798898-495f-4e7f-9ac6-2f0058eaf959,T3,False,0.000271,0
56b8537f-c820-4b3c-832f-99fefb06c3fb,T3,False,0.000271,0
f4767bb0-0e2e-4318-bc89-f7865465e6a1,T3,False,0.000271,0
c42a776f-c6a8-4e40-b358-392ab862154c,T3,False,0.000271,0
e7206cb5-1d0d-4745-9213-14dfb4959f87,T3,False,0.000271,0
75aa1702-39fb-446e-9438-d974bbd11d3c,T3,False,0.000271,0
b31c6649-dfff-48e2-9ee5-9a94f41eee59,T3,False,0.000271,0
5545adc5-fc3f-4d30-9f16-77afc6069c6b,T3,False,0.000299,0
f6cc8108-807d-49f2-a31e-565cb45071f1,T3,False,0.000271,0
dbac2c7d-36d0-4031-83f8-3212cfffdb08,T3,False,0.000302,0
f064fec1-7820-4e07-8e91-5c2b80ea2c80,T3,False,0.000271,0
ca5e4920-2401-4a92-af52-8468a739360a,T3,False,0.000271,0
398b15f7-8f75-4839-b438-d0d232769247,T3,False,0.000271,0
28347165-7886-4ea0-a5f5-ef227dba007e,T3,False,0.000271,0
b228d4f5-b86b-4a4f-b19a-d64221fecc6d,T3,False,0.000271,0
70a600fe-7a35-45e1-8b9b-773536fd6410,T3,False,0.000271,0
dd7e9036-4c81-4278-b406-04b24fbf3921,T3,False,0.000271,0
5450efbd-c9a7-450a-bebc-b429d9f856d0,T3,False,0.000299,0
fcaad7dd-b8d7-409e-aae6-e09d56f0f02f,T3,False,0.000271,0
4e7226b5-7c6c-4200-8d70-ad31503cbf1c,T3,False,0.000271,0
eb8e090b-f905-4547-985c-c3e3c969157c,T3,False,0.000271,0
a7853415-79da-4f22-bb6d-549c3f409db3,T3,False,0.000271,0
b79cc574-fcb0-441f-888a-9e6dc925f7f2,T3,False,0.000271,0
72c799e3-a972-45ab-94a1-b5b8b8c9fcf0,T3,False,0.000271,0
76f5bc4a-61ae-4c5c-8d77-db705ddf50fc,T3,False,0.000271,0
91218db0-1b62-4408-9634-1e48431a1e86,T3,False,0.000271,0
25beb3da-056d-473b-b834-6abd5ddfefd9,T3,False,0.000271,0
7eafa8ec-5677-448e-8b88-a4f8df011500,T3,False,0.000271,0
44d355ec-8718-4c81-a124-726341294b59,T3,False,0.000271,0
a5457d41-1da7-4f9d-9e98-73955be45b8b,T3,False,0.000271,0
f47c069b-f707-45dc-ba15-fa6ab758effc,T3,False,0.000302,0
2b565995-f78b-44fc-83a1-f16e332635d8,T3,False,0.000271,0
4fa3eec6-1e36-45aa-8d8a-a1a3598efc79,T3,False,0.000299,0
591d286a-f331-4005-98ea-212c3414fb3e,T3,False,0.000271,0
4b423032-e56a-41d0-966e-c0b664e573a1,T3,False,0.000271,0
8a078eca-8c06-474f-8ac1-60762361772f,T3,False,0.000271,0
82ddbe5e-a979-4bbb-8f47-90fa95cafbfe,T3,False,0.000271,0
ae9e11ff-1866-4d75-a339-5d1b5e75ab46,T3,False,0.000271,0
37677d00-5e60-471b-aaf2-85a7577b1e40,T3,False,0.000271,0
908c9a33-a0e1-4023-b4c5-0ad2a820df5d,T3,False,0.000271,0
34281ae9-0704-4ac8-a7be-782c81254f8b,T3,False,0.000271,0
bbca7e6e-a614-41e2-892f-8acc1f64c216,T3,False,0.000271,0
61d2437f-3113-4532-bff2-edc62da71337,T3,False,0.000271,0
1e364176-1350-41bd-9151-7b8bbf8f480b,T3,False,0.000271,0
84daa26b-a755-4f5b-a011-67c0f5cd1fa7,T3,False,0.000302,0
eae1211c-6720-49d7-801d-a374707661d0,T3,False,0.000271,0
ac4bf5d8-a88a-4062-80b1-4bec18550963,T3,False,0.000271,0
9c80edc7-63a1-4fa4-92fa-a3a82f4182b9,T3,False,0.000271,0
a70fa3ec-9eec-4e77-9e25-eba2d56d3e0a,T3,False,0.000271,0
e20d3848-fe7d-4775-ace6-4baa714efff6,T3,False,0.000271,0
4ceed239-6089-41a7-8f10-c937c965a56c,T3,False,0.000271,0
61f32f5f-37c7-4e09-92c1-e2bf34d52309,T3,False,0.000271,0
972728fd-822f-43ac-b681-a17af21ad987,T3,False,0.000271,0
d7d9232c-1c9c-4c46-a94e-5267211b2eaf,T3,False,0.000271,0
e8bd2165-bfd1-4d05-8c71-3fb3454a6ea7,T3,False,0.000271,0
da6906da-1925-4351-acc0-e417605fccbc,T3,False,0.000271,0
65a85efe-4753-4f8d-9092-a325b2935e99,T3,False,0.000302,0
57022b67-b732-46ad-a004-a0055f5ae0f3,T3,False,0.000271,0
59663558-caa3-40d3-abba-fd2c760be983,T3,False,0.000271,0
ee0dd623-55cf-446d-b8ed-1bc19c09f58d,T3,False,0.000271,0
3c9ebbb1-9da1-4b51-a526-2de755d81fe1,T3,False,0.000271,0
29f4e9b4-6450-45f5-b84d-c06f4f032181,T3,False,0.000271,0
6292cc4a-c5aa-4e22-95bf-b0a7f49ff97e,T3,False,0.000271,0
27c72c67-61a7-410b-91cf-dc6c4548b163,T3,False,0.000299,0
cbbc9a1d-1c28-4c29-802c-f88774aa39b8,T3,False,0.000271,0
bcc3cac7-f131-498d-a3b6-1cb7840bef5c,T3,False,0.000271,0
8a9734eb-0f26-431e-815a-33a6fcfb821e,T3,False,0.000271,0
796f3f0c-fb42-479b-9089-dc8bfe098546,T3,False,0.000271,0
99a51139-702e-45b2-bafb-9ee821d636e7,T3,False,0.000271,0
60b426cc-a9a8-4114-907c-1700729e1599,T3,False,0.000271,0
584c8e40-00dc-42c4-a07e-deadcec0f6e4,T3,False,0.000271,0
bd164ddd-e437-42e1-9571-bff550602d50,T3,False,0.000299,0
ca1b4c5f-1806-49bf-92f2-24173a86dbc2,T3,False,0.000271,0
e89d37e5-b9ad-4dc6-b25d-29b48646b68b,T3,False,0.000271,0
51b8f3a5-35bd-4f10-bdc2-b0188189d9b7,T3,False,0.000271,0
d530548d-11f0-42d6-afa5-e0d8ac8f7d16,T3,False,0.000271,0
54f5f397-a545-45be-83f3-a6c99e32ac5e,T3,False,0.000271,0
eca60c71-fe0f-4ab0-b90d-2de37e68acd9,T3,False,0.000271,0
e5e2a4f0-38d0-492c-b9c4-fe52a23c778b,T3,False,0.000271,0
739fa601-6de4-40d5-b065-18eedf6d1d24,T3,False,0.000271,0
7616f6a0-28d2-48bf-95d3-f56f77539c87,T3,False,0.000271,0
084a697b-7dca-4a5f-88ae-427bec0ac82b,T3,False,0.000271,0
7a8df1aa-fafb-4b87-8988-2aaeabba85e3,T3,False,0.000271,0
243ed112-3079-4847-8092-61b9daba3a1e,T3,False,0.000271,0
229168e9-7a58-4f8c-940c-5130d4705e69,T3,False,0.000271,0
0cf17b03-93b1-4c21-b220-e7153ed88496,T3,False,0.000271,0
5c1f4cbf-6cbb-451d-a030-d3a246e3f715,T3,False,0.000271,0
cc2d701e-0254-47c9-b957-4f5a10cb8111,T3,False,0.000271,0
1a0b9fa2-b2a9-47dd-989d-8ea3b1ff19d8,T3,False,0.000271,0
d3846734-17b0-40b9-be9d-2b7e85c15e40,T3,False,0.000271,0
6edfe292-f7d4-4c94-a621-77dd5d9ff0fc,T3,False,0.000271,0
1143e90d-2bf8-4761-b5ab-328d66cfd259,T3,True,0.999683,1
fe4fd3df-15f1-4089-85f9-a20753876bea,T3,False,0.000271,0
dc1bcdd0-fdfb-45a3-a3f0-d1dcde6dc907,T3,False,0.000271,0
d23c00c7-47ba-4318-800c-9bffae72aca9,T3,False,0.000271,0
bb997167-b2f7-43a7-8016-8748b215e947,T3,False,0.000271,0
9db14b1b-a1ce-4455-a6e9-304fbd32a594,T3,False,0.000271,0
96b26f7a-7472-43f3-818b-6de69bb6487d,T3,False,0.000271,0
d6a5b1a4-f956-44b2-86c5-681df9cdd26e,T3,False,0.000271,0
91c25c8f-20cd-48f7-a838-e9a24f94493b,T3,False,0.000271,0
e4925f99-daac-45b4-87af-5cb08283fbe6,T3,False,0.000271,0
d3c637ed-fcc8-495e-9077-6a9db0ceefa5,T3,False,0.000271,0
9351cd34-4a33-4c24-915f-3b8e72c49332,T3,False,0.000271,0
b45a643c-d1e2-499e-98a7-03996da8e27b,T3,False,0.000271,0
208fbd55-d132-4ea0-9171-78c954a5fdb9,T3,False,0.000271,0
24ca3424-a7ea-461f-9d0d-b9ef8e3a5a4a,T3,False,0.000271,0
bc77d311-5093-4c47-98a9-1115af54b617,T3,False,0.000271,0
7502a8a2-05ff-4b44-a9ef-709fd230c5e8,T3,False,0.000271,0
ce1ce6b3-fd06-4257-a413-a00acc042d73,T3,False,0.000271,0
4de93d3b-2884-4424-960a-fdaee5da7b1f,T3,False,0.000271,0
cebd0d12-093f-4b30-8cda-9bce483204ac,T3,False,0.000271,0
4b5fed18-be29-40ef-94e4-c84a453d32c3,T3,False,0.000271,0
f24f6e7f-a08d-4755-8f0e-fe3aa5ffb975,T3,False,0.000271,0
c7abb14e-c9a0-46d4-a510-34d0ab99c63f,T3,False,0.000299,0
de8d1c12-b6ff-4372-8335-bc0012a317eb,T3,False,0.000271,0
f83ee271-c28f-4c84-874c-d9eb6a5951eb,T3,False,0.000271,0
d08382de-6ef3-4d41-9cd3-56652a329637,T3,False,0.000271,0
ab66db08-c63f-437f-a1cf-172ecf8605b9,T3,False,0.000271,0
f266105f-b273-4c8b-9d5b-45707ba7fbfb,T3,False,0.000271,0
d396ee2c-815e-4e38-ad4b-cd1c6a1c91ce,T3,False,0.000271,0
fc7a7c17-df9a-4404-a6e4-a554998581f3,T3,False,0.000271,0
83c46b2a-357e-4378-b25b-5500c1693f88,T3,False,0.000271,0
fb7d792d-feac-47f6-b57a-18ff84fcf422,T3,False,0.000271,0
70604241-2a9d-48d1-aca2-7c6ac4030c6d,T3,False,0.000271,0
ef4a1304-f648-48ea-b763-e8c2af329b57,T3,False,0.000271,0
2fa1bdbb-6df4-4a6a-a58f-d1c4c02f5867,T3,False,0.000271,0
0e84c5d6-9ad3-4da6-8210-53209db34ecf,T3,False,0.000271,0
c73bc735-d9eb-44cc-b760-f0e614572852,T3,False,0.000271,0
ccdd67fe-45d6-42c9-9902-52abddadfe2c,T3,False,0.000271,0
88060f16-7397-47d8-bf9b-43f8c54c1853,T3,False,0.000271,0
395761ce-af7a-43a2-a17f-6ec01e313090,T3,False,0.000271,0
47824519-e23d-4940-ab23-16aa9060aef8,T3,False,0.000381,0
5f77447b-120d-4351-a014-5aa218c04301,T3,False,0.000271,0
0f1fe829-1c62-4a66-9669-028eb3a92ca8,T3,True,0.999683,1
63fb9801-3c11-418e-b24d-516e334dff35,T3,False,0.000271,0
62f5eb09-5e1a-44a1-9e7c-43f73c849381,T3,False,0.000271,0
90f7f1d5-70ac-4d00-90fb-65499e63be78,T3,False,0.000271,0
d41257c7-edab-4ced-8d0a-6bdb8d3c6494,T3,False,0.000271,0
20140685-e026-4988-b22b-179e097255f3,T3,False,0.000271,0
bff91279-6f75-4955-91c5-d0288ef3cf12,T3,False,0.000271,0
6f79c0cb-bf7f-4b88-8d39-434dbfe06223,T3,False,0.000271,0
78155979-1089-485a-ab6f-3b028497e4e1,T3,False,0.000271,0
b539d1e0-d621-491a-83fd-c4f271768c5f,T3,False,0.000302,0
4ea5bafd-4600-4ef5-bf01-f47ed40118fa,T3,False,0.000271,0
2f327e52-bde4-4e45-b5d5-e4491575c1f6,T3,False,0.000271,0
dcc6b724-7ba0-4bac-9b42-d2a9be7b8fcf,T3,False,0.000271,0
114f6bc0-b283-4933-8bc0-aedf9d0d102f,T3,False,0.000271,0
46b337bd-dab7-40d0-aea6-bc309c90c66b,T3,False,0.000271,0
6b939864-a43f-490f-a891-a819356f7a0f,T3,False,0.000271,0
7d46607d-461c-48c1-b025-bb701daa3003,T3,False,0.000271,0
98656692-01de-4a1c-a8c7-1f6c5ee570e7,T3,False,0.000271,0
08f61cf6-ae07-4631-84af-6ba8532a2806,T3,False,0.000271,0
0a59744e-78ac-4f5b-9833-b76d25eeffe9,T3,False,0.000271,0
cfa77370-8e2b-4b2d-89d7-418ad9d44573,T3,False,0.000271,0
5230d598-e69e-4b2b-ae16-aeb26bdc7323,T3,False,0.000271,0
c8bb1638-4e43-4026-a2f5-fb1d02482ea9,T3,False,0.000271,0
1ba4e442-647f-4f04-aaab-461b55b9d36d,T3,False,0.000271,0
01b8169c-e85c-4a3e-bf11-5cb9e9adb968,T3,False,0.000271,0
8eecbc61-1152-4c44-8de8-325fdcad79a8,T3,False,0.000271,0
be48bbd6-35c6-48f0-9899-31a00b331aeb,T3,False,0.000271,0
3b9fe055-f84b-4cc6-8e3c-2513cd17e0bd,T3,False,0.000302,0
33d7679b-8584-481f-b61e-a4f893fcf4aa,T3,False,0.000271,0
32e5b46d-5ba3-4297-8ad2-8a1c5308ad33,T3,False,0.000271,0
9f437a10-d5c2-4874-abc3-b1d09ab1b858,T3,False,0.000271,0
044af1ab-5025-44e3-ba80-4a267129ee06,T3,False,0.000271,0
a72bcbb1-4300-4f06-8255-0018e74fa04b,T3,False,0.000271,0
fffd1e0a-c1fe-465f-87a1-0d31b7a915e0,T3,False,0.000271,0
d5ce966d-e2a2-47df-aea4-94873d0b9f53,T3,False,0.000271,0
d272104e-b0e3-468d-8acf-062000740805,T3,False,0.000271,0
cb46df6e-5958-43a5-b9df-a35b49716303,T3,False,0.000271,0
9af01227-f532-4be1-b9db-af95405650e3,T3,False,0.000271,0
ff4b3cb1-a97d-4fcb-81fe-d68fd5abdcdf,T3,False,0.000271,0
5b752fc8-0fbf-43d3-a3df-1669532deec2,T3,False,0.000271,0
9ff9da09-b7eb-4ee8-a8d8-333f57213be6,T3,False,0.000271,0
bc1aa323-f10c-4e44-84b4-181192609a31,T3,False,0.000271,0
59422796-bb30-42f7-ba11-f7394a5a0c70,T3,False,0.000299,0
8c41bd45-8a83-4c17-b848-7580c4d0870c,T3,False,0.000271,0
b958e7cc-5b0e-4593-9144-d5f91bdae4a4,T3,False,0.000271,0
550c3633-f47b-484b-ad74-834d08f2ac0f,T3,False,0.000271,0
a9bff43d-a8f1-4162-8b30-72626e24ab91,T3,False,0.000271,0
4d64cb28-f9a9-4890-b59c-b03c3b1aad78,T3,False,0.000271,0
b00bd5c1-6ac8-4f6a-a103-78fdbcba93fd,T3,False,0.000271,0
f54aa65c-f97f-4cdf-a61e-b454520f20dd,T3,False,0.000299,0
1ed00ac4-b658-4670-87e5-e40e6c26cdf7,T3,False,0.000271,0
8726f625-9382-4963-9583-48e076dafcb5,T3,False,0.000271,0
47751bf6-02eb-41e1-b884-1e212e7868c7,T3,False,0.000271,0
1e178678-0226-46e8-8720-19bc041daa41,T3,False,0.000271,0
5890bf8b-e7ee-4c3c-bd7c-0a415c3fc0c5,T3,False,0.000271,0
b0f6ce17-d15a-4950-b5ee-4cc4f224b85a,T3,False,0.000271,0
92262faf-c5f3-4577-bc24-d6363c3a06c5,T3,False,0.000271,0
64d9d21e-01b7-4428-b38e-e22e79da3806,T3,False,0.980125,1
d610714f-c46f-4e81-9ea6-fcc0130c7ed2,T3,False,0.000271,0
7a6d118c-7834-421a-91d7-467fc48e5b37,T3,False,0.000271,0
32ca1962-94fe-4039-80cf-f708f6462a7c,T3,False,0.000271,0
f6d658d9-9cd9-4b25-860d-ed667bd62996,T3,False,0.000271,0
ed3b921c-2b72-4b6e-b124-890bfc4feef8,T3,False,0.000271,0
30bb499a-92aa-4fc4-b113-21c89141537d,T3,False,0.000271,0
2c08b4c0-59b5-4a93-9cc4-0639cd59494c,T3,False,0.000271,0
5297eb1c-cf31-4d8c-89aa-cedf4c6150ef,T3,False,0.000271,0
169caf24-1e9d-48f8-8ada-26d9f21e5f63,T3,False,0.000299,0
ffb9d9b6-90ed-435d-b73d-c0272270840d,T3,False,0.000271,0
183cef1f-f6f9-4e8e-8db7-981cc1d5fce0,T3,False,0.000271,0
d3a176ef-f8f4-4865-8a18-7cee0516c6ec,T3,False,0.000271,0
9f416e53-bfe5-4521-9f1a-269f74220822,T3,False,0.000271,0
173105b3-3571-4df4-8485-3f15b201f1e7,T3,False,0.000271,0
841a7a55-a167-4021-b828-a6ab3de088e8,T3,False,0.000271,0
82f7031d-1967-40d8-8702-eef2fffc2a7b,T3,False,0.000271,0
3e78db62-e6b7-4ecb-a23b-6748769a1fd6,T3,False,0.000271,0
62d04256-b8dd-4cf1-885a-b894fb385130,T3,False,0.000271,0
9de2a8c8-8ddf-44d0-b5b1-1b5ca677473c,T3,False,0.000271,0
af17793e-8b71-45a7-8163-c546213b368c,T3,False,0.000271,0
ed97250a-9fd7-47db-afab-d75f396eb5c4,T3,False,0.000271,0
0a99f9a0-207a-488d-abbb-d6e348400f5a,T3,False,0.000271,0
516f2b48-c6fe-4572-b7b5-e2e8c78e3606,T3,False,0.000271,0
8bd006b2-e567-4ff2-ad2d-1bceed460672,T3,False,0.000271,0
d1610b1c-30b4-4383-9fba-b1f985969153,T3,False,0.000271,0
a5dd96cb-c3ce-4df1-b749-fa1be6f7b978,T3,False,0.000271,0
19326a31-efa0-48e3-bea7-f6d69c65fe10,T3,False,0.000271,0
5ff096f8-33d5-48e6-91bf-4bfaf977c782,T3,False,0.000381,0
94ffc807-ac20-4dbf-8bfa-5abccd03d3cd,T3,False,0.000271,0
ec97d8ef-af91-4c74-8e8d-ce7e028d8a40,T3,False,0.000271,0
23dd001d-0bc4-496c-bf34-eefab9dc9557,T3,False,0.000271,0
7613140a-0d1a-4138-b75e-1c17723e0006,T3,False,0.000271,0
e00e8e79-a71d-49ca-b48e-8b3e1365332e,T3,False,0.000271,0
c402b46f-c7c9-4afc-ade5-09c43ba97fbe,T3,False,0.000271,0
96dfe390-9f04-479f-b6c3-a21f0a179bcc,T3,False,0.000271,0
01be3b53-846e-470b-92f0-a028378e3dd0,T3,False,0.000271,0
d7fc20b2-5450-4029-b0c3-4574ab8e15ef,T3,False,0.000271,0
289c81a1-8b51-4033-b5bc-8098afe89b4a,T3,False,0.000271,0
b9b3a849-4266-4b0d-b3c9-e1ff30c5cd75,T3,False,0.000271,0
65d4de3d-fa9b-4cc8-afbc-2572187c69f2,T3,False,0.000271,0
551ec25c-e022-44e6-a4a2-b17a2c56d9aa,T3,False,0.000299,0
90f1fb57-3bc9-4e20-917f-c940f14e5e62,T3,False,0.000271,0
d6a218e3-95ef-4247-98df-77e20786f287,T3,False,0.000271,0
d126b9d0-8087-4771-9627-1d86c5366750,T3,False,0.000271,0
63f6e111-5c97-488d-ab8d-f7a9cff30c2b,T3,False,0.000271,0
f6af46ba-770e-4134-b07b-83a5c321e953,T3,False,0.000271,0
16cae215-8ed7-46fc-9750-3ad522e453aa,T3,False,0.000271,0
8a39fcb9-022c-45b6-9efa-357568a56f20,T3,False,0.000271,0
b1725024-3263-4fd4-b884-7fae1750f575,T3,False,0.000271,0
2f60f975-44b4-4418-b2ed-a122b934c4f5,T3,False,0.000271,0
ab4dd2bd-18f2-4bf5-bea6-943ff68ce15b,T3,False,0.000271,0
229dca58-fe27-45b4-b9e3-f9b034b0749f,T3,False,0.000271,0
2a38dd19-04ef-4eac-a41d-9a1063388514,T3,False,0.000271,0
20e47c30-985a-4a26-b721-f3fb66d908b2,T3,False,0.000271,0
72643c02-9912-4d5e-8998-638bd46e2db6,T3,False,0.000271,0
8f7711ee-32e4-40cc-8971-1d86d668185c,T3,False,0.000271,0
a4164f67-11e3-4105-a5d0-420c9f13a79d,T3,False,0.000271,0
159b6a44-4b2d-4477-b1f5-4f6edc99b04f,T3,False,0.000271,0
b97cd9a7-8019-4ea9-98d3-77b4adca553d,T3,False,0.000271,0
07faa422-692b-4508-8ccd-9c63030d752c,T3,False,0.000271,0
df7f08a3-f25c-449c-8908-75cb34327370,T3,False,0.000271,0
301d0ec7-a60b-45c4-b70d-826c0935606f,T3,False,0.000271,0
96989426-63dd-4faf-a44e-e732e778bdf9,T3,False,0.000271,0
f5d2f6eb-d2b1-4fed-a7a6-5df89e578027,T3,False,0.000271,0
2dac5493-f38e-4a7a-a583-98f1a9fd306a,T3,False,0.000271,0
af3777c1-6166-40d8-b2b1-c639d64b2b28,T3,False,0.000271,0
9a11389f-2cbb-41d4-ac5d-89a51a623a88,T3,False,0.000271,0
e064ff65-5fe0-433f-8b08-5f80529b1fae,T3,False,0.000271,0
00b8f5da-5171-4dda-b5fc-5bbe8d033951,T3,False,0.000271,0
767664db-eca9-4bd5-9e59-4f15c86e4105,T3,False,0.000271,0
7dedd8a4-4799-46ba-9317-b906f8049446,T3,False,0.000271,0
e47a2584-9cc5-4e46-bf98-2e3354898bb6,T3,False,0.000271,0
d1f07822-1ec3-47af-a181-6c6b0adaa37c,T3,False,0.000271,0
2afe429c-b245-4b05-9f69-9e155b50511c,T3,False,0.000271,0
6660bd52-be41-4558-b30d-d659679e26f9,T3,False,0.000271,0
f2239246-d2c2-460e-92d6-665b2fb93406,T3,False,0.000271,0
c0137f43-1c24-4fa7-8e81-ba1276fabd55,T3,False,0.000271,0
5c9d42c8-f19f-4937-9437-f06eea78f620,T3,False,0.000271,0
fee385cd-e36e-466d-827d-c77c6c817ebb,T3,False,0.000299,0
66b693a9-ac6b-43a8-8a24-a02ae52838aa,T3,False,0.000271,0
2bfb5130-e6c8-4983-a7f2-99ef67dbb866,T3,False,0.000271,0
7440dc58-5772-428c-9090-72f24741fb66,T3,False,0.000271,0
5d54f1aa-b4a6-47eb-85d3-51fa53dd2e51,T3,False,0.000271,0
15e5782c-b7be-4d86-aa81-3238c1ada9aa,T3,False,0.000271,0
84c7e089-2658-4a4f-b1eb-e1ad06b96429,T3,False,0.000271,0
e6ea6c2e-bf10-4931-aad2-b62fd27269cb,T3,False,0.000271,0
7501ea53-bfc2-41a2-8d4e-3da99df7c98b,T3,False,0.000271,0
13386375-3fc5-4bad-bd0b-d71b59158781,T3,False,0.000271,0
8cd44065-48cc-480f-b49e-f42894652bf2,T3,False,0.000271,0
700f419f-1371-4860-bfaa-d0d76f372894,T3,False,0.000271,0
5a17907b-e51a-4c19-9e70-36229e861ce3,T3,False,0.000271,0
b14c98bd-929d-4533-96a9-4f89193e4dde,T3,False,0.000271,0
92b1439b-dd59-4cc9-bdfc-0fe8fe5b1fee,T3,False,0.000271,0
c3aff0f1-fb83-43b4-a118-ce7357d33e37,T3,False,0.000271,0
f3f7003e-bb53-4f3a-9e15-c28cd9569b95,T3,False,0.000271,0
0498e185-a7bf-4817-8c15-e53bec49a912,T3,False,0.000271,0
5bf49904-5315-4f31-9683-ecd62fb6a2a2,T3,False,0.000271,0
842a218c-660c-4f10-afd8-692928f7e772,T3,False,0.000271,0
0bb5efe1-7826-4d93-bb4c-1117ecba7120,T3,False,0.000271,0
b139e26b-4043-4121-a8c1-15d33ff5af27,T3,False,0.000271,0
7c31dab6-24a2-4972-8dae-ae46475dd7b0,T3,False,0.000271,0
8108b65c-806a-4cb8-8116-06a05f3dd6bf,T3,False,0.000271,0
a67af250-2607-4fae-bef9-9fb1e9733dd3,T3,False,0.000271,0
19fed8c1-658e-4c31-81ee-380f4ce60d72,T3,False,0.000271,0
56e26a42-d2d5-4cf6-91c3-c9268d6627f0,T3,False,0.000271,0
a411db8c-d285-48fe-8837-a9c13338c5a9,T3,False,0.000271,0
f3a805e3-05b4-4ab3-b027-da3c659a5eff,T3,False,0.000271,0
530d5a15-a062-42ac-b9d6-4910295581a3,T3,False,0.000299,0
4b7c7602-49ec-4373-aa6b-fe9940e8f3f4,T3,False,0.000271,0
a2628787-19ee-426a-a995-99b8cd17d0a5,T3,False,0.000271,0
c26b353b-857a-4390-b665-13febe6e1604,T3,False,0.000271,0
8ac4df84-1a7f-4e14-9dae-d67e08a0acb7,T3,False,0.000271,0
b87d221e-b82c-4c1a-81c9-abe27a547860,T3,False,0.000271,0
4996406f-6df2-469c-9f33-a31ca684b8cc,T3,False,0.000271,0
2bad5557-7344-4351-bc95-c7cc982f7e0b,T3,False,0.000271,0
76f46c36-730f-47f7-acb7-1234a37574a0,T3,False,0.000271,0
a9d22d3f-621b-45ce-80a9-e37b22d9f642,T3,False,0.000271,0
32bb474e-e9f9-426b-8dd8-4e5aa0bc6c23,T3,False,0.000271,0
dbdf28de-b809-4796-800e-12ba09c67b59,T3,False,0.000271,0
d2a43e30-3bb0-4d97-97b8-364b29a858c7,T3,False,0.000299,0
e55f2eb9-14c6-422b-9bc0-92237f797ff6,T3,False,0.000271,0
0d74a1a0-5e62-44e9-a13d-c2314c41dd64,T3,False,0.000271,0
178d9fd4-68a2-47b6-8fa8-2ec39cd80419,T3,False,0.000271,0
8218647c-1345-4166-a744-ec046e52c00f,T3,False,0.000271,0
89fc8371-5bb8-43a2-8532-d99d1163c3c9,T3,False,0.000271,0
fde4251d-4c05-4636-9c78-0e0bafd25b8b,T3,False,0.000271,0
788fed6c-9a9e-4b59-82dc-8e1b0544deb6,T3,False,0.000271,0
0bfe2c2b-e58f-4ae3-8beb-bf8a86b9513e,T3,False,0.000302,0
39262c5a-5267-41cd-a307-91bd1722fe15,T3,False,0.000271,0
c7119b3d-3513-4255-b03d-2019677d02fd,T3,False,0.000271,0
adf77d05-811c-4134-ad04-b240371fab59,T3,False,0.000299,0
8e28447a-ca08-405f-8573-dc2aa5934f32,T3,False,0.000271,0
82027595-2196-4a16-8488-39e556beb30c,T3,False,0.000271,0
55df3574-8dea-4a89-a5a1-f4b544072fa4,T3,False,0.000271,0
9d506d3e-11d9-48ad-8b3c-528a85f542d4,T3,False,0.000271,0
08de59a6-082c-42e5-829a-ce08c961578c,T3,False,0.000271,0
2549f235-4e7a-4142-a799-4d7c72bd40df,T3,False,0.000271,0
cbc06998-2897-46d7-93a0-b1ffdb19a100,T3,False,0.000271,0
ceba0031-9859-47b0-af99-9bd7b2413edb,T3,False,0.000271,0
825028a2-b479-463f-856f-acea54ac5821,T3,False,0.000271,0
b8131ee1-c3f7-4137-bc73-1de9a54bed4a,T3,False,0.000271,0
53187212-8953-44f6-8df2-a83839a8a57b,T3,False,0.000271,0
45b0c24a-e75e-4ffc-89fb-ae1fd4d429bd,T3,False,0.000271,0
316af6c5-208e-4b30-9ab8-596a3bf14559,T3,False,0.000271,0
af929f29-c912-469c-807d-3d016ab3419a,T3,False,0.000271,0
dc8aef9d-d10e-4eea-821f-a6deefdbf09c,T3,False,0.000271,0
514a4817-6a4f-4397-b454-cbe90a217cf8,T3,False,0.000271,0
c57bf342-e447-4d36-b15f-7167d8a49aa3,T3,False,0.000271,0
2b6885de-419f-45b2-81d9-b77aa4f5cf27,T3,False,0.000271,0
6694dfca-355a-4360-abc1-d5b2166c20a6,T3,False,0.000271,0
de594305-495f-4551-965d-2d525ae795fd,T3,False,0.000271,0
b0944281-809c-41c7-bbde-141d763d6694,T3,False,0.000271,0
9f478dee-903a-485b-86bd-e75b6c29d2b9,T3,False,0.000271,0
5fcabf2a-2b95-4f22-8b36-452a11ce34ee,T3,False,0.000271,0
5838978d-2100-404e-a9dd-8d5c59845ea8,T3,False,0.000271,0
e0e14e18-6c6a-4ebc-9a4a-727e628409b4,T3,False,0.000299,0
f147c7fc-2d8a-4ddf-b8d1-ffb41b06bbc1,T3,False,0.000271,0
5d39751d-0f72-4597-8954-76a4800ee042,T3,False,0.000271,0
839c65a6-fe3f-4ba7-99da-ba00f9b34b6a,T3,False,0.000271,0
dc850166-da20-4b26-8da1-aab67824c511,T3,False,0.000271,0
7771cb6f-0498-47e7-96f5-4daf84f1e4cf,T3,False,0.000271,0
ffee7cd1-46de-47d4-86ab-28ba3ee6c384,T3,False,0.000271,0
6c5545c7-989a-4e22-8da1-b8050b7b7c9e,T3,False,0.000271,0
c6767958-3377-4ed0-bbdb-1637e884a899,T3,False,0.000302,0
c4daaad3-b242-406c-a1d3-50c839f44e28,T3,False,0.000271,0
