account_id,acct_tx_count,acct_tx_velocity,acct_active_days,acct_amount_total,acct_amount_avg,acct_amount_std,acct_age_days,acct_kyc_unverified,dev_unique_count,dev_tx_per_device,dev_max_accts_per_device,dev_shared_count,dev_shared_ratio,dev_concentration,net_unique_ip_count,net_tx_per_ip,net_max_accts_per_ip,net_shared_ip_count,net_shared_ip_ratio,net_ip_concentration,tx_velocity,tx_amount_mean,tx_amount_max,tx_amount_concentration,tx_time_spread_hours,tx_hour_mode,tx_weekend_ratio,merch_unique_count,merch_concentration,merch_max_accts_per_merchant,merch_top_category,merch_avg_age_days,graph_degree,graph_weighted_degree,graph_connected_devices,graph_connected_ips,graph_connected_merchants,graph_shared_devices,graph_shared_ips,graph_proj_degree,graph_proj_weighted_degree,graph_community_size,graph_community_density,graph_community_fraud_ratio,graph_community_shared_device_ratio,graph_community_shared_ip_ratio,phase,is_fraud_account,fraud_cluster_id
3ae7b852-5f42-4663-b462-43fc9ced6252,5.0,0.5555555555555556,5.0,13029.41,2605.882,1646.6368603520327,54,0,5.0,1.0,19.0,5.0,1.0,0.2,5.0,1.0,8.0,5.0,1.0,0.2,0.5555555555555556,2605.882,4874.09,0.37408370755084075,159.92666666666668,0.0,0.2,5.0,0.2,38.0,0.0,69.0,15,15.0,5,5,5,5,5,225,244,210,0.1869,0.0,0.5526,0.3216,T2,False,none
f8b2a232-8bd3-42c1-9c2c-89187da19ac2,4.0,0.4444444444444444,3.0,8430.36,2107.59,2017.0292367572001,52,0,4.0,1.0,18.0,4.0,1.0,0.25,4.0,1.0,13.0,4.0,1.0,0.25,0.4444444444444444,2107.59,4127.87,0.4896433841496685,68.095,0.0,0.5,4.0,0.25,40.0,2.0,35.25,12,12.0,4,4,4,4,4,209,223,211,0.1668,0.0,0.5966,0.3124,T2,False,none
c13f302e-897e-4d37-8cb9-2e1c80ee5a8e,3.0,0.3333333333333333,2.0,6769.46,2256.4866666666667,743.9167979238897,14,1,3.0,1.0,17.0,3.0,1.0,0.3333333333333333,3.0,1.0,10.0,3.0,1.0,0.3333333333333333,0.3333333333333333,2256.4866666666667,3005.42,0.44396746564718603,141.85861111111112,19.0,0.0,3.0,0.3333333333333333,39.0,2.0,56.0,9,9.0,3,3,3,3,3,144,151,210,0.1869,0.0,0.5526,0.3216,T2,False,none
70e58a05-03f0-4b6f-af00-cb0ab4cdc3b2,9.0,1.0,6.0,24817.28,2757.4755555555553,1639.7280369630746,53,1,9.0,1.0,24.0,9.0,1.0,0.1111111111111111,9.0,1.0,16.0,9.0,1.0,0.1111111111111111,1.0,2757.4755555555553,4869.25,0.19620401591149395,163.61055555555555,1.0,0.1111111111111111,8.0,0.2222222222222222,39.0,0.0,61.22222222222222,26,27.0,9,9,8,9,9,412,476,112,0.2905,0.0,0.3574,0.1777,T2,False,none
9b2e08f8-1a95-444e-928d-6868ef4579bc,1.0,0.1111111111111111,1.0,3543.73,3543.73,0.0,84,1,1.0,1.0,11.0,1.0,1.0,1.0,1.0,1.0,8.0,1.0,1.0,1.0,0.1111111111111111,3543.73,3543.73,1.0,0.0,4.0,1.0,1.0,1.0,29.0,3.0,28.0,3,3.0,1,1,1,1,1,44,45,157,0.2333,0.0,0.3976,0.2695,T2,False,none
7ff45ed5-493a-4d67-9226-a45e88e10569,4.0,0.4444444444444444,3.0,8511.23,2127.8075,1367.8504532873224,21,1,4.0,1.0,21.0,4.0,1.0,0.25,4.0,1.0,12.0,4.0,1.0,0.25,0.4444444444444444,2127.8075,4102.45,0.4820043636466175,219.1225,11.0,0.25,4.0,0.25,46.0,0.0,67.5,12,12.0,4,4,4,4,4,222,241,83,0.4146,0.0,0.3286,0.1462,T2,False,none
7882eaac-a8ab-4333-8659-d4c75eba5e04,6.0,0.6666666666666666,4.0,12664.92,2110.82,1082.7041082955213,72,1,6.0,1.0,20.0,6.0,1.0,0.16666666666666666,6.0,1.0,9.0,6.0,1.0,0.16666666666666666,0.6666666666666666,2110.82,3146.72,0.24845952441863034,197.39416666666668,7.0,0.16666666666666666,6.0,0.16666666666666666,43.0,0.0,51.833333333333336,18,18.0,6,6,6,6,6,285,313,160,0.1969,0.0,0.388,0.2723,T2,False,none
13bcbd3c-c62b-4505-97aa-6dd387fa3c4b,4.0,0.4444444444444444,4.0,9272.58,2318.145,1640.0428528039542,80,0,4.0,1.0,19.0,4.0,1.0,0.25,4.0,1.0,11.0,4.0,1.0,0.25,0.4444444444444444,2318.145,4222.94,0.4554223312174173,164.7288888888889,4.0,0.25,4.0,0.25,43.0,0.0,69.75,12,12.0,4,4,4,4,4,219,230,211,0.1668,0.0,0.5966,0.3124,T2,False,none
53b8fb7b-55d4-4641-bbda-b1b5e753352a,6.0,0.6666666666666666,5.0,6961.5,1160.25,1017.0421792629843,70,1,6.0,1.0,22.0,6.0,1.0,0.16666666666666666,6.0,1.0,13.0,6.0,1.0,0.16666666666666666,0.6666666666666666,1160.25,3032.34,0.4355871579400991,169.045,19.0,0.3333333333333333,6.0,0.16666666666666666,43.0,2.0,49.666666666666664,18,18.0,6,6,6,6,6,319,346,157,0.2333,0.0,0.3976,0.2695,T2,False,none
8bd09811-8be4-48e0-aad4-dc3a7721051c,6.0,0.6666666666666666,5.0,14013.93,2335.655,2024.8615098001148,28,0,6.0,1.0,19.0,6.0,1.0,0.16666666666666666,6.0,1.0,12.0,6.0,1.0,0.16666666666666666,0.6666666666666666,2335.655,4589.43,0.32749057544885696,123.94944444444444,14.0,0.3333333333333333,6.0,0.16666666666666666,37.0,0.0,69.16666666666667,18,18.0,6,6,6,6,6,283,309,119,0.2635,0.0,0.3946,0.1939,T2,False,none
87272fa6-01f2-4402-af7d-671cfc8f5517,5.0,0.5555555555555556,3.0,13286.19,2657.2380000000003,1115.9661797384363,36,0,5.0,1.0,18.0,5.0,1.0,0.2,5.0,1.0,16.0,5.0,1.0,0.2,0.5555555555555556,2657.2380000000003,4127.72,0.31067747789245825,76.32888888888888,4.0,0.4,5.0,0.2,38.0,2.0,60.2,15,15.0,5,5,5,5,5,244,261,211,0.1668,0.0,0.5966,0.3124,T2,False,none
413ebfed-586c-4548-a746-185829a4250a,3.0,0.3333333333333333,2.0,7034.93,2344.976666666667,385.69252849042,71,1,3.0,1.0,22.0,3.0,1.0,0.3333333333333333,3.0,1.0,13.0,3.0,1.0,0.3333333333333333,0.3333333333333333,2344.976666666667,2694.57,0.3830272653743534,101.58944444444444,8.0,0.0,3.0,0.3333333333333333,43.0,0.0,64.66666666666667,9,9.0,3,3,3,3,3,176,183,136,0.2576,0.0,0.4342,0.2507,T2,False,none
884750f8-116b-468e-ba65-5cd03d9f152d,4.0,0.4444444444444444,3.0,5564.52,1391.13,980.3347395320302,69,1,4.0,1.0,18.0,4.0,1.0,0.25,4.0,1.0,14.0,4.0,1.0,0.25,0.4444444444444444,1391.13,2561.96,0.460409882613415,207.21916666666667,6.0,0.0,4.0,0.25,37.0,0.0,62.0,12,12.0,4,4,4,4,4,205,221,75,0.4631,0.0,0.2745,0.1623,T2,False,none
e18acdc2-ebf3-4ffe-b031-d80f5fa8a3ba,9.0,1.0,6.0,19507.83,2167.536666666667,1420.908982130805,78,0,9.0,1.0,16.0,9.0,1.0,0.1111111111111111,9.0,1.0,11.0,9.0,1.0,0.1111111111111111,1.0,2167.536666666667,4588.27,0.2352014550055029,184.42694444444444,11.0,0.1111111111111111,9.0,0.1111111111111111,43.0,0.0,59.44444444444444,27,27.0,9,9,9,9,9,396,441,160,0.1969,0.0,0.388,0.2723,T2,False,none
517cf869-5809-419f-955f-edc5d4ebc802,6.0,0.6666666666666666,6.0,14283.12,2380.52,1609.2014043618033,15,1,6.0,1.0,12.0,6.0,1.0,0.16666666666666666,6.0,1.0,12.0,6.0,1.0,0.16666666666666666,0.6666666666666666,2380.52,4578.7,0.3205672150062451,191.87555555555556,8.0,0.3333333333333333,6.0,0.16666666666666666,46.0,1.0,55.5,18,18.0,6,6,6,6,6,283,307,119,0.2253,0.0,0.3893,0.1815,T2,False,none
46a9b291-d115-42ea-af25-1baab16c1d97,3.0,0.3333333333333333,2.0,4391.96,1463.9866666666667,664.1213514361164,93,0,3.0,1.0,17.0,3.0,1.0,0.3333333333333333,3.0,1.0,9.0,3.0,1.0,0.3333333333333333,0.3333333333333333,1463.9866666666667,2219.13,0.5052709951821055,92.21055555555556,0.0,0.6666666666666666,3.0,0.3333333333333333,30.0,0.0,60.0,9,9.0,3,3,3,3,3,138,143,160,0.1969,0.0,0.388,0.2723,T2,False,none
28209503-ce75-4060-a258-f3a173873185,4.0,0.4444444444444444,4.0,6202.610000000001,1550.6525000000001,1036.0458719373064,52,0,4.0,1.0,14.0,4.0,1.0,0.25,4.0,1.0,9.0,4.0,1.0,0.25,0.4444444444444444,1550.6525000000001,2920.51,0.47085178658661436,99.59277777777778,1.0,0.25,4.0,0.25,47.0,3.0,64.0,12,12.0,4,4,4,4,4,210,222,80,0.4937,0.0,0.285,0.1235,T2,False,none
320e2e77-126b-4c58-bf17-b54e0e51de75,3.0,0.3333333333333333,3.0,9532.81,3177.603333333333,493.1636345406397,78,0,3.0,1.0,14.0,3.0,1.0,0.3333333333333333,3.0,1.0,9.0,3.0,1.0,0.3333333333333333,0.3333333333333333,3177.603333333333,3570.33,0.3745306997621898,46.041111111111114,7.0,0.6666666666666666,3.0,0.3333333333333333,38.0,1.0,45.0,9,9.0,3,3,3,3,3,147,154,210,0.1869,0.0,0.5526,0.3216,T2,False,none
b56493fc-de26-47a4-80b7-d896399d3170,3.0,0.3333333333333333,3.0,3574.6800000000003,1191.5600000000002,275.2057159653485,77,1,3.0,1.0,18.0,3.0,1.0,0.3333333333333333,3.0,1.0,10.0,3.0,1.0,0.3333333333333333,0.3333333333333333,1191.5600000000002,1452.15,0.4062321662358589,52.215555555555554,17.0,0.6666666666666666,3.0,0.3333333333333333,38.0,0.0,60.666666666666664,9,9.0,3,3,3,3,3,142,154,210,0.1869,0.0,0.5526,0.3216,T2,False,none
bfbe90f7-4dda-4538-ad0b-458486454bb4,2.0,0.2222222222222222,2.0,4056.5499999999997,2028.2749999999999,2247.6449700186195,62,1,2.0,1.0,18.0,2.0,1.0,0.5,2.0,1.0,11.0,2.0,1.0,0.5,0.2222222222222222,2028.2749999999999,3617.6,0.8917922865489147,74.09611111111111,3.0,0.5,2.0,0.5,39.0,1.0,82.5,6,6.0,2,2,2,2,2,106,113,112,0.2905,0.0,0.3574,0.1777,T2,False,none
f044d87f-a62a-4c03-849e-ca7959c8be19,4.0,0.4444444444444444,4.0,7341.83,1835.4575,1291.881506185842,32,0,4.0,1.0,14.0,4.0,1.0,0.25,4.0,1.0,10.0,4.0,1.0,0.25,0.4444444444444444,1835.4575,3195.91,0.4353015528825919,103.51972222222223,6.0,0.25,4.0,0.25,39.0,1.0,64.0,12,12.0,4,4,4,4,4,182,201,211,0.1668,0.0,0.5966,0.3124,T2,False,none
70458e74-f0d3-44b2-add9-7f5659cb9367,3.0,0.3333333333333333,3.0,5801.639999999999,1933.8799999999999,2352.2735513328375,18,0,3.0,1.0,17.0,3.0,1.0,0.3333333333333333,3.0,1.0,10.0,3.0,1.0,0.3333333333333333,0.3333333333333333,1933.8799999999999,4595.11,0.7920363897104957,156.00333333333333,0.0,0.3333333333333333,3.0,0.3333333333333333,47.0,2.0,39.333333333333336,9,9.0,3,3,3,3,3,164,168,80,0.4937,0.0,0.285,0.1235,T2,False,none
4a752c46-7f59-48f8-b0c1-6cecbf566c4c,3.0,0.3333333333333333,3.0,8269.849999999999,2756.6166666666663,2420.496400871799,28,1,3.0,1.0,21.0,3.0,1.0,0.3333333333333333,3.0,1.0,10.0,3.0,1.0,0.3333333333333333,0.3333333333333333,2756.6166666666663,4982.07,0.6024377709390135,84.37611111111111,6.0,0.3333333333333333,3.0,0.3333333333333333,37.0,0.0,56.333333333333336,9,9.0,3,3,3,3,3,160,165,119,0.2253,0.0,0.3893,0.1815,T2,False,none
523409e3-52ac-466e-a37a-6b46ced65009,2.0,0.2222222222222222,2.0,1383.82,691.91,671.2140409735183,10,1,2.0,1.0,21.0,2.0,1.0,0.5,2.0,1.0,12.0,2.0,1.0,0.5,0.2222222222222222,691.91,1166.53,0.8429781329941756,64.8463888888889,2.0,0.5,2.0,0.5,40.0,2.0,31.0,6,6.0,2,2,2,2,2,116,120,124,0.2408,0.0806,0.3579,0.2431,T2,False,none
35885b72-f4bf-4bff-90c5-dc226b9cc4da,4.0,0.4444444444444444,3.0,15140.86,3785.215,686.6208204193443,85,1,4.0,1.0,20.0,4.0,1.0,0.25,4.0,1.0,6.0,4.0,1.0,0.25,0.4444444444444444,3785.215,4793.1,0.3165672227337153,119.38194444444444,5.0,0.0,4.0,0.25,43.0,1.0,54.75,12,12.0,4,4,4,4,4,196,208,112,0.2905,0.0,0.3574,0.1777,T2,False,none
c361628f-a248-4e10-8f8a-82f7686012b3,3.0,0.3333333333333333,2.0,6406.46,2135.4866666666667,2284.0071561694663,99,1,3.0,1.0,25.0,3.0,1.0,0.3333333333333333,3.0,1.0,8.0,3.0,1.0,0.3333333333333333,0.3333333333333333,2135.4866666666667,4735.67,0.7392023051732158,94.62472222222222,0.0,0.0,3.0,0.3333333333333333,30.0,0.0,55.0,9,9.0,3,3,3,3,3,138,142,119,0.2253,0.0,0.3893,0.1815,T2,False,none
db07abb0-8cd6-40da-8a30-e22c02312c9f,0.0,0.0,0.0,0.0,0.0,0.0,45,0,0.0,0.0,0.0,0.0,0.0,0.0,0.0,0.0,0.0,0.0,0.0,0.0,0.0,0.0,0.0,0.0,0.0,0.0,0.0,0.0,0.0,0.0,0.0,0.0,0,0.0,0,0,0,0,0,0,0,1,0.0,0.0,0.0,0.0,T2,False,none
e8da20dd-efc8-4c26-987f-136305fa32b7,0.0,0.0,0.0,0.0,0.0,0.0,55,0,0.0,0.0,0.0,0.0,0.0,0.0,0.0,0.0,0.0,0.0,0.0,0.0,0.0,0.0,0.0,0.0,0.0,0.0,0.0,0.0,0.0,0.0,0.0,0.0,0,0.0,0,0,0,0,0,0,0,1,0.0,0.0,0.0,0.0,T2,False,none
edf0ab71-b3ee-495e-8eba-56b20961a6a6,6.0,0.6666666666666666,4.0,17436.74,2906.1233333333334,2029.8679286659678,77,0,6.0,1.0,19.0,6.0,1.0,0.16666666666666666,6.0,1.0,13.0,6.0,1.0,0.16666666666666666,0.6666666666666666,2906.1233333333334,4748.67,0.27233703088994843,229.34472222222223,19.0,0.0,6.0,0.16666666666666666,46.0,1.0,39.666666666666664,18,18.0,6,6,6,6,6,295,322,80,0.4259,0.0,0.2617,0.1285,T2,False,none
f3d7732e-b188-4779-a1b2-2f17e125d6db,3.0,0.3333333333333333,2.0,2418.4,806.1333333333333,642.2317202017767,68,1,3.0,1.0,16.0,3.0,1.0,0.3333333333333333,3.0,1.0,8.0,3.0,1.0,0.3333333333333333,0.3333333333333333,806.1333333333333,1532.06,0.6335014885874958,59.22277777777778,0.0,0.6666666666666666,3.0,0.3333333333333333,34.0,2.0,84.33333333333333,9,9.0,3,3,3,3,3,129,136,211,0.1668,0.0,0.5966,0.3124,T2,False,none
1b7e1998-e9d9-4bd2-89df-7d1623247f06,5.0,0.5555555555555556,4.0,12272.09,2454.418,919.159493896462,47,1,5.0,1.0,17.0,5.0,1.0,0.2,5.0,1.0,11.0,5.0,1.0,0.2,0.5555555555555556,2454.418,3641.48,0.2967285930921302,202.14777777777778,5.0,0.0,5.0,0.2,43.0,3.0,74.0,15,15.0,5,5,5,5,5,259,272,80,0.4937,0.0,0.285,0.1235,T2,False,none
a245e028-9b16-47e5-a6a0-4658d1a69373,4.0,0.4444444444444444,4.0,14943.21,3735.8025,750.1550023995039,80,0,4.0,1.0,15.0,4.0,1.0,0.25,4.0,1.0,10.0,4.0,1.0,0.25,0.4444444444444444,3735.8025,4526.66,0.30292420437108225,178.0586111111111,0.0,0.0,4.0,0.25,43.0,0.0,45.0,12,12.0,4,4,4,4,4,202,216,80,0.3873,0.0,0.2639,0.1532,T2,False,none
1cce8938-21fd-4d1e-8baf-84fd6f776a94,5.0,0.5555555555555556,4.0,4201.54,840.308,660.789816106453,31,1,5.0,1.0,15.0,5.0,1.0,0.2,5.0,1.0,11.0,5.0,1.0,0.2,0.5555555555555556,840.308,1855.71,0.4416737672377271,178.8936111111111,4.0,0.2,4.0,0.4,37.0,0.0,74.4,14,15.0,5,5,4,5,5,204,216,136,0.2576,0.0,0.4342,0.2507,T2,False,none
16581a33-5df6-478f-986e-04f283c5f68f,3.0,0.3333333333333333,3.0,7301.06,2433.686666666667,1651.7233485464,74,1,3.0,1.0,16.0,3.0,1.0,0.3333333333333333,3.0,1.0,11.0,3.0,1.0,0.3333333333333333,0.3333333333333333,2433.686666666667,4173.36,0.571610149759076,197.13833333333332,8.0,0.0,3.0,0.3333333333333333,37.0,2.0,37.666666666666664,9,9.0,3,3,3,3,3,154,160,211,0.1668,0.0,0.5966,0.3124,T2,False,none
4452ca00-ee61-4a0e-9c42-e452a2610eb8,5.0,0.5555555555555556,4.0,14558.4,2911.68,1211.3069329447428,10,1,5.0,1.0,18.0,5.0,1.0,0.2,5.0,1.0,12.0,5.0,1.0,0.2,0.5555555555555556,2911.68,4311.44,0.296147928343774,140.19083333333333,9.0,0.2,5.0,0.2,40.0,2.0,45.0,15,15.0,5,5,5,5,5,248,261,124,0.2408,0.0806,0.3579,0.2431,T2,False,none
fb61aad3-1576-46e4-8df1-7e152cf5b18f,4.0,0.4444444444444444,3.0,8014.4400000000005,2003.6100000000001,1319.7932208493874,26,0,4.0,1.0,22.0,4.0,1.0,0.25,4.0,1.0,10.0,4.0,1.0,0.25,0.4444444444444444,2003.6100000000001,3443.95,0.4297181088135914,220.35722222222222,7.0,0.0,4.0,0.25,40.0,3.0,37.25,12,12.0,4,4,4,4,4,207,224,119,0.2253,0.0,0.3893,0.1815,T2,False,none
e98046b5-0a88-4a79-a793-6229d43870e1,4.0,0.4444444444444444,4.0,7707.870000000001,1926.9675000000002,1797.5158392139415,40,0,4.0,1.0,18.0,4.0,1.0,0.25,4.0,1.0,12.0,4.0,1.0,0.25,0.4444444444444444,1926.9675000000002,3827.46,0.49656519894601225,174.03222222222223,1.0,0.0,4.0,0.25,44.0,0.0,53.5,12,12.0,4,4,4,4,4,202,215,136,0.2576,0.0,0.4342,0.2507,T2,False,none
313ae229-d05b-42d9-aded-9c9738e6336c,2.0,0.2222222222222222,2.0,6792.01,3396.005,1954.8037676580227,21,0,2.0,1.0,12.0,2.0,1.0,0.5,2.0,1.0,10.0,2.0,1.0,0.5,0.2222222222222222,3396.005,4778.26,0.7035119206243807,41.559444444444445,7.0,0.0,2.0,0.5,38.0,0.0,61.5,6,6.0,2,2,2,2,2,104,105,211,0.1668,0.0,0.5966,0.3124,T2,False,none
3f15b379-16b4-48a4-ac1d-afe8f6298978,4.0,0.4444444444444444,3.0,7821.98,1955.495,1432.025706531369,16,0,4.0,1.0,15.0,4.0,1.0,0.25,4.0,1.0,13.0,4.0,1.0,0.25,0.4444444444444444,1955.495,3213.06,0.41077323133017474,129.52333333333334,13.0,0.25,4.0,0.25,40.0,3.0,62.75,12,12.0,4,4,4,4,4,211,225,157,0.2333,0.0,0.3976,0.2695,T2,False,none
1ccf43f1-2fed-4c49-bdee-cd2c1211de16,3.0,0.3333333333333333,2.0,9915.06,3305.02,1823.7079711127,66,1,3.0,1.0,13.0,3.0,1.0,0.3333333333333333,3.0,1.0,12.0,3.0,1.0,0.3333333333333333,0.3333333333333333,3305.02,4592.67,0.46320143297166133,69.60916666666667,1.0,0.0,3.0,0.3333333333333333,43.0,3.0,69.33333333333333,9,9.0,3,3,3,3,3,147,157,160,0.1969,0.0,0.388,0.2723,T2,False,none
bbe5a673-b18d-4f0e-9584-141ff2cf8e33,5.0,0.5555555555555556,5.0,16593.26,3318.6519999999996,1813.7224887699879,82,0,4.0,1.25,16.0,4.0,1.0,0.4,5.0,1.0,16.0,5.0,1.0,0.2,0.5555555555555556,3318.6519999999996,4951.48,0.29840308655442027,176.1363888888889,0.0,0.2,5.0,0.2,44.0,1.0,47.0,14,15.0,4,5,5,4,5,235,250,160,0.1969,0.0,0.388,0.2723,T2,False,none
86389edf-7979-4e8c-b023-b9ad4e96613c,5.0,0.5555555555555556,4.0,9838.89,1967.7779999999998,1471.7494832069758,68,0,5.0,1.0,19.0,5.0,1.0,0.2,5.0,1.0,13.0,5.0,1.0,0.2,0.5555555555555556,1967.7779999999998,4267.93,0.4337816562640705,196.04583333333332,11.0,0.4,5.0,0.2,46.0,1.0,48.0,15,15.0,5,5,5,5,5,272,297,83,0.4146,0.0,0.3286,0.1462,T2,False,none
e7b8a1ac-e153-499a-bbde-94bc0bf4f9a1,3.0,0.3333333333333333,3.0,4357.1,1452.3666666666668,736.0362101373364,80,1,3.0,1.0,20.0,3.0,1.0,0.3333333333333333,3.0,1.0,9.0,3.0,1.0,0.3333333333333333,0.3333333333333333,1452.3666666666668,2046.59,0.46971380046361105,226.11833333333334,4.0,0.0,3.0,0.3333333333333333,39.0,1.0,54.0,9,9.0,3,3,3,3,3,154,157,119,0.2635,0.0,0.3946,0.1939,T2,False,none
42fc1774-2061-4a89-8734-17bd5f636712,1.0,0.1111111111111111,1.0,633.29,633.29,0.0,24,1,1.0,1.0,12.0,1.0,1.0,1.0,1.0,1.0,7.0,1.0,1.0,1.0,0.1111111111111111,633.29,633.29,1.0,0.0,10.0,0.0,1.0,1.0,34.0,2.0,61.0,3,3.0,1,1,1,1,1,49,50,124,0.2408,0.0806,0.3579,0.2431,T2,False,none
428d28db-d83d-41dd-b7a6-e075331b62bc,5.0,0.5555555555555556,4.0,11275.37,2255.074,1710.8793907607867,90,0,5.0,1.0,19.0,5.0,1.0,0.2,5.0,1.0,12.0,5.0,1.0,0.2,0.5555555555555556,2255.074,4332.59,0.38425257885107095,135.4361111111111,1.0,0.4,5.0,0.2,46.0,3.0,43.4,15,15.0,5,5,5,5,5,277,295,80,0.4259,0.0,0.2617,0.1285,T2,False,none
df63a548-a7ad-4121-9f53-036f81dd2798,3.0,0.3333333333333333,3.0,7747.7300000000005,2582.576666666667,1517.7942035181625,90,1,3.0,1.0,13.0,3.0,1.0,0.3333333333333333,3.0,1.0,13.0,3.0,1.0,0.3333333333333333,0.3333333333333333,2582.576666666667,4097.31,0.5288400602499055,109.99638888888889,2.0,0.3333333333333333,3.0,0.3333333333333333,38.0,0.0,64.0,9,9.0,3,3,3,3,3,145,148,210,0.1869,0.0,0.5526,0.3216,T2,False,none
184d8a5e-4624-4f7d-8eab-247a9278b61f,3.0,0.3333333333333333,3.0,9295.23,3098.41,1876.638005503459,78,0,3.0,1.0,12.0,3.0,1.0,0.3333333333333333,3.0,1.0,9.0,3.0,1.0,0.3333333333333333,0.3333333333333333,3098.41,4386.62,0.47192162001370597,170.7775,0.0,0.0,3.0,0.3333333333333333,39.0,0.0,56.333333333333336,9,9.0,3,3,3,3,3,148,154,160,0.1969,0.0,0.388,0.2723,T2,False,none
7886eb8a-34d7-47d6-9b22-a9dbd7f4d300,4.0,0.4444444444444444,3.0,10603.55,2650.8875,963.2407526461561,86,1,4.0,1.0,17.0,4.0,1.0,0.25,4.0,1.0,11.0,4.0,1.0,0.25,0.4444444444444444,2650.8875,3627.58,0.3421099537419072,75.37,4.0,0.0,4.0,0.25,41.0,2.0,42.0,12,12.0,4,4,4,4,4,196,202,157,0.2333,0.0,0.3976,0.2695,T2,False,none
10a12e40-74b3-46f8-9413-67de956fa059,5.0,0.5555555555555556,4.0,10852.279999999999,2170.4559999999997,1015.3099191527677,54,0,5.0,1.0,21.0,5.0,1.0,0.2,5.0,1.0,8.0,5.0,1.0,0.2,0.5555555555555556,2170.4559999999997,3702.99,0.3412176980321186,127.15277777777777,3.0,0.0,5.0,0.2,42.0,2.0,44.6,15,15.0,5,5,5,5,5,249,268,157,0.2333,0.0,0.3976,0.2695,T2,False,none
b18c1b43-593a-4f58-8379-9294a019c39c,2.0,0.2222222222222222,2.0,6253.7300000000005,3126.8650000000002,1757.0260009601454,79,1,2.0,1.0,18.0,2.0,1.0,0.5,2.0,1.0,8.0,2.0,1.0,0.5,0.2222222222222222,3126.8650000000002,4369.27,0.6986662359903609,173.44416666666666,11.0,0.0,2.0,0.5,36.0,0.0,47.5,6,6.0,2,2,2,2,2,104,106,80,0.4259,0.0,0.2617,0.1285,T2,False,none
36ab104b-c0b0-47ad-883b-434a392adac3,3.0,0.3333333333333333,3.0,8824.49,2941.4966666666664,2102.5101635029814,57,1,3.0,1.0,20.0,3.0,1.0,0.3333333333333333,3.0,1.0,7.0,3.0,1.0,0.3333333333333333,0.3333333333333333,2941.4966666666664,4300.26,0.487309748212078,105.60138888888889,4.0,0.3333333333333333,3.0,0.3333333333333333,37.0,3.0,55.666666666666664,9,9.0,3,3,3,3,3,154,158,80,0.4259,0.0,0.2617,0.1285,T2,False,none
c4cb8f8e-0550-4f2d-981b-19ee54d84deb,3.0,0.3333333333333333,3.0,12512.220000000001,4170.740000000001,567.0837009648575,40,1,3.0,1.0,16.0,3.0,1.0,0.3333333333333333,3.0,1.0,11.0,3.0,1.0,0.3333333333333333,0.3333333333333333,4170.740000000001,4741.61,0.3789583303362632,165.47277777777776,22.0,0.0,3.0,0.3333333333333333,46.0,2.0,80.0,9,9.0,3,3,3,3,3,162,167,119,0.2253,0.0,0.3893,0.1815,T2,False,none
e2b9722e-25e4-4683-8e70-f27adbc36d3c,5.0,0.5555555555555556,5.0,10429.74,2085.948,1742.725114747016,72,0,5.0,1.0,16.0,5.0,1.0,0.2,5.0,1.0,10.0,5.0,1.0,0.2,0.5555555555555556,2085.948,4053.08,0.3886079614640442,202.74972222222223,4.0,0.2,5.0,0.2,36.0,1.0,60.4,15,15.0,5,5,5,5,5,202,217,119,0.2253,0.0,0.3893,0.1815,T2,False,none
b95e2f70-e9d2-4991-bcad-8b7f746b5978,1.0,0.1111111111111111,1.0,3427.24,3427.24,0.0,93,1,1.0,1.0,14.0,1.0,1.0,1.0,1.0,1.0,9.0,1.0,1.0,1.0,0.1111111111111111,3427.24,3427.24,1.0,0.0,23.0,0.0,1.0,1.0,34.0,2.0,25.0,3,3.0,1,1,1,1,1,54,54,119,0.2635,0.0,0.3946,0.1939,T2,False,none
105533b9-0c98-4c8a-8c96-bdc6be37fe9d,1.0,0.1111111111111111,1.0,655.57,655.57,0.0,78,1,1.0,1.0,12.0,1.0,1.0,1.0,1.0,1.0,11.0,1.0,1.0,1.0,0.1111111111111111,655.57,655.57,1.0,0.0,15.0,1.0,1.0,1.0,39.0,0.0,94.0,3,3.0,1,1,1,1,1,59,59,112,0.2905,0.0,0.3574,0.1777,T2,False,none
6f3f43fd-7982-4e28-b685-635f71ef2edb,6.0,0.6666666666666666,5.0,11131.75,1855.2916666666667,1134.501139663009,36,1,6.0,1.0,21.0,6.0,1.0,0.16666666666666666,6.0,1.0,9.0,6.0,1.0,0.16666666666666666,0.6666666666666666,1855.2916666666667,3808.95,0.3421699193747614,152.60055555555556,7.0,0.16666666666666666,6.0,0.16666666666666666,46.0,2.0,76.33333333333333,18,18.0,6,6,6,6,6,290,315,119,0.2253,0.0,0.3893,0.1815,T2,False,none
3612e643-f4fa-4b81-a6f2-a1d68baee31f,6.0,0.6666666666666666,4.0,12626.83,2104.471666666667,1213.5555198904854,98,1,6.0,1.0,20.0,6.0,1.0,0.16666666666666666,6.0,1.0,9.0,6.0,1.0,0.16666666666666666,0.6666666666666666,2104.471666666667,3373.33,0.26715573109006774,93.60722222222222,16.0,0.3333333333333333,5.0,0.3333333333333333,46.0,3.0,38.166666666666664,17,18.0,6,6,5,6,6,285,300,80,0.4259,0.0,0.2617,0.1285,T2,False,none
5ed5f82d-36f3-4e13-96cb-17a4e3954112,2.0,0.2222222222222222,2.0,3689.79,1844.895,1396.5712481824908,24,0,2.0,1.0,11.0,2.0,1.0,0.5,2.0,1.0,11.0,2.0,1.0,0.5,0.2222222222222222,1844.895,2832.42,0.767637182603888,70.57305555555556,4.0,0.0,2.0,0.5,42.0,0.0,43.5,6,6.0,2,2,2,2,2,107,109,119,0.3255,0.0,0.3993,0.1775,T2,False,none
d5b51b64-a494-4f49-92ae-9659292501e4,4.0,0.4444444444444444,3.0,15095.68,3773.92,1136.2595617492805,43,1,4.0,1.0,15.0,4.0,1.0,0.25,4.0,1.0,10.0,4.0,1.0,0.25,0.4444444444444444,3773.92,4784.07,0.316916495315216,210.40444444444444,4.0,0.0,4.0,0.25,33.0,3.0,37.5,12,12.0,4,4,4,4,4,178,188,211,0.1668,0.0,0.5966,0.3124,T2,False,none
d90cd2cd-6e70-4f27-ad6e-21b7219e8980,1.0,0.1111111111111111,1.0,3988.23,3988.23,0.0,73,1,1.0,1.0,10.0,1.0,1.0,1.0,1.0,1.0,7.0,1.0,1.0,1.0,0.1111111111111111,3988.23,3988.23,1.0,0.0,14.0,1.0,1.0,1.0,33.0,3.0,10.0,3,3.0,1,1,1,1,1,47,47,160,0.1969,0.0,0.388,0.2723,T2,False,none
a7490c70-6a7f-4e15-a984-f907d4243421,4.0,0.4444444444444444,3.0,14426.380000000001,3606.5950000000003,1004.901970094596,24,1,4.0,1.0,18.0,4.0,1.0,0.25,4.0,1.0,11.0,4.0,1.0,0.25,0.4444444444444444,3606.5950000000003,4704.14,0.32607903022102563,107.79666666666667,2.0,0.75,4.0,0.25,44.0,0.0,36.75,12,12.0,4,4,4,4,4,208,220,75,0.4631,0.0,0.2745,0.1623,T2,False,none
90a2ed0e-1e39-4aed-9705-1b6ba4dd2d0e,2.0,0.2222222222222222,2.0,4440.31,2220.155,587.5703798269618,68,0,2.0,1.0,19.0,2.0,1.0,0.5,2.0,1.0,9.0,2.0,1.0,0.5,0.2222222222222222,2220.155,2635.63,0.5935689174854909,8.428055555555556,4.0,0.0,2.0,0.5,46.0,2.0,35.0,6,6.0,2,2,2,2,2,116,120,80,0.4259,0.0,0.2617,0.1285,T2,False,none
b2e867a9-16fa-4c77-9fd8-5635b58fdf1a,3.0,0.3333333333333333,2.0,6452.42,2150.806666666667,2467.81236963699,95,1,3.0,1.0,13.0,3.0,1.0,0.3333333333333333,3.0,1.0,15.0,3.0,1.0,0.3333333333333333,0.3333333333333333,2150.806666666667,4954.22,0.7678080472132937,68.93277777777777,17.0,0.6666666666666666,3.0,0.3333333333333333,37.0,2.0,56.333333333333336,9,9.0,3,3,3,3,3,160,167,136,0.2576,0.0,0.4342,0.2507,T2,False,none
325d7fb0-05be-43c9-afe8-f00cd72cf8e0,2.0,0.2222222222222222,2.0,1961.9099999999999,980.9549999999999,692.0666199507097,75,1,2.0,1.0,15.0,2.0,1.0,0.5,2.0,1.0,7.0,2.0,1.0,0.5,0.2222222222222222,980.9549999999999,1470.32,0.7494329505430932,158.41,9.0,0.0,2.0,0.5,36.0,2.0,67.0,6,6.0,2,2,2,2,2,98,100,211,0.1668,0.0,0.5966,0.3124,T2,False,none
8cd0cb9f-3e87-492d-84ce-3b226dd8f9c1,5.0,0.5555555555555556,4.0,12800.77,2560.154,1332.5271093039719,72,1,5.0,1.0,19.0,5.0,1.0,0.2,5.0,1.0,12.0,5.0,1.0,0.2,0.5555555555555556,2560.154,4153.03,0.3244359518997685,136.44861111111112,0.0,0.6,5.0,0.2,44.0,1.0,63.8,15,15.0,5,5,5,5,5,237,252,157,0.2333,0.0,0.3976,0.2695,T2,False,none
02f92edd-01b0-4f69-8ddb-81f79fad639c,1.0,0.1111111111111111,1.0,1727.19,1727.19,0.0,11,1,1.0,1.0,15.0,1.0,1.0,1.0,1.0,1.0,10.0,1.0,1.0,1.0,0.1111111111111111,1727.19,1727.19,1.0,0.0,7.0,0.0,1.0,1.0,33.0,1.0,74.0,3,3.0,1,1,1,1,1,54,55,80,0.4259,0.0,0.2617,0.1285,T2,False,none
2b2cf1e3-5c20-42f1-bc3f-0c7aef1cc7ff,2.0,0.2222222222222222,2.0,7336.26,3668.13,1075.7639726259663,62,1,2.0,1.0,14.0,2.0,1.0,0.5,2.0,1.0,12.0,2.0,1.0,0.5,0.2222222222222222,3668.13,4428.81,0.6036877100866109,18.944166666666668,0.0,0.0,2.0,0.5,37.0,3.0,62.5,6,6.0,2,2,2,2,2,105,109,80,0.4937,0.0,0.285,0.1235,T2,False,none
47066109-1a7a-438d-b331-dd1b2b42aef9,2.0,0.2222222222222222,2.0,7092.459999999999,3546.2299999999996,309.34507463349064,43,1,2.0,1.0,19.0,2.0,1.0,0.5,2.0,1.0,10.0,2.0,1.0,0.5,0.2222222222222222,3546.2299999999996,3764.97,0.5308412031932503,63.739444444444445,12.0,0.5,2.0,0.5,40.0,0.0,57.0,6,6.0,2,2,2,2,2,121,123,210,0.1869,0.0,0.5526,0.3216,T2,False,none
6f20fd8c-2442-4894-864c-f4c9c07f1b20,3.0,0.3333333333333333,2.0,6356.22,2118.7400000000002,1125.0948875983752,38,0,3.0,1.0,14.0,3.0,1.0,0.3333333333333333,3.0,1.0,10.0,3.0,1.0,0.3333333333333333,0.3333333333333333,2118.7400000000002,2872.79,0.4519651616841456,169.04083333333332,12.0,0.0,3.0,0.3333333333333333,42.0,0.0,31.666666666666668,9,9.0,3,3,3,3,3,153,159,69,0.4288,0.0,0.2614,0.1292,T2,False,none
704227c8-ea82-4901-8e38-449e6339fc5f,1.0,0.1111111111111111,1.0,2399.6,2399.6,0.0,92,1,1.0,1.0,13.0,1.0,1.0,1.0,1.0,1.0,7.0,1.0,1.0,1.0,0.1111111111111111,2399.6,2399.6,1.0,0.0,15.0,0.0,1.0,1.0,37.0,3.0,92.0,3,3.0,1,1,1,1,1,53,54,80,0.4937,0.0,0.285,0.1235,T2,False,none
c6d153f5-b28e-4b85-a87c-7114474fe3d0,5.0,0.5555555555555556,3.0,12730.42,2546.084,1802.1227468127693,15,1,5.0,1.0,19.0,5.0,1.0,0.2,5.0,1.0,12.0,5.0,1.0,0.2,0.5555555555555556,2546.084,4995.41,0.3923994652179582,191.055,6.0,0.4,5.0,0.2,43.0,0.0,58.8,15,15.0,5,5,5,5,5,278,302,112,0.2905,0.0,0.3574,0.1777,T2,False,none
1a49df9f-0b4d-4855-8440-f232366da2b5,2.0,0.2222222222222222,2.0,4874.88,2437.44,1179.2419789848052,74,1,2.0,1.0,16.0,2.0,1.0,0.5,2.0,1.0,11.0,2.0,1.0,0.5,0.2222222222222222,2437.44,3271.29,0.6710503643166601,202.89277777777778,7.0,0.0,2.0,0.5,35.0,0.0,52.0,6,6.0,2,2,2,2,2,103,106,160,0.1969,0.0,0.388,0.2723,T2,False,none
c7ac5cfe-e372-4358-b319-b84158e791af,4.0,0.4444444444444444,3.0,10714.39,2678.5975,1421.8399669061448,63,0,4.0,1.0,13.0,4.0,1.0,0.25,4.0,1.0,11.0,4.0,1.0,0.25,0.4444444444444444,2678.5975,3991.24,0.37251210754881986,170.61388888888888,0.0,0.5,4.0,0.25,46.0,2.0,59.25,12,12.0,4,4,4,4,4,190,199,119,0.2253,0.0,0.3893,0.1815,T2,False,none
9717e56a-5ec4-49c7-93d1-c8bb54a13743,1.0,0.1111111111111111,1.0,326.85,326.85,0.0,60,0,1.0,1.0,14.0,1.0,1.0,1.0,1.0,1.0,13.0,1.0,1.0,1.0,0.1111111111111111,326.85,326.85,1.0,0.0,5.0,0.0,1.0,1.0,31.0,3.0,68.0,3,3.0,1,1,1,1,1,55,55,160,0.1969,0.0,0.388,0.2723,T2,False,none
622b8251-e195-4f65-b21b-b66af50c782f,1.0,0.1111111111111111,1.0,1124.81,1124.81,0.0,59,1,1.0,1.0,15.0,1.0,1.0,1.0,1.0,1.0,11.0,1.0,1.0,1.0,0.1111111111111111,1124.81,1124.81,1.0,0.0,8.0,0.0,1.0,1.0,30.0,1.0,20.0,3,3.0,1,1,1,1,1,53,53,112,0.2905,0.0,0.3574,0.1777,T2,False,none
64b36611-5d7f-4a5d-bb79-65e004204e19,1.0,0.1111111111111111,1.0,4781.74,4781.74,0.0,72,1,1.0,1.0,16.0,1.0,1.0,1.0,1.0,1.0,8.0,1.0,1.0,1.0,0.1111111111111111,4781.74,4781.74,1.0,0.0,8.0,0.0,1.0,1.0,36.0,0.0,40.0,3,3.0,1,1,1,1,1,56,57,119,0.2253,0.0,0.3893,0.1815,T2,False,none
2dfb2609-43ae-4a74-93ef-cc261c8f40a1,0.0,0.0,0.0,0.0,0.0,0.0,92,0,0.0,0.0,0.0,0.0,0.0,0.0,0.0,0.0,0.0,0.0,0.0,0.0,0.0,0.0,0.0,0.0,0.0,0.0,0.0,0.0,0.0,0.0,0.0,0.0,0,0.0,0,0,0,0,0,0,0,1,0.0,0.0,0.0,0.0,T2,False,none
f944ba50-8ef8-41f5-a91f-d7fe812fd48f,9.0,1.0,8.0,17228.37,1914.2633333333333,1552.745462817393,47,1,9.0,1.0,18.0,9.0,1.0,0.1111111111111111,9.0,1.0,9.0,9.0,1.0,0.1111111111111111,1.0,1914.2633333333333,4642.73,0.26948167470283024,219.01388888888889,0.0,0.2222222222222222,8.0,0.2222222222222222,46.0,3.0,58.55555555555556,26,27.0,9,9,8,9,9,369,420,119,0.2253,0.0,0.3893,0.1815,T2,False,none
e841fd9a-5023-4d3c-937b-aad0eb70eb12,3.0,0.3333333333333333,3.0,3309.5299999999997,1103.1766666666665,84.240166389516,83,1,3.0,1.0,15.0,3.0,1.0,0.3333333333333333,3.0,1.0,10.0,3.0,1.0,0.3333333333333333,0.3333333333333333,1103.1766666666665,1191.1,0.35990004623012933,42.21388888888889,5.0,0.0,3.0,0.3333333333333333,40.0,1.0,57.666666666666664,9,9.0,3,3,3,3,3,159,166,157,0.2333,0.0,0.3976,0.2695,T2,False,none
f6d8893e-df5a-4e24-a245-80f6d36c7606,3.0,0.3333333333333333,2.0,6975.320000000001,2325.106666666667,2045.9649504410709,82,1,3.0,1.0,13.0,3.0,1.0,0.3333333333333333,3.0,1.0,7.0,3.0,1.0,0.3333333333333333,0.3333333333333333,2325.106666666667,4183.85,0.5998076073929225,29.029444444444444,4.0,0.6666666666666666,3.0,0.3333333333333333,38.0,2.0,51.0,9,9.0,3,3,3,3,3,136,140,157,0.2333,0.0,0.3976,0.2695,T2,False,none
0dd801cd-aed8-43a6-94c9-4ae2a896aedf,4.0,0.4444444444444444,3.0,12028.920000000002,3007.2300000000005,1293.1743505292188,46,0,4.0,1.0,13.0,4.0,1.0,0.25,4.0,1.0,9.0,4.0,1.0,0.25,0.4444444444444444,3007.2300000000005,4567.96,0.37974814031517373,100.09305555555555,0.0,0.0,4.0,0.25,41.0,1.0,50.0,12,12.0,4,4,4,4,4,212,222,124,0.2408,0.0806,0.3579,0.2431,T2,False,none
28eac098-2492-4c43-bd47-fc8cb4784158,3.0,0.3333333333333333,2.0,5095.0599999999995,1698.3533333333332,447.53465746613784,25,1,3.0,1.0,16.0,3.0,1.0,0.3333333333333333,3.0,1.0,7.0,3.0,1.0,0.3333333333333333,0.3333333333333333,1698.3533333333332,2199.81,0.43175350241214044,98.98166666666667,13.0,0.0,3.0,0.3333333333333333,40.0,0.0,65.66666666666667,9,9.0,3,3,3,3,3,146,155,210,0.1869,0.0,0.5526,0.3216,T2,False,none
8184f320-b7f3-4d93-b8bf-674e91baee18,4.0,0.4444444444444444,4.0,14342.67,3585.6675,1125.6703318282548,67,0,4.0,1.0,20.0,4.0,1.0,0.25,4.0,1.0,9.0,4.0,1.0,0.25,0.4444444444444444,3585.6675,4545.7,0.3169354102130217,166.43472222222223,3.0,0.0,4.0,0.25,43.0,0.0,39.5,12,12.0,4,4,4,4,4,205,216,69,0.4288,0.0,0.2614,0.1292,T2,False,none
86efa736-0c38-4ed1-8508-f96213f0e746,1.0,0.1111111111111111,1.0,2561.58,2561.58,0.0,14,0,1.0,1.0,9.0,1.0,1.0,1.0,1.0,1.0,10.0,1.0,1.0,1.0,0.1111111111111111,2561.58,2561.58,1.0,0.0,22.0,0.0,1.0,1.0,26.0,1.0,53.0,3,3.0,1,1,1,1,1,42,42,210,0.1869,0.0,0.5526,0.3216,T2,False,none
eb6254a2-fe57-4e99-ad41-9d9b6b7caf59,2.0,0.2222222222222222,2.0,3051.39,1525.695,1633.4378777443603,43,1,2.0,1.0,14.0,2.0,1.0,0.5,2.0,1.0,7.0,2.0,1.0,0.5,0.2222222222222222,1525.695,2680.71,0.8785209363601507,70.06666666666666,6.0,0.5,2.0,0.5,43.0,0.0,56.5,6,6.0,2,2,2,2,2,111,116,136,0.2576,0.0,0.4342,0.2507,T2,False,none
6ecf388c-be09-4e1e-8338-513bee592d58,4.0,0.4444444444444444,3.0,9744.19,2436.0475,2239.2887828114085,23,0,4.0,1.0,24.0,4.0,1.0,0.25,4.0,1.0,10.0,4.0,1.0,0.25,0.4444444444444444,2436.0475,4556.95,0.46765816347998135,210.80666666666667,3.0,0.25,4.0,0.25,39.0,1.0,65.5,12,12.0,4,4,4,4,4,216,232,80,0.3873,0.0,0.2639,0.1532,T2,False,none
d9d724ec-9ded-497d-a28d-14812fcd742a,5.0,0.5555555555555556,3.0,9531.41,1906.282,1030.1186183008247,16,0,5.0,1.0,16.0,5.0,1.0,0.2,5.0,1.0,14.0,5.0,1.0,0.2,0.5555555555555556,1906.282,3149.03,0.3303844866604207,202.5611111111111,4.0,0.0,5.0,0.2,46.0,2.0,78.0,15,15.0,5,5,5,5,5,262,278,119,0.2253,0.0,0.3893,0.1815,T2,False,none
f4e9cf40-42a8-4277-ad28-bd22987ce53b,2.0,0.2222222222222222,2.0,5487.76,2743.88,94.85130362836355,75,0,2.0,1.0,23.0,2.0,1.0,0.5,2.0,1.0,9.0,2.0,1.0,0.5,0.2222222222222222,2743.88,2810.95,0.5122217443911541,45.07472222222222,13.0,0.5,2.0,0.5,36.0,0.0,64.0,6,6.0,2,2,2,2,2,112,115,210,0.1869,0.0,0.5526,0.3216,T2,False,none
44eee0c9-9a9e-4e9e-9ad5-9ab587627814,3.0,0.3333333333333333,3.0,4238.95,1412.9833333333333,1548.629696871829,40,1,3.0,1.0,22.0,3.0,1.0,0.3333333333333333,3.0,1.0,8.0,3.0,1.0,0.3333333333333333,0.3333333333333333,1412.9833333333333,3115.04,0.7348612274266033,124.07611111111112,2.0,0.3333333333333333,3.0,0.3333333333333333,42.0,0.0,41.333333333333336,9,9.0,3,3,3,3,3,156,167,157,0.2333,0.0,0.3976,0.2695,T2,False,none
63bc7165-e92b-4911-b28d-5d0463cf35b2,2.0,0.2222222222222222,2.0,1765.4,882.7,614.9283411910691,32,1,2.0,1.0,14.0,2.0,1.0,0.5,2.0,1.0,8.0,2.0,1.0,0.5,0.2222222222222222,882.7,1317.52,0.7463011215588534,124.91111111111111,5.0,0.0,2.0,0.5,34.0,0.0,59.5,6,6.0,2,2,2,2,2,92,94,136,0.2576,0.0,0.4342,0.2507,T2,False,none
fd279b54-f3f4-4baa-ac6a-47fb1e2f9f03,2.0,0.2222222222222222,2.0,6452.52,3226.26,2300.232501335463,62,0,2.0,1.0,13.0,2.0,1.0,0.5,2.0,1.0,8.0,2.0,1.0,0.5,0.2222222222222222,3226.26,4852.77,0.7520736084506519,146.82861111111112,1.0,0.0,2.0,0.5,34.0,0.0,37.5,6,6.0,2,2,2,2,2,97,98,136,0.2576,0.0,0.4342,0.2507,T2,False,none
f5254b05-2b29-4254-a59d-a82e6b3a6c77,4.0,0.4444444444444444,3.0,11406.57,2851.6425,2046.0574477496143,51,1,4.0,1.0,16.0,4.0,1.0,0.25,4.0,1.0,10.0,4.0,1.0,0.25,0.4444444444444444,2851.6425,4954.94,0.4343935118094221,209.06027777777777,3.0,0.0,4.0,0.25,43.0,3.0,31.75,12,12.0,4,4,4,4,4,191,206,124,0.2408,0.0806,0.3579,0.2431,T2,False,none
79ea79f0-1475-4cb2-bf1c-d5cb89877516,4.0,0.4444444444444444,4.0,9710.84,2427.71,1646.2978665478493,49,1,4.0,1.0,19.0,4.0,1.0,0.25,4.0,1.0,9.0,4.0,1.0,0.25,0.4444444444444444,2427.71,3720.8,0.3831594383184153,134.36277777777778,1.0,0.0,4.0,0.25,43.0,2.0,44.5,12,12.0,4,4,4,4,4,210,222,160,0.1969,0.0,0.388,0.2723,T2,False,none
a27dec37-4b96-4781-9c7f-906a627567fb,2.0,0.2222222222222222,2.0,4496.77,2248.385,1752.9672080361345,55,0,2.0,1.0,15.0,2.0,1.0,0.5,2.0,1.0,10.0,2.0,1.0,0.5,0.2222222222222222,2248.385,3487.92,0.7756500777224541,100.32805555555555,8.0,0.0,2.0,0.5,38.0,0.0,71.5,6,6.0,2,2,2,2,2,112,116,119,0.2253,0.0,0.3893,0.1815,T2,False,none
a2049c9c-33dc-4d1d-96a2-65a26ba9bf58,4.0,0.4444444444444444,4.0,12640.83,3160.2075,1437.643018215927,13,0,4.0,1.0,14.0,4.0,1.0,0.25,4.0,1.0,7.0,4.0,1.0,0.25,0.4444444444444444,3160.2075,4545.72,0.35960613345800874,158.28833333333333,8.0,0.0,4.0,0.25,47.0,3.0,55.25,12,12.0,4,4,4,4,4,204,219,80,0.4937,0.0,0.285,0.1235,T2,False,none
44e3f700-e057-44b5-ab4a-12dd9567971f,2.0,0.2222222222222222,2.0,5496.82,2748.41,764.1844405639257,40,0,2.0,1.0,19.0,2.0,1.0,0.5,2.0,1.0,11.0,2.0,1.0,0.5,0.2222222222222222,2748.41,3288.77,0.598304110376545,52.80722222222222,3.0,0.5,2.0,0.5,32.0,2.0,74.5,6,6.0,2,2,2,2,2,105,105,210,0.1869,0.0,0.5526,0.3216,T2,False,none
f2599497-8968-483f-bf47-296bd830b5d7,2.0,0.2222222222222222,2.0,1533.56,766.78,709.553370649453,21,1,2.0,1.0,14.0,2.0,1.0,0.5,2.0,1.0,8.0,2.0,1.0,0.5,0.2222222222222222,766.78,1268.51,0.8271668535955554,92.92972222222222,0.0,0.0,2.0,0.5,46.0,2.0,56.0,6,6.0,2,2,2,2,2,108,109,119,0.2253,0.0,0.3893,0.1815,T2,False,none
e7b67e0b-8f0a-4f9c-adff-ba98b8fbca31,5.0,0.5555555555555556,3.0,11882.18,2376.436,1589.5254121372202,44,1,5.0,1.0,14.0,5.0,1.0,0.2,5.0,1.0,10.0,5.0,1.0,0.2,0.5555555555555556,2376.436,4893.53,0.41183772674711205,110.40194444444444,16.0,0.2,5.0,0.2,39.0,1.0,53.2,15,15.0,5,5,5,5,5,227,241,112,0.2905,0.0,0.3574,0.1777,T2,False,none
19e66172-2a98-4ece-9f2c-cf21f310ff86,4.0,0.4444444444444444,4.0,8088.2,2022.05,1424.0337335189781,10,1,4.0,1.0,20.0,4.0,1.0,0.25,4.0,1.0,10.0,4.0,1.0,0.25,0.4444444444444444,2022.05,3235.18,0.3999876363096857,213.48944444444444,2.0,0.25,4.0,0.25,44.0,0.0,58.0,12,12.0,4,4,4,4,4,234,244,157,0.2333,0.0,0.3976,0.2695,T2,False,none
28c280e2-a979-4e6e-9fbb-5a7e89fa6fc5,3.0,0.3333333333333333,2.0,2189.97,729.9899999999999,669.0618014055204,36,1,2.0,1.5,14.0,2.0,1.0,0.6666666666666666,3.0,1.0,7.0,3.0,1.0,0.3333333333333333,0.3333333333333333,729.9899999999999,1419.79,0.6483148170979511,169.94,11.0,0.0,3.0,0.3333333333333333,32.0,3.0,61.0,8,9.0,2,3,3,2,3,120,124,160,0.1969,0.0,0.388,0.2723,T2,False,none
0b9311a8-083f-4029-af45-b5f12de3906d,8.0,0.8888888888888888,5.0,21710.239999999998,2713.7799999999997,1432.2724066521503,50,1,8.0,1.0,19.0,8.0,1.0,0.125,8.0,1.0,12.0,8.0,1.0,0.125,0.8888888888888888,2713.7799999999997,4701.2,0.21654297695465366,137.26555555555555,8.0,0.5,8.0,0.125,42.0,3.0,56.25,24,24.0,8,8,8,8,8,365,419,119,0.2635,0.0,0.3946,0.1939,T2,False,none
ed56e280-0f75-424e-8ec7-fe67b86d9746,3.0,0.3333333333333333,3.0,7459.49,2486.4966666666664,1874.3508636414192,51,1,3.0,1.0,12.0,3.0,1.0,0.3333333333333333,3.0,1.0,18.0,3.0,1.0,0.3333333333333333,0.3333333333333333,2486.4966666666664,4205.1,0.5637248659090636,163.97833333333332,1.0,0.3333333333333333,3.0,0.3333333333333333,46.0,0.0,31.666666666666668,9,9.0,3,3,3,3,3,160,172,83,0.4146,0.0,0.3286,0.1462,T2,False,none
9e9b11c9-1509-47fb-bc43-73f40f48c274,1.0,0.1111111111111111,1.0,4965.07,4965.07,0.0,20,1,1.0,1.0,14.0,1.0,1.0,1.0,1.0,1.0,5.0,1.0,1.0,1.0,0.1111111111111111,4965.07,4965.07,1.0,0.0,18.0,0.0,1.0,1.0,39.0,1.0,73.0,3,3.0,1,1,1,1,1,54,55,112,0.2905,0.0,0.3574,0.1777,T2,False,none
e34d4f25-6d90-46c3-8432-065c504f1a85,4.0,0.4444444444444444,4.0,9267.23,2316.8075,1190.0051635287134,18,1,4.0,1.0,23.0,4.0,1.0,0.25,4.0,1.0,10.0,4.0,1.0,0.25,0.4444444444444444,2316.8075,4049.97,0.4370205552252399,168.3238888888889,10.0,0.5,3.0,0.5,33.0,1.0,48.0,11,12.0,4,4,3,4,4,183,190,160,0.1969,0.0,0.388,0.2723,T2,False,none
f9d326bc-ba05-4fd4-8c48-b48d6b89fd34,3.0,0.3333333333333333,3.0,3724.35,1241.45,292.3322207694527,18,1,3.0,1.0,17.0,3.0,1.0,0.3333333333333333,3.0,1.0,8.0,3.0,1.0,0.3333333333333333,0.3333333333333333,1241.45,1578.96,0.4239558580691933,219.9686111111111,5.0,0.3333333333333333,3.0,0.3333333333333333,39.0,0.0,71.33333333333333,9,9.0,3,3,3,3,3,146,152,80,0.3873,0.0,0.2639,0.1532,T2,False,none
95ec3fb0-9acd-494d-8126-dff6580189a5,3.0,0.3333333333333333,3.0,9635.3,3211.7666666666664,1697.1623978374412,67,0,3.0,1.0,14.0,3.0,1.0,0.3333333333333333,3.0,1.0,7.0,3.0,1.0,0.3333333333333333,0.3333333333333333,3211.7666666666664,4822.41,0.5004940167924196,119.24916666666667,7.0,0.3333333333333333,3.0,0.3333333333333333,36.0,0.0,46.333333333333336,9,9.0,3,3,3,3,3,128,135,119,0.2253,0.0,0.3893,0.1815,T2,False,none
53d5747a-6fc1-40a3-a256-3a0e4575e9ce,6.0,0.6666666666666666,4.0,18909.2,3151.5333333333333,1522.2943902762918,93,0,6.0,1.0,22.0,6.0,1.0,0.16666666666666666,6.0,1.0,9.0,6.0,1.0,0.16666666666666666,0.6666666666666666,3151.5333333333333,4957.77,0.2621882469908828,131.1561111111111,5.0,0.0,6.0,0.16666666666666666,42.0,0.0,63.833333333333336,18,18.0,6,6,6,6,6,294,313,157,0.2333,0.0,0.3976,0.2695,T2,False,none
0ff246e4-265f-4c54-bc8b-8a6162417035,3.0,0.3333333333333333,3.0,10935.71,3645.236666666666,1200.462892818155,92,1,3.0,1.0,16.0,3.0,1.0,0.3333333333333333,3.0,1.0,11.0,3.0,1.0,0.3333333333333333,0.3333333333333333,3645.236666666666,4347.25,0.3975279154257017,104.285,2.0,0.3333333333333333,3.0,0.3333333333333333,37.0,1.0,48.0,9,9.0,3,3,3,3,3,144,152,210,0.1869,0.0,0.5526,0.3216,T2,False,none
6e3a9b9a-e18c-4273-92a8-b040c60e2202,3.0,0.3333333333333333,3.0,8333.62,2777.8733333333334,1912.9129671873034,16,0,3.0,1.0,14.0,3.0,1.0,0.3333333333333333,3.0,1.0,9.0,3.0,1.0,0.3333333333333333,0.3333333333333333,2777.8733333333334,4795.88,0.5754858032883668,202.89166666666668,7.0,0.0,3.0,0.3333333333333333,43.0,3.0,53.333333333333336,9,9.0,3,3,3,3,3,155,162,210,0.1869,0.0,0.5526,0.3216,T2,False,none
5112e81b-d1c5-407c-acd3-94fbc5a1a63f,1.0,0.1111111111111111,1.0,1697.03,1697.03,0.0,26,1,1.0,1.0,14.0,1.0,1.0,1.0,1.0,1.0,10.0,1.0,1.0,1.0,0.1111111111111111,1697.03,1697.03,1.0,0.0,18.0,0.0,1.0,1.0,38.0,3.0,43.0,3,3.0,1,1,1,1,1,59,59,210,0.1869,0.0,0.5526,0.3216,T2,False,none
573df9f9-b8d0-4ce9-aa5b-7552fb0b507c,2.0,0.2222222222222222,2.0,1942.43,971.215,824.4652936600788,36,0,2.0,1.0,18.0,2.0,1.0,0.5,2.0,1.0,10.0,2.0,1.0,0.5,0.2222222222222222,971.215,1554.2,0.8001317936811108,32.955555555555556,1.0,0.5,2.0,0.5,30.0,1.0,59.0,6,6.0,2,2,2,2,2,94,96,112,0.2905,0.0,0.3574,0.1777,T2,False,none
030702fb-bbad-4e92-ab93-fbcc235ae111,4.0,0.4444444444444444,4.0,13882.630000000001,3470.6575000000003,1212.1379803024352,15,0,4.0,1.0,17.0,4.0,1.0,0.25,4.0,1.0,9.0,4.0,1.0,0.25,0.4444444444444444,3470.6575000000003,4595.54,0.33102805448247197,206.85444444444445,15.0,0.0,4.0,0.25,37.0,1.0,75.75,12,12.0,4,4,4,4,4,215,222,80,0.4937,0.0,0.285,0.1235,T2,False,none
13dab736-8a2d-48ee-9d51-ac06e6a38e19,3.0,0.3333333333333333,3.0,6701.5,2233.8333333333335,1793.1453104624102,67,0,3.0,1.0,13.0,3.0,1.0,0.3333333333333333,3.0,1.0,11.0,3.0,1.0,0.3333333333333333,0.3333333333333333,2233.8333333333335,3913.81,0.5840199955233902,201.1302777777778,8.0,0.0,3.0,0.3333333333333333,34.0,1.0,44.0,9,9.0,3,3,3,3,3,134,141,119,0.3255,0.0,0.3993,0.1775,T2,False,none
4dcb6a2e-d60d-47b1-902c-0c715366057d,1.0,0.1111111111111111,1.0,3444.83,3444.83,0.0,59,0,1.0,1.0,13.0,1.0,1.0,1.0,1.0,1.0,8.0,1.0,1.0,1.0,0.1111111111111111,3444.83,3444.83,1.0,0.0,14.0,0.0,1.0,1.0,33.0,1.0,59.0,3,3.0,1,1,1,1,1,50,51,210,0.1869,0.0,0.5526,0.3216,T2,False,none
fdb59ba5-080e-40f4-b988-fcd630dcbd0a,5.0,0.5555555555555556,4.0,8878.58,1775.716,1973.4679512295102,67,0,5.0,1.0,18.0,5.0,1.0,0.2,5.0,1.0,9.0,5.0,1.0,0.2,0.5555555555555556,1775.716,4239.79,0.4775301906385931,212.21166666666667,9.0,0.0,5.0,0.2,40.0,2.0,35.4,15,15.0,5,5,5,5,5,244,261,80,0.3873,0.0,0.2639,0.1532,T2,False,none
ed6c7418-4535-4d55-b84f-aa32c2242270,2.0,0.2222222222222222,2.0,4532.85,2266.425,1188.3424432586762,28,0,2.0,1.0,12.0,2.0,1.0,0.5,2.0,1.0,7.0,2.0,1.0,0.5,0.2222222222222222,2266.425,3106.71,0.6853767497269929,153.97666666666666,7.0,0.0,2.0,0.5,28.0,0.0,49.0,6,6.0,2,2,2,2,2,83,84,136,0.2576,0.0,0.4342,0.2507,T2,False,none
63824e2f-073c-49aa-bc62-02e4655c98f3,6.0,0.6666666666666666,6.0,11378.21,1896.368333333333,1130.2046592616166,90,1,6.0,1.0,19.0,6.0,1.0,0.16666666666666666,6.0,1.0,13.0,6.0,1.0,0.16666666666666666,0.6666666666666666,1896.368333333333,3696.32,0.3248595341446502,193.53166666666667,18.0,0.16666666666666666,6.0,0.16666666666666666,44.0,0.0,41.166666666666664,18,18.0,6,6,6,6,6,315,346,136,0.2576,0.0,0.4342,0.2507,T2,False,none
4720b701-3cc5-4aca-b71c-58fa259168bf,4.0,0.4444444444444444,3.0,10789.43,2697.3575,1773.7079647332966,92,1,4.0,1.0,25.0,4.0,1.0,0.25,4.0,1.0,10.0,4.0,1.0,0.25,0.4444444444444444,2697.3575,4492.06,0.41633895395771603,57.84,11.0,0.75,4.0,0.25,43.0,1.0,56.5,12,12.0,4,4,4,4,4,250,263,157,0.2333,0.0,0.3976,0.2695,T2,False,none
ba4a0494-1f3d-4374-b526-4b19ef9e2477,10.0,1.1111111111111112,7.0,33903.43,3390.343,1442.252155022754,59,1,10.0,1.0,22.0,10.0,1.0,0.1,10.0,1.0,10.0,10.0,1.0,0.1,1.1111111111111112,3390.343,4971.44,0.14663531094051543,214.6911111111111,21.0,0.1,10.0,0.1,43.0,0.0,48.0,30,30.0,10,10,10,10,10,453,523,157,0.2333,0.0,0.3976,0.2695,T2,False,none
f9f49f55-7408-47b5-8aa2-8f8503ee2097,5.0,0.5555555555555556,3.0,13927.199999999999,2785.4399999999996,1698.824911681601,12,0,5.0,1.0,19.0,5.0,1.0,0.2,5.0,1.0,11.0,5.0,1.0,0.2,0.5555555555555556,2785.4399999999996,4578.28,0.32872939284278246,110.82111111111111,6.0,0.2,5.0,0.2,39.0,0.0,63.0,15,15.0,5,5,5,5,5,250,269,210,0.1869,0.0,0.5526,0.3216,T2,False,none
db14cf22-2b36-488e-8e62-8b6aea22bb15,2.0,0.2222222222222222,2.0,2776.19,1388.095,926.6139392702875,41,1,2.0,1.0,18.0,2.0,1.0,0.5,2.0,1.0,10.0,2.0,1.0,0.5,0.2222222222222222,1388.095,2043.31,0.7360123046333283,12.018055555555556,0.0,0.0,2.0,0.5,46.0,1.0,29.5,6,6.0,2,2,2,2,2,112,116,83,0.4146,0.0,0.3286,0.1462,T2,False,none
21801612-c557-4df6-9cf4-b200de2fd119,7.0,0.7777777777777778,7.0,22498.47,3214.067142857143,1601.8272611272655,52,0,7.0,1.0,24.0,7.0,1.0,0.14285714285714285,6.0,1.1666666666666667,9.0,6.0,1.0,0.2857142857142857,0.7777777777777778,3214.067142857143,4607.76,0.20480325995501028,202.87083333333334,0.0,0.14285714285714285,7.0,0.14285714285714285,41.0,1.0,35.0,20,21.0,7,6,7,7,6,301,335,124,0.2408,0.0806,0.3579,0.2431,T2,False,none
69a0a87c-b988-4016-99ee-2a9b11b5f808,2.0,0.2222222222222222,2.0,4784.6900000000005,2392.3450000000003,2092.208757378193,51,0,2.0,1.0,13.0,2.0,1.0,0.5,2.0,1.0,10.0,2.0,1.0,0.5,0.2222222222222222,2392.3450000000003,3871.76,0.8091976700684892,21.748055555555556,5.0,0.0,2.0,0.5,40.0,0.0,16.5,6,6.0,2,2,2,2,2,103,105,124,0.2408,0.0806,0.3579,0.2431,T2,False,none
8b18a13d-2b1a-4f46-8b98-4f5580a00347,4.0,0.4444444444444444,4.0,10189.42,2547.355,959.7907946526683,43,1,4.0,1.0,18.0,4.0,1.0,0.25,4.0,1.0,10.0,4.0,1.0,0.25,0.4444444444444444,2547.355,3974.8,0.3900908982061786,140.09,3.0,0.25,4.0,0.25,35.0,1.0,35.75,12,12.0,4,4,4,4,4,184,195,112,0.2905,0.0,0.3574,0.1777,T2,False,none
90486d71-807e-4a3e-93b5-57a2694393d9,3.0,0.3333333333333333,3.0,9418.07,3139.3566666666666,1626.79072637919,73,1,3.0,1.0,20.0,3.0,1.0,0.3333333333333333,3.0,1.0,11.0,3.0,1.0,0.3333333333333333,0.3333333333333333,3139.3566666666666,4965.4,0.5272205451860095,191.37777777777777,15.0,0.3333333333333333,3.0,0.3333333333333333,35.0,1.0,78.66666666666667,9,9.0,3,3,3,3,3,145,152,210,0.1869,0.0,0.5526,0.3216,T2,False,none
388c7b2a-648b-4a61-bdf4-df99bbd638c1,3.0,0.3333333333333333,3.0,11772.92,3924.306666666667,1013.9354429811265,83,1,3.0,1.0,19.0,3.0,1.0,0.3333333333333333,3.0,1.0,11.0,3.0,1.0,0.3333333333333333,0.3333333333333333,3924.306666666667,4983.96,0.42334102329753365,128.64833333333334,1.0,0.0,3.0,0.3333333333333333,35.0,0.0,44.666666666666664,9,9.0,3,3,3,3,3,138,143,160,0.1969,0.0,0.388,0.2723,T2,False,none
15da37f1-04d8-498d-9e3b-72907c9f3519,1.0,0.1111111111111111,1.0,1445.04,1445.04,0.0,35,0,1.0,1.0,15.0,1.0,1.0,1.0,1.0,1.0,7.0,1.0,1.0,1.0,0.1111111111111111,1445.04,1445.04,1.0,0.0,1.0,0.0,1.0,1.0,31.0,0.0,98.0,3,3.0,1,1,1,1,1,50,50,157,0.2333,0.0,0.3976,0.2695,T2,False,none
cddeef2b-ba30-4877-b1d0-f9ed8266dad6,2.0,0.2222222222222222,2.0,3733.8399999999997,1866.9199999999998,1550.4306127008713,47,1,2.0,1.0,10.0,2.0,1.0,0.5,2.0,1.0,8.0,2.0,1.0,0.5,0.2222222222222222,1866.9199999999998,2963.24,0.7936172947957063,124.56583333333333,14.0,0.5,2.0,0.5,29.0,1.0,88.5,6,6.0,2,2,2,2,2,76,77,83,0.4146,0.0,0.3286,0.1462,T2,False,none
e45cb9cf-b228-4115-9e48-59cd52a01d73,3.0,0.3333333333333333,3.0,7440.66,2480.22,1762.974717118768,30,1,3.0,1.0,16.0,3.0,1.0,0.3333333333333333,3.0,1.0,7.0,3.0,1.0,0.3333333333333333,0.3333333333333333,2480.22,4273.5,0.5743442114006015,66.14972222222222,15.0,0.3333333333333333,3.0,0.3333333333333333,37.0,0.0,66.66666666666667,9,9.0,3,3,3,3,3,151,160,160,0.1969,0.0,0.388,0.2723,T2,False,none
7e340af2-22da-43d0-8cb1-9b92f1c8c718,4.0,0.4444444444444444,3.0,15559.43,3889.8575,1447.6742712681144,20,0,4.0,1.0,14.0,4.0,1.0,0.25,4.0,1.0,9.0,4.0,1.0,0.25,0.4444444444444444,3889.8575,4998.41,0.3212463438570693,117.85722222222222,13.0,0.5,4.0,0.25,43.0,1.0,58.0,12,12.0,4,4,4,4,4,181,189,157,0.2333,0.0,0.3976,0.2695,T2,False,none
92171171-05cf-4023-81ba-e6094020df79,3.0,0.3333333333333333,3.0,4839.79,1613.2633333333333,691.6708368388342,11,1,3.0,1.0,22.0,3.0,1.0,0.3333333333333333,3.0,1.0,10.0,3.0,1.0,0.3333333333333333,0.3333333333333333,1613.2633333333333,2378.35,0.49141594986559334,184.1025,6.0,0.0,3.0,0.3333333333333333,39.0,0.0,69.66666666666667,9,9.0,3,3,3,3,3,177,185,210,0.1869,0.0,0.5526,0.3216,T2,False,none
828644a5-dad0-43a1-b758-63b7a0d09b85,3.0,0.3333333333333333,2.0,6479.17,2159.7233333333334,1384.0019442303299,38,1,3.0,1.0,16.0,3.0,1.0,0.3333333333333333,3.0,1.0,10.0,3.0,1.0,0.3333333333333333,0.3333333333333333,2159.7233333333334,3093.77,0.4774948025750212,123.58833333333334,2.0,0.3333333333333333,3.0,0.3333333333333333,44.0,2.0,46.0,9,9.0,3,3,3,3,3,155,160,119,0.3255,0.0,0.3993,0.1775,T2,False,none
ec5f785b-6319-4d72-8457-37b5fd0cb204,1.0,0.1111111111111111,1.0,3490.89,3490.89,0.0,68,1,1.0,1.0,7.0,1.0,1.0,1.0,1.0,1.0,7.0,1.0,1.0,1.0,0.1111111111111111,3490.89,3490.89,1.0,0.0,6.0,0.0,1.0,1.0,44.0,3.0,11.0,3,3.0,1,1,1,1,1,55,55,136,0.2576,0.0,0.4342,0.2507,T2,False,none
60f6f10e-e659-49b3-90d2-777b5fe761bb,1.0,0.1111111111111111,1.0,3730.83,3730.83,0.0,75,1,1.0,1.0,16.0,1.0,1.0,1.0,1.0,1.0,7.0,1.0,1.0,1.0,0.1111111111111111,3730.83,3730.83,1.0,0.0,0.0,0.0,1.0,1.0,28.0,3.0,77.0,3,3.0,1,1,1,1,1,48,48,124,0.2408,0.0806,0.3579,0.2431,T2,False,none
62494bb7-b5bd-4df2-ab15-16dcb49c6968,3.0,0.3333333333333333,2.0,3716.67,1238.89,1196.7865324693457,68,1,3.0,1.0,14.0,3.0,1.0,0.3333333333333333,3.0,1.0,12.0,3.0,1.0,0.3333333333333333,0.3333333333333333,1238.89,2411.32,0.6487850683541988,18.18861111111111,4.0,0.0,3.0,0.3333333333333333,38.0,0.0,44.0,9,9.0,3,3,3,3,3,130,135,160,0.1969,0.0,0.388,0.2723,T2,False,none
5f2e4ac0-0e57-4561-8c11-71e94c27c7e5,1.0,0.1111111111111111,1.0,1504.73,1504.73,0.0,73,1,1.0,1.0,22.0,1.0,1.0,1.0,1.0,1.0,12.0,1.0,1.0,1.0,0.1111111111111111,1504.73,1504.73,1.0,0.0,0.0,1.0,1.0,1.0,33.0,1.0,15.0,3,3.0,1,1,1,1,1,64,64,157,0.2333,0.0,0.3976,0.2695,T2,False,none
852307c8-0bbc-4f4a-b16f-8e6a72b5fc9e,1.0,0.1111111111111111,1.0,405.19,405.19,0.0,31,1,1.0,1.0,11.0,1.0,1.0,1.0,1.0,1.0,6.0,1.0,1.0,1.0,0.1111111111111111,405.19,405.19,1.0,0.0,18.0,0.0,1.0,1.0,28.0,0.0,50.0,3,3.0,1,1,1,1,1,42,42,112,0.2905,0.0,0.3574,0.1777,T2,False,none
c5cb552b-fac2-4aa0-9914-92b93ca0a3ab,5.0,0.5555555555555556,2.0,10786.24,2157.248,1518.68060647063,61,1,5.0,1.0,14.0,5.0,1.0,0.2,5.0,1.0,13.0,5.0,1.0,0.2,0.5555555555555556,2157.248,4024.82,0.3731439315275759,109.31805555555556,1.0,0.2,5.0,0.2,44.0,1.0,66.4,15,15.0,5,5,5,5,5,251,272,157,0.2333,0.0,0.3976,0.2695,T2,False,none
53cd79fb-17f9-4bac-8202-4b58cef3b563,2.0,0.2222222222222222,2.0,3143.68,1571.84,2187.7459545843067,84,0,2.0,1.0,13.0,2.0,1.0,0.5,2.0,1.0,10.0,2.0,1.0,0.5,0.2222222222222222,1571.84,3118.81,0.9920888894543974,179.3438888888889,2.0,0.0,2.0,0.5,33.0,0.0,59.5,6,6.0,2,2,2,2,2,91,96,211,0.1668,0.0,0.5966,0.3124,T2,False,none
a622cdcf-4c94-4141-8888-e593da538d91,3.0,0.3333333333333333,2.0,5921.45,1973.8166666666666,874.5554374842875,58,0,3.0,1.0,15.0,3.0,1.0,0.3333333333333333,3.0,1.0,8.0,3.0,1.0,0.3333333333333333,0.3333333333333333,1973.8166666666666,2982.57,0.5036891301961514,73.39222222222222,2.0,0.0,3.0,0.3333333333333333,47.0,0.0,84.0,9,9.0,3,3,3,3,3,157,161,80,0.4937,0.0,0.285,0.1235,T2,False,none
12163b6c-820c-4d16-8b15-c6c669448691,2.0,0.2222222222222222,2.0,4397.64,2198.82,1204.810960192511,51,1,2.0,1.0,27.0,2.0,1.0,0.5,2.0,1.0,7.0,2.0,1.0,0.5,0.2222222222222222,2198.82,3050.75,0.6937243612483058,52.02916666666667,0.0,0.0,2.0,0.5,38.0,0.0,77.5,6,6.0,2,2,2,2,2,116,120,210,0.1869,0.0,0.5526,0.3216,T2,False,none
65cc6726-eb79-451b-8ec5-0ae688943e2e,2.0,0.2222222222222222,2.0,3651.48,1825.74,1994.1118336241827,42,1,2.0,1.0,18.0,2.0,1.0,0.5,2.0,1.0,9.0,2.0,1.0,0.5,0.2222222222222222,1825.74,3235.79,0.8861584891605595,73.54222222222222,13.0,0.0,2.0,0.5,37.0,2.0,43.5,6,6.0,2,2,2,2,2,107,109,211,0.1668,0.0,0.5966,0.3124,T2,False,none
77c731dc-e100-4ad5-bf2d-3aeb6e38da9b,1.0,0.1111111111111111,1.0,3215.49,3215.49,0.0,36,0,1.0,1.0,12.0,1.0,1.0,1.0,1.0,1.0,7.0,1.0,1.0,1.0,0.1111111111111111,3215.49,3215.49,1.0,0.0,21.0,0.0,1.0,1.0,42.0,0.0,22.0,3,3.0,1,1,1,1,1,58,58,157,0.2333,0.0,0.3976,0.2695,T2,False,none
63d5f81f-ddfa-4d71-aeb6-c3abcbb2688b,2.0,0.2222222222222222,1.0,7489.139999999999,3744.5699999999997,116.8281823876414,49,1,2.0,1.0,16.0,2.0,1.0,0.5,2.0,1.0,9.0,2.0,1.0,0.5,0.2222222222222222,3744.5699999999997,3827.18,0.511030639031985,6.6425,6.0,0.0,2.0,0.5,38.0,1.0,64.5,6,6.0,2,2,2,2,2,96,98,136,0.2576,0.0,0.4342,0.2507,T2,False,none
00d5c144-bc83-4237-9039-56f2867de75a,8.0,0.8888888888888888,7.0,22307.14,2788.3925,1508.0765727693386,26,0,8.0,1.0,23.0,8.0,1.0,0.125,8.0,1.0,12.0,8.0,1.0,0.125,0.8888888888888888,2788.3925,4948.53,0.22183614752944572,217.34527777777777,10.0,0.0,8.0,0.125,43.0,0.0,51.875,24,24.0,8,8,8,8,8,383,417,160,0.1969,0.0,0.388,0.2723,T2,False,none
fc72b9e0-b1f7-41c7-bfd7-a72230340fd9,5.0,0.5555555555555556,5.0,6546.39,1309.278,1815.2801591682753,84,0,5.0,1.0,17.0,5.0,1.0,0.2,5.0,1.0,10.0,5.0,1.0,0.2,0.5555555555555556,1309.278,4494.57,0.6865722940429763,193.43,5.0,0.0,5.0,0.2,47.0,0.0,70.8,15,15.0,5,5,5,5,5,262,282,80,0.4937,0.0,0.285,0.1235,T2,False,none
8067e94f-2548-4799-a6e7-a9a6ed1a0283,2.0,0.2222222222222222,2.0,9469.84,4734.92,115.371542418397,10,1,2.0,1.0,17.0,2.0,1.0,0.5,2.0,1.0,13.0,2.0,1.0,0.5,0.2222222222222222,4734.92,4816.5,0.508614717883301,83.85027777777778,8.0,0.5,1.0,1.0,31.0,3.0,68.0,5,6.0,2,2,1,2,2,77,79,160,0.1969,0.0,0.388,0.2723,T2,False,none
f33e5c5a-ae7f-4b43-9b96-8822b246cb8e,5.0,0.5555555555555556,5.0,7629.38,1525.876,1612.8316451911526,37,1,5.0,1.0,19.0,5.0,1.0,0.2,5.0,1.0,12.0,5.0,1.0,0.2,0.5555555555555556,1525.876,3930.54,0.5151847201214254,193.0575,2.0,0.2,5.0,0.2,43.0,0.0,34.2,15,15.0,5,5,5,5,5,238,259,80,0.3873,0.0,0.2639,0.1532,T2,False,none
aef9c195-1f38-484b-a0b3-831a94c50bd1,4.0,0.4444444444444444,3.0,9936.27,2484.0675,2035.2864693923718,16,0,4.0,1.0,24.0,4.0,1.0,0.25,4.0,1.0,8.0,4.0,1.0,0.25,0.4444444444444444,2484.0675,4992.78,0.5024803069964886,181.25916666666666,2.0,0.0,4.0,0.25,41.0,3.0,38.25,12,12.0,4,4,4,4,4,195,202,124,0.2408,0.0806,0.3579,0.2431,T2,False,none
8ebf6194-03b0-4c53-9caa-a876a19494f4,3.0,0.3333333333333333,3.0,9698.130000000001,3232.7100000000005,262.95345766884293,42,0,3.0,1.0,16.0,3.0,1.0,0.3333333333333333,3.0,1.0,12.0,3.0,1.0,0.3333333333333333,0.3333333333333333,3232.7100000000005,3475.04,0.35832062469775094,57.86083333333333,5.0,0.3333333333333333,3.0,0.3333333333333333,30.0,0.0,43.333333333333336,9,9.0,3,3,3,3,3,138,145,112,0.2905,0.0,0.3574,0.1777,T2,False,none
8ade78fc-ddf7-4b18-ab22-b7c35fb63868,1.0,0.1111111111111111,1.0,370.07,370.07,0.0,72,0,1.0,1.0,16.0,1.0,1.0,1.0,1.0,1.0,10.0,1.0,1.0,1.0,0.1111111111111111,370.07,370.07,1.0,0.0,22.0,0.0,1.0,1.0,42.0,1.0,97.0,3,3.0,1,1,1,1,1,63,65,157,0.2333,0.0,0.3976,0.2695,T2,False,none
aee8a0c9-d551-4a5d-84e1-a6cd926498e7,5.0,0.5555555555555556,4.0,14014.77,2802.954,1620.2495240641178,18,1,5.0,1.0,21.0,5.0,1.0,0.2,5.0,1.0,10.0,5.0,1.0,0.2,0.5555555555555556,2802.954,4427.38,0.3159081454779493,65.16416666666667,1.0,0.4,5.0,0.2,43.0,3.0,76.6,15,15.0,5,5,5,5,5,242,259,80,0.4259,0.0,0.2617,0.1285,T2,False,none
44c04e89-aad6-472b-97ef-a16803941756,2.0,0.2222222222222222,2.0,3276.01,1638.005,1637.0016959215404,84,0,2.0,1.0,22.0,2.0,1.0,0.5,2.0,1.0,5.0,2.0,1.0,0.5,0.2222222222222222,1638.005,2795.54,0.8533368335261491,59.165,2.0,0.5,2.0,0.5,37.0,0.0,93.5,6,6.0,2,2,2,2,2,108,111,80,0.4937,0.0,0.285,0.1235,T2,False,none
70d17398-d550-4e1d-a3c2-d130119b1ceb,2.0,0.2222222222222222,2.0,5409.82,2704.91,705.3814406404525,26,0,2.0,1.0,25.0,2.0,1.0,0.5,2.0,1.0,9.0,2.0,1.0,0.5,0.2222222222222222,2704.91,3203.69,0.5921990010758215,9.295555555555556,7.0,1.0,2.0,0.5,40.0,0.0,38.5,6,6.0,2,2,2,2,2,114,117,124,0.2408,0.0806,0.3579,0.2431,T2,False,none
776bb460-df36-4300-9ed4-09072876c08c,5.0,0.5555555555555556,3.0,14234.51,2846.902,1509.5498918783705,65,1,5.0,1.0,16.0,5.0,1.0,0.2,5.0,1.0,10.0,5.0,1.0,0.2,0.5555555555555556,2846.902,4886.23,0.34326647000845123,96.37805555555556,1.0,0.6,5.0,0.2,38.0,2.0,28.4,15,15.0,5,5,5,5,5,235,254,211,0.1668,0.0,0.5966,0.3124,T2,False,none
f0013ee7-0f23-45d0-bf10-48556d683e14,4.0,0.4444444444444444,4.0,12949.08,3237.27,640.7414064971922,27,0,4.0,1.0,22.0,4.0,1.0,0.25,4.0,1.0,10.0,4.0,1.0,0.25,0.4444444444444444,3237.27,3925.98,0.30318601784837224,143.54333333333332,5.0,0.25,4.0,0.25,44.0,1.0,30.0,12,12.0,4,4,4,4,4,226,240,210,0.1869,0.0,0.5526,0.3216,T2,False,none
5acde4d4-6f72-47fd-a54a-62c9818025a1,3.0,0.3333333333333333,3.0,6237.18,2079.06,1817.4370794335632,74,0,3.0,1.0,12.0,3.0,1.0,0.3333333333333333,3.0,1.0,10.0,3.0,1.0,0.3333333333333333,0.3333333333333333,2079.06,3696.87,0.5927149769607418,74.41638888888889,0.0,0.3333333333333333,3.0,0.3333333333333333,31.0,0.0,56.0,9,9.0,3,3,3,3,3,130,135,210,0.1869,0.0,0.5526,0.3216,T2,False,none
c57a1584-dc06-4039-958f-36efdd9c15af,3.0,0.3333333333333333,3.0,6373.41,2124.47,1754.1239592457541,91,0,3.0,1.0,20.0,3.0,1.0,0.3333333333333333,3.0,1.0,8.0,3.0,1.0,0.3333333333333333,0.3333333333333333,2124.47,4098.37,0.6430419508551937,113.01444444444445,3.0,0.0,3.0,0.3333333333333333,36.0,0.0,68.0,9,9.0,3,3,3,3,3,152,160,112,0.2905,0.0,0.3574,0.1777,T2,False,none
23c6842d-744f-4f04-be11-8c64a8df1a48,4.0,0.4444444444444444,4.0,6645.709999999999,1661.4274999999998,1571.661934034055,20,0,4.0,1.0,13.0,4.0,1.0,0.25,4.0,1.0,10.0,4.0,1.0,0.25,0.4444444444444444,1661.4274999999998,3333.49,0.5016002804816942,183.59027777777777,1.0,0.25,4.0,0.25,44.0,0.0,51.25,12,12.0,4,4,4,4,4,205,219,119,0.3255,0.0,0.3993,0.1775,T2,False,none
c80819c6-f433-4478-9fcc-1455d31bcef5,3.0,0.3333333333333333,2.0,8618.56,2872.853333333333,1238.7998654477376,16,0,3.0,1.0,21.0,3.0,1.0,0.3333333333333333,3.0,1.0,16.0,3.0,1.0,0.3333333333333333,0.3333333333333333,2872.853333333333,4091.93,0.474781169940222,51.18055555555556,9.0,0.0,3.0,0.3333333333333333,44.0,3.0,85.33333333333333,9,9.0,3,3,3,3,3,176,185,136,0.2576,0.0,0.4342,0.2507,T2,False,none
9fc562dd-2fa8-44e6-a3fb-98e4889217dd,6.0,0.6666666666666666,3.0,14226.64,2371.1066666666666,1755.8368822606121,82,1,6.0,1.0,19.0,6.0,1.0,0.16666666666666666,6.0,1.0,16.0,6.0,1.0,0.16666666666666666,0.6666666666666666,2371.1066666666666,4660.66,0.3276008952219217,104.08194444444445,5.0,0.3333333333333333,6.0,0.16666666666666666,44.0,0.0,53.666666666666664,18,18.0,6,6,6,6,6,302,327,119,0.3255,0.0,0.3993,0.1775,T2,False,none
b97900f4-aa3b-4d91-827c-b0aa115cd06b,3.0,0.3333333333333333,3.0,6137.46,2045.82,848.7647446141951,74,0,3.0,1.0,17.0,3.0,1.0,0.3333333333333333,3.0,1.0,10.0,3.0,1.0,0.3333333333333333,0.3333333333333333,2045.82,2958.45,0.4820316547887888,185.43444444444444,14.0,0.0,3.0,0.3333333333333333,32.0,3.0,28.666666666666668,9,9.0,3,3,3,3,3,127,132,160,0.1969,0.0,0.388,0.2723,T2,False,none
012303cb-a045-4644-9a9c-11599315f0d8,5.0,0.5555555555555556,4.0,16899.84,3379.968,1085.0065736068145,39,0,5.0,1.0,19.0,5.0,1.0,0.2,5.0,1.0,13.0,5.0,1.0,0.2,0.5555555555555556,3379.968,4388.18,0.25965807960312054,134.8961111111111,1.0,0.4,5.0,0.2,34.0,0.0,38.6,15,15.0,5,5,5,5,5,226,239,210,0.1869,0.0,0.5526,0.3216,T2,False,none
1b2dee74-0bba-449f-84a2-421a2103c1b4,9.0,1.0,6.0,16569.36,1841.04,1048.1740566217998,91,1,8.0,1.125,19.0,8.0,1.0,0.2222222222222222,9.0,1.0,12.0,9.0,1.0,0.1111111111111111,1.0,1841.04,3595.58,0.21700174297619218,218.79694444444445,5.0,0.1111111111111111,8.0,0.2222222222222222,46.0,1.0,48.0,25,27.0,8,9,8,8,9,395,444,83,0.4146,0.0,0.3286,0.1462,T2,False,none
2fab8985-d91e-4998-834d-4e1dc07267b8,6.0,0.6666666666666666,5.0,12502.02,2083.67,1393.0549886059773,92,1,6.0,1.0,19.0,6.0,1.0,0.16666666666666666,6.0,1.0,13.0,6.0,1.0,0.16666666666666666,0.6666666666666666,2083.67,4436.88,0.35489304928323584,195.69444444444446,1.0,0.16666666666666666,6.0,0.16666666666666666,43.0,0.0,27.833333333333332,18,18.0,6,6,6,6,6,311,346,160,0.1969,0.0,0.388,0.2723,T2,False,none
a06952a4-2ac5-4e62-a71c-aef97f8f3568,4.0,0.4444444444444444,4.0,10203.14,2550.785,1309.9639323406327,73,0,4.0,1.0,14.0,4.0,1.0,0.25,4.0,1.0,15.0,4.0,1.0,0.25,0.4444444444444444,2550.785,4459.02,0.4370242886013522,176.80444444444444,14.0,0.0,4.0,0.25,41.0,0.0,52.75,12,12.0,4,4,4,4,4,206,214,210,0.1869,0.0,0.5526,0.3216,T2,False,none
d459aca8-f36f-48b6-a2f6-3708c1f0ac20,5.0,0.5555555555555556,4.0,7979.19,1595.838,1018.7560884088005,24,1,5.0,1.0,16.0,5.0,1.0,0.2,5.0,1.0,11.0,5.0,1.0,0.2,0.5555555555555556,1595.838,3122.93,0.39138433851055054,175.67416666666668,0.0,0.4,5.0,0.2,41.0,0.0,74.6,15,15.0,5,5,5,5,5,241,258,211,0.1668,0.0,0.5966,0.3124,T2,False,none
710a376a-ba83-44fc-8063-69a2a7f8f9b8,4.0,0.4444444444444444,4.0,8226.92,2056.73,1565.4688746825982,37,1,4.0,1.0,20.0,4.0,1.0,0.25,4.0,1.0,6.0,4.0,1.0,0.25,0.4444444444444444,2056.73,4011.05,0.48755184200162394,79.56111111111112,10.0,0.25,4.0,0.25,39.0,0.0,63.75,12,12.0,4,4,4,4,4,207,218,112,0.2905,0.0,0.3574,0.1777,T2,False,none
5c9e9fff-500b-4cd7-a79b-c8a6544bb0dc,7.0,0.7777777777777778,4.0,14987.02,2141.002857142857,1831.9333490306014,41,1,7.0,1.0,24.0,7.0,1.0,0.14285714285714285,7.0,1.0,15.0,7.0,1.0,0.14285714285714285,0.7777777777777778,2141.002857142857,4350.98,0.29031655392466277,114.41222222222223,6.0,0.2857142857142857,7.0,0.14285714285714285,46.0,1.0,70.57142857142857,21,21.0,7,7,7,7,7,349,389,119,0.2253,0.0,0.3893,0.1815,T2,False,none
81b0b16c-50cc-46ad-8042-1cd764ebf190,1.0,0.1111111111111111,1.0,1970.27,1970.27,0.0,66,1,1.0,1.0,15.0,1.0,1.0,1.0,1.0,1.0,10.0,1.0,1.0,1.0,0.1111111111111111,1970.27,1970.27,1.0,0.0,19.0,0.0,1.0,1.0,42.0,0.0,66.0,3,3.0,1,1,1,1,1,64,64,119,0.3255,0.0,0.3993,0.1775,T2,False,none
4146e63b-b809-4246-bcd2-95f6d4833a26,4.0,0.4444444444444444,2.0,11847.21,2961.8025,1611.0800978303344,53,0,4.0,1.0,15.0,4.0,1.0,0.25,4.0,1.0,12.0,4.0,1.0,0.25,0.4444444444444444,2961.8025,4185.32,0.35327473725881453,112.6661111111111,3.0,0.75,4.0,0.25,46.0,0.0,62.5,12,12.0,4,4,4,4,4,203,213,119,0.2253,0.0,0.3893,0.1815,T2,False,none
b01c18e0-15d3-4cd5-821b-eae45c03cb91,4.0,0.4444444444444444,4.0,7784.25,1946.0625,1668.5762025226775,23,1,4.0,1.0,23.0,4.0,1.0,0.25,4.0,1.0,10.0,4.0,1.0,0.25,0.4444444444444444,1946.0625,4434.73,0.5697054950701737,137.89333333333335,3.0,0.25,4.0,0.25,44.0,1.0,40.5,12,12.0,4,4,4,4,4,212,220,119,0.3255,0.0,0.3993,0.1775,T2,False,none
7848541e-f6e8-417e-8da1-e1a2b845ae9b,4.0,0.4444444444444444,3.0,9911.98,2477.995,1211.4884992575592,84,1,4.0,1.0,17.0,4.0,1.0,0.25,4.0,1.0,8.0,4.0,1.0,0.25,0.4444444444444444,2477.995,4205.31,0.42426538390916857,142.98055555555555,4.0,0.5,4.0,0.25,41.0,3.0,52.75,12,12.0,4,4,4,4,4,200,215,119,0.2635,0.0,0.3946,0.1939,T2,False,none
bc003a12-020a-433b-b806-af8d2d632112,4.0,0.4444444444444444,4.0,11360.16,2840.04,763.5551347479761,78,1,4.0,1.0,16.0,4.0,1.0,0.25,4.0,1.0,11.0,4.0,1.0,0.25,0.4444444444444444,2840.04,3967.1,0.3492116308221011,150.83388888888888,19.0,0.25,4.0,0.25,39.0,1.0,53.0,12,12.0,4,4,4,4,4,200,214,112,0.2905,0.0,0.3574,0.1777,T2,False,none
d149e82b-bc93-4d36-9464-022fc435ff41,3.0,0.3333333333333333,2.0,9158.85,3052.9500000000003,1976.445124484867,30,1,3.0,1.0,25.0,3.0,1.0,0.3333333333333333,3.0,1.0,12.0,3.0,1.0,0.3333333333333333,0.3333333333333333,3052.9500000000003,4723.26,0.515704482549665,137.58555555555554,3.0,0.3333333333333333,3.0,0.3333333333333333,36.0,0.0,56.666666666666664,9,9.0,3,3,3,3,3,159,165,124,0.2408,0.0806,0.3579,0.2431,T2,False,none
d8c793ff-48b3-4b0f-99b9-1bb865ec430f,2.0,0.2222222222222222,2.0,2436.25,1218.125,775.7456364363259,18,0,2.0,1.0,17.0,2.0,1.0,0.5,2.0,1.0,7.0,2.0,1.0,0.5,0.2222222222222222,1218.125,1766.66,0.7251554643406876,163.97666666666666,1.0,0.0,2.0,0.5,43.0,0.0,34.5,6,6.0,2,2,2,2,2,105,110,136,0.2576,0.0,0.4342,0.2507,T2,False,none
8bb43ab3-8454-4edd-86ad-7cd73e1bb77c,4.0,0.4444444444444444,4.0,14658.98,3664.745,600.5943600856292,36,1,4.0,1.0,23.0,4.0,1.0,0.25,4.0,1.0,9.0,4.0,1.0,0.25,0.4444444444444444,3664.745,4391.16,0.29955426639506977,171.1677777777778,4.0,0.25,4.0,0.25,36.0,3.0,65.5,12,12.0,4,4,4,4,4,213,223,80,0.3873,0.0,0.2639,0.1532,T2,False,none
5086c006-f397-42ef-ac90-f8be74949379,1.0,0.1111111111111111,1.0,2125.59,2125.59,0.0,12,0,1.0,1.0,15.0,1.0,1.0,1.0,1.0,1.0,5.0,1.0,1.0,1.0,0.1111111111111111,2125.59,2125.59,1.0,0.0,9.0,0.0,1.0,1.0,39.0,1.0,61.0,3,3.0,1,1,1,1,1,56,56,119,0.2253,0.0,0.3893,0.1815,T2,False,none
67bf410a-8272-4cf8-946d-364e3dd90288,4.0,0.4444444444444444,3.0,11468.66,2867.165,814.8279832169078,19,0,4.0,1.0,19.0,4.0,1.0,0.25,4.0,1.0,6.0,4.0,1.0,0.25,0.4444444444444444,2867.165,3924.25,0.3421716224912065,156.00555555555556,19.0,0.0,4.0,0.25,41.0,1.0,42.0,12,12.0,4,4,4,4,4,195,208,69,0.4288,0.0,0.2614,0.1292,T2,False,none
d3b65503-5e7b-454c-b054-53bef1f48180,2.0,0.2222222222222222,2.0,7682.48,3841.24,14.566399692442976,11,1,2.0,1.0,27.0,2.0,1.0,0.5,2.0,1.0,9.0,2.0,1.0,0.5,0.2222222222222222,3841.24,3851.54,0.5013407128947944,68.88861111111112,18.0,0.0,2.0,0.5,33.0,0.0,79.0,6,6.0,2,2,2,2,2,107,113,80,0.4259,0.0,0.2617,0.1285,T2,False,none
c58018f1-3114-4730-aa23-7b9ecd493dab,1.0,0.1111111111111111,1.0,3122.12,3122.12,0.0,29,1,1.0,1.0,14.0,1.0,1.0,1.0,1.0,1.0,8.0,1.0,1.0,1.0,0.1111111111111111,3122.12,3122.12,1.0,0.0,9.0,0.0,1.0,1.0,25.0,0.0,68.0,3,3.0,1,1,1,1,1,44,44,80,0.3873,0.0,0.2639,0.1532,T2,False,none
854d31dd-796d-41f7-a539-7f62e043fd75,1.0,0.1111111111111111,1.0,2876.77,2876.77,0.0,29,0,1.0,1.0,15.0,1.0,1.0,1.0,1.0,1.0,7.0,1.0,1.0,1.0,0.1111111111111111,2876.77,2876.77,1.0,0.0,2.0,0.0,1.0,1.0,30.0,1.0,47.0,3,3.0,1,1,1,1,1,49,49,160,0.1969,0.0,0.388,0.2723,T2,False,none
d1768d74-d94d-4136-b825-32b8d3e50b2e,1.0,0.1111111111111111,1.0,1442.62,1442.62,0.0,23,0,1.0,1.0,18.0,1.0,1.0,1.0,1.0,1.0,6.0,1.0,1.0,1.0,0.1111111111111111,1442.62,1442.62,1.0,0.0,10.0,0.0,1.0,1.0,30.0,2.0,45.0,3,3.0,1,1,1,1,1,51,51,157,0.2333,0.0,0.3976,0.2695,T2,False,none
118f160b-f46c-463d-960c-1c5e079fd609,6.0,0.6666666666666666,4.0,16844.79,2807.465,1481.9234901539285,83,1,6.0,1.0,20.0,6.0,1.0,0.16666666666666666,6.0,1.0,13.0,6.0,1.0,0.16666666666666666,0.6666666666666666,2807.465,4935.76,0.2930140417304104,108.94055555555556,21.0,0.16666666666666666,6.0,0.16666666666666666,46.0,1.0,64.16666666666667,18,18.0,6,6,6,6,6,311,336,83,0.4146,0.0,0.3286,0.1462,T2,False,none
2ed7513b-ba2c-48b6-ba27-c2e6c0f408e1,4.0,0.4444444444444444,4.0,12795.04,3198.76,1386.137173827564,25,1,4.0,1.0,18.0,4.0,1.0,0.25,4.0,1.0,9.0,4.0,1.0,0.25,0.4444444444444444,3198.76,4510.45,0.3525155060085783,204.55916666666667,10.0,0.25,4.0,0.25,47.0,3.0,52.25,12,12.0,4,4,4,4,4,215,231,80,0.4937,0.0,0.285,0.1235,T2,False,none
5a7e536a-bc7a-47c6-b5e4-08f840bf2d57,2.0,0.2222222222222222,2.0,2724.33,1362.165,1108.1282500008745,14,0,2.0,1.0,15.0,2.0,1.0,0.5,2.0,1.0,10.0,2.0,1.0,0.5,0.2222222222222222,1362.165,2145.73,0.7876175059555928,113.25361111111111,8.0,0.5,2.0,0.5,34.0,0.0,58.5,6,6.0,2,2,2,2,2,97,98,160,0.1969,0.0,0.388,0.2723,T2,False,none
08cadd0d-c3d3-4bf6-bfb0-37f1b5eeac8c,1.0,0.1111111111111111,1.0,3919.9,3919.9,0.0,85,1,1.0,1.0,11.0,1.0,1.0,1.0,1.0,1.0,8.0,1.0,1.0,1.0,0.1111111111111111,3919.9,3919.9,1.0,0.0,4.0,0.0,1.0,1.0,39.0,3.0,36.0,3,3.0,1,1,1,1,1,55,55,119,0.2635,0.0,0.3946,0.1939,T2,False,none
6648f353-d074-4e7f-890e-8b0a5d10fb62,4.0,0.4444444444444444,3.0,11184.42,2796.105,1427.5902128295313,67,0,4.0,1.0,15.0,4.0,1.0,0.25,4.0,1.0,10.0,4.0,1.0,0.25,0.4444444444444444,2796.105,4488.91,0.40135384758440756,194.70472222222222,0.0,0.0,4.0,0.25,43.0,3.0,59.5,12,12.0,4,4,4,4,4,210,220,136,0.2576,0.0,0.4342,0.2507,T2,False,none
32ef972d-e303-4e4d-9040-a604bd0f6012,3.0,0.3333333333333333,2.0,9218.49,3072.83,757.3354254886005,46,1,3.0,1.0,16.0,3.0,1.0,0.3333333333333333,3.0,1.0,10.0,3.0,1.0,0.3333333333333333,0.3333333333333333,3072.83,3946.24,0.42807878513726216,35.79361111111111,14.0,0.0,3.0,0.3333333333333333,42.0,3.0,50.333333333333336,9,9.0,3,3,3,3,3,158,168,119,0.2635,0.0,0.3946,0.1939,T2,False,none
479fa723-6d48-4917-b14b-edc8a48f04f7,7.0,0.7777777777777778,5.0,15709.710000000001,2244.244285714286,1467.572955004931,80,1,7.0,1.0,19.0,7.0,1.0,0.14285714285714285,7.0,1.0,10.0,7.0,1.0,0.14285714285714285,0.7777777777777778,2244.244285714286,4719.81,0.3004390278369238,131.07805555555555,3.0,0.0,7.0,0.14285714285714285,42.0,1.0,56.142857142857146,21,21.0,7,7,7,7,7,327,357,119,0.3255,0.0,0.3993,0.1775,T2,False,none
ee43b8ac-0a1a-420d-b4f4-0b88b20fce5e,2.0,0.2222222222222222,2.0,5352.46,2676.23,2425.9843713016785,57,0,2.0,1.0,14.0,2.0,1.0,0.5,2.0,1.0,8.0,2.0,1.0,0.5,0.2222222222222222,2676.23,4391.66,0.8204937542737358,48.297222222222224,8.0,0.0,2.0,0.5,39.0,3.0,64.0,6,6.0,2,2,2,2,2,102,106,80,0.4937,0.0,0.285,0.1235,T2,False,none
a4b60af3-9c4c-48ab-b2fa-464bc4d42f73,7.0,0.7777777777777778,4.0,8979.77,1282.8242857142857,740.8628705065723,14,0,7.0,1.0,19.0,7.0,1.0,0.14285714285714285,7.0,1.0,12.0,7.0,1.0,0.14285714285714285,0.7777777777777778,1282.8242857142857,2354.02,0.2621470260374152,198.51472222222222,3.0,0.0,7.0,0.14285714285714285,43.0,1.0,42.42857142857143,21,21.0,7,7,7,7,7,347,396,119,0.2635,0.0,0.3946,0.1939,T2,False,none
fc5bd5fd-a8a8-4c2d-a3ea-76fdba00bd51,2.0,0.2222222222222222,2.0,5152.87,2576.435,3126.041297879796,62,1,2.0,1.0,22.0,2.0,1.0,0.5,2.0,1.0,9.0,2.0,1.0,0.5,0.2222222222222222,2576.435,4786.88,0.9289735623060548,25.645555555555557,22.0,0.5,2.0,0.5,46.0,2.0,51.5,6,6.0,2,2,2,2,2,124,128,75,0.4631,0.0,0.2745,0.1623,T2,False,none
ffbbaff9-2843-4cac-99ee-52c2d5f95a73,3.0,0.3333333333333333,3.0,3007.34,1002.4466666666667,606.7160565975927,18,0,3.0,1.0,12.0,3.0,1.0,0.3333333333333333,3.0,1.0,7.0,3.0,1.0,0.3333333333333333,0.3333333333333333,1002.4466666666667,1645.78,0.547254384273145,133.79833333333335,5.0,0.0,3.0,0.3333333333333333,44.0,2.0,62.333333333333336,9,9.0,3,3,3,3,3,147,149,119,0.3255,0.0,0.3993,0.1775,T2,False,none
ae17f419-6a97-4d12-9b95-2381b37f4f0c,0.0,0.0,0.0,0.0,0.0,0.0,82,1,0.0,0.0,0.0,0.0,0.0,0.0,0.0,0.0,0.0,0.0,0.0,0.0,0.0,0.0,0.0,0.0,0.0,0.0,0.0,0.0,0.0,0.0,0.0,0.0,0,0.0,0,0,0,0,0,0,0,1,0.0,0.0,0.0,0.0,T2,False,none
58930d5b-e7d7-49aa-b476-a93d2203ba65,3.0,0.3333333333333333,3.0,10864.279999999999,3621.4266666666663,2136.74948260982,38,1,3.0,1.0,17.0,3.0,1.0,0.3333333333333333,3.0,1.0,9.0,3.0,1.0,0.3333333333333333,0.3333333333333333,3621.4266666666663,4904.87,0.4514675615871462,204.9636111111111,1.0,0.3333333333333333,3.0,0.3333333333333333,38.0,1.0,66.33333333333333,9,9.0,3,3,3,3,3,154,160,211,0.1668,0.0,0.5966,0.3124,T2,False,none
339a3eb5-380a-4fcd-b98e-1fa16d7445b0,4.0,0.4444444444444444,3.0,10143.32,2535.83,1926.0224697720082,88,0,4.0,1.0,19.0,4.0,1.0,0.25,4.0,1.0,11.0,4.0,1.0,0.25,0.4444444444444444,2535.83,4614.73,0.45495261906358075,126.06,23.0,0.5,4.0,0.25,42.0,0.0,43.25,12,12.0,4,4,4,4,4,216,229,119,0.3255,0.0,0.3993,0.1775,T2,False,none
58abc8f5-1d4a-4658-a3d9-ea1e54848ea6,3.0,0.3333333333333333,2.0,8121.660000000001,2707.2200000000003,1673.493532195449,25,1,3.0,1.0,13.0,3.0,1.0,0.3333333333333333,3.0,1.0,7.0,3.0,1.0,0.3333333333333333,0.3333333333333333,2707.2200000000003,4544.68,0.5595752592450312,173.1063888888889,13.0,0.0,3.0,0.3333333333333333,40.0,2.0,49.333333333333336,9,9.0,3,3,3,3,3,134,138,136,0.2576,0.0,0.4342,0.2507,T2,False,none
0458a376-b77a-4596-bc9e-0116668f320f,1.0,0.1111111111111111,1.0,2750.27,2750.27,0.0,42,1,1.0,1.0,16.0,1.0,1.0,1.0,1.0,1.0,10.0,1.0,1.0,1.0,0.1111111111111111,2750.27,2750.27,1.0,0.0,14.0,0.0,1.0,1.0,31.0,1.0,23.0,3,3.0,1,1,1,1,1,53,54,119,0.2253,0.0,0.3893,0.1815,T2,False,none
7ff9a751-855b-4e72-9ba9-1cbd52c05362,2.0,0.2222222222222222,2.0,4545.47,2272.735,1154.9952874579185,93,0,2.0,1.0,12.0,2.0,1.0,0.5,2.0,1.0,6.0,2.0,1.0,0.5,0.2222222222222222,2272.735,3089.44,0.679674489106737,93.85333333333334,0.0,0.0,2.0,0.5,44.0,2.0,48.5,6,6.0,2,2,2,2,2,97,98,136,0.2576,0.0,0.4342,0.2507,T2,False,none
ac4b6caf-4312-4984-aa31-33b95023a19f,5.0,0.5555555555555556,5.0,6913.91,1382.782,147.11828020337927,26,0,5.0,1.0,20.0,5.0,1.0,0.2,5.0,1.0,10.0,5.0,1.0,0.2,0.5555555555555556,1382.782,1491.73,0.21575779840929374,182.10111111111112,7.0,0.4,5.0,0.2,42.0,1.0,45.0,15,15.0,5,5,5,5,5,242,267,69,0.4288,0.0,0.2614,0.1292,T2,False,none
f4366ee3-6909-421a-9603-8ced75e63262,4.0,0.4444444444444444,3.0,11898.79,2974.6975,1257.7623297845266,98,0,4.0,1.0,18.0,4.0,1.0,0.25,4.0,1.0,11.0,4.0,1.0,0.25,0.4444444444444444,2974.6975,4303.81,0.36170148393239987,96.85388888888889,9.0,0.25,4.0,0.25,46.0,3.0,69.25,12,12.0,4,4,4,4,4,192,208,80,0.4259,0.0,0.2617,0.1285,T2,False,none
0ce37671-56f0-4511-8bb0-6ed5d94c37ff,4.0,0.4444444444444444,3.0,6148.61,1537.1525,1214.6620814140035,19,0,4.0,1.0,14.0,4.0,1.0,0.25,3.0,1.3333333333333333,8.0,3.0,1.0,0.5,0.4444444444444444,1537.1525,2613.45,0.42504728711042006,87.17083333333333,7.0,0.0,4.0,0.25,38.0,3.0,37.25,11,12.0,4,3,4,4,3,190,199,210,0.1869,0.0,0.5526,0.3216,T2,False,none
fa05bbbc-f1f5-4e95-bee6-bf8ba0849792,4.0,0.4444444444444444,2.0,12039.869999999999,3009.9674999999997,1128.875487062974,82,0,4.0,1.0,21.0,4.0,1.0,0.25,4.0,1.0,9.0,4.0,1.0,0.25,0.4444444444444444,3009.9674999999997,4113.95,0.34169388872138984,90.60833333333333,0.0,0.5,4.0,0.25,37.0,2.0,26.0,12,12.0,4,4,4,4,4,200,212,211,0.1668,0.0,0.5966,0.3124,T2,False,none
c18501b8-05df-41e3-b97e-ef6ccb857600,4.0,0.4444444444444444,3.0,13386.310000000001,3346.5775000000003,1505.0139197003023,33,1,4.0,1.0,22.0,4.0,1.0,0.25,4.0,1.0,12.0,4.0,1.0,0.25,0.4444444444444444,3346.5775000000003,4749.01,0.35476617529401305,200.03305555555556,2.0,0.0,4.0,0.25,42.0,0.0,46.25,12,12.0,4,4,4,4,4,204,219,119,0.3255,0.0,0.3993,0.1775,T2,False,none
30afe49d-331a-4968-b738-29633b5bf3f0,5.0,0.5555555555555556,4.0,11656.56,2331.312,1629.9266554572325,72,0,5.0,1.0,19.0,5.0,1.0,0.2,5.0,1.0,7.0,5.0,1.0,0.2,0.5555555555555556,2331.312,4966.15,0.4260390715614212,186.31972222222223,0.0,0.2,5.0,0.2,44.0,3.0,52.6,15,15.0,5,5,5,5,5,237,256,75,0.4631,0.0,0.2745,0.1623,T2,False,none
d6e124c3-93b3-41e0-a8ad-14b2b3e201c5,5.0,0.5555555555555556,4.0,8273.86,1654.7720000000002,1277.271662204247,52,0,5.0,1.0,19.0,5.0,1.0,0.2,5.0,1.0,11.0,5.0,1.0,0.2,0.5555555555555556,1654.7720000000002,2631.5,0.31804985822820303,156.4911111111111,7.0,0.4,5.0,0.2,39.0,1.0,69.0,15,15.0,5,5,5,5,5,235,255,211,0.1668,0.0,0.5966,0.3124,T2,False,none
0ad5627f-e4f9-4566-bfcd-71d98150bb9f,3.0,0.3333333333333333,3.0,6662.84,2220.9466666666667,1537.667126147052,74,1,3.0,1.0,15.0,3.0,1.0,0.3333333333333333,3.0,1.0,12.0,3.0,1.0,0.3333333333333333,0.3333333333333333,2220.9466666666667,3709.33,0.5567190567385679,116.52583333333334,3.0,0.0,3.0,0.3333333333333333,28.0,1.0,63.0,9,9.0,3,3,3,3,3,127,131,160,0.1969,0.0,0.388,0.2723,T2,False,none
4e4249d2-be73-4a12-95f3-358bfdec2aea,3.0,0.3333333333333333,2.0,10871.8,3623.933333333333,1135.2118143471432,54,1,3.0,1.0,22.0,3.0,1.0,0.3333333333333333,3.0,1.0,6.0,3.0,1.0,0.3333333333333333,0.3333333333333333,3623.933333333333,4934.16,0.4538494085615998,141.11055555555555,0.0,0.3333333333333333,3.0,0.3333333333333333,33.0,1.0,75.66666666666667,9,9.0,3,3,3,3,3,140,148,136,0.2576,0.0,0.4342,0.2507,T2,False,none
b90af848-832a-4342-aa54-c17aab0f0819,7.0,0.7777777777777778,4.0,21155.1,3022.157142857143,1309.533604554363,46,1,7.0,1.0,22.0,7.0,1.0,0.14285714285714285,7.0,1.0,10.0,7.0,1.0,0.14285714285714285,0.7777777777777778,3022.157142857143,4919.09,0.23252501760804725,92.81277777777778,14.0,0.2857142857142857,7.0,0.14285714285714285,39.0,3.0,67.0,21,21.0,7,7,7,7,7,336,373,112,0.2905,0.0,0.3574,0.1777,T2,False,none
2b4090a7-41ec-40dc-ad2a-c358c14fa7f4,3.0,0.3333333333333333,3.0,9359.96,3119.986666666666,2410.1777356521516,18,0,3.0,1.0,20.0,3.0,1.0,0.3333333333333333,3.0,1.0,13.0,3.0,1.0,0.3333333333333333,0.3333333333333333,3119.986666666666,4544.12,0.48548498070504575,144.27138888888888,2.0,0.3333333333333333,3.0,0.3333333333333333,46.0,3.0,48.0,9,9.0,3,3,3,3,3,166,171,80,0.4259,0.0,0.2617,0.1285,T2,False,none
f9587541-af2f-431b-a4af-7c8c88c8538b,5.0,0.5555555555555556,5.0,14689.34,2937.868,1306.8026281998366,39,1,5.0,1.0,19.0,5.0,1.0,0.2,5.0,1.0,16.0,5.0,1.0,0.2,0.5555555555555556,2937.868,4467.1,0.30410488149910075,199.91611111111112,5.0,0.0,5.0,0.2,37.0,3.0,71.4,15,15.0,5,5,5,5,5,256,271,211,0.1668,0.0,0.5966,0.3124,T2,False,none
19f40c9d-cc2b-415d-988a-62a05b0fdea6,2.0,0.2222222222222222,2.0,5238.9,2619.45,3324.038267679841,58,0,2.0,1.0,17.0,2.0,1.0,0.5,2.0,1.0,8.0,2.0,1.0,0.5,0.2222222222222222,2619.45,4969.9,0.9486533432590811,43.30638888888889,5.0,0.0,2.0,0.5,41.0,1.0,23.0,6,6.0,2,2,2,2,2,109,114,69,0.4288,0.0,0.2614,0.1292,T2,False,none
ac547f5f-8eb4-4f86-b313-9a063473d2ad,1.0,0.1111111111111111,1.0,885.91,885.91,0.0,67,1,1.0,1.0,9.0,1.0,1.0,1.0,1.0,1.0,4.0,1.0,1.0,1.0,0.1111111111111111,885.91,885.91,1.0,0.0,4.0,0.0,1.0,1.0,44.0,2.0,30.0,3,3.0,1,1,1,1,1,53,54,119,0.3255,0.0,0.3993,0.1775,T2,False,none
386273d3-3df1-4959-898d-c12aa6ad74e6,3.0,0.3333333333333333,3.0,8440.18,2813.3933333333334,1883.3400667254264,45,0,3.0,1.0,13.0,3.0,1.0,0.3333333333333333,3.0,1.0,11.0,3.0,1.0,0.3333333333333333,0.3333333333333333,2813.3933333333334,4972.3,0.5891225068659673,80.79,2.0,0.0,3.0,0.3333333333333333,46.0,0.0,57.666666666666664,9,9.0,3,3,3,3,3,156,160,80,0.4259,0.0,0.2617,0.1285,T2,False,none
80c32ee2-7944-4dc0-a70e-4fd7991ee3bd,6.0,0.6666666666666666,5.0,15909.33,2651.555,1562.8593956559241,10,0,6.0,1.0,19.0,6.0,1.0,0.16666666666666666,6.0,1.0,11.0,6.0,1.0,0.16666666666666666,0.6666666666666666,2651.555,4746.52,0.2983482019670219,203.09027777777777,15.0,0.16666666666666666,6.0,0.16666666666666666,46.0,0.0,50.833333333333336,18,18.0,6,6,6,6,6,294,328,83,0.4146,0.0,0.3286,0.1462,T2,False,none
3dea1493-b849-4709-abb5-b855b129a33d,3.0,0.3333333333333333,3.0,6109.21,2036.4033333333334,317.75456099532744,40,0,3.0,1.0,25.0,3.0,1.0,0.3333333333333333,3.0,1.0,11.0,3.0,1.0,0.3333333333333333,0.3333333333333333,2036.4033333333334,2223.0,0.3638768351390769,161.9038888888889,0.0,0.0,3.0,0.3333333333333333,35.0,0.0,72.0,9,9.0,3,3,3,3,3,157,164,136,0.2576,0.0,0.4342,0.2507,T2,False,none
68058e07-ed34-4be1-93b1-457a68e5d23a,4.0,0.4444444444444444,4.0,10185.57,2546.3925,1304.0107387434864,92,0,4.0,1.0,21.0,4.0,1.0,0.25,4.0,1.0,11.0,4.0,1.0,0.25,0.4444444444444444,2546.3925,3630.94,0.3564788224910339,148.9947222222222,1.0,0.5,4.0,0.25,44.0,0.0,53.5,12,12.0,4,4,4,4,4,207,224,157,0.2333,0.0,0.3976,0.2695,T2,False,none
d1bfcffd-8b18-489c-bc28-ef056cb1894b,4.0,0.4444444444444444,4.0,10712.71,2678.1775,1861.2482536615942,70,1,4.0,1.0,16.0,4.0,1.0,0.25,4.0,1.0,12.0,4.0,1.0,0.25,0.4444444444444444,2678.1775,4785.66,0.44672729869472805,154.02138888888888,6.0,0.25,4.0,0.25,47.0,0.0,63.25,12,12.0,4,4,4,4,4,205,223,80,0.4937,0.0,0.285,0.1235,T2,False,none
172ff795-7d14-4b7b-a02f-bc740cb4138f,4.0,0.4444444444444444,3.0,14495.27,3623.8175,1688.0718985156802,18,1,4.0,1.0,17.0,4.0,1.0,0.25,4.0,1.0,11.0,4.0,1.0,0.25,0.4444444444444444,3623.8175,4775.43,0.3294474680361249,110.71638888888889,1.0,0.25,4.0,0.25,47.0,2.0,68.5,12,12.0,4,4,4,4,4,208,212,80,0.4937,0.0,0.285,0.1235,T2,False,none
032eddb0-be55-4256-a544-510bce170fd5,0.0,0.0,0.0,0.0,0.0,0.0,68,1,0.0,0.0,0.0,0.0,0.0,0.0,0.0,0.0,0.0,0.0,0.0,0.0,0.0,0.0,0.0,0.0,0.0,0.0,0.0,0.0,0.0,0.0,0.0,0.0,0,0.0,0,0,0,0,0,0,0,1,0.0,0.0,0.0,0.0,T2,False,none
3978aac1-8116-4e5e-961d-ff0783b25a3f,1.0,0.1111111111111111,1.0,1624.56,1624.56,0.0,86,0,1.0,1.0,12.0,1.0,1.0,1.0,1.0,1.0,7.0,1.0,1.0,1.0,0.1111111111111111,1624.56,1624.56,1.0,0.0,11.0,0.0,1.0,1.0,39.0,0.0,68.0,3,3.0,1,1,1,1,1,54,55,210,0.1869,0.0,0.5526,0.3216,T2,False,none
89ddd9be-bd56-4fe2-8f3d-2de0fc360fbf,5.0,0.5555555555555556,5.0,10042.79,2008.5580000000002,1370.9601019613956,36,1,5.0,1.0,27.0,5.0,1.0,0.2,5.0,1.0,12.0,5.0,1.0,0.2,0.5555555555555556,2008.5580000000002,4169.35,0.41515853662179536,178.1613888888889,11.0,0.0,5.0,0.2,43.0,3.0,50.4,15,15.0,5,5,5,5,5,263,287,119,0.2253,0.0,0.3893,0.1815,T2,False,none
01a528ae-5364-4283-aadd-4805218de6d9,3.0,0.3333333333333333,2.0,7574.8,2524.9333333333334,636.371811234072,64,0,3.0,1.0,13.0,3.0,1.0,0.3333333333333333,3.0,1.0,14.0,3.0,1.0,0.3333333333333333,0.3333333333333333,2524.9333333333334,2985.96,0.39419654644347046,110.03944444444444,2.0,0.6666666666666666,3.0,0.3333333333333333,38.0,3.0,69.33333333333333,9,9.0,3,3,3,3,3,152,158,83,0.4146,0.0,0.3286,0.1462,T2,False,none
ace85001-80d7-4d88-a26b-e441ed303f63,4.0,0.4444444444444444,3.0,10287.11,2571.7775,1674.4207595140676,12,1,4.0,1.0,19.0,4.0,1.0,0.25,4.0,1.0,11.0,4.0,1.0,0.25,0.4444444444444444,2571.7775,4813.52,0.4679176172899872,128.07527777777779,13.0,0.5,4.0,0.25,35.0,1.0,60.75,12,12.0,4,4,4,4,4,186,192,210,0.1869,0.0,0.5526,0.3216,T2,False,none
18054cfc-f267-4868-b4d6-21810abb167c,1.0,0.1111111111111111,1.0,1541.02,1541.02,0.0,84,0,1.0,1.0,12.0,1.0,1.0,1.0,1.0,1.0,16.0,1.0,1.0,1.0,0.1111111111111111,1541.02,1541.02,1.0,0.0,14.0,0.0,1.0,1.0,43.0,3.0,25.0,3,3.0,1,1,1,1,1,67,68,211,0.1668,0.0,0.5966,0.3124,T2,False,none
1d36a11f-6af4-4e3e-baa1-83fe5784fc50,3.0,0.3333333333333333,3.0,6393.3,2131.1,1444.1145287337843,48,0,3.0,1.0,17.0,3.0,1.0,0.3333333333333333,3.0,1.0,11.0,3.0,1.0,0.3333333333333333,0.3333333333333333,2131.1,3798.54,0.5941438693632396,135.7288888888889,3.0,0.3333333333333333,3.0,0.3333333333333333,38.0,0.0,55.0,9,9.0,3,3,3,3,3,148,161,160,0.1969,0.0,0.388,0.2723,T2,False,none
cdd9b469-035d-444a-8ef4-7b28fdb5e20d,3.0,0.3333333333333333,3.0,4225.87,1408.6233333333332,854.9533988664723,49,0,3.0,1.0,16.0,3.0,1.0,0.3333333333333333,3.0,1.0,9.0,3.0,1.0,0.3333333333333333,0.3333333333333333,1408.6233333333332,2221.94,0.5257946884310213,186.9,14.0,0.0,3.0,0.3333333333333333,42.0,0.0,49.666666666666664,9,9.0,3,3,3,3,3,153,157,119,0.3255,0.0,0.3993,0.1775,T2,False,none
2f7e81ef-e31d-4087-bd69-12e74bd7b378,5.0,0.5555555555555556,5.0,14363.74,2872.748,992.296790164112,13,0,5.0,1.0,17.0,5.0,1.0,0.2,5.0,1.0,10.0,5.0,1.0,0.2,0.5555555555555556,2872.748,4078.39,0.2839364956480694,218.48722222222221,3.0,0.0,5.0,0.2,36.0,0.0,36.8,15,15.0,5,5,5,5,5,239,257,124,0.2408,0.0806,0.3579,0.2431,T2,False,none
400b9203-8aaf-47c7-960c-5dd82f229dd0,4.0,0.4444444444444444,4.0,3565.2200000000003,891.3050000000001,717.3463242395545,79,0,4.0,1.0,25.0,4.0,1.0,0.25,4.0,1.0,10.0,4.0,1.0,0.25,0.4444444444444444,891.3050000000001,1724.94,0.4838242801285755,221.65083333333334,0.0,0.0,4.0,0.25,39.0,2.0,40.25,12,12.0,4,4,4,4,4,226,237,112,0.2905,0.0,0.3574,0.1777,T2,False,none
d7901fcc-57b0-435c-85bb-de85baa3348b,3.0,0.3333333333333333,3.0,7121.81,2373.936666666667,1712.8867836589009,63,1,3.0,1.0,16.0,3.0,1.0,0.3333333333333333,3.0,1.0,8.0,3.0,1.0,0.3333333333333333,0.3333333333333333,2373.936666666667,4249.81,0.5967317297147776,69.985,13.0,0.0,3.0,0.3333333333333333,46.0,0.0,44.0,9,9.0,3,3,3,3,3,159,161,119,0.2253,0.0,0.3893,0.1815,T2,False,none
27868d32-56b5-400e-bfd8-74bbd9c2eef1,8.0,0.8888888888888888,5.0,18584.46,2323.0575,1275.2630854931183,73,0,8.0,1.0,22.0,8.0,1.0,0.125,8.0,1.0,13.0,8.0,1.0,0.125,0.8888888888888888,2323.0575,3752.93,0.20193914700776885,222.19055555555556,15.0,0.5,6.0,0.25,36.0,2.0,44.875,22,24.0,8,8,6,8,8,329,352,210,0.1869,0.0,0.5526,0.3216,T2,False,none
6c5c206e-b762-4a34-84bb-41eef36171e9,5.0,0.5555555555555556,4.0,13928.22,2785.644,1585.7605770512773,28,1,5.0,1.0,20.0,5.0,1.0,0.2,5.0,1.0,13.0,5.0,1.0,0.2,0.5555555555555556,2785.644,4316.98,0.309944845787904,210.13888888888889,3.0,0.0,5.0,0.2,41.0,0.0,45.4,15,15.0,5,5,5,5,5,254,270,119,0.2635,0.0,0.3946,0.1939,T2,False,none
7f2a2f2d-2b32-4d7a-9e28-d0f0b64611ad,1.0,0.1111111111111111,1.0,900.38,900.38,0.0,23,1,1.0,1.0,16.0,1.0,1.0,1.0,1.0,1.0,6.0,1.0,1.0,1.0,0.1111111111111111,900.38,900.38,1.0,0.0,13.0,0.0,1.0,1.0,30.0,2.0,45.0,3,3.0,1,1,1,1,1,47,49,119,0.2635,0.0,0.3946,0.1939,T2,False,none
5bd6950a-a3f7-491e-a22c-4fa49887f956,4.0,0.4444444444444444,4.0,9732.76,2433.19,2015.3051080998464,53,0,4.0,1.0,16.0,4.0,1.0,0.25,4.0,1.0,11.0,4.0,1.0,0.25,0.4444444444444444,2433.19,4697.9,0.4826893912929117,102.94666666666667,4.0,0.5,4.0,0.25,39.0,1.0,75.0,12,12.0,4,4,4,4,4,183,198,112,0.2905,0.0,0.3574,0.1777,T2,False,none
827349ac-a5e8-4f0e-994f-37743a89ed1a,6.0,0.6666666666666666,5.0,18883.11,3147.185,1258.6325758496798,53,0,6.0,1.0,23.0,6.0,1.0,0.16666666666666666,6.0,1.0,15.0,6.0,1.0,0.16666666666666666,0.6666666666666666,3147.185,4056.22,0.2148067770616175,185.84194444444444,0.0,0.0,6.0,0.16666666666666666,43.0,2.0,62.0,18,18.0,6,6,6,6,6,303,322,136,0.2576,0.0,0.4342,0.2507,T2,False,none
103d9848-19e9-4910-afb0-db184899428f,6.0,0.6666666666666666,5.0,11797.48,1966.2466666666667,1193.1860798662826,82,0,5.0,1.2,21.0,5.0,1.0,0.3333333333333333,6.0,1.0,10.0,6.0,1.0,0.16666666666666666,0.6666666666666666,1966.2466666666667,3819.06,0.3237182855999756,154.33416666666668,1.0,0.5,6.0,0.16666666666666666,42.0,1.0,60.666666666666664,17,18.0,5,6,6,5,6,299,322,157,0.2333,0.0,0.3976,0.2695,T2,False,none
61edeebe-877f-4620-8a84-c552166146f0,5.0,0.5555555555555556,4.0,11985.11,2397.022,1000.185586038911,66,0,5.0,1.0,15.0,5.0,1.0,0.2,5.0,1.0,11.0,5.0,1.0,0.2,0.5555555555555556,2397.022,3867.85,0.3227212766507775,227.35472222222222,8.0,0.2,4.0,0.4,44.0,3.0,33.0,14,15.0,5,5,4,5,5,238,247,157,0.2333,0.0,0.3976,0.2695,T2,False,none
95ce592d-af88-4fab-bb3f-7df7a20abb22,1.0,0.1111111111111111,1.0,498.22,498.22,0.0,38,1,1.0,1.0,10.0,1.0,1.0,1.0,1.0,1.0,7.0,1.0,1.0,1.0,0.1111111111111111,498.22,498.22,1.0,0.0,1.0,1.0,1.0,1.0,31.0,3.0,34.0,3,3.0,1,1,1,1,1,45,45,160,0.1969,0.0,0.388,0.2723,T2,False,none
6f17e5c4-abfd-40a3-8bef-de4dca77a6a6,1.0,0.1111111111111111,1.0,3194.35,3194.35,0.0,13,0,1.0,1.0,12.0,1.0,1.0,1.0,1.0,1.0,7.0,1.0,1.0,1.0,0.1111111111111111,3194.35,3194.35,1.0,0.0,22.0,0.0,1.0,1.0,44.0,3.0,11.0,3,3.0,1,1,1,1,1,58,60,136,0.2576,0.0,0.4342,0.2507,T2,False,none
f81502c1-039c-42f3-add7-9a6e5016f641,5.0,0.5555555555555556,4.0,7633.8,1526.76,1514.420156446024,11,0,5.0,1.0,17.0,5.0,1.0,0.2,5.0,1.0,9.0,5.0,1.0,0.2,0.5555555555555556,1526.76,3988.31,0.5224540857764154,111.62222222222222,0.0,0.4,5.0,0.2,46.0,2.0,44.6,15,15.0,5,5,5,5,5,253,271,80,0.4259,0.0,0.2617,0.1285,T2,False,none
4604ea40-e890-4257-96dc-7d2666d6c3a1,2.0,0.2222222222222222,2.0,4345.9400000000005,2172.9700000000003,2618.0204309363207,60,1,2.0,1.0,12.0,2.0,1.0,0.5,2.0,1.0,11.0,2.0,1.0,0.5,0.2222222222222222,2172.9700000000003,4024.19,0.9259653837834851,199.3925,8.0,0.0,2.0,0.5,40.0,1.0,29.5,6,6.0,2,2,2,2,2,105,106,124,0.2408,0.0806,0.3579,0.2431,T2,False,none
e600f02b-a947-43d4-bec4-bbcdac8910b5,3.0,0.3333333333333333,3.0,6021.69,2007.2299999999998,2412.403399185136,39,1,3.0,1.0,13.0,3.0,1.0,0.3333333333333333,3.0,1.0,10.0,3.0,1.0,0.3333333333333333,0.3333333333333333,2007.2299999999998,4739.23,0.7870265656319073,83.6061111111111,4.0,0.3333333333333333,3.0,0.3333333333333333,38.0,0.0,54.666666666666664,9,9.0,3,3,3,3,3,131,133,210,0.1869,0.0,0.5526,0.3216,T2,False,none
ebd800ec-12b5-4196-a908-928b790aa202,4.0,0.4444444444444444,3.0,15340.9,3835.225,1245.4306498690858,32,1,4.0,1.0,18.0,4.0,1.0,0.25,4.0,1.0,7.0,4.0,1.0,0.25,0.4444444444444444,3835.225,4936.49,0.3217862055029366,111.54972222222223,2.0,0.0,4.0,0.25,43.0,1.0,77.25,12,12.0,4,4,4,4,4,197,211,160,0.1969,0.0,0.388,0.2723,T2,False,none
44b0ac07-dabb-4078-a89c-213b7caae436,0.0,0.0,0.0,0.0,0.0,0.0,23,0,0.0,0.0,0.0,0.0,0.0,0.0,0.0,0.0,0.0,0.0,0.0,0.0,0.0,0.0,0.0,0.0,0.0,0.0,0.0,0.0,0.0,0.0,0.0,0.0,0,0.0,0,0,0,0,0,0,0,1,0.0,0.0,0.0,0.0,T2,False,none
99192cce-be50-4042-9e98-3f8ebefbea53,3.0,0.3333333333333333,3.0,10203.11,3401.036666666667,1441.852454911158,21,1,3.0,1.0,17.0,3.0,1.0,0.3333333333333333,3.0,1.0,10.0,3.0,1.0,0.3333333333333333,0.3333333333333333,3401.036666666667,4253.47,0.41687975529029875,199.385,0.0,0.0,3.0,0.3333333333333333,33.0,1.0,40.666666666666664,9,9.0,3,3,3,3,3,135,144,124,0.2408,0.0806,0.3579,0.2431,T2,False,none
2fb63f71-fb2e-444b-92d0-098aca5eb120,5.0,0.5555555555555556,4.0,10568.4,2113.68,872.7856453620212,28,0,5.0,1.0,19.0,5.0,1.0,0.2,5.0,1.0,9.0,5.0,1.0,0.2,0.5555555555555556,2113.68,2860.72,0.270686196586049,141.53666666666666,3.0,0.2,5.0,0.2,40.0,3.0,64.4,15,15.0,5,5,5,5,5,248,271,211,0.1668,0.0,0.5966,0.3124,T2,False,none
cc7e84c1-7460-4f49-a1f3-9503b139b7e1,0.0,0.0,0.0,0.0,0.0,0.0,34,1,0.0,0.0,0.0,0.0,0.0,0.0,0.0,0.0,0.0,0.0,0.0,0.0,0.0,0.0,0.0,0.0,0.0,0.0,0.0,0.0,0.0,0.0,0.0,0.0,0,0.0,0,0,0,0,0,0,0,1,0.0,0.0,0.0,0.0,T2,False,none
fe77e2e9-cec8-4aa5-be9e-dd816087a534,1.0,0.1111111111111111,1.0,3315.95,3315.95,0.0,97,1,1.0,1.0,13.0,1.0,1.0,1.0,1.0,1.0,14.0,1.0,1.0,1.0,0.1111111111111111,3315.95,3315.95,1.0,0.0,14.0,0.0,1.0,1.0,36.0,0.0,77.0,3,3.0,1,1,1,1,1,60,60,124,0.2408,0.0806,0.3579,0.2431,T2,False,none
6e038e39-0ecc-4ef8-9a3a-3605386dfc10,3.0,0.3333333333333333,3.0,3503.9700000000003,1167.99,1403.4981830055926,21,1,3.0,1.0,17.0,3.0,1.0,0.3333333333333333,3.0,1.0,16.0,3.0,1.0,0.3333333333333333,0.3333333333333333,1167.99,2781.88,0.7939223223943127,212.32638888888889,13.0,0.0,3.0,0.3333333333333333,35.0,1.0,87.0,9,9.0,3,3,3,3,3,150,162,83,0.4146,0.0,0.3286,0.1462,T2,False,none
3f8d5bca-9c1f-47f5-8106-1a2fc0a80267,1.0,0.1111111111111111,1.0,1060.33,1060.33,0.0,72,1,1.0,1.0,16.0,1.0,1.0,1.0,1.0,1.0,10.0,1.0,1.0,1.0,0.1111111111111111,1060.33,1060.33,1.0,0.0,10.0,1.0,1.0,1.0,35.0,0.0,25.0,3,3.0,1,1,1,1,1,56,58,211,0.1668,0.0,0.5966,0.3124,T2,False,none
3ae90675-4dd5-4ff7-8473-7aec7b888a1c,3.0,0.3333333333333333,3.0,7332.43,2444.1433333333334,2318.863252896413,93,1,3.0,1.0,14.0,3.0,1.0,0.3333333333333333,3.0,1.0,9.0,3.0,1.0,0.3333333333333333,0.3333333333333333,2444.1433333333334,4951.67,0.6753109132988654,138.90527777777777,3.0,0.6666666666666666,3.0,0.3333333333333333,42.0,1.0,50.333333333333336,9,9.0,3,3,3,3,3,152,155,119,0.2635,0.0,0.3946,0.1939,T2,False,none
1f65a63c-35eb-4923-8312-79570b7aa2b7,3.0,0.3333333333333333,2.0,5071.089999999999,1690.363333333333,1022.6684900950714,42,0,3.0,1.0,14.0,3.0,1.0,0.3333333333333333,3.0,1.0,6.0,3.0,1.0,0.3333333333333333,0.3333333333333333,1690.363333333333,2409.72,0.4751877801419419,38.58361111111111,2.0,0.0,3.0,0.3333333333333333,41.0,2.0,45.333333333333336,9,9.0,3,3,3,3,3,137,143,157,0.2333,0.0,0.3976,0.2695,T2,False,none
2459d650-1ecd-4edd-9a8b-4b8beead7761,4.0,0.4444444444444444,4.0,8348.16,2087.04,1533.1753744652524,94,1,4.0,1.0,19.0,4.0,1.0,0.25,4.0,1.0,8.0,4.0,1.0,0.25,0.4444444444444444,2087.04,4330.26,0.5187083141674333,156.70583333333335,4.0,0.0,4.0,0.25,39.0,3.0,55.75,12,12.0,4,4,4,4,4,187,199,119,0.2635,0.0,0.3946,0.1939,T2,False,none
7ce61d4e-4b6d-4eaf-9ad8-885e93ac6926,1.0,0.1111111111111111,1.0,862.29,862.29,0.0,86,0,1.0,1.0,14.0,1.0,1.0,1.0,1.0,1.0,5.0,1.0,1.0,1.0,0.1111111111111111,862.29,862.29,1.0,0.0,1.0,0.0,1.0,1.0,41.0,2.0,50.0,3,3.0,1,1,1,1,1,56,57,157,0.2333,0.0,0.3976,0.2695,T2,False,none
e1247aa1-bff8-4452-86c5-0ded8054689b,3.0,0.3333333333333333,3.0,3896.2,1298.7333333333333,1570.031348487454,79,0,3.0,1.0,12.0,3.0,1.0,0.3333333333333333,3.0,1.0,10.0,3.0,1.0,0.3333333333333333,0.3333333333333333,1298.7333333333333,3066.23,0.7869796211693445,154.87555555555556,10.0,0.0,3.0,0.3333333333333333,43.0,3.0,46.666666666666664,9,9.0,3,3,3,3,3,147,150,160,0.1969,0.0,0.388,0.2723,T2,False,none
4bdec8de-6b15-436f-93bf-9ce4076d8371,6.0,0.6666666666666666,6.0,13552.970000000001,2258.8283333333334,1474.3008033697422,94,0,6.0,1.0,20.0,6.0,1.0,0.16666666666666666,6.0,1.0,9.0,6.0,1.0,0.16666666666666666,0.6666666666666666,2258.8283333333334,4472.34,0.32998966278240116,161.39638888888888,18.0,0.16666666666666666,6.0,0.16666666666666666,47.0,1.0,62.333333333333336,18,18.0,6,6,6,6,6,307,336,80,0.4937,0.0,0.285,0.1235,T2,False,none
10eb96a0-0b4f-4824-ac46-a5be82090973,2.0,0.2222222222222222,1.0,4450.55,2225.275,625.9945623166386,77,1,2.0,1.0,15.0,2.0,1.0,0.5,2.0,1.0,7.0,2.0,1.0,0.5,0.2222222222222222,2225.275,2667.92,0.5994584938940131,13.919166666666667,5.0,0.0,2.0,0.5,37.0,0.0,66.5,6,6.0,2,2,2,2,2,94,95,119,0.2635,0.0,0.3946,0.1939,T2,False,none
94c7d5ea-d64b-4005-b5d0-fb80cedb06e5,5.0,0.5555555555555556,4.0,14353.16,2870.632,2120.8233270760675,46,0,5.0,1.0,19.0,5.0,1.0,0.2,5.0,1.0,9.0,5.0,1.0,0.2,0.5555555555555556,2870.632,4673.8,0.3256286420551293,67.19972222222222,3.0,0.2,5.0,0.2,35.0,3.0,58.2,15,15.0,5,5,5,5,5,234,244,112,0.2905,0.0,0.3574,0.1777,T2,False,none
9257d036-7f9b-433d-944b-011025d23909,4.0,0.4444444444444444,3.0,11026.09,2756.5225,1820.1941246357032,98,0,4.0,1.0,17.0,4.0,1.0,0.25,4.0,1.0,10.0,4.0,1.0,0.25,0.4444444444444444,2756.5225,4825.1,0.4376075290515496,116.81833333333333,16.0,0.0,4.0,0.25,37.0,3.0,84.75,12,12.0,4,4,4,4,4,201,212,80,0.4937,0.0,0.285,0.1235,T2,False,none
99e6089c-d068-4498-9140-848c6ef8b916,2.0,0.2222222222222222,2.0,5456.049999999999,2728.0249999999996,2779.290274521537,65,0,2.0,1.0,16.0,2.0,1.0,0.5,2.0,1.0,7.0,2.0,1.0,0.5,0.2222222222222222,2728.0249999999996,4693.28,0.860197395551727,149.21166666666667,4.0,0.0,2.0,0.5,40.0,0.0,49.0,6,6.0,2,2,2,2,2,109,110,124,0.2408,0.0806,0.3579,0.2431,T2,False,none
b5be8146-34dc-4b59-9a7d-b02a6581da85,3.0,0.3333333333333333,3.0,5674.16,1891.3866666666665,475.2083050971788,83,1,3.0,1.0,21.0,3.0,1.0,0.3333333333333333,3.0,1.0,8.0,3.0,1.0,0.3333333333333333,0.3333333333333333,1891.3866666666665,2309.9,0.40709109365967827,89.98833333333333,0.0,0.3333333333333333,3.0,0.3333333333333333,35.0,0.0,24.0,9,9.0,3,3,3,3,3,140,147,160,0.1969,0.0,0.388,0.2723,T2,False,none
e8cba13b-081f-449e-94bf-37613ceb25fd,2.0,0.2222222222222222,1.0,5020.1,2510.05,2687.048194915752,73,1,2.0,1.0,17.0,2.0,1.0,0.5,2.0,1.0,15.0,2.0,1.0,0.5,0.2222222222222222,2510.05,4410.08,0.87848449234079,16.811944444444446,5.0,0.0,2.0,0.5,46.0,2.0,31.5,6,6.0,2,2,2,2,2,113,115,80,0.4259,0.0,0.2617,0.1285,T2,False,none
e72b175f-b2e5-47fe-a334-05cfd58eecc1,4.0,0.4444444444444444,4.0,8961.33,2240.3325,1625.8281129191776,20,0,4.0,1.0,18.0,4.0,1.0,0.25,4.0,1.0,8.0,4.0,1.0,0.25,0.4444444444444444,2240.3325,4589.39,0.512132685661615,209.77833333333334,3.0,0.0,4.0,0.25,42.0,0.0,67.0,12,12.0,4,4,4,4,4,210,224,119,0.2635,0.0,0.3946,0.1939,T2,False,none
33840999-1227-4776-927a-ea54cb5af971,6.0,0.6666666666666666,5.0,12679.56,2113.2599999999998,1913.4372555900547,70,0,6.0,1.0,21.0,6.0,1.0,0.16666666666666666,6.0,1.0,10.0,6.0,1.0,0.16666666666666666,0.6666666666666666,2113.2599999999998,4826.66,0.38066462874106044,151.1563888888889,23.0,0.16666666666666666,6.0,0.16666666666666666,36.0,2.0,50.333333333333336,18,18.0,6,6,6,6,6,266,292,119,0.2253,0.0,0.3893,0.1815,T2,False,none
0c698ccf-6f5c-4f52-85c6-1d92be1f64bf,4.0,0.4444444444444444,3.0,11634.99,2908.7475,2039.539508963972,45,1,4.0,1.0,18.0,4.0,1.0,0.25,4.0,1.0,9.0,4.0,1.0,0.25,0.4444444444444444,2908.7475,4581.7,0.39378632899555566,186.13,13.0,0.0,4.0,0.25,38.0,2.0,55.5,12,12.0,4,4,4,4,4,176,187,119,0.3255,0.0,0.3993,0.1775,T2,False,none
44c7864f-fc4d-41e1-a9cd-4312db9068ee,3.0,0.3333333333333333,3.0,7554.24,2518.08,2019.3776594040057,58,0,3.0,1.0,19.0,3.0,1.0,0.3333333333333333,3.0,1.0,8.0,3.0,1.0,0.3333333333333333,0.3333333333333333,2518.08,3691.55,0.4886725865209472,137.11138888888888,2.0,0.3333333333333333,3.0,0.3333333333333333,37.0,3.0,55.666666666666664,9,9.0,3,3,3,3,3,146,151,119,0.2253,0.0,0.3893,0.1815,T2,False,none
4c752133-bf49-4628-8773-511b0ce5d22e,6.0,0.6666666666666666,5.0,11924.61,1987.4350000000002,1259.6425562476047,26,1,6.0,1.0,14.0,6.0,1.0,0.16666666666666666,6.0,1.0,9.0,6.0,1.0,0.16666666666666666,0.6666666666666666,1987.4350000000002,3790.81,0.31789802769231024,193.70388888888888,4.0,0.16666666666666666,6.0,0.16666666666666666,46.0,0.0,62.333333333333336,18,18.0,6,6,6,6,6,266,294,83,0.4146,0.0,0.3286,0.1462,T2,False,none
22a7f871-17ee-407b-9965-039c2627f9be,2.0,0.2222222222222222,1.0,7406.06,3703.03,542.7327388319227,42,1,2.0,1.0,19.0,2.0,1.0,0.5,2.0,1.0,8.0,2.0,1.0,0.5,0.2222222222222222,3703.03,4086.8,0.5518183757625512,6.385555555555555,16.0,0.0,2.0,0.5,33.0,2.0,57.5,6,6.0,2,2,2,2,2,100,101,112,0.2905,0.0,0.3574,0.1777,T2,False,none
17bf5cd8-f055-450b-b8fe-32b270970f90,3.0,0.3333333333333333,3.0,8275.55,2758.5166666666664,1379.4434865674393,99,1,3.0,1.0,18.0,3.0,1.0,0.3333333333333333,3.0,1.0,11.0,3.0,1.0,0.3333333333333333,0.3333333333333333,2758.5166666666664,4144.92,0.5008633867235411,128.2811111111111,5.0,0.3333333333333333,3.0,0.3333333333333333,36.0,3.0,70.66666666666667,9,9.0,3,3,3,3,3,149,158,211,0.1668,0.0,0.5966,0.3124,T2,False,none
31b3ef4e-2cb4-487a-ab4a-b52aa70da46f,1.0,0.1111111111111111,1.0,779.34,779.34,0.0,50,1,1.0,1.0,10.0,1.0,1.0,1.0,1.0,1.0,9.0,1.0,1.0,1.0,0.1111111111111111,779.34,779.34,1.0,0.0,16.0,0.0,1.0,1.0,28.0,0.0,20.0,3,3.0,1,1,1,1,1,44,44,211,0.1668,0.0,0.5966,0.3124,T2,False,none
41c62b50-fb10-4630-9dc4-8dc939f4829f,3.0,0.3333333333333333,3.0,7136.5199999999995,2378.8399999999997,1900.501706944774,13,1,3.0,1.0,27.0,3.0,1.0,0.3333333333333333,3.0,1.0,7.0,3.0,1.0,0.3333333333333333,0.3333333333333333,2378.8399999999997,4433.99,0.6213098260776961,116.11277777777778,4.0,0.3333333333333333,3.0,0.3333333333333333,38.0,3.0,66.33333333333333,9,9.0,3,3,3,3,3,149,158,119,0.3255,0.0,0.3993,0.1775,T2,False,none
78543795-7a8b-4262-b278-47a10644c266,8.0,0.8888888888888888,5.0,15487.19,1935.89875,1574.4676116837309,61,0,8.0,1.0,19.0,8.0,1.0,0.125,8.0,1.0,13.0,8.0,1.0,0.125,0.8888888888888888,1935.89875,4592.52,0.29653668612575945,193.32916666666668,4.0,0.375,8.0,0.125,44.0,1.0,57.625,24,24.0,8,8,8,8,8,408,464,157,0.2333,0.0,0.3976,0.2695,T2,False,none
cc816856-1881-40f2-911b-61136cd37099,1.0,0.1111111111111111,1.0,2107.31,2107.31,0.0,89,1,1.0,1.0,14.0,1.0,1.0,1.0,1.0,1.0,5.0,1.0,1.0,1.0,0.1111111111111111,2107.31,2107.31,1.0,0.0,16.0,1.0,1.0,1.0,30.0,2.0,92.0,3,3.0,1,1,1,1,1,46,46,119,0.2635,0.0,0.3946,0.1939,T2,False,none
5673f033-8015-48e6-9454-974df78ed543,7.0,0.7777777777777778,6.0,19106.52,2729.502857142857,1467.5328037868444,47,1,7.0,1.0,25.0,7.0,1.0,0.14285714285714285,7.0,1.0,16.0,7.0,1.0,0.14285714285714285,0.7777777777777778,2729.502857142857,4684.85,0.24519640415941785,191.12722222222223,3.0,0.14285714285714285,7.0,0.14285714285714285,39.0,0.0,61.0,21,21.0,7,7,7,7,7,354,384,112,0.2905,0.0,0.3574,0.1777,T2,False,none
f29535b9-2aef-49c2-852a-cd16d49ed744,2.0,0.2222222222222222,2.0,3531.9,1765.95,1373.6256331329873,24,1,2.0,1.0,11.0,2.0,1.0,0.5,2.0,1.0,9.0,2.0,1.0,0.5,0.2222222222222222,1765.95,2737.25,0.7750077861774116,117.26472222222222,20.0,0.5,2.0,0.5,30.0,0.0,47.5,6,6.0,2,2,2,2,2,89,91,160,0.1969,0.0,0.388,0.2723,T2,False,none
72189a3d-517a-4988-948d-2964065fef9f,5.0,0.5555555555555556,4.0,11341.970000000001,2268.3940000000002,1772.19444217614,71,1,5.0,1.0,19.0,5.0,1.0,0.2,5.0,1.0,11.0,5.0,1.0,0.2,0.5555555555555556,2268.3940000000002,4538.31,0.4001341918555595,225.74,10.0,0.0,5.0,0.2,41.0,0.0,44.8,15,15.0,5,5,5,5,5,240,254,69,0.4288,0.0,0.2614,0.1292,T2,False,none
f7131de6-02fa-429d-89da-023be045da24,4.0,0.4444444444444444,3.0,14174.83,3543.7075,1598.8910721158172,58,0,4.0,1.0,18.0,4.0,1.0,0.25,4.0,1.0,11.0,4.0,1.0,0.25,0.4444444444444444,3543.7075,4621.04,0.32600320427123286,159.525,2.0,0.0,4.0,0.25,46.0,3.0,59.5,12,12.0,4,4,4,4,4,220,232,80,0.4259,0.0,0.2617,0.1285,T2,False,none
63164495-c09c-479d-9e99-409a874cf7cd,4.0,0.4444444444444444,4.0,10452.02,2613.005,446.70769671005235,95,1,4.0,1.0,17.0,4.0,1.0,0.25,4.0,1.0,8.0,4.0,1.0,0.25,0.4444444444444444,2613.005,3090.65,0.29569882185453145,149.10777777777778,1.0,0.5,4.0,0.25,37.0,0.0,72.0,12,12.0,4,4,4,4,4,208,217,211,0.1668,0.0,0.5966,0.3124,T2,False,none
860d66a2-1936-4a9e-a651-536a0df9526c,2.0,0.2222222222222222,2.0,5401.18,2700.59,3240.6703781779474,94,1,2.0,1.0,16.0,2.0,1.0,0.5,2.0,1.0,10.0,2.0,1.0,0.5,0.2222222222222222,2700.59,4992.09,0.9242591433723741,34.37916666666667,7.0,0.5,2.0,0.5,41.0,0.0,77.0,6,6.0,2,2,2,2,2,104,105,211,0.1668,0.0,0.5966,0.3124,T2,False,none
9a732cc8-46ac-4091-9614-a83bebbbdd20,2.0,0.2222222222222222,2.0,4500.700000000001,2250.3500000000004,3100.6066669605166,16,1,2.0,1.0,16.0,2.0,1.0,0.5,2.0,1.0,11.0,2.0,1.0,0.5,0.2222222222222222,2250.3500000000004,4442.81,0.9871375563801186,58.03111111111111,3.0,0.5,2.0,0.5,40.0,1.0,28.0,6,6.0,2,2,2,2,2,110,116,124,0.2408,0.0806,0.3579,0.2431,T2,False,none
cd924716-d677-4cb5-8666-af3bbc02d1cc,0.0,0.0,0.0,0.0,0.0,0.0,78,1,0.0,0.0,0.0,0.0,0.0,0.0,0.0,0.0,0.0,0.0,0.0,0.0,0.0,0.0,0.0,0.0,0.0,0.0,0.0,0.0,0.0,0.0,0.0,0.0,0,0.0,0,0,0,0,0,0,0,1,0.0,0.0,0.0,0.0,T2,False,none
d55cebe4-23fa-4abb-ad5d-d4e9b12ec738,3.0,0.3333333333333333,3.0,9649.01,3216.3366666666666,1153.7468497176203,22,1,3.0,1.0,18.0,3.0,1.0,0.3333333333333333,3.0,1.0,10.0,3.0,1.0,0.3333333333333333,0.3333333333333333,3216.3366666666666,4481.04,0.46440412021544175,169.87916666666666,11.0,0.3333333333333333,3.0,0.3333333333333333,35.0,1.0,83.0,9,9.0,3,3,3,3,3,151,159,211,0.1668,0.0,0.5966,0.3124,T2,False,none
d1e1d1f2-818a-451f-8758-aa027e47eec1,5.0,0.5555555555555556,5.0,17383.41,3476.682,1394.8252040202026,86,0,5.0,1.0,17.0,5.0,1.0,0.2,5.0,1.0,9.0,5.0,1.0,0.2,0.5555555555555556,3476.682,4526.89,0.2604143835990752,135.9688888888889,0.0,0.2,5.0,0.2,36.0,0.0,35.2,15,15.0,5,5,5,5,5,237,251,210,0.1869,0.0,0.5526,0.3216,T2,False,none
07b4e50e-b625-4e00-a75f-6ed46fd5b021,1.0,0.1111111111111111,1.0,3955.81,3955.81,0.0,89,0,1.0,1.0,13.0,1.0,1.0,1.0,1.0,1.0,8.0,1.0,1.0,1.0,0.1111111111111111,3955.81,3955.81,1.0,0.0,23.0,0.0,1.0,1.0,31.0,1.0,72.0,3,3.0,1,1,1,1,1,49,49,136,0.2576,0.0,0.4342,0.2507,T2,False,none
0312428a-e2b0-4441-af7b-365c0e9eee29,4.0,0.4444444444444444,2.0,8175.49,2043.8725,1371.0752042436134,87,0,4.0,1.0,18.0,4.0,1.0,0.25,4.0,1.0,8.0,4.0,1.0,0.25,0.4444444444444444,2043.8725,3852.06,0.47117175851233384,115.5436111111111,2.0,0.25,4.0,0.25,36.0,2.0,51.25,12,12.0,4,4,4,4,4,186,194,211,0.1668,0.0,0.5966,0.3124,T2,False,none
4483c62e-6860-402b-8f9a-3605d9b93ae0,3.0,0.3333333333333333,3.0,13558.220000000001,4519.406666666667,368.83371813506074,57,0,3.0,1.0,14.0,3.0,1.0,0.3333333333333333,3.0,1.0,14.0,3.0,1.0,0.3333333333333333,0.3333333333333333,4519.406666666667,4792.12,0.3534475764517761,173.07777777777778,0.0,0.3333333333333333,3.0,0.3333333333333333,28.0,0.0,40.333333333333336,9,9.0,3,3,3,3,3,132,139,119,0.2253,0.0,0.3893,0.1815,T2,False,none
8433d044-20db-4e36-82aa-25e3551c93e7,4.0,0.4444444444444444,4.0,12282.32,3070.58,1291.7910405582888,44,1,4.0,1.0,20.0,4.0,1.0,0.25,4.0,1.0,9.0,4.0,1.0,0.25,0.4444444444444444,3070.58,4325.82,0.35219893310058686,177.02333333333334,0.0,0.25,4.0,0.25,36.0,3.0,64.75,12,12.0,4,4,4,4,4,200,218,211,0.1668,0.0,0.5966,0.3124,T2,False,none
4503c740-1249-4699-baf6-cdc2587d6f11,2.0,0.2222222222222222,2.0,5192.82,2596.41,2261.270917692084,44,0,2.0,1.0,14.0,2.0,1.0,0.5,2.0,1.0,5.0,2.0,1.0,0.5,0.2222222222222222,2596.41,4195.37,0.8079174706614133,28.566388888888888,2.0,0.5,2.0,0.5,42.0,0.0,48.5,6,6.0,2,2,2,2,2,97,98,119,0.3255,0.0,0.3993,0.1775,T2,False,none
2675b109-ea51-429e-b524-84f6339e4bca,6.0,0.6666666666666666,5.0,12997.3,2166.2166666666667,1780.0113478027788,18,0,6.0,1.0,16.0,6.0,1.0,0.16666666666666666,6.0,1.0,9.0,6.0,1.0,0.16666666666666666,0.6666666666666666,2166.2166666666667,4284.12,0.3296161510467559,196.06194444444444,0.0,0.16666666666666666,6.0,0.16666666666666666,44.0,2.0,55.833333333333336,18,18.0,6,6,6,6,6,290,318,119,0.3255,0.0,0.3993,0.1775,T2,False,none
b6be8c5c-b4f5-4bb5-90d9-bd50dcbbec9e,6.0,0.6666666666666666,5.0,15472.880000000001,2578.8133333333335,1958.5764891641752,10,1,6.0,1.0,25.0,6.0,1.0,0.16666666666666666,6.0,1.0,10.0,6.0,1.0,0.16666666666666666,0.6666666666666666,2578.8133333333335,4894.54,0.3163302500891883,231.37972222222223,0.0,0.3333333333333333,6.0,0.16666666666666666,44.0,2.0,45.333333333333336,18,18.0,6,6,6,6,6,325,346,119,0.3255,0.0,0.3993,0.1775,T2,False,none
17230f8d-2d98-4ef9-a568-4554e4cbd05a,7.0,0.7777777777777778,6.0,15551.939999999999,2221.7057142857143,1710.7999710160657,15,1,7.0,1.0,23.0,7.0,1.0,0.14285714285714285,7.0,1.0,11.0,7.0,1.0,0.14285714285714285,0.7777777777777778,2221.7057142857143,4869.01,0.3130805545803289,160.42666666666668,0.0,0.2857142857142857,6.0,0.2857142857142857,40.0,0.0,56.0,20,21.0,7,7,6,7,7,320,349,211,0.1668,0.0,0.5966,0.3124,T2,False,none
219d657a-0294-4fc8-948e-3a8d9d658ff0,1.0,0.1111111111111111,1.0,77.12,77.12,0.0,88,0,1.0,1.0,16.0,1.0,1.0,1.0,1.0,1.0,4.0,1.0,1.0,1.0,0.1111111111111111,77.12,77.12,1.0,0.0,13.0,1.0,1.0,1.0,42.0,0.0,22.0,3,3.0,1,1,1,1,1,59,59,157,0.2333,0.0,0.3976,0.2695,T2,False,none
978b1cc4-c746-4beb-a2ca-8c758ad980eb,1.0,0.1111111111111111,1.0,312.99,312.99,0.0,55,1,1.0,1.0,15.0,1.0,1.0,1.0,1.0,1.0,10.0,1.0,1.0,1.0,0.1111111111111111,312.99,312.99,1.0,0.0,13.0,0.0,1.0,1.0,33.0,0.0,98.0,3,3.0,1,1,1,1,1,55,55,211,0.1668,0.0,0.5966,0.3124,T2,False,none
e9efecec-a358-4e39-ba11-88e9ba37a41d,4.0,0.4444444444444444,3.0,8275.98,2068.995,863.4194957454536,56,1,4.0,1.0,25.0,4.0,1.0,0.25,4.0,1.0,9.0,4.0,1.0,0.25,0.4444444444444444,2068.995,2859.28,0.34549141008073975,197.89083333333335,3.0,0.5,4.0,0.25,35.0,3.0,46.75,12,12.0,4,4,4,4,4,197,205,80,0.3873,0.0,0.2639,0.1532,T2,False,none
e915ac46-c4be-4098-ab64-8c77fd1a983a,0.0,0.0,0.0,0.0,0.0,0.0,40,1,0.0,0.0,0.0,0.0,0.0,0.0,0.0,0.0,0.0,0.0,0.0,0.0,0.0,0.0,0.0,0.0,0.0,0.0,0.0,0.0,0.0,0.0,0.0,0.0,0,0.0,0,0,0,0,0,0,0,1,0.0,0.0,0.0,0.0,T2,False,none
68269232-65a4-4f3a-a828-45a6c4520bfa,5.0,0.5555555555555556,3.0,13575.94,2715.188,1268.7598055069368,41,0,5.0,1.0,18.0,5.0,1.0,0.2,5.0,1.0,11.0,5.0,1.0,0.2,0.5555555555555556,2715.188,3899.83,0.28726040333118735,83.80777777777777,0.0,0.4,5.0,0.2,43.0,3.0,41.2,15,15.0,5,5,5,5,5,269,291,157,0.2333,0.0,0.3976,0.2695,T2,False,none
ef864f3b-1d9a-479b-852c-a1f782d184f7,4.0,0.4444444444444444,4.0,15174.24,3793.56,1079.0463380534993,64,1,4.0,1.0,23.0,4.0,1.0,0.25,4.0,1.0,12.0,4.0,1.0,0.25,0.4444444444444444,3793.56,4805.7,0.316701198873881,187.57527777777779,4.0,0.0,4.0,0.25,37.0,2.0,58.5,12,12.0,4,4,4,4,4,201,211,210,0.1869,0.0,0.5526,0.3216,T2,False,none
56be0649-270b-40a2-b0d3-74f60cd810b4,1.0,0.1111111111111111,1.0,481.54,481.54,0.0,25,0,1.0,1.0,14.0,1.0,1.0,1.0,1.0,1.0,6.0,1.0,1.0,1.0,0.1111111111111111,481.54,481.54,1.0,0.0,11.0,0.0,1.0,1.0,41.0,0.0,72.0,3,3.0,1,1,1,1,1,57,58,211,0.1668,0.0,0.5966,0.3124,T2,False,none
1fbb00c8-d346-4301-8efe-3b46533d89f1,2.0,0.2222222222222222,2.0,7846.7,3923.35,704.6460495880181,95,0,2.0,1.0,13.0,2.0,1.0,0.5,2.0,1.0,10.0,2.0,1.0,0.5,0.2222222222222222,3923.35,4421.61,0.5634993054405036,102.33333333333333,13.0,0.5,2.0,0.5,37.0,0.0,51.5,6,6.0,2,2,2,2,2,93,93,211,0.1668,0.0,0.5966,0.3124,T2,False,none
78c28c05-4118-49e7-a87f-e26e5fe33387,3.0,0.3333333333333333,3.0,10693.5,3564.5,1611.6839007386034,41,0,3.0,1.0,15.0,3.0,1.0,0.3333333333333333,3.0,1.0,10.0,3.0,1.0,0.3333333333333333,0.3333333333333333,3564.5,4728.75,0.44220788329358957,131.9188888888889,8.0,0.3333333333333333,3.0,0.3333333333333333,44.0,0.0,85.0,9,9.0,3,3,3,3,3,154,165,136,0.2576,0.0,0.4342,0.2507,T2,False,none
1d1430c6-8186-4dc3-910b-5e7bae572976,5.0,0.5555555555555556,4.0,8480.45,1696.0900000000001,1638.324306082285,17,1,5.0,1.0,22.0,5.0,1.0,0.2,5.0,1.0,9.0,5.0,1.0,0.2,0.5555555555555556,1696.0900000000001,4480.3,0.5283092288734678,200.54722222222222,12.0,0.2,5.0,0.2,43.0,0.0,46.0,15,15.0,5,5,5,5,5,253,270,136,0.2576,0.0,0.4342,0.2507,T2,False,none
2a128fde-68f2-41d7-9c32-8f85cadc351b,4.0,0.4444444444444444,4.0,11611.779999999999,2902.9449999999997,1696.9593148236247,91,0,4.0,1.0,20.0,4.0,1.0,0.25,4.0,1.0,10.0,4.0,1.0,0.25,0.4444444444444444,2902.9449999999997,4865.36,0.41900208236807795,140.34916666666666,21.0,0.25,4.0,0.25,43.0,0.0,45.75,12,12.0,4,4,4,4,4,219,228,75,0.4631,0.0,0.2745,0.1623,T2,False,none
5cc61405-25d1-4537-8278-0945d756a3b0,3.0,0.3333333333333333,3.0,4410.66,1470.22,936.2505645926201,54,1,3.0,1.0,21.0,3.0,1.0,0.3333333333333333,3.0,1.0,10.0,3.0,1.0,0.3333333333333333,0.3333333333333333,1470.22,2517.25,0.5707195748482087,115.08805555555556,6.0,0.3333333333333333,3.0,0.3333333333333333,33.0,1.0,74.66666666666667,9,9.0,3,3,3,3,3,149,157,157,0.2333,0.0,0.3976,0.2695,T2,False,none
47f26ee4-2467-4f16-a7fb-f548059c72ba,3.0,0.3333333333333333,3.0,5770.01,1923.3366666666668,1216.213368382922,52,0,3.0,1.0,13.0,3.0,1.0,0.3333333333333333,3.0,1.0,8.0,3.0,1.0,0.3333333333333333,0.3333333333333333,1923.3366666666668,2862.92,0.4961724503077118,117.24194444444444,5.0,0.3333333333333333,3.0,0.3333333333333333,35.0,0.0,49.333333333333336,9,9.0,3,3,3,3,3,134,138,211,0.1668,0.0,0.5966,0.3124,T2,False,none
bc66fc73-2370-4f40-9b6f-3fb8907bdfaa,2.0,0.2222222222222222,2.0,3410.99,1705.495,1281.6381119684293,76,1,2.0,1.0,19.0,2.0,1.0,0.5,2.0,1.0,13.0,2.0,1.0,0.5,0.2222222222222222,1705.495,2611.75,0.7656867947428753,28.84888888888889,15.0,0.0,2.0,0.5,40.0,0.0,15.0,6,6.0,2,2,2,2,2,120,123,119,0.3255,0.0,0.3993,0.1775,T2,False,none
759da3ab-4e73-465d-ba90-1c37c5ac10be,4.0,0.4444444444444444,4.0,8826.25,2206.5625,1457.7657237332983,75,0,4.0,1.0,20.0,4.0,1.0,0.25,4.0,1.0,9.0,4.0,1.0,0.25,0.4444444444444444,2206.5625,3523.27,0.39918085257045743,209.60305555555556,0.0,0.0,4.0,0.25,39.0,0.0,40.5,12,12.0,4,4,4,4,4,211,229,210,0.1869,0.0,0.5526,0.3216,T2,False,none
72d1ad9a-661d-492f-b7d3-e9f40e072139,3.0,0.3333333333333333,3.0,2797.13,932.3766666666667,1014.4608672754871,29,0,3.0,1.0,15.0,3.0,1.0,0.3333333333333333,3.0,1.0,8.0,3.0,1.0,0.3333333333333333,0.3333333333333333,932.3766666666667,2023.28,0.7233414249605845,94.20111111111112,13.0,0.3333333333333333,3.0,0.3333333333333333,30.0,3.0,21.666666666666668,9,9.0,3,3,3,3,3,138,139,136,0.2576,0.0,0.4342,0.2507,T2,False,none
6670d6f9-e9be-4fa5-98ee-40181bb90502,1.0,0.1111111111111111,1.0,2464.6,2464.6,0.0,62,1,1.0,1.0,13.0,1.0,1.0,1.0,1.0,1.0,8.0,1.0,1.0,1.0,0.1111111111111111,2464.6,2464.6,1.0,0.0,0.0,0.0,1.0,1.0,23.0,3.0,21.0,3,3.0,1,1,1,1,1,41,41,160,0.1969,0.0,0.388,0.2723,T2,False,none
1c517be9-5911-4cc1-8efe-e529a57f33b0,5.0,0.5555555555555556,5.0,13292.12,2658.424,1106.8591937685662,89,0,5.0,1.0,20.0,5.0,1.0,0.2,5.0,1.0,12.0,5.0,1.0,0.2,0.5555555555555556,2658.424,3804.28,0.2862056617003157,157.14083333333335,1.0,0.0,5.0,0.2,37.0,0.0,48.4,15,15.0,5,5,5,5,5,241,257,83,0.4146,0.0,0.3286,0.1462,T2,False,none
442a24b0-ba4d-45e0-b8f8-d13a3ccd45e5,0.0,0.0,0.0,0.0,0.0,0.0,47,0,0.0,0.0,0.0,0.0,0.0,0.0,0.0,0.0,0.0,0.0,0.0,0.0,0.0,0.0,0.0,0.0,0.0,0.0,0.0,0.0,0.0,0.0,0.0,0.0,0,0.0,0,0,0,0,0,0,0,1,0.0,0.0,0.0,0.0,T2,False,none
3dd2ca3f-66c9-4d09-bc59-7f0bb371bda6,8.0,0.8888888888888888,5.0,20899.03,2612.37875,1162.3430085999019,26,0,8.0,1.0,20.0,8.0,1.0,0.125,8.0,1.0,10.0,8.0,1.0,0.125,0.8888888888888888,2612.37875,4377.52,0.20946043907300965,153.1325,13.0,0.25,7.0,0.25,42.0,0.0,41.75,23,24.0,8,8,7,8,8,349,394,112,0.2905,0.0,0.3574,0.1777,T2,False,none
9047df4e-1155-4176-9f6a-258dcfec1ebd,5.0,0.5555555555555556,5.0,8074.82,1614.964,1268.5056426480728,58,0,5.0,1.0,17.0,5.0,1.0,0.2,5.0,1.0,16.0,5.0,1.0,0.2,0.5555555555555556,1614.964,3432.33,0.42506582190067393,195.61194444444445,0.0,0.2,5.0,0.2,37.0,0.0,52.2,15,15.0,5,5,5,5,5,226,241,211,0.1668,0.0,0.5966,0.3124,T2,False,none
25dac199-fe70-4179-ac38-9e8e846c3f80,2.0,0.2222222222222222,2.0,2285.51,1142.755,1075.1487897263337,54,0,2.0,1.0,15.0,2.0,1.0,0.5,2.0,1.0,8.0,2.0,1.0,0.5,0.2222222222222222,1142.755,1903.0,0.8326369169244501,139.65472222222223,10.0,0.5,2.0,0.5,35.0,0.0,79.5,6,6.0,2,2,2,2,2,103,105,210,0.1869,0.0,0.5526,0.3216,T2,False,none
7482f7bd-dbe0-4f3b-a736-81ae1202e9a8,3.0,0.3333333333333333,3.0,6578.969999999999,2192.99,1762.4489517713698,89,1,3.0,1.0,16.0,3.0,1.0,0.3333333333333333,3.0,1.0,8.0,3.0,1.0,0.3333333333333333,0.3333333333333333,2192.99,4034.45,0.6132342904740408,87.04694444444445,2.0,0.3333333333333333,3.0,0.3333333333333333,40.0,0.0,65.33333333333333,9,9.0,3,3,3,3,3,153,159,157,0.2333,0.0,0.3976,0.2695,T2,False,none
4bfe10bd-2b48-41bb-8396-6c95c087aa7f,4.0,0.4444444444444444,3.0,3977.75,994.4375,966.6529323866281,31,1,4.0,1.0,20.0,4.0,1.0,0.25,4.0,1.0,14.0,4.0,1.0,0.25,0.4444444444444444,994.4375,2433.3,0.6117277355288795,198.6588888888889,1.0,0.0,4.0,0.25,31.0,0.0,59.75,12,12.0,4,4,4,4,4,191,201,160,0.1969,0.0,0.388,0.2723,T2,False,none
43496487-625f-4bdc-8471-91756d8d8755,3.0,0.3333333333333333,3.0,7037.2,2345.733333333333,2064.8959957424813,22,0,3.0,1.0,20.0,3.0,1.0,0.3333333333333333,3.0,1.0,8.0,3.0,1.0,0.3333333333333333,0.3333333333333333,2345.733333333333,4703.95,0.6684405729551526,182.05944444444444,2.0,0.0,3.0,0.3333333333333333,39.0,0.0,60.333333333333336,9,9.0,3,3,3,3,3,151,155,119,0.2253,0.0,0.3893,0.1815,T2,False,none
09cb1e0e-327f-409e-b0d1-a8c51abc9a72,3.0,0.3333333333333333,2.0,6902.4800000000005,2300.826666666667,1724.2482614847938,77,0,3.0,1.0,14.0,3.0,1.0,0.3333333333333333,3.0,1.0,14.0,3.0,1.0,0.3333333333333333,0.3333333333333333,2300.826666666667,3421.13,0.4956377997473372,31.135277777777777,2.0,0.0,3.0,0.3333333333333333,34.0,0.0,51.333333333333336,9,9.0,3,3,3,3,3,148,154,210,0.1869,0.0,0.5526,0.3216,T2,False,none
c645ca0b-3c1d-4669-a591-ff2519cb12bd,3.0,0.3333333333333333,3.0,10301.900000000001,3433.966666666667,1502.7231952137206,65,0,3.0,1.0,18.0,3.0,1.0,0.3333333333333333,3.0,1.0,9.0,3.0,1.0,0.3333333333333333,0.3333333333333333,3433.966666666667,4338.39,0.42112522932662905,66.07222222222222,3.0,0.3333333333333333,3.0,0.3333333333333333,41.0,1.0,50.333333333333336,9,9.0,3,3,3,3,3,161,167,80,0.4937,0.0,0.285,0.1235,T2,False,none
d605372e-f07b-4eb1-9063-5d468b9c2243,4.0,0.4444444444444444,3.0,11406.18,2851.545,1429.162908756964,50,0,4.0,1.0,16.0,4.0,1.0,0.25,4.0,1.0,12.0,4.0,1.0,0.25,0.4444444444444444,2851.545,4065.54,0.35643309153458913,142.24194444444444,0.0,0.0,4.0,0.25,42.0,0.0,50.5,12,12.0,4,4,4,4,4,204,225,119,0.2635,0.0,0.3946,0.1939,T2,False,none
111c25a7-4d9d-4be8-9292-924e4a49b53c,3.0,0.3333333333333333,3.0,4752.42,1584.14,1677.5286670277799,26,0,3.0,1.0,14.0,3.0,1.0,0.3333333333333333,3.0,1.0,12.0,3.0,1.0,0.3333333333333333,0.3333333333333333,1584.14,3490.12,0.734387953926631,128.86222222222221,13.0,0.3333333333333333,3.0,0.3333333333333333,43.0,3.0,53.666666666666664,9,9.0,3,3,3,3,3,168,175,160,0.1969,0.0,0.388,0.2723,T2,False,none
5057b2bd-065f-4a2e-901d-6a488d9a6373,2.0,0.2222222222222222,2.0,7007.74,3503.87,134.2795777473256,51,1,2.0,1.0,11.0,2.0,1.0,0.5,2.0,1.0,6.0,2.0,1.0,0.5,0.2222222222222222,3503.87,3598.82,0.5135493040552304,227.96,3.0,0.0,2.0,0.5,39.0,1.0,68.5,6,6.0,2,2,2,2,2,98,102,112,0.2905,0.0,0.3574,0.1777,T2,False,none
14b71b80-c105-43fa-a1fe-265aec28b634,4.0,0.4444444444444444,4.0,8448.65,2112.1625,2193.7936366695176,70,1,4.0,1.0,25.0,4.0,1.0,0.25,4.0,1.0,11.0,4.0,1.0,0.25,0.4444444444444444,2112.1625,4903.22,0.5803554414018808,115.42805555555556,1.0,0.5,4.0,0.25,37.0,0.0,39.25,12,12.0,4,4,4,4,4,196,206,211,0.1668,0.0,0.5966,0.3124,T2,False,none
3fda78d9-c3b8-4945-9396-d93c667b4f74,6.0,0.6666666666666666,3.0,15899.4,2649.9,1881.1347193010927,42,1,6.0,1.0,16.0,6.0,1.0,0.16666666666666666,6.0,1.0,10.0,6.0,1.0,0.16666666666666666,0.6666666666666666,2649.9,4972.65,0.31275708517302536,72.495,19.0,0.16666666666666666,6.0,0.16666666666666666,43.0,0.0,69.33333333333333,18,18.0,6,6,6,6,6,282,306,112,0.2905,0.0,0.3574,0.1777,T2,False,none
31c26fd1-72a6-4a2f-8a4a-508da7c391b6,2.0,0.2222222222222222,2.0,2136.33,1068.165,593.1989498052064,97,0,2.0,1.0,15.0,2.0,1.0,0.5,2.0,1.0,11.0,2.0,1.0,0.5,0.2222222222222222,1068.165,1487.62,0.696343729667233,91.47305555555556,4.0,0.0,2.0,0.5,37.0,0.0,33.5,6,6.0,2,2,2,2,2,109,109,75,0.4631,0.0,0.2745,0.1623,T2,False,none
dfc72fa4-4ad3-4166-bb53-3a462bd75c58,1.0,0.1111111111111111,1.0,2.23,2.23,0.0,83,1,1.0,1.0,19.0,1.0,1.0,1.0,1.0,1.0,9.0,1.0,1.0,1.0,0.1111111111111111,2.23,2.23,1.0,0.0,9.0,1.0,1.0,1.0,29.0,0.0,84.0,3,3.0,1,1,1,1,1,54,54,80,0.4259,0.0,0.2617,0.1285,T2,False,none
acbcd2b9-37ad-4fa5-952e-02deb5acdaf7,4.0,0.4444444444444444,3.0,13259.89,3314.9725,1585.7759921959341,89,0,4.0,1.0,20.0,4.0,1.0,0.25,4.0,1.0,12.0,4.0,1.0,0.25,0.4444444444444444,3314.9725,4784.36,0.36081445622852076,193.42694444444444,12.0,0.0,4.0,0.25,36.0,2.0,58.25,12,12.0,4,4,4,4,4,205,219,210,0.1869,0.0,0.5526,0.3216,T2,False,none
5f4b181a-9905-41ef-8227-c8820ba50edb,1.0,0.1111111111111111,1.0,3711.44,3711.44,0.0,98,0,1.0,1.0,14.0,1.0,1.0,1.0,1.0,1.0,6.0,1.0,1.0,1.0,0.1111111111111111,3711.44,3711.44,1.0,0.0,2.0,0.0,1.0,1.0,36.0,3.0,36.0,3,3.0,1,1,1,1,1,52,53,119,0.2253,0.0,0.3893,0.1815,T2,False,none
b2cb89fc-35d7-4554-a678-7f6f7d5e6bd3,2.0,0.2222222222222222,2.0,5739.97,2869.985,1100.3217911365748,80,0,2.0,1.0,20.0,2.0,1.0,0.5,2.0,1.0,10.0,2.0,1.0,0.5,0.2222222222222222,2869.985,3648.03,0.6355486178499191,27.620555555555555,2.0,0.5,2.0,0.5,39.0,2.0,44.5,6,6.0,2,2,2,2,2,114,114,119,0.2635,0.0,0.3946,0.1939,T2,False,none
c174d5fc-d1e9-493f-a2a1-2cf6ecef1c8a,5.0,0.5555555555555556,5.0,17292.46,3458.4919999999997,1777.6598270675972,36,0,4.0,1.25,25.0,4.0,1.0,0.4,5.0,1.0,8.0,5.0,1.0,0.2,0.5555555555555556,3458.4919999999997,4711.07,0.2724349225037965,146.76361111111112,9.0,0.2,5.0,0.2,36.0,2.0,56.8,14,15.0,4,5,5,4,5,230,243,211,0.1668,0.0,0.5966,0.3124,T2,False,none
e9e2af92-4392-4c45-b676-c6714e29f079,2.0,0.2222222222222222,2.0,4583.4,2291.7,1000.3722476158566,65,0,2.0,1.0,13.0,2.0,1.0,0.5,2.0,1.0,8.0,2.0,1.0,0.5,0.2222222222222222,2291.7,2999.07,0.6543330278832309,64.94583333333334,3.0,0.0,2.0,0.5,38.0,3.0,64.5,6,6.0,2,2,2,2,2,103,105,119,0.3255,0.0,0.3993,0.1775,T2,False,none
f3a64c24-4f60-47c9-8fb0-522b355b105b,5.0,0.5555555555555556,4.0,8453.57,1690.714,1509.2953800797247,74,0,5.0,1.0,25.0,5.0,1.0,0.2,5.0,1.0,10.0,5.0,1.0,0.2,0.5555555555555556,1690.714,3645.78,0.4312710487995013,211.4086111111111,1.0,0.0,5.0,0.2,39.0,1.0,62.6,15,15.0,5,5,5,5,5,259,278,112,0.2905,0.0,0.3574,0.1777,T2,False,none
536eab1f-276f-41ff-b56d-a89a2d1a7d04,1.0,0.1111111111111111,1.0,2398.79,2398.79,0.0,49,0,1.0,1.0,14.0,1.0,1.0,1.0,1.0,1.0,3.0,1.0,1.0,1.0,0.1111111111111111,2398.79,2398.79,1.0,0.0,19.0,1.0,1.0,1.0,30.0,3.0,33.0,3,3.0,1,1,1,1,1,44,44,80,0.4937,0.0,0.285,0.1235,T2,False,none
fc2a84a8-d495-468f-9efa-09b8142c9394,2.0,0.2222222222222222,2.0,6617.14,3308.57,2229.535965352432,97,0,2.0,1.0,13.0,2.0,1.0,0.5,2.0,1.0,11.0,2.0,1.0,0.5,0.2222222222222222,3308.57,4885.09,0.7382479439757962,77.52972222222222,10.0,0.0,2.0,0.5,29.0,2.0,45.0,6,6.0,2,2,2,2,2,86,88,119,0.2635,0.0,0.3946,0.1939,T2,False,none
45317ade-5aec-422f-9721-af50592b52fe,2.0,0.2222222222222222,2.0,3539.1,1769.55,842.4753033769002,23,1,2.0,1.0,21.0,2.0,1.0,0.5,2.0,1.0,13.0,2.0,1.0,0.5,0.2222222222222222,1769.55,2365.27,0.6683252804385296,97.92611111111111,18.0,0.0,2.0,0.5,38.0,0.0,45.5,6,6.0,2,2,2,2,2,118,122,210,0.1869,0.0,0.5526,0.3216,T2,False,none
39ff8877-7935-4ca5-a233-fd7faf317c00,2.0,0.2222222222222222,2.0,8229.7,4114.85,368.34606445569653,74,0,2.0,1.0,12.0,2.0,1.0,0.5,2.0,1.0,6.0,2.0,1.0,0.5,0.2222222222222222,4114.85,4375.31,0.5316487842813226,9.575,2.0,0.0,1.0,1.0,30.0,2.0,45.0,5,6.0,2,2,1,2,2,57,57,157,0.2333,0.0,0.3976,0.2695,T2,False,none
f4019460-106c-44ef-921a-0373ea09116e,4.0,0.4444444444444444,2.0,11869.800000000001,2967.4500000000003,1995.5350394150773,98,1,4.0,1.0,13.0,4.0,1.0,0.25,4.0,1.0,9.0,4.0,1.0,0.25,0.4444444444444444,2967.4500000000003,4429.42,0.3731671974253989,37.647777777777776,4.0,0.75,4.0,0.25,43.0,0.0,64.5,12,12.0,4,4,4,4,4,193,198,157,0.2333,0.0,0.3976,0.2695,T2,False,none
0f84ab63-05e8-4d54-9f66-761052064020,1.0,0.1111111111111111,1.0,627.97,627.97,0.0,87,0,1.0,1.0,13.0,1.0,1.0,1.0,1.0,1.0,5.0,1.0,1.0,1.0,0.1111111111111111,627.97,627.97,1.0,0.0,6.0,0.0,1.0,1.0,31.0,1.0,88.0,3,3.0,1,1,1,1,1,46,46,210,0.1869,0.0,0.5526,0.3216,T2,False,none
16d49c23-88ae-4141-8606-621b7ce825d3,4.0,0.4444444444444444,4.0,11265.71,2816.4275,1565.5067340507778,65,0,4.0,1.0,14.0,4.0,1.0,0.25,4.0,1.0,7.0,4.0,1.0,0.25,0.4444444444444444,2816.4275,4377.48,0.38856672149380733,142.76472222222222,9.0,0.25,4.0,0.25,36.0,0.0,60.25,12,12.0,4,4,4,4,4,177,185,210,0.1869,0.0,0.5526,0.3216,T2,False,none
5bb775dd-17c6-4da4-9052-d71f47917ddd,4.0,0.4444444444444444,4.0,10887.74,2721.935,1222.5324396377655,73,1,4.0,1.0,21.0,4.0,1.0,0.25,4.0,1.0,13.0,4.0,1.0,0.25,0.4444444444444444,2721.935,3809.39,0.3498788545648592,218.3088888888889,0.0,0.0,4.0,0.25,40.0,0.0,64.5,12,12.0,4,4,4,4,4,217,227,69,0.4288,0.0,0.2614,0.1292,T2,False,none
5040a5d0-52be-4154-ba48-a6a42f261f29,3.0,0.3333333333333333,3.0,5883.75,1961.25,2657.3933762053366,96,0,3.0,1.0,20.0,3.0,1.0,0.3333333333333333,3.0,1.0,13.0,3.0,1.0,0.3333333333333333,0.3333333333333333,1961.25,4988.98,0.8479252177607818,69.49472222222222,0.0,0.0,3.0,0.3333333333333333,46.0,0.0,67.66666666666667,9,9.0,3,3,3,3,3,179,186,83,0.4146,0.0,0.3286,0.1462,T2,False,none
1d4ca2cf-6852-4074-8f21-c56e4819a0ef,1.0,0.1111111111111111,1.0,1659.4,1659.4,0.0,85,1,1.0,1.0,9.0,1.0,1.0,1.0,1.0,1.0,6.0,1.0,1.0,1.0,0.1111111111111111,1659.4,1659.4,1.0,0.0,18.0,0.0,1.0,1.0,32.0,3.0,92.0,3,3.0,1,1,1,1,1,44,44,112,0.2905,0.0,0.3574,0.1777,T2,False,none
071896d5-5b6c-43bd-9e56-a61dc7d1a387,4.0,0.4444444444444444,3.0,15199.88,3799.97,790.1165501789382,93,1,3.0,1.3333333333333333,20.0,3.0,1.0,0.5,4.0,1.0,11.0,4.0,1.0,0.25,0.4444444444444444,3799.97,4895.82,0.3220959639155046,188.71305555555554,2.0,0.0,4.0,0.25,39.0,0.0,57.5,11,12.0,3,4,4,3,4,191,202,80,0.3873,0.0,0.2639,0.1532,T2,False,none
63d7324a-e2eb-40f3-91d5-7bd1df0e6631,7.0,0.7777777777777778,4.0,16898.55,2414.078571428571,1955.2066206791594,82,0,7.0,1.0,24.0,7.0,1.0,0.14285714285714285,6.0,1.1666666666666667,8.0,6.0,1.0,0.2857142857142857,0.7777777777777778,2414.078571428571,4938.71,0.2922564362031062,112.00472222222223,2.0,0.14285714285714285,6.0,0.2857142857142857,37.0,0.0,62.857142857142854,19,21.0,7,6,6,7,6,288,316,119,0.3255,0.0,0.3993,0.1775,T2,False,none
be5295da-d407-46e2-8143-34da8259cfe3,7.0,0.7777777777777778,5.0,16840.34,2405.7628571428572,1379.0584110147315,62,0,7.0,1.0,22.0,7.0,1.0,0.14285714285714285,7.0,1.0,8.0,7.0,1.0,0.14285714285714285,0.7777777777777778,2405.7628571428572,3987.44,0.2367790674060025,160.4688888888889,17.0,0.14285714285714285,7.0,0.14285714285714285,42.0,3.0,54.0,21,21.0,7,7,7,7,7,317,349,157,0.2333,0.0,0.3976,0.2695,T2,False,none
bf67a9f0-24d1-439d-85d6-38fc5d7f16d6,6.0,0.6666666666666666,5.0,13617.14,2269.523333333333,1936.2200765994207,52,0,6.0,1.0,25.0,6.0,1.0,0.16666666666666666,6.0,1.0,10.0,6.0,1.0,0.16666666666666666,0.6666666666666666,2269.523333333333,4754.82,0.34917904934516353,182.6538888888889,2.0,0.3333333333333333,6.0,0.16666666666666666,42.0,1.0,37.666666666666664,18,18.0,6,6,6,6,6,304,323,157,0.2333,0.0,0.3976,0.2695,T2,False,none
29cddd5b-de2d-4e35-84d8-cd2b6ea75634,5.0,0.5555555555555556,5.0,8366.07,1673.214,1569.953494209303,54,1,5.0,1.0,18.0,5.0,1.0,0.2,5.0,1.0,8.0,5.0,1.0,0.2,0.5555555555555556,1673.214,4216.58,0.504009648496845,216.73388888888888,10.0,0.0,5.0,0.2,44.0,3.0,78.2,15,15.0,5,5,5,5,5,253,263,136,0.2576,0.0,0.4342,0.2507,T2,False,none
316a7928-ae5c-42be-a183-79074b4db322,6.0,0.6666666666666666,5.0,13878.14,2313.023333333333,1349.1309922860223,75,0,6.0,1.0,17.0,6.0,1.0,0.16666666666666666,5.0,1.2,19.0,5.0,1.0,0.3333333333333333,0.6666666666666666,2313.023333333333,4301.81,0.30997021214658455,193.06666666666666,7.0,0.16666666666666666,6.0,0.16666666666666666,40.0,3.0,53.666666666666664,17,18.0,6,5,6,6,5,288,310,211,0.1668,0.0,0.5966,0.3124,T2,False,none
428f9591-0d2b-4153-895c-59f367f1c531,2.0,0.2222222222222222,2.0,6842.25,3421.125,1010.7172198246155,43,1,2.0,1.0,13.0,2.0,1.0,0.5,2.0,1.0,10.0,2.0,1.0,0.5,0.2222222222222222,3421.125,4135.81,0.6044517519821697,32.566944444444445,2.0,0.0,2.0,0.5,32.0,0.0,70.5,6,6.0,2,2,2,2,2,98,99,211,0.1668,0.0,0.5966,0.3124,T2,False,none
940215d2-52a4-4653-b03d-4aefda49d789,2.0,0.2222222222222222,2.0,4745.96,2372.98,3279.504682600712,45,0,2.0,1.0,18.0,2.0,1.0,0.5,2.0,1.0,11.0,2.0,1.0,0.5,0.2222222222222222,2372.98,4691.94,0.9886176874647067,152.21527777777777,1.0,0.0,2.0,0.5,38.0,0.0,70.0,6,6.0,2,2,2,2,2,115,117,119,0.2253,0.0,0.3893,0.1815,T2,False,none
f2b646d5-a1d6-48a2-b4c2-f3f1df54a377,1.0,0.1111111111111111,1.0,3638.19,3638.19,0.0,31,0,1.0,1.0,12.0,1.0,1.0,1.0,1.0,1.0,8.0,1.0,1.0,1.0,0.1111111111111111,3638.19,3638.19,1.0,0.0,0.0,0.0,1.0,1.0,22.0,0.0,85.0,3,3.0,1,1,1,1,1,39,39,160,0.1969,0.0,0.388,0.2723,T2,False,none
6e917af8-fdd5-440b-a6cb-b1aa43872df5,1.0,0.1111111111111111,1.0,1725.27,1725.27,0.0,77,0,1.0,1.0,16.0,1.0,1.0,1.0,1.0,1.0,6.0,1.0,1.0,1.0,0.1111111111111111,1725.27,1725.27,1.0,0.0,7.0,0.0,1.0,1.0,34.0,0.0,64.0,3,3.0,1,1,1,1,1,53,53,80,0.4259,0.0,0.2617,0.1285,T2,False,none
0c839347-8a5e-441e-ae54-c9b0fc9eabe9,5.0,0.5555555555555556,4.0,13697.869999999999,2739.5739999999996,1938.7156681370273,82,0,5.0,1.0,16.0,5.0,1.0,0.2,5.0,1.0,10.0,5.0,1.0,0.2,0.5555555555555556,2739.5739999999996,4980.97,0.3636309878835177,93.62277777777778,0.0,0.4,5.0,0.2,40.0,0.0,62.0,15,15.0,5,5,5,5,5,249,267,211,0.1668,0.0,0.5966,0.3124,T2,False,none
6ca844a8-5e70-4971-beab-c3e7158b4e48,2.0,0.2222222222222222,2.0,6440.22,3220.11,1342.0603864208197,97,0,2.0,1.0,19.0,2.0,1.0,0.5,2.0,1.0,9.0,2.0,1.0,0.5,0.2222222222222222,3220.11,4169.09,0.6473521090894411,39.76694444444445,7.0,0.0,2.0,0.5,42.0,0.0,38.5,6,6.0,2,2,2,2,2,115,117,69,0.4288,0.0,0.2614,0.1292,T2,False,none
7de5988d-b8e5-45de-aaf8-4d121154917e,2.0,0.2222222222222222,2.0,5519.93,2759.965,666.1299432167867,93,1,2.0,1.0,15.0,2.0,1.0,0.5,2.0,1.0,10.0,2.0,1.0,0.5,0.2222222222222222,2759.965,3230.99,0.5853316980468954,34.00388888888889,0.0,0.5,2.0,0.5,40.0,0.0,31.0,6,6.0,2,2,2,2,2,99,102,124,0.2408,0.0806,0.3579,0.2431,T2,False,none
e754a96f-ce74-4cbe-b843-00220f287283,5.0,0.5555555555555556,4.0,17181.88,3436.376,1402.4557066909456,11,0,5.0,1.0,25.0,5.0,1.0,0.2,5.0,1.0,10.0,5.0,1.0,0.2,0.5555555555555556,3436.376,4885.13,0.2843187125041032,224.2888888888889,6.0,0.0,5.0,0.2,40.0,2.0,68.4,15,15.0,5,5,5,5,5,261,287,157,0.2333,0.0,0.3976,0.2695,T2,False,none
7c0fe6a0-8635-42cf-8d02-3996640efc35,2.0,0.2222222222222222,1.0,7684.629999999999,3842.3149999999996,577.4728949916173,61,1,2.0,1.0,17.0,2.0,1.0,0.5,2.0,1.0,6.0,2.0,1.0,0.5,0.2222222222222222,3842.3149999999996,4250.65,0.5531365856261135,3.756388888888889,4.0,0.0,1.0,1.0,28.0,2.0,60.0,5,6.0,2,2,1,2,2,62,63,211,0.1668,0.0,0.5966,0.3124,T2,False,none
66046a3b-459a-4e2e-b872-332f487cd9d3,3.0,0.3333333333333333,3.0,7765.84,2588.6133333333332,1293.8762672811238,98,1,3.0,1.0,16.0,3.0,1.0,0.3333333333333333,3.0,1.0,6.0,3.0,1.0,0.3333333333333333,0.3333333333333333,2588.6133333333332,3930.19,0.5060869139719593,80.96722222222222,3.0,0.0,3.0,0.3333333333333333,30.0,3.0,65.0,9,9.0,3,3,3,3,3,132,135,83,0.4146,0.0,0.3286,0.1462,T2,False,none
568d59e0-eba9-4fe1-9f94-8fb785f37ea0,6.0,0.6666666666666666,4.0,12619.14,2103.19,1643.9762520304241,65,0,6.0,1.0,16.0,6.0,1.0,0.16666666666666666,6.0,1.0,10.0,6.0,1.0,0.16666666666666666,0.6666666666666666,2103.19,4159.59,0.32962547368521156,163.88,10.0,0.5,6.0,0.16666666666666666,38.0,2.0,54.666666666666664,18,18.0,6,6,6,6,6,287,317,210,0.1869,0.0,0.5526,0.3216,T2,False,none
89ad75d0-94b9-44a4-8394-d45a00842f15,3.0,0.3333333333333333,2.0,5624.85,1874.95,827.5007828999318,12,0,3.0,1.0,14.0,3.0,1.0,0.3333333333333333,3.0,1.0,12.0,3.0,1.0,0.3333333333333333,0.3333333333333333,1874.95,2711.42,0.48204307670426766,80.48277777777778,2.0,0.3333333333333333,3.0,0.3333333333333333,31.0,0.0,71.0,9,9.0,3,3,3,3,3,135,138,160,0.1969,0.0,0.388,0.2723,T2,False,none
99c576d0-a3b2-4406-bdb5-46a6b9b4d709,6.0,0.6666666666666666,4.0,20442.32,3407.0533333333333,1317.4785086621591,91,0,6.0,1.0,13.0,6.0,1.0,0.16666666666666666,6.0,1.0,8.0,6.0,1.0,0.16666666666666666,0.6666666666666666,3407.0533333333333,4906.86,0.24003439922670225,137.73833333333334,1.0,0.0,5.0,0.3333333333333333,42.0,3.0,83.5,17,18.0,6,6,5,6,6,264,279,211,0.1668,0.0,0.5966,0.3124,T2,False,none
1facce72-08c6-46d1-ad63-5d253f8aa52f,1.0,0.1111111111111111,1.0,3595.89,3595.89,0.0,22,1,1.0,1.0,14.0,1.0,1.0,1.0,1.0,1.0,8.0,1.0,1.0,1.0,0.1111111111111111,3595.89,3595.89,1.0,0.0,7.0,0.0,1.0,1.0,29.0,1.0,47.0,3,3.0,1,1,1,1,1,48,48,80,0.3873,0.0,0.2639,0.1532,T2,False,none
57e4e315-b502-4b56-8b56-231d5cdca869,2.0,0.2222222222222222,2.0,6225.95,3112.975,2136.5584946942126,77,0,2.0,1.0,12.0,2.0,1.0,0.5,2.0,1.0,12.0,2.0,1.0,0.5,0.2222222222222222,3112.975,4623.75,0.7426577470104964,32.846944444444446,0.0,0.5,2.0,0.5,35.0,1.0,60.5,6,6.0,2,2,2,2,2,99,103,210,0.1869,0.0,0.5526,0.3216,T2,False,none
89bf448a-edaf-4984-9623-7f42d9bd856e,2.0,0.2222222222222222,2.0,6607.900000000001,3303.9500000000003,2117.883804603076,36,0,2.0,1.0,25.0,2.0,1.0,0.5,2.0,1.0,12.0,2.0,1.0,0.5,0.2222222222222222,3303.9500000000003,4801.52,0.726633272295283,5.134444444444444,1.0,0.5,2.0,0.5,41.0,2.0,23.0,6,6.0,2,2,2,2,2,130,132,124,0.2408,0.0806,0.3579,0.2431,T2,False,none
b21e4071-345b-4779-9415-acfffe51565d,5.0,0.5555555555555556,4.0,17130.88,3426.1760000000004,1254.583936940849,92,0,5.0,1.0,19.0,5.0,1.0,0.2,5.0,1.0,13.0,5.0,1.0,0.2,0.5555555555555556,3426.1760000000004,4944.52,0.28863199088429786,214.57888888888888,20.0,0.2,5.0,0.2,37.0,0.0,59.8,15,15.0,5,5,5,5,5,242,270,210,0.1869,0.0,0.5526,0.3216,T2,False,none
33fec0ee-e83e-483e-81e7-49ba1cb4f48c,7.0,0.7777777777777778,5.0,17296.98,2470.997142857143,1948.877505836922,27,0,7.0,1.0,25.0,7.0,1.0,0.14285714285714285,7.0,1.0,15.0,7.0,1.0,0.14285714285714285,0.7777777777777778,2470.997142857143,4908.87,0.28379925281754387,156.15416666666667,23.0,0.14285714285714285,7.0,0.14285714285714285,46.0,0.0,61.714285714285715,21,21.0,7,7,7,7,7,366,411,80,0.4259,0.0,0.2617,0.1285,T2,False,none
55c07c5e-e9d2-47f9-a04f-9a9d38945d57,3.0,0.3333333333333333,3.0,9011.67,3003.89,992.6238621451736,40,0,3.0,1.0,15.0,3.0,1.0,0.3333333333333333,3.0,1.0,7.0,3.0,1.0,0.3333333333333333,0.3333333333333333,3003.89,4132.81,0.4586064514124463,113.17333333333333,6.0,0.3333333333333333,3.0,0.3333333333333333,36.0,3.0,63.333333333333336,9,9.0,3,3,3,3,3,135,144,211,0.1668,0.0,0.5966,0.3124,T2,False,none
8378e3f4-5ef2-4348-941b-d408d2754e62,2.0,0.2222222222222222,2.0,5073.12,2536.56,2244.342781350478,35,0,2.0,1.0,17.0,2.0,1.0,0.5,2.0,1.0,9.0,2.0,1.0,0.5,0.2222222222222222,2536.56,4123.55,0.812823272463494,185.83583333333334,5.0,0.0,2.0,0.5,35.0,0.0,95.5,6,6.0,2,2,2,2,2,88,90,211,0.1668,0.0,0.5966,0.3124,T2,False,none
003d2a3c-5670-44d2-bc16-edccf54b1db1,4.0,0.4444444444444444,3.0,4758.85,1189.7125,1642.467665686299,50,1,4.0,1.0,18.0,4.0,1.0,0.25,4.0,1.0,12.0,4.0,1.0,0.25,0.4444444444444444,1189.7125,3594.21,0.7552686048099856,193.54083333333332,3.0,0.5,4.0,0.25,37.0,0.0,73.5,12,12.0,4,4,4,4,4,197,206,211,0.1668,0.0,0.5966,0.3124,T2,False,none
df388a11-9acf-484d-a49b-72bfc7b0c46f,1.0,0.1111111111111111,1.0,806.13,806.13,0.0,85,0,1.0,1.0,13.0,1.0,1.0,1.0,1.0,1.0,8.0,1.0,1.0,1.0,0.1111111111111111,806.13,806.13,1.0,0.0,15.0,0.0,1.0,1.0,47.0,3.0,86.0,3,3.0,1,1,1,1,1,65,65,80,0.4937,0.0,0.285,0.1235,T2,False,none
b2d832cf-4f84-41a9-a213-e00370fb2874,5.0,0.5555555555555556,3.0,14120.39,2824.078,1736.7920857776846,29,0,5.0,1.0,21.0,5.0,1.0,0.2,5.0,1.0,12.0,5.0,1.0,0.2,0.5555555555555556,2824.078,4713.26,0.33379106384455387,195.14944444444444,0.0,0.0,5.0,0.2,43.0,0.0,73.0,15,15.0,5,5,5,5,5,263,279,136,0.2576,0.0,0.4342,0.2507,T2,False,none
c1968323-3510-46c8-be8d-d150cc9d44f0,7.0,0.7777777777777778,5.0,16567.87,2366.8385714285714,1749.8301260353683,37,1,7.0,1.0,20.0,7.0,1.0,0.14285714285714285,7.0,1.0,11.0,7.0,1.0,0.14285714285714285,0.7777777777777778,2366.8385714285714,4452.3,0.2687309835241344,143.5825,5.0,0.2857142857142857,7.0,0.14285714285714285,44.0,3.0,43.57142857142857,21,21.0,7,7,7,7,7,333,367,119,0.3255,0.0,0.3993,0.1775,T2,False,none
4a00cb9d-ac4d-40de-811d-f0dcb32f1f78,3.0,0.3333333333333333,3.0,12373.099999999999,4124.366666666666,755.2478662222974,40,1,3.0,1.0,20.0,3.0,1.0,0.3333333333333333,3.0,1.0,9.0,3.0,1.0,0.3333333333333333,0.3333333333333333,4124.366666666666,4973.45,0.40195666405347086,192.28916666666666,6.0,0.0,3.0,0.3333333333333333,38.0,0.0,50.666666666666664,9,9.0,3,3,3,3,3,146,154,211,0.1668,0.0,0.5966,0.3124,T2,False,none
bef1a79f-3fc4-4105-854f-2c0cd4ca056e,4.0,0.4444444444444444,2.0,6789.99,1697.4975,1787.8058607946407,84,0,4.0,1.0,13.0,4.0,1.0,0.25,4.0,1.0,9.0,4.0,1.0,0.25,0.4444444444444444,1697.4975,3291.19,0.48471205406782636,188.23194444444445,1.0,0.0,4.0,0.25,44.0,3.0,52.5,12,12.0,4,4,4,4,4,173,188,75,0.4631,0.0,0.2745,0.1623,T2,False,none
8d696a71-b3fa-482d-8c96-794d7c57c914,2.0,0.2222222222222222,2.0,2492.37,1246.185,137.82218272106996,70,1,2.0,1.0,17.0,2.0,1.0,0.5,2.0,1.0,11.0,2.0,1.0,0.5,0.2222222222222222,1246.185,1343.64,0.5391013372813829,35.63583333333333,10.0,0.5,2.0,0.5,38.0,1.0,46.0,6,6.0,2,2,2,2,2,103,105,210,0.1869,0.0,0.5526,0.3216,T2,False,none
25cf1542-4e2e-4772-a2b7-1eace9d268b0,1.0,0.1111111111111111,1.0,3976.77,3976.77,0.0,68,0,1.0,1.0,11.0,1.0,1.0,1.0,1.0,1.0,10.0,1.0,1.0,1.0,0.1111111111111111,3976.77,3976.77,1.0,0.0,0.0,1.0,1.0,1.0,36.0,3.0,81.0,3,3.0,1,1,1,1,1,54,54,211,0.1668,0.0,0.5966,0.3124,T2,False,none
b39641ad-040f-4548-852e-d4469bd4018e,2.0,0.2222222222222222,2.0,4869.360000000001,2434.6800000000003,3094.893244168529,90,1,2.0,1.0,13.0,2.0,1.0,0.5,2.0,1.0,9.0,2.0,1.0,0.5,0.2222222222222222,2434.6800000000003,4623.1,0.9494266186932163,107.67861111111111,11.0,0.5,2.0,0.5,39.0,0.0,73.5,6,6.0,2,2,2,2,2,98,98,80,0.3873,0.0,0.2639,0.1532,T2,False,none
4b6e3eed-0391-458a-9993-8d61aa53a917,3.0,0.3333333333333333,2.0,8108.49,2702.83,1188.8236853293256,20,1,3.0,1.0,19.0,3.0,1.0,0.3333333333333333,3.0,1.0,9.0,3.0,1.0,0.3333333333333333,0.3333333333333333,2702.83,3929.75,0.48464633982406097,57.602222222222224,1.0,0.0,3.0,0.3333333333333333,28.0,0.0,57.666666666666664,9,9.0,3,3,3,3,3,125,131,119,0.2253,0.0,0.3893,0.1815,T2,False,none
c7c2ec60-9df7-491c-8634-d0c9d7c5150a,3.0,0.3333333333333333,3.0,8292.04,2764.013333333334,1487.8936535026064,75,0,3.0,1.0,19.0,3.0,1.0,0.3333333333333333,3.0,1.0,15.0,3.0,1.0,0.3333333333333333,0.3333333333333333,2764.013333333334,4479.22,0.5401831153732978,163.2511111111111,16.0,0.0,3.0,0.3333333333333333,44.0,0.0,46.666666666666664,9,9.0,3,3,3,3,3,182,187,124,0.2408,0.0806,0.3579,0.2431,T2,False,none
644ef2dc-dfde-40d2-b6f8-61092071338e,4.0,0.4444444444444444,3.0,6545.76,1636.44,1523.7751642111332,74,1,4.0,1.0,14.0,4.0,1.0,0.25,4.0,1.0,10.0,4.0,1.0,0.25,0.4444444444444444,1636.44,3770.99,0.5760965877147954,125.40611111111112,5.0,0.25,4.0,0.25,39.0,0.0,74.0,12,12.0,4,4,4,4,4,192,203,210,0.1869,0.0,0.5526,0.3216,T2,False,none
d78fbc7b-7eea-4633-a909-5aeec059d152,1.0,0.1111111111111111,1.0,3442.08,3442.08,0.0,86,1,1.0,1.0,12.0,1.0,1.0,1.0,1.0,1.0,10.0,1.0,1.0,1.0,0.1111111111111111,3442.08,3442.08,1.0,0.0,8.0,0.0,1.0,1.0,41.0,1.0,14.0,3,3.0,1,1,1,1,1,60,60,69,0.4288,0.0,0.2614,0.1292,T2,False,none
73ca26f4-0f82-42d2-80c0-150d54a863f0,3.0,0.3333333333333333,2.0,13579.869999999999,4526.623333333333,347.58782204406,67,0,3.0,1.0,19.0,3.0,1.0,0.3333333333333333,3.0,1.0,10.0,3.0,1.0,0.3333333333333333,0.3333333333333333,4526.623333333333,4916.28,0.36202702971383377,52.24777777777778,13.0,0.0,3.0,0.3333333333333333,43.0,0.0,51.666666666666664,9,9.0,3,3,3,3,3,154,161,80,0.4259,0.0,0.2617,0.1285,T2,False,none
8626ca43-efef-40f3-bae8-b38a58c67c1e,5.0,0.5555555555555556,4.0,14698.91,2939.782,1695.7448734612171,73,0,5.0,1.0,18.0,5.0,1.0,0.2,5.0,1.0,14.0,5.0,1.0,0.2,0.5555555555555556,2939.782,4937.25,0.33589225323510385,148.4586111111111,11.0,0.0,5.0,0.2,36.0,1.0,69.6,15,15.0,5,5,5,5,5,251,273,211,0.1668,0.0,0.5966,0.3124,T2,False,none
0747f963-19e0-4208-8638-8620b162eafb,1.0,0.1111111111111111,1.0,1658.77,1658.77,0.0,18,1,1.0,1.0,10.0,1.0,1.0,1.0,1.0,1.0,4.0,1.0,1.0,1.0,0.1111111111111111,1658.77,1658.77,1.0,0.0,11.0,0.0,1.0,1.0,37.0,0.0,84.0,3,3.0,1,1,1,1,1,47,48,211,0.1668,0.0,0.5966,0.3124,T2,False,none
7f27fdf1-cb0c-4768-bb58-8cc889d1fe96,1.0,0.1111111111111111,1.0,2680.48,2680.48,0.0,34,0,1.0,1.0,13.0,1.0,1.0,1.0,1.0,1.0,6.0,1.0,1.0,1.0,0.1111111111111111,2680.48,2680.48,1.0,0.0,7.0,0.0,1.0,1.0,34.0,0.0,62.0,3,3.0,1,1,1,1,1,50,50,119,0.3255,0.0,0.3993,0.1775,T2,False,none
00798ea0-31cd-48b0-b0e3-ce7f44c864dc,3.0,0.3333333333333333,3.0,6753.46,2251.153333333333,2323.7076691428574,24,0,3.0,1.0,18.0,3.0,1.0,0.3333333333333333,3.0,1.0,7.0,3.0,1.0,0.3333333333333333,0.3333333333333333,2251.153333333333,4904.16,0.7261699928629176,151.63111111111112,1.0,0.3333333333333333,3.0,0.3333333333333333,41.0,0.0,72.33333333333333,9,9.0,3,3,3,3,3,163,168,210,0.1869,0.0,0.5526,0.3216,T2,False,none
32c9b615-c70e-4a30-a319-267588b45d27,1.0,0.1111111111111111,1.0,3561.31,3561.31,0.0,46,0,1.0,1.0,11.0,1.0,1.0,1.0,1.0,1.0,8.0,1.0,1.0,1.0,0.1111111111111111,3561.31,3561.31,1.0,0.0,3.0,0.0,1.0,1.0,29.0,3.0,98.0,3,3.0,1,1,1,1,1,45,45,83,0.4146,0.0,0.3286,0.1462,T2,False,none
a8273bb6-f99a-4396-a46e-ae4941bda4a8,4.0,0.4444444444444444,4.0,8550.43,2137.6075,1806.635015646031,12,0,4.0,1.0,18.0,4.0,1.0,0.25,4.0,1.0,7.0,4.0,1.0,0.25,0.4444444444444444,2137.6075,4431.77,0.5183096054818296,78.91972222222222,2.0,0.5,4.0,0.25,40.0,0.0,59.75,12,12.0,4,4,4,4,4,188,201,157,0.2333,0.0,0.3976,0.2695,T2,False,none
74735db0-edd0-4638-a0f0-e7a32c48e006,5.0,0.5555555555555556,5.0,16058.71,3211.7419999999997,955.68156593606,98,0,5.0,1.0,20.0,5.0,1.0,0.2,5.0,1.0,11.0,5.0,1.0,0.2,0.5555555555555556,3211.7419999999997,4022.56,0.25049085511849956,147.99944444444444,0.0,0.2,5.0,0.2,47.0,3.0,55.8,15,15.0,5,5,5,5,5,264,286,80,0.4937,0.0,0.285,0.1235,T2,False,none
4edf7628-29ef-4cc3-91e8-c861b32d2af4,3.0,0.3333333333333333,2.0,8676.86,2892.286666666667,1907.889896202958,46,1,3.0,1.0,16.0,3.0,1.0,0.3333333333333333,3.0,1.0,13.0,3.0,1.0,0.3333333333333333,0.3333333333333333,2892.286666666667,4253.68,0.4902326417621121,113.73527777777778,2.0,0.0,3.0,0.3333333333333333,40.0,0.0,22.0,9,9.0,3,3,3,3,3,150,152,210,0.1869,0.0,0.5526,0.3216,T2,False,none
a311028c-b09f-48aa-99e0-5607fadf98a6,5.0,0.5555555555555556,4.0,2310.5699999999997,462.1139999999999,355.82924321927226,43,0,5.0,1.0,18.0,5.0,1.0,0.2,5.0,1.0,9.0,5.0,1.0,0.2,0.5555555555555556,462.1139999999999,790.62,0.3421753073916826,73.84361111111112,2.0,0.2,5.0,0.2,38.0,2.0,56.6,15,15.0,5,5,5,5,5,241,259,210,0.1869,0.0,0.5526,0.3216,T2,False,none
599edf28-cce0-46c2-a9a7-ccea84375f74,3.0,0.3333333333333333,2.0,10968.18,3656.06,1794.1200217655453,70,1,3.0,1.0,11.0,3.0,1.0,0.3333333333333333,3.0,1.0,9.0,3.0,1.0,0.3333333333333333,0.3333333333333333,3656.06,4804.26,0.4380179756349732,57.433055555555555,4.0,0.3333333333333333,3.0,0.3333333333333333,41.0,0.0,71.66666666666667,9,9.0,3,3,3,3,3,153,158,211,0.1668,0.0,0.5966,0.3124,T2,False,none
e1a35ce2-ced2-489f-b542-cb910b527dee,4.0,0.4444444444444444,4.0,10747.689999999999,2686.9224999999997,2479.848096253411,36,0,4.0,1.0,19.0,4.0,1.0,0.25,4.0,1.0,11.0,4.0,1.0,0.25,0.4444444444444444,2686.9224999999997,4992.01,0.4644728309059901,96.78111111111112,14.0,0.5,4.0,0.25,41.0,1.0,61.75,12,12.0,4,4,4,4,4,208,215,124,0.2408,0.0806,0.3579,0.2431,T2,False,none
1e8afc1b-1847-4580-ac67-6f21653d5a64,2.0,0.2222222222222222,2.0,2535.3799999999997,1267.6899999999998,1494.8095932927376,67,1,2.0,1.0,16.0,2.0,1.0,0.5,2.0,1.0,12.0,2.0,1.0,0.5,0.2222222222222222,1267.6899999999998,2324.68,0.916896086582682,43.020833333333336,11.0,0.0,2.0,0.5,36.0,0.0,56.0,6,6.0,2,2,2,2,2,101,104,119,0.2253,0.0,0.3893,0.1815,T2,False,none
f8c2f64a-6389-4b1b-ab69-4da911fcd961,3.0,0.3333333333333333,3.0,5962.300000000001,1987.4333333333336,1906.8324441422046,24,0,3.0,1.0,15.0,3.0,1.0,0.3333333333333333,3.0,1.0,7.0,3.0,1.0,0.3333333333333333,0.3333333333333333,1987.4333333333336,4183.77,0.7017040403870989,74.84694444444445,2.0,0.3333333333333333,3.0,0.3333333333333333,42.0,3.0,69.66666666666667,9,9.0,3,3,3,3,3,155,162,119,0.2635,0.0,0.3946,0.1939,T2,False,none
c02d6309-0667-49a7-b317-f2cda4a0fdaa,3.0,0.3333333333333333,3.0,7544.42,2514.806666666667,1758.9989392359887,67,0,3.0,1.0,18.0,3.0,1.0,0.3333333333333333,3.0,1.0,9.0,3.0,1.0,0.3333333333333333,0.3333333333333333,2514.806666666667,4525.89,0.5998989981999943,193.4311111111111,6.0,0.0,3.0,0.3333333333333333,37.0,1.0,44.0,9,9.0,3,3,3,3,3,149,155,160,0.1969,0.0,0.388,0.2723,T2,False,none
e89cb6e3-959c-40da-9015-733b47593525,3.0,0.3333333333333333,3.0,6243.0,2081.0,1770.0170793526258,25,0,3.0,1.0,19.0,3.0,1.0,0.3333333333333333,3.0,1.0,10.0,3.0,1.0,0.3333333333333333,0.3333333333333333,2081.0,3923.22,0.6284190293128303,96.79055555555556,2.0,0.3333333333333333,3.0,0.3333333333333333,39.0,0.0,57.666666666666664,9,9.0,3,3,3,3,3,167,170,112,0.2905,0.0,0.3574,0.1777,T2,False,none
479c7dc4-8c95-4731-8ec1-64eac5623bb6,3.0,0.3333333333333333,3.0,2886.58,962.1933333333333,412.0017548910846,65,0,3.0,1.0,17.0,3.0,1.0,0.3333333333333333,3.0,1.0,10.0,3.0,1.0,0.3333333333333333,0.3333333333333333,962.1933333333333,1398.79,0.4845838327709608,179.07861111111112,1.0,0.0,3.0,0.3333333333333333,47.0,1.0,67.33333333333333,9,9.0,3,3,3,3,3,166,172,80,0.4937,0.0,0.285,0.1235,T2,False,none
30a98a8b-a648-4954-8a0a-1722b68f416c,10.0,1.1111111111111112,5.0,25876.73,2587.673,1267.2700903740556,82,1,10.0,1.0,17.0,10.0,1.0,0.1,10.0,1.0,11.0,10.0,1.0,0.1,1.1111111111111112,2587.673,4859.8,0.18780580081022602,212.44166666666666,9.0,0.1,10.0,0.1,42.0,2.0,66.4,30,30.0,10,10,10,10,10,458,526,119,0.3255,0.0,0.3993,0.1775,T2,False,none
4b2347d6-0538-490a-b525-de21c0b9b288,5.0,0.5555555555555556,4.0,9125.77,1825.154,1696.7944677626692,74,1,5.0,1.0,15.0,5.0,1.0,0.2,5.0,1.0,6.0,5.0,1.0,0.2,0.5555555555555556,1825.154,4184.69,0.4585574696710524,81.70916666666666,7.0,0.0,5.0,0.2,39.0,3.0,37.6,15,15.0,5,5,5,5,5,223,241,119,0.2635,0.0,0.3946,0.1939,T2,False,none
c8eedfe5-5204-47d6-b801-94604925492b,3.0,0.3333333333333333,3.0,10272.82,3424.273333333333,2039.9517895365402,97,0,3.0,1.0,21.0,3.0,1.0,0.3333333333333333,3.0,1.0,13.0,3.0,1.0,0.3333333333333333,0.3333333333333333,3424.273333333333,4966.71,0.48348068008589656,89.18666666666667,6.0,0.3333333333333333,3.0,0.3333333333333333,38.0,0.0,66.0,9,9.0,3,3,3,3,3,168,174,75,0.4631,0.0,0.2745,0.1623,T2,False,none
43fef631-189c-41bf-b466-e54a47ac3a87,3.0,0.3333333333333333,3.0,4574.94,1524.9799999999998,1397.1401813347147,63,1,3.0,1.0,17.0,3.0,1.0,0.3333333333333333,3.0,1.0,15.0,3.0,1.0,0.3333333333333333,0.3333333333333333,1524.9799999999998,3076.24,0.6724110042973241,121.84416666666667,2.0,0.3333333333333333,3.0,0.3333333333333333,37.0,3.0,56.666666666666664,9,9.0,3,3,3,3,3,149,156,80,0.4259,0.0,0.2617,0.1285,T2,False,none
147b82ea-0b4a-43fd-9561-f99761a1c2f9,1.0,0.1111111111111111,1.0,4496.0,4496.0,0.0,13,1,1.0,1.0,18.0,1.0,1.0,1.0,1.0,1.0,8.0,1.0,1.0,1.0,0.1111111111111111,4496.0,4496.0,1.0,0.0,17.0,0.0,1.0,1.0,44.0,2.0,30.0,3,3.0,1,1,1,1,1,66,67,119,0.3255,0.0,0.3993,0.1775,T2,False,none
b687f572-44c1-4539-9603-1b2690b36211,3.0,0.3333333333333333,3.0,8053.1900000000005,2684.396666666667,2066.8059630824887,36,1,3.0,1.0,22.0,3.0,1.0,0.3333333333333333,3.0,1.0,7.0,3.0,1.0,0.3333333333333333,0.3333333333333333,2684.396666666667,4833.22,0.6001621717605073,164.93972222222223,9.0,0.0,3.0,0.3333333333333333,32.0,2.0,56.333333333333336,9,9.0,3,3,3,3,3,143,147,210,0.1869,0.0,0.5526,0.3216,T2,False,none
dae27ee3-1379-4eaf-8dfd-1b5313c5e131,5.0,0.5555555555555556,5.0,9317.01,1863.402,1626.833876328496,35,1,5.0,1.0,16.0,5.0,1.0,0.2,5.0,1.0,15.0,5.0,1.0,0.2,0.5555555555555556,1863.402,3546.97,0.38069831415872685,134.64416666666668,1.0,0.2,5.0,0.2,37.0,0.0,61.6,15,15.0,5,5,5,5,5,253,271,119,0.3255,0.0,0.3993,0.1775,T2,False,none
2fb52dcf-6294-4d4d-9af6-b932bb865e27,6.0,0.6666666666666666,4.0,12611.640000000001,2101.94,1323.5451857945764,22,0,6.0,1.0,22.0,6.0,1.0,0.16666666666666666,6.0,1.0,10.0,6.0,1.0,0.16666666666666666,0.6666666666666666,2101.94,4266.04,0.3382621134126886,134.64222222222222,3.0,0.6666666666666666,6.0,0.16666666666666666,46.0,3.0,43.833333333333336,18,18.0,6,6,6,6,6,309,331,119,0.2253,0.0,0.3893,0.1815,T2,False,none
f23b5a69-b971-4d93-af73-cfcd5fe45b46,7.0,0.7777777777777778,4.0,14737.14,2105.305714285714,831.0756075483774,63,1,7.0,1.0,22.0,7.0,1.0,0.14285714285714285,7.0,1.0,9.0,7.0,1.0,0.14285714285714285,0.7777777777777778,2105.305714285714,3627.87,0.2461719166676845,165.02916666666667,6.0,0.14285714285714285,7.0,0.14285714285714285,39.0,0.0,66.42857142857143,21,21.0,7,7,7,7,7,325,362,210,0.1869,0.0,0.5526,0.3216,T2,False,none
61ac84ef-574f-4ff0-b709-f0e72755d3ef,4.0,0.4444444444444444,3.0,9025.44,2256.36,1898.881359414888,31,1,4.0,1.0,27.0,4.0,1.0,0.25,4.0,1.0,13.0,4.0,1.0,0.25,0.4444444444444444,2256.36,4198.76,0.46521388430924143,141.45305555555555,0.0,0.0,4.0,0.25,43.0,3.0,46.0,12,12.0,4,4,4,4,4,228,246,80,0.3873,0.0,0.2639,0.1532,T2,False,none
2a68e25a-8152-4e52-8ecb-47c94e982634,1.0,0.1111111111111111,1.0,4419.1,4419.1,0.0,70,1,1.0,1.0,14.0,1.0,1.0,1.0,1.0,1.0,13.0,1.0,1.0,1.0,0.1111111111111111,4419.1,4419.1,1.0,0.0,15.0,0.0,1.0,1.0,32.0,3.0,92.0,3,3.0,1,1,1,1,1,56,56,112,0.2905,0.0,0.3574,0.1777,T2,False,none
477d7ebe-fc2f-4083-87b5-108daa174cf3,2.0,0.2222222222222222,2.0,2998.51,1499.255,1718.9412297254378,68,1,2.0,1.0,19.0,2.0,1.0,0.5,2.0,1.0,6.0,2.0,1.0,0.5,0.2222222222222222,1499.255,2714.73,0.9053596619654428,69.62,5.0,0.0,2.0,0.5,35.0,0.0,76.0,6,6.0,2,2,2,2,2,102,104,83,0.4146,0.0,0.3286,0.1462,T2,False,none
69dff498-554d-40f3-a6ac-0a6c22527696,2.0,0.2222222222222222,2.0,1439.1599999999999,719.5799999999999,826.240131680857,72,0,2.0,1.0,11.0,2.0,1.0,0.5,2.0,1.0,11.0,2.0,1.0,0.5,0.2222222222222222,719.5799999999999,1303.82,0.9059590316573557,155.06972222222223,0.0,0.0,2.0,0.5,43.0,1.0,73.0,6,6.0,2,2,2,2,2,104,109,157,0.2333,0.0,0.3976,0.2695,T2,False,none
2cfb0658-672d-45fe-a1d7-1528e8aa8832,3.0,0.3333333333333333,3.0,5253.52,1751.1733333333334,1952.290681131612,46,1,3.0,1.0,16.0,3.0,1.0,0.3333333333333333,3.0,1.0,10.0,3.0,1.0,0.3333333333333333,0.3333333333333333,1751.1733333333334,3983.03,0.7581640500083753,134.36638888888888,8.0,0.3333333333333333,3.0,0.3333333333333333,31.0,0.0,47.0,9,9.0,3,3,3,3,3,145,147,160,0.1969,0.0,0.388,0.2723,T2,False,none
5b5be4bc-aa9f-4c71-9449-e5e761b1797d,5.0,0.5555555555555556,4.0,4402.82,880.564,705.3197286195814,81,0,5.0,1.0,19.0,5.0,1.0,0.2,5.0,1.0,10.0,5.0,1.0,0.2,0.5555555555555556,880.564,1684.97,0.38270244979354145,127.87666666666667,6.0,0.2,5.0,0.2,43.0,0.0,51.8,15,15.0,5,5,5,5,5,252,264,136,0.2576,0.0,0.4342,0.2507,T2,False,none
3c9d9d2c-fbe0-4c1e-bd1c-223145ce2b89,3.0,0.3333333333333333,3.0,9747.95,3249.316666666667,1332.962264894747,98,1,3.0,1.0,19.0,3.0,1.0,0.3333333333333333,3.0,1.0,9.0,3.0,1.0,0.3333333333333333,0.3333333333333333,3249.316666666667,4711.59,0.48334162567514194,136.7422222222222,8.0,0.0,3.0,0.3333333333333333,37.0,2.0,68.0,9,9.0,3,3,3,3,3,155,159,119,0.2635,0.0,0.3946,0.1939,T2,False,none
ed2282e1-1748-44a1-b430-7727f516ad86,1.0,0.1111111111111111,1.0,4113.71,4113.71,0.0,53,1,1.0,1.0,14.0,1.0,1.0,1.0,1.0,1.0,10.0,1.0,1.0,1.0,0.1111111111111111,4113.71,4113.71,1.0,0.0,21.0,0.0,1.0,1.0,30.0,3.0,11.0,3,3.0,1,1,1,1,1,50,51,136,0.2576,0.0,0.4342,0.2507,T2,False,none
cb68db47-1a4e-4494-b620-5b3f0b2d0b35,4.0,0.4444444444444444,4.0,13071.31,3267.8275,1728.0462696616855,46,1,4.0,1.0,15.0,4.0,1.0,0.25,4.0,1.0,9.0,4.0,1.0,0.25,0.4444444444444444,3267.8275,4689.25,0.35874369133621653,136.05916666666667,9.0,0.25,4.0,0.25,41.0,2.0,46.0,12,12.0,4,4,4,4,4,190,199,80,0.4937,0.0,0.285,0.1235,T2,False,none
240fdedb-9542-47c8-ae5a-85925189a409,4.0,0.4444444444444444,3.0,12621.42,3155.355,1338.5202948156343,99,0,4.0,1.0,19.0,4.0,1.0,0.25,4.0,1.0,9.0,4.0,1.0,0.25,0.4444444444444444,3155.355,4198.18,0.3326234290594878,133.09333333333333,10.0,0.0,4.0,0.25,35.0,0.0,56.5,12,12.0,4,4,4,4,4,199,207,211,0.1668,0.0,0.5966,0.3124,T2,False,none
3892cc3b-d7c4-4760-a04c-cefdc0fa883f,4.0,0.4444444444444444,3.0,8659.02,2164.755,1872.6965487677564,41,0,4.0,1.0,16.0,4.0,1.0,0.25,4.0,1.0,12.0,4.0,1.0,0.25,0.4444444444444444,2164.755,4418.4,0.5102655958757457,109.97805555555556,1.0,0.5,4.0,0.25,39.0,3.0,46.5,12,12.0,4,4,4,4,4,202,218,119,0.2635,0.0,0.3946,0.1939,T2,False,none
fc4cdf4c-3bb8-45cc-85d3-eb1c9a1d9bf5,3.0,0.3333333333333333,2.0,7404.049999999999,2468.0166666666664,1271.0689407083053,71,1,3.0,1.0,18.0,3.0,1.0,0.3333333333333333,3.0,1.0,10.0,3.0,1.0,0.3333333333333333,0.3333333333333333,2468.0166666666664,3673.33,0.4961244183926365,73.82305555555556,12.0,0.3333333333333333,3.0,0.3333333333333333,39.0,0.0,36.0,9,9.0,3,3,3,3,3,158,164,112,0.2905,0.0,0.3574,0.1777,T2,False,none
e210fcfa-afc8-4bd5-8933-f4549f407b8a,5.0,0.5555555555555556,4.0,12602.18,2520.436,855.7448375421263,51,0,5.0,1.0,19.0,5.0,1.0,0.2,5.0,1.0,10.0,5.0,1.0,0.2,0.5555555555555556,2520.436,3682.63,0.2922216632360433,211.54833333333335,0.0,0.0,5.0,0.2,37.0,0.0,65.0,15,15.0,5,5,5,5,5,238,253,211,0.1668,0.0,0.5966,0.3124,T2,False,none
6500bd0e-2701-40b9-a8a0-1fd106b0db34,1.0,0.1111111111111111,1.0,1546.06,1546.06,0.0,86,1,1.0,1.0,9.0,1.0,1.0,1.0,1.0,1.0,11.0,1.0,1.0,1.0,0.1111111111111111,1546.06,1546.06,1.0,0.0,10.0,0.0,1.0,1.0,35.0,3.0,26.0,3,3.0,1,1,1,1,1,51,52,157,0.2333,0.0,0.3976,0.2695,T2,False,none
a44af828-e950-4ce7-b7bc-41ccdcdc2aad,5.0,0.5555555555555556,4.0,13216.6,2643.32,580.470699475865,30,0,5.0,1.0,18.0,5.0,1.0,0.2,5.0,1.0,11.0,5.0,1.0,0.2,0.5555555555555556,2643.32,3457.51,0.26160358942541956,118.72527777777778,1.0,0.0,5.0,0.2,40.0,0.0,61.2,15,15.0,5,5,5,5,5,239,254,136,0.2576,0.0,0.4342,0.2507,T2,False,none
b7a39121-0ad8-41a4-b188-0b949f8ea45e,4.0,0.4444444444444444,3.0,6250.92,1562.73,1022.769490843367,20,1,4.0,1.0,18.0,4.0,1.0,0.25,4.0,1.0,8.0,4.0,1.0,0.25,0.4444444444444444,1562.73,2665.86,0.42647482290606825,106.0213888888889,8.0,0.0,4.0,0.25,46.0,1.0,80.5,12,12.0,4,4,4,4,4,208,222,211,0.1668,0.0,0.5966,0.3124,T2,False,none
058e9514-27a6-4b68-88f0-bf3d470c13e0,3.0,0.3333333333333333,3.0,7282.5599999999995,2427.52,670.792696143898,76,1,3.0,1.0,17.0,3.0,1.0,0.3333333333333333,3.0,1.0,15.0,3.0,1.0,0.3333333333333333,0.3333333333333333,2427.52,3158.14,0.43365794445909134,86.28166666666667,0.0,0.0,3.0,0.3333333333333333,44.0,1.0,64.66666666666667,9,9.0,3,3,3,3,3,164,171,160,0.1969,0.0,0.388,0.2723,T2,False,none
cae44236-3aea-4717-b904-23a1bf0d291a,5.0,0.5555555555555556,5.0,14851.64,2970.328,1006.7218729470417,26,0,5.0,1.0,18.0,5.0,1.0,0.2,5.0,1.0,8.0,5.0,1.0,0.2,0.5555555555555556,2970.328,4294.58,0.2891653716357251,148.39527777777778,0.0,0.2,5.0,0.2,44.0,0.0,62.6,15,15.0,5,5,5,5,5,265,282,136,0.2576,0.0,0.4342,0.2507,T2,False,none
ed86a27b-ad71-4698-bb00-cc91d9a138c9,3.0,0.3333333333333333,3.0,8868.7,2956.2333333333336,551.3033967184799,58,0,3.0,1.0,17.0,3.0,1.0,0.3333333333333333,3.0,1.0,10.0,3.0,1.0,0.3333333333333333,0.3333333333333333,2956.2333333333336,3588.92,0.4046726126715302,46.848055555555554,7.0,0.3333333333333333,3.0,0.3333333333333333,37.0,1.0,58.666666666666664,9,9.0,3,3,3,3,3,150,154,80,0.4259,0.0,0.2617,0.1285,T2,False,none
feaffa4f-79a1-4a72-8464-d04d2a5bb730,2.0,0.2222222222222222,2.0,3761.74,1880.87,613.1747163737265,85,0,2.0,1.0,12.0,2.0,1.0,0.5,2.0,1.0,10.0,2.0,1.0,0.5,0.2222222222222222,1880.87,2314.45,0.6152604911556886,147.12277777777777,19.0,0.0,2.0,0.5,43.0,2.0,66.5,6,6.0,2,2,2,2,2,110,112,160,0.1969,0.0,0.388,0.2723,T2,False,none
c19845b5-8bbf-44df-bfb6-154b30b5d1f2,2.0,0.2222222222222222,2.0,4068.16,2034.08,202.44467145370862,28,0,2.0,1.0,16.0,2.0,1.0,0.5,2.0,1.0,14.0,2.0,1.0,0.5,0.2222222222222222,2034.08,2177.23,0.5351878982144262,106.68027777777777,3.0,0.5,2.0,0.5,37.0,0.0,77.0,6,6.0,2,2,2,2,2,105,107,136,0.2576,0.0,0.4342,0.2507,T2,False,none
d0b1b685-11a9-49d4-9e8b-c68f7f9f4823,1.0,0.1111111111111111,1.0,2794.25,2794.25,0.0,47,0,1.0,1.0,7.0,1.0,1.0,1.0,1.0,1.0,8.0,1.0,1.0,1.0,0.1111111111111111,2794.25,2794.25,1.0,0.0,8.0,0.0,1.0,1.0,32.0,3.0,92.0,3,3.0,1,1,1,1,1,44,44,112,0.2905,0.0,0.3574,0.1777,T2,False,none
debad1d7-2766-41c6-9ff2-19de98e63425,4.0,0.4444444444444444,4.0,8691.81,2172.9525,2210.885646679101,22,1,4.0,1.0,19.0,4.0,1.0,0.25,4.0,1.0,13.0,4.0,1.0,0.25,0.4444444444444444,2172.9525,4429.29,0.5095935138941141,165.09194444444444,4.0,0.25,4.0,0.25,41.0,3.0,46.25,12,12.0,4,4,4,4,4,216,230,160,0.1969,0.0,0.388,0.2723,T2,False,none
157e6edc-5507-4653-881c-d6383a885580,3.0,0.3333333333333333,2.0,4413.070000000001,1471.0233333333335,1357.8704914067957,98,1,3.0,1.0,18.0,3.0,1.0,0.3333333333333333,3.0,1.0,12.0,3.0,1.0,0.3333333333333333,0.3333333333333333,1471.0233333333335,2810.34,0.6368219856018599,107.75111111111111,10.0,0.6666666666666666,3.0,0.3333333333333333,37.0,1.0,44.0,9,9.0,3,3,3,3,3,161,167,210,0.1869,0.0,0.5526,0.3216,T2,False,none
91b0a83f-7e86-45cb-b835-72961475c715,3.0,0.3333333333333333,3.0,7634.07,2544.69,1963.547929361542,79,0,3.0,1.0,15.0,3.0,1.0,0.3333333333333333,3.0,1.0,13.0,3.0,1.0,0.3333333333333333,0.3333333333333333,2544.69,4735.24,0.6202772570856699,86.23611111111111,11.0,0.3333333333333333,3.0,0.3333333333333333,32.0,1.0,61.666666666666664,9,9.0,3,3,3,3,3,132,135,160,0.1969,0.0,0.388,0.2723,T2,False,none
4932a8d5-1221-4b51-ada3-7ab77130f9f9,4.0,0.4444444444444444,2.0,8179.29,2044.8225,1370.581378013846,25,1,4.0,1.0,22.0,4.0,1.0,0.25,4.0,1.0,9.0,4.0,1.0,0.25,0.4444444444444444,2044.8225,3619.9,0.4425689760358173,55.788333333333334,2.0,0.0,4.0,0.25,44.0,2.0,43.0,12,12.0,4,4,4,4,4,184,203,160,0.1969,0.0,0.388,0.2723,T2,False,none
5efd1625-b464-4473-b6a4-93a6e9201178,3.0,0.3333333333333333,2.0,4534.599999999999,1511.533333333333,1606.0095866567337,23,1,3.0,1.0,16.0,3.0,1.0,0.3333333333333333,3.0,1.0,7.0,3.0,1.0,0.3333333333333333,0.3333333333333333,1511.533333333333,3363.45,0.7417302518413973,107.40638888888888,4.0,0.3333333333333333,3.0,0.3333333333333333,38.0,1.0,43.0,9,9.0,3,3,3,3,3,146,150,210,0.1869,0.0,0.5526,0.3216,T2,False,none
cb402434-f136-414a-91f8-80b04789dffd,5.0,0.5555555555555556,3.0,5556.91,1111.382,1491.4050292995528,81,0,5.0,1.0,21.0,5.0,1.0,0.2,5.0,1.0,12.0,5.0,1.0,0.2,0.5555555555555556,1111.382,3765.58,0.6776391915650964,164.52555555555554,8.0,0.0,5.0,0.2,44.0,0.0,51.4,15,15.0,5,5,5,5,5,260,285,75,0.4631,0.0,0.2745,0.1623,T2,False,none
6e6cd4b8-0ec8-4f36-b37a-15a526a0a7fa,5.0,0.5555555555555556,4.0,16319.34,3263.868,1222.0659203250862,34,0,5.0,1.0,18.0,5.0,1.0,0.2,5.0,1.0,11.0,5.0,1.0,0.2,0.5555555555555556,3263.868,4859.11,0.2977516247593346,222.0511111111111,5.0,0.2,5.0,0.2,40.0,2.0,50.0,15,15.0,5,5,5,5,5,244,265,136,0.2576,0.0,0.4342,0.2507,T2,False,none
e9a466e1-a47e-48ec-8a14-d24a510a2204,5.0,0.5555555555555556,5.0,14063.099999999999,2812.62,1726.9257772845942,60,0,5.0,1.0,18.0,5.0,1.0,0.2,5.0,1.0,14.0,5.0,1.0,0.2,0.5555555555555556,2812.62,4824.83,0.3430843839551735,210.54777777777778,7.0,0.0,5.0,0.2,46.0,1.0,68.4,15,15.0,5,5,5,5,5,255,271,83,0.4146,0.0,0.3286,0.1462,T2,False,none
80ae64a3-8a40-4e8b-b381-c560b188c49f,2.0,0.2222222222222222,2.0,6767.379999999999,3383.6899999999996,531.3483196548195,80,1,2.0,1.0,18.0,2.0,1.0,0.5,2.0,1.0,11.0,2.0,1.0,0.5,0.2222222222222222,3383.6899999999996,3759.41,0.5555192703823342,116.76666666666667,7.0,0.5,2.0,0.5,38.0,1.0,52.0,6,6.0,2,2,2,2,2,111,113,210,0.1869,0.0,0.5526,0.3216,T2,False,none
24034321-c52f-4dfe-852b-21d7e6a82a80,4.0,0.4444444444444444,4.0,9469.220000000001,2367.3050000000003,1600.486549948692,41,0,4.0,1.0,17.0,4.0,1.0,0.25,4.0,1.0,13.0,4.0,1.0,0.25,0.4444444444444444,2367.3050000000003,4175.72,0.44097824319215306,184.86833333333334,2.0,0.5,4.0,0.25,43.0,3.0,41.5,12,12.0,4,4,4,4,4,205,213,136,0.2576,0.0,0.4342,0.2507,T2,False,none
955f5259-2b82-4f84-8b3f-b2c274f5f39a,6.0,0.6666666666666666,4.0,12873.44,2145.5733333333333,1254.5709801149821,99,0,6.0,1.0,22.0,6.0,1.0,0.16666666666666666,6.0,1.0,9.0,6.0,1.0,0.16666666666666666,0.6666666666666666,2145.5733333333333,4145.8,0.32204290383922246,230.0561111111111,6.0,0.3333333333333333,6.0,0.16666666666666666,43.0,0.0,41.666666666666664,18,18.0,6,6,6,6,6,318,354,119,0.3255,0.0,0.3993,0.1775,T2,False,none
02bdf85b-95e0-4c5a-8297-00125acf55ea,4.0,0.4444444444444444,4.0,15118.11,3779.5275,1323.9982398370726,32,0,4.0,1.0,16.0,4.0,1.0,0.25,4.0,1.0,9.0,4.0,1.0,0.25,0.4444444444444444,3779.5275,4970.05,0.3287481040950225,178.8838888888889,0.0,0.25,4.0,0.25,36.0,0.0,77.0,12,12.0,4,4,4,4,4,191,201,210,0.1869,0.0,0.5526,0.3216,T2,False,none
635c5da8-c180-4c77-9fa4-d369f517bbd7,4.0,0.4444444444444444,4.0,10598.800000000001,2649.7000000000003,2216.2015074296232,83,0,4.0,1.0,23.0,4.0,1.0,0.25,4.0,1.0,12.0,4.0,1.0,0.25,0.4444444444444444,2649.7000000000003,4642.38,0.4380099633920821,113.62666666666667,7.0,0.25,4.0,0.25,38.0,2.0,40.25,12,12.0,4,4,4,4,4,212,224,210,0.1869,0.0,0.5526,0.3216,T2,False,none
29048313-dbaa-4fd1-b838-1d5a3645b20d,1.0,0.1111111111111111,1.0,1395.83,1395.83,0.0,52,1,1.0,1.0,15.0,1.0,1.0,1.0,1.0,1.0,5.0,1.0,1.0,1.0,0.1111111111111111,1395.83,1395.83,1.0,0.0,8.0,0.0,1.0,1.0,36.0,0.0,24.0,3,3.0,1,1,1,1,1,52,53,157,0.2333,0.0,0.3976,0.2695,T2,False,none
d59a77bb-6bbe-4f24-b086-0e528a274d54,2.0,0.2222222222222222,1.0,5299.83,2649.915,3028.418135669181,94,0,2.0,1.0,15.0,2.0,1.0,0.5,2.0,1.0,7.0,2.0,1.0,0.5,0.2222222222222222,2649.915,4791.33,0.9040535262451814,6.924722222222222,16.0,0.0,2.0,0.5,37.0,1.0,16.0,6,6.0,2,2,2,2,2,102,104,160,0.1969,0.0,0.388,0.2723,T2,False,none
26d6d90e-0f10-4d43-804f-e8d69d15e4b3,1.0,0.1111111111111111,1.0,2113.36,2113.36,0.0,76,1,1.0,1.0,13.0,1.0,1.0,1.0,1.0,1.0,9.0,1.0,1.0,1.0,0.1111111111111111,2113.36,2113.36,1.0,0.0,0.0,1.0,1.0,1.0,46.0,2.0,71.0,3,3.0,1,1,1,1,1,64,65,119,0.2253,0.0,0.3893,0.1815,T2,False,none
c632e6e7-f5ca-4637-9555-bb134c0639a2,5.0,0.5555555555555556,5.0,10847.960000000001,2169.592,1522.228154899915,24,0,5.0,1.0,17.0,5.0,1.0,0.2,5.0,1.0,11.0,5.0,1.0,0.2,0.5555555555555556,2169.592,4472.32,0.4122729066110125,105.52888888888889,18.0,0.4,5.0,0.2,38.0,2.0,64.6,15,15.0,5,5,5,5,5,259,289,80,0.3873,0.0,0.2639,0.1532,T2,False,none
9f3fd97b-5c73-4f29-91e6-88e6832a04b9,5.0,0.5555555555555556,5.0,12287.150000000001,2457.4300000000003,1481.6174143651256,49,1,5.0,1.0,24.0,5.0,1.0,0.2,5.0,1.0,11.0,5.0,1.0,0.2,0.5555555555555556,2457.4300000000003,4222.47,0.34364925959233833,177.73194444444445,6.0,0.4,5.0,0.2,42.0,0.0,40.8,15,15.0,5,5,5,5,5,266,291,69,0.4288,0.0,0.2614,0.1292,T2,False,none
465b9b68-4861-43c2-8290-4302b9935f53,5.0,0.5555555555555556,4.0,10212.79,2042.5580000000002,1771.6187648362725,34,1,5.0,1.0,16.0,5.0,1.0,0.2,5.0,1.0,13.0,5.0,1.0,0.2,0.5555555555555556,2042.5580000000002,4483.41,0.43899952902194206,90.34083333333334,7.0,0.2,5.0,0.2,39.0,2.0,68.6,15,15.0,5,5,5,5,5,243,258,210,0.1869,0.0,0.5526,0.3216,T2,False,none
3ff181f8-7ee7-4f38-bbab-814a42bba5e2,1.0,0.1111111111111111,1.0,1553.1,1553.1,0.0,98,0,1.0,1.0,8.0,1.0,1.0,1.0,1.0,1.0,3.0,1.0,1.0,1.0,0.1111111111111111,1553.1,1553.1,1.0,0.0,21.0,0.0,1.0,1.0,33.0,0.0,98.0,3,3.0,1,1,1,1,1,41,41,211,0.1668,0.0,0.5966,0.3124,T2,False,none
86eb4db1-b0a6-4ed8-a788-141ad887929e,2.0,0.2222222222222222,2.0,5742.95,2871.475,2644.0773158230454,60,0,2.0,1.0,14.0,2.0,1.0,0.5,2.0,1.0,11.0,2.0,1.0,0.5,0.2222222222222222,2871.475,4741.12,0.8255548106809218,188.68166666666667,0.0,0.0,2.0,0.5,37.0,0.0,56.5,6,6.0,2,2,2,2,2,104,105,210,0.1869,0.0,0.5526,0.3216,T2,False,none
2400e120-4c4f-42dd-8871-53d184393650,2.0,0.2222222222222222,1.0,7815.65,3907.825,900.0832928401682,64,1,2.0,1.0,19.0,2.0,1.0,0.5,2.0,1.0,10.0,2.0,1.0,0.5,0.2222222222222222,3907.825,4544.28,0.5814334060506804,5.945277777777778,10.0,0.0,2.0,0.5,38.0,2.0,57.5,6,6.0,2,2,2,2,2,111,113,211,0.1668,0.0,0.5966,0.3124,T2,False,none
24b7c468-7f4b-494b-aa3b-6d357cd97e11,6.0,0.6666666666666666,5.0,17517.43,2919.5716666666667,1535.9682919177292,42,1,6.0,1.0,25.0,6.0,1.0,0.16666666666666666,6.0,1.0,11.0,6.0,1.0,0.16666666666666666,0.6666666666666666,2919.5716666666667,4795.53,0.2737576231216565,194.24833333333333,3.0,0.3333333333333333,6.0,0.16666666666666666,37.0,2.0,51.833333333333336,18,18.0,6,6,6,6,6,284,307,112,0.2905,0.0,0.3574,0.1777,T2,False,none
a269da29-f357-4a90-9de8-71baf7058574,4.0,0.4444444444444444,4.0,13916.07,3479.0175,1408.6709125359973,86,0,4.0,1.0,19.0,4.0,1.0,0.25,4.0,1.0,10.0,4.0,1.0,0.25,0.4444444444444444,3479.0175,4386.49,0.3152104006375363,156.02527777777777,4.0,0.25,4.0,0.25,46.0,1.0,79.0,12,12.0,4,4,4,4,4,202,215,119,0.2253,0.0,0.3893,0.1815,T2,False,none
57eec8a9-1efd-4a8d-b483-f65e2b87037e,2.0,0.2222222222222222,2.0,6377.1900000000005,3188.5950000000003,574.1919195269122,78,1,2.0,1.0,15.0,2.0,1.0,0.5,2.0,1.0,8.0,2.0,1.0,0.5,0.2222222222222222,3188.5950000000003,3594.61,0.5636667560477263,128.5175,5.0,0.5,2.0,0.5,37.0,2.0,50.5,6,6.0,2,2,2,2,2,105,108,211,0.1668,0.0,0.5966,0.3124,T2,False,none
45960569-4a7f-4c54-9c4f-01a5479c3bc0,2.0,0.2222222222222222,2.0,4365.15,2182.575,3008.7464250165717,55,0,2.0,1.0,20.0,2.0,1.0,0.5,2.0,1.0,10.0,2.0,1.0,0.5,0.2222222222222222,2182.575,4310.08,0.9873841677834668,55.10888888888889,4.0,0.0,2.0,0.5,44.0,3.0,46.0,6,6.0,2,2,2,2,2,125,132,211,0.1668,0.0,0.5966,0.3124,T2,False,none
e5b7d7ce-e04b-4ca8-a5e7-680e659a56b7,2.0,0.2222222222222222,2.0,3361.57,1680.785,722.387358727989,22,1,2.0,1.0,12.0,2.0,1.0,0.5,2.0,1.0,7.0,2.0,1.0,0.5,0.2222222222222222,1680.785,2191.59,0.6519542951656517,152.4363888888889,11.0,0.0,2.0,0.5,38.0,2.0,83.0,6,6.0,2,2,2,2,2,94,97,83,0.4146,0.0,0.3286,0.1462,T2,False,none
978cb88e-f9a1-42c0-8830-a597e19eae86,5.0,0.5555555555555556,4.0,8083.219999999999,1616.6439999999998,1561.9682529840356,76,0,5.0,1.0,20.0,5.0,1.0,0.2,5.0,1.0,11.0,5.0,1.0,0.2,0.5555555555555556,1616.6439999999998,3940.89,0.4875396191121855,99.41166666666666,1.0,0.6,5.0,0.2,36.0,0.0,44.6,15,15.0,5,5,5,5,5,238,251,75,0.4631,0.0,0.2745,0.1623,T2,False,none
9b3256d4-9168-4af0-a77a-664f14a8efd6,4.0,0.4444444444444444,4.0,12080.55,3020.1375,1957.566624245094,51,1,4.0,1.0,17.0,4.0,1.0,0.25,4.0,1.0,10.0,4.0,1.0,0.25,0.4444444444444444,3020.1375,4751.54,0.3933214961239348,208.9736111111111,0.0,0.25,4.0,0.25,31.0,0.0,64.25,12,12.0,4,4,4,4,4,176,187,69,0.4288,0.0,0.2614,0.1292,T2,False,none
c8232293-e6bd-411d-bd50-b887bbfba924,8.0,0.8888888888888888,6.0,21299.82,2662.4775,1677.6315112405177,42,1,8.0,1.0,27.0,8.0,1.0,0.125,8.0,1.0,13.0,8.0,1.0,0.125,0.8888888888888888,2662.4775,4833.92,0.22694651879687247,202.315,2.0,0.0,8.0,0.125,43.0,0.0,59.5,24,24.0,8,8,8,8,8,390,459,124,0.2408,0.0806,0.3579,0.2431,T2,False,none
98e55121-ffca-4f39-ac32-5abf2294f6fa,3.0,0.3333333333333333,3.0,11202.92,3734.306666666667,582.1401432931193,22,0,3.0,1.0,22.0,3.0,1.0,0.3333333333333333,3.0,1.0,11.0,3.0,1.0,0.3333333333333333,0.3333333333333333,3734.306666666667,4134.85,0.3690868095103777,124.70722222222223,7.0,0.0,3.0,0.3333333333333333,30.0,2.0,29.666666666666668,9,9.0,3,3,3,3,3,145,146,157,0.2333,0.0,0.3976,0.2695,T2,False,none
4daba37d-48ec-4ff1-945b-c6823c074834,3.0,0.3333333333333333,3.0,7653.85,2551.2833333333333,1027.486638420828,86,0,3.0,1.0,14.0,3.0,1.0,0.3333333333333333,3.0,1.0,10.0,3.0,1.0,0.3333333333333333,0.3333333333333333,2551.2833333333333,3335.81,0.4358342533496214,91.93416666666667,5.0,0.0,3.0,0.3333333333333333,46.0,1.0,27.666666666666668,9,9.0,3,3,3,3,3,159,170,83,0.4146,0.0,0.3286,0.1462,T2,False,none
dbc74142-b708-4a02-8e74-cbd93040deff,6.0,0.6666666666666666,5.0,15185.55,2530.9249999999997,1796.9876999996409,98,1,6.0,1.0,21.0,6.0,1.0,0.16666666666666666,6.0,1.0,12.0,6.0,1.0,0.16666666666666666,0.6666666666666666,2530.9249999999997,4922.28,0.3241423590189358,145.6825,3.0,0.3333333333333333,6.0,0.16666666666666666,44.0,0.0,53.166666666666664,18,18.0,6,6,6,6,6,305,333,119,0.3255,0.0,0.3993,0.1775,T2,False,none
43b54c6f-ba8e-42e6-8447-f09174f02cb6,5.0,0.5555555555555556,4.0,9779.98,1955.9959999999999,886.1237776857137,36,1,5.0,1.0,20.0,5.0,1.0,0.2,5.0,1.0,12.0,5.0,1.0,0.2,0.5555555555555556,1955.9959999999999,3354.43,0.34298945396616354,214.15333333333334,11.0,0.2,4.0,0.4,41.0,0.0,50.0,14,15.0,5,5,4,5,5,222,243,69,0.4288,0.0,0.2614,0.1292,T2,False,none
7af8ccdb-c4ad-4ff7-a3ba-dc42423615cd,4.0,0.4444444444444444,2.0,10577.41,2644.3525,1541.0731245763993,12,1,4.0,1.0,17.0,4.0,1.0,0.25,4.0,1.0,9.0,4.0,1.0,0.25,0.4444444444444444,2644.3525,4919.62,0.46510629728827757,31.881666666666668,1.0,0.5,4.0,0.25,39.0,0.0,43.0,12,12.0,4,4,4,4,4,198,208,80,0.3873,0.0,0.2639,0.1532,T2,False,none
71926144-08cd-4b92-a3e9-7eb0fdaf5d3f,2.0,0.2222222222222222,2.0,7140.1900000000005,3570.0950000000003,212.7330751199729,64,0,2.0,1.0,12.0,2.0,1.0,0.5,2.0,1.0,13.0,2.0,1.0,0.5,0.2222222222222222,3570.0950000000003,3720.52,0.5210673665546715,211.75611111111112,17.0,0.0,2.0,0.5,35.0,0.0,88.0,6,6.0,2,2,2,2,2,101,104,83,0.4146,0.0,0.3286,0.1462,T2,False,none
21d79eb2-c9a0-45dd-b1e3-475dbe1c4277,4.0,0.4444444444444444,3.0,11243.58,2810.895,1162.7920328101095,11,0,4.0,1.0,14.0,4.0,1.0,0.25,4.0,1.0,10.0,4.0,1.0,0.25,0.4444444444444444,2810.895,4103.18,0.36493536756086586,126.9888888888889,4.0,0.5,4.0,0.25,39.0,1.0,66.25,12,12.0,4,4,4,4,4,178,191,211,0.1668,0.0,0.5966,0.3124,T2,False,none
ee94aab1-60df-489a-a50b-434e921290ae,4.0,0.4444444444444444,2.0,6986.75,1746.6875,917.4069830551398,66,0,4.0,1.0,25.0,4.0,1.0,0.25,4.0,1.0,12.0,4.0,1.0,0.25,0.4444444444444444,1746.6875,2932.63,0.41974165384477763,32.48777777777778,8.0,0.0,4.0,0.25,34.0,3.0,62.0,12,12.0,4,4,4,4,4,181,198,160,0.1969,0.0,0.388,0.2723,T2,False,none
626854f4-938b-4da0-b287-ce2f4ffa1bf4,7.0,0.7777777777777778,4.0,18423.19,2631.8842857142854,1484.9145482805527,21,0,7.0,1.0,20.0,7.0,1.0,0.14285714285714285,7.0,1.0,12.0,7.0,1.0,0.14285714285714285,0.7777777777777778,2631.8842857142854,4706.51,0.2554666157163879,203.66361111111112,10.0,0.0,7.0,0.14285714285714285,46.0,1.0,53.0,21,21.0,7,7,7,7,7,344,387,83,0.4146,0.0,0.3286,0.1462,T2,False,none
09e45f41-b523-49e8-bafa-16f73beeda1a,2.0,0.2222222222222222,1.0,2665.02,1332.51,450.0027555471189,47,1,2.0,1.0,14.0,2.0,1.0,0.5,2.0,1.0,9.0,2.0,1.0,0.5,0.2222222222222222,1332.51,1650.71,0.6193987287149815,7.786944444444444,16.0,0.0,2.0,0.5,41.0,1.0,40.0,6,6.0,2,2,2,2,2,102,107,124,0.2408,0.0806,0.3579,0.2431,T2,False,none
6ccf492c-58fe-40e4-b78e-6f8dce122d57,3.0,0.3333333333333333,3.0,6299.4400000000005,2099.8133333333335,1541.8969843129378,64,1,3.0,1.0,17.0,3.0,1.0,0.3333333333333333,3.0,1.0,9.0,3.0,1.0,0.3333333333333333,0.3333333333333333,2099.8133333333335,3646.95,0.5789324130398892,51.355555555555554,2.0,0.3333333333333333,3.0,0.3333333333333333,43.0,3.0,36.666666666666664,9,9.0,3,3,3,3,3,154,161,124,0.2408,0.0806,0.3579,0.2431,T2,False,none
889645b7-5e4c-410e-8ac8-a08c4919f1cf,1.0,0.1111111111111111,1.0,4606.53,4606.53,0.0,66,1,1.0,1.0,10.0,1.0,1.0,1.0,1.0,1.0,7.0,1.0,1.0,1.0,0.1111111111111111,4606.53,4606.53,1.0,0.0,11.0,0.0,1.0,1.0,28.0,2.0,60.0,3,3.0,1,1,1,1,1,42,42,80,0.4937,0.0,0.285,0.1235,T2,False,none
40cd1f94-0c93-42bd-8e92-3e32f9a62753,4.0,0.4444444444444444,3.0,13543.939999999999,3385.9849999999997,1435.9133936859378,37,1,4.0,1.0,14.0,4.0,1.0,0.25,4.0,1.0,9.0,4.0,1.0,0.25,0.4444444444444444,3385.9849999999997,4658.19,0.3439316771928996,115.41,8.0,0.0,4.0,0.25,42.0,2.0,69.0,12,12.0,4,4,4,4,4,205,220,119,0.3255,0.0,0.3993,0.1775,T2,False,none
8b3b111c-a16a-41b4-bce3-6a030172b347,0.0,0.0,0.0,0.0,0.0,0.0,41,1,0.0,0.0,0.0,0.0,0.0,0.0,0.0,0.0,0.0,0.0,0.0,0.0,0.0,0.0,0.0,0.0,0.0,0.0,0.0,0.0,0.0,0.0,0.0,0.0,0,0.0,0,0,0,0,0,0,0,1,0.0,0.0,0.0,0.0,T2,False,none
f2cd9bd4-e08f-49db-b8bb-ce5e7827b721,4.0,0.4444444444444444,4.0,12495.560000000001,3123.8900000000003,1607.1930963639682,83,0,4.0,1.0,15.0,4.0,1.0,0.25,4.0,1.0,8.0,4.0,1.0,0.25,0.4444444444444444,3123.8900000000003,4917.91,0.39357259698644953,103.115,8.0,0.25,4.0,0.25,38.0,1.0,64.0,12,12.0,4,4,4,4,4,184,195,119,0.3255,0.0,0.3993,0.1775,T2,False,none
04c441c9-2de4-4580-999c-bb4cad1b0142,5.0,0.5555555555555556,3.0,21798.57,4359.714,633.2163006666838,47,0,5.0,1.0,23.0,5.0,1.0,0.2,5.0,1.0,12.0,5.0,1.0,0.2,0.5555555555555556,4359.714,4980.85,0.22849434618876377,123.8725,23.0,0.4,5.0,0.2,43.0,0.0,71.6,15,15.0,5,5,5,5,5,253,272,160,0.1969,0.0,0.388,0.2723,T2,False,none
2145eef8-b5a4-4a24-a6c1-5abbee169731,3.0,0.3333333333333333,3.0,7405.129999999999,2468.3766666666666,878.7913804955834,40,1,3.0,1.0,18.0,3.0,1.0,0.3333333333333333,3.0,1.0,11.0,3.0,1.0,0.3333333333333333,0.3333333333333333,2468.3766666666666,3355.97,0.45319528489033956,140.72416666666666,14.0,0.3333333333333333,3.0,0.3333333333333333,43.0,0.0,60.666666666666664,9,9.0,3,3,3,3,3,156,164,80,0.4259,0.0,0.2617,0.1285,T2,False,none
84009618-8ffe-4cbc-b561-4c3a0a5eb037,3.0,0.3333333333333333,2.0,12395.58,4131.86,840.5335979007622,25,0,3.0,1.0,16.0,3.0,1.0,0.3333333333333333,3.0,1.0,8.0,3.0,1.0,0.3333333333333333,0.3333333333333333,4131.86,4835.34,0.39008582091358374,21.719166666666666,1.0,0.0,3.0,0.3333333333333333,37.0,0.0,43.333333333333336,9,9.0,3,3,3,3,3,145,151,75,0.4631,0.0,0.2745,0.1623,T2,False,none
04bf844f-63c6-4011-8898-9f198f20d0ed,7.0,0.7777777777777778,4.0,10931.01,1561.5728571428572,1550.3713571562384,98,1,7.0,1.0,17.0,7.0,1.0,0.14285714285714285,7.0,1.0,12.0,7.0,1.0,0.14285714285714285,0.7777777777777778,1561.5728571428572,3846.09,0.3518512927899618,161.01388888888889,1.0,0.14285714285714285,7.0,0.14285714285714285,46.0,1.0,65.14285714285714,21,21.0,7,7,7,7,7,309,338,83,0.4146,0.0,0.3286,0.1462,T2,False,none
7b39f11f-9980-4c99-ad57-d18fb9ca8aa4,2.0,0.2222222222222222,2.0,2714.37,1357.185,288.12480013008263,31,0,2.0,1.0,16.0,2.0,1.0,0.5,2.0,1.0,9.0,2.0,1.0,0.5,0.2222222222222222,1357.185,1560.92,0.5750579324115725,136.01777777777778,14.0,0.5,2.0,0.5,43.0,3.0,30.5,6,6.0,2,2,2,2,2,118,120,119,0.2635,0.0,0.3946,0.1939,T2,False,none
b16ff9fd-bf25-4886-bf38-117e544d037c,6.0,0.6666666666666666,5.0,9856.42,1642.7366666666667,701.979508836737,69,0,6.0,1.0,17.0,6.0,1.0,0.16666666666666666,6.0,1.0,10.0,6.0,1.0,0.16666666666666666,0.6666666666666666,1642.7366666666667,2750.27,0.2790333609971978,144.31305555555556,3.0,0.3333333333333333,6.0,0.16666666666666666,37.0,2.0,56.333333333333336,18,18.0,6,6,6,6,6,276,302,80,0.3873,0.0,0.2639,0.1532,T2,False,none
8d723ea0-8a3e-437b-8d20-6fde8081fd83,1.0,0.1111111111111111,1.0,4107.38,4107.38,0.0,27,1,1.0,1.0,15.0,1.0,1.0,1.0,1.0,1.0,6.0,1.0,1.0,1.0,0.1111111111111111,4107.38,4107.38,1.0,0.0,17.0,0.0,1.0,1.0,35.0,3.0,26.0,3,3.0,1,1,1,1,1,53,53,157,0.2333,0.0,0.3976,0.2695,T2,False,none
44d7ac3a-c862-41c1-8077-da5cc82d047d,3.0,0.3333333333333333,3.0,8373.800000000001,2791.266666666667,2133.5985485168794,39,1,3.0,1.0,17.0,3.0,1.0,0.3333333333333333,3.0,1.0,11.0,3.0,1.0,0.3333333333333333,0.3333333333333333,2791.266666666667,4590.27,0.5481704841290692,71.3,6.0,0.3333333333333333,3.0,0.3333333333333333,43.0,0.0,67.0,9,9.0,3,3,3,3,3,164,174,136,0.2576,0.0,0.4342,0.2507,T2,False,none
1658919a-c023-4508-8c6c-e1e8bc2c1d7c,8.0,0.8888888888888888,5.0,21822.31,2727.78875,1397.7387686692643,64,1,8.0,1.0,18.0,8.0,1.0,0.125,8.0,1.0,13.0,8.0,1.0,0.125,0.8888888888888888,2727.78875,4671.7,0.21407907778782354,183.93166666666667,2.0,0.25,7.0,0.25,42.0,3.0,60.0,23,24.0,8,8,7,8,8,336,376,119,0.2635,0.0,0.3946,0.1939,T2,False,none
ae27a792-ce22-4871-a6a4-ac35ac33dbf8,2.0,0.2222222222222222,1.0,6298.7,3149.35,2098.6646422904255,37,0,2.0,1.0,14.0,2.0,1.0,0.5,2.0,1.0,14.0,2.0,1.0,0.5,0.2222222222222222,3149.35,4633.33,0.7356009970311335,1.0086111111111111,14.0,0.0,2.0,0.5,42.0,0.0,46.0,6,6.0,2,2,2,2,2,117,117,119,0.3255,0.0,0.3993,0.1775,T2,False,none
aee9bea8-f4ce-4896-9a34-0a9d5fe36a38,3.0,0.3333333333333333,3.0,7948.99,2649.6633333333334,1658.5374514111318,39,0,3.0,1.0,16.0,3.0,1.0,0.3333333333333333,3.0,1.0,13.0,3.0,1.0,0.3333333333333333,0.3333333333333333,2649.6633333333334,4547.15,0.5720412278792651,114.21138888888889,16.0,0.3333333333333333,3.0,0.3333333333333333,37.0,2.0,48.666666666666664,9,9.0,3,3,3,3,3,160,163,69,0.4288,0.0,0.2614,0.1292,T2,False,none
3689c8b7-f642-46e1-a5db-28a61e4aab8f,1.0,0.1111111111111111,1.0,2164.81,2164.81,0.0,94,0,1.0,1.0,9.0,1.0,1.0,1.0,1.0,1.0,6.0,1.0,1.0,1.0,0.1111111111111111,2164.81,2164.81,1.0,0.0,12.0,0.0,1.0,1.0,31.0,0.0,43.0,3,3.0,1,1,1,1,1,43,43,210,0.1869,0.0,0.5526,0.3216,T2,False,none
7d4e7ae7-1dc6-460d-9e3e-b24a48aac257,5.0,0.5555555555555556,5.0,13224.510000000002,2644.9020000000005,2052.073215475023,66,0,5.0,1.0,21.0,5.0,1.0,0.2,5.0,1.0,8.0,5.0,1.0,0.2,0.5555555555555556,2644.9020000000005,4959.31,0.37500897953875034,183.96805555555557,16.0,0.2,5.0,0.2,38.0,0.0,64.4,15,15.0,5,5,5,5,5,246,258,210,0.1869,0.0,0.5526,0.3216,T2,False,none
6135ad6d-fce5-450a-aa84-0b7c3d512e18,4.0,0.4444444444444444,4.0,12694.21,3173.5525,1308.4273322676352,41,0,4.0,1.0,18.0,4.0,1.0,0.25,4.0,1.0,15.0,4.0,1.0,0.25,0.4444444444444444,3173.5525,4267.0,0.336137498906982,220.10583333333332,10.0,0.0,4.0,0.25,36.0,3.0,45.75,12,12.0,4,4,4,4,4,207,220,210,0.1869,0.0,0.5526,0.3216,T2,False,none
4bc06893-474b-4d01-a448-9e26e76b1055,3.0,0.3333333333333333,3.0,6309.5,2103.1666666666665,590.6564318056083,41,1,3.0,1.0,21.0,3.0,1.0,0.3333333333333333,3.0,1.0,12.0,3.0,1.0,0.3333333333333333,0.3333333333333333,2103.1666666666665,2783.4,0.4411443062049291,138.78083333333333,2.0,0.0,3.0,0.3333333333333333,36.0,3.0,43.0,9,9.0,3,3,3,3,3,158,165,210,0.1869,0.0,0.5526,0.3216,T2,False,none
511b02b8-ea17-491a-92e3-4586932302c6,2.0,0.2222222222222222,2.0,3596.63,1798.315,347.6066225634949,47,1,2.0,1.0,21.0,2.0,1.0,0.5,2.0,1.0,6.0,2.0,1.0,0.5,0.2222222222222222,1798.315,2044.11,0.5683403630620887,47.95027777777778,2.0,0.5,2.0,0.5,43.0,2.0,64.0,6,6.0,2,2,2,2,2,116,119,160,0.1969,0.0,0.388,0.2723,T2,False,none
d9e52e0b-4ea0-4505-8870-a64ce896b712,5.0,0.5555555555555556,3.0,7421.26,1484.252,1537.7260324810788,18,1,5.0,1.0,24.0,5.0,1.0,0.2,5.0,1.0,11.0,5.0,1.0,0.2,0.5555555555555556,1484.252,3569.4,0.48096953886536786,138.50194444444443,5.0,0.0,5.0,0.2,34.0,1.0,58.8,15,15.0,5,5,5,5,5,229,246,124,0.2408,0.0806,0.3579,0.2431,T2,False,none
9f250c95-fe4c-4dd3-8520-d29afd68ccaa,5.0,0.5555555555555556,5.0,9820.349999999999,1964.0699999999997,1800.2138757381024,63,0,5.0,1.0,19.0,5.0,1.0,0.2,5.0,1.0,8.0,5.0,1.0,0.2,0.5555555555555556,1964.0699999999997,4962.74,0.5053526605467219,134.01388888888889,0.0,0.2,5.0,0.2,42.0,2.0,67.8,15,15.0,5,5,5,5,5,248,277,119,0.3255,0.0,0.3993,0.1775,T2,False,none
70bcc8a3-4810-4e8b-a99d-737edb535c94,4.0,0.4444444444444444,3.0,8380.7,2095.175,1439.7489839667653,56,1,4.0,1.0,12.0,4.0,1.0,0.25,4.0,1.0,8.0,4.0,1.0,0.25,0.4444444444444444,2095.175,3669.39,0.4378381280799933,72.18388888888889,22.0,0.0,4.0,0.25,40.0,0.0,39.5,12,12.0,4,4,4,4,4,178,187,124,0.2408,0.0806,0.3579,0.2431,T2,False,none
b6b84c93-24e8-44c1-a510-5591d3f764af,5.0,0.5555555555555556,5.0,18238.04,3647.608,1573.3838400943364,83,0,5.0,1.0,18.0,5.0,1.0,0.2,5.0,1.0,14.0,5.0,1.0,0.2,0.5555555555555556,3647.608,4698.64,0.2576285609637878,193.62333333333333,10.0,0.2,5.0,0.2,40.0,2.0,54.6,15,15.0,5,5,5,5,5,241,259,119,0.2635,0.0,0.3946,0.1939,T2,False,none
f3daf6bb-9c53-4ec9-91e5-30575088ad4e,2.0,0.2222222222222222,2.0,2032.9499999999998,1016.4749999999999,395.35047242921064,57,1,2.0,1.0,17.0,2.0,1.0,0.5,2.0,1.0,10.0,2.0,1.0,0.5,0.2222222222222222,1016.4749999999999,1296.03,0.6375119899653213,59.94611111111111,9.0,0.5,2.0,0.5,42.0,1.0,73.5,6,6.0,2,2,2,2,2,98,100,157,0.2333,0.0,0.3976,0.2695,T2,False,none
7dc6e5d3-d1bd-44ec-bfd6-7a7fda8853f7,3.0,0.3333333333333333,3.0,10885.23,3628.41,1098.9991085983645,97,1,3.0,1.0,14.0,3.0,1.0,0.3333333333333333,2.0,1.5,11.0,2.0,1.0,0.6666666666666666,0.3333333333333333,3628.41,4814.94,0.44233700160676437,27.700555555555557,3.0,0.6666666666666666,3.0,0.3333333333333333,41.0,0.0,56.333333333333336,8,9.0,3,2,3,3,2,142,147,211,0.1668,0.0,0.5966,0.3124,T2,False,none
d38b6f85-76b8-41c8-bb35-27dfcd5e879f,2.0,0.2222222222222222,2.0,9251.85,4625.925,57.46656810703102,87,0,2.0,1.0,20.0,2.0,1.0,0.5,2.0,1.0,10.0,2.0,1.0,0.5,0.2222222222222222,4625.925,4666.56,0.5043920945540622,136.95,5.0,0.0,2.0,0.5,46.0,3.0,63.0,6,6.0,2,2,2,2,2,131,134,80,0.4259,0.0,0.2617,0.1285,T2,False,none
9ff7aaf8-db08-47ed-bf09-214346f75afe,3.0,0.3333333333333333,3.0,8592.58,2864.193333333333,1221.91619615804,36,1,3.0,1.0,16.0,3.0,1.0,0.3333333333333333,3.0,1.0,7.0,3.0,1.0,0.3333333333333333,0.3333333333333333,2864.193333333333,3980.55,0.46325434270032984,101.1475,9.0,0.0,3.0,0.3333333333333333,40.0,3.0,62.666666666666664,9,9.0,3,3,3,3,3,139,147,157,0.2333,0.0,0.3976,0.2695,T2,False,none
e7a9cb61-83d2-470c-a3b7-d6bf9e4a40fe,6.0,0.6666666666666666,4.0,16753.85,2792.308333333333,1001.7302926919335,40,0,6.0,1.0,21.0,6.0,1.0,0.16666666666666666,6.0,1.0,9.0,6.0,1.0,0.16666666666666666,0.6666666666666666,2792.308333333333,4017.79,0.2398129385186092,202.9713888888889,4.0,0.0,6.0,0.16666666666666666,43.0,3.0,51.5,18,18.0,6,6,6,6,6,290,316,136,0.2576,0.0,0.4342,0.2507,T2,False,none
f04b9a7b-5065-453e-9e31-911743e39d10,4.0,0.4444444444444444,3.0,8253.31,2063.3275,1467.4459570599752,21,1,4.0,1.0,22.0,4.0,1.0,0.25,4.0,1.0,9.0,4.0,1.0,0.25,0.4444444444444444,2063.3275,3799.86,0.4604043710947487,93.38166666666666,4.0,0.25,4.0,0.25,41.0,1.0,69.0,12,12.0,4,4,4,4,4,203,217,211,0.1668,0.0,0.5966,0.3124,T2,False,none
8d17366d-0121-4478-9790-ba45bd2e4548,4.0,0.4444444444444444,2.0,11315.99,2828.9975,1914.8125807743345,38,0,4.0,1.0,12.0,4.0,1.0,0.25,4.0,1.0,10.0,4.0,1.0,0.25,0.4444444444444444,2828.9975,4690.28,0.41448251544937736,93.48277777777778,1.0,0.0,4.0,0.25,37.0,0.0,58.0,12,12.0,4,4,4,4,4,175,183,119,0.2253,0.0,0.3893,0.1815,T2,False,none
17f86271-ac64-4528-94b3-707396c7dde0,1.0,0.1111111111111111,1.0,907.74,907.74,0.0,88,0,1.0,1.0,14.0,1.0,1.0,1.0,1.0,1.0,5.0,1.0,1.0,1.0,0.1111111111111111,907.74,907.74,1.0,0.0,4.0,0.0,1.0,1.0,32.0,0.0,74.0,3,3.0,1,1,1,1,1,47,48,157,0.2333,0.0,0.3976,0.2695,T2,False,none
8dccc4f0-23a6-4ad3-af35-741c7ae06f55,2.0,0.2222222222222222,2.0,6417.07,3208.535,22.818335828889715,35,0,2.0,1.0,14.0,2.0,1.0,0.5,2.0,1.0,11.0,2.0,1.0,0.5,0.2222222222222222,3208.535,3224.67,0.502514387407337,102.34861111111111,1.0,0.0,2.0,0.5,28.0,2.0,52.5,6,6.0,2,2,2,2,2,85,88,119,0.2253,0.0,0.3893,0.1815,T2,False,none
5a3ba8dc-f44f-40bb-9365-0a9281123e77,2.0,0.2222222222222222,1.0,3156.17,1578.085,416.5919601360545,99,1,2.0,1.0,18.0,2.0,1.0,0.5,2.0,1.0,10.0,2.0,1.0,0.5,0.2222222222222222,1578.085,1872.66,0.5933330587389146,2.5933333333333333,3.0,0.0,2.0,0.5,37.0,0.0,48.5,6,6.0,2,2,2,2,2,119,120,211,0.1668,0.0,0.5966,0.3124,T2,False,none
1c900179-6ea0-4e48-a4b2-c1d9c31bebe2,4.0,0.4444444444444444,3.0,8970.65,2242.6625,1635.3782968959608,38,0,4.0,1.0,18.0,4.0,1.0,0.25,4.0,1.0,10.0,4.0,1.0,0.25,0.4444444444444444,2242.6625,3922.71,0.43728269411915527,116.75111111111111,10.0,0.25,4.0,0.25,42.0,0.0,66.0,12,12.0,4,4,4,4,4,199,204,119,0.3255,0.0,0.3993,0.1775,T2,False,none
19deec7a-384f-4652-b469-f60d4db94afc,3.0,0.3333333333333333,3.0,9047.56,3015.853333333333,2152.111864874438,97,1,3.0,1.0,20.0,3.0,1.0,0.3333333333333333,3.0,1.0,13.0,3.0,1.0,0.3333333333333333,0.3333333333333333,3015.853333333333,4364.48,0.48239304298617525,131.9736111111111,8.0,0.3333333333333333,3.0,0.3333333333333333,43.0,0.0,57.0,9,9.0,3,3,3,3,3,168,174,160,0.1969,0.0,0.388,0.2723,T2,False,none
bd37b104-2fd9-4be5-9dd5-08bc98334a3c,6.0,0.6666666666666666,3.0,19009.78,3168.2966666666666,1117.3900540038233,63,1,6.0,1.0,17.0,6.0,1.0,0.16666666666666666,6.0,1.0,10.0,6.0,1.0,0.16666666666666666,0.6666666666666666,3168.2966666666666,4550.09,0.23935521610455252,188.21138888888888,3.0,0.0,6.0,0.16666666666666666,40.0,0.0,41.666666666666664,18,18.0,6,6,6,6,6,296,312,112,0.2905,0.0,0.3574,0.1777,T2,False,none
62411f96-5508-4149-bf37-d46ae39ce94b,4.0,0.4444444444444444,4.0,13542.489999999998,3385.6224999999995,1722.695144985999,23,0,4.0,1.0,19.0,4.0,1.0,0.25,4.0,1.0,13.0,4.0,1.0,0.25,0.4444444444444444,3385.6224999999995,4963.98,0.366548544617718,160.1775,0.0,0.25,4.0,0.25,44.0,3.0,53.25,12,12.0,4,4,4,4,4,218,230,75,0.4631,0.0,0.2745,0.1623,T2,False,none
5153368a-0a92-4aa6-9425-2cfccc1eff4f,3.0,0.3333333333333333,3.0,6911.849999999999,2303.95,1613.7362827612199,11,0,3.0,1.0,19.0,3.0,1.0,0.3333333333333333,3.0,1.0,7.0,3.0,1.0,0.3333333333333333,0.3333333333333333,2303.95,3517.72,0.50894044286262,159.93027777777777,12.0,0.0,3.0,0.3333333333333333,38.0,3.0,58.333333333333336,9,9.0,3,3,3,3,3,146,150,160,0.1969,0.0,0.388,0.2723,T2,False,none
ddeea888-1622-4e0a-a328-2934f044ed82,1.0,0.1111111111111111,1.0,1448.4,1448.4,0.0,37,1,1.0,1.0,13.0,1.0,1.0,1.0,1.0,1.0,5.0,1.0,1.0,1.0,0.1111111111111111,1448.4,1448.4,1.0,0.0,11.0,0.0,1.0,1.0,31.0,3.0,73.0,3,3.0,1,1,1,1,1,46,46,160,0.1969,0.0,0.388,0.2723,T2,False,none
d81991b3-b19c-4e85-83da-7a728383aaea,1.0,0.1111111111111111,1.0,826.26,826.26,0.0,63,0,1.0,1.0,14.0,1.0,1.0,1.0,1.0,1.0,8.0,1.0,1.0,1.0,0.1111111111111111,826.26,826.26,1.0,0.0,13.0,0.0,1.0,1.0,28.0,1.0,64.0,3,3.0,1,1,1,1,1,46,47,136,0.2576,0.0,0.4342,0.2507,T2,False,none
f89cecca-d2be-48ce-8590-2205628cd744,5.0,0.5555555555555556,4.0,5607.66,1121.532,900.5941688796347,62,1,5.0,1.0,17.0,5.0,1.0,0.2,5.0,1.0,13.0,5.0,1.0,0.2,0.5555555555555556,1121.532,2111.37,0.3765153379484491,183.17888888888888,15.0,0.2,5.0,0.2,34.0,2.0,63.2,15,15.0,5,5,5,5,5,231,242,119,0.2635,0.0,0.3946,0.1939,T2,False,none
5949c262-fd98-4e65-a259-2e0ea30128a7,2.0,0.2222222222222222,2.0,5652.219999999999,2826.1099999999997,1828.5922782840357,18,0,2.0,1.0,16.0,2.0,1.0,0.5,2.0,1.0,7.0,2.0,1.0,0.5,0.2222222222222222,2826.1099999999997,4119.12,0.7287614424067005,133.2836111111111,6.0,0.5,2.0,0.5,40.0,1.0,62.0,6,6.0,2,2,2,2,2,110,113,124,0.2408,0.0806,0.3579,0.2431,T2,False,none
94a163d2-49b9-4e09-9fa0-dc5862cf0174,3.0,0.3333333333333333,3.0,3837.9900000000002,1279.3300000000002,1648.7301830196475,70,0,3.0,1.0,18.0,3.0,1.0,0.3333333333333333,3.0,1.0,9.0,3.0,1.0,0.3333333333333333,0.3333333333333333,1279.3300000000002,3182.05,0.8290928324461502,157.38111111111112,9.0,0.3333333333333333,3.0,0.3333333333333333,43.0,1.0,37.0,9,9.0,3,3,3,3,3,157,161,80,0.4259,0.0,0.2617,0.1285,T2,False,none
d8c8ed53-fcf2-4928-9a41-dd4154b198ff,6.0,0.6666666666666666,4.0,20661.51,3443.5849999999996,1707.356872627981,51,0,6.0,1.0,16.0,6.0,1.0,0.16666666666666666,6.0,1.0,13.0,6.0,1.0,0.16666666666666666,0.6666666666666666,3443.5849999999996,4862.42,0.23533710750085549,130.6038888888889,3.0,0.5,6.0,0.16666666666666666,39.0,2.0,66.16666666666667,18,18.0,6,6,6,6,6,271,297,211,0.1668,0.0,0.5966,0.3124,T2,False,none
7e81fb59-c712-4f07-9eb4-27f00c528c15,2.0,0.2222222222222222,2.0,6566.25,3283.125,702.8712115672403,85,1,2.0,1.0,19.0,2.0,1.0,0.5,2.0,1.0,9.0,2.0,1.0,0.5,0.2222222222222222,3283.125,3780.13,0.5756908433276223,69.57138888888889,1.0,0.5,2.0,0.5,41.0,3.0,22.0,6,6.0,2,2,2,2,2,107,109,124,0.2408,0.0806,0.3579,0.2431,T2,False,none
cb2130c0-0014-4702-b1fa-2de5d51d1187,4.0,0.4444444444444444,4.0,10887.4,2721.85,2016.1149900241307,31,0,4.0,1.0,19.0,4.0,1.0,0.25,4.0,1.0,11.0,4.0,1.0,0.25,0.4444444444444444,2721.85,4604.46,0.42291639877289344,168.02527777777777,2.0,0.0,4.0,0.25,43.0,3.0,49.5,12,12.0,4,4,4,4,4,204,212,160,0.1969,0.0,0.388,0.2723,T2,False,none
a7b7f065-b9dd-448e-9ed0-418db37de3d1,1.0,0.1111111111111111,1.0,4036.08,4036.08,0.0,35,0,1.0,1.0,18.0,1.0,1.0,1.0,1.0,1.0,5.0,1.0,1.0,1.0,0.1111111111111111,4036.08,4036.08,1.0,0.0,15.0,0.0,1.0,1.0,42.0,3.0,95.0,3,3.0,1,1,1,1,1,62,62,119,0.2635,0.0,0.3946,0.1939,T2,False,none
1735b6e2-2058-4562-ab55-5660c19d3309,6.0,0.6666666666666666,4.0,12570.73,2095.1216666666664,1444.7350964161794,30,0,6.0,1.0,16.0,6.0,1.0,0.16666666666666666,6.0,1.0,10.0,6.0,1.0,0.16666666666666666,0.6666666666666666,2095.1216666666664,4704.52,0.37424397787558883,95.60083333333333,2.0,0.3333333333333333,6.0,0.16666666666666666,37.0,1.0,57.166666666666664,18,18.0,6,6,6,6,6,268,291,210,0.1869,0.0,0.5526,0.3216,T2,False,none
01d86d4a-fdb2-4716-980d-13b0cc6fc387,4.0,0.4444444444444444,3.0,14477.849999999999,3619.4624999999996,1828.4822250412137,42,0,4.0,1.0,15.0,4.0,1.0,0.25,4.0,1.0,10.0,4.0,1.0,0.25,0.4444444444444444,3619.4624999999996,4586.22,0.3167749355049265,124.37666666666667,10.0,0.0,4.0,0.25,43.0,0.0,44.0,12,12.0,4,4,4,4,4,227,235,69,0.4288,0.0,0.2614,0.1292,T2,False,none
9d56502d-4cca-43fb-bff9-27a823d93412,3.0,0.3333333333333333,3.0,9143.32,3047.773333333333,2241.3399961258297,24,1,3.0,1.0,14.0,3.0,1.0,0.3333333333333333,3.0,1.0,10.0,3.0,1.0,0.3333333333333333,0.3333333333333333,3047.773333333333,4833.81,0.5286712047702585,77.915,1.0,0.3333333333333333,3.0,0.3333333333333333,44.0,3.0,52.0,9,9.0,3,3,3,3,3,158,163,124,0.2408,0.0806,0.3579,0.2431,T2,False,none
c82b1e8b-f3f5-43a1-abfa-519f03638663,6.0,0.6666666666666666,5.0,5677.63,946.2716666666666,1016.5111135726291,60,0,6.0,1.0,19.0,6.0,1.0,0.16666666666666666,6.0,1.0,10.0,6.0,1.0,0.16666666666666666,0.6666666666666666,946.2716666666666,2921.19,0.5145086946489996,178.02777777777777,9.0,0.3333333333333333,6.0,0.16666666666666666,43.0,2.0,49.833333333333336,18,18.0,6,6,6,6,6,300,322,112,0.2905,0.0,0.3574,0.1777,T2,False,none
9f95fbcb-b067-4897-9060-379c6bcc9791,3.0,0.3333333333333333,2.0,7244.33,2414.7766666666666,486.80717233144094,47,0,3.0,1.0,19.0,3.0,1.0,0.3333333333333333,3.0,1.0,7.0,3.0,1.0,0.3333333333333333,0.3333333333333333,2414.7766666666666,2829.22,0.3905426726833261,114.73194444444445,3.0,0.0,3.0,0.3333333333333333,29.0,1.0,53.333333333333336,9,9.0,3,3,3,3,3,131,136,157,0.2333,0.0,0.3976,0.2695,T2,False,none
54e18c39-5ac1-435d-86af-07b0c7e4c10d,4.0,0.4444444444444444,3.0,11849.58,2962.395,935.8367506319323,47,1,4.0,1.0,15.0,4.0,1.0,0.25,4.0,1.0,10.0,4.0,1.0,0.25,0.4444444444444444,2962.395,4069.78,0.3434535232472375,84.47111111111111,4.0,0.25,4.0,0.25,42.0,3.0,71.5,12,12.0,4,4,4,4,4,202,213,119,0.2635,0.0,0.3946,0.1939,T2,False,none
1e67bc70-9992-43f8-aeaf-0bc4c2d88268,2.0,0.2222222222222222,2.0,3110.91,1555.455,2183.453816422504,79,1,2.0,1.0,19.0,2.0,1.0,0.5,2.0,1.0,8.0,2.0,1.0,0.5,0.2222222222222222,1555.455,3099.39,0.9962969034784034,140.9275,19.0,0.0,2.0,0.5,34.0,1.0,24.0,6,6.0,2,2,2,2,2,108,112,160,0.1969,0.0,0.388,0.2723,T2,False,none
3a56839e-a20a-4d51-8485-f03b73610959,2.0,0.2222222222222222,2.0,3263.3100000000004,1631.6550000000002,1083.902771677423,96,0,2.0,1.0,22.0,2.0,1.0,0.5,2.0,1.0,7.0,2.0,1.0,0.5,0.2222222222222222,1631.6550000000002,2398.09,0.7348642942288658,78.98694444444445,5.0,0.0,2.0,0.5,34.0,2.0,35.0,6,6.0,2,2,2,2,2,102,104,80,0.3873,0.0,0.2639,0.1532,T2,False,none
667b94de-0fc7-4962-bd9f-0794b7625241,1.0,0.1111111111111111,1.0,3430.01,3430.01,0.0,35,0,1.0,1.0,12.0,1.0,1.0,1.0,1.0,1.0,4.0,1.0,1.0,1.0,0.1111111111111111,3430.01,3430.01,1.0,0.0,7.0,0.0,1.0,1.0,41.0,0.0,72.0,3,3.0,1,1,1,1,1,53,54,211,0.1668,0.0,0.5966,0.3124,T2,False,none
0d773103-9430-4225-a215-556566b0edc4,1.0,0.1111111111111111,1.0,4845.48,4845.48,0.0,33,0,1.0,1.0,13.0,1.0,1.0,1.0,1.0,1.0,6.0,1.0,1.0,1.0,0.1111111111111111,4845.48,4845.48,1.0,0.0,19.0,1.0,1.0,1.0,42.0,0.0,22.0,3,3.0,1,1,1,1,1,58,58,157,0.2333,0.0,0.3976,0.2695,T2,False,none
90eae21e-dcaa-4599-911e-458aa3bb45d2,1.0,0.1111111111111111,1.0,4320.12,4320.12,0.0,53,1,1.0,1.0,18.0,1.0,1.0,1.0,1.0,1.0,8.0,1.0,1.0,1.0,0.1111111111111111,4320.12,4320.12,1.0,0.0,22.0,0.0,1.0,1.0,37.0,0.0,53.0,3,3.0,1,1,1,1,1,60,60,119,0.2253,0.0,0.3893,0.1815,T2,False,none
2d6bc855-6c10-45b4-a8da-6a22392f6178,7.0,0.7777777777777778,6.0,17778.39,2539.77,1869.716337023703,49,1,7.0,1.0,22.0,7.0,1.0,0.14285714285714285,7.0,1.0,9.0,7.0,1.0,0.14285714285714285,0.7777777777777778,2539.77,4751.59,0.2672677334674287,221.76305555555555,1.0,0.14285714285714285,7.0,0.14285714285714285,44.0,0.0,65.85714285714286,21,21.0,7,7,7,7,7,311,343,75,0.4631,0.0,0.2745,0.1623,T2,False,none
67599c6a-96b4-414e-9a2c-f20b8101f342,3.0,0.3333333333333333,3.0,8709.89,2903.2966666666666,1201.8020164042553,46,0,3.0,1.0,14.0,3.0,1.0,0.3333333333333333,3.0,1.0,9.0,3.0,1.0,0.3333333333333333,0.3333333333333333,2903.2966666666666,4270.75,0.4903334026032476,79.6675,4.0,0.3333333333333333,3.0,0.3333333333333333,37.0,3.0,53.0,9,9.0,3,3,3,3,3,140,145,83,0.4146,0.0,0.3286,0.1462,T2,False,none
5e068638-549c-48c5-afb5-3a732782a6e9,1.0,0.1111111111111111,1.0,2647.21,2647.21,0.0,45,0,1.0,1.0,15.0,1.0,1.0,1.0,1.0,1.0,11.0,1.0,1.0,1.0,0.1111111111111111,2647.21,2647.21,1.0,0.0,8.0,0.0,1.0,1.0,25.0,2.0,18.0,3,3.0,1,1,1,1,1,47,48,112,0.2905,0.0,0.3574,0.1777,T2,False,none
af4e965e-a895-4d67-bc4d-319d5959587b,5.0,0.5555555555555556,4.0,12563.04,2512.608,1884.5562980367554,11,1,5.0,1.0,19.0,5.0,1.0,0.2,5.0,1.0,10.0,5.0,1.0,0.2,0.5555555555555556,2512.608,4979.26,0.3963419681860441,210.91861111111112,2.0,0.0,5.0,0.2,44.0,0.0,57.4,15,15.0,5,5,5,5,5,241,260,119,0.3255,0.0,0.3993,0.1775,T2,False,none
588117e3-48dc-41c9-85ae-e43b88091d7b,2.0,0.2222222222222222,2.0,4358.660000000001,2179.3300000000004,2946.132119542503,98,0,2.0,1.0,14.0,2.0,1.0,0.5,2.0,1.0,9.0,2.0,1.0,0.5,0.2222222222222222,2179.3300000000004,4262.56,0.9779519393575089,154.85333333333332,3.0,0.0,2.0,0.5,33.0,3.0,49.5,6,6.0,2,2,2,2,2,89,90,160,0.1969,0.0,0.388,0.2723,T2,False,none
8453cce7-59be-45f9-92e9-6f5241bf262b,2.0,0.2222222222222222,2.0,2501.12,1250.56,850.0979144780913,51,0,2.0,1.0,15.0,2.0,1.0,0.5,2.0,1.0,8.0,2.0,1.0,0.5,0.2222222222222222,1250.56,1851.67,0.7403363293244627,197.83555555555554,12.0,0.0,2.0,0.5,47.0,3.0,61.0,6,6.0,2,2,2,2,2,116,117,80,0.4937,0.0,0.285,0.1235,T2,False,none
ba67caae-f222-405e-92c5-c118019b960b,2.0,0.2222222222222222,2.0,6451.37,3225.685,2133.5603619419817,48,0,2.0,1.0,17.0,2.0,1.0,0.5,2.0,1.0,7.0,2.0,1.0,0.5,0.2222222222222222,3225.685,4734.34,0.7338503294649044,36.03777777777778,9.0,0.0,2.0,0.5,26.0,1.0,71.5,6,6.0,2,2,2,2,2,85,86,119,0.2253,0.0,0.3893,0.1815,T2,False,none
543500bf-23fa-4318-9e6e-b01c1c839a9e,2.0,0.2222222222222222,2.0,4103.96,2051.98,2676.568872418567,69,0,2.0,1.0,23.0,2.0,1.0,0.5,2.0,1.0,9.0,2.0,1.0,0.5,0.2222222222222222,2051.98,3944.6,0.9611692121755573,34.378055555555555,0.0,0.0,2.0,0.5,35.0,0.0,70.0,6,6.0,2,2,2,2,2,105,111,211,0.1668,0.0,0.5966,0.3124,T2,False,none
9ecd1eed-fe00-4f39-834c-44b7db4e65ea,1.0,0.1111111111111111,1.0,3724.81,3724.81,0.0,36,1,1.0,1.0,16.0,1.0,1.0,1.0,1.0,1.0,6.0,1.0,1.0,1.0,0.1111111111111111,3724.81,3724.81,1.0,0.0,3.0,0.0,1.0,1.0,22.0,2.0,15.0,3,3.0,1,1,1,1,1,41,41,160,0.1969,0.0,0.388,0.2723,T2,False,none
27137506-8e02-4c51-89b6-1a600d2507e5,5.0,0.5555555555555556,5.0,10559.14,2111.828,1532.1783372603857,10,1,5.0,1.0,22.0,5.0,1.0,0.2,5.0,1.0,14.0,5.0,1.0,0.2,0.5555555555555556,2111.828,4487.18,0.4249569567218543,206.7877777777778,2.0,0.2,5.0,0.2,37.0,0.0,67.2,15,15.0,5,5,5,5,5,253,270,210,0.1869,0.0,0.5526,0.3216,T2,False,none
6c2bd948-9e21-4e1b-80c9-162d9586eb41,3.0,0.3333333333333333,3.0,9052.619999999999,3017.5399999999995,2043.0964083224267,47,0,3.0,1.0,19.0,3.0,1.0,0.3333333333333333,3.0,1.0,12.0,3.0,1.0,0.3333333333333333,0.3333333333333333,3017.5399999999995,4479.07,0.49478162123230623,44.781666666666666,6.0,0.0,3.0,0.3333333333333333,43.0,1.0,53.0,9,9.0,3,3,3,3,3,175,186,210,0.1869,0.0,0.5526,0.3216,T2,False,none
ca36ee60-ba8b-4a9a-a496-b69a0906a67a,3.0,0.3333333333333333,3.0,9304.52,3101.5066666666667,1858.0774853685014,94,0,3.0,1.0,19.0,3.0,1.0,0.3333333333333333,3.0,1.0,9.0,3.0,1.0,0.3333333333333333,0.3333333333333333,3101.5066666666667,4615.71,0.49607180166198794,150.73694444444445,6.0,0.3333333333333333,3.0,0.3333333333333333,43.0,3.0,51.0,9,9.0,3,3,3,3,3,152,159,160,0.1969,0.0,0.388,0.2723,T2,False,none
4cc3de92-411a-43fb-bab2-a473579c0563,4.0,0.4444444444444444,3.0,5950.96,1487.74,1211.7977382110157,38,0,4.0,1.0,23.0,4.0,1.0,0.25,4.0,1.0,10.0,4.0,1.0,0.25,0.4444444444444444,1487.74,2994.9,0.5032633390242919,138.8113888888889,0.0,0.0,4.0,0.25,35.0,0.0,51.75,12,12.0,4,4,4,4,4,186,202,160,0.1969,0.0,0.388,0.2723,T2,False,none
062c6b72-a73a-48a4-a1d0-b2606f7baf0f,1.0,0.1111111111111111,1.0,1593.84,1593.84,0.0,31,1,1.0,1.0,9.0,1.0,1.0,1.0,1.0,1.0,12.0,1.0,1.0,1.0,0.1111111111111111,1593.84,1593.84,1.0,0.0,0.0,0.0,1.0,1.0,46.0,1.0,26.0,3,3.0,1,1,1,1,1,64,64,83,0.4146,0.0,0.3286,0.1462,T2,False,none
1243488d-2b6f-4f5a-816d-50db8c476119,4.0,0.4444444444444444,3.0,7715.5599999999995,1928.8899999999999,1207.0619942377994,58,0,4.0,1.0,19.0,4.0,1.0,0.25,4.0,1.0,11.0,4.0,1.0,0.25,0.4444444444444444,1928.8899999999999,2801.66,0.3631181664065862,70.22222222222223,1.0,0.25,4.0,0.25,46.0,1.0,53.75,12,12.0,4,4,4,4,4,202,211,83,0.4146,0.0,0.3286,0.1462,T2,False,none
dddbbcd2-a619-4233-aa7d-bf76fbee3e93,2.0,0.2222222222222222,2.0,8337.98,4168.99,760.1115055042908,89,1,2.0,1.0,15.0,2.0,1.0,0.5,2.0,1.0,9.0,2.0,1.0,0.5,0.2222222222222222,4168.99,4706.47,0.5644616561805138,43.034166666666664,18.0,0.0,2.0,0.5,36.0,0.0,47.5,6,6.0,2,2,2,2,2,107,109,124,0.2408,0.0806,0.3579,0.2431,T2,False,none
c1429cf8-985f-44c5-a3ce-48a86e12ea00,5.0,0.5555555555555556,3.0,13692.86,2738.572,1932.0932919944628,66,1,5.0,1.0,22.0,5.0,1.0,0.2,5.0,1.0,11.0,5.0,1.0,0.2,0.5555555555555556,2738.572,4979.83,0.36368077961799067,167.235,0.0,0.0,5.0,0.2,46.0,1.0,51.6,15,15.0,5,5,5,5,5,260,282,83,0.4146,0.0,0.3286,0.1462,T2,False,none
91834c63-d17c-4c49-a5e8-8def2d1e608d,1.0,0.1111111111111111,1.0,2983.33,2983.33,0.0,34,0,1.0,1.0,17.0,1.0,1.0,1.0,1.0,1.0,4.0,1.0,1.0,1.0,0.1111111111111111,2983.33,2983.33,1.0,0.0,9.0,0.0,1.0,1.0,36.0,0.0,77.0,3,3.0,1,1,1,1,1,54,54,124,0.2408,0.0806,0.3579,0.2431,T2,False,none
8412c03a-c4ee-4890-9cc6-140ce300cc38,1.0,0.1111111111111111,1.0,1926.93,1926.93,0.0,85,1,1.0,1.0,14.0,1.0,1.0,1.0,1.0,1.0,9.0,1.0,1.0,1.0,0.1111111111111111,1926.93,1926.93,1.0,0.0,17.0,1.0,1.0,1.0,29.0,3.0,98.0,3,3.0,1,1,1,1,1,48,49,83,0.4146,0.0,0.3286,0.1462,T2,False,none
72f964fe-f63a-4580-8cbd-b3736eed18be,3.0,0.3333333333333333,3.0,9309.630000000001,3103.2100000000005,571.8383033690556,44,0,3.0,1.0,25.0,3.0,1.0,0.3333333333333333,3.0,1.0,6.0,3.0,1.0,0.3333333333333333,0.3333333333333333,3103.2100000000005,3553.53,0.38170475088698474,150.86805555555554,5.0,0.0,3.0,0.3333333333333333,34.0,1.0,58.333333333333336,9,9.0,3,3,3,3,3,139,148,80,0.3873,0.0,0.2639,0.1532,T2,False,none
262fe531-4330-40fc-afc3-9accd8a1b919,2.0,0.2222222222222222,2.0,1992.58,996.29,42.87895521115215,61,1,2.0,1.0,12.0,2.0,1.0,0.5,2.0,1.0,8.0,2.0,1.0,0.5,0.2222222222222222,996.29,1026.61,0.5152164530407812,66.66027777777778,7.0,0.5,2.0,0.5,41.0,1.0,23.0,6,6.0,2,2,2,2,2,90,92,69,0.4288,0.0,0.2614,0.1292,T2,False,none
b2e9e236-2692-4f74-93d6-378e7912942c,1.0,0.1111111111111111,1.0,3092.11,3092.11,0.0,23,1,1.0,1.0,15.0,1.0,1.0,1.0,1.0,1.0,16.0,1.0,1.0,1.0,0.1111111111111111,3092.11,3092.11,1.0,0.0,10.0,0.0,1.0,1.0,28.0,0.0,20.0,3,3.0,1,1,1,1,1,56,56,211,0.1668,0.0,0.5966,0.3124,T2,False,none
22cf92a0-df59-4732-a6aa-55d3d35b8de4,3.0,0.3333333333333333,3.0,6876.39,2292.13,1748.3764488233078,46,0,3.0,1.0,15.0,3.0,1.0,0.3333333333333333,3.0,1.0,12.0,3.0,1.0,0.3333333333333333,0.3333333333333333,2292.13,4248.31,0.6178110898305652,168.96138888888888,9.0,0.3333333333333333,3.0,0.3333333333333333,42.0,1.0,33.0,9,9.0,3,3,3,3,3,165,169,157,0.2333,0.0,0.3976,0.2695,T2,False,none
f81e599c-93bc-4a74-8fa4-836eb68318be,3.0,0.3333333333333333,3.0,7747.18,2582.3933333333334,1033.4505949649133,75,1,2.0,1.5,12.0,2.0,1.0,0.6666666666666666,3.0,1.0,7.0,3.0,1.0,0.3333333333333333,0.3333333333333333,2582.3933333333334,3257.71,0.4205026861386982,135.80666666666667,9.0,0.0,3.0,0.3333333333333333,37.0,0.0,81.0,8,9.0,2,3,3,2,3,132,137,80,0.3873,0.0,0.2639,0.1532,T2,False,none
c662d6d0-2377-4978-8763-8e9eeabf03c8,2.0,0.2222222222222222,2.0,5462.91,2731.455,849.3271680865979,62,1,2.0,1.0,16.0,2.0,1.0,0.5,2.0,1.0,5.0,2.0,1.0,0.5,0.2222222222222222,2731.455,3332.02,0.6099349980138791,77.17166666666667,18.0,0.5,2.0,0.5,42.0,0.0,32.5,6,6.0,2,2,2,2,2,108,111,69,0.4288,0.0,0.2614,0.1292,T2,False,none
53958117-d41f-475a-8b9d-b2f009cb2dca,2.0,0.2222222222222222,2.0,4144.219999999999,2072.1099999999997,1340.3916144172192,22,1,2.0,1.0,18.0,2.0,1.0,0.5,2.0,1.0,9.0,2.0,1.0,0.5,0.2222222222222222,2072.1099999999997,3019.91,0.7287040745906348,165.14444444444445,13.0,0.0,2.0,0.5,37.0,1.0,45.5,6,6.0,2,2,2,2,2,103,105,160,0.1969,0.0,0.388,0.2723,T2,False,none
3ebcde14-dacc-4c00-89b1-78adfa14cf29,5.0,0.5555555555555556,5.0,11033.369999999999,2206.674,1449.1217313876705,79,0,5.0,1.0,25.0,5.0,1.0,0.2,5.0,1.0,9.0,5.0,1.0,0.2,0.5555555555555556,2206.674,4064.4,0.36837339815487025,182.73611111111111,0.0,0.2,5.0,0.2,42.0,0.0,44.8,15,15.0,5,5,5,5,5,261,285,211,0.1668,0.0,0.5966,0.3124,T2,False,none
b97ee985-fe7d-457e-aa68-22e6d9cc07c4,3.0,0.3333333333333333,3.0,11081.55,3693.85,1026.9326973078616,71,1,3.0,1.0,16.0,3.0,1.0,0.3333333333333333,3.0,1.0,10.0,3.0,1.0,0.3333333333333333,0.3333333333333333,3693.85,4343.61,0.3919677301460536,166.85361111111112,1.0,0.0,3.0,0.3333333333333333,40.0,1.0,31.666666666666668,9,9.0,3,3,3,3,3,154,165,124,0.2408,0.0806,0.3579,0.2431,T2,False,none
db33b6ef-b027-420e-a55c-29bd8dbbadda,0.0,0.0,0.0,0.0,0.0,0.0,12,0,0.0,0.0,0.0,0.0,0.0,0.0,0.0,0.0,0.0,0.0,0.0,0.0,0.0,0.0,0.0,0.0,0.0,0.0,0.0,0.0,0.0,0.0,0.0,0.0,0,0.0,0,0,0,0,0,0,0,1,0.0,0.0,0.0,0.0,T2,False,none
20004290-96a4-4d3d-bfd1-5c1261e51dcb,5.0,0.5555555555555556,5.0,13784.38,2756.8759999999997,1622.0885935052993,49,1,5.0,1.0,22.0,5.0,1.0,0.2,5.0,1.0,9.0,5.0,1.0,0.2,0.5555555555555556,2756.8759999999997,4656.95,0.3378425435166471,148.84222222222223,2.0,0.4,5.0,0.2,42.0,0.0,41.6,15,15.0,5,5,5,5,5,260,269,69,0.4288,0.0,0.2614,0.1292,T2,False,none
2d3c4c1f-8518-4476-99d9-a26170c78fdf,1.0,0.1111111111111111,1.0,3350.36,3350.36,0.0,53,0,1.0,1.0,18.0,1.0,1.0,1.0,1.0,1.0,13.0,1.0,1.0,1.0,0.1111111111111111,3350.36,3350.36,1.0,0.0,21.0,1.0,1.0,1.0,37.0,2.0,64.0,3,3.0,1,1,1,1,1,65,65,80,0.4259,0.0,0.2617,0.1285,T2,False,none
bb30cf0c-852d-4a50-83de-3206183df00e,3.0,0.3333333333333333,3.0,7291.1,2430.366666666667,1918.845730571724,73,0,3.0,1.0,19.0,3.0,1.0,0.3333333333333333,3.0,1.0,8.0,3.0,1.0,0.3333333333333333,0.3333333333333333,2430.366666666667,4623.72,0.6341594546776207,173.28583333333333,12.0,0.0,3.0,0.3333333333333333,35.0,3.0,65.33333333333333,9,9.0,3,3,3,3,3,138,143,210,0.1869,0.0,0.5526,0.3216,T2,False,none
9b92395b-8245-4d1d-8cb7-e6fe99660407,5.0,0.5555555555555556,5.0,15735.11,3147.022,1351.763077621223,89,1,5.0,1.0,19.0,5.0,1.0,0.2,5.0,1.0,15.0,5.0,1.0,0.2,0.5555555555555556,3147.022,4473.8,0.28431958848714756,151.48361111111112,3.0,0.2,5.0,0.2,43.0,0.0,46.4,15,15.0,5,5,5,5,5,264,284,80,0.3873,0.0,0.2639,0.1532,T2,False,none
676d69af-2628-4a2c-a2ab-01f02185095f,1.0,0.1111111111111111,1.0,2255.11,2255.11,0.0,87,1,1.0,1.0,14.0,1.0,1.0,1.0,1.0,1.0,4.0,1.0,1.0,1.0,0.1111111111111111,2255.11,2255.11,1.0,0.0,5.0,0.0,1.0,1.0,44.0,2.0,30.0,3,3.0,1,1,1,1,1,58,59,119,0.3255,0.0,0.3993,0.1775,T2,False,none
bf3171bc-a692-4c04-823f-7098a99fe31a,4.0,0.4444444444444444,3.0,11029.09,2757.2725,1911.788332519668,11,1,4.0,1.0,17.0,4.0,1.0,0.25,4.0,1.0,10.0,4.0,1.0,0.25,0.4444444444444444,2757.2725,4461.39,0.40451116093893513,177.4711111111111,4.0,0.5,4.0,0.25,44.0,2.0,37.75,12,12.0,4,4,4,4,4,230,241,119,0.3255,0.0,0.3993,0.1775,T2,False,none
a075e575-9f42-46ec-bcc5-7688f4b80ef0,4.0,0.4444444444444444,3.0,7131.389999999999,1782.8474999999999,763.6525855987569,48,1,4.0,1.0,18.0,4.0,1.0,0.25,4.0,1.0,6.0,4.0,1.0,0.25,0.4444444444444444,1782.8474999999999,2499.31,0.3504660381776905,187.48583333333335,18.0,0.0,4.0,0.25,44.0,0.0,60.0,12,12.0,4,4,4,4,4,195,210,75,0.4631,0.0,0.2745,0.1623,T2,False,none
5c29c7ac-8ce7-480a-9d17-995b6f3dc9cc,3.0,0.3333333333333333,3.0,6931.36,2310.4533333333334,1576.9928909266944,10,0,3.0,1.0,13.0,3.0,1.0,0.3333333333333333,3.0,1.0,7.0,3.0,1.0,0.3333333333333333,0.3333333333333333,2310.4533333333334,4116.73,0.5939281757115487,90.8963888888889,4.0,0.3333333333333333,3.0,0.3333333333333333,38.0,2.0,69.66666666666667,9,9.0,3,3,3,3,3,139,141,211,0.1668,0.0,0.5966,0.3124,T2,False,none
a5285e7c-5a12-4aef-80e1-59eda40f0c84,3.0,0.3333333333333333,3.0,5393.92,1797.9733333333334,1299.4694278948364,48,0,3.0,1.0,18.0,3.0,1.0,0.3333333333333333,3.0,1.0,11.0,3.0,1.0,0.3333333333333333,0.3333333333333333,1797.9733333333334,3177.07,0.5890094773374466,171.90694444444443,15.0,0.3333333333333333,3.0,0.3333333333333333,40.0,0.0,54.666666666666664,9,9.0,3,3,3,3,3,161,165,119,0.2253,0.0,0.3893,0.1815,T2,False,none
3c9085c1-8a0d-4126-b58b-fae614c38fc8,5.0,0.5555555555555556,4.0,12275.11,2455.022,1678.9246129799874,30,1,5.0,1.0,15.0,5.0,1.0,0.2,5.0,1.0,9.0,5.0,1.0,0.2,0.5555555555555556,2455.022,4524.47,0.36858895765496197,219.64055555555555,8.0,0.4,5.0,0.2,36.0,0.0,51.6,15,15.0,5,5,5,5,5,220,232,119,0.2635,0.0,0.3946,0.1939,T2,False,none
8dafc0f1-ea84-4dcb-9093-cfcaed1e0362,13.0,1.4444444444444444,8.0,21084.28,1621.8676923076923,1558.6848601313109,0,1,7.0,1.8571428571428572,25.0,7.0,1.0,0.3076923076923077,6.0,2.1666666666666665,19.0,6.0,1.0,0.38461538461538464,1.4444444444444444,1621.8676923076923,4993.66,0.23684280421242745,192.25277777777777,19.0,0.23076923076923078,5.0,0.6923076923076923,43.0,1.0,42.15384615384615,18,39.0,7,6,5,7,6,266,337,124,0.2408,0.0806,0.3579,0.2431,T2,True,cluster_001
c6211280-c1b3-4db7-a8ba-8ebaf84109cf,9.0,1.0,6.0,17862.9,1984.7666666666669,1251.6827762156831,15,0,9.0,1.0,19.0,9.0,1.0,0.1111111111111111,9.0,1.0,10.0,9.0,1.0,0.1111111111111111,1.0,1984.7666666666669,4188.73,0.23449327936673212,160.82972222222222,12.0,0.1111111111111111,9.0,0.1111111111111111,44.0,3.0,58.333333333333336,27,27.0,9,9,9,9,9,399,456,136,0.2576,0.0,0.4342,0.2507,T2,False,none
ef5206a7-7e8c-4207-a64a-55742e7196a2,5.0,0.5555555555555556,4.0,12919.69,2583.938,1304.3972902340759,86,1,5.0,1.0,17.0,5.0,1.0,0.2,5.0,1.0,8.0,5.0,1.0,0.2,0.5555555555555556,2583.938,4053.36,0.3137350818788996,200.6688888888889,2.0,0.2,5.0,0.2,47.0,3.0,51.2,15,15.0,5,5,5,5,5,261,283,80,0.4937,0.0,0.285,0.1235,T2,False,none
2d564999-3234-4811-9a0e-7adeb8107dbc,4.0,0.4444444444444444,3.0,7021.61,1755.4025,1877.0319737531554,59,0,4.0,1.0,23.0,4.0,1.0,0.25,4.0,1.0,7.0,4.0,1.0,0.25,0.4444444444444444,1755.4025,4304.69,0.6130631009127536,133.07694444444445,0.0,0.0,4.0,0.25,42.0,0.0,54.0,12,12.0,4,4,4,4,4,203,215,69,0.4288,0.0,0.2614,0.1292,T2,False,none
ea9b4639-5833-4540-863f-8f83233ded7c,3.0,0.3333333333333333,3.0,7787.110000000001,2595.7033333333334,1654.0990577753598,46,0,3.0,1.0,21.0,3.0,1.0,0.3333333333333333,3.0,1.0,9.0,3.0,1.0,0.3333333333333333,0.3333333333333333,2595.7033333333334,3584.17,0.4602695993764053,206.61805555555554,13.0,0.0,2.0,0.6666666666666666,37.0,3.0,66.0,8,9.0,3,3,2,3,3,128,132,80,0.4937,0.0,0.285,0.1235,T2,False,none
1ae486dd-663f-4338-afe8-4e1f5ec0ab98,1.0,0.1111111111111111,1.0,2200.31,2200.31,0.0,36,1,1.0,1.0,15.0,1.0,1.0,1.0,1.0,1.0,5.0,1.0,1.0,1.0,0.1111111111111111,2200.31,2200.31,1.0,0.0,18.0,0.0,1.0,1.0,35.0,3.0,26.0,3,3.0,1,1,1,1,1,52,52,157,0.2333,0.0,0.3976,0.2695,T2,False,none
ab65effb-0f85-4e32-a4a1-121ed71a21d8,2.0,0.2222222222222222,2.0,1838.54,919.27,1229.1778598721994,65,0,2.0,1.0,15.0,2.0,1.0,0.5,2.0,1.0,13.0,2.0,1.0,0.5,0.2222222222222222,919.27,1788.43,0.972744677842201,44.318888888888885,20.0,0.5,2.0,0.5,38.0,0.0,81.0,6,6.0,2,2,2,2,2,108,113,124,0.2408,0.0806,0.3579,0.2431,T2,False,none
2c2dbf69-a853-4e04-a698-d056ca2c55bc,2.0,0.2222222222222222,2.0,8042.32,4021.16,399.1052094373112,29,0,2.0,1.0,19.0,2.0,1.0,0.5,2.0,1.0,13.0,2.0,1.0,0.5,0.2222222222222222,4021.16,4303.37,0.5350906206169365,27.975277777777777,3.0,0.5,2.0,0.5,28.0,2.0,51.5,6,6.0,2,2,2,2,2,100,102,69,0.4288,0.0,0.2614,0.1292,T2,False,none
eea35d15-33ec-491f-bf5a-47b9031b4629,1.0,0.1111111111111111,1.0,317.01,317.01,0.0,22,1,1.0,1.0,11.0,1.0,1.0,1.0,1.0,1.0,4.0,1.0,1.0,1.0,0.1111111111111111,317.01,317.01,1.0,0.0,0.0,0.0,1.0,1.0,35.0,0.0,25.0,3,3.0,1,1,1,1,1,47,47,211,0.1668,0.0,0.5966,0.3124,T2,False,none
b40ee5d6-748d-4a45-aa7a-e482816032f4,3.0,0.3333333333333333,2.0,9800.29,3266.763333333334,785.7455950454531,95,1,3.0,1.0,19.0,3.0,1.0,0.3333333333333333,3.0,1.0,10.0,3.0,1.0,0.3333333333333333,0.3333333333333333,3266.763333333334,4140.29,0.4224660698816055,151.30805555555557,11.0,0.0,3.0,0.3333333333333333,46.0,2.0,36.333333333333336,9,9.0,3,3,3,3,3,157,160,119,0.2253,0.0,0.3893,0.1815,T2,False,none
58085994-be24-47a0-be21-62a909dd8afd,2.0,0.2222222222222222,2.0,8963.400000000001,4481.700000000001,593.531289992364,91,0,2.0,1.0,18.0,2.0,1.0,0.5,2.0,1.0,6.0,2.0,1.0,0.5,0.2222222222222222,4481.700000000001,4901.39,0.5468226342682464,137.19916666666666,2.0,0.0,2.0,0.5,34.0,0.0,62.0,6,6.0,2,2,2,2,2,99,101,157,0.2333,0.0,0.3976,0.2695,T2,False,none
dde12447-39b5-441a-9387-97c5c0f10fa8,2.0,0.2222222222222222,2.0,6333.32,3166.66,1675.6309393777622,41,1,2.0,1.0,13.0,2.0,1.0,0.5,2.0,1.0,16.0,2.0,1.0,0.5,0.2222222222222222,3166.66,4351.51,0.6870819728041533,80.57833333333333,4.0,0.5,2.0,0.5,47.0,0.0,64.5,6,6.0,2,2,2,2,2,115,119,80,0.4937,0.0,0.285,0.1235,T2,False,none
13cc13d3-baad-4e18-9bb9-7d7b1d34d046,2.0,0.2222222222222222,2.0,5143.71,2571.855,1708.150780244531,94,0,2.0,1.0,13.0,2.0,1.0,0.5,2.0,1.0,8.0,2.0,1.0,0.5,0.2222222222222222,2571.855,3779.7,0.7348198090483328,74.6763888888889,6.0,0.0,2.0,0.5,39.0,0.0,83.5,6,6.0,2,2,2,2,2,103,106,112,0.2905,0.0,0.3574,0.1777,T2,False,none
8fc2d24e-54b8-4fbd-b457-428c4586a4c6,3.0,0.3333333333333333,3.0,2681.2099999999996,893.7366666666666,1082.945283997919,22,1,3.0,1.0,18.0,3.0,1.0,0.3333333333333333,3.0,1.0,10.0,3.0,1.0,0.3333333333333333,0.3333333333333333,893.7366666666666,2133.99,0.7959055799433838,110.45555555555555,10.0,0.3333333333333333,3.0,0.3333333333333333,41.0,1.0,35.0,9,9.0,3,3,3,3,3,161,167,69,0.4288,0.0,0.2614,0.1292,T2,False,none
e623870b-7758-476a-af81-d40b37ea7830,4.0,0.4444444444444444,3.0,8393.029999999999,2098.2574999999997,1926.476277254667,69,1,4.0,1.0,18.0,4.0,1.0,0.25,4.0,1.0,10.0,4.0,1.0,0.25,0.4444444444444444,2098.2574999999997,4670.58,0.5564831771124374,227.25555555555556,1.0,0.0,4.0,0.25,35.0,2.0,37.0,12,12.0,4,4,4,4,4,192,203,211,0.1668,0.0,0.5966,0.3124,T2,False,none
4d19425a-d08b-4318-bad4-e6b49ec4897c,4.0,0.4444444444444444,4.0,11104.3,2776.075,501.7637590539996,35,1,4.0,1.0,20.0,4.0,1.0,0.25,4.0,1.0,11.0,4.0,1.0,0.25,0.4444444444444444,2776.075,3502.15,0.31538683212809454,174.40527777777777,3.0,0.25,4.0,0.25,37.0,1.0,29.25,12,12.0,4,4,4,4,4,197,209,160,0.1969,0.0,0.388,0.2723,T2,False,none
2b74f601-d7ec-4235-8cb1-89e5edb889f7,6.0,0.6666666666666666,6.0,14480.27,2413.3783333333336,1838.8206203914144,73,0,6.0,1.0,16.0,6.0,1.0,0.16666666666666666,6.0,1.0,11.0,6.0,1.0,0.16666666666666666,0.6666666666666666,2413.3783333333336,4710.04,0.32527294035263155,201.02166666666668,6.0,0.16666666666666666,6.0,0.16666666666666666,37.0,0.0,48.833333333333336,18,18.0,6,6,6,6,6,279,299,75,0.4631,0.0,0.2745,0.1623,T2,False,none
cb484d40-62e2-4795-b84f-0b436d27c5b1,4.0,0.4444444444444444,4.0,12516.779999999999,3129.1949999999997,525.8908743899882,55,1,4.0,1.0,15.0,4.0,1.0,0.25,4.0,1.0,14.0,4.0,1.0,0.25,0.4444444444444444,3129.1949999999997,3829.2,0.3059253258425889,157.03722222222223,1.0,0.25,4.0,0.25,39.0,2.0,69.5,12,12.0,4,4,4,4,4,191,202,119,0.2635,0.0,0.3946,0.1939,T2,False,none
26baf53d-fc27-4a08-ab03-1283930ff26e,4.0,0.4444444444444444,4.0,10467.18,2616.795,1841.1096297885144,37,1,3.0,1.3333333333333333,16.0,3.0,1.0,0.5,4.0,1.0,15.0,4.0,1.0,0.25,0.4444444444444444,2616.795,4976.92,0.4754785911773754,222.8636111111111,9.0,0.0,4.0,0.25,35.0,1.0,63.5,11,12.0,3,4,4,3,4,185,193,112,0.2905,0.0,0.3574,0.1777,T2,False,none
84c251fb-f5ba-4a57-a8af-b93cb00cfd9b,3.0,0.3333333333333333,3.0,7566.66,2522.22,1841.4342147630475,53,0,3.0,1.0,21.0,3.0,1.0,0.3333333333333333,3.0,1.0,14.0,3.0,1.0,0.3333333333333333,0.3333333333333333,2522.22,4640.39,0.6132679412052346,126.45083333333334,10.0,0.0,3.0,0.3333333333333333,35.0,0.0,30.666666666666668,9,9.0,3,3,3,3,3,155,161,211,0.1668,0.0,0.5966,0.3124,T2,False,none
0cac19ed-6b8a-4bfa-9afa-1a1af1f7a3fa,1.0,0.1111111111111111,1.0,3107.77,3107.77,0.0,18,0,1.0,1.0,14.0,1.0,1.0,1.0,1.0,1.0,8.0,1.0,1.0,1.0,0.1111111111111111,3107.77,3107.77,1.0,0.0,19.0,0.0,1.0,1.0,31.0,3.0,34.0,3,3.0,1,1,1,1,1,49,50,160,0.1969,0.0,0.388,0.2723,T2,False,none
e0b6dbd5-7ba7-42ac-b249-a2625d16d5da,2.0,0.2222222222222222,1.0,3157.46,1578.73,201.2001635188202,38,1,2.0,1.0,18.0,2.0,1.0,0.5,2.0,1.0,11.0,2.0,1.0,0.5,0.2222222222222222,1578.73,1721.0,0.545058369702229,23.767777777777777,0.0,0.0,2.0,0.5,29.0,1.0,39.5,6,6.0,2,2,2,2,2,92,96,211,0.1668,0.0,0.5966,0.3124,T2,False,none
c8caac27-7f89-4d4b-a1e5-16c3218f74dc,6.0,0.6666666666666666,4.0,18644.34,3107.39,1515.812754095967,11,0,6.0,1.0,19.0,6.0,1.0,0.16666666666666666,6.0,1.0,14.0,6.0,1.0,0.16666666666666666,0.6666666666666666,3107.39,4738.43,0.2541484439781725,208.26305555555555,12.0,0.0,6.0,0.16666666666666666,40.0,1.0,57.666666666666664,18,18.0,6,6,6,6,6,300,323,210,0.1869,0.0,0.5526,0.3216,T2,False,none
596e2f44-ce99-401a-a669-9794deafc169,2.0,0.2222222222222222,2.0,5889.09,2944.545,1901.657621984042,43,0,2.0,1.0,25.0,2.0,1.0,0.5,2.0,1.0,6.0,2.0,1.0,0.5,0.2222222222222222,2944.545,4289.22,0.7283332399402964,130.06472222222223,12.0,0.0,2.0,0.5,46.0,1.0,20.5,6,6.0,2,2,2,2,2,119,122,83,0.4146,0.0,0.3286,0.1462,T2,False,none
fd5ac99e-0c27-422a-a115-6d69f2748fd3,3.0,0.3333333333333333,3.0,6870.91,2290.3033333333333,1044.7910709961745,40,1,3.0,1.0,19.0,3.0,1.0,0.3333333333333333,3.0,1.0,9.0,3.0,1.0,0.3333333333333333,0.3333333333333333,2290.3033333333333,3007.0,0.43764217549058276,120.82777777777778,2.0,0.3333333333333333,3.0,0.3333333333333333,44.0,1.0,63.666666666666664,9,9.0,3,3,3,3,3,151,158,160,0.1969,0.0,0.388,0.2723,T2,False,none
fd898342-a004-484d-87aa-1cce64eb7252,5.0,0.5555555555555556,4.0,13639.96,2727.9919999999997,2269.622782329698,26,0,5.0,1.0,22.0,5.0,1.0,0.2,5.0,1.0,8.0,5.0,1.0,0.2,0.5555555555555556,2727.9919999999997,4916.5,0.36044827110929945,169.66027777777776,21.0,0.2,5.0,0.2,47.0,1.0,67.0,15,15.0,5,5,5,5,5,273,286,80,0.4937,0.0,0.285,0.1235,T2,False,none
06d2a350-5e7b-4219-8e8f-50a43fc03a53,3.0,0.3333333333333333,3.0,7794.12,2598.04,1174.6816186524757,63,0,3.0,1.0,21.0,3.0,1.0,0.3333333333333333,3.0,1.0,15.0,3.0,1.0,0.3333333333333333,0.3333333333333333,2598.04,3512.06,0.4506037884969695,145.57944444444445,5.0,0.3333333333333333,3.0,0.3333333333333333,33.0,3.0,62.666666666666664,9,9.0,3,3,3,3,3,148,152,136,0.2576,0.0,0.4342,0.2507,T2,False,none
92918af0-be8b-4e47-8832-1e5f6ee56465,3.0,0.3333333333333333,1.0,13666.74,4555.58,455.42021134332606,92,1,3.0,1.0,18.0,3.0,1.0,0.3333333333333333,3.0,1.0,9.0,3.0,1.0,0.3333333333333333,0.3333333333333333,4555.58,4931.23,0.36081977121098374,10.045,4.0,1.0,3.0,0.3333333333333333,44.0,1.0,47.666666666666664,9,9.0,3,3,3,3,3,169,176,160,0.1969,0.0,0.388,0.2723,T2,False,none
748dc61a-5974-4a94-bf37-ea5cfe03c39f,1.0,0.1111111111111111,1.0,2426.3,2426.3,0.0,50,1,1.0,1.0,10.0,1.0,1.0,1.0,1.0,1.0,6.0,1.0,1.0,1.0,0.1111111111111111,2426.3,2426.3,1.0,0.0,13.0,0.0,1.0,1.0,33.0,3.0,43.0,3,3.0,1,1,1,1,1,46,46,119,0.2253,0.0,0.3893,0.1815,T2,False,none
5d40b9a9-0b8d-4338-98c4-b9f4ec5f8d6f,5.0,0.5555555555555556,5.0,8317.39,1663.4779999999998,1486.8940985389647,88,1,4.0,1.25,18.0,4.0,1.0,0.4,5.0,1.0,15.0,5.0,1.0,0.2,0.5555555555555556,1663.4779999999998,3983.98,0.4789940113425005,117.57888888888888,23.0,0.4,5.0,0.2,37.0,0.0,65.8,14,15.0,4,5,5,4,5,252,263,210,0.1869,0.0,0.5526,0.3216,T2,False,none
2ab5dd49-7cc2-44dc-8647-25b94a5364f1,5.0,0.5555555555555556,3.0,14654.25,2930.85,1443.634979297052,16,1,5.0,1.0,14.0,5.0,1.0,0.2,5.0,1.0,9.0,5.0,1.0,0.2,0.5555555555555556,2930.85,4147.67,0.2830352969275125,109.245,1.0,0.2,5.0,0.2,40.0,1.0,42.4,15,15.0,5,5,5,5,5,231,248,124,0.2408,0.0806,0.3579,0.2431,T2,False,none
2d0f180b-61c6-4714-88db-b92dcc81bfc2,4.0,0.4444444444444444,3.0,9753.039999999999,2438.2599999999998,1493.4077464644408,64,1,4.0,1.0,18.0,4.0,1.0,0.25,4.0,1.0,8.0,4.0,1.0,0.25,0.4444444444444444,2438.2599999999998,4598.29,0.47147248447663503,180.18416666666667,12.0,0.0,4.0,0.25,40.0,2.0,69.5,12,12.0,4,4,4,4,4,202,215,210,0.1869,0.0,0.5526,0.3216,T2,False,none
67dad8c3-ff9d-43d3-8e70-9f44332927dd,6.0,0.6666666666666666,4.0,11677.289999999999,1946.215,1591.452642685292,26,1,6.0,1.0,21.0,6.0,1.0,0.16666666666666666,6.0,1.0,15.0,6.0,1.0,0.16666666666666666,0.6666666666666666,1946.215,4307.65,0.3688912410328081,206.55583333333334,13.0,0.16666666666666666,6.0,0.16666666666666666,39.0,1.0,59.333333333333336,18,18.0,6,6,6,6,6,284,313,112,0.2905,0.0,0.3574,0.1777,T2,False,none
16b7e926-9640-4f59-9e0b-b757562980d9,0.0,0.0,0.0,0.0,0.0,0.0,73,0,0.0,0.0,0.0,0.0,0.0,0.0,0.0,0.0,0.0,0.0,0.0,0.0,0.0,0.0,0.0,0.0,0.0,0.0,0.0,0.0,0.0,0.0,0.0,0.0,0,0.0,0,0,0,0,0,0,0,1,0.0,0.0,0.0,0.0,T2,False,none
68a6b9f3-759c-41e1-85e0-3177f55cce64,5.0,0.5555555555555556,4.0,10895.07,2179.014,1273.1297454226728,57,0,5.0,1.0,22.0,5.0,1.0,0.2,5.0,1.0,10.0,5.0,1.0,0.2,0.5555555555555556,2179.014,3920.37,0.3598297211491069,147.1977777777778,2.0,0.2,5.0,0.2,44.0,0.0,37.6,15,15.0,5,5,5,5,5,269,289,157,0.2333,0.0,0.3976,0.2695,T2,False,none
26c63c17-f333-44f3-9731-18c9ad811210,4.0,0.4444444444444444,4.0,4799.73,1199.9325,943.8921815678949,50,0,4.0,1.0,19.0,4.0,1.0,0.25,4.0,1.0,10.0,4.0,1.0,0.25,0.4444444444444444,1199.9325,2308.47,0.48095830390459465,198.41361111111112,6.0,0.0,4.0,0.25,41.0,0.0,46.25,12,12.0,4,4,4,4,4,199,209,210,0.1869,0.0,0.5526,0.3216,T2,False,none
17380e72-8302-420e-9f0f-9928ac5dd65d,3.0,0.3333333333333333,3.0,8050.41,2683.47,863.7254550492303,29,1,3.0,1.0,14.0,3.0,1.0,0.3333333333333333,3.0,1.0,11.0,3.0,1.0,0.3333333333333333,0.3333333333333333,2683.47,3247.31,0.40337200217131797,52.17138888888889,2.0,0.0,3.0,0.3333333333333333,44.0,0.0,54.666666666666664,9,9.0,3,3,3,3,3,166,174,75,0.4631,0.0,0.2745,0.1623,T2,False,none
d15cb855-66a7-457f-b72e-8cc9f73e5b0a,3.0,0.3333333333333333,3.0,5928.969999999999,1976.323333333333,663.5544865595692,46,0,3.0,1.0,16.0,3.0,1.0,0.3333333333333333,3.0,1.0,11.0,3.0,1.0,0.3333333333333333,0.3333333333333333,1976.323333333333,2446.83,0.4126905685135867,156.9088888888889,9.0,0.3333333333333333,3.0,0.3333333333333333,36.0,0.0,66.33333333333333,9,9.0,3,3,3,3,3,147,149,119,0.2253,0.0,0.3893,0.1815,T2,False,none
9c0e1fca-8365-479c-968a-471625aa5b94,2.0,0.2222222222222222,2.0,2667.42,1333.71,1132.318372985266,68,1,2.0,1.0,22.0,2.0,1.0,0.5,2.0,1.0,10.0,2.0,1.0,0.5,0.2222222222222222,1333.71,2134.38,0.800166452977034,120.1525,2.0,0.0,2.0,0.5,29.0,1.0,17.5,6,6.0,2,2,2,2,2,102,105,210,0.1869,0.0,0.5526,0.3216,T2,False,none
f953a46c-debe-4767-81ed-66bfe6c2c42a,5.0,0.5555555555555556,4.0,13280.85,2656.17,1753.6248619930088,67,1,5.0,1.0,21.0,5.0,1.0,0.2,5.0,1.0,9.0,5.0,1.0,0.2,0.5555555555555556,2656.17,4787.1,0.36045132653406975,184.15722222222223,3.0,0.2,4.0,0.4,40.0,0.0,62.0,14,15.0,5,5,4,5,5,224,236,80,0.3873,0.0,0.2639,0.1532,T2,False,none
049fa5ce-cfa1-443b-84bd-a04ca9f71042,1.0,0.1111111111111111,1.0,1729.35,1729.35,0.0,24,0,1.0,1.0,17.0,1.0,1.0,1.0,1.0,1.0,11.0,1.0,1.0,1.0,0.1111111111111111,1729.35,1729.35,1.0,0.0,11.0,0.0,1.0,1.0,40.0,1.0,60.0,3,3.0,1,1,1,1,1,64,65,157,0.2333,0.0,0.3976,0.2695,T2,False,none
eb2cd9ad-7075-417a-be1d-588abfc31d37,3.0,0.3333333333333333,3.0,9638.59,3212.8633333333332,2665.1493808853065,96,1,3.0,1.0,18.0,3.0,1.0,0.3333333333333333,3.0,1.0,9.0,3.0,1.0,0.3333333333333333,0.3333333333333333,3212.8633333333332,4818.22,0.49988846916405827,143.64055555555555,6.0,0.0,3.0,0.3333333333333333,42.0,1.0,40.333333333333336,9,9.0,3,3,3,3,3,165,172,157,0.2333,0.0,0.3976,0.2695,T2,False,none
4cb71701-c208-4cca-a087-3f2384357dee,3.0,0.3333333333333333,3.0,5186.43,1728.8100000000002,1753.3840296980009,39,0,3.0,1.0,18.0,3.0,1.0,0.3333333333333333,3.0,1.0,13.0,3.0,1.0,0.3333333333333333,0.3333333333333333,1728.8100000000002,3752.87,0.7235940714518464,143.23833333333334,10.0,0.0,3.0,0.3333333333333333,44.0,3.0,49.666666666666664,9,9.0,3,3,3,3,3,176,188,75,0.4631,0.0,0.2745,0.1623,T2,False,none
d38992c0-b23a-4209-b62b-db57ff4a0c6e,1.0,0.1111111111111111,1.0,226.9,226.9,0.0,49,0,1.0,1.0,23.0,1.0,1.0,1.0,1.0,1.0,13.0,1.0,1.0,1.0,0.1111111111111111,226.9,226.9,1.0,0.0,0.0,0.0,1.0,1.0,33.0,3.0,95.0,3,3.0,1,1,1,1,1,64,66,136,0.2576,0.0,0.4342,0.2507,T2,False,none
ef1ff63d-ae67-4b7d-8ac5-980b4a0bc71b,4.0,0.4444444444444444,4.0,9432.45,2358.1125,1761.137122285391,89,0,4.0,1.0,19.0,4.0,1.0,0.25,4.0,1.0,9.0,4.0,1.0,0.25,0.4444444444444444,2358.1125,4608.52,0.48858143960476863,103.02111111111111,3.0,0.25,4.0,0.25,43.0,3.0,42.75,12,12.0,4,4,4,4,4,209,217,160,0.1969,0.0,0.388,0.2723,T2,False,none
7b77a0d7-43ee-49ff-a92d-5ee915978f83,1.0,0.1111111111111111,1.0,4464.17,4464.17,0.0,91,0,1.0,1.0,16.0,1.0,1.0,1.0,1.0,1.0,7.0,1.0,1.0,1.0,0.1111111111111111,4464.17,4464.17,1.0,0.0,22.0,0.0,1.0,1.0,30.0,2.0,21.0,3,3.0,1,1,1,1,1,50,50,136,0.2576,0.0,0.4342,0.2507,T2,False,none
a784f3fc-1678-43df-add9-6a6c33a27e38,7.0,0.7777777777777778,6.0,21174.93,3024.9900000000002,1270.055643767889,47,1,7.0,1.0,17.0,7.0,1.0,0.14285714285714285,7.0,1.0,11.0,7.0,1.0,0.14285714285714285,0.7777777777777778,3024.9900000000002,4387.73,0.207213435888572,191.98,20.0,0.2857142857142857,7.0,0.14285714285714285,38.0,1.0,81.42857142857143,21,21.0,7,7,7,7,7,347,376,210,0.1869,0.0,0.5526,0.3216,T2,False,none
c040d47b-39ce-4d77-b70c-532a1ba43119,4.0,0.4444444444444444,4.0,4672.39,1168.0975,1580.9263623031277,54,1,4.0,1.0,15.0,4.0,1.0,0.25,4.0,1.0,9.0,4.0,1.0,0.25,0.4444444444444444,1168.0975,3474.05,0.7435274024642634,161.16555555555556,14.0,0.25,4.0,0.25,40.0,0.0,44.5,12,12.0,4,4,4,4,4,201,217,80,0.3873,0.0,0.2639,0.1532,T2,False,none
24a82b01-0243-4e36-b84b-57361626c915,3.0,0.3333333333333333,3.0,7185.11,2395.0366666666664,2036.6433378069253,91,1,3.0,1.0,15.0,3.0,1.0,0.3333333333333333,3.0,1.0,12.0,3.0,1.0,0.3333333333333333,0.3333333333333333,2395.0366666666664,4382.58,0.6099530835296885,182.57611111111112,5.0,0.3333333333333333,3.0,0.3333333333333333,43.0,3.0,73.66666666666667,9,9.0,3,3,3,3,3,168,172,160,0.1969,0.0,0.388,0.2723,T2,False,none
08a19315-a5b8-4cad-bf47-e9ef2fb16dc6,4.0,0.4444444444444444,3.0,5798.1900000000005,1449.5475000000001,1059.9837735982878,51,0,4.0,1.0,19.0,4.0,1.0,0.25,4.0,1.0,8.0,4.0,1.0,0.25,0.4444444444444444,1449.5475000000001,2998.18,0.5170889536217336,151.71277777777777,8.0,0.25,4.0,0.25,42.0,0.0,60.75,12,12.0,4,4,4,4,4,196,205,119,0.3255,0.0,0.3993,0.1775,T2,False,none
323a081e-a8f2-49e9-a341-dc817bffe7e3,4.0,0.4444444444444444,3.0,8658.42,2164.605,1425.6197495475433,83,0,4.0,1.0,19.0,4.0,1.0,0.25,4.0,1.0,11.0,4.0,1.0,0.25,0.4444444444444444,2164.605,3900.64,0.4505025166254351,40.339444444444446,1.0,0.5,4.0,0.25,39.0,0.0,63.0,12,12.0,4,4,4,4,4,190,198,210,0.1869,0.0,0.5526,0.3216,T2,False,none
d4224872-0bce-4ee4-9fda-a616af29f7a3,3.0,0.3333333333333333,2.0,6093.37,2031.1233333333332,1861.3901911564199,81,0,3.0,1.0,20.0,3.0,1.0,0.3333333333333333,3.0,1.0,8.0,3.0,1.0,0.3333333333333333,0.3333333333333333,2031.1233333333332,4073.11,0.6684494786956972,87.51638888888888,14.0,0.6666666666666666,3.0,0.3333333333333333,43.0,3.0,59.666666666666664,9,9.0,3,3,3,3,3,152,160,160,0.1969,0.0,0.388,0.2723,T2,False,none
e7d640cb-bb6f-4a8a-b27d-69ac61332ff9,4.0,0.4444444444444444,3.0,14961.939999999999,3740.4849999999997,1279.3396294052125,58,0,4.0,1.0,17.0,4.0,1.0,0.25,4.0,1.0,11.0,3.0,0.75,0.25,0.4444444444444444,3740.4849999999997,4483.5,0.2996603381647033,46.57361111111111,5.0,0.25,4.0,0.25,42.0,0.0,66.0,12,12.0,4,4,4,4,3,207,219,157,0.2333,0.0,0.3976,0.2695,T2,False,none
28e3225b-2c05-428d-adb6-01e1e5c87278,8.0,0.8888888888888888,5.0,23036.21,2879.52625,1519.011362074853,95,1,8.0,1.0,18.0,8.0,1.0,0.125,8.0,1.0,9.0,8.0,1.0,0.125,0.8888888888888888,2879.52625,4761.93,0.20671499348200076,196.4488888888889,0.0,0.5,8.0,0.125,46.0,1.0,48.25,24,24.0,8,8,8,8,8,372,433,80,0.4259,0.0,0.2617,0.1285,T2,False,none
ebbfba83-ab6d-4692-bc2d-17cb747974be,3.0,0.3333333333333333,2.0,8482.67,2827.556666666667,1215.9632428792138,24,0,3.0,1.0,21.0,3.0,1.0,0.3333333333333333,3.0,1.0,5.0,3.0,1.0,0.3333333333333333,0.3333333333333333,2827.556666666667,3917.28,0.4617979952066979,131.7863888888889,1.0,0.0,3.0,0.3333333333333333,35.0,1.0,59.666666666666664,9,9.0,3,3,3,3,3,139,143,211,0.1668,0.0,0.5966,0.3124,T2,False,none
f1b54ef2-aaa4-4d45-9716-09be56fd8d0c,5.0,0.5555555555555556,3.0,13060.57,2612.114,1935.1941889071495,82,1,5.0,1.0,17.0,5.0,1.0,0.2,5.0,1.0,11.0,5.0,1.0,0.2,0.5555555555555556,2612.114,4690.17,0.35910913535932965,124.53611111111111,8.0,0.0,5.0,0.2,44.0,1.0,57.2,15,15.0,5,5,5,5,5,252,270,157,0.2333,0.0,0.3976,0.2695,T2,False,none
d88e7b9a-3d1f-4abd-b8a1-5463b55e9811,4.0,0.4444444444444444,4.0,6651.62,1662.905,1826.4638073337233,68,1,4.0,1.0,15.0,4.0,1.0,0.25,4.0,1.0,8.0,4.0,1.0,0.25,0.4444444444444444,1662.905,4272.21,0.6422811285070404,210.82333333333332,2.0,0.25,4.0,0.25,42.0,3.0,48.25,12,12.0,4,4,4,4,4,175,188,119,0.2635,0.0,0.3946,0.1939,T2,False,none
a3e667eb-cbe0-4706-bab6-546cba588202,5.0,0.5555555555555556,5.0,13646.44,2729.288,1630.0147694024126,58,0,5.0,1.0,18.0,5.0,1.0,0.2,5.0,1.0,9.0,5.0,1.0,0.2,0.5555555555555556,2729.288,4352.06,0.31891540944011776,208.13111111111112,1.0,0.4,5.0,0.2,41.0,2.0,44.0,15,15.0,5,5,5,5,5,262,277,119,0.2635,0.0,0.3946,0.1939,T2,False,none
01e9a4dc-07f8-4837-b125-8d4d56804c9a,4.0,0.4444444444444444,3.0,9525.21,2381.3025,1460.9548363171027,56,1,4.0,1.0,19.0,4.0,1.0,0.25,4.0,1.0,11.0,4.0,1.0,0.25,0.4444444444444444,2381.3025,4040.62,0.4242027209898785,99.34027777777777,6.0,0.5,4.0,0.25,35.0,1.0,74.0,12,12.0,4,4,4,4,4,206,215,210,0.1869,0.0,0.5526,0.3216,T2,False,none
e2dd1c6a-b564-4dd2-bb89-30f02d524718,2.0,0.2222222222222222,2.0,685.79,342.895,292.76342061466625,82,0,2.0,1.0,18.0,2.0,1.0,0.5,2.0,1.0,6.0,2.0,1.0,0.5,0.2222222222222222,342.895,549.91,0.8018635442336576,109.69777777777777,10.0,0.0,2.0,0.5,31.0,2.0,67.5,6,6.0,2,2,2,2,2,89,90,211,0.1668,0.0,0.5966,0.3124,T2,False,none
c6a6eeea-0f93-40d2-9585-1b78f0c11358,0.0,0.0,0.0,0.0,0.0,0.0,13,1,0.0,0.0,0.0,0.0,0.0,0.0,0.0,0.0,0.0,0.0,0.0,0.0,0.0,0.0,0.0,0.0,0.0,0.0,0.0,0.0,0.0,0.0,0.0,0.0,0,0.0,0,0,0,0,0,0,0,1,0.0,0.0,0.0,0.0,T2,False,none
76d25c9c-282f-44a1-bb3f-cde7c61ce8bb,2.0,0.2222222222222222,2.0,3294.3,1647.15,653.3525236807461,74,0,2.0,1.0,18.0,2.0,1.0,0.5,2.0,1.0,9.0,2.0,1.0,0.5,0.2222222222222222,1647.15,2109.14,0.6402392010442278,145.4675,9.0,0.0,2.0,0.5,38.0,0.0,72.0,6,6.0,2,2,2,2,2,102,106,119,0.2253,0.0,0.3893,0.1815,T2,False,none
1cb5774e-831b-4299-b05c-ad282c9ae536,4.0,0.4444444444444444,3.0,6299.34,1574.835,981.4155228885808,66,0,4.0,1.0,25.0,4.0,1.0,0.25,4.0,1.0,14.0,4.0,1.0,0.25,0.4444444444444444,1574.835,2752.91,0.43701562385900744,98.45527777777778,4.0,0.5,4.0,0.25,38.0,2.0,62.25,12,12.0,4,4,4,4,4,240,249,211,0.1668,0.0,0.5966,0.3124,T2,False,none
82fb67af-7f00-415a-8a52-c9aca44cac21,1.0,0.1111111111111111,1.0,3026.06,3026.06,0.0,35,1,1.0,1.0,17.0,1.0,1.0,1.0,1.0,1.0,7.0,1.0,1.0,1.0,0.1111111111111111,3026.06,3026.06,1.0,0.0,19.0,0.0,1.0,1.0,38.0,2.0,51.0,3,3.0,1,1,1,1,1,57,59,211,0.1668,0.0,0.5966,0.3124,T2,False,none
e392cffe-300d-479e-a5e2-a568b6263b02,4.0,0.4444444444444444,4.0,13162.89,3290.7225,2035.4872636852826,72,0,4.0,1.0,17.0,4.0,1.0,0.25,4.0,1.0,11.0,4.0,1.0,0.25,0.4444444444444444,3290.7225,4899.89,0.37225031888893706,186.0975,5.0,0.0,4.0,0.25,44.0,3.0,50.25,12,12.0,4,4,4,4,4,220,235,211,0.1668,0.0,0.5966,0.3124,T2,False,none
7a99f231-15a0-4a4a-84db-30d3823eda0c,1.0,0.1111111111111111,1.0,4683.45,4683.45,0.0,55,1,1.0,1.0,15.0,1.0,1.0,1.0,1.0,1.0,6.0,1.0,1.0,1.0,0.1111111111111111,4683.45,4683.45,1.0,0.0,10.0,0.0,1.0,1.0,37.0,2.0,20.0,3,3.0,1,1,1,1,1,54,55,211,0.1668,0.0,0.5966,0.3124,T2,False,none
c73d9f10-2f05-4ddd-aceb-95a71e87ab73,5.0,0.5555555555555556,4.0,14302.43,2860.486,1056.3131130162117,36,0,5.0,1.0,17.0,5.0,1.0,0.2,5.0,1.0,9.0,5.0,1.0,0.2,0.5555555555555556,2860.486,4123.62,0.2883160413999579,142.8322222222222,9.0,0.2,5.0,0.2,43.0,0.0,47.2,15,15.0,5,5,5,5,5,247,262,211,0.1668,0.0,0.5966,0.3124,T2,False,none
e4276638-e7bd-4040-99c2-677cfb17d7bf,3.0,0.3333333333333333,2.0,10308.36,3436.1200000000003,438.9351436146347,90,1,3.0,1.0,12.0,3.0,1.0,0.3333333333333333,3.0,1.0,10.0,3.0,1.0,0.3333333333333333,0.3333333333333333,3436.1200000000003,3939.73,0.38218785529414956,60.4775,7.0,0.6666666666666666,3.0,0.3333333333333333,39.0,0.0,67.0,9,9.0,3,3,3,3,3,155,161,210,0.1869,0.0,0.5526,0.3216,T2,False,none
178a857a-642c-47c9-84f3-0f4782b4aab7,3.0,0.3333333333333333,3.0,4811.29,1603.7633333333333,948.2986115319022,74,0,3.0,1.0,22.0,3.0,1.0,0.3333333333333333,3.0,1.0,11.0,2.0,0.6666666666666666,0.3333333333333333,0.3333333333333333,1603.7633333333333,2684.3,0.5579168996256721,165.1875,4.0,0.3333333333333333,3.0,0.3333333333333333,29.0,0.0,56.0,9,9.0,3,3,3,3,2,123,128,157,0.2333,0.0,0.3976,0.2695,T2,False,none
2c16206e-7504-4238-8d13-741ca26f966a,8.0,0.8888888888888888,5.0,22727.420000000002,2840.9275000000002,2093.9625167661025,58,1,8.0,1.0,25.0,8.0,1.0,0.125,8.0,1.0,9.0,8.0,1.0,0.125,0.8888888888888888,2840.9275000000002,4689.29,0.20632742299829895,138.79527777777778,3.0,0.5,8.0,0.125,46.0,3.0,55.5,24,24.0,8,8,8,8,8,376,423,83,0.4146,0.0,0.3286,0.1462,T2,False,none
97497f31-6636-45e3-a79e-9049388846d8,2.0,0.2222222222222222,2.0,7175.5599999999995,3587.7799999999997,511.71903540908045,50,0,2.0,1.0,14.0,2.0,1.0,0.5,2.0,1.0,11.0,2.0,1.0,0.5,0.2222222222222222,3587.7799999999997,3949.62,0.5504267262764161,34.70527777777778,4.0,0.0,2.0,0.5,42.0,0.0,43.0,6,6.0,2,2,2,2,2,118,119,69,0.4288,0.0,0.2614,0.1292,T2,False,none
ede459ea-3ed6-44b2-9b7f-a9797cfe5098,1.0,0.1111111111111111,1.0,3946.83,3946.83,0.0,34,0,1.0,1.0,14.0,1.0,1.0,1.0,1.0,1.0,10.0,1.0,1.0,1.0,0.1111111111111111,3946.83,3946.83,1.0,0.0,5.0,0.0,1.0,1.0,38.0,3.0,65.0,3,3.0,1,1,1,1,1,58,59,160,0.1969,0.0,0.388,0.2723,T2,False,none
779b4f18-cc45-4470-8ffa-e3133a91a6b7,5.0,0.5555555555555556,5.0,11561.210000000001,2312.242,1944.3126782670527,76,1,5.0,1.0,17.0,5.0,1.0,0.2,5.0,1.0,11.0,5.0,1.0,0.2,0.5555555555555556,2312.242,4704.88,0.40695394340211793,205.83,22.0,0.2,5.0,0.2,42.0,0.0,62.8,15,15.0,5,5,5,5,5,250,271,157,0.2333,0.0,0.3976,0.2695,T2,False,none
02ccf162-ab21-4cb2-a887-c1e4be2d63e6,1.0,0.1111111111111111,1.0,4528.17,4528.17,0.0,28,0,1.0,1.0,21.0,1.0,1.0,1.0,1.0,1.0,4.0,1.0,1.0,1.0,0.1111111111111111,4528.17,4528.17,1.0,0.0,12.0,0.0,1.0,1.0,39.0,0.0,55.0,3,3.0,1,1,1,1,1,61,61,80,0.3873,0.0,0.2639,0.1532,T2,False,none
5bc22aff-5547-498d-a867-9437aecb2300,2.0,0.2222222222222222,2.0,1962.11,981.055,211.5168514563319,45,1,2.0,1.0,14.0,2.0,1.0,0.5,2.0,1.0,7.0,2.0,1.0,0.5,0.2222222222222222,981.055,1130.62,0.5762266131868243,105.37666666666667,2.0,0.0,2.0,0.5,33.0,0.0,59.5,6,6.0,2,2,2,2,2,88,89,211,0.1668,0.0,0.5966,0.3124,T2,False,none
f4ae6c12-0445-4f63-9803-bc27112ff228,1.0,0.1111111111111111,1.0,1856.67,1856.67,0.0,14,1,1.0,1.0,10.0,1.0,1.0,1.0,1.0,1.0,7.0,1.0,1.0,1.0,0.1111111111111111,1856.67,1856.67,1.0,0.0,22.0,0.0,1.0,1.0,39.0,0.0,55.0,3,3.0,1,1,1,1,1,52,53,80,0.3873,0.0,0.2639,0.1532,T2,False,none
af3d0e72-14ce-4fde-b414-a97e9b224f0e,2.0,0.2222222222222222,1.0,7665.84,3832.92,186.71861664011985,37,1,2.0,1.0,16.0,2.0,1.0,0.5,2.0,1.0,16.0,2.0,1.0,0.5,0.2222222222222222,3832.92,3964.95,0.5172231614539307,1.7294444444444443,5.0,0.0,2.0,0.5,47.0,2.0,77.0,6,6.0,2,2,2,2,2,126,133,80,0.4937,0.0,0.285,0.1235,T2,False,none
4a5536c5-9ae8-4bd9-a630-ea9b67a6336e,1.0,0.1111111111111111,1.0,4193.59,4193.59,0.0,41,1,1.0,1.0,19.0,1.0,1.0,1.0,1.0,1.0,10.0,1.0,1.0,1.0,0.1111111111111111,4193.59,4193.59,1.0,0.0,11.0,0.0,1.0,1.0,36.0,1.0,99.0,3,3.0,1,1,1,1,1,62,62,80,0.3873,0.0,0.2639,0.1532,T2,False,none
717b962f-1b6e-4cb4-9d31-797d902bdb21,3.0,0.3333333333333333,3.0,9411.699999999999,3137.233333333333,1084.0279516845187,95,1,3.0,1.0,16.0,3.0,1.0,0.3333333333333333,3.0,1.0,10.0,3.0,1.0,0.3333333333333333,0.3333333333333333,3137.233333333333,4333.28,0.4604141653473868,99.54,1.0,0.3333333333333333,3.0,0.3333333333333333,40.0,3.0,59.333333333333336,9,9.0,3,3,3,3,3,145,151,112,0.2905,0.0,0.3574,0.1777,T2,False,none
eadd0861-b99b-44eb-bfb1-3f4535ba8310,3.0,0.3333333333333333,2.0,8368.67,2789.556666666667,1644.8143157917045,44,0,3.0,1.0,19.0,3.0,1.0,0.3333333333333333,3.0,1.0,7.0,3.0,1.0,0.3333333333333333,0.3333333333333333,2789.556666666667,4611.69,0.5510660594813751,64.71027777777778,1.0,0.3333333333333333,3.0,0.3333333333333333,37.0,0.0,67.0,9,9.0,3,3,3,3,3,135,140,211,0.1668,0.0,0.5966,0.3124,T2,False,none
834bbae9-0591-40ce-8e33-4f063234cf16,3.0,0.3333333333333333,3.0,7436.25,2478.75,606.0641047777042,55,1,3.0,1.0,22.0,3.0,1.0,0.3333333333333333,3.0,1.0,9.0,3.0,1.0,0.3333333333333333,0.3333333333333333,2478.75,2885.06,0.38797243234157003,187.18666666666667,8.0,0.0,3.0,0.3333333333333333,44.0,0.0,38.666666666666664,9,9.0,3,3,3,3,3,178,183,119,0.3255,0.0,0.3993,0.1775,T2,False,none
b8cc49df-1c7c-40e9-b4c1-49a19b394b3c,3.0,0.3333333333333333,3.0,6635.1,2211.7000000000003,1198.8673049174377,17,0,3.0,1.0,15.0,3.0,1.0,0.3333333333333333,3.0,1.0,15.0,3.0,1.0,0.3333333333333333,0.3333333333333333,2211.7000000000003,3591.78,0.5413301984898494,182.0247222222222,0.0,0.0,3.0,0.3333333333333333,27.0,3.0,74.33333333333333,9,9.0,3,3,3,3,3,134,138,160,0.1969,0.0,0.388,0.2723,T2,False,none
8ab103c2-22a4-4f07-b578-9ed48f37e00c,3.0,0.3333333333333333,2.0,8741.13,2913.7099999999996,479.38706313374786,19,1,3.0,1.0,19.0,3.0,1.0,0.3333333333333333,3.0,1.0,10.0,3.0,1.0,0.3333333333333333,0.3333333333333333,2913.7099999999996,3332.7,0.3812664952929427,63.576388888888886,1.0,0.0,3.0,0.3333333333333333,35.0,0.0,48.0,9,9.0,3,3,3,3,3,157,160,160,0.1969,0.0,0.388,0.2723,T2,False,none
2332adcc-d6e2-431a-bb64-fa8c32c20fca,4.0,0.4444444444444444,4.0,11078.49,2769.6225,1931.335995632298,52,1,4.0,1.0,18.0,4.0,1.0,0.25,4.0,1.0,10.0,4.0,1.0,0.25,0.4444444444444444,2769.6225,4521.11,0.4080980350210182,202.64638888888888,22.0,0.0,4.0,0.25,36.0,0.0,48.0,12,12.0,4,4,4,4,4,196,212,119,0.2635,0.0,0.3946,0.1939,T2,False,none
2e313b85-2a67-45b2-a7ad-3e947eb51a6a,4.0,0.4444444444444444,4.0,10382.2,2595.55,1398.208180803798,32,0,4.0,1.0,22.0,4.0,1.0,0.25,4.0,1.0,10.0,4.0,1.0,0.25,0.4444444444444444,2595.55,3551.38,0.34206430236366087,148.48361111111112,6.0,0.25,4.0,0.25,39.0,0.0,49.5,12,12.0,4,4,4,4,4,205,218,119,0.2635,0.0,0.3946,0.1939,T2,False,none
91d4534d-209b-4bf8-84aa-668cb2d8a921,5.0,0.5555555555555556,5.0,13882.36,2776.472,1957.7865919629749,45,0,5.0,1.0,16.0,5.0,1.0,0.2,5.0,1.0,9.0,5.0,1.0,0.2,0.5555555555555556,2776.472,4835.33,0.3483074923860208,186.4188888888889,5.0,0.2,5.0,0.2,47.0,3.0,64.0,15,15.0,5,5,5,5,5,242,262,80,0.4937,0.0,0.285,0.1235,T2,False,none
73702ed6-5a7e-4340-824d-caacab88b00c,4.0,0.4444444444444444,4.0,6332.79,1583.1975,1529.5874084073566,39,0,4.0,1.0,15.0,4.0,1.0,0.25,4.0,1.0,10.0,4.0,1.0,0.25,0.4444444444444444,1583.1975,3876.23,0.6120888265677529,100.235,5.0,0.5,4.0,0.25,40.0,0.0,25.75,12,12.0,4,4,4,4,4,190,199,75,0.4631,0.0,0.2745,0.1623,T2,False,none
ef87b4fb-3a69-4e63-be95-78d7bfac806e,3.0,0.3333333333333333,3.0,3211.39,1070.4633333333334,807.7487973580236,31,1,3.0,1.0,19.0,3.0,1.0,0.3333333333333333,3.0,1.0,10.0,3.0,1.0,0.3333333333333333,0.3333333333333333,1070.4633333333334,1898.91,0.5913046998340283,203.26611111111112,0.0,0.0,3.0,0.3333333333333333,33.0,0.0,36.0,9,9.0,3,3,3,3,3,144,150,112,0.2905,0.0,0.3574,0.1777,T2,False,none
7036d750-26ca-4c4d-b78c-e8ba2cd28872,2.0,0.2222222222222222,2.0,4763.21,2381.605,1370.5638607704493,16,0,2.0,1.0,13.0,2.0,1.0,0.5,2.0,1.0,7.0,2.0,1.0,0.5,0.2222222222222222,2381.605,3350.74,0.7034625809065734,69.85833333333333,13.0,0.0,2.0,0.5,35.0,0.0,88.5,6,6.0,2,2,2,2,2,93,94,210,0.1869,0.0,0.5526,0.3216,T2,False,none
a493a282-817d-4169-8717-e72388a1ac60,3.0,0.3333333333333333,3.0,8444.25,2814.75,2295.1759067879743,50,0,3.0,1.0,15.0,3.0,1.0,0.3333333333333333,3.0,1.0,8.0,3.0,1.0,0.3333333333333333,0.3333333333333333,2814.75,4614.54,0.5464712674305,172.3686111111111,14.0,0.0,3.0,0.3333333333333333,38.0,3.0,59.666666666666664,9,9.0,3,3,3,3,3,155,158,210,0.1869,0.0,0.5526,0.3216,T2,False,none
1bdabdd4-c122-45c0-8005-041d0c072b02,5.0,0.5555555555555556,4.0,7288.65,1457.73,1140.135326945885,59,1,5.0,1.0,15.0,5.0,1.0,0.2,5.0,1.0,10.0,5.0,1.0,0.2,0.5555555555555556,1457.73,2719.75,0.37314866264671787,187.48305555555555,8.0,0.2,5.0,0.2,43.0,1.0,59.8,15,15.0,5,5,5,5,5,246,259,136,0.2576,0.0,0.4342,0.2507,T2,False,none
7d59fedd-5a5c-47dd-9879-df885ddbc520,2.0,0.2222222222222222,2.0,6132.129999999999,3066.0649999999996,1732.2348372117442,24,0,2.0,1.0,13.0,2.0,1.0,0.5,2.0,1.0,9.0,2.0,1.0,0.5,0.2222222222222222,3066.0649999999996,4290.94,0.6997470699414396,114.84472222222222,4.0,0.5,2.0,0.5,33.0,3.0,21.5,6,6.0,2,2,2,2,2,97,98,210,0.1869,0.0,0.5526,0.3216,T2,False,none
d47e357d-d547-4570-940f-1c70020c3913,5.0,0.5555555555555556,5.0,12585.58,2517.116,2193.617541215879,45,0,5.0,1.0,18.0,5.0,1.0,0.2,5.0,1.0,9.0,5.0,1.0,0.2,0.5555555555555556,2517.116,4729.96,0.3758237602081112,151.1186111111111,4.0,0.2,5.0,0.2,43.0,3.0,55.0,15,15.0,5,5,5,5,5,231,254,160,0.1969,0.0,0.388,0.2723,T2,False,none
88310ef3-624a-421f-86a4-f6771cbcf527,2.0,0.2222222222222222,1.0,3828.7799999999997,1914.3899999999999,224.5346872979763,93,1,2.0,1.0,13.0,2.0,1.0,0.5,2.0,1.0,7.0,2.0,1.0,0.5,0.2222222222222222,1914.3899999999999,2073.16,0.5414675170681,3.875277777777778,1.0,0.0,2.0,0.5,40.0,1.0,52.5,6,6.0,2,2,2,2,2,96,99,157,0.2333,0.0,0.3976,0.2695,T2,False,none
441ecf04-0d72-42b4-8514-7aeb73e581be,2.0,0.2222222222222222,2.0,5797.4800000000005,2898.7400000000002,1800.732271105286,49,0,2.0,1.0,18.0,2.0,1.0,0.5,2.0,1.0,14.0,2.0,1.0,0.5,0.2222222222222222,2898.7400000000002,4172.05,0.7196316330543615,98.70611111111111,9.0,0.5,2.0,0.5,39.0,0.0,52.5,6,6.0,2,2,2,2,2,97,98,80,0.3873,0.0,0.2639,0.1532,T2,False,none
d11f799b-7f29-4fbf-82d5-26099f86c45f,3.0,0.3333333333333333,2.0,3717.9000000000005,1239.3000000000002,1069.8093744681807,88,0,3.0,1.0,22.0,3.0,1.0,0.3333333333333333,3.0,1.0,11.0,3.0,1.0,0.3333333333333333,0.3333333333333333,1239.3000000000002,2470.57,0.6645068452621102,137.38805555555555,2.0,0.6666666666666666,3.0,0.3333333333333333,41.0,1.0,61.333333333333336,9,9.0,3,3,3,3,3,159,165,157,0.2333,0.0,0.3976,0.2695,T2,False,none
e9d8b9a6-29c6-4eed-8d69-1966f412aca4,2.0,0.2222222222222222,2.0,3702.89,1851.445,1776.7118537483784,42,1,2.0,1.0,19.0,2.0,1.0,0.5,2.0,1.0,7.0,2.0,1.0,0.5,0.2222222222222222,1851.445,3107.77,0.8392822903191831,22.13722222222222,16.0,0.0,2.0,0.5,38.0,3.0,69.0,6,6.0,2,2,2,2,2,109,111,160,0.1969,0.0,0.388,0.2723,T2,False,none
d0ea865b-04ec-465c-a8fe-103eec17be64,1.0,0.1111111111111111,1.0,4252.55,4252.55,0.0,77,1,1.0,1.0,17.0,1.0,1.0,1.0,1.0,1.0,10.0,1.0,1.0,1.0,0.1111111111111111,4252.55,4252.55,1.0,0.0,4.0,0.0,1.0,1.0,36.0,0.0,77.0,3,3.0,1,1,1,1,1,59,60,124,0.2408,0.0806,0.3579,0.2431,T2,False,none
0104563d-45e7-4912-ba7d-55804c1af5e9,2.0,0.2222222222222222,2.0,5272.55,2636.275,201.07995536601845,81,0,2.0,1.0,12.0,2.0,1.0,0.5,2.0,1.0,10.0,2.0,1.0,0.5,0.2222222222222222,2636.275,2778.46,0.5269670273397122,215.6725,13.0,0.0,2.0,0.5,34.0,0.0,77.0,6,6.0,2,2,2,2,2,99,100,119,0.3255,0.0,0.3993,0.1775,T2,False,none
7d9a35d4-6842-4ac1-8d34-0e7d383e98f3,1.0,0.1111111111111111,1.0,4832.4,4832.4,0.0,64,0,1.0,1.0,16.0,1.0,1.0,1.0,1.0,1.0,7.0,1.0,1.0,1.0,0.1111111111111111,4832.4,4832.4,1.0,0.0,8.0,1.0,1.0,1.0,37.0,2.0,64.0,3,3.0,1,1,1,1,1,56,57,80,0.4259,0.0,0.2617,0.1285,T2,False,none
768017d2-a904-4065-b410-aa73b655b818,3.0,0.3333333333333333,2.0,8062.200000000001,2687.4,1639.3997310906211,55,0,3.0,1.0,27.0,3.0,1.0,0.3333333333333333,3.0,1.0,10.0,3.0,1.0,0.3333333333333333,0.3333333333333333,2687.4,3827.27,0.47471781895760456,35.410833333333336,6.0,0.0,3.0,0.3333333333333333,43.0,1.0,41.333333333333336,9,9.0,3,3,3,3,3,173,185,80,0.4259,0.0,0.2617,0.1285,T2,False,none
c2deb1a8-3b7c-4927-994b-8f62a9070287,3.0,0.3333333333333333,3.0,8506.13,2835.3766666666666,2160.9923653343462,58,0,3.0,1.0,23.0,3.0,1.0,0.3333333333333333,3.0,1.0,11.0,3.0,1.0,0.3333333333333333,0.3333333333333333,2835.3766666666666,4795.98,0.5638263228988977,112.93472222222222,6.0,0.3333333333333333,3.0,0.3333333333333333,28.0,2.0,49.0,9,9.0,3,3,3,3,3,142,146,69,0.4288,0.0,0.2614,0.1292,T2,False,none
e2c1002e-f523-4339-8af7-ab3dd4dd019a,2.0,0.2222222222222222,2.0,3311.04,1655.52,1344.209991035627,68,1,2.0,1.0,17.0,2.0,1.0,0.5,2.0,1.0,12.0,2.0,1.0,0.5,0.2222222222222222,1655.52,2606.02,0.787069923649367,141.98,11.0,0.0,2.0,0.5,36.0,2.0,79.5,6,6.0,2,2,2,2,2,112,116,211,0.1668,0.0,0.5966,0.3124,T2,False,none
09cc86a9-e3b8-4d9d-8c29-502e0f1e2b5a,3.0,0.3333333333333333,2.0,4743.66,1581.22,599.2014558560418,63,0,3.0,1.0,19.0,3.0,1.0,0.3333333333333333,3.0,1.0,16.0,3.0,1.0,0.3333333333333333,0.3333333333333333,1581.22,1933.45,0.40758612548116857,169.33027777777778,3.0,0.0,3.0,0.3333333333333333,37.0,1.0,69.66666666666667,9,9.0,3,3,3,3,3,172,175,80,0.4937,0.0,0.285,0.1235,T2,False,none
e42dec60-26be-4385-8464-14addcb4d12d,4.0,0.4444444444444444,4.0,11083.59,2770.8975,2021.5524218180276,77,1,4.0,1.0,16.0,4.0,1.0,0.25,4.0,1.0,11.0,4.0,1.0,0.25,0.4444444444444444,2770.8975,4646.66,0.41923781013191574,182.93527777777777,9.0,0.25,4.0,0.25,43.0,1.0,65.75,12,12.0,4,4,4,4,4,213,220,112,0.2905,0.0,0.3574,0.1777,T2,False,none
a8ffab49-2777-45d7-95bb-1a27939771a9,6.0,0.6666666666666666,6.0,11202.54,1867.0900000000001,1533.0677447262399,29,1,6.0,1.0,27.0,6.0,1.0,0.16666666666666666,6.0,1.0,10.0,6.0,1.0,0.16666666666666666,0.6666666666666666,1867.0900000000001,4601.83,0.4107845185109805,164.07861111111112,4.0,0.16666666666666666,6.0,0.16666666666666666,44.0,1.0,50.833333333333336,18,18.0,6,6,6,6,6,294,317,83,0.4146,0.0,0.3286,0.1462,T2,False,none
81aaf83c-dd33-44ff-80b3-a52915559734,3.0,0.3333333333333333,3.0,7691.5599999999995,2563.853333333333,2163.768730533218,89,1,3.0,1.0,19.0,3.0,1.0,0.3333333333333333,3.0,1.0,10.0,3.0,1.0,0.3333333333333333,0.3333333333333333,2563.853333333333,4714.7,0.612970580740448,155.36138888888888,0.0,0.0,3.0,0.3333333333333333,35.0,0.0,63.0,9,9.0,3,3,3,3,3,160,168,211,0.1668,0.0,0.5966,0.3124,T2,False,none
94e6ccf2-d406-4010-9f59-7bca61123813,5.0,0.5555555555555556,4.0,15166.54,3033.308,1659.7435479977023,17,0,5.0,1.0,14.0,5.0,1.0,0.2,5.0,1.0,13.0,5.0,1.0,0.2,0.5555555555555556,3033.308,4894.77,0.3227347832795087,131.22583333333333,12.0,0.2,5.0,0.2,38.0,1.0,56.4,15,15.0,5,5,5,5,5,229,240,119,0.2253,0.0,0.3893,0.1815,T2,False,none
fb51597c-0c4a-4593-acf8-c4c3d53b595a,3.0,0.3333333333333333,3.0,6014.62,2004.8733333333332,1506.063196029082,51,1,3.0,1.0,16.0,3.0,1.0,0.3333333333333333,3.0,1.0,13.0,3.0,1.0,0.3333333333333333,0.3333333333333333,2004.8733333333332,3179.44,0.5286185993462597,26.720277777777778,0.0,0.0,3.0,0.3333333333333333,42.0,1.0,62.666666666666664,9,9.0,3,3,3,3,3,142,148,157,0.2333,0.0,0.3976,0.2695,T2,False,none
74fec518-5911-4a94-b34e-0d6e5f83fe15,3.0,0.3333333333333333,3.0,8418.15,2806.0499999999997,1042.2555037513596,67,1,3.0,1.0,14.0,3.0,1.0,0.3333333333333333,3.0,1.0,5.0,3.0,1.0,0.3333333333333333,0.3333333333333333,2806.0499999999997,3751.3,0.44562047480741024,143.63666666666666,11.0,0.3333333333333333,3.0,0.3333333333333333,38.0,3.0,86.66666666666667,9,9.0,3,3,3,3,3,144,149,210,0.1869,0.0,0.5526,0.3216,T2,False,none
5d25ff4b-f71e-4d7d-8bef-836b475390ae,4.0,0.4444444444444444,3.0,8369.49,2092.3725,2108.6034515981582,73,0,4.0,1.0,21.0,4.0,1.0,0.25,4.0,1.0,8.0,4.0,1.0,0.25,0.4444444444444444,2092.3725,4874.98,0.5824703775259902,166.2313888888889,7.0,0.25,4.0,0.25,43.0,0.0,61.25,12,12.0,4,4,4,4,4,218,227,157,0.2333,0.0,0.3976,0.2695,T2,False,none
4688531c-0ce7-4cd1-ada6-be730e048902,2.0,0.2222222222222222,2.0,2413.61,1206.805,1582.992879974512,15,1,2.0,1.0,19.0,2.0,1.0,0.5,2.0,1.0,9.0,2.0,1.0,0.5,0.2222222222222222,1206.805,2326.15,0.96376382265569,191.7786111111111,18.0,0.0,2.0,0.5,31.0,0.0,31.0,6,6.0,2,2,2,2,2,101,104,112,0.2905,0.0,0.3574,0.1777,T2,False,none
782bdeb7-8c23-49dc-bb6f-b5303c01d51f,2.0,0.2222222222222222,2.0,6921.530000000001,3460.7650000000003,1163.4805688321576,85,0,2.0,1.0,12.0,2.0,1.0,0.5,2.0,1.0,7.0,2.0,1.0,0.5,0.2222222222222222,3460.7650000000003,4283.47,0.6188617256589222,29.40361111111111,13.0,0.0,2.0,0.5,36.0,2.0,42.5,6,6.0,2,2,2,2,2,91,91,211,0.1668,0.0,0.5966,0.3124,T2,False,none
fc1f4157-db96-4d2e-829b-e9e35f938f40,5.0,0.5555555555555556,4.0,11302.11,2260.422,219.86624267949813,29,0,5.0,1.0,18.0,5.0,1.0,0.2,5.0,1.0,11.0,5.0,1.0,0.2,0.5555555555555556,2260.422,2591.05,0.2292536526365431,227.00694444444446,1.0,0.2,5.0,0.2,41.0,0.0,54.4,15,15.0,5,5,5,5,5,248,266,69,0.4288,0.0,0.2614,0.1292,T2,False,none
208ba228-47ed-4254-898c-b1b793ac5e63,7.0,0.7777777777777778,5.0,13827.310000000001,1975.3300000000002,1483.5289550033508,43,1,7.0,1.0,19.0,7.0,1.0,0.14285714285714285,7.0,1.0,10.0,7.0,1.0,0.14285714285714285,0.7777777777777778,1975.3300000000002,4783.6,0.3459530450969856,203.9638888888889,1.0,0.2857142857142857,6.0,0.2857142857142857,43.0,0.0,62.142857142857146,20,21.0,7,7,6,7,7,315,350,69,0.4288,0.0,0.2614,0.1292,T2,False,none
38671bd1-2423-431d-a1a9-2fc148064725,3.0,0.3333333333333333,3.0,7867.92,2622.64,956.1931671477265,84,1,3.0,1.0,18.0,3.0,1.0,0.3333333333333333,3.0,1.0,10.0,3.0,1.0,0.3333333333333333,0.3333333333333333,2622.64,3470.87,0.4411420044941992,78.3338888888889,0.0,0.3333333333333333,3.0,0.3333333333333333,43.0,0.0,61.666666666666664,9,9.0,3,3,3,3,3,162,167,160,0.1969,0.0,0.388,0.2723,T2,False,none
6d2a2715-b99b-40e0-8bd3-af18ece3c195,0.0,0.0,0.0,0.0,0.0,0.0,47,0,0.0,0.0,0.0,0.0,0.0,0.0,0.0,0.0,0.0,0.0,0.0,0.0,0.0,0.0,0.0,0.0,0.0,0.0,0.0,0.0,0.0,0.0,0.0,0.0,0,0.0,0,0,0,0,0,0,0,1,0.0,0.0,0.0,0.0,T2,False,none
6f9a1f1e-8604-42f3-bbd9-2413956c2689,2.0,0.2222222222222222,2.0,7599.21,3799.605,833.8415295786127,70,0,2.0,1.0,13.0,2.0,1.0,0.5,2.0,1.0,15.0,2.0,1.0,0.5,0.2222222222222222,3799.605,4389.22,0.577588986223568,112.39555555555556,2.0,0.5,2.0,0.5,37.0,1.0,29.0,6,6.0,2,2,2,2,2,101,104,211,0.1668,0.0,0.5966,0.3124,T2,False,none
77fe4de1-c4e6-40ba-b0b7-79dc83d5b8bf,6.0,0.6666666666666666,4.0,9395.880000000001,1565.9800000000002,1381.3535257420526,13,0,5.0,1.2,27.0,5.0,1.0,0.3333333333333333,6.0,1.0,8.0,6.0,1.0,0.16666666666666666,0.6666666666666666,1565.9800000000002,4263.46,0.4537584558338335,200.72472222222223,6.0,0.0,6.0,0.16666666666666666,39.0,1.0,58.0,17,18.0,5,6,6,5,6,280,301,112,0.2905,0.0,0.3574,0.1777,T2,False,none
1be87562-94f4-4e55-96b3-131a8122635e,0.0,0.0,0.0,0.0,0.0,0.0,48,0,0.0,0.0,0.0,0.0,0.0,0.0,0.0,0.0,0.0,0.0,0.0,0.0,0.0,0.0,0.0,0.0,0.0,0.0,0.0,0.0,0.0,0.0,0.0,0.0,0,0.0,0,0,0,0,0,0,0,1,0.0,0.0,0.0,0.0,T2,False,none
b195f1b9-b14c-4f53-9ed2-788c5b57d753,2.0,0.2222222222222222,2.0,6696.290000000001,3348.1450000000004,680.3993580611315,59,0,2.0,1.0,18.0,2.0,1.0,0.5,2.0,1.0,10.0,2.0,1.0,0.5,0.2222222222222222,3348.1450000000004,3829.26,0.5718479934411442,15.956111111111111,14.0,0.0,2.0,0.5,36.0,2.0,43.5,6,6.0,2,2,2,2,2,106,107,211,0.1668,0.0,0.5966,0.3124,T2,False,none
4fef6083-e79e-4fe7-a81f-f924b51b54f9,4.0,0.4444444444444444,3.0,13215.15,3303.7875,817.8539206718601,97,0,4.0,1.0,17.0,4.0,1.0,0.25,4.0,1.0,11.0,4.0,1.0,0.25,0.4444444444444444,3303.7875,4175.23,0.31594268699182376,185.41694444444445,8.0,0.0,4.0,0.25,38.0,3.0,70.0,12,12.0,4,4,4,4,4,193,204,119,0.3255,0.0,0.3993,0.1775,T2,False,none
39b26a96-8d4e-4cb3-a1b6-8ee1ef3b9266,2.0,0.2222222222222222,2.0,3885.48,1942.74,1684.498058413841,51,0,2.0,1.0,17.0,2.0,1.0,0.5,2.0,1.0,7.0,2.0,1.0,0.5,0.2222222222222222,1942.74,3133.86,0.8065567188609902,125.86611111111111,3.0,0.5,2.0,0.5,39.0,0.0,58.5,6,6.0,2,2,2,2,2,110,111,80,0.3873,0.0,0.2639,0.1532,T2,False,none
22c1ed4b-3c4f-4b58-a0a1-fdaf343aee55,7.0,0.7777777777777778,5.0,21180.44,3025.7771428571427,1626.6140826034339,46,0,7.0,1.0,20.0,7.0,1.0,0.14285714285714285,7.0,1.0,11.0,7.0,1.0,0.14285714285714285,0.7777777777777778,3025.7771428571427,4905.65,0.2316122800092916,133.62277777777777,13.0,0.0,7.0,0.14285714285714285,40.0,0.0,53.714285714285715,21,21.0,7,7,7,7,7,339,379,160,0.1969,0.0,0.388,0.2723,T2,False,none
fb012154-509d-4884-88da-9ed1b27ab8ee,1.0,0.1111111111111111,1.0,4483.73,4483.73,0.0,32,0,1.0,1.0,12.0,1.0,1.0,1.0,1.0,1.0,8.0,1.0,1.0,1.0,0.1111111111111111,4483.73,4483.73,1.0,0.0,17.0,0.0,1.0,1.0,36.0,0.0,15.0,3,3.0,1,1,1,1,1,53,53,75,0.4631,0.0,0.2745,0.1623,T2,False,none
9ad4870d-fc65-4aa0-8ad8-c2d5a53369ac,2.0,0.2222222222222222,2.0,5931.26,2965.63,2310.4006968489252,72,1,2.0,1.0,16.0,2.0,1.0,0.5,2.0,1.0,9.0,2.0,1.0,0.5,0.2222222222222222,2965.63,4599.33,0.7754389455191645,153.61055555555555,8.0,0.0,2.0,0.5,39.0,0.0,55.5,6,6.0,2,2,2,2,2,105,108,112,0.2905,0.0,0.3574,0.1777,T2,False,none
296fe683-6d1e-4450-833f-8bfbde3312c7,0.0,0.0,0.0,0.0,0.0,0.0,86,1,0.0,0.0,0.0,0.0,0.0,0.0,0.0,0.0,0.0,0.0,0.0,0.0,0.0,0.0,0.0,0.0,0.0,0.0,0.0,0.0,0.0,0.0,0.0,0.0,0,0.0,0,0,0,0,0,0,0,1,0.0,0.0,0.0,0.0,T2,False,none
48471175-ed1c-4fcd-8652-48b33a0c320c,8.0,0.8888888888888888,6.0,24874.9,3109.3625,1204.1469324291666,71,0,8.0,1.0,19.0,8.0,1.0,0.125,8.0,1.0,10.0,8.0,1.0,0.125,0.8888888888888888,3109.3625,4298.01,0.17278501622117073,216.47444444444446,1.0,0.125,8.0,0.125,37.0,2.0,60.5,24,24.0,8,8,8,8,8,340,376,160,0.1969,0.0,0.388,0.2723,T2,False,none
1e65465d-35e5-4641-afdb-dfbf8de67603,2.0,0.2222222222222222,1.0,3316.19,1658.095,2229.0197774021653,22,0,2.0,1.0,11.0,2.0,1.0,0.5,2.0,1.0,10.0,2.0,1.0,0.5,0.2222222222222222,1658.095,3234.25,0.9752909212077715,6.967222222222222,6.0,0.0,2.0,0.5,28.0,2.0,42.0,6,6.0,2,2,2,2,2,80,83,69,0.4288,0.0,0.2614,0.1292,T2,False,none
9a333403-bd16-4dd1-8f2a-c279dba3a66f,5.0,0.5555555555555556,5.0,12639.42,2527.884,1780.6666344321727,98,0,5.0,1.0,18.0,5.0,1.0,0.2,5.0,1.0,13.0,5.0,1.0,0.2,0.5555555555555556,2527.884,4671.39,0.3695889526576378,187.4025,17.0,0.2,5.0,0.2,42.0,1.0,30.4,15,15.0,5,5,5,5,5,250,262,119,0.3255,0.0,0.3993,0.1775,T2,False,none
104fe101-0a11-46f9-aebd-cd225912a189,5.0,0.5555555555555556,4.0,8848.45,1769.69,1488.3955393812494,34,0,5.0,1.0,22.0,5.0,1.0,0.2,5.0,1.0,10.0,5.0,1.0,0.2,0.5555555555555556,1769.69,4246.52,0.47991682159022203,156.40472222222223,14.0,0.0,5.0,0.2,44.0,2.0,31.4,15,15.0,5,5,5,5,5,265,291,124,0.2408,0.0806,0.3579,0.2431,T2,False,none
55fc7af2-af86-428c-a6fc-5945a3df7805,3.0,0.3333333333333333,3.0,4336.51,1445.5033333333333,1192.1015315120326,73,0,3.0,1.0,16.0,3.0,1.0,0.3333333333333333,3.0,1.0,7.0,3.0,1.0,0.3333333333333333,0.3333333333333333,1445.5033333333333,2791.53,0.6437273291194994,62.59361111111111,1.0,0.0,3.0,0.3333333333333333,37.0,2.0,45.0,9,9.0,3,3,3,3,3,143,148,211,0.1668,0.0,0.5966,0.3124,T2,False,none
cb284572-d050-4572-92b8-5d0d656a6a88,2.0,0.2222222222222222,1.0,7428.31,3714.155,647.5188927359575,55,0,2.0,1.0,14.0,2.0,1.0,0.5,2.0,1.0,12.0,2.0,1.0,0.5,0.2222222222222222,3714.155,4172.02,0.5616378422548333,7.6755555555555555,12.0,0.0,2.0,0.5,36.0,0.0,58.0,6,6.0,2,2,2,2,2,111,115,211,0.1668,0.0,0.5966,0.3124,T2,False,none
845c319b-bf09-4f3b-9f53-87dec33bee61,3.0,0.3333333333333333,3.0,7053.370000000001,2351.1233333333334,1022.1393488332858,17,0,3.0,1.0,14.0,3.0,1.0,0.3333333333333333,3.0,1.0,9.0,3.0,1.0,0.3333333333333333,0.3333333333333333,2351.1233333333334,3413.04,0.48388784368323223,122.82194444444444,1.0,0.3333333333333333,3.0,0.3333333333333333,40.0,0.0,49.0,9,9.0,3,3,3,3,3,145,154,211,0.1668,0.0,0.5966,0.3124,T2,False,none
301c4982-ddbd-4ac6-a6e2-dfba1ed2bb22,3.0,0.3333333333333333,3.0,8927.54,2975.846666666667,1899.6436242709665,69,0,3.0,1.0,19.0,3.0,1.0,0.3333333333333333,3.0,1.0,7.0,3.0,1.0,0.3333333333333333,0.3333333333333333,2975.846666666667,4479.95,0.5018123693649089,143.38361111111112,2.0,0.0,3.0,0.3333333333333333,38.0,1.0,63.333333333333336,9,9.0,3,3,3,3,3,149,155,119,0.3255,0.0,0.3993,0.1775,T2,False,none
c966eaa8-7679-46f5-b7fa-2af40794bd26,5.0,0.5555555555555556,4.0,16782.77,3356.554,1709.9964334992048,95,1,5.0,1.0,25.0,5.0,1.0,0.2,5.0,1.0,12.0,5.0,1.0,0.2,0.5555555555555556,3356.554,4588.29,0.2733928904465711,117.58722222222222,0.0,0.6,5.0,0.2,37.0,1.0,52.0,15,15.0,5,5,5,5,5,239,254,80,0.4937,0.0,0.285,0.1235,T2,False,none
468363f0-736a-48ef-8138-c40f7e0a7ca0,4.0,0.4444444444444444,2.0,7042.77,1760.6925,2031.6061135691798,45,1,4.0,1.0,16.0,4.0,1.0,0.25,4.0,1.0,10.0,4.0,1.0,0.25,0.4444444444444444,1760.6925,4762.83,0.6762722621922908,151.5886111111111,10.0,0.0,4.0,0.25,35.0,3.0,39.5,12,12.0,4,4,4,4,4,186,196,210,0.1869,0.0,0.5526,0.3216,T2,False,none
c3c3397a-60cb-4aaf-b3e5-d79b2a30d3de,2.0,0.2222222222222222,2.0,4849.15,2424.575,43.64970160264575,78,0,2.0,1.0,12.0,2.0,1.0,0.5,2.0,1.0,11.0,2.0,1.0,0.5,0.2222222222222222,2424.575,2455.44,0.506365033047029,101.28222222222222,3.0,0.0,2.0,0.5,33.0,1.0,82.5,6,6.0,2,2,2,2,2,92,93,211,0.1668,0.0,0.5966,0.3124,T2,False,none
ba4ecd63-d728-425f-9b43-1c477bb47355,5.0,0.5555555555555556,4.0,11666.77,2333.3540000000003,1903.7856338831848,41,1,5.0,1.0,22.0,5.0,1.0,0.2,5.0,1.0,11.0,5.0,1.0,0.2,0.5555555555555556,2333.3540000000003,4965.49,0.42560965888587843,209.635,1.0,0.4,5.0,0.2,35.0,1.0,40.8,15,15.0,5,5,5,5,5,252,268,160,0.1969,0.0,0.388,0.2723,T2,False,none
69904704-df2a-4d3b-bb68-9f37c657cf46,4.0,0.4444444444444444,3.0,9126.89,2281.7225,1463.5029939469432,43,0,4.0,1.0,19.0,4.0,1.0,0.25,4.0,1.0,9.0,4.0,1.0,0.25,0.4444444444444444,2281.7225,3964.83,0.43441194097880004,146.6052777777778,7.0,0.25,4.0,0.25,34.0,2.0,87.75,12,12.0,4,4,4,4,4,188,202,136,0.2576,0.0,0.4342,0.2507,T2,False,none
b83af3fb-c50d-475b-b930-3cb68645bea6,3.0,0.3333333333333333,2.0,10462.14,3487.3799999999997,338.8339469415659,39,0,3.0,1.0,18.0,3.0,1.0,0.3333333333333333,3.0,1.0,7.0,3.0,1.0,0.3333333333333333,0.3333333333333333,3487.3799999999997,3839.24,0.36696507597871947,133.71972222222223,0.0,0.3333333333333333,3.0,0.3333333333333333,31.0,2.0,49.666666666666664,9,9.0,3,3,3,3,3,133,138,69,0.4288,0.0,0.2614,0.1292,T2,False,none
fb858c98-9523-4a77-9c10-6aac475a2c99,5.0,0.5555555555555556,4.0,13719.82,2743.964,1198.2917477934996,57,1,5.0,1.0,21.0,5.0,1.0,0.2,5.0,1.0,11.0,5.0,1.0,0.2,0.5555555555555556,2743.964,4146.48,0.30222553940212044,164.5011111111111,4.0,0.0,5.0,0.2,44.0,3.0,63.2,15,15.0,5,5,5,5,5,268,282,136,0.2576,0.0,0.4342,0.2507,T2,False,none
17910cbc-415b-41c9-8cff-bf2a04fb9514,3.0,0.3333333333333333,3.0,6890.75,2296.9166666666665,709.3814985840364,32,0,3.0,1.0,22.0,3.0,1.0,0.3333333333333333,3.0,1.0,9.0,3.0,1.0,0.3333333333333333,0.3333333333333333,2296.9166666666665,3063.63,0.4446003700613141,101.6025,14.0,0.3333333333333333,3.0,0.3333333333333333,41.0,0.0,60.0,9,9.0,3,3,3,3,3,153,161,160,0.1969,0.0,0.388,0.2723,T2,False,none
91eb1175-efe2-45f3-9b32-cd3b81171410,4.0,0.4444444444444444,4.0,12225.03,3056.2575,1246.7159380381456,43,0,4.0,1.0,15.0,4.0,1.0,0.25,4.0,1.0,10.0,4.0,1.0,0.25,0.4444444444444444,3056.2575,4537.46,0.37116146136246697,104.27777777777777,16.0,0.25,4.0,0.25,36.0,0.0,45.5,12,12.0,4,4,4,4,4,191,195,160,0.1969,0.0,0.388,0.2723,T2,False,none
a02016c6-8342-48a1-b307-a18d2747f7fd,3.0,0.3333333333333333,3.0,9802.07,3267.3566666666666,1183.3396414526699,37,1,3.0,1.0,18.0,3.0,1.0,0.3333333333333333,3.0,1.0,9.0,3.0,1.0,0.3333333333333333,0.3333333333333333,3267.3566666666666,4579.81,0.4672288608426588,71.7286111111111,0.0,0.0,3.0,0.3333333333333333,35.0,3.0,55.666666666666664,9,9.0,3,3,3,3,3,139,145,210,0.1869,0.0,0.5526,0.3216,T2,False,none
16c17ff6-9f49-4bbd-a309-859ca66627b1,4.0,0.4444444444444444,4.0,10934.65,2733.6625,1096.530568395154,90,1,4.0,1.0,15.0,4.0,1.0,0.25,4.0,1.0,14.0,4.0,1.0,0.25,0.4444444444444444,2733.6625,4350.23,0.39783897975701094,149.5861111111111,2.0,0.25,4.0,0.25,46.0,0.0,70.25,12,12.0,4,4,4,4,4,191,205,119,0.2253,0.0,0.3893,0.1815,T2,False,none
82118612-daa7-412d-b90a-85b3d7595189,4.0,0.4444444444444444,3.0,7857.25,1964.3125,1675.6360928191818,67,0,4.0,1.0,18.0,4.0,1.0,0.25,4.0,1.0,8.0,4.0,1.0,0.25,0.4444444444444444,1964.3125,4005.12,0.5097355945146202,95.38277777777778,16.0,0.25,4.0,0.25,35.0,0.0,58.5,12,12.0,4,4,4,4,4,195,203,211,0.1668,0.0,0.5966,0.3124,T2,False,none
c1c9afbc-60b8-4a4e-8b18-f62b4c646674,2.0,0.2222222222222222,2.0,3873.1800000000003,1936.5900000000001,337.81319364406113,24,1,2.0,1.0,12.0,2.0,1.0,0.5,2.0,1.0,5.0,2.0,1.0,0.5,0.2222222222222222,1936.5900000000001,2175.46,0.5616728373068125,67.15305555555555,3.0,0.5,2.0,0.5,39.0,0.0,67.0,6,6.0,2,2,2,2,2,92,94,80,0.3873,0.0,0.2639,0.1532,T2,False,none
6c107ed2-9575-4d90-91cd-cdc5ecbf21c8,4.0,0.4444444444444444,3.0,10259.83,2564.9575,1448.7370562522149,29,0,4.0,1.0,25.0,4.0,1.0,0.25,4.0,1.0,7.0,4.0,1.0,0.25,0.4444444444444444,2564.9575,4383.0,0.4272000608197212,173.91944444444445,6.0,0.0,4.0,0.25,35.0,0.0,71.25,12,12.0,4,4,4,4,4,200,214,83,0.4146,0.0,0.3286,0.1462,T2,False,none
d7124b14-070a-4b1d-9fff-7d1fe2ceb755,5.0,0.5555555555555556,4.0,14071.59,2814.318,1571.6679450093777,68,1,5.0,1.0,17.0,5.0,1.0,0.2,5.0,1.0,11.0,5.0,1.0,0.2,0.5555555555555556,2814.318,4432.67,0.3150084674155515,165.16027777777776,1.0,0.0,5.0,0.2,40.0,0.0,41.8,15,15.0,5,5,5,5,5,245,262,124,0.2408,0.0806,0.3579,0.2431,T2,False,none
27cf84c9-416e-4eb2-8d63-327a4e8727fe,1.0,0.1111111111111111,1.0,3249.46,3249.46,0.0,61,0,1.0,1.0,20.0,1.0,1.0,1.0,1.0,1.0,7.0,1.0,1.0,1.0,0.1111111111111111,3249.46,3249.46,1.0,0.0,21.0,0.0,1.0,1.0,35.0,1.0,64.0,3,3.0,1,1,1,1,1,58,59,136,0.2576,0.0,0.4342,0.2507,T2,False,none
1d09f905-5f54-49ad-adf4-e093c01a30c8,3.0,0.3333333333333333,3.0,3800.87,1266.9566666666667,1698.5883513180388,29,0,3.0,1.0,21.0,3.0,1.0,0.3333333333333333,3.0,1.0,9.0,3.0,1.0,0.3333333333333333,0.3333333333333333,1266.9566666666667,3227.52,0.8491529570861408,77.08027777777778,8.0,0.6666666666666666,3.0,0.3333333333333333,41.0,2.0,34.333333333333336,9,9.0,3,3,3,3,3,151,163,160,0.1969,0.0,0.388,0.2723,T2,False,none
2e14eb61-342b-455e-b226-286bb60f0944,3.0,0.3333333333333333,3.0,10238.48,3412.8266666666664,990.9993388662444,15,1,3.0,1.0,18.0,3.0,1.0,0.3333333333333333,3.0,1.0,9.0,3.0,1.0,0.3333333333333333,0.3333333333333333,3412.8266666666664,4473.67,0.4369466952125706,142.80972222222223,10.0,0.3333333333333333,3.0,0.3333333333333333,41.0,0.0,19.0,9,9.0,3,3,3,3,3,150,156,69,0.4288,0.0,0.2614,0.1292,T2,False,none
660e255d-06d2-4b00-af0e-9bfef857d622,5.0,0.5555555555555556,4.0,15039.62,3007.924,1626.869925802306,40,0,5.0,1.0,18.0,5.0,1.0,0.2,5.0,1.0,11.0,5.0,1.0,0.2,0.5555555555555556,3007.924,4514.6,0.30018045668707055,142.34777777777776,0.0,0.4,4.0,0.4,32.0,1.0,56.8,14,15.0,5,5,4,5,5,204,217,210,0.1869,0.0,0.5526,0.3216,T2,False,none
b3718ef6-31dc-4723-9f53-8207f8f71887,0.0,0.0,0.0,0.0,0.0,0.0,91,0,0.0,0.0,0.0,0.0,0.0,0.0,0.0,0.0,0.0,0.0,0.0,0.0,0.0,0.0,0.0,0.0,0.0,0.0,0.0,0.0,0.0,0.0,0.0,0.0,0,0.0,0,0,0,0,0,0,0,1,0.0,0.0,0.0,0.0,T2,False,none
4ec6c502-7121-4b03-b79f-881acc873a4e,7.0,0.7777777777777778,6.0,15333.01,2190.43,1732.981075507366,99,0,7.0,1.0,14.0,7.0,1.0,0.14285714285714285,7.0,1.0,8.0,7.0,1.0,0.14285714285714285,0.7777777777777778,2190.43,4844.74,0.31596796715061165,196.5313888888889,1.0,0.2857142857142857,7.0,0.14285714285714285,37.0,0.0,53.142857142857146,21,21.0,7,7,7,7,7,320,342,160,0.1969,0.0,0.388,0.2723,T2,False,none
5328aa3c-eb77-425e-84a7-8ca80d652aa5,1.0,0.1111111111111111,1.0,1487.79,1487.79,0.0,75,0,1.0,1.0,10.0,1.0,1.0,1.0,1.0,1.0,10.0,1.0,1.0,1.0,0.1111111111111111,1487.79,1487.79,1.0,0.0,20.0,0.0,1.0,1.0,25.0,3.0,19.0,3,3.0,1,1,1,1,1,42,42,124,0.2408,0.0806,0.3579,0.2431,T2,False,none
83fbee47-fd75-4a61-bd3f-3c41c52445d9,1.0,0.1111111111111111,1.0,4581.6,4581.6,0.0,59,1,1.0,1.0,19.0,1.0,1.0,1.0,1.0,1.0,6.0,1.0,1.0,1.0,0.1111111111111111,4581.6,4581.6,1.0,0.0,16.0,0.0,1.0,1.0,30.0,0.0,77.0,3,3.0,1,1,1,1,1,52,52,157,0.2333,0.0,0.3976,0.2695,T2,False,none
186871ce-d753-4d2d-8eb7-0b97aaf90c0a,2.0,0.2222222222222222,2.0,4001.74,2000.87,2113.2734683897397,50,1,2.0,1.0,17.0,2.0,1.0,0.5,2.0,1.0,8.0,2.0,1.0,0.5,0.2222222222222222,2000.87,3495.18,0.8734150644469656,224.51777777777778,10.0,0.0,2.0,0.5,33.0,1.0,87.5,6,6.0,2,2,2,2,2,98,102,136,0.2576,0.0,0.4342,0.2507,T2,False,none
dcc68057-ecca-4900-8330-603038117800,4.0,0.4444444444444444,2.0,9883.91,2470.9775,1350.885308883894,58,1,4.0,1.0,22.0,4.0,1.0,0.25,4.0,1.0,10.0,4.0,1.0,0.25,0.4444444444444444,2470.9775,3404.55,0.34445376374329595,55.468333333333334,22.0,0.25,4.0,0.25,37.0,0.0,69.75,12,12.0,4,4,4,4,4,190,202,80,0.4259,0.0,0.2617,0.1285,T2,False,none
b7982be6-57a9-4193-8973-2e7163a68fe6,1.0,0.1111111111111111,1.0,1678.15,1678.15,0.0,75,0,1.0,1.0,17.0,1.0,1.0,1.0,1.0,1.0,6.0,1.0,1.0,1.0,0.1111111111111111,1678.15,1678.15,1.0,0.0,22.0,0.0,1.0,1.0,34.0,0.0,62.0,3,3.0,1,1,1,1,1,53,54,119,0.3255,0.0,0.3993,0.1775,T2,False,none
c9122ccb-0cc2-4f7e-9c80-0bae9e46a573,4.0,0.4444444444444444,4.0,14266.61,3566.6525,2028.2206657951037,30,1,4.0,1.0,15.0,4.0,1.0,0.25,4.0,1.0,9.0,4.0,1.0,0.25,0.4444444444444444,3566.6525,4851.42,0.3400541544207068,218.45111111111112,0.0,0.0,4.0,0.25,35.0,3.0,46.0,12,12.0,4,4,4,4,4,182,190,157,0.2333,0.0,0.3976,0.2695,T2,False,none
374269e4-5782-4147-9614-79a3cd0ad267,3.0,0.3333333333333333,2.0,10886.4,3628.7999999999997,819.4712519667787,37,0,3.0,1.0,17.0,3.0,1.0,0.3333333333333333,3.0,1.0,9.0,3.0,1.0,0.3333333333333333,0.3333333333333333,3628.7999999999997,4560.32,0.41890064667842447,193.02388888888888,4.0,0.0,3.0,0.3333333333333333,39.0,3.0,67.0,9,9.0,3,3,3,3,3,160,172,112,0.2905,0.0,0.3574,0.1777,T2,False,none
a1a5d8dd-37e7-4530-8ba6-5b76d8e45736,6.0,0.6666666666666666,4.0,13610.82,2268.47,1566.296442439936,67,0,6.0,1.0,19.0,6.0,1.0,0.16666666666666666,6.0,1.0,12.0,6.0,1.0,0.16666666666666666,0.6666666666666666,2268.47,4556.86,0.3347968748392823,161.60222222222222,4.0,0.16666666666666666,6.0,0.16666666666666666,41.0,2.0,73.5,18,18.0,6,6,6,6,6,283,308,119,0.2635,0.0,0.3946,0.1939,T2,False,none
26e094fb-ae93-4588-8e45-4f0d7bb0421a,1.0,0.1111111111111111,1.0,1466.96,1466.96,0.0,85,0,1.0,1.0,9.0,1.0,1.0,1.0,1.0,1.0,8.0,1.0,1.0,1.0,0.1111111111111111,1466.96,1466.96,1.0,0.0,4.0,0.0,1.0,1.0,40.0,1.0,60.0,3,3.0,1,1,1,1,1,53,54,157,0.2333,0.0,0.3976,0.2695,T2,False,none
31a9dcc3-b7a8-4180-abc2-4c92297c19da,3.0,0.3333333333333333,3.0,5193.5,1731.1666666666667,749.2363623272255,74,0,3.0,1.0,17.0,3.0,1.0,0.3333333333333333,3.0,1.0,11.0,3.0,1.0,0.3333333333333333,0.3333333333333333,1731.1666666666667,2588.94,0.49849619716953886,204.5825,8.0,0.0,3.0,0.3333333333333333,43.0,1.0,55.0,9,9.0,3,3,3,3,3,161,167,80,0.4259,0.0,0.2617,0.1285,T2,False,none
516e500b-90ce-426c-aaad-c040c753c27c,5.0,0.5555555555555556,3.0,9777.539999999999,1955.5079999999998,1500.8630269348366,34,0,5.0,1.0,21.0,5.0,1.0,0.2,5.0,1.0,9.0,5.0,1.0,0.2,0.5555555555555556,1955.5079999999998,4380.03,0.4479685074159758,207.845,12.0,0.0,5.0,0.2,46.0,1.0,57.8,15,15.0,5,5,5,5,5,267,280,83,0.4146,0.0,0.3286,0.1462,T2,False,none
e3d6647a-ae26-44a3-9d88-64de6a4b6bb8,3.0,0.3333333333333333,2.0,1416.95,472.31666666666666,98.27547829104336,49,0,3.0,1.0,25.0,3.0,1.0,0.3333333333333333,3.0,1.0,7.0,3.0,1.0,0.3333333333333333,0.3333333333333333,472.31666666666666,572.74,0.4042062175800134,77.2625,11.0,0.6666666666666666,3.0,0.3333333333333333,43.0,0.0,76.0,9,9.0,3,3,3,3,3,150,156,136,0.2576,0.0,0.4342,0.2507,T2,False,none
b5381054-088a-4a7e-ba0f-844427ccb42b,5.0,0.5555555555555556,4.0,13565.07,2713.014,1629.236113269037,86,1,5.0,1.0,19.0,5.0,1.0,0.2,5.0,1.0,12.0,5.0,1.0,0.2,0.5555555555555556,2713.014,4444.28,0.32762676491901627,65.93888888888888,5.0,0.6,5.0,0.2,37.0,2.0,50.2,15,15.0,5,5,5,5,5,237,253,80,0.4937,0.0,0.285,0.1235,T2,False,none
af48f06a-13be-4f9b-b9a5-ef50f504238d,12.0,1.3333333333333333,7.0,17685.48,1473.79,1489.011767014986,1,0,7.0,1.7142857142857142,25.0,7.0,1.0,0.3333333333333333,6.0,2.0,19.0,6.0,1.0,0.5833333333333334,1.3333333333333333,1473.79,4824.79,0.27281080298640464,182.35305555555556,3.0,0.16666666666666666,5.0,0.6666666666666666,40.0,1.0,46.5,18,36.0,7,6,5,7,6,274,337,124,0.2408,0.0806,0.3579,0.2431,T2,True,cluster_001
63723066-ec3b-4d39-8bbd-826dd6074664,2.0,0.2222222222222222,1.0,4530.16,2265.08,553.8201731609279,72,0,2.0,1.0,13.0,2.0,1.0,0.5,2.0,1.0,7.0,2.0,1.0,0.5,0.2222222222222222,2265.08,2656.69,0.5864450703727904,12.756666666666666,4.0,0.0,2.0,0.5,37.0,0.0,68.0,6,6.0,2,2,2,2,2,89,91,119,0.2253,0.0,0.3893,0.1815,T2,False,none
15f0a1db-4b92-4f16-8be2-6573cec52e76,7.0,0.7777777777777778,5.0,18915.55,2702.2214285714285,1148.5309333002829,75,0,7.0,1.0,22.0,7.0,1.0,0.14285714285714285,7.0,1.0,10.0,7.0,1.0,0.14285714285714285,0.7777777777777778,2702.2214285714285,3983.76,0.21060767463806235,210.18333333333334,7.0,0.42857142857142855,7.0,0.14285714285714285,46.0,3.0,49.142857142857146,21,21.0,7,7,7,7,7,362,401,119,0.2253,0.0,0.3893,0.1815,T2,False,none
798c8cae-5961-462c-8e0a-08596f2fffd3,6.0,0.6666666666666666,5.0,16785.1,2797.5166666666664,1713.3534131715696,30,0,6.0,1.0,18.0,6.0,1.0,0.16666666666666666,6.0,1.0,9.0,6.0,1.0,0.16666666666666666,0.6666666666666666,2797.5166666666664,4668.33,0.2781234547306838,176.55416666666667,8.0,0.16666666666666666,6.0,0.16666666666666666,41.0,0.0,50.666666666666664,18,18.0,6,6,6,6,6,291,315,210,0.1869,0.0,0.5526,0.3216,T2,False,none
891b7fb7-b27c-49da-93fe-c189b7b03b1b,4.0,0.4444444444444444,3.0,13001.58,3250.395,2125.7134324033427,81,0,4.0,1.0,23.0,4.0,1.0,0.25,4.0,1.0,12.0,4.0,1.0,0.25,0.4444444444444444,3250.395,4736.41,0.36429495492086345,117.1036111111111,0.0,0.0,4.0,0.25,42.0,1.0,32.5,12,12.0,4,4,4,4,4,198,216,69,0.4288,0.0,0.2614,0.1292,T2,False,none
d369a037-a4de-4c61-a61c-db7702c58261,9.0,1.0,6.0,22781.51,2531.2788888888886,1485.5807388563944,43,1,9.0,1.0,20.0,9.0,1.0,0.1111111111111111,9.0,1.0,10.0,9.0,1.0,0.1111111111111111,1.0,2531.2788888888886,4864.66,0.21353545045960518,204.6797222222222,0.0,0.2222222222222222,8.0,0.2222222222222222,46.0,0.0,45.44444444444444,26,27.0,9,9,8,9,9,421,473,80,0.4259,0.0,0.2617,0.1285,T2,False,none
581ac8f0-b2b1-4f93-a224-6f11c74c8995,7.0,0.7777777777777778,6.0,23464.17,3352.0242857142853,1464.810732914633,98,1,7.0,1.0,21.0,7.0,1.0,0.14285714285714285,7.0,1.0,10.0,7.0,1.0,0.14285714285714285,0.7777777777777778,3352.0242857142853,4565.91,0.19459073131502203,227.34722222222223,1.0,0.2857142857142857,7.0,0.14285714285714285,43.0,0.0,65.42857142857143,21,21.0,7,7,7,7,7,332,366,160,0.1969,0.0,0.388,0.2723,T2,False,none
e54a1621-1004-4b34-a0f7-5215234ba8a4,3.0,0.3333333333333333,3.0,8745.82,2915.273333333333,1797.9308609992024,92,1,3.0,1.0,22.0,3.0,1.0,0.3333333333333333,3.0,1.0,11.0,3.0,1.0,0.3333333333333333,0.3333333333333333,2915.273333333333,3974.0,0.4543884964474458,54.647777777777776,4.0,0.6666666666666666,3.0,0.3333333333333333,40.0,3.0,36.666666666666664,9,9.0,3,3,3,3,3,168,179,80,0.3873,0.0,0.2639,0.1532,T2,False,none
15351721-9c1a-41e1-b5b4-f4ffea5501c8,2.0,0.2222222222222222,2.0,5509.34,2754.67,671.0443353460336,71,0,2.0,1.0,18.0,2.0,1.0,0.5,2.0,1.0,8.0,2.0,1.0,0.5,0.2222222222222222,2754.67,3229.17,0.5861264688692294,10.462777777777777,1.0,0.0,2.0,0.5,39.0,0.0,87.5,6,6.0,2,2,2,2,2,115,118,112,0.2905,0.0,0.3574,0.1777,T2,False,none
99523ed7-c007-461a-bf99-4f97597fe779,3.0,0.3333333333333333,3.0,10878.210000000001,3626.07,1115.1284157441241,18,0,3.0,1.0,17.0,3.0,1.0,0.3333333333333333,3.0,1.0,7.0,3.0,1.0,0.3333333333333333,0.3333333333333333,3626.07,4560.27,0.4192114327632947,178.58138888888888,2.0,0.3333333333333333,3.0,0.3333333333333333,38.0,0.0,65.0,9,9.0,3,3,3,3,3,150,155,119,0.2253,0.0,0.3893,0.1815,T2,False,none
28e6b567-04cf-4620-93b5-f51a360c5da1,5.0,0.5555555555555556,4.0,6892.35,1378.47,1343.5242091975863,35,0,5.0,1.0,17.0,5.0,1.0,0.2,5.0,1.0,8.0,5.0,1.0,0.2,0.5555555555555556,1378.47,3569.79,0.5179351019608697,78.09361111111112,6.0,0.4,5.0,0.2,43.0,3.0,42.0,15,15.0,5,5,5,5,5,250,271,160,0.1969,0.0,0.388,0.2723,T2,False,none
ff90454d-e56b-4904-88d9-6cab1a4de31b,3.0,0.3333333333333333,2.0,4069.14,1356.3799999999999,1409.427595834564,39,1,3.0,1.0,23.0,3.0,1.0,0.3333333333333333,3.0,1.0,9.0,3.0,1.0,0.3333333333333333,0.3333333333333333,1356.3799999999999,2880.2,0.707815410627307,169.64777777777778,2.0,0.0,3.0,0.3333333333333333,40.0,3.0,43.0,9,9.0,3,3,3,3,3,165,172,157,0.2333,0.0,0.3976,0.2695,T2,False,none
8fa03930-f9f1-48e4-8704-a514985ea20f,3.0,0.3333333333333333,3.0,4778.23,1592.743333333333,1900.0330013537487,64,1,3.0,1.0,18.0,3.0,1.0,0.3333333333333333,3.0,1.0,11.0,3.0,1.0,0.3333333333333333,0.3333333333333333,1592.743333333333,3760.36,0.7869776046778829,125.46,1.0,0.0,3.0,0.3333333333333333,41.0,0.0,54.0,9,9.0,3,3,3,3,3,158,166,157,0.2333,0.0,0.3976,0.2695,T2,False,none
6f5156be-9ffd-446b-bec6-8377591728c7,3.0,0.3333333333333333,3.0,6214.35,2071.4500000000003,2050.768169150282,94,0,3.0,1.0,17.0,3.0,1.0,0.3333333333333333,3.0,1.0,10.0,3.0,1.0,0.3333333333333333,0.3333333333333333,2071.4500000000003,4374.75,0.7039754761157643,223.43083333333334,6.0,0.0,3.0,0.3333333333333333,33.0,1.0,81.66666666666667,9,9.0,3,3,3,3,3,142,150,210,0.1869,0.0,0.5526,0.3216,T2,False,none
634a754c-ee93-435b-8489-9e40f578b18a,2.0,0.2222222222222222,2.0,3580.34,1790.17,2143.325506590168,25,0,2.0,1.0,22.0,2.0,1.0,0.5,2.0,1.0,8.0,2.0,1.0,0.5,0.2222222222222222,1790.17,3305.73,0.9233005803918063,83.62527777777778,0.0,0.0,2.0,0.5,41.0,1.0,56.5,6,6.0,2,2,2,2,2,118,122,69,0.4288,0.0,0.2614,0.1292,T2,False,none
8f79c0d6-7d96-4044-b93b-8f0ebb55c890,2.0,0.2222222222222222,2.0,7243.49,3621.745,1820.0009308926194,71,1,2.0,1.0,13.0,2.0,1.0,0.5,2.0,1.0,7.0,2.0,1.0,0.5,0.2222222222222222,3621.745,4908.68,0.6776678093018698,215.2763888888889,11.0,0.0,2.0,0.5,37.0,0.0,57.5,6,6.0,2,2,2,2,2,90,92,119,0.2253,0.0,0.3893,0.1815,T2,False,none
0f99e412-e533-4b22-9ba1-5e1e0088deb8,2.0,0.2222222222222222,2.0,6027.15,3013.575,1361.173482716292,77,1,2.0,1.0,15.0,2.0,1.0,0.5,2.0,1.0,9.0,2.0,1.0,0.5,0.2222222222222222,3013.575,3976.07,0.6596932215060186,50.151944444444446,18.0,0.0,2.0,0.5,34.0,0.0,64.5,6,6.0,2,2,2,2,2,98,98,119,0.3255,0.0,0.3993,0.1775,T2,False,none
d2cf9e3f-6a24-4f62-a145-625e0767b056,0.0,0.0,0.0,0.0,0.0,0.0,74,0,0.0,0.0,0.0,0.0,0.0,0.0,0.0,0.0,0.0,0.0,0.0,0.0,0.0,0.0,0.0,0.0,0.0,0.0,0.0,0.0,0.0,0.0,0.0,0.0,0,0.0,0,0,0,0,0,0,0,1,0.0,0.0,0.0,0.0,T2,False,none
d1ab8318-f70f-4206-867d-951380e7ed97,6.0,0.6666666666666666,5.0,13775.79,2295.965,1584.2161755234035,82,0,6.0,1.0,24.0,6.0,1.0,0.16666666666666666,6.0,1.0,16.0,6.0,1.0,0.16666666666666666,0.6666666666666666,2295.965,4710.01,0.34190489256877465,184.28166666666667,3.0,0.0,6.0,0.16666666666666666,42.0,0.0,62.5,18,18.0,6,6,6,6,6,343,378,157,0.2333,0.0,0.3976,0.2695,T2,False,none
fcd34d3e-f16e-435e-b021-edd6ff0916d6,6.0,0.6666666666666666,4.0,8900.4,1483.3999999999999,1431.1705670673919,98,1,6.0,1.0,19.0,6.0,1.0,0.16666666666666666,6.0,1.0,10.0,6.0,1.0,0.16666666666666666,0.6666666666666666,1483.3999999999999,3530.26,0.39664060042245297,203.8875,18.0,0.3333333333333333,6.0,0.16666666666666666,39.0,3.0,56.166666666666664,18,18.0,6,6,6,6,6,310,334,80,0.3873,0.0,0.2639,0.1532,T2,False,none
fd43dc2a-e1b8-47eb-a0f8-1148d9b6bad9,3.0,0.3333333333333333,3.0,12793.31,4264.4366666666665,1034.3212101824722,64,1,3.0,1.0,22.0,3.0,1.0,0.3333333333333333,3.0,1.0,10.0,3.0,1.0,0.3333333333333333,0.3333333333333333,4264.4366666666665,4905.72,0.38345979265725605,106.31361111111111,0.0,0.3333333333333333,3.0,0.3333333333333333,41.0,0.0,46.0,9,9.0,3,3,3,3,3,167,171,211,0.1668,0.0,0.5966,0.3124,T2,False,none
72d47217-690a-461a-9b94-e93c54d7c42d,3.0,0.3333333333333333,3.0,8645.3,2881.7666666666664,856.4816977223353,11,1,3.0,1.0,15.0,3.0,1.0,0.3333333333333333,3.0,1.0,9.0,3.0,1.0,0.3333333333333333,0.3333333333333333,2881.7666666666664,3868.92,0.44751714804575904,163.3827777777778,3.0,0.0,3.0,0.3333333333333333,44.0,2.0,48.666666666666664,9,9.0,3,3,3,3,3,155,160,119,0.3255,0.0,0.3993,0.1775,T2,False,none
72f27a00-1a21-49f2-b763-e4e4a6eaea97,1.0,0.1111111111111111,1.0,1405.44,1405.44,0.0,18,0,1.0,1.0,13.0,1.0,1.0,1.0,1.0,1.0,8.0,1.0,1.0,1.0,0.1111111111111111,1405.44,1405.44,1.0,0.0,23.0,0.0,1.0,1.0,38.0,3.0,43.0,3,3.0,1,1,1,1,1,55,56,210,0.1869,0.0,0.5526,0.3216,T2,False,none
d20e8357-4d0f-4b5c-a6a4-6afb31a948a3,5.0,0.5555555555555556,4.0,13666.66,2733.332,1391.1981959699344,26,0,5.0,1.0,15.0,5.0,1.0,0.2,5.0,1.0,10.0,5.0,1.0,0.2,0.5555555555555556,2733.332,3954.11,0.2893252630854942,208.8475,21.0,0.4,5.0,0.2,41.0,2.0,37.6,15,15.0,5,5,5,5,5,253,275,157,0.2333,0.0,0.3976,0.2695,T2,False,none
e92a14c8-cf4c-4824-a2b9-2e7965772172,4.0,0.4444444444444444,4.0,4630.32,1157.58,544.9457880070885,46,1,4.0,1.0,15.0,4.0,1.0,0.25,4.0,1.0,8.0,4.0,1.0,0.25,0.4444444444444444,1157.58,1944.45,0.4199385787591355,214.02694444444444,3.0,0.0,4.0,0.25,42.0,0.0,71.25,12,12.0,4,4,4,4,4,199,212,119,0.2635,0.0,0.3946,0.1939,T2,False,none
6f8ea7dc-bfb8-4ad7-a268-e161f9bd717e,4.0,0.4444444444444444,4.0,12680.689999999999,3170.1724999999997,1205.088020613017,50,0,4.0,1.0,18.0,4.0,1.0,0.25,4.0,1.0,16.0,4.0,1.0,0.25,0.4444444444444444,3170.1724999999997,4924.78,0.3883684562906277,169.3761111111111,2.0,0.25,4.0,0.25,39.0,3.0,53.75,12,12.0,4,4,4,4,4,200,220,210,0.1869,0.0,0.5526,0.3216,T2,False,none
f5d7d691-0299-4185-8dc4-9f118c395037,3.0,0.3333333333333333,3.0,5529.2699999999995,1843.09,730.4949630900953,90,1,3.0,1.0,15.0,3.0,1.0,0.3333333333333333,3.0,1.0,9.0,3.0,1.0,0.3333333333333333,0.3333333333333333,1843.09,2482.99,0.4490628961870193,84.8825,6.0,0.0,3.0,0.3333333333333333,44.0,3.0,49.0,9,9.0,3,3,3,3,3,161,163,75,0.4631,0.0,0.2745,0.1623,T2,False,none
7bee1913-dea4-400e-ba78-6664d6121f94,2.0,0.2222222222222222,2.0,3049.41,1524.705,1946.3750548262788,52,1,2.0,1.0,20.0,2.0,1.0,0.5,2.0,1.0,11.0,2.0,1.0,0.5,0.2222222222222222,1524.705,2901.0,0.9513315690576211,49.02305555555556,16.0,0.0,2.0,0.5,42.0,0.0,95.0,6,6.0,2,2,2,2,2,122,126,119,0.2635,0.0,0.3946,0.1939,T2,False,none
d3e3c6aa-2139-4b30-a1c1-f77fc2758448,5.0,0.5555555555555556,4.0,12784.73,2556.946,1457.5001185694637,37,0,5.0,1.0,21.0,5.0,1.0,0.2,5.0,1.0,11.0,5.0,1.0,0.2,0.5555555555555556,2556.946,3835.61,0.3000149396975924,68.16527777777777,1.0,0.0,5.0,0.2,44.0,1.0,61.4,15,15.0,5,5,5,5,5,261,281,210,0.1869,0.0,0.5526,0.3216,T2,False,none
cbf4cb02-fe4a-4cc6-8530-16e9db585980,4.0,0.4444444444444444,4.0,11345.470000000001,2836.3675000000003,1257.5163383265974,47,1,4.0,1.0,18.0,4.0,1.0,0.25,4.0,1.0,11.0,4.0,1.0,0.25,0.4444444444444444,2836.3675000000003,4270.7,0.3764233654489412,134.0525,1.0,0.5,4.0,0.25,31.0,0.0,45.75,12,12.0,4,4,4,4,4,179,192,112,0.2905,0.0,0.3574,0.1777,T2,False,none
660af054-339f-4157-8f38-c5ca14923e78,1.0,0.1111111111111111,1.0,211.56,211.56,0.0,46,1,1.0,1.0,22.0,1.0,1.0,1.0,1.0,1.0,9.0,1.0,1.0,1.0,0.1111111111111111,211.56,211.56,1.0,0.0,13.0,0.0,1.0,1.0,36.0,2.0,66.0,3,3.0,1,1,1,1,1,64,64,211,0.1668,0.0,0.5966,0.3124,T2,False,none
d214a9bb-6a6d-45d9-b52e-39edf6aa622e,3.0,0.3333333333333333,3.0,7254.74,2418.2466666666664,1990.551273751403,43,0,3.0,1.0,19.0,3.0,1.0,0.3333333333333333,3.0,1.0,10.0,3.0,1.0,0.3333333333333333,0.3333333333333333,2418.2466666666664,4517.58,0.6227073609805451,138.2411111111111,11.0,0.0,3.0,0.3333333333333333,39.0,3.0,57.0,9,9.0,3,3,3,3,3,145,157,210,0.1869,0.0,0.5526,0.3216,T2,False,none
8ca68194-2a46-44d9-9525-eec04b4d0c2f,3.0,0.3333333333333333,3.0,4990.7300000000005,1663.5766666666668,897.0991474933713,65,0,3.0,1.0,18.0,3.0,1.0,0.3333333333333333,3.0,1.0,8.0,3.0,1.0,0.3333333333333333,0.3333333333333333,1663.5766666666668,2411.96,0.4832880159816299,79.29722222222222,14.0,0.6666666666666666,3.0,0.3333333333333333,37.0,3.0,32.333333333333336,9,9.0,3,3,3,3,3,153,161,160,0.1969,0.0,0.388,0.2723,T2,False,none
385d3e34-8178-4522-b822-8482cd42c911,4.0,0.4444444444444444,4.0,15351.220000000001,3837.8050000000003,836.3149913957858,38,1,4.0,1.0,18.0,4.0,1.0,0.25,4.0,1.0,19.0,4.0,1.0,0.25,0.4444444444444444,3837.8050000000003,4707.59,0.3066590147232598,174.11222222222221,0.0,0.25,4.0,0.25,40.0,3.0,42.5,12,12.0,4,4,4,4,4,231,245,124,0.2408,0.0806,0.3579,0.2431,T2,False,none
c658ddc1-d179-42ec-8dc1-6864d92d3556,1.0,0.1111111111111111,1.0,2788.32,2788.32,0.0,15,0,1.0,1.0,15.0,1.0,1.0,1.0,1.0,1.0,7.0,1.0,1.0,1.0,0.1111111111111111,2788.32,2788.32,1.0,0.0,17.0,0.0,1.0,1.0,25.0,3.0,19.0,3,3.0,1,1,1,1,1,44,44,80,0.4937,0.0,0.285,0.1235,T2,False,none
2601f793-d80c-492d-bdb2-76496ab47f74,3.0,0.3333333333333333,2.0,6785.56,2261.8533333333335,1302.9085094638583,75,0,3.0,1.0,20.0,3.0,1.0,0.3333333333333333,3.0,1.0,10.0,3.0,1.0,0.3333333333333333,0.3333333333333333,2261.8533333333335,3740.89,0.551301587488726,49.539722222222224,18.0,0.6666666666666666,3.0,0.3333333333333333,41.0,3.0,71.0,9,9.0,3,3,3,3,3,172,174,124,0.2408,0.0806,0.3579,0.2431,T2,False,none
f5555f44-58f4-4918-94d6-c4ab5a683257,3.0,0.3333333333333333,3.0,11191.1,3730.366666666667,1747.207570963832,45,0,3.0,1.0,16.0,3.0,1.0,0.3333333333333333,3.0,1.0,12.0,3.0,1.0,0.3333333333333333,0.3333333333333333,3730.366666666667,4849.89,0.4333702674446659,44.39555555555555,11.0,0.6666666666666666,3.0,0.3333333333333333,42.0,1.0,70.66666666666667,9,9.0,3,3,3,3,3,176,183,157,0.2333,0.0,0.3976,0.2695,T2,False,none
57c51b57-9635-4ef6-9fc4-d0149c82a057,5.0,0.5555555555555556,5.0,14178.39,2835.678,771.9849449438763,27,0,5.0,1.0,21.0,5.0,1.0,0.2,4.0,1.25,15.0,4.0,1.0,0.4,0.5555555555555556,2835.678,3416.74,0.24098222717812107,192.15277777777777,17.0,0.4,4.0,0.4,44.0,3.0,37.6,13,15.0,5,4,4,5,4,244,260,75,0.4631,0.0,0.2745,0.1623,T2,False,none
dbd1ecf0-c486-40f8-828d-328c4c99b8c2,1.0,0.1111111111111111,1.0,3961.2,3961.2,0.0,48,1,1.0,1.0,12.0,1.0,1.0,1.0,1.0,1.0,11.0,1.0,1.0,1.0,0.1111111111111111,3961.2,3961.2,1.0,0.0,11.0,0.0,1.0,1.0,26.0,1.0,53.0,3,3.0,1,1,1,1,1,45,46,112,0.2905,0.0,0.3574,0.1777,T2,False,none
a4d64f03-b6f2-40e9-98fe-9a83275e62d9,7.0,0.7777777777777778,7.0,11605.25,1657.892857142857,1589.0190986445514,52,1,7.0,1.0,19.0,7.0,1.0,0.14285714285714285,7.0,1.0,10.0,7.0,1.0,0.14285714285714285,0.7777777777777778,1657.892857142857,3550.99,0.3059813446500506,205.2875,3.0,0.2857142857142857,7.0,0.14285714285714285,38.0,3.0,51.857142857142854,21,21.0,7,7,7,7,7,328,367,136,0.2576,0.0,0.4342,0.2507,T2,False,none
29c6daca-4277-44d1-8436-15bf7533c9fb,1.0,0.1111111111111111,1.0,3526.76,3526.76,0.0,51,0,1.0,1.0,17.0,1.0,1.0,1.0,1.0,1.0,8.0,1.0,1.0,1.0,0.1111111111111111,3526.76,3526.76,1.0,0.0,10.0,0.0,1.0,1.0,40.0,2.0,55.0,3,3.0,1,1,1,1,1,60,62,136,0.2576,0.0,0.4342,0.2507,T2,False,none
acb4cf92-3004-4f62-939c-0e9c7e7515d5,4.0,0.4444444444444444,3.0,9855.39,2463.8475,1569.020915334889,37,1,4.0,1.0,19.0,4.0,1.0,0.25,4.0,1.0,10.0,4.0,1.0,0.25,0.4444444444444444,2463.8475,3805.0,0.38608314840914465,73.84305555555555,1.0,0.0,4.0,0.25,38.0,3.0,70.0,12,12.0,4,4,4,4,4,199,207,119,0.2635,0.0,0.3946,0.1939,T2,False,none
6a1f9178-41f0-46dc-b384-1286a8b0d867,6.0,0.6666666666666666,5.0,13281.26,2213.5433333333335,1390.5665969045376,91,1,6.0,1.0,19.0,6.0,1.0,0.16666666666666666,6.0,1.0,7.0,6.0,1.0,0.16666666666666666,0.6666666666666666,2213.5433333333335,4371.1,0.3291178698406627,191.25055555555556,0.0,0.16666666666666666,6.0,0.16666666666666666,41.0,0.0,74.16666666666667,18,18.0,6,6,6,6,6,316,337,80,0.4937,0.0,0.285,0.1235,T2,False,none
98d45e80-4f8e-47d0-8710-cb66e331c126,1.0,0.1111111111111111,1.0,2759.65,2759.65,0.0,35,0,1.0,1.0,23.0,1.0,1.0,1.0,1.0,1.0,3.0,1.0,1.0,1.0,0.1111111111111111,2759.65,2759.65,1.0,0.0,6.0,1.0,1.0,1.0,36.0,0.0,11.0,3,3.0,1,1,1,1,1,58,59,119,0.2253,0.0,0.3893,0.1815,T2,False,none
01af2644-28d7-465d-9870-7397bd8edbf7,5.0,0.5555555555555556,4.0,13203.48,2640.696,789.2864639216865,24,0,5.0,1.0,18.0,5.0,1.0,0.2,5.0,1.0,14.0,5.0,1.0,0.2,0.5555555555555556,2640.696,3481.92,0.26371229403157354,161.32638888888889,9.0,0.2,5.0,0.2,46.0,1.0,56.4,15,15.0,5,5,5,5,5,258,273,80,0.4259,0.0,0.2617,0.1285,T2,False,none
c636f420-3a14-457c-b94a-6bf23234c372,4.0,0.4444444444444444,4.0,5835.64,1458.91,1955.4792647669096,89,1,4.0,1.0,19.0,4.0,1.0,0.25,4.0,1.0,11.0,4.0,1.0,0.25,0.4444444444444444,1458.91,4351.89,0.7457433974679727,119.09027777777777,14.0,0.5,4.0,0.25,38.0,2.0,52.75,12,12.0,4,4,4,4,4,199,208,210,0.1869,0.0,0.5526,0.3216,T2,False,none
55636eaa-6f11-4bfe-9d63-ae3922724590,4.0,0.4444444444444444,3.0,9990.82,2497.705,1248.4025393144098,18,0,4.0,1.0,13.0,4.0,1.0,0.25,4.0,1.0,7.0,4.0,1.0,0.25,0.4444444444444444,2497.705,3718.02,0.37214362785036664,194.64277777777778,5.0,0.0,4.0,0.25,38.0,0.0,60.75,12,12.0,4,4,4,4,4,188,197,210,0.1869,0.0,0.5526,0.3216,T2,False,none
02b1c4ba-05da-40a8-aa5a-1d0d8374bc40,2.0,0.2222222222222222,2.0,6337.55,3168.775,664.3904605350683,17,1,2.0,1.0,21.0,2.0,1.0,0.5,2.0,1.0,8.0,2.0,1.0,0.5,0.2222222222222222,3168.775,3638.57,0.574128803717525,51.72944444444445,11.0,0.0,2.0,0.5,33.0,1.0,71.5,6,6.0,2,2,2,2,2,104,105,119,0.2635,0.0,0.3946,0.1939,T2,False,none
187215c8-05d9-438f-85a1-c2e619d21628,4.0,0.4444444444444444,4.0,7969.97,1992.4925,1831.1880336068714,93,1,4.0,1.0,17.0,4.0,1.0,0.25,4.0,1.0,10.0,4.0,1.0,0.25,0.4444444444444444,1992.4925,3904.09,0.48985002452957793,169.4636111111111,20.0,0.25,3.0,0.5,31.0,0.0,80.75,11,12.0,4,4,3,4,4,163,166,157,0.2333,0.0,0.3976,0.2695,T2,False,none
db9ca0cc-f8d8-4d50-a30a-3901fb8b1b95,5.0,0.5555555555555556,4.0,10538.470000000001,2107.6940000000004,1192.7976372503426,20,1,5.0,1.0,19.0,5.0,1.0,0.2,5.0,1.0,10.0,5.0,1.0,0.2,0.5555555555555556,2107.6940000000004,3491.01,0.3312634566497793,61.466388888888886,0.0,0.4,5.0,0.2,47.0,3.0,70.2,15,15.0,5,5,5,5,5,246,268,211,0.1668,0.0,0.5966,0.3124,T2,False,none
77b559a1-9e36-4608-b5e7-04180ffb8a2f,5.0,0.5555555555555556,5.0,14367.75,2873.55,1503.46885642836,78,1,5.0,1.0,19.0,5.0,1.0,0.2,5.0,1.0,9.0,5.0,1.0,0.2,0.5555555555555556,2873.55,4166.86,0.29001479006803427,215.3697222222222,5.0,0.2,5.0,0.2,37.0,0.0,54.2,15,15.0,5,5,5,5,5,238,252,211,0.1668,0.0,0.5966,0.3124,T2,False,none
793a2131-d862-4306-ba42-edc6c309aa6d,3.0,0.3333333333333333,3.0,10396.14,3465.3799999999997,262.42088636387143,42,1,3.0,1.0,16.0,3.0,1.0,0.3333333333333333,3.0,1.0,12.0,3.0,1.0,0.3333333333333333,0.3333333333333333,3465.3799999999997,3713.58,0.3572075789668088,137.09027777777777,7.0,0.0,3.0,0.3333333333333333,37.0,2.0,61.666666666666664,9,9.0,3,3,3,3,3,153,160,210,0.1869,0.0,0.5526,0.3216,T2,False,none
dc026133-f058-4a16-829d-e940549414b6,5.0,0.5555555555555556,4.0,7935.99,1587.1979999999999,1002.099649620735,99,0,5.0,1.0,15.0,5.0,1.0,0.2,5.0,1.0,11.0,5.0,1.0,0.2,0.5555555555555556,1587.1979999999999,2739.45,0.34519322731001423,195.45305555555555,0.0,0.4,5.0,0.2,46.0,1.0,75.2,15,15.0,5,5,5,5,5,245,261,80,0.4259,0.0,0.2617,0.1285,T2,False,none
4f965e44-002a-4f22-843a-9e40658ad48c,1.0,0.1111111111111111,1.0,339.42,339.42,0.0,17,0,1.0,1.0,14.0,1.0,1.0,1.0,1.0,1.0,7.0,1.0,1.0,1.0,0.1111111111111111,339.42,339.42,1.0,0.0,15.0,1.0,1.0,1.0,24.0,2.0,26.0,3,3.0,1,1,1,1,1,42,42,210,0.1869,0.0,0.5526,0.3216,T2,False,none
7ef10488-c696-4f08-8975-dd029595ac92,4.0,0.4444444444444444,4.0,9321.85,2330.4625,1077.8006218336488,20,1,4.0,1.0,18.0,4.0,1.0,0.25,4.0,1.0,10.0,4.0,1.0,0.25,0.4444444444444444,2330.4625,3841.09,0.41205232866866554,142.8761111111111,6.0,0.25,4.0,0.25,44.0,0.0,47.25,12,12.0,4,4,4,4,4,206,215,75,0.4631,0.0,0.2745,0.1623,T2,False,none
e0f8a0e3-3280-4e42-be7f-ac019eb9e3fc,2.0,0.2222222222222222,2.0,4829.610000000001,2414.8050000000003,2430.84219488843,19,0,2.0,1.0,18.0,2.0,1.0,0.5,2.0,1.0,8.0,2.0,1.0,0.5,0.2222222222222222,2414.8050000000003,4133.67,0.8559014081882387,43.727222222222224,1.0,0.5,2.0,0.5,34.0,0.0,47.5,6,6.0,2,2,2,2,2,96,98,80,0.3873,0.0,0.2639,0.1532,T2,False,none
3b5dc506-85f3-4389-b220-fb7fa2b2d80c,2.0,0.2222222222222222,2.0,4810.82,2405.41,844.3703495504801,23,0,2.0,1.0,20.0,2.0,1.0,0.5,2.0,1.0,11.0,2.0,1.0,0.5,0.2222222222222222,2405.41,3002.47,0.6241077404683609,106.945,2.0,0.0,2.0,0.5,37.0,0.0,67.5,6,6.0,2,2,2,2,2,114,115,136,0.2576,0.0,0.4342,0.2507,T2,False,none
e36a8808-9240-43e7-80ed-f47633cfc5b4,1.0,0.1111111111111111,1.0,3080.43,3080.43,0.0,20,1,1.0,1.0,17.0,1.0,1.0,1.0,1.0,1.0,4.0,1.0,1.0,1.0,0.1111111111111111,3080.43,3080.43,1.0,0.0,14.0,0.0,1.0,1.0,30.0,0.0,72.0,3,3.0,1,1,1,1,1,48,48,160,0.1969,0.0,0.388,0.2723,T2,False,none
051b0c79-e45c-4388-becd-03d3a2a320e3,2.0,0.2222222222222222,2.0,763.84,381.92,428.37943017843423,69,0,2.0,1.0,14.0,2.0,1.0,0.5,2.0,1.0,10.0,2.0,1.0,0.5,0.2222222222222222,381.92,684.83,0.8965621072475911,145.79166666666666,9.0,0.5,2.0,0.5,39.0,0.0,77.0,6,6.0,2,2,2,2,2,107,109,80,0.3873,0.0,0.2639,0.1532,T2,False,none
4e2e49c2-ca33-4491-a754-c809b514ce85,2.0,0.2222222222222222,1.0,5883.58,2941.79,2297.347505668222,16,0,2.0,1.0,16.0,2.0,1.0,0.5,2.0,1.0,7.0,2.0,1.0,0.5,0.2222222222222222,2941.79,4566.26,0.7761023050591647,8.939166666666667,11.0,0.0,2.0,0.5,34.0,2.0,14.5,6,6.0,2,2,2,2,2,90,91,160,0.1969,0.0,0.388,0.2723,T2,False,none
f57a90a5-bdc4-4f4e-852b-baed34624dc0,5.0,0.5555555555555556,3.0,10113.359999999999,2022.6719999999998,946.641969051658,18,0,5.0,1.0,16.0,5.0,1.0,0.2,5.0,1.0,11.0,5.0,1.0,0.2,0.5555555555555556,2022.6719999999998,3553.52,0.351368882349684,102.67444444444445,2.0,0.2,5.0,0.2,44.0,2.0,36.2,15,15.0,5,5,5,5,5,262,277,124,0.2408,0.0806,0.3579,0.2431,T2,False,none
b64d9cc1-f662-4a3a-b659-0f9074df10c9,2.0,0.2222222222222222,2.0,4847.76,2423.88,2062.3759222799317,96,1,2.0,1.0,18.0,2.0,1.0,0.5,2.0,1.0,5.0,2.0,1.0,0.5,0.2222222222222222,2423.88,3882.2,0.8008234731092297,26.579166666666666,3.0,0.0,2.0,0.5,42.0,0.0,30.0,6,6.0,2,2,2,2,2,98,103,157,0.2333,0.0,0.3976,0.2695,T2,False,none
f1c4e80b-6345-4615-852d-d2b7d81235b1,8.0,0.8888888888888888,6.0,19528.69,2441.08625,1097.271433119933,59,0,8.0,1.0,18.0,8.0,1.0,0.125,8.0,1.0,11.0,8.0,1.0,0.125,0.8888888888888888,2441.08625,3919.99,0.2007297980560908,180.3788888888889,12.0,0.125,8.0,0.125,47.0,0.0,58.375,24,24.0,8,8,8,8,8,363,409,80,0.4937,0.0,0.285,0.1235,T2,False,none
b43e1303-eebd-466d-8d50-075268449a86,3.0,0.3333333333333333,3.0,5962.6,1987.5333333333335,2092.5557454063996,77,1,3.0,1.0,18.0,3.0,1.0,0.3333333333333333,3.0,1.0,12.0,3.0,1.0,0.3333333333333333,0.3333333333333333,1987.5333333333335,4397.13,0.7374517827793244,205.01805555555555,4.0,0.0,2.0,0.6666666666666666,42.0,0.0,19.666666666666668,8,9.0,3,3,2,3,3,137,139,69,0.4288,0.0,0.2614,0.1292,T2,False,none
63485068-b05f-4e4f-a3f5-68f27f30da8d,5.0,0.5555555555555556,3.0,9856.55,1971.31,1273.5205228224634,21,0,5.0,1.0,16.0,5.0,1.0,0.2,5.0,1.0,9.0,5.0,1.0,0.2,0.5555555555555556,1971.31,3616.3,0.36689308125053904,128.70277777777778,4.0,0.0,5.0,0.2,36.0,1.0,52.6,15,15.0,5,5,5,5,5,222,235,211,0.1668,0.0,0.5966,0.3124,T2,False,none
68890671-06e1-4eab-8802-085a87f7a6bc,6.0,0.6666666666666666,4.0,13201.98,2200.33,1321.6815204882,29,0,6.0,1.0,20.0,6.0,1.0,0.16666666666666666,6.0,1.0,16.0,6.0,1.0,0.16666666666666666,0.6666666666666666,2200.33,4185.14,0.3170085093296612,112.29833333333333,1.0,0.5,6.0,0.16666666666666666,43.0,0.0,62.833333333333336,18,18.0,6,6,6,6,6,311,337,210,0.1869,0.0,0.5526,0.3216,T2,False,none
723e65cb-3c6e-4bbb-9b51-06d6ca2425d7,3.0,0.3333333333333333,2.0,7729.7699999999995,2576.5899999999997,2132.2408981163458,55,0,3.0,1.0,18.0,3.0,1.0,0.3333333333333333,3.0,1.0,14.0,3.0,1.0,0.3333333333333333,0.3333333333333333,2576.5899999999997,4854.63,0.6280432664878774,116.19972222222222,3.0,0.3333333333333333,3.0,0.3333333333333333,44.0,3.0,52.666666666666664,9,9.0,3,3,3,3,3,181,186,136,0.2576,0.0,0.4342,0.2507,T2,False,none
68756a0a-fd03-43d0-b9e1-216bc081fa12,3.0,0.3333333333333333,3.0,1630.21,543.4033333333333,350.63445500026563,64,1,3.0,1.0,18.0,3.0,1.0,0.3333333333333333,3.0,1.0,9.0,3.0,1.0,0.3333333333333333,0.3333333333333333,543.4033333333333,835.4,0.5124493163457469,108.32305555555556,4.0,0.3333333333333333,3.0,0.3333333333333333,44.0,0.0,36.0,9,9.0,3,3,3,3,3,177,187,157,0.2333,0.0,0.3976,0.2695,T2,False,none
a66684b0-0a7f-4d75-a548-683c117d4537,6.0,0.6666666666666666,6.0,20850.73,3475.1216666666664,1546.7295087043071,92,1,6.0,1.0,17.0,6.0,1.0,0.16666666666666666,6.0,1.0,11.0,6.0,1.0,0.16666666666666666,0.6666666666666666,3475.1216666666664,4931.91,0.23653416451126652,153.07777777777778,6.0,0.3333333333333333,6.0,0.16666666666666666,44.0,2.0,39.166666666666664,18,18.0,6,6,6,6,6,309,329,119,0.3255,0.0,0.3993,0.1775,T2,False,none
bc8f6d97-dd98-49d8-993e-f5dc8aeb3808,5.0,0.5555555555555556,4.0,15227.6,3045.52,1288.139294719325,41,0,5.0,1.0,14.0,5.0,1.0,0.2,5.0,1.0,11.0,5.0,1.0,0.2,0.5555555555555556,3045.52,4056.47,0.2663893193937324,220.64805555555554,7.0,0.0,4.0,0.4,41.0,3.0,55.6,14,15.0,5,5,4,5,5,211,218,69,0.4288,0.0,0.2614,0.1292,T2,False,none
7a0a5a97-e81d-4ca2-a1ea-80718d114788,3.0,0.3333333333333333,2.0,7493.62,2497.8733333333334,1221.0402270332181,98,0,3.0,1.0,12.0,3.0,1.0,0.3333333333333333,3.0,1.0,11.0,3.0,1.0,0.3333333333333333,0.3333333333333333,2497.8733333333334,3782.16,0.50471734622252,63.87888888888889,6.0,0.0,3.0,0.3333333333333333,46.0,1.0,16.666666666666668,9,9.0,3,3,3,3,3,155,161,83,0.4146,0.0,0.3286,0.1462,T2,False,none
91b13457-cf6b-45f7-ba0c-0b2f1a6ed4eb,3.0,0.3333333333333333,3.0,5052.349999999999,1684.1166666666666,2770.646523833983,73,1,3.0,1.0,20.0,3.0,1.0,0.3333333333333333,3.0,1.0,9.0,3.0,1.0,0.3333333333333333,0.3333333333333333,1684.1166666666666,4882.67,0.9664156283709562,226.45111111111112,4.0,0.0,3.0,0.3333333333333333,37.0,0.0,57.333333333333336,9,9.0,3,3,3,3,3,160,165,119,0.2635,0.0,0.3946,0.1939,T2,False,none
005b5043-cc7a-46d6-a820-3d55d8606054,5.0,0.5555555555555556,5.0,13191.58,2638.316,1811.5156924051198,42,1,5.0,1.0,23.0,5.0,1.0,0.2,5.0,1.0,8.0,5.0,1.0,0.2,0.5555555555555556,2638.316,4913.46,0.37246940851664473,189.6825,9.0,0.0,5.0,0.2,41.0,3.0,62.6,15,15.0,5,5,5,5,5,238,252,160,0.1969,0.0,0.388,0.2723,T2,False,none
5b931c1d-e788-4745-8512-d388a284dd12,3.0,0.3333333333333333,3.0,9495.39,3165.1299999999997,1172.1350596667603,79,1,3.0,1.0,12.0,3.0,1.0,0.3333333333333333,3.0,1.0,10.0,3.0,1.0,0.3333333333333333,0.3333333333333333,3165.1299999999997,4492.69,0.47314433635690584,49.64972222222222,0.0,0.3333333333333333,3.0,0.3333333333333333,39.0,0.0,64.0,9,9.0,3,3,3,3,3,147,149,210,0.1869,0.0,0.5526,0.3216,T2,False,none
142454c9-adcc-4bc3-bff9-8dade48a6fe5,2.0,0.2222222222222222,2.0,7505.26,3752.63,1217.3126080838888,39,0,2.0,1.0,12.0,2.0,1.0,0.5,2.0,1.0,10.0,2.0,1.0,0.5,0.2222222222222222,3752.63,4613.4,0.6146888981860721,107.49527777777777,8.0,0.0,2.0,0.5,40.0,0.0,33.5,6,6.0,2,2,2,2,2,104,105,124,0.2408,0.0806,0.3579,0.2431,T2,False,none
efbcda1e-39bb-4302-ad0e-25bfeb7433d7,2.0,0.2222222222222222,2.0,5597.17,2798.585,170.94306435184785,36,0,2.0,1.0,14.0,2.0,1.0,0.5,2.0,1.0,7.0,2.0,1.0,0.5,0.2222222222222222,2798.585,2919.46,0.5215957349875026,98.18972222222222,10.0,0.5,2.0,0.5,33.0,1.0,53.5,6,6.0,2,2,2,2,2,97,100,211,0.1668,0.0,0.5966,0.3124,T2,False,none
0b69471c-5ec6-4322-8937-0cd6d790999e,1.0,0.1111111111111111,1.0,601.76,601.76,0.0,24,1,1.0,1.0,16.0,1.0,1.0,1.0,1.0,1.0,10.0,1.0,1.0,1.0,0.1111111111111111,601.76,601.76,1.0,0.0,18.0,0.0,1.0,1.0,29.0,3.0,98.0,3,3.0,1,1,1,1,1,52,52,83,0.4146,0.0,0.3286,0.1462,T2,False,none
10df5b18-0910-41be-bcd0-845390c24e94,5.0,0.5555555555555556,5.0,15610.05,3122.0099999999998,692.3212896119835,95,1,5.0,1.0,25.0,5.0,1.0,0.2,5.0,1.0,11.0,5.0,1.0,0.2,0.5555555555555556,3122.0099999999998,3988.22,0.25549053334230193,206.1927777777778,10.0,0.0,5.0,0.2,43.0,0.0,51.4,15,15.0,5,5,5,5,5,273,288,136,0.2576,0.0,0.4342,0.2507,T2,False,none
2d95374e-12b4-4626-a308-9e172652fb12,3.0,0.3333333333333333,3.0,5142.92,1714.3066666666666,2263.770840551961,29,1,3.0,1.0,19.0,3.0,1.0,0.3333333333333333,3.0,1.0,10.0,3.0,1.0,0.3333333333333333,0.3333333333333333,1714.3066666666666,4306.36,0.8373375436522442,93.33805555555556,9.0,0.0,3.0,0.3333333333333333,38.0,0.0,86.0,9,9.0,3,3,3,3,3,156,167,80,0.4937,0.0,0.285,0.1235,T2,False,none
91d472c3-8fcf-48b1-b8b8-c2c19f1e0b1c,3.0,0.3333333333333333,3.0,4733.04,1577.68,1172.2248910938547,68,0,3.0,1.0,16.0,3.0,1.0,0.3333333333333333,3.0,1.0,9.0,3.0,1.0,0.3333333333333333,0.3333333333333333,1577.68,2394.16,0.5058397985227253,226.40805555555556,6.0,0.0,3.0,0.3333333333333333,29.0,0.0,29.666666666666668,9,9.0,3,3,3,3,3,127,133,124,0.2408,0.0806,0.3579,0.2431,T2,False,none
234cb4bb-3483-42bd-ba6d-654803488605,8.0,0.8888888888888888,5.0,14139.55,1767.44375,1341.2423331261368,26,0,8.0,1.0,18.0,8.0,1.0,0.125,8.0,1.0,12.0,8.0,1.0,0.125,0.8888888888888888,1767.44375,3427.45,0.24240163230088652,112.08333333333333,3.0,0.125,8.0,0.125,41.0,0.0,60.875,24,24.0,8,8,8,8,8,366,409,157,0.2333,0.0,0.3976,0.2695,T2,False,none
58e77254-1993-4369-b2f8-d4cd3f2a97e1,0.0,0.0,0.0,0.0,0.0,0.0,50,1,0.0,0.0,0.0,0.0,0.0,0.0,0.0,0.0,0.0,0.0,0.0,0.0,0.0,0.0,0.0,0.0,0.0,0.0,0.0,0.0,0.0,0.0,0.0,0.0,0,0.0,0,0,0,0,0,0,0,1,0.0,0.0,0.0,0.0,T2,False,none
f7562b7a-c975-4bd6-bdea-a56a968ae1ff,5.0,0.5555555555555556,4.0,13752.1,2750.42,1748.7065307392204,38,0,5.0,1.0,16.0,5.0,1.0,0.2,5.0,1.0,10.0,5.0,1.0,0.2,0.5555555555555556,2750.42,4914.62,0.3573723285898154,70.31472222222222,0.0,0.0,5.0,0.2,40.0,3.0,44.2,15,15.0,5,5,5,5,5,219,240,124,0.2408,0.0806,0.3579,0.2431,T2,False,none
19d55906-b11e-46dc-ae78-236e678b1b93,1.0,0.1111111111111111,1.0,3986.05,3986.05,0.0,24,1,1.0,1.0,10.0,1.0,1.0,1.0,1.0,1.0,10.0,1.0,1.0,1.0,0.1111111111111111,3986.05,3986.05,1.0,0.0,14.0,0.0,1.0,1.0,24.0,2.0,26.0,3,3.0,1,1,1,1,1,41,41,210,0.1869,0.0,0.5526,0.3216,T2,False,none
5b063ea0-18ef-49b0-863c-a5bbe82b0363,5.0,0.5555555555555556,4.0,13042.59,2608.518,1608.0587487619973,10,1,4.0,1.25,19.0,4.0,1.0,0.4,5.0,1.0,8.0,5.0,1.0,0.2,0.5555555555555556,2608.518,4146.68,0.31793378462406624,173.99,4.0,0.0,5.0,0.2,42.0,0.0,33.2,14,15.0,4,5,5,4,5,238,248,69,0.4288,0.0,0.2614,0.1292,T2,False,none
5480a1cb-71e6-4671-9f18-4ca556a32704,4.0,0.4444444444444444,3.0,7648.27,1912.0675,1115.7750497412103,43,0,4.0,1.0,25.0,4.0,1.0,0.25,4.0,1.0,12.0,4.0,1.0,0.25,0.4444444444444444,1912.0675,3419.51,0.4470958791988254,60.23222222222222,5.0,0.25,4.0,0.25,40.0,2.0,50.75,12,12.0,4,4,4,4,4,215,223,112,0.2905,0.0,0.3574,0.1777,T2,False,none
976ff235-5585-4809-984d-1f0e39e54f07,24.0,2.6666666666666665,9.0,35781.659999999996,1490.9025,1326.3988218226857,1,0,12.0,2.0,25.0,12.0,1.0,0.3333333333333333,11.0,2.1818181818181817,19.0,11.0,1.0,0.3333333333333333,2.6666666666666665,1490.9025,4865.2,0.13596909701785775,227.69027777777777,2.0,0.08333333333333333,9.0,0.625,46.0,1.0,45.375,32,72.0,12,11,9,12,11,480,612,124,0.2408,0.0806,0.3579,0.2431,T2,True,cluster_001
4d0ef70b-2782-456d-a9e4-6f2c685dbc74,9.0,1.0,6.0,20284.239999999998,2253.804444444444,1696.1526461901292,64,1,9.0,1.0,21.0,9.0,1.0,0.1111111111111111,9.0,1.0,11.0,9.0,1.0,0.1111111111111111,1.0,2253.804444444444,4868.28,0.24000307627990994,198.4711111111111,8.0,0.0,8.0,0.2222222222222222,41.0,0.0,63.77777777777778,26,27.0,9,9,8,9,9,404,455,211,0.1668,0.0,0.5966,0.3124,T2,False,none
4e9fde86-e192-4a0a-a0b2-747182575e21,6.0,0.6666666666666666,6.0,21101.09,3516.8483333333334,1066.688032358415,36,0,6.0,1.0,18.0,6.0,1.0,0.16666666666666666,6.0,1.0,9.0,6.0,1.0,0.16666666666666666,0.6666666666666666,3516.8483333333334,4578.96,0.21700111226481666,227.39166666666668,3.0,0.16666666666666666,6.0,0.16666666666666666,42.0,2.0,53.333333333333336,18,18.0,6,6,6,6,6,277,295,119,0.3255,0.0,0.3993,0.1775,T2,False,none
6beb9306-fcf3-4484-99f3-5ed4e1aa22cf,4.0,0.4444444444444444,4.0,9574.26,2393.565,1428.3109761416338,94,1,4.0,1.0,16.0,4.0,1.0,0.25,4.0,1.0,10.0,4.0,1.0,0.25,0.4444444444444444,2393.565,3914.2,0.40882532958160733,167.84722222222223,19.0,0.25,4.0,0.25,47.0,3.0,57.25,12,12.0,4,4,4,4,4,212,227,83,0.4146,0.0,0.3286,0.1462,T2,False,none
94f64e2c-9adc-453c-a5af-bd0aca9ac9db,4.0,0.4444444444444444,4.0,12116.019999999999,3029.0049999999997,1869.1870330975441,81,1,4.0,1.0,21.0,4.0,1.0,0.25,4.0,1.0,10.0,4.0,1.0,0.25,0.4444444444444444,3029.0049999999997,4900.73,0.4044834855010144,80.15833333333333,0.0,0.25,4.0,0.25,46.0,0.0,58.0,12,12.0,4,4,4,4,4,220,232,80,0.4259,0.0,0.2617,0.1285,T2,False,none
fe7406aa-a9c1-4330-8167-d657f2925bad,3.0,0.3333333333333333,3.0,7921.22,2640.4066666666668,1303.6021804727595,33,1,3.0,1.0,19.0,3.0,1.0,0.3333333333333333,3.0,1.0,10.0,3.0,1.0,0.3333333333333333,0.3333333333333333,2640.4066666666668,4140.04,0.5226518137357629,121.20861111111111,5.0,0.0,3.0,0.3333333333333333,42.0,0.0,30.0,9,9.0,3,3,3,3,3,156,160,157,0.2333,0.0,0.3976,0.2695,T2,False,none
86381ee9-3a09-44fa-8c48-c5d021039849,0.0,0.0,0.0,0.0,0.0,0.0,93,0,0.0,0.0,0.0,0.0,0.0,0.0,0.0,0.0,0.0,0.0,0.0,0.0,0.0,0.0,0.0,0.0,0.0,0.0,0.0,0.0,0.0,0.0,0.0,0.0,0,0.0,0,0,0,0,0,0,0,1,0.0,0.0,0.0,0.0,T2,False,none
43e232ee-fd48-464b-bc15-2c4a15b62fbc,3.0,0.3333333333333333,3.0,3676.26,1225.42,839.850759420982,91,1,3.0,1.0,20.0,3.0,1.0,0.3333333333333333,3.0,1.0,10.0,3.0,1.0,0.3333333333333333,0.3333333333333333,1225.42,2194.98,0.5970687600985785,137.83055555555555,2.0,0.0,3.0,0.3333333333333333,37.0,3.0,51.333333333333336,9,9.0,3,3,3,3,3,155,161,160,0.1969,0.0,0.388,0.2723,T2,False,none
c6018119-f441-448a-a658-016f96a98e35,1.0,0.1111111111111111,1.0,1520.74,1520.74,0.0,59,0,1.0,1.0,13.0,1.0,1.0,1.0,1.0,1.0,8.0,1.0,1.0,1.0,0.1111111111111111,1520.74,1520.74,1.0,0.0,1.0,0.0,1.0,1.0,43.0,1.0,38.0,3,3.0,1,1,1,1,1,61,61,80,0.4259,0.0,0.2617,0.1285,T2,False,none
dcb121d7-1d6e-41de-8714-d0903ba86b6a,4.0,0.4444444444444444,3.0,5816.01,1454.0025,1564.2655790790984,72,1,4.0,1.0,19.0,4.0,1.0,0.25,4.0,1.0,9.0,4.0,1.0,0.25,0.4444444444444444,1454.0025,3599.21,0.61884522206805,60.08,4.0,0.25,4.0,0.25,37.0,0.0,43.25,12,12.0,4,4,4,4,4,178,187,119,0.2253,0.0,0.3893,0.1815,T2,False,none
2a4e04ed-9f29-40a0-839a-69efa3b894d1,2.0,0.2222222222222222,2.0,7408.5,3704.25,1768.6154811037927,43,0,2.0,1.0,18.0,2.0,1.0,0.5,2.0,1.0,6.0,2.0,1.0,0.5,0.2222222222222222,3704.25,4954.85,0.6688061011000878,27.49277777777778,6.0,0.0,2.0,0.5,29.0,0.0,87.5,6,6.0,2,2,2,2,2,93,94,80,0.4259,0.0,0.2617,0.1285,T2,False,none
554e335a-d2f8-45ed-85d6-675169ae9159,3.0,0.3333333333333333,3.0,3001.83,1000.61,62.575184378473814,33,0,3.0,1.0,19.0,3.0,1.0,0.3333333333333333,3.0,1.0,7.0,3.0,1.0,0.3333333333333333,0.3333333333333333,1000.61,1066.32,0.35522331377859506,142.6611111111111,12.0,0.0,3.0,0.3333333333333333,46.0,2.0,68.0,9,9.0,3,3,3,3,3,155,159,119,0.2253,0.0,0.3893,0.1815,T2,False,none
adbcea04-afae-4c85-8f63-6ccd3eafb550,2.0,0.2222222222222222,2.0,1675.85,837.925,1.7889801564020664,21,0,2.0,1.0,18.0,2.0,1.0,0.5,2.0,1.0,9.0,2.0,1.0,0.5,0.2222222222222222,837.925,839.19,0.500754840827043,210.3227777777778,14.0,0.0,2.0,0.5,43.0,1.0,36.0,6,6.0,2,2,2,2,2,109,114,211,0.1668,0.0,0.5966,0.3124,T2,False,none
e383ffcb-b4ae-4b87-9258-946bc4bc801e,3.0,0.3333333333333333,2.0,4593.5599999999995,1531.1866666666665,144.64223668532406,49,0,3.0,1.0,19.0,3.0,1.0,0.3333333333333333,3.0,1.0,10.0,3.0,1.0,0.3333333333333333,0.3333333333333333,1531.1866666666665,1667.08,0.3629167791429741,30.12638888888889,9.0,1.0,3.0,0.3333333333333333,35.0,1.0,66.33333333333333,9,9.0,3,3,3,3,3,164,170,211,0.1668,0.0,0.5966,0.3124,T2,False,none
0151f368-7cb4-42b8-a27e-375813502541,5.0,0.5555555555555556,2.0,15254.8,3050.96,1348.6446735333957,88,0,5.0,1.0,21.0,5.0,1.0,0.2,5.0,1.0,13.0,5.0,1.0,0.2,0.5555555555555556,3050.96,4727.41,0.30989655714922515,44.422222222222224,0.0,0.6,5.0,0.2,42.0,3.0,67.8,15,15.0,5,5,5,5,5,251,264,119,0.2635,0.0,0.3946,0.1939,T2,False,none
2a634eec-47ae-42b8-95e3-1b2641862fdd,2.0,0.2222222222222222,2.0,6570.96,3285.48,1374.9267096103702,48,0,2.0,1.0,14.0,2.0,1.0,0.5,2.0,1.0,9.0,2.0,1.0,0.5,0.2222222222222222,3285.48,4257.7,0.6479570717216357,38.554722222222225,7.0,0.0,2.0,0.5,34.0,0.0,61.0,6,6.0,2,2,2,2,2,100,101,160,0.1969,0.0,0.388,0.2723,T2,False,none
3675a7f8-6a92-4fc1-80a7-ba326e596b01,4.0,0.4444444444444444,3.0,9974.42,2493.605,1692.4775156852156,74,0,4.0,1.0,15.0,4.0,1.0,0.25,4.0,1.0,13.0,4.0,1.0,0.25,0.4444444444444444,2493.605,4241.23,0.4252106889423144,55.55638888888889,20.0,0.0,4.0,0.25,47.0,3.0,59.75,12,12.0,4,4,4,4,4,215,223,80,0.4937,0.0,0.285,0.1235,T2,False,none
45c70cb1-6379-4b00-a2c6-37e0759324d8,2.0,0.2222222222222222,2.0,8831.92,4415.96,174.40081651184968,38,1,2.0,1.0,13.0,2.0,1.0,0.5,2.0,1.0,12.0,2.0,1.0,0.5,0.2222222222222222,4415.96,4539.28,0.5139629887951883,190.91027777777776,16.0,0.0,2.0,0.5,36.0,1.0,83.0,6,6.0,2,2,2,2,2,94,99,211,0.1668,0.0,0.5966,0.3124,T2,False,none
e9fc5cf3-31c3-4852-b8d7-3146657b9471,6.0,0.6666666666666666,5.0,19214.32,3202.3866666666668,1644.7886309877833,46,1,6.0,1.0,19.0,6.0,1.0,0.16666666666666666,6.0,1.0,15.0,6.0,1.0,0.16666666666666666,0.6666666666666666,3202.3866666666668,4776.34,0.24858230736242554,229.01,1.0,0.0,6.0,0.16666666666666666,46.0,1.0,48.166666666666664,18,18.0,6,6,6,6,6,284,310,119,0.2253,0.0,0.3893,0.1815,T2,False,none
fccbf6ea-565e-4c15-a80a-4c2132b09a1c,0.0,0.0,0.0,0.0,0.0,0.0,65,1,0.0,0.0,0.0,0.0,0.0,0.0,0.0,0.0,0.0,0.0,0.0,0.0,0.0,0.0,0.0,0.0,0.0,0.0,0.0,0.0,0.0,0.0,0.0,0.0,0,0.0,0,0,0,0,0,0,0,1,0.0,0.0,0.0,0.0,T2,False,none
c20720bb-6863-459f-9188-e5ace6d2f117,1.0,0.1111111111111111,1.0,3040.48,3040.48,0.0,86,1,1.0,1.0,18.0,1.0,1.0,1.0,1.0,1.0,5.0,1.0,1.0,1.0,0.1111111111111111,3040.48,3040.48,1.0,0.0,3.0,0.0,1.0,1.0,31.0,0.0,84.0,3,3.0,1,1,1,1,1,51,51,160,0.1969,0.0,0.388,0.2723,T2,False,none
9d4248b1-9fb8-4be0-8072-f5728466e318,1.0,0.1111111111111111,1.0,591.25,591.25,0.0,90,0,1.0,1.0,19.0,1.0,1.0,1.0,1.0,1.0,7.0,1.0,1.0,1.0,0.1111111111111111,591.25,591.25,1.0,0.0,14.0,0.0,1.0,1.0,30.0,3.0,62.0,3,3.0,1,1,1,1,1,53,53,136,0.2576,0.0,0.4342,0.2507,T2,False,none
9b9aa095-937c-441a-9117-5715734784f7,3.0,0.3333333333333333,2.0,9601.9,3200.633333333333,1988.6386166755722,34,1,3.0,1.0,19.0,3.0,1.0,0.3333333333333333,3.0,1.0,9.0,3.0,1.0,0.3333333333333333,0.3333333333333333,3200.633333333333,4798.9,0.49978650058842516,44.654444444444444,5.0,0.0,3.0,0.3333333333333333,44.0,0.0,40.666666666666664,9,9.0,3,3,3,3,3,161,169,119,0.2253,0.0,0.3893,0.1815,T2,False,none
5d1cd674-cb5f-4120-910e-4001349b6ebe,1.0,0.1111111111111111,1.0,130.01,130.01,0.0,59,1,1.0,1.0,19.0,1.0,1.0,1.0,1.0,1.0,14.0,1.0,1.0,1.0,0.1111111111111111,130.01,130.01,1.0,0.0,14.0,0.0,1.0,1.0,30.0,3.0,11.0,3,3.0,1,1,1,1,1,60,60,136,0.2576,0.0,0.4342,0.2507,T2,False,none
6224ecf1-ee41-4720-826c-89798f1ad5aa,4.0,0.4444444444444444,3.0,5380.82,1345.205,1379.5247064961661,92,1,4.0,1.0,18.0,4.0,1.0,0.25,4.0,1.0,11.0,4.0,1.0,0.25,0.4444444444444444,1345.205,3169.96,0.589122104065923,43.202222222222225,1.0,0.25,4.0,0.25,43.0,0.0,51.25,12,12.0,4,4,4,4,4,207,219,157,0.2333,0.0,0.3976,0.2695,T2,False,none
ff235f56-1af2-4e1f-a828-6b83a0112dca,4.0,0.4444444444444444,4.0,10422.29,2605.5725,1367.3586192942705,43,0,4.0,1.0,19.0,4.0,1.0,0.25,4.0,1.0,12.0,4.0,1.0,0.25,0.4444444444444444,2605.5725,4558.93,0.43742114257039477,178.60805555555555,2.0,0.25,4.0,0.25,46.0,3.0,64.75,12,12.0,4,4,4,4,4,211,218,119,0.2253,0.0,0.3893,0.1815,T2,False,none
71d3107b-ff29-4b6a-a299-c9fba1cace22,1.0,0.1111111111111111,1.0,4592.26,4592.26,0.0,54,1,1.0,1.0,8.0,1.0,1.0,1.0,1.0,1.0,7.0,1.0,1.0,1.0,0.1111111111111111,4592.26,4592.26,1.0,0.0,11.0,0.0,1.0,1.0,28.0,1.0,64.0,3,3.0,1,1,1,1,1,40,40,136,0.2576,0.0,0.4342,0.2507,T2,False,none
05444546-ec1a-44cd-92e2-0abaf3f4a53c,5.0,0.5555555555555556,4.0,11445.95,2289.19,1940.069414157648,24,0,5.0,1.0,21.0,5.0,1.0,0.2,5.0,1.0,9.0,5.0,1.0,0.2,0.5555555555555556,2289.19,4996.07,0.4364923837689313,159.79194444444445,6.0,0.4,5.0,0.2,43.0,0.0,45.0,15,15.0,5,5,5,5,5,275,288,160,0.1969,0.0,0.388,0.2723,T2,False,none
b5d7a216-a660-4ed0-a424-2aace605926a,6.0,0.6666666666666666,5.0,11225.78,1870.9633333333334,2072.781165252779,51,0,6.0,1.0,19.0,6.0,1.0,0.16666666666666666,5.0,1.2,13.0,5.0,1.0,0.3333333333333333,0.6666666666666666,1870.9633333333334,4893.51,0.4359171478507507,147.6772222222222,0.0,0.16666666666666666,6.0,0.16666666666666666,44.0,1.0,52.333333333333336,17,18.0,6,5,6,6,5,299,319,75,0.4631,0.0,0.2745,0.1623,T2,False,none
a3e3edbd-37c5-4278-b8ab-e3222dbc10e6,9.0,1.0,7.0,27460.96,3051.217777777778,1447.6820041343487,91,1,9.0,1.0,20.0,9.0,1.0,0.1111111111111111,9.0,1.0,11.0,9.0,1.0,0.1111111111111111,1.0,3051.217777777778,4603.99,0.16765582849252175,151.7236111111111,15.0,0.2222222222222222,9.0,0.1111111111111111,40.0,3.0,49.888888888888886,27,27.0,9,9,9,9,9,440,494,210,0.1869,0.0,0.5526,0.3216,T2,False,none
0c9032f1-ca82-4582-bf09-c1b79f89daaa,2.0,0.2222222222222222,2.0,5493.54,2746.77,680.8589774689029,28,0,2.0,1.0,16.0,2.0,1.0,0.5,2.0,1.0,10.0,2.0,1.0,0.5,0.2222222222222222,2746.77,3228.21,0.5876374796579255,88.41944444444445,11.0,0.0,2.0,0.5,40.0,0.0,54.0,6,6.0,2,2,2,2,2,109,111,83,0.4146,0.0,0.3286,0.1462,T2,False,none
26cb7ed4-d233-4668-ab3b-6e7cd7b7b56d,3.0,0.3333333333333333,2.0,11355.91,3785.3033333333333,1324.8013049636284,53,0,3.0,1.0,14.0,3.0,1.0,0.3333333333333333,3.0,1.0,8.0,3.0,1.0,0.3333333333333333,0.3333333333333333,3785.3033333333333,4883.04,0.4299998855221642,15.364722222222222,2.0,0.0,3.0,0.3333333333333333,41.0,3.0,72.66666666666667,9,9.0,3,3,3,3,3,151,157,112,0.2905,0.0,0.3574,0.1777,T2,False,none
29c03b96-ebd8-4354-bb44-0f43096bd049,9.0,1.0,5.0,26436.590000000004,2937.3988888888894,1268.0726289673282,91,0,9.0,1.0,21.0,9.0,1.0,0.1111111111111111,8.0,1.125,11.0,8.0,1.0,0.2222222222222222,1.0,2937.3988888888894,4770.97,0.18046843409078098,142.82361111111112,1.0,0.2222222222222222,9.0,0.1111111111111111,40.0,3.0,58.22222222222222,26,27.0,9,8,9,9,8,420,482,210,0.1869,0.0,0.5526,0.3216,T2,False,none
034d30e0-0d85-4ec3-9b22-adc334d9723c,2.0,0.2222222222222222,2.0,2265.34,1132.67,1152.9658909959132,18,1,2.0,1.0,14.0,2.0,1.0,0.5,2.0,1.0,15.0,2.0,1.0,0.5,0.2222222222222222,1132.67,1947.94,0.8598885818464336,179.39944444444444,9.0,0.0,2.0,0.5,38.0,0.0,91.5,6,6.0,2,2,2,2,2,113,116,157,0.2333,0.0,0.3976,0.2695,T2,False,none
d9758d17-e102-4127-8d37-566e41cae3cd,4.0,0.4444444444444444,2.0,10948.61,2737.1525,1833.483493269483,84,1,4.0,1.0,18.0,4.0,1.0,0.25,4.0,1.0,9.0,4.0,1.0,0.25,0.4444444444444444,2737.1525,4199.87,0.38359846592398483,87.85944444444445,2.0,0.0,4.0,0.25,38.0,3.0,42.75,12,12.0,4,4,4,4,4,191,201,210,0.1869,0.0,0.5526,0.3216,T2,False,none
c02ea08b-be3b-4adb-9834-52d17e3321bd,1.0,0.1111111111111111,1.0,3754.34,3754.34,0.0,43,1,1.0,1.0,15.0,1.0,1.0,1.0,1.0,1.0,9.0,1.0,1.0,1.0,0.1111111111111111,3754.34,3754.34,1.0,0.0,21.0,0.0,1.0,1.0,38.0,3.0,93.0,3,3.0,1,1,1,1,1,58,59,119,0.3255,0.0,0.3993,0.1775,T2,False,none
8c119f35-5b90-4e5a-bec1-437723ca00eb,3.0,0.3333333333333333,3.0,11277.56,3759.1866666666665,663.669238124936,12,0,3.0,1.0,15.0,3.0,1.0,0.3333333333333333,3.0,1.0,9.0,3.0,1.0,0.3333333333333333,0.3333333333333333,3759.1866666666665,4500.95,0.3991067216667435,71.53361111111111,13.0,0.3333333333333333,3.0,0.3333333333333333,43.0,2.0,80.0,9,9.0,3,3,3,3,3,145,152,157,0.2333,0.0,0.3976,0.2695,T2,False,none
ac911c71-6d0f-4ce1-aa5d-c387641c289e,5.0,0.5555555555555556,3.0,9545.52,1909.104,2005.8394235157512,23,1,5.0,1.0,22.0,5.0,1.0,0.2,5.0,1.0,14.0,5.0,1.0,0.2,0.5555555555555556,1909.104,4416.02,0.4626274943638482,178.73222222222222,9.0,0.4,5.0,0.2,40.0,2.0,66.2,15,15.0,5,5,5,5,5,258,272,211,0.1668,0.0,0.5966,0.3124,T2,False,none
5aeba06c-6393-481a-a553-49a6641f8520,3.0,0.3333333333333333,2.0,4678.22,1559.4066666666668,459.7441706355104,19,1,3.0,1.0,14.0,3.0,1.0,0.3333333333333333,3.0,1.0,9.0,3.0,1.0,0.3333333333333333,0.3333333333333333,1559.4066666666668,1900.84,0.40631693250851814,140.96694444444444,1.0,0.0,3.0,0.3333333333333333,33.0,0.0,51.0,9,9.0,3,3,3,3,3,123,131,119,0.2253,0.0,0.3893,0.1815,T2,False,none
08bcc4eb-a43c-4257-8593-bfe5c9155dbf,0.0,0.0,0.0,0.0,0.0,0.0,65,0,0.0,0.0,0.0,0.0,0.0,0.0,0.0,0.0,0.0,0.0,0.0,0.0,0.0,0.0,0.0,0.0,0.0,0.0,0.0,0.0,0.0,0.0,0.0,0.0,0,0.0,0,0,0,0,0,0,0,1,0.0,0.0,0.0,0.0,T2,False,none
1b8357b8-1635-4d82-86ab-009a97774686,4.0,0.4444444444444444,3.0,12044.970000000001,3011.2425000000003,1823.6515888435672,94,0,4.0,1.0,18.0,4.0,1.0,0.25,4.0,1.0,9.0,4.0,1.0,0.25,0.4444444444444444,3011.2425000000003,4680.26,0.3885655173902467,127.51861111111111,7.0,0.0,4.0,0.25,41.0,0.0,60.5,12,12.0,4,4,4,4,4,219,236,157,0.2333,0.0,0.3976,0.2695,T2,False,none
c74e3735-44e0-49df-bbe8-20114c3b1c4b,5.0,0.5555555555555556,4.0,9004.119999999999,1800.8239999999998,1341.2673108034803,99,0,5.0,1.0,16.0,5.0,1.0,0.2,5.0,1.0,15.0,5.0,1.0,0.2,0.5555555555555556,1800.8239999999998,3617.35,0.401743868362483,112.20944444444444,1.0,0.6,5.0,0.2,41.0,1.0,46.0,15,15.0,5,5,5,5,5,235,252,69,0.4288,0.0,0.2614,0.1292,T2,False,none
98bca8bd-a3d2-421c-9778-636a01295e51,3.0,0.3333333333333333,3.0,6423.5,2141.1666666666665,1867.0903105456182,40,0,3.0,1.0,20.0,3.0,1.0,0.3333333333333333,3.0,1.0,11.0,3.0,1.0,0.3333333333333333,0.3333333333333333,2141.1666666666665,3967.9,0.6177161983342415,128.9711111111111,2.0,0.3333333333333333,3.0,0.3333333333333333,47.0,3.0,87.33333333333333,9,9.0,3,3,3,3,3,169,180,80,0.4937,0.0,0.285,0.1235,T2,False,none
1e55e985-78c6-48fb-b4f2-b1dbe78f4a41,1.0,0.1111111111111111,1.0,3836.55,3836.55,0.0,61,0,1.0,1.0,10.0,1.0,1.0,1.0,1.0,1.0,8.0,1.0,1.0,1.0,0.1111111111111111,3836.55,3836.55,1.0,0.0,15.0,0.0,1.0,1.0,30.0,2.0,92.0,3,3.0,1,1,1,1,1,45,45,119,0.2635,0.0,0.3946,0.1939,T2,False,none
677164c6-f4a5-4222-97fa-1ac26caaf241,5.0,0.5555555555555556,5.0,10252.400000000001,2050.4800000000005,1653.9867647142767,84,1,5.0,1.0,27.0,5.0,1.0,0.2,5.0,1.0,9.0,5.0,1.0,0.2,0.5555555555555556,2050.4800000000005,4128.8,0.40271546174554246,193.145,2.0,0.2,5.0,0.2,36.0,2.0,61.0,15,15.0,5,5,5,5,5,248,268,119,0.2635,0.0,0.3946,0.1939,T2,False,none
72402b05-6fae-4061-b2b3-95029fd5befd,1.0,0.1111111111111111,1.0,4844.98,4844.98,0.0,19,1,1.0,1.0,14.0,1.0,1.0,1.0,1.0,1.0,9.0,1.0,1.0,1.0,0.1111111111111111,4844.98,4844.98,1.0,0.0,10.0,0.0,1.0,1.0,43.0,1.0,82.0,3,3.0,1,1,1,1,1,63,63,157,0.2333,0.0,0.3976,0.2695,T2,False,none
a3f1cea9-7090-45cd-940f-2f9fbcce2696,2.0,0.2222222222222222,2.0,9511.96,4755.98,114.25431370412262,56,0,2.0,1.0,19.0,2.0,1.0,0.5,2.0,1.0,8.0,2.0,1.0,0.5,0.2222222222222222,4755.98,4836.77,0.5084935176346411,91.44388888888889,9.0,0.0,2.0,0.5,30.0,1.0,58.0,6,6.0,2,2,2,2,2,101,104,124,0.2408,0.0806,0.3579,0.2431,T2,False,none
e8c8e6e7-8dfc-4c92-8215-6d9a4c50a4dc,11.0,1.2222222222222223,7.0,28900.79,2627.3445454545454,1580.6629286559717,86,0,10.0,1.1,14.0,10.0,1.0,0.18181818181818182,11.0,1.0,10.0,11.0,1.0,0.09090909090909091,1.2222222222222223,2627.3445454545454,4536.6,0.15697148763061494,232.3986111111111,0.0,0.09090909090909091,11.0,0.09090909090909091,40.0,0.0,42.0,32,33.0,10,11,11,10,11,444,529,160,0.1969,0.0,0.388,0.2723,T2,False,none
2faf0b66-1f5d-4b2a-b564-54af1464d3df,3.0,0.3333333333333333,2.0,5571.16,1857.0533333333333,2209.9314407993143,99,0,3.0,1.0,20.0,3.0,1.0,0.3333333333333333,3.0,1.0,11.0,3.0,1.0,0.3333333333333333,0.3333333333333333,1857.0533333333333,4397.79,0.7893849754808694,47.66388888888889,3.0,0.6666666666666666,3.0,0.3333333333333333,38.0,3.0,56.0,9,9.0,3,3,3,3,3,160,166,83,0.4146,0.0,0.3286,0.1462,T2,False,none
6186a593-6472-4d7c-97da-4a1b05775d46,5.0,0.5555555555555556,4.0,16443.37,3288.674,1462.3253781323774,53,0,5.0,1.0,20.0,5.0,1.0,0.2,5.0,1.0,10.0,5.0,1.0,0.2,0.5555555555555556,3288.674,4321.6,0.26281717190575904,159.67222222222222,18.0,0.0,5.0,0.2,42.0,1.0,54.0,15,15.0,5,5,5,5,5,244,260,157,0.2333,0.0,0.3976,0.2695,T2,False,none
d90ea9db-2fb5-422d-84be-91a5d1adc2d2,1.0,0.1111111111111111,1.0,1019.27,1019.27,0.0,66,0,1.0,1.0,15.0,1.0,1.0,1.0,1.0,1.0,12.0,1.0,1.0,1.0,0.1111111111111111,1019.27,1019.27,1.0,0.0,7.0,0.0,1.0,1.0,35.0,0.0,25.0,3,3.0,1,1,1,1,1,59,59,211,0.1668,0.0,0.5966,0.3124,T2,False,none
63b973ec-2684-4ee0-a185-647246b2775f,1.0,0.1111111111111111,1.0,1683.2,1683.2,0.0,71,1,1.0,1.0,17.0,1.0,1.0,1.0,1.0,1.0,8.0,1.0,1.0,1.0,0.1111111111111111,1683.2,1683.2,1.0,0.0,16.0,1.0,1.0,1.0,38.0,3.0,32.0,3,3.0,1,1,1,1,1,58,60,210,0.1869,0.0,0.5526,0.3216,T2,False,none
1db98576-d762-4ace-a3fd-969609e0ef6f,6.0,0.6666666666666666,6.0,18151.489999999998,3025.248333333333,1621.8553026878405,84,0,6.0,1.0,16.0,6.0,1.0,0.16666666666666666,6.0,1.0,13.0,6.0,1.0,0.16666666666666666,0.6666666666666666,3025.248333333333,4689.99,0.2583804414954365,191.41916666666665,2.0,0.3333333333333333,6.0,0.16666666666666666,43.0,0.0,38.5,18,18.0,6,6,6,6,6,318,341,69,0.4288,0.0,0.2614,0.1292,T2,False,none
64243c9f-3ed4-4749-bc71-ab1c598f5c26,4.0,0.4444444444444444,4.0,3326.6800000000003,831.6700000000001,425.8214693976808,68,1,4.0,1.0,13.0,4.0,1.0,0.25,4.0,1.0,12.0,4.0,1.0,0.25,0.4444444444444444,831.6700000000001,1125.4,0.3382952372936381,191.125,8.0,0.0,4.0,0.25,42.0,2.0,51.25,12,12.0,4,4,4,4,4,202,223,119,0.3255,0.0,0.3993,0.1775,T2,False,none
9e2b1f7f-ad98-4142-a930-92bc2547a837,2.0,0.2222222222222222,2.0,4022.69,2011.345,1924.0587648120313,86,1,2.0,1.0,18.0,2.0,1.0,0.5,2.0,1.0,11.0,2.0,1.0,0.5,0.2222222222222222,2011.345,3371.86,0.838210252343581,26.787777777777777,8.0,0.0,2.0,0.5,33.0,2.0,90.5,6,6.0,2,2,2,2,2,104,109,119,0.2635,0.0,0.3946,0.1939,T2,False,none
3e4a0351-f57e-4775-8981-1196b2a12528,3.0,0.3333333333333333,2.0,7683.53,2561.1766666666667,958.7850003693912,99,0,3.0,1.0,22.0,3.0,1.0,0.3333333333333333,3.0,1.0,9.0,3.0,1.0,0.3333333333333333,0.3333333333333333,2561.1766666666667,3646.57,0.4745956611088914,104.73805555555556,8.0,0.0,3.0,0.3333333333333333,35.0,0.0,54.0,9,9.0,3,3,3,3,3,147,151,160,0.1969,0.0,0.388,0.2723,T2,False,none
3a31b2ad-e108-4437-ae90-46c7724a8422,4.0,0.4444444444444444,4.0,10291.73,2572.9325,1525.1099750810324,45,0,4.0,1.0,17.0,4.0,1.0,0.25,4.0,1.0,9.0,4.0,1.0,0.25,0.4444444444444444,2572.9325,4306.88,0.418479691946835,134.24388888888888,0.0,0.0,4.0,0.25,46.0,2.0,49.75,12,12.0,4,4,4,4,4,212,229,119,0.2253,0.0,0.3893,0.1815,T2,False,none
23a18297-894c-4386-aeab-3c30d2fe65a1,6.0,0.6666666666666666,5.0,12592.35,2098.725,1551.8162499568048,39,0,6.0,1.0,14.0,6.0,1.0,0.16666666666666666,6.0,1.0,16.0,6.0,1.0,0.16666666666666666,0.6666666666666666,2098.725,4249.77,0.3374882369057404,176.39777777777778,13.0,0.16666666666666666,6.0,0.16666666666666666,43.0,0.0,56.0,18,18.0,6,6,6,6,6,321,354,112,0.2905,0.0,0.3574,0.1777,T2,False,none
c60c3e0d-482b-467a-adf5-2e58922250f3,0.0,0.0,0.0,0.0,0.0,0.0,46,1,0.0,0.0,0.0,0.0,0.0,0.0,0.0,0.0,0.0,0.0,0.0,0.0,0.0,0.0,0.0,0.0,0.0,0.0,0.0,0.0,0.0,0.0,0.0,0.0,0,0.0,0,0,0,0,0,0,0,1,0.0,0.0,0.0,0.0,T2,False,none
25078241-4551-41a9-bd19-f4423e0ed296,3.0,0.3333333333333333,3.0,7922.889999999999,2640.963333333333,853.9318313737539,38,1,3.0,1.0,13.0,3.0,1.0,0.3333333333333333,3.0,1.0,9.0,3.0,1.0,0.3333333333333333,0.3333333333333333,2640.963333333333,3615.24,0.4563031923957041,170.77,0.0,0.0,3.0,0.3333333333333333,38.0,1.0,92.0,9,9.0,3,3,3,3,3,152,155,80,0.3873,0.0,0.2639,0.1532,T2,False,none
5f2c5eab-1d96-4f8b-9866-b064d620b2f3,4.0,0.4444444444444444,4.0,10834.57,2708.6425,605.8098643620233,73,1,4.0,1.0,15.0,4.0,1.0,0.25,4.0,1.0,11.0,4.0,1.0,0.25,0.4444444444444444,2708.6425,3611.18,0.3333016446430269,201.3202777777778,10.0,0.25,4.0,0.25,43.0,0.0,54.0,12,12.0,4,4,4,4,4,210,224,160,0.1969,0.0,0.388,0.2723,T2,False,none
683d217a-beb1-40ac-a0b4-91f64d3a0cc7,3.0,0.3333333333333333,2.0,7054.0599999999995,2351.353333333333,2291.056632240533,85,0,3.0,1.0,18.0,3.0,1.0,0.3333333333333333,3.0,1.0,12.0,3.0,1.0,0.3333333333333333,0.3333333333333333,2351.353333333333,4939.48,0.700232206700822,28.163055555555555,8.0,1.0,3.0,0.3333333333333333,47.0,0.0,72.33333333333333,9,9.0,3,3,3,3,3,183,190,80,0.4937,0.0,0.285,0.1235,T2,False,none
d4d6d365-e077-46ca-a438-cdf3ad11111f,1.0,0.1111111111111111,1.0,1299.99,1299.99,0.0,16,0,1.0,1.0,16.0,1.0,1.0,1.0,1.0,1.0,10.0,1.0,1.0,1.0,0.1111111111111111,1299.99,1299.99,1.0,0.0,10.0,1.0,1.0,1.0,36.0,3.0,93.0,3,3.0,1,1,1,1,1,59,59,119,0.2635,0.0,0.3946,0.1939,T2,False,none
0d4346c8-d33e-4438-b45d-96297e4575c3,3.0,0.3333333333333333,3.0,7912.950000000001,2637.65,1170.235192942,94,0,3.0,1.0,15.0,3.0,1.0,0.3333333333333333,3.0,1.0,10.0,3.0,1.0,0.3333333333333333,0.3333333333333333,2637.65,3986.59,0.5038057867167112,33.621944444444445,5.0,0.6666666666666666,3.0,0.3333333333333333,37.0,0.0,41.666666666666664,9,9.0,3,3,3,3,3,144,154,160,0.1969,0.0,0.388,0.2723,T2,False,none
ea0e5e3f-9d15-4a7d-a5ac-c864755ec48a,4.0,0.4444444444444444,3.0,13464.39,3366.0975,1785.7028631582766,43,1,4.0,1.0,17.0,4.0,1.0,0.25,4.0,1.0,7.0,4.0,1.0,0.25,0.4444444444444444,3366.0975,4926.01,0.3658546729558488,172.08444444444444,14.0,0.0,4.0,0.25,36.0,2.0,62.75,12,12.0,4,4,4,4,4,189,200,75,0.4631,0.0,0.2745,0.1623,T2,False,none
4c4d43e1-bbb7-4b35-9314-2d54cdb667aa,3.0,0.3333333333333333,3.0,5526.33,1842.11,2074.20668996607,39,1,3.0,1.0,20.0,3.0,1.0,0.3333333333333333,3.0,1.0,11.0,3.0,1.0,0.3333333333333333,0.3333333333333333,1842.11,4230.88,0.7655858408745044,208.14138888888888,10.0,0.0,3.0,0.3333333333333333,47.0,1.0,65.33333333333333,9,9.0,3,3,3,3,3,175,184,80,0.4937,0.0,0.285,0.1235,T2,False,none
c5eeaa54-3e94-453f-9325-0506ec377957,3.0,0.3333333333333333,2.0,9427.15,3142.383333333333,2235.8314807322427,11,1,3.0,1.0,19.0,3.0,1.0,0.3333333333333333,3.0,1.0,16.0,3.0,1.0,0.3333333333333333,0.3333333333333333,3142.383333333333,4725.7,0.5012861787496752,46.59972222222222,4.0,0.0,3.0,0.3333333333333333,44.0,0.0,55.333333333333336,9,9.0,3,3,3,3,3,175,182,119,0.3255,0.0,0.3993,0.1775,T2,False,none
2a8c0712-a65c-42fa-b9fa-bb6c36ad6ce5,1.0,0.1111111111111111,1.0,3439.21,3439.21,0.0,75,1,1.0,1.0,12.0,1.0,1.0,1.0,1.0,1.0,8.0,1.0,1.0,1.0,0.1111111111111111,3439.21,3439.21,1.0,0.0,6.0,1.0,1.0,1.0,36.0,0.0,40.0,3,3.0,1,1,1,1,1,53,53,119,0.2253,0.0,0.3893,0.1815,T2,False,none
8da73406-a4dc-4895-b6a6-4809c3bb58c6,2.0,0.2222222222222222,2.0,3755.33,1877.665,475.5080971445177,72,1,2.0,1.0,15.0,2.0,1.0,0.5,2.0,1.0,10.0,2.0,1.0,0.5,0.2222222222222222,1877.665,2213.9,0.5895354070081724,53.14277777777778,3.0,0.5,2.0,0.5,34.0,0.0,44.5,6,6.0,2,2,2,2,2,105,109,119,0.2635,0.0,0.3946,0.1939,T2,False,none
98ed6174-1976-4468-adc4-ab44aa026da4,11.0,1.2222222222222223,7.0,32266.31,2933.300909090909,1508.551964126225,68,1,11.0,1.0,20.0,11.0,1.0,0.09090909090909091,11.0,1.0,11.0,11.0,1.0,0.09090909090909091,1.2222222222222223,2933.300909090909,4800.45,0.14877592138673432,235.99388888888888,1.0,0.2727272727272727,10.0,0.18181818181818182,47.0,0.0,60.72727272727273,32,33.0,11,11,10,11,11,493,580,211,0.1668,0.0,0.5966,0.3124,T2,False,none
aabf3b6b-3ea5-4ce5-b011-225f4319ef13,3.0,0.3333333333333333,3.0,5210.15,1736.7166666666665,1597.5282325309101,42,1,2.0,1.5,15.0,2.0,1.0,0.6666666666666666,3.0,1.0,11.0,3.0,1.0,0.3333333333333333,0.3333333333333333,1736.7166666666665,3554.63,0.68225099085439,92.77666666666667,2.0,0.6666666666666666,3.0,0.3333333333333333,38.0,2.0,66.33333333333333,8,9.0,2,3,3,2,3,137,144,80,0.4259,0.0,0.2617,0.1285,T2,False,none
91bae665-70b3-4c59-b51a-749d74801e9f,0.0,0.0,0.0,0.0,0.0,0.0,21,0,0.0,0.0,0.0,0.0,0.0,0.0,0.0,0.0,0.0,0.0,0.0,0.0,0.0,0.0,0.0,0.0,0.0,0.0,0.0,0.0,0.0,0.0,0.0,0.0,0,0.0,0,0,0,0,0,0,0,1,0.0,0.0,0.0,0.0,T2,False,none
c928c56b-982e-4616-8979-30933c367f02,5.0,0.5555555555555556,3.0,15436.18,3087.236,1552.4223758629605,22,1,5.0,1.0,19.0,5.0,1.0,0.2,5.0,1.0,15.0,5.0,1.0,0.2,0.5555555555555556,3087.236,4886.74,0.31657702877266264,138.2577777777778,1.0,0.4,5.0,0.2,46.0,1.0,29.8,15,15.0,5,5,5,5,5,265,292,80,0.4259,0.0,0.2617,0.1285,T2,False,none
8c1f6e1a-2adb-48a0-8e9d-830ad6b8995e,1.0,0.1111111111111111,1.0,3028.18,3028.18,0.0,47,0,1.0,1.0,19.0,1.0,1.0,1.0,1.0,1.0,7.0,1.0,1.0,1.0,0.1111111111111111,3028.18,3028.18,1.0,0.0,19.0,0.0,1.0,1.0,30.0,3.0,62.0,3,3.0,1,1,1,1,1,49,53,119,0.2253,0.0,0.3893,0.1815,T2,False,none
75bdcfdd-537b-4e68-b2b2-74728a8dee2c,3.0,0.3333333333333333,2.0,7635.85,2545.2833333333333,2048.8263634660048,90,1,3.0,1.0,17.0,3.0,1.0,0.3333333333333333,3.0,1.0,9.0,3.0,1.0,0.3333333333333333,0.3333333333333333,2545.2833333333333,4791.34,0.627479586424563,127.53055555555555,5.0,0.0,3.0,0.3333333333333333,42.0,3.0,90.66666666666667,9,9.0,3,3,3,3,3,148,153,119,0.2635,0.0,0.3946,0.1939,T2,False,none
968ba695-3417-4b5b-8935-2d233049edb6,4.0,0.4444444444444444,4.0,11691.07,2922.7675,1290.965900385573,61,0,4.0,1.0,22.0,4.0,1.0,0.25,4.0,1.0,10.0,4.0,1.0,0.25,0.4444444444444444,2922.7675,4086.0,0.34949752246800336,192.27916666666667,12.0,0.25,4.0,0.25,41.0,1.0,56.25,12,12.0,4,4,4,4,4,215,228,210,0.1869,0.0,0.5526,0.3216,T2,False,none
b314c166-cdb2-4350-b627-bff61bf8c202,2.0,0.2222222222222222,2.0,4388.52,2194.26,1580.8644885631406,37,1,2.0,1.0,16.0,2.0,1.0,0.5,2.0,1.0,9.0,2.0,1.0,0.5,0.2222222222222222,2194.26,3312.1,0.7547191308231476,145.33027777777778,13.0,0.0,2.0,0.5,36.0,1.0,63.0,6,6.0,2,2,2,2,2,96,97,119,0.2635,0.0,0.3946,0.1939,T2,False,none
6eb5ef65-dd57-4334-a1e1-f0f126a43933,4.0,0.4444444444444444,4.0,10655.94,2663.985,1633.0160134854773,42,1,4.0,1.0,18.0,4.0,1.0,0.25,4.0,1.0,10.0,4.0,1.0,0.25,0.4444444444444444,2663.985,4402.96,0.4131930172279498,210.4388888888889,6.0,0.25,4.0,0.25,39.0,0.0,58.0,12,12.0,4,4,4,4,4,214,227,119,0.2253,0.0,0.3893,0.1815,T2,False,none
f2f121d7-368c-4f4d-a6df-8b950fc1f59d,2.0,0.2222222222222222,2.0,5333.27,2666.635,1805.179972758949,57,0,2.0,1.0,18.0,2.0,1.0,0.5,2.0,1.0,8.0,2.0,1.0,0.5,0.2222222222222222,2666.635,3943.09,0.7393381546405863,44.35194444444444,7.0,0.0,2.0,0.5,39.0,0.0,94.5,6,6.0,2,2,2,2,2,115,119,112,0.2905,0.0,0.3574,0.1777,T2,False,none
4495ac99-bff4-48e0-b021-6532a67130a8,9.0,1.0,7.0,24341.53,2704.6144444444444,1474.365389778863,36,0,9.0,1.0,19.0,9.0,1.0,0.1111111111111111,9.0,1.0,11.0,9.0,1.0,0.1111111111111111,1.0,2704.6144444444444,4616.06,0.18963721672384606,174.4963888888889,23.0,0.2222222222222222,9.0,0.1111111111111111,41.0,1.0,52.22222222222222,27,27.0,9,9,9,9,9,408,470,210,0.1869,0.0,0.5526,0.3216,T2,False,none
d7609117-8301-452a-a3b8-79f612c72567,1.0,0.1111111111111111,1.0,983.14,983.14,0.0,13,1,1.0,1.0,13.0,1.0,1.0,1.0,1.0,1.0,3.0,1.0,1.0,1.0,0.1111111111111111,983.14,983.14,1.0,0.0,15.0,0.0,1.0,1.0,31.0,1.0,89.0,3,3.0,1,1,1,1,1,44,44,124,0.2408,0.0806,0.3579,0.2431,T2,False,none
ea1d8868-ed90-4081-a951-f036ca28dffb,2.0,0.2222222222222222,1.0,7369.629999999999,3684.8149999999996,1559.0502443635353,62,0,2.0,1.0,14.0,2.0,1.0,0.5,2.0,1.0,10.0,2.0,1.0,0.5,0.2222222222222222,3684.8149999999996,4787.23,0.6495889210177445,0.3541666666666667,17.0,0.0,2.0,0.5,43.0,2.0,43.5,6,6.0,2,2,2,2,2,106,108,119,0.2635,0.0,0.3946,0.1939,T2,False,none
8de21a9b-502f-440f-8bf2-ff7a06cb6b6a,0.0,0.0,0.0,0.0,0.0,0.0,25,1,0.0,0.0,0.0,0.0,0.0,0.0,0.0,0.0,0.0,0.0,0.0,0.0,0.0,0.0,0.0,0.0,0.0,0.0,0.0,0.0,0.0,0.0,0.0,0.0,0,0.0,0,0,0,0,0,0,0,1,0.0,0.0,0.0,0.0,T2,False,none
973c1a6f-4224-4d27-a85e-a72e0d74703b,2.0,0.2222222222222222,2.0,5330.33,2665.165,2543.894427064535,41,0,2.0,1.0,21.0,2.0,1.0,0.5,2.0,1.0,8.0,2.0,1.0,0.5,0.2222222222222222,2665.165,4463.97,0.8374659730260604,69.89666666666666,5.0,0.0,2.0,0.5,42.0,0.0,47.0,6,6.0,2,2,2,2,2,117,121,69,0.4288,0.0,0.2614,0.1292,T2,False,none
7bc33894-1644-4c94-8147-0f93e27c42a0,1.0,0.1111111111111111,1.0,4224.54,4224.54,0.0,70,1,1.0,1.0,13.0,1.0,1.0,1.0,1.0,1.0,7.0,1.0,1.0,1.0,0.1111111111111111,4224.54,4224.54,1.0,0.0,20.0,0.0,1.0,1.0,36.0,0.0,15.0,3,3.0,1,1,1,1,1,52,53,75,0.4631,0.0,0.2745,0.1623,T2,False,none
5e6e1777-73ca-468d-8a0c-8cc2431f65ec,2.0,0.2222222222222222,2.0,6005.02,3002.51,1288.405123864385,73,0,2.0,1.0,17.0,2.0,1.0,0.5,2.0,1.0,8.0,2.0,1.0,0.5,0.2222222222222222,3002.51,3913.55,0.6517130667341657,98.44944444444444,1.0,0.5,2.0,0.5,37.0,0.0,65.5,6,6.0,2,2,2,2,2,105,109,136,0.2576,0.0,0.4342,0.2507,T2,False,none
21e7ca93-d51b-4fab-9c63-a642ecb1bb4a,6.0,0.6666666666666666,5.0,13058.52,2176.42,1740.8974829782483,12,1,6.0,1.0,18.0,6.0,1.0,0.16666666666666666,6.0,1.0,15.0,6.0,1.0,0.16666666666666666,0.6666666666666666,2176.42,4222.54,0.3233551734806088,119.3675,23.0,0.5,6.0,0.16666666666666666,37.0,2.0,54.333333333333336,18,18.0,6,6,6,6,6,295,326,83,0.4146,0.0,0.3286,0.1462,T2,False,none
0875a3d7-a21d-4e99-9b7d-ccb55b29a198,1.0,0.1111111111111111,1.0,1163.4,1163.4,0.0,57,0,1.0,1.0,16.0,1.0,1.0,1.0,1.0,1.0,8.0,1.0,1.0,1.0,0.1111111111111111,1163.4,1163.4,1.0,0.0,1.0,0.0,1.0,1.0,42.0,0.0,13.0,3,3.0,1,1,1,1,1,63,63,69,0.4288,0.0,0.2614,0.1292,T2,False,none
9e9539c5-ff3f-4de9-b496-5c60f5334ff2,3.0,0.3333333333333333,3.0,11155.05,3718.35,1674.7676324493495,93,1,3.0,1.0,18.0,3.0,1.0,0.3333333333333333,3.0,1.0,6.0,3.0,1.0,0.3333333333333333,0.3333333333333333,3718.35,4875.29,0.437047794496663,40.13611111111111,8.0,0.3333333333333333,3.0,0.3333333333333333,44.0,2.0,20.666666666666668,9,9.0,3,3,3,3,3,144,152,80,0.3873,0.0,0.2639,0.1532,T2,False,none
2458050e-8988-4e26-a13a-2194873bd7fe,2.0,0.2222222222222222,2.0,5715.77,2857.885,568.9169029392608,80,1,2.0,1.0,25.0,2.0,1.0,0.5,2.0,1.0,9.0,2.0,1.0,0.5,0.2222222222222222,2857.885,3260.17,0.5703815933811193,30.650833333333335,2.0,0.5,2.0,0.5,44.0,0.0,53.0,6,6.0,2,2,2,2,2,129,131,136,0.2576,0.0,0.4342,0.2507,T2,False,none
bf8da9f2-1254-4165-b884-0a1260857799,4.0,0.4444444444444444,4.0,13693.07,3423.2675,943.4437965374512,49,1,4.0,1.0,19.0,4.0,1.0,0.25,4.0,1.0,14.0,4.0,1.0,0.25,0.4444444444444444,3423.2675,4601.91,0.3360758398226256,177.73111111111112,7.0,0.0,4.0,0.25,42.0,2.0,62.0,12,12.0,4,4,4,4,4,204,221,119,0.2635,0.0,0.3946,0.1939,T2,False,none
26f57549-fb3f-4191-849a-95c28c01a635,2.0,0.2222222222222222,2.0,2387.92,1193.96,1653.0600909222871,44,1,2.0,1.0,20.0,2.0,1.0,0.5,2.0,1.0,8.0,2.0,1.0,0.5,0.2222222222222222,1193.96,2362.85,0.9895013233274146,188.40694444444443,2.0,0.0,2.0,0.5,42.0,0.0,18.0,6,6.0,2,2,2,2,2,107,110,69,0.4288,0.0,0.2614,0.1292,T2,False,none
00484806-b0c8-479c-b9bb-e56658b346a9,5.0,0.5555555555555556,4.0,14133.39,2826.678,563.3415648787154,36,0,5.0,1.0,19.0,5.0,1.0,0.2,5.0,1.0,10.0,5.0,1.0,0.2,0.5555555555555556,2826.678,3558.9,0.2518079526567936,130.03416666666666,0.0,0.4,5.0,0.2,38.0,3.0,63.4,15,15.0,5,5,5,5,5,239,256,210,0.1869,0.0,0.5526,0.3216,T2,False,none
1b3b8c7f-3295-4e62-b47d-9cd726907be8,5.0,0.5555555555555556,3.0,12237.5,2447.5,2014.9044791875372,24,1,5.0,1.0,20.0,5.0,1.0,0.2,5.0,1.0,12.0,5.0,1.0,0.2,0.5555555555555556,2447.5,4780.22,0.390620633299285,111.1375,0.0,0.4,5.0,0.2,44.0,0.0,59.0,15,15.0,5,5,5,5,5,248,273,119,0.3255,0.0,0.3993,0.1775,T2,False,none
f835ca12-9376-4ede-b97f-362d8a064eab,7.0,0.7777777777777778,4.0,22936.6,3276.657142857143,1801.132098761908,52,1,7.0,1.0,22.0,7.0,1.0,0.14285714285714285,7.0,1.0,11.0,7.0,1.0,0.14285714285714285,0.7777777777777778,3276.657142857143,4904.11,0.21381155009896846,127.98416666666667,7.0,0.14285714285714285,7.0,0.14285714285714285,36.0,0.0,56.42857142857143,21,21.0,7,7,7,7,7,286,319,210,0.1869,0.0,0.5526,0.3216,T2,False,none
3c773092-a873-4dbc-b3a7-fbf7c3240e0f,1.0,0.1111111111111111,1.0,4673.77,4673.77,0.0,25,1,1.0,1.0,20.0,1.0,1.0,1.0,1.0,1.0,10.0,1.0,1.0,1.0,0.1111111111111111,4673.77,4673.77,1.0,0.0,22.0,0.0,1.0,1.0,35.0,1.0,64.0,3,3.0,1,1,1,1,1,62,62,112,0.2905,0.0,0.3574,0.1777,T2,False,none
0472eab1-6bd4-45c0-bf88-7f1821c4e3c1,2.0,0.2222222222222222,1.0,1996.87,998.435,1364.4968845878689,15,0,2.0,1.0,23.0,2.0,1.0,0.5,2.0,1.0,9.0,2.0,1.0,0.5,0.2222222222222222,998.435,1963.28,0.9831786746257895,13.498611111111112,3.0,0.0,2.0,0.5,33.0,1.0,81.5,6,6.0,2,2,2,2,2,110,113,210,0.1869,0.0,0.5526,0.3216,T2,False,none
6356597b-bc79-48ef-85f0-ad95de353617,8.0,0.8888888888888888,5.0,19008.64,2376.08,1388.173109151531,28,1,8.0,1.0,25.0,8.0,1.0,0.125,8.0,1.0,11.0,8.0,1.0,0.125,0.8888888888888888,2376.08,4055.22,0.21333562001279419,140.71944444444443,3.0,0.25,8.0,0.125,40.0,2.0,48.625,24,24.0,8,8,8,8,8,391,441,124,0.2408,0.0806,0.3579,0.2431,T2,False,none
646a96dd-a1be-4602-bb94-40860e0f60fd,3.0,0.3333333333333333,3.0,3009.6800000000003,1003.2266666666668,777.8618648791914,76,0,3.0,1.0,16.0,3.0,1.0,0.3333333333333333,3.0,1.0,8.0,3.0,1.0,0.3333333333333333,0.3333333333333333,1003.2266666666668,1737.66,0.5773570612158103,50.348055555555554,1.0,0.3333333333333333,3.0,0.3333333333333333,37.0,0.0,69.33333333333333,9,9.0,3,3,3,3,3,140,144,211,0.1668,0.0,0.5966,0.3124,T2,False,none
9d2c569a-ff8c-4d96-a321-4f5933ed67c1,2.0,0.2222222222222222,2.0,818.74,409.37,189.50461735799473,34,0,2.0,1.0,12.0,2.0,1.0,0.5,2.0,1.0,9.0,2.0,1.0,0.5,0.2222222222222222,409.37,543.37,0.6636661211129297,226.00222222222223,8.0,0.0,2.0,0.5,30.0,0.0,64.5,6,6.0,2,2,2,2,2,94,94,211,0.1668,0.0,0.5966,0.3124,T2,False,none
39b29911-3d5d-4654-93f1-512911a7f915,1.0,0.1111111111111111,1.0,1496.65,1496.65,0.0,88,1,1.0,1.0,25.0,1.0,1.0,1.0,1.0,1.0,8.0,1.0,1.0,1.0,0.1111111111111111,1496.65,1496.65,1.0,0.0,11.0,0.0,1.0,1.0,30.0,1.0,39.0,3,3.0,1,1,1,1,1,60,60,210,0.1869,0.0,0.5526,0.3216,T2,False,none
aacd5bab-36b9-44be-8382-2aff1085a5b5,4.0,0.4444444444444444,4.0,7574.1,1893.525,990.6559977947273,86,1,4.0,1.0,12.0,4.0,1.0,0.25,4.0,1.0,13.0,4.0,1.0,0.25,0.4444444444444444,1893.525,3120.96,0.4120568780449162,160.16222222222223,5.0,0.0,4.0,0.25,37.0,0.0,66.75,12,12.0,4,4,4,4,4,186,189,211,0.1668,0.0,0.5966,0.3124,T2,False,none
ba742263-65c3-4057-964f-c3b0d92bd9b4,3.0,0.3333333333333333,2.0,5492.72,1830.9066666666668,1331.1597854627873,67,0,3.0,1.0,21.0,3.0,1.0,0.3333333333333333,3.0,1.0,12.0,3.0,1.0,0.3333333333333333,0.3333333333333333,1830.9066666666668,3347.55,0.6094521475698743,66.70444444444445,2.0,0.0,3.0,0.3333333333333333,31.0,1.0,43.0,9,9.0,3,3,3,3,3,148,154,210,0.1869,0.0,0.5526,0.3216,T2,False,none
ce13e068-016a-40eb-a623-8a750f99b98d,1.0,0.1111111111111111,1.0,1448.74,1448.74,0.0,97,1,1.0,1.0,18.0,1.0,1.0,1.0,1.0,1.0,8.0,1.0,1.0,1.0,0.1111111111111111,1448.74,1448.74,1.0,0.0,21.0,0.0,1.0,1.0,39.0,0.0,55.0,3,3.0,1,1,1,1,1,60,62,80,0.3873,0.0,0.2639,0.1532,T2,False,none
21f19424-b96c-4eff-b73c-e445d58cdba8,2.0,0.2222222222222222,2.0,3797.46,1898.73,1574.1045477349971,69,0,2.0,1.0,14.0,2.0,1.0,0.5,2.0,1.0,7.0,2.0,1.0,0.5,0.2222222222222222,1898.73,3011.79,0.7931064448341786,128.1447222222222,0.0,0.5,2.0,0.5,42.0,0.0,48.0,6,6.0,2,2,2,2,2,101,104,157,0.2333,0.0,0.3976,0.2695,T2,False,none
28f6cca2-b8b9-4b4c-bfa4-60de55f12e0f,1.0,0.1111111111111111,1.0,4543.81,4543.81,0.0,18,0,1.0,1.0,25.0,1.0,1.0,1.0,1.0,1.0,9.0,1.0,1.0,1.0,0.1111111111111111,4543.81,4543.81,1.0,0.0,2.0,0.0,1.0,1.0,23.0,3.0,21.0,3,3.0,1,1,1,1,1,54,54,124,0.2408,0.0806,0.3579,0.2431,T2,False,none
34637514-e280-46b9-b0d1-ef03aaf15d67,1.0,0.1111111111111111,1.0,4680.58,4680.58,0.0,70,0,1.0,1.0,14.0,1.0,1.0,1.0,1.0,1.0,7.0,1.0,1.0,1.0,0.1111111111111111,4680.58,4680.58,1.0,0.0,8.0,0.0,1.0,1.0,42.0,1.0,97.0,3,3.0,1,1,1,1,1,60,60,157,0.2333,0.0,0.3976,0.2695,T2,False,none
b9c510ea-43af-4a39-89a9-6fc3362a0873,5.0,0.5555555555555556,4.0,14372.57,2874.514,1556.1541259881683,67,0,5.0,1.0,20.0,5.0,1.0,0.2,5.0,1.0,9.0,5.0,1.0,0.2,0.5555555555555556,2874.514,4799.24,0.33391662033999486,140.87194444444444,10.0,0.0,5.0,0.2,44.0,2.0,39.4,15,15.0,5,5,5,5,5,254,270,119,0.3255,0.0,0.3993,0.1775,T2,False,none
80c453fe-0007-49bc-9bc8-9f0bc53a73c6,7.0,0.7777777777777778,6.0,20888.239999999998,2984.0342857142855,1684.0366794783808,26,0,7.0,1.0,18.0,7.0,1.0,0.14285714285714285,7.0,1.0,10.0,7.0,1.0,0.14285714285714285,0.7777777777777778,2984.0342857142855,4622.41,0.2212924592976718,198.49694444444444,8.0,0.42857142857142855,7.0,0.14285714285714285,46.0,0.0,45.285714285714285,21,21.0,7,7,7,7,7,352,390,83,0.4146,0.0,0.3286,0.1462,T2,False,none
b95dec98-67d3-4a46-88d5-1e24ded28dcb,3.0,0.3333333333333333,3.0,6879.11,2293.0366666666664,1234.4286585029258,57,1,3.0,1.0,14.0,3.0,1.0,0.3333333333333333,3.0,1.0,8.0,3.0,1.0,0.3333333333333333,0.3333333333333333,2293.0366666666664,3331.47,0.48428793841063744,99.82944444444445,3.0,0.3333333333333333,3.0,0.3333333333333333,31.0,1.0,54.666666666666664,9,9.0,3,3,3,3,3,130,134,119,0.2253,0.0,0.3893,0.1815,T2,False,none
0c389e2a-18cc-4fa6-a887-07bd2778ef51,4.0,0.4444444444444444,3.0,15966.55,3991.6375,794.7819170638363,37,0,4.0,1.0,25.0,4.0,1.0,0.25,4.0,1.0,9.0,4.0,1.0,0.25,0.4444444444444444,3991.6375,4817.54,0.3017270481099549,107.28,5.0,0.75,4.0,0.25,44.0,1.0,78.25,12,12.0,4,4,4,4,4,221,235,136,0.2576,0.0,0.4342,0.2507,T2,False,none
1e4c9ca4-1c76-465a-9c0d-df7a56b0db2a,2.0,0.2222222222222222,1.0,8453.39,4226.695,951.1646867130851,20,1,2.0,1.0,15.0,2.0,1.0,0.5,2.0,1.0,11.0,2.0,1.0,0.5,0.2222222222222222,4226.695,4899.27,0.5795627552969874,9.022777777777778,5.0,1.0,2.0,0.5,43.0,0.0,45.0,6,6.0,2,2,2,2,2,115,118,160,0.1969,0.0,0.388,0.2723,T2,False,none
f3972828-e09e-4e25-9938-fbb1ebe62bee,3.0,0.3333333333333333,3.0,4146.76,1382.2533333333333,902.1923755681674,58,1,3.0,1.0,15.0,3.0,1.0,0.3333333333333333,3.0,1.0,13.0,3.0,1.0,0.3333333333333333,0.3333333333333333,1382.2533333333333,2321.64,0.5598684273987402,151.62555555555556,2.0,0.0,3.0,0.3333333333333333,36.0,0.0,66.33333333333333,9,9.0,3,3,3,3,3,146,151,80,0.4259,0.0,0.2617,0.1285,T2,False,none
fa7be06f-59c4-44bc-8863-ea80e8370056,2.0,0.2222222222222222,2.0,3122.04,1561.02,167.48531219184574,75,1,2.0,1.0,13.0,2.0,1.0,0.5,2.0,1.0,13.0,2.0,1.0,0.5,0.2222222222222222,1561.02,1679.45,0.5379335306402224,145.96972222222223,12.0,0.0,2.0,0.5,35.0,1.0,73.5,6,6.0,2,2,2,2,2,98,99,211,0.1668,0.0,0.5966,0.3124,T2,False,none
2687aa1c-be59-4f66-a66b-68af8906d917,6.0,0.6666666666666666,5.0,14637.55,2439.5916666666667,1646.5387915918247,98,0,6.0,1.0,18.0,6.0,1.0,0.16666666666666666,6.0,1.0,11.0,6.0,1.0,0.16666666666666666,0.6666666666666666,2439.5916666666667,4214.54,0.2879265997383442,166.71305555555554,5.0,0.16666666666666666,6.0,0.16666666666666666,42.0,3.0,69.16666666666667,18,18.0,6,6,6,6,6,312,336,157,0.2333,0.0,0.3976,0.2695,T2,False,none
e1028a5a-5504-499d-8856-89e4cdbac998,3.0,0.3333333333333333,3.0,9183.199999999999,3061.066666666666,1344.2911569423245,52,0,3.0,1.0,14.0,3.0,1.0,0.3333333333333333,3.0,1.0,9.0,3.0,1.0,0.3333333333333333,0.3333333333333333,3061.066666666666,4593.69,0.5002275895112814,67.86972222222222,0.0,0.6666666666666666,3.0,0.3333333333333333,40.0,0.0,77.0,9,9.0,3,3,3,3,3,155,162,83,0.4146,0.0,0.3286,0.1462,T2,False,none
bf7a3cca-684a-4df0-af13-632c975ac9e2,2.0,0.2222222222222222,2.0,4993.6,2496.8,452.0109388056887,96,1,2.0,1.0,14.0,2.0,1.0,0.5,2.0,1.0,10.0,2.0,1.0,0.5,0.2222222222222222,2496.8,2816.42,0.5640059275873117,36.65,5.0,0.0,2.0,0.5,44.0,2.0,55.5,6,6.0,2,2,2,2,2,113,116,136,0.2576,0.0,0.4342,0.2507,T2,False,none
535752f8-350e-43cf-9ae3-fc28523cb0c9,7.0,0.7777777777777778,5.0,14039.14,2005.5914285714284,1184.3392184734428,42,1,7.0,1.0,18.0,7.0,1.0,0.14285714285714285,7.0,1.0,9.0,7.0,1.0,0.14285714285714285,0.7777777777777778,2005.5914285714284,3355.47,0.23900822984883688,178.85972222222222,3.0,0.14285714285714285,7.0,0.14285714285714285,40.0,3.0,38.0,21,21.0,7,7,7,7,7,304,338,124,0.2408,0.0806,0.3579,0.2431,T2,False,none
027b859b-6c82-4fcb-ade3-d2e98721f833,4.0,0.4444444444444444,3.0,11070.61,2767.6525,398.86139065887716,44,0,4.0,1.0,13.0,4.0,1.0,0.25,4.0,1.0,11.0,4.0,1.0,0.25,0.4444444444444444,2767.6525,3149.85,0.28452361703645956,52.3225,0.0,0.5,4.0,0.25,38.0,0.0,55.25,12,12.0,4,4,4,4,4,175,189,211,0.1668,0.0,0.5966,0.3124,T2,False,none
1e25ab22-9c70-4118-b8ad-910cf2173d3e,5.0,0.5555555555555556,2.0,11779.8,2355.96,1684.0946304023419,85,1,5.0,1.0,18.0,5.0,1.0,0.2,5.0,1.0,8.0,5.0,1.0,0.2,0.5555555555555556,2355.96,4041.25,0.34306609619857725,125.14277777777778,9.0,0.8,5.0,0.2,42.0,3.0,69.6,15,15.0,5,5,5,5,5,250,263,119,0.2635,0.0,0.3946,0.1939,T2,False,none
b2adb2c0-2e8b-47a9-b52c-b725a32064ae,7.0,0.7777777777777778,6.0,19297.88,2756.84,1292.0126201654018,36,0,7.0,1.0,18.0,7.0,1.0,0.14285714285714285,7.0,1.0,10.0,7.0,1.0,0.14285714285714285,0.7777777777777778,2756.84,4331.05,0.2244313883183023,136.09305555555557,1.0,0.2857142857142857,7.0,0.14285714285714285,41.0,0.0,63.285714285714285,21,21.0,7,7,7,7,7,326,354,80,0.3873,0.0,0.2639,0.1532,T2,False,none
1920fb4b-d56d-4ed8-81db-5407a8489a79,6.0,0.6666666666666666,4.0,15822.15,2637.025,1677.8861168833835,51,1,6.0,1.0,20.0,6.0,1.0,0.16666666666666666,6.0,1.0,8.0,6.0,1.0,0.16666666666666666,0.6666666666666666,2637.025,4658.71,0.29444228502447517,154.60861111111112,6.0,0.16666666666666666,6.0,0.16666666666666666,39.0,2.0,57.0,18,18.0,6,6,6,6,6,289,318,112,0.2905,0.0,0.3574,0.1777,T2,False,none
6166648f-20d9-4b73-9f49-c96050ada393,1.0,0.1111111111111111,1.0,2316.17,2316.17,0.0,91,1,1.0,1.0,25.0,1.0,1.0,1.0,1.0,1.0,7.0,1.0,1.0,1.0,0.1111111111111111,2316.17,2316.17,1.0,0.0,3.0,0.0,1.0,1.0,43.0,3.0,25.0,3,3.0,1,1,1,1,1,71,72,124,0.2408,0.0806,0.3579,0.2431,T2,False,none
9493c4aa-d368-47c4-acfa-9671b615cdae,4.0,0.4444444444444444,4.0,11933.69,2983.4225,1857.7366281288816,17,0,4.0,1.0,17.0,4.0,1.0,0.25,4.0,1.0,8.0,4.0,1.0,0.25,0.4444444444444444,2983.4225,4870.82,0.40815707463492007,191.27694444444444,6.0,0.0,4.0,0.25,46.0,1.0,52.75,12,12.0,4,4,4,4,4,223,238,83,0.4146,0.0,0.3286,0.1462,T2,False,none
6bb5c8fa-e47f-4f08-bb8e-b24b31c26dae,2.0,0.2222222222222222,2.0,5367.51,2683.755,829.8534473327204,42,0,2.0,1.0,19.0,2.0,1.0,0.5,2.0,1.0,11.0,2.0,1.0,0.5,0.2222222222222222,2683.755,3270.55,0.6093235038220702,141.89083333333335,8.0,0.0,2.0,0.5,30.0,0.0,87.5,6,6.0,2,2,2,2,2,101,101,83,0.4146,0.0,0.3286,0.1462,T2,False,none
0ff3c9d5-8d43-4b13-9f8c-b6b1f682ecd0,5.0,0.5555555555555556,5.0,17390.41,3478.082,1088.839598228316,90,1,5.0,1.0,22.0,5.0,1.0,0.2,5.0,1.0,12.0,5.0,1.0,0.2,0.5555555555555556,3478.082,4953.06,0.28481559664205736,204.60694444444445,1.0,0.2,5.0,0.2,44.0,1.0,67.0,15,15.0,5,5,5,5,5,252,273,211,0.1668,0.0,0.5966,0.3124,T2,False,none
30d3c7ed-24d7-4567-b5e9-16d9173c1054,2.0,0.2222222222222222,2.0,7428.82,3714.41,120.60413259917766,53,0,2.0,1.0,14.0,2.0,1.0,0.5,2.0,1.0,7.0,2.0,1.0,0.5,0.2222222222222222,3714.41,3799.69,0.511479615874392,114.87611111111111,4.0,0.5,2.0,0.5,32.0,0.0,85.5,6,6.0,2,2,2,2,2,88,96,112,0.2905,0.0,0.3574,0.1777,T2,False,none
eaac9136-ab03-4e58-a854-41e69e2d2274,4.0,0.4444444444444444,4.0,6151.22,1537.805,1033.332702101958,96,1,4.0,1.0,22.0,4.0,1.0,0.25,4.0,1.0,9.0,4.0,1.0,0.25,0.4444444444444444,1537.805,2528.41,0.41104203718937055,215.2938888888889,7.0,0.25,4.0,0.25,44.0,2.0,53.0,12,12.0,4,4,4,4,4,215,224,136,0.2576,0.0,0.4342,0.2507,T2,False,none
0bb649d7-22cd-47ca-9013-f739111ef183,4.0,0.4444444444444444,4.0,14934.779999999999,3733.6949999999997,538.9385356111278,44,1,4.0,1.0,20.0,4.0,1.0,0.25,4.0,1.0,7.0,4.0,1.0,0.25,0.4444444444444444,3733.6949999999997,4203.03,0.28142563867696746,150.75916666666666,1.0,0.25,4.0,0.25,39.0,2.0,77.5,12,12.0,4,4,4,4,4,209,220,112,0.2905,0.0,0.3574,0.1777,T2,False,none
fa34a1e9-ca91-46b1-9ec1-de36c5d103e9,2.0,0.2222222222222222,2.0,5551.81,2775.905,2275.745393502973,78,1,2.0,1.0,14.0,2.0,1.0,0.5,2.0,1.0,10.0,2.0,1.0,0.5,0.2222222222222222,2775.905,4385.1,0.7898505172187089,55.05722222222222,11.0,0.5,2.0,0.5,44.0,0.0,45.0,6,6.0,2,2,2,2,2,118,121,75,0.4631,0.0,0.2745,0.1623,T2,False,none
88c23c31-dd9f-4f05-a204-ff9024b0940f,8.0,0.8888888888888888,6.0,19744.36,2468.045,1676.6586751035527,85,1,8.0,1.0,27.0,8.0,1.0,0.125,8.0,1.0,11.0,8.0,1.0,0.125,0.8888888888888888,2468.045,4801.06,0.24316108498832073,119.0875,18.0,0.25,8.0,0.125,39.0,3.0,62.625,24,24.0,8,8,8,8,8,372,417,112,0.2905,0.0,0.3574,0.1777,T2,False,none
461a7b68-6964-4412-b4bc-8e993d549dac,1.0,0.1111111111111111,1.0,3010.4,3010.4,0.0,36,1,1.0,1.0,19.0,1.0,1.0,1.0,1.0,1.0,5.0,1.0,1.0,1.0,0.1111111111111111,3010.4,3010.4,1.0,0.0,22.0,0.0,1.0,1.0,43.0,3.0,62.0,3,3.0,1,1,1,1,1,64,64,160,0.1969,0.0,0.388,0.2723,T2,False,none
54f35f29-11a1-45e3-8a50-54071feca0ce,4.0,0.4444444444444444,3.0,12293.3,3073.325,1250.4876037370382,55,1,4.0,1.0,16.0,4.0,1.0,0.25,4.0,1.0,12.0,4.0,1.0,0.25,0.4444444444444444,3073.325,4583.73,0.37286408043405755,109.69722222222222,0.0,0.25,4.0,0.25,44.0,2.0,44.25,12,12.0,4,4,4,4,4,209,221,119,0.3255,0.0,0.3993,0.1775,T2,False,none
53cae4ef-33d8-44f9-97e0-94ef9ecff3df,7.0,0.7777777777777778,7.0,23516.25,3359.464285714286,1297.578696031666,37,1,7.0,1.0,18.0,7.0,1.0,0.14285714285714285,7.0,1.0,10.0,7.0,1.0,0.14285714285714285,0.7777777777777778,3359.464285714286,4706.32,0.20013054802530164,226.45583333333335,19.0,0.2857142857142857,7.0,0.14285714285714285,44.0,1.0,49.285714285714285,21,21.0,7,7,7,7,7,312,359,124,0.2408,0.0806,0.3579,0.2431,T2,False,none
b20e51ec-e55c-44fa-80e4-e0de894ea4c8,5.0,0.5555555555555556,5.0,13177.62,2635.5240000000003,1374.919967463561,62,0,5.0,1.0,17.0,5.0,1.0,0.2,5.0,1.0,11.0,5.0,1.0,0.2,0.5555555555555556,2635.5240000000003,4917.59,0.373177402292675,157.6175,0.0,0.4,5.0,0.2,43.0,3.0,46.0,15,15.0,5,5,5,5,5,277,295,160,0.1969,0.0,0.388,0.2723,T2,False,none
8c4f790f-9ce5-41d2-bcbc-1d9a16157ff0,3.0,0.3333333333333333,2.0,6563.87,2187.9566666666665,1859.8920607748537,43,0,3.0,1.0,16.0,3.0,1.0,0.3333333333333333,3.0,1.0,8.0,3.0,1.0,0.3333333333333333,0.3333333333333333,2187.9566666666665,4225.37,0.6437315181440217,19.955555555555556,7.0,0.0,3.0,0.3333333333333333,43.0,3.0,54.0,9,9.0,3,3,3,3,3,156,162,160,0.1969,0.0,0.388,0.2723,T2,False,none
451c2ce4-0cad-41a3-9c9c-2948561987b4,4.0,0.4444444444444444,3.0,9695.32,2423.83,1905.1658029858368,92,0,4.0,1.0,18.0,4.0,1.0,0.25,4.0,1.0,12.0,4.0,1.0,0.25,0.4444444444444444,2423.83,4366.42,0.4503636806211657,182.1075,3.0,0.25,4.0,0.25,44.0,1.0,36.0,12,12.0,4,4,4,4,4,217,221,119,0.3255,0.0,0.3993,0.1775,T2,False,none
1fb04b84-7546-4b39-99bb-fb31980daae5,1.0,0.1111111111111111,1.0,461.76,461.76,0.0,58,1,1.0,1.0,9.0,1.0,1.0,1.0,1.0,1.0,10.0,1.0,1.0,1.0,0.1111111111111111,461.76,461.76,1.0,0.0,8.0,1.0,1.0,1.0,34.0,0.0,62.0,3,3.0,1,1,1,1,1,50,50,119,0.3255,0.0,0.3993,0.1775,T2,False,none
eb6d7762-3fd0-45cc-847d-c979023bcbbd,1.0,0.1111111111111111,1.0,335.09,335.09,0.0,12,0,1.0,1.0,14.0,1.0,1.0,1.0,1.0,1.0,5.0,1.0,1.0,1.0,0.1111111111111111,335.09,335.09,1.0,0.0,13.0,0.0,1.0,1.0,33.0,2.0,74.0,3,3.0,1,1,1,1,1,49,49,210,0.1869,0.0,0.5526,0.3216,T2,False,none
6bfa8a40-53c6-48c9-857b-c7c8dc125b6b,1.0,0.1111111111111111,1.0,3064.72,3064.72,0.0,79,1,1.0,1.0,11.0,1.0,1.0,1.0,1.0,1.0,6.0,1.0,1.0,1.0,0.1111111111111111,3064.72,3064.72,1.0,0.0,15.0,0.0,1.0,1.0,30.0,1.0,39.0,3,3.0,1,1,1,1,1,44,44,210,0.1869,0.0,0.5526,0.3216,T2,False,none
5a652cfc-af80-4d31-a847-b9ef7f82da7a,3.0,0.3333333333333333,2.0,11685.23,3895.0766666666664,1021.6057881753283,72,0,3.0,1.0,16.0,3.0,1.0,0.3333333333333333,3.0,1.0,12.0,3.0,1.0,0.3333333333333333,0.3333333333333333,3895.0766666666664,4492.42,0.38445285201917295,100.70194444444445,10.0,0.0,3.0,0.3333333333333333,37.0,0.0,63.0,9,9.0,3,3,3,3,3,152,156,136,0.2576,0.0,0.4342,0.2507,T2,False,none
b9146cba-ffab-454e-8e72-8825afebe8f0,0.0,0.0,0.0,0.0,0.0,0.0,45,0,0.0,0.0,0.0,0.0,0.0,0.0,0.0,0.0,0.0,0.0,0.0,0.0,0.0,0.0,0.0,0.0,0.0,0.0,0.0,0.0,0.0,0.0,0.0,0.0,0,0.0,0,0,0,0,0,0,0,1,0.0,0.0,0.0,0.0,T2,False,none
d0dbc20d-30f7-47bf-96fd-68e62310981c,4.0,0.4444444444444444,3.0,10443.84,2610.96,1289.79906331697,17,0,4.0,1.0,25.0,4.0,1.0,0.25,4.0,1.0,11.0,4.0,1.0,0.25,0.4444444444444444,2610.96,4418.0,0.4230244814167969,97.20916666666666,8.0,0.25,4.0,0.25,41.0,2.0,55.5,12,12.0,4,4,4,4,4,209,217,211,0.1668,0.0,0.5966,0.3124,T2,False,none
21c22de5-506b-4f8b-b198-ed168490447a,4.0,0.4444444444444444,4.0,6008.34,1502.085,549.318535975864,77,1,4.0,1.0,21.0,4.0,1.0,0.25,4.0,1.0,6.0,4.0,1.0,0.25,0.4444444444444444,1502.085,2263.71,0.3767613017905112,224.50583333333333,8.0,0.25,4.0,0.25,42.0,3.0,58.5,12,12.0,4,4,4,4,4,196,207,119,0.3255,0.0,0.3993,0.1775,T2,False,none
0d9b81a0-9891-4fbd-aa7a-cd0c659d691b,4.0,0.4444444444444444,3.0,9921.95,2480.4875,1327.2447375766837,21,0,4.0,1.0,20.0,4.0,1.0,0.25,4.0,1.0,10.0,4.0,1.0,0.25,0.4444444444444444,2480.4875,4014.8,0.4046382011600542,82.2525,4.0,0.5,4.0,0.25,42.0,0.0,33.5,12,12.0,4,4,4,4,4,212,222,69,0.4288,0.0,0.2614,0.1292,T2,False,none
71452874-46a8-4fb5-9ac1-1edf0acce9db,1.0,0.1111111111111111,1.0,3802.92,3802.92,0.0,62,1,1.0,1.0,15.0,1.0,1.0,1.0,1.0,1.0,13.0,1.0,1.0,1.0,0.1111111111111111,3802.92,3802.92,1.0,0.0,12.0,0.0,1.0,1.0,38.0,2.0,71.0,3,3.0,1,1,1,1,1,63,63,119,0.2253,0.0,0.3893,0.1815,T2,False,none
9139d59f-7612-4553-92f3-180a860748e0,3.0,0.3333333333333333,2.0,4098.86,1366.2866666666666,1936.3164287464313,14,1,3.0,1.0,21.0,3.0,1.0,0.3333333333333333,3.0,1.0,9.0,3.0,1.0,0.3333333333333333,0.3333333333333333,1366.2866666666666,3592.25,0.8764022191536184,94.23916666666666,12.0,0.0,3.0,0.3333333333333333,38.0,2.0,44.666666666666664,9,9.0,3,3,3,3,3,138,148,210,0.1869,0.0,0.5526,0.3216,T2,False,none
f4ea7176-c858-43e5-a97c-b2cb252135b5,4.0,0.4444444444444444,4.0,9667.97,2416.9925,1544.9500500960107,16,1,4.0,1.0,19.0,4.0,1.0,0.25,4.0,1.0,12.0,4.0,1.0,0.25,0.4444444444444444,2416.9925,3713.54,0.38410752205478504,164.41361111111112,3.0,0.25,3.0,0.5,36.0,2.0,75.0,11,12.0,4,4,3,4,4,177,182,119,0.2635,0.0,0.3946,0.1939,T2,False,none
94fba5dd-a12d-4743-be7e-97ed75d6617f,5.0,0.5555555555555556,4.0,5683.02,1136.604,806.1959843797289,33,0,5.0,1.0,16.0,5.0,1.0,0.2,5.0,1.0,9.0,5.0,1.0,0.2,0.5555555555555556,1136.604,2184.46,0.3843836551692586,218.25472222222223,17.0,0.0,5.0,0.2,38.0,3.0,71.4,15,15.0,5,5,5,5,5,246,259,119,0.2635,0.0,0.3946,0.1939,T2,False,none
1889fd05-c353-446c-9838-eb2b1d08ff75,3.0,0.3333333333333333,3.0,9007.23,3002.41,2043.4760576282758,90,1,3.0,1.0,16.0,3.0,1.0,0.3333333333333333,3.0,1.0,9.0,3.0,1.0,0.3333333333333333,0.3333333333333333,3002.41,4602.21,0.510946206547407,91.34972222222223,1.0,0.0,3.0,0.3333333333333333,36.0,0.0,43.0,9,9.0,3,3,3,3,3,145,148,75,0.4631,0.0,0.2745,0.1623,T2,False,none
22460400-8da9-4fb4-90a0-b360582e5af2,1.0,0.1111111111111111,1.0,2291.92,2291.92,0.0,25,1,1.0,1.0,18.0,1.0,1.0,1.0,1.0,1.0,5.0,1.0,1.0,1.0,0.1111111111111111,2291.92,2291.92,1.0,0.0,17.0,1.0,1.0,1.0,30.0,2.0,92.0,3,3.0,1,1,1,1,1,50,50,119,0.2635,0.0,0.3946,0.1939,T2,False,none
b52eca13-6888-4693-b4dc-8aa3dac550c4,5.0,0.5555555555555556,4.0,9675.710000000001,1935.1420000000003,1138.6850945366766,32,0,5.0,1.0,17.0,5.0,1.0,0.2,5.0,1.0,12.0,5.0,1.0,0.2,0.5555555555555556,1935.1420000000003,3317.6,0.3428792305680926,208.03444444444443,0.0,0.2,5.0,0.2,35.0,0.0,57.6,15,15.0,5,5,5,5,5,224,239,160,0.1969,0.0,0.388,0.2723,T2,False,none
83c2106e-59ad-40d8-9341-ecbefc6445ce,5.0,0.5555555555555556,4.0,16405.02,3281.004,1083.535715553484,97,1,5.0,1.0,18.0,5.0,1.0,0.2,5.0,1.0,9.0,5.0,1.0,0.2,0.5555555555555556,3281.004,4733.27,0.2885257073749377,185.48222222222222,20.0,0.0,4.0,0.4,44.0,2.0,48.2,14,15.0,5,5,4,5,5,229,240,75,0.4631,0.0,0.2745,0.1623,T2,False,none
d65504bf-8c1a-41e6-8eb6-940671128b4a,3.0,0.3333333333333333,2.0,9236.220000000001,3078.7400000000002,1733.213182300435,46,1,3.0,1.0,12.0,3.0,1.0,0.3333333333333333,3.0,1.0,9.0,3.0,1.0,0.3333333333333333,0.3333333333333333,3078.7400000000002,4837.22,0.5237229082893218,132.6225,0.0,0.0,3.0,0.3333333333333333,44.0,2.0,51.666666666666664,9,9.0,3,3,3,3,3,144,144,119,0.3255,0.0,0.3993,0.1775,T2,False,none
2163866c-3006-47eb-9c35-bcb822dc35d3,2.0,0.2222222222222222,2.0,3079.54,1539.77,2107.885314717098,20,1,2.0,1.0,27.0,2.0,1.0,0.5,2.0,1.0,7.0,2.0,1.0,0.5,0.2222222222222222,1539.77,3030.27,0.9840008572708911,110.2725,6.0,0.0,2.0,0.5,36.0,0.0,68.5,6,6.0,2,2,2,2,2,112,113,124,0.2408,0.0806,0.3579,0.2431,T2,False,none
e0f2a5e2-8c67-436d-ba24-92c0df060ab1,2.0,0.2222222222222222,2.0,5099.79,2549.895,2110.5086808753003,79,0,2.0,1.0,13.0,2.0,1.0,0.5,2.0,1.0,9.0,2.0,1.0,0.5,0.2222222222222222,2549.895,4042.25,0.792630676949443,35.50388888888889,4.0,0.0,2.0,0.5,43.0,1.0,48.5,6,6.0,2,2,2,2,2,108,109,80,0.4259,0.0,0.2617,0.1285,T2,False,none
6ed9ba30-a5f8-466b-8ce0-2f97397dc7ac,3.0,0.3333333333333333,3.0,7617.360000000001,2539.1200000000003,1520.8126758743172,11,1,3.0,1.0,20.0,3.0,1.0,0.3333333333333333,3.0,1.0,10.0,3.0,1.0,0.3333333333333333,0.3333333333333333,2539.1200000000003,4295.18,0.5638672716006595,173.98555555555555,0.0,0.0,3.0,0.3333333333333333,36.0,1.0,81.33333333333333,9,9.0,3,3,3,3,3,155,162,80,0.3873,0.0,0.2639,0.1532,T2,False,none
1674f418-a7f0-400a-af4c-24081700a831,2.0,0.2222222222222222,2.0,6169.33,3084.665,1430.34266805196,91,0,2.0,1.0,15.0,2.0,1.0,0.5,2.0,1.0,12.0,2.0,1.0,0.5,0.2222222222222222,3084.665,4096.07,0.6639408169120471,17.797777777777778,5.0,0.0,2.0,0.5,38.0,2.0,69.0,6,6.0,2,2,2,2,2,100,107,119,0.3255,0.0,0.3993,0.1775,T2,False,none
05224080-28c2-4975-ab74-a7782acb3bee,3.0,0.3333333333333333,3.0,12051.78,4017.26,1257.6250067090748,32,0,3.0,1.0,17.0,3.0,1.0,0.3333333333333333,3.0,1.0,9.0,3.0,1.0,0.3333333333333333,0.3333333333333333,4017.26,4940.56,0.4099444231474521,172.01944444444445,1.0,0.3333333333333333,3.0,0.3333333333333333,44.0,0.0,61.666666666666664,9,9.0,3,3,3,3,3,156,162,119,0.2635,0.0,0.3946,0.1939,T2,False,none
e8050d12-2b79-42e5-85df-739dd7d9f94a,6.0,0.6666666666666666,5.0,10889.289999999999,1814.8816666666664,1852.5080842945508,23,1,6.0,1.0,21.0,6.0,1.0,0.16666666666666666,6.0,1.0,9.0,6.0,1.0,0.16666666666666666,0.6666666666666666,1814.8816666666664,4558.78,0.41864804776068965,206.59555555555556,2.0,0.3333333333333333,6.0,0.16666666666666666,44.0,3.0,62.666666666666664,18,18.0,6,6,6,6,6,289,314,136,0.2576,0.0,0.4342,0.2507,T2,False,none
d24bbe33-fc31-4f10-97c2-95e4cee99424,0.0,0.0,0.0,0.0,0.0,0.0,83,0,0.0,0.0,0.0,0.0,0.0,0.0,0.0,0.0,0.0,0.0,0.0,0.0,0.0,0.0,0.0,0.0,0.0,0.0,0.0,0.0,0.0,0.0,0.0,0.0,0,0.0,0,0,0,0,0,0,0,1,0.0,0.0,0.0,0.0,T2,False,none
1e9ed916-3d45-4b5c-a78d-545175834335,6.0,0.6666666666666666,5.0,18504.489999999998,3084.0816666666665,1544.1964957921211,54,0,6.0,1.0,25.0,6.0,1.0,0.16666666666666666,6.0,1.0,11.0,6.0,1.0,0.16666666666666666,0.6666666666666666,3084.0816666666665,4936.69,0.26678335906582673,206.08666666666667,15.0,0.16666666666666666,6.0,0.16666666666666666,44.0,0.0,60.666666666666664,18,18.0,6,6,6,6,6,308,347,136,0.2576,0.0,0.4342,0.2507,T2,False,none
e1875032-6741-4056-a763-ec18ca5810fe,1.0,0.1111111111111111,1.0,742.62,742.62,0.0,80,0,1.0,1.0,17.0,1.0,1.0,1.0,1.0,1.0,6.0,1.0,1.0,1.0,0.1111111111111111,742.62,742.62,1.0,0.0,21.0,0.0,1.0,1.0,47.0,3.0,86.0,3,3.0,1,1,1,1,1,67,67,80,0.4937,0.0,0.285,0.1235,T2,False,none
16c561fd-9ef6-4566-a7a1-7dabbcafa45d,2.0,0.2222222222222222,2.0,6996.9400000000005,3498.4700000000003,1343.9837168656472,85,0,2.0,1.0,17.0,2.0,1.0,0.5,2.0,1.0,11.0,2.0,1.0,0.5,0.2222222222222222,3498.4700000000003,4448.81,0.6358222308609192,78.87916666666666,7.0,0.5,2.0,0.5,35.0,1.0,43.5,6,6.0,2,2,2,2,2,102,106,210,0.1869,0.0,0.5526,0.3216,T2,False,none
7bdb1214-0875-4666-89a0-f107daff7e38,7.0,0.7777777777777778,7.0,23187.440000000002,3312.491428571429,1111.0844581673134,33,1,7.0,1.0,17.0,7.0,1.0,0.14285714285714285,7.0,1.0,9.0,7.0,1.0,0.14285714285714285,0.7777777777777778,3312.491428571429,4600.35,0.19839835704157077,180.54555555555555,0.0,0.2857142857142857,7.0,0.14285714285714285,43.0,0.0,48.714285714285715,21,21.0,7,7,7,7,7,335,371,80,0.3873,0.0,0.2639,0.1532,T2,False,none
f066b4e5-de64-4d62-85af-5006415bb246,3.0,0.3333333333333333,3.0,9761.69,3253.896666666667,1681.1523609219166,24,1,3.0,1.0,17.0,3.0,1.0,0.3333333333333333,3.0,1.0,6.0,3.0,1.0,0.3333333333333333,0.3333333333333333,3253.896666666667,4668.56,0.47825325327888923,85.40166666666667,1.0,0.0,3.0,0.3333333333333333,35.0,1.0,59.333333333333336,9,9.0,3,3,3,3,3,135,140,211,0.1668,0.0,0.5966,0.3124,T2,False,none
cb322e86-0fc5-4543-9f4f-8bdc33424b38,3.0,0.3333333333333333,3.0,6233.14,2077.7133333333336,1100.634232719178,57,0,3.0,1.0,21.0,3.0,1.0,0.3333333333333333,3.0,1.0,10.0,3.0,1.0,0.3333333333333333,0.3333333333333333,2077.7133333333336,2988.51,0.47945497774797297,129.15805555555556,1.0,0.0,3.0,0.3333333333333333,46.0,1.0,32.333333333333336,9,9.0,3,3,3,3,3,168,178,83,0.4146,0.0,0.3286,0.1462,T2,False,none
759899ce-531d-49cd-80cc-b2364687e1f0,4.0,0.4444444444444444,3.0,8041.110000000001,2010.2775000000001,2141.158584542101,82,0,4.0,1.0,17.0,4.0,1.0,0.25,4.0,1.0,12.0,4.0,1.0,0.25,0.4444444444444444,2010.2775000000001,4426.21,0.5504476372043163,228.65833333333333,5.0,0.0,4.0,0.25,36.0,0.0,43.25,12,12.0,4,4,4,4,4,196,206,160,0.1969,0.0,0.388,0.2723,T2,False,none
9453db6e-47eb-4e48-a47a-f11d4466646c,3.0,0.3333333333333333,3.0,8800.59,2933.53,1232.7298974633495,17,0,3.0,1.0,14.0,3.0,1.0,0.3333333333333333,3.0,1.0,12.0,3.0,1.0,0.3333333333333333,0.3333333333333333,2933.53,4312.04,0.4899716950795344,140.2313888888889,2.0,0.3333333333333333,3.0,0.3333333333333333,44.0,3.0,28.0,9,9.0,3,3,3,3,3,144,154,75,0.4631,0.0,0.2745,0.1623,T2,False,none
253a7411-17d5-4325-808b-29cfc77f46a3,1.0,0.1111111111111111,1.0,4253.33,4253.33,0.0,19,1,1.0,1.0,15.0,1.0,1.0,1.0,1.0,1.0,5.0,1.0,1.0,1.0,0.1111111111111111,4253.33,4253.33,1.0,0.0,11.0,0.0,1.0,1.0,32.0,2.0,96.0,3,3.0,1,1,1,1,1,49,49,211,0.1668,0.0,0.5966,0.3124,T2,False,none
401d16a8-7636-4e07-a41b-d6e35410356d,2.0,0.2222222222222222,2.0,6120.82,3060.41,1386.2828445162265,98,0,2.0,1.0,17.0,2.0,1.0,0.5,2.0,1.0,14.0,2.0,1.0,0.5,0.2222222222222222,3060.41,4040.66,0.6601501106060953,35.93138888888889,11.0,0.5,2.0,0.5,31.0,1.0,63.0,6,6.0,2,2,2,2,2,107,110,210,0.1869,0.0,0.5526,0.3216,T2,False,none
37395ff1-0606-42a4-ae42-973d3f60a1cf,2.0,0.2222222222222222,2.0,4281.73,2140.865,2868.187739052309,35,0,2.0,1.0,14.0,2.0,1.0,0.5,2.0,1.0,11.0,2.0,1.0,0.5,0.2222222222222222,2140.865,4168.98,0.9736671859271836,42.88111111111111,5.0,0.0,2.0,0.5,40.0,2.0,73.0,6,6.0,2,2,2,2,2,101,105,136,0.2576,0.0,0.4342,0.2507,T2,False,none
1086efe8-d4a7-48ca-8ab2-3c03ac5c6f5f,4.0,0.4444444444444444,4.0,14938.369999999999,3734.5924999999997,1132.4572025577831,60,1,4.0,1.0,20.0,4.0,1.0,0.25,4.0,1.0,13.0,4.0,1.0,0.25,0.4444444444444444,3734.5924999999997,4799.54,0.32128940439954295,134.1638888888889,6.0,0.25,4.0,0.25,40.0,3.0,39.25,12,12.0,4,4,4,4,4,198,218,124,0.2408,0.0806,0.3579,0.2431,T2,False,none
11fb547a-c58c-4fae-944d-8657f510d49f,4.0,0.4444444444444444,4.0,9468.779999999999,2367.1949999999997,932.2838741320513,83,1,4.0,1.0,15.0,4.0,1.0,0.25,4.0,1.0,9.0,4.0,1.0,0.25,0.4444444444444444,2367.1949999999997,3670.29,0.3876201580351429,166.6286111111111,0.0,0.25,4.0,0.25,41.0,0.0,34.5,12,12.0,4,4,4,4,4,182,195,75,0.4631,0.0,0.2745,0.1623,T2,False,none
9c861aaf-5c9a-4162-935f-54ef653b63dc,1.0,0.1111111111111111,1.0,950.09,950.09,0.0,92,1,1.0,1.0,9.0,1.0,1.0,1.0,1.0,1.0,4.0,1.0,1.0,1.0,0.1111111111111111,950.09,950.09,1.0,0.0,18.0,0.0,1.0,1.0,37.0,0.0,49.0,3,3.0,1,1,1,1,1,47,47,75,0.4631,0.0,0.2745,0.1623,T2,False,none
02f26e28-73c5-4fe6-9b2e-e58ab06cacb6,6.0,0.6666666666666666,5.0,19621.51,3270.2516666666666,1600.8604322228302,43,1,6.0,1.0,21.0,6.0,1.0,0.16666666666666666,6.0,1.0,8.0,6.0,1.0,0.16666666666666666,0.6666666666666666,3270.2516666666666,4985.94,0.25410582569842993,90.31888888888889,2.0,0.3333333333333333,5.0,0.3333333333333333,43.0,2.0,72.0,17,18.0,6,6,5,6,6,277,295,80,0.3873,0.0,0.2639,0.1532,T2,False,none
a2137724-98b4-40f4-a4f5-77b66cb8bdcd,2.0,0.2222222222222222,2.0,2069.92,1034.96,803.9379838022334,80,1,2.0,1.0,15.0,2.0,1.0,0.5,2.0,1.0,6.0,2.0,1.0,0.5,0.2222222222222222,1034.96,1603.43,0.7746338022725516,108.74416666666667,4.0,0.5,2.0,0.5,44.0,2.0,48.0,6,6.0,2,2,2,2,2,110,112,75,0.4631,0.0,0.2745,0.1623,T2,False,none
39223c67-e463-4b76-a09a-0753745c03b4,1.0,0.1111111111111111,1.0,3957.7,3957.7,0.0,50,0,1.0,1.0,15.0,1.0,1.0,1.0,1.0,1.0,5.0,1.0,1.0,1.0,0.1111111111111111,3957.7,3957.7,1.0,0.0,9.0,0.0,1.0,1.0,31.0,0.0,98.0,3,3.0,1,1,1,1,1,48,48,157,0.2333,0.0,0.3976,0.2695,T2,False,none
ebfbeaa7-32e2-480b-a886-133d8996ca25,2.0,0.2222222222222222,1.0,9499.76,4749.88,352.8038574052164,70,1,2.0,1.0,13.0,2.0,1.0,0.5,2.0,1.0,10.0,2.0,1.0,0.5,0.2222222222222222,4749.88,4999.35,0.5262606634272866,3.6058333333333334,20.0,0.0,2.0,0.5,35.0,0.0,55.5,6,6.0,2,2,2,2,2,97,99,211,0.1668,0.0,0.5966,0.3124,T2,False,none
51135815-ac52-4208-a6b5-002b3b67c7a8,8.0,0.8888888888888888,4.0,29256.93,3657.11625,414.30288909504367,40,0,8.0,1.0,17.0,8.0,1.0,0.125,8.0,1.0,13.0,8.0,1.0,0.125,0.8888888888888888,3657.11625,4419.92,0.1510725834870576,156.6761111111111,4.0,0.0,8.0,0.125,37.0,2.0,59.5,24,24.0,8,8,8,8,8,396,437,83,0.4146,0.0,0.3286,0.1462,T2,False,none
42722265-e950-41bd-9b6c-268d7bfda9b4,2.0,0.2222222222222222,2.0,8439.3,4219.65,171.61481579397463,73,0,2.0,1.0,18.0,2.0,1.0,0.5,2.0,1.0,11.0,2.0,1.0,0.5,0.2222222222222222,4219.65,4341.0,0.5143791546692261,109.47472222222223,2.0,0.0,2.0,0.5,38.0,2.0,74.5,6,6.0,2,2,2,2,2,107,109,119,0.2253,0.0,0.3893,0.1815,T2,False,none
861f70c6-7e7e-45e0-ad7b-fec64e6c53a1,4.0,0.4444444444444444,3.0,14138.69,3534.6725,544.0994876169248,72,1,4.0,1.0,16.0,4.0,1.0,0.25,4.0,1.0,13.0,4.0,1.0,0.25,0.4444444444444444,3534.6725,3952.31,0.27953862769464494,88.52166666666666,3.0,0.25,4.0,0.25,38.0,2.0,46.75,12,12.0,4,4,4,4,4,217,231,119,0.2635,0.0,0.3946,0.1939,T2,False,none
b41f91f5-7442-4cec-9645-b74ade7a0ec8,3.0,0.3333333333333333,3.0,6594.41,2198.1366666666668,2075.0493288192774,91,0,3.0,1.0,19.0,3.0,1.0,0.3333333333333333,3.0,1.0,7.0,3.0,1.0,0.3333333333333333,0.3333333333333333,2198.1366666666668,4137.0,0.6273495278576855,199.56,3.0,0.0,3.0,0.3333333333333333,40.0,0.0,70.66666666666667,9,9.0,3,3,3,3,3,160,164,211,0.1668,0.0,0.5966,0.3124,T2,False,none
f2a1eb97-da56-42db-a0f3-f6c601c979e3,3.0,0.3333333333333333,3.0,6212.41,2070.8033333333333,1616.1544384536194,58,0,3.0,1.0,15.0,3.0,1.0,0.3333333333333333,3.0,1.0,13.0,3.0,1.0,0.3333333333333333,0.3333333333333333,2070.8033333333333,3120.53,0.5023058684149951,76.88527777777777,11.0,0.3333333333333333,3.0,0.3333333333333333,38.0,0.0,43.666666666666664,9,9.0,3,3,3,3,3,157,159,210,0.1869,0.0,0.5526,0.3216,T2,False,none
ba2ab138-98b9-4cbb-94bc-a1ef598ebd85,4.0,0.4444444444444444,3.0,14283.5,3570.875,2247.1608354914583,35,0,4.0,1.0,16.0,4.0,1.0,0.25,4.0,1.0,14.0,4.0,1.0,0.25,0.4444444444444444,3570.875,4849.76,0.3395358280533483,115.83222222222223,0.0,0.0,4.0,0.25,40.0,2.0,47.0,12,12.0,4,4,4,4,4,207,213,211,0.1668,0.0,0.5966,0.3124,T2,False,none
57341e50-433c-40a8-b841-44e811f1cd6e,4.0,0.4444444444444444,2.0,9741.49,2435.3725,1457.8627430677416,65,1,4.0,1.0,17.0,4.0,1.0,0.25,4.0,1.0,16.0,4.0,1.0,0.25,0.4444444444444444,2435.3725,4230.67,0.43429393244770564,38.20027777777778,3.0,0.5,4.0,0.25,38.0,0.0,54.25,12,12.0,4,4,4,4,4,217,230,211,0.1668,0.0,0.5966,0.3124,T2,False,none
eb9a691d-f0b9-497c-83a8-4cc066dd505e,4.0,0.4444444444444444,4.0,9787.7,2446.925,1506.94570664197,60,0,4.0,1.0,19.0,4.0,1.0,0.25,4.0,1.0,8.0,4.0,1.0,0.25,0.4444444444444444,2446.925,4470.96,0.45679373090715897,176.3388888888889,1.0,0.25,4.0,0.25,43.0,3.0,58.75,12,12.0,4,4,4,4,4,171,183,136,0.2576,0.0,0.4342,0.2507,T2,False,none
766ac015-acd5-4b32-bae3-166894ca815d,2.0,0.2222222222222222,2.0,5599.95,2799.975,1474.4661311980008,76,0,2.0,1.0,17.0,2.0,1.0,0.5,2.0,1.0,10.0,2.0,1.0,0.5,0.2222222222222222,2799.975,3842.58,0.686181126617202,8.157777777777778,0.0,0.0,2.0,0.5,46.0,0.0,63.5,6,6.0,2,2,2,2,2,116,118,119,0.2253,0.0,0.3893,0.1815,T2,False,none
c3e9a66c-dbef-4ea1-9209-3cc5a983ff2d,8.0,0.8888888888888888,6.0,13365.85,1670.73125,1351.5008469046286,22,1,8.0,1.0,23.0,8.0,1.0,0.125,8.0,1.0,10.0,8.0,1.0,0.125,0.8888888888888888,1670.73125,3533.64,0.26437824754879036,184.96555555555557,15.0,0.25,8.0,0.125,46.0,1.0,61.5,24,24.0,8,8,8,8,8,357,409,83,0.4146,0.0,0.3286,0.1462,T2,False,none
5ae7521a-aec4-4346-9140-6c4632ac519f,5.0,0.5555555555555556,4.0,13640.69,2728.138,1614.2018092295648,37,0,5.0,1.0,19.0,5.0,1.0,0.2,5.0,1.0,13.0,5.0,1.0,0.2,0.5555555555555556,2728.138,4460.62,0.32700838447321945,180.84833333333333,12.0,0.0,5.0,0.2,35.0,0.0,63.8,15,15.0,5,5,5,5,5,248,265,210,0.1869,0.0,0.5526,0.3216,T2,False,none
50e03693-2e75-4ab0-8032-40b305c0cb36,3.0,0.3333333333333333,2.0,5806.070000000001,1935.3566666666668,327.2744341272829,10,1,3.0,1.0,14.0,3.0,1.0,0.3333333333333333,3.0,1.0,10.0,3.0,1.0,0.3333333333333333,0.3333333333333333,1935.3566666666668,2246.96,0.3870018790679409,69.38888888888889,3.0,0.6666666666666666,3.0,0.3333333333333333,36.0,0.0,57.0,9,9.0,3,3,3,3,3,153,159,83,0.4146,0.0,0.3286,0.1462,T2,False,none
00fa1670-6e59-4af2-b242-2f05628fcbfb,5.0,0.5555555555555556,5.0,12840.720000000001,2568.1440000000002,1500.4345038454694,24,0,5.0,1.0,19.0,5.0,1.0,0.2,5.0,1.0,10.0,5.0,1.0,0.2,0.5555555555555556,2568.1440000000002,4594.38,0.3577976935872755,102.91277777777778,1.0,0.4,5.0,0.2,40.0,0.0,74.8,15,15.0,5,5,5,5,5,235,255,157,0.2333,0.0,0.3976,0.2695,T2,False,none
34ab5ad7-c96c-492d-b125-8954c1540868,2.0,0.2222222222222222,2.0,4880.26,2440.13,1917.560453492927,47,0,2.0,1.0,16.0,2.0,1.0,0.5,2.0,1.0,11.0,2.0,1.0,0.5,0.2222222222222222,2440.13,3796.05,0.7778376561904489,18.50861111111111,14.0,1.0,2.0,0.5,36.0,3.0,52.0,6,6.0,2,2,2,2,2,108,108,211,0.1668,0.0,0.5966,0.3124,T2,False,none
3fd1c767-6402-488f-877c-95fdf918accf,0.0,0.0,0.0,0.0,0.0,0.0,13,1,0.0,0.0,0.0,0.0,0.0,0.0,0.0,0.0,0.0,0.0,0.0,0.0,0.0,0.0,0.0,0.0,0.0,0.0,0.0,0.0,0.0,0.0,0.0,0.0,0,0.0,0,0,0,0,0,0,0,1,0.0,0.0,0.0,0.0,T2,False,none
c036bb31-7ce3-4e1b-9ae1-8dedbad47ac7,3.0,0.3333333333333333,2.0,10326.369999999999,3442.123333333333,2487.899346543853,72,1,3.0,1.0,16.0,3.0,1.0,0.3333333333333333,3.0,1.0,9.0,3.0,1.0,0.3333333333333333,0.3333333333333333,3442.123333333333,4919.07,0.4763600374574996,91.23222222222222,7.0,0.0,3.0,0.3333333333333333,32.0,0.0,65.66666666666667,9,9.0,3,3,3,3,3,133,138,160,0.1969,0.0,0.388,0.2723,T2,False,none
a0550c6a-62a9-4231-b211-ba0e66b4a4f9,3.0,0.3333333333333333,3.0,7033.56,2344.52,2264.705732606336,37,1,3.0,1.0,18.0,3.0,1.0,0.3333333333333333,3.0,1.0,7.0,3.0,1.0,0.3333333333333333,0.3333333333333333,2344.52,4958.68,0.7050028719453592,153.43444444444444,3.0,0.0,3.0,0.3333333333333333,40.0,0.0,29.0,9,9.0,3,3,3,3,3,143,148,124,0.2408,0.0806,0.3579,0.2431,T2,False,none
f5718cd8-6881-4f5e-b4cc-905bc4afac1a,2.0,0.2222222222222222,2.0,3608.21,1804.105,1617.4289802182973,30,1,2.0,1.0,12.0,2.0,1.0,0.5,2.0,1.0,5.0,2.0,1.0,0.5,0.2222222222222222,1804.105,2947.8,0.8169701874336582,52.26916666666666,13.0,0.0,2.0,0.5,46.0,0.0,35.0,6,6.0,2,2,2,2,2,103,105,80,0.4259,0.0,0.2617,0.1285,T2,False,none
956b6dbd-4376-4b3d-9d77-8df442a0d68b,2.0,0.2222222222222222,2.0,4695.95,2347.975,2488.909803759469,53,1,2.0,1.0,15.0,2.0,1.0,0.5,2.0,1.0,6.0,2.0,1.0,0.5,0.2222222222222222,2347.975,4107.9,0.8747750721366283,45.50944444444445,5.0,0.0,2.0,0.5,40.0,2.0,60.0,6,6.0,2,2,2,2,2,96,99,136,0.2576,0.0,0.4342,0.2507,T2,False,none
ea720bb3-8555-4b9c-aa94-968be99c1397,9.0,1.0,4.0,23509.43,2612.158888888889,1431.220950486371,50,1,9.0,1.0,22.0,9.0,1.0,0.1111111111111111,9.0,1.0,11.0,9.0,1.0,0.1111111111111111,1.0,2612.158888888889,4538.39,0.1930455140766918,145.77722222222224,5.0,0.5555555555555556,9.0,0.1111111111111111,44.0,0.0,52.77777777777778,27,27.0,9,9,9,9,9,419,479,75,0.4631,0.0,0.2745,0.1623,T2,False,none
3d8dceed-807d-4db3-a195-63c753b0123f,4.0,0.4444444444444444,3.0,8827.46,2206.865,1142.496905830967,19,1,4.0,1.0,20.0,4.0,1.0,0.25,4.0,1.0,10.0,4.0,1.0,0.25,0.4444444444444444,2206.865,3859.63,0.43722996195961245,116.7375,1.0,0.0,4.0,0.25,37.0,3.0,83.0,12,12.0,4,4,4,4,4,194,202,80,0.4937,0.0,0.285,0.1235,T2,False,none
46f689d8-179c-456d-89cf-e824434c8ad6,5.0,0.5555555555555556,4.0,14090.11,2818.022,1360.1399640184095,67,1,5.0,1.0,14.0,5.0,1.0,0.2,5.0,1.0,12.0,5.0,1.0,0.2,0.5555555555555556,2818.022,4161.81,0.2953710084591249,195.67583333333334,1.0,0.4,5.0,0.2,37.0,0.0,55.6,15,15.0,5,5,5,5,5,229,250,75,0.4631,0.0,0.2745,0.1623,T2,False,none
01de7f3f-7752-4af5-8d02-449508f05490,3.0,0.3333333333333333,3.0,9871.039999999999,3290.3466666666664,1215.6803718631525,87,0,3.0,1.0,19.0,3.0,1.0,0.3333333333333333,3.0,1.0,11.0,3.0,1.0,0.3333333333333333,0.3333333333333333,3290.3466666666664,4610.7,0.4670936395759718,108.11916666666667,0.0,0.0,3.0,0.3333333333333333,42.0,0.0,40.666666666666664,9,9.0,3,3,3,3,3,145,151,157,0.2333,0.0,0.3976,0.2695,T2,False,none
12737902-1426-487f-80f0-9bf716c1671a,5.0,0.5555555555555556,5.0,17732.579999999998,3546.5159999999996,1225.3252349600903,87,1,5.0,1.0,19.0,5.0,1.0,0.2,5.0,1.0,12.0,5.0,1.0,0.2,0.5555555555555556,3546.5159999999996,4709.74,0.2655981250331311,230.14638888888888,4.0,0.2,5.0,0.2,42.0,0.0,35.8,15,15.0,5,5,5,5,5,224,243,69,0.4288,0.0,0.2614,0.1292,T2,False,none
64d854b1-a7a4-41d0-85a5-9ae34c8718af,1.0,0.1111111111111111,1.0,4490.92,4490.92,0.0,26,0,1.0,1.0,14.0,1.0,1.0,1.0,1.0,1.0,15.0,1.0,1.0,1.0,0.1111111111111111,4490.92,4490.92,1.0,0.0,1.0,0.0,1.0,1.0,31.0,1.0,23.0,3,3.0,1,1,1,1,1,57,57,211,0.1668,0.0,0.5966,0.3124,T2,False,none
19930f96-cf44-4156-96b4-00575ab2cf6b,3.0,0.3333333333333333,3.0,6764.610000000001,2254.8700000000003,2274.9842928029193,75,0,3.0,1.0,14.0,3.0,1.0,0.3333333333333333,3.0,1.0,10.0,3.0,1.0,0.3333333333333333,0.3333333333333333,2254.8700000000003,4574.67,0.6762651505408294,108.57611111111112,1.0,0.3333333333333333,3.0,0.3333333333333333,40.0,2.0,55.0,9,9.0,3,3,3,3,3,134,138,136,0.2576,0.0,0.4342,0.2507,T2,False,none
6b78b058-0076-4c8d-b202-c70b71e48e59,4.0,0.4444444444444444,4.0,3510.42,877.605,758.3865192850761,34,1,4.0,1.0,20.0,4.0,1.0,0.25,4.0,1.0,9.0,4.0,1.0,0.25,0.4444444444444444,877.605,1868.6,0.5323009782305251,181.1525,8.0,0.25,4.0,0.25,40.0,1.0,46.0,12,12.0,4,4,4,4,4,189,194,157,0.2333,0.0,0.3976,0.2695,T2,False,none
22be3171-4577-4f30-9d02-160bf30133e6,4.0,0.4444444444444444,3.0,9299.73,2324.9325,1621.3139191074831,90,1,4.0,1.0,21.0,4.0,1.0,0.25,4.0,1.0,11.0,4.0,1.0,0.25,0.4444444444444444,2324.9325,4710.63,0.5065340606662775,132.23583333333335,8.0,0.25,4.0,0.25,35.0,1.0,46.75,12,12.0,4,4,4,4,4,196,206,160,0.1969,0.0,0.388,0.2723,T2,False,none
02553872-fa02-4f03-85f3-af8f46a80e87,4.0,0.4444444444444444,4.0,12701.36,3175.34,481.5709733085387,12,1,4.0,1.0,20.0,4.0,1.0,0.25,4.0,1.0,13.0,4.0,1.0,0.25,0.4444444444444444,3175.34,3821.91,0.30090557231666526,131.8488888888889,2.0,0.5,4.0,0.25,43.0,0.0,56.0,12,12.0,4,4,4,4,4,200,212,136,0.2576,0.0,0.4342,0.2507,T2,False,none
1f843739-9314-4999-bf0a-ec8f1e8af1fe,3.0,0.3333333333333333,3.0,6252.54,2084.18,2235.485700669991,67,0,3.0,1.0,21.0,3.0,1.0,0.3333333333333333,3.0,1.0,7.0,3.0,1.0,0.3333333333333333,0.3333333333333333,2084.18,4520.33,0.7229589894666807,213.49972222222223,21.0,0.0,3.0,0.3333333333333333,42.0,0.0,42.333333333333336,9,9.0,3,3,3,3,3,159,164,157,0.2333,0.0,0.3976,0.2695,T2,False,none
bea2beb0-41da-4672-a930-e7319b3a0a10,5.0,0.5555555555555556,4.0,13765.49,2753.098,1847.9729850622819,28,1,5.0,1.0,19.0,5.0,1.0,0.2,5.0,1.0,11.0,5.0,1.0,0.2,0.5555555555555556,2753.098,4516.4,0.32809583966862055,114.94055555555556,0.0,0.2,5.0,0.2,43.0,0.0,46.0,15,15.0,5,5,5,5,5,269,292,160,0.1969,0.0,0.388,0.2723,T2,False,none
49aa38ca-54d7-4fcb-87c2-be3804bb283e,2.0,0.2222222222222222,1.0,6232.63,3116.315,1568.8790286220287,66,1,2.0,1.0,13.0,2.0,1.0,0.5,2.0,1.0,9.0,2.0,1.0,0.5,0.2222222222222222,3116.315,4225.68,0.6779930783633875,11.337777777777777,0.0,0.0,2.0,0.5,36.0,0.0,80.5,6,6.0,2,2,2,2,2,94,96,119,0.2635,0.0,0.3946,0.1939,T2,False,none
96af7f76-2e9c-49e1-aa52-fb78649d7539,1.0,0.1111111111111111,1.0,4219.31,4219.31,0.0,59,1,1.0,1.0,14.0,1.0,1.0,1.0,1.0,1.0,7.0,1.0,1.0,1.0,0.1111111111111111,4219.31,4219.31,1.0,0.0,20.0,0.0,1.0,1.0,36.0,0.0,40.0,3,3.0,1,1,1,1,1,54,54,119,0.2253,0.0,0.3893,0.1815,T2,False,none
d59b8712-04cb-4d86-b5b5-b57159baed4e,2.0,0.2222222222222222,2.0,4424.9,2212.45,2109.1722490588577,15,0,2.0,1.0,21.0,2.0,1.0,0.5,2.0,1.0,9.0,2.0,1.0,0.5,0.2222222222222222,2212.45,3703.86,0.8370494248457593,123.5275,20.0,0.0,2.0,0.5,37.0,2.0,55.0,6,6.0,2,2,2,2,2,108,109,80,0.4937,0.0,0.285,0.1235,T2,False,none
d3719f27-3a65-4061-894d-b961f9794a1a,3.0,0.3333333333333333,2.0,4924.08,1641.36,727.8033971478836,54,0,3.0,1.0,16.0,3.0,1.0,0.3333333333333333,3.0,1.0,9.0,3.0,1.0,0.3333333333333333,0.3333333333333333,1641.36,2299.04,0.4668973696609316,157.72944444444445,1.0,0.0,3.0,0.3333333333333333,36.0,1.0,53.0,9,9.0,3,3,3,3,3,141,148,211,0.1668,0.0,0.5966,0.3124,T2,False,none
b85ef7f8-596f-4ff7-b5c7-203002c83ffd,4.0,0.4444444444444444,3.0,14288.4,3572.1,1208.6506488091036,91,1,4.0,1.0,15.0,4.0,1.0,0.25,4.0,1.0,6.0,4.0,1.0,0.25,0.4444444444444444,3572.1,4503.08,0.31515635060608604,156.51611111111112,8.0,0.0,4.0,0.25,43.0,1.0,55.0,12,12.0,4,4,4,4,4,183,194,210,0.1869,0.0,0.5526,0.3216,T2,False,none
29bdc2d8-54bf-43cb-843c-3bf08c05c63c,3.0,0.3333333333333333,2.0,2743.22,914.4066666666666,673.8570903636269,10,1,3.0,1.0,16.0,3.0,1.0,0.3333333333333333,3.0,1.0,13.0,3.0,1.0,0.3333333333333333,0.3333333333333333,914.4066666666666,1388.87,0.5062918759705747,84.31583333333333,0.0,0.3333333333333333,3.0,0.3333333333333333,42.0,3.0,48.333333333333336,9,9.0,3,3,3,3,3,162,169,119,0.3255,0.0,0.3993,0.1775,T2,False,none
df4c71ee-3c91-4d2e-8c52-f8bbc3b4c710,0.0,0.0,0.0,0.0,0.0,0.0,79,0,0.0,0.0,0.0,0.0,0.0,0.0,0.0,0.0,0.0,0.0,0.0,0.0,0.0,0.0,0.0,0.0,0.0,0.0,0.0,0.0,0.0,0.0,0.0,0.0,0,0.0,0,0,0,0,0,0,0,1,0.0,0.0,0.0,0.0,T2,False,none
0172014e-7c63-4959-bbbd-025148e3cec5,3.0,0.3333333333333333,3.0,11125.3,3708.433333333333,886.014039523829,71,0,3.0,1.0,27.0,3.0,1.0,0.3333333333333333,3.0,1.0,8.0,3.0,1.0,0.3333333333333333,0.3333333333333333,3708.433333333333,4586.7,0.4122765228802819,188.28333333333333,6.0,0.0,3.0,0.3333333333333333,32.0,0.0,82.33333333333333,9,9.0,3,3,3,3,3,139,150,157,0.2333,0.0,0.3976,0.2695,T2,False,none
64939ca3-82f6-4105-806c-6f75c9fcdc99,3.0,0.3333333333333333,2.0,8315.43,2771.81,1374.204649278993,55,1,3.0,1.0,18.0,3.0,1.0,0.3333333333333333,3.0,1.0,7.0,3.0,1.0,0.3333333333333333,0.3333333333333333,2771.81,4026.8,0.4842563763990557,40.899166666666666,4.0,1.0,3.0,0.3333333333333333,41.0,0.0,87.33333333333333,9,9.0,3,3,3,3,3,163,163,211,0.1668,0.0,0.5966,0.3124,T2,False,none
c5a1667f-63f6-4789-8e54-362d2c3c2e94,4.0,0.4444444444444444,4.0,14132.57,3533.1425,989.8946735343446,71,1,4.0,1.0,18.0,4.0,1.0,0.25,4.0,1.0,10.0,4.0,1.0,0.25,0.4444444444444444,3533.1425,4912.29,0.34758646162729073,121.04166666666667,14.0,0.0,4.0,0.25,41.0,0.0,80.25,12,12.0,4,4,4,4,4,188,202,211,0.1668,0.0,0.5966,0.3124,T2,False,none
4faae610-c2c9-4ba2-b8db-7dffa89b3036,4.0,0.4444444444444444,3.0,12302.14,3075.535,1107.0520241464114,44,0,4.0,1.0,15.0,4.0,1.0,0.25,4.0,1.0,11.0,4.0,1.0,0.25,0.4444444444444444,3075.535,3868.02,0.31441846703093934,109.61027777777778,7.0,0.25,4.0,0.25,37.0,3.0,35.75,12,12.0,4,4,4,4,4,204,214,210,0.1869,0.0,0.5526,0.3216,T2,False,none
4f49c9f8-6bcd-4a15-946d-d4d64705470a,4.0,0.4444444444444444,3.0,8671.63,2167.9075,1637.5167287160762,88,1,4.0,1.0,16.0,4.0,1.0,0.25,4.0,1.0,13.0,4.0,1.0,0.25,0.4444444444444444,2167.9075,4535.73,0.523053912586215,188.9725,3.0,0.0,4.0,0.25,38.0,3.0,72.5,12,12.0,4,4,4,4,4,189,210,119,0.3255,0.0,0.3993,0.1775,T2,False,none
93dd87cb-1b3c-42f6-a5ba-039d8a7e27f2,3.0,0.3333333333333333,2.0,7246.280000000001,2415.4266666666667,508.17502401567657,16,1,3.0,1.0,19.0,3.0,1.0,0.3333333333333333,3.0,1.0,10.0,3.0,1.0,0.3333333333333333,0.3333333333333333,2415.4266666666667,2787.09,0.3846235585707425,63.44305555555555,6.0,0.0,3.0,0.3333333333333333,35.0,0.0,48.333333333333336,9,9.0,3,3,3,3,3,141,150,160,0.1969,0.0,0.388,0.2723,T2,False,none
a1ee1ec7-a853-4202-92c7-64eda6eeffc1,1.0,0.1111111111111111,1.0,1527.15,1527.15,0.0,45,0,1.0,1.0,13.0,1.0,1.0,1.0,1.0,1.0,8.0,1.0,1.0,1.0,0.1111111111111111,1527.15,1527.15,1.0,0.0,8.0,0.0,1.0,1.0,33.0,2.0,86.0,3,3.0,1,1,1,1,1,51,51,136,0.2576,0.0,0.4342,0.2507,T2,False,none
a8682acb-2980-47e2-ab08-0df3804745e7,2.0,0.2222222222222222,2.0,5808.25,2904.125,2694.338465829785,19,1,2.0,1.0,18.0,2.0,1.0,0.5,2.0,1.0,5.0,2.0,1.0,0.5,0.2222222222222222,2904.125,4809.31,0.8280136013429175,59.99027777777778,2.0,0.0,2.0,0.5,37.0,0.0,47.5,6,6.0,2,2,2,2,2,93,94,119,0.2253,0.0,0.3893,0.1815,T2,False,none
ad3ae8a8-086c-429f-920b-3d686892ef18,4.0,0.4444444444444444,4.0,10076.37,2519.0925,2001.4296793771364,92,0,4.0,1.0,19.0,4.0,1.0,0.25,4.0,1.0,10.0,4.0,1.0,0.25,0.4444444444444444,2519.0925,4567.87,0.4533249573010915,111.25277777777778,2.0,0.5,4.0,0.25,42.0,3.0,31.75,12,12.0,4,4,4,4,4,203,214,69,0.4288,0.0,0.2614,0.1292,T2,False,none
3c79e74d-0569-4b73-a41d-775c828ad439,1.0,0.1111111111111111,1.0,1838.33,1838.33,0.0,55,1,1.0,1.0,15.0,1.0,1.0,1.0,1.0,1.0,5.0,1.0,1.0,1.0,0.1111111111111111,1838.33,1838.33,1.0,0.0,0.0,0.0,1.0,1.0,34.0,2.0,36.0,3,3.0,1,1,1,1,1,51,51,80,0.3873,0.0,0.2639,0.1532,T2,False,none
a0db5e5b-57a5-409b-ad64-c637ac528981,2.0,0.2222222222222222,2.0,3414.34,1707.17,1229.5314132627927,57,1,2.0,1.0,17.0,2.0,1.0,0.5,2.0,1.0,8.0,2.0,1.0,0.5,0.2222222222222222,1707.17,2576.58,0.7546348635461025,41.06916666666667,13.0,0.5,2.0,0.5,41.0,2.0,28.0,6,6.0,2,2,2,2,2,103,107,124,0.2408,0.0806,0.3579,0.2431,T2,False,none
a2b3d3b2-2dc4-406f-86fd-33c320b85baf,2.0,0.2222222222222222,2.0,7796.39,3898.195,479.45375298353866,59,1,2.0,1.0,16.0,2.0,1.0,0.5,2.0,1.0,12.0,2.0,1.0,0.5,0.2222222222222222,3898.195,4237.22,0.5434848692792433,31.700555555555557,15.0,0.0,2.0,0.5,36.0,0.0,41.5,6,6.0,2,2,2,2,2,103,107,210,0.1869,0.0,0.5526,0.3216,T2,False,none
f04e271c-cf84-4b58-b285-2ffe9e43ba00,4.0,0.4444444444444444,3.0,7209.3,1802.325,1087.1391485453921,29,1,4.0,1.0,19.0,4.0,1.0,0.25,4.0,1.0,18.0,4.0,1.0,0.25,0.4444444444444444,1802.325,2857.61,0.39637828915428686,121.18138888888889,16.0,0.5,4.0,0.25,35.0,2.0,57.25,12,12.0,4,4,4,4,4,214,232,210,0.1869,0.0,0.5526,0.3216,T2,False,none
e39bcfa9-6f50-4da5-b3c5-e71f493e7481,1.0,0.1111111111111111,1.0,187.91,187.91,0.0,97,0,1.0,1.0,14.0,1.0,1.0,1.0,1.0,1.0,7.0,1.0,1.0,1.0,0.1111111111111111,187.91,187.91,1.0,0.0,19.0,0.0,1.0,1.0,37.0,0.0,36.0,3,3.0,1,1,1,1,1,54,55,80,0.3873,0.0,0.2639,0.1532,T2,False,none
ef5163a1-e404-401b-99d9-28df6b064d76,5.0,0.5555555555555556,4.0,16079.06,3215.812,1377.5853263845402,59,0,5.0,1.0,19.0,5.0,1.0,0.2,5.0,1.0,8.0,5.0,1.0,0.2,0.5555555555555556,3215.812,3987.18,0.2479734511843354,117.02416666666667,9.0,0.2,5.0,0.2,40.0,1.0,69.6,15,15.0,5,5,5,5,5,236,251,124,0.2408,0.0806,0.3579,0.2431,T2,False,none
b704c6e4-29fd-4272-b196-486245938c1d,4.0,0.4444444444444444,4.0,6012.25,1503.0625,1634.5564071917697,81,0,4.0,1.0,20.0,4.0,1.0,0.25,4.0,1.0,8.0,4.0,1.0,0.25,0.4444444444444444,1503.0625,3717.68,0.6183508669799159,120.42583333333333,11.0,0.0,4.0,0.25,33.0,0.0,41.0,12,12.0,4,4,4,4,4,189,206,112,0.2905,0.0,0.3574,0.1777,T2,False,none
c0826a84-9eaf-4103-904a-65bd416e6144,2.0,0.2222222222222222,2.0,4413.81,2206.905,18.236283886801036,80,0,2.0,1.0,15.0,2.0,1.0,0.5,2.0,1.0,6.0,2.0,1.0,0.5,0.2222222222222222,2206.905,2219.8,0.502921512253586,40.990833333333335,7.0,0.0,2.0,0.5,38.0,2.0,32.0,6,6.0,2,2,2,2,2,103,107,210,0.1869,0.0,0.5526,0.3216,T2,False,none
9798d422-db74-4a43-a2b9-db3d996a7fbf,2.0,0.2222222222222222,2.0,5735.9400000000005,2867.9700000000003,1586.2102158289113,89,0,2.0,1.0,14.0,2.0,1.0,0.5,2.0,1.0,19.0,2.0,1.0,0.5,0.2222222222222222,2867.9700000000003,3989.59,0.6955424917275982,78.89055555555555,14.0,0.5,2.0,0.5,37.0,0.0,47.5,6,6.0,2,2,2,2,2,119,119,210,0.1869,0.0,0.5526,0.3216,T2,False,none
5b9249bf-afa7-4321-ad8b-b1abd029f13d,1.0,0.1111111111111111,1.0,2100.04,2100.04,0.0,72,0,1.0,1.0,12.0,1.0,1.0,1.0,1.0,1.0,7.0,1.0,1.0,1.0,0.1111111111111111,2100.04,2100.04,1.0,0.0,21.0,1.0,1.0,1.0,37.0,0.0,36.0,3,3.0,1,1,1,1,1,53,53,80,0.3873,0.0,0.2639,0.1532,T2,False,none
33614897-28b2-413d-bffb-8e4c269d74c7,1.0,0.1111111111111111,1.0,3289.62,3289.62,0.0,38,0,1.0,1.0,12.0,1.0,1.0,1.0,1.0,1.0,9.0,1.0,1.0,1.0,0.1111111111111111,3289.62,3289.62,1.0,0.0,15.0,0.0,1.0,1.0,31.0,3.0,68.0,3,3.0,1,1,1,1,1,48,49,160,0.1969,0.0,0.388,0.2723,T2,False,none
7d1716dc-9aef-46b6-abe5-1ab4460948be,8.0,0.8888888888888888,7.0,16334.68,2041.835,1751.3363769500622,60,0,8.0,1.0,19.0,8.0,1.0,0.125,8.0,1.0,7.0,8.0,1.0,0.125,0.8888888888888888,2041.835,4592.66,0.2811600839440993,201.555,16.0,0.125,8.0,0.125,46.0,2.0,52.875,24,24.0,8,8,8,8,8,376,417,119,0.2253,0.0,0.3893,0.1815,T2,False,none
b6d5cef5-2cf3-4189-add7-081e178e28b7,3.0,0.3333333333333333,3.0,2652.02,884.0066666666667,342.50450074901687,56,0,3.0,1.0,20.0,3.0,1.0,0.3333333333333333,3.0,1.0,9.0,3.0,1.0,0.3333333333333333,0.3333333333333333,884.0066666666667,1233.06,0.46495124471157834,167.97027777777777,8.0,0.0,3.0,0.3333333333333333,41.0,0.0,53.333333333333336,9,9.0,3,3,3,3,3,169,178,75,0.4631,0.0,0.2745,0.1623,T2,False,none
2ea21bdf-34e5-4648-936e-346025357083,7.0,0.7777777777777778,5.0,19458.2,2779.7428571428572,1726.1944486520463,55,1,7.0,1.0,17.0,7.0,1.0,0.14285714285714285,7.0,1.0,9.0,7.0,1.0,0.14285714285714285,0.7777777777777778,2779.7428571428572,4433.68,0.2278566362767368,189.41444444444446,6.0,0.0,7.0,0.14285714285714285,43.0,3.0,54.285714285714285,21,21.0,7,7,7,7,7,315,356,83,0.4146,0.0,0.3286,0.1462,T2,False,none
ba33956c-9fb9-4e5e-8a77-48ed9c9e7f33,3.0,0.3333333333333333,3.0,10134.2,3378.066666666667,1360.4131784988458,53,1,3.0,1.0,20.0,3.0,1.0,0.3333333333333333,3.0,1.0,7.0,3.0,1.0,0.3333333333333333,0.3333333333333333,3378.066666666667,4166.23,0.41110595804306205,129.42194444444445,8.0,0.3333333333333333,3.0,0.3333333333333333,44.0,2.0,26.0,9,9.0,3,3,3,3,3,165,167,119,0.3255,0.0,0.3993,0.1775,T2,False,none
235b6fd1-6812-4192-936f-c6310af41725,0.0,0.0,0.0,0.0,0.0,0.0,63,0,0.0,0.0,0.0,0.0,0.0,0.0,0.0,0.0,0.0,0.0,0.0,0.0,0.0,0.0,0.0,0.0,0.0,0.0,0.0,0.0,0.0,0.0,0.0,0.0,0,0.0,0,0,0,0,0,0,0,1,0.0,0.0,0.0,0.0,T2,False,none
964de035-4764-4a97-9695-af8c30c6ac20,3.0,0.3333333333333333,3.0,5750.99,1916.9966666666667,1669.6410998275448,19,0,3.0,1.0,13.0,3.0,1.0,0.3333333333333333,3.0,1.0,16.0,3.0,1.0,0.3333333333333333,0.3333333333333333,1916.9966666666667,3726.38,0.6479545260902906,97.3536111111111,8.0,0.0,3.0,0.3333333333333333,36.0,3.0,59.0,9,9.0,3,3,3,3,3,156,159,160,0.1969,0.0,0.388,0.2723,T2,False,none
385c4b00-f042-4288-8222-df3592ef8ede,6.0,0.6666666666666666,5.0,17940.29,2990.0483333333336,1524.7121275101956,79,0,6.0,1.0,25.0,6.0,1.0,0.16666666666666666,6.0,1.0,10.0,6.0,1.0,0.16666666666666666,0.6666666666666666,2990.0483333333336,4483.41,0.24990733148683772,214.57222222222222,0.0,0.0,6.0,0.16666666666666666,47.0,3.0,64.83333333333333,18,18.0,6,6,6,6,6,296,339,80,0.4937,0.0,0.285,0.1235,T2,False,none
612d7a64-5a07-4148-9071-079a4bf583be,4.0,0.4444444444444444,4.0,14171.849999999999,3542.9624999999996,896.9934619001784,48,1,4.0,1.0,15.0,4.0,1.0,0.25,4.0,1.0,11.0,4.0,1.0,0.25,0.4444444444444444,3542.9624999999996,4411.26,0.3112691709268727,162.50805555555556,1.0,0.0,4.0,0.25,41.0,0.0,37.75,12,12.0,4,4,4,4,4,213,218,210,0.1869,0.0,0.5526,0.3216,T2,False,none
48352e4e-b229-47fa-876c-0f64a98f29aa,3.0,0.3333333333333333,3.0,7070.08,2356.693333333333,233.1343306622456,74,0,3.0,1.0,14.0,3.0,1.0,0.3333333333333333,3.0,1.0,7.0,3.0,1.0,0.3333333333333333,0.3333333333333333,2356.693333333333,2583.7,0.3654414094324251,121.7825,10.0,0.3333333333333333,2.0,0.6666666666666666,35.0,0.0,27.333333333333332,8,9.0,3,3,2,3,3,110,113,160,0.1969,0.0,0.388,0.2723,T2,False,none
ae19c256-743c-450f-9739-8d123992cbda,4.0,0.4444444444444444,4.0,16000.17,4000.0425,1455.5522457215338,81,0,4.0,1.0,23.0,4.0,1.0,0.25,4.0,1.0,12.0,4.0,1.0,0.25,0.4444444444444444,4000.0425,4864.68,0.3040392695827607,188.2061111111111,7.0,0.25,4.0,0.25,36.0,1.0,64.25,12,12.0,4,4,4,4,4,206,219,210,0.1869,0.0,0.5526,0.3216,T2,False,none
2d17c720-046f-41b7-87d5-b7a8a5a79d3c,3.0,0.3333333333333333,3.0,5861.09,1953.6966666666667,1095.0536089769,28,0,3.0,1.0,17.0,3.0,1.0,0.3333333333333333,3.0,1.0,13.0,3.0,1.0,0.3333333333333333,0.3333333333333333,1953.6966666666667,3152.11,0.5378026954030735,211.6213888888889,4.0,0.0,3.0,0.3333333333333333,42.0,0.0,34.666666666666664,9,9.0,3,3,3,3,3,161,171,157,0.2333,0.0,0.3976,0.2695,T2,False,none
f57d4770-f7f3-4149-b11e-8e91eec0fd84,6.0,0.6666666666666666,4.0,10269.44,1711.5733333333335,1040.2317830304296,28,1,6.0,1.0,22.0,6.0,1.0,0.16666666666666666,6.0,1.0,10.0,6.0,1.0,0.16666666666666666,0.6666666666666666,1711.5733333333335,3372.23,0.3283752570734139,151.43444444444444,1.0,0.3333333333333333,6.0,0.16666666666666666,37.0,0.0,40.333333333333336,18,18.0,6,6,6,6,6,286,319,210,0.1869,0.0,0.5526,0.3216,T2,False,none
2633902d-0b6e-4b13-95a9-174e449807dc,4.0,0.4444444444444444,4.0,10399.210000000001,2599.8025000000002,1487.9267102106655,65,0,4.0,1.0,19.0,4.0,1.0,0.25,4.0,1.0,8.0,4.0,1.0,0.25,0.4444444444444444,2599.8025000000002,4436.25,0.42659490480526885,125.84555555555555,1.0,0.25,4.0,0.25,33.0,0.0,40.0,12,12.0,4,4,4,4,4,185,192,112,0.2905,0.0,0.3574,0.1777,T2,False,none
633ae10b-e62e-49c7-861a-ecef28a4f636,0.0,0.0,0.0,0.0,0.0,0.0,36,0,0.0,0.0,0.0,0.0,0.0,0.0,0.0,0.0,0.0,0.0,0.0,0.0,0.0,0.0,0.0,0.0,0.0,0.0,0.0,0.0,0.0,0.0,0.0,0.0,0,0.0,0,0,0,0,0,0,0,1,0.0,0.0,0.0,0.0,T2,False,none
6d03c560-8fca-4084-959b-94e181881109,7.0,0.7777777777777778,4.0,16593.49,2370.4985714285717,1252.2918792016044,70,1,7.0,1.0,21.0,7.0,1.0,0.14285714285714285,7.0,1.0,11.0,7.0,1.0,0.14285714285714285,0.7777777777777778,2370.4985714285717,3821.62,0.23030839202602946,111.4725,0.0,0.2857142857142857,7.0,0.14285714285714285,46.0,3.0,60.42857142857143,21,21.0,7,7,7,7,7,379,422,119,0.3255,0.0,0.3993,0.1775,T2,False,none
17f19004-0dc5-408b-9c69-16017a617f45,6.0,0.6666666666666666,4.0,14692.7,2448.7833333333333,1339.4961460887698,45,1,6.0,1.0,18.0,6.0,1.0,0.16666666666666666,6.0,1.0,10.0,6.0,1.0,0.16666666666666666,0.6666666666666666,2448.7833333333333,4342.76,0.2955726313067033,201.4897222222222,0.0,0.0,6.0,0.16666666666666666,38.0,0.0,35.333333333333336,18,18.0,6,6,6,6,6,282,310,112,0.2905,0.0,0.3574,0.1777,T2,False,none
8cbae91c-9a12-4e62-a4c2-24e42e1d6b0e,3.0,0.3333333333333333,3.0,8197.33,2732.443333333333,807.4870937874692,76,0,3.0,1.0,22.0,3.0,1.0,0.3333333333333333,3.0,1.0,14.0,3.0,1.0,0.3333333333333333,0.3333333333333333,2732.443333333333,3618.48,0.4414217800186158,114.38222222222223,12.0,0.3333333333333333,3.0,0.3333333333333333,36.0,2.0,67.0,9,9.0,3,3,3,3,3,169,174,136,0.2576,0.0,0.4342,0.2507,T2,False,none
a1e77020-d88b-4d3a-bc5a-1a327f6e35da,7.0,0.7777777777777778,5.0,15600.130000000001,2228.59,1183.571977264867,51,1,7.0,1.0,17.0,7.0,1.0,0.14285714285714285,7.0,1.0,10.0,7.0,1.0,0.14285714285714285,0.7777777777777778,2228.59,3865.37,0.2477780633879333,218.0963888888889,0.0,0.0,7.0,0.14285714285714285,46.0,0.0,38.857142857142854,21,21.0,7,7,7,7,7,332,363,119,0.2253,0.0,0.3893,0.1815,T2,False,none
a1fcaf11-38de-4c6b-a19d-c2f241155d53,3.0,0.3333333333333333,3.0,3519.8,1173.2666666666667,897.5806514365901,84,0,3.0,1.0,15.0,3.0,1.0,0.3333333333333333,3.0,1.0,9.0,3.0,1.0,0.3333333333333333,0.3333333333333333,1173.2666666666667,2165.05,0.6151059719302233,162.64111111111112,3.0,0.3333333333333333,3.0,0.3333333333333333,37.0,0.0,83.0,9,9.0,3,3,3,3,3,142,145,80,0.4937,0.0,0.285,0.1235,T2,False,none
f112dfa6-a628-47bd-8182-bc7eb6fcb75e,4.0,0.4444444444444444,3.0,10229.55,2557.3875,1236.878646981317,37,0,4.0,1.0,16.0,4.0,1.0,0.25,3.0,1.3333333333333333,12.0,3.0,1.0,0.5,0.4444444444444444,2557.3875,3993.71,0.3904091577830892,143.17166666666665,13.0,0.5,4.0,0.25,36.0,0.0,59.5,11,12.0,4,3,4,4,3,181,191,119,0.3255,0.0,0.3993,0.1775,T2,False,none
65a6b14a-ccd3-4c9c-94bb-e0069a2caf79,6.0,0.6666666666666666,6.0,16824.86,2804.1433333333334,1266.7250740814545,14,1,6.0,1.0,17.0,6.0,1.0,0.16666666666666666,6.0,1.0,9.0,6.0,1.0,0.16666666666666666,0.6666666666666666,2804.1433333333334,4748.7,0.28224306175504577,155.66361111111112,8.0,0.3333333333333333,6.0,0.16666666666666666,37.0,0.0,35.833333333333336,18,18.0,6,6,6,6,6,288,320,112,0.2905,0.0,0.3574,0.1777,T2,False,none
f201c5d6-9db5-4085-bf57-65d32d38b4b3,7.0,0.7777777777777778,5.0,18624.44,2660.6342857142854,1412.4665896090798,21,0,7.0,1.0,19.0,7.0,1.0,0.14285714285714285,7.0,1.0,11.0,7.0,1.0,0.14285714285714285,0.7777777777777778,2660.6342857142854,4648.5,0.24959139711046346,182.7697222222222,22.0,0.5714285714285714,7.0,0.14285714285714285,43.0,1.0,56.142857142857146,21,21.0,7,7,7,7,7,298,326,160,0.1969,0.0,0.388,0.2723,T2,False,none
4a3a789d-8597-4ee0-a5bf-e9b51722c343,5.0,0.5555555555555556,4.0,9979.68,1995.9360000000001,1335.7234977831301,98,1,5.0,1.0,19.0,5.0,1.0,0.2,5.0,1.0,9.0,5.0,1.0,0.2,0.5555555555555556,1995.9360000000001,3612.02,0.36193745691244605,215.84972222222223,19.0,0.2,5.0,0.2,42.0,0.0,62.4,15,15.0,5,5,5,5,5,239,251,157,0.2333,0.0,0.3976,0.2695,T2,False,none
26981a40-3ab7-4263-838e-58263d7892cc,6.0,0.6666666666666666,6.0,15679.710000000001,2613.2850000000003,1721.6987034757271,50,0,6.0,1.0,17.0,6.0,1.0,0.16666666666666666,5.0,1.2,10.0,5.0,1.0,0.3333333333333333,0.6666666666666666,2613.2850000000003,4388.27,0.27986933431804545,192.12694444444443,5.0,0.16666666666666666,6.0,0.16666666666666666,42.0,0.0,54.0,17,18.0,6,5,6,6,5,268,300,69,0.4288,0.0,0.2614,0.1292,T2,False,none
0bce87f1-e384-4e6c-a2bb-fba3454e48d1,3.0,0.3333333333333333,3.0,6845.39,2281.7966666666666,1408.6944546754396,15,1,3.0,1.0,22.0,3.0,1.0,0.3333333333333333,3.0,1.0,14.0,3.0,1.0,0.3333333333333333,0.3333333333333333,2281.7966666666666,3884.26,0.5674271297909981,102.71166666666667,11.0,0.3333333333333333,3.0,0.3333333333333333,39.0,1.0,74.66666666666667,9,9.0,3,3,3,3,3,181,192,119,0.3255,0.0,0.3993,0.1775,T2,False,none
f0a43f90-a956-462f-b0d5-5813cfd65f93,5.0,0.5555555555555556,5.0,10961.199999999999,2192.24,2272.0418014970587,52,1,5.0,1.0,17.0,5.0,1.0,0.2,5.0,1.0,13.0,5.0,1.0,0.2,0.5555555555555556,2192.24,4991.74,0.4554008685180455,205.85583333333332,8.0,0.2,5.0,0.2,37.0,2.0,54.2,15,15.0,5,5,5,5,5,233,247,210,0.1869,0.0,0.5526,0.3216,T2,False,none
c2b42939-0199-4919-b040-84787a5cc842,0.0,0.0,0.0,0.0,0.0,0.0,66,0,0.0,0.0,0.0,0.0,0.0,0.0,0.0,0.0,0.0,0.0,0.0,0.0,0.0,0.0,0.0,0.0,0.0,0.0,0.0,0.0,0.0,0.0,0.0,0.0,0,0.0,0,0,0,0,0,0,0,1,0.0,0.0,0.0,0.0,T2,False,none
09675970-accb-4352-8451-20a66a1a4c38,5.0,0.5555555555555556,4.0,10145.83,2029.166,1620.9007851438655,10,0,5.0,1.0,17.0,5.0,1.0,0.2,5.0,1.0,9.0,5.0,1.0,0.2,0.5555555555555556,2029.166,4065.65,0.40072128155113973,207.54861111111111,0.0,0.2,5.0,0.2,42.0,3.0,82.8,15,15.0,5,5,5,5,5,240,257,119,0.2635,0.0,0.3946,0.1939,T2,False,none
76cd35c7-be95-4b26-ad45-ddd2a881eab3,5.0,0.5555555555555556,4.0,11787.76,2357.552,1453.982623716666,24,1,5.0,1.0,17.0,5.0,1.0,0.2,5.0,1.0,11.0,5.0,1.0,0.2,0.5555555555555556,2357.552,3956.71,0.3356625855972636,119.48777777777778,1.0,0.0,5.0,0.2,36.0,0.0,60.2,15,15.0,5,5,5,5,5,232,244,211,0.1668,0.0,0.5966,0.3124,T2,False,none
c7069ba3-c576-4394-866f-8589847d3acf,8.0,0.8888888888888888,6.0,27204.55,3400.56875,1279.5402750255653,87,1,8.0,1.0,21.0,8.0,1.0,0.125,8.0,1.0,11.0,8.0,1.0,0.125,0.8888888888888888,3400.56875,4978.98,0.18302011979613703,228.91916666666665,0.0,0.375,8.0,0.125,42.0,1.0,53.875,24,24.0,8,8,8,8,8,385,436,119,0.2635,0.0,0.3946,0.1939,T2,False,none
318db7f7-5f9b-4095-9321-79f87919d4bc,3.0,0.3333333333333333,3.0,11134.210000000001,3711.4033333333336,1094.1321996145318,15,0,3.0,1.0,22.0,3.0,1.0,0.3333333333333333,3.0,1.0,10.0,3.0,1.0,0.3333333333333333,0.3333333333333333,3711.4033333333336,4955.27,0.4450490874520958,120.52,23.0,0.3333333333333333,3.0,0.3333333333333333,35.0,1.0,76.33333333333333,9,9.0,3,3,3,3,3,150,152,119,0.3255,0.0,0.3993,0.1775,T2,False,none
f44718bd-446a-4c2f-8f72-2204526149e2,2.0,0.2222222222222222,2.0,1778.59,889.295,212.5068009499931,64,1,2.0,1.0,15.0,2.0,1.0,0.5,2.0,1.0,6.0,2.0,1.0,0.5,0.2222222222222222,889.295,1039.56,0.5844854632039986,122.265,5.0,0.5,2.0,0.5,33.0,2.0,31.0,6,6.0,2,2,2,2,2,95,98,160,0.1969,0.0,0.388,0.2723,T2,False,none
a82d6447-847f-4d2f-9179-cbe85e16cb5c,3.0,0.3333333333333333,2.0,2687.14,895.7133333333333,750.0162942452206,61,0,3.0,1.0,18.0,3.0,1.0,0.3333333333333333,3.0,1.0,8.0,3.0,1.0,0.3333333333333333,0.3333333333333333,895.7133333333333,1757.01,0.6538587494510892,116.92222222222222,5.0,0.0,3.0,0.3333333333333333,43.0,1.0,26.666666666666668,9,9.0,3,3,3,3,3,154,160,80,0.4259,0.0,0.2617,0.1285,T2,False,none
afd404da-bb4f-4a78-bce7-92c9936ac13a,5.0,0.5555555555555556,4.0,9998.99,1999.798,1340.6782571407655,20,0,5.0,1.0,25.0,5.0,1.0,0.2,5.0,1.0,11.0,5.0,1.0,0.2,0.5555555555555556,1999.798,3348.42,0.3348758224580683,195.30138888888888,0.0,0.0,5.0,0.2,40.0,1.0,34.4,15,15.0,5,5,5,5,5,252,276,124,0.2408,0.0806,0.3579,0.2431,T2,False,none
c8c54968-4f78-47dd-841a-7b8e93445173,5.0,0.5555555555555556,4.0,15476.86,3095.3720000000003,1828.3550551438307,52,1,5.0,1.0,13.0,5.0,1.0,0.2,5.0,1.0,9.0,5.0,1.0,0.2,0.5555555555555556,3095.3720000000003,4851.66,0.3134783153688797,191.5263888888889,1.0,0.2,5.0,0.2,44.0,0.0,59.0,15,15.0,5,5,5,5,5,242,254,136,0.2576,0.0,0.4342,0.2507,T2,False,none
83769937-3e9c-44ad-a76f-8989140f5892,1.0,0.1111111111111111,1.0,1260.54,1260.54,0.0,39,1,1.0,1.0,13.0,1.0,1.0,1.0,1.0,1.0,6.0,1.0,1.0,1.0,0.1111111111111111,1260.54,1260.54,1.0,0.0,9.0,0.0,1.0,1.0,34.0,0.0,62.0,3,3.0,1,1,1,1,1,50,50,119,0.3255,0.0,0.3993,0.1775,T2,False,none
48aa6aa9-c38b-4b93-a420-bfc5710137c4,6.0,0.6666666666666666,5.0,14474.369999999999,2412.395,1356.7180481699208,54,1,6.0,1.0,19.0,6.0,1.0,0.16666666666666666,6.0,1.0,7.0,6.0,1.0,0.16666666666666666,0.6666666666666666,2412.395,3982.69,0.27515463540036633,226.83138888888888,22.0,0.16666666666666666,6.0,0.16666666666666666,44.0,1.0,50.333333333333336,18,18.0,6,6,6,6,6,301,324,119,0.3255,0.0,0.3993,0.1775,T2,False,none
1cc951fd-2474-4d37-8f7a-655a86157542,3.0,0.3333333333333333,2.0,6469.299999999999,2156.433333333333,1327.2834195579078,64,0,3.0,1.0,18.0,3.0,1.0,0.3333333333333333,3.0,1.0,8.0,3.0,1.0,0.3333333333333333,0.3333333333333333,2156.433333333333,3509.65,0.5425084630485525,25.684722222222224,12.0,0.0,3.0,0.3333333333333333,44.0,3.0,57.666666666666664,9,9.0,3,3,3,3,3,168,182,136,0.2576,0.0,0.4342,0.2507,T2,False,none
4879d189-fa44-4164-a76e-29495d13c4bf,3.0,0.3333333333333333,2.0,6584.2,2194.733333333333,482.9682849145824,19,1,3.0,1.0,18.0,3.0,1.0,0.3333333333333333,3.0,1.0,12.0,3.0,1.0,0.3333333333333333,0.3333333333333333,2194.733333333333,2495.68,0.37904073387807174,60.84361111111111,8.0,0.3333333333333333,3.0,0.3333333333333333,44.0,3.0,35.0,9,9.0,3,3,3,3,3,181,192,124,0.2408,0.0806,0.3579,0.2431,T2,False,none
d631478d-baba-45b9-a2f5-2f826b6fb1d3,6.0,0.6666666666666666,6.0,16919.6,2819.933333333333,1176.2848076153439,21,0,6.0,1.0,22.0,6.0,1.0,0.16666666666666666,6.0,1.0,7.0,6.0,1.0,0.16666666666666666,0.6666666666666666,2819.933333333333,4277.09,0.2527890730277312,188.7,3.0,0.16666666666666666,6.0,0.16666666666666666,36.0,2.0,52.166666666666664,18,18.0,6,6,6,6,6,282,311,211,0.1668,0.0,0.5966,0.3124,T2,False,none
7171f748-db07-417d-9ee4-5a5acec6ef50,1.0,0.1111111111111111,1.0,2811.29,2811.29,0.0,34,0,1.0,1.0,12.0,1.0,1.0,1.0,1.0,1.0,5.0,1.0,1.0,1.0,0.1111111111111111,2811.29,2811.29,1.0,0.0,14.0,0.0,1.0,1.0,39.0,1.0,73.0,3,3.0,1,1,1,1,1,51,53,112,0.2905,0.0,0.3574,0.1777,T2,False,none
c7a4d53d-11a0-4f55-8626-6d28b0b57337,1.0,0.1111111111111111,1.0,4589.57,4589.57,0.0,35,0,1.0,1.0,16.0,1.0,1.0,1.0,1.0,1.0,6.0,1.0,1.0,1.0,0.1111111111111111,4589.57,4589.57,1.0,0.0,4.0,1.0,1.0,1.0,43.0,1.0,38.0,3,3.0,1,1,1,1,1,62,62,80,0.4259,0.0,0.2617,0.1285,T2,False,none
1c4ae8e6-b545-42a2-a5bb-77737e500b4d,3.0,0.3333333333333333,3.0,13989.560000000001,4663.186666666667,113.7926712637211,92,0,3.0,1.0,17.0,3.0,1.0,0.3333333333333333,3.0,1.0,13.0,3.0,1.0,0.3333333333333333,0.3333333333333333,4663.186666666667,4772.7,0.3411615519001312,162.38194444444446,7.0,0.3333333333333333,3.0,0.3333333333333333,44.0,0.0,38.666666666666664,9,9.0,3,3,3,3,3,163,176,75,0.4631,0.0,0.2745,0.1623,T2,False,none
298ed0d6-7684-4a3c-ad3e-49192259b3b1,3.0,0.3333333333333333,3.0,4822.76,1607.5866666666668,869.7097006089638,17,0,3.0,1.0,21.0,3.0,1.0,0.3333333333333333,3.0,1.0,9.0,3.0,1.0,0.3333333333333333,0.3333333333333333,1607.5866666666668,2610.02,0.5411880334082558,98.34944444444444,7.0,0.3333333333333333,3.0,0.3333333333333333,44.0,3.0,88.0,9,9.0,3,3,3,3,3,163,168,136,0.2576,0.0,0.4342,0.2507,T2,False,none
4df05701-b5c5-462c-ae14-e656e9d1d113,4.0,0.4444444444444444,3.0,8128.79,2032.1975,1359.9548298718112,85,1,4.0,1.0,19.0,4.0,1.0,0.25,4.0,1.0,9.0,4.0,1.0,0.25,0.4444444444444444,2032.1975,3159.53,0.38868392466775503,115.12805555555556,4.0,0.5,4.0,0.25,46.0,3.0,50.75,12,12.0,4,4,4,4,4,198,214,80,0.4259,0.0,0.2617,0.1285,T2,False,none
01430a90-b8fd-44c3-ae61-f569ef410e84,4.0,0.4444444444444444,4.0,4600.55,1150.1375,1054.6454847443601,47,0,4.0,1.0,21.0,4.0,1.0,0.25,4.0,1.0,9.0,4.0,1.0,0.25,0.4444444444444444,1150.1375,2689.85,0.5846800925976241,199.78416666666666,0.0,0.0,4.0,0.25,38.0,2.0,75.5,12,12.0,4,4,4,4,4,208,215,80,0.4937,0.0,0.285,0.1235,T2,False,none
1277c0d6-56e8-4c15-abde-d41c7737d217,2.0,0.2222222222222222,2.0,6684.0599999999995,3342.0299999999997,1406.4919563225378,69,0,2.0,1.0,18.0,2.0,1.0,0.5,2.0,1.0,12.0,2.0,1.0,0.5,0.2222222222222222,3342.0299999999997,4336.57,0.6487927995858804,49.67194444444444,13.0,0.5,2.0,0.5,33.0,1.0,63.5,6,6.0,2,2,2,2,2,102,106,136,0.2576,0.0,0.4342,0.2507,T2,False,none
85c858bc-2c86-4109-a81d-e5437c9b125f,3.0,0.3333333333333333,3.0,12874.62,4291.54,692.893964687238,16,0,3.0,1.0,19.0,3.0,1.0,0.3333333333333333,3.0,1.0,5.0,3.0,1.0,0.3333333333333333,0.3333333333333333,4291.54,4820.95,0.3744537702860356,111.61111111111111,3.0,0.3333333333333333,3.0,0.3333333333333333,41.0,1.0,60.333333333333336,9,9.0,3,3,3,3,3,156,162,211,0.1668,0.0,0.5966,0.3124,T2,False,none
1e50a422-93b7-43d4-ad5f-3419be13d1b4,1.0,0.1111111111111111,1.0,3474.01,3474.01,0.0,14,0,1.0,1.0,8.0,1.0,1.0,1.0,1.0,1.0,6.0,1.0,1.0,1.0,0.1111111111111111,3474.01,3474.01,1.0,0.0,18.0,0.0,1.0,1.0,31.0,2.0,52.0,3,3.0,1,1,1,1,1,42,42,119,0.2635,0.0,0.3946,0.1939,T2,False,none
476a24d4-8bfe-4334-80fe-94ab2a633da5,2.0,0.2222222222222222,2.0,5159.83,2579.915,3058.7247323108368,76,1,2.0,1.0,19.0,2.0,1.0,0.5,2.0,1.0,7.0,2.0,1.0,0.5,0.2222222222222222,2579.915,4742.76,0.9191698176102702,30.903055555555557,2.0,0.0,2.0,0.5,42.0,0.0,34.5,6,6.0,2,2,2,2,2,112,113,69,0.4288,0.0,0.2614,0.1292,T2,False,none
efa9e8cd-42fe-4a4b-bee7-25f43e0931bc,1.0,0.1111111111111111,1.0,3783.97,3783.97,0.0,72,0,1.0,1.0,11.0,1.0,1.0,1.0,1.0,1.0,6.0,1.0,1.0,1.0,0.1111111111111111,3783.97,3783.97,1.0,0.0,13.0,0.0,1.0,1.0,29.0,2.0,15.0,3,3.0,1,1,1,1,1,43,43,124,0.2408,0.0806,0.3579,0.2431,T2,False,none
4b546a02-096a-4818-80ab-01481b0f5473,3.0,0.3333333333333333,3.0,9598.08,3199.36,1909.9296564795259,26,0,3.0,1.0,16.0,3.0,1.0,0.3333333333333333,3.0,1.0,13.0,3.0,1.0,0.3333333333333333,0.3333333333333333,3199.36,4951.13,0.5158458775088351,193.35888888888888,2.0,0.0,3.0,0.3333333333333333,37.0,3.0,70.0,9,9.0,3,3,3,3,3,155,159,119,0.2253,0.0,0.3893,0.1815,T2,False,none
279bd72a-c093-425a-ab5f-283f60d39efd,4.0,0.4444444444444444,4.0,8256.99,2064.2475,1864.5633039646755,28,1,4.0,1.0,18.0,4.0,1.0,0.25,4.0,1.0,10.0,4.0,1.0,0.25,0.4444444444444444,2064.2475,3813.5,0.461851110392528,109.07472222222222,3.0,0.5,4.0,0.25,37.0,0.0,73.0,12,12.0,4,4,4,4,4,186,197,211,0.1668,0.0,0.5966,0.3124,T2,False,none
30dfd381-f990-4d69-a809-165fd42e4ecc,4.0,0.4444444444444444,4.0,12516.61,3129.1525,1911.5128418153513,57,1,4.0,1.0,18.0,4.0,1.0,0.25,4.0,1.0,12.0,4.0,1.0,0.25,0.4444444444444444,3129.1525,4375.97,0.3496130342001548,155.82194444444445,0.0,0.0,4.0,0.25,37.0,0.0,48.25,12,12.0,4,4,4,4,4,209,218,210,0.1869,0.0,0.5526,0.3216,T2,False,none
f1040c83-2448-469b-ab35-2809fb6ed44a,2.0,0.2222222222222222,2.0,8390.67,4195.335,978.048886533797,22,0,2.0,1.0,17.0,2.0,1.0,0.5,2.0,1.0,10.0,2.0,1.0,0.5,0.2222222222222222,4195.335,4886.92,0.5824230961293914,31.883333333333333,15.0,0.5,2.0,0.5,32.0,0.0,49.5,6,6.0,2,2,2,2,2,99,100,160,0.1969,0.0,0.388,0.2723,T2,False,none
7496dedb-89ac-4675-9adf-449d44ab4469,3.0,0.3333333333333333,3.0,8210.05,2736.683333333333,2156.42378083097,50,0,3.0,1.0,18.0,3.0,1.0,0.3333333333333333,3.0,1.0,13.0,3.0,1.0,0.3333333333333333,0.3333333333333333,2736.683333333333,4330.01,0.5274036089914191,169.30583333333334,18.0,0.0,3.0,0.3333333333333333,41.0,3.0,48.666666666666664,9,9.0,3,3,3,3,3,155,165,124,0.2408,0.0806,0.3579,0.2431,T2,False,none
366306cd-b059-4f82-b178-1f7ba7c6f0a7,4.0,0.4444444444444444,4.0,9857.35,2464.3375,1016.5773369621222,74,0,4.0,1.0,18.0,4.0,1.0,0.25,4.0,1.0,8.0,4.0,1.0,0.25,0.4444444444444444,2464.3375,3875.76,0.39318478089953185,101.22277777777778,18.0,0.25,4.0,0.25,37.0,0.0,58.0,12,12.0,4,4,4,4,4,176,186,75,0.4631,0.0,0.2745,0.1623,T2,False,none
0b693767-5d0e-4edd-b0f2-3f5fdfd52edd,5.0,0.5555555555555556,5.0,17107.95,3421.59,1061.8198678919132,24,1,5.0,1.0,20.0,5.0,1.0,0.2,5.0,1.0,7.0,5.0,1.0,0.2,0.5555555555555556,3421.59,4898.87,0.28635049786795025,159.77416666666667,9.0,0.2,5.0,0.2,40.0,0.0,61.2,15,15.0,5,5,5,5,5,215,225,136,0.2576,0.0,0.4342,0.2507,T2,False,none
f00f9ade-3106-4c71-8c52-09be4d391041,0.0,0.0,0.0,0.0,0.0,0.0,42,1,0.0,0.0,0.0,0.0,0.0,0.0,0.0,0.0,0.0,0.0,0.0,0.0,0.0,0.0,0.0,0.0,0.0,0.0,0.0,0.0,0.0,0.0,0.0,0.0,0,0.0,0,0,0,0,0,0,0,1,0.0,0.0,0.0,0.0,T2,False,none
727212b4-9ec0-4556-93fb-911bf17ee88a,1.0,0.1111111111111111,1.0,4466.36,4466.36,0.0,73,1,1.0,1.0,14.0,1.0,1.0,1.0,1.0,1.0,5.0,1.0,1.0,1.0,0.1111111111111111,4466.36,4466.36,1.0,0.0,1.0,0.0,1.0,1.0,25.0,0.0,68.0,3,3.0,1,1,1,1,1,41,41,80,0.3873,0.0,0.2639,0.1532,T2,False,none
8c5963be-d476-4a06-be83-f5c833f63c5f,3.0,0.3333333333333333,3.0,7079.34,2359.78,1768.485126852923,59,1,3.0,1.0,18.0,3.0,1.0,0.3333333333333333,3.0,1.0,10.0,3.0,1.0,0.3333333333333333,0.3333333333333333,2359.78,4383.0,0.6191255117002432,148.20805555555555,2.0,0.0,3.0,0.3333333333333333,43.0,3.0,42.0,9,9.0,3,3,3,3,3,138,142,160,0.1969,0.0,0.388,0.2723,T2,False,none
039e3f0f-bf89-44fc-9c60-a9bf961d6426,2.0,0.2222222222222222,2.0,3823.5499999999997,1911.7749999999999,2057.843367812526,80,0,2.0,1.0,15.0,2.0,1.0,0.5,2.0,1.0,6.0,2.0,1.0,0.5,0.2222222222222222,1911.7749999999999,3366.89,0.8805664892573656,105.68111111111111,4.0,0.0,2.0,0.5,40.0,0.0,32.0,6,6.0,2,2,2,2,2,94,94,124,0.2408,0.0806,0.3579,0.2431,T2,False,none
02d6fcbd-fc9a-48d0-b4f0-6298ca4c9c8e,5.0,0.5555555555555556,5.0,12792.18,2558.436,1604.8749739247603,96,1,5.0,1.0,17.0,5.0,1.0,0.2,5.0,1.0,15.0,5.0,1.0,0.2,0.5555555555555556,2558.436,4294.54,0.3357160390175873,189.77583333333334,1.0,0.0,5.0,0.2,41.0,0.0,66.8,15,15.0,5,5,5,5,5,252,267,211,0.1668,0.0,0.5966,0.3124,T2,False,none
009662a1-e80e-4432-9e59-b1cf54bd981e,3.0,0.3333333333333333,3.0,5295.2,1765.0666666666666,2655.339896441383,80,1,3.0,1.0,17.0,3.0,1.0,0.3333333333333333,3.0,1.0,8.0,3.0,1.0,0.3333333333333333,0.3333333333333333,1765.0666666666666,4829.51,0.9120543133403838,125.86333333333333,5.0,0.3333333333333333,3.0,0.3333333333333333,40.0,3.0,68.66666666666667,9,9.0,3,3,3,3,3,148,155,157,0.2333,0.0,0.3976,0.2695,T2,False,none
e507ae74-1200-472a-8584-240414c48bed,3.0,0.3333333333333333,2.0,9987.869999999999,3329.2899999999995,481.55820717749185,93,0,3.0,1.0,20.0,3.0,1.0,0.3333333333333333,3.0,1.0,9.0,3.0,1.0,0.3333333333333333,0.3333333333333333,3329.2899999999995,3842.86,0.3847527050312029,178.59722222222223,14.0,0.0,3.0,0.3333333333333333,42.0,0.0,58.0,9,9.0,3,3,3,3,3,158,164,69,0.4288,0.0,0.2614,0.1292,T2,False,none
7058c674-4a14-426b-854f-14910439fb52,3.0,0.3333333333333333,3.0,5869.65,1956.55,1502.1957998543332,34,1,3.0,1.0,16.0,3.0,1.0,0.3333333333333333,3.0,1.0,11.0,3.0,1.0,0.3333333333333333,0.3333333333333333,1956.55,3556.56,0.6059236922133348,61.50861111111111,7.0,0.0,3.0,0.3333333333333333,34.0,0.0,59.666666666666664,9,9.0,3,3,3,3,3,140,149,119,0.3255,0.0,0.3993,0.1775,T2,False,none
50bbcee2-3b67-4217-b272-7185de582f63,3.0,0.3333333333333333,3.0,8570.49,2856.83,1560.747322054406,17,1,3.0,1.0,16.0,3.0,1.0,0.3333333333333333,3.0,1.0,9.0,3.0,1.0,0.3333333333333333,0.3333333333333333,2856.83,3900.44,0.45510116691111013,130.5913888888889,3.0,0.3333333333333333,3.0,0.3333333333333333,38.0,1.0,50.0,9,9.0,3,3,3,3,3,159,161,80,0.3873,0.0,0.2639,0.1532,T2,False,none
e7ba70d7-dd54-413c-b96e-b0cedf9bd951,6.0,0.6666666666666666,5.0,11075.27,1845.8783333333333,1798.2251727791677,28,0,6.0,1.0,20.0,6.0,1.0,0.16666666666666666,6.0,1.0,15.0,6.0,1.0,0.16666666666666666,0.6666666666666666,1845.8783333333333,4446.6,0.4014890833361173,113.2025,1.0,0.3333333333333333,6.0,0.16666666666666666,46.0,3.0,25.166666666666668,18,18.0,6,6,6,6,6,308,345,80,0.4259,0.0,0.2617,0.1285,T2,False,none
e19b649d-930e-4a6e-8e55-afa421d7fc75,3.0,0.3333333333333333,2.0,3512.67,1170.89,975.246954724802,95,0,3.0,1.0,23.0,3.0,1.0,0.3333333333333333,3.0,1.0,9.0,3.0,1.0,0.3333333333333333,0.3333333333333333,1170.89,2280.58,0.6492440223533665,14.537777777777778,8.0,0.0,3.0,0.3333333333333333,37.0,0.0,37.0,9,9.0,3,3,3,3,3,155,163,160,0.1969,0.0,0.388,0.2723,T2,False,none
0aa97f47-84a9-4af4-928a-b1b89733c425,8.0,0.8888888888888888,5.0,17823.89,2227.98625,1635.23449469957,51,1,8.0,1.0,25.0,8.0,1.0,0.125,8.0,1.0,12.0,8.0,1.0,0.125,0.8888888888888888,2227.98625,4752.75,0.2666505459807034,176.43194444444444,19.0,0.25,8.0,0.125,46.0,0.0,52.75,24,24.0,8,8,8,8,8,355,400,80,0.4259,0.0,0.2617,0.1285,T2,False,none
fe2c6744-1e3f-426c-883b-49b2ca04bd82,4.0,0.4444444444444444,4.0,12191.65,3047.9125,1363.4529362950766,96,1,4.0,1.0,20.0,4.0,1.0,0.25,4.0,1.0,8.0,4.0,1.0,0.25,0.4444444444444444,3047.9125,4575.7,0.37531425196753515,160.2686111111111,2.0,0.25,4.0,0.25,44.0,3.0,44.0,12,12.0,4,4,4,4,4,216,234,119,0.2635,0.0,0.3946,0.1939,T2,False,none
73cb63a3-253c-4e77-af01-5ab6f0e15d31,1.0,0.1111111111111111,1.0,2561.27,2561.27,0.0,47,1,1.0,1.0,15.0,1.0,1.0,1.0,1.0,1.0,10.0,1.0,1.0,1.0,0.1111111111111111,2561.27,2561.27,1.0,0.0,10.0,0.0,1.0,1.0,42.0,0.0,22.0,3,3.0,1,1,1,1,1,64,64,157,0.2333,0.0,0.3976,0.2695,T2,False,none
2a15594b-91a7-477a-8de4-743e4d55924f,4.0,0.4444444444444444,4.0,5016.5599999999995,1254.1399999999999,769.3574737402633,72,1,4.0,1.0,14.0,4.0,1.0,0.25,4.0,1.0,13.0,4.0,1.0,0.25,0.4444444444444444,1254.1399999999999,1946.8,0.3880746966048448,187.37555555555556,6.0,0.0,4.0,0.25,40.0,0.0,62.5,12,12.0,4,4,4,4,4,192,204,136,0.2576,0.0,0.4342,0.2507,T2,False,none
00352434-f97f-465a-9196-b8cca471e99c,6.0,0.6666666666666666,5.0,16740.61,2790.101666666667,1463.2925987158774,95,0,6.0,1.0,16.0,6.0,1.0,0.16666666666666666,6.0,1.0,10.0,6.0,1.0,0.16666666666666666,0.6666666666666666,2790.101666666667,4362.15,0.26057294208514503,225.4125,5.0,0.0,6.0,0.16666666666666666,44.0,3.0,69.66666666666667,18,18.0,6,6,6,6,6,297,326,136,0.2576,0.0,0.4342,0.2507,T2,False,none
a1c25086-7df2-40f5-b055-9ae9b731b2c0,1.0,0.1111111111111111,1.0,3211.71,3211.71,0.0,27,0,1.0,1.0,22.0,1.0,1.0,1.0,1.0,1.0,9.0,1.0,1.0,1.0,0.1111111111111111,3211.71,3211.71,1.0,0.0,21.0,0.0,1.0,1.0,44.0,3.0,98.0,3,3.0,1,1,1,1,1,70,72,136,0.2576,0.0,0.4342,0.2507,T2,False,none
2d53a575-403b-4682-8e7d-5c5366595418,6.0,0.6666666666666666,4.0,21973.19,3662.1983333333333,1194.2031963014783,72,1,6.0,1.0,15.0,6.0,1.0,0.16666666666666666,6.0,1.0,7.0,6.0,1.0,0.16666666666666666,0.6666666666666666,3662.1983333333333,4731.74,0.21534151390854037,205.09666666666666,6.0,0.16666666666666666,6.0,0.16666666666666666,43.0,3.0,53.5,18,18.0,6,6,6,6,6,284,302,160,0.1969,0.0,0.388,0.2723,T2,False,none
e67c5536-7659-4c10-ae48-6acf2edde613,3.0,0.3333333333333333,3.0,4369.24,1456.4133333333332,1622.3841087835315,19,0,3.0,1.0,18.0,3.0,1.0,0.3333333333333333,3.0,1.0,12.0,3.0,1.0,0.3333333333333333,0.3333333333333333,1456.4133333333332,3309.59,0.7574749842077799,154.2302777777778,2.0,0.3333333333333333,3.0,0.3333333333333333,35.0,3.0,56.0,9,9.0,3,3,3,3,3,144,155,210,0.1869,0.0,0.5526,0.3216,T2,False,none
b41635f8-46d8-4d32-b271-033bfbc030e1,1.0,0.1111111111111111,1.0,4461.04,4461.04,0.0,25,1,1.0,1.0,18.0,1.0,1.0,1.0,1.0,1.0,10.0,1.0,1.0,1.0,0.1111111111111111,4461.04,4461.04,1.0,0.0,19.0,1.0,1.0,1.0,34.0,2.0,61.0,3,3.0,1,1,1,1,1,57,59,124,0.2408,0.0806,0.3579,0.2431,T2,False,none
d363721f-55ca-4634-9a39-c587e088caeb,3.0,0.3333333333333333,2.0,5433.16,1811.0533333333333,1994.6269506184192,19,1,3.0,1.0,19.0,3.0,1.0,0.3333333333333333,3.0,1.0,10.0,3.0,1.0,0.3333333333333333,0.3333333333333333,1811.0533333333333,4001.78,0.7365474235987897,36.54083333333333,15.0,0.0,3.0,0.3333333333333333,34.0,0.0,60.333333333333336,9,9.0,3,3,3,3,3,155,157,69,0.4288,0.0,0.2614,0.1292,T2,False,none
f7b3f46f-4bbd-43f1-b97b-25cef465dc56,4.0,0.4444444444444444,4.0,12354.2,3088.55,1101.9357677892724,76,1,4.0,1.0,16.0,4.0,1.0,0.25,4.0,1.0,11.0,4.0,1.0,0.25,0.4444444444444444,3088.55,4288.51,0.3471297210665199,130.6302777777778,6.0,0.25,4.0,0.25,44.0,1.0,42.25,12,12.0,4,4,4,4,4,189,197,124,0.2408,0.0806,0.3579,0.2431,T2,False,none
39be437c-a451-4f2f-86a6-a0bf625cf73e,3.0,0.3333333333333333,3.0,5413.3,1804.4333333333334,838.0878040118073,89,1,3.0,1.0,18.0,3.0,1.0,0.3333333333333333,3.0,1.0,8.0,3.0,1.0,0.3333333333333333,0.3333333333333333,1804.4333333333334,2343.4,0.43289675429035895,49.833888888888886,6.0,0.0,3.0,0.3333333333333333,44.0,3.0,26.0,9,9.0,3,3,3,3,3,154,159,75,0.4631,0.0,0.2745,0.1623,T2,False,none
895dab17-4a08-435e-928b-e15bfe4cedbb,6.0,0.6666666666666666,3.0,17449.31,2908.2183333333337,1111.9391854488567,66,0,5.0,1.2,17.0,5.0,1.0,0.3333333333333333,6.0,1.0,9.0,6.0,1.0,0.16666666666666666,0.6666666666666666,2908.2183333333337,3994.89,0.22894257709903712,224.91416666666666,5.0,0.0,6.0,0.16666666666666666,40.0,3.0,37.166666666666664,17,18.0,5,6,6,5,6,257,271,160,0.1969,0.0,0.388,0.2723,T2,False,none
f468be63-749a-4ac4-affb-c2282abbc26a,5.0,0.5555555555555556,4.0,11644.44,2328.888,1568.9980512957943,65,1,5.0,1.0,19.0,5.0,1.0,0.2,5.0,1.0,11.0,5.0,1.0,0.2,0.5555555555555556,2328.888,4094.46,0.3516236074899265,86.395,4.0,0.4,5.0,0.2,37.0,3.0,69.6,15,15.0,5,5,5,5,5,247,265,210,0.1869,0.0,0.5526,0.3216,T2,False,none
a0ae60bf-f234-438d-87f0-a83ff9e74438,3.0,0.3333333333333333,3.0,4355.1900000000005,1451.7300000000002,1749.758192465462,94,0,3.0,1.0,12.0,3.0,1.0,0.3333333333333333,3.0,1.0,11.0,3.0,1.0,0.3333333333333333,0.3333333333333333,1451.7300000000002,3401.94,0.7811232116164851,78.70833333333333,5.0,0.3333333333333333,3.0,0.3333333333333333,36.0,0.0,71.0,9,9.0,3,3,3,3,3,138,141,211,0.1668,0.0,0.5966,0.3124,T2,False,none
6581e9b2-e75e-4140-84f7-0bafc18e4d31,0.0,0.0,0.0,0.0,0.0,0.0,27,1,0.0,0.0,0.0,0.0,0.0,0.0,0.0,0.0,0.0,0.0,0.0,0.0,0.0,0.0,0.0,0.0,0.0,0.0,0.0,0.0,0.0,0.0,0.0,0.0,0,0.0,0,0,0,0,0,0,0,1,0.0,0.0,0.0,0.0,T2,False,none
fc4c3bde-37bd-413b-ae39-ba1fdcb61b99,4.0,0.4444444444444444,4.0,12604.81,3151.2025,1435.5409334086112,82,1,4.0,1.0,23.0,4.0,1.0,0.25,4.0,1.0,11.0,4.0,1.0,0.25,0.4444444444444444,3151.2025,4591.16,0.3642387310875769,148.15222222222224,1.0,0.0,4.0,0.25,37.0,2.0,58.5,12,12.0,4,4,4,4,4,176,183,211,0.1668,0.0,0.5966,0.3124,T2,False,none
d39c53c9-50b4-47b7-a08c-17bc6b8332be,1.0,0.1111111111111111,1.0,3996.53,3996.53,0.0,62,0,1.0,1.0,10.0,1.0,1.0,1.0,1.0,1.0,4.0,1.0,1.0,1.0,0.1111111111111111,3996.53,3996.53,1.0,0.0,10.0,0.0,1.0,1.0,27.0,1.0,31.0,3,3.0,1,1,1,1,1,38,38,119,0.3255,0.0,0.3993,0.1775,T2,False,none
1e3fed3f-0533-47dc-83a8-6c18a58fac52,3.0,0.3333333333333333,3.0,8815.48,2938.4933333333333,1279.1512876252496,66,0,3.0,1.0,23.0,3.0,1.0,0.3333333333333333,3.0,1.0,11.0,3.0,1.0,0.3333333333333333,0.3333333333333333,2938.4933333333333,4011.32,0.45503137662384807,159.11083333333335,3.0,0.3333333333333333,3.0,0.3333333333333333,44.0,3.0,38.333333333333336,9,9.0,3,3,3,3,3,173,182,75,0.4631,0.0,0.2745,0.1623,T2,False,none
35a826f9-c6c9-4bec-b8f8-dd672af83b5d,3.0,0.3333333333333333,3.0,8078.23,2692.7433333333333,1508.2762486472209,30,1,3.0,1.0,20.0,3.0,1.0,0.3333333333333333,3.0,1.0,15.0,3.0,1.0,0.3333333333333333,0.3333333333333333,2692.7433333333333,3733.09,0.46211732025456076,60.49527777777778,5.0,0.3333333333333333,3.0,0.3333333333333333,34.0,2.0,86.66666666666667,9,9.0,3,3,3,3,3,157,163,112,0.2905,0.0,0.3574,0.1777,T2,False,none
1c28afa8-4dbf-4f4c-b207-2d173881fdf9,6.0,0.6666666666666666,4.0,9979.01,1663.1683333333333,1215.6006674466194,64,1,6.0,1.0,16.0,6.0,1.0,0.16666666666666666,6.0,1.0,8.0,6.0,1.0,0.16666666666666666,0.6666666666666666,1663.1683333333333,3628.02,0.3635651231935833,129.3088888888889,1.0,0.0,5.0,0.3333333333333333,38.0,2.0,60.166666666666664,17,18.0,6,6,5,6,6,257,275,210,0.1869,0.0,0.5526,0.3216,T2,False,none
6f8672ba-37a1-4ea7-be2a-672ffcefd04b,5.0,0.5555555555555556,4.0,15203.76,3040.752,1262.218753057488,74,0,5.0,1.0,21.0,5.0,1.0,0.2,5.0,1.0,10.0,5.0,1.0,0.2,0.5555555555555556,3040.752,4308.7,0.283397001794293,211.10416666666666,6.0,0.2,5.0,0.2,46.0,0.0,60.2,15,15.0,5,5,5,5,5,264,283,119,0.2253,0.0,0.3893,0.1815,T2,False,none
d81fec50-0491-40b0-9592-3ef541df751a,5.0,0.5555555555555556,3.0,14369.04,2873.808,1696.1022082911159,90,0,5.0,1.0,19.0,5.0,1.0,0.2,5.0,1.0,9.0,5.0,1.0,0.2,0.5555555555555556,2873.808,4475.84,0.3114919298714458,89.86972222222222,2.0,0.2,5.0,0.2,44.0,0.0,76.8,15,15.0,5,5,5,5,5,241,259,136,0.2576,0.0,0.4342,0.2507,T2,False,none
112bc968-e1d6-4037-8b2c-96c7a4002af6,5.0,0.5555555555555556,3.0,10793.09,2158.618,1929.4259245485432,42,0,5.0,1.0,17.0,5.0,1.0,0.2,5.0,1.0,8.0,5.0,1.0,0.2,0.5555555555555556,2158.618,4785.18,0.44335588788752806,178.98944444444444,3.0,0.0,5.0,0.2,42.0,1.0,80.4,15,15.0,5,5,5,5,5,254,272,157,0.2333,0.0,0.3976,0.2695,T2,False,none
546f50a6-b25f-4acc-a5ae-715cf84e7edf,5.0,0.5555555555555556,3.0,17339.26,3467.852,1029.4666339274916,87,0,5.0,1.0,16.0,5.0,1.0,0.2,5.0,1.0,11.0,5.0,1.0,0.2,0.5555555555555556,3467.852,4438.08,0.255955559810511,175.91194444444446,10.0,0.4,5.0,0.2,37.0,1.0,57.2,15,15.0,5,5,5,5,5,242,261,210,0.1869,0.0,0.5526,0.3216,T2,False,none
694a21a9-bcc2-4a17-95fa-56775d8fc57d,4.0,0.4444444444444444,2.0,7130.65,1782.6625,1280.7845796327344,90,0,4.0,1.0,20.0,4.0,1.0,0.25,4.0,1.0,10.0,4.0,1.0,0.25,0.4444444444444444,1782.6625,3001.35,0.420908332339969,83.34083333333334,0.0,0.0,4.0,0.25,46.0,2.0,53.75,12,12.0,4,4,4,4,4,215,226,119,0.2253,0.0,0.3893,0.1815,T2,False,none
388cd025-adab-4082-baa1-5a0756365e0b,2.0,0.2222222222222222,2.0,5856.790000000001,2928.3950000000004,1755.272376142803,62,0,2.0,1.0,18.0,2.0,1.0,0.5,2.0,1.0,7.0,2.0,1.0,0.5,0.2222222222222222,2928.3950000000004,4169.56,0.711918986338933,151.60083333333333,11.0,0.0,2.0,0.5,25.0,1.0,36.0,6,6.0,2,2,2,2,2,81,83,124,0.2408,0.0806,0.3579,0.2431,T2,False,none
3853898f-5fba-4085-ad72-18720f06fca3,5.0,0.5555555555555556,4.0,15042.76,3008.552,1447.9918508990304,84,0,5.0,1.0,19.0,5.0,1.0,0.2,5.0,1.0,9.0,5.0,1.0,0.2,0.5555555555555556,3008.552,4656.59,0.30955688982606916,180.4788888888889,1.0,0.0,5.0,0.2,44.0,3.0,74.4,15,15.0,5,5,5,5,5,239,257,136,0.2576,0.0,0.4342,0.2507,T2,False,none
49a7dc6d-cb57-472f-aa6e-215def4521b8,4.0,0.4444444444444444,4.0,9816.82,2454.205,966.5334267197729,77,0,4.0,1.0,14.0,4.0,1.0,0.25,4.0,1.0,11.0,4.0,1.0,0.25,0.4444444444444444,2454.205,3787.08,0.3857746194796278,140.49305555555554,5.0,0.0,4.0,0.25,44.0,0.0,66.0,12,12.0,4,4,4,4,4,185,198,75,0.4631,0.0,0.2745,0.1623,T2,False,none
f24b953f-6238-4661-a10e-729f078f4295,3.0,0.3333333333333333,2.0,6930.75,2310.25,748.3646864330252,39,0,3.0,1.0,18.0,3.0,1.0,0.3333333333333333,3.0,1.0,9.0,3.0,1.0,0.3333333333333333,0.3333333333333333,2310.25,3171.88,0.4576532121343289,111.14444444444445,2.0,0.0,3.0,0.3333333333333333,40.0,0.0,57.666666666666664,9,9.0,3,3,3,3,3,168,174,80,0.4937,0.0,0.285,0.1235,T2,False,none
ce2ebdfc-218b-4b9f-b8b0-2c5bc6efeeaf,2.0,0.2222222222222222,2.0,6165.34,3082.67,2519.69016194452,97,0,2.0,1.0,16.0,2.0,1.0,0.5,2.0,1.0,7.0,2.0,1.0,0.5,0.2222222222222222,3082.67,4864.36,0.7889848735025156,100.35666666666667,9.0,0.0,2.0,0.5,29.0,2.0,61.0,6,6.0,2,2,2,2,2,88,90,119,0.2635,0.0,0.3946,0.1939,T2,False,none
c5caa84a-2700-4313-8244-16f569facb91,3.0,0.3333333333333333,2.0,9375.28,3125.0933333333337,1286.494074309452,82,0,3.0,1.0,19.0,3.0,1.0,0.3333333333333333,3.0,1.0,7.0,3.0,1.0,0.3333333333333333,0.3333333333333333,3125.0933333333337,4584.46,0.48899446203206726,49.81611111111111,6.0,0.0,3.0,0.3333333333333333,36.0,3.0,39.0,9,9.0,3,3,3,3,3,149,150,75,0.4631,0.0,0.2745,0.1623,T2,False,none
84907130-c64f-4964-a86f-ca83be396286,1.0,0.1111111111111111,1.0,4310.93,4310.93,0.0,61,1,1.0,1.0,15.0,1.0,1.0,1.0,1.0,1.0,5.0,1.0,1.0,1.0,0.1111111111111111,4310.93,4310.93,1.0,0.0,17.0,0.0,1.0,1.0,37.0,0.0,95.0,3,3.0,1,1,1,1,1,54,54,136,0.2576,0.0,0.4342,0.2507,T2,False,none
bb4ae2a9-2fc4-40af-9eb3-1066588fed87,3.0,0.3333333333333333,3.0,6678.61,2226.2033333333334,2050.269439618445,58,0,3.0,1.0,21.0,3.0,1.0,0.3333333333333333,3.0,1.0,11.0,3.0,1.0,0.3333333333333333,0.3333333333333333,2226.2033333333334,4241.03,0.6350168672822638,146.9813888888889,5.0,0.3333333333333333,3.0,0.3333333333333333,39.0,0.0,43.333333333333336,9,9.0,3,3,3,3,3,174,180,119,0.2635,0.0,0.3946,0.1939,T2,False,none
ea944656-2d88-4266-b606-742197e6ff22,3.0,0.3333333333333333,3.0,10851.42,3617.14,1139.6912973257276,94,0,3.0,1.0,19.0,3.0,1.0,0.3333333333333333,3.0,1.0,10.0,3.0,1.0,0.3333333333333333,0.3333333333333333,3617.14,4837.16,0.44576285868577564,110.23361111111112,6.0,0.3333333333333333,3.0,0.3333333333333333,42.0,0.0,59.0,9,9.0,3,3,3,3,3,148,158,119,0.3255,0.0,0.3993,0.1775,T2,False,none
66863042-fdc0-43f1-9c3c-89d6ce184505,7.0,0.7777777777777778,5.0,15294.93,2184.9900000000002,915.6123917903253,37,0,7.0,1.0,18.0,7.0,1.0,0.14285714285714285,7.0,1.0,12.0,7.0,1.0,0.14285714285714285,0.7777777777777778,2184.9900000000002,3774.45,0.24677785383784037,192.41666666666666,0.0,0.42857142857142855,7.0,0.14285714285714285,46.0,0.0,56.42857142857143,21,21.0,7,7,7,7,7,345,383,80,0.4259,0.0,0.2617,0.1285,T2,False,none
732d23f4-af59-4d92-8ced-438e8e97c9eb,0.0,0.0,0.0,0.0,0.0,0.0,52,1,0.0,0.0,0.0,0.0,0.0,0.0,0.0,0.0,0.0,0.0,0.0,0.0,0.0,0.0,0.0,0.0,0.0,0.0,0.0,0.0,0.0,0.0,0.0,0.0,0,0.0,0,0,0,0,0,0,0,1,0.0,0.0,0.0,0.0,T2,False,none
06e80e89-a284-402b-ab86-6465e214eeb5,2.0,0.2222222222222222,2.0,2030.73,1015.365,541.4953019648462,89,1,2.0,1.0,14.0,2.0,1.0,0.5,2.0,1.0,9.0,2.0,1.0,0.5,0.2222222222222222,1015.365,1398.26,0.6885504227543789,195.85194444444446,3.0,0.0,2.0,0.5,21.0,0.0,58.0,6,6.0,2,2,2,2,2,70,72,136,0.2576,0.0,0.4342,0.2507,T2,False,none
6fea4978-361d-411c-b86e-612dc22bdd84,2.0,0.2222222222222222,2.0,6283.14,3141.57,1164.2795994948979,86,0,2.0,1.0,17.0,2.0,1.0,0.5,2.0,1.0,6.0,2.0,1.0,0.5,0.2222222222222222,3141.57,3964.84,0.6310284348271724,219.98,12.0,0.0,2.0,0.5,36.0,0.0,54.5,6,6.0,2,2,2,2,2,103,107,157,0.2333,0.0,0.3976,0.2695,T2,False,none
e1b9e6ec-c47a-4955-ba77-b2aef793838f,1.0,0.1111111111111111,1.0,661.07,661.07,0.0,95,0,1.0,1.0,16.0,1.0,1.0,1.0,1.0,1.0,5.0,1.0,1.0,1.0,0.1111111111111111,661.07,661.07,1.0,0.0,16.0,1.0,1.0,1.0,42.0,0.0,22.0,3,3.0,1,1,1,1,1,60,60,157,0.2333,0.0,0.3976,0.2695,T2,False,none
8c897bdd-cb6b-4c0f-8acb-eb1c317e42a6,1.0,0.1111111111111111,1.0,4380.93,4380.93,0.0,47,0,1.0,1.0,14.0,1.0,1.0,1.0,1.0,1.0,6.0,1.0,1.0,1.0,0.1111111111111111,4380.93,4380.93,1.0,0.0,4.0,0.0,1.0,1.0,35.0,0.0,28.0,3,3.0,1,1,1,1,1,52,52,160,0.1969,0.0,0.388,0.2723,T2,False,none
d71affe0-a74b-49a6-9164-60007514fbe0,2.0,0.2222222222222222,2.0,1760.78,880.39,201.2991584681864,66,1,2.0,1.0,13.0,2.0,1.0,0.5,2.0,1.0,10.0,2.0,1.0,0.5,0.2222222222222222,880.39,1022.73,0.5808391735480867,53.263333333333335,18.0,0.0,2.0,0.5,28.0,0.0,45.0,6,6.0,2,2,2,2,2,88,90,119,0.3255,0.0,0.3993,0.1775,T2,False,none
427079ca-849b-41e1-8091-612701486275,4.0,0.4444444444444444,3.0,13040.960000000001,3260.2400000000002,1698.7881884645499,42,0,4.0,1.0,15.0,4.0,1.0,0.25,4.0,1.0,11.0,4.0,1.0,0.25,0.4444444444444444,3260.2400000000002,4945.88,0.3792573552867273,67.55305555555556,0.0,0.25,4.0,0.25,43.0,0.0,72.0,12,12.0,4,4,4,4,4,220,236,119,0.2635,0.0,0.3946,0.1939,T2,False,none
d9899642-a1af-43ee-9532-92eb10fffece,5.0,0.5555555555555556,4.0,15915.970000000001,3183.1940000000004,1789.3191705310708,44,1,5.0,1.0,25.0,5.0,1.0,0.2,5.0,1.0,12.0,5.0,1.0,0.2,0.5555555555555556,3183.1940000000004,4723.31,0.29676545004797067,186.57805555555555,3.0,0.2,5.0,0.2,41.0,0.0,51.4,15,15.0,5,5,5,5,5,249,271,211,0.1668,0.0,0.5966,0.3124,T2,False,none
41112368-237b-4705-8a62-b8b2a2879729,2.0,0.2222222222222222,2.0,4922.17,2461.085,3120.101600917829,96,0,2.0,1.0,20.0,2.0,1.0,0.5,2.0,1.0,16.0,2.0,1.0,0.5,0.2222222222222222,2461.085,4667.33,0.9482260872745151,78.36888888888889,13.0,0.0,2.0,0.5,38.0,3.0,22.0,6,6.0,2,2,2,2,2,115,120,210,0.1869,0.0,0.5526,0.3216,T2,False,none
e9e72939-ffc4-4524-8f30-fbc90c399207,6.0,0.6666666666666666,4.0,18817.54,3136.2566666666667,1310.2894120867597,10,0,6.0,1.0,15.0,6.0,1.0,0.16666666666666666,6.0,1.0,13.0,6.0,1.0,0.16666666666666666,0.6666666666666666,3136.2566666666667,4417.25,0.23474109793309858,209.50194444444443,2.0,0.0,6.0,0.16666666666666666,37.0,2.0,70.16666666666667,18,18.0,6,6,6,6,6,273,295,80,0.3873,0.0,0.2639,0.1532,T2,False,none
bf86edc5-90aa-4a96-a9a4-9301e5187df1,7.0,0.7777777777777778,6.0,16423.54,2346.2200000000003,1758.4103998403407,44,0,7.0,1.0,19.0,7.0,1.0,0.14285714285714285,7.0,1.0,12.0,7.0,1.0,0.14285714285714285,0.7777777777777778,2346.2200000000003,4985.89,0.30358193178815285,166.50444444444443,6.0,0.14285714285714285,6.0,0.2857142857142857,42.0,3.0,45.857142857142854,20,21.0,7,7,6,7,7,317,351,157,0.2333,0.0,0.3976,0.2695,T2,False,none
3a6675e2-fdcf-4cce-90d4-4cf6176691f4,5.0,0.5555555555555556,4.0,12810.23,2562.046,1755.4440425801104,15,0,5.0,1.0,18.0,5.0,1.0,0.2,5.0,1.0,10.0,5.0,1.0,0.2,0.5555555555555556,2562.046,4874.09,0.3804841911503541,185.37916666666666,14.0,0.4,5.0,0.2,36.0,3.0,75.2,15,15.0,5,5,5,5,5,230,245,210,0.1869,0.0,0.5526,0.3216,T2,False,none
01ddbef3-e603-43cd-a923-d4b58f3162e0,3.0,0.3333333333333333,3.0,7018.389999999999,2339.463333333333,175.01332015973324,45,0,3.0,1.0,19.0,3.0,1.0,0.3333333333333333,3.0,1.0,12.0,3.0,1.0,0.3333333333333333,0.3333333333333333,2339.463333333333,2511.81,0.357889772440688,185.3372222222222,4.0,0.0,3.0,0.3333333333333333,35.0,0.0,79.66666666666667,9,9.0,3,3,3,3,3,155,162,210,0.1869,0.0,0.5526,0.3216,T2,False,none
96882db0-766d-441a-bbc1-1950099dff05,2.0,0.2222222222222222,2.0,3889.85,1944.925,1441.1614018041143,84,1,2.0,1.0,22.0,2.0,1.0,0.5,2.0,1.0,10.0,2.0,1.0,0.5,0.2222222222222222,1944.925,2963.98,0.7619779683021196,81.56138888888889,12.0,0.5,2.0,0.5,33.0,0.0,71.5,6,6.0,2,2,2,2,2,106,111,160,0.1969,0.0,0.388,0.2723,T2,False,none
c7048f73-c797-45c8-98ed-792d07e18280,10.0,1.1111111111111112,8.0,10933.130000000001,1093.313,928.8120212167082,0,1,4.0,2.5,25.0,4.0,1.0,0.4,3.0,3.3333333333333335,19.0,3.0,1.0,0.5,1.1111111111111112,1093.313,3206.53,0.29328563732435264,235.10083333333333,0.0,0.2,2.0,0.9,43.0,1.0,37.6,9,30.0,4,3,2,4,3,149,202,124,0.2408,0.0806,0.3579,0.2431,T2,True,cluster_001
6019aaae-e4a8-4dc6-bb82-6af6c73dfe7e,2.0,0.2222222222222222,2.0,3925.67,1962.835,2569.039144203529,25,0,2.0,1.0,12.0,2.0,1.0,0.5,2.0,1.0,10.0,2.0,1.0,0.5,0.2222222222222222,1962.835,3779.42,0.9627452129190686,136.2225,2.0,0.5,2.0,0.5,32.0,0.0,38.5,6,6.0,2,2,2,2,2,89,92,124,0.2408,0.0806,0.3579,0.2431,T2,False,none
49dda67c-7eaf-4554-8c10-21d1b4e7a05f,2.0,0.2222222222222222,2.0,4841.19,2420.595,3063.3774949310437,58,1,2.0,1.0,14.0,2.0,1.0,0.5,2.0,1.0,6.0,2.0,1.0,0.5,0.2222222222222222,2420.595,4586.73,0.9474385430028567,79.86416666666666,5.0,0.5,2.0,0.5,41.0,1.0,25.0,6,6.0,2,2,2,2,2,112,112,119,0.2635,0.0,0.3946,0.1939,T2,False,none
f07a154c-84ef-4f8f-8214-99b7b4a3a21a,2.0,0.2222222222222222,2.0,8200.880000000001,4100.4400000000005,494.42320354125826,76,1,2.0,1.0,17.0,2.0,1.0,0.5,2.0,1.0,7.0,2.0,1.0,0.5,0.2222222222222222,4100.4400000000005,4450.05,0.5426307908419584,46.276666666666664,10.0,0.5,2.0,0.5,41.0,1.0,36.0,6,6.0,2,2,2,2,2,95,100,69,0.4288,0.0,0.2614,0.1292,T2,False,none
a3b24c51-6fb5-4ec5-92ff-94f7f876b88a,3.0,0.3333333333333333,3.0,5873.08,1957.6933333333334,997.9679233489088,86,1,3.0,1.0,19.0,3.0,1.0,0.3333333333333333,3.0,1.0,8.0,3.0,1.0,0.3333333333333333,0.3333333333333333,1957.6933333333334,2915.78,0.49646522778508045,126.78805555555556,1.0,0.3333333333333333,3.0,0.3333333333333333,29.0,1.0,47.333333333333336,9,9.0,3,3,3,3,3,140,143,124,0.2408,0.0806,0.3579,0.2431,T2,False,none
38975402-5500-4f52-be48-6eed15763d69,1.0,0.1111111111111111,1.0,1918.98,1918.98,0.0,26,1,1.0,1.0,15.0,1.0,1.0,1.0,1.0,1.0,6.0,1.0,1.0,1.0,0.1111111111111111,1918.98,1918.98,1.0,0.0,1.0,0.0,1.0,1.0,22.0,2.0,15.0,3,3.0,1,1,1,1,1,40,40,160,0.1969,0.0,0.388,0.2723,T2,False,none
b762ec6a-7c49-42f1-b0f4-643482a0544b,1.0,0.1111111111111111,1.0,2517.45,2517.45,0.0,55,1,1.0,1.0,13.0,1.0,1.0,1.0,1.0,1.0,9.0,1.0,1.0,1.0,0.1111111111111111,2517.45,2517.45,1.0,0.0,14.0,1.0,1.0,1.0,30.0,2.0,92.0,3,3.0,1,1,1,1,1,49,49,119,0.2635,0.0,0.3946,0.1939,T2,False,none
0d79cfd9-1209-4f7b-a231-d3ee3e6e88eb,5.0,0.5555555555555556,5.0,10224.369999999999,2044.8739999999998,1008.1033260187171,94,0,5.0,1.0,17.0,5.0,1.0,0.2,5.0,1.0,9.0,5.0,1.0,0.2,0.5555555555555556,2044.8739999999998,3663.95,0.3583545978872048,210.60194444444446,4.0,0.2,5.0,0.2,41.0,1.0,27.6,15,15.0,5,5,5,5,5,223,245,69,0.4288,0.0,0.2614,0.1292,T2,False,none
dbebe0a1-6d61-4863-923a-fb8b8d4e498f,1.0,0.1111111111111111,1.0,2314.44,2314.44,0.0,10,0,1.0,1.0,17.0,1.0,1.0,1.0,1.0,1.0,9.0,1.0,1.0,1.0,0.1111111111111111,2314.44,2314.44,1.0,0.0,18.0,1.0,1.0,1.0,43.0,1.0,38.0,3,3.0,1,1,1,1,1,65,66,80,0.4259,0.0,0.2617,0.1285,T2,False,none
0df501e5-ac1e-442d-8635-84e424cd4126,3.0,0.3333333333333333,3.0,6935.79,2311.93,1991.883133921265,79,1,3.0,1.0,15.0,3.0,1.0,0.3333333333333333,3.0,1.0,10.0,3.0,1.0,0.3333333333333333,0.3333333333333333,2311.93,3601.21,0.5192213143708215,105.74388888888889,4.0,0.0,3.0,0.3333333333333333,44.0,0.0,30.0,9,9.0,3,3,3,3,3,160,168,119,0.3255,0.0,0.3993,0.1775,T2,False,none
6c950461-5221-47e1-b71a-c3fe279a044c,6.0,0.6666666666666666,5.0,14717.22,2452.87,1372.339357928643,15,1,6.0,1.0,23.0,6.0,1.0,0.16666666666666666,6.0,1.0,10.0,5.0,0.8333333333333334,0.16666666666666666,0.6666666666666666,2452.87,4793.27,0.3256912650622876,152.83555555555554,2.0,0.5,6.0,0.16666666666666666,41.0,3.0,54.333333333333336,18,18.0,6,6,6,6,5,282,309,80,0.3873,0.0,0.2639,0.1532,T2,False,none
b440318a-4cad-4c8f-9aa0-f83dbefa63ce,3.0,0.3333333333333333,3.0,10289.720000000001,3429.906666666667,1669.3548679754504,80,0,3.0,1.0,27.0,3.0,1.0,0.3333333333333333,3.0,1.0,7.0,3.0,1.0,0.3333333333333333,0.3333333333333333,3429.906666666667,4470.89,0.43450064724793286,192.1797222222222,1.0,0.0,3.0,0.3333333333333333,40.0,0.0,50.333333333333336,9,9.0,3,3,3,3,3,167,175,136,0.2576,0.0,0.4342,0.2507,T2,False,none
8282280e-a1ac-43e7-be44-30323bc92e45,3.0,0.3333333333333333,3.0,3988.95,1329.6499999999999,1073.7673185564925,22,1,3.0,1.0,17.0,3.0,1.0,0.3333333333333333,3.0,1.0,9.0,3.0,1.0,0.3333333333333333,0.3333333333333333,1329.6499999999999,2308.45,0.5787111896614398,92.51083333333334,0.0,0.3333333333333333,2.0,0.6666666666666666,35.0,1.0,90.33333333333333,8,9.0,3,3,2,3,3,127,133,210,0.1869,0.0,0.5526,0.3216,T2,False,none
00d62b7a-d8fd-4bfa-b3c6-872ed00deec5,1.0,0.1111111111111111,1.0,3810.75,3810.75,0.0,29,0,1.0,1.0,7.0,1.0,1.0,1.0,1.0,1.0,7.0,1.0,1.0,1.0,0.1111111111111111,3810.75,3810.75,1.0,0.0,6.0,0.0,1.0,1.0,30.0,2.0,92.0,3,3.0,1,1,1,1,1,41,41,119,0.2635,0.0,0.3946,0.1939,T2,False,none
18f7fcca-56a5-43ad-afbb-8e1d7794f9f0,2.0,0.2222222222222222,2.0,5308.75,2654.375,1798.4624583376767,65,0,2.0,1.0,14.0,2.0,1.0,0.5,2.0,1.0,10.0,2.0,1.0,0.5,0.2222222222222222,2654.375,3926.08,0.7395488580174241,124.91305555555556,3.0,0.0,2.0,0.5,35.0,1.0,62.0,6,6.0,2,2,2,2,2,95,96,210,0.1869,0.0,0.5526,0.3216,T2,False,none
62ab99be-f869-47eb-8cba-b51529a2b120,1.0,0.1111111111111111,1.0,4888.5,4888.5,0.0,82,0,1.0,1.0,14.0,1.0,1.0,1.0,1.0,1.0,9.0,1.0,1.0,1.0,0.1111111111111111,4888.5,4888.5,1.0,0.0,3.0,0.0,1.0,1.0,37.0,3.0,92.0,3,3.0,1,1,1,1,1,57,57,80,0.4937,0.0,0.285,0.1235,T2,False,none
d98a8306-e84a-4c25-be9d-0f3e02f01d77,0.0,0.0,0.0,0.0,0.0,0.0,74,0,0.0,0.0,0.0,0.0,0.0,0.0,0.0,0.0,0.0,0.0,0.0,0.0,0.0,0.0,0.0,0.0,0.0,0.0,0.0,0.0,0.0,0.0,0.0,0.0,0,0.0,0,0,0,0,0,0,0,1,0.0,0.0,0.0,0.0,T2,False,none
9bcdfe4f-e66b-42f7-90f5-a0d7d6b9a1f4,5.0,0.5555555555555556,4.0,10044.89,2008.9779999999998,524.1449435700014,27,0,5.0,1.0,16.0,5.0,1.0,0.2,5.0,1.0,9.0,5.0,1.0,0.2,0.5555555555555556,2008.9779999999998,2707.45,0.2695350571285499,200.6563888888889,1.0,0.0,5.0,0.2,42.0,2.0,39.0,15,15.0,5,5,5,5,5,225,239,157,0.2333,0.0,0.3976,0.2695,T2,False,none
41e4db7b-4958-43e9-a0ef-e383e7b123bb,3.0,0.3333333333333333,3.0,7180.21,2393.403333333333,1873.2775795736557,96,1,3.0,1.0,19.0,3.0,1.0,0.3333333333333333,3.0,1.0,12.0,3.0,1.0,0.3333333333333333,0.3333333333333333,2393.403333333333,3999.39,0.5570018147101546,185.79861111111111,5.0,0.0,3.0,0.3333333333333333,35.0,3.0,43.333333333333336,9,9.0,3,3,3,3,3,149,154,210,0.1869,0.0,0.5526,0.3216,T2,False,none
56ef6b9b-82e4-4b7b-b755-d7e57ea4bd92,4.0,0.4444444444444444,3.0,12461.07,3115.2675,2099.045214669041,68,1,3.0,1.3333333333333333,15.0,3.0,1.0,0.5,4.0,1.0,11.0,4.0,1.0,0.25,0.4444444444444444,3115.2675,4895.56,0.3928683491867071,114.81416666666667,3.0,0.25,4.0,0.25,44.0,0.0,73.0,11,12.0,3,4,4,3,4,195,202,136,0.2576,0.0,0.4342,0.2507,T2,False,none
378e213d-94f8-4edb-8ee3-f0aed4602642,6.0,0.6666666666666666,4.0,12779.26,2129.8766666666666,777.953317665441,51,0,6.0,1.0,19.0,6.0,1.0,0.16666666666666666,6.0,1.0,10.0,6.0,1.0,0.16666666666666666,0.6666666666666666,2129.8766666666666,3191.68,0.24975468063095985,113.965,3.0,0.16666666666666666,6.0,0.16666666666666666,44.0,2.0,52.0,18,18.0,6,6,6,6,6,293,314,119,0.2635,0.0,0.3946,0.1939,T2,False,none
72febbc4-e918-4746-bdbf-5b7a95d18a16,2.0,0.2222222222222222,2.0,7124.16,3562.08,329.7804606097821,75,0,2.0,1.0,14.0,2.0,1.0,0.5,2.0,1.0,8.0,2.0,1.0,0.5,0.2222222222222222,3562.08,3795.27,0.5327322800161703,42.52055555555555,0.0,0.5,2.0,0.5,46.0,1.0,29.5,6,6.0,2,2,2,2,2,108,110,83,0.4146,0.0,0.3286,0.1462,T2,False,none
7ec6ba13-147e-459f-a6ee-109529155777,3.0,0.3333333333333333,3.0,9298.42,3099.4733333333334,933.7708467463171,49,0,3.0,1.0,17.0,3.0,1.0,0.3333333333333333,3.0,1.0,6.0,3.0,1.0,0.3333333333333333,0.3333333333333333,3099.4733333333334,4125.27,0.44365279262498364,72.53722222222223,2.0,0.3333333333333333,3.0,0.3333333333333333,46.0,2.0,58.333333333333336,9,9.0,3,3,3,3,3,156,162,119,0.2253,0.0,0.3893,0.1815,T2,False,none
bc5b4436-5cbd-49f0-98b8-281d293e7243,3.0,0.3333333333333333,2.0,7670.15,2556.7166666666667,1360.7299761647544,57,0,3.0,1.0,13.0,3.0,1.0,0.3333333333333333,3.0,1.0,7.0,3.0,1.0,0.3333333333333333,0.3333333333333333,2556.7166666666667,3870.48,0.5046159462331246,117.53555555555556,8.0,0.3333333333333333,3.0,0.3333333333333333,44.0,3.0,36.0,9,9.0,3,3,3,3,3,150,157,75,0.4631,0.0,0.2745,0.1623,T2,False,none
1ce1984c-e822-4390-9502-06cd0cea0fcf,1.0,0.1111111111111111,1.0,1737.18,1737.18,0.0,96,0,1.0,1.0,14.0,1.0,1.0,1.0,1.0,1.0,6.0,1.0,1.0,1.0,0.1111111111111111,1737.18,1737.18,1.0,0.0,22.0,0.0,1.0,1.0,28.0,0.0,20.0,3,3.0,1,1,1,1,1,45,45,211,0.1668,0.0,0.5966,0.3124,T2,False,none
078417c2-b7fc-43fe-a0af-796c9eba62f6,1.0,0.1111111111111111,1.0,3356.26,3356.26,0.0,38,0,1.0,1.0,14.0,1.0,1.0,1.0,1.0,1.0,8.0,1.0,1.0,1.0,0.1111111111111111,3356.26,3356.26,1.0,0.0,23.0,0.0,1.0,1.0,29.0,2.0,15.0,3,3.0,1,1,1,1,1,48,48,124,0.2408,0.0806,0.3579,0.2431,T2,False,none
1764ec87-7e52-41ad-a434-114b98a6217d,3.0,0.3333333333333333,3.0,6569.9400000000005,2189.98,2144.910462000687,12,0,3.0,1.0,21.0,3.0,1.0,0.3333333333333333,3.0,1.0,8.0,3.0,1.0,0.3333333333333333,0.3333333333333333,2189.98,4536.68,0.6905207657908595,99.66805555555555,4.0,0.0,3.0,0.3333333333333333,33.0,3.0,35.333333333333336,9,9.0,3,3,3,3,3,151,156,160,0.1969,0.0,0.388,0.2723,T2,False,none
2f16e9c3-783b-4b70-b1a2-f0d76e25d86e,2.0,0.2222222222222222,2.0,8452.99,4226.495,273.119994233304,84,0,2.0,1.0,19.0,2.0,1.0,0.5,2.0,1.0,6.0,2.0,1.0,0.5,0.2222222222222222,4226.495,4419.62,0.5228469452820836,48.41416666666667,21.0,0.0,2.0,0.5,31.0,0.0,79.0,6,6.0,2,2,2,2,2,96,97,157,0.2333,0.0,0.3976,0.2695,T2,False,none
81484c5e-4b87-4251-aad6-6f08d7904ee3,3.0,0.3333333333333333,2.0,12030.099999999999,4010.033333333333,1072.1020135385124,93,1,3.0,1.0,19.0,3.0,1.0,0.3333333333333333,3.0,1.0,10.0,3.0,1.0,0.3333333333333333,0.3333333333333333,4010.033333333333,4961.95,0.41246124304868625,215.72583333333333,16.0,0.0,3.0,0.3333333333333333,31.0,0.0,90.66666666666667,9,9.0,3,3,3,3,3,143,149,157,0.2333,0.0,0.3976,0.2695,T2,False,none
a40d3285-6df4-4692-92ec-84393d66f3ad,7.0,0.7777777777777778,6.0,18420.2,2631.457142857143,1629.846398506255,76,1,7.0,1.0,18.0,7.0,1.0,0.14285714285714285,7.0,1.0,12.0,7.0,1.0,0.14285714285714285,0.7777777777777778,2631.457142857143,4614.59,0.2505179096861055,217.61833333333334,0.0,0.14285714285714285,7.0,0.14285714285714285,36.0,3.0,49.57142857142857,21,21.0,7,7,7,7,7,314,345,112,0.2905,0.0,0.3574,0.1777,T2,False,none
1fa113e6-d57f-42c7-8eaf-932394d3f9c3,4.0,0.4444444444444444,2.0,11059.27,2764.8175,1185.871619734475,11,1,4.0,1.0,19.0,4.0,1.0,0.25,4.0,1.0,10.0,4.0,1.0,0.25,0.4444444444444444,2764.8175,4476.97,0.40481605024563105,115.51861111111111,0.0,0.0,4.0,0.25,40.0,2.0,33.5,12,12.0,4,4,4,4,4,185,195,160,0.1969,0.0,0.388,0.2723,T2,False,none
773511de-02b0-4ba6-b6b6-1f66bb34bb4f,1.0,0.1111111111111111,1.0,4948.98,4948.98,0.0,37,0,1.0,1.0,17.0,1.0,1.0,1.0,1.0,1.0,8.0,1.0,1.0,1.0,0.1111111111111111,4948.98,4948.98,1.0,0.0,23.0,0.0,1.0,1.0,36.0,3.0,36.0,3,3.0,1,1,1,1,1,58,58,119,0.2253,0.0,0.3893,0.1815,T2,False,none
9c590907-36f2-43e6-9390-7bad02e0e455,6.0,0.6666666666666666,4.0,22844.04,3807.34,1634.349570196046,56,0,6.0,1.0,20.0,6.0,1.0,0.16666666666666666,6.0,1.0,10.0,6.0,1.0,0.16666666666666666,0.6666666666666666,3807.34,4756.01,0.2081947851605933,155.54777777777778,9.0,0.3333333333333333,6.0,0.16666666666666666,40.0,1.0,52.5,18,18.0,6,6,6,6,6,276,295,69,0.4288,0.0,0.2614,0.1292,T2,False,none
a89d2b6f-87a5-4b7e-953c-4e6dc915e644,4.0,0.4444444444444444,3.0,7259.610000000001,1814.9025000000001,1909.7183698192252,52,1,4.0,1.0,19.0,4.0,1.0,0.25,4.0,1.0,12.0,4.0,1.0,0.25,0.4444444444444444,1814.9025000000001,4542.04,0.6256589541311447,192.31972222222223,15.0,0.25,4.0,0.25,41.0,3.0,62.5,12,12.0,4,4,4,4,4,218,228,124,0.2408,0.0806,0.3579,0.2431,T2,False,none
866c54ab-7fe9-4cb0-8c7d-ccb80d70c9ef,2.0,0.2222222222222222,2.0,9025.07,4512.535,58.27266983758328,28,1,2.0,1.0,15.0,2.0,1.0,0.5,2.0,1.0,15.0,2.0,1.0,0.5,0.2222222222222222,4512.535,4553.74,0.5045656155575524,83.46138888888889,4.0,0.5,2.0,0.5,42.0,0.0,94.0,6,6.0,2,2,2,2,2,114,117,119,0.2635,0.0,0.3946,0.1939,T2,False,none
1a238155-55c4-4a39-a892-8f4025bf9afe,4.0,0.4444444444444444,4.0,10414.16,2603.54,1195.7780100559355,79,0,4.0,1.0,18.0,4.0,1.0,0.25,4.0,1.0,7.0,4.0,1.0,0.25,0.4444444444444444,2603.54,3771.36,0.36213770481728724,165.86222222222221,2.0,0.25,4.0,0.25,39.0,0.0,62.25,12,12.0,4,4,4,4,4,179,192,80,0.3873,0.0,0.2639,0.1532,T2,False,none
fab3fac4-b53f-4a12-b959-962e26517a78,3.0,0.3333333333333333,2.0,9673.84,3224.6133333333332,1568.2043609597993,32,1,3.0,1.0,17.0,3.0,1.0,0.3333333333333333,3.0,1.0,12.0,3.0,1.0,0.3333333333333333,0.3333333333333333,3224.6133333333332,4833.2,0.4996154577706474,37.75555555555555,5.0,0.6666666666666666,3.0,0.3333333333333333,36.0,1.0,69.33333333333333,9,9.0,3,3,3,3,3,156,161,80,0.3873,0.0,0.2639,0.1532,T2,False,none
bddce64b-690d-46c2-a648-d63eb171bfbe,3.0,0.3333333333333333,3.0,9185.92,3061.9733333333334,2538.713334788576,36,1,3.0,1.0,18.0,3.0,1.0,0.3333333333333333,3.0,1.0,10.0,3.0,1.0,0.3333333333333333,0.3333333333333333,3061.9733333333334,4705.67,0.5122698651849787,163.20111111111112,1.0,0.3333333333333333,3.0,0.3333333333333333,44.0,3.0,69.33333333333333,9,9.0,3,3,3,3,3,159,168,136,0.2576,0.0,0.4342,0.2507,T2,False,none
049a556a-a56e-42e9-a803-df23c2c6e5b4,4.0,0.4444444444444444,4.0,8882.34,2220.585,1916.9516760123786,37,0,4.0,1.0,22.0,4.0,1.0,0.25,4.0,1.0,10.0,4.0,1.0,0.25,0.4444444444444444,2220.585,3946.49,0.4443074685274376,227.15916666666666,3.0,0.0,4.0,0.25,44.0,0.0,49.0,12,12.0,4,4,4,4,4,210,218,119,0.2635,0.0,0.3946,0.1939,T2,False,none
23c04224-f840-4897-a60e-a48b2a078466,4.0,0.4444444444444444,4.0,10043.66,2510.915,1164.222755733054,68,1,4.0,1.0,22.0,4.0,1.0,0.25,4.0,1.0,9.0,4.0,1.0,0.25,0.4444444444444444,2510.915,3688.91,0.3672874231106987,181.74083333333334,10.0,0.0,4.0,0.25,42.0,0.0,54.0,12,12.0,4,4,4,4,4,210,218,157,0.2333,0.0,0.3976,0.2695,T2,False,none
78eaa1e4-d950-41cd-af6e-e2162e186e70,3.0,0.3333333333333333,3.0,10508.14,3502.713333333333,923.2771512570498,83,1,3.0,1.0,13.0,3.0,1.0,0.3333333333333333,3.0,1.0,10.0,3.0,1.0,0.3333333333333333,0.3333333333333333,3502.713333333333,4330.24,0.4120843460403078,170.11138888888888,2.0,0.0,3.0,0.3333333333333333,46.0,3.0,51.333333333333336,9,9.0,3,3,3,3,3,155,165,80,0.4259,0.0,0.2617,0.1285,T2,False,none
06e166ef-c3f4-41cc-a8a6-4317196398c9,3.0,0.3333333333333333,2.0,11381.0,3793.6666666666665,543.2212032251073,13,1,3.0,1.0,17.0,3.0,1.0,0.3333333333333333,3.0,1.0,11.0,3.0,1.0,0.3333333333333333,0.3333333333333333,3793.6666666666665,4416.86,0.3880906774448642,54.48833333333334,1.0,0.0,3.0,0.3333333333333333,33.0,0.0,77.66666666666667,9,9.0,3,3,3,3,3,137,140,211,0.1668,0.0,0.5966,0.3124,T2,False,none
96aa6715-905c-4dce-b54e-06079fe5b7e2,3.0,0.3333333333333333,2.0,8631.11,2877.036666666667,1446.3917757763052,19,0,3.0,1.0,14.0,3.0,1.0,0.3333333333333333,3.0,1.0,14.0,3.0,1.0,0.3333333333333333,0.3333333333333333,2877.036666666667,4503.34,0.5217567612972144,129.00472222222223,8.0,0.0,3.0,0.3333333333333333,37.0,0.0,61.0,9,9.0,3,3,3,3,3,146,152,75,0.4631,0.0,0.2745,0.1623,T2,False,none
bf644140-21a6-45e7-a434-9092c256afe9,1.0,0.1111111111111111,1.0,3005.37,3005.37,0.0,55,0,1.0,1.0,15.0,1.0,1.0,1.0,1.0,1.0,8.0,1.0,1.0,1.0,0.1111111111111111,3005.37,3005.37,1.0,0.0,18.0,0.0,1.0,1.0,37.0,0.0,84.0,3,3.0,1,1,1,1,1,57,57,211,0.1668,0.0,0.5966,0.3124,T2,False,none
388eb156-7894-4ab4-b6cf-c6a84f9d40d8,3.0,0.3333333333333333,3.0,8159.97,2719.9900000000002,1679.5381304692073,98,1,3.0,1.0,19.0,3.0,1.0,0.3333333333333333,3.0,1.0,6.0,3.0,1.0,0.3333333333333333,0.3333333333333333,2719.9900000000002,4538.83,0.5562312116343565,73.1588888888889,7.0,0.3333333333333333,3.0,0.3333333333333333,46.0,0.0,47.0,9,9.0,3,3,3,3,3,157,163,83,0.4146,0.0,0.3286,0.1462,T2,False,none
9d877b58-bb85-4523-9ee9-61b52347388e,17.0,1.8888888888888888,9.0,25125.54,1477.9729411764706,946.9628918070438,0,1,5.0,3.4,25.0,5.0,1.0,0.4117647058823529,4.0,4.25,19.0,4.0,1.0,0.47058823529411764,1.8888888888888888,1477.9729411764706,3976.81,0.15827759323779708,228.5375,3.0,0.058823529411764705,3.0,0.8823529411764706,40.0,1.0,36.35294117647059,12,51.0,5,4,3,5,4,182,235,124,0.2408,0.0806,0.3579,0.2431,T2,True,cluster_001
580fd2e0-afc6-4617-af05-6a9303b7a77a,4.0,0.4444444444444444,4.0,11834.99,2958.7475,1085.5120643387618,45,0,4.0,1.0,20.0,4.0,1.0,0.25,4.0,1.0,12.0,4.0,1.0,0.25,0.4444444444444444,2958.7475,4452.9,0.37624873362799627,145.28305555555556,11.0,0.5,4.0,0.25,38.0,3.0,72.0,12,12.0,4,4,4,4,4,204,223,136,0.2576,0.0,0.4342,0.2507,T2,False,none
7adad5cf-ea31-481f-8120-5fc7f229d155,4.0,0.4444444444444444,3.0,10136.04,2534.01,1798.9314338425093,78,0,4.0,1.0,25.0,4.0,1.0,0.25,4.0,1.0,10.0,4.0,1.0,0.25,0.4444444444444444,2534.01,4027.28,0.3973228203519323,192.41666666666666,0.0,0.0,4.0,0.25,35.0,3.0,50.5,12,12.0,4,4,4,4,4,205,212,210,0.1869,0.0,0.5526,0.3216,T2,False,none
47778071-58ff-4853-a323-5d34af911423,5.0,0.5555555555555556,3.0,8928.31,1785.6619999999998,1080.6443747921885,29,0,5.0,1.0,25.0,5.0,1.0,0.2,5.0,1.0,9.0,5.0,1.0,0.2,0.5555555555555556,1785.6619999999998,3194.99,0.35784935782919725,90.94222222222223,5.0,0.0,5.0,0.2,42.0,0.0,51.0,15,15.0,5,5,5,5,5,253,272,119,0.3255,0.0,0.3993,0.1775,T2,False,none
87b5cb0a-2f03-4e3b-9e54-82b70c7d3bf6,5.0,0.5555555555555556,4.0,9616.39,1923.2779999999998,1654.3442485226585,49,1,5.0,1.0,20.0,5.0,1.0,0.2,5.0,1.0,10.0,5.0,1.0,0.2,0.5555555555555556,1923.2779999999998,4793.86,0.49850931586593306,173.1977777777778,21.0,0.0,5.0,0.2,44.0,0.0,46.6,15,15.0,5,5,5,5,5,276,294,124,0.2408,0.0806,0.3579,0.2431,T2,False,none
b902b0f9-9e85-44ee-bf6d-8f462a44a639,3.0,0.3333333333333333,3.0,7495.879999999999,2498.6266666666666,664.9420069700315,51,1,3.0,1.0,16.0,3.0,1.0,0.3333333333333333,3.0,1.0,9.0,3.0,1.0,0.3333333333333333,0.3333333333333333,2498.6266666666666,2957.89,0.39460210142104735,115.62472222222222,4.0,0.3333333333333333,3.0,0.3333333333333333,37.0,0.0,66.0,9,9.0,3,3,3,3,3,147,154,80,0.4259,0.0,0.2617,0.1285,T2,False,none
89b83584-4b0d-4b6c-a88c-723859ddd3c9,7.0,0.7777777777777778,6.0,17656.48,2522.3542857142857,677.9817404585746,17,0,7.0,1.0,16.0,7.0,1.0,0.14285714285714285,7.0,1.0,10.0,7.0,1.0,0.14285714285714285,0.7777777777777778,2522.3542857142857,3304.85,0.18717490688970848,236.96444444444444,0.0,0.2857142857142857,6.0,0.2857142857142857,46.0,1.0,51.57142857142857,20,21.0,7,7,6,7,7,301,330,80,0.3873,0.0,0.2639,0.1532,T2,False,none
6f003c8d-3b1e-48e7-96e6-85eac00e7531,2.0,0.2222222222222222,2.0,5406.61,2703.305,3188.6202480148054,83,1,2.0,1.0,19.0,2.0,1.0,0.5,2.0,1.0,14.0,2.0,1.0,0.5,0.2222222222222222,2703.305,4958.0,0.9170256408359397,68.35027777777778,1.0,0.0,2.0,0.5,31.0,1.0,43.5,6,6.0,2,2,2,2,2,104,107,136,0.2576,0.0,0.4342,0.2507,T2,False,none
1160e2aa-dfc3-4f6d-aa13-02bab335ae4e,6.0,0.6666666666666666,5.0,14699.22,2449.87,1778.6362695728433,65,1,6.0,1.0,20.0,6.0,1.0,0.16666666666666666,6.0,1.0,12.0,6.0,1.0,0.16666666666666666,0.6666666666666666,2449.87,4457.16,0.3032242527154502,164.92777777777778,16.0,0.16666666666666666,6.0,0.16666666666666666,42.0,0.0,54.166666666666664,18,18.0,6,6,6,6,6,291,317,157,0.2333,0.0,0.3976,0.2695,T2,False,none
39bb5ba5-cf7c-414a-b511-8f5e32ba9252,4.0,0.4444444444444444,4.0,8565.55,2141.3875,1367.9961241995534,96,1,4.0,1.0,13.0,4.0,1.0,0.25,4.0,1.0,9.0,4.0,1.0,0.25,0.4444444444444444,2141.3875,4123.74,0.4814331829246225,86.82833333333333,0.0,0.5,4.0,0.25,40.0,0.0,66.5,12,12.0,4,4,4,4,4,184,194,124,0.2408,0.0806,0.3579,0.2431,T2,False,none
370ecf6a-c473-4150-823b-bae0f3095f81,1.0,0.1111111111111111,1.0,2084.37,2084.37,0.0,98,1,1.0,1.0,8.0,1.0,1.0,1.0,1.0,1.0,7.0,1.0,1.0,1.0,0.1111111111111111,2084.37,2084.37,1.0,0.0,22.0,0.0,1.0,1.0,27.0,1.0,31.0,3,3.0,1,1,1,1,1,38,39,119,0.3255,0.0,0.3993,0.1775,T2,False,none
dcb9d34f-3050-46f9-acae-f592a8e7e186,4.0,0.4444444444444444,4.0,17294.19,4323.5475,426.594532811896,45,1,4.0,1.0,19.0,4.0,1.0,0.25,4.0,1.0,9.0,4.0,1.0,0.25,0.4444444444444444,4323.5475,4653.38,0.2690718674884456,182.1536111111111,8.0,0.0,4.0,0.25,44.0,0.0,83.25,12,12.0,4,4,4,4,4,209,219,136,0.2576,0.0,0.4342,0.2507,T2,False,none
5cf6f0b6-325b-4030-b1e2-34a3ab873e9c,3.0,0.3333333333333333,2.0,6156.19,2052.063333333333,1494.100562623993,40,1,3.0,1.0,20.0,3.0,1.0,0.3333333333333333,3.0,1.0,10.0,3.0,1.0,0.3333333333333333,0.3333333333333333,2052.063333333333,3620.66,0.5881332447504057,27.301388888888887,6.0,0.0,3.0,0.3333333333333333,38.0,0.0,55.0,9,9.0,3,3,3,3,3,153,164,75,0.4631,0.0,0.2745,0.1623,T2,False,none
2dd6fa40-e4a4-4b48-989f-81d77cc592ad,2.0,0.2222222222222222,2.0,5772.379999999999,2886.1899999999996,1939.777748557808,24,0,2.0,1.0,17.0,2.0,1.0,0.5,2.0,1.0,8.0,2.0,1.0,0.5,0.2222222222222222,2886.1899999999996,4257.82,0.7376194914402725,119.23944444444444,11.0,0.0,2.0,0.5,44.0,1.0,88.5,6,6.0,2,2,2,2,2,104,110,136,0.2576,0.0,0.4342,0.2507,T2,False,none
ab93c36d-fb73-414a-8fbd-fd2f6f6a4764,5.0,0.5555555555555556,5.0,11590.289999999999,2318.058,1053.3985539766038,36,0,5.0,1.0,18.0,5.0,1.0,0.2,5.0,1.0,11.0,5.0,1.0,0.2,0.5555555555555556,2318.058,3906.24,0.3370269423802166,171.17555555555555,1.0,0.2,5.0,0.2,43.0,3.0,36.2,15,15.0,5,5,5,5,5,247,266,211,0.1668,0.0,0.5966,0.3124,T2,False,none
7bada11d-631d-421c-9721-e18ad7f54248,2.0,0.2222222222222222,2.0,3327.37,1663.685,943.7824919174968,89,0,2.0,1.0,12.0,2.0,1.0,0.5,2.0,1.0,12.0,2.0,1.0,0.5,0.2222222222222222,1663.685,2331.04,0.7005653113419908,51.33583333333333,0.0,0.5,2.0,0.5,32.0,0.0,71.5,6,6.0,2,2,2,2,2,97,98,160,0.1969,0.0,0.388,0.2723,T2,False,none
8c5c40df-f5b9-4d19-85ba-740d1671f036,5.0,0.5555555555555556,4.0,8319.01,1663.8020000000001,814.572625166105,42,0,5.0,1.0,22.0,5.0,1.0,0.2,5.0,1.0,8.0,5.0,1.0,0.2,0.5555555555555556,1663.8020000000001,2950.39,0.35465638339177374,141.54055555555556,12.0,0.2,5.0,0.2,44.0,0.0,48.8,15,15.0,5,5,5,5,5,259,283,119,0.3255,0.0,0.3993,0.1775,T2,False,none
9f90e545-4220-45db-a38b-3f5f474071e3,6.0,0.6666666666666666,3.0,13784.48,2297.4133333333334,1831.696504770009,82,1,6.0,1.0,19.0,6.0,1.0,0.16666666666666666,6.0,1.0,15.0,6.0,1.0,0.16666666666666666,0.6666666666666666,2297.4133333333334,4943.38,0.35861925876057715,80.17333333333333,6.0,0.3333333333333333,6.0,0.16666666666666666,41.0,0.0,49.5,18,18.0,6,6,6,6,6,302,323,124,0.2408,0.0806,0.3579,0.2431,T2,False,none
13ef43e5-f7bf-4a0d-8d80-740ce742bf00,2.0,0.2222222222222222,2.0,629.87,314.935,122.09612790748115,87,1,2.0,1.0,21.0,2.0,1.0,0.5,2.0,1.0,6.0,2.0,1.0,0.5,0.2222222222222222,314.935,401.27,0.6370679664057662,34.00083333333333,3.0,0.0,2.0,0.5,38.0,3.0,62.0,6,6.0,2,2,2,2,2,111,113,211,0.1668,0.0,0.5966,0.3124,T2,False,none
975bd36d-f549-4576-88ac-c0775e98d43f,5.0,0.5555555555555556,4.0,14497.38,2899.4759999999997,945.8269889255646,69,1,5.0,1.0,18.0,5.0,1.0,0.2,5.0,1.0,13.0,5.0,1.0,0.2,0.5555555555555556,2899.4759999999997,4030.97,0.27804817146270566,79.29083333333334,14.0,0.4,5.0,0.2,38.0,1.0,48.2,15,15.0,5,5,5,5,5,237,256,119,0.3255,0.0,0.3993,0.1775,T2,False,none
d32e8def-8c45-4860-81ec-e6fa9809d7fb,7.0,0.7777777777777778,4.0,21204.47,3029.21,1316.8017260519268,14,1,7.0,1.0,18.0,7.0,1.0,0.14285714285714285,7.0,1.0,10.0,7.0,1.0,0.14285714285714285,0.7777777777777778,3029.21,4789.72,0.22588256155423833,136.37972222222223,0.0,0.42857142857142855,7.0,0.14285714285714285,42.0,0.0,48.714285714285715,21,21.0,7,7,7,7,7,304,339,112,0.2905,0.0,0.3574,0.1777,T2,False,none
4b439693-9faf-4fbe-b4cd-6ff23108d8e3,4.0,0.4444444444444444,4.0,14799.08,3699.77,1536.005904198722,70,1,4.0,1.0,19.0,4.0,1.0,0.25,4.0,1.0,10.0,4.0,1.0,0.25,0.4444444444444444,3699.77,4865.16,0.3287474626801125,175.01694444444445,8.0,0.25,4.0,0.25,44.0,0.0,33.0,12,12.0,4,4,4,4,4,208,223,75,0.4631,0.0,0.2745,0.1623,T2,False,none
3d13e804-bb42-447e-92f1-edd3e6a18fcd,5.0,0.5555555555555556,5.0,16016.52,3203.304,1030.4226384013502,32,0,5.0,1.0,15.0,5.0,1.0,0.2,5.0,1.0,11.0,5.0,1.0,0.2,0.5555555555555556,3203.304,4463.45,0.2786778900784939,131.39916666666667,1.0,0.0,5.0,0.2,40.0,2.0,71.8,15,15.0,5,5,5,5,5,233,254,119,0.2635,0.0,0.3946,0.1939,T2,False,none
ade3c839-f21e-4f8b-86dd-291b29de84b8,2.0,0.2222222222222222,2.0,6782.459999999999,3391.2299999999996,1832.5945026655515,52,1,2.0,1.0,25.0,2.0,1.0,0.5,2.0,1.0,7.0,2.0,1.0,0.5,0.2222222222222222,3391.2299999999996,4687.07,0.6910575219020828,182.84972222222223,4.0,0.0,2.0,0.5,43.0,2.0,63.0,6,6.0,2,2,2,2,2,114,120,160,0.1969,0.0,0.388,0.2723,T2,False,none
530445e2-b026-44c6-96b6-ebc84da99151,2.0,0.2222222222222222,2.0,3529.0899999999997,1764.5449999999998,1932.7703203562494,99,0,2.0,1.0,15.0,2.0,1.0,0.5,2.0,1.0,9.0,2.0,1.0,0.5,0.2222222222222222,1764.5449999999998,3131.22,0.8872598885265041,23.24,16.0,0.0,2.0,0.5,34.0,0.0,56.0,6,6.0,2,2,2,2,2,105,106,211,0.1668,0.0,0.5966,0.3124,T2,False,none
0e3fe2e4-737a-4f1c-aab6-da8b373cacbb,2.0,0.2222222222222222,2.0,4610.25,2305.125,2234.4362153460547,31,1,2.0,1.0,17.0,2.0,1.0,0.5,2.0,1.0,11.0,2.0,1.0,0.5,0.2222222222222222,2305.125,3885.11,0.8427113497098856,69.21916666666667,10.0,0.5,2.0,0.5,35.0,3.0,59.5,6,6.0,2,2,2,2,2,106,108,83,0.4146,0.0,0.3286,0.1462,T2,False,none
bd406a1e-a14a-4534-95f3-9ebed6125b5d,4.0,0.4444444444444444,4.0,12852.28,3213.07,931.3789490857091,90,0,4.0,1.0,18.0,4.0,1.0,0.25,4.0,1.0,14.0,4.0,1.0,0.25,0.4444444444444444,3213.07,4217.34,0.3281394429626494,161.3625,16.0,0.25,4.0,0.25,46.0,2.0,37.0,12,12.0,4,4,4,4,4,224,237,119,0.2253,0.0,0.3893,0.1815,T2,False,none
b69c75f2-2582-4bf9-a6c0-7de87b554c11,7.0,0.7777777777777778,4.0,18835.010000000002,2690.7157142857145,1549.903863393438,70,0,7.0,1.0,19.0,7.0,1.0,0.14285714285714285,7.0,1.0,16.0,7.0,1.0,0.14285714285714285,0.7777777777777778,2690.7157142857145,4970.38,0.26389048904141804,113.71833333333333,2.0,0.2857142857142857,6.0,0.2857142857142857,40.0,1.0,61.714285714285715,20,21.0,7,7,6,7,7,292,324,124,0.2408,0.0806,0.3579,0.2431,T2,False,none
178ba170-beb1-4d8a-9518-84612ba6923a,9.0,1.0,6.0,25090.12,2787.791111111111,1490.5886655818606,12,1,9.0,1.0,16.0,9.0,1.0,0.1111111111111111,9.0,1.0,19.0,9.0,1.0,0.1111111111111111,1.0,2787.791111111111,4529.58,0.1805324167441208,190.9086111111111,22.0,0.0,9.0,0.1111111111111111,43.0,3.0,70.55555555555556,27,27.0,9,9,9,9,9,396,439,157,0.2333,0.0,0.3976,0.2695,T2,False,none
f7f9fe53-86c8-406f-9a04-d1a2a0ea1c26,4.0,0.4444444444444444,3.0,12286.939999999999,3071.7349999999997,1429.5778305150088,65,1,4.0,1.0,14.0,4.0,1.0,0.25,4.0,1.0,14.0,4.0,1.0,0.25,0.4444444444444444,3071.7349999999997,4440.28,0.3613820853686923,82.49583333333334,1.0,0.25,4.0,0.25,44.0,0.0,41.75,12,12.0,4,4,4,4,4,227,240,75,0.4631,0.0,0.2745,0.1623,T2,False,none
7035f561-c10a-4ac0-9e08-3d725b2108e5,6.0,0.6666666666666666,5.0,11157.07,1859.5116666666665,923.7105008045901,49,0,6.0,1.0,18.0,6.0,1.0,0.16666666666666666,6.0,1.0,11.0,6.0,1.0,0.16666666666666666,0.6666666666666666,1859.5116666666665,2983.14,0.26737664996275906,199.87277777777777,0.0,0.16666666666666666,6.0,0.16666666666666666,44.0,2.0,68.66666666666667,18,18.0,6,6,6,6,6,282,303,136,0.2576,0.0,0.4342,0.2507,T2,False,none
b1b007f0-b9cf-4a4c-908d-f1c45d4a063a,3.0,0.3333333333333333,3.0,2492.38,830.7933333333334,285.1641604994101,13,1,3.0,1.0,17.0,3.0,1.0,0.3333333333333333,3.0,1.0,13.0,3.0,1.0,0.3333333333333333,0.3333333333333333,830.7933333333334,1131.41,0.45394763238350494,155.0063888888889,11.0,0.3333333333333333,3.0,0.3333333333333333,39.0,0.0,71.66666666666667,9,9.0,3,3,3,3,3,161,171,112,0.2905,0.0,0.3574,0.1777,T2,False,none
05e3bf17-80f0-4d6a-bf34-87395ea2de6d,8.0,0.8888888888888888,5.0,31193.25,3899.15625,541.667931932405,25,0,7.0,1.1428571428571428,22.0,7.0,1.0,0.25,8.0,1.0,12.0,8.0,1.0,0.125,0.8888888888888888,3899.15625,4566.88,0.14640603335657554,140.8386111111111,13.0,0.125,8.0,0.125,46.0,0.0,45.875,23,24.0,7,8,8,7,8,403,454,124,0.2408,0.0806,0.3579,0.2431,T2,False,none
af54dfd8-ddc5-42f5-9e80-d71c8de202e5,7.0,0.7777777777777778,5.0,21376.33,3053.761428571429,1500.21748484932,39,0,7.0,1.0,21.0,7.0,1.0,0.14285714285714285,7.0,1.0,11.0,7.0,1.0,0.14285714285714285,0.7777777777777778,3053.761428571429,4884.02,0.22847794733707796,202.9225,2.0,0.14285714285714285,7.0,0.14285714285714285,37.0,0.0,36.857142857142854,21,21.0,7,7,7,7,7,348,374,210,0.1869,0.0,0.5526,0.3216,T2,False,none
e229c552-a82c-4663-abda-fafcd3616d73,8.0,0.8888888888888888,6.0,20296.27,2537.03375,1621.2584422508469,31,0,8.0,1.0,21.0,8.0,1.0,0.125,7.0,1.1428571428571428,11.0,7.0,1.0,0.25,0.8888888888888888,2537.03375,4649.13,0.22906327123161055,222.3711111111111,15.0,0.375,8.0,0.125,39.0,0.0,45.25,23,24.0,8,7,8,8,7,364,409,210,0.1869,0.0,0.5526,0.3216,T2,False,none
cbac75f3-218f-461e-a5da-1e00308c8671,4.0,0.4444444444444444,3.0,11083.06,2770.765,694.2318389174231,37,1,4.0,1.0,19.0,4.0,1.0,0.25,4.0,1.0,12.0,4.0,1.0,0.25,0.4444444444444444,2770.765,3313.11,0.29893459026658703,31.945,3.0,0.25,4.0,0.25,36.0,1.0,68.5,12,12.0,4,4,4,4,4,194,205,119,0.2635,0.0,0.3946,0.1939,T2,False,none
0c4c07f5-66ac-40b9-bf30-558a914495ba,3.0,0.3333333333333333,3.0,9613.25,3204.4166666666665,1637.2269526957264,62,0,3.0,1.0,19.0,3.0,1.0,0.3333333333333333,3.0,1.0,11.0,3.0,1.0,0.3333333333333333,0.3333333333333333,3204.4166666666665,4311.26,0.4484706004733051,80.9325,4.0,0.0,3.0,0.3333333333333333,40.0,0.0,63.0,9,9.0,3,3,3,3,3,158,166,80,0.3873,0.0,0.2639,0.1532,T2,False,none
35050965-1854-4aaf-8b8e-48fe8456f5c4,3.0,0.3333333333333333,3.0,7344.81,2448.27,1340.6175636996556,30,1,3.0,1.0,19.0,3.0,1.0,0.3333333333333333,3.0,1.0,8.0,3.0,1.0,0.3333333333333333,0.3333333333333333,2448.27,3601.78,0.49038436664801405,84.44361111111111,4.0,0.3333333333333333,3.0,0.3333333333333333,36.0,0.0,69.66666666666667,9,9.0,3,3,3,3,3,144,156,69,0.4288,0.0,0.2614,0.1292,T2,False,none
6e4b629c-832e-47b6-910a-371cdcf1a5ea,5.0,0.5555555555555556,3.0,9212.98,1842.596,1392.750130597732,30,1,5.0,1.0,15.0,5.0,1.0,0.2,5.0,1.0,10.0,5.0,1.0,0.2,0.5555555555555556,1842.596,3254.37,0.35323749753065786,179.92833333333334,7.0,0.0,5.0,0.2,35.0,0.0,47.2,15,15.0,5,5,5,5,5,228,240,112,0.2905,0.0,0.3574,0.1777,T2,False,none
183d3e23-4349-4102-9046-05a055349748,3.0,0.3333333333333333,3.0,7950.549999999999,2650.183333333333,1970.9750486582352,96,0,3.0,1.0,14.0,3.0,1.0,0.3333333333333333,3.0,1.0,6.0,3.0,1.0,0.3333333333333333,0.3333333333333333,2650.183333333333,4919.94,0.6188175660803341,113.42,8.0,0.0,3.0,0.3333333333333333,43.0,0.0,29.666666666666668,9,9.0,3,3,3,3,3,148,155,211,0.1668,0.0,0.5966,0.3124,T2,False,none
b63278c2-a7d9-4b71-8332-55a2423ce645,2.0,0.2222222222222222,2.0,3732.6099999999997,1866.3049999999998,896.3497690355031,26,0,2.0,1.0,20.0,2.0,1.0,0.5,2.0,1.0,8.0,2.0,1.0,0.5,0.2222222222222222,1866.3049999999998,2500.12,0.6698047746750934,78.85222222222222,0.0,0.0,2.0,0.5,44.0,0.0,50.0,6,6.0,2,2,2,2,2,112,116,75,0.4631,0.0,0.2745,0.1623,T2,False,none
d34b5775-fba4-47fb-844a-0c8c60e5edf9,1.0,0.1111111111111111,1.0,508.65,508.65,0.0,15,0,1.0,1.0,19.0,1.0,1.0,1.0,1.0,1.0,8.0,1.0,1.0,1.0,0.1111111111111111,508.65,508.65,1.0,0.0,1.0,0.0,1.0,1.0,46.0,1.0,26.0,3,3.0,1,1,1,1,1,69,70,83,0.4146,0.0,0.3286,0.1462,T2,False,none
1faedce0-f4e4-4fca-aeaf-04e98c928712,3.0,0.3333333333333333,2.0,4472.54,1490.8466666666666,220.92926839450988,77,0,3.0,1.0,13.0,3.0,1.0,0.3333333333333333,3.0,1.0,10.0,3.0,1.0,0.3333333333333333,0.3333333333333333,1490.8466666666666,1726.24,0.38596412776632516,130.29222222222222,1.0,0.6666666666666666,3.0,0.3333333333333333,42.0,3.0,38.666666666666664,9,9.0,3,3,3,3,3,147,158,69,0.4288,0.0,0.2614,0.1292,T2,False,none
5f0410d5-a320-4ebf-a7ea-0337e756a69d,4.0,0.4444444444444444,4.0,4550.81,1137.7025,1267.8477165226377,47,0,4.0,1.0,19.0,4.0,1.0,0.25,4.0,1.0,13.0,4.0,1.0,0.25,0.4444444444444444,1137.7025,2872.75,0.6312612479976092,84.38694444444444,0.0,0.25,4.0,0.25,41.0,1.0,52.25,12,12.0,4,4,4,4,4,208,220,69,0.4288,0.0,0.2614,0.1292,T2,False,none
b672e30e-b86f-4415-93be-59c0c518896f,7.0,0.7777777777777778,7.0,14695.880000000001,2099.4114285714286,1577.033703945782,70,0,7.0,1.0,20.0,7.0,1.0,0.14285714285714285,7.0,1.0,9.0,7.0,1.0,0.14285714285714285,0.7777777777777778,2099.4114285714286,3818.15,0.2598109129905797,218.61111111111111,1.0,0.14285714285714285,7.0,0.14285714285714285,47.0,0.0,71.71428571428571,21,21.0,7,7,7,7,7,352,390,80,0.4937,0.0,0.285,0.1235,T2,False,none
f5808ae0-041e-4c7b-a566-ffc9fa921cc8,3.0,0.3333333333333333,3.0,3557.56,1185.8533333333332,587.3852506092857,89,1,3.0,1.0,18.0,3.0,1.0,0.3333333333333333,3.0,1.0,10.0,3.0,1.0,0.3333333333333333,0.3333333333333333,1185.8533333333332,1550.95,0.43595891566129596,181.8,2.0,0.0,3.0,0.3333333333333333,33.0,0.0,47.0,9,9.0,3,3,3,3,3,138,149,211,0.1668,0.0,0.5966,0.3124,T2,False,none
6949d0ef-ed3e-4b98-a06f-38f5f7c531f3,6.0,0.6666666666666666,4.0,11991.2,1998.5333333333335,1288.249063072303,59,0,6.0,1.0,14.0,6.0,1.0,0.16666666666666666,6.0,1.0,11.0,6.0,1.0,0.16666666666666666,0.6666666666666666,1998.5333333333335,4444.46,0.3706434718793782,198.06055555555557,10.0,0.0,6.0,0.16666666666666666,43.0,1.0,46.666666666666664,18,18.0,6,6,6,6,6,281,307,210,0.1869,0.0,0.5526,0.3216,T2,False,none
3c62480a-2351-4bc9-8274-2b56871c29c5,2.0,0.2222222222222222,2.0,2832.26,1416.13,878.7357391161464,61,0,2.0,1.0,12.0,2.0,1.0,0.5,2.0,1.0,7.0,2.0,1.0,0.5,0.2222222222222222,1416.13,2037.49,0.7193866382323656,60.1775,3.0,0.0,2.0,0.5,36.0,2.0,94.5,6,6.0,2,2,2,2,2,91,91,119,0.2635,0.0,0.3946,0.1939,T2,False,none
d82474ce-1678-4224-be89-9315488e94d5,4.0,0.4444444444444444,3.0,5005.94,1251.485,1262.0466228709618,31,1,4.0,1.0,15.0,4.0,1.0,0.25,4.0,1.0,11.0,4.0,1.0,0.25,0.4444444444444444,1251.485,3043.41,0.6079597438243367,91.79138888888889,3.0,0.0,4.0,0.25,38.0,0.0,65.5,12,12.0,4,4,4,4,4,186,194,119,0.3255,0.0,0.3993,0.1775,T2,False,none
189aa677-f32a-482a-b85e-9ff9b2c1e129,13.0,1.4444444444444444,7.0,10800.42,830.8015384615385,424.9108085988194,0,0,5.0,2.6,25.0,5.0,1.0,0.3076923076923077,4.0,3.25,19.0,4.0,1.0,0.6153846153846154,1.4444444444444444,830.8015384615385,1543.33,0.14289536888380266,179.42333333333335,21.0,0.15384615384615385,3.0,0.8461538461538461,40.0,1.0,46.15384615384615,12,39.0,5,4,3,5,4,186,247,124,0.2408,0.0806,0.3579,0.2431,T2,True,cluster_001
79654ff3-f452-461b-8a15-46cdee8bd13a,3.0,0.3333333333333333,3.0,6403.639999999999,2134.5466666666666,1360.809028862365,74,1,3.0,1.0,15.0,3.0,1.0,0.3333333333333333,3.0,1.0,15.0,3.0,1.0,0.3333333333333333,0.3333333333333333,2134.5466666666666,3451.49,0.5389887626412478,129.57944444444445,8.0,0.0,3.0,0.3333333333333333,33.0,3.0,42.0,9,9.0,3,3,3,3,3,141,149,119,0.2253,0.0,0.3893,0.1815,T2,False,none
dec844b7-9f24-4711-bd93-9cda3d97911d,2.0,0.2222222222222222,2.0,3363.12,1681.56,351.7997657759311,93,1,2.0,1.0,14.0,2.0,1.0,0.5,2.0,1.0,9.0,2.0,1.0,0.5,0.2222222222222222,1681.56,1930.32,0.5739670306144294,99.41805555555555,5.0,0.0,2.0,0.5,38.0,2.0,65.0,6,6.0,2,2,2,2,2,104,107,210,0.1869,0.0,0.5526,0.3216,T2,False,none
b3f9dc78-6469-482d-8121-30ab9ffa85ff,2.0,0.2222222222222222,2.0,3813.7,1906.85,514.1231984651149,59,1,2.0,1.0,13.0,2.0,1.0,0.5,2.0,1.0,13.0,2.0,1.0,0.5,0.2222222222222222,1906.85,2270.39,0.5953247502425466,50.58361111111111,5.0,0.0,2.0,0.5,41.0,0.0,82.0,6,6.0,2,2,2,2,2,109,113,80,0.4937,0.0,0.285,0.1235,T2,False,none
b1242ea8-2819-4f05-ba59-867121c61c05,3.0,0.3333333333333333,3.0,8434.36,2811.4533333333334,1006.891177651951,95,1,3.0,1.0,22.0,3.0,1.0,0.3333333333333333,3.0,1.0,9.0,3.0,1.0,0.3333333333333333,0.3333333333333333,2811.4533333333334,3479.91,0.4125873213853807,85.71472222222222,5.0,0.3333333333333333,3.0,0.3333333333333333,31.0,0.0,47.333333333333336,9,9.0,3,3,3,3,3,145,149,119,0.3255,0.0,0.3993,0.1775,T2,False,none
66188d1e-9d29-4db9-9356-815b1aafba8b,5.0,0.5555555555555556,3.0,12447.5,2489.5,1530.739791326403,38,1,5.0,1.0,21.0,5.0,1.0,0.2,5.0,1.0,12.0,5.0,1.0,0.2,0.5555555555555556,2489.5,4212.9,0.3384535047198232,189.2838888888889,3.0,0.0,5.0,0.2,43.0,0.0,74.0,15,15.0,5,5,5,5,5,242,255,136,0.2576,0.0,0.4342,0.2507,T2,False,none
1c4ba980-63ab-4dbb-9fd7-a6214afcfa4c,2.0,0.2222222222222222,2.0,7164.7,3582.35,1259.9228627181906,96,1,2.0,1.0,27.0,2.0,1.0,0.5,2.0,1.0,12.0,2.0,1.0,0.5,0.2222222222222222,3582.35,4473.25,0.6243457506943766,4.983611111111111,3.0,0.0,2.0,0.5,39.0,0.0,80.5,6,6.0,2,2,2,2,2,109,111,210,0.1869,0.0,0.5526,0.3216,T2,False,none
3ccc5572-d47f-48b4-91f2-69e0aa58d6e2,4.0,0.4444444444444444,4.0,2937.08,734.27,933.044271011117,86,1,4.0,1.0,18.0,4.0,1.0,0.25,4.0,1.0,12.0,4.0,1.0,0.25,0.4444444444444444,734.27,2018.96,0.6874038160349736,141.78472222222223,1.0,0.25,4.0,0.25,33.0,0.0,62.0,12,12.0,4,4,4,4,4,194,208,112,0.2905,0.0,0.3574,0.1777,T2,False,none
d88542d2-2975-4e9e-b66b-9acf347dcfe0,2.0,0.2222222222222222,2.0,5581.799999999999,2790.8999999999996,141.37892983043818,91,1,2.0,1.0,15.0,2.0,1.0,0.5,2.0,1.0,8.0,2.0,1.0,0.5,0.2222222222222222,2790.8999999999996,2890.87,0.5179099931921602,12.215277777777779,8.0,0.5,2.0,0.5,31.0,0.0,60.0,6,6.0,2,2,2,2,2,83,85,119,0.2635,0.0,0.3946,0.1939,T2,False,none
dfa9b126-2276-4ef9-b871-947602c5b93f,5.0,0.5555555555555556,4.0,20366.629999999997,4073.3259999999996,803.4286163250596,35,0,5.0,1.0,20.0,5.0,1.0,0.2,5.0,1.0,13.0,5.0,1.0,0.2,0.5555555555555556,4073.3259999999996,4733.44,0.23241154771309736,156.51111111111112,3.0,0.0,5.0,0.2,36.0,1.0,64.0,15,15.0,5,5,5,5,5,257,279,210,0.1869,0.0,0.5526,0.3216,T2,False,none
b8752245-75d2-495d-8437-20b64b6e1bf6,5.0,0.5555555555555556,5.0,19390.15,3878.03,1320.6147573952062,78,1,5.0,1.0,15.0,5.0,1.0,0.2,5.0,1.0,18.0,5.0,1.0,0.2,0.5555555555555556,3878.03,4903.46,0.2528840674259869,89.73055555555555,0.0,0.4,5.0,0.2,40.0,1.0,52.2,15,15.0,5,5,5,5,5,246,277,124,0.2408,0.0806,0.3579,0.2431,T2,False,none
514ec9db-19e3-419f-838e-9fa056ace21c,0.0,0.0,0.0,0.0,0.0,0.0,67,1,0.0,0.0,0.0,0.0,0.0,0.0,0.0,0.0,0.0,0.0,0.0,0.0,0.0,0.0,0.0,0.0,0.0,0.0,0.0,0.0,0.0,0.0,0.0,0.0,0,0.0,0,0,0,0,0,0,0,1,0.0,0.0,0.0,0.0,T2,False,none
276a0113-d2ed-4768-bb21-54c1816d36bf,2.0,0.2222222222222222,2.0,1212.55,606.275,64.18408252830291,43,1,2.0,1.0,18.0,2.0,1.0,0.5,2.0,1.0,8.0,2.0,1.0,0.5,0.2222222222222222,606.275,651.66,0.5374293843552843,45.10111111111111,4.0,0.0,2.0,0.5,29.0,0.0,60.5,6,6.0,2,2,2,2,2,97,100,83,0.4146,0.0,0.3286,0.1462,T2,False,none
0ae578ca-23d5-4acc-ae21-7b1e3239edff,2.0,0.2222222222222222,2.0,4148.98,2074.49,597.3638087463954,11,0,2.0,1.0,15.0,2.0,1.0,0.5,2.0,1.0,10.0,2.0,1.0,0.5,0.2222222222222222,2074.49,2496.89,0.6018081552574368,105.10027777777778,5.0,0.5,2.0,0.5,36.0,3.0,67.0,6,6.0,2,2,2,2,2,101,105,119,0.2635,0.0,0.3946,0.1939,T2,False,none
5a79fdd5-8df7-4f5f-bba4-14f9fcc64416,3.0,0.3333333333333333,3.0,7746.23,2582.0766666666664,2197.0930887500726,99,1,3.0,1.0,19.0,3.0,1.0,0.3333333333333333,3.0,1.0,13.0,3.0,1.0,0.3333333333333333,0.3333333333333333,2582.0766666666664,3856.05,0.4977969928597525,210.25,1.0,0.3333333333333333,3.0,0.3333333333333333,36.0,0.0,49.0,9,9.0,3,3,3,3,3,167,177,119,0.2253,0.0,0.3893,0.1815,T2,False,none
33d1503a-eb1c-4f46-85cc-f386788447d0,5.0,0.5555555555555556,4.0,12874.2,2574.84,806.4729336747763,77,0,5.0,1.0,22.0,5.0,1.0,0.2,5.0,1.0,9.0,5.0,1.0,0.2,0.5555555555555556,2574.84,3586.97,0.2786169237700206,171.90722222222223,4.0,0.0,5.0,0.2,38.0,3.0,68.8,15,15.0,5,5,5,5,5,234,253,210,0.1869,0.0,0.5526,0.3216,T2,False,none
33fe28a8-b60f-46ed-b487-393701f58540,3.0,0.3333333333333333,3.0,3243.84,1081.28,626.8043697199312,44,0,3.0,1.0,20.0,3.0,1.0,0.3333333333333333,3.0,1.0,9.0,3.0,1.0,0.3333333333333333,0.3333333333333333,1081.28,1795.9,0.5536339646838315,87.61972222222222,2.0,0.0,3.0,0.3333333333333333,39.0,0.0,79.0,9,9.0,3,3,3,3,3,164,168,112,0.2905,0.0,0.3574,0.1777,T2,False,none
5d3533f9-45c0-42e0-a8ee-0e7ef78f91ed,5.0,0.5555555555555556,5.0,8974.81,1794.962,1378.3788641988094,62,0,5.0,1.0,19.0,5.0,1.0,0.2,5.0,1.0,9.0,5.0,1.0,0.2,0.5555555555555556,1794.962,3657.53,0.4075328614199075,191.53527777777776,16.0,0.0,5.0,0.2,42.0,3.0,80.6,15,15.0,5,5,5,5,5,251,266,119,0.2635,0.0,0.3946,0.1939,T2,False,none
99db7d3d-b054-4531-9a8d-c5aee211c242,8.0,0.8888888888888888,5.0,23092.03,2886.50375,1001.952383227545,41,1,8.0,1.0,21.0,8.0,1.0,0.125,8.0,1.0,13.0,8.0,1.0,0.125,0.8888888888888888,2886.50375,4260.43,0.18449785488759543,138.70833333333334,7.0,0.375,8.0,0.125,44.0,0.0,66.375,24,24.0,8,8,8,8,8,362,403,75,0.4631,0.0,0.2745,0.1623,T2,False,none
e546e2f4-8006-4183-9ee9-e447ee92f563,2.0,0.2222222222222222,2.0,3021.66,1510.83,572.996909066707,64,0,2.0,1.0,16.0,2.0,1.0,0.5,2.0,1.0,10.0,2.0,1.0,0.5,0.2222222222222222,1510.83,1916.0,0.6340885473547653,52.97361111111111,4.0,0.5,2.0,0.5,43.0,0.0,59.0,6,6.0,2,2,2,2,2,109,111,136,0.2576,0.0,0.4342,0.2507,T2,False,none
a6eb49bb-4d9b-447d-9a5d-f56c4b87daca,2.0,0.2222222222222222,2.0,4371.58,2185.79,3023.9987182867653,15,1,2.0,1.0,21.0,2.0,1.0,0.5,2.0,1.0,6.0,2.0,1.0,0.5,0.2222222222222222,2185.79,4324.08,0.9891343633194406,25.024444444444445,22.0,0.0,2.0,0.5,33.0,0.0,46.5,6,6.0,2,2,2,2,2,97,99,210,0.1869,0.0,0.5526,0.3216,T2,False,none
8bdd2511-6437-46e6-aa2b-b51482450d41,2.0,0.2222222222222222,2.0,6438.93,3219.465,1996.6927733755138,53,1,2.0,1.0,18.0,2.0,1.0,0.5,2.0,1.0,7.0,2.0,1.0,0.5,0.2222222222222222,3219.465,4631.34,0.7192716802325853,132.33694444444444,6.0,0.0,2.0,0.5,43.0,0.0,52.0,6,6.0,2,2,2,2,2,119,122,157,0.2333,0.0,0.3976,0.2695,T2,False,none
ae16744b-43c0-4ac8-9930-a5228cef4378,5.0,0.5555555555555556,4.0,5182.44,1036.4879999999998,724.6371785383359,69,1,5.0,1.0,19.0,5.0,1.0,0.2,5.0,1.0,12.0,5.0,1.0,0.2,0.5555555555555556,1036.4879999999998,2243.52,0.432908051033876,137.09222222222223,0.0,0.2,5.0,0.2,42.0,0.0,42.0,15,15.0,5,5,5,5,5,246,268,119,0.3255,0.0,0.3993,0.1775,T2,False,none
f6699321-f56f-4efa-913a-2a0fe0caa6d4,3.0,0.3333333333333333,3.0,5142.8099999999995,1714.2699999999998,598.6753262829528,50,1,3.0,1.0,11.0,3.0,1.0,0.3333333333333333,3.0,1.0,9.0,3.0,1.0,0.3333333333333333,0.3333333333333333,1714.2699999999998,2325.33,0.45215164472341,171.4386111111111,15.0,0.0,3.0,0.3333333333333333,40.0,1.0,78.33333333333333,9,9.0,3,3,3,3,3,138,143,210,0.1869,0.0,0.5526,0.3216,T2,False,none
bcaada37-1843-41de-9334-c7acd3e7b301,4.0,0.4444444444444444,3.0,7903.14,1975.785,1769.9001182081813,46,1,4.0,1.0,17.0,4.0,1.0,0.25,4.0,1.0,13.0,4.0,1.0,0.25,0.4444444444444444,1975.785,3819.55,0.48329524720554107,143.12027777777777,3.0,0.25,4.0,0.25,39.0,3.0,59.0,12,12.0,4,4,4,4,4,207,217,160,0.1969,0.0,0.388,0.2723,T2,False,none
1821ebe8-4065-4fb0-a63b-0b065116cfd1,2.0,0.2222222222222222,2.0,2808.65,1404.325,437.4657523166814,58,1,2.0,1.0,10.0,2.0,1.0,0.5,2.0,1.0,7.0,2.0,1.0,0.5,0.2222222222222222,1404.325,1713.66,0.6101365424670215,5.996666666666667,4.0,0.5,2.0,0.5,32.0,2.0,80.0,6,6.0,2,2,2,2,2,88,88,211,0.1668,0.0,0.5966,0.3124,T2,False,none
a5148528-fa86-4226-a923-7bb23cd17554,3.0,0.3333333333333333,3.0,6671.52,2223.84,1486.2479824040133,30,1,3.0,1.0,19.0,3.0,1.0,0.3333333333333333,3.0,1.0,9.0,3.0,1.0,0.3333333333333333,0.3333333333333333,2223.84,3811.32,0.571282106626376,81.57888888888888,4.0,0.3333333333333333,3.0,0.3333333333333333,47.0,3.0,60.0,9,9.0,3,3,3,3,3,153,160,80,0.4937,0.0,0.285,0.1235,T2,False,none
f81075d9-9347-4b09-930c-59877e97c79f,4.0,0.4444444444444444,3.0,10988.43,2747.1075,523.3478914562154,50,1,4.0,1.0,17.0,4.0,1.0,0.25,4.0,1.0,10.0,4.0,1.0,0.25,0.4444444444444444,2747.1075,3466.74,0.3154900199573551,104.30805555555555,16.0,0.25,4.0,0.25,37.0,1.0,48.5,12,12.0,4,4,4,4,4,199,206,211,0.1668,0.0,0.5966,0.3124,T2,False,none
19f09d98-17cb-4399-84ba-6b7c2528cacb,4.0,0.4444444444444444,4.0,16978.58,4244.645,719.6705964305244,68,0,4.0,1.0,14.0,4.0,1.0,0.25,4.0,1.0,10.0,4.0,1.0,0.25,0.4444444444444444,4244.645,4786.97,0.2819417171518466,205.78277777777777,20.0,0.25,4.0,0.25,38.0,2.0,50.25,12,12.0,4,4,4,4,4,191,199,210,0.1869,0.0,0.5526,0.3216,T2,False,none
2f447c69-4996-46ab-aacc-421abd315cc0,7.0,0.7777777777777778,7.0,9759.54,1394.22,942.8332019503767,52,1,7.0,1.0,18.0,7.0,1.0,0.14285714285714285,7.0,1.0,13.0,7.0,1.0,0.14285714285714285,0.7777777777777778,1394.22,2928.85,0.30010123427948443,214.81416666666667,1.0,0.2857142857142857,7.0,0.14285714285714285,40.0,3.0,70.0,21,21.0,7,7,7,7,7,333,375,211,0.1668,0.0,0.5966,0.3124,T2,False,none
ac60b916-abdd-4965-8720-88f33acf6605,4.0,0.4444444444444444,4.0,10509.130000000001,2627.2825000000003,1579.618927365606,72,1,4.0,1.0,19.0,4.0,1.0,0.25,4.0,1.0,10.0,4.0,1.0,0.25,0.4444444444444444,2627.2825000000003,4513.02,0.4294380219865964,117.1061111111111,9.0,0.25,4.0,0.25,39.0,1.0,63.0,12,12.0,4,4,4,4,4,201,214,210,0.1869,0.0,0.5526,0.3216,T2,False,none
151cb170-bb17-483c-8267-68ba84d1645c,2.0,0.2222222222222222,2.0,4728.7,2364.35,2469.2310220390473,10,1,2.0,1.0,14.0,2.0,1.0,0.5,2.0,1.0,6.0,2.0,1.0,0.5,0.2222222222222222,2364.35,4110.36,0.8692367881235857,70.5963888888889,16.0,0.5,2.0,0.5,41.0,2.0,44.0,6,6.0,2,2,2,2,2,96,97,157,0.2333,0.0,0.3976,0.2695,T2,False,none
e2956358-ade4-40a7-bdff-53b762ee80e2,5.0,0.5555555555555556,5.0,12217.050000000001,2443.4100000000003,1225.8624376128018,92,0,5.0,1.0,25.0,5.0,1.0,0.2,5.0,1.0,11.0,5.0,1.0,0.2,0.5555555555555556,2443.4100000000003,3494.51,0.2860354995682264,107.54083333333334,5.0,0.4,5.0,0.2,44.0,0.0,37.4,15,15.0,5,5,5,5,5,244,261,136,0.2576,0.0,0.4342,0.2507,T2,False,none
1737d300-3cb2-4363-8438-8991ff29dd27,3.0,0.3333333333333333,3.0,9117.970000000001,3039.3233333333337,2198.8917837477434,49,1,3.0,1.0,14.0,3.0,1.0,0.3333333333333333,3.0,1.0,11.0,3.0,1.0,0.3333333333333333,0.3333333333333333,3039.3233333333337,4469.5,0.49018586373940687,155.48583333333335,6.0,0.0,3.0,0.3333333333333333,44.0,3.0,53.333333333333336,9,9.0,3,3,3,3,3,161,166,75,0.4631,0.0,0.2745,0.1623,T2,False,none
3d3e13b1-951e-4f3f-bf48-bc26c0691ffc,2.0,0.2222222222222222,2.0,5068.4,2534.2,1281.9421678843394,43,0,2.0,1.0,20.0,2.0,1.0,0.5,2.0,1.0,8.0,2.0,1.0,0.5,0.2222222222222222,2534.2,3440.67,0.6788473680056824,55.15888888888889,3.0,0.0,2.0,0.5,42.0,2.0,55.0,6,6.0,2,2,2,2,2,116,119,119,0.2635,0.0,0.3946,0.1939,T2,False,none
4ec7a603-1c6a-4e32-9558-22adf8875463,0.0,0.0,0.0,0.0,0.0,0.0,31,0,0.0,0.0,0.0,0.0,0.0,0.0,0.0,0.0,0.0,0.0,0.0,0.0,0.0,0.0,0.0,0.0,0.0,0.0,0.0,0.0,0.0,0.0,0.0,0.0,0,0.0,0,0,0,0,0,0,0,1,0.0,0.0,0.0,0.0,T2,False,none
263cd6c2-6af0-419e-880c-bb0e50cf1b0b,8.0,0.8888888888888888,8.0,16664.77,2083.09625,1396.3231269908993,68,0,8.0,1.0,18.0,8.0,1.0,0.125,8.0,1.0,13.0,8.0,1.0,0.125,0.8888888888888888,2083.09625,4333.11,0.26001618984240404,207.0275,6.0,0.125,8.0,0.125,36.0,3.0,51.625,24,24.0,8,8,8,8,8,387,429,210,0.1869,0.0,0.5526,0.3216,T2,False,none
0ac08c94-4320-4805-b738-1abcb3ad7462,4.0,0.4444444444444444,4.0,11455.050000000001,2863.7625000000003,1385.6115456691557,88,1,4.0,1.0,19.0,4.0,1.0,0.25,4.0,1.0,9.0,4.0,1.0,0.25,0.4444444444444444,2863.7625000000003,4598.72,0.40145787229213314,56.44277777777778,1.0,0.25,4.0,0.25,35.0,2.0,26.5,12,12.0,4,4,4,4,4,184,194,160,0.1969,0.0,0.388,0.2723,T2,False,none
0581253f-700c-4bc1-ae16-5f9ffd0c7698,3.0,0.3333333333333333,2.0,2596.83,865.61,528.4552466387291,46,0,3.0,1.0,17.0,3.0,1.0,0.3333333333333333,3.0,1.0,8.0,3.0,1.0,0.3333333333333333,0.3333333333333333,865.61,1418.92,0.5464046549061741,131.42277777777778,0.0,0.3333333333333333,3.0,0.3333333333333333,38.0,0.0,56.333333333333336,9,9.0,3,3,3,3,3,155,158,211,0.1668,0.0,0.5966,0.3124,T2,False,none
579224df-3f33-4101-8cea-57f763d9e363,0.0,0.0,0.0,0.0,0.0,0.0,80,0,0.0,0.0,0.0,0.0,0.0,0.0,0.0,0.0,0.0,0.0,0.0,0.0,0.0,0.0,0.0,0.0,0.0,0.0,0.0,0.0,0.0,0.0,0.0,0.0,0,0.0,0,0,0,0,0,0,0,1,0.0,0.0,0.0,0.0,T2,False,none
98472d81-47f1-4817-8f2a-4e98b092acc0,4.0,0.4444444444444444,4.0,7184.0199999999995,1796.0049999999999,1849.0454388954317,68,1,4.0,1.0,22.0,4.0,1.0,0.25,4.0,1.0,12.0,4.0,1.0,0.25,0.4444444444444444,1796.0049999999999,4348.73,0.6053337824783338,184.40194444444444,9.0,0.25,4.0,0.25,47.0,0.0,56.5,12,12.0,4,4,4,4,4,209,217,80,0.4937,0.0,0.285,0.1235,T2,False,none
3d65336d-fefb-4f94-85c9-c7ab95106b46,0.0,0.0,0.0,0.0,0.0,0.0,31,1,0.0,0.0,0.0,0.0,0.0,0.0,0.0,0.0,0.0,0.0,0.0,0.0,0.0,0.0,0.0,0.0,0.0,0.0,0.0,0.0,0.0,0.0,0.0,0.0,0,0.0,0,0,0,0,0,0,0,1,0.0,0.0,0.0,0.0,T2,False,none
ca95f873-93c2-4838-8dae-c8460825d861,8.0,0.8888888888888888,6.0,14041.23,1755.15375,1379.803791216475,31,1,8.0,1.0,17.0,8.0,1.0,0.125,8.0,1.0,10.0,8.0,1.0,0.125,0.8888888888888888,1755.15375,3964.01,0.2823121621111541,189.08138888888888,0.0,0.0,8.0,0.125,40.0,0.0,57.875,24,24.0,8,8,8,8,8,365,406,112,0.2905,0.0,0.3574,0.1777,T2,False,none
4e3ea96a-7c07-4ec5-ac7f-6569ba7b675e,1.0,0.1111111111111111,1.0,1315.22,1315.22,0.0,26,0,1.0,1.0,20.0,1.0,1.0,1.0,1.0,1.0,3.0,1.0,1.0,1.0,0.1111111111111111,1315.22,1315.22,1.0,0.0,21.0,0.0,1.0,1.0,29.0,0.0,84.0,3,3.0,1,1,1,1,1,49,49,80,0.4259,0.0,0.2617,0.1285,T2,False,none
b35b1b5b-1be8-446a-8761-d94a585fc8a2,2.0,0.2222222222222222,2.0,2659.05,1329.525,39.19492888117029,73,1,2.0,1.0,14.0,2.0,1.0,0.5,2.0,1.0,14.0,2.0,1.0,0.5,0.2222222222222222,1329.525,1357.24,0.5104228953949719,215.32111111111112,18.0,0.0,2.0,0.5,37.0,3.0,48.0,6,6.0,2,2,2,2,2,106,109,210,0.1869,0.0,0.5526,0.3216,T2,False,none
a6aeacef-b4cf-42c6-a820-aef96e4d775c,2.0,0.2222222222222222,2.0,9722.650000000001,4861.325000000001,164.4801083718029,64,0,2.0,1.0,12.0,2.0,1.0,0.5,2.0,1.0,9.0,2.0,1.0,0.5,0.2222222222222222,4861.325000000001,4977.63,0.5119622736599589,93.42805555555556,4.0,0.0,2.0,0.5,35.0,0.0,79.0,6,6.0,2,2,2,2,2,91,92,211,0.1668,0.0,0.5966,0.3124,T2,False,none
b73323e3-d254-4805-9096-b8a2813faa53,2.0,0.2222222222222222,2.0,3466.56,1733.28,159.00003081760715,69,1,2.0,1.0,17.0,2.0,1.0,0.5,2.0,1.0,10.0,2.0,1.0,0.5,0.2222222222222222,1733.28,1845.71,0.5324327286993447,52.022777777777776,10.0,0.0,2.0,0.5,37.0,0.0,62.5,6,6.0,2,2,2,2,2,108,109,119,0.2253,0.0,0.3893,0.1815,T2,False,none
31e5cd77-5434-4045-83e5-b3d797f0fcf0,6.0,0.6666666666666666,5.0,16383.150000000001,2730.525,1788.2114051727776,10,1,6.0,1.0,21.0,6.0,1.0,0.16666666666666666,6.0,1.0,12.0,6.0,1.0,0.16666666666666666,0.6666666666666666,2730.525,4950.52,0.3021714383375602,228.9336111111111,14.0,0.16666666666666666,6.0,0.16666666666666666,46.0,0.0,41.666666666666664,18,18.0,6,6,6,6,6,311,348,119,0.2253,0.0,0.3893,0.1815,T2,False,none
ed0acb1e-2b4c-4a28-8ddb-edc42caa3178,4.0,0.4444444444444444,4.0,10628.099999999999,2657.0249999999996,680.9717470644433,30,0,4.0,1.0,23.0,4.0,1.0,0.25,4.0,1.0,12.0,4.0,1.0,0.25,0.4444444444444444,2657.0249999999996,3228.71,0.3037899530489928,102.87472222222222,4.0,0.25,4.0,0.25,38.0,1.0,44.25,12,12.0,4,4,4,4,4,221,232,160,0.1969,0.0,0.388,0.2723,T2,False,none
6365a3d7-c7b3-4f08-8905-ba951637bc2c,5.0,0.5555555555555556,4.0,10937.41,2187.482,366.1156842037772,47,0,5.0,1.0,22.0,5.0,1.0,0.2,5.0,1.0,8.0,5.0,1.0,0.2,0.5555555555555556,2187.482,2590.12,0.23681292006059934,112.62666666666667,2.0,0.2,5.0,0.2,37.0,0.0,71.6,15,15.0,5,5,5,5,5,231,246,211,0.1668,0.0,0.5966,0.3124,T2,False,none
23f0624d-579c-4900-ae5e-b5e6c44d8567,2.0,0.2222222222222222,2.0,1248.8300000000002,624.4150000000001,758.7609315522249,61,1,2.0,1.0,15.0,2.0,1.0,0.5,2.0,1.0,11.0,2.0,1.0,0.5,0.2222222222222222,624.4150000000001,1160.94,0.9296221263102263,31.1875,12.0,0.0,2.0,0.5,40.0,0.0,26.5,6,6.0,2,2,2,2,2,110,112,119,0.2253,0.0,0.3893,0.1815,T2,False,none
13bb9e50-f7c1-49c0-9043-bbbf369fee71,2.0,0.2222222222222222,2.0,1835.7600000000002,917.8800000000001,684.5076484598255,37,0,2.0,1.0,17.0,2.0,1.0,0.5,2.0,1.0,10.0,2.0,1.0,0.5,0.2222222222222222,917.8800000000001,1401.9,0.7636619165904039,30.580555555555556,6.0,0.0,2.0,0.5,25.0,0.0,50.0,6,6.0,2,2,2,2,2,86,89,80,0.3873,0.0,0.2639,0.1532,T2,False,none
c3d3d59b-d897-4e9c-8ab5-48d9adb70771,4.0,0.4444444444444444,4.0,9173.14,2293.285,853.9489573543999,33,1,4.0,1.0,18.0,4.0,1.0,0.25,4.0,1.0,9.0,4.0,1.0,0.25,0.4444444444444444,2293.285,3313.36,0.3612023799920202,88.1925,5.0,0.25,4.0,0.25,42.0,0.0,66.75,12,12.0,4,4,4,4,4,203,215,119,0.3255,0.0,0.3993,0.1775,T2,False,none
ed26681e-c6d3-4659-a968-ef0ffc8abb6f,3.0,0.3333333333333333,3.0,11169.050000000001,3723.016666666667,768.8718426586668,32,1,3.0,1.0,15.0,3.0,1.0,0.3333333333333333,3.0,1.0,14.0,3.0,1.0,0.3333333333333333,0.3333333333333333,3723.016666666667,4608.14,0.41258119535681187,193.02583333333334,9.0,0.0,3.0,0.3333333333333333,44.0,0.0,71.66666666666667,9,9.0,3,3,3,3,3,152,157,119,0.3255,0.0,0.3993,0.1775,T2,False,none
2b179a3d-f0dc-49b9-b2e7-0eade97493b1,5.0,0.5555555555555556,4.0,11813.71,2362.7419999999997,1548.403956311143,33,1,5.0,1.0,21.0,5.0,1.0,0.2,5.0,1.0,10.0,5.0,1.0,0.2,0.5555555555555556,2362.7419999999997,4302.7,0.3642124277640132,211.05055555555555,2.0,0.0,5.0,0.2,38.0,2.0,54.0,15,15.0,5,5,5,5,5,255,276,210,0.1869,0.0,0.5526,0.3216,T2,False,none
5fac6e63-3894-4ae0-93b2-f15d1cfe9a15,4.0,0.4444444444444444,4.0,11652.7,2913.175,2084.243812585274,75,0,4.0,1.0,17.0,4.0,1.0,0.25,4.0,1.0,12.0,4.0,1.0,0.25,0.4444444444444444,2913.175,4849.72,0.41618852283161845,104.29833333333333,2.0,0.0,4.0,0.25,43.0,0.0,53.5,12,12.0,4,4,4,4,4,204,221,136,0.2576,0.0,0.4342,0.2507,T2,False,none
8b3d100c-271d-4e3a-a7cc-fdf8c7d18eaf,6.0,0.6666666666666666,5.0,15567.15,2594.525,1466.2005267868376,43,1,6.0,1.0,16.0,6.0,1.0,0.16666666666666666,6.0,1.0,11.0,6.0,1.0,0.16666666666666666,0.6666666666666666,2594.525,4564.64,0.2932225873072464,198.69944444444445,20.0,0.0,6.0,0.16666666666666666,34.0,1.0,38.833333333333336,18,18.0,6,6,6,6,6,262,285,112,0.2905,0.0,0.3574,0.1777,T2,False,none
32b3bf90-17a4-48df-8da7-d816c891cec9,3.0,0.3333333333333333,3.0,9354.54,3118.1800000000003,1186.7376044012428,95,0,3.0,1.0,17.0,3.0,1.0,0.3333333333333333,3.0,1.0,10.0,3.0,1.0,0.3333333333333333,0.3333333333333333,3118.1800000000003,4209.27,0.4499708163095139,187.3238888888889,3.0,0.0,3.0,0.3333333333333333,31.0,0.0,35.0,9,9.0,3,3,3,3,3,137,147,210,0.1869,0.0,0.5526,0.3216,T2,False,none
6754c775-19e2-48a6-9dcf-32d38d36ef7b,4.0,0.4444444444444444,4.0,9104.55,2276.1375,875.1405168838126,10,0,4.0,1.0,16.0,4.0,1.0,0.25,4.0,1.0,13.0,4.0,1.0,0.25,0.4444444444444444,2276.1375,3556.69,0.39064973008001497,175.83083333333335,0.0,0.25,4.0,0.25,39.0,1.0,68.75,12,12.0,4,4,4,4,4,174,182,119,0.2635,0.0,0.3946,0.1939,T2,False,none
3e8f8aca-af14-4393-8190-6b9969c457eb,3.0,0.3333333333333333,2.0,8285.65,2761.883333333333,2035.811051456724,22,0,3.0,1.0,18.0,3.0,1.0,0.3333333333333333,3.0,1.0,5.0,3.0,1.0,0.3333333333333333,0.3333333333333333,2761.883333333333,4710.82,0.568551652555925,25.70638888888889,1.0,0.0,3.0,0.3333333333333333,43.0,2.0,59.0,9,9.0,3,3,3,3,3,155,161,157,0.2333,0.0,0.3976,0.2695,T2,False,none
ac4a6b06-60df-4066-bfe8-c65f16aac4d0,1.0,0.1111111111111111,1.0,4360.83,4360.83,0.0,25,0,1.0,1.0,13.0,1.0,1.0,1.0,1.0,1.0,9.0,1.0,1.0,1.0,0.1111111111111111,4360.83,4360.83,1.0,0.0,21.0,1.0,1.0,1.0,42.0,3.0,95.0,3,3.0,1,1,1,1,1,59,61,119,0.2635,0.0,0.3946,0.1939,T2,False,none
0d360db6-30ad-4cc8-8ce1-fa2c400643bf,3.0,0.3333333333333333,3.0,11526.03,3842.01,623.3081049529195,90,1,3.0,1.0,18.0,3.0,1.0,0.3333333333333333,3.0,1.0,10.0,3.0,1.0,0.3333333333333333,0.3333333333333333,3842.01,4252.08,0.36891106478119523,43.5775,14.0,0.6666666666666666,3.0,0.3333333333333333,39.0,0.0,51.0,9,9.0,3,3,3,3,3,143,149,80,0.3873,0.0,0.2639,0.1532,T2,False,none
754f61b1-6b9d-4d24-ac87-82e9061f2cd9,2.0,0.2222222222222222,2.0,5811.55,2905.775,2846.4512765986356,49,0,2.0,1.0,13.0,2.0,1.0,0.5,2.0,1.0,7.0,2.0,1.0,0.5,0.2222222222222222,2905.775,4918.52,0.846335315019229,26.725,8.0,0.5,2.0,0.5,43.0,2.0,77.5,6,6.0,2,2,2,2,2,107,109,160,0.1969,0.0,0.388,0.2723,T2,False,none
bdfbc458-6a84-4b32-b69a-eb3bcd891b6d,4.0,0.4444444444444444,4.0,13260.67,3315.1675,337.50794769654465,89,1,4.0,1.0,16.0,4.0,1.0,0.25,4.0,1.0,10.0,4.0,1.0,0.25,0.4444444444444444,3315.1675,3532.32,0.26637568086680385,200.94333333333333,18.0,0.25,4.0,0.25,43.0,1.0,62.25,12,12.0,4,4,4,4,4,194,206,157,0.2333,0.0,0.3976,0.2695,T2,False,none
565d9933-b525-467e-9418-4d34fcfb3ceb,5.0,0.5555555555555556,5.0,14615.09,2923.018,1277.8921833120353,26,1,5.0,1.0,20.0,5.0,1.0,0.2,5.0,1.0,10.0,5.0,1.0,0.2,0.5555555555555556,2923.018,4583.89,0.31364090128764177,169.5677777777778,7.0,0.4,5.0,0.2,36.0,0.0,52.6,15,15.0,5,5,5,5,5,237,252,75,0.4631,0.0,0.2745,0.1623,T2,False,none
bbadb9ed-ac0c-43b7-8af8-24808ced2a6c,2.0,0.2222222222222222,2.0,5614.73,2807.365,2050.7723000006604,26,1,2.0,1.0,18.0,2.0,1.0,0.5,2.0,1.0,5.0,2.0,1.0,0.5,0.2222222222222222,2807.365,4257.48,0.758269765420599,106.48666666666666,1.0,0.5,2.0,0.5,41.0,0.0,45.0,6,6.0,2,2,2,2,2,94,99,211,0.1668,0.0,0.5966,0.3124,T2,False,none
973e188c-a44b-4e76-9fc2-4ca07cdd3022,4.0,0.4444444444444444,4.0,6236.67,1559.1675,1617.8259150554486,68,1,4.0,1.0,20.0,4.0,1.0,0.25,4.0,1.0,11.0,4.0,1.0,0.25,0.4444444444444444,1559.1675,3443.3,0.5521055306758255,187.22666666666666,7.0,0.0,4.0,0.25,46.0,1.0,71.25,12,12.0,4,4,4,4,4,206,220,80,0.4259,0.0,0.2617,0.1285,T2,False,none
058313b0-a403-4dff-811b-a1df4ffc0ecf,2.0,0.2222222222222222,2.0,6540.01,3270.005,1176.618612826603,10,1,2.0,1.0,22.0,2.0,1.0,0.5,2.0,1.0,11.0,2.0,1.0,0.5,0.2222222222222222,3270.005,4102.0,0.6272161663361371,77.03027777777778,1.0,0.5,2.0,0.5,39.0,0.0,78.5,6,6.0,2,2,2,2,2,111,115,210,0.1869,0.0,0.5526,0.3216,T2,False,none
80dd589e-fb29-4b95-9d33-3fe32820d485,2.0,0.2222222222222222,2.0,6136.05,3068.025,2564.598513617678,14,1,2.0,1.0,12.0,2.0,1.0,0.5,2.0,1.0,7.0,2.0,1.0,0.5,0.2222222222222222,3068.025,4881.47,0.7955394757213518,21.594444444444445,21.0,0.0,2.0,0.5,42.0,0.0,67.0,6,6.0,2,2,2,2,2,111,113,119,0.3255,0.0,0.3993,0.1775,T2,False,none
c6cd87b7-9f1e-425e-86fc-04751ac0c337,2.0,0.2222222222222222,2.0,7158.16,3579.08,850.5504628180508,22,0,2.0,1.0,15.0,2.0,1.0,0.5,2.0,1.0,14.0,2.0,1.0,0.5,0.2222222222222222,3579.08,4180.51,0.5840201951339451,107.20805555555556,9.0,0.0,2.0,0.5,35.0,0.0,56.0,6,6.0,2,2,2,2,2,97,99,211,0.1668,0.0,0.5966,0.3124,T2,False,none
b0077e11-da6f-4e21-bd15-186bada35590,2.0,0.2222222222222222,2.0,3893.96,1946.98,752.389899453734,51,0,2.0,1.0,12.0,2.0,1.0,0.5,2.0,1.0,9.0,2.0,1.0,0.5,0.2222222222222222,1946.98,2479.0,0.6366269812735621,129.11527777777778,0.0,0.5,2.0,0.5,34.0,2.0,58.0,6,6.0,2,2,2,2,2,86,88,80,0.3873,0.0,0.2639,0.1532,T2,False,none
ee407808-4a00-4ac4-b2ea-5af0b914f63f,1.0,0.1111111111111111,1.0,2515.03,2515.03,0.0,67,0,1.0,1.0,18.0,1.0,1.0,1.0,1.0,1.0,8.0,1.0,1.0,1.0,0.1111111111111111,2515.03,2515.03,1.0,0.0,19.0,1.0,1.0,1.0,34.0,0.0,62.0,3,3.0,1,1,1,1,1,57,57,119,0.3255,0.0,0.3993,0.1775,T2,False,none
4323c253-6c9c-4bac-ae07-a2bf4512b37a,2.0,0.2222222222222222,2.0,5749.53,2874.765,2539.2982329868223,54,1,2.0,1.0,12.0,2.0,1.0,0.5,2.0,1.0,13.0,2.0,1.0,0.5,0.2222222222222222,2874.765,4670.32,0.8122959615829468,53.533611111111114,10.0,0.0,2.0,0.5,33.0,2.0,55.0,6,6.0,2,2,2,2,2,96,97,210,0.1869,0.0,0.5526,0.3216,T2,False,none
cd61915e-5a65-4586-be10-1f3201d9b3ee,6.0,0.6666666666666666,4.0,12442.3,2073.7166666666667,1240.8458011318999,53,1,6.0,1.0,20.0,6.0,1.0,0.16666666666666666,6.0,1.0,10.0,6.0,1.0,0.16666666666666666,0.6666666666666666,2073.7166666666667,3259.22,0.26194674618036856,86.42444444444445,3.0,0.16666666666666666,6.0,0.16666666666666666,43.0,0.0,46.833333333333336,18,18.0,6,6,6,6,6,323,342,119,0.2635,0.0,0.3946,0.1939,T2,False,none
37b39294-826e-4bb0-9a4e-1b7abc3c9ae7,6.0,0.6666666666666666,4.0,14089.289999999999,2348.2149999999997,1529.5484908396988,76,0,6.0,1.0,18.0,6.0,1.0,0.16666666666666666,6.0,1.0,15.0,6.0,1.0,0.16666666666666666,0.6666666666666666,2348.2149999999997,4308.66,0.30581100963923663,152.2861111111111,0.0,0.16666666666666666,6.0,0.16666666666666666,39.0,0.0,49.5,18,18.0,6,6,6,6,6,296,313,80,0.3873,0.0,0.2639,0.1532,T2,False,none
07221e5e-d53b-4797-9a0d-7950eef9d79d,3.0,0.3333333333333333,3.0,13619.220000000001,4539.740000000001,384.9387655199205,89,1,3.0,1.0,22.0,3.0,1.0,0.3333333333333333,3.0,1.0,12.0,3.0,1.0,0.3333333333333333,0.3333333333333333,4539.740000000001,4982.76,0.3658623621617097,152.05805555555557,7.0,0.0,3.0,0.3333333333333333,30.0,3.0,39.333333333333336,9,9.0,3,3,3,3,3,150,155,136,0.2576,0.0,0.4342,0.2507,T2,False,none
bb1e4188-2424-40e1-8899-e6a90539ab91,1.0,0.1111111111111111,1.0,1783.54,1783.54,0.0,75,1,1.0,1.0,14.0,1.0,1.0,1.0,1.0,1.0,5.0,1.0,1.0,1.0,0.1111111111111111,1783.54,1783.54,1.0,0.0,15.0,0.0,1.0,1.0,26.0,2.0,45.0,3,3.0,1,1,1,1,1,42,42,119,0.2253,0.0,0.3893,0.1815,T2,False,none
51684b20-5859-4cb8-bd5e-04f14208b8b4,1.0,0.1111111111111111,1.0,146.18,146.18,0.0,44,1,1.0,1.0,12.0,1.0,1.0,1.0,1.0,1.0,8.0,1.0,1.0,1.0,0.1111111111111111,146.18,146.18,1.0,0.0,21.0,0.0,1.0,1.0,31.0,0.0,10.0,3,3.0,1,1,1,1,1,47,48,112,0.2905,0.0,0.3574,0.1777,T2,False,none
4bafda61-8d55-478b-a987-c7e5aedfe5c1,4.0,0.4444444444444444,4.0,11544.0,2886.0,1738.092778785605,73,0,4.0,1.0,19.0,4.0,1.0,0.25,4.0,1.0,12.0,4.0,1.0,0.25,0.4444444444444444,2886.0,4997.13,0.43287681912681913,162.9638888888889,15.0,0.25,4.0,0.25,38.0,2.0,53.25,12,12.0,4,4,4,4,4,191,199,210,0.1869,0.0,0.5526,0.3216,T2,False,none
9c99c422-82a9-4d08-ad6d-709fb9df82de,3.0,0.3333333333333333,3.0,8115.969999999999,2705.3233333333333,604.1481479184831,10,1,3.0,1.0,21.0,3.0,1.0,0.3333333333333333,3.0,1.0,16.0,3.0,1.0,0.3333333333333333,0.3333333333333333,2705.3233333333333,3210.18,0.39553867251850366,90.95027777777777,0.0,0.3333333333333333,3.0,0.3333333333333333,30.0,3.0,62.0,9,9.0,3,3,3,3,3,155,157,136,0.2576,0.0,0.4342,0.2507,T2,False,none
740d9717-4b95-4118-917f-6235afd0ba8e,5.0,0.5555555555555556,4.0,10864.1,2172.82,1285.0002032295558,23,1,5.0,1.0,22.0,5.0,1.0,0.2,5.0,1.0,11.0,5.0,1.0,0.2,0.5555555555555556,2172.82,3420.11,0.31480840566636903,70.27972222222222,20.0,0.0,5.0,0.2,42.0,3.0,64.2,15,15.0,5,5,5,5,5,251,269,119,0.3255,0.0,0.3993,0.1775,T2,False,none
18ec5af7-e571-47bd-a48d-a3ca30a25f78,2.0,0.2222222222222222,2.0,8255.54,4127.77,435.3797873121815,85,1,2.0,1.0,14.0,2.0,1.0,0.5,2.0,1.0,9.0,2.0,1.0,0.5,0.2222222222222222,4127.77,4435.63,0.537291321948655,188.43194444444444,11.0,0.0,2.0,0.5,39.0,1.0,54.5,6,6.0,2,2,2,2,2,109,111,112,0.2905,0.0,0.3574,0.1777,T2,False,none
1a449b4b-f51f-4662-b01f-a56c33e699e0,4.0,0.4444444444444444,4.0,8521.29,2130.3225,1433.3525781275869,43,0,4.0,1.0,16.0,4.0,1.0,0.25,4.0,1.0,12.0,4.0,1.0,0.25,0.4444444444444444,2130.3225,4077.08,0.47845807383623834,213.09972222222223,9.0,0.0,4.0,0.25,34.0,0.0,34.0,12,12.0,4,4,4,4,4,179,187,160,0.1969,0.0,0.388,0.2723,T2,False,none
05a60912-910a-42a3-b20a-f66e1072f6e4,2.0,0.2222222222222222,2.0,6598.84,3299.42,1353.1053943429536,84,1,2.0,1.0,19.0,2.0,1.0,0.5,2.0,1.0,11.0,2.0,1.0,0.5,0.2222222222222222,3299.42,4256.21,0.6449936655533397,177.66972222222222,9.0,0.0,2.0,0.5,33.0,1.0,55.0,6,6.0,2,2,2,2,2,101,106,119,0.2253,0.0,0.3893,0.1815,T2,False,none
f8de2d3e-793f-4ac4-8ea7-4a5d03190c6b,4.0,0.4444444444444444,3.0,15730.720000000001,3932.6800000000003,1009.4495879438458,51,0,4.0,1.0,16.0,4.0,1.0,0.25,4.0,1.0,8.0,4.0,1.0,0.25,0.4444444444444444,3932.6800000000003,4924.11,0.3130250872178768,56.092777777777776,4.0,0.0,3.0,0.5,44.0,3.0,35.0,11,12.0,4,4,3,4,4,172,180,75,0.4631,0.0,0.2745,0.1623,T2,False,none
fc879a93-9531-4f43-ac29-0c930c330972,4.0,0.4444444444444444,3.0,12601.4,3150.35,1726.508431024882,75,1,3.0,1.3333333333333333,11.0,3.0,1.0,0.5,4.0,1.0,8.0,4.0,1.0,0.25,0.4444444444444444,3150.35,4555.33,0.3614939609884616,164.45138888888889,4.0,0.5,3.0,0.5,32.0,2.0,69.0,10,12.0,3,4,3,3,4,127,137,211,0.1668,0.0,0.5966,0.3124,T2,False,none
78b37f5d-b78f-4b06-bbf5-8779853b6d43,2.0,0.2222222222222222,2.0,2215.41,1107.705,1442.4766204171215,83,0,2.0,1.0,17.0,2.0,1.0,0.5,2.0,1.0,10.0,2.0,1.0,0.5,0.2222222222222222,1107.705,2127.69,0.9604046203637251,135.16083333333333,4.0,0.0,2.0,0.5,46.0,1.0,38.5,6,6.0,2,2,2,2,2,121,126,83,0.4146,0.0,0.3286,0.1462,T2,False,none
06af51ef-83d2-4929-ade8-41bbda681e8c,4.0,0.4444444444444444,2.0,13752.279999999999,3438.0699999999997,1306.454549611275,16,1,4.0,1.0,17.0,4.0,1.0,0.25,4.0,1.0,10.0,4.0,1.0,0.25,0.4444444444444444,3438.0699999999997,4644.11,0.3376974581669367,97.18916666666667,11.0,0.5,4.0,0.25,42.0,0.0,36.0,12,12.0,4,4,4,4,4,209,226,69,0.4288,0.0,0.2614,0.1292,T2,False,none
6e13b186-054a-47e0-961c-289de8c4b48d,2.0,0.2222222222222222,2.0,3133.26,1566.63,1600.7059048432352,98,0,2.0,1.0,18.0,2.0,1.0,0.5,2.0,1.0,10.0,2.0,1.0,0.5,0.2222222222222222,1566.63,2698.5,0.8612435610195132,186.10888888888888,0.0,0.0,2.0,0.5,39.0,0.0,58.5,6,6.0,2,2,2,2,2,112,114,80,0.3873,0.0,0.2639,0.1532,T2,False,none
cc39860e-9501-4a7f-92d0-17c3aa4bb42d,2.0,0.2222222222222222,2.0,2946.04,1473.02,1604.5525657328901,42,0,2.0,1.0,14.0,2.0,1.0,0.5,2.0,1.0,13.0,2.0,1.0,0.5,0.2222222222222222,1473.02,2607.61,0.8851237593515363,69.30972222222222,3.0,0.5,2.0,0.5,37.0,0.0,61.0,6,6.0,2,2,2,2,2,102,104,211,0.1668,0.0,0.5966,0.3124,T2,False,none
91773328-1a1d-4447-8060-a119c11ae84b,4.0,0.4444444444444444,4.0,8604.25,2151.0625,1258.0885738657937,10,0,4.0,1.0,15.0,4.0,1.0,0.25,4.0,1.0,11.0,4.0,1.0,0.25,0.4444444444444444,2151.0625,3526.95,0.40990789435453406,211.63,18.0,0.0,4.0,0.25,35.0,0.0,62.25,12,12.0,4,4,4,4,4,194,198,83,0.4146,0.0,0.3286,0.1462,T2,False,none
4c137adc-721d-4ef7-a3d5-5e087edc8feb,6.0,0.6666666666666666,4.0,14701.98,2450.33,1804.4301986610621,91,0,6.0,1.0,22.0,6.0,1.0,0.16666666666666666,6.0,1.0,10.0,6.0,1.0,0.16666666666666666,0.6666666666666666,2450.33,4752.97,0.3232877476367129,175.96138888888888,12.0,0.0,6.0,0.16666666666666666,39.0,0.0,51.833333333333336,18,18.0,6,6,6,6,6,288,316,210,0.1869,0.0,0.5526,0.3216,T2,False,none
9345c925-007f-4d68-b35d-6e608fafa17b,4.0,0.4444444444444444,4.0,9085.17,2271.2925,651.8961928290423,48,0,4.0,1.0,16.0,4.0,1.0,0.25,4.0,1.0,7.0,4.0,1.0,0.25,0.4444444444444444,2271.2925,3074.68,0.3384284498804095,150.80555555555554,2.0,0.25,4.0,0.25,46.0,3.0,54.5,12,12.0,4,4,4,4,4,201,215,80,0.4259,0.0,0.2617,0.1285,T2,False,none
0eda2a5d-740b-4c81-ad2e-de4c3ad91ca4,6.0,0.6666666666666666,6.0,16557.05,2759.508333333333,1555.3095650630669,67,0,6.0,1.0,18.0,6.0,1.0,0.16666666666666666,6.0,1.0,9.0,6.0,1.0,0.16666666666666666,0.6666666666666666,2759.508333333333,4570.9,0.27606971048586554,135.02388888888888,0.0,0.3333333333333333,5.0,0.3333333333333333,44.0,3.0,32.833333333333336,17,18.0,6,6,5,6,6,266,284,75,0.4631,0.0,0.2745,0.1623,T2,False,none
9fba62db-e46f-4423-82c0-288b53d4ddf7,5.0,0.5555555555555556,5.0,9920.57,1984.114,1224.230732635805,21,0,5.0,1.0,18.0,5.0,1.0,0.2,5.0,1.0,10.0,5.0,1.0,0.2,0.5555555555555556,1984.114,3280.63,0.3306896680331876,224.49777777777777,5.0,0.0,5.0,0.2,33.0,3.0,72.8,15,15.0,5,5,5,5,5,214,225,136,0.2576,0.0,0.4342,0.2507,T2,False,none
ec37ab6a-beea-491d-9e16-687b30cc98fc,1.0,0.1111111111111111,1.0,4668.86,4668.86,0.0,17,0,1.0,1.0,15.0,1.0,1.0,1.0,1.0,1.0,8.0,1.0,1.0,1.0,0.1111111111111111,4668.86,4668.86,1.0,0.0,1.0,0.0,1.0,1.0,34.0,2.0,61.0,3,3.0,1,1,1,1,1,53,54,124,0.2408,0.0806,0.3579,0.2431,T2,False,none
0aefac78-6ba0-44b5-aea6-5ee976f53010,8.0,0.8888888888888888,7.0,16961.89,2120.23625,1591.5223284636047,43,1,8.0,1.0,17.0,8.0,1.0,0.125,8.0,1.0,18.0,8.0,1.0,0.125,0.8888888888888888,2120.23625,4597.44,0.2710452667715685,148.11194444444445,3.0,0.375,8.0,0.125,44.0,2.0,39.25,24,24.0,8,8,8,8,8,400,438,211,0.1668,0.0,0.5966,0.3124,T2,False,none
299342f3-70be-4722-8caa-face2c561c01,3.0,0.3333333333333333,3.0,8348.189999999999,2782.7299999999996,800.845584803962,91,1,3.0,1.0,19.0,3.0,1.0,0.3333333333333333,3.0,1.0,11.0,3.0,1.0,0.3333333333333333,0.3333333333333333,2782.7299999999996,3477.74,0.41658611028258824,137.67416666666668,1.0,0.3333333333333333,3.0,0.3333333333333333,37.0,0.0,59.0,9,9.0,3,3,3,3,3,148,152,119,0.3255,0.0,0.3993,0.1775,T2,False,none
c516f7e6-b67a-4ee8-917e-f981f37681f0,3.0,0.3333333333333333,3.0,3428.27,1142.7566666666667,998.5614322781214,23,0,3.0,1.0,18.0,3.0,1.0,0.3333333333333333,3.0,1.0,15.0,3.0,1.0,0.3333333333333333,0.3333333333333333,1142.7566666666667,2277.35,0.6642854850988983,170.08166666666668,5.0,0.0,3.0,0.3333333333333333,44.0,0.0,61.333333333333336,9,9.0,3,3,3,3,3,183,194,119,0.3255,0.0,0.3993,0.1775,T2,False,none
e79f09c6-fe65-4c96-b80a-2aacf0477982,5.0,0.5555555555555556,5.0,13314.14,2662.828,895.8617099586296,91,1,5.0,1.0,17.0,5.0,1.0,0.2,5.0,1.0,13.0,5.0,1.0,0.2,0.5555555555555556,2662.828,4089.02,0.30711859722069923,141.63833333333332,3.0,0.2,5.0,0.2,42.0,0.0,45.2,15,15.0,5,5,5,5,5,255,274,69,0.4288,0.0,0.2614,0.1292,T2,False,none
bd7ac0ec-ce94-4429-a693-a644b6356a96,5.0,0.5555555555555556,3.0,17523.75,3504.75,613.0017479583562,73,1,5.0,1.0,22.0,5.0,1.0,0.2,5.0,1.0,10.0,5.0,1.0,0.2,0.5555555555555556,3504.75,4370.01,0.2493764177188102,90.26138888888889,0.0,0.6,5.0,0.2,44.0,3.0,71.8,15,15.0,5,5,5,5,5,245,269,136,0.2576,0.0,0.4342,0.2507,T2,False,none
3c7d5425-75ef-4668-9c12-7eddfd742f6a,3.0,0.3333333333333333,3.0,9130.63,3043.543333333333,2011.0807340664703,54,0,3.0,1.0,27.0,3.0,1.0,0.3333333333333333,3.0,1.0,9.0,3.0,1.0,0.3333333333333333,0.3333333333333333,3043.543333333333,4909.45,0.537690170338739,74.1225,2.0,0.3333333333333333,3.0,0.3333333333333333,38.0,3.0,54.666666666666664,9,9.0,3,3,3,3,3,163,170,210,0.1869,0.0,0.5526,0.3216,T2,False,none
c1923fe5-be19-4390-8164-0867bc698ded,6.0,0.6666666666666666,5.0,16213.02,2702.17,1658.7075830537462,38,1,6.0,1.0,17.0,6.0,1.0,0.16666666666666666,6.0,1.0,13.0,6.0,1.0,0.16666666666666666,0.6666666666666666,2702.17,4891.02,0.30167235962208155,182.19916666666666,5.0,0.16666666666666666,6.0,0.16666666666666666,46.0,3.0,50.833333333333336,18,18.0,6,6,6,6,6,305,332,80,0.4259,0.0,0.2617,0.1285,T2,False,none
d0421184-b799-4f6d-8bda-95323df24f0a,2.0,0.2222222222222222,2.0,4131.55,2065.775,2577.892121103984,85,1,2.0,1.0,16.0,2.0,1.0,0.5,2.0,1.0,9.0,2.0,1.0,0.5,0.2222222222222222,2065.775,3888.62,0.9412012440851496,102.02166666666666,3.0,0.0,2.0,0.5,44.0,0.0,78.5,6,6.0,2,2,2,2,2,118,121,112,0.2905,0.0,0.3574,0.1777,T2,False,none
7d53ad9d-2a97-4f37-85f6-b1437b3a7077,4.0,0.4444444444444444,4.0,14100.44,3525.11,1635.4173263319262,56,1,4.0,1.0,27.0,4.0,1.0,0.25,4.0,1.0,9.0,4.0,1.0,0.25,0.4444444444444444,3525.11,4749.32,0.33682069495703676,127.92,1.0,0.25,4.0,0.25,33.0,3.0,73.0,12,12.0,4,4,4,4,4,193,206,83,0.4146,0.0,0.3286,0.1462,T2,False,none
343c4033-89cb-4652-bfc4-24b47e7cea63,9.0,1.0,7.0,22867.57,2540.841111111111,1462.805472016396,49,1,9.0,1.0,22.0,9.0,1.0,0.1111111111111111,9.0,1.0,11.0,9.0,1.0,0.1111111111111111,1.0,2540.841111111111,4452.36,0.19470192941357564,211.77527777777777,17.0,0.1111111111111111,9.0,0.1111111111111111,44.0,3.0,41.55555555555556,27,27.0,9,9,9,9,9,420,490,124,0.2408,0.0806,0.3579,0.2431,T2,False,none
aec5939c-dd0c-428a-ab77-fc28025da1e5,1.0,0.1111111111111111,1.0,2312.06,2312.06,0.0,41,1,1.0,1.0,14.0,1.0,1.0,1.0,1.0,1.0,10.0,1.0,1.0,1.0,0.1111111111111111,2312.06,2312.06,1.0,0.0,13.0,0.0,1.0,1.0,42.0,1.0,97.0,3,3.0,1,1,1,1,1,62,63,157,0.2333,0.0,0.3976,0.2695,T2,False,none
784d0520-b51f-4a79-81eb-1d7f9ecdc942,1.0,0.1111111111111111,1.0,2180.6,2180.6,0.0,49,1,1.0,1.0,10.0,1.0,1.0,1.0,1.0,1.0,8.0,1.0,1.0,1.0,0.1111111111111111,2180.6,2180.6,1.0,0.0,15.0,0.0,1.0,1.0,31.0,2.0,17.0,3,3.0,1,1,1,1,1,46,46,112,0.2905,0.0,0.3574,0.1777,T2,False,none
e54c3cbb-3462-4dad-b313-7f78a31a31f1,5.0,0.5555555555555556,5.0,14937.3,2987.46,1259.7888379407082,60,1,5.0,1.0,19.0,5.0,1.0,0.2,5.0,1.0,10.0,5.0,1.0,0.2,0.5555555555555556,2987.46,4839.32,0.32397555113708637,196.38861111111112,1.0,0.0,5.0,0.2,44.0,1.0,50.2,15,15.0,5,5,5,5,5,249,268,136,0.2576,0.0,0.4342,0.2507,T2,False,none
3c1ed5ff-32c4-4d79-ab9f-29ecfdfa754a,5.0,0.5555555555555556,3.0,8136.95,1627.3899999999999,1090.9939368988262,85,1,5.0,1.0,19.0,5.0,1.0,0.2,5.0,1.0,8.0,5.0,1.0,0.2,0.5555555555555556,1627.3899999999999,3125.57,0.38412058572315183,137.57583333333332,1.0,0.2,5.0,0.2,38.0,3.0,71.0,15,15.0,5,5,5,5,5,255,270,136,0.2576,0.0,0.4342,0.2507,T2,False,none
18f501f1-08b2-4a47-be73-7cb907e15667,2.0,0.2222222222222222,2.0,6525.389999999999,3262.6949999999997,1556.5329442225113,61,0,2.0,1.0,13.0,2.0,1.0,0.5,2.0,1.0,7.0,2.0,1.0,0.5,0.2222222222222222,3262.6949999999997,4363.33,0.6686696120844885,55.21333333333333,2.0,0.5,2.0,0.5,42.0,2.0,70.0,6,6.0,2,2,2,2,2,94,99,119,0.2635,0.0,0.3946,0.1939,T2,False,none
c6046dd7-86ab-4c61-9eaf-612c9f9f8e6d,2.0,0.2222222222222222,2.0,3604.58,1802.29,1980.8606525447465,29,1,2.0,1.0,18.0,2.0,1.0,0.5,2.0,1.0,7.0,2.0,1.0,0.5,0.2222222222222222,1802.29,3202.97,0.8885834133241598,121.26555555555555,3.0,0.0,2.0,0.5,29.0,2.0,26.5,6,6.0,2,2,2,2,2,89,91,124,0.2408,0.0806,0.3579,0.2431,T2,False,none
fd9a50ec-0261-4dd7-9e5e-6d7f3c1d2de0,2.0,0.2222222222222222,2.0,3363.37,1681.685,2037.5352610568484,32,1,2.0,1.0,16.0,2.0,1.0,0.5,2.0,1.0,7.0,2.0,1.0,0.5,0.2222222222222222,1681.685,3122.44,0.9283664895625519,43.68972222222222,2.0,0.5,2.0,0.5,44.0,2.0,36.5,6,6.0,2,2,2,2,2,106,109,119,0.2635,0.0,0.3946,0.1939,T2,False,none
7730cf1d-6cca-4c43-ab39-f771d8892c0d,3.0,0.3333333333333333,2.0,10972.84,3657.6133333333332,986.9935638256886,70,0,3.0,1.0,22.0,3.0,1.0,0.3333333333333333,3.0,1.0,12.0,3.0,1.0,0.3333333333333333,0.3333333333333333,3657.6133333333332,4785.8,0.43614962033530064,165.3486111111111,0.0,0.0,3.0,0.3333333333333333,35.0,0.0,83.66666666666667,9,9.0,3,3,3,3,3,155,160,83,0.4146,0.0,0.3286,0.1462,T2,False,none
98054327-2a25-41a6-a581-e50e75501fc6,3.0,0.3333333333333333,3.0,1866.78,622.26,798.9687553966049,57,0,3.0,1.0,19.0,3.0,1.0,0.3333333333333333,3.0,1.0,8.0,3.0,1.0,0.3333333333333333,0.3333333333333333,622.26,1544.1,0.827146208980169,193.30638888888888,20.0,0.0,3.0,0.3333333333333333,31.0,0.0,66.0,9,9.0,3,3,3,3,3,126,135,119,0.3255,0.0,0.3993,0.1775,T2,False,none
17011308-dded-4e79-9680-8a71bc02382f,2.0,0.2222222222222222,2.0,6055.83,3027.915,1580.715996139091,16,0,2.0,1.0,12.0,2.0,1.0,0.5,2.0,1.0,7.0,2.0,1.0,0.5,0.2222222222222222,3027.915,4145.65,0.6845717267492647,53.094166666666666,4.0,0.0,2.0,0.5,46.0,1.0,52.5,6,6.0,2,2,2,2,2,96,100,83,0.4146,0.0,0.3286,0.1462,T2,False,none
8b383562-9aaf-4c9d-967c-2f9f50c6f6b2,2.0,0.2222222222222222,2.0,9025.5,4512.75,570.7765937737817,64,0,2.0,1.0,15.0,2.0,1.0,0.5,2.0,1.0,7.0,2.0,1.0,0.5,0.2222222222222222,4512.75,4916.35,0.5447177441692982,67.72583333333333,4.0,0.0,2.0,0.5,42.0,0.0,18.0,6,6.0,2,2,2,2,2,103,105,69,0.4288,0.0,0.2614,0.1292,T2,False,none
ccd1b103-814c-4d4f-91dc-11a33f5612b0,3.0,0.3333333333333333,2.0,9837.81,3279.27,1436.7577963247666,44,1,3.0,1.0,15.0,3.0,1.0,0.3333333333333333,3.0,1.0,9.0,3.0,1.0,0.3333333333333333,0.3333333333333333,3279.27,4407.0,0.44796555330912063,88.55083333333333,9.0,0.0,3.0,0.3333333333333333,39.0,0.0,59.666666666666664,9,9.0,3,3,3,3,3,143,147,119,0.2635,0.0,0.3946,0.1939,T2,False,none
35996ad1-dd19-4c98-8978-744af167c862,5.0,0.5555555555555556,4.0,12392.8,2478.56,1530.2484734186144,39,1,5.0,1.0,19.0,5.0,1.0,0.2,5.0,1.0,8.0,5.0,1.0,0.2,0.5555555555555556,2478.56,4568.49,0.3686406623200568,169.8411111111111,6.0,0.2,5.0,0.2,36.0,0.0,77.2,15,15.0,5,5,5,5,5,226,243,119,0.2635,0.0,0.3946,0.1939,T2,False,none
cab479a3-d62a-4206-b68c-18547ef964fb,4.0,0.4444444444444444,4.0,8701.56,2175.39,2155.2878434059185,54,0,4.0,1.0,14.0,4.0,1.0,0.25,4.0,1.0,13.0,4.0,1.0,0.25,0.4444444444444444,2175.39,4733.39,0.543970276594082,168.76055555555556,16.0,0.25,4.0,0.25,40.0,3.0,46.0,12,12.0,4,4,4,4,4,198,207,210,0.1869,0.0,0.5526,0.3216,T2,False,none
2e633a30-fb0b-4bdd-ac51-72250f305ad0,6.0,0.6666666666666666,5.0,13792.890000000001,2298.815,1978.8526986488914,69,1,6.0,1.0,19.0,6.0,1.0,0.16666666666666666,6.0,1.0,12.0,6.0,1.0,0.16666666666666666,0.6666666666666666,2298.815,4782.0,0.3467003651881513,155.35222222222222,3.0,0.16666666666666666,6.0,0.16666666666666666,36.0,1.0,44.0,18,18.0,6,6,6,6,6,277,308,211,0.1668,0.0,0.5966,0.3124,T2,False,none
37a548a5-5c2c-4ebc-a649-6bfc293af562,2.0,0.2222222222222222,2.0,5630.43,2815.215,312.4634155385236,11,0,2.0,1.0,11.0,2.0,1.0,0.5,2.0,1.0,7.0,2.0,1.0,0.5,0.2222222222222222,2815.215,3036.16,0.539241230243516,87.25527777777778,0.0,0.5,2.0,0.5,35.0,0.0,38.5,6,6.0,2,2,2,2,2,90,92,211,0.1668,0.0,0.5966,0.3124,T2,False,none
f7626ec1-1181-4513-98a3-cf85f2de3758,1.0,0.1111111111111111,1.0,596.58,596.58,0.0,45,1,1.0,1.0,16.0,1.0,1.0,1.0,1.0,1.0,9.0,1.0,1.0,1.0,0.1111111111111111,596.58,596.58,1.0,0.0,23.0,0.0,1.0,1.0,36.0,3.0,92.0,3,3.0,1,1,1,1,1,57,58,211,0.1668,0.0,0.5966,0.3124,T2,False,none
61bf589d-9d5f-4707-8337-25bbe59c0afd,3.0,0.3333333333333333,3.0,5828.079999999999,1942.693333333333,2212.939284127184,54,0,3.0,1.0,19.0,3.0,1.0,0.3333333333333333,3.0,1.0,15.0,3.0,1.0,0.3333333333333333,0.3333333333333333,1942.693333333333,4399.99,0.7549638989169676,201.5038888888889,3.0,0.0,3.0,0.3333333333333333,36.0,0.0,80.0,9,9.0,3,3,3,3,3,162,166,80,0.3873,0.0,0.2639,0.1532,T2,False,none
530a1ed0-09a8-4118-acac-bdc1841eb5df,3.0,0.3333333333333333,3.0,10209.9,3403.2999999999997,1305.9860040980534,59,0,3.0,1.0,16.0,3.0,1.0,0.3333333333333333,3.0,1.0,7.0,3.0,1.0,0.3333333333333333,0.3333333333333333,3403.2999999999997,4620.77,0.45257740036631117,117.45722222222223,21.0,0.3333333333333333,3.0,0.3333333333333333,44.0,3.0,50.666666666666664,9,9.0,3,3,3,3,3,151,158,75,0.4631,0.0,0.2745,0.1623,T2,False,none
057115ea-1a00-4004-b380-ad657e6e71f6,5.0,0.5555555555555556,5.0,9179.55,1835.9099999999999,1007.5736206104247,75,0,5.0,1.0,18.0,5.0,1.0,0.2,5.0,1.0,9.0,5.0,1.0,0.2,0.5555555555555556,1835.9099999999999,3100.7,0.3377834425434798,173.71277777777777,5.0,0.4,5.0,0.2,43.0,0.0,59.0,15,15.0,5,5,5,5,5,267,283,157,0.2333,0.0,0.3976,0.2695,T2,False,none
a5814878-49d6-4985-bed3-b3d5dfbef850,2.0,0.2222222222222222,2.0,6696.33,3348.165,1073.2113171458825,65,1,2.0,1.0,14.0,2.0,1.0,0.5,2.0,1.0,7.0,2.0,1.0,0.5,0.2222222222222222,3348.165,4107.04,0.6133270015067955,67.49805555555555,10.0,0.5,2.0,0.5,42.0,0.0,74.0,6,6.0,2,2,2,2,2,104,107,119,0.2635,0.0,0.3946,0.1939,T2,False,none
f1c62e23-5199-4ca7-a96a-f5a3a7f9a550,3.0,0.3333333333333333,3.0,7404.08,2468.0266666666666,1648.3890069499166,55,1,3.0,1.0,27.0,3.0,1.0,0.3333333333333333,3.0,1.0,8.0,3.0,1.0,0.3333333333333333,0.3333333333333333,2468.0266666666666,4282.53,0.5784013678944582,55.96666666666667,7.0,0.3333333333333333,3.0,0.3333333333333333,40.0,3.0,28.0,9,9.0,3,3,3,3,3,151,158,83,0.4146,0.0,0.3286,0.1462,T2,False,none
15805f71-4252-4abe-94bf-0a09e7986ae2,7.0,0.7777777777777778,5.0,11440.39,1634.3414285714284,1253.8656209023964,28,0,7.0,1.0,25.0,7.0,1.0,0.14285714285714285,7.0,1.0,11.0,7.0,1.0,0.14285714285714285,0.7777777777777778,1634.3414285714284,3377.22,0.2952014747748984,141.53,8.0,0.2857142857142857,7.0,0.14285714285714285,40.0,3.0,61.142857142857146,21,21.0,7,7,7,7,7,349,397,83,0.4146,0.0,0.3286,0.1462,T2,False,none
cf9323f4-e6ed-4d02-bb6a-e22249f88b7e,0.0,0.0,0.0,0.0,0.0,0.0,65,1,0.0,0.0,0.0,0.0,0.0,0.0,0.0,0.0,0.0,0.0,0.0,0.0,0.0,0.0,0.0,0.0,0.0,0.0,0.0,0.0,0.0,0.0,0.0,0.0,0,0.0,0,0,0,0,0,0,0,1,0.0,0.0,0.0,0.0,T2,False,none
63709911-ef4f-4c51-83a2-3d30d3a61288,2.0,0.2222222222222222,2.0,7078.49,3539.245,1064.5280458729112,85,1,2.0,1.0,17.0,2.0,1.0,0.5,2.0,1.0,8.0,2.0,1.0,0.5,0.2222222222222222,3539.245,4291.98,0.6063411829359086,71.40722222222222,4.0,0.5,2.0,0.5,37.0,1.0,61.5,6,6.0,2,2,2,2,2,105,107,80,0.4259,0.0,0.2617,0.1285,T2,False,none
0d15da0a-bed2-4eb3-b840-29b679805b34,2.0,0.2222222222222222,2.0,4531.8,2265.9,687.5199233476803,76,0,2.0,1.0,13.0,2.0,1.0,0.5,2.0,1.0,7.0,2.0,1.0,0.5,0.2222222222222222,2265.9,2752.05,0.6072752548656163,25.653055555555557,12.0,0.0,2.0,0.5,46.0,3.0,52.5,6,6.0,2,2,2,2,2,102,102,80,0.4259,0.0,0.2617,0.1285,T2,False,none
f30e99ba-039a-4562-9d4b-7cb60e18627c,6.0,0.6666666666666666,5.0,10978.31,1829.7183333333332,1596.5350168714328,54,1,6.0,1.0,18.0,6.0,1.0,0.16666666666666666,6.0,1.0,11.0,6.0,1.0,0.16666666666666666,0.6666666666666666,1829.7183333333332,4885.91,0.44505119640454677,121.74555555555555,0.0,0.5,6.0,0.16666666666666666,38.0,3.0,71.16666666666667,18,18.0,6,6,6,6,6,296,317,80,0.4937,0.0,0.285,0.1235,T2,False,none
92684d81-1ce5-4d51-a5b7-6ad01783267d,2.0,0.2222222222222222,2.0,5539.27,2769.635,2955.713416427581,71,1,2.0,1.0,27.0,2.0,1.0,0.5,2.0,1.0,9.0,2.0,1.0,0.5,0.2222222222222222,2769.635,4859.64,0.8773069375567538,74.05,15.0,0.5,2.0,0.5,38.0,0.0,58.0,6,6.0,2,2,2,2,2,121,123,210,0.1869,0.0,0.5526,0.3216,T2,False,none
0e72da7a-7c85-472e-bb0e-f6216a3e7c99,4.0,0.4444444444444444,3.0,7999.34,1999.835,1383.9318235255182,21,0,4.0,1.0,18.0,4.0,1.0,0.25,4.0,1.0,8.0,4.0,1.0,0.25,0.4444444444444444,1999.835,3501.14,0.4376786084852,130.31277777777777,5.0,0.25,4.0,0.25,37.0,2.0,53.0,12,12.0,4,4,4,4,4,180,188,119,0.2635,0.0,0.3946,0.1939,T2,False,none
d16c473b-b2a7-49a7-a810-e6f8b24415fd,5.0,0.5555555555555556,5.0,17306.89,3461.3779999999997,1225.0810397765529,33,1,5.0,1.0,13.0,5.0,1.0,0.2,5.0,1.0,11.0,5.0,1.0,0.2,0.5555555555555556,3461.3779999999997,4895.5,0.2828642234393354,114.42083333333333,5.0,0.2,5.0,0.2,47.0,0.0,77.0,15,15.0,5,5,5,5,5,237,247,80,0.4937,0.0,0.285,0.1235,T2,False,none
ad4b6f80-2424-42a6-a7d4-27791824ea47,0.0,0.0,0.0,0.0,0.0,0.0,95,0,0.0,0.0,0.0,0.0,0.0,0.0,0.0,0.0,0.0,0.0,0.0,0.0,0.0,0.0,0.0,0.0,0.0,0.0,0.0,0.0,0.0,0.0,0.0,0.0,0,0.0,0,0,0,0,0,0,0,1,0.0,0.0,0.0,0.0,T2,False,none
810a3368-7327-401a-87bb-3b47cff2d83f,2.0,0.2222222222222222,2.0,2052.7,1026.35,138.7909190112956,61,1,2.0,1.0,16.0,2.0,1.0,0.5,2.0,1.0,6.0,2.0,1.0,0.5,0.2222222222222222,1026.35,1124.49,0.5478102011984216,39.748333333333335,3.0,0.0,2.0,0.5,47.0,1.0,87.5,6,6.0,2,2,2,2,2,112,113,80,0.4937,0.0,0.285,0.1235,T2,False,none
c66e64cd-0009-4e10-ba53-0daebc209ccb,2.0,0.2222222222222222,2.0,1848.73,924.365,498.9699001442873,38,1,2.0,1.0,16.0,2.0,1.0,0.5,2.0,1.0,15.0,2.0,1.0,0.5,0.2222222222222222,924.365,1277.19,0.6908472302607737,18.001666666666665,15.0,0.0,2.0,0.5,39.0,1.0,66.0,6,6.0,2,2,2,2,2,115,118,119,0.2253,0.0,0.3893,0.1815,T2,False,none
b5adacc7-d016-4db8-a77a-3ffde0092bd4,5.0,0.5555555555555556,5.0,9678.83,1935.766,1730.3675033731997,79,0,5.0,1.0,14.0,5.0,1.0,0.2,5.0,1.0,12.0,5.0,1.0,0.2,0.5555555555555556,1935.766,4064.31,0.4199174900272037,136.83583333333334,2.0,0.2,5.0,0.2,41.0,0.0,56.0,15,15.0,5,5,5,5,5,247,263,80,0.3873,0.0,0.2639,0.1532,T2,False,none
80e5ffc6-30ee-4b22-aafb-d67612b05671,4.0,0.4444444444444444,4.0,9234.66,2308.665,1705.6790117428309,70,1,4.0,1.0,20.0,4.0,1.0,0.25,4.0,1.0,8.0,4.0,1.0,0.25,0.4444444444444444,2308.665,4390.22,0.4754067827077554,177.79916666666668,1.0,0.0,4.0,0.25,39.0,0.0,63.75,12,12.0,4,4,4,4,4,204,213,112,0.2905,0.0,0.3574,0.1777,T2,False,none
e77ad648-98ad-4ca9-b8e5-31e7e8899353,5.0,0.5555555555555556,4.0,14812.64,2962.528,748.8240870658476,47,0,5.0,1.0,15.0,5.0,1.0,0.2,5.0,1.0,11.0,5.0,1.0,0.2,0.5555555555555556,2962.528,3732.52,0.25198209097095453,205.22555555555556,14.0,0.2,5.0,0.2,44.0,0.0,41.2,15,15.0,5,5,5,5,5,266,285,157,0.2333,0.0,0.3976,0.2695,T2,False,none
65d8ab3b-6082-42e5-b2f1-2043bc57ce1c,5.0,0.5555555555555556,4.0,12912.779999999999,2582.5559999999996,1074.23924098871,16,0,5.0,1.0,24.0,5.0,1.0,0.2,5.0,1.0,8.0,5.0,1.0,0.2,0.5555555555555556,2582.5559999999996,3839.03,0.29730468574543983,128.7686111111111,0.0,0.0,5.0,0.2,39.0,0.0,44.6,15,15.0,5,5,5,5,5,236,257,119,0.2635,0.0,0.3946,0.1939,T2,False,none
b3718ae8-0522-4704-a8d1-6e3c9d8d898e,1.0,0.1111111111111111,1.0,4949.27,4949.27,0.0,85,1,1.0,1.0,9.0,1.0,1.0,1.0,1.0,1.0,14.0,1.0,1.0,1.0,0.1111111111111111,4949.27,4949.27,1.0,0.0,3.0,0.0,1.0,1.0,36.0,2.0,62.0,3,3.0,1,1,1,1,1,55,56,119,0.2635,0.0,0.3946,0.1939,T2,False,none
de756d76-0860-43be-bf1f-caad4e05514d,1.0,0.1111111111111111,1.0,574.17,574.17,0.0,90,0,1.0,1.0,11.0,1.0,1.0,1.0,1.0,1.0,7.0,1.0,1.0,1.0,0.1111111111111111,574.17,574.17,1.0,0.0,16.0,0.0,1.0,1.0,33.0,1.0,99.0,3,3.0,1,1,1,1,1,47,48,83,0.4146,0.0,0.3286,0.1462,T2,False,none
ed7344a3-3d67-4c39-93d4-ce9f75c8129f,3.0,0.3333333333333333,3.0,8363.11,2787.7033333333334,1416.1697199606172,35,0,3.0,1.0,10.0,3.0,1.0,0.3333333333333333,3.0,1.0,10.0,3.0,1.0,0.3333333333333333,0.3333333333333333,2787.7033333333334,3770.57,0.4508573963513573,159.94722222222222,5.0,0.0,3.0,0.3333333333333333,46.0,1.0,47.666666666666664,9,9.0,3,3,3,3,3,148,153,83,0.4146,0.0,0.3286,0.1462,T2,False,none
30a711f6-6354-4d3b-9e23-a4c2d76d8b13,2.0,0.2222222222222222,2.0,1800.62,900.31,1171.3082408998923,52,0,2.0,1.0,21.0,2.0,1.0,0.5,2.0,1.0,9.0,2.0,1.0,0.5,0.2222222222222222,900.31,1728.55,0.9599748975352934,152.1211111111111,0.0,0.0,2.0,0.5,35.0,0.0,81.0,6,6.0,2,2,2,2,2,100,100,83,0.4146,0.0,0.3286,0.1462,T2,False,none
e7979f9b-1de0-4406-b4e1-5880eabc14d4,5.0,0.5555555555555556,4.0,16861.24,3372.2480000000005,1749.2637800143239,65,1,5.0,1.0,22.0,5.0,1.0,0.2,5.0,1.0,9.0,5.0,1.0,0.2,0.5555555555555556,3372.2480000000005,4886.54,0.2898090531894451,166.97277777777776,11.0,0.0,5.0,0.2,46.0,2.0,65.2,15,15.0,5,5,5,5,5,262,280,80,0.4259,0.0,0.2617,0.1285,T2,False,none
1cd5354c-abdf-4b91-9b2a-badebbaabd2a,0.0,0.0,0.0,0.0,0.0,0.0,49,1,0.0,0.0,0.0,0.0,0.0,0.0,0.0,0.0,0.0,0.0,0.0,0.0,0.0,0.0,0.0,0.0,0.0,0.0,0.0,0.0,0.0,0.0,0.0,0.0,0,0.0,0,0,0,0,0,0,0,1,0.0,0.0,0.0,0.0,T2,False,none
9779686d-5647-4324-a6a4-de1afd771079,1.0,0.1111111111111111,1.0,3867.69,3867.69,0.0,30,0,1.0,1.0,12.0,1.0,1.0,1.0,1.0,1.0,9.0,1.0,1.0,1.0,0.1111111111111111,3867.69,3867.69,1.0,0.0,4.0,0.0,1.0,1.0,43.0,1.0,82.0,3,3.0,1,1,1,1,1,58,61,157,0.2333,0.0,0.3976,0.2695,T2,False,none
bb688f95-8838-465b-a66b-49018c9da7a0,5.0,0.5555555555555556,3.0,17756.079999999998,3551.2159999999994,1771.8521874806602,81,0,5.0,1.0,21.0,5.0,1.0,0.2,5.0,1.0,12.0,5.0,1.0,0.2,0.5555555555555556,3551.2159999999994,4861.94,0.2738183202598772,151.53277777777777,1.0,0.2,5.0,0.2,47.0,3.0,79.2,15,15.0,5,5,5,5,5,279,299,80,0.4937,0.0,0.285,0.1235,T2,False,none
a67cf2ff-f8e9-4b76-b1ad-d4f2438086b2,2.0,0.2222222222222222,2.0,6173.16,3086.58,1098.3631053526879,65,0,2.0,1.0,13.0,2.0,1.0,0.5,2.0,1.0,13.0,2.0,1.0,0.5,0.2222222222222222,3086.58,3863.24,0.6258123878208243,70.35111111111111,3.0,0.0,2.0,0.5,41.0,0.0,22.0,6,6.0,2,2,2,2,2,119,122,124,0.2408,0.0806,0.3579,0.2431,T2,False,none
bfadd26c-c962-4a2b-8a04-bce827eac586,1.0,0.1111111111111111,1.0,2135.9,2135.9,0.0,32,1,1.0,1.0,5.0,1.0,1.0,1.0,1.0,1.0,8.0,1.0,1.0,1.0,0.1111111111111111,2135.9,2135.9,1.0,0.0,12.0,0.0,1.0,1.0,33.0,1.0,86.0,3,3.0,1,1,1,1,1,42,43,211,0.1668,0.0,0.5966,0.3124,T2,False,none
fa0299b3-c2fa-4fe4-8864-587b559e6010,3.0,0.3333333333333333,3.0,7355.74,2451.9133333333334,1941.1284227565502,27,1,3.0,1.0,18.0,3.0,1.0,0.3333333333333333,3.0,1.0,10.0,3.0,1.0,0.3333333333333333,0.3333333333333333,2451.9133333333334,4571.69,0.6215132671899768,94.51083333333334,2.0,0.3333333333333333,3.0,0.3333333333333333,36.0,3.0,81.0,9,9.0,3,3,3,3,3,157,164,211,0.1668,0.0,0.5966,0.3124,T2,False,none
3293306f-2594-4775-a372-73ce3c83c6a6,3.0,0.3333333333333333,2.0,5262.5599999999995,1754.1866666666665,904.0192144160064,33,0,3.0,1.0,23.0,3.0,1.0,0.3333333333333333,3.0,1.0,7.0,3.0,1.0,0.3333333333333333,0.3333333333333333,1754.1866666666665,2608.34,0.49564090480678613,138.79722222222222,8.0,0.0,3.0,0.3333333333333333,38.0,3.0,25.0,9,9.0,3,3,3,3,3,152,161,211,0.1668,0.0,0.5966,0.3124,T2,False,none
d4d5e9d6-7cc6-478c-afe7-0a966468aeac,4.0,0.4444444444444444,4.0,8048.93,2012.2325,1271.6739187746468,11,0,4.0,1.0,19.0,4.0,1.0,0.25,4.0,1.0,9.0,4.0,1.0,0.25,0.4444444444444444,2012.2325,3707.82,0.4606599883462771,189.36027777777778,1.0,0.0,4.0,0.25,43.0,3.0,66.0,12,12.0,4,4,4,4,4,217,230,160,0.1969,0.0,0.388,0.2723,T2,False,none
c17ab83c-f3da-4276-9fc6-e6a66bef7c16,4.0,0.4444444444444444,3.0,7499.63,1874.9075,2081.2309461530213,74,0,4.0,1.0,14.0,4.0,1.0,0.25,4.0,1.0,8.0,4.0,1.0,0.25,0.4444444444444444,1874.9075,4914.62,0.6553149955397799,102.335,15.0,0.75,4.0,0.25,43.0,1.0,48.0,12,12.0,4,4,4,4,4,205,212,211,0.1668,0.0,0.5966,0.3124,T2,False,none
a4a994fe-561d-461a-b01b-b7d6ec3a6bdd,7.0,0.7777777777777778,5.0,11654.439999999999,1664.9199999999998,964.1956384123159,87,1,7.0,1.0,25.0,7.0,1.0,0.14285714285714285,7.0,1.0,9.0,7.0,1.0,0.14285714285714285,0.7777777777777778,1664.9199999999998,2958.91,0.25388693064617435,126.26,5.0,0.14285714285714285,7.0,0.14285714285714285,44.0,0.0,52.57142857142857,21,21.0,7,7,7,7,7,351,384,75,0.4631,0.0,0.2745,0.1623,T2,False,none
d80091d2-e2bc-484c-8450-74374040887e,5.0,0.5555555555555556,4.0,11091.689999999999,2218.3379999999997,1344.558677678293,58,0,5.0,1.0,19.0,5.0,1.0,0.2,5.0,1.0,10.0,5.0,1.0,0.2,0.5555555555555556,2218.3379999999997,3780.62,0.3408515744670109,187.14944444444444,0.0,0.2,4.0,0.4,40.0,0.0,46.2,14,15.0,5,5,4,5,5,210,221,124,0.2408,0.0806,0.3579,0.2431,T2,False,none
d61bc61b-d731-45a8-a8ed-0ada3583dc95,4.0,0.4444444444444444,4.0,5439.7699999999995,1359.9424999999999,997.8936343577241,64,1,4.0,1.0,15.0,4.0,1.0,0.25,4.0,1.0,9.0,4.0,1.0,0.25,0.4444444444444444,1359.9424999999999,2816.3,0.517724094952544,83.6913888888889,2.0,0.0,4.0,0.25,47.0,3.0,55.25,12,12.0,4,4,4,4,4,195,208,80,0.4937,0.0,0.285,0.1235,T2,False,none
1823a009-3313-40ec-9b17-294a1f86f2e1,2.0,0.2222222222222222,2.0,4874.0199999999995,2437.0099999999998,3016.1356908799708,68,0,2.0,1.0,15.0,2.0,1.0,0.5,2.0,1.0,13.0,2.0,1.0,0.5,0.2222222222222222,2437.0099999999998,4569.74,0.9375710399218715,35.09638888888889,9.0,0.5,2.0,0.5,39.0,0.0,41.5,6,6.0,2,2,2,2,2,115,119,80,0.3873,0.0,0.2639,0.1532,T2,False,none
86fd499d-58b1-49c8-9ec8-6aed65074a45,2.0,0.2222222222222222,2.0,6563.530000000001,3281.7650000000003,1813.7218226756825,71,0,2.0,1.0,19.0,2.0,1.0,0.5,2.0,1.0,7.0,2.0,1.0,0.5,0.2222222222222222,3281.7650000000003,4564.26,0.6953971414772233,145.14527777777778,7.0,0.0,2.0,0.5,37.0,0.0,79.0,6,6.0,2,2,2,2,2,104,105,210,0.1869,0.0,0.5526,0.3216,T2,False,none
27dec718-1732-47a1-9d81-1462523d67ad,5.0,0.5555555555555556,3.0,18432.440000000002,3686.4880000000003,1230.7808568018922,79,1,5.0,1.0,21.0,5.0,1.0,0.2,5.0,1.0,12.0,5.0,1.0,0.2,0.5555555555555556,3686.4880000000003,4572.0,0.24804095388347933,193.11444444444444,1.0,0.0,5.0,0.2,38.0,3.0,63.6,15,15.0,5,5,5,5,5,258,278,211,0.1668,0.0,0.5966,0.3124,T2,False,none
fc61f117-7188-4e36-b0ef-66b72c54bd38,4.0,0.4444444444444444,4.0,12720.63,3180.1575,1105.6343714319244,33,1,4.0,1.0,23.0,4.0,1.0,0.25,4.0,1.0,19.0,4.0,1.0,0.25,0.4444444444444444,3180.1575,4303.28,0.3382914211009989,223.65777777777777,0.0,0.0,4.0,0.25,43.0,2.0,40.5,12,12.0,4,4,4,4,4,205,215,124,0.2408,0.0806,0.3579,0.2431,T2,False,none
3dda16a6-5783-4263-837c-3a7087cf5b1c,2.0,0.2222222222222222,2.0,4122.83,2061.415,1448.0486218528715,16,0,2.0,1.0,13.0,2.0,1.0,0.5,2.0,1.0,10.0,2.0,1.0,0.5,0.2222222222222222,2061.415,3085.34,0.7483548921493247,48.530277777777776,14.0,0.0,2.0,0.5,42.0,1.0,78.5,6,6.0,2,2,2,2,2,112,117,157,0.2333,0.0,0.3976,0.2695,T2,False,none
8ad847ec-507a-4211-9772-5ab8148cf71e,0.0,0.0,0.0,0.0,0.0,0.0,13,1,0.0,0.0,0.0,0.0,0.0,0.0,0.0,0.0,0.0,0.0,0.0,0.0,0.0,0.0,0.0,0.0,0.0,0.0,0.0,0.0,0.0,0.0,0.0,0.0,0,0.0,0,0,0,0,0,0,0,1,0.0,0.0,0.0,0.0,T2,False,none
2bef2ed3-04a5-47df-b752-1fdb866aadaf,1.0,0.1111111111111111,1.0,1650.66,1650.66,0.0,63,0,1.0,1.0,15.0,1.0,1.0,1.0,1.0,1.0,9.0,1.0,1.0,1.0,0.1111111111111111,1650.66,1650.66,1.0,0.0,17.0,0.0,1.0,1.0,27.0,1.0,74.0,3,3.0,1,1,1,1,1,46,48,160,0.1969,0.0,0.388,0.2723,T2,False,none
757ed7a6-ce6d-4ccc-8be6-ebfb2ad2a674,3.0,0.3333333333333333,3.0,8338.53,2779.51,1655.7524746471013,17,0,3.0,1.0,20.0,3.0,1.0,0.3333333333333333,3.0,1.0,7.0,3.0,1.0,0.3333333333333333,0.3333333333333333,2779.51,3860.67,0.46299167838935634,66.70833333333333,3.0,0.3333333333333333,3.0,0.3333333333333333,38.0,3.0,63.0,9,9.0,3,3,3,3,3,149,160,119,0.2635,0.0,0.3946,0.1939,T2,False,none
0bb5db3d-1b86-4dec-8b56-08257093a06d,5.0,0.5555555555555556,3.0,11859.87,2371.974,1841.2207544669923,10,0,5.0,1.0,18.0,5.0,1.0,0.2,5.0,1.0,7.0,5.0,1.0,0.2,0.5555555555555556,2371.974,4513.45,0.38056487971621944,186.00555555555556,6.0,0.0,5.0,0.2,39.0,0.0,66.4,15,15.0,5,5,5,5,5,236,254,112,0.2905,0.0,0.3574,0.1777,T2,False,none
342cebbf-eb55-4d6d-9c28-aac8c70fd97b,6.0,0.6666666666666666,4.0,11451.54,1908.5900000000001,1239.7690585266273,74,0,6.0,1.0,22.0,6.0,1.0,0.16666666666666666,6.0,1.0,10.0,6.0,1.0,0.16666666666666666,0.6666666666666666,1908.5900000000001,4191.46,0.3660171470387389,179.4475,3.0,0.0,6.0,0.16666666666666666,36.0,3.0,37.0,18,18.0,6,6,6,6,6,275,304,80,0.4937,0.0,0.285,0.1235,T2,False,none
1a0f439e-2ca2-4108-a399-a1ba178ac898,2.0,0.2222222222222222,2.0,7402.67,3701.335,1438.4319696287344,71,0,2.0,1.0,15.0,2.0,1.0,0.5,2.0,1.0,10.0,2.0,1.0,0.5,0.2222222222222222,3701.335,4718.46,0.637399749009479,103.28222222222222,12.0,0.5,2.0,0.5,29.0,0.0,81.5,6,6.0,2,2,2,2,2,94,95,119,0.2635,0.0,0.3946,0.1939,T2,False,none
d6054efc-889a-4133-bfcb-ea1d46078ea7,6.0,0.6666666666666666,5.0,13742.82,2290.47,1701.2499661366642,96,1,6.0,1.0,18.0,6.0,1.0,0.16666666666666666,6.0,1.0,10.0,6.0,1.0,0.16666666666666666,0.6666666666666666,2290.47,4822.56,0.35091487773251784,107.85638888888889,0.0,0.0,6.0,0.16666666666666666,39.0,0.0,65.16666666666667,18,18.0,6,6,6,6,6,276,299,80,0.3873,0.0,0.2639,0.1532,T2,False,none
3b449b48-1ca6-496c-9e1e-c1b9421f62eb,4.0,0.4444444444444444,4.0,14007.46,3501.865,2341.031420670527,21,0,4.0,1.0,22.0,4.0,1.0,0.25,4.0,1.0,9.0,4.0,1.0,0.25,0.4444444444444444,3501.865,4946.04,0.35310041934797604,156.3947222222222,10.0,0.25,4.0,0.25,33.0,0.0,41.75,12,12.0,4,4,4,4,4,186,195,119,0.2253,0.0,0.3893,0.1815,T2,False,none
a4308f03-95a6-40d8-8a6a-a2721609fd25,4.0,0.4444444444444444,3.0,12584.84,3146.21,1905.8818978275299,79,1,4.0,1.0,20.0,4.0,1.0,0.25,4.0,1.0,6.0,4.0,1.0,0.25,0.4444444444444444,3146.21,4810.81,0.3822702553230713,68.50888888888889,2.0,0.5,4.0,0.25,44.0,3.0,88.75,12,12.0,4,4,4,4,4,198,209,136,0.2576,0.0,0.4342,0.2507,T2,False,none
713c4a8e-5ff2-4913-bb19-c120b659413f,3.0,0.3333333333333333,2.0,6063.799999999999,2021.2666666666664,1167.838688875023,26,1,3.0,1.0,22.0,3.0,1.0,0.3333333333333333,3.0,1.0,10.0,3.0,1.0,0.3333333333333333,0.3333333333333333,2021.2666666666664,2979.95,0.4914327649328804,72.84333333333333,1.0,0.3333333333333333,3.0,0.3333333333333333,44.0,3.0,44.333333333333336,9,9.0,3,3,3,3,3,168,176,119,0.3255,0.0,0.3993,0.1775,T2,False,none
6c2eea0f-78f8-448d-99ad-79d38209ddaa,7.0,0.7777777777777778,6.0,15771.79,2253.112857142857,1461.252106045979,75,1,7.0,1.0,20.0,7.0,1.0,0.14285714285714285,7.0,1.0,16.0,7.0,1.0,0.14285714285714285,0.7777777777777778,2253.112857142857,4472.99,0.28360699704979586,173.5836111111111,3.0,0.14285714285714285,7.0,0.14285714285714285,44.0,3.0,67.28571428571429,21,21.0,7,7,7,7,7,345,379,136,0.2576,0.0,0.4342,0.2507,T2,False,none
d1607443-dfaa-4a39-aedf-017aedcb5e6f,5.0,0.5555555555555556,4.0,9916.44,1983.288,1030.8218334756011,83,0,5.0,1.0,20.0,5.0,1.0,0.2,5.0,1.0,10.0,5.0,1.0,0.2,0.5555555555555556,1983.288,2781.58,0.28050187365627177,122.5513888888889,2.0,0.2,5.0,0.2,36.0,0.0,46.8,15,15.0,5,5,5,5,5,248,265,119,0.2253,0.0,0.3893,0.1815,T2,False,none
759430d5-9de9-41fc-8746-0897bc584b42,2.0,0.2222222222222222,2.0,2743.2,1371.6,1550.713455413346,84,1,2.0,1.0,19.0,2.0,1.0,0.5,2.0,1.0,6.0,2.0,1.0,0.5,0.2222222222222222,1371.6,2468.12,0.8997229512977545,21.404722222222222,0.0,0.0,2.0,0.5,39.0,0.0,56.0,6,6.0,2,2,2,2,2,100,105,112,0.2905,0.0,0.3574,0.1777,T2,False,none
9d0326b3-944e-412a-8352-12fdb8daa55d,3.0,0.3333333333333333,2.0,7119.96,2373.32,1246.9368493632708,28,0,3.0,1.0,16.0,3.0,1.0,0.3333333333333333,3.0,1.0,6.0,3.0,1.0,0.3333333333333333,0.3333333333333333,2373.32,3784.38,0.5315170309945562,209.56027777777777,3.0,0.0,3.0,0.3333333333333333,34.0,1.0,57.333333333333336,9,9.0,3,3,3,3,3,139,142,124,0.2408,0.0806,0.3579,0.2431,T2,False,none
08f9654e-31dd-4c3a-b44e-d0abaa419a57,4.0,0.4444444444444444,4.0,7465.69,1866.4225,1666.2464964779372,83,0,4.0,1.0,27.0,4.0,1.0,0.25,4.0,1.0,9.0,4.0,1.0,0.25,0.4444444444444444,1866.4225,3503.45,0.46927343621286177,151.67944444444444,3.0,0.5,4.0,0.25,46.0,0.0,48.0,12,12.0,4,4,4,4,4,225,236,83,0.4146,0.0,0.3286,0.1462,T2,False,none
39818ffb-adf3-49a0-9e4e-7ea44088abe8,2.0,0.2222222222222222,2.0,6636.1,3318.05,672.8262444346235,49,1,2.0,1.0,16.0,2.0,1.0,0.5,2.0,1.0,11.0,2.0,1.0,0.5,0.2222222222222222,3318.05,3793.81,0.5716927110803032,6.410555555555556,5.0,0.5,2.0,0.5,34.0,0.0,61.0,6,6.0,2,2,2,2,2,104,105,119,0.3255,0.0,0.3993,0.1775,T2,False,none
b1714d0e-be86-4dd9-a74d-9fbffc8c37de,4.0,0.4444444444444444,4.0,7969.75,1992.4375,606.7942079692257,31,0,4.0,1.0,19.0,4.0,1.0,0.25,4.0,1.0,9.0,4.0,1.0,0.25,0.4444444444444444,1992.4375,2534.85,0.3180589102543994,87.52694444444444,9.0,0.25,3.0,0.5,41.0,2.0,64.5,11,12.0,4,4,3,4,4,183,193,211,0.1668,0.0,0.5966,0.3124,T2,False,none
20da1b99-cfdc-44fe-a2f0-3c14aafdbd5f,1.0,0.1111111111111111,1.0,4040.06,4040.06,0.0,95,1,1.0,1.0,9.0,1.0,1.0,1.0,1.0,1.0,6.0,1.0,1.0,1.0,0.1111111111111111,4040.06,4040.06,1.0,0.0,14.0,0.0,1.0,1.0,44.0,1.0,63.0,3,3.0,1,1,1,1,1,55,56,160,0.1969,0.0,0.388,0.2723,T2,False,none
79c6c91a-e942-4d6e-8504-41640140512d,3.0,0.3333333333333333,3.0,6125.62,2041.8733333333332,983.2580419367714,59,1,3.0,1.0,19.0,3.0,1.0,0.3333333333333333,3.0,1.0,9.0,3.0,1.0,0.3333333333333333,0.3333333333333333,2041.8733333333332,2930.02,0.47832219432481937,79.97194444444445,3.0,0.3333333333333333,3.0,0.3333333333333333,35.0,0.0,72.66666666666667,9,9.0,3,3,3,3,3,143,147,211,0.1668,0.0,0.5966,0.3124,T2,False,none
f4114769-4ea1-4145-b03b-8d6abda92545,3.0,0.3333333333333333,3.0,9195.22,3065.0733333333333,1145.3847635765605,67,1,3.0,1.0,20.0,3.0,1.0,0.3333333333333333,3.0,1.0,8.0,3.0,1.0,0.3333333333333333,0.3333333333333333,3065.0733333333333,4195.03,0.45621855703289316,204.075,10.0,0.3333333333333333,3.0,0.3333333333333333,40.0,1.0,38.0,9,9.0,3,3,3,3,3,164,172,160,0.1969,0.0,0.388,0.2723,T2,False,none
d36a7e3f-38f6-4a6b-aa38-403c13d2b95a,2.0,0.2222222222222222,2.0,5814.84,2907.42,838.0488149266725,87,1,2.0,1.0,19.0,2.0,1.0,0.5,2.0,1.0,7.0,2.0,1.0,0.5,0.2222222222222222,2907.42,3500.01,0.601909940772231,181.35722222222222,2.0,0.0,2.0,0.5,36.0,0.0,66.5,6,6.0,2,2,2,2,2,99,100,119,0.2253,0.0,0.3893,0.1815,T2,False,none
130709ab-aa74-439d-8f96-d52bb50a82f9,5.0,0.5555555555555556,4.0,15240.4,3048.08,1294.7227246016807,16,1,4.0,1.25,20.0,4.0,1.0,0.4,5.0,1.0,10.0,5.0,1.0,0.2,0.5555555555555556,3048.08,4226.47,0.27732014907745206,155.22472222222223,1.0,0.6,5.0,0.2,42.0,1.0,76.0,14,15.0,4,5,5,4,5,242,263,157,0.2333,0.0,0.3976,0.2695,T2,False,none
c9f27fe8-f763-4363-8b0d-c78205e21f81,2.0,0.2222222222222222,2.0,3634.0,1817.0,1827.3053439422758,97,1,2.0,1.0,17.0,2.0,1.0,0.5,2.0,1.0,10.0,2.0,1.0,0.5,0.2222222222222222,1817.0,3109.1,0.855558613098514,17.510833333333334,4.0,0.5,2.0,0.5,33.0,0.0,69.0,6,6.0,2,2,2,2,2,104,105,211,0.1668,0.0,0.5966,0.3124,T2,False,none
ecb85cb8-8880-4e43-bc41-f6f2499409ae,6.0,0.6666666666666666,3.0,10792.16,1798.6933333333334,1532.1322512455206,47,1,6.0,1.0,19.0,6.0,1.0,0.16666666666666666,6.0,1.0,8.0,6.0,1.0,0.16666666666666666,0.6666666666666666,1798.6933333333334,4460.81,0.4133380157447629,188.35861111111112,0.0,0.3333333333333333,6.0,0.16666666666666666,44.0,3.0,39.666666666666664,18,18.0,6,6,6,6,6,305,338,75,0.4631,0.0,0.2745,0.1623,T2,False,none
9fd633a6-545a-4a99-bd64-b87f1c46c11a,3.0,0.3333333333333333,3.0,11311.259999999998,3770.4199999999996,1486.414037171339,31,1,3.0,1.0,23.0,3.0,1.0,0.3333333333333333,3.0,1.0,9.0,3.0,1.0,0.3333333333333333,0.3333333333333333,3770.4199999999996,4634.4,0.409715628497621,135.0625,12.0,0.3333333333333333,3.0,0.3333333333333333,46.0,3.0,53.0,9,9.0,3,3,3,3,3,198,204,75,0.4631,0.0,0.2745,0.1623,T2,False,none
109d324e-e333-4d9a-90a6-38927dbc6157,3.0,0.3333333333333333,3.0,3201.0,1067.0,881.9893062843789,71,0,3.0,1.0,21.0,3.0,1.0,0.3333333333333333,3.0,1.0,12.0,3.0,1.0,0.3333333333333333,0.3333333333333333,1067.0,1999.0,0.6244923461418307,108.26222222222222,3.0,0.3333333333333333,3.0,0.3333333333333333,38.0,2.0,39.666666666666664,9,9.0,3,3,3,3,3,149,153,211,0.1668,0.0,0.5966,0.3124,T2,False,none
8a5aafd8-7101-4d74-8452-911ea9ead48a,5.0,0.5555555555555556,4.0,15883.39,3176.678,1716.1022124191788,42,1,5.0,1.0,13.0,5.0,1.0,0.2,5.0,1.0,13.0,5.0,1.0,0.2,0.5555555555555556,3176.678,4670.62,0.2940568732493504,168.55055555555555,5.0,0.0,5.0,0.2,44.0,0.0,39.8,15,15.0,5,5,5,5,5,222,235,119,0.3255,0.0,0.3993,0.1775,T2,False,none
04d87bce-f041-4b8e-b0da-4e8146bf0d05,2.0,0.2222222222222222,2.0,856.5899999999999,428.29499999999996,175.4968320226892,76,1,2.0,1.0,14.0,2.0,1.0,0.5,2.0,1.0,8.0,2.0,1.0,0.5,0.2222222222222222,428.29499999999996,552.39,0.6448709417574335,89.01194444444444,15.0,0.5,2.0,0.5,42.0,1.0,57.5,6,6.0,2,2,2,2,2,95,96,157,0.2333,0.0,0.3976,0.2695,T2,False,none
3037be5e-d8e8-4060-96ca-45896277caf3,2.0,0.2222222222222222,2.0,4064.2400000000002,2032.1200000000001,365.12165753348575,79,0,2.0,1.0,18.0,2.0,1.0,0.5,2.0,1.0,11.0,2.0,1.0,0.5,0.2222222222222222,2032.1200000000001,2290.3,0.5635247918430014,109.17472222222223,5.0,0.5,2.0,0.5,35.0,1.0,88.5,6,6.0,2,2,2,2,2,105,107,83,0.4146,0.0,0.3286,0.1462,T2,False,none
41e0daba-6471-43f6-bb93-a1176d83c86d,5.0,0.5555555555555556,3.0,11192.53,2238.5060000000003,1893.6575253012356,71,1,5.0,1.0,20.0,5.0,1.0,0.2,5.0,1.0,10.0,5.0,1.0,0.2,0.5555555555555556,2238.5060000000003,4620.05,0.4127797736526058,152.77305555555554,6.0,0.6,5.0,0.2,38.0,2.0,53.0,15,15.0,5,5,5,5,5,236,255,124,0.2408,0.0806,0.3579,0.2431,T2,False,none
32d2079d-7181-40b6-bf1b-b31571528ed2,4.0,0.4444444444444444,4.0,7479.089999999999,1869.7724999999998,2141.8035907987296,74,0,4.0,1.0,19.0,4.0,1.0,0.25,4.0,1.0,10.0,4.0,1.0,0.25,0.4444444444444444,1869.7724999999998,4965.07,0.6638601755026347,115.94111111111111,1.0,0.5,3.0,0.5,44.0,1.0,68.25,11,12.0,4,4,3,4,4,172,175,80,0.4937,0.0,0.285,0.1235,T2,False,none
1d18835d-2c67-45bc-866a-ce78752a3dbd,3.0,0.3333333333333333,2.0,6115.07,2038.3566666666666,1891.0663527579707,56,0,3.0,1.0,15.0,3.0,1.0,0.3333333333333333,3.0,1.0,8.0,3.0,1.0,0.3333333333333333,0.3333333333333333,2038.3566666666666,4211.83,0.6887623526795278,131.5261111111111,3.0,0.0,3.0,0.3333333333333333,33.0,2.0,77.33333333333333,9,9.0,3,3,3,3,3,134,139,211,0.1668,0.0,0.5966,0.3124,T2,False,none
9521cc2b-e94a-4a70-bee5-ddf4c350eed7,3.0,0.3333333333333333,3.0,11385.39,3795.1299999999997,1049.0355393884422,42,1,3.0,1.0,13.0,3.0,1.0,0.3333333333333333,3.0,1.0,14.0,3.0,1.0,0.3333333333333333,0.3333333333333333,3795.1299999999997,4860.3,0.4268891974714964,69.2425,0.0,0.6666666666666666,3.0,0.3333333333333333,43.0,1.0,52.333333333333336,9,9.0,3,3,3,3,3,165,166,80,0.4259,0.0,0.2617,0.1285,T2,False,none
1fa1dcb9-1c89-4666-9b5b-161c75053b52,4.0,0.4444444444444444,4.0,5020.71,1255.1775,1112.5274878813857,23,1,4.0,1.0,19.0,4.0,1.0,0.25,4.0,1.0,10.0,4.0,1.0,0.25,0.4444444444444444,1255.1775,2430.27,0.48404906875720766,131.22666666666666,2.0,0.25,4.0,0.25,37.0,0.0,39.0,12,12.0,4,4,4,4,4,193,205,160,0.1969,0.0,0.388,0.2723,T2,False,none
9f80648f-0ff2-4f8b-9434-3eb43495fad8,6.0,0.6666666666666666,2.0,17015.27,2835.8783333333336,856.9757839149638,49,1,6.0,1.0,25.0,6.0,1.0,0.16666666666666666,6.0,1.0,8.0,6.0,1.0,0.16666666666666666,0.6666666666666666,2835.8783333333336,3637.15,0.2137579950244692,109.97833333333334,1.0,0.0,6.0,0.16666666666666666,44.0,0.0,70.66666666666667,18,18.0,6,6,6,6,6,304,326,157,0.2333,0.0,0.3976,0.2695,T2,False,none
6878aa77-3435-4ae6-949c-2e6c9bfbb485,4.0,0.4444444444444444,4.0,10092.31,2523.0775,1939.1704325539997,18,1,4.0,1.0,22.0,4.0,1.0,0.25,4.0,1.0,10.0,4.0,1.0,0.25,0.4444444444444444,2523.0775,4991.73,0.494607280196506,175.31055555555557,1.0,0.0,4.0,0.25,40.0,2.0,50.25,12,12.0,4,4,4,4,4,206,213,80,0.3873,0.0,0.2639,0.1532,T2,False,none
f017ea7f-65eb-41ba-aeb6-f0b6b64437ac,3.0,0.3333333333333333,3.0,6043.21,2014.4033333333334,1233.45943631452,32,0,3.0,1.0,19.0,3.0,1.0,0.3333333333333333,3.0,1.0,7.0,3.0,1.0,0.3333333333333333,0.3333333333333333,2014.4033333333334,3288.9,0.544230632395697,70.48694444444445,19.0,0.6666666666666666,3.0,0.3333333333333333,46.0,0.0,53.666666666666664,9,9.0,3,3,3,3,3,168,173,119,0.2253,0.0,0.3893,0.1815,T2,False,none
09a66657-d46f-40dd-acf2-fca76628a757,7.0,0.7777777777777778,5.0,20689.42,2955.6314285714284,1842.820396687539,73,1,7.0,1.0,21.0,7.0,1.0,0.14285714285714285,7.0,1.0,10.0,7.0,1.0,0.14285714285714285,0.7777777777777778,2955.6314285714284,4881.36,0.23593508179542974,99.64833333333333,4.0,0.2857142857142857,7.0,0.14285714285714285,44.0,1.0,36.857142857142854,21,21.0,7,7,7,7,7,369,404,75,0.4631,0.0,0.2745,0.1623,T2,False,none
9ea489bd-0b70-4af6-bdf9-08b4d910931b,1.0,0.1111111111111111,1.0,222.49,222.49,0.0,31,1,1.0,1.0,14.0,1.0,1.0,1.0,1.0,1.0,5.0,1.0,1.0,1.0,0.1111111111111111,222.49,222.49,1.0,0.0,8.0,0.0,1.0,1.0,37.0,3.0,60.0,3,3.0,1,1,1,1,1,53,53,210,0.1869,0.0,0.5526,0.3216,T2,False,none
c979f640-5c9e-4484-8fec-0fe28b3796a7,1.0,0.1111111111111111,1.0,4893.49,4893.49,0.0,22,1,1.0,1.0,18.0,1.0,1.0,1.0,1.0,1.0,10.0,1.0,1.0,1.0,0.1111111111111111,4893.49,4893.49,1.0,0.0,4.0,0.0,1.0,1.0,43.0,1.0,82.0,3,3.0,1,1,1,1,1,67,68,157,0.2333,0.0,0.3976,0.2695,T2,False,none
5e165993-4ce1-4dd7-846c-c0f822f436af,4.0,0.4444444444444444,4.0,8475.92,2118.98,1443.8838381947492,77,0,4.0,1.0,19.0,4.0,1.0,0.25,4.0,1.0,11.0,4.0,1.0,0.25,0.4444444444444444,2118.98,4024.61,0.47482869116272924,157.9813888888889,2.0,0.5,4.0,0.25,39.0,1.0,76.75,12,12.0,4,4,4,4,4,204,222,211,0.1668,0.0,0.5966,0.3124,T2,False,none
c3a74f5e-583b-48c8-8c9e-09f07f280b82,5.0,0.5555555555555556,4.0,15405.27,3081.054,1694.3688242321978,83,1,5.0,1.0,19.0,5.0,1.0,0.2,5.0,1.0,16.0,5.0,1.0,0.2,0.5555555555555556,3081.054,4559.23,0.29595261881161444,121.17611111111111,14.0,0.4,5.0,0.2,46.0,1.0,59.6,15,15.0,5,5,5,5,5,229,255,80,0.4259,0.0,0.2617,0.1285,T2,False,none
0b61a670-fb01-4465-9e27-2429f66de26f,6.0,0.6666666666666666,3.0,15155.21,2525.8683333333333,1431.1704631862224,88,1,6.0,1.0,17.0,6.0,1.0,0.16666666666666666,6.0,1.0,11.0,6.0,1.0,0.16666666666666666,0.6666666666666666,2525.8683333333333,4535.69,0.2992825569556608,188.91694444444445,22.0,0.0,6.0,0.16666666666666666,44.0,1.0,41.666666666666664,18,18.0,6,6,6,6,6,295,323,157,0.2333,0.0,0.3976,0.2695,T2,False,none
3733c1d0-422a-42b4-9735-8c54e49f9e6e,6.0,0.6666666666666666,5.0,22307.260000000002,3717.876666666667,1306.4190088125122,43,0,6.0,1.0,17.0,6.0,1.0,0.16666666666666666,6.0,1.0,10.0,6.0,1.0,0.16666666666666666,0.6666666666666666,3717.876666666667,4973.02,0.22293280304259688,173.96833333333333,16.0,0.3333333333333333,6.0,0.16666666666666666,42.0,3.0,49.666666666666664,18,18.0,6,6,6,6,6,292,325,69,0.4288,0.0,0.2614,0.1292,T2,False,none
d345387b-c304-4978-a1c3-c6b1b80247d6,2.0,0.2222222222222222,2.0,5934.2,2967.1,568.4855678027368,18,1,2.0,1.0,21.0,2.0,1.0,0.5,2.0,1.0,10.0,2.0,1.0,0.5,0.2222222222222222,2967.1,3369.08,0.5677395436621617,62.77166666666667,6.0,0.5,2.0,0.5,34.0,2.0,53.0,6,6.0,2,2,2,2,2,113,116,119,0.2635,0.0,0.3946,0.1939,T2,False,none
9b616010-505a-43e1-b812-b8cd86628838,3.0,0.3333333333333333,3.0,5928.530000000001,1976.176666666667,1458.6892449844597,66,1,3.0,1.0,17.0,3.0,1.0,0.3333333333333333,3.0,1.0,10.0,3.0,1.0,0.3333333333333333,0.3333333333333333,1976.176666666667,3274.8,0.5523797636176252,87.46944444444445,3.0,0.3333333333333333,3.0,0.3333333333333333,40.0,1.0,59.666666666666664,9,9.0,3,3,3,3,3,160,169,157,0.2333,0.0,0.3976,0.2695,T2,False,none
4de417db-4bce-43ac-ba42-4e59f7ffdfd2,3.0,0.3333333333333333,3.0,3731.9,1243.9666666666667,849.3013503070237,74,1,3.0,1.0,19.0,3.0,1.0,0.3333333333333333,3.0,1.0,12.0,3.0,1.0,0.3333333333333333,0.3333333333333333,1243.9666666666667,2123.07,0.5688978804362389,207.83277777777778,10.0,0.0,3.0,0.3333333333333333,43.0,0.0,66.33333333333333,9,9.0,3,3,3,3,3,158,167,157,0.2333,0.0,0.3976,0.2695,T2,False,none
9b397e55-bddf-49c3-a25f-8accb008076b,3.0,0.3333333333333333,3.0,7530.0,2510.0,2234.5033559160297,82,0,3.0,1.0,19.0,3.0,1.0,0.3333333333333333,3.0,1.0,11.0,3.0,1.0,0.3333333333333333,0.3333333333333333,2510.0,4903.5,0.651195219123506,162.45444444444445,3.0,0.3333333333333333,3.0,0.3333333333333333,39.0,0.0,60.0,9,9.0,3,3,3,3,3,157,164,112,0.2905,0.0,0.3574,0.1777,T2,False,none
d0af24e9-985a-400a-adbc-09fc4bf3c277,3.0,0.3333333333333333,3.0,4558.19,1519.3966666666665,881.7390943659769,35,0,3.0,1.0,18.0,3.0,1.0,0.3333333333333333,3.0,1.0,8.0,3.0,1.0,0.3333333333333333,0.3333333333333333,1519.3966666666665,2393.81,0.5251667876942383,118.90944444444445,15.0,0.3333333333333333,3.0,0.3333333333333333,38.0,2.0,47.333333333333336,9,9.0,3,3,3,3,3,144,152,211,0.1668,0.0,0.5966,0.3124,T2,False,none
30352e38-c75f-4786-ac41-e508131250d7,3.0,0.3333333333333333,2.0,4647.67,1549.2233333333334,1439.5832848895313,26,0,3.0,1.0,13.0,3.0,1.0,0.3333333333333333,3.0,1.0,9.0,3.0,1.0,0.3333333333333333,0.3333333333333333,1549.2233333333334,3207.73,0.6901802408518677,110.52722222222222,2.0,0.3333333333333333,3.0,0.3333333333333333,40.0,0.0,62.0,9,9.0,3,3,3,3,3,138,143,83,0.4146,0.0,0.3286,0.1462,T2,False,none
222eadd2-3cb3-41f5-877e-d0a0ef2eddae,2.0,0.2222222222222222,2.0,3363.04,1681.52,887.942269407195,93,1,2.0,1.0,12.0,2.0,1.0,0.5,2.0,1.0,10.0,2.0,1.0,0.5,0.2222222222222222,1681.52,2309.39,0.6866971549550407,81.30694444444444,5.0,0.5,2.0,0.5,31.0,0.0,68.0,6,6.0,2,2,2,2,2,93,94,160,0.1969,0.0,0.388,0.2723,T2,False,none
0ae4778e-4686-4dae-b48e-bad71eb2007a,3.0,0.3333333333333333,3.0,10038.39,3346.1299999999997,1188.600615724222,29,0,3.0,1.0,17.0,3.0,1.0,0.3333333333333333,3.0,1.0,10.0,3.0,1.0,0.3333333333333333,0.3333333333333333,3346.1299999999997,4718.5,0.4700454953433768,159.2488888888889,10.0,0.3333333333333333,3.0,0.3333333333333333,36.0,1.0,26.333333333333332,9,9.0,3,3,3,3,3,152,156,124,0.2408,0.0806,0.3579,0.2431,T2,False,none
fe45e0fa-3fa0-40e3-a58b-5f1ce58da0bf,2.0,0.2222222222222222,2.0,6143.67,3071.835,1354.4983947018911,99,1,2.0,1.0,19.0,2.0,1.0,0.5,2.0,1.0,12.0,2.0,1.0,0.5,0.2222222222222222,3071.835,4029.61,0.6558962314056582,227.68416666666667,1.0,0.0,2.0,0.5,46.0,0.0,60.5,6,6.0,2,2,2,2,2,120,128,83,0.4146,0.0,0.3286,0.1462,T2,False,none
ca67c206-7ccc-441c-9207-5eda4a131dda,6.0,0.6666666666666666,5.0,12014.44,2002.4066666666668,1487.8385563718484,90,1,6.0,1.0,18.0,6.0,1.0,0.16666666666666666,6.0,1.0,10.0,6.0,1.0,0.16666666666666666,0.6666666666666666,2002.4066666666668,4076.98,0.3393399942069709,100.92416666666666,4.0,0.3333333333333333,6.0,0.16666666666666666,39.0,0.0,51.833333333333336,18,18.0,6,6,6,6,6,294,318,80,0.4259,0.0,0.2617,0.1285,T2,False,none
a8e9e03d-b49c-4b1c-86f8-df8a945eceab,4.0,0.4444444444444444,3.0,16067.58,4016.895,1036.7301394448475,89,0,4.0,1.0,21.0,4.0,1.0,0.25,4.0,1.0,10.0,4.0,1.0,0.25,0.4444444444444444,4016.895,4948.48,0.3079791729681756,175.10361111111112,3.0,0.0,4.0,0.25,36.0,2.0,66.75,12,12.0,4,4,4,4,4,191,201,112,0.2905,0.0,0.3574,0.1777,T2,False,none
90da1a72-28e4-423d-ba6c-83ba74feb919,1.0,0.1111111111111111,1.0,678.16,678.16,0.0,69,1,1.0,1.0,16.0,1.0,1.0,1.0,1.0,1.0,9.0,1.0,1.0,1.0,0.1111111111111111,678.16,678.16,1.0,0.0,2.0,0.0,1.0,1.0,21.0,1.0,33.0,3,3.0,1,1,1,1,1,43,43,136,0.2576,0.0,0.4342,0.2507,T2,False,none
de74eb6d-43a6-4bf4-9ccd-0b8b1f05e04b,3.0,0.3333333333333333,2.0,10861.42,3620.4733333333334,1468.4726560046438,25,1,3.0,1.0,18.0,3.0,1.0,0.3333333333333333,3.0,1.0,8.0,3.0,1.0,0.3333333333333333,0.3333333333333333,3620.4733333333334,4978.39,0.4583553531674496,83.35305555555556,5.0,0.0,3.0,0.3333333333333333,32.0,0.0,57.666666666666664,9,9.0,3,3,3,3,3,148,150,160,0.1969,0.0,0.388,0.2723,T2,False,none
0fa705d1-3570-4984-8796-fbf2d761c51d,2.0,0.2222222222222222,2.0,5258.97,2629.485,1064.9947363484948,14,0,2.0,1.0,20.0,2.0,1.0,0.5,2.0,1.0,13.0,2.0,1.0,0.5,0.2222222222222222,2629.485,3382.55,0.6431962912889786,86.39361111111111,3.0,0.0,2.0,0.5,32.0,1.0,60.0,6,6.0,2,2,2,2,2,98,99,119,0.2253,0.0,0.3893,0.1815,T2,False,none
d512c4ad-fd99-4fbf-9bff-b568843fe7f8,6.0,0.6666666666666666,4.0,12215.42,2035.9033333333334,1122.3665928326034,84,0,6.0,1.0,19.0,6.0,1.0,0.16666666666666666,6.0,1.0,10.0,6.0,1.0,0.16666666666666666,0.6666666666666666,2035.9033333333334,3168.16,0.2593574351107043,115.74333333333334,3.0,0.5,6.0,0.16666666666666666,39.0,0.0,74.83333333333333,18,18.0,6,6,6,6,6,281,305,112,0.2905,0.0,0.3574,0.1777,T2,False,none
db71fa54-c7fe-4d01-9693-526279d529be,3.0,0.3333333333333333,3.0,5405.42,1801.8066666666666,673.9909469965701,43,1,3.0,1.0,22.0,3.0,1.0,0.3333333333333333,3.0,1.0,13.0,3.0,1.0,0.3333333333333333,0.3333333333333333,1801.8066666666666,2223.77,0.41139633922988406,202.4038888888889,7.0,0.0,3.0,0.3333333333333333,43.0,0.0,63.333333333333336,9,9.0,3,3,3,3,3,173,183,136,0.2576,0.0,0.4342,0.2507,T2,False,none
abedfe87-7c61-4aec-b690-d0ff8e50d30b,3.0,0.3333333333333333,2.0,10314.58,3438.193333333333,1930.9720000645616,11,1,3.0,1.0,18.0,3.0,1.0,0.3333333333333333,3.0,1.0,8.0,3.0,1.0,0.3333333333333333,0.3333333333333333,3438.193333333333,4663.7,0.452146379203031,79.6275,8.0,0.3333333333333333,3.0,0.3333333333333333,42.0,0.0,43.666666666666664,9,9.0,3,3,3,3,3,151,157,69,0.4288,0.0,0.2614,0.1292,T2,False,none
2842fc66-4169-409b-a6eb-03641dec9df7,2.0,0.2222222222222222,2.0,7142.48,3571.24,1664.996053388716,59,1,2.0,1.0,14.0,2.0,1.0,0.5,2.0,1.0,11.0,2.0,1.0,0.5,0.2222222222222222,3571.24,4748.57,0.6648349032828933,161.66083333333333,0.0,0.0,2.0,0.5,31.0,0.0,26.5,6,6.0,2,2,2,2,2,86,87,112,0.2905,0.0,0.3574,0.1777,T2,False,none
5ead7e2b-8d7d-4144-940b-a1e210862813,5.0,0.5555555555555556,4.0,12324.71,2464.942,1396.4299367207793,70,1,5.0,1.0,22.0,5.0,1.0,0.2,5.0,1.0,13.0,5.0,1.0,0.2,0.5555555555555556,2464.942,4718.4,0.38284065101734643,171.56416666666667,7.0,0.0,5.0,0.2,41.0,0.0,64.0,15,15.0,5,5,5,5,5,250,265,210,0.1869,0.0,0.5526,0.3216,T2,False,none
cde4404f-fa90-4672-8a60-18e624243859,0.0,0.0,0.0,0.0,0.0,0.0,34,1,0.0,0.0,0.0,0.0,0.0,0.0,0.0,0.0,0.0,0.0,0.0,0.0,0.0,0.0,0.0,0.0,0.0,0.0,0.0,0.0,0.0,0.0,0.0,0.0,0,0.0,0,0,0,0,0,0,0,1,0.0,0.0,0.0,0.0,T2,False,none
3067b44e-0e12-4269-8961-7aa531896c25,1.0,0.1111111111111111,1.0,2918.19,2918.19,0.0,28,0,1.0,1.0,12.0,1.0,1.0,1.0,1.0,1.0,10.0,1.0,1.0,1.0,0.1111111111111111,2918.19,2918.19,1.0,0.0,22.0,0.0,1.0,1.0,28.0,1.0,59.0,3,3.0,1,1,1,1,1,47,47,69,0.4288,0.0,0.2614,0.1292,T2,False,none
ff8ae7d0-ec8d-4b24-a308-1cef45108f16,2.0,0.2222222222222222,2.0,8343.84,4171.92,458.7143110913368,33,1,2.0,1.0,16.0,2.0,1.0,0.5,2.0,1.0,9.0,2.0,1.0,0.5,0.2222222222222222,4171.92,4496.28,0.5388741874244951,181.49277777777777,3.0,0.0,2.0,0.5,41.0,1.0,23.0,6,6.0,2,2,2,2,2,104,107,69,0.4288,0.0,0.2614,0.1292,T2,False,none
2e6600d8-9613-46ac-88c2-b46b8b38ab7e,3.0,0.3333333333333333,2.0,6882.93,2294.31,1699.8145171459148,79,1,3.0,1.0,27.0,3.0,1.0,0.3333333333333333,3.0,1.0,8.0,3.0,1.0,0.3333333333333333,0.3333333333333333,2294.31,3504.38,0.5091407293114996,133.16083333333333,2.0,0.6666666666666666,3.0,0.3333333333333333,36.0,0.0,75.33333333333333,9,9.0,3,3,3,3,3,157,164,83,0.4146,0.0,0.3286,0.1462,T2,False,none
2c6cebf6-16e7-4b6a-8702-4e58561a8dad,2.0,0.2222222222222222,2.0,5484.52,2742.26,1698.3149249182263,31,0,2.0,1.0,15.0,2.0,1.0,0.5,2.0,1.0,10.0,2.0,1.0,0.5,0.2222222222222222,2742.26,3943.15,0.7189599089801841,80.1475,9.0,0.5,2.0,0.5,46.0,1.0,41.5,6,6.0,2,2,2,2,2,110,117,80,0.4259,0.0,0.2617,0.1285,T2,False,none
79752d8d-679e-44d1-8efd-1afcf7e42392,2.0,0.2222222222222222,2.0,6488.889999999999,3244.4449999999997,1006.319015645635,59,0,2.0,1.0,27.0,2.0,1.0,0.5,2.0,1.0,13.0,2.0,1.0,0.5,0.2222222222222222,3244.4449999999997,3956.02,0.609660512044433,205.65222222222224,11.0,0.0,2.0,0.5,44.0,2.0,50.0,6,6.0,2,2,2,2,2,127,129,119,0.3255,0.0,0.3993,0.1775,T2,False,none
3332f269-2b73-4d27-abc3-d92469ac98a8,2.0,0.2222222222222222,2.0,6011.67,3005.835,646.1753898517027,17,1,2.0,1.0,23.0,2.0,1.0,0.5,2.0,1.0,8.0,2.0,1.0,0.5,0.2222222222222222,3005.835,3462.75,0.5760046709150701,26.406944444444445,20.0,0.0,2.0,0.5,36.0,0.0,41.5,6,6.0,2,2,2,2,2,105,108,210,0.1869,0.0,0.5526,0.3216,T2,False,none
6d215ad7-95ed-4c0d-bce8-9989eeabb8d4,2.0,0.2222222222222222,2.0,4352.32,2176.16,314.224111423678,99,1,2.0,1.0,18.0,2.0,1.0,0.5,2.0,1.0,7.0,2.0,1.0,0.5,0.2222222222222222,2176.16,2398.35,0.551050933754871,227.75583333333333,8.0,0.0,2.0,0.5,31.0,2.0,43.5,6,6.0,2,2,2,2,2,104,105,112,0.2905,0.0,0.3574,0.1777,T2,False,none
186e2ddb-f0c2-426f-96d2-a72ee9faef39,3.0,0.3333333333333333,3.0,13813.369999999999,4604.456666666666,214.67170501333715,66,1,3.0,1.0,17.0,3.0,1.0,0.3333333333333333,3.0,1.0,10.0,3.0,1.0,0.3333333333333333,0.3333333333333333,4604.456666666666,4761.73,0.34471892087159034,175.79527777777778,3.0,0.0,3.0,0.3333333333333333,39.0,2.0,50.333333333333336,9,9.0,3,3,3,3,3,170,175,119,0.2635,0.0,0.3946,0.1939,T2,False,none
345ced39-1fbe-469f-80e9-9f806cecb382,4.0,0.4444444444444444,2.0,8603.87,2150.9675,1586.4382002119298,39,0,4.0,1.0,22.0,4.0,1.0,0.25,4.0,1.0,8.0,4.0,1.0,0.25,0.4444444444444444,2150.9675,3820.3,0.4440211207282304,28.759166666666665,6.0,0.0,4.0,0.25,46.0,0.0,50.25,12,12.0,4,4,4,4,4,198,212,80,0.4259,0.0,0.2617,0.1285,T2,False,none
4417a7ba-bd62-4635-8565-cb085262df06,4.0,0.4444444444444444,3.0,2475.7400000000002,618.9350000000001,660.7186476103122,63,0,4.0,1.0,19.0,4.0,1.0,0.25,4.0,1.0,12.0,4.0,1.0,0.25,0.4444444444444444,618.9350000000001,1606.42,0.6488645819027846,53.37305555555555,0.0,0.0,4.0,0.25,37.0,2.0,36.5,12,12.0,4,4,4,4,4,202,214,211,0.1668,0.0,0.5966,0.3124,T2,False,none
b3d56647-87f3-46ad-af00-b53e8d423b8b,4.0,0.4444444444444444,4.0,7966.549999999999,1991.6374999999998,1909.4714007699442,79,0,4.0,1.0,19.0,4.0,1.0,0.25,4.0,1.0,10.0,4.0,1.0,0.25,0.4444444444444444,1991.6374999999998,4011.85,0.5035868726111052,123.16083333333333,1.0,0.25,4.0,0.25,38.0,3.0,57.75,12,12.0,4,4,4,4,4,196,210,119,0.3255,0.0,0.3993,0.1775,T2,False,none
71dc08f4-f84f-4a8c-be8d-2d12e584f54a,1.0,0.1111111111111111,1.0,1543.91,1543.91,0.0,95,0,1.0,1.0,20.0,1.0,1.0,1.0,1.0,1.0,12.0,1.0,1.0,1.0,0.1111111111111111,1543.91,1543.91,1.0,0.0,18.0,0.0,1.0,1.0,43.0,1.0,82.0,3,3.0,1,1,1,1,1,71,72,157,0.2333,0.0,0.3976,0.2695,T2,False,none
13e5f09d-ae13-421c-b3ae-8eba9ee24af9,4.0,0.4444444444444444,4.0,14193.68,3548.42,1039.118921554859,94,1,4.0,1.0,22.0,4.0,1.0,0.25,4.0,1.0,12.0,4.0,1.0,0.25,0.4444444444444444,3548.42,4648.45,0.32750139498706465,164.2863888888889,13.0,0.0,4.0,0.25,43.0,0.0,45.75,12,12.0,4,4,4,4,4,215,224,157,0.2333,0.0,0.3976,0.2695,T2,False,none
336c132b-c55e-46fb-a914-12dc3e24a5c2,2.0,0.2222222222222222,2.0,6467.11,3233.555,2243.034633805283,59,0,2.0,1.0,18.0,2.0,1.0,0.5,2.0,1.0,10.0,2.0,1.0,0.5,0.2222222222222222,3233.555,4819.62,0.7452509699077331,12.214444444444444,2.0,0.0,2.0,0.5,36.0,0.0,92.5,6,6.0,2,2,2,2,2,108,113,211,0.1668,0.0,0.5966,0.3124,T2,False,none
9a6364fd-3543-49b8-8a03-89a8b471f195,1.0,0.1111111111111111,1.0,4092.8,4092.8,0.0,53,0,1.0,1.0,15.0,1.0,1.0,1.0,1.0,1.0,5.0,1.0,1.0,1.0,0.1111111111111111,4092.8,4092.8,1.0,0.0,0.0,1.0,1.0,1.0,29.0,2.0,15.0,3,3.0,1,1,1,1,1,46,46,124,0.2408,0.0806,0.3579,0.2431,T2,False,none
b0984d86-c8e5-4e69-8fed-8c72aed9574e,3.0,0.3333333333333333,3.0,4144.87,1381.6233333333332,1551.7692140371046,55,0,3.0,1.0,18.0,3.0,1.0,0.3333333333333333,3.0,1.0,12.0,3.0,1.0,0.3333333333333333,0.3333333333333333,1381.6233333333332,3169.88,0.7647718746305675,116.67388888888888,7.0,0.0,3.0,0.3333333333333333,44.0,3.0,60.333333333333336,9,9.0,3,3,3,3,3,160,168,75,0.4631,0.0,0.2745,0.1623,T2,False,none
0ceaea29-904f-414c-8ed2-b59d64ae88f3,4.0,0.4444444444444444,3.0,9336.03,2334.0075,1592.290294730099,13,1,4.0,1.0,19.0,4.0,1.0,0.25,4.0,1.0,9.0,4.0,1.0,0.25,0.4444444444444444,2334.0075,4527.61,0.48496095235340925,97.87194444444444,9.0,0.0,4.0,0.25,47.0,3.0,48.5,12,12.0,4,4,4,4,4,228,240,80,0.4937,0.0,0.285,0.1235,T2,False,none
aa1927b7-c703-4deb-9adb-d7bdfe0efdbc,3.0,0.3333333333333333,3.0,9942.09,3314.03,546.7578686219339,15,1,3.0,1.0,18.0,3.0,1.0,0.3333333333333333,3.0,1.0,9.0,3.0,1.0,0.3333333333333333,0.3333333333333333,3314.03,3932.15,0.395505371606976,119.79833333333333,2.0,0.3333333333333333,3.0,0.3333333333333333,37.0,1.0,24.0,9,9.0,3,3,3,3,3,160,165,160,0.1969,0.0,0.388,0.2723,T2,False,none
4b4dcf95-d68b-49db-a388-ab128f332648,5.0,0.5555555555555556,4.0,9866.28,1973.256,992.4662880823711,52,1,5.0,1.0,25.0,5.0,1.0,0.2,5.0,1.0,10.0,5.0,1.0,0.2,0.5555555555555556,1973.256,2965.69,0.3005884690075692,187.44444444444446,4.0,0.0,5.0,0.2,38.0,3.0,65.4,15,15.0,5,5,5,5,5,253,267,160,0.1969,0.0,0.388,0.2723,T2,False,none
2159a0f7-4a6c-4d95-b43d-751d0b151b23,4.0,0.4444444444444444,4.0,5915.8,1478.95,513.0528433472196,67,0,4.0,1.0,14.0,4.0,1.0,0.25,4.0,1.0,9.0,4.0,1.0,0.25,0.4444444444444444,1478.95,1903.45,0.321756989756246,111.9588888888889,5.0,0.5,4.0,0.25,46.0,2.0,64.75,12,12.0,4,4,4,4,4,223,234,80,0.4259,0.0,0.2617,0.1285,T2,False,none
337a775b-b47d-475b-8dae-6340e42fbc5f,2.0,0.2222222222222222,2.0,2222.39,1111.195,1497.6026650784245,61,0,2.0,1.0,15.0,2.0,1.0,0.5,2.0,1.0,14.0,2.0,1.0,0.5,0.2222222222222222,1111.195,2170.16,0.9764982743802842,67.90166666666667,1.0,0.0,2.0,0.5,28.0,2.0,39.0,6,6.0,2,2,2,2,2,92,93,112,0.2905,0.0,0.3574,0.1777,T2,False,none
3cf83370-95e6-4de9-bea6-0350a3a6857e,3.0,0.3333333333333333,2.0,13502.55,4500.849999999999,444.08470216840396,21,1,3.0,1.0,21.0,3.0,1.0,0.3333333333333333,3.0,1.0,11.0,3.0,1.0,0.3333333333333333,0.3333333333333333,4500.849999999999,4983.91,0.3691087979677913,60.6775,3.0,0.6666666666666666,3.0,0.3333333333333333,33.0,2.0,70.0,9,9.0,3,3,3,3,3,143,149,136,0.2576,0.0,0.4342,0.2507,T2,False,none
b7c31705-80c2-489a-b8c9-5c185aa6968c,2.0,0.2222222222222222,2.0,8099.01,4049.505,549.0613445235422,81,0,2.0,1.0,14.0,2.0,1.0,0.5,2.0,1.0,10.0,2.0,1.0,0.5,0.2222222222222222,4049.505,4437.75,0.5479373404897635,44.91111111111111,19.0,0.5,2.0,0.5,31.0,2.0,48.5,6,6.0,2,2,2,2,2,87,91,112,0.2905,0.0,0.3574,0.1777,T2,False,none
01833cbc-078b-42a3-a2c2-84d22c61a7ce,0.0,0.0,0.0,0.0,0.0,0.0,67,1,0.0,0.0,0.0,0.0,0.0,0.0,0.0,0.0,0.0,0.0,0.0,0.0,0.0,0.0,0.0,0.0,0.0,0.0,0.0,0.0,0.0,0.0,0.0,0.0,0,0.0,0,0,0,0,0,0,0,1,0.0,0.0,0.0,0.0,T2,False,none
43539d23-c2be-49c6-8f48-0ac3d576d578,5.0,0.5555555555555556,5.0,12748.91,2549.782,952.7907056746512,22,0,5.0,1.0,18.0,5.0,1.0,0.2,5.0,1.0,12.0,5.0,1.0,0.2,0.5555555555555556,2549.782,3637.82,0.2853436097674233,196.54916666666668,1.0,0.2,5.0,0.2,44.0,2.0,50.6,15,15.0,5,5,5,5,5,250,274,75,0.4631,0.0,0.2745,0.1623,T2,False,none
23cd19e8-6264-4cf7-a43c-c3f126dc03a3,3.0,0.3333333333333333,2.0,10078.509999999998,3359.5033333333326,1605.1921609057692,21,0,3.0,1.0,14.0,3.0,1.0,0.3333333333333333,3.0,1.0,11.0,3.0,1.0,0.3333333333333333,0.3333333333333333,3359.5033333333326,4889.28,0.48511932815465786,132.95416666666668,6.0,0.3333333333333333,3.0,0.3333333333333333,44.0,0.0,51.666666666666664,9,9.0,3,3,3,3,3,163,168,157,0.2333,0.0,0.3976,0.2695,T2,False,none
f95e712c-eae8-43b1-a405-5aad44102e66,9.0,1.0,6.0,16478.86,1830.9844444444445,1013.0480663091845,1,0,5.0,1.8,25.0,5.0,1.0,0.4444444444444444,4.0,2.25,19.0,4.0,1.0,0.4444444444444444,1.0,1830.9844444444445,4338.79,0.2632943055526899,161.5986111111111,1.0,0.4444444444444444,3.0,0.7777777777777778,40.0,1.0,39.77777777777778,12,27.0,5,4,3,5,4,178,229,124,0.2408,0.0806,0.3579,0.2431,T2,True,cluster_001
4cbcdfa3-79b5-495c-be20-2207a4b04975,6.0,0.6666666666666666,4.0,9493.9,1582.3166666666666,1625.3406937336756,23,0,6.0,1.0,19.0,6.0,1.0,0.16666666666666666,6.0,1.0,11.0,6.0,1.0,0.16666666666666666,0.6666666666666666,1582.3166666666666,4336.57,0.4567743498456904,206.19333333333333,5.0,0.16666666666666666,6.0,0.16666666666666666,37.0,0.0,61.166666666666664,18,18.0,6,6,6,6,6,291,315,119,0.2253,0.0,0.3893,0.1815,T2,False,none
68275a75-5007-4ae2-af15-1a9585a45587,2.0,0.2222222222222222,2.0,8553.869999999999,4276.9349999999995,634.1262903002836,33,1,2.0,1.0,16.0,2.0,1.0,0.5,2.0,1.0,10.0,2.0,1.0,0.5,0.2222222222222222,4276.9349999999995,4725.33,0.5524201326417166,35.90611111111111,7.0,0.0,2.0,0.5,37.0,3.0,47.0,6,6.0,2,2,2,2,2,105,107,210,0.1869,0.0,0.5526,0.3216,T2,False,none
0c7c25ae-7bc8-4ad2-8c98-dfde9836153c,1.0,0.1111111111111111,1.0,872.19,872.19,0.0,44,0,1.0,1.0,19.0,1.0,1.0,1.0,1.0,1.0,8.0,1.0,1.0,1.0,0.1111111111111111,872.19,872.19,1.0,0.0,7.0,1.0,1.0,1.0,42.0,3.0,95.0,3,3.0,1,1,1,1,1,66,66,119,0.2635,0.0,0.3946,0.1939,T2,False,none
42037d66-09b4-4f63-ac1a-079f01827997,2.0,0.2222222222222222,1.0,5842.780000000001,2921.3900000000003,304.60745919954127,33,0,2.0,1.0,18.0,2.0,1.0,0.5,2.0,1.0,6.0,2.0,1.0,0.5,0.2222222222222222,2921.3900000000003,3136.78,0.5368643008978602,7.320833333333334,7.0,0.0,2.0,0.5,44.0,3.0,35.0,6,6.0,2,2,2,2,2,115,117,210,0.1869,0.0,0.5526,0.3216,T2,False,none
b08b358b-9842-4ed4-9478-123131629116,4.0,0.4444444444444444,4.0,10984.08,2746.02,1968.4069458151516,63,1,4.0,1.0,18.0,4.0,1.0,0.25,4.0,1.0,8.0,4.0,1.0,0.25,0.4444444444444444,2746.02,4485.5,0.4083637409778516,167.62444444444444,6.0,0.25,4.0,0.25,43.0,2.0,46.25,12,12.0,4,4,4,4,4,186,205,136,0.2576,0.0,0.4342,0.2507,T2,False,none
5090c35a-3af6-49af-bfdd-1fe5b6305025,3.0,0.3333333333333333,3.0,8157.76,2719.2533333333336,1235.0392606040234,42,0,3.0,1.0,13.0,3.0,1.0,0.3333333333333333,3.0,1.0,8.0,3.0,1.0,0.3333333333333333,0.3333333333333333,2719.2533333333336,4125.57,0.5057233848507433,234.44194444444443,9.0,0.0,3.0,0.3333333333333333,44.0,3.0,43.0,9,9.0,3,3,3,3,3,143,147,112,0.2905,0.0,0.3574,0.1777,T2,False,none
8d88e6e7-01fe-4c75-96f2-56de19a15518,2.0,0.2222222222222222,2.0,4749.55,2374.775,2188.3328532126916,53,0,2.0,1.0,19.0,2.0,1.0,0.5,2.0,1.0,9.0,2.0,1.0,0.5,0.2222222222222222,2374.775,3922.16,0.8257961280542366,47.76,12.0,0.0,2.0,0.5,47.0,0.0,71.0,6,6.0,2,2,2,2,2,109,115,80,0.4937,0.0,0.285,0.1235,T2,False,none
858d6d16-b90c-48af-9a0e-664137fa7777,4.0,0.4444444444444444,4.0,12631.16,3157.79,1170.1757675095937,84,1,4.0,1.0,19.0,4.0,1.0,0.25,4.0,1.0,9.0,4.0,1.0,0.25,0.4444444444444444,3157.79,4235.84,0.3353484557237815,171.23666666666668,1.0,0.25,4.0,0.25,46.0,0.0,59.5,12,12.0,4,4,4,4,4,208,221,83,0.4146,0.0,0.3286,0.1462,T2,False,none
a190a101-af8a-4f3d-a462-fc37dabc98ac,0.0,0.0,0.0,0.0,0.0,0.0,58,1,0.0,0.0,0.0,0.0,0.0,0.0,0.0,0.0,0.0,0.0,0.0,0.0,0.0,0.0,0.0,0.0,0.0,0.0,0.0,0.0,0.0,0.0,0.0,0.0,0,0.0,0,0,0,0,0,0,0,1,0.0,0.0,0.0,0.0,T2,False,none
86f3d8ae-96e4-463a-b9b4-4493462de310,3.0,0.3333333333333333,2.0,3948.8900000000003,1316.2966666666669,279.5912037839055,75,1,3.0,1.0,20.0,3.0,1.0,0.3333333333333333,3.0,1.0,10.0,3.0,1.0,0.3333333333333333,0.3333333333333333,1316.2966666666669,1636.7,0.4144709019496618,123.57805555555555,11.0,0.0,3.0,0.3333333333333333,46.0,2.0,43.666666666666664,9,9.0,3,3,3,3,3,179,187,119,0.2253,0.0,0.3893,0.1815,T2,False,none
06551ee9-0f7b-4a31-8264-220a39a064d4,13.0,1.4444444444444444,7.0,13989.140000000001,1076.0876923076924,630.0664700933525,1,0,4.0,3.25,25.0,4.0,1.0,0.46153846153846156,3.0,4.333333333333333,19.0,3.0,1.0,0.5384615384615384,1.4444444444444444,1076.0876923076924,2360.32,0.1687251682376472,208.3763888888889,0.0,0.07692307692307693,2.0,0.9230769230769231,40.0,1.0,42.46153846153846,9,39.0,4,3,2,4,3,136,182,124,0.2408,0.0806,0.3579,0.2431,T2,True,cluster_001
dd54cc4a-595c-49ca-990b-464434eee185,5.0,0.5555555555555556,4.0,19433.850000000002,3886.7700000000004,691.6047219329838,99,0,5.0,1.0,17.0,5.0,1.0,0.2,5.0,1.0,11.0,5.0,1.0,0.2,0.5555555555555556,3886.7700000000004,4720.96,0.2429245877682497,187.9075,10.0,0.2,5.0,0.2,37.0,0.0,41.0,15,15.0,5,5,5,5,5,254,271,211,0.1668,0.0,0.5966,0.3124,T2,False,none
27036728-7159-4141-b6b9-d32337e1eff8,2.0,0.2222222222222222,2.0,6158.4,3079.2,1400.8775284799165,97,0,2.0,1.0,18.0,2.0,1.0,0.5,2.0,1.0,13.0,2.0,1.0,0.5,0.2222222222222222,3079.2,4069.77,0.6608485970381918,101.00527777777778,15.0,0.5,2.0,0.5,40.0,0.0,28.0,6,6.0,2,2,2,2,2,123,125,124,0.2408,0.0806,0.3579,0.2431,T2,False,none
c48832fe-01b9-4614-bafc-620612c0af76,3.0,0.3333333333333333,1.0,3633.7799999999997,1211.26,1517.5961695062358,69,1,3.0,1.0,14.0,3.0,1.0,0.3333333333333333,3.0,1.0,14.0,3.0,1.0,0.3333333333333333,0.3333333333333333,1211.26,2957.93,0.814009103468014,7.976944444444444,1.0,0.0,3.0,0.3333333333333333,38.0,2.0,40.333333333333336,9,9.0,3,3,3,3,3,146,152,119,0.2253,0.0,0.3893,0.1815,T2,False,none
74057d94-7ed5-451a-aa7a-5ad37bcec353,5.0,0.5555555555555556,5.0,12639.81,2527.962,1616.0811002762205,51,1,5.0,1.0,25.0,5.0,1.0,0.2,5.0,1.0,9.0,5.0,1.0,0.2,0.5555555555555556,2527.962,4184.32,0.3310429508038491,172.7902777777778,13.0,0.4,4.0,0.4,38.0,2.0,26.2,14,15.0,5,5,4,5,5,217,233,124,0.2408,0.0806,0.3579,0.2431,T2,False,none
ef632d2f-ae59-4210-9a5c-1a622b7391e8,3.0,0.3333333333333333,2.0,4642.31,1547.4366666666667,1890.3598806135656,34,0,3.0,1.0,19.0,3.0,1.0,0.3333333333333333,3.0,1.0,8.0,3.0,1.0,0.3333333333333333,0.3333333333333333,1547.4366666666667,3682.4,0.7932257863003548,78.55527777777777,10.0,0.0,3.0,0.3333333333333333,36.0,3.0,73.33333333333333,9,9.0,3,3,3,3,3,147,152,210,0.1869,0.0,0.5526,0.3216,T2,False,none
04832fcb-ad99-4595-a5ad-6d0ff170dfa1,4.0,0.4444444444444444,3.0,9918.56,2479.64,1981.9767822891702,75,0,4.0,1.0,17.0,4.0,1.0,0.25,4.0,1.0,13.0,4.0,1.0,0.25,0.4444444444444444,2479.64,4794.91,0.48342803794099143,204.30583333333334,2.0,0.0,4.0,0.25,42.0,0.0,58.25,12,12.0,4,4,4,4,4,202,214,119,0.3255,0.0,0.3993,0.1775,T2,False,none
b45415c3-c961-4fca-b94b-cda35da790dc,6.0,0.6666666666666666,5.0,13956.7,2326.116666666667,1837.5370784576476,25,1,6.0,1.0,21.0,6.0,1.0,0.16666666666666666,6.0,1.0,9.0,6.0,1.0,0.16666666666666666,0.6666666666666666,2326.116666666667,4512.79,0.3233421940716645,216.47194444444443,2.0,0.0,6.0,0.16666666666666666,47.0,3.0,61.666666666666664,18,18.0,6,6,6,6,6,310,340,80,0.4937,0.0,0.285,0.1235,T2,False,none
e4cb82e4-2ce4-4c1c-b94a-d6bc2dac0590,6.0,0.6666666666666666,5.0,15146.97,2524.495,1819.3338488881031,24,1,6.0,1.0,18.0,6.0,1.0,0.16666666666666666,6.0,1.0,16.0,6.0,1.0,0.16666666666666666,0.6666666666666666,2524.495,4452.91,0.2939802481948535,184.94444444444446,1.0,0.16666666666666666,6.0,0.16666666666666666,41.0,1.0,50.5,18,18.0,6,6,6,6,6,284,314,80,0.3873,0.0,0.2639,0.1532,T2,False,none
cf1bb2eb-3bdb-4ffa-bef1-a5ff2d1827e3,3.0,0.3333333333333333,3.0,9685.470000000001,3228.4900000000002,616.8356088942987,94,0,3.0,1.0,19.0,3.0,1.0,0.3333333333333333,3.0,1.0,11.0,3.0,1.0,0.3333333333333333,0.3333333333333333,3228.4900000000002,3898.19,0.4024781450977598,110.5988888888889,0.0,0.0,3.0,0.3333333333333333,40.0,3.0,54.333333333333336,9,9.0,3,3,3,3,3,158,162,157,0.2333,0.0,0.3976,0.2695,T2,False,none
ed661106-6bc6-4909-ba7e-1fdf2391a54e,2.0,0.2222222222222222,2.0,5357.09,2678.545,686.7208926849394,74,0,2.0,1.0,19.0,2.0,1.0,0.5,2.0,1.0,11.0,2.0,1.0,0.5,0.2222222222222222,2678.545,3164.13,0.5906434276818198,126.87027777777777,9.0,0.5,2.0,0.5,43.0,1.0,61.0,6,6.0,2,2,2,2,2,130,134,157,0.2333,0.0,0.3976,0.2695,T2,False,none
1895b48b-c6ba-4c84-a4c2-00a3383536ae,2.0,0.2222222222222222,2.0,3631.67,1815.835,1099.3459837785374,13,1,2.0,1.0,13.0,2.0,1.0,0.5,2.0,1.0,8.0,2.0,1.0,0.5,0.2222222222222222,1815.835,2593.19,0.7140489086288127,69.68583333333333,17.0,0.5,2.0,0.5,44.0,2.0,61.0,6,6.0,2,2,2,2,2,107,108,119,0.3255,0.0,0.3993,0.1775,T2,False,none
d9c2c449-a7ad-45c9-85d7-ec288ae7f54d,2.0,0.2222222222222222,2.0,4509.75,2254.875,201.82948855407648,41,1,2.0,1.0,17.0,2.0,1.0,0.5,2.0,1.0,6.0,2.0,1.0,0.5,0.2222222222222222,2254.875,2397.59,0.5316458783746327,101.72416666666666,10.0,0.0,2.0,0.5,35.0,1.0,72.5,6,6.0,2,2,2,2,2,93,95,211,0.1668,0.0,0.5966,0.3124,T2,False,none
874c83cf-66a8-46ba-bb1a-325c2668ba1f,6.0,0.6666666666666666,4.0,16370.85,2728.475,1528.4872243725165,67,0,6.0,1.0,19.0,6.0,1.0,0.16666666666666666,6.0,1.0,11.0,6.0,1.0,0.16666666666666666,0.6666666666666666,2728.475,4237.47,0.2588423936448016,199.18166666666667,3.0,0.0,6.0,0.16666666666666666,41.0,2.0,39.333333333333336,18,18.0,6,6,6,6,6,288,313,210,0.1869,0.0,0.5526,0.3216,T2,False,none
2dad1b2f-4b8e-4c89-aa42-f8e345026410,7.0,0.7777777777777778,5.0,13919.2,1988.457142857143,1344.0436331423457,90,1,7.0,1.0,18.0,7.0,1.0,0.14285714285714285,7.0,1.0,14.0,7.0,1.0,0.14285714285714285,0.7777777777777778,1988.457142857143,4107.51,0.29509670095982526,193.52333333333334,4.0,0.2857142857142857,7.0,0.14285714285714285,37.0,2.0,43.57142857142857,21,21.0,7,7,7,7,7,333,364,119,0.2635,0.0,0.3946,0.1939,T2,False,none
8bb5052c-63ce-432a-a939-c438833da3e3,3.0,0.3333333333333333,3.0,6710.25,2236.75,2046.362799676538,48,0,3.0,1.0,19.0,3.0,1.0,0.3333333333333333,3.0,1.0,9.0,3.0,1.0,0.3333333333333333,0.3333333333333333,2236.75,4183.82,0.6234968890875898,105.48361111111112,5.0,0.3333333333333333,3.0,0.3333333333333333,44.0,0.0,52.0,9,9.0,3,3,3,3,3,172,181,160,0.1969,0.0,0.388,0.2723,T2,False,none
ccaaee0a-83a7-442e-9492-dd17be43e383,3.0,0.3333333333333333,3.0,12853.7,4284.566666666667,410.2463388420833,58,0,3.0,1.0,16.0,3.0,1.0,0.3333333333333333,3.0,1.0,10.0,3.0,1.0,0.3333333333333333,0.3333333333333333,4284.566666666667,4741.96,0.3689178991263216,151.71666666666667,1.0,0.3333333333333333,3.0,0.3333333333333333,37.0,0.0,44.333333333333336,9,9.0,3,3,3,3,3,147,153,211,0.1668,0.0,0.5966,0.3124,T2,False,none
bfa7cfa4-e255-452f-b283-d117e5d840fc,4.0,0.4444444444444444,4.0,10885.060000000001,2721.2650000000003,1535.1210470079116,72,0,4.0,1.0,17.0,4.0,1.0,0.25,3.0,1.3333333333333333,10.0,3.0,1.0,0.5,0.4444444444444444,2721.2650000000003,4796.32,0.4406333084062007,160.08416666666668,1.0,0.25,4.0,0.25,43.0,0.0,79.75,11,12.0,4,3,4,4,3,201,210,112,0.2905,0.0,0.3574,0.1777,T2,False,none
a0fbdcbb-c1fa-4a03-8110-61a2f44ca9cd,4.0,0.4444444444444444,3.0,7841.1900000000005,1960.2975000000001,1848.722459057876,28,1,4.0,1.0,15.0,4.0,1.0,0.25,3.0,1.3333333333333333,13.0,3.0,1.0,0.5,0.4444444444444444,1960.2975000000001,4053.8,0.5169878551597398,139.6197222222222,2.0,0.75,4.0,0.25,39.0,3.0,53.0,11,12.0,4,3,4,4,3,204,211,119,0.2635,0.0,0.3946,0.1939,T2,False,none
60103e56-6efe-475c-a7ad-0181efb8ab6b,3.0,0.3333333333333333,3.0,9885.49,3295.1633333333334,1449.9074343672198,52,1,3.0,1.0,17.0,3.0,1.0,0.3333333333333333,3.0,1.0,5.0,3.0,1.0,0.3333333333333333,0.3333333333333333,3295.1633333333334,4967.2,0.5024738278021625,76.36194444444445,6.0,0.3333333333333333,3.0,0.3333333333333333,41.0,0.0,36.666666666666664,9,9.0,3,3,3,3,3,145,146,124,0.2408,0.0806,0.3579,0.2431,T2,False,none
3c5e3d56-dea8-41c5-8c91-1aec5dce0d5d,4.0,0.4444444444444444,4.0,10123.66,2530.915,1869.149627763028,27,1,4.0,1.0,13.0,4.0,1.0,0.25,4.0,1.0,11.0,4.0,1.0,0.25,0.4444444444444444,2530.915,4557.41,0.45017414650432747,136.09666666666666,4.0,0.0,4.0,0.25,44.0,0.0,63.5,12,12.0,4,4,4,4,4,214,224,119,0.3255,0.0,0.3993,0.1775,T2,False,none
1e54b13f-59d1-48ab-82d0-c2d6f686f046,0.0,0.0,0.0,0.0,0.0,0.0,50,0,0.0,0.0,0.0,0.0,0.0,0.0,0.0,0.0,0.0,0.0,0.0,0.0,0.0,0.0,0.0,0.0,0.0,0.0,0.0,0.0,0.0,0.0,0.0,0.0,0,0.0,0,0,0,0,0,0,0,1,0.0,0.0,0.0,0.0,T2,False,none
083e51f2-388b-4b76-ae9e-2e72919c75c2,3.0,0.3333333333333333,3.0,12375.59,4125.196666666667,1196.236850850756,66,1,3.0,1.0,20.0,3.0,1.0,0.3333333333333333,3.0,1.0,12.0,3.0,1.0,0.3333333333333333,0.3333333333333333,4125.196666666667,4845.43,0.3915312320463105,189.90555555555557,13.0,0.0,3.0,0.3333333333333333,36.0,0.0,69.0,9,9.0,3,3,3,3,3,160,166,112,0.2905,0.0,0.3574,0.1777,T2,False,none
670bc924-ab0a-444c-9c7f-070d780297e2,3.0,0.3333333333333333,2.0,4471.2,1490.3999999999999,293.3268165374587,68,1,3.0,1.0,17.0,3.0,1.0,0.3333333333333333,3.0,1.0,9.0,3.0,1.0,0.3333333333333333,0.3333333333333333,1490.3999999999999,1759.37,0.39348944354983,68.27472222222222,10.0,0.6666666666666666,3.0,0.3333333333333333,39.0,0.0,53.0,9,9.0,3,3,3,3,3,149,156,210,0.1869,0.0,0.5526,0.3216,T2,False,none
d24855e4-2246-4296-a153-0562128543e0,1.0,0.1111111111111111,1.0,2534.99,2534.99,0.0,61,0,1.0,1.0,12.0,1.0,1.0,1.0,1.0,1.0,12.0,1.0,1.0,1.0,0.1111111111111111,2534.99,2534.99,1.0,0.0,10.0,1.0,1.0,1.0,37.0,0.0,95.0,3,3.0,1,1,1,1,1,57,58,136,0.2576,0.0,0.4342,0.2507,T2,False,none
c7d30552-846f-4204-8cf4-6357b044b714,4.0,0.4444444444444444,4.0,15641.39,3910.3475,1136.9121193060614,90,1,4.0,1.0,18.0,4.0,1.0,0.25,4.0,1.0,10.0,4.0,1.0,0.25,0.4444444444444444,3910.3475,4978.62,0.3182977983414518,193.86805555555554,1.0,0.0,4.0,0.25,44.0,0.0,56.75,12,12.0,4,4,4,4,4,238,251,119,0.3255,0.0,0.3993,0.1775,T2,False,none
d6fc88ec-6927-4efb-b417-be8ab76af5c3,2.0,0.2222222222222222,2.0,4332.95,2166.475,665.6773948768276,37,1,2.0,1.0,15.0,2.0,1.0,0.5,2.0,1.0,11.0,2.0,1.0,0.5,0.2222222222222222,2166.475,2637.18,0.6086338406859069,35.910555555555554,1.0,0.5,2.0,0.5,31.0,0.0,59.0,6,6.0,2,2,2,2,2,89,91,160,0.1969,0.0,0.388,0.2723,T2,False,none
2e58f97b-030c-4657-831a-ec8cd4b227ca,0.0,0.0,0.0,0.0,0.0,0.0,58,1,0.0,0.0,0.0,0.0,0.0,0.0,0.0,0.0,0.0,0.0,0.0,0.0,0.0,0.0,0.0,0.0,0.0,0.0,0.0,0.0,0.0,0.0,0.0,0.0,0,0.0,0,0,0,0,0,0,0,1,0.0,0.0,0.0,0.0,T2,False,none
23f25306-eeaf-4cb7-9018-1a9c60e8be72,5.0,0.5555555555555556,2.0,14729.69,2945.938,1142.8179531841456,77,1,5.0,1.0,19.0,5.0,1.0,0.2,5.0,1.0,10.0,5.0,1.0,0.2,0.5555555555555556,2945.938,4029.78,0.27358213241419205,99.34472222222222,4.0,0.4,5.0,0.2,38.0,2.0,46.2,15,15.0,5,5,5,5,5,243,256,211,0.1668,0.0,0.5966,0.3124,T2,False,none
fddb315a-9930-439b-aed5-5a62adaf0f11,0.0,0.0,0.0,0.0,0.0,0.0,16,0,0.0,0.0,0.0,0.0,0.0,0.0,0.0,0.0,0.0,0.0,0.0,0.0,0.0,0.0,0.0,0.0,0.0,0.0,0.0,0.0,0.0,0.0,0.0,0.0,0,0.0,0,0,0,0,0,0,0,1,0.0,0.0,0.0,0.0,T2,False,none
fb657de2-13f9-4e5c-8d47-ec17374f0cba,6.0,0.6666666666666666,5.0,13863.58,2310.596666666667,1452.9189981780357,31,0,6.0,1.0,18.0,6.0,1.0,0.16666666666666666,6.0,1.0,10.0,6.0,1.0,0.16666666666666666,0.6666666666666666,2310.596666666667,4543.56,0.32773352914615134,210.0413888888889,2.0,0.16666666666666666,6.0,0.16666666666666666,43.0,0.0,59.5,18,18.0,6,6,6,6,6,277,292,136,0.2576,0.0,0.4342,0.2507,T2,False,none
d02255a5-411a-4942-b142-925667e5553d,2.0,0.2222222222222222,2.0,4133.42,2066.71,1637.6734473636677,20,0,2.0,1.0,15.0,2.0,1.0,0.5,2.0,1.0,10.0,2.0,1.0,0.5,0.2222222222222222,2066.71,3224.72,0.7801578354002254,23.599722222222223,12.0,0.0,2.0,0.5,37.0,0.0,85.5,6,6.0,2,2,2,2,2,108,113,80,0.3873,0.0,0.2639,0.1532,T2,False,none
62c5e699-8733-4ccb-a6b4-1d1c99ee61e2,4.0,0.4444444444444444,2.0,10944.529999999999,2736.1324999999997,1135.4500382190608,87,1,4.0,1.0,14.0,4.0,1.0,0.25,4.0,1.0,12.0,4.0,1.0,0.25,0.4444444444444444,2736.1324999999997,4226.75,0.3861974886084647,130.9886111111111,9.0,0.75,4.0,0.25,39.0,0.0,78.0,12,12.0,4,4,4,4,4,191,205,80,0.3873,0.0,0.2639,0.1532,T2,False,none
f2779bed-0e90-476e-86bd-77f2dcf31830,3.0,0.3333333333333333,3.0,6766.12,2255.3733333333334,2208.371845055387,10,1,3.0,1.0,14.0,3.0,1.0,0.3333333333333333,3.0,1.0,6.0,3.0,1.0,0.3333333333333333,0.3333333333333333,2255.3733333333334,4734.21,0.6996934727731698,140.00083333333333,13.0,0.0,3.0,0.3333333333333333,42.0,3.0,57.666666666666664,9,9.0,3,3,3,3,3,143,147,119,0.2635,0.0,0.3946,0.1939,T2,False,none
2211a2d0-af63-4a26-9e21-ba9bd6cf5ba2,5.0,0.5555555555555556,3.0,7054.3,1410.8600000000001,805.2355089972125,21,1,5.0,1.0,21.0,5.0,1.0,0.2,5.0,1.0,12.0,5.0,1.0,0.2,0.5555555555555556,1410.8600000000001,2301.54,0.3262605786541542,164.0077777777778,2.0,0.0,5.0,0.2,42.0,0.0,48.4,15,15.0,5,5,5,5,5,247,265,157,0.2333,0.0,0.3976,0.2695,T2,False,none
5831990f-bec1-46da-96f7-ff273a6572b5,3.0,0.3333333333333333,3.0,10086.4,3362.133333333333,1700.4798560798458,61,0,3.0,1.0,18.0,3.0,1.0,0.3333333333333333,3.0,1.0,10.0,3.0,1.0,0.3333333333333333,0.3333333333333333,3362.133333333333,4683.9,0.4643777760152284,145.1236111111111,10.0,0.3333333333333333,3.0,0.3333333333333333,38.0,0.0,61.0,9,9.0,3,3,3,3,3,157,164,210,0.1869,0.0,0.5526,0.3216,T2,False,none
8c5df6d5-0938-45e9-9eaa-709f4b823303,2.0,0.2222222222222222,2.0,6698.88,3349.44,951.8222960195878,90,0,2.0,1.0,15.0,2.0,1.0,0.5,2.0,1.0,7.0,2.0,1.0,0.5,0.2222222222222222,3349.44,4022.48,0.6004705264163561,17.522222222222222,7.0,0.0,2.0,0.5,31.0,2.0,48.0,6,6.0,2,2,2,2,2,91,93,160,0.1969,0.0,0.388,0.2723,T2,False,none
4f105000-7be0-414c-9321-630221a224a9,4.0,0.4444444444444444,4.0,4834.96,1208.74,1151.6773684210928,98,0,4.0,1.0,20.0,4.0,1.0,0.25,4.0,1.0,14.0,4.0,1.0,0.25,0.4444444444444444,1208.74,2825.99,0.5844908747952413,168.50666666666666,19.0,0.25,4.0,0.25,42.0,0.0,49.5,12,12.0,4,4,4,4,4,211,228,157,0.2333,0.0,0.3976,0.2695,T2,False,none
4ac20dab-c78d-4086-b8cd-4419f9ebea59,7.0,0.7777777777777778,6.0,11503.91,1643.4157142857143,1180.8959189369336,66,0,7.0,1.0,27.0,7.0,1.0,0.14285714285714285,7.0,1.0,8.0,7.0,1.0,0.14285714285714285,0.7777777777777778,1643.4157142857143,3947.97,0.34318505621132295,219.9297222222222,20.0,0.2857142857142857,7.0,0.14285714285714285,44.0,1.0,63.142857142857146,21,21.0,7,7,7,7,7,337,373,136,0.2576,0.0,0.4342,0.2507,T2,False,none
ebf199e7-f88c-45c0-8a9a-6167f0649eff,2.0,0.2222222222222222,2.0,2491.3599999999997,1245.6799999999998,104.11440246190718,76,0,2.0,1.0,17.0,2.0,1.0,0.5,2.0,1.0,12.0,2.0,1.0,0.5,0.2222222222222222,1245.6799999999998,1319.3,0.5295501252328046,57.60166666666667,11.0,0.0,2.0,0.5,46.0,1.0,71.0,6,6.0,2,2,2,2,2,127,131,80,0.4259,0.0,0.2617,0.1285,T2,False,none
6af88060-377f-41f4-a470-d16d6cfdddde,4.0,0.4444444444444444,4.0,7527.29,1881.8225,2024.7188139982138,47,1,4.0,1.0,18.0,4.0,1.0,0.25,4.0,1.0,15.0,4.0,1.0,0.25,0.4444444444444444,1881.8225,4413.42,0.5863225676172965,195.38833333333332,18.0,0.0,4.0,0.25,30.0,0.0,62.5,12,12.0,4,4,4,4,4,180,194,80,0.3873,0.0,0.2639,0.1532,T2,False,none
1dc365ad-aa37-469e-91b2-627879fc42e3,2.0,0.2222222222222222,2.0,7922.43,3961.215,620.2387131177801,98,0,2.0,1.0,20.0,2.0,1.0,0.5,2.0,1.0,7.0,2.0,1.0,0.5,0.2222222222222222,3961.215,4399.79,0.5553586462739336,42.57972222222222,1.0,0.0,2.0,0.5,44.0,1.0,55.0,6,6.0,2,2,2,2,2,113,116,160,0.1969,0.0,0.388,0.2723,T2,False,none
d01d6682-2a4e-4bc4-9183-60848f0e05a7,3.0,0.3333333333333333,2.0,9636.52,3212.1733333333336,2025.8754841878444,79,1,3.0,1.0,16.0,3.0,1.0,0.3333333333333333,3.0,1.0,5.0,3.0,1.0,0.3333333333333333,0.3333333333333333,3212.1733333333336,4746.59,0.49256266785104996,48.15555555555556,0.0,0.6666666666666666,3.0,0.3333333333333333,36.0,0.0,33.0,9,9.0,3,3,3,3,3,135,140,119,0.2253,0.0,0.3893,0.1815,T2,False,none
1d9cd1c5-06e3-4ae8-bd75-8e65b7d2ab5a,3.0,0.3333333333333333,3.0,5457.8099999999995,1819.2699999999998,740.1184736918811,38,0,3.0,1.0,12.0,3.0,1.0,0.3333333333333333,3.0,1.0,11.0,3.0,1.0,0.3333333333333333,0.3333333333333333,1819.2699999999998,2429.93,0.4452207020764739,175.21916666666667,4.0,0.3333333333333333,3.0,0.3333333333333333,42.0,0.0,38.0,9,9.0,3,3,3,3,3,144,151,157,0.2333,0.0,0.3976,0.2695,T2,False,none
20a5c193-6cbf-4f23-8a06-2c04aae43b28,5.0,0.5555555555555556,4.0,13863.1,2772.62,2040.8926731947472,67,1,5.0,1.0,18.0,5.0,1.0,0.2,5.0,1.0,8.0,5.0,1.0,0.2,0.5555555555555556,2772.62,4514.01,0.3256133188103671,102.83472222222223,1.0,0.4,5.0,0.2,42.0,0.0,44.2,15,15.0,5,5,5,5,5,242,256,119,0.3255,0.0,0.3993,0.1775,T2,False,none
5d1e1faf-38f6-476d-8612-c1fafced8251,4.0,0.4444444444444444,4.0,13638.19,3409.5475,2000.2509624773754,56,0,4.0,1.0,21.0,4.0,1.0,0.25,4.0,1.0,9.0,4.0,1.0,0.25,0.4444444444444444,3409.5475,4676.23,0.3428776105920213,198.04777777777778,15.0,0.25,4.0,0.25,42.0,0.0,52.25,12,12.0,4,4,4,4,4,208,220,119,0.2635,0.0,0.3946,0.1939,T2,False,none
107ad111-f652-4ee1-912f-aac5ae9b6409,8.0,0.8888888888888888,7.0,22595.04,2824.38,1216.0533580515996,95,1,8.0,1.0,23.0,8.0,1.0,0.125,8.0,1.0,13.0,8.0,1.0,0.125,0.8888888888888888,2824.38,4495.42,0.19895605407204411,180.53722222222223,0.0,0.25,8.0,0.125,40.0,1.0,58.75,24,24.0,8,8,8,8,8,372,422,211,0.1668,0.0,0.5966,0.3124,T2,False,none
c9ef463c-7834-4b43-95fe-27a4c2fcd8ba,5.0,0.5555555555555556,3.0,14036.9,2807.38,1103.9195315782758,50,1,5.0,1.0,16.0,5.0,1.0,0.2,5.0,1.0,15.0,5.0,1.0,0.2,0.5555555555555556,2807.38,4035.84,0.2875164744352386,101.85083333333333,12.0,0.2,5.0,0.2,46.0,1.0,48.2,15,15.0,5,5,5,5,5,281,295,83,0.4146,0.0,0.3286,0.1462,T2,False,none
479dda1d-d529-46cc-8b82-2c6fbb992c92,1.0,0.1111111111111111,1.0,3949.12,3949.12,0.0,76,0,1.0,1.0,15.0,1.0,1.0,1.0,1.0,1.0,9.0,1.0,1.0,1.0,0.1111111111111111,3949.12,3949.12,1.0,0.0,4.0,0.0,1.0,1.0,28.0,2.0,58.0,3,3.0,1,1,1,1,1,49,49,69,0.4288,0.0,0.2614,0.1292,T2,False,none
af82c143-d066-4f12-927b-231876fb8e9f,1.0,0.1111111111111111,1.0,3938.67,3938.67,0.0,43,1,1.0,1.0,10.0,1.0,1.0,1.0,1.0,1.0,5.0,1.0,1.0,1.0,0.1111111111111111,3938.67,3938.67,1.0,0.0,16.0,0.0,1.0,1.0,28.0,0.0,50.0,3,3.0,1,1,1,1,1,40,40,112,0.2905,0.0,0.3574,0.1777,T2,False,none
ec1e0db5-1868-4b6e-b495-06b19c340720,3.0,0.3333333333333333,3.0,9548.82,3182.94,1339.9335748834717,10,0,3.0,1.0,18.0,3.0,1.0,0.3333333333333333,3.0,1.0,13.0,3.0,1.0,0.3333333333333333,0.3333333333333333,3182.94,4339.68,0.4544729086944775,152.61666666666667,5.0,0.3333333333333333,3.0,0.3333333333333333,46.0,1.0,48.0,9,9.0,3,3,3,3,3,172,177,80,0.4259,0.0,0.2617,0.1285,T2,False,none
49dfed11-5cb2-4ad5-a46f-2601fff83e9e,6.0,0.6666666666666666,4.0,11090.02,1848.3366666666668,1774.7924894439539,11,1,6.0,1.0,15.0,6.0,1.0,0.16666666666666666,6.0,1.0,10.0,6.0,1.0,0.16666666666666666,0.6666666666666666,1848.3366666666668,4382.01,0.39513093754564915,169.51166666666666,4.0,0.0,6.0,0.16666666666666666,44.0,3.0,52.5,18,18.0,6,6,6,6,6,317,346,136,0.2576,0.0,0.4342,0.2507,T2,False,none
2c74d36a-cccd-4cbb-968d-80c3510bff16,3.0,0.3333333333333333,3.0,7175.55,2391.85,1404.558173910928,83,1,3.0,1.0,14.0,3.0,1.0,0.3333333333333333,3.0,1.0,10.0,3.0,1.0,0.3333333333333333,0.3333333333333333,2391.85,3953.82,0.5510128143487258,199.11083333333335,4.0,0.0,3.0,0.3333333333333333,46.0,3.0,46.0,9,9.0,3,3,3,3,3,163,168,80,0.4259,0.0,0.2617,0.1285,T2,False,none
8ae93eb5-d274-456d-a901-a939ad780515,5.0,0.5555555555555556,4.0,10430.25,2086.05,1732.5896767700078,68,0,5.0,1.0,17.0,5.0,1.0,0.2,5.0,1.0,11.0,5.0,1.0,0.2,0.5555555555555556,2086.05,4217.16,0.4043201265549723,218.0336111111111,6.0,0.0,5.0,0.2,37.0,2.0,62.8,15,15.0,5,5,5,5,5,235,251,211,0.1668,0.0,0.5966,0.3124,T2,False,none
035591b6-fc2c-4d67-aeb3-95d4b594440b,5.0,0.5555555555555556,5.0,15123.689999999999,3024.738,1605.7399286684004,72,0,5.0,1.0,20.0,5.0,1.0,0.2,5.0,1.0,11.0,5.0,1.0,0.2,0.5555555555555556,3024.738,4866.23,0.32176208319530486,175.21472222222224,2.0,0.2,5.0,0.2,44.0,0.0,42.8,15,15.0,5,5,5,5,5,253,272,75,0.4631,0.0,0.2745,0.1623,T2,False,none
d99f140e-ed7d-40c5-97bb-5c2f9f77406c,2.0,0.2222222222222222,2.0,5952.1,2976.05,1456.045999548091,33,1,2.0,1.0,19.0,2.0,1.0,0.5,2.0,1.0,6.0,2.0,1.0,0.5,0.2222222222222222,2976.05,4005.63,0.6729776045429344,101.53361111111111,4.0,0.0,2.0,0.5,36.0,0.0,36.0,6,6.0,2,2,2,2,2,108,113,124,0.2408,0.0806,0.3579,0.2431,T2,False,none
cc0170e9-ffae-48cf-a1ed-a5abe90770ea,4.0,0.4444444444444444,3.0,10270.91,2567.7275,1603.6596946230002,70,0,4.0,1.0,25.0,4.0,1.0,0.25,4.0,1.0,10.0,4.0,1.0,0.25,0.4444444444444444,2567.7275,4840.45,0.4712776180494231,62.73694444444445,7.0,0.5,4.0,0.25,44.0,1.0,59.5,12,12.0,4,4,4,4,4,196,208,124,0.2408,0.0806,0.3579,0.2431,T2,False,none
09e79fc5-3d1a-42e5-adc5-32208d02e298,1.0,0.1111111111111111,1.0,3691.38,3691.38,0.0,37,0,1.0,1.0,12.0,1.0,1.0,1.0,1.0,1.0,13.0,1.0,1.0,1.0,0.1111111111111111,3691.38,3691.38,1.0,0.0,19.0,0.0,1.0,1.0,39.0,0.0,94.0,3,3.0,1,1,1,1,1,61,61,112,0.2905,0.0,0.3574,0.1777,T2,False,none
7e6d8723-3098-4549-b783-a2b147de134d,4.0,0.4444444444444444,3.0,7194.58,1798.645,1218.5647558364171,54,0,4.0,1.0,17.0,4.0,1.0,0.25,4.0,1.0,9.0,4.0,1.0,0.25,0.4444444444444444,1798.645,3080.51,0.42817092867130535,120.72305555555556,8.0,0.25,4.0,0.25,41.0,0.0,86.0,12,12.0,4,4,4,4,4,209,219,83,0.4146,0.0,0.3286,0.1462,T2,False,none
0e803e87-2440-4c42-a04a-0a661c319f28,1.0,0.1111111111111111,1.0,323.27,323.27,0.0,42,1,1.0,1.0,11.0,1.0,1.0,1.0,1.0,1.0,16.0,1.0,1.0,1.0,0.1111111111111111,323.27,323.27,1.0,0.0,7.0,0.0,1.0,1.0,47.0,3.0,86.0,3,3.0,1,1,1,1,1,67,71,80,0.4937,0.0,0.285,0.1235,T2,False,none
3f4f1dd1-7ff5-43e2-8166-7601fe67347f,4.0,0.4444444444444444,4.0,13244.380000000001,3311.0950000000003,863.628334045767,93,0,4.0,1.0,20.0,4.0,1.0,0.25,4.0,1.0,11.0,4.0,1.0,0.25,0.4444444444444444,3311.0950000000003,4267.55,0.32221591346669304,103.7125,9.0,0.25,4.0,0.25,37.0,1.0,52.75,12,12.0,4,4,4,4,4,207,219,160,0.1969,0.0,0.388,0.2723,T2,False,none
dc2dfc4c-22f6-4baa-8fce-e2bbf63c70a7,7.0,0.7777777777777778,5.0,16067.68,2295.382857142857,1511.8999997543299,49,0,7.0,1.0,17.0,7.0,1.0,0.14285714285714285,7.0,1.0,13.0,7.0,1.0,0.14285714285714285,0.7777777777777778,2295.382857142857,4761.77,0.296357034743037,203.62833333333333,4.0,0.0,6.0,0.2857142857142857,38.0,3.0,54.142857142857146,20,21.0,7,7,6,7,7,310,341,80,0.3873,0.0,0.2639,0.1532,T2,False,none
3a5c3f11-533c-4e37-b497-8db11e53cb82,2.0,0.2222222222222222,2.0,6323.41,3161.705,306.5944292546752,29,0,2.0,1.0,18.0,2.0,1.0,0.5,2.0,1.0,11.0,2.0,1.0,0.5,0.2222222222222222,3161.705,3378.5,0.5342845078841955,24.60333333333333,1.0,0.0,2.0,0.5,43.0,2.0,77.5,6,6.0,2,2,2,2,2,112,117,160,0.1969,0.0,0.388,0.2723,T2,False,none
5149c298-c286-4b5d-82be-55b06fdf48f0,4.0,0.4444444444444444,3.0,6646.5,1661.625,840.8056841109802,79,0,4.0,1.0,21.0,4.0,1.0,0.25,4.0,1.0,12.0,4.0,1.0,0.25,0.4444444444444444,1661.625,2792.0,0.42007071390957645,76.3225,1.0,0.25,4.0,0.25,43.0,0.0,78.25,12,12.0,4,4,4,4,4,193,204,136,0.2576,0.0,0.4342,0.2507,T2,False,none
c6134246-32ac-479f-98be-96a659ea1fc3,5.0,0.5555555555555556,5.0,16088.04,3217.608,1319.1764611567326,32,1,5.0,1.0,19.0,5.0,1.0,0.2,5.0,1.0,12.0,5.0,1.0,0.2,0.5555555555555556,3217.608,4896.38,0.30434906924647126,174.29305555555555,3.0,0.0,5.0,0.2,44.0,0.0,49.6,15,15.0,5,5,5,5,5,245,273,119,0.3255,0.0,0.3993,0.1775,T2,False,none
53bf077a-8b29-4344-a691-2c6fc0fa8df9,2.0,0.2222222222222222,2.0,4258.58,2129.29,1602.4029611180829,55,0,2.0,1.0,11.0,2.0,1.0,0.5,2.0,1.0,5.0,2.0,1.0,0.5,0.2222222222222222,2129.29,3262.36,0.7660675624269123,25.41722222222222,13.0,0.0,2.0,0.5,36.0,1.0,91.0,6,6.0,2,2,2,2,2,89,92,119,0.2635,0.0,0.3946,0.1939,T2,False,none
0e6e4788-e40f-4bc1-838c-d44647f688f2,3.0,0.3333333333333333,3.0,6087.26,2029.0866666666668,1543.7711227488787,74,1,3.0,1.0,25.0,3.0,1.0,0.3333333333333333,3.0,1.0,9.0,3.0,1.0,0.3333333333333333,0.3333333333333333,2029.0866666666668,3316.03,0.5447491975042958,237.92472222222221,11.0,0.3333333333333333,3.0,0.3333333333333333,34.0,2.0,34.666666666666664,9,9.0,3,3,3,3,3,147,155,80,0.3873,0.0,0.2639,0.1532,T2,False,none
cf46d69c-9292-4523-9fb7-dc4a41b2042b,4.0,0.4444444444444444,4.0,7942.37,1985.5925,2193.4680815605684,98,0,4.0,1.0,13.0,4.0,1.0,0.25,4.0,1.0,13.0,4.0,1.0,0.25,0.4444444444444444,1985.5925,4936.95,0.6215965763367861,118.47472222222223,6.0,0.25,4.0,0.25,47.0,3.0,55.0,12,12.0,4,4,4,4,4,208,220,80,0.4937,0.0,0.285,0.1235,T2,False,none
acaf3816-a8e5-421d-be1c-8b29fd444cca,5.0,0.5555555555555556,5.0,15118.07,3023.614,1477.5313103044552,89,0,5.0,1.0,14.0,5.0,1.0,0.2,5.0,1.0,11.0,5.0,1.0,0.2,0.5555555555555556,3023.614,4419.03,0.2923011998224641,162.1052777777778,1.0,0.2,5.0,0.2,40.0,0.0,52.6,15,15.0,5,5,5,5,5,225,247,124,0.2408,0.0806,0.3579,0.2431,T2,False,none
b98ae858-850a-40d7-a4c6-dc4780db78a6,0.0,0.0,0.0,0.0,0.0,0.0,20,1,0.0,0.0,0.0,0.0,0.0,0.0,0.0,0.0,0.0,0.0,0.0,0.0,0.0,0.0,0.0,0.0,0.0,0.0,0.0,0.0,0.0,0.0,0.0,0.0,0,0.0,0,0,0,0,0,0,0,1,0.0,0.0,0.0,0.0,T2,False,none
e34e46f8-60a8-4191-b678-ce3213c73f23,2.0,0.2222222222222222,2.0,8357.89,4178.945,145.8266314841017,83,0,2.0,1.0,18.0,2.0,1.0,0.5,2.0,1.0,5.0,2.0,1.0,0.5,0.2222222222222222,4178.945,4282.06,0.5123374440199621,132.4763888888889,7.0,0.0,2.0,0.5,36.0,0.0,78.5,6,6.0,2,2,2,2,2,100,102,119,0.2635,0.0,0.3946,0.1939,T2,False,none
2969673e-b503-4a5e-b354-d5d1a83c583e,4.0,0.4444444444444444,4.0,14161.14,3540.285,1858.3964988577297,76,0,4.0,1.0,22.0,4.0,1.0,0.25,4.0,1.0,7.0,4.0,1.0,0.25,0.4444444444444444,3540.285,4761.43,0.33623211125657965,83.83444444444444,9.0,0.25,3.0,0.5,44.0,3.0,48.5,11,12.0,4,4,3,4,4,190,197,119,0.3255,0.0,0.3993,0.1775,T2,False,none
cd93d6cb-dcd0-4e7a-a985-2c85e59eb49a,5.0,0.5555555555555556,5.0,8821.08,1764.216,1617.7378624888522,69,1,5.0,1.0,14.0,5.0,1.0,0.2,5.0,1.0,12.0,5.0,1.0,0.2,0.5555555555555556,1764.216,4334.52,0.4913820076453224,220.1425,4.0,0.4,5.0,0.2,41.0,0.0,65.0,15,15.0,5,5,5,5,5,246,264,211,0.1668,0.0,0.5966,0.3124,T2,False,none
924e09fd-39fb-4b75-a966-ca4bce24c92e,3.0,0.3333333333333333,3.0,6453.88,2151.2933333333335,2526.8680196902515,30,1,3.0,1.0,18.0,3.0,1.0,0.3333333333333333,3.0,1.0,12.0,3.0,1.0,0.3333333333333333,0.3333333333333333,2151.2933333333335,4961.1,0.7687003786869294,213.80638888888888,3.0,0.3333333333333333,3.0,0.3333333333333333,35.0,0.0,58.333333333333336,9,9.0,3,3,3,3,3,142,151,160,0.1969,0.0,0.388,0.2723,T2,False,none
cf4bc8cf-f0ba-43c4-9e75-ca5fad82c3af,6.0,0.6666666666666666,6.0,11094.15,1849.0249999999999,1532.2633681028858,34,0,6.0,1.0,14.0,6.0,1.0,0.16666666666666666,6.0,1.0,13.0,6.0,1.0,0.16666666666666666,0.6666666666666666,1849.0249999999999,4784.25,0.43124078906450697,165.4425,0.0,0.3333333333333333,6.0,0.16666666666666666,41.0,0.0,47.666666666666664,18,18.0,6,6,6,6,6,290,310,160,0.1969,0.0,0.388,0.2723,T2,False,none
08fe57d4-f31a-4bc9-94ad-505cef2c31d3,4.0,0.4444444444444444,2.0,11832.95,2958.2375,2082.3303859598423,32,1,4.0,1.0,22.0,4.0,1.0,0.25,4.0,1.0,9.0,4.0,1.0,0.25,0.4444444444444444,2958.2375,4873.48,0.4118567221191672,49.530833333333334,10.0,0.0,4.0,0.25,38.0,3.0,53.0,12,12.0,4,4,4,4,4,215,227,210,0.1869,0.0,0.5526,0.3216,T2,False,none
5cb783c7-af22-420c-9342-867a9c4502cb,4.0,0.4444444444444444,4.0,11780.849999999999,2945.2124999999996,1853.6071290032485,27,0,4.0,1.0,19.0,4.0,1.0,0.25,4.0,1.0,11.0,4.0,1.0,0.25,0.4444444444444444,2945.2124999999996,4289.28,0.36408917862463236,153.19472222222223,8.0,0.0,4.0,0.25,39.0,2.0,35.5,12,12.0,4,4,4,4,4,209,226,80,0.3873,0.0,0.2639,0.1532,T2,False,none
8e9b94d9-3527-4551-8068-a7cd6a34f3b7,7.0,0.7777777777777778,7.0,25151.21,3593.0299999999997,696.140624586728,50,0,7.0,1.0,15.0,7.0,1.0,0.14285714285714285,7.0,1.0,13.0,7.0,1.0,0.14285714285714285,0.7777777777777778,3593.0299999999997,4446.43,0.1767879159690528,210.6561111111111,1.0,0.2857142857142857,7.0,0.14285714285714285,38.0,2.0,66.57142857142857,21,21.0,7,7,7,7,7,335,380,211,0.1668,0.0,0.5966,0.3124,T2,False,none
dc167d11-1ad2-446e-beb6-91b0192e43af,5.0,0.5555555555555556,4.0,7313.2,1462.6399999999999,725.3154807737112,62,0,5.0,1.0,20.0,5.0,1.0,0.2,5.0,1.0,11.0,5.0,1.0,0.2,0.5555555555555556,1462.6399999999999,2310.1,0.31588087294207734,114.24388888888889,2.0,0.4,5.0,0.2,36.0,0.0,49.8,15,15.0,5,5,5,5,5,248,260,210,0.1869,0.0,0.5526,0.3216,T2,False,none
f12bcf38-2171-4cd6-9ee6-d3e14da6c30a,3.0,0.3333333333333333,3.0,12034.52,4011.5066666666667,1202.7102222203537,72,0,3.0,1.0,19.0,3.0,1.0,0.3333333333333333,3.0,1.0,10.0,3.0,1.0,0.3333333333333333,0.3333333333333333,4011.5066666666667,4962.57,0.4123612740682636,120.64194444444445,10.0,0.0,3.0,0.3333333333333333,46.0,2.0,49.333333333333336,9,9.0,3,3,3,3,3,177,183,119,0.2253,0.0,0.3893,0.1815,T2,False,none
2b868308-9022-424a-aa68-303bb0e7ba4a,3.0,0.3333333333333333,3.0,6034.68,2011.5600000000002,1802.4694735556552,70,0,3.0,1.0,19.0,3.0,1.0,0.3333333333333333,3.0,1.0,7.0,3.0,1.0,0.3333333333333333,0.3333333333333333,2011.5600000000002,4092.11,0.678098921566678,100.45861111111111,0.0,0.3333333333333333,3.0,0.3333333333333333,42.0,0.0,74.66666666666667,9,9.0,3,3,3,3,3,153,160,119,0.2635,0.0,0.3946,0.1939,T2,False,none
5422c354-3e66-4c3f-9d15-dee0dc2cd4ac,8.0,0.8888888888888888,6.0,18140.23,2267.52875,968.3991493983032,60,0,8.0,1.0,19.0,8.0,1.0,0.125,8.0,1.0,11.0,8.0,1.0,0.125,0.8888888888888888,2267.52875,3845.62,0.21199400448616143,227.3175,10.0,0.25,8.0,0.125,41.0,0.0,67.875,24,24.0,8,8,8,8,8,351,387,80,0.3873,0.0,0.2639,0.1532,T2,False,none
616c1e7d-1843-4bed-974b-e3b65b88d59c,0.0,0.0,0.0,0.0,0.0,0.0,99,0,0.0,0.0,0.0,0.0,0.0,0.0,0.0,0.0,0.0,0.0,0.0,0.0,0.0,0.0,0.0,0.0,0.0,0.0,0.0,0.0,0.0,0.0,0.0,0.0,0,0.0,0,0,0,0,0,0,0,1,0.0,0.0,0.0,0.0,T2,False,none
2404e740-e3f4-4686-b889-4af468a905b4,1.0,0.1111111111111111,1.0,3660.58,3660.58,0.0,90,1,1.0,1.0,11.0,1.0,1.0,1.0,1.0,1.0,14.0,1.0,1.0,1.0,0.1111111111111111,3660.58,3660.58,1.0,0.0,8.0,0.0,1.0,1.0,43.0,1.0,38.0,3,3.0,1,1,1,1,1,65,65,80,0.4259,0.0,0.2617,0.1285,T2,False,none
eb5f7597-9c46-4af5-992a-78e13b748a83,3.0,0.3333333333333333,2.0,2968.84,989.6133333333333,996.2054786204167,30,1,3.0,1.0,15.0,3.0,1.0,0.3333333333333333,3.0,1.0,11.0,3.0,1.0,0.3333333333333333,0.3333333333333333,989.6133333333333,2060.82,0.6941499036660783,75.46833333333333,11.0,0.0,3.0,0.3333333333333333,36.0,0.0,55.666666666666664,9,9.0,3,3,3,3,3,134,139,119,0.2253,0.0,0.3893,0.1815,T2,False,none
e5f3196e-f5df-40ff-9312-3c9bb0a9819b,4.0,0.4444444444444444,3.0,10983.73,2745.9325,334.50990422557,28,0,4.0,1.0,19.0,4.0,1.0,0.25,4.0,1.0,8.0,4.0,1.0,0.25,0.4444444444444444,2745.9325,3057.23,0.2783416926672451,75.96472222222222,1.0,0.0,4.0,0.25,39.0,0.0,56.75,12,12.0,4,4,4,4,4,205,217,119,0.2635,0.0,0.3946,0.1939,T2,False,none
47fe7b74-5410-4411-8bce-eca7208c4175,0.0,0.0,0.0,0.0,0.0,0.0,39,0,0.0,0.0,0.0,0.0,0.0,0.0,0.0,0.0,0.0,0.0,0.0,0.0,0.0,0.0,0.0,0.0,0.0,0.0,0.0,0.0,0.0,0.0,0.0,0.0,0,0.0,0,0,0,0,0,0,0,1,0.0,0.0,0.0,0.0,T2,False,none
bba03491-65e6-49e9-8e8c-10234b9f2837,3.0,0.3333333333333333,2.0,8416.4,2805.4666666666667,1251.831378115013,64,1,3.0,1.0,14.0,3.0,1.0,0.3333333333333333,3.0,1.0,7.0,3.0,1.0,0.3333333333333333,0.3333333333333333,2805.4666666666667,4250.95,0.5050793688512903,85.5111111111111,1.0,0.3333333333333333,3.0,0.3333333333333333,40.0,0.0,58.666666666666664,9,9.0,3,3,3,3,3,162,165,211,0.1668,0.0,0.5966,0.3124,T2,False,none
a199217c-4525-45ee-9484-e788ce18b980,2.0,0.2222222222222222,2.0,1888.4,944.2,217.53433016422952,69,0,2.0,1.0,12.0,2.0,1.0,0.5,2.0,1.0,11.0,2.0,1.0,0.5,0.2222222222222222,944.2,1098.02,0.5814552001694556,55.053333333333335,15.0,0.0,2.0,0.5,41.0,0.0,78.0,6,6.0,2,2,2,2,2,111,117,211,0.1668,0.0,0.5966,0.3124,T2,False,none
9c778e02-03ad-489e-af4b-37219daf991e,3.0,0.3333333333333333,3.0,6765.65,2255.2166666666667,971.1181120921048,19,0,3.0,1.0,15.0,3.0,1.0,0.3333333333333333,3.0,1.0,15.0,3.0,1.0,0.3333333333333333,0.3333333333333333,2255.2166666666667,3284.01,0.48539460362271186,61.495555555555555,17.0,0.0,3.0,0.3333333333333333,44.0,1.0,76.66666666666667,9,9.0,3,3,3,3,3,162,165,136,0.2576,0.0,0.4342,0.2507,T2,False,none
daef16ac-90e8-4947-9371-8317560e0507,2.0,0.2222222222222222,2.0,6602.450000000001,3301.2250000000004,808.7675231177376,68,0,2.0,1.0,18.0,2.0,1.0,0.5,2.0,1.0,10.0,2.0,1.0,0.5,0.2222222222222222,3301.2250000000004,3873.11,0.5866170891108603,76.5225,10.0,0.5,2.0,0.5,34.0,0.0,44.0,6,6.0,2,2,2,2,2,99,103,160,0.1969,0.0,0.388,0.2723,T2,False,none
1f890398-4097-4bf6-9657-8d7929b02c71,3.0,0.3333333333333333,2.0,5165.11,1721.7033333333331,328.22728624130775,18,0,3.0,1.0,19.0,3.0,1.0,0.3333333333333333,3.0,1.0,7.0,3.0,1.0,0.3333333333333333,0.3333333333333333,1721.7033333333331,1951.68,0.377858361196567,47.43055555555556,0.0,0.0,3.0,0.3333333333333333,44.0,2.0,64.0,9,9.0,3,3,3,3,3,158,164,80,0.3873,0.0,0.2639,0.1532,T2,False,none
ad8293d4-fdbb-43d9-b85a-783fb48a4a96,3.0,0.3333333333333333,3.0,3688.5,1229.5,1174.4640297173855,49,1,3.0,1.0,14.0,3.0,1.0,0.3333333333333333,3.0,1.0,11.0,3.0,1.0,0.3333333333333333,0.3333333333333333,1229.5,2416.84,0.655236546021418,210.3863888888889,23.0,0.0,3.0,0.3333333333333333,47.0,0.0,52.666666666666664,9,9.0,3,3,3,3,3,157,164,80,0.4937,0.0,0.285,0.1235,T2,False,none
4dd397d8-837a-4d9b-a169-277cd0176c69,2.0,0.2222222222222222,2.0,5374.13,2687.065,2332.66748938849,56,0,2.0,1.0,18.0,2.0,1.0,0.5,2.0,1.0,12.0,2.0,1.0,0.5,0.2222222222222222,2687.065,4336.51,0.8069231670986746,32.38805555555555,2.0,0.5,2.0,0.5,36.0,2.0,62.0,6,6.0,2,2,2,2,2,106,108,69,0.4288,0.0,0.2614,0.1292,T2,False,none
847eff73-a4fa-4737-acae-b4093880077c,0.0,0.0,0.0,0.0,0.0,0.0,61,1,0.0,0.0,0.0,0.0,0.0,0.0,0.0,0.0,0.0,0.0,0.0,0.0,0.0,0.0,0.0,0.0,0.0,0.0,0.0,0.0,0.0,0.0,0.0,0.0,0,0.0,0,0,0,0,0,0,0,1,0.0,0.0,0.0,0.0,T2,False,none
e8cc94fe-04de-48c6-a02a-7dd27600cfa7,5.0,0.5555555555555556,5.0,11792.119999999999,2358.424,556.3776100185916,69,1,5.0,1.0,14.0,5.0,1.0,0.2,5.0,1.0,10.0,5.0,1.0,0.2,0.5555555555555556,2358.424,2908.95,0.24668592246347562,234.07694444444445,2.0,0.2,5.0,0.2,35.0,3.0,25.6,15,15.0,5,5,5,5,5,225,240,112,0.2905,0.0,0.3574,0.1777,T2,False,none
5afe2805-30b3-4031-b814-7e1e0dd387b2,4.0,0.4444444444444444,4.0,6095.83,1523.9575,1449.6533166559745,65,1,4.0,1.0,18.0,4.0,1.0,0.25,4.0,1.0,7.0,4.0,1.0,0.25,0.4444444444444444,1523.9575,3574.11,0.5863204846591851,210.09833333333333,6.0,0.0,4.0,0.25,40.0,3.0,65.25,12,12.0,4,4,4,4,4,208,220,211,0.1668,0.0,0.5966,0.3124,T2,False,none
614ec2ef-f5d5-47ff-8f31-69c1afd63e17,3.0,0.3333333333333333,3.0,5655.47,1885.1566666666668,2052.9902683727787,85,1,3.0,1.0,20.0,3.0,1.0,0.3333333333333333,3.0,1.0,7.0,3.0,1.0,0.3333333333333333,0.3333333333333333,1885.1566666666668,4233.47,0.7485620116453628,148.51888888888888,10.0,0.6666666666666666,3.0,0.3333333333333333,38.0,3.0,49.0,9,9.0,3,3,3,3,3,146,151,119,0.2253,0.0,0.3893,0.1815,T2,False,none
421c8307-59c1-4054-9177-a81b96601546,2.0,0.2222222222222222,2.0,7223.22,3611.61,1463.4564786149265,36,1,2.0,1.0,13.0,2.0,1.0,0.5,2.0,1.0,8.0,2.0,1.0,0.5,0.2222222222222222,3611.61,4646.43,0.6432629768994992,81.32277777777777,7.0,0.5,2.0,0.5,37.0,0.0,51.5,6,6.0,2,2,2,2,2,91,95,210,0.1869,0.0,0.5526,0.3216,T2,False,none
b4de6b2f-6898-4c2d-b94c-65dccc9b81c0,3.0,0.3333333333333333,3.0,9070.81,3023.603333333333,501.11281188304633,91,0,3.0,1.0,18.0,3.0,1.0,0.3333333333333333,3.0,1.0,10.0,3.0,1.0,0.3333333333333333,0.3333333333333333,3023.603333333333,3587.15,0.39546082433652563,202.3672222222222,7.0,0.0,3.0,0.3333333333333333,37.0,1.0,58.666666666666664,9,9.0,3,3,3,3,3,155,159,160,0.1969,0.0,0.388,0.2723,T2,False,none
2f7b1a00-25d4-459b-96a6-a18a64629392,3.0,0.3333333333333333,3.0,6597.92,2199.306666666667,931.2423767383726,99,0,3.0,1.0,16.0,3.0,1.0,0.3333333333333333,3.0,1.0,11.0,3.0,1.0,0.3333333333333333,0.3333333333333333,2199.306666666667,3204.41,0.4856697262167471,33.8875,9.0,0.0,3.0,0.3333333333333333,39.0,1.0,79.66666666666667,9,9.0,3,3,3,3,3,160,164,80,0.4937,0.0,0.285,0.1235,T2,False,none
eccd5799-5e2d-4efb-b812-2378104812b9,4.0,0.4444444444444444,2.0,11527.830000000002,2881.9575000000004,1256.7895496959704,93,0,4.0,1.0,23.0,4.0,1.0,0.25,4.0,1.0,10.0,4.0,1.0,0.25,0.4444444444444444,2881.9575000000004,4100.77,0.3557278342931844,69.06,1.0,0.0,4.0,0.25,38.0,3.0,63.75,12,12.0,4,4,4,4,4,203,218,160,0.1969,0.0,0.388,0.2723,T2,False,none
dc4b3a20-b5dd-407a-b858-0be9af1515ea,3.0,0.3333333333333333,3.0,7324.139999999999,2441.3799999999997,1635.8768067614383,45,0,3.0,1.0,23.0,3.0,1.0,0.3333333333333333,3.0,1.0,6.0,3.0,1.0,0.3333333333333333,0.3333333333333333,2441.3799999999997,3863.41,0.5274899169049199,74.55444444444444,0.0,0.0,3.0,0.3333333333333333,42.0,0.0,44.333333333333336,9,9.0,3,3,3,3,3,166,174,157,0.2333,0.0,0.3976,0.2695,T2,False,none
80c0046d-4fed-418d-bcf6-4df8c6cf2354,4.0,0.4444444444444444,4.0,9801.67,2450.4175,317.2725593108656,63,1,4.0,1.0,22.0,4.0,1.0,0.25,4.0,1.0,8.0,4.0,1.0,0.25,0.4444444444444444,2450.4175,2833.58,0.28909155276600823,156.43972222222223,8.0,0.25,4.0,0.25,44.0,0.0,84.25,12,12.0,4,4,4,4,4,222,233,136,0.2576,0.0,0.4342,0.2507,T2,False,none
43ad7688-ff5a-4107-8a6a-be779a553321,4.0,0.4444444444444444,4.0,7909.65,1977.4125,958.6002531947298,25,0,4.0,1.0,19.0,4.0,1.0,0.25,4.0,1.0,9.0,4.0,1.0,0.25,0.4444444444444444,1977.4125,2859.48,0.3615178927006884,110.49,5.0,0.25,4.0,0.25,36.0,0.0,75.25,12,12.0,4,4,4,4,4,180,193,119,0.2635,0.0,0.3946,0.1939,T2,False,none
d9798898-495f-4e7f-9ac6-2f0058eaf959,1.0,0.1111111111111111,1.0,4399.54,4399.54,0.0,95,1,1.0,1.0,22.0,1.0,1.0,1.0,1.0,1.0,6.0,1.0,1.0,1.0,0.1111111111111111,4399.54,4399.54,1.0,0.0,1.0,0.0,1.0,1.0,37.0,0.0,72.0,3,3.0,1,1,1,1,1,62,62,119,0.2253,0.0,0.3893,0.1815,T2,False,none
56b8537f-c820-4b3c-832f-99fefb06c3fb,3.0,0.3333333333333333,3.0,7207.04,2402.346666666667,1748.4360520285932,18,0,3.0,1.0,17.0,3.0,1.0,0.3333333333333333,3.0,1.0,8.0,3.0,1.0,0.3333333333333333,0.3333333333333333,2402.346666666667,4410.29,0.6119419345528816,94.54861111111111,4.0,0.3333333333333333,3.0,0.3333333333333333,37.0,0.0,65.66666666666667,9,9.0,3,3,3,3,3,142,150,160,0.1969,0.0,0.388,0.2723,T2,False,none
f4767bb0-0e2e-4318-bc89-f7865465e6a1,3.0,0.3333333333333333,3.0,8050.02,2683.34,2218.100122334427,84,0,3.0,1.0,18.0,3.0,1.0,0.3333333333333333,3.0,1.0,11.0,3.0,1.0,0.3333333333333333,0.3333333333333333,2683.34,4907.51,0.609627056827188,209.8411111111111,3.0,0.0,3.0,0.3333333333333333,42.0,3.0,49.666666666666664,9,9.0,3,3,3,3,3,154,159,69,0.4288,0.0,0.2614,0.1292,T2,False,none
c42a776f-c6a8-4e40-b358-392ab862154c,3.0,0.3333333333333333,3.0,5790.05,1930.0166666666667,1290.9985264257016,21,1,3.0,1.0,18.0,3.0,1.0,0.3333333333333333,3.0,1.0,9.0,3.0,1.0,0.3333333333333333,0.3333333333333333,1930.0166666666667,3133.33,0.5411576756677403,181.3486111111111,10.0,0.0,3.0,0.3333333333333333,44.0,0.0,54.666666666666664,9,9.0,3,3,3,3,3,152,163,75,0.4631,0.0,0.2745,0.1623,T2,False,none
e7206cb5-1d0d-4745-9213-14dfb4959f87,4.0,0.4444444444444444,3.0,17288.690000000002,4322.172500000001,794.0941961075317,87,1,4.0,1.0,15.0,4.0,1.0,0.25,4.0,1.0,7.0,4.0,1.0,0.25,0.4444444444444444,4322.172500000001,4906.85,0.2838184963695919,175.8238888888889,0.0,0.25,4.0,0.25,38.0,2.0,64.25,12,12.0,4,4,4,4,4,202,212,210,0.1869,0.0,0.5526,0.3216,T2,False,none
75aa1702-39fb-446e-9438-d974bbd11d3c,0.0,0.0,0.0,0.0,0.0,0.0,98,1,0.0,0.0,0.0,0.0,0.0,0.0,0.0,0.0,0.0,0.0,0.0,0.0,0.0,0.0,0.0,0.0,0.0,0.0,0.0,0.0,0.0,0.0,0.0,0.0,0,0.0,0,0,0,0,0,0,0,1,0.0,0.0,0.0,0.0,T2,False,none
b31c6649-dfff-48e2-9ee5-9a94f41eee59,2.0,0.2222222222222222,2.0,4875.33,2437.665,2154.929128869439,37,1,2.0,1.0,21.0,2.0,1.0,0.5,2.0,1.0,11.0,2.0,1.0,0.5,0.2222222222222222,2437.665,3961.43,0.8125460225256547,83.68472222222222,11.0,0.5,2.0,0.5,44.0,0.0,39.0,6,6.0,2,2,2,2,2,126,127,75,0.4631,0.0,0.2745,0.1623,T2,False,none
5545adc5-fc3f-4d30-9f16-77afc6069c6b,1.0,0.1111111111111111,1.0,4114.32,4114.32,0.0,24,1,1.0,1.0,12.0,1.0,1.0,1.0,1.0,1.0,6.0,1.0,1.0,1.0,0.1111111111111111,4114.32,4114.32,1.0,0.0,3.0,0.0,1.0,1.0,28.0,3.0,67.0,3,3.0,1,1,1,1,1,43,43,80,0.3873,0.0,0.2639,0.1532,T2,False,none
f6cc8108-807d-49f2-a31e-565cb45071f1,4.0,0.4444444444444444,3.0,9783.56,2445.89,1280.0654263747615,88,0,4.0,1.0,16.0,4.0,1.0,0.25,4.0,1.0,10.0,4.0,1.0,0.25,0.4444444444444444,2445.89,3591.61,0.367106656472695,147.0275,20.0,0.5,4.0,0.25,38.0,3.0,76.0,12,12.0,4,4,4,4,4,197,210,119,0.2635,0.0,0.3946,0.1939,T2,False,none
dbac2c7d-36d0-4031-83f8-3212cfffdb08,3.0,0.3333333333333333,2.0,6991.32,2330.44,2121.912829194451,59,1,3.0,1.0,20.0,3.0,1.0,0.3333333333333333,3.0,1.0,11.0,3.0,1.0,0.3333333333333333,0.3333333333333333,2330.44,4775.22,0.6830212320420179,104.47833333333334,3.0,0.0,3.0,0.3333333333333333,34.0,1.0,65.66666666666667,9,9.0,3,3,3,3,3,150,156,160,0.1969,0.0,0.388,0.2723,T2,False,none
f064fec1-7820-4e07-8e91-5c2b80ea2c80,6.0,0.6666666666666666,6.0,20391.63,3398.605,1673.2875785919168,25,1,6.0,1.0,25.0,6.0,1.0,0.16666666666666666,6.0,1.0,10.0,6.0,1.0,0.16666666666666666,0.6666666666666666,3398.605,4984.31,0.24442920943543994,198.2125,0.0,0.16666666666666666,6.0,0.16666666666666666,40.0,2.0,60.5,18,18.0,6,6,6,6,6,298,317,83,0.4146,0.0,0.3286,0.1462,T2,False,none
ca5e4920-2401-4a92-af52-8468a739360a,3.0,0.3333333333333333,1.0,6187.9400000000005,2062.646666666667,1999.1413362324668,62,1,3.0,1.0,17.0,3.0,1.0,0.3333333333333333,3.0,1.0,9.0,3.0,1.0,0.3333333333333333,0.3333333333333333,2062.646666666667,4336.33,0.7007711774839445,14.65,0.0,0.0,3.0,0.3333333333333333,37.0,0.0,70.33333333333333,9,9.0,3,3,3,3,3,153,159,211,0.1668,0.0,0.5966,0.3124,T2,False,none
398b15f7-8f75-4839-b438-d0d232769247,1.0,0.1111111111111111,1.0,4475.37,4475.37,0.0,36,0,1.0,1.0,8.0,1.0,1.0,1.0,1.0,1.0,10.0,1.0,1.0,1.0,0.1111111111111111,4475.37,4475.37,1.0,0.0,22.0,1.0,1.0,1.0,29.0,3.0,28.0,3,3.0,1,1,1,1,1,44,44,157,0.2333,0.0,0.3976,0.2695,T2,False,none
28347165-7886-4ea0-a5f5-ef227dba007e,4.0,0.4444444444444444,3.0,8916.15,2229.0375,729.1139223457011,63,0,4.0,1.0,13.0,4.0,1.0,0.25,4.0,1.0,14.0,4.0,1.0,0.25,0.4444444444444444,2229.0375,2998.52,0.33630210348637024,151.9113888888889,6.0,0.0,4.0,0.25,41.0,1.0,38.0,12,12.0,4,4,4,4,4,186,193,124,0.2408,0.0806,0.3579,0.2431,T2,False,none
b228d4f5-b86b-4a4f-b19a-d64221fecc6d,2.0,0.2222222222222222,2.0,6439.85,3219.925,1197.0681409385186,34,0,2.0,1.0,13.0,2.0,1.0,0.5,2.0,1.0,8.0,2.0,1.0,0.5,0.2222222222222222,3219.925,4066.38,0.6314401732959618,44.68277777777778,15.0,0.5,2.0,0.5,39.0,1.0,61.5,6,6.0,2,2,2,2,2,84,85,112,0.2905,0.0,0.3574,0.1777,T2,False,none
70a600fe-7a35-45e1-8b9b-773536fd6410,2.0,0.2222222222222222,2.0,6209.26,3104.63,1741.7595655543278,45,1,2.0,1.0,19.0,2.0,1.0,0.5,2.0,1.0,9.0,2.0,1.0,0.5,0.2222222222222222,3104.63,4336.24,0.6983505280822513,5.8502777777777775,0.0,0.0,2.0,0.5,35.0,2.0,52.0,6,6.0,2,2,2,2,2,100,103,210,0.1869,0.0,0.5526,0.3216,T2,False,none
dd7e9036-4c81-4278-b406-04b24fbf3921,5.0,0.5555555555555556,3.0,15491.79,3098.358,970.9899353855321,33,0,5.0,1.0,17.0,5.0,1.0,0.2,5.0,1.0,8.0,5.0,1.0,0.2,0.5555555555555556,3098.358,3952.92,0.2551622504565321,134.15027777777777,2.0,0.4,5.0,0.2,44.0,1.0,59.2,15,15.0,5,5,5,5,5,242,258,136,0.2576,0.0,0.4342,0.2507,T2,False,none
5450efbd-c9a7-450a-bebc-b429d9f856d0,6.0,0.6666666666666666,4.0,16282.27,2713.7116666666666,1644.3299581460728,79,0,6.0,1.0,16.0,6.0,1.0,0.16666666666666666,6.0,1.0,11.0,6.0,1.0,0.16666666666666666,0.6666666666666666,2713.7116666666666,4637.73,0.2848331344462412,112.13833333333334,18.0,0.16666666666666666,6.0,0.16666666666666666,43.0,0.0,62.833333333333336,18,18.0,6,6,6,6,6,276,296,157,0.2333,0.0,0.3976,0.2695,T2,False,none
fcaad7dd-b8d7-409e-aae6-e09d56f0f02f,4.0,0.4444444444444444,3.0,11416.63,2854.1575,1306.2501222551778,38,1,4.0,1.0,25.0,4.0,1.0,0.25,4.0,1.0,10.0,4.0,1.0,0.25,0.4444444444444444,2854.1575,4107.4,0.3597734182503944,105.85777777777778,12.0,0.0,4.0,0.25,42.0,0.0,68.0,12,12.0,4,4,4,4,4,217,226,119,0.3255,0.0,0.3993,0.1775,T2,False,none
4e7226b5-7c6c-4200-8d70-ad31503cbf1c,2.0,0.2222222222222222,1.0,4147.28,2073.64,2656.883019630334,97,0,2.0,1.0,19.0,2.0,1.0,0.5,2.0,1.0,8.0,2.0,1.0,0.5,0.2222222222222222,2073.64,3952.34,0.952995698385448,4.8,18.0,0.0,2.0,0.5,31.0,2.0,48.5,6,6.0,2,2,2,2,2,100,102,119,0.2635,0.0,0.3946,0.1939,T2,False,none
eb8e090b-f905-4547-985c-c3e3c969157c,0.0,0.0,0.0,0.0,0.0,0.0,25,1,0.0,0.0,0.0,0.0,0.0,0.0,0.0,0.0,0.0,0.0,0.0,0.0,0.0,0.0,0.0,0.0,0.0,0.0,0.0,0.0,0.0,0.0,0.0,0.0,0,0.0,0,0,0,0,0,0,0,1,0.0,0.0,0.0,0.0,T2,False,none
a7853415-79da-4f22-bb6d-549c3f409db3,3.0,0.3333333333333333,3.0,2745.39,915.13,1163.7874623400958,19,1,3.0,1.0,18.0,3.0,1.0,0.3333333333333333,3.0,1.0,12.0,3.0,1.0,0.3333333333333333,0.3333333333333333,915.13,2256.58,0.8219524366301327,124.96388888888889,0.0,0.0,3.0,0.3333333333333333,44.0,3.0,78.0,9,9.0,3,3,3,3,3,177,185,136,0.2576,0.0,0.4342,0.2507,T2,False,none
b79cc574-fcb0-441f-888a-9e6dc925f7f2,4.0,0.4444444444444444,3.0,5886.84,1471.71,1175.3188596291645,82,1,4.0,1.0,18.0,4.0,1.0,0.25,4.0,1.0,10.0,4.0,1.0,0.25,0.4444444444444444,1471.71,2440.89,0.4146350164094828,132.39333333333335,9.0,0.25,4.0,0.25,36.0,1.0,50.5,12,12.0,4,4,4,4,4,201,208,119,0.2635,0.0,0.3946,0.1939,T2,False,none
72c799e3-a972-45ab-94a1-b5b8b8c9fcf0,4.0,0.4444444444444444,4.0,10559.25,2639.8125,1620.4044303275032,99,1,4.0,1.0,17.0,4.0,1.0,0.25,4.0,1.0,11.0,4.0,1.0,0.25,0.4444444444444444,2639.8125,4041.78,0.3827715036579303,185.29111111111112,10.0,0.0,4.0,0.25,46.0,0.0,50.5,12,12.0,4,4,4,4,4,197,213,80,0.4259,0.0,0.2617,0.1285,T2,False,none
76f5bc4a-61ae-4c5c-8d77-db705ddf50fc,4.0,0.4444444444444444,4.0,8858.07,2214.5175,575.16119516619,10,0,4.0,1.0,17.0,4.0,1.0,0.25,4.0,1.0,10.0,4.0,1.0,0.25,0.4444444444444444,2214.5175,2693.09,0.30402672365424976,171.01583333333335,4.0,0.0,4.0,0.25,46.0,2.0,76.5,12,12.0,4,4,4,4,4,208,219,112,0.2905,0.0,0.3574,0.1777,T2,False,none
91218db0-1b62-4408-9634-1e48431a1e86,2.0,0.2222222222222222,2.0,1437.75,718.875,579.9053423188996,56,1,2.0,1.0,14.0,2.0,1.0,0.5,2.0,1.0,8.0,2.0,1.0,0.5,0.2222222222222222,718.875,1128.93,0.7852060511215441,99.17861111111111,0.0,0.0,2.0,0.5,37.0,0.0,64.0,6,6.0,2,2,2,2,2,98,99,75,0.4631,0.0,0.2745,0.1623,T2,False,none
25beb3da-056d-473b-b834-6abd5ddfefd9,7.0,0.7777777777777778,7.0,22644.61,3234.944285714286,1549.9043672955775,88,0,6.0,1.1666666666666667,20.0,6.0,1.0,0.2857142857142857,7.0,1.0,12.0,7.0,1.0,0.14285714285714285,0.7777777777777778,3234.944285714286,4938.4,0.21808280204428337,208.12416666666667,12.0,0.14285714285714285,7.0,0.14285714285714285,44.0,2.0,60.0,20,21.0,6,7,7,6,7,341,376,136,0.2576,0.0,0.4342,0.2507,T2,False,none
7eafa8ec-5677-448e-8b88-a4f8df011500,1.0,0.1111111111111111,1.0,4987.53,4987.53,0.0,24,1,1.0,1.0,14.0,1.0,1.0,1.0,1.0,1.0,5.0,1.0,1.0,1.0,0.1111111111111111,4987.53,4987.53,1.0,0.0,4.0,0.0,1.0,1.0,43.0,1.0,82.0,3,3.0,1,1,1,1,1,59,59,157,0.2333,0.0,0.3976,0.2695,T2,False,none
44d355ec-8718-4c81-a124-726341294b59,2.0,0.2222222222222222,2.0,1982.75,991.375,760.542840640815,51,1,2.0,1.0,21.0,2.0,1.0,0.5,2.0,1.0,13.0,2.0,1.0,0.5,0.2222222222222222,991.375,1529.16,0.7712318749211954,90.54,7.0,0.0,2.0,0.5,44.0,0.0,49.0,6,6.0,2,2,2,2,2,115,115,119,0.3255,0.0,0.3993,0.1775,T2,False,none
a5457d41-1da7-4f9d-9e98-73955be45b8b,5.0,0.5555555555555556,3.0,6634.51,1326.902,492.1574302700305,54,1,5.0,1.0,18.0,5.0,1.0,0.2,5.0,1.0,9.0,5.0,1.0,0.2,0.5555555555555556,1326.902,2019.61,0.3044098207704864,91.57305555555556,6.0,0.2,5.0,0.2,46.0,0.0,52.0,15,15.0,5,5,5,5,5,256,268,119,0.2253,0.0,0.3893,0.1815,T2,False,none
f47c069b-f707-45dc-ba15-fa6ab758effc,2.0,0.2222222222222222,2.0,3966.6800000000003,1983.3400000000001,2037.4999057177893,89,0,2.0,1.0,13.0,2.0,1.0,0.5,2.0,1.0,11.0,2.0,1.0,0.5,0.2222222222222222,1983.3400000000001,3424.07,0.8632080228301754,62.196666666666665,0.0,0.5,2.0,0.5,35.0,0.0,53.5,6,6.0,2,2,2,2,2,104,107,160,0.1969,0.0,0.388,0.2723,T2,False,none
2b565995-f78b-44fc-83a1-f16e332635d8,2.0,0.2222222222222222,2.0,6714.73,3357.365,2315.880774403121,38,0,2.0,1.0,15.0,2.0,1.0,0.5,2.0,1.0,10.0,2.0,1.0,0.5,0.2222222222222222,3357.365,4994.94,0.7438780114762619,43.93861111111111,12.0,0.0,2.0,0.5,35.0,0.0,61.0,6,6.0,2,2,2,2,2,100,102,211,0.1668,0.0,0.5966,0.3124,T2,False,none
4fa3eec6-1e36-45aa-8d8a-a1a3598efc79,3.0,0.3333333333333333,3.0,8844.75,2948.25,1053.5771291652072,60,0,3.0,1.0,18.0,3.0,1.0,0.3333333333333333,3.0,1.0,8.0,3.0,1.0,0.3333333333333333,0.3333333333333333,2948.25,3958.04,0.44750162525792136,85.00694444444444,7.0,0.3333333333333333,3.0,0.3333333333333333,44.0,3.0,51.333333333333336,9,9.0,3,3,3,3,3,150,156,75,0.4631,0.0,0.2745,0.1623,T2,False,none
591d286a-f331-4005-98ea-212c3414fb3e,2.0,0.2222222222222222,2.0,5465.07,2732.535,1058.984328708409,80,0,2.0,1.0,21.0,2.0,1.0,0.5,2.0,1.0,12.0,2.0,1.0,0.5,0.2222222222222222,2732.535,3481.35,0.6370183730492016,102.22055555555555,16.0,0.5,2.0,0.5,31.0,1.0,17.0,6,6.0,2,2,2,2,2,115,118,136,0.2576,0.0,0.4342,0.2507,T2,False,none
4b423032-e56a-41d0-966e-c0b664e573a1,2.0,0.2222222222222222,1.0,3459.01,1729.505,1454.7802784097673,25,1,2.0,1.0,22.0,2.0,1.0,0.5,2.0,1.0,19.0,2.0,1.0,0.5,0.2222222222222222,1729.505,2758.19,0.7973928956551152,2.533611111111111,17.0,0.0,2.0,0.5,37.0,0.0,65.5,6,6.0,2,2,2,2,2,117,120,75,0.4631,0.0,0.2745,0.1623,T2,False,none
8a078eca-8c06-474f-8ac1-60762361772f,7.0,0.7777777777777778,5.0,19959.66,2851.38,1185.3956151569541,22,0,7.0,1.0,19.0,7.0,1.0,0.14285714285714285,7.0,1.0,19.0,7.0,1.0,0.14285714285714285,0.7777777777777778,2851.38,4647.81,0.2328601789810047,198.3411111111111,1.0,0.14285714285714285,7.0,0.14285714285714285,39.0,0.0,74.42857142857143,21,21.0,7,7,7,7,7,342,377,112,0.2905,0.0,0.3574,0.1777,T2,False,none
82ddbe5e-a979-4bbb-8f47-90fa95cafbfe,7.0,0.7777777777777778,5.0,17536.78,2505.2542857142857,1042.4287764775927,93,1,7.0,1.0,23.0,7.0,1.0,0.14285714285714285,7.0,1.0,8.0,7.0,1.0,0.14285714285714285,0.7777777777777778,2505.2542857142857,3896.3,0.2221787580160098,228.99916666666667,0.0,0.14285714285714285,7.0,0.14285714285714285,43.0,0.0,55.857142857142854,21,21.0,7,7,7,7,7,326,367,80,0.3873,0.0,0.2639,0.1532,T2,False,none
ae9e11ff-1866-4d75-a339-5d1b5e75ab46,4.0,0.4444444444444444,4.0,7488.35,1872.0875,1489.8479284225623,59,1,4.0,1.0,15.0,4.0,1.0,0.25,4.0,1.0,9.0,4.0,1.0,0.25,0.4444444444444444,1872.0875,3655.11,0.48810619161764607,102.23916666666666,2.0,0.25,4.0,0.25,46.0,3.0,54.25,12,12.0,4,4,4,4,4,191,203,80,0.4259,0.0,0.2617,0.1285,T2,False,none
37677d00-5e60-471b-aaf2-85a7577b1e40,3.0,0.3333333333333333,3.0,8809.84,2936.6133333333332,1769.8681664274695,42,0,3.0,1.0,15.0,3.0,1.0,0.3333333333333333,3.0,1.0,11.0,3.0,1.0,0.3333333333333333,0.3333333333333333,2936.6133333333332,4372.04,0.4962678096310489,154.07638888888889,1.0,0.3333333333333333,3.0,0.3333333333333333,35.0,1.0,41.666666666666664,9,9.0,3,3,3,3,3,146,152,211,0.1668,0.0,0.5966,0.3124,T2,False,none
908c9a33-a0e1-4023-b4c5-0ad2a820df5d,2.0,0.2222222222222222,2.0,5805.21,2902.605,1159.5349129931362,66,0,2.0,1.0,13.0,2.0,1.0,0.5,2.0,1.0,9.0,2.0,1.0,0.5,0.2222222222222222,2902.605,3722.52,0.641237784679624,94.83,4.0,0.0,2.0,0.5,30.0,0.0,77.0,6,6.0,2,2,2,2,2,90,93,124,0.2408,0.0806,0.3579,0.2431,T2,False,none
34281ae9-0704-4ac8-a7be-782c81254f8b,5.0,0.5555555555555556,4.0,8961.89,1792.378,922.5555389893879,84,1,5.0,1.0,16.0,5.0,1.0,0.2,5.0,1.0,13.0,5.0,1.0,0.2,0.5555555555555556,1792.378,3150.58,0.3515530764158007,184.43833333333333,4.0,0.0,5.0,0.2,40.0,2.0,61.4,15,15.0,5,5,5,5,5,252,268,124,0.2408,0.0806,0.3579,0.2431,T2,False,none
bbca7e6e-a614-41e2-892f-8acc1f64c216,4.0,0.4444444444444444,4.0,5240.8,1310.2,1283.4684791091156,75,1,4.0,1.0,19.0,4.0,1.0,0.25,4.0,1.0,13.0,4.0,1.0,0.25,0.4444444444444444,1310.2,2912.89,0.5558101816516562,147.05305555555555,1.0,0.25,4.0,0.25,39.0,0.0,78.75,12,12.0,4,4,4,4,4,213,224,112,0.2905,0.0,0.3574,0.1777,T2,False,none
61d2437f-3113-4532-bff2-edc62da71337,3.0,0.3333333333333333,3.0,3385.99,1128.6633333333332,1404.776702908093,34,0,3.0,1.0,18.0,3.0,1.0,0.3333333333333333,3.0,1.0,10.0,3.0,1.0,0.3333333333333333,0.3333333333333333,1128.6633333333332,2735.74,0.8079586767828612,199.0475,23.0,0.3333333333333333,3.0,0.3333333333333333,38.0,3.0,67.0,9,9.0,3,3,3,3,3,148,161,112,0.2905,0.0,0.3574,0.1777,T2,False,none
1e364176-1350-41bd-9151-7b8bbf8f480b,3.0,0.3333333333333333,3.0,7750.37,2583.4566666666665,1299.0981403394176,16,1,3.0,1.0,23.0,3.0,1.0,0.3333333333333333,3.0,1.0,12.0,3.0,1.0,0.3333333333333333,0.3333333333333333,2583.4566666666665,3513.66,0.45335383988119277,110.8963888888889,2.0,0.3333333333333333,3.0,0.3333333333333333,39.0,0.0,45.333333333333336,9,9.0,3,3,3,3,3,174,180,80,0.3873,0.0,0.2639,0.1532,T2,False,none
84daa26b-a755-4f5b-a011-67c0f5cd1fa7,1.0,0.1111111111111111,1.0,675.99,675.99,0.0,76,0,1.0,1.0,7.0,1.0,1.0,1.0,1.0,1.0,11.0,1.0,1.0,1.0,0.1111111111111111,675.99,675.99,1.0,0.0,5.0,0.0,1.0,1.0,43.0,1.0,82.0,3,3.0,1,1,1,1,1,58,58,157,0.2333,0.0,0.3976,0.2695,T2,False,none
eae1211c-6720-49d7-801d-a374707661d0,6.0,0.6666666666666666,4.0,14181.67,2363.6116666666667,1719.37133756983,50,0,6.0,1.0,23.0,6.0,1.0,0.16666666666666666,6.0,1.0,11.0,6.0,1.0,0.16666666666666666,0.6666666666666666,2363.6116666666667,4883.65,0.344363534054875,155.58555555555554,11.0,0.0,6.0,0.16666666666666666,38.0,3.0,55.0,18,18.0,6,6,6,6,6,314,336,80,0.4937,0.0,0.285,0.1235,T2,False,none
ac4bf5d8-a88a-4062-80b1-4bec18550963,5.0,0.5555555555555556,4.0,8639.97,1727.994,1737.2970177922944,34,0,5.0,1.0,19.0,5.0,1.0,0.2,5.0,1.0,13.0,5.0,1.0,0.2,0.5555555555555556,1727.994,4780.65,0.5533178934649079,225.46416666666667,3.0,0.0,5.0,0.2,38.0,1.0,77.2,15,15.0,5,5,5,5,5,221,239,119,0.3255,0.0,0.3993,0.1775,T2,False,none
9c80edc7-63a1-4fa4-92fa-a3a82f4182b9,2.0,0.2222222222222222,2.0,2233.74,1116.87,23.235528829789963,51,0,2.0,1.0,16.0,2.0,1.0,0.5,2.0,1.0,9.0,2.0,1.0,0.5,0.2222222222222222,1116.87,1133.3,0.5073553770805913,151.7577777777778,10.0,0.5,2.0,0.5,35.0,0.0,63.0,6,6.0,2,2,2,2,2,104,107,119,0.3255,0.0,0.3993,0.1775,T2,False,none
a70fa3ec-9eec-4e77-9e25-eba2d56d3e0a,3.0,0.3333333333333333,3.0,11744.72,3914.9066666666663,1053.3346389601613,70,0,3.0,1.0,25.0,3.0,1.0,0.3333333333333333,3.0,1.0,16.0,3.0,1.0,0.3333333333333333,0.3333333333333333,3914.9066666666663,4571.62,0.389248956126668,164.4177777777778,7.0,0.0,3.0,0.3333333333333333,42.0,0.0,69.0,9,9.0,3,3,3,3,3,180,186,119,0.3255,0.0,0.3993,0.1775,T2,False,none
e20d3848-fe7d-4775-ace6-4baa714efff6,3.0,0.3333333333333333,3.0,9628.42,3209.4733333333334,1296.1577451195255,58,1,3.0,1.0,22.0,3.0,1.0,0.3333333333333333,3.0,1.0,6.0,3.0,1.0,0.3333333333333333,0.3333333333333333,3209.4733333333334,4493.61,0.46670274042885534,96.74055555555556,0.0,0.0,3.0,0.3333333333333333,42.0,0.0,52.666666666666664,9,9.0,3,3,3,3,3,153,161,119,0.3255,0.0,0.3993,0.1775,T2,False,none
4ceed239-6089-41a7-8f10-c937c965a56c,3.0,0.3333333333333333,3.0,9174.2,3058.066666666667,2038.494991711614,88,1,3.0,1.0,18.0,3.0,1.0,0.3333333333333333,3.0,1.0,10.0,3.0,1.0,0.3333333333333333,0.3333333333333333,3058.066666666667,4637.95,0.5055427176211549,165.09083333333334,7.0,0.0,3.0,0.3333333333333333,36.0,2.0,65.66666666666667,9,9.0,3,3,3,3,3,149,157,80,0.3873,0.0,0.2639,0.1532,T2,False,none
61f32f5f-37c7-4e09-92c1-e2bf34d52309,3.0,0.3333333333333333,3.0,8756.0,2918.6666666666665,1656.0716692321416,72,0,3.0,1.0,13.0,3.0,1.0,0.3333333333333333,3.0,1.0,14.0,3.0,1.0,0.3333333333333333,0.3333333333333333,2918.6666666666665,4800.73,0.5482788944723618,128.57111111111112,7.0,0.3333333333333333,3.0,0.3333333333333333,36.0,2.0,50.666666666666664,9,9.0,3,3,3,3,3,137,146,211,0.1668,0.0,0.5966,0.3124,T2,False,none
972728fd-822f-43ac-b681-a17af21ad987,8.0,0.8888888888888888,6.0,13542.369999999999,1692.7962499999999,1475.0651121893618,73,0,8.0,1.0,21.0,8.0,1.0,0.125,8.0,1.0,11.0,8.0,1.0,0.125,0.8888888888888888,1692.7962499999999,4970.13,0.3670059228923741,191.24388888888888,0.0,0.125,8.0,0.125,46.0,1.0,40.625,24,24.0,8,8,8,8,8,388,437,83,0.4146,0.0,0.3286,0.1462,T2,False,none
d7d9232c-1c9c-4c46-a94e-5267211b2eaf,4.0,0.4444444444444444,3.0,9312.28,2328.07,1606.19932903734,72,1,4.0,1.0,15.0,4.0,1.0,0.25,4.0,1.0,10.0,4.0,1.0,0.25,0.4444444444444444,2328.07,4717.02,0.506537604109842,171.62833333333333,0.0,0.0,4.0,0.25,36.0,2.0,67.5,12,12.0,4,4,4,4,4,184,194,124,0.2408,0.0806,0.3579,0.2431,T2,False,none
e8bd2165-bfd1-4d05-8c71-3fb3454a6ea7,2.0,0.2222222222222222,2.0,5192.7300000000005,2596.3650000000002,1546.0536217253268,76,1,2.0,1.0,18.0,2.0,1.0,0.5,2.0,1.0,10.0,2.0,1.0,0.5,0.2222222222222222,2596.3650000000002,3689.59,0.7105299139373701,171.2136111111111,17.0,0.0,2.0,0.5,39.0,1.0,59.0,6,6.0,2,2,2,2,2,112,113,112,0.2905,0.0,0.3574,0.1777,T2,False,none
da6906da-1925-4351-acc0-e417605fccbc,5.0,0.5555555555555556,3.0,15106.67,3021.334,1464.6071139489936,72,1,5.0,1.0,15.0,5.0,1.0,0.2,5.0,1.0,11.0,5.0,1.0,0.2,0.5555555555555556,3021.334,4764.68,0.3154024017205645,178.73,4.0,0.0,5.0,0.2,37.0,0.0,63.8,15,15.0,5,5,5,5,5,240,251,136,0.2576,0.0,0.4342,0.2507,T2,False,none
65a85efe-4753-4f8d-9092-a325b2935e99,1.0,0.1111111111111111,1.0,3584.77,3584.77,0.0,18,0,1.0,1.0,25.0,1.0,1.0,1.0,1.0,1.0,11.0,1.0,1.0,1.0,0.1111111111111111,3584.77,3584.77,1.0,0.0,14.0,0.0,1.0,1.0,40.0,1.0,60.0,3,3.0,1,1,1,1,1,69,73,157,0.2333,0.0,0.3976,0.2695,T2,False,none
57022b67-b732-46ad-a004-a0055f5ae0f3,1.0,0.1111111111111111,1.0,269.79,269.79,0.0,64,0,1.0,1.0,9.0,1.0,1.0,1.0,1.0,1.0,7.0,1.0,1.0,1.0,0.1111111111111111,269.79,269.79,1.0,0.0,13.0,0.0,1.0,1.0,28.0,1.0,12.0,3,3.0,1,1,1,1,1,41,41,210,0.1869,0.0,0.5526,0.3216,T2,False,none
59663558-caa3-40d3-abba-fd2c760be983,4.0,0.4444444444444444,3.0,9566.84,2391.71,1034.0753693356528,41,0,4.0,1.0,18.0,4.0,1.0,0.25,4.0,1.0,10.0,4.0,1.0,0.25,0.4444444444444444,2391.71,3854.48,0.40290001714254653,90.27638888888889,3.0,0.25,4.0,0.25,33.0,0.0,59.5,12,12.0,4,4,4,4,4,188,197,119,0.2253,0.0,0.3893,0.1815,T2,False,none
ee0dd623-55cf-446d-b8ed-1bc19c09f58d,2.0,0.2222222222222222,2.0,5555.5599999999995,2777.7799999999997,1141.2562026994638,51,1,2.0,1.0,19.0,2.0,1.0,0.5,2.0,1.0,11.0,2.0,1.0,0.5,0.2222222222222222,2777.7799999999997,3584.77,0.645258083793533,30.911944444444444,0.0,0.0,2.0,0.5,36.0,2.0,67.0,6,6.0,2,2,2,2,2,107,109,211,0.1668,0.0,0.5966,0.3124,T2,False,none
3c9ebbb1-9da1-4b51-a526-2de755d81fe1,2.0,0.2222222222222222,2.0,7948.9400000000005,3974.4700000000003,926.8897109149502,72,0,2.0,1.0,13.0,2.0,1.0,0.5,2.0,1.0,10.0,2.0,1.0,0.5,0.2222222222222222,3974.4700000000003,4629.88,0.5824525031010424,65.46527777777777,13.0,0.5,2.0,0.5,31.0,3.0,74.0,6,6.0,2,2,2,2,2,90,92,160,0.1969,0.0,0.388,0.2723,T2,False,none
29f4e9b4-6450-45f5-b84d-c06f4f032181,1.0,0.1111111111111111,1.0,88.35,88.35,0.0,35,1,1.0,1.0,6.0,1.0,1.0,1.0,1.0,1.0,4.0,1.0,1.0,1.0,0.1111111111111111,88.35,88.35,1.0,0.0,22.0,0.0,1.0,1.0,43.0,0.0,58.0,3,3.0,1,1,1,1,1,50,50,136,0.2576,0.0,0.4342,0.2507,T2,False,none
6292cc4a-c5aa-4e22-95bf-b0a7f49ff97e,4.0,0.4444444444444444,4.0,11605.62,2901.405,1760.6384940412952,29,0,4.0,1.0,16.0,4.0,1.0,0.25,4.0,1.0,15.0,4.0,1.0,0.25,0.4444444444444444,2901.405,4545.05,0.39162491965099666,146.31194444444444,11.0,0.5,4.0,0.25,43.0,3.0,76.75,12,12.0,4,4,4,4,4,224,240,119,0.2635,0.0,0.3946,0.1939,T2,False,none
27c72c67-61a7-410b-91cf-dc6c4548b163,5.0,0.5555555555555556,4.0,12231.43,2446.286,746.6009371344238,63,1,5.0,1.0,19.0,5.0,1.0,0.2,5.0,1.0,7.0,5.0,1.0,0.2,0.5555555555555556,2446.286,3195.35,0.2612409178648776,185.26833333333335,11.0,0.0,5.0,0.2,42.0,3.0,68.6,15,15.0,5,5,5,5,5,233,244,157,0.2333,0.0,0.3976,0.2695,T2,False,none
cbbc9a1d-1c28-4c29-802c-f88774aa39b8,4.0,0.4444444444444444,4.0,11600.46,2900.115,1621.921887031966,86,0,4.0,1.0,20.0,4.0,1.0,0.25,4.0,1.0,10.0,4.0,1.0,0.25,0.4444444444444444,2900.115,4404.34,0.3796694269020367,205.58194444444445,0.0,0.0,4.0,0.25,44.0,3.0,53.0,12,12.0,4,4,4,4,4,204,216,211,0.1668,0.0,0.5966,0.3124,T2,False,none
bcc3cac7-f131-498d-a3b6-1cb7840bef5c,1.0,0.1111111111111111,1.0,1555.1,1555.1,0.0,11,1,1.0,1.0,11.0,1.0,1.0,1.0,1.0,1.0,13.0,1.0,1.0,1.0,0.1111111111111111,1555.1,1555.1,1.0,0.0,16.0,0.0,1.0,1.0,33.0,1.0,74.0,3,3.0,1,1,1,1,1,53,54,80,0.4259,0.0,0.2617,0.1285,T2,False,none
8a9734eb-0f26-431e-815a-33a6fcfb821e,5.0,0.5555555555555556,4.0,14469.31,2893.862,882.8510604116642,59,0,5.0,1.0,19.0,5.0,1.0,0.2,5.0,1.0,8.0,5.0,1.0,0.2,0.5555555555555556,2893.862,4088.52,0.2825649599047916,144.1002777777778,10.0,0.4,5.0,0.2,37.0,0.0,57.8,15,15.0,5,5,5,5,5,217,231,210,0.1869,0.0,0.5526,0.3216,T2,False,none
796f3f0c-fb42-479b-9089-dc8bfe098546,4.0,0.4444444444444444,4.0,11081.98,2770.495,1782.4384709062656,55,0,4.0,1.0,21.0,4.0,1.0,0.25,4.0,1.0,16.0,4.0,1.0,0.25,0.4444444444444444,2770.495,4466.23,0.403017330837991,155.25194444444443,3.0,0.25,4.0,0.25,47.0,3.0,81.75,12,12.0,4,4,4,4,4,236,249,80,0.4937,0.0,0.285,0.1235,T2,False,none
99a51139-702e-45b2-bafb-9ee821d636e7,3.0,0.3333333333333333,3.0,9905.01,3301.67,2036.7282851426207,30,1,3.0,1.0,17.0,3.0,1.0,0.3333333333333333,3.0,1.0,15.0,3.0,1.0,0.3333333333333333,0.3333333333333333,3301.67,4738.12,0.47835590271993667,209.97166666666666,2.0,0.0,3.0,0.3333333333333333,39.0,3.0,66.33333333333333,9,9.0,3,3,3,3,3,168,175,112,0.2905,0.0,0.3574,0.1777,T2,False,none
60b426cc-a9a8-4114-907c-1700729e1599,4.0,0.4444444444444444,3.0,5434.42,1358.605,1010.3666674529599,63,1,4.0,1.0,16.0,4.0,1.0,0.25,4.0,1.0,10.0,4.0,1.0,0.25,0.4444444444444444,1358.605,2577.14,0.47422540031870924,216.29444444444445,8.0,0.0,4.0,0.25,37.0,0.0,43.25,12,12.0,4,4,4,4,4,195,206,211,0.1668,0.0,0.5966,0.3124,T2,False,none
584c8e40-00dc-42c4-a07e-deadcec0f6e4,5.0,0.5555555555555556,5.0,7090.71,1418.142,1155.6323846794878,34,1,5.0,1.0,19.0,5.0,1.0,0.2,5.0,1.0,12.0,5.0,1.0,0.2,0.5555555555555556,1418.142,2699.56,0.38071786887349784,213.6375,23.0,0.2,5.0,0.2,39.0,0.0,68.4,15,15.0,5,5,5,5,5,259,282,112,0.2905,0.0,0.3574,0.1777,T2,False,none
bd164ddd-e437-42e1-9571-bff550602d50,9.0,1.0,8.0,18929.93,2103.3255555555556,1368.8301171631117,12,1,9.0,1.0,21.0,9.0,1.0,0.1111111111111111,9.0,1.0,14.0,9.0,1.0,0.1111111111111111,1.0,2103.3255555555556,3670.25,0.19388608410068078,151.83055555555555,5.0,0.2222222222222222,9.0,0.1111111111111111,46.0,3.0,42.111111111111114,27,27.0,9,9,9,9,9,431,500,119,0.2253,0.0,0.3893,0.1815,T2,False,none
ca1b4c5f-1806-49bf-92f2-24173a86dbc2,1.0,0.1111111111111111,1.0,2713.46,2713.46,0.0,43,1,1.0,1.0,17.0,1.0,1.0,1.0,1.0,1.0,7.0,1.0,1.0,1.0,0.1111111111111111,2713.46,2713.46,1.0,0.0,17.0,0.0,1.0,1.0,38.0,3.0,32.0,3,3.0,1,1,1,1,1,59,59,210,0.1869,0.0,0.5526,0.3216,T2,False,none
e89d37e5-b9ad-4dc6-b25d-29b48646b68b,1.0,0.1111111111111111,1.0,2291.87,2291.87,0.0,27,0,1.0,1.0,10.0,1.0,1.0,1.0,1.0,1.0,7.0,1.0,1.0,1.0,0.1111111111111111,2291.87,2291.87,1.0,0.0,17.0,0.0,1.0,1.0,35.0,1.0,88.0,3,3.0,1,1,1,1,1,49,49,211,0.1668,0.0,0.5966,0.3124,T2,False,none
51b8f3a5-35bd-4f10-bdc2-b0188189d9b7,2.0,0.2222222222222222,2.0,5117.0,2558.5,2210.6703564303743,50,0,2.0,1.0,10.0,2.0,1.0,0.5,2.0,1.0,10.0,2.0,1.0,0.5,0.2222222222222222,2558.5,4121.68,0.8054875903849913,35.599444444444444,3.0,0.5,2.0,0.5,31.0,1.0,64.0,6,6.0,2,2,2,2,2,89,89,210,0.1869,0.0,0.5526,0.3216,T2,False,none
d530548d-11f0-42d6-afa5-e0d8ac8f7d16,5.0,0.5555555555555556,5.0,10968.69,2193.7380000000003,1706.6983140467444,19,0,5.0,1.0,14.0,5.0,1.0,0.2,5.0,1.0,11.0,5.0,1.0,0.2,0.5555555555555556,2193.7380000000003,4249.87,0.38745465502261434,134.13055555555556,1.0,0.4,5.0,0.2,44.0,1.0,23.8,15,15.0,5,5,5,5,5,247,272,210,0.1869,0.0,0.5526,0.3216,T2,False,none
54f5f397-a545-45be-83f3-a6c99e32ac5e,1.0,0.1111111111111111,1.0,3162.14,3162.14,0.0,78,0,1.0,1.0,13.0,1.0,1.0,1.0,1.0,1.0,10.0,1.0,1.0,1.0,0.1111111111111111,3162.14,3162.14,1.0,0.0,10.0,0.0,1.0,1.0,33.0,1.0,15.0,3,3.0,1,1,1,1,1,52,53,69,0.4288,0.0,0.2614,0.1292,T2,False,none
eca60c71-fe0f-4ab0-b90d-2de37e68acd9,3.0,0.3333333333333333,3.0,10730.68,3576.8933333333334,687.7251859815324,77,0,3.0,1.0,25.0,3.0,1.0,0.3333333333333333,3.0,1.0,10.0,3.0,1.0,0.3333333333333333,0.3333333333333333,3576.8933333333334,4370.65,0.40730410374738596,134.38944444444445,1.0,0.0,3.0,0.3333333333333333,36.0,1.0,55.0,9,9.0,3,3,3,3,3,168,172,124,0.2408,0.0806,0.3579,0.2431,T2,False,none
e5e2a4f0-38d0-492c-b9c4-fe52a23c778b,5.0,0.5555555555555556,4.0,7527.34,1505.468,1680.9464544476125,93,0,5.0,1.0,20.0,5.0,1.0,0.2,5.0,1.0,13.0,5.0,1.0,0.2,0.5555555555555556,1505.468,4017.93,0.5337782005329904,174.04111111111112,0.0,0.2,5.0,0.2,43.0,3.0,60.2,15,15.0,5,5,5,5,5,250,270,112,0.2905,0.0,0.3574,0.1777,T2,False,none
739fa601-6de4-40d5-b065-18eedf6d1d24,4.0,0.4444444444444444,4.0,6943.5,1735.875,1232.2463650991226,17,1,4.0,1.0,21.0,4.0,1.0,0.25,4.0,1.0,7.0,4.0,1.0,0.25,0.4444444444444444,1735.875,3139.87,0.4522027795780226,221.25861111111112,4.0,0.0,4.0,0.25,37.0,0.0,55.25,12,12.0,4,4,4,4,4,197,205,136,0.2576,0.0,0.4342,0.2507,T2,False,none
7616f6a0-28d2-48bf-95d3-f56f77539c87,3.0,0.3333333333333333,3.0,6230.2,2076.733333333333,1588.2145979159534,22,0,3.0,1.0,23.0,3.0,1.0,0.3333333333333333,3.0,1.0,10.0,3.0,1.0,0.3333333333333333,0.3333333333333333,2076.733333333333,3632.03,0.5829716542005072,105.70833333333333,8.0,0.6666666666666666,3.0,0.3333333333333333,37.0,0.0,73.66666666666667,9,9.0,3,3,3,3,3,155,160,119,0.2253,0.0,0.3893,0.1815,T2,False,none
084a697b-7dca-4a5f-88ae-427bec0ac82b,5.0,0.5555555555555556,4.0,6799.110000000001,1359.8220000000001,1780.312195970134,91,1,5.0,1.0,18.0,5.0,1.0,0.2,5.0,1.0,9.0,5.0,1.0,0.2,0.5555555555555556,1359.8220000000001,4488.85,0.6602114100227824,151.00583333333333,4.0,0.2,5.0,0.2,43.0,2.0,64.8,15,15.0,5,5,5,5,5,230,241,157,0.2333,0.0,0.3976,0.2695,T2,False,none
7a8df1aa-fafb-4b87-8988-2aaeabba85e3,3.0,0.3333333333333333,2.0,13016.41,4338.803333333333,250.4457099519439,63,1,3.0,1.0,15.0,3.0,1.0,0.3333333333333333,3.0,1.0,7.0,3.0,1.0,0.3333333333333333,0.3333333333333333,4338.803333333333,4581.49,0.35197800315140654,155.89083333333335,0.0,0.0,3.0,0.3333333333333333,32.0,3.0,56.666666666666664,9,9.0,3,3,3,3,3,132,139,119,0.2635,0.0,0.3946,0.1939,T2,False,none
243ed112-3079-4847-8092-61b9daba3a1e,1.0,0.1111111111111111,1.0,4424.02,4424.02,0.0,48,1,1.0,1.0,9.0,1.0,1.0,1.0,1.0,1.0,7.0,1.0,1.0,1.0,0.1111111111111111,4424.02,4424.02,1.0,0.0,0.0,0.0,1.0,1.0,44.0,3.0,32.0,3,3.0,1,1,1,1,1,57,57,75,0.4631,0.0,0.2745,0.1623,T2,False,none
229168e9-7a58-4f8c-940c-5130d4705e69,3.0,0.3333333333333333,3.0,9082.56,3027.52,2138.8463877520517,17,1,3.0,1.0,17.0,3.0,1.0,0.3333333333333333,3.0,1.0,11.0,3.0,1.0,0.3333333333333333,0.3333333333333333,3027.52,4535.32,0.4993437973434802,110.72944444444444,13.0,0.3333333333333333,3.0,0.3333333333333333,46.0,3.0,32.666666666666664,9,9.0,3,3,3,3,3,157,166,83,0.4146,0.0,0.3286,0.1462,T2,False,none
0cf17b03-93b1-4c21-b220-e7153ed88496,1.0,0.1111111111111111,1.0,1594.46,1594.46,0.0,51,0,1.0,1.0,20.0,1.0,1.0,1.0,1.0,1.0,14.0,1.0,1.0,1.0,0.1111111111111111,1594.46,1594.46,1.0,0.0,12.0,0.0,1.0,1.0,26.0,2.0,96.0,3,3.0,1,1,1,1,1,57,57,119,0.2253,0.0,0.3893,0.1815,T2,False,none
5c1f4cbf-6cbb-451d-a030-d3a246e3f715,1.0,0.1111111111111111,1.0,2131.36,2131.36,0.0,98,0,1.0,1.0,17.0,1.0,1.0,1.0,1.0,1.0,10.0,1.0,1.0,1.0,0.1111111111111111,2131.36,2131.36,1.0,0.0,20.0,0.0,1.0,1.0,37.0,1.0,21.0,3,3.0,1,1,1,1,1,61,61,160,0.1969,0.0,0.388,0.2723,T2,False,none
cc2d701e-0254-47c9-b957-4f5a10cb8111,1.0,0.1111111111111111,1.0,2015.68,2015.68,0.0,83,1,1.0,1.0,16.0,1.0,1.0,1.0,1.0,1.0,6.0,1.0,1.0,1.0,0.1111111111111111,2015.68,2015.68,1.0,0.0,10.0,0.0,1.0,1.0,30.0,2.0,92.0,3,3.0,1,1,1,1,1,49,49,119,0.2635,0.0,0.3946,0.1939,T2,False,none
1a0b9fa2-b2a9-47dd-989d-8ea3b1ff19d8,4.0,0.4444444444444444,4.0,8487.04,2121.76,2034.5544325478245,84,1,4.0,1.0,16.0,4.0,1.0,0.25,4.0,1.0,12.0,4.0,1.0,0.25,0.4444444444444444,2121.76,4199.29,0.49478852462106926,170.57222222222222,2.0,0.25,4.0,0.25,41.0,2.0,33.0,12,12.0,4,4,4,4,4,218,225,157,0.2333,0.0,0.3976,0.2695,T2,False,none
d3846734-17b0-40b9-be9d-2b7e85c15e40,4.0,0.4444444444444444,4.0,14487.49,3621.8725,305.03460113840634,69,1,4.0,1.0,20.0,4.0,1.0,0.25,4.0,1.0,19.0,4.0,1.0,0.25,0.4444444444444444,3621.8725,4073.13,0.2811480801712374,175.71555555555557,2.0,0.0,4.0,0.25,39.0,0.0,47.25,12,12.0,4,4,4,4,4,219,239,124,0.2408,0.0806,0.3579,0.2431,T2,False,none
6edfe292-f7d4-4c94-a621-77dd5d9ff0fc,0.0,0.0,0.0,0.0,0.0,0.0,19,0,0.0,0.0,0.0,0.0,0.0,0.0,0.0,0.0,0.0,0.0,0.0,0.0,0.0,0.0,0.0,0.0,0.0,0.0,0.0,0.0,0.0,0.0,0.0,0.0,0,0.0,0,0,0,0,0,0,0,1,0.0,0.0,0.0,0.0,T2,False,none
1143e90d-2bf8-4761-b5ab-328d66cfd259,14.0,1.5555555555555556,5.0,25196.26,1799.732857142857,1571.2375830850347,0,0,8.0,1.75,25.0,8.0,1.0,0.35714285714285715,8.0,1.75,19.0,8.0,1.0,0.2857142857142857,1.5555555555555556,1799.732857142857,4454.57,0.17679488940025226,164.69305555555556,0.0,0.14285714285714285,6.0,0.5714285714285714,46.0,1.0,43.857142857142854,22,42.0,8,8,6,8,8,346,415,124,0.2408,0.0806,0.3579,0.2431,T2,True,cluster_001
fe4fd3df-15f1-4089-85f9-a20753876bea,2.0,0.2222222222222222,2.0,1683.58,841.79,1089.5949812659749,63,0,2.0,1.0,14.0,2.0,1.0,0.5,2.0,1.0,10.0,2.0,1.0,0.5,0.2222222222222222,841.79,1612.25,0.9576319509616413,26.852777777777778,20.0,0.0,2.0,0.5,35.0,1.0,92.5,6,6.0,2,2,2,2,2,105,107,211,0.1668,0.0,0.5966,0.3124,T2,False,none
dc1bcdd0-fdfb-45a3-a3f0-d1dcde6dc907,2.0,0.2222222222222222,2.0,6137.13,3068.565,894.9638397443777,12,0,2.0,1.0,16.0,2.0,1.0,0.5,2.0,1.0,15.0,2.0,1.0,0.5,0.2222222222222222,3068.565,3701.4,0.6031157886503952,152.86277777777778,5.0,0.5,2.0,0.5,42.0,0.0,59.0,6,6.0,2,2,2,2,2,115,120,119,0.3255,0.0,0.3993,0.1775,T2,False,none
d23c00c7-47ba-4318-800c-9bffae72aca9,2.0,0.2222222222222222,2.0,2536.13,1268.065,290.147125524276,62,0,2.0,1.0,12.0,2.0,1.0,0.5,2.0,1.0,7.0,2.0,1.0,0.5,0.2222222222222222,1268.065,1473.23,0.5808968783145975,39.30277777777778,4.0,0.0,2.0,0.5,35.0,0.0,47.5,6,6.0,2,2,2,2,2,93,93,210,0.1869,0.0,0.5526,0.3216,T2,False,none
bb997167-b2f7-43a7-8016-8748b215e947,4.0,0.4444444444444444,4.0,7721.990000000001,1930.4975000000002,1664.3773746033883,84,1,4.0,1.0,24.0,4.0,1.0,0.25,4.0,1.0,13.0,4.0,1.0,0.25,0.4444444444444444,1930.4975000000002,4184.02,0.541831833504058,200.49194444444444,2.0,0.25,4.0,0.25,43.0,0.0,60.5,12,12.0,4,4,4,4,4,225,241,210,0.1869,0.0,0.5526,0.3216,T2,False,none
9db14b1b-a1ce-4455-a6e9-304fbd32a594,5.0,0.5555555555555556,4.0,10725.59,2145.118,1573.5468795908178,98,0,5.0,1.0,25.0,5.0,1.0,0.2,5.0,1.0,8.0,5.0,1.0,0.2,0.5555555555555556,2145.118,3999.21,0.37286620129988185,141.69194444444443,4.0,0.6,5.0,0.2,37.0,1.0,45.4,15,15.0,5,5,5,5,5,234,249,119,0.2635,0.0,0.3946,0.1939,T2,False,none
96b26f7a-7472-43f3-818b-6de69bb6487d,4.0,0.4444444444444444,3.0,10620.85,2655.2125,1244.9562005782905,64,1,4.0,1.0,18.0,4.0,1.0,0.25,4.0,1.0,13.0,4.0,1.0,0.25,0.4444444444444444,2655.2125,3714.06,0.34969517505661035,194.29222222222222,5.0,0.25,4.0,0.25,41.0,2.0,37.25,12,12.0,4,4,4,4,4,212,228,124,0.2408,0.0806,0.3579,0.2431,T2,False,none
d6a5b1a4-f956-44b2-86c5-681df9cdd26e,1.0,0.1111111111111111,1.0,4069.87,4069.87,0.0,98,0,1.0,1.0,17.0,1.0,1.0,1.0,1.0,1.0,11.0,1.0,1.0,1.0,0.1111111111111111,4069.87,4069.87,1.0,0.0,20.0,1.0,1.0,1.0,39.0,0.0,68.0,3,3.0,1,1,1,1,1,64,64,210,0.1869,0.0,0.5526,0.3216,T2,False,none
91c25c8f-20cd-48f7-a838-e9a24f94493b,2.0,0.2222222222222222,2.0,9038.630000000001,4519.3150000000005,135.00789773194674,17,1,2.0,1.0,15.0,2.0,1.0,0.5,2.0,1.0,18.0,2.0,1.0,0.5,0.2222222222222222,4519.3150000000005,4614.78,0.5105618882507635,56.43472222222222,2.0,0.5,2.0,0.5,38.0,0.0,52.5,6,6.0,2,2,2,2,2,114,117,210,0.1869,0.0,0.5526,0.3216,T2,False,none
e4925f99-daac-45b4-87af-5cb08283fbe6,3.0,0.3333333333333333,3.0,4934.41,1644.8033333333333,1975.391176079648,99,0,3.0,1.0,15.0,3.0,1.0,0.3333333333333333,3.0,1.0,12.0,3.0,1.0,0.3333333333333333,0.3333333333333333,1644.8033333333333,3891.55,0.7886555839502596,120.97805555555556,10.0,0.3333333333333333,3.0,0.3333333333333333,46.0,2.0,35.333333333333336,9,9.0,3,3,3,3,3,184,193,83,0.4146,0.0,0.3286,0.1462,T2,False,none
d3c637ed-fcc8-495e-9077-6a9db0ceefa5,3.0,0.3333333333333333,2.0,4907.09,1635.6966666666667,1326.5148168917424,44,1,3.0,1.0,18.0,3.0,1.0,0.3333333333333333,3.0,1.0,12.0,3.0,1.0,0.3333333333333333,0.3333333333333333,1635.6966666666667,3063.02,0.6242029390127346,86.86777777777777,0.0,0.6666666666666666,3.0,0.3333333333333333,41.0,2.0,53.666666666666664,9,9.0,3,3,3,3,3,165,173,157,0.2333,0.0,0.3976,0.2695,T2,False,none
9351cd34-4a33-4c24-915f-3b8e72c49332,8.0,0.8888888888888888,4.0,12724.140000000001,1590.5175000000002,1005.022105950909,95,0,8.0,1.0,17.0,8.0,1.0,0.125,8.0,1.0,11.0,8.0,1.0,0.125,0.8888888888888888,1590.5175000000002,2850.26,0.2240041370182975,162.43277777777777,0.0,0.375,8.0,0.125,46.0,0.0,44.875,24,24.0,8,8,8,8,8,385,436,119,0.3255,0.0,0.3993,0.1775,T2,False,none
b45a643c-d1e2-499e-98a7-03996da8e27b,2.0,0.2222222222222222,2.0,5403.91,2701.955,902.360176675589,49,1,2.0,1.0,13.0,2.0,1.0,0.5,2.0,1.0,14.0,2.0,1.0,0.5,0.2222222222222222,2701.955,3340.02,0.6180746903630889,99.97361111111111,14.0,0.0,2.0,0.5,44.0,1.0,80.0,6,6.0,2,2,2,2,2,119,122,157,0.2333,0.0,0.3976,0.2695,T2,False,none
208fbd55-d132-4ea0-9171-78c954a5fdb9,1.0,0.1111111111111111,1.0,461.76,461.76,0.0,78,1,1.0,1.0,19.0,1.0,1.0,1.0,1.0,1.0,8.0,1.0,1.0,1.0,0.1111111111111111,461.76,461.76,1.0,0.0,0.0,0.0,1.0,1.0,37.0,0.0,49.0,3,3.0,1,1,1,1,1,61,61,75,0.4631,0.0,0.2745,0.1623,T2,False,none
24ca3424-a7ea-461f-9d0d-b9ef8e3a5a4a,1.0,0.1111111111111111,1.0,1740.25,1740.25,0.0,86,1,1.0,1.0,15.0,1.0,1.0,1.0,1.0,1.0,5.0,1.0,1.0,1.0,0.1111111111111111,1740.25,1740.25,1.0,0.0,2.0,0.0,1.0,1.0,35.0,1.0,95.0,3,3.0,1,1,1,1,1,52,52,210,0.1869,0.0,0.5526,0.3216,T2,False,none
bc77d311-5093-4c47-98a9-1115af54b617,3.0,0.3333333333333333,3.0,2711.26,903.7533333333334,1025.8277080647283,64,0,3.0,1.0,15.0,3.0,1.0,0.3333333333333333,3.0,1.0,5.0,3.0,1.0,0.3333333333333333,0.3333333333333333,903.7533333333334,2082.79,0.7682000250805897,67.5675,1.0,0.6666666666666666,3.0,0.3333333333333333,37.0,3.0,68.66666666666667,9,9.0,3,3,3,3,3,144,146,211,0.1668,0.0,0.5966,0.3124,T2,False,none
7502a8a2-05ff-4b44-a9ef-709fd230c5e8,2.0,0.2222222222222222,2.0,4184.02,2092.01,2950.4596130433647,61,1,2.0,1.0,14.0,2.0,1.0,0.5,2.0,1.0,10.0,2.0,1.0,0.5,0.2222222222222222,2092.01,4178.3,0.9986328937242174,99.00944444444444,16.0,0.5,2.0,0.5,26.0,2.0,70.5,6,6.0,2,2,2,2,2,85,86,119,0.2253,0.0,0.3893,0.1815,T2,False,none
ce1ce6b3-fd06-4257-a413-a00acc042d73,3.0,0.3333333333333333,3.0,6874.360000000001,2291.4533333333334,2386.512338650972,22,1,3.0,1.0,18.0,3.0,1.0,0.3333333333333333,3.0,1.0,7.0,3.0,1.0,0.3333333333333333,0.3333333333333333,2291.4533333333334,4880.46,0.7099511809099319,107.5825,10.0,0.3333333333333333,3.0,0.3333333333333333,42.0,0.0,64.33333333333333,9,9.0,3,3,3,3,3,160,164,157,0.2333,0.0,0.3976,0.2695,T2,False,none
4de93d3b-2884-4424-960a-fdaee5da7b1f,2.0,0.2222222222222222,2.0,1395.35,697.675,83.77094036717018,77,1,2.0,1.0,19.0,2.0,1.0,0.5,2.0,1.0,11.0,2.0,1.0,0.5,0.2222222222222222,697.675,756.91,0.5424517146235711,22.865,6.0,1.0,2.0,0.5,33.0,2.0,77.0,6,6.0,2,2,2,2,2,111,114,136,0.2576,0.0,0.4342,0.2507,T2,False,none
cebd0d12-093f-4b30-8cda-9bce483204ac,2.0,0.2222222222222222,2.0,6678.049999999999,3339.0249999999996,1888.80242070207,61,1,2.0,1.0,14.0,2.0,1.0,0.5,2.0,1.0,8.0,2.0,1.0,0.5,0.2222222222222222,3339.0249999999996,4674.61,0.6999962563922103,187.7163888888889,1.0,0.0,2.0,0.5,30.0,1.0,28.0,6,6.0,2,2,2,2,2,90,91,119,0.2253,0.0,0.3893,0.1815,T2,False,none
4b5fed18-be29-40ef-94e4-c84a453d32c3,4.0,0.4444444444444444,4.0,9460.59,2365.1475,1669.62250502671,61,1,4.0,1.0,21.0,4.0,1.0,0.25,4.0,1.0,10.0,4.0,1.0,0.25,0.4444444444444444,2365.1475,3889.2,0.41109486829045544,201.57194444444445,11.0,0.5,4.0,0.25,41.0,0.0,72.25,12,12.0,4,4,4,4,4,208,215,211,0.1668,0.0,0.5966,0.3124,T2,False,none
f24f6e7f-a08d-4755-8f0e-fe3aa5ffb975,1.0,0.1111111111111111,1.0,4687.05,4687.05,0.0,77,0,1.0,1.0,20.0,1.0,1.0,1.0,1.0,1.0,13.0,1.0,1.0,1.0,0.1111111111111111,4687.05,4687.05,1.0,0.0,16.0,0.0,1.0,1.0,22.0,0.0,85.0,3,3.0,1,1,1,1,1,51,52,160,0.1969,0.0,0.388,0.2723,T2,False,none
c7abb14e-c9a0-46d4-a510-34d0ab99c63f,2.0,0.2222222222222222,2.0,5528.759999999999,2764.3799999999997,2535.3030796731186,64,0,2.0,1.0,18.0,2.0,1.0,0.5,2.0,1.0,10.0,2.0,1.0,0.5,0.2222222222222222,2764.3799999999997,4557.11,0.8242553483963855,68.29611111111112,14.0,0.0,2.0,0.5,34.0,0.0,47.5,6,6.0,2,2,2,2,2,108,110,119,0.3255,0.0,0.3993,0.1775,T2,False,none
de8d1c12-b6ff-4372-8335-bc0012a317eb,4.0,0.4444444444444444,3.0,10192.380000000001,2548.0950000000003,1260.192817852358,87,0,4.0,1.0,16.0,4.0,1.0,0.25,4.0,1.0,11.0,4.0,1.0,0.25,0.4444444444444444,2548.0950000000003,3846.06,0.37734660599388953,151.44694444444445,7.0,0.5,4.0,0.25,43.0,2.0,55.0,12,12.0,4,4,4,4,4,201,215,119,0.2253,0.0,0.3893,0.1815,T2,False,none
f83ee271-c28f-4c84-874c-d9eb6a5951eb,3.0,0.3333333333333333,3.0,11209.789999999999,3736.5966666666664,1425.1460501412944,68,1,3.0,1.0,17.0,3.0,1.0,0.3333333333333333,3.0,1.0,9.0,3.0,1.0,0.3333333333333333,0.3333333333333333,3736.5966666666664,4906.98,0.4377405821161681,166.61222222222221,9.0,0.3333333333333333,3.0,0.3333333333333333,33.0,3.0,58.0,9,9.0,3,3,3,3,3,148,154,124,0.2408,0.0806,0.3579,0.2431,T2,False,none
d08382de-6ef3-4d41-9cd3-56652a329637,4.0,0.4444444444444444,4.0,9371.72,2342.93,2004.7017803487215,18,1,4.0,1.0,23.0,4.0,1.0,0.25,4.0,1.0,11.0,4.0,1.0,0.25,0.4444444444444444,2342.93,4072.32,0.43453282855228287,138.74833333333333,11.0,0.25,4.0,0.25,42.0,0.0,69.25,12,12.0,4,4,4,4,4,221,235,69,0.4288,0.0,0.2614,0.1292,T2,False,none
ab66db08-c63f-437f-a1cf-172ecf8605b9,2.0,0.2222222222222222,2.0,6910.43,3455.215,632.2171019910804,83,0,2.0,1.0,17.0,2.0,1.0,0.5,2.0,1.0,12.0,2.0,1.0,0.5,0.2222222222222222,3455.215,3902.26,0.564691343375159,142.9663888888889,4.0,0.0,2.0,0.5,39.0,1.0,64.0,6,6.0,2,2,2,2,2,107,107,112,0.2905,0.0,0.3574,0.1777,T2,False,none
f266105f-b273-4c8b-9d5b-45707ba7fbfb,1.0,0.1111111111111111,1.0,4254.29,4254.29,0.0,89,0,1.0,1.0,12.0,1.0,1.0,1.0,1.0,1.0,14.0,1.0,1.0,1.0,0.1111111111111111,4254.29,4254.29,1.0,0.0,14.0,1.0,1.0,1.0,29.0,3.0,60.0,3,3.0,1,1,1,1,1,51,52,157,0.2333,0.0,0.3976,0.2695,T2,False,none
d396ee2c-815e-4e38-ad4b-cd1c6a1c91ce,3.0,0.3333333333333333,2.0,4798.47,1599.49,932.7756972069973,77,0,3.0,1.0,14.0,3.0,1.0,0.3333333333333333,3.0,1.0,11.0,3.0,1.0,0.3333333333333333,0.3333333333333333,1599.49,2363.77,0.4926091024847503,52.74944444444444,16.0,0.6666666666666666,3.0,0.3333333333333333,38.0,2.0,48.333333333333336,9,9.0,3,3,3,3,3,154,163,211,0.1668,0.0,0.5966,0.3124,T2,False,none
fc7a7c17-df9a-4404-a6e4-a554998581f3,1.0,0.1111111111111111,1.0,400.14,400.14,0.0,14,0,1.0,1.0,14.0,1.0,1.0,1.0,1.0,1.0,8.0,1.0,1.0,1.0,0.1111111111111111,400.14,400.14,1.0,0.0,18.0,0.0,1.0,1.0,33.0,2.0,75.0,3,3.0,1,1,1,1,1,52,52,112,0.2905,0.0,0.3574,0.1777,T2,False,none
83c46b2a-357e-4378-b25b-5500c1693f88,2.0,0.2222222222222222,2.0,1089.12,544.56,361.92553488252247,60,0,2.0,1.0,14.0,2.0,1.0,0.5,2.0,1.0,10.0,2.0,1.0,0.5,0.2222222222222222,544.56,800.48,0.7349786983987073,104.58694444444444,7.0,0.0,2.0,0.5,36.0,0.0,44.0,6,6.0,2,2,2,2,2,103,106,119,0.2253,0.0,0.3893,0.1815,T2,False,none
fb7d792d-feac-47f6-b57a-18ff84fcf422,7.0,0.7777777777777778,7.0,13680.949999999999,1954.4214285714284,1366.0707657173618,33,0,7.0,1.0,21.0,7.0,1.0,0.14285714285714285,7.0,1.0,11.0,7.0,1.0,0.14285714285714285,0.7777777777777778,1954.4214285714284,4491.65,0.32831418870765555,218.76777777777778,1.0,0.2857142857142857,7.0,0.14285714285714285,38.0,3.0,77.14285714285714,21,21.0,7,7,7,7,7,327,359,211,0.1668,0.0,0.5966,0.3124,T2,False,none
70604241-2a9d-48d1-aca2-7c6ac4030c6d,1.0,0.1111111111111111,1.0,3787.93,3787.93,0.0,56,1,1.0,1.0,10.0,1.0,1.0,1.0,1.0,1.0,8.0,1.0,1.0,1.0,0.1111111111111111,3787.93,3787.93,1.0,0.0,16.0,0.0,1.0,1.0,42.0,1.0,97.0,3,3.0,1,1,1,1,1,57,57,157,0.2333,0.0,0.3976,0.2695,T2,False,none
ef4a1304-f648-48ea-b763-e8c2af329b57,1.0,0.1111111111111111,1.0,2997.63,2997.63,0.0,79,0,1.0,1.0,15.0,1.0,1.0,1.0,1.0,1.0,10.0,1.0,1.0,1.0,0.1111111111111111,2997.63,2997.63,1.0,0.0,1.0,0.0,1.0,1.0,32.0,0.0,79.0,3,3.0,1,1,1,1,1,54,54,160,0.1969,0.0,0.388,0.2723,T2,False,none
2fa1bdbb-6df4-4a6a-a58f-d1c4c02f5867,2.0,0.2222222222222222,2.0,3188.75,1594.375,277.50405627666044,64,0,2.0,1.0,18.0,2.0,1.0,0.5,2.0,1.0,10.0,2.0,1.0,0.5,0.2222222222222222,1594.375,1790.6,0.5615366522932184,180.8852777777778,5.0,0.0,2.0,0.5,42.0,0.0,56.5,6,6.0,2,2,2,2,2,109,113,157,0.2333,0.0,0.3976,0.2695,T2,False,none
0e84c5d6-9ad3-4da6-8210-53209db34ecf,3.0,0.3333333333333333,3.0,6659.81,2219.936666666667,1084.6168469249099,28,0,3.0,1.0,21.0,3.0,1.0,0.3333333333333333,3.0,1.0,12.0,3.0,1.0,0.3333333333333333,0.3333333333333333,2219.936666666667,3346.06,0.5024257448786076,139.54555555555555,3.0,0.0,3.0,0.3333333333333333,36.0,3.0,49.0,9,9.0,3,3,3,3,3,168,174,211,0.1668,0.0,0.5966,0.3124,T2,False,none
c73bc735-d9eb-44cc-b760-f0e614572852,1.0,0.1111111111111111,1.0,4804.61,4804.61,0.0,83,1,1.0,1.0,13.0,1.0,1.0,1.0,1.0,1.0,6.0,1.0,1.0,1.0,0.1111111111111111,4804.61,4804.61,1.0,0.0,9.0,0.0,1.0,1.0,30.0,2.0,45.0,3,3.0,1,1,1,1,1,45,46,119,0.2635,0.0,0.3946,0.1939,T2,False,none
ccdd67fe-45d6-42c9-9902-52abddadfe2c,3.0,0.3333333333333333,3.0,11355.92,3785.306666666667,761.6084246732917,45,1,3.0,1.0,13.0,3.0,1.0,0.3333333333333333,3.0,1.0,8.0,3.0,1.0,0.3333333333333333,0.3333333333333333,3785.306666666667,4663.16,0.41063691889340537,160.0075,0.0,0.0,3.0,0.3333333333333333,38.0,3.0,70.0,9,9.0,3,3,3,3,3,132,139,119,0.3255,0.0,0.3993,0.1775,T2,False,none
88060f16-7397-47d8-bf9b-43f8c54c1853,4.0,0.4444444444444444,4.0,7208.88,1802.22,909.698872264883,21,0,4.0,1.0,15.0,4.0,1.0,0.25,4.0,1.0,13.0,4.0,1.0,0.25,0.4444444444444444,1802.22,2484.19,0.3446013805195814,99.86222222222223,1.0,0.5,4.0,0.25,46.0,3.0,47.5,12,12.0,4,4,4,4,4,204,213,83,0.4146,0.0,0.3286,0.1462,T2,False,none
395761ce-af7a-43a2-a17f-6ec01e313090,3.0,0.3333333333333333,3.0,4026.8199999999997,1342.2733333333333,962.167442045995,36,0,3.0,1.0,15.0,3.0,1.0,0.3333333333333333,3.0,1.0,13.0,3.0,1.0,0.3333333333333333,0.3333333333333333,1342.2733333333333,2429.66,0.603369408118565,139.55055555555555,8.0,0.0,3.0,0.3333333333333333,33.0,1.0,31.666666666666668,9,9.0,3,3,3,3,3,142,150,210,0.1869,0.0,0.5526,0.3216,T2,False,none
47824519-e23d-4940-ab23-16aa9060aef8,6.0,0.6666666666666666,5.0,11378.27,1896.3783333333333,1759.4994238864265,10,0,6.0,1.0,20.0,6.0,1.0,0.16666666666666666,6.0,1.0,10.0,6.0,1.0,0.16666666666666666,0.6666666666666666,1896.3783333333333,4383.05,0.38521233895838297,155.73916666666668,7.0,0.16666666666666666,6.0,0.16666666666666666,38.0,2.0,72.16666666666667,18,18.0,6,6,6,6,6,285,307,211,0.1668,0.0,0.5966,0.3124,T2,False,none
5f77447b-120d-4351-a014-5aa218c04301,6.0,0.6666666666666666,5.0,20221.43,3370.2383333333332,1226.8770703280206,70,0,6.0,1.0,19.0,6.0,1.0,0.16666666666666666,6.0,1.0,11.0,6.0,1.0,0.16666666666666666,0.6666666666666666,3370.2383333333332,4218.96,0.20863806367798915,142.99194444444444,14.0,0.16666666666666666,6.0,0.16666666666666666,44.0,3.0,55.5,18,18.0,6,6,6,6,6,300,334,119,0.2635,0.0,0.3946,0.1939,T2,False,none
0f1fe829-1c62-4a66-9669-028eb3a92ca8,8.0,0.8888888888888888,5.0,9339.69,1167.46125,675.3133855464545,0,0,5.0,1.6,27.0,5.0,1.0,0.25,4.0,2.0,19.0,4.0,1.0,0.5,0.8888888888888888,1167.46125,1952.85,0.20909152230962696,199.20305555555555,11.0,0.0,3.0,0.75,41.0,1.0,36.75,12,24.0,5,4,3,5,4,204,260,124,0.2408,0.0806,0.3579,0.2431,T2,True,cluster_001
63fb9801-3c11-418e-b24d-516e334dff35,6.0,0.6666666666666666,5.0,9862.71,1643.7849999999999,768.2498042368771,32,0,6.0,1.0,20.0,6.0,1.0,0.16666666666666666,6.0,1.0,12.0,6.0,1.0,0.16666666666666666,0.6666666666666666,1643.7849999999999,2330.46,0.23629002576371,147.9638888888889,23.0,0.3333333333333333,6.0,0.16666666666666666,37.0,2.0,68.66666666666667,18,18.0,6,6,6,6,6,280,303,136,0.2576,0.0,0.4342,0.2507,T2,False,none
62f5eb09-5e1a-44a1-9e7c-43f73c849381,4.0,0.4444444444444444,4.0,13929.27,3482.3175,984.09728409255,53,1,4.0,1.0,17.0,4.0,1.0,0.25,4.0,1.0,11.0,4.0,1.0,0.25,0.4444444444444444,3482.3175,4409.8,0.3165851476782344,130.4686111111111,4.0,0.25,4.0,0.25,44.0,0.0,51.25,12,12.0,4,4,4,4,4,209,220,160,0.1969,0.0,0.388,0.2723,T2,False,none
90f7f1d5-70ac-4d00-90fb-65499e63be78,2.0,0.2222222222222222,2.0,8558.369999999999,4279.1849999999995,108.83080469242239,90,0,2.0,1.0,17.0,2.0,1.0,0.5,2.0,1.0,8.0,2.0,1.0,0.5,0.2222222222222222,4279.1849999999995,4356.14,0.5089917823136884,163.9427777777778,4.0,0.0,2.0,0.5,39.0,1.0,40.0,6,6.0,2,2,2,2,2,103,104,119,0.2253,0.0,0.3893,0.1815,T2,False,none
d41257c7-edab-4ced-8d0a-6bdb8d3c6494,2.0,0.2222222222222222,2.0,3759.58,1879.79,999.0853132740967,57,1,2.0,1.0,17.0,2.0,1.0,0.5,2.0,1.0,10.0,2.0,1.0,0.5,0.2222222222222222,1879.79,2586.25,0.6879092877395879,51.37694444444445,12.0,0.5,2.0,0.5,36.0,0.0,31.5,6,6.0,2,2,2,2,2,113,114,119,0.2253,0.0,0.3893,0.1815,T2,False,none
20140685-e026-4988-b22b-179e097255f3,5.0,0.5555555555555556,4.0,14995.919999999998,2999.1839999999997,1783.390243757658,69,1,5.0,1.0,19.0,5.0,1.0,0.2,5.0,1.0,9.0,5.0,1.0,0.2,0.5555555555555556,2999.1839999999997,4682.36,0.3122422632289316,81.62722222222222,17.0,0.4,5.0,0.2,40.0,0.0,52.8,15,15.0,5,5,5,5,5,255,280,80,0.3873,0.0,0.2639,0.1532,T2,False,none
bff91279-6f75-4955-91c5-d0288ef3cf12,3.0,0.3333333333333333,3.0,9716.38,3238.793333333333,365.06391623020386,27,0,3.0,1.0,19.0,3.0,1.0,0.3333333333333333,3.0,1.0,10.0,3.0,1.0,0.3333333333333333,0.3333333333333333,3238.793333333333,3612.66,0.3718113124435232,204.23194444444445,5.0,0.0,3.0,0.3333333333333333,33.0,0.0,54.0,9,9.0,3,3,3,3,3,148,154,75,0.4631,0.0,0.2745,0.1623,T2,False,none
6f79c0cb-bf7f-4b88-8d39-434dbfe06223,0.0,0.0,0.0,0.0,0.0,0.0,45,0,0.0,0.0,0.0,0.0,0.0,0.0,0.0,0.0,0.0,0.0,0.0,0.0,0.0,0.0,0.0,0.0,0.0,0.0,0.0,0.0,0.0,0.0,0.0,0.0,0,0.0,0,0,0,0,0,0,0,1,0.0,0.0,0.0,0.0,T2,False,none
78155979-1089-485a-ab6f-3b028497e4e1,2.0,0.2222222222222222,2.0,9176.01,4588.005,397.0616708396825,14,1,2.0,1.0,20.0,2.0,1.0,0.5,2.0,1.0,6.0,2.0,1.0,0.5,0.2222222222222222,4588.005,4868.77,0.5305977216676966,77.09833333333333,0.0,0.5,2.0,0.5,36.0,0.0,60.0,6,6.0,2,2,2,2,2,103,104,160,0.1969,0.0,0.388,0.2723,T2,False,none
b539d1e0-d621-491a-83fd-c4f271768c5f,5.0,0.5555555555555556,5.0,13568.27,2713.654,1997.554943106697,99,0,5.0,1.0,27.0,5.0,1.0,0.2,5.0,1.0,12.0,5.0,1.0,0.2,0.5555555555555556,2713.654,4808.51,0.35439374363865106,100.43111111111111,2.0,0.4,5.0,0.2,47.0,0.0,63.4,15,15.0,5,5,5,5,5,297,314,80,0.4937,0.0,0.285,0.1235,T2,False,none
4ea5bafd-4600-4ef5-bf01-f47ed40118fa,1.0,0.1111111111111111,1.0,2403.82,2403.82,0.0,48,1,1.0,1.0,14.0,1.0,1.0,1.0,1.0,1.0,7.0,1.0,1.0,1.0,0.1111111111111111,2403.82,2403.82,1.0,0.0,11.0,0.0,1.0,1.0,29.0,2.0,15.0,3,3.0,1,1,1,1,1,47,47,124,0.2408,0.0806,0.3579,0.2431,T2,False,none
2f327e52-bde4-4e45-b5d5-e4491575c1f6,4.0,0.4444444444444444,4.0,12954.49,3238.6225,1392.640678384653,29,1,4.0,1.0,16.0,4.0,1.0,0.25,4.0,1.0,9.0,4.0,1.0,0.25,0.4444444444444444,3238.6225,4957.45,0.3826819890246548,199.0311111111111,4.0,0.5,4.0,0.25,44.0,0.0,66.5,12,12.0,4,4,4,4,4,215,226,119,0.3255,0.0,0.3993,0.1775,T2,False,none
dcc6b724-7ba0-4bac-9b42-d2a9be7b8fcf,1.0,0.1111111111111111,1.0,3445.56,3445.56,0.0,68,0,1.0,1.0,14.0,1.0,1.0,1.0,1.0,1.0,2.0,1.0,1.0,1.0,0.1111111111111111,3445.56,3445.56,1.0,0.0,3.0,1.0,1.0,1.0,31.0,0.0,98.0,3,3.0,1,1,1,1,1,43,44,157,0.2333,0.0,0.3976,0.2695,T2,False,none
114f6bc0-b283-4933-8bc0-aedf9d0d102f,4.0,0.4444444444444444,3.0,11776.0,2944.0,1764.9036652652364,98,1,4.0,1.0,20.0,4.0,1.0,0.25,4.0,1.0,6.0,4.0,1.0,0.25,0.4444444444444444,2944.0,4787.46,0.4065438179347826,207.46583333333334,2.0,0.0,4.0,0.25,38.0,3.0,39.75,12,12.0,4,4,4,4,4,209,218,210,0.1869,0.0,0.5526,0.3216,T2,False,none
46b337bd-dab7-40d0-aea6-bc309c90c66b,6.0,0.6666666666666666,3.0,19077.53,3179.588333333333,1964.700376580782,99,1,6.0,1.0,19.0,6.0,1.0,0.16666666666666666,6.0,1.0,11.0,6.0,1.0,0.16666666666666666,0.6666666666666666,3179.588333333333,4684.45,0.24554803478228052,135.03833333333333,15.0,0.16666666666666666,6.0,0.16666666666666666,41.0,3.0,36.333333333333336,18,18.0,6,6,6,6,6,269,299,124,0.2408,0.0806,0.3579,0.2431,T2,False,none
6b939864-a43f-490f-a891-a819356f7a0f,2.0,0.2222222222222222,2.0,5527.3,2763.65,256.94846214756774,42,0,2.0,1.0,18.0,2.0,1.0,0.5,2.0,1.0,8.0,2.0,1.0,0.5,0.2222222222222222,2763.65,2945.34,0.5328713838583033,36.21472222222222,10.0,0.0,2.0,0.5,32.0,2.0,62.0,6,6.0,2,2,2,2,2,96,97,211,0.1668,0.0,0.5966,0.3124,T2,False,none
7d46607d-461c-48c1-b025-bb701daa3003,6.0,0.6666666666666666,5.0,8091.97,1348.6616666666666,712.1738069156057,62,1,6.0,1.0,19.0,6.0,1.0,0.16666666666666666,6.0,1.0,11.0,6.0,1.0,0.16666666666666666,0.6666666666666666,1348.6616666666666,2267.33,0.28019505756941754,123.38277777777778,3.0,0.5,6.0,0.16666666666666666,41.0,3.0,44.333333333333336,18,18.0,6,6,6,6,6,307,341,124,0.2408,0.0806,0.3579,0.2431,T2,False,none
98656692-01de-4a1c-a8c7-1f6c5ee570e7,2.0,0.2222222222222222,2.0,5311.99,2655.995,410.60983676721617,37,0,2.0,1.0,19.0,2.0,1.0,0.5,2.0,1.0,12.0,2.0,1.0,0.5,0.2222222222222222,2655.995,2946.34,0.5546584236792615,90.6225,16.0,0.0,2.0,0.5,33.0,3.0,81.5,6,6.0,2,2,2,2,2,114,116,136,0.2576,0.0,0.4342,0.2507,T2,False,none
08f61cf6-ae07-4631-84af-6ba8532a2806,2.0,0.2222222222222222,2.0,4815.650000000001,2407.8250000000003,2361.3760247046635,73,1,2.0,1.0,19.0,2.0,1.0,0.5,2.0,1.0,6.0,2.0,1.0,0.5,0.2222222222222222,2407.8250000000003,4077.57,0.8467330474598445,123.00555555555556,7.0,0.5,2.0,0.5,29.0,1.0,30.0,6,6.0,2,2,2,2,2,84,84,157,0.2333,0.0,0.3976,0.2695,T2,False,none
0a59744e-78ac-4f5b-9833-b76d25eeffe9,3.0,0.3333333333333333,3.0,7223.51,2407.8366666666666,1561.8250817019598,86,0,3.0,1.0,14.0,3.0,1.0,0.3333333333333333,3.0,1.0,7.0,3.0,1.0,0.3333333333333333,0.3333333333333333,2407.8366666666666,4081.42,0.5650189450834844,132.5377777777778,1.0,0.3333333333333333,3.0,0.3333333333333333,41.0,0.0,45.333333333333336,9,9.0,3,3,3,3,3,150,154,210,0.1869,0.0,0.5526,0.3216,T2,False,none
cfa77370-8e2b-4b2d-89d7-418ad9d44573,5.0,0.5555555555555556,4.0,12162.66,2432.532,1102.5475734724557,83,0,5.0,1.0,18.0,5.0,1.0,0.2,5.0,1.0,10.0,5.0,1.0,0.2,0.5555555555555556,2432.532,3479.52,0.28608215637039924,175.5222222222222,5.0,0.0,5.0,0.2,37.0,1.0,40.2,15,15.0,5,5,5,5,5,239,255,211,0.1668,0.0,0.5966,0.3124,T2,False,none
5230d598-e69e-4b2b-ae16-aeb26bdc7323,3.0,0.3333333333333333,2.0,7153.34,2384.4466666666667,1440.8188567732354,16,1,3.0,1.0,15.0,3.0,1.0,0.3333333333333333,3.0,1.0,11.0,3.0,1.0,0.3333333333333333,0.3333333333333333,2384.4466666666667,4047.95,0.56588251082711,107.6588888888889,6.0,0.0,3.0,0.3333333333333333,43.0,1.0,79.0,9,9.0,3,3,3,3,3,159,165,157,0.2333,0.0,0.3976,0.2695,T2,False,none
c8bb1638-4e43-4026-a2f5-fb1d02482ea9,3.0,0.3333333333333333,3.0,3098.13,1032.71,428.61385838537694,60,1,3.0,1.0,13.0,3.0,1.0,0.3333333333333333,3.0,1.0,9.0,3.0,1.0,0.3333333333333333,0.3333333333333333,1032.71,1513.31,0.48845916730414796,215.79694444444445,2.0,0.0,3.0,0.3333333333333333,39.0,0.0,49.666666666666664,9,9.0,3,3,3,3,3,152,157,112,0.2905,0.0,0.3574,0.1777,T2,False,none
1ba4e442-647f-4f04-aaab-461b55b9d36d,2.0,0.2222222222222222,2.0,3452.57,1726.285,650.9130052856527,54,1,2.0,1.0,16.0,2.0,1.0,0.5,2.0,1.0,8.0,2.0,1.0,0.5,0.2222222222222222,1726.285,2186.55,0.6333108380134219,33.604166666666664,9.0,0.5,2.0,0.5,34.0,0.0,36.5,6,6.0,2,2,2,2,2,99,102,119,0.3255,0.0,0.3993,0.1775,T2,False,none
01b8169c-e85c-4a3e-bf11-5cb9e9adb968,5.0,0.5555555555555556,3.0,9728.76,1945.752,1326.4763894506377,12,0,5.0,1.0,15.0,5.0,1.0,0.2,5.0,1.0,10.0,5.0,1.0,0.2,0.5555555555555556,1945.752,3654.68,0.37565732940271934,158.51194444444445,7.0,0.4,5.0,0.2,42.0,0.0,54.6,15,15.0,5,5,5,5,5,245,264,157,0.2333,0.0,0.3976,0.2695,T2,False,none
8eecbc61-1152-4c44-8de8-325fdcad79a8,3.0,0.3333333333333333,2.0,6328.42,2109.4733333333334,1311.3013954211035,10,0,3.0,1.0,14.0,3.0,1.0,0.3333333333333333,3.0,1.0,7.0,3.0,1.0,0.3333333333333333,0.3333333333333333,2109.4733333333334,2926.15,0.46238239560585426,180.86194444444445,1.0,0.0,3.0,0.3333333333333333,39.0,1.0,67.0,9,9.0,3,3,3,3,3,151,156,112,0.2905,0.0,0.3574,0.1777,T2,False,none
be48bbd6-35c6-48f0-9899-31a00b331aeb,2.0,0.2222222222222222,2.0,6944.33,3472.165,643.1772570994718,40,0,2.0,1.0,13.0,2.0,1.0,0.5,2.0,1.0,7.0,2.0,1.0,0.5,0.2222222222222222,3472.165,3926.96,0.5654915593008973,57.336666666666666,6.0,0.5,2.0,0.5,42.0,1.0,71.0,6,6.0,2,2,2,2,2,99,103,119,0.2635,0.0,0.3946,0.1939,T2,False,none
3b9fe055-f84b-4cc6-8e3c-2513cd17e0bd,5.0,0.5555555555555556,5.0,17435.28,3487.0559999999996,1053.25016991691,27,1,5.0,1.0,27.0,5.0,1.0,0.2,5.0,1.0,7.0,5.0,1.0,0.2,0.5555555555555556,3487.0559999999996,4632.69,0.26570780624113866,220.32555555555555,9.0,0.2,5.0,0.2,40.0,1.0,64.6,15,15.0,5,5,5,5,5,257,275,124,0.2408,0.0806,0.3579,0.2431,T2,False,none
33d7679b-8584-481f-b61e-a4f893fcf4aa,2.0,0.2222222222222222,2.0,8281.71,4140.855,134.8947606469575,79,1,2.0,1.0,18.0,2.0,1.0,0.5,2.0,1.0,6.0,2.0,1.0,0.5,0.2222222222222222,4140.855,4236.24,0.5115175489120001,68.70416666666667,5.0,0.0,2.0,0.5,33.0,1.0,26.0,6,6.0,2,2,2,2,2,97,100,160,0.1969,0.0,0.388,0.2723,T2,False,none
32e5b46d-5ba3-4297-8ad2-8a1c5308ad33,1.0,0.1111111111111111,1.0,126.66,126.66,0.0,37,0,1.0,1.0,15.0,1.0,1.0,1.0,1.0,1.0,8.0,1.0,1.0,1.0,0.1111111111111111,126.66,126.66,1.0,0.0,19.0,0.0,1.0,1.0,30.0,3.0,33.0,3,3.0,1,1,1,1,1,50,50,80,0.4937,0.0,0.285,0.1235,T2,False,none
9f437a10-d5c2-4874-abc3-b1d09ab1b858,3.0,0.3333333333333333,3.0,9926.16,3308.72,1157.962263288403,83,0,3.0,1.0,20.0,3.0,1.0,0.3333333333333333,3.0,1.0,10.0,3.0,1.0,0.3333333333333333,0.3333333333333333,3308.72,4391.64,0.4424309098382456,167.0572222222222,3.0,0.0,3.0,0.3333333333333333,38.0,0.0,65.0,9,9.0,3,3,3,3,3,146,155,119,0.2253,0.0,0.3893,0.1815,T2,False,none
044af1ab-5025-44e3-ba80-4a267129ee06,3.0,0.3333333333333333,3.0,5235.8,1745.2666666666667,2067.816740292363,68,0,3.0,1.0,27.0,3.0,1.0,0.3333333333333333,3.0,1.0,9.0,3.0,1.0,0.3333333333333333,0.3333333333333333,1745.2666666666667,4132.8,0.7893349631383934,179.81,9.0,0.0,3.0,0.3333333333333333,37.0,3.0,83.33333333333333,9,9.0,3,3,3,3,3,167,172,80,0.4937,0.0,0.285,0.1235,T2,False,none
a72bcbb1-4300-4f06-8255-0018e74fa04b,1.0,0.1111111111111111,1.0,2177.61,2177.61,0.0,57,0,1.0,1.0,13.0,1.0,1.0,1.0,1.0,1.0,7.0,1.0,1.0,1.0,0.1111111111111111,2177.61,2177.61,1.0,0.0,2.0,0.0,1.0,1.0,36.0,2.0,66.0,3,3.0,1,1,1,1,1,53,53,211,0.1668,0.0,0.5966,0.3124,T2,False,none
fffd1e0a-c1fe-465f-87a1-0d31b7a915e0,2.0,0.2222222222222222,2.0,9148.67,4574.335,139.13740133407728,47,1,2.0,1.0,21.0,2.0,1.0,0.5,2.0,1.0,10.0,2.0,1.0,0.5,0.2222222222222222,4574.335,4672.72,0.5107540221693426,113.62833333333333,4.0,0.0,2.0,0.5,36.0,0.0,84.0,6,6.0,2,2,2,2,2,109,110,124,0.2408,0.0806,0.3579,0.2431,T2,False,none
d5ce966d-e2a2-47df-aea4-94873d0b9f53,4.0,0.4444444444444444,2.0,13323.42,3330.855,1158.8573203663457,79,1,4.0,1.0,15.0,4.0,1.0,0.25,4.0,1.0,10.0,4.0,1.0,0.25,0.4444444444444444,3330.855,4781.97,0.35891460300733596,147.32611111111112,13.0,0.0,4.0,0.25,38.0,2.0,51.75,12,12.0,4,4,4,4,4,182,191,119,0.2253,0.0,0.3893,0.1815,T2,False,none
d272104e-b0e3-468d-8acf-062000740805,3.0,0.3333333333333333,3.0,6517.01,2172.3366666666666,1339.3956703055796,37,1,3.0,1.0,19.0,3.0,1.0,0.3333333333333333,3.0,1.0,12.0,3.0,1.0,0.3333333333333333,0.3333333333333333,2172.3366666666666,3276.04,0.502690651080787,233.20055555555555,1.0,0.3333333333333333,3.0,0.3333333333333333,38.0,1.0,64.66666666666667,9,9.0,3,3,3,3,3,164,172,210,0.1869,0.0,0.5526,0.3216,T2,False,none
cb46df6e-5958-43a5-b9df-a35b49716303,3.0,0.3333333333333333,3.0,6315.81,2105.27,1357.9762506023442,74,1,3.0,1.0,17.0,3.0,1.0,0.3333333333333333,3.0,1.0,10.0,3.0,1.0,0.3333333333333333,0.3333333333333333,2105.27,3635.55,0.5756268792126426,216.91416666666666,0.0,0.3333333333333333,3.0,0.3333333333333333,42.0,3.0,45.666666666666664,9,9.0,3,3,3,3,3,152,158,157,0.2333,0.0,0.3976,0.2695,T2,False,none
9af01227-f532-4be1-b9db-af95405650e3,3.0,0.3333333333333333,3.0,4672.2,1557.3999999999999,1567.4990378306456,36,0,3.0,1.0,21.0,3.0,1.0,0.3333333333333333,3.0,1.0,10.0,3.0,1.0,0.3333333333333333,0.3333333333333333,1557.3999999999999,3365.0,0.7202174564445015,90.01194444444444,3.0,0.6666666666666666,3.0,0.3333333333333333,44.0,3.0,64.33333333333333,9,9.0,3,3,3,3,3,181,190,136,0.2576,0.0,0.4342,0.2507,T2,False,none
ff4b3cb1-a97d-4fcb-81fe-d68fd5abdcdf,4.0,0.4444444444444444,3.0,12834.220000000001,3208.5550000000003,1571.82908268255,22,1,4.0,1.0,25.0,4.0,1.0,0.25,4.0,1.0,18.0,4.0,1.0,0.25,0.4444444444444444,3208.5550000000003,4960.27,0.3864878426581436,207.04777777777778,3.0,0.25,4.0,0.25,40.0,3.0,55.0,12,12.0,4,4,4,4,4,206,223,157,0.2333,0.0,0.3976,0.2695,T2,False,none
5b752fc8-0fbf-43d3-a3df-1669532deec2,1.0,0.1111111111111111,1.0,522.65,522.65,0.0,41,0,1.0,1.0,13.0,1.0,1.0,1.0,1.0,1.0,3.0,1.0,1.0,1.0,0.1111111111111111,522.65,522.65,1.0,0.0,13.0,0.0,1.0,1.0,42.0,0.0,22.0,3,3.0,1,1,1,1,1,55,55,157,0.2333,0.0,0.3976,0.2695,T2,False,none
9ff9da09-b7eb-4ee8-a8d8-333f57213be6,2.0,0.2222222222222222,2.0,6744.4400000000005,3372.2200000000003,388.5127498551366,37,1,2.0,1.0,14.0,2.0,1.0,0.5,2.0,1.0,10.0,2.0,1.0,0.5,0.2222222222222222,3372.2200000000003,3646.94,0.5407328110265641,222.7536111111111,5.0,0.0,2.0,0.5,40.0,2.0,57.0,6,6.0,2,2,2,2,2,107,112,210,0.1869,0.0,0.5526,0.3216,T2,False,none
bc1aa323-f10c-4e44-84b4-181192609a31,9.0,1.0,6.0,22185.18,2465.02,1534.9301670597265,62,0,9.0,1.0,20.0,9.0,1.0,0.1111111111111111,9.0,1.0,10.0,9.0,1.0,0.1111111111111111,1.0,2465.02,4806.69,0.21666220422822802,174.03166666666667,0.0,0.0,9.0,0.1111111111111111,43.0,3.0,61.333333333333336,27,27.0,9,9,9,9,9,431,484,119,0.2635,0.0,0.3946,0.1939,T2,False,none
59422796-bb30-42f7-ba11-f7394a5a0c70,7.0,0.7777777777777778,5.0,14804.05,2114.8642857142854,1429.644270740769,17,0,7.0,1.0,16.0,7.0,1.0,0.14285714285714285,7.0,1.0,10.0,7.0,1.0,0.14285714285714285,0.7777777777777778,2114.8642857142854,4706.7,0.3179332682610502,147.22944444444445,0.0,0.14285714285714285,7.0,0.14285714285714285,40.0,0.0,54.0,21,21.0,7,7,7,7,7,310,337,124,0.2408,0.0806,0.3579,0.2431,T2,False,none
8c41bd45-8a83-4c17-b848-7580c4d0870c,4.0,0.4444444444444444,4.0,11655.359999999999,2913.8399999999997,2040.2199922067227,36,0,4.0,1.0,13.0,4.0,1.0,0.25,4.0,1.0,9.0,4.0,1.0,0.25,0.4444444444444444,2913.8399999999997,4731.15,0.40592053784696486,102.28722222222223,5.0,0.5,4.0,0.25,37.0,0.0,23.0,12,12.0,4,4,4,4,4,177,186,112,0.2905,0.0,0.3574,0.1777,T2,False,none
b958e7cc-5b0e-4593-9144-d5f91bdae4a4,5.0,0.5555555555555556,4.0,14650.37,2930.074,1720.2120322593955,71,0,5.0,1.0,17.0,5.0,1.0,0.2,5.0,1.0,13.0,5.0,1.0,0.2,0.5555555555555556,2930.074,4964.16,0.3388419541622498,204.10861111111112,2.0,0.0,5.0,0.2,39.0,0.0,32.6,15,15.0,5,5,5,5,5,251,272,119,0.2635,0.0,0.3946,0.1939,T2,False,none
550c3633-f47b-484b-ad74-834d08f2ac0f,6.0,0.6666666666666666,5.0,15428.26,2571.3766666666666,1347.4599431473525,62,1,6.0,1.0,25.0,6.0,1.0,0.16666666666666666,6.0,1.0,12.0,6.0,1.0,0.16666666666666666,0.6666666666666666,2571.3766666666666,4772.79,0.3093537443626177,208.05583333333334,22.0,0.16666666666666666,6.0,0.16666666666666666,40.0,3.0,77.33333333333333,18,18.0,6,6,6,6,6,307,331,124,0.2408,0.0806,0.3579,0.2431,T2,False,none
a9bff43d-a8f1-4162-8b30-72626e24ab91,3.0,0.3333333333333333,2.0,10140.6,3380.2000000000003,160.8967917641617,33,1,3.0,1.0,20.0,3.0,1.0,0.3333333333333333,3.0,1.0,19.0,3.0,1.0,0.3333333333333333,0.3333333333333333,3380.2000000000003,3563.4,0.3513993254836992,70.78277777777778,16.0,0.3333333333333333,3.0,0.3333333333333333,43.0,0.0,70.33333333333333,9,9.0,3,3,3,3,3,167,174,136,0.2576,0.0,0.4342,0.2507,T2,False,none
4d64cb28-f9a9-4890-b59c-b03c3b1aad78,2.0,0.2222222222222222,2.0,3282.0200000000004,1641.0100000000002,1981.3414851559537,44,1,2.0,1.0,15.0,2.0,1.0,0.5,2.0,1.0,9.0,2.0,1.0,0.5,0.2222222222222222,1641.0100000000002,3042.03,0.9268773499247414,156.48777777777778,8.0,0.0,2.0,0.5,42.0,0.0,79.5,6,6.0,2,2,2,2,2,103,107,119,0.3255,0.0,0.3993,0.1775,T2,False,none
b00bd5c1-6ac8-4f6a-a103-78fdbcba93fd,4.0,0.4444444444444444,4.0,9479.939999999999,2369.9849999999997,1292.0026299895833,97,1,4.0,1.0,16.0,4.0,1.0,0.25,4.0,1.0,11.0,4.0,1.0,0.25,0.4444444444444444,2369.9849999999997,4121.41,0.4347506418816997,221.66722222222222,3.0,0.25,4.0,0.25,46.0,0.0,50.75,12,12.0,4,4,4,4,4,233,242,80,0.4259,0.0,0.2617,0.1285,T2,False,none
f54aa65c-f97f-4cdf-a61e-b454520f20dd,2.0,0.2222222222222222,2.0,7695.49,3847.745,500.4831086560269,14,0,2.0,1.0,16.0,2.0,1.0,0.5,2.0,1.0,9.0,2.0,1.0,0.5,0.2222222222222222,3847.745,4201.64,0.5459873250436295,12.266944444444444,3.0,0.0,2.0,0.5,37.0,1.0,36.5,6,6.0,2,2,2,2,2,99,101,160,0.1969,0.0,0.388,0.2723,T2,False,none
1ed00ac4-b658-4670-87e5-e40e6c26cdf7,3.0,0.3333333333333333,3.0,10344.18,3448.06,687.798686462834,32,1,3.0,1.0,22.0,3.0,1.0,0.3333333333333333,3.0,1.0,7.0,3.0,1.0,0.3333333333333333,0.3333333333333333,3448.06,4237.45,0.4096458104944036,100.23777777777778,6.0,0.3333333333333333,3.0,0.3333333333333333,40.0,3.0,40.333333333333336,9,9.0,3,3,3,3,3,165,168,157,0.2333,0.0,0.3976,0.2695,T2,False,none
8726f625-9382-4963-9583-48e076dafcb5,3.0,0.3333333333333333,3.0,7856.23,2618.7433333333333,1015.78006597557,44,1,3.0,1.0,25.0,3.0,1.0,0.3333333333333333,3.0,1.0,11.0,3.0,1.0,0.3333333333333333,0.3333333333333333,2618.7433333333333,3655.52,0.46530205963929266,72.725,6.0,0.0,3.0,0.3333333333333333,36.0,2.0,69.33333333333333,9,9.0,3,3,3,3,3,158,163,211,0.1668,0.0,0.5966,0.3124,T2,False,none
47751bf6-02eb-41e1-b884-1e212e7868c7,5.0,0.5555555555555556,2.0,11593.07,2318.614,1824.517001929552,92,1,5.0,1.0,20.0,5.0,1.0,0.2,5.0,1.0,14.0,5.0,1.0,0.2,0.5555555555555556,2318.614,4288.79,0.3699442856810146,179.27305555555554,5.0,0.0,5.0,0.2,47.0,3.0,58.0,15,15.0,5,5,5,5,5,263,284,80,0.4937,0.0,0.285,0.1235,T2,False,none
1e178678-0226-46e8-8720-19bc041daa41,6.0,0.6666666666666666,5.0,18494.18,3082.3633333333332,1404.8162086004938,64,0,6.0,1.0,21.0,6.0,1.0,0.16666666666666666,6.0,1.0,16.0,6.0,1.0,0.16666666666666666,0.6666666666666666,3082.3633333333332,4943.62,0.2673067959758151,229.43027777777777,0.0,0.3333333333333333,6.0,0.16666666666666666,38.0,0.0,66.83333333333333,18,18.0,6,6,6,6,6,311,336,119,0.3255,0.0,0.3993,0.1775,T2,False,none
5890bf8b-e7ee-4c3c-bd7c-0a415c3fc0c5,2.0,0.2222222222222222,2.0,4019.9,2009.95,2823.845072804101,13,1,2.0,1.0,14.0,2.0,1.0,0.5,2.0,1.0,9.0,2.0,1.0,0.5,0.2222222222222222,2009.95,4006.71,0.9967188238513396,11.698611111111111,9.0,0.0,2.0,0.5,36.0,0.0,20.0,6,6.0,2,2,2,2,2,100,103,75,0.4631,0.0,0.2745,0.1623,T2,False,none
b0f6ce17-d15a-4950-b5ee-4cc4f224b85a,4.0,0.4444444444444444,4.0,13163.560000000001,3290.8900000000003,2064.8720499343294,24,1,4.0,1.0,15.0,4.0,1.0,0.25,4.0,1.0,8.0,4.0,1.0,0.25,0.4444444444444444,3290.8900000000003,4659.47,0.35396731583249513,194.74944444444444,8.0,0.25,4.0,0.25,43.0,2.0,54.25,12,12.0,4,4,4,4,4,194,204,211,0.1668,0.0,0.5966,0.3124,T2,False,none
92262faf-c5f3-4577-bc24-d6363c3a06c5,5.0,0.5555555555555556,5.0,15502.55,3100.5099999999998,1147.1495305102992,53,1,5.0,1.0,17.0,5.0,1.0,0.2,5.0,1.0,13.0,5.0,1.0,0.2,0.5555555555555556,3100.5099999999998,4573.62,0.2950237219038158,147.29888888888888,0.0,0.2,5.0,0.2,38.0,1.0,76.8,15,15.0,5,5,5,5,5,243,262,210,0.1869,0.0,0.5526,0.3216,T2,False,none
64d9d21e-01b7-4428-b38e-e22e79da3806,4.0,0.4444444444444444,4.0,6523.71,1630.9275,1447.5524843075639,32,1,4.0,1.0,13.0,4.0,1.0,0.25,4.0,1.0,7.0,4.0,1.0,0.25,0.4444444444444444,1630.9275,3617.82,0.5545648105142627,118.81194444444445,2.0,0.25,4.0,0.25,40.0,2.0,39.75,12,12.0,4,4,4,4,4,180,189,136,0.2576,0.0,0.4342,0.2507,T2,False,none
d610714f-c46f-4e81-9ea6-fcc0130c7ed2,2.0,0.2222222222222222,2.0,7835.51,3917.755,457.0101837486773,31,1,2.0,1.0,14.0,2.0,1.0,0.5,2.0,1.0,8.0,2.0,1.0,0.5,0.2222222222222222,3917.755,4240.91,0.5412423696734482,69.31388888888888,1.0,0.0,2.0,0.5,40.0,0.0,47.0,6,6.0,2,2,2,2,2,108,110,119,0.2253,0.0,0.3893,0.1815,T2,False,none
7a6d118c-7834-421a-91d7-467fc48e5b37,3.0,0.3333333333333333,3.0,9045.470000000001,3015.156666666667,1457.1978703090851,23,0,3.0,1.0,16.0,3.0,1.0,0.3333333333333333,3.0,1.0,6.0,3.0,1.0,0.3333333333333333,0.3333333333333333,3015.156666666667,4228.54,0.46747598521690964,213.18138888888888,2.0,0.0,3.0,0.3333333333333333,36.0,2.0,92.66666666666667,9,9.0,3,3,3,3,3,146,152,80,0.3873,0.0,0.2639,0.1532,T2,False,none
32ca1962-94fe-4039-80cf-f708f6462a7c,1.0,0.1111111111111111,1.0,1993.25,1993.25,0.0,42,0,1.0,1.0,13.0,1.0,1.0,1.0,1.0,1.0,6.0,1.0,1.0,1.0,0.1111111111111111,1993.25,1993.25,1.0,0.0,22.0,0.0,1.0,1.0,25.0,3.0,38.0,3,3.0,1,1,1,1,1,41,41,210,0.1869,0.0,0.5526,0.3216,T2,False,none
f6d658d9-9cd9-4b25-860d-ed667bd62996,1.0,0.1111111111111111,1.0,3041.36,3041.36,0.0,10,1,1.0,1.0,12.0,1.0,1.0,1.0,1.0,1.0,10.0,1.0,1.0,1.0,0.1111111111111111,3041.36,3041.36,1.0,0.0,17.0,0.0,1.0,1.0,40.0,0.0,17.0,3,3.0,1,1,1,1,1,57,59,83,0.4146,0.0,0.3286,0.1462,T2,False,none
ed3b921c-2b72-4b6e-b124-890bfc4feef8,4.0,0.4444444444444444,3.0,6747.68,1686.92,1316.6201774493154,13,0,4.0,1.0,19.0,4.0,1.0,0.25,4.0,1.0,10.0,4.0,1.0,0.25,0.4444444444444444,1686.92,3220.69,0.47730331017475636,214.51361111111112,3.0,0.0,4.0,0.25,44.0,2.0,41.0,12,12.0,4,4,4,4,4,193,209,157,0.2333,0.0,0.3976,0.2695,T2,False,none
30bb499a-92aa-4fc4-b113-21c89141537d,5.0,0.5555555555555556,5.0,11202.24,2240.448,665.568941748336,40,1,5.0,1.0,17.0,5.0,1.0,0.2,5.0,1.0,11.0,5.0,1.0,0.2,0.5555555555555556,2240.448,3315.56,0.2959729482674894,189.16027777777776,3.0,0.0,4.0,0.4,38.0,3.0,83.4,14,15.0,5,5,4,5,5,212,232,112,0.2905,0.0,0.3574,0.1777,T2,False,none
2c08b4c0-59b5-4a93-9cc4-0639cd59494c,2.0,0.2222222222222222,2.0,4822.110000000001,2411.0550000000003,1221.633030516939,50,0,2.0,1.0,14.0,2.0,1.0,0.5,2.0,1.0,9.0,2.0,1.0,0.5,0.2222222222222222,2411.0550000000003,3274.88,0.679138385478556,89.7786111111111,9.0,0.5,2.0,0.5,35.0,0.0,78.5,6,6.0,2,2,2,2,2,99,103,211,0.1668,0.0,0.5966,0.3124,T2,False,none
5297eb1c-cf31-4d8c-89aa-cedf4c6150ef,3.0,0.3333333333333333,3.0,8136.0,2712.0,2404.649158879524,65,0,3.0,1.0,16.0,3.0,1.0,0.3333333333333333,3.0,1.0,13.0,3.0,1.0,0.3333333333333333,0.3333333333333333,2712.0,4815.64,0.5918928220255655,81.50083333333333,4.0,0.6666666666666666,3.0,0.3333333333333333,43.0,1.0,63.0,9,9.0,3,3,3,3,3,164,171,157,0.2333,0.0,0.3976,0.2695,T2,False,none
169caf24-1e9d-48f8-8ada-26d9f21e5f63,2.0,0.2222222222222222,2.0,4162.53,2081.265,1539.9017927290038,42,1,2.0,1.0,18.0,2.0,1.0,0.5,2.0,1.0,14.0,2.0,1.0,0.5,0.2222222222222222,2081.265,3170.14,0.7615897062603754,135.3011111111111,12.0,0.5,2.0,0.5,31.0,0.0,37.0,6,6.0,2,2,2,2,2,104,107,210,0.1869,0.0,0.5526,0.3216,T2,False,none
ffb9d9b6-90ed-435d-b73d-c0272270840d,0.0,0.0,0.0,0.0,0.0,0.0,38,1,0.0,0.0,0.0,0.0,0.0,0.0,0.0,0.0,0.0,0.0,0.0,0.0,0.0,0.0,0.0,0.0,0.0,0.0,0.0,0.0,0.0,0.0,0.0,0.0,0,0.0,0,0,0,0,0,0,0,1,0.0,0.0,0.0,0.0,T2,False,none
183cef1f-f6f9-4e8e-8db7-981cc1d5fce0,4.0,0.4444444444444444,3.0,10983.75,2745.9375,703.9855410151072,18,1,4.0,1.0,16.0,4.0,1.0,0.25,4.0,1.0,10.0,4.0,1.0,0.25,0.4444444444444444,2745.9375,3513.49,0.31988073290087626,133.1125,1.0,0.5,4.0,0.25,43.0,0.0,81.75,12,12.0,4,4,4,4,4,211,218,136,0.2576,0.0,0.4342,0.2507,T2,False,none
d3a176ef-f8f4-4865-8a18-7cee0516c6ec,7.0,0.7777777777777778,4.0,12331.75,1761.6785714285713,747.9771517773469,39,0,7.0,1.0,21.0,7.0,1.0,0.14285714285714285,7.0,1.0,13.0,7.0,1.0,0.14285714285714285,0.7777777777777778,1761.6785714285713,2926.72,0.23733208993046404,183.80638888888888,3.0,0.14285714285714285,7.0,0.14285714285714285,43.0,3.0,45.285714285714285,21,21.0,7,7,7,7,7,356,400,80,0.3873,0.0,0.2639,0.1532,T2,False,none
9f416e53-bfe5-4521-9f1a-269f74220822,2.0,0.2222222222222222,2.0,7813.2,3906.6,234.29276087835075,62,1,2.0,1.0,12.0,2.0,1.0,0.5,2.0,1.0,10.0,2.0,1.0,0.5,0.2222222222222222,3906.6,4072.27,0.521203860134132,61.08,1.0,0.5,2.0,0.5,40.0,0.0,43.5,6,6.0,2,2,2,2,2,102,107,124,0.2408,0.0806,0.3579,0.2431,T2,False,none
173105b3-3571-4df4-8485-3f15b201f1e7,5.0,0.5555555555555556,3.0,13383.19,2676.638,1910.9063952925587,27,1,5.0,1.0,21.0,5.0,1.0,0.2,5.0,1.0,10.0,5.0,1.0,0.2,0.5555555555555556,2676.638,4559.41,0.3406818553722991,138.9525,1.0,0.4,5.0,0.2,46.0,3.0,63.4,15,15.0,5,5,5,5,5,269,288,83,0.4146,0.0,0.3286,0.1462,T2,False,none
841a7a55-a167-4021-b828-a6ab3de088e8,5.0,0.5555555555555556,4.0,9695.1,1939.02,1652.3690363535623,16,0,5.0,1.0,25.0,5.0,1.0,0.2,5.0,1.0,9.0,5.0,1.0,0.2,0.5555555555555556,1939.02,3877.7,0.39996493073820794,131.5522222222222,6.0,0.2,5.0,0.2,43.0,0.0,65.6,15,15.0,5,5,5,5,5,247,261,157,0.2333,0.0,0.3976,0.2695,T2,False,none
82f7031d-1967-40d8-8702-eef2fffc2a7b,2.0,0.2222222222222222,2.0,1428.12,714.06,85.0932300479892,43,0,2.0,1.0,14.0,2.0,1.0,0.5,2.0,1.0,9.0,2.0,1.0,0.5,0.2222222222222222,714.06,774.23,0.5421323138111643,68.70277777777778,15.0,0.5,2.0,0.5,39.0,1.0,66.5,6,6.0,2,2,2,2,2,105,107,119,0.2253,0.0,0.3893,0.1815,T2,False,none
3e78db62-e6b7-4ecb-a23b-6748769a1fd6,4.0,0.4444444444444444,4.0,11137.89,2784.4725,1037.432134820555,60,0,4.0,1.0,25.0,4.0,1.0,0.25,4.0,1.0,8.0,4.0,1.0,0.25,0.4444444444444444,2784.4725,3800.26,0.3412010712980646,155.18194444444444,4.0,0.0,4.0,0.25,46.0,0.0,47.75,12,12.0,4,4,4,4,4,219,232,80,0.4259,0.0,0.2617,0.1285,T2,False,none
62d04256-b8dd-4cf1-885a-b894fb385130,3.0,0.3333333333333333,3.0,9402.28,3134.0933333333337,895.7053831664367,77,0,3.0,1.0,13.0,3.0,1.0,0.3333333333333333,3.0,1.0,12.0,3.0,1.0,0.3333333333333333,0.3333333333333333,3134.0933333333337,3755.67,0.39944247565484114,152.37527777777777,6.0,0.0,3.0,0.3333333333333333,39.0,0.0,87.66666666666667,9,9.0,3,3,3,3,3,160,165,112,0.2905,0.0,0.3574,0.1777,T2,False,none
9de2a8c8-8ddf-44d0-b5b1-1b5ca677473c,3.0,0.3333333333333333,3.0,5691.67,1897.2233333333334,542.3844994405106,31,0,3.0,1.0,16.0,3.0,1.0,0.3333333333333333,3.0,1.0,12.0,3.0,1.0,0.3333333333333333,0.3333333333333333,1897.2233333333334,2514.14,0.44172272812724556,119.19416666666666,7.0,0.3333333333333333,3.0,0.3333333333333333,47.0,2.0,53.666666666666664,9,9.0,3,3,3,3,3,180,187,80,0.4937,0.0,0.285,0.1235,T2,False,none
af17793e-8b71-45a7-8163-c546213b368c,1.0,0.1111111111111111,1.0,3106.7,3106.7,0.0,41,0,1.0,1.0,13.0,1.0,1.0,1.0,1.0,1.0,6.0,1.0,1.0,1.0,0.1111111111111111,3106.7,3106.7,1.0,0.0,0.0,0.0,1.0,1.0,23.0,3.0,21.0,3,3.0,1,1,1,1,1,39,39,124,0.2408,0.0806,0.3579,0.2431,T2,False,none
ed97250a-9fd7-47db-afab-d75f396eb5c4,3.0,0.3333333333333333,3.0,4613.89,1537.9633333333334,2218.081749718286,87,1,3.0,1.0,13.0,3.0,1.0,0.3333333333333333,3.0,1.0,12.0,3.0,1.0,0.3333333333333333,0.3333333333333333,1537.9633333333334,4089.38,0.8863193530838402,71.6661111111111,12.0,0.3333333333333333,3.0,0.3333333333333333,41.0,0.0,61.333333333333336,9,9.0,3,3,3,3,3,159,164,211,0.1668,0.0,0.5966,0.3124,T2,False,none
0a99f9a0-207a-488d-abbb-d6e348400f5a,1.0,0.1111111111111111,1.0,270.08,270.08,0.0,15,0,1.0,1.0,12.0,1.0,1.0,1.0,1.0,1.0,4.0,1.0,1.0,1.0,0.1111111111111111,270.08,270.08,1.0,0.0,20.0,0.0,1.0,1.0,28.0,0.0,50.0,3,3.0,1,1,1,1,1,41,41,112,0.2905,0.0,0.3574,0.1777,T2,False,none
516f2b48-c6fe-4572-b7b5-e2e8c78e3606,1.0,0.1111111111111111,1.0,4029.68,4029.68,0.0,81,0,1.0,1.0,11.0,1.0,1.0,1.0,1.0,1.0,18.0,1.0,1.0,1.0,0.1111111111111111,4029.68,4029.68,1.0,0.0,16.0,1.0,1.0,1.0,46.0,1.0,26.0,3,3.0,1,1,1,1,1,69,72,83,0.4146,0.0,0.3286,0.1462,T2,False,none
8bd006b2-e567-4ff2-ad2d-1bceed460672,2.0,0.2222222222222222,2.0,4960.179999999999,2480.0899999999997,2695.4061970693765,56,0,2.0,1.0,12.0,2.0,1.0,0.5,2.0,1.0,7.0,2.0,1.0,0.5,0.2222222222222222,2480.0899999999997,4386.03,0.8842481522847961,36.45666666666666,10.0,0.0,2.0,0.5,35.0,1.0,88.5,6,6.0,2,2,2,2,2,95,97,83,0.4146,0.0,0.3286,0.1462,T2,False,none
d1610b1c-30b4-4383-9fba-b1f985969153,1.0,0.1111111111111111,1.0,294.69,294.69,0.0,38,0,1.0,1.0,13.0,1.0,1.0,1.0,1.0,1.0,10.0,1.0,1.0,1.0,0.1111111111111111,294.69,294.69,1.0,0.0,13.0,0.0,1.0,1.0,35.0,3.0,78.0,3,3.0,1,1,1,1,1,55,55,83,0.4146,0.0,0.3286,0.1462,T2,False,none
a5dd96cb-c3ce-4df1-b749-fa1be6f7b978,5.0,0.5555555555555556,4.0,15186.23,3037.246,1252.3302425199195,16,1,5.0,1.0,19.0,5.0,1.0,0.2,5.0,1.0,11.0,5.0,1.0,0.2,0.5555555555555556,3037.246,4805.22,0.3164195458649053,164.44944444444445,18.0,0.0,5.0,0.2,44.0,2.0,41.2,15,15.0,5,5,5,5,5,244,258,210,0.1869,0.0,0.5526,0.3216,T2,False,none
19326a31-efa0-48e3-bea7-f6d69c65fe10,5.0,0.5555555555555556,4.0,14636.42,2927.284,2196.8819528208614,30,1,5.0,1.0,17.0,5.0,1.0,0.2,5.0,1.0,12.0,5.0,1.0,0.2,0.5555555555555556,2927.284,4862.62,0.3322274162670926,198.4188888888889,0.0,0.4,5.0,0.2,34.0,2.0,53.4,15,15.0,5,5,5,5,5,237,256,80,0.3873,0.0,0.2639,0.1532,T2,False,none
5ff096f8-33d5-48e6-91bf-4bfaf977c782,3.0,0.3333333333333333,2.0,9182.58,3060.86,1673.49931314596,16,0,3.0,1.0,17.0,3.0,1.0,0.3333333333333333,3.0,1.0,9.0,3.0,1.0,0.3333333333333333,0.3333333333333333,3060.86,4661.71,0.5076688686621843,91.73833333333333,9.0,0.6666666666666666,3.0,0.3333333333333333,32.0,0.0,65.66666666666667,9,9.0,3,3,3,3,3,149,153,80,0.3873,0.0,0.2639,0.1532,T2,False,none
94ffc807-ac20-4dbf-8bfa-5abccd03d3cd,8.0,0.8888888888888888,6.0,17387.24,2173.405,952.7360077916952,28,0,8.0,1.0,17.0,8.0,1.0,0.125,8.0,1.0,9.0,8.0,1.0,0.125,0.8888888888888888,2173.405,3398.49,0.19545885373411764,234.22972222222222,0.0,0.125,8.0,0.125,42.0,3.0,42.25,24,24.0,8,8,8,8,8,356,420,69,0.4288,0.0,0.2614,0.1292,T2,False,none
ec97d8ef-af91-4c74-8e8d-ce7e028d8a40,2.0,0.2222222222222222,2.0,4979.87,2489.935,1822.8717844242365,37,0,2.0,1.0,16.0,2.0,1.0,0.5,2.0,1.0,8.0,2.0,1.0,0.5,0.2222222222222222,2489.935,3778.9,0.758835069991787,14.575555555555555,5.0,0.0,2.0,0.5,38.0,2.0,64.0,6,6.0,2,2,2,2,2,105,107,210,0.1869,0.0,0.5526,0.3216,T2,False,none
23dd001d-0bc4-496c-bf34-eefab9dc9557,6.0,0.6666666666666666,4.0,11510.36,1918.3933333333334,1821.3716190351342,81,1,6.0,1.0,17.0,6.0,1.0,0.16666666666666666,6.0,1.0,11.0,6.0,1.0,0.16666666666666666,0.6666666666666666,1918.3933333333334,4922.48,0.42765647642645405,173.92083333333332,0.0,0.3333333333333333,6.0,0.16666666666666666,35.0,1.0,36.333333333333336,18,18.0,6,6,6,6,6,268,288,210,0.1869,0.0,0.5526,0.3216,T2,False,none
7613140a-0d1a-4138-b75e-1c17723e0006,4.0,0.4444444444444444,3.0,12293.89,3073.4725,1231.8787314876681,89,1,4.0,1.0,19.0,4.0,1.0,0.25,4.0,1.0,12.0,4.0,1.0,0.25,0.4444444444444444,3073.4725,4596.67,0.3738987415699994,126.19666666666667,1.0,0.5,4.0,0.25,39.0,0.0,64.0,12,12.0,4,4,4,4,4,204,216,210,0.1869,0.0,0.5526,0.3216,T2,False,none
e00e8e79-a71d-49ca-b48e-8b3e1365332e,2.0,0.2222222222222222,1.0,3828.4,1914.2,666.9431160151519,18,0,2.0,1.0,14.0,2.0,1.0,0.5,2.0,1.0,10.0,2.0,1.0,0.5,0.2222222222222222,1914.2,2385.8,0.6231846202068749,9.305555555555555,3.0,0.0,2.0,0.5,36.0,0.0,24.5,6,6.0,2,2,2,2,2,93,98,119,0.2253,0.0,0.3893,0.1815,T2,False,none
c402b46f-c7c9-4afc-ade5-09c43ba97fbe,5.0,0.5555555555555556,3.0,13534.01,2706.802,1846.4618734948199,64,0,5.0,1.0,25.0,5.0,1.0,0.2,5.0,1.0,11.0,5.0,1.0,0.2,0.5555555555555556,2706.802,4675.59,0.3454696723291914,152.70333333333335,1.0,0.0,5.0,0.2,40.0,0.0,54.2,15,15.0,5,5,5,5,5,248,260,80,0.4937,0.0,0.285,0.1235,T2,False,none
96dfe390-9f04-479f-b6c3-a21f0a179bcc,0.0,0.0,0.0,0.0,0.0,0.0,72,1,0.0,0.0,0.0,0.0,0.0,0.0,0.0,0.0,0.0,0.0,0.0,0.0,0.0,0.0,0.0,0.0,0.0,0.0,0.0,0.0,0.0,0.0,0.0,0.0,0,0.0,0,0,0,0,0,0,0,1,0.0,0.0,0.0,0.0,T2,False,none
01be3b53-846e-470b-92f0-a028378e3dd0,2.0,0.2222222222222222,2.0,3914.3100000000004,1957.1550000000002,939.9782574347134,97,1,2.0,1.0,20.0,2.0,1.0,0.5,2.0,1.0,5.0,2.0,1.0,0.5,0.2222222222222222,1957.1550000000002,2621.82,0.6698038734796171,49.6075,2.0,0.5,2.0,0.5,29.0,0.0,83.5,6,6.0,2,2,2,2,2,83,84,119,0.2635,0.0,0.3946,0.1939,T2,False,none
d7fc20b2-5450-4029-b0c3-4574ab8e15ef,3.0,0.3333333333333333,3.0,9553.81,3184.603333333333,1469.1247427068042,63,0,3.0,1.0,22.0,3.0,1.0,0.3333333333333333,3.0,1.0,9.0,3.0,1.0,0.3333333333333333,0.3333333333333333,3184.603333333333,4254.16,0.44528413271773254,165.695,10.0,0.3333333333333333,3.0,0.3333333333333333,38.0,0.0,53.0,9,9.0,3,3,3,3,3,159,169,210,0.1869,0.0,0.5526,0.3216,T2,False,none
289c81a1-8b51-4033-b5bc-8098afe89b4a,3.0,0.3333333333333333,3.0,7545.9400000000005,2515.3133333333335,523.3709912990338,52,0,3.0,1.0,18.0,3.0,1.0,0.3333333333333333,3.0,1.0,9.0,3.0,1.0,0.3333333333333333,0.3333333333333333,2515.3133333333335,3052.56,0.40453011818275786,140.72305555555556,2.0,0.3333333333333333,3.0,0.3333333333333333,34.0,0.0,74.0,9,9.0,3,3,3,3,3,137,141,119,0.3255,0.0,0.3993,0.1775,T2,False,none
b9b3a849-4266-4b0d-b3c9-e1ff30c5cd75,1.0,0.1111111111111111,1.0,4503.41,4503.41,0.0,48,1,1.0,1.0,10.0,1.0,1.0,1.0,1.0,1.0,10.0,1.0,1.0,1.0,0.1111111111111111,4503.41,4503.41,1.0,0.0,23.0,0.0,1.0,1.0,41.0,3.0,33.0,3,3.0,1,1,1,1,1,58,58,124,0.2408,0.0806,0.3579,0.2431,T2,False,none
65d4de3d-fa9b-4cc8-afbc-2572187c69f2,4.0,0.4444444444444444,3.0,12666.85,3166.7125,2011.1879319343416,82,1,4.0,1.0,22.0,4.0,1.0,0.25,4.0,1.0,10.0,4.0,1.0,0.25,0.4444444444444444,3166.7125,4914.18,0.38795596379526087,200.95222222222222,0.0,0.0,4.0,0.25,38.0,2.0,35.75,12,12.0,4,4,4,4,4,216,226,210,0.1869,0.0,0.5526,0.3216,T2,False,none
551ec25c-e022-44e6-a4a2-b17a2c56d9aa,2.0,0.2222222222222222,1.0,3675.07,1837.535,2512.7534444210796,94,0,2.0,1.0,12.0,2.0,1.0,0.5,2.0,1.0,7.0,2.0,1.0,0.5,0.2222222222222222,1837.535,3614.32,0.9834697026179093,19.144444444444446,3.0,1.0,2.0,0.5,44.0,0.0,55.5,6,6.0,2,2,2,2,2,99,102,75,0.4631,0.0,0.2745,0.1623,T2,False,none
90f1fb57-3bc9-4e20-917f-c940f14e5e62,3.0,0.3333333333333333,3.0,5890.639999999999,1963.5466666666664,1203.0600279841954,41,0,3.0,1.0,19.0,3.0,1.0,0.3333333333333333,3.0,1.0,11.0,3.0,1.0,0.3333333333333333,0.3333333333333333,1963.5466666666664,3111.72,0.528248203930303,182.59833333333333,3.0,0.0,3.0,0.3333333333333333,42.0,0.0,54.333333333333336,9,9.0,3,3,3,3,3,148,157,69,0.4288,0.0,0.2614,0.1292,T2,False,none
d6a218e3-95ef-4247-98df-77e20786f287,4.0,0.4444444444444444,4.0,4668.54,1167.135,1124.3109456759134,84,1,4.0,1.0,17.0,4.0,1.0,0.25,4.0,1.0,9.0,4.0,1.0,0.25,0.4444444444444444,1167.135,2576.51,0.551887742206343,144.20888888888888,23.0,0.0,4.0,0.25,37.0,1.0,45.0,12,12.0,4,4,4,4,4,186,192,80,0.4259,0.0,0.2617,0.1285,T2,False,none
d126b9d0-8087-4771-9627-1d86c5366750,1.0,0.1111111111111111,1.0,2080.75,2080.75,0.0,74,0,1.0,1.0,17.0,1.0,1.0,1.0,1.0,1.0,6.0,1.0,1.0,1.0,0.1111111111111111,2080.75,2080.75,1.0,0.0,14.0,0.0,1.0,1.0,37.0,2.0,20.0,3,3.0,1,1,1,1,1,56,57,211,0.1668,0.0,0.5966,0.3124,T2,False,none
63f6e111-5c97-488d-ab8d-f7a9cff30c2b,2.0,0.2222222222222222,2.0,1790.22,895.11,463.6357742883955,81,1,2.0,1.0,18.0,2.0,1.0,0.5,2.0,1.0,5.0,2.0,1.0,0.5,0.2222222222222222,895.11,1222.95,0.6831283305962396,51.385,12.0,0.0,2.0,0.5,36.0,1.0,67.5,6,6.0,2,2,2,2,2,90,92,80,0.3873,0.0,0.2639,0.1532,T2,False,none
f6af46ba-770e-4134-b07b-83a5c321e953,6.0,0.6666666666666666,3.0,17795.18,2965.8633333333332,1781.4026957166834,17,0,6.0,1.0,19.0,6.0,1.0,0.16666666666666666,6.0,1.0,10.0,6.0,1.0,0.16666666666666666,0.6666666666666666,2965.8633333333332,4766.37,0.26784612462475793,163.25166666666667,0.0,0.16666666666666666,6.0,0.16666666666666666,43.0,0.0,75.5,18,18.0,6,6,6,6,6,300,320,157,0.2333,0.0,0.3976,0.2695,T2,False,none
16cae215-8ed7-46fc-9750-3ad522e453aa,9.0,1.0,5.0,23594.5,2621.6111111111113,1656.729121895342,12,0,9.0,1.0,22.0,9.0,1.0,0.1111111111111111,9.0,1.0,12.0,9.0,1.0,0.1111111111111111,1.0,2621.6111111111113,4792.16,0.2031049609019051,185.35972222222222,17.0,0.5555555555555556,9.0,0.1111111111111111,43.0,0.0,48.44444444444444,27,27.0,9,9,9,9,9,435,502,211,0.1668,0.0,0.5966,0.3124,T2,False,none
8a39fcb9-022c-45b6-9efa-357568a56f20,3.0,0.3333333333333333,2.0,11704.4,3901.4666666666667,978.7453819218425,64,0,3.0,1.0,22.0,3.0,1.0,0.3333333333333333,3.0,1.0,9.0,3.0,1.0,0.3333333333333333,0.3333333333333333,3901.4666666666667,4819.31,0.41175199070435053,73.46694444444445,13.0,0.6666666666666666,3.0,0.3333333333333333,38.0,2.0,67.33333333333333,9,9.0,3,3,3,3,3,161,170,211,0.1668,0.0,0.5966,0.3124,T2,False,none
b1725024-3263-4fd4-b884-7fae1750f575,5.0,0.5555555555555556,4.0,18449.68,3689.936,741.2375597809383,69,1,5.0,1.0,22.0,5.0,1.0,0.2,5.0,1.0,8.0,5.0,1.0,0.2,0.5555555555555556,3689.936,4578.03,0.24813601103108562,141.49833333333333,5.0,0.4,5.0,0.2,43.0,0.0,79.2,15,15.0,5,5,5,5,5,236,245,157,0.2333,0.0,0.3976,0.2695,T2,False,none
2f60f975-44b4-4418-b2ed-a122b934c4f5,2.0,0.2222222222222222,2.0,1332.58,666.29,563.9459422675191,46,0,2.0,1.0,12.0,2.0,1.0,0.5,2.0,1.0,8.0,2.0,1.0,0.5,0.2222222222222222,666.29,1065.06,0.7992465743144876,74.96777777777778,7.0,0.5,2.0,0.5,46.0,2.0,53.5,6,6.0,2,2,2,2,2,111,111,119,0.2253,0.0,0.3893,0.1815,T2,False,none
ab4dd2bd-18f2-4bf5-bea6-943ff68ce15b,2.0,0.2222222222222222,2.0,5732.379999999999,2866.1899999999996,2606.452163996109,19,0,2.0,1.0,18.0,2.0,1.0,0.5,2.0,1.0,6.0,2.0,1.0,0.5,0.2222222222222222,2866.1899999999996,4709.23,0.821513926152837,75.48388888888888,8.0,0.5,2.0,0.5,35.0,1.0,95.5,6,6.0,2,2,2,2,2,94,98,210,0.1869,0.0,0.5526,0.3216,T2,False,none
229dca58-fe27-45b4-b9e3-f9b034b0749f,3.0,0.3333333333333333,3.0,8060.44,2686.813333333333,1679.2112815644532,92,0,3.0,1.0,17.0,3.0,1.0,0.3333333333333333,3.0,1.0,8.0,3.0,1.0,0.3333333333333333,0.3333333333333333,2686.813333333333,4578.74,0.5680508756345808,159.29694444444445,4.0,0.3333333333333333,3.0,0.3333333333333333,44.0,1.0,64.33333333333333,9,9.0,3,3,3,3,3,163,167,160,0.1969,0.0,0.388,0.2723,T2,False,none
2a38dd19-04ef-4eac-a41d-9a1063388514,2.0,0.2222222222222222,2.0,3506.26,1753.13,834.6264181057296,59,0,2.0,1.0,14.0,2.0,1.0,0.5,2.0,1.0,7.0,2.0,1.0,0.5,0.2222222222222222,1753.13,2343.3,0.6683189495359728,107.53694444444444,3.0,0.5,2.0,0.5,38.0,2.0,60.5,6,6.0,2,2,2,2,2,97,99,75,0.4631,0.0,0.2745,0.1623,T2,False,none
20e47c30-985a-4a26-b721-f3fb66d908b2,5.0,0.5555555555555556,5.0,12867.779999999999,2573.5559999999996,1398.6707734238246,86,1,5.0,1.0,19.0,5.0,1.0,0.2,5.0,1.0,9.0,5.0,1.0,0.2,0.5555555555555556,2573.5559999999996,3944.18,0.30651596468077635,116.345,16.0,0.4,5.0,0.2,37.0,3.0,33.8,15,15.0,5,5,5,5,5,257,279,160,0.1969,0.0,0.388,0.2723,T2,False,none
72643c02-9912-4d5e-8998-638bd46e2db6,3.0,0.3333333333333333,3.0,4867.6900000000005,1622.5633333333335,1318.7475636501981,34,1,3.0,1.0,20.0,3.0,1.0,0.3333333333333333,3.0,1.0,9.0,3.0,1.0,0.3333333333333333,0.3333333333333333,1622.5633333333335,2947.02,0.6054247497272833,123.53472222222223,7.0,0.3333333333333333,3.0,0.3333333333333333,35.0,3.0,35.666666666666664,9,9.0,3,3,3,3,3,149,154,136,0.2576,0.0,0.4342,0.2507,T2,False,none
8f7711ee-32e4-40cc-8971-1d86d668185c,3.0,0.3333333333333333,3.0,9560.869999999999,3186.9566666666665,2031.471758536981,55,1,3.0,1.0,13.0,3.0,1.0,0.3333333333333333,3.0,1.0,11.0,3.0,1.0,0.3333333333333333,0.3333333333333333,3186.9566666666665,4932.01,0.515853682771547,162.07722222222222,16.0,0.0,3.0,0.3333333333333333,38.0,2.0,43.666666666666664,9,9.0,3,3,3,3,3,140,144,210,0.1869,0.0,0.5526,0.3216,T2,False,none
a4164f67-11e3-4105-a5d0-420c9f13a79d,3.0,0.3333333333333333,2.0,11912.94,3970.98,955.8586611523692,92,0,3.0,1.0,23.0,3.0,1.0,0.3333333333333333,3.0,1.0,18.0,3.0,1.0,0.3333333333333333,0.3333333333333333,3970.98,4936.58,0.4143880519838092,91.9786111111111,8.0,0.6666666666666666,3.0,0.3333333333333333,38.0,0.0,65.33333333333333,9,9.0,3,3,3,3,3,163,170,124,0.2408,0.0806,0.3579,0.2431,T2,False,none
159b6a44-4b2d-4477-b1f5-4f6edc99b04f,0.0,0.0,0.0,0.0,0.0,0.0,75,1,0.0,0.0,0.0,0.0,0.0,0.0,0.0,0.0,0.0,0.0,0.0,0.0,0.0,0.0,0.0,0.0,0.0,0.0,0.0,0.0,0.0,0.0,0.0,0.0,0,0.0,0,0,0,0,0,0,0,1,0.0,0.0,0.0,0.0,T2,False,none
b97cd9a7-8019-4ea9-98d3-77b4adca553d,2.0,0.2222222222222222,2.0,2349.84,1174.92,87.8509464946166,56,0,2.0,1.0,11.0,2.0,1.0,0.5,2.0,1.0,7.0,2.0,1.0,0.5,0.2222222222222222,1174.92,1237.04,0.5264358424403364,19.024166666666666,5.0,0.0,2.0,0.5,34.0,2.0,55.0,6,6.0,2,2,2,2,2,85,88,119,0.2253,0.0,0.3893,0.1815,T2,False,none
07faa422-692b-4508-8ccd-9c63030d752c,5.0,0.5555555555555556,3.0,13593.41,2718.682,1897.8449143620774,97,0,5.0,1.0,20.0,5.0,1.0,0.2,5.0,1.0,12.0,5.0,1.0,0.2,0.5555555555555556,2718.682,4219.43,0.310402614207914,204.19694444444445,4.0,0.0,5.0,0.2,42.0,0.0,36.8,15,15.0,5,5,5,5,5,250,266,119,0.3255,0.0,0.3993,0.1775,T2,False,none
df7f08a3-f25c-449c-8908-75cb34327370,2.0,0.2222222222222222,2.0,5026.74,2513.37,1663.8788246744411,78,1,2.0,1.0,16.0,2.0,1.0,0.5,2.0,1.0,7.0,2.0,1.0,0.5,0.2222222222222222,2513.37,3689.91,0.7340562670836367,74.69555555555556,6.0,0.5,2.0,0.5,38.0,2.0,45.0,6,6.0,2,2,2,2,2,101,103,69,0.4288,0.0,0.2614,0.1292,T2,False,none
301d0ec7-a60b-45c4-b70d-826c0935606f,4.0,0.4444444444444444,3.0,9146.42,2286.605,1735.2419170152232,83,0,4.0,1.0,24.0,4.0,1.0,0.25,4.0,1.0,8.0,4.0,1.0,0.25,0.4444444444444444,2286.605,4489.59,0.4908576251691919,105.48611111111111,8.0,0.25,4.0,0.25,43.0,3.0,51.75,12,12.0,4,4,4,4,4,213,220,80,0.4259,0.0,0.2617,0.1285,T2,False,none
96989426-63dd-4faf-a44e-e732e778bdf9,3.0,0.3333333333333333,3.0,8062.799999999999,2687.6,1468.9218920351075,36,1,3.0,1.0,17.0,3.0,1.0,0.3333333333333333,3.0,1.0,6.0,3.0,1.0,0.3333333333333333,0.3333333333333333,2687.6,4279.28,0.5307436622513271,69.72833333333334,12.0,0.3333333333333333,3.0,0.3333333333333333,47.0,0.0,39.0,9,9.0,3,3,3,3,3,160,163,80,0.4937,0.0,0.285,0.1235,T2,False,none
f5d2f6eb-d2b1-4fed-a7a6-5df89e578027,3.0,0.3333333333333333,2.0,7415.81,2471.936666666667,2198.5140177477456,46,0,3.0,1.0,17.0,3.0,1.0,0.3333333333333333,3.0,1.0,8.0,3.0,1.0,0.3333333333333333,0.3333333333333333,2471.936666666667,4911.02,0.6622364920352598,45.86361111111111,20.0,0.6666666666666666,3.0,0.3333333333333333,41.0,0.0,29.666666666666668,9,9.0,3,3,3,3,3,143,148,69,0.4288,0.0,0.2614,0.1292,T2,False,none
2dac5493-f38e-4a7a-a583-98f1a9fd306a,4.0,0.4444444444444444,4.0,13671.43,3417.8575,893.6867302500356,30,0,4.0,1.0,17.0,4.0,1.0,0.25,4.0,1.0,9.0,4.0,1.0,0.25,0.4444444444444444,3417.8575,4645.91,0.3398261922856643,135.11138888888888,1.0,0.25,4.0,0.25,43.0,0.0,51.5,12,12.0,4,4,4,4,4,198,211,119,0.2253,0.0,0.3893,0.1815,T2,False,none
af3777c1-6166-40d8-b2b1-c639d64b2b28,2.0,0.2222222222222222,2.0,6729.03,3364.515,617.6931287055087,78,1,2.0,1.0,13.0,2.0,1.0,0.5,2.0,1.0,9.0,2.0,1.0,0.5,0.2222222222222222,3364.515,3801.29,0.5649090582149284,151.47833333333332,0.0,0.0,2.0,0.5,38.0,3.0,63.0,6,6.0,2,2,2,2,2,105,108,160,0.1969,0.0,0.388,0.2723,T2,False,none
9a11389f-2cbb-41d4-ac5d-89a51a623a88,1.0,0.1111111111111111,1.0,2566.85,2566.85,0.0,41,0,1.0,1.0,12.0,1.0,1.0,1.0,1.0,1.0,6.0,1.0,1.0,1.0,0.1111111111111111,2566.85,2566.85,1.0,0.0,20.0,0.0,1.0,1.0,37.0,2.0,13.0,3,3.0,1,1,1,1,1,52,52,211,0.1668,0.0,0.5966,0.3124,T2,False,none
e064ff65-5fe0-433f-8b08-5f80529b1fae,3.0,0.3333333333333333,3.0,4414.65,1471.55,1421.6478762689446,28,1,3.0,1.0,20.0,3.0,1.0,0.3333333333333333,3.0,1.0,11.0,3.0,1.0,0.3333333333333333,0.3333333333333333,1471.55,2871.44,0.6504343492689115,101.60138888888889,4.0,0.3333333333333333,3.0,0.3333333333333333,39.0,0.0,78.33333333333333,9,9.0,3,3,3,3,3,159,161,210,0.1869,0.0,0.5526,0.3216,T2,False,none
00b8f5da-5171-4dda-b5fc-5bbe8d033951,4.0,0.4444444444444444,3.0,6580.1900000000005,1645.0475000000001,1348.3291014777017,85,1,4.0,1.0,20.0,4.0,1.0,0.25,4.0,1.0,13.0,4.0,1.0,0.25,0.4444444444444444,1645.0475000000001,3564.96,0.5417715901820463,133.9736111111111,0.0,0.5,4.0,0.25,37.0,3.0,43.0,12,12.0,4,4,4,4,4,200,213,80,0.3873,0.0,0.2639,0.1532,T2,False,none
767664db-eca9-4bd5-9e59-4f15c86e4105,7.0,0.7777777777777778,6.0,18666.9,2666.7000000000003,1158.240346617805,32,1,7.0,1.0,22.0,7.0,1.0,0.14285714285714285,7.0,1.0,13.0,7.0,1.0,0.14285714285714285,0.7777777777777778,2666.7000000000003,4140.64,0.22181722728465894,216.08805555555554,4.0,0.2857142857142857,7.0,0.14285714285714285,46.0,0.0,52.142857142857146,21,21.0,7,7,7,7,7,366,395,80,0.4259,0.0,0.2617,0.1285,T2,False,none
7dedd8a4-4799-46ba-9317-b906f8049446,6.0,0.6666666666666666,5.0,15790.61,2631.7683333333334,1186.8928048044888,99,0,6.0,1.0,22.0,6.0,1.0,0.16666666666666666,6.0,1.0,9.0,6.0,1.0,0.16666666666666666,0.6666666666666666,2631.7683333333334,4289.07,0.27162155230228596,190.235,4.0,0.16666666666666666,6.0,0.16666666666666666,37.0,0.0,66.5,18,18.0,6,6,6,6,6,287,313,211,0.1668,0.0,0.5966,0.3124,T2,False,none
e47a2584-9cc5-4e46-bf98-2e3354898bb6,4.0,0.4444444444444444,3.0,11421.130000000001,2855.2825000000003,1284.1642145607132,45,0,4.0,1.0,18.0,4.0,1.0,0.25,4.0,1.0,9.0,4.0,1.0,0.25,0.4444444444444444,2855.2825000000003,4643.09,0.4065350801540653,92.455,1.0,0.0,4.0,0.25,33.0,3.0,51.25,12,12.0,4,4,4,4,4,185,194,119,0.2253,0.0,0.3893,0.1815,T2,False,none
d1f07822-1ec3-47af-a181-6c6b0adaa37c,3.0,0.3333333333333333,3.0,5491.13,1830.3766666666668,2040.6430276345086,48,1,3.0,1.0,16.0,3.0,1.0,0.3333333333333333,3.0,1.0,14.0,3.0,1.0,0.3333333333333333,0.3333333333333333,1830.3766666666668,4032.59,0.7343825405699738,74.44527777777778,7.0,0.6666666666666666,3.0,0.3333333333333333,46.0,3.0,58.333333333333336,9,9.0,3,3,3,3,3,186,195,80,0.4259,0.0,0.2617,0.1285,T2,False,none
2afe429c-b245-4b05-9f69-9e155b50511c,3.0,0.3333333333333333,3.0,6755.03,2251.6766666666667,1902.0048301025245,13,1,3.0,1.0,18.0,3.0,1.0,0.3333333333333333,3.0,1.0,11.0,3.0,1.0,0.3333333333333333,0.3333333333333333,2251.6766666666667,4310.61,0.6381333613618296,185.4038888888889,5.0,0.0,3.0,0.3333333333333333,38.0,3.0,51.333333333333336,9,9.0,3,3,3,3,3,164,170,210,0.1869,0.0,0.5526,0.3216,T2,False,none
6660bd52-be41-4558-b30d-d659679e26f9,4.0,0.4444444444444444,4.0,10919.66,2729.915,1359.8002705912365,29,1,4.0,1.0,16.0,4.0,1.0,0.25,3.0,1.3333333333333333,9.0,3.0,1.0,0.5,0.4444444444444444,2729.915,4090.79,0.37462613304809855,86.2538888888889,20.0,0.0,4.0,0.25,40.0,1.0,69.0,11,12.0,4,3,4,4,3,200,211,112,0.2905,0.0,0.3574,0.1777,T2,False,none
f2239246-d2c2-460e-92d6-665b2fb93406,3.0,0.3333333333333333,3.0,5045.98,1681.993333333333,1973.7767444504289,71,1,3.0,1.0,23.0,3.0,1.0,0.3333333333333333,3.0,1.0,9.0,3.0,1.0,0.3333333333333333,0.3333333333333333,1681.993333333333,3895.42,0.7719848275260703,214.25166666666667,4.0,0.0,2.0,0.6666666666666666,34.0,2.0,36.0,8,9.0,3,3,2,3,3,122,125,69,0.4288,0.0,0.2614,0.1292,T2,False,none
c0137f43-1c24-4fa7-8e81-ba1276fabd55,2.0,0.2222222222222222,2.0,4157.47,2078.735,747.8432028507045,50,1,2.0,1.0,15.0,2.0,1.0,0.5,2.0,1.0,14.0,2.0,1.0,0.5,0.2222222222222222,2078.735,2607.54,0.6271939424698193,73.20833333333333,13.0,0.5,2.0,0.5,36.0,2.0,72.5,6,6.0,2,2,2,2,2,105,108,119,0.2635,0.0,0.3946,0.1939,T2,False,none
5c9d42c8-f19f-4937-9437-f06eea78f620,2.0,0.2222222222222222,2.0,5287.26,2643.63,1686.4779574011634,40,0,2.0,1.0,20.0,2.0,1.0,0.5,2.0,1.0,11.0,2.0,1.0,0.5,0.2222222222222222,2643.63,3836.15,0.7255459349455106,198.65194444444444,7.0,0.0,2.0,0.5,33.0,3.0,81.5,6,6.0,2,2,2,2,2,109,113,136,0.2576,0.0,0.4342,0.2507,T2,False,none
fee385cd-e36e-466d-827d-c77c6c817ebb,3.0,0.3333333333333333,3.0,9236.63,3078.8766666666666,1174.1218881501754,71,1,3.0,1.0,14.0,3.0,1.0,0.3333333333333333,3.0,1.0,13.0,3.0,1.0,0.3333333333333333,0.3333333333333333,3078.8766666666666,4434.41,0.48008959977827415,55.867222222222225,6.0,0.3333333333333333,3.0,0.3333333333333333,43.0,0.0,47.0,9,9.0,3,3,3,3,3,167,173,136,0.2576,0.0,0.4342,0.2507,T2,False,none
66b693a9-ac6b-43a8-8a24-a02ae52838aa,0.0,0.0,0.0,0.0,0.0,0.0,53,0,0.0,0.0,0.0,0.0,0.0,0.0,0.0,0.0,0.0,0.0,0.0,0.0,0.0,0.0,0.0,0.0,0.0,0.0,0.0,0.0,0.0,0.0,0.0,0.0,0,0.0,0,0,0,0,0,0,0,1,0.0,0.0,0.0,0.0,T2,False,none
2bfb5130-e6c8-4983-a7f2-99ef67dbb866,4.0,0.4444444444444444,4.0,10210.15,2552.5375,1832.8042207025278,36,0,4.0,1.0,18.0,4.0,1.0,0.25,4.0,1.0,6.0,4.0,1.0,0.25,0.4444444444444444,2552.5375,4768.15,0.4670009745204527,199.23805555555555,8.0,0.25,4.0,0.25,47.0,3.0,70.75,12,12.0,4,4,4,4,4,206,217,80,0.4937,0.0,0.285,0.1235,T2,False,none
7440dc58-5772-428c-9090-72f24741fb66,7.0,0.7777777777777778,4.0,20479.899999999998,2925.7,1603.1384839640857,75,1,7.0,1.0,17.0,7.0,1.0,0.14285714285714285,7.0,1.0,13.0,7.0,1.0,0.14285714285714285,0.7777777777777778,2925.7,4647.38,0.22692395958964645,126.39777777777778,5.0,0.7142857142857143,7.0,0.14285714285714285,43.0,1.0,59.714285714285715,21,21.0,7,7,7,7,7,354,389,136,0.2576,0.0,0.4342,0.2507,T2,False,none
5d54f1aa-b4a6-47eb-85d3-51fa53dd2e51,8.0,0.8888888888888888,7.0,17022.75,2127.84375,1848.1764934654414,49,0,8.0,1.0,18.0,8.0,1.0,0.125,8.0,1.0,10.0,8.0,1.0,0.125,0.8888888888888888,2127.84375,4905.74,0.28818727878867983,181.23333333333332,11.0,0.125,8.0,0.125,44.0,1.0,63.5,24,24.0,8,8,8,8,8,379,423,157,0.2333,0.0,0.3976,0.2695,T2,False,none
15e5782c-b7be-4d86-aa81-3238c1ada9aa,1.0,0.1111111111111111,1.0,395.51,395.51,0.0,47,1,1.0,1.0,10.0,1.0,1.0,1.0,1.0,1.0,9.0,1.0,1.0,1.0,0.1111111111111111,395.51,395.51,1.0,0.0,11.0,0.0,1.0,1.0,37.0,2.0,64.0,3,3.0,1,1,1,1,1,53,53,80,0.4259,0.0,0.2617,0.1285,T2,False,none
84c7e089-2658-4a4f-b1eb-e1ad06b96429,1.0,0.1111111111111111,1.0,4469.74,4469.74,0.0,37,1,1.0,1.0,9.0,1.0,1.0,1.0,1.0,1.0,6.0,1.0,1.0,1.0,0.1111111111111111,4469.74,4469.74,1.0,0.0,8.0,0.0,1.0,1.0,29.0,3.0,98.0,3,3.0,1,1,1,1,1,41,41,83,0.4146,0.0,0.3286,0.1462,T2,False,none
e6ea6c2e-bf10-4931-aad2-b62fd27269cb,1.0,0.1111111111111111,1.0,2143.39,2143.39,0.0,95,1,1.0,1.0,18.0,1.0,1.0,1.0,1.0,1.0,8.0,1.0,1.0,1.0,0.1111111111111111,2143.39,2143.39,1.0,0.0,0.0,0.0,1.0,1.0,37.0,0.0,84.0,3,3.0,1,1,1,1,1,59,60,211,0.1668,0.0,0.5966,0.3124,T2,False,none
7501ea53-bfc2-41a2-8d4e-3da99df7c98b,9.0,1.0,7.0,22845.19,2538.354444444444,1854.4186152950413,27,1,9.0,1.0,18.0,9.0,1.0,0.1111111111111111,9.0,1.0,10.0,9.0,1.0,0.1111111111111111,1.0,2538.354444444444,4883.04,0.21374477515835938,226.18944444444443,9.0,0.2222222222222222,9.0,0.1111111111111111,40.0,2.0,32.55555555555556,27,27.0,9,9,9,9,9,367,403,211,0.1668,0.0,0.5966,0.3124,T2,False,none
13386375-3fc5-4bad-bd0b-d71b59158781,4.0,0.4444444444444444,4.0,7636.030000000001,1909.0075000000002,2192.5952764760304,93,0,4.0,1.0,22.0,4.0,1.0,0.25,4.0,1.0,11.0,4.0,1.0,0.25,0.4444444444444444,1909.0075000000002,4869.25,0.6376677409596347,150.27138888888888,4.0,0.25,4.0,0.25,38.0,3.0,54.25,12,12.0,4,4,4,4,4,223,233,157,0.2333,0.0,0.3976,0.2695,T2,False,none
8cd44065-48cc-480f-b49e-f42894652bf2,7.0,0.7777777777777778,5.0,14398.25,2056.8928571428573,1342.2664636814145,19,0,7.0,1.0,18.0,7.0,1.0,0.14285714285714285,7.0,1.0,11.0,7.0,1.0,0.14285714285714285,0.7777777777777778,2056.8928571428573,4421.14,0.30706092754327785,161.92305555555555,1.0,0.42857142857142855,7.0,0.14285714285714285,40.0,0.0,45.285714285714285,21,21.0,7,7,7,7,7,328,366,112,0.2905,0.0,0.3574,0.1777,T2,False,none
700f419f-1371-4860-bfaa-d0d76f372894,3.0,0.3333333333333333,3.0,5637.9,1879.3,1629.1017935967047,87,1,3.0,1.0,23.0,3.0,1.0,0.3333333333333333,3.0,1.0,11.0,3.0,1.0,0.3333333333333333,0.3333333333333333,1879.3,3677.6,0.652299615104915,62.74,2.0,0.0,3.0,0.3333333333333333,46.0,2.0,53.333333333333336,9,9.0,3,3,3,3,3,190,196,119,0.2253,0.0,0.3893,0.1815,T2,False,none
5a17907b-e51a-4c19-9e70-36229e861ce3,5.0,0.5555555555555556,4.0,14312.51,2862.502,1933.3114265218626,58,1,5.0,1.0,17.0,5.0,1.0,0.2,5.0,1.0,8.0,5.0,1.0,0.2,0.5555555555555556,2862.502,4933.66,0.3447096281504781,167.38416666666666,2.0,0.6,5.0,0.2,38.0,3.0,64.2,15,15.0,5,5,5,5,5,224,235,83,0.4146,0.0,0.3286,0.1462,T2,False,none
b14c98bd-929d-4533-96a9-4f89193e4dde,6.0,0.6666666666666666,5.0,17645.87,2940.978333333333,1446.4174227714027,71,0,6.0,1.0,20.0,6.0,1.0,0.16666666666666666,6.0,1.0,13.0,6.0,1.0,0.16666666666666666,0.6666666666666666,2940.978333333333,4335.35,0.2456863844060962,207.8161111111111,8.0,0.0,5.0,0.3333333333333333,46.0,1.0,56.0,17,18.0,6,6,5,6,6,270,290,80,0.4259,0.0,0.2617,0.1285,T2,False,none
92b1439b-dd59-4cc9-bdfc-0fe8fe5b1fee,2.0,0.2222222222222222,2.0,6493.83,3246.915,715.5001386792318,89,0,2.0,1.0,17.0,2.0,1.0,0.5,2.0,1.0,9.0,2.0,1.0,0.5,0.2222222222222222,3246.915,3752.85,0.5779101085183936,174.18805555555556,12.0,0.0,2.0,0.5,38.0,2.0,53.0,6,6.0,2,2,2,2,2,93,97,211,0.1668,0.0,0.5966,0.3124,T2,False,none
c3aff0f1-fb83-43b4-a118-ce7357d33e37,2.0,0.2222222222222222,1.0,3862.71,1931.355,1784.0233378658475,97,0,2.0,1.0,19.0,2.0,1.0,0.5,2.0,1.0,13.0,2.0,1.0,0.5,0.2222222222222222,1931.355,3192.85,0.8265828912861696,14.215,4.0,0.0,2.0,0.5,44.0,2.0,81.5,6,6.0,2,2,2,2,2,107,111,136,0.2576,0.0,0.4342,0.2507,T2,False,none
f3f7003e-bb53-4f3a-9e15-c28cd9569b95,5.0,0.5555555555555556,4.0,16941.22,3388.244,1641.6263388116067,92,0,5.0,1.0,19.0,5.0,1.0,0.2,5.0,1.0,9.0,5.0,1.0,0.2,0.5555555555555556,3388.244,4865.93,0.2872242967153487,162.68805555555556,3.0,0.6,5.0,0.2,37.0,0.0,66.2,15,15.0,5,5,5,5,5,221,233,160,0.1969,0.0,0.388,0.2723,T2,False,none
0498e185-a7bf-4817-8c15-e53bec49a912,2.0,0.2222222222222222,2.0,6825.04,3412.52,607.2774458186306,15,0,2.0,1.0,15.0,2.0,1.0,0.5,2.0,1.0,9.0,2.0,1.0,0.5,0.2222222222222222,3412.52,3841.93,0.5629168473737882,58.67638888888889,6.0,0.5,2.0,0.5,26.0,1.0,45.5,6,6.0,2,2,2,2,2,84,86,210,0.1869,0.0,0.5526,0.3216,T2,False,none
5bf49904-5315-4f31-9683-ecd62fb6a2a2,1.0,0.1111111111111111,1.0,2315.3,2315.3,0.0,21,0,1.0,1.0,19.0,1.0,1.0,1.0,1.0,1.0,8.0,1.0,1.0,1.0,0.1111111111111111,2315.3,2315.3,1.0,0.0,7.0,0.0,1.0,1.0,30.0,3.0,11.0,3,3.0,1,1,1,1,1,53,54,136,0.2576,0.0,0.4342,0.2507,T2,False,none
842a218c-660c-4f10-afd8-692928f7e772,4.0,0.4444444444444444,4.0,8221.16,2055.29,1108.7551643472361,94,0,4.0,1.0,16.0,4.0,1.0,0.25,4.0,1.0,16.0,4.0,1.0,0.25,0.4444444444444444,2055.29,3702.43,0.450353721372653,226.67083333333332,0.0,0.0,4.0,0.25,42.0,1.0,62.5,12,12.0,4,4,4,4,4,216,228,157,0.2333,0.0,0.3976,0.2695,T2,False,none
0bb5efe1-7826-4d93-bb4c-1117ecba7120,4.0,0.4444444444444444,4.0,12392.88,3098.22,1748.7835290662288,42,1,4.0,1.0,19.0,4.0,1.0,0.25,4.0,1.0,8.0,4.0,1.0,0.25,0.4444444444444444,3098.22,4709.08,0.37998269974372384,110.23027777777777,9.0,0.5,4.0,0.25,37.0,0.0,44.25,12,12.0,4,4,4,4,4,198,210,160,0.1969,0.0,0.388,0.2723,T2,False,none
b139e26b-4043-4121-a8c1-15d33ff5af27,3.0,0.3333333333333333,3.0,11763.14,3921.0466666666666,470.0336430866766,14,1,3.0,1.0,17.0,3.0,1.0,0.3333333333333333,3.0,1.0,10.0,3.0,1.0,0.3333333333333333,0.3333333333333333,3921.0466666666666,4367.44,0.37128181760992385,144.235,11.0,0.3333333333333333,3.0,0.3333333333333333,37.0,2.0,83.66666666666667,9,9.0,3,3,3,3,3,155,158,80,0.4259,0.0,0.2617,0.1285,T2,False,none
7c31dab6-24a2-4972-8dae-ae46475dd7b0,4.0,0.4444444444444444,3.0,8651.76,2162.94,430.5362567000987,56,0,4.0,1.0,23.0,4.0,1.0,0.25,4.0,1.0,15.0,4.0,1.0,0.25,0.4444444444444444,2162.94,2793.14,0.32284067056876287,197.30555555555554,14.0,0.0,4.0,0.25,36.0,0.0,52.5,12,12.0,4,4,4,4,4,217,231,211,0.1668,0.0,0.5966,0.3124,T2,False,none
8108b65c-806a-4cb8-8116-06a05f3dd6bf,4.0,0.4444444444444444,4.0,9167.01,2291.7525,1257.220094689735,47,1,4.0,1.0,18.0,4.0,1.0,0.25,4.0,1.0,9.0,4.0,1.0,0.25,0.4444444444444444,2291.7525,3910.38,0.42657093207054425,191.42361111111111,17.0,0.0,4.0,0.25,37.0,0.0,46.0,12,12.0,4,4,4,4,4,193,200,160,0.1969,0.0,0.388,0.2723,T2,False,none
a67af250-2607-4fae-bef9-9fb1e9733dd3,6.0,0.6666666666666666,4.0,15711.869999999999,2618.645,1056.047775202429,14,1,6.0,1.0,21.0,6.0,1.0,0.16666666666666666,6.0,1.0,12.0,6.0,1.0,0.16666666666666666,0.6666666666666666,2618.645,3738.59,0.2379468516478306,154.16611111111112,0.0,0.16666666666666666,6.0,0.16666666666666666,44.0,3.0,61.0,18,18.0,6,6,6,6,6,302,332,136,0.2576,0.0,0.4342,0.2507,T2,False,none
19fed8c1-658e-4c31-81ee-380f4ce60d72,2.0,0.2222222222222222,2.0,4190.51,2095.255,2929.9040189142715,14,0,2.0,1.0,25.0,2.0,1.0,0.5,2.0,1.0,6.0,2.0,1.0,0.5,0.2222222222222222,2095.255,4167.01,0.9943920907001773,109.29333333333334,0.0,0.5,2.0,0.5,34.0,0.0,54.5,6,6.0,2,2,2,2,2,104,106,119,0.2253,0.0,0.3893,0.1815,T2,False,none
56e26a42-d2d5-4cf6-91c3-c9268d6627f0,5.0,0.5555555555555556,4.0,11888.91,2377.782,1401.446330481478,52,0,5.0,1.0,20.0,5.0,1.0,0.2,5.0,1.0,8.0,5.0,1.0,0.2,0.5555555555555556,2377.782,3660.47,0.30788945328041006,155.47805555555556,8.0,0.2,5.0,0.2,44.0,0.0,50.4,15,15.0,5,5,5,5,5,267,283,119,0.3255,0.0,0.3993,0.1775,T2,False,none
a411db8c-d285-48fe-8837-a9c13338c5a9,4.0,0.4444444444444444,3.0,10055.18,2513.795,865.7544637482384,36,0,4.0,1.0,18.0,4.0,1.0,0.25,4.0,1.0,11.0,4.0,1.0,0.25,0.4444444444444444,2513.795,3383.95,0.3365379834075571,223.13888888888889,7.0,0.5,4.0,0.25,33.0,3.0,80.5,12,12.0,4,4,4,4,4,188,196,112,0.2905,0.0,0.3574,0.1777,T2,False,none
f3a805e3-05b4-4ab3-b027-da3c659a5eff,7.0,0.7777777777777778,4.0,24745.230000000003,3535.0328571428577,1411.6681432229307,38,0,7.0,1.0,18.0,7.0,1.0,0.14285714285714285,7.0,1.0,11.0,7.0,1.0,0.14285714285714285,0.7777777777777778,3535.0328571428577,4739.56,0.19153428761826016,231.83805555555554,18.0,0.14285714285714285,7.0,0.14285714285714285,37.0,0.0,46.285714285714285,21,21.0,7,7,7,7,7,313,340,119,0.2253,0.0,0.3893,0.1815,T2,False,none
530d5a15-a062-42ac-b9d6-4910295581a3,4.0,0.4444444444444444,3.0,10357.3,2589.325,1634.0511445790185,31,0,4.0,1.0,21.0,4.0,1.0,0.25,4.0,1.0,11.0,4.0,1.0,0.25,0.4444444444444444,2589.325,4530.88,0.43745763857375963,172.6147222222222,5.0,0.25,4.0,0.25,37.0,3.0,59.25,12,12.0,4,4,4,4,4,202,215,210,0.1869,0.0,0.5526,0.3216,T2,False,none
4b7c7602-49ec-4373-aa6b-fe9940e8f3f4,1.0,0.1111111111111111,1.0,1649.09,1649.09,0.0,40,0,1.0,1.0,10.0,1.0,1.0,1.0,1.0,1.0,6.0,1.0,1.0,1.0,0.1111111111111111,1649.09,1649.09,1.0,0.0,22.0,1.0,1.0,1.0,32.0,0.0,56.0,3,3.0,1,1,1,1,1,44,45,119,0.2253,0.0,0.3893,0.1815,T2,False,none
a2628787-19ee-426a-a995-99b8cd17d0a5,6.0,0.6666666666666666,4.0,17991.48,2998.58,1459.1483060470582,51,0,6.0,1.0,20.0,6.0,1.0,0.16666666666666666,6.0,1.0,11.0,6.0,1.0,0.16666666666666666,0.6666666666666666,2998.58,3912.96,0.21748961174956147,200.81166666666667,1.0,0.3333333333333333,5.0,0.3333333333333333,39.0,0.0,49.5,17,18.0,6,6,5,6,6,276,302,210,0.1869,0.0,0.5526,0.3216,T2,False,none
c26b353b-857a-4390-b665-13febe6e1604,3.0,0.3333333333333333,3.0,7989.27,2663.09,1064.4808330355224,33,1,3.0,1.0,18.0,3.0,1.0,0.3333333333333333,3.0,1.0,10.0,3.0,1.0,0.3333333333333333,0.3333333333333333,2663.09,3890.14,0.48692058223091716,109.59277777777778,4.0,0.0,3.0,0.3333333333333333,39.0,1.0,55.0,9,9.0,3,3,3,3,3,154,160,112,0.2905,0.0,0.3574,0.1777,T2,False,none
8ac4df84-1a7f-4e14-9dae-d67e08a0acb7,6.0,0.6666666666666666,5.0,12901.56,2150.2599999999998,1902.4847061461494,58,1,6.0,1.0,20.0,6.0,1.0,0.16666666666666666,5.0,1.2,13.0,5.0,1.0,0.3333333333333333,0.6666666666666666,2150.2599999999998,4875.87,0.3779287155971836,222.58166666666668,5.0,0.0,6.0,0.16666666666666666,46.0,0.0,51.833333333333336,17,18.0,6,5,6,6,5,308,333,119,0.2253,0.0,0.3893,0.1815,T2,False,none
b87d221e-b82c-4c1a-81c9-abe27a547860,5.0,0.5555555555555556,4.0,14646.44,2929.288,1358.9692781921158,24,1,5.0,1.0,21.0,5.0,1.0,0.2,5.0,1.0,11.0,5.0,1.0,0.2,0.5555555555555556,2929.288,4254.64,0.2904897026171548,165.78166666666667,3.0,0.2,4.0,0.4,44.0,2.0,26.0,14,15.0,5,5,4,5,5,242,261,80,0.3873,0.0,0.2639,0.1532,T2,False,none
4996406f-6df2-469c-9f33-a31ca684b8cc,1.0,0.1111111111111111,1.0,4019.91,4019.91,0.0,13,1,1.0,1.0,12.0,1.0,1.0,1.0,1.0,1.0,12.0,1.0,1.0,1.0,0.1111111111111111,4019.91,4019.91,1.0,0.0,7.0,0.0,1.0,1.0,33.0,1.0,99.0,3,3.0,1,1,1,1,1,53,54,83,0.4146,0.0,0.3286,0.1462,T2,False,none
2bad5557-7344-4351-bc95-c7cc982f7e0b,0.0,0.0,0.0,0.0,0.0,0.0,56,1,0.0,0.0,0.0,0.0,0.0,0.0,0.0,0.0,0.0,0.0,0.0,0.0,0.0,0.0,0.0,0.0,0.0,0.0,0.0,0.0,0.0,0.0,0.0,0.0,0,0.0,0,0,0,0,0,0,0,1,0.0,0.0,0.0,0.0,T2,False,none
76f46c36-730f-47f7-acb7-1234a37574a0,4.0,0.4444444444444444,4.0,15016.36,3754.09,924.4213740857936,85,0,4.0,1.0,15.0,4.0,1.0,0.25,4.0,1.0,10.0,4.0,1.0,0.25,0.4444444444444444,3754.09,4566.28,0.30408700910207265,197.15777777777777,21.0,0.25,4.0,0.25,46.0,2.0,50.0,12,12.0,4,4,4,4,4,196,210,119,0.2253,0.0,0.3893,0.1815,T2,False,none
a9d22d3f-621b-45ce-80a9-e37b22d9f642,5.0,0.5555555555555556,4.0,9105.24,1821.048,1387.2049064828168,87,0,5.0,1.0,18.0,5.0,1.0,0.2,5.0,1.0,9.0,5.0,1.0,0.2,0.5555555555555556,1821.048,3696.52,0.40597721751431043,119.80722222222222,8.0,0.0,4.0,0.4,44.0,2.0,55.6,14,15.0,5,5,4,5,5,220,234,75,0.4631,0.0,0.2745,0.1623,T2,False,none
32bb474e-e9f9-426b-8dd8-4e5aa0bc6c23,3.0,0.3333333333333333,3.0,6771.5,2257.1666666666665,429.6605939963932,42,1,3.0,1.0,19.0,3.0,1.0,0.3333333333333333,3.0,1.0,9.0,3.0,1.0,0.3333333333333333,0.3333333333333333,2257.1666666666665,2742.56,0.405015136971129,205.90916666666666,7.0,0.3333333333333333,3.0,0.3333333333333333,43.0,0.0,66.0,9,9.0,3,3,3,3,3,169,178,119,0.3255,0.0,0.3993,0.1775,T2,False,none
dbdf28de-b809-4796-800e-12ba09c67b59,4.0,0.4444444444444444,4.0,12722.48,3180.62,969.7551925443178,67,1,4.0,1.0,18.0,4.0,1.0,0.25,4.0,1.0,14.0,4.0,1.0,0.25,0.4444444444444444,3180.62,4518.51,0.3551595286453585,199.37722222222223,3.0,0.25,4.0,0.25,46.0,1.0,52.75,12,12.0,4,4,4,4,4,200,209,119,0.2253,0.0,0.3893,0.1815,T2,False,none
d2a43e30-3bb0-4d97-97b8-364b29a858c7,3.0,0.3333333333333333,3.0,3039.76,1013.2533333333334,917.805668773806,66,0,3.0,1.0,17.0,3.0,1.0,0.3333333333333333,3.0,1.0,5.0,3.0,1.0,0.3333333333333333,0.3333333333333333,1013.2533333333334,1926.03,0.6336125220412138,63.59111111111111,2.0,0.6666666666666666,3.0,0.3333333333333333,39.0,0.0,61.666666666666664,9,9.0,3,3,3,3,3,145,148,112,0.2905,0.0,0.3574,0.1777,T2,False,none
e55f2eb9-14c6-422b-9bc0-92237f797ff6,2.0,0.2222222222222222,2.0,4684.93,2342.465,2475.4040642388063,33,1,2.0,1.0,19.0,2.0,1.0,0.5,2.0,1.0,7.0,2.0,1.0,0.5,0.2222222222222222,2342.465,4092.84,0.8736181757251442,147.32083333333333,8.0,0.0,2.0,0.5,36.0,0.0,40.0,6,6.0,2,2,2,2,2,96,99,75,0.4631,0.0,0.2745,0.1623,T2,False,none
0d74a1a0-5e62-44e9-a13d-c2314c41dd64,2.0,0.2222222222222222,2.0,1201.48,600.74,785.9916136957187,69,0,2.0,1.0,20.0,2.0,1.0,0.5,2.0,1.0,9.0,2.0,1.0,0.5,0.2222222222222222,600.74,1156.52,0.9625794853014615,123.35638888888889,3.0,0.0,2.0,0.5,31.0,1.0,44.0,6,6.0,2,2,2,2,2,106,107,160,0.1969,0.0,0.388,0.2723,T2,False,none
178d9fd4-68a2-47b6-8fa8-2ec39cd80419,3.0,0.3333333333333333,3.0,12822.91,4274.303333333333,446.26101760442117,33,0,3.0,1.0,18.0,3.0,1.0,0.3333333333333333,3.0,1.0,10.0,3.0,1.0,0.3333333333333333,0.3333333333333333,4274.303333333333,4672.97,0.36442352009021356,181.7425,3.0,0.3333333333333333,3.0,0.3333333333333333,44.0,0.0,56.666666666666664,9,9.0,3,3,3,3,3,176,180,75,0.4631,0.0,0.2745,0.1623,T2,False,none
8218647c-1345-4166-a744-ec046e52c00f,4.0,0.4444444444444444,3.0,11914.98,2978.745,2048.8187691854705,97,1,4.0,1.0,16.0,4.0,1.0,0.25,4.0,1.0,9.0,4.0,1.0,0.25,0.4444444444444444,2978.745,4750.95,0.3987375555812935,124.88833333333334,12.0,0.0,4.0,0.25,37.0,1.0,81.75,12,12.0,4,4,4,4,4,192,199,80,0.4937,0.0,0.285,0.1235,T2,False,none
89fc8371-5bb8-43a2-8532-d99d1163c3c9,2.0,0.2222222222222222,2.0,4035.9900000000002,2017.9950000000001,316.53635059815804,79,1,2.0,1.0,15.0,2.0,1.0,0.5,2.0,1.0,8.0,2.0,1.0,0.5,0.2222222222222222,2017.9950000000001,2241.82,0.5554572731845223,147.4575,16.0,0.0,2.0,0.5,40.0,0.0,49.0,6,6.0,2,2,2,2,2,108,109,210,0.1869,0.0,0.5526,0.3216,T2,False,none
fde4251d-4c05-4636-9c78-0e0bafd25b8b,4.0,0.4444444444444444,3.0,14327.79,3581.9475,886.2551206199037,30,1,4.0,1.0,19.0,4.0,1.0,0.25,4.0,1.0,15.0,4.0,1.0,0.25,0.4444444444444444,3581.9475,4646.17,0.3242768075188148,139.39694444444444,0.0,0.0,4.0,0.25,44.0,2.0,60.75,12,12.0,4,4,4,4,4,212,227,136,0.2576,0.0,0.4342,0.2507,T2,False,none
788fed6c-9a9e-4b59-82dc-8e1b0544deb6,3.0,0.3333333333333333,3.0,5520.2699999999995,1840.09,995.9583408456399,18,1,3.0,1.0,18.0,3.0,1.0,0.3333333333333333,3.0,1.0,11.0,3.0,1.0,0.3333333333333333,0.3333333333333333,1840.09,2842.47,0.5149150313299893,183.24666666666667,5.0,0.0,3.0,0.3333333333333333,39.0,0.0,71.33333333333333,9,9.0,3,3,3,3,3,152,160,210,0.1869,0.0,0.5526,0.3216,T2,False,none
0bfe2c2b-e58f-4ae3-8beb-bf8a86b9513e,1.0,0.1111111111111111,1.0,191.65,191.65,0.0,78,1,1.0,1.0,7.0,1.0,1.0,1.0,1.0,1.0,6.0,1.0,1.0,1.0,0.1111111111111111,191.65,191.65,1.0,0.0,18.0,1.0,1.0,1.0,41.0,3.0,33.0,3,3.0,1,1,1,1,1,50,51,124,0.2408,0.0806,0.3579,0.2431,T2,False,none
39262c5a-5267-41cd-a307-91bd1722fe15,5.0,0.5555555555555556,5.0,16343.259999999998,3268.6519999999996,1255.1100932468032,58,0,5.0,1.0,19.0,5.0,1.0,0.2,5.0,1.0,10.0,5.0,1.0,0.2,0.5555555555555556,3268.6519999999996,4843.37,0.29635274724871297,132.82638888888889,1.0,0.2,5.0,0.2,36.0,3.0,76.0,15,15.0,5,5,5,5,5,238,253,211,0.1668,0.0,0.5966,0.3124,T2,False,none
c7119b3d-3513-4255-b03d-2019677d02fd,6.0,0.6666666666666666,5.0,18780.129999999997,3130.021666666666,1190.986792360296,48,0,6.0,1.0,20.0,6.0,1.0,0.16666666666666666,6.0,1.0,12.0,6.0,1.0,0.16666666666666666,0.6666666666666666,3130.021666666666,4310.82,0.22954154204470364,214.30777777777777,2.0,0.16666666666666666,5.0,0.3333333333333333,34.0,3.0,48.666666666666664,17,18.0,6,6,5,6,6,247,267,119,0.3255,0.0,0.3993,0.1775,T2,False,none
adf77d05-811c-4134-ad04-b240371fab59,3.0,0.3333333333333333,3.0,7361.54,2453.846666666667,1858.6201087455536,86,0,3.0,1.0,15.0,3.0,1.0,0.3333333333333333,3.0,1.0,9.0,3.0,1.0,0.3333333333333333,0.3333333333333333,2453.846666666667,4597.67,0.6245527430401792,150.93,6.0,0.3333333333333333,3.0,0.3333333333333333,44.0,3.0,81.33333333333333,9,9.0,3,3,3,3,3,161,166,136,0.2576,0.0,0.4342,0.2507,T2,False,none
8e28447a-ca08-405f-8573-dc2aa5934f32,3.0,0.3333333333333333,2.0,1925.29,641.7633333333333,321.6589315304852,67,1,3.0,1.0,18.0,3.0,1.0,0.3333333333333333,3.0,1.0,11.0,3.0,1.0,0.3333333333333333,0.3333333333333333,641.7633333333333,967.7,0.5026255784842804,95.80444444444444,8.0,0.3333333333333333,3.0,0.3333333333333333,42.0,3.0,59.0,9,9.0,3,3,3,3,3,148,155,119,0.2635,0.0,0.3946,0.1939,T2,False,none
82027595-2196-4a16-8488-39e556beb30c,8.0,0.8888888888888888,6.0,21496.31,2687.03875,1782.3645171948854,43,1,8.0,1.0,21.0,8.0,1.0,0.125,8.0,1.0,11.0,8.0,1.0,0.125,0.8888888888888888,2687.03875,4953.55,0.2304372238770282,192.83138888888888,23.0,0.375,8.0,0.125,37.0,3.0,43.875,24,24.0,8,8,8,8,8,353,402,210,0.1869,0.0,0.5526,0.3216,T2,False,none
55df3574-8dea-4a89-a5a1-f4b544072fa4,3.0,0.3333333333333333,2.0,3370.69,1123.5633333333333,348.3860630584027,18,0,3.0,1.0,16.0,3.0,1.0,0.3333333333333333,3.0,1.0,13.0,3.0,1.0,0.3333333333333333,0.3333333333333333,1123.5633333333333,1326.93,0.3936671720033584,23.23472222222222,6.0,0.0,3.0,0.3333333333333333,46.0,3.0,55.0,9,9.0,3,3,3,3,3,171,176,80,0.4259,0.0,0.2617,0.1285,T2,False,none
9d506d3e-11d9-48ad-8b3c-528a85f542d4,2.0,0.2222222222222222,2.0,7409.92,3704.96,139.8515791830752,73,1,2.0,1.0,19.0,2.0,1.0,0.5,2.0,1.0,11.0,2.0,1.0,0.5,0.2222222222222222,3704.96,3803.85,0.5133456231646225,165.02138888888888,13.0,0.0,2.0,0.5,41.0,0.0,71.5,6,6.0,2,2,2,2,2,120,125,211,0.1668,0.0,0.5966,0.3124,T2,False,none
08de59a6-082c-42e5-829a-ce08c961578c,5.0,0.5555555555555556,5.0,14373.45,2874.69,1243.9371473872786,22,1,5.0,1.0,20.0,5.0,1.0,0.2,5.0,1.0,9.0,5.0,1.0,0.2,0.5555555555555556,2874.69,4197.54,0.292034271521451,147.01916666666668,17.0,0.4,5.0,0.2,36.0,1.0,49.8,15,15.0,5,5,5,5,5,226,244,211,0.1668,0.0,0.5966,0.3124,T2,False,none
2549f235-4e7a-4142-a799-4d7c72bd40df,1.0,0.1111111111111111,1.0,4511.53,4511.53,0.0,97,1,1.0,1.0,17.0,1.0,1.0,1.0,1.0,1.0,4.0,1.0,1.0,1.0,0.1111111111111111,4511.53,4511.53,1.0,0.0,4.0,0.0,1.0,1.0,41.0,1.0,14.0,3,3.0,1,1,1,1,1,56,59,69,0.4288,0.0,0.2614,0.1292,T2,False,none
cbc06998-2897-46d7-93a0-b1ffdb19a100,1.0,0.1111111111111111,1.0,2507.1,2507.1,0.0,53,1,1.0,1.0,9.0,1.0,1.0,1.0,1.0,1.0,8.0,1.0,1.0,1.0,0.1111111111111111,2507.1,2507.1,1.0,0.0,7.0,0.0,1.0,1.0,27.0,0.0,93.0,3,3.0,1,1,1,1,1,41,41,75,0.4631,0.0,0.2745,0.1623,T2,False,none
ceba0031-9859-47b0-af99-9bd7b2413edb,3.0,0.3333333333333333,3.0,10794.56,3598.1866666666665,671.1886657515406,43,1,3.0,1.0,18.0,3.0,1.0,0.3333333333333333,3.0,1.0,11.0,3.0,1.0,0.3333333333333333,0.3333333333333333,3598.1866666666665,4026.89,0.37304809089022617,185.69555555555556,2.0,0.0,3.0,0.3333333333333333,36.0,0.0,51.333333333333336,9,9.0,3,3,3,3,3,156,161,211,0.1668,0.0,0.5966,0.3124,T2,False,none
825028a2-b479-463f-856f-acea54ac5821,3.0,0.3333333333333333,2.0,10742.66,3580.8866666666668,1870.9329236862911,33,1,3.0,1.0,18.0,3.0,1.0,0.3333333333333333,3.0,1.0,11.0,3.0,1.0,0.3333333333333333,0.3333333333333333,3580.8866666666668,4917.72,0.45777489001792854,48.379444444444445,0.0,0.0,3.0,0.3333333333333333,38.0,0.0,35.333333333333336,9,9.0,3,3,3,3,3,160,165,211,0.1668,0.0,0.5966,0.3124,T2,False,none
b8131ee1-c3f7-4137-bc73-1de9a54bed4a,2.0,0.2222222222222222,2.0,3732.42,1866.21,364.4852614304178,75,0,2.0,1.0,14.0,2.0,1.0,0.5,2.0,1.0,9.0,2.0,1.0,0.5,0.2222222222222222,1866.21,2123.94,0.569051714437282,52.43555555555555,2.0,0.0,2.0,0.5,44.0,2.0,59.0,6,6.0,2,2,2,2,2,114,114,136,0.2576,0.0,0.4342,0.2507,T2,False,none
53187212-8953-44f6-8df2-a83839a8a57b,2.0,0.2222222222222222,2.0,3219.0,1609.5,804.588522040925,63,1,2.0,1.0,18.0,2.0,1.0,0.5,2.0,1.0,13.0,2.0,1.0,0.5,0.2222222222222222,1609.5,2178.43,0.6767412239826033,80.89305555555555,9.0,0.0,2.0,0.5,35.0,1.0,43.5,6,6.0,2,2,2,2,2,115,118,119,0.3255,0.0,0.3993,0.1775,T2,False,none
45b0c24a-e75e-4ffc-89fb-ae1fd4d429bd,4.0,0.4444444444444444,2.0,11192.55,2798.1375,724.6458375130569,23,1,4.0,1.0,21.0,4.0,1.0,0.25,4.0,1.0,10.0,4.0,1.0,0.25,0.4444444444444444,2798.1375,3755.95,0.33557589646684627,38.42666666666667,6.0,0.0,4.0,0.25,38.0,2.0,39.5,12,12.0,4,4,4,4,4,215,229,210,0.1869,0.0,0.5526,0.3216,T2,False,none
316af6c5-208e-4b30-9ab8-596a3bf14559,4.0,0.4444444444444444,4.0,6798.049999999999,1699.5124999999998,2039.4045740914185,73,0,4.0,1.0,21.0,4.0,1.0,0.25,4.0,1.0,15.0,4.0,1.0,0.25,0.4444444444444444,1699.5124999999998,4257.91,0.6263428483167968,82.5411111111111,9.0,0.25,4.0,0.25,37.0,0.0,60.25,12,12.0,4,4,4,4,4,204,221,210,0.1869,0.0,0.5526,0.3216,T2,False,none
af929f29-c912-469c-807d-3d016ab3419a,1.0,0.1111111111111111,1.0,4669.63,4669.63,0.0,88,0,1.0,1.0,16.0,1.0,1.0,1.0,1.0,1.0,6.0,1.0,1.0,1.0,0.1111111111111111,4669.63,4669.63,1.0,0.0,23.0,1.0,1.0,1.0,40.0,1.0,39.0,3,3.0,1,1,1,1,1,56,59,124,0.2408,0.0806,0.3579,0.2431,T2,False,none
dc8aef9d-d10e-4eea-821f-a6deefdbf09c,3.0,0.3333333333333333,3.0,9406.86,3135.6200000000003,1551.5989762499844,90,1,3.0,1.0,14.0,3.0,1.0,0.3333333333333333,3.0,1.0,10.0,3.0,1.0,0.3333333333333333,0.3333333333333333,3135.6200000000003,4372.72,0.46484374169489073,177.10222222222222,9.0,0.0,3.0,0.3333333333333333,35.0,0.0,52.333333333333336,9,9.0,3,3,3,3,3,140,147,160,0.1969,0.0,0.388,0.2723,T2,False,none
514a4817-6a4f-4397-b454-cbe90a217cf8,1.0,0.1111111111111111,1.0,997.39,997.39,0.0,12,0,1.0,1.0,14.0,1.0,1.0,1.0,1.0,1.0,5.0,1.0,1.0,1.0,0.1111111111111111,997.39,997.39,1.0,0.0,21.0,0.0,1.0,1.0,35.0,1.0,28.0,3,3.0,1,1,1,1,1,50,51,210,0.1869,0.0,0.5526,0.3216,T2,False,none
c57bf342-e447-4d36-b15f-7167d8a49aa3,9.0,1.0,6.0,23991.6,2665.733333333333,1440.7893833416458,42,1,9.0,1.0,19.0,9.0,1.0,0.1111111111111111,9.0,1.0,12.0,9.0,1.0,0.1111111111111111,1.0,2665.733333333333,4829.86,0.20131462678604178,214.94972222222222,4.0,0.0,9.0,0.1111111111111111,44.0,2.0,55.44444444444444,27,27.0,9,9,9,9,9,408,450,124,0.2408,0.0806,0.3579,0.2431,T2,False,none
2b6885de-419f-45b2-81d9-b77aa4f5cf27,5.0,0.5555555555555556,4.0,16886.69,3377.3379999999997,1511.0933865482966,88,1,5.0,1.0,15.0,5.0,1.0,0.2,5.0,1.0,9.0,5.0,1.0,0.2,0.5555555555555556,3377.3379999999997,4741.29,0.28077083193923735,160.27,0.0,0.2,5.0,0.2,39.0,2.0,47.0,15,15.0,5,5,5,5,5,232,245,210,0.1869,0.0,0.5526,0.3216,T2,False,none
6694dfca-355a-4360-abc1-d5b2166c20a6,1.0,0.1111111111111111,1.0,1318.82,1318.82,0.0,54,1,1.0,1.0,12.0,1.0,1.0,1.0,1.0,1.0,8.0,1.0,1.0,1.0,0.1111111111111111,1318.82,1318.82,1.0,0.0,19.0,0.0,1.0,1.0,37.0,3.0,92.0,3,3.0,1,1,1,1,1,54,54,80,0.4937,0.0,0.285,0.1235,T2,False,none
de594305-495f-4551-965d-2d525ae795fd,3.0,0.3333333333333333,2.0,9047.48,3015.8266666666664,2545.5615509418217,49,0,3.0,1.0,17.0,3.0,1.0,0.3333333333333333,3.0,1.0,8.0,3.0,1.0,0.3333333333333333,0.3333333333333333,3015.8266666666664,4659.55,0.5150108096398114,122.62555555555555,10.0,0.0,3.0,0.3333333333333333,42.0,3.0,52.666666666666664,9,9.0,3,3,3,3,3,157,165,119,0.2635,0.0,0.3946,0.1939,T2,False,none
b0944281-809c-41c7-bbde-141d763d6694,0.0,0.0,0.0,0.0,0.0,0.0,32,0,0.0,0.0,0.0,0.0,0.0,0.0,0.0,0.0,0.0,0.0,0.0,0.0,0.0,0.0,0.0,0.0,0.0,0.0,0.0,0.0,0.0,0.0,0.0,0.0,0,0.0,0,0,0,0,0,0,0,1,0.0,0.0,0.0,0.0,T2,False,none
9f478dee-903a-485b-86bd-e75b6c29d2b9,5.0,0.5555555555555556,4.0,11469.4,2293.88,1538.819704887483,71,1,5.0,1.0,19.0,5.0,1.0,0.2,5.0,1.0,10.0,5.0,1.0,0.2,0.5555555555555556,2293.88,4116.08,0.35887491935061994,168.67666666666668,3.0,0.4,5.0,0.2,41.0,1.0,48.0,15,15.0,5,5,5,5,5,239,254,69,0.4288,0.0,0.2614,0.1292,T2,False,none
5fcabf2a-2b95-4f22-8b36-452a11ce34ee,0.0,0.0,0.0,0.0,0.0,0.0,11,1,0.0,0.0,0.0,0.0,0.0,0.0,0.0,0.0,0.0,0.0,0.0,0.0,0.0,0.0,0.0,0.0,0.0,0.0,0.0,0.0,0.0,0.0,0.0,0.0,0,0.0,0,0,0,0,0,0,0,1,0.0,0.0,0.0,0.0,T2,False,none
5838978d-2100-404e-a9dd-8d5c59845ea8,2.0,0.2222222222222222,2.0,2987.8900000000003,1493.9450000000002,25.44877305490393,38,1,2.0,1.0,15.0,2.0,1.0,0.5,2.0,1.0,9.0,2.0,1.0,0.5,0.2222222222222222,1493.9450000000002,1511.94,0.5060226447426109,155.68777777777777,10.0,0.0,2.0,0.5,33.0,1.0,66.0,6,6.0,2,2,2,2,2,95,97,80,0.4937,0.0,0.285,0.1235,T2,False,none
e0e14e18-6c6a-4ebc-9a4a-727e628409b4,1.0,0.1111111111111111,1.0,3606.39,3606.39,0.0,12,1,1.0,1.0,18.0,1.0,1.0,1.0,1.0,1.0,7.0,1.0,1.0,1.0,0.1111111111111111,3606.39,3606.39,1.0,0.0,22.0,0.0,1.0,1.0,29.0,2.0,84.0,3,3.0,1,1,1,1,1,50,51,119,0.2635,0.0,0.3946,0.1939,T2,False,none
f147c7fc-2d8a-4ddf-b8d1-ffb41b06bbc1,4.0,0.4444444444444444,4.0,16969.07,4242.2675,297.56142484927966,93,1,4.0,1.0,14.0,4.0,1.0,0.25,3.0,1.3333333333333333,9.0,3.0,1.0,0.5,0.4444444444444444,4242.2675,4485.18,0.2643150154958404,130.68444444444444,5.0,0.0,4.0,0.25,33.0,0.0,51.25,11,12.0,4,3,4,4,3,178,186,210,0.1869,0.0,0.5526,0.3216,T2,False,none
5d39751d-0f72-4597-8954-76a4800ee042,6.0,0.6666666666666666,5.0,15166.84,2527.806666666667,1525.837878657712,65,0,6.0,1.0,17.0,6.0,1.0,0.16666666666666666,6.0,1.0,12.0,6.0,1.0,0.16666666666666666,0.6666666666666666,2527.806666666667,4673.86,0.3081630715429186,172.94972222222222,17.0,0.16666666666666666,6.0,0.16666666666666666,43.0,3.0,45.0,18,18.0,6,6,6,6,6,291,320,160,0.1969,0.0,0.388,0.2723,T2,False,none
839c65a6-fe3f-4ba7-99da-ba00f9b34b6a,6.0,0.6666666666666666,4.0,6803.96,1133.9933333333333,968.6679463400586,25,0,6.0,1.0,17.0,6.0,1.0,0.16666666666666666,6.0,1.0,9.0,6.0,1.0,0.16666666666666666,0.6666666666666666,1133.9933333333333,2859.79,0.4203125826724437,172.72,14.0,0.0,6.0,0.16666666666666666,40.0,2.0,59.666666666666664,18,18.0,6,6,6,6,6,288,308,210,0.1869,0.0,0.5526,0.3216,T2,False,none
dc850166-da20-4b26-8da1-aab67824c511,4.0,0.4444444444444444,4.0,6190.64,1547.66,1273.7033825031635,65,1,4.0,1.0,23.0,4.0,1.0,0.25,4.0,1.0,7.0,4.0,1.0,0.25,0.4444444444444444,1547.66,3422.33,0.5528232945220526,158.68666666666667,0.0,0.25,4.0,0.25,41.0,2.0,62.25,12,12.0,4,4,4,4,4,211,225,210,0.1869,0.0,0.5526,0.3216,T2,False,none
7771cb6f-0498-47e7-96f5-4daf84f1e4cf,1.0,0.1111111111111111,1.0,3200.27,3200.27,0.0,27,1,1.0,1.0,14.0,1.0,1.0,1.0,1.0,1.0,9.0,1.0,1.0,1.0,0.1111111111111111,3200.27,3200.27,1.0,0.0,7.0,0.0,1.0,1.0,26.0,3.0,60.0,3,3.0,1,1,1,1,1,44,46,124,0.2408,0.0806,0.3579,0.2431,T2,False,none
ffee7cd1-46de-47d4-86ab-28ba3ee6c384,4.0,0.4444444444444444,4.0,5579.35,1394.8375,1411.4882035491241,75,1,4.0,1.0,17.0,4.0,1.0,0.25,4.0,1.0,9.0,4.0,1.0,0.25,0.4444444444444444,1394.8375,3459.53,0.6200596843718355,164.08055555555555,5.0,0.0,4.0,0.25,38.0,3.0,74.0,12,12.0,4,4,4,4,4,200,207,210,0.1869,0.0,0.5526,0.3216,T2,False,none
6c5545c7-989a-4e22-8da1-b8050b7b7c9e,3.0,0.3333333333333333,3.0,11172.65,3724.2166666666667,928.2365984129979,31,1,3.0,1.0,21.0,3.0,1.0,0.3333333333333333,3.0,1.0,9.0,3.0,1.0,0.3333333333333333,0.3333333333333333,3724.2166666666667,4353.19,0.3896291390135733,36.845555555555556,6.0,0.6666666666666666,3.0,0.3333333333333333,33.0,0.0,58.666666666666664,9,9.0,3,3,3,3,3,145,149,210,0.1869,0.0,0.5526,0.3216,T2,False,none
c6767958-3377-4ed0-bbdb-1637e884a899,3.0,0.3333333333333333,3.0,7214.8,2404.9333333333334,1389.0609423035887,69,0,3.0,1.0,18.0,3.0,1.0,0.3333333333333333,3.0,1.0,9.0,3.0,1.0,0.3333333333333333,0.3333333333333333,2404.9333333333334,3497.51,0.48476880856018184,113.14333333333333,15.0,0.3333333333333333,2.0,0.6666666666666666,35.0,1.0,64.33333333333333,8,9.0,3,3,2,3,3,120,121,211,0.1668,0.0,0.5966,0.3124,T2,False,none
c4daaad3-b242-406c-a1d3-50c839f44e28,3.0,0.3333333333333333,2.0,9039.060000000001,3013.0200000000004,568.2615271158168,97,0,3.0,1.0,22.0,3.0,1.0,0.3333333333333333,3.0,1.0,9.0,3.0,1.0,0.3333333333333333,0.3333333333333333,3013.0200000000004,3530.34,0.39056494812513687,37.97361111111111,6.0,0.0,3.0,0.3333333333333333,36.0,0.0,45.666666666666664,9,9.0,3,3,3,3,3,153,159,124,0.2408,0.0806,0.3579,0.2431,T2,False,none
