account_id,acct_tx_count,acct_tx_velocity,acct_active_days,acct_amount_total,acct_amount_avg,acct_amount_std,acct_age_days,acct_kyc_unverified,dev_unique_count,dev_tx_per_device,dev_max_accts_per_device,dev_shared_count,dev_shared_ratio,dev_concentration,net_unique_ip_count,net_tx_per_ip,net_max_accts_per_ip,net_shared_ip_count,net_shared_ip_ratio,net_ip_concentration,tx_velocity,tx_amount_mean,tx_amount_max,tx_amount_concentration,tx_time_spread_hours,tx_hour_mode,tx_weekend_ratio,merch_unique_count,merch_concentration,merch_max_accts_per_merchant,merch_top_category,merch_avg_age_days,graph_degree,graph_weighted_degree,graph_connected_devices,graph_connected_ips,graph_connected_merchants,graph_shared_devices,graph_shared_ips,graph_proj_degree,graph_proj_weighted_degree,graph_community_size,graph_community_density,graph_community_fraud_ratio,graph_community_shared_device_ratio,graph_community_shared_ip_ratio,phase,is_fraud_account,fraud_cluster_id,device_drift_score,network_drift_score,merchant_drift_score,graph_drift_score,community_drift_score,account_drift_score,transaction_drift_score,behavioral_drift_score,relational_drift_score,account_genome_drift,relational_anomaly_score,net_ip_persistence_score,merch_persistence_score,dev_mutation_score,relational_stability_score,topology_drift_score,behavioral_shift_score,genome_drift_score
3293e810-8fb4-42d6-b5c3-11b967920cec,3.0,0.3333333333333333,3.0,9455.61,3151.8700000000003,2213.7711014465795,77,0,1.0,3.0,10.0,1.0,1.0,1.0,2.0,1.5,3.0,2.0,1.0,0.6666666666666666,0.3333333333333333,3151.8700000000003,4928.51,0.5212260234929317,117.31666666666666,4.0,0.3333333333333333,1.0,1.0,18.0,2.0,37.0,4,9.0,1,2,1,1,2,29,29,129,0.1169,0.0,0.1879,0.1099,T3,False,none,0.591098,0.539038,0.763769,0.666314,0.675501,0.624172,0.391588,0.537194,0.656329,0.600733,0.280979,1.5,18.0,0.25,6.333333,14.5,0.33333,2.694444
087b38e2-9611-4614-b0d1-e678fe4359f1,0.0,0.0,0.0,0.0,0.0,0.0,52,0,0.0,0.0,0.0,0.0,0.0,0.0,0.0,0.0,0.0,0.0,0.0,0.0,0.0,0.0,0.0,0.0,0.0,0.0,0.0,0.0,0.0,0.0,0.0,0.0,0,0.0,0,0,0,0,0,0,0,1,0.0,0.0,0.0,0.0,T3,False,none,2.767811,2.428211,2.297128,2.075966,2.409508,1.494739,1.781581,1.954088,2.265693,2.120277,0.0,0.0,0.0,0.0,0.0,0.0,0.0,0.0
d544c8f4-67ea-4616-bff8-1781d458079c,3.0,0.3333333333333333,3.0,8671.05,2890.35,2129.079125255799,35,1,1.0,3.0,8.0,1.0,1.0,1.0,2.0,1.5,3.0,1.0,0.5,0.6666666666666666,0.3333333333333333,2890.35,4376.11,0.504680517353723,107.16111111111111,0.0,0.0,2.0,0.6666666666666666,21.0,0.0,38.333333333333336,5,9.0,1,2,2,1,1,46,46,108,0.1587,0.0,0.2348,0.071,T3,False,none,0.472232,0.774565,0.357447,0.351423,0.625422,0.52681,0.499242,0.502027,0.50413,0.503149,0.054428,0.75,14.0,0.083333,7.5,23.0,0.499993,2.777778
1aeeef32-ba70-48d6-9c7c-0a28be73e955,3.0,0.3333333333333333,3.0,13150.32,4383.44,883.5343640176085,57,0,1.0,3.0,11.0,1.0,1.0,1.0,1.0,3.0,5.0,1.0,1.0,1.0,0.3333333333333333,4383.44,4961.22,0.37726990673991206,104.11,7.0,0.6666666666666666,3.0,0.3333333333333333,26.0,0.0,82.66666666666667,5,9.0,1,1,3,1,1,77,78,95,0.2056,0.0211,0.1855,0.0916,T3,False,none,0.650531,0.550371,1.162257,0.696925,0.105784,0.6012,0.748803,0.664496,0.658707,0.661408,0.322803,1.0,8.666667,0.083333,9.0,38.5,0.99997,3.361111
5799f55c-506b-42a2-886b-e44c148beb85,3.0,0.3333333333333333,2.0,6098.85,2032.95,947.4267555331126,83,0,2.0,1.5,11.0,2.0,1.0,0.6666666666666666,1.0,3.0,4.0,1.0,1.0,1.0,0.3333333333333333,2032.95,2963.84,0.485967026570583,192.88222222222223,12.0,0.0,1.0,1.0,27.0,2.0,54.0,4,9.0,2,1,1,2,1,44,44,89,0.2523,0.0,0.1667,0.1056,T3,False,none,0.677235,0.577315,0.799482,0.56302,0.277908,0.529798,0.586441,0.590804,0.568338,0.578822,0.303376,0.666667,27.0,0.4,9.333333,14.666667,0.33333,3.466667
2e94cfaf-3ab7-4d59-9501-ea5856cc3bfc,4.0,0.4444444444444444,4.0,11795.56,2948.89,1735.1607930678933,65,0,2.0,2.0,12.0,2.0,1.0,0.75,1.0,4.0,6.0,1.0,1.0,1.0,0.4444444444444444,2948.89,4980.05,0.42219699615787637,158.0525,1.0,0.25,3.0,0.5,24.0,2.0,41.5,6,12.0,2,1,3,2,1,82,84,154,0.1225,0.0,0.2652,0.1509,T3,False,none,0.62771,0.751513,0.635151,0.836299,1.400021,0.622729,0.585794,0.611841,0.867151,0.748006,0.538822,0.666667,12.0,0.166667,8.333333,27.333333,0.888871,3.055556
b43be182-9bb2-4581-95e9-491474acbfb2,6.0,0.6666666666666666,5.0,9753.16,1625.5266666666666,998.8886179082565,94,0,3.0,2.0,7.0,3.0,1.0,0.6666666666666666,2.0,3.0,6.0,2.0,1.0,0.8333333333333334,0.6666666666666666,1625.5266666666666,3137.38,0.3216783073383396,160.65805555555556,1.0,0.3333333333333333,4.0,0.3333333333333333,25.0,0.0,73.83333333333333,9,18.0,3,2,4,3,2,89,91,198,0.0889,0.0,0.2489,0.1724,T3,False,none,0.889003,0.480049,1.252116,1.578205,1.848264,1.004949,0.718455,0.876324,1.280741,1.092013,0.971393,0.75,8.333333,0.111111,8.666667,22.25,1.99994,3.175926
5e1bdc01-72ca-4101-ba81-2077e959ada6,4.0,0.4444444444444444,4.0,11155.81,2788.9525,854.3126024422598,41,0,1.0,4.0,3.0,1.0,1.0,1.0,1.0,4.0,3.0,1.0,1.0,1.0,0.4444444444444444,2788.9525,3884.17,0.3481746282878608,226.43583333333333,3.0,0.25,3.0,0.5,25.0,1.0,72.5,5,12.0,1,1,3,1,1,69,70,121,0.174,0.0,0.2013,0.1186,T3,False,none,0.807887,0.778458,0.735883,0.634649,0.581664,0.528491,0.573548,0.623337,0.682861,0.655083,0.322002,1.0,12.5,0.1,8.666667,34.5,0.888871,3.255556
6b0e34f4-bdcf-4610-945c-20d9d09d7a8e,7.0,0.7777777777777778,4.0,15169.57,2167.0814285714287,1898.4334460060181,51,1,2.0,3.5,11.0,2.0,1.0,0.8571428571428571,3.0,2.3333333333333335,5.0,3.0,1.0,0.7142857142857143,0.7777777777777778,2167.0814285714287,4978.91,0.32821695011790053,185.94722222222222,12.0,0.2857142857142857,4.0,0.5714285714285714,27.0,2.0,40.0,9,21.0,2,3,4,2,3,108,109,121,0.1789,0.0083,0.2434,0.1287,T3,False,none,0.629486,0.747701,0.90256,1.793821,0.804265,1.019776,0.835924,0.84698,1.181685,1.02549,1.166565,1.333333,15.428571,0.126984,9.666667,36.0,1.361087,3.708995
805fec30-97b7-4e16-ad7b-b22ce278381b,5.0,0.5555555555555556,4.0,17290.54,3458.108,800.4493541255434,43,0,1.0,5.0,3.0,1.0,1.0,1.0,2.0,2.5,4.0,2.0,1.0,0.6,0.5555555555555556,3458.108,4653.94,0.2691610556986652,107.08333333333333,0.0,0.4,2.0,0.8,19.0,2.0,35.2,5,15.0,1,2,2,1,2,40,41,154,0.1225,0.0,0.2652,0.1509,T3,False,none,0.915794,0.444481,0.422192,0.472064,1.400021,0.880561,0.752093,0.847805,0.609438,0.720676,0.314382,1.5,15.2,0.133333,6.666667,20.0,0.694436,2.766667
8cfc1dd3-baed-45b0-b9ed-c4930a985d1e,5.0,0.5555555555555556,4.0,13253.54,2650.708,1259.6905227951825,45,0,1.0,5.0,9.0,1.0,1.0,1.0,3.0,1.6666666666666667,5.0,3.0,1.0,0.6,0.5555555555555556,2650.708,4309.38,0.3251493563229145,176.60555555555555,6.0,0.2,3.0,0.6,19.0,2.0,89.8,7,15.0,1,3,3,1,3,70,70,89,0.2523,0.0,0.1667,0.1056,T3,False,none,0.74748,0.879037,0.842708,1.067918,0.277908,0.651091,0.542683,0.642495,0.842111,0.748957,0.727346,2.0,11.4,0.1,6.666667,35.0,0.92591,2.922222
203cf68e-f1be-4d78-99fb-54f7b8a86029,4.0,0.4444444444444444,3.0,10723.94,2680.985,1442.2533525586502,94,0,1.0,4.0,6.0,1.0,1.0,1.0,1.0,4.0,4.0,1.0,1.0,1.0,0.4444444444444444,2680.985,4367.99,0.4073120513542597,225.79305555555555,6.0,0.0,2.0,0.75,21.0,0.0,36.0,4,12.0,1,1,2,1,1,45,45,108,0.1587,0.0,0.2348,0.071,T3,False,none,0.629588,0.697421,0.407519,0.459094,0.625422,0.584412,0.629401,0.612316,0.535653,0.571429,0.055696,1.0,15.75,0.15,7.333333,22.5,0.592585,2.827778
1c5da11d-cc2b-4717-b5d8-a5f7338b7c35,2.0,0.2222222222222222,2.0,4214.06,2107.03,515.5374120274881,92,0,2.0,1.0,7.0,2.0,1.0,0.5,2.0,1.0,5.0,2.0,1.0,0.5,0.2222222222222222,2107.03,2471.57,0.5865056501331257,74.32333333333334,17.0,0.5,2.0,0.5,25.0,2.0,30.0,6,6.0,2,2,2,2,2,63,63,121,0.1789,0.0083,0.2434,0.1287,T3,False,none,0.652915,0.599624,0.567673,0.545622,0.804265,0.814747,0.703078,0.731286,0.606823,0.664906,0.397294,1.0,12.5,0.25,8.666667,21.0,0.444436,3.305556
5ef8aa61-595d-45f9-885a-88ba1d3bb4a7,3.0,0.3333333333333333,3.0,6627.17,2209.056666666667,1691.9690931672874,79,0,2.0,1.5,9.0,2.0,1.0,0.6666666666666666,1.0,3.0,3.0,1.0,1.0,1.0,0.3333333333333333,2209.056666666667,4038.36,0.6093641780729935,128.23722222222221,0.0,0.0,3.0,0.3333333333333333,16.0,0.0,59.333333333333336,6,9.0,2,1,3,2,1,55,55,198,0.0889,0.0,0.2489,0.1724,T3,False,none,0.55837,0.658352,0.991849,0.55135,1.848264,0.489066,0.491623,0.509719,0.886023,0.710415,0.378538,0.666667,5.333333,0.133333,5.666667,18.333333,0.99997,2.155556
a72444aa-6451-4dda-b587-c76f2c01d0fb,6.0,0.6666666666666666,4.0,15049.71,2508.285,1430.4061952851014,79,0,2.0,3.0,5.0,2.0,1.0,0.8333333333333334,1.0,6.0,3.0,1.0,1.0,1.0,0.6666666666666666,2508.285,3882.97,0.2580096227767844,234.14027777777778,1.0,0.0,3.0,0.5,27.0,0.0,68.5,6,18.0,2,1,3,2,1,69,69,198,0.0889,0.0,0.2489,0.1724,T3,False,none,0.490399,1.01867,0.956375,0.814699,1.848264,0.919389,0.912606,0.79456,1.067468,0.940111,0.526432,0.666667,13.5,0.125,9.333333,23.0,1.333307,3.375
4ba44689-d3f4-4118-8313-750e54d48a39,2.0,0.2222222222222222,2.0,7542.54,3771.27,639.2386723282624,84,0,2.0,1.0,7.0,2.0,1.0,0.5,1.0,2.0,6.0,1.0,1.0,1.0,0.2222222222222222,3771.27,4223.28,0.5599280878855133,159.14944444444444,0.0,0.0,2.0,0.5,22.0,2.0,69.0,5,6.0,2,1,2,2,1,55,55,50,0.2482,0.04,0.0909,0.0909,T3,False,none,0.652915,0.568228,0.480714,0.43841,0.707334,0.808293,0.786739,0.756715,0.524498,0.632866,0.162324,0.666667,11.0,0.25,7.666667,18.333333,0.444436,2.861111
78bf3570-fc4d-463f-95ff-6b55079d5d3e,3.0,0.3333333333333333,2.0,6332.87,2110.9566666666665,1735.724568079087,42,1,1.0,3.0,8.0,1.0,1.0,1.0,1.0,3.0,1.0,0.0,0.0,1.0,0.3333333333333333,2110.9566666666665,3767.06,0.5948424647908452,104.36333333333333,4.0,0.3333333333333333,2.0,0.6666666666666666,16.0,1.0,74.66666666666667,4,9.0,1,1,2,1,0,33,34,154,0.1225,0.0,0.2652,0.1509,T3,False,none,0.472232,1.595179,0.49263,0.69542,1.400021,0.497847,0.232908,0.402215,0.995545,0.718658,0.143837,0.0,10.666667,0.0,5.666667,16.5,0.499993,1.888889
922a5ab3-cd23-45cb-ab97-7d94395a752d,2.0,0.2222222222222222,2.0,8108.24,4054.12,210.2369881823841,56,0,1.0,2.0,8.0,1.0,1.0,1.0,2.0,1.0,5.0,2.0,1.0,0.5,0.2222222222222222,4054.12,4202.78,0.5183344350931891,73.15083333333334,21.0,0.0,2.0,0.5,23.0,2.0,61.0,5,6.0,1,2,2,1,2,50,50,50,0.2482,0.04,0.0909,0.0909,T3,False,none,0.454251,0.599624,0.449446,0.365449,0.707334,0.755952,0.949328,0.73421,0.498473,0.608484,0.220924,1.5,11.5,0.166667,8.0,25.0,0.444436,3.222222
154eb094-759d-4733-9009-5101cdf161cc,4.0,0.4444444444444444,4.0,13773.0,3443.25,983.2084012388558,70,1,1.0,4.0,8.0,1.0,1.0,1.0,3.0,1.3333333333333333,5.0,3.0,1.0,0.5,0.4444444444444444,3443.25,4374.41,0.3176076381325782,141.4261111111111,2.0,0.25,2.0,0.5,22.0,0.0,63.0,6,12.0,1,3,2,1,3,53,54,95,0.2056,0.0211,0.1855,0.0916,T3,False,none,0.58014,0.984182,0.531001,0.682337,0.105784,0.658542,0.593133,0.614338,0.630177,0.622786,0.454669,2.0,11.0,0.1,8.0,26.5,0.888871,3.366667
a8d87576-3457-420a-85e5-aacba9d17f34,5.0,0.5555555555555556,4.0,14110.220000000001,2822.0440000000003,1811.8054251436604,44,1,1.0,5.0,10.0,1.0,1.0,1.0,2.0,2.5,4.0,2.0,1.0,0.6,0.5555555555555556,2822.0440000000003,4929.65,0.34936733800039965,172.96194444444444,1.0,0.2,1.0,1.0,22.0,0.0,31.0,4,15.0,1,2,1,1,2,35,35,95,0.2056,0.0211,0.1855,0.0916,T3,False,none,0.806913,0.444481,0.817608,0.680019,0.105784,0.785526,0.729557,0.77298,0.554093,0.65624,0.249373,1.5,22.0,0.166667,8.0,17.5,0.55555,3.222222
2f3cdc27-644e-497f-b11b-66517fe4b2ad,2.0,0.2222222222222222,2.0,4346.75,2173.375,1908.2478571847003,75,0,1.0,2.0,7.0,1.0,1.0,1.0,1.0,2.0,2.0,1.0,1.0,1.0,0.2222222222222222,2173.375,3522.71,0.8104238799102778,28.65,11.0,0.0,2.0,0.5,25.0,2.0,28.0,4,6.0,1,1,2,1,1,51,51,121,0.1789,0.0083,0.2434,0.1287,T3,False,none,0.444267,0.67621,0.584458,0.447044,0.804265,0.751799,0.690043,0.643347,0.5925,0.616229,0.182615,1.0,12.5,0.166667,8.666667,25.5,0.444436,3.277778
5af89def-1172-4344-9eac-88b0761222e9,3.0,0.3333333333333333,3.0,6961.16,2320.3866666666668,2419.3170537226683,73,0,1.0,3.0,6.0,1.0,1.0,1.0,1.0,3.0,4.0,1.0,1.0,1.0,0.3333333333333333,2320.3866666666668,4846.78,0.6962603933827121,80.82555555555555,2.0,0.3333333333333333,2.0,0.6666666666666666,24.0,1.0,47.333333333333336,4,9.0,1,1,2,1,1,51,52,84,0.204,0.0,0.1092,0.124,T3,False,none,0.521681,0.577315,0.181793,0.393662,0.51107,0.561866,0.470205,0.519831,0.415004,0.463923,0.155489,1.0,16.0,0.166667,8.333333,25.5,0.499993,3.166667
2b9e873a-fa2e-4082-ba27-6981b85b4f38,8.0,0.8888888888888888,7.0,13345.45,1668.18125,995.7310354198138,64,1,4.0,2.0,12.0,4.0,1.0,0.5,2.0,4.0,4.0,2.0,1.0,0.75,0.8888888888888888,1668.18125,3345.3,0.2506697039065749,175.6425,10.0,0.25,3.0,0.625,26.0,0.0,94.625,9,24.0,4,2,3,4,2,97,98,95,0.2056,0.0211,0.1855,0.0916,T3,False,none,1.700734,0.526975,1.047612,1.955621,0.105784,1.337315,0.837243,1.274458,1.100985,1.181939,0.68377,0.6,16.25,0.208333,9.333333,19.4,1.422199,3.380556
57b5b124-b739-4c84-b202-6c57faaa2db4,3.0,0.3333333333333333,3.0,7878.57,2626.19,1835.7317779839186,35,1,1.0,3.0,6.0,1.0,1.0,1.0,2.0,1.5,5.0,2.0,1.0,0.6666666666666666,0.3333333333333333,2626.19,4745.2,0.6022920403068069,115.76333333333334,4.0,0.3333333333333333,3.0,0.3333333333333333,22.0,3.0,57.333333333333336,6,9.0,1,2,3,1,2,74,75,67,0.2687,0.0,0.1443,0.07,T3,False,none,0.521681,0.431056,0.887845,0.698009,0.56421,0.446526,0.336865,0.431445,0.64852,0.547218,0.456509,1.5,7.333333,0.083333,8.0,37.0,0.99997,3.194444
c685bbc7-57de-4890-aad5-2a0b03310e87,3.0,0.3333333333333333,2.0,11273.24,3757.7466666666664,728.9776133965522,104,1,1.0,3.0,9.0,1.0,1.0,1.0,2.0,1.5,8.0,2.0,1.0,0.6666666666666666,0.3333333333333333,3757.7466666666664,4416.53,0.3917711323452707,42.38583333333333,1.0,0.0,2.0,0.6666666666666666,28.0,0.0,87.66666666666667,5,9.0,1,2,2,1,2,61,62,134,0.1691,0.0224,0.2258,0.1728,T3,False,none,0.531665,0.674167,0.830379,0.40296,1.123263,0.810381,0.796289,0.726051,0.679858,0.701415,0.624425,1.5,18.666667,0.166667,10.0,30.5,0.499993,3.888889
b8e3bb04-e9b2-4e5b-8ed2-b9e821c377dd,1.0,0.1111111111111111,1.0,4403.95,4403.95,0.0,92,0,1.0,1.0,9.0,1.0,1.0,1.0,1.0,1.0,3.0,1.0,1.0,1.0,0.1111111111111111,4403.95,4403.95,1.0,0.0,1.0,0.0,1.0,1.0,22.0,2.0,74.0,3,3.0,1,1,1,1,1,31,31,198,0.0889,0.0,0.2489,0.1724,T3,False,none,0.621592,0.715278,0.787977,0.847569,1.848264,1.325402,1.311053,1.11953,0.968864,1.039175,0.331296,1.0,22.0,0.5,7.666667,15.5,0.11111,3.055556
143e48b5-c1d4-4197-844c-0cd5eddb20b2,2.0,0.2222222222222222,2.0,4838.8099999999995,2419.4049999999997,1572.3438518498426,90,0,1.0,2.0,7.0,1.0,1.0,1.0,2.0,1.0,2.0,2.0,1.0,0.5,0.2222222222222222,2419.4049999999997,3531.22,0.7297703360950316,162.1002777777778,3.0,0.0,2.0,0.5,19.0,3.0,27.0,5,6.0,1,2,2,1,2,40,40,121,0.174,0.0,0.2013,0.1186,T3,False,none,0.444267,0.788643,0.728843,0.461929,0.581664,0.735295,0.549896,0.590344,0.619171,0.605718,0.202369,1.5,9.5,0.166667,6.666667,20.0,0.444436,2.777778
7e93cd81-74ca-48b1-a417-231c0d9a4432,8.0,0.8888888888888888,6.0,16455.44,2056.93,1666.75195137986,72,1,3.0,2.6666666666666665,10.0,3.0,1.0,0.625,1.0,8.0,2.0,1.0,1.0,1.0,0.8888888888888888,2056.93,4877.75,0.2964217304429417,139.43194444444444,3.0,0.125,5.0,0.5,23.0,1.0,52.125,9,24.0,3,1,5,3,1,118,120,110,0.1928,0.0091,0.1832,0.0943,T3,False,none,1.027368,1.339918,0.89287,2.110963,0.231917,1.400057,0.885829,1.122165,1.351258,1.244348,0.802412,0.5,11.5,0.136364,8.333333,29.5,1.777742,2.989899
86f78b90-130d-4274-994a-b15f58e36fcc,5.0,0.5555555555555556,4.0,11915.11,2383.022,1374.041836742972,47,0,1.0,5.0,7.0,1.0,1.0,1.0,1.0,5.0,3.0,1.0,1.0,1.0,0.5555555555555556,2383.022,3616.5,0.30352216639208535,94.53333333333333,7.0,0.2,1.0,1.0,19.0,1.0,46.0,3,15.0,1,1,1,1,1,26,26,198,0.0889,0.0,0.2489,0.1724,T3,False,none,0.678062,0.898564,0.570687,0.854033,1.848264,0.60074,0.327922,0.531893,0.97184,0.766531,0.320767,1.0,19.0,0.166667,6.666667,13.0,0.55555,2.611111
2ce43d57-58bb-4685-8a25-412b3ed4e97b,3.0,0.3333333333333333,2.0,7652.74,2550.9133333333334,1547.5266656291687,66,0,1.0,3.0,4.0,1.0,1.0,1.0,1.0,3.0,3.0,1.0,1.0,1.0,0.3333333333333333,2550.9133333333334,3777.43,0.4936049049098754,69.42444444444445,6.0,0.3333333333333333,3.0,0.3333333333333333,28.0,0.0,70.33333333333333,5,9.0,1,1,3,1,1,71,72,30,0.8828,0.0333,0.0244,0.0217,T3,False,none,0.640547,0.658352,1.130492,0.639037,3.2248,0.426848,0.212154,0.41634,1.177213,0.822139,0.965517,1.0,9.333333,0.083333,9.666667,35.5,0.99997,3.583333
240ea0eb-6168-45bc-a750-8eb4c5388951,3.0,0.3333333333333333,3.0,6853.870000000001,2284.6233333333334,2219.408298653795,68,1,1.0,3.0,6.0,1.0,1.0,1.0,1.0,3.0,5.0,1.0,1.0,1.0,0.3333333333333333,2284.6233333333334,4498.81,0.6563897476899911,156.29888888888888,5.0,0.0,2.0,0.6666666666666666,25.0,0.0,76.0,4,9.0,1,1,2,1,1,55,55,43,0.4131,0.0,0.082,0.0328,T3,False,none,0.521681,0.550371,0.624855,0.427481,1.59323,0.499131,0.497634,0.505075,0.693614,0.605629,0.325454,1.0,16.666667,0.166667,9.0,27.5,0.499993,3.388889
dab82313-1c5b-4f10-9685-80e09e0d3bc2,5.0,0.5555555555555556,5.0,12252.11,2450.422,1722.2916555914678,55,0,1.0,5.0,9.0,1.0,1.0,1.0,1.0,5.0,6.0,1.0,1.0,1.0,0.5555555555555556,2450.422,4634.75,0.37828178166862686,140.48722222222221,10.0,0.2,3.0,0.6,19.0,2.0,46.6,5,15.0,1,1,3,1,1,65,65,89,0.2321,0.0,0.0992,0.0863,T3,False,none,0.74748,0.871619,0.508177,0.647969,0.403244,0.726323,0.502688,0.657823,0.633971,0.645102,0.26706,1.0,11.4,0.1,6.666667,32.5,0.92591,2.588889
6f3afb74-d859-48e3-a726-4f035896ed37,2.0,0.2222222222222222,2.0,5975.94,2987.97,1358.5076901512189,89,1,2.0,1.0,10.0,2.0,1.0,0.5,1.0,2.0,6.0,1.0,1.0,1.0,0.2222222222222222,2987.97,3948.58,0.660746259165922,44.05638888888889,1.0,0.5,1.0,1.0,25.0,0.0,50.0,4,6.0,2,1,1,2,1,44,45,95,0.2056,0.0211,0.1855,0.0916,T3,False,none,0.781766,0.568228,0.794811,0.614932,0.105784,0.729622,0.674224,0.726054,0.555873,0.635291,0.253129,0.666667,25.0,0.5,9.0,14.666667,0.22222,3.388889
48336f20-ce2f-4fcb-a835-fb5b5b17225b,6.0,0.6666666666666666,4.0,15076.32,2512.72,1355.707571049155,70,1,2.0,3.0,8.0,2.0,1.0,0.6666666666666666,2.0,3.0,10.0,2.0,1.0,0.8333333333333334,0.6666666666666666,2512.72,4305.07,0.2855517792140257,90.41361111111111,9.0,0.5,2.0,0.8333333333333334,22.0,0.0,27.333333333333332,6,18.0,2,2,2,2,2,64,64,110,0.1928,0.0091,0.1832,0.0943,T3,False,none,0.462964,0.804197,0.55214,0.626863,0.231917,0.85129,0.616696,0.662142,0.589805,0.623562,0.542988,1.0,18.333333,0.208333,8.0,21.333333,0.79999,3.069444
cf713618-1bc6-4206-8719-080b4e2afd35,4.0,0.4444444444444444,3.0,8026.45,2006.6125,1253.3676232022538,92,1,1.0,4.0,5.0,1.0,1.0,1.0,2.0,2.0,6.0,2.0,1.0,0.75,0.4444444444444444,2006.6125,3644.2,0.4540238835350622,102.79722222222222,3.0,0.75,1.0,1.0,25.0,3.0,36.0,4,12.0,1,2,1,1,2,34,34,129,0.1169,0.0,0.1879,0.1099,T3,False,none,0.689021,0.397782,0.964938,0.632982,0.675501,0.500507,0.48096,0.547852,0.650426,0.602559,0.399377,1.5,25.0,0.2,9.0,17.0,0.44444,3.566667
19edd3f4-9246-478c-81c2-a269b711c3ef,3.0,0.3333333333333333,2.0,7551.07,2517.023333333333,2289.6363132675315,49,0,2.0,1.5,9.0,2.0,1.0,0.6666666666666666,1.0,3.0,6.0,1.0,1.0,1.0,0.3333333333333333,2517.023333333333,4842.65,0.6413197070084107,81.74972222222222,3.0,0.6666666666666666,2.0,0.6666666666666666,19.0,1.0,74.0,5,9.0,2,1,2,2,1,49,49,198,0.0889,0.0,0.2489,0.1724,T3,False,none,0.55837,0.631408,0.379422,0.359838,1.848264,0.514618,0.581311,0.549349,0.679882,0.618966,0.281081,0.666667,12.666667,0.266667,6.666667,16.333333,0.499993,2.533333
6b31f8a5-8c8f-4e3e-affe-57ac38cb1c33,8.0,0.8888888888888888,6.0,7443.45,930.43125,1330.3944336327745,95,1,1.0,8.0,9.0,1.0,1.0,1.0,3.0,2.6666666666666665,5.0,3.0,1.0,0.75,0.8888888888888888,930.43125,4054.91,0.5447621734545137,183.94333333333333,21.0,0.0,1.0,1.0,17.0,0.0,35.0,5,24.0,1,3,1,1,3,30,30,67,0.2469,0.0,0.1605,0.1111,T3,False,none,1.071202,0.764483,0.917066,1.122756,0.434357,1.439769,1.231134,1.264919,0.875602,1.057284,0.56926,2.0,17.0,0.111111,6.333333,15.0,0.88888,2.814815
46bc9d53-0695-4d2f-916d-41be35aaa5ec,6.0,0.6666666666666666,4.0,18094.370000000003,3015.728333333334,1557.2755808323288,99,0,1.0,6.0,2.0,1.0,1.0,1.0,2.0,3.0,8.0,2.0,1.0,0.8333333333333334,0.6666666666666666,3015.728333333334,4970.85,0.2747180476579179,148.995,17.0,0.16666666666666666,1.0,1.0,27.0,2.0,54.0,4,18.0,1,2,1,1,2,36,36,89,0.2523,0.0,0.1667,0.1056,T3,False,none,1.083134,0.642123,0.799482,0.727056,0.277908,1.182275,0.945768,1.075113,0.646053,0.846281,0.554848,1.5,27.0,0.142857,9.333333,18.0,0.66666,3.65873
d2954e79-1e28-4912-a29b-9738e38209f3,2.0,0.2222222222222222,2.0,5981.08,2990.54,2017.969616421417,51,1,2.0,1.0,9.0,2.0,1.0,0.5,1.0,2.0,4.0,1.0,1.0,1.0,0.2222222222222222,2990.54,4417.46,0.7385722979796291,37.144444444444446,12.0,0.5,1.0,1.0,28.0,2.0,91.0,4,6.0,2,1,1,2,1,43,43,95,0.2056,0.0211,0.1855,0.0916,T3,False,none,0.722333,0.514136,1.145873,0.629353,0.105784,0.671728,0.768186,0.718339,0.620895,0.666369,0.243089,0.666667,28.0,0.5,10.0,14.333333,0.22222,3.722222
a03377f6-031f-4a24-8e52-fbcfd2de5d3f,6.0,0.6666666666666666,6.0,22934.98,3822.4966666666664,786.3499854560093,33,0,2.0,3.0,7.0,2.0,1.0,0.8333333333333334,3.0,2.0,8.0,3.0,1.0,0.5,0.6666666666666666,3822.4966666666664,4618.75,0.20138452268107493,197.2475,4.0,0.3333333333333333,3.0,0.3333333333333333,21.0,1.0,69.0,8,18.0,2,3,3,2,3,77,79,198,0.0889,0.0,0.2489,0.1724,T3,False,none,0.371533,1.147222,0.711301,1.273168,1.848264,1.407533,0.955788,0.960952,1.220475,1.099364,1.045278,1.333333,7.0,0.083333,7.333333,25.666667,1.99994,2.916667
c1a90a59-f86f-48d1-9d0c-df75bbd01253,4.0,0.4444444444444444,4.0,9016.62,2254.155,1476.0765111267096,48,1,1.0,4.0,7.0,1.0,1.0,1.0,2.0,2.0,3.0,2.0,1.0,0.5,0.4444444444444444,2254.155,3514.86,0.389820132155952,173.53805555555556,4.0,0.0,4.0,0.25,23.0,2.0,80.5,7,12.0,1,2,4,1,2,80,83,198,0.0889,0.0,0.2489,0.1724,T3,False,none,0.570155,0.5875,1.197113,0.950005,1.848264,0.426544,0.474874,0.483686,1.060569,0.791357,0.748009,1.5,5.75,0.05,8.333333,40.0,1.777707,3.294444
4f618524-8a37-4af0-baa0-dc853597ba5f,4.0,0.4444444444444444,4.0,8450.630000000001,2112.6575000000003,1788.1492921523638,57,1,1.0,4.0,9.0,1.0,1.0,1.0,2.0,2.0,6.0,2.0,1.0,0.75,0.4444444444444444,2112.6575000000003,4603.37,0.5447369012724494,180.61555555555555,2.0,0.0,1.0,1.0,11.0,0.0,93.0,4,12.0,1,2,1,1,2,27,27,121,0.1789,0.0083,0.2434,0.1287,T3,False,none,0.639573,0.397782,1.396326,0.700518,0.804265,0.471561,0.607671,0.564934,0.787085,0.683415,0.383219,1.5,11.0,0.2,4.333333,13.5,0.44444,2.011111
7d8cf0de-ec16-478d-9e85-1cedaf82c6dc,2.0,0.2222222222222222,2.0,1634.22,817.11,254.58672549840455,54,0,1.0,2.0,5.0,1.0,1.0,1.0,2.0,1.0,5.0,2.0,1.0,0.5,0.2222222222222222,817.11,997.13,0.6101565272729498,118.48166666666667,20.0,0.0,2.0,0.5,21.0,0.0,73.0,5,6.0,1,2,2,1,2,46,46,110,0.1928,0.0091,0.1832,0.0943,T3,False,none,0.563133,0.599624,0.604469,0.404041,0.231917,0.878989,1.114577,0.867274,0.466005,0.653264,0.161173,1.5,10.5,0.166667,7.333333,23.0,0.444436,3.0
8d21bd23-5141-4946-87a3-462d3251fa12,3.0,0.3333333333333333,2.0,7607.629999999999,2535.8766666666666,1286.2052121000495,94,0,1.0,3.0,6.0,1.0,1.0,1.0,1.0,3.0,5.0,1.0,1.0,1.0,0.3333333333333333,2535.8766666666666,3873.87,0.5092085182901903,150.44361111111112,15.0,0.0,2.0,0.6666666666666666,23.0,1.0,64.0,4,9.0,1,1,2,1,1,47,47,96,0.2355,0.0,0.1833,0.0828,T3,False,none,0.521681,0.550371,0.270083,0.42489,0.215092,0.529953,0.499011,0.517275,0.389042,0.448885,0.10461,1.0,15.333333,0.166667,8.0,23.5,0.499993,3.055556
1c3ba851-70b0-428b-934d-7e5e4f6586ff,6.0,0.6666666666666666,6.0,8150.67,1358.445,915.8766263367571,53,0,2.0,3.0,7.0,2.0,1.0,0.8333333333333334,1.0,6.0,3.0,1.0,1.0,1.0,0.6666666666666666,1358.445,2921.2,0.3583999842957695,168.845,0.0,0.3333333333333333,5.0,0.3333333333333333,29.0,1.0,80.0,8,18.0,2,1,5,2,1,122,126,89,0.2523,0.0,0.1667,0.1056,T3,False,none,0.371533,1.01867,1.464894,1.684442,0.277908,0.899076,0.799106,0.715026,1.237838,0.993859,0.93861,0.666667,9.666667,0.083333,10.0,40.666667,1.99994,3.583333
a4c177cd-7a24-4dff-827c-bfed8ec272f9,7.0,0.7777777777777778,6.0,16697.239999999998,2385.3199999999997,1738.189403411876,49,0,2.0,3.5,9.0,2.0,1.0,0.8571428571428571,3.0,2.3333333333333335,4.0,3.0,1.0,0.5714285714285714,0.7777777777777778,2385.3199999999997,4867.0,0.2914852993668415,206.94861111111112,4.0,0.0,5.0,0.2857142857142857,23.0,1.0,60.714285714285715,10,21.0,2,3,5,2,3,117,120,198,0.0889,0.0,0.2489,0.1724,T3,False,none,0.51062,0.867659,1.122918,2.059853,1.848264,1.186127,0.938803,0.910684,1.531345,1.241703,1.361914,1.333333,6.571429,0.063492,8.0,39.0,2.722127,3.132275
7d6032ae-2bf0-4519-bdf5-fd43553ef91f,1.0,0.1111111111111111,1.0,1804.18,1804.18,0.0,106,1,1.0,1.0,10.0,1.0,1.0,1.0,1.0,1.0,2.0,1.0,1.0,1.0,0.1111111111111111,1804.18,1804.18,1.0,0.0,22.0,0.0,1.0,1.0,27.0,2.0,91.0,3,3.0,1,1,1,1,1,36,36,121,0.174,0.0,0.2013,0.1186,T3,False,none,0.681025,0.796315,1.110002,0.799329,0.581664,1.275837,1.419922,1.153919,0.827022,0.979574,0.28895,1.0,27.0,0.5,9.666667,18.0,0.11111,3.722222
8208f49f-4942-4da1-9b91-f55b7e88b5c8,5.0,0.5555555555555556,5.0,7861.92,1572.384,1094.1252046635248,96,0,2.0,2.5,8.0,2.0,1.0,0.8,1.0,5.0,3.0,1.0,1.0,1.0,0.5555555555555556,1572.384,3441.59,0.4377543907849482,191.01277777777779,5.0,0.2,2.0,0.8,21.0,3.0,103.2,5,15.0,2,1,2,2,1,51,51,154,0.1225,0.0,0.2652,0.1509,T3,False,none,0.321003,0.898564,0.884087,0.416196,1.400021,0.857476,0.540721,0.598613,0.798236,0.705079,0.21193,0.666667,16.8,0.228571,7.333333,17.0,0.694436,2.742857
150a6d3a-8af3-48db-93d3-8f90c3a42423,1.0,0.1111111111111111,1.0,959.21,959.21,0.0,39,0,1.0,1.0,4.0,1.0,1.0,1.0,1.0,1.0,8.0,1.0,1.0,1.0,0.1111111111111111,959.21,959.21,1.0,0.0,22.0,1.0,1.0,1.0,24.0,2.0,95.0,3,3.0,1,1,1,1,1,33,33,134,0.1691,0.0224,0.2258,0.1728,T3,False,none,0.730473,0.850408,1.035959,0.828273,1.123263,1.210246,1.843322,1.284193,0.92624,1.093285,0.512185,1.0,24.0,0.5,8.333333,16.5,0.11111,3.277778
ccafbb14-067a-48f9-83d6-87bc78282058,3.0,0.3333333333333333,3.0,9055.34,3018.4466666666667,2011.2206918270642,54,0,1.0,3.0,5.0,1.0,1.0,1.0,2.0,1.5,7.0,2.0,1.0,0.6666666666666666,0.3333333333333333,3018.4466666666667,4635.35,0.511891326002116,142.19722222222222,0.0,0.6666666666666666,1.0,1.0,29.0,0.0,43.0,4,9.0,1,2,1,1,2,41,41,154,0.1225,0.0,0.2652,0.1509,T3,False,none,0.581114,0.59313,0.967995,0.550538,1.400021,0.440208,0.649608,0.550267,0.789737,0.677984,0.603198,1.5,29.0,0.25,10.0,20.5,0.33333,3.916667
d50586ae-7eb3-423e-aa4e-894e0483c536,5.0,0.5555555555555556,5.0,11806.54,2361.308,1345.045093991276,97,1,1.0,5.0,7.0,1.0,1.0,1.0,4.0,1.25,5.0,4.0,1.0,0.4,0.5555555555555556,2361.308,4310.18,0.36506715769395603,206.26555555555555,7.0,0.4,3.0,0.4,26.0,1.0,73.8,8,15.0,1,4,3,1,4,69,72,110,0.1791,0.0,0.2044,0.1366,T3,False,none,0.678062,1.483893,0.85638,1.41427,0.622351,0.865504,0.549273,0.706539,1.183462,0.960898,1.105681,2.5,10.4,0.066667,9.333333,34.5,1.388854,3.966667
c486a064-0a25-40f8-a4de-5505d2da8f8e,4.0,0.4444444444444444,4.0,10402.14,2600.535,421.49708053555923,44,1,2.0,2.0,7.0,2.0,1.0,0.75,1.0,4.0,6.0,1.0,1.0,1.0,0.4444444444444444,2600.535,3016.41,0.2899797541659697,113.06222222222222,7.0,0.5,2.0,0.75,24.0,2.0,83.25,5,12.0,2,1,2,2,1,61,61,134,0.1691,0.0224,0.2258,0.1728,T3,False,none,0.379993,0.751513,0.579678,0.454521,1.123263,0.538431,0.3776,0.439553,0.6663,0.560485,0.387579,0.666667,18.0,0.25,8.666667,20.333333,0.592585,3.194444
91bcdee7-e196-42a8-88d2-9d2884338e4f,3.0,0.3333333333333333,3.0,5969.700000000001,1989.9000000000003,1827.5410071185818,99,1,2.0,1.5,6.0,2.0,1.0,0.6666666666666666,1.0,3.0,3.0,1.0,1.0,1.0,0.3333333333333333,1989.9000000000003,3857.96,0.6462569308340452,96.41583333333334,3.0,0.3333333333333333,1.0,1.0,20.0,0.0,99.0,4,9.0,2,1,1,2,1,30,30,95,0.2056,0.0211,0.1855,0.0916,T3,False,none,0.548385,0.658352,1.123843,0.698092,0.105784,0.653829,0.32773,0.515003,0.678137,0.602008,0.134731,0.666667,20.0,0.4,7.333333,10.0,0.33333,2.8
0147fe94-8cf6-4bea-914b-d26c2d38c966,7.0,0.7777777777777778,5.0,24425.33,3489.3328571428574,440.2315129078595,60,1,1.0,7.0,9.0,1.0,1.0,1.0,3.0,2.3333333333333335,5.0,3.0,1.0,0.5714285714285714,0.7777777777777778,3489.3328571428574,4109.51,0.1682478803766418,185.51777777777778,7.0,0.2857142857142857,4.0,0.42857142857142855,27.0,0.0,75.14285714285714,8,21.0,1,3,4,1,3,102,102,110,0.1928,0.0091,0.1832,0.0943,T3,False,none,0.963294,0.840714,1.264641,1.659677,0.231917,1.417956,0.836372,1.094191,1.134677,1.115784,1.015468,2.0,11.571429,0.053571,9.666667,51.0,1.814772,3.906746
0aa8a202-2a00-4b69-bcc9-a6c95d157d2a,2.0,0.2222222222222222,2.0,4402.86,2201.43,291.86539500255947,68,0,1.0,2.0,9.0,1.0,1.0,1.0,1.0,2.0,2.0,1.0,1.0,1.0,0.2222222222222222,2201.43,2407.81,0.5468740773042977,88.91833333333334,2.0,0.5,1.0,1.0,22.0,3.0,32.0,3,6.0,1,1,1,1,1,30,30,198,0.0889,0.0,0.2489,0.1724,T3,False,none,0.513684,0.67621,0.890896,0.800533,1.848264,0.709373,0.522037,0.591016,0.962899,0.789354,0.331296,1.0,22.0,0.333333,7.666667,15.0,0.22222,3.0
60d76671-f3bc-4b0e-90d2-782c7337a7dd,4.0,0.4444444444444444,4.0,12255.869999999999,3063.9674999999997,1955.300894975417,36,1,1.0,4.0,6.0,1.0,1.0,1.0,1.0,4.0,6.0,1.0,1.0,1.0,0.4444444444444444,3063.9674999999997,4995.08,0.4075663335201826,193.61277777777778,1.0,0.0,2.0,0.75,28.0,0.0,101.75,4,12.0,1,1,2,1,1,56,56,134,0.1691,0.0224,0.2258,0.1728,T3,False,none,0.629588,0.751513,0.979062,0.452037,1.123263,0.713151,0.804388,0.719688,0.748574,0.735094,0.432855,1.0,21.0,0.15,10.0,28.0,0.592585,3.716667
b8719caa-f404-41f6-a476-d28a1a5c0860,2.0,0.2222222222222222,2.0,8294.74,4147.37,1005.265426541667,82,1,1.0,2.0,11.0,1.0,1.0,1.0,1.0,2.0,2.0,1.0,1.0,1.0,0.2222222222222222,4147.37,4858.2,0.5856964775267217,174.3563888888889,9.0,0.0,2.0,0.5,26.0,1.0,77.5,4,6.0,1,1,2,1,1,57,57,96,0.2355,0.0,0.1833,0.0828,T3,False,none,0.63255,0.67621,0.613854,0.503462,0.215092,0.755542,0.847544,0.751069,0.521585,0.628678,0.164365,1.0,13.0,0.166667,9.333333,28.5,0.444436,3.5
61fc2c08-20c1-493c-b54d-8f214874b970,3.0,0.3333333333333333,3.0,6616.7,2205.5666666666666,1355.470789295488,32,0,2.0,1.5,7.0,2.0,1.0,0.6666666666666666,1.0,3.0,4.0,1.0,1.0,1.0,0.3333333333333333,2205.5666666666666,3769.06,0.5696283645926217,154.00444444444443,1.0,0.3333333333333333,2.0,0.6666666666666666,24.0,2.0,95.0,5,9.0,2,1,2,2,1,51,53,95,0.2056,0.0211,0.1855,0.0916,T3,False,none,0.488952,0.577315,0.647799,0.352679,0.105784,0.413151,0.352911,0.414728,0.429172,0.422432,0.08089,0.666667,16.0,0.266667,8.333333,17.0,0.499993,3.088889
980c53a0-c135-49a8-9ed5-001389d88741,1.0,0.1111111111111111,1.0,2499.43,2499.43,0.0,55,1,1.0,1.0,6.0,1.0,1.0,1.0,1.0,1.0,1.0,0.0,0.0,1.0,0.1111111111111111,2499.43,2499.43,1.0,0.0,19.0,1.0,1.0,1.0,23.0,0.0,55.0,3,3.0,1,1,1,1,0,27,27,121,0.1789,0.0083,0.2434,0.1287,T3,False,none,0.611607,1.652105,0.765032,1.026393,0.804265,0.924582,1.412514,0.997804,1.091349,1.047695,0.218198,0.0,23.0,0.0,8.0,13.5,0.11111,2.666667
64fc78f4-efb2-4e81-8e73-98030779f667,2.0,0.2222222222222222,2.0,2600.04,1300.02,726.0289586510996,51,0,2.0,1.0,5.0,2.0,1.0,0.5,2.0,1.0,5.0,2.0,1.0,0.5,0.2222222222222222,1300.02,1813.4,0.6974508084491008,192.13694444444445,16.0,0.0,1.0,1.0,21.0,1.0,45.0,5,6.0,2,2,1,2,2,32,33,154,0.1225,0.0,0.2652,0.1509,T3,False,none,0.771781,0.599624,0.507338,0.643526,1.400021,0.72797,1.058287,0.850593,0.730261,0.786416,0.390131,1.0,21.0,0.5,7.333333,10.666667,0.22222,2.944444
b4cdae6a-b340-4000-bb8c-a5f319245bdc,7.0,0.7777777777777778,6.0,15525.48,2217.925714285714,1767.7350994503026,70,0,2.0,3.5,7.0,2.0,1.0,0.8571428571428571,2.0,3.5,3.0,2.0,1.0,0.8571428571428571,0.7777777777777778,2217.925714285714,4698.74,0.3026470035064938,225.7938888888889,15.0,0.14285714285714285,3.0,0.5714285714285714,25.0,1.0,97.14285714285714,7,21.0,2,2,3,2,2,79,79,89,0.2321,0.0,0.0992,0.0863,T3,False,none,0.441203,0.582549,0.890042,0.997921,0.403244,1.245953,1.0292,0.943773,0.77249,0.852422,0.523414,1.0,14.285714,0.126984,8.666667,26.333333,1.361087,3.26455
06b952ba-596a-427d-a229-4e8197a14d52,2.0,0.2222222222222222,2.0,7169.48,3584.74,258.50409706617813,51,0,1.0,2.0,2.0,1.0,1.0,1.0,2.0,1.0,7.0,2.0,1.0,0.5,0.2222222222222222,3584.74,3767.53,0.5254955729006846,66.09833333333333,17.0,0.5,2.0,0.5,23.0,2.0,39.5,5,6.0,1,2,2,1,2,51,51,89,0.2321,0.0,0.0992,0.0863,T3,False,none,0.741431,0.761698,0.416203,0.359862,0.403244,0.713592,0.721262,0.724103,0.479289,0.593535,0.295522,1.5,11.5,0.166667,8.0,25.5,0.444436,3.222222
e2faecf3-267c-4289-b576-9f3ad62d78f4,4.0,0.4444444444444444,3.0,9364.550000000001,2341.1375000000003,1673.496995722331,43,0,2.0,2.0,6.0,2.0,1.0,0.5,1.0,4.0,4.0,1.0,1.0,1.0,0.4444444444444444,2341.1375000000003,4824.64,0.5152025457710194,102.26694444444445,0.0,0.0,2.0,0.5,22.0,2.0,51.5,5,12.0,2,1,2,2,1,49,50,198,0.0889,0.0,0.2489,0.1724,T3,False,none,0.604441,0.697421,0.333847,0.369973,1.848264,0.409241,0.510117,0.498637,0.690691,0.601066,0.232655,0.666667,11.0,0.166667,7.666667,16.333333,0.888871,2.833333
e0f9edda-eed9-46cd-8d81-94022774897f,2.0,0.2222222222222222,1.0,1356.77,678.385,126.67817984957006,51,1,1.0,2.0,7.0,1.0,1.0,1.0,1.0,2.0,2.0,1.0,1.0,1.0,0.2222222222222222,678.385,767.96,0.5660207699167877,6.883055555555556,1.0,1.0,2.0,0.5,21.0,1.0,26.5,4,6.0,1,1,2,1,1,42,43,198,0.0889,0.0,0.2489,0.1724,T3,False,none,0.444267,0.67621,0.397298,0.525042,1.848264,1.014464,1.35968,0.966622,0.756758,0.854694,0.222126,1.0,10.5,0.166667,7.666667,21.0,0.444436,2.944444
ec33d997-e384-47f0-b7fc-293ebb4bfab9,5.0,0.5555555555555556,5.0,17685.230000000003,3537.0460000000007,1849.1777172651637,72,1,1.0,5.0,4.0,1.0,1.0,1.0,2.0,2.5,6.0,2.0,1.0,0.6,0.5555555555555556,3537.0460000000007,4730.68,0.2674932698076304,226.6861111111111,1.0,0.4,2.0,0.8,23.0,1.0,32.6,5,15.0,1,2,2,1,2,54,54,198,0.0889,0.0,0.2489,0.1724,T3,False,none,0.856361,0.498573,0.336919,0.402244,1.848264,1.092891,0.977062,0.986701,0.65372,0.809111,0.4633,1.5,18.4,0.133333,8.333333,27.0,0.694436,3.322222
42a8a15c-0c00-4fb6-9df7-e010074b21cd,7.0,0.7777777777777778,7.0,20133.23,2876.175714285714,1339.305804174401,86,1,3.0,2.3333333333333335,8.0,3.0,1.0,0.5714285714285714,3.0,2.3333333333333335,8.0,3.0,1.0,0.7142857142857143,0.7777777777777778,2876.175714285714,4773.56,0.23709856789000078,231.18722222222223,3.0,0.0,5.0,0.2857142857142857,24.0,2.0,85.0,11,21.0,3,3,5,3,3,124,128,121,0.1789,0.0083,0.2434,0.1287,T3,True,cluster_005,0.925881,0.990812,1.444284,2.493451,0.804265,1.47497,1.095379,1.191557,1.617684,1.418825,1.500843,1.0,6.857143,0.085714,8.666667,31.0,2.722127,3.250794
73fc9c10-5813-4c33-99c2-2165b3963ba8,6.0,0.6666666666666666,5.0,22527.43,3754.5716666666667,892.3529662508366,36,0,3.0,2.0,8.0,3.0,1.0,0.6666666666666666,3.0,2.0,4.0,3.0,1.0,0.5,0.6666666666666666,3754.5716666666667,4871.08,0.21622883746614682,209.78277777777777,3.0,0.16666666666666666,3.0,0.3333333333333333,23.0,1.0,58.0,9,18.0,3,3,3,3,3,74,74,198,0.0889,0.0,0.2489,0.1724,T3,False,none,0.898988,0.931056,0.665311,1.595967,1.848264,1.271441,1.047279,1.090305,1.277902,1.190357,0.960749,1.0,7.666667,0.111111,8.0,18.5,1.99994,3.037037
0eaa1cd0-0e28-4bef-a0f4-0014c30e8da0,4.0,0.4444444444444444,4.0,10010.0,2502.5,894.9984617491436,34,1,1.0,4.0,8.0,1.0,1.0,1.0,1.0,4.0,2.0,1.0,1.0,1.0,0.4444444444444444,2502.5,3394.77,0.3391378621378621,174.2263888888889,2.0,0.0,2.0,0.75,28.0,3.0,104.25,4,12.0,1,1,2,1,1,48,49,30,0.8828,0.0333,0.0244,0.0217,T3,False,none,0.58014,0.859495,1.081722,0.425377,3.2248,0.488054,0.55676,0.537266,1.137216,0.857239,0.814127,1.0,21.0,0.15,10.0,24.0,0.592585,3.716667
84193481-e50e-46b2-a8f2-72eadf1e2dc6,5.0,0.5555555555555556,3.0,16918.3,3383.66,1298.875653228591,100,0,2.0,2.5,8.0,2.0,1.0,0.8,2.0,2.5,4.0,2.0,1.0,0.6,0.5555555555555556,3383.66,4842.19,0.28621019842419154,96.85888888888888,9.0,0.0,2.0,0.8,21.0,3.0,97.2,6,15.0,2,2,2,2,2,56,57,96,0.2355,0.0,0.1833,0.0828,T3,False,none,0.321003,0.444481,0.833732,0.497767,0.215092,0.950449,0.748543,0.703305,0.507326,0.598783,0.274336,1.0,16.8,0.228571,7.333333,18.666667,0.694436,2.853968
f4f5ec01-03eb-43d1-989f-a8aebdfc75bb,2.0,0.2222222222222222,2.0,7543.26,3771.63,842.3055977494148,87,0,1.0,2.0,10.0,1.0,1.0,1.0,1.0,2.0,4.0,1.0,1.0,1.0,0.2222222222222222,3771.63,4367.23,0.5789579041422408,153.7461111111111,1.0,0.5,2.0,0.5,24.0,2.0,55.5,4,6.0,1,1,2,1,1,52,52,121,0.1789,0.0083,0.2434,0.1287,T3,False,none,0.573117,0.514136,0.439158,0.455222,0.804265,0.789008,0.745301,0.712756,0.524778,0.612501,0.170299,1.0,12.0,0.166667,8.333333,26.0,0.444436,3.166667
f232c39a-bd79-49bb-a055-8192d3c95d19,5.0,0.5555555555555556,4.0,13605.3,2721.06,1252.6427518849896,44,0,3.0,1.6666666666666667,7.0,3.0,1.0,0.4,1.0,5.0,7.0,1.0,1.0,1.0,0.5555555555555556,2721.06,4729.58,0.34762776271012036,192.42777777777778,21.0,0.0,3.0,0.6,23.0,2.0,80.4,7,15.0,3,1,3,3,1,72,75,121,0.174,0.0,0.2013,0.1186,T3,False,none,1.100988,0.952656,0.738405,1.162567,0.581664,0.672167,1.022807,0.911567,0.924905,0.918681,0.500425,0.5,13.8,0.225,8.0,18.0,0.92591,2.908333
cfd636f4-3e1d-443f-9bda-93d2766dec00,4.0,0.4444444444444444,4.0,11833.039999999999,2958.2599999999998,828.6243470153812,94,1,3.0,1.3333333333333333,8.0,3.0,1.0,0.5,2.0,2.0,4.0,2.0,1.0,0.75,0.4444444444444444,2958.2599999999998,4118.0,0.34800862669271804,200.10194444444446,2.0,0.25,1.0,1.0,18.0,1.0,64.0,6,12.0,3,2,1,3,2,38,38,121,0.1789,0.0083,0.2434,0.1287,T3,False,none,1.080936,0.34369,0.719529,0.909895,0.804265,0.707746,0.594488,0.776619,0.711079,0.741664,0.372214,0.75,18.0,0.428571,6.666667,9.5,0.44444,2.615079
5de1b33c-3bba-471e-8cb9-7dc382dbd597,2.0,0.2222222222222222,2.0,4451.38,2225.69,3108.7666792154087,65,1,1.0,2.0,8.0,1.0,1.0,1.0,2.0,1.0,7.0,2.0,1.0,0.5,0.2222222222222222,2225.69,4423.92,0.9938311265270545,216.73333333333332,7.0,0.0,2.0,0.5,27.0,1.0,73.0,5,6.0,1,2,2,1,2,64,66,67,0.2469,0.0,0.1605,0.1111,T3,False,none,0.454251,0.761698,0.611959,0.493362,0.434357,0.890017,0.841087,0.749202,0.57532,0.656465,0.472995,1.5,13.5,0.166667,9.666667,32.0,0.444436,3.777778
40019aff-f6cd-49cf-b463-5537542cce6d,4.0,0.4444444444444444,4.0,13017.869999999999,3254.4674999999997,1354.0942207831527,105,1,3.0,1.3333333333333333,10.0,3.0,1.0,0.5,2.0,2.0,6.0,2.0,1.0,0.75,0.4444444444444444,3254.4674999999997,4853.92,0.3728659143162438,174.76194444444445,0.0,0.0,2.0,0.75,18.0,1.0,94.25,7,12.0,3,2,2,3,2,63,63,84,0.204,0.0,0.1092,0.124,T3,False,none,1.199802,0.397782,0.615729,0.865134,0.51107,0.828254,0.821493,0.932157,0.637326,0.774914,0.440083,0.75,13.5,0.321429,6.666667,15.75,0.592585,2.579365
622e7717-f642-4ef9-af91-c2d21c80018f,5.0,0.5555555555555556,4.0,18024.43,3604.886,1188.4422172869831,54,0,2.0,2.5,9.0,2.0,1.0,0.6,2.0,2.5,7.0,2.0,1.0,0.8,0.5555555555555556,3604.886,4759.09,0.264035533994695,157.2536111111111,3.0,0.0,4.0,0.4,28.0,2.0,94.8,8,15.0,2,2,4,2,2,98,100,134,0.1691,0.0224,0.2258,0.1728,T3,False,none,0.512447,0.47933,1.385905,1.247063,1.123263,0.822834,0.891412,0.757012,1.063422,0.92043,1.053367,1.0,11.2,0.114286,9.666667,32.666667,1.388854,3.593651
23a20b72-d8fc-49ec-8db8-715b62082c0a,4.0,0.4444444444444444,3.0,9769.6,2442.4,1432.6592244959488,99,0,2.0,2.0,8.0,2.0,1.0,0.75,1.0,4.0,5.0,1.0,1.0,1.0,0.4444444444444444,2442.4,4317.71,0.4419536112020963,174.26388888888889,1.0,0.0,3.0,0.5,23.0,1.0,37.0,6,12.0,2,1,3,2,1,78,78,40,0.459,0.0,0.0615,0.0469,T3,False,none,0.389978,0.670476,0.555367,0.788162,1.728531,0.557402,0.583671,0.518323,0.866969,0.704268,0.567474,0.666667,11.5,0.166667,8.0,26.0,0.888871,2.944444
d192e2d0-a927-4c72-890c-c43372a1e127,6.0,0.6666666666666666,5.0,14639.119999999999,2439.853333333333,1142.7601962558317,69,1,4.0,1.5,10.0,4.0,1.0,0.5,1.0,6.0,5.0,1.0,1.0,1.0,0.6666666666666666,2439.853333333333,4291.39,0.2931453529993607,154.33666666666667,3.0,0.16666666666666666,2.0,0.6666666666666666,17.0,1.0,95.0,7,18.0,4,1,2,4,1,60,60,121,0.1789,0.0083,0.2434,0.1287,T3,False,none,1.635822,0.910688,0.627405,1.280792,0.804265,0.873354,0.642619,1.01429,0.972722,0.992121,0.269732,0.4,11.333333,0.266667,6.333333,12.0,0.999985,2.333333
7d71bae7-b10c-479d-a4be-2e68e92eb747,2.0,0.2222222222222222,2.0,3419.9,1709.95,1444.5201590147506,52,0,1.0,2.0,5.0,1.0,1.0,1.0,2.0,1.0,7.0,2.0,1.0,0.5,0.2222222222222222,1709.95,2731.38,0.7986724758033861,172.52194444444444,11.0,0.0,2.0,0.5,22.0,3.0,64.0,5,6.0,1,2,2,1,2,50,51,84,0.204,0.0,0.1092,0.124,T3,False,none,0.563133,0.761698,0.621072,0.360676,0.51107,0.647318,0.801726,0.674734,0.540247,0.603008,0.328488,1.5,11.0,0.166667,7.666667,25.0,0.444436,3.111111
3065b03f-8f4c-4557-b95b-bb2a3de99ee3,1.0,0.1111111111111111,1.0,4980.69,4980.69,0.0,86,1,1.0,1.0,7.0,1.0,1.0,1.0,1.0,1.0,4.0,1.0,1.0,1.0,0.1111111111111111,4980.69,4980.69,1.0,0.0,12.0,0.0,1.0,1.0,22.0,3.0,54.0,3,3.0,1,1,1,1,1,30,30,198,0.0889,0.0,0.2489,0.1724,T3,False,none,0.552174,0.634241,0.802448,0.857217,1.848264,1.344225,1.442015,1.150522,0.955238,1.04637,0.331296,1.0,22.0,0.5,8.0,15.0,0.11111,3.166667
8cce4cbb-0e25-45ca-902d-588790b69f59,3.0,0.3333333333333333,2.0,8780.66,2926.8866666666668,172.25951071953423,64,1,1.0,3.0,9.0,1.0,1.0,1.0,1.0,3.0,5.0,1.0,1.0,1.0,0.3333333333333333,2926.8866666666668,3124.65,0.35585593793632825,85.59555555555555,1.0,0.6666666666666666,3.0,0.3333333333333333,26.0,0.0,56.666666666666664,5,9.0,1,1,3,1,1,80,82,96,0.2355,0.0,0.1833,0.0828,T3,False,none,0.531665,0.550371,0.944054,0.730642,0.215092,0.531829,0.607695,0.557071,0.64411,0.603492,0.361702,1.0,8.666667,0.083333,9.333333,40.0,0.99997,3.472222
f8c35a4c-7e4a-4732-8e21-f9c97bebb134,3.0,0.3333333333333333,3.0,4026.91,1342.3033333333333,526.9169229900793,78,1,2.0,1.5,10.0,2.0,1.0,0.6666666666666666,2.0,1.5,7.0,2.0,1.0,0.6666666666666666,0.3333333333333333,1342.3033333333333,1712.77,0.42533108512482276,205.055,12.0,0.0,2.0,0.6666666666666666,23.0,2.0,94.33333333333333,6,9.0,2,2,2,2,2,66,66,84,0.204,0.0,0.1092,0.124,T3,False,none,0.617802,0.59313,0.606333,0.517881,0.51107,0.640904,0.88027,0.714092,0.553986,0.628702,0.454233,1.0,15.333333,0.266667,8.333333,22.0,0.499993,3.2
ef54e254-7c9a-41b4-b07b-a577c0b1ee20,3.0,0.3333333333333333,3.0,12916.99,4305.663333333333,1136.4714800351715,100,0,1.0,3.0,9.0,1.0,1.0,1.0,2.0,1.5,2.0,2.0,1.0,0.6666666666666666,0.3333333333333333,4305.663333333333,4997.27,0.38687573498160177,66.46111111111111,8.0,0.6666666666666666,3.0,0.3333333333333333,23.0,0.0,66.66666666666667,6,9.0,1,2,3,1,2,67,67,154,0.1225,0.0,0.2652,0.1509,T3,False,none,0.531665,0.620075,0.920366,0.6257,1.400021,0.78441,0.833678,0.72862,0.814736,0.774549,0.507847,1.5,7.666667,0.083333,8.0,33.5,0.99997,3.194444
98c33ad2-ccb1-48d4-975c-93d23edc0d90,5.0,0.5555555555555556,4.0,8270.539999999999,1654.1079999999997,795.4100777397783,37,1,1.0,5.0,8.0,1.0,1.0,1.0,1.0,5.0,4.0,1.0,1.0,1.0,0.5555555555555556,1654.1079999999997,2616.4,0.3163517738865903,174.70166666666665,1.0,0.6,3.0,0.6,27.0,0.0,78.2,5,15.0,1,1,3,1,1,79,80,110,0.1928,0.0091,0.1832,0.0943,T3,False,none,0.688047,0.817527,0.964066,0.787814,0.231917,0.662322,0.859247,0.735314,0.739312,0.737446,0.338549,1.0,16.2,0.1,9.666667,39.5,0.92591,3.588889
0aa68bf4-13da-4a58-a1ff-c6d5176787f6,1.0,0.1111111111111111,1.0,634.68,634.68,0.0,66,0,1.0,1.0,5.0,1.0,1.0,1.0,1.0,1.0,1.0,0.0,0.0,1.0,0.1111111111111111,634.68,634.68,1.0,0.0,6.0,1.0,1.0,1.0,16.0,1.0,95.0,3,3.0,1,1,1,1,0,19,19,134,0.1691,0.0224,0.2258,0.1728,T3,False,none,0.67104,1.652105,1.051436,1.103576,1.123263,1.24455,1.594487,1.197336,1.233127,1.216425,0.292901,0.0,16.0,0.0,5.333333,9.5,0.11111,1.777778
2e426eee-5f39-483c-a6a3-5fc3a0bf6c47,4.0,0.4444444444444444,4.0,9123.210000000001,2280.8025000000002,1610.8877007078015,54,0,1.0,4.0,4.0,1.0,1.0,1.0,3.0,1.3333333333333333,4.0,2.0,0.6666666666666666,0.5,0.4444444444444444,2280.8025000000002,4036.57,0.4424506286712681,150.04833333333335,0.0,0.0,2.0,0.75,19.0,3.0,51.25,6,12.0,1,3,2,1,2,40,40,110,0.1791,0.0,0.2044,0.1366,T3,False,none,0.748454,0.918547,0.482984,0.621573,0.622351,0.427406,0.539691,0.556562,0.667073,0.615502,0.400728,1.333333,14.25,0.1,6.555556,20.0,0.592585,2.662963
b8ca8176-0ea7-47c9-9334-7ea10e146f39,3.0,0.3333333333333333,3.0,7648.84,2549.6133333333332,1299.415098509069,85,1,1.0,3.0,4.0,1.0,1.0,1.0,2.0,1.5,7.0,2.0,1.0,0.6666666666666666,0.3333333333333333,2549.6133333333332,4045.15,0.5288579706203816,141.3136111111111,10.0,0.0,3.0,0.3333333333333333,21.0,2.0,52.333333333333336,6,9.0,1,2,3,1,2,68,68,154,0.1225,0.0,0.2652,0.1509,T3,False,none,0.640547,0.59313,0.653107,0.635348,1.400021,0.41502,0.382445,0.468598,0.755939,0.621846,0.588158,1.5,7.0,0.083333,7.666667,34.0,0.99997,3.083333
88149219-6ee7-41f7-8dee-e871edf84ced,4.0,0.4444444444444444,4.0,5455.38,1363.845,1200.9125424026515,107,1,2.0,2.0,9.0,1.0,0.5,0.75,2.0,2.0,6.0,2.0,1.0,0.5,0.4444444444444444,1363.845,2729.83,0.5003922733155161,167.98916666666668,5.0,0.25,1.0,1.0,23.0,0.0,99.0,5,12.0,2,2,1,1,2,36,36,67,0.2469,0.0,0.1605,0.1111,T3,False,none,0.819031,0.560555,1.134299,0.560893,0.434357,0.795264,0.470626,0.693842,0.659179,0.675355,0.4087,1.0,23.0,0.333333,8.333333,12.0,0.44444,3.222222
776e7326-2ff1-491d-bcbc-623fe8bf3676,3.0,0.3333333333333333,3.0,5111.95,1703.9833333333333,2076.531153253746,94,1,1.0,3.0,5.0,1.0,1.0,1.0,2.0,1.5,4.0,2.0,1.0,0.6666666666666666,0.3333333333333333,1703.9833333333333,4089.9,0.8000665108226802,90.98361111111112,1.0,0.6666666666666666,1.0,1.0,24.0,2.0,40.0,4,9.0,1,2,1,1,2,31,31,67,0.2469,0.0,0.1605,0.1111,T3,False,none,0.581114,0.458001,0.713177,0.647018,0.434357,0.726191,0.699587,0.675872,0.578103,0.623729,0.366051,1.5,24.0,0.25,8.666667,15.5,0.33333,3.472222
415cd5a5-3420-460a-b352-a4dfde21553c,5.0,0.5555555555555556,5.0,17647.53,3529.506,1300.019411289693,35,1,1.0,5.0,6.0,1.0,1.0,1.0,3.0,1.6666666666666667,7.0,3.0,1.0,0.6,0.5555555555555556,3529.506,4731.97,0.26813780738720944,121.8536111111111,4.0,0.4,1.0,1.0,20.0,2.0,57.0,5,15.0,1,3,1,1,3,38,39,198,0.0889,0.0,0.2489,0.1724,T3,False,none,0.737495,1.041111,0.67072,0.870745,1.848264,0.99883,0.699391,0.82435,1.034584,0.936475,0.759633,2.0,20.0,0.166667,7.333333,19.0,0.55555,3.166667
23da31f4-91d0-4e31-8155-0d13ea469bc4,3.0,0.3333333333333333,3.0,6365.74,2121.9133333333334,1138.242296584226,38,0,1.0,3.0,12.0,1.0,1.0,1.0,2.0,1.5,3.0,1.0,0.5,0.6666666666666666,0.3333333333333333,2121.9133333333334,3236.9,0.5084876228058325,146.64805555555554,4.0,0.0,2.0,0.6666666666666666,27.0,2.0,38.666666666666664,5,9.0,1,2,2,1,1,56,56,89,0.2523,0.0,0.1667,0.1056,T3,False,none,0.709964,0.774565,0.44382,0.354014,0.277908,0.359657,0.385541,0.468372,0.465177,0.466668,0.245963,0.75,18.0,0.083333,9.166667,28.0,0.499993,3.333333
468fba4a-f9d4-40fc-a242-ae38bd9d466b,3.0,0.3333333333333333,3.0,5219.1,1739.7,405.2509971610187,34,0,2.0,1.5,9.0,2.0,1.0,0.6666666666666666,1.0,3.0,5.0,1.0,1.0,1.0,0.3333333333333333,1739.7,2192.73,0.42013565557279986,87.16916666666667,2.0,0.3333333333333333,2.0,0.6666666666666666,24.0,2.0,103.0,5,9.0,2,1,2,2,1,62,62,95,0.2056,0.0211,0.1855,0.0916,T3,False,none,0.55837,0.550371,0.714939,0.449261,0.105784,0.56946,0.504793,0.544736,0.472642,0.506286,0.139517,0.666667,16.0,0.266667,8.333333,20.666667,0.499993,3.088889
7b7572b6-31bc-45a4-b379-ba3e2c3f9faf,3.0,0.3333333333333333,3.0,11968.730000000001,3989.5766666666673,598.1063144068397,69,1,2.0,1.5,11.0,2.0,1.0,0.6666666666666666,2.0,1.5,4.0,2.0,1.0,0.6666666666666666,0.3333333333333333,3989.5766666666673,4515.81,0.37730068269565775,135.77055555555555,2.0,0.3333333333333333,3.0,0.3333333333333333,19.0,0.0,41.0,7,9.0,2,2,3,2,2,68,68,110,0.1928,0.0091,0.1832,0.0943,T3,False,none,0.677235,0.458001,0.852392,0.706831,0.231917,0.629852,0.629778,0.643365,0.595796,0.617995,0.402645,1.0,6.333333,0.133333,7.0,22.666667,0.99997,2.711111
2aee602e-2d2d-43c9-af88-99a3a4cc5289,3.0,0.3333333333333333,3.0,4872.8099999999995,1624.2699999999998,861.4965805503816,80,0,3.0,1.0,7.0,3.0,1.0,0.3333333333333333,2.0,1.5,6.0,2.0,1.0,0.6666666666666666,0.3333333333333333,1624.2699999999998,2477.65,0.5084643152513643,94.77083333333333,0.0,0.3333333333333333,1.0,1.0,16.0,1.0,95.0,6,9.0,3,2,1,3,2,34,34,134,0.1691,0.0224,0.2258,0.1728,T3,False,none,1.21693,0.512093,1.051436,0.933578,1.123263,0.546672,0.471887,0.713246,0.884375,0.804515,0.532705,0.75,16.0,0.5,5.666667,8.5,0.33333,2.305556
5957c074-578d-4877-bf68-8bf76ba7c058,1.0,0.1111111111111111,1.0,180.67,180.67,0.0,36,0,1.0,1.0,12.0,1.0,1.0,1.0,1.0,1.0,2.0,1.0,1.0,1.0,0.1111111111111111,180.67,180.67,1.0,0.0,13.0,0.0,1.0,1.0,23.0,1.0,43.0,3,3.0,1,1,1,1,1,34,34,121,0.174,0.0,0.2013,0.1186,T3,False,none,0.79989,0.796315,0.57045,0.818625,0.581664,1.342015,1.622927,1.28076,0.721851,0.982675,0.22373,1.0,23.0,0.5,8.0,17.0,0.11111,3.166667
036d81a0-4a01-4327-b2e0-ffc098dabc9d,3.0,0.3333333333333333,3.0,7784.68,2594.8933333333334,1047.8201766683694,34,0,1.0,3.0,7.0,1.0,1.0,1.0,3.0,1.0,9.0,3.0,1.0,0.3333333333333333,0.3333333333333333,2594.8933333333334,3732.95,0.4795251699491822,166.50472222222223,10.0,0.0,3.0,0.3333333333333333,24.0,0.0,51.666666666666664,7,9.0,1,3,3,1,3,81,82,84,0.204,0.0,0.1092,0.124,T3,False,none,0.462248,1.45688,0.83035,1.107226,0.51107,0.339224,0.425189,0.403028,1.037598,0.741465,0.989175,2.0,8.0,0.083333,8.333333,40.5,0.99997,3.472222
510850a0-b6fb-4565-adc0-69e591ed7759,1.0,0.1111111111111111,1.0,4256.07,4256.07,0.0,84,0,1.0,1.0,7.0,1.0,1.0,1.0,1.0,1.0,4.0,1.0,1.0,1.0,0.1111111111111111,4256.07,4256.07,1.0,0.0,20.0,0.0,1.0,1.0,22.0,0.0,68.0,3,3.0,1,1,1,1,1,28,30,67,0.2687,0.0,0.1443,0.07,T3,False,none,0.552174,0.634241,0.838263,0.866967,0.56421,1.267563,1.44321,1.121715,0.752346,0.924718,0.204088,1.0,22.0,0.5,7.666667,14.0,0.11111,3.055556
5bfd3293-38ff-4d25-9149-8ba112e3eec6,4.0,0.4444444444444444,3.0,7648.39,1912.0975,1053.477703746817,72,0,1.0,4.0,9.0,1.0,1.0,1.0,2.0,2.0,5.0,2.0,1.0,0.75,0.4444444444444444,1912.0975,3213.77,0.4201890855461084,164.53,5.0,0.0,2.0,0.75,29.0,2.0,67.0,5,12.0,1,2,2,1,2,61,61,154,0.1225,0.0,0.2652,0.1509,T3,False,none,0.639573,0.316745,0.622655,0.413095,1.400021,0.403831,0.499032,0.50292,0.597154,0.553178,0.478592,1.5,21.75,0.15,10.0,30.5,0.592585,3.883333
c2352304-2d26-4545-9c6b-7f8292f1c116,2.0,0.2222222222222222,2.0,5522.32,2761.16,1119.6328773307794,62,1,1.0,2.0,9.0,1.0,1.0,1.0,2.0,1.0,7.0,2.0,1.0,0.5,0.2222222222222222,2761.16,3552.86,0.6433636587521188,115.31277777777778,11.0,0.0,2.0,0.5,20.0,1.0,81.5,5,6.0,1,2,2,1,2,51,52,198,0.0889,0.0,0.2489,0.1724,T3,False,none,0.513684,0.761698,0.529355,0.363165,1.848264,0.526007,0.467574,0.503008,0.744938,0.632037,0.431058,1.5,10.0,0.166667,7.333333,25.5,0.444436,3.0
2578ecbc-f996-4be9-a1fc-17dca2beb699,2.0,0.2222222222222222,2.0,7048.210000000001,3524.1050000000005,1786.738627905604,95,0,1.0,2.0,9.0,1.0,1.0,1.0,1.0,2.0,3.0,1.0,1.0,1.0,0.2222222222222222,3524.1050000000005,4787.52,0.6792533139619846,174.93416666666667,16.0,0.0,1.0,1.0,19.0,1.0,106.0,3,6.0,1,1,1,1,1,28,28,110,0.1791,0.0,0.2044,0.1366,T3,False,none,0.513684,0.595173,1.03614,0.819829,0.622351,0.886919,0.965177,0.806366,0.775817,0.790073,0.23834,1.0,19.0,0.333333,6.666667,14.0,0.22222,2.666667
6d85ac50-60df-435a-ab70-38cca8588f6d,5.0,0.5555555555555556,4.0,11233.93,2246.786,1434.6549635469846,60,1,3.0,1.6666666666666667,9.0,3.0,1.0,0.4,1.0,5.0,5.0,1.0,1.0,1.0,0.5555555555555556,2246.786,3986.65,0.3548758092671042,75.4075,19.0,0.4,3.0,0.6,21.0,3.0,41.8,7,15.0,3,1,3,3,1,77,79,121,0.174,0.0,0.2013,0.1186,T3,False,none,1.170405,0.790582,0.659039,1.206034,0.581664,0.601112,0.688238,0.792809,0.884152,0.841525,0.405131,0.5,12.6,0.225,7.666667,19.25,0.92591,2.797222
318cd637-aa54-40d0-8842-f8cec9a3098b,7.0,0.7777777777777778,3.0,11198.7,1599.814285714286,981.2138973036944,53,1,3.0,2.3333333333333335,11.0,3.0,1.0,0.5714285714285714,1.0,7.0,6.0,1.0,1.0,1.0,0.7777777777777778,1599.814285714286,3498.96,0.3124434086099279,96.35944444444445,2.0,0.42857142857142855,3.0,0.5714285714285714,28.0,2.0,80.14285714285714,7,21.0,3,1,3,3,1,98,99,121,0.1789,0.0083,0.2434,0.1287,T3,False,none,1.10418,1.111831,0.936663,1.517238,0.804265,0.786401,0.708431,0.851205,1.176104,1.024485,0.664707,0.5,16.0,0.171429,10.0,24.5,1.361087,3.557143
5abf90fe-cda4-48b8-82c4-03a7fb07097c,4.0,0.4444444444444444,4.0,9158.45,2289.6125,1503.3714088535585,98,1,2.0,2.0,11.0,2.0,1.0,0.75,3.0,1.3333333333333333,6.0,3.0,1.0,0.5,0.4444444444444444,2289.6125,3845.31,0.41986471509917067,180.88722222222222,5.0,0.25,1.0,1.0,19.0,0.0,31.0,6,12.0,2,3,1,2,3,43,44,110,0.1791,0.0,0.2044,0.1366,T3,False,none,0.568277,1.065219,0.878894,0.837274,0.622351,0.634938,0.353915,0.522218,0.86711,0.70616,0.680954,1.333333,19.0,0.333333,7.0,14.333333,0.44444,2.888889
801b78e4-f11d-45d3-8c4f-e2af0ab08869,3.0,0.3333333333333333,2.0,8829.63,2943.2099999999996,661.3448462791556,80,1,1.0,3.0,7.0,1.0,1.0,1.0,2.0,1.5,4.0,2.0,1.0,0.6666666666666666,0.3333333333333333,2943.2099999999996,3628.68,0.4109662579292677,58.24777777777778,6.0,0.3333333333333333,2.0,0.6666666666666666,23.0,0.0,92.0,5,9.0,1,2,2,1,2,48,49,50,0.2482,0.04,0.0909,0.0909,T3,False,none,0.462248,0.458001,0.687392,0.323288,0.707334,0.535313,0.32051,0.442836,0.496829,0.471632,0.206172,1.5,15.333333,0.166667,8.333333,24.0,0.499993,3.333333
fc04b9b0-f67f-4b38-90ba-5452284175c8,3.0,0.3333333333333333,3.0,10550.14,3516.713333333333,843.9908069602019,75,0,3.0,1.0,12.0,3.0,1.0,0.3333333333333333,2.0,1.5,8.0,2.0,1.0,0.6666666666666666,0.3333333333333333,3516.713333333333,4457.7,0.42252519871774213,133.4777777777778,3.0,0.3333333333333333,2.0,0.6666666666666666,20.0,3.0,103.66666666666667,7,9.0,3,2,2,3,2,67,69,95,0.2056,0.0211,0.1855,0.0916,T3,False,none,1.464646,0.674167,0.856527,0.898364,0.105784,0.535181,0.50269,0.789912,0.701502,0.74276,0.448952,0.75,13.333333,0.333333,7.0,16.75,0.499993,2.694444
a7988e8d-21b9-4450-80dd-1e298a654b0b,2.0,0.2222222222222222,2.0,2741.92,1370.96,158.02422345956967,46,0,1.0,2.0,7.0,1.0,1.0,1.0,1.0,2.0,4.0,1.0,1.0,1.0,0.2222222222222222,1370.96,1482.7,0.5407524654256871,95.32,19.0,0.5,1.0,1.0,22.0,0.0,57.0,3,6.0,1,1,1,1,1,30,30,95,0.2056,0.0211,0.1855,0.0916,T3,False,none,0.444267,0.514136,0.745946,0.800533,0.105784,0.841261,0.895794,0.746012,0.60177,0.669083,0.14526,1.0,22.0,0.333333,7.666667,15.0,0.22222,3.0
faa8f430-60b2-4011-a77c-7770794d1c72,2.0,0.2222222222222222,2.0,7259.32,3629.66,1763.3121802448936,33,1,1.0,2.0,9.0,1.0,1.0,1.0,2.0,1.0,3.0,2.0,1.0,0.5,0.2222222222222222,3629.66,4876.51,0.6717585118165338,30.49972222222222,6.0,0.0,1.0,1.0,14.0,2.0,26.0,4,6.0,1,2,1,1,2,24,24,67,0.2469,0.0,0.1605,0.1111,T3,False,none,0.513684,0.707606,0.999569,0.771239,0.434357,0.77419,0.819585,0.714892,0.746753,0.731884,0.322912,1.5,14.0,0.333333,5.333333,12.0,0.22222,2.388889
a273f372-3663-46b5-9207-83315617845a,2.0,0.2222222222222222,2.0,9078.71,4539.355,179.1737872848592,72,1,1.0,2.0,7.0,1.0,1.0,1.0,1.0,2.0,3.0,1.0,1.0,1.0,0.2222222222222222,4539.355,4666.05,0.5139551764512801,103.39472222222223,15.0,0.5,2.0,0.5,22.0,1.0,59.5,4,6.0,1,1,2,1,1,46,46,129,0.1169,0.0,0.1879,0.1099,T3,False,none,0.444267,0.595173,0.319307,0.491223,0.675501,0.910227,0.83984,0.753633,0.512108,0.62482,0.088754,1.0,11.0,0.166667,8.0,23.0,0.444436,3.055556
6ca8d766-b459-4150-baa0-68367be56503,5.0,0.5555555555555556,4.0,11288.29,2257.6580000000004,1421.7973385191017,68,0,2.0,2.5,7.0,2.0,1.0,0.6,3.0,1.6666666666666667,7.0,3.0,1.0,0.4,0.5555555555555556,2257.6580000000004,4398.77,0.38967549557993286,152.8,23.0,0.2,1.0,1.0,22.0,3.0,54.0,6,15.0,2,3,1,2,3,45,45,198,0.0889,0.0,0.2489,0.1724,T3,False,none,0.44303,1.17133,0.802448,0.879435,1.848264,0.649709,0.808502,0.643589,1.097841,0.885857,0.818111,1.333333,22.0,0.285714,7.666667,15.0,0.55555,3.095238
b48a22ca-4947-462d-a80a-710823eba0e0,1.0,0.1111111111111111,1.0,4374.32,4374.32,0.0,78,1,1.0,1.0,3.0,1.0,1.0,1.0,1.0,1.0,3.0,1.0,1.0,1.0,0.1111111111111111,4374.32,4374.32,1.0,0.0,8.0,0.0,1.0,1.0,19.0,3.0,35.0,3,3.0,1,1,1,1,1,21,22,110,0.1791,0.0,0.2044,0.1366,T3,False,none,0.789906,0.715278,0.927004,0.939276,0.622351,1.239409,1.196527,1.096686,0.827899,0.953333,0.23834,1.0,19.0,0.5,7.0,10.5,0.11111,2.833333
d398cd53-4aa0-4d67-bc5c-4054af682382,5.0,0.5555555555555556,3.0,12824.84,2564.968,1152.89154662093,96,1,2.0,2.5,8.0,2.0,1.0,0.6,2.0,2.5,5.0,2.0,1.0,0.8,0.5555555555555556,2564.968,3901.02,0.30417689421466465,145.80055555555555,7.0,0.0,1.0,1.0,17.0,0.0,75.0,5,15.0,2,2,1,2,2,32,32,134,0.1691,0.0224,0.2258,0.1728,T3,False,none,0.453014,0.317256,1.030037,0.663207,1.123263,0.698029,0.519309,0.568452,0.729818,0.654514,0.440554,1.0,17.0,0.285714,6.333333,10.666667,0.55555,2.539683
26fadd5c-17f2-499f-9da7-f4f82247a9fb,3.0,0.3333333333333333,3.0,7202.110000000001,2400.7033333333334,1037.6389191974895,104,0,1.0,3.0,8.0,1.0,1.0,1.0,1.0,3.0,3.0,1.0,1.0,1.0,0.3333333333333333,2400.7033333333334,3109.76,0.43178457424282607,61.42027777777778,8.0,0.3333333333333333,3.0,0.3333333333333333,28.0,3.0,58.0,5,9.0,1,1,3,1,1,71,74,30,0.8828,0.0333,0.0244,0.0217,T3,False,none,0.472232,0.658352,1.108665,0.648583,3.2248,0.492752,0.2701,0.412672,1.176245,0.819911,0.965517,1.0,9.333333,0.083333,9.666667,35.5,0.99997,3.583333
fb3fd36d-020b-4d12-8679-95e4711447c8,2.0,0.2222222222222222,2.0,4367.3,2183.65,2346.6894168594195,109,1,1.0,2.0,5.0,1.0,1.0,1.0,1.0,2.0,9.0,1.0,1.0,1.0,0.2222222222222222,2183.65,3843.01,0.8799509994733589,106.05972222222222,6.0,0.5,2.0,0.5,28.0,0.0,67.0,4,6.0,1,1,2,1,1,62,62,134,0.1691,0.0224,0.2258,0.1728,T3,False,none,0.563133,0.811339,0.779795,0.551702,1.123263,0.999462,0.494972,0.706633,0.759391,0.734771,0.568502,1.0,14.0,0.166667,10.0,31.0,0.444436,3.722222
8128cf19-9663-4fde-b4d7-f0afbee596c0,6.0,0.6666666666666666,3.0,15227.349999999999,2537.8916666666664,1729.9933015756642,50,0,1.0,6.0,6.0,1.0,1.0,1.0,2.0,3.0,5.0,2.0,1.0,0.8333333333333334,0.6666666666666666,2537.8916666666664,4751.28,0.3120227748097995,202.04222222222222,2.0,0.0,4.0,0.5,22.0,2.0,61.166666666666664,7,18.0,1,2,4,1,2,89,89,198,0.0889,0.0,0.2489,0.1724,T3,False,none,0.845402,0.399012,0.814698,1.135887,1.848264,0.781517,0.89505,0.837614,1.003483,0.926078,0.782354,1.5,11.0,0.071429,7.666667,44.5,1.333307,3.079365
ee946044-e832-4bb1-abda-d8d304d6a190,3.0,0.3333333333333333,3.0,6027.46,2009.1533333333334,1376.5842690272664,79,1,1.0,3.0,6.0,1.0,1.0,1.0,2.0,1.5,6.0,2.0,1.0,0.6666666666666666,0.3333333333333333,2009.1533333333334,3173.84,0.5265634280443172,122.515,2.0,0.3333333333333333,2.0,0.6666666666666666,25.0,1.0,33.333333333333336,5,9.0,1,2,2,1,2,59,59,129,0.1169,0.0,0.1879,0.1099,T3,False,none,0.521681,0.512093,0.335158,0.378891,0.675501,0.464919,0.285909,0.421467,0.452516,0.438026,0.334306,1.5,16.666667,0.166667,9.0,29.5,0.499993,3.555556
d7f874f0-0346-42fc-a281-4328f3dc0316,1.0,0.1111111111111111,1.0,739.95,739.95,0.0,32,0,1.0,1.0,6.0,1.0,1.0,1.0,1.0,1.0,5.0,1.0,1.0,1.0,0.1111111111111111,739.95,739.95,1.0,0.0,18.0,0.0,1.0,1.0,17.0,2.0,109.0,3,3.0,1,1,1,1,1,25,25,50,0.2482,0.04,0.0909,0.0909,T3,False,none,0.611607,0.607297,1.214739,0.905457,0.707334,1.280199,1.596776,1.194699,0.86233,1.017435,0.188618,1.0,17.0,0.5,6.0,12.5,0.11111,2.5
e6803a4f-6202-4191-84c4-5a3c428d28e3,3.0,0.3333333333333333,3.0,4980.41,1660.1366666666665,385.8698234292665,89,0,1.0,3.0,10.0,1.0,1.0,1.0,2.0,1.5,5.0,2.0,1.0,0.6666666666666666,0.3333333333333333,1660.1366666666665,1948.14,0.3911605671019053,125.83416666666666,1.0,0.0,2.0,0.6666666666666666,25.0,3.0,96.33333333333333,5,9.0,1,2,2,1,2,53,53,129,0.1169,0.0,0.1879,0.1099,T3,False,none,0.591098,0.431056,0.87718,0.321003,0.675501,0.670435,0.686288,0.653052,0.52347,0.583941,0.266173,1.5,16.666667,0.166667,8.666667,26.5,0.499993,3.444444
cd2fbc35-818d-4616-beb3-d90e23087a3b,2.0,0.2222222222222222,2.0,6894.25,3447.125,1314.0094604111498,52,1,1.0,2.0,8.0,1.0,1.0,1.0,2.0,1.0,2.0,1.0,0.5,0.5,0.2222222222222222,3447.125,4376.27,0.6347710048228596,18.416666666666668,17.0,0.0,1.0,1.0,19.0,1.0,106.0,4,6.0,1,2,1,1,1,26,26,110,0.1791,0.0,0.2044,0.1366,T3,False,none,0.454251,1.02417,1.03614,0.75601,0.622351,0.580173,0.957551,0.669988,0.859134,0.770866,0.257963,0.75,19.0,0.166667,6.833333,13.0,0.22222,2.583333
a46358c3-bb99-480d-b76d-33ec27622d82,4.0,0.4444444444444444,3.0,8416.49,2104.1225,1252.7067976286392,105,0,1.0,4.0,3.0,1.0,1.0,1.0,1.0,4.0,12.0,1.0,1.0,1.0,0.4444444444444444,2104.1225,3339.24,0.3967497139543919,220.12194444444444,2.0,0.0,4.0,0.25,28.0,2.0,80.25,6,12.0,1,1,4,1,1,85,88,95,0.2056,0.0211,0.1855,0.0916,T3,False,none,0.807887,1.237736,1.374369,0.968187,0.105784,0.559389,0.649904,0.66056,0.976462,0.829041,0.835532,1.0,7.0,0.05,9.666667,42.5,1.777707,3.572222
1badb6ac-e013-43a9-bb46-120ef5a4ee7c,3.0,0.3333333333333333,2.0,5138.69,1712.8966666666665,1035.6700834403462,53,0,2.0,1.5,5.0,2.0,1.0,0.6666666666666666,2.0,1.5,3.0,2.0,1.0,0.6666666666666666,0.3333333333333333,1712.8966666666665,2352.73,0.4578462604282415,54.16888888888889,0.0,0.0,2.0,0.6666666666666666,23.0,1.0,78.33333333333333,6,9.0,2,2,2,2,2,49,49,198,0.0889,0.0,0.2489,0.1724,T3,False,none,0.607818,0.539038,0.390375,0.389866,1.848264,0.425373,0.696833,0.567986,0.670331,0.62257,0.401023,1.0,15.333333,0.266667,8.0,16.333333,0.499993,3.088889
700db73f-b54b-493e-966b-7d2fc56bc3f2,3.0,0.3333333333333333,3.0,8825.98,2941.9933333333333,600.7017298404702,74,1,3.0,1.0,6.0,3.0,1.0,0.3333333333333333,1.0,3.0,5.0,1.0,1.0,1.0,0.3333333333333333,2941.9933333333333,3544.33,0.4015792014031303,165.1675,2.0,0.0,2.0,0.6666666666666666,24.0,2.0,34.0,6,9.0,3,1,2,3,1,57,58,121,0.1789,0.0083,0.2434,0.1287,T3,False,none,1.276363,0.550371,0.375372,0.767054,0.804265,0.451883,0.533231,0.714565,0.637485,0.673455,0.252944,0.5,16.0,0.333333,8.666667,14.25,0.499993,3.166667
3de58b41-9b38-47b6-9979-ff3b813c9a20,2.0,0.2222222222222222,2.0,3419.41,1709.705,143.93158531052163,83,0,1.0,2.0,5.0,1.0,1.0,1.0,1.0,2.0,4.0,1.0,1.0,1.0,0.2222222222222222,1709.705,1811.48,0.5297639066388646,88.39305555555555,13.0,0.5,1.0,1.0,27.0,0.0,83.0,3,6.0,1,1,1,1,1,33,33,110,0.1928,0.0091,0.1832,0.0943,T3,False,none,0.563133,0.514136,1.143503,0.771589,0.231917,0.899624,0.680504,0.730444,0.694762,0.711414,0.233001,1.0,27.0,0.333333,9.333333,16.5,0.22222,3.555556
84b017f2-cec9-4989-a13a-74a8e03408cf,4.0,0.4444444444444444,4.0,12383.93,3095.9825,917.728759288386,56,0,1.0,4.0,3.0,1.0,1.0,1.0,1.0,4.0,2.0,1.0,1.0,1.0,0.4444444444444444,3095.9825,4145.22,0.33472572923135063,207.0561111111111,5.0,0.0,3.0,0.5,23.0,0.0,89.5,5,12.0,1,1,3,1,1,44,44,43,0.4131,0.0,0.082,0.0328,T3,False,none,0.807887,0.859495,0.989133,0.521157,1.59323,0.527766,0.69122,0.662285,0.881916,0.779421,0.351322,1.0,11.5,0.1,8.0,22.0,0.888871,3.033333
f7360877-a17b-4b1a-a360-c90d2e47059e,5.0,0.5555555555555556,3.0,15773.16,3154.632,1470.430583118428,106,1,2.0,2.5,7.0,2.0,1.0,0.8,2.0,2.5,5.0,2.0,1.0,0.6,0.5555555555555556,3154.632,4606.3,0.2920340629271497,83.02833333333334,8.0,0.2,2.0,0.8,24.0,2.0,34.4,6,15.0,2,2,2,2,2,54,54,121,0.1789,0.0083,0.2434,0.1287,T3,False,none,0.311018,0.417536,0.439362,0.473698,0.804265,0.94882,0.593359,0.648104,0.507599,0.573168,0.382736,1.0,19.2,0.228571,8.666667,18.0,0.694436,3.298413
b1adc06b-f1dd-4eb2-ab49-578b4223cf3c,3.0,0.3333333333333333,3.0,6834.16,2278.0533333333333,1430.1635111529497,77,1,2.0,1.5,8.0,2.0,1.0,0.6666666666666666,2.0,1.5,9.0,2.0,1.0,0.6666666666666666,0.3333333333333333,2278.0533333333333,3926.21,0.5744978168494739,197.75277777777777,1.0,0.3333333333333333,1.0,1.0,19.0,0.0,31.0,5,9.0,2,2,1,2,2,41,42,110,0.1791,0.0,0.2044,0.1366,T3,False,none,0.498937,0.755204,0.878894,0.50001,0.622351,0.411153,0.448885,0.448811,0.663133,0.563116,0.534014,1.0,19.0,0.4,7.0,13.666667,0.33333,2.8
cf4d921a-730e-4d0f-89a8-c8e53990bc79,8.0,0.8888888888888888,4.0,19134.68,2391.835,1502.6421730025131,65,0,2.0,4.0,9.0,2.0,1.0,0.875,4.0,2.0,4.0,4.0,1.0,0.375,0.8888888888888888,2391.835,4993.86,0.2609847669258122,192.305,4.0,0.25,4.0,0.625,26.0,0.0,77.875,10,24.0,2,4,4,2,4,109,111,110,0.1791,0.0,0.2044,0.1366,T3,False,none,0.576361,1.437035,1.1069,2.206608,0.622351,1.194898,0.890762,0.916795,1.521066,1.239073,1.437243,1.666667,16.25,0.125,9.0,36.333333,1.422199,3.597222
0758f52e-4964-4c07-8bff-c4e421e075bd,3.0,0.3333333333333333,2.0,5219.55,1739.8500000000001,1936.7824245123666,101,0,2.0,1.5,10.0,2.0,1.0,0.6666666666666666,1.0,3.0,2.0,1.0,1.0,1.0,0.3333333333333333,1739.8500000000001,3975.9,0.761732333247119,41.08222222222222,5.0,0.0,1.0,1.0,22.0,3.0,34.0,4,9.0,2,1,1,2,1,38,38,110,0.1928,0.0091,0.1832,0.0943,T3,False,none,0.617802,0.739389,0.874111,0.620908,0.231917,0.802223,0.619818,0.68873,0.638447,0.661912,0.151476,0.666667,22.0,0.4,7.666667,12.666667,0.33333,2.911111
96c8277a-3aa4-4f3c-a55b-99fa82490b26,3.0,0.3333333333333333,3.0,10758.99,3586.33,2040.4502752333858,97,1,2.0,1.5,8.0,2.0,1.0,0.6666666666666666,1.0,3.0,3.0,1.0,1.0,1.0,0.3333333333333333,3586.33,4916.32,0.4569499553396741,99.96111111111111,8.0,0.6666666666666666,3.0,0.3333333333333333,24.0,0.0,53.333333333333336,6,9.0,2,1,3,2,1,77,77,67,0.2469,0.0,0.1605,0.1111,T3,False,none,0.498937,0.658352,0.844338,0.763605,0.434357,0.777174,0.616183,0.644014,0.699237,0.673466,0.407458,0.666667,8.0,0.133333,8.666667,25.666667,0.99997,3.155556
f2650b4a-9726-44a1-aaf6-35e800de66f7,4.0,0.4444444444444444,3.0,10744.09,2686.0225,1085.351444506187,99,1,1.0,4.0,4.0,1.0,1.0,1.0,2.0,2.0,3.0,2.0,1.0,0.75,0.4444444444444444,2686.0225,3543.71,0.32982877098013885,130.01527777777778,10.0,0.75,4.0,0.25,28.0,1.0,67.5,7,12.0,1,2,4,1,2,90,90,96,0.2355,0.0,0.1833,0.0828,T3,False,none,0.748454,0.424727,1.185686,1.032166,0.215092,0.546716,0.536171,0.60084,0.77611,0.694318,0.710317,1.5,7.0,0.05,10.0,45.0,1.777707,3.85
dbac93c8-fa92-4a30-8038-709195106d3b,2.0,0.2222222222222222,2.0,7227.15,3613.575,1770.545882616432,94,0,2.0,1.0,11.0,2.0,1.0,0.5,1.0,2.0,7.0,1.0,1.0,1.0,0.2222222222222222,3613.575,4865.54,0.6732308032903703,81.17472222222223,3.0,0.0,1.0,1.0,19.0,1.0,52.0,4,6.0,2,1,1,2,1,42,43,89,0.2523,0.0,0.1667,0.1056,T3,False,none,0.841199,0.649265,0.582949,0.634228,0.277908,0.885865,0.785875,0.839773,0.567917,0.694783,0.314479,0.666667,19.0,0.5,6.666667,14.0,0.22222,2.611111
a1b5f9e8-aef4-45d3-8ac4-ef265cf95d7c,4.0,0.4444444444444444,4.0,9579.15,2394.7875,1525.4152797489826,37,0,2.0,2.0,5.0,2.0,1.0,0.75,3.0,1.3333333333333333,8.0,3.0,1.0,0.5,0.4444444444444444,2394.7875,3408.6,0.35583532985703326,203.66416666666666,6.0,0.25,3.0,0.5,25.0,0.0,52.0,8,12.0,2,3,3,2,3,84,84,110,0.1791,0.0,0.2044,0.1366,T3,False,none,0.498859,1.227293,0.746158,1.217788,0.622351,0.497418,0.376807,0.457626,1.022669,0.758982,1.050215,1.333333,12.5,0.166667,8.666667,28.0,0.888871,3.388889
974b9dc6-216a-4be9-9df3-318f620aff16,2.0,0.2222222222222222,2.0,5505.78,2752.89,1620.052346376499,109,0,1.0,2.0,8.0,1.0,1.0,1.0,2.0,1.0,4.0,2.0,1.0,0.5,0.2222222222222222,2752.89,3898.44,0.7080631627126402,25.82472222222222,7.0,0.0,1.0,1.0,18.0,3.0,72.0,4,6.0,1,2,1,1,2,29,29,89,0.2321,0.0,0.0992,0.0863,T3,False,none,0.454251,0.626569,1.050668,0.722999,0.403244,0.871435,0.601562,0.662282,0.713863,0.689792,0.262512,1.5,18.0,0.333333,6.333333,14.5,0.22222,2.722222
c611ea80-bd3c-4ebe-8f8d-6c8f96f43f37,2.0,0.2222222222222222,2.0,6593.1900000000005,3296.5950000000003,255.97972585734206,84,0,2.0,1.0,7.0,2.0,1.0,0.5,1.0,2.0,4.0,1.0,1.0,1.0,0.2222222222222222,3296.5950000000003,3477.6,0.5274533268417867,174.50583333333333,4.0,0.0,1.0,1.0,23.0,0.0,55.0,4,6.0,2,1,1,2,1,34,34,121,0.1789,0.0083,0.2434,0.1287,T3,False,none,0.652915,0.514136,0.765032,0.716185,0.804265,0.837294,0.569964,0.695504,0.690529,0.692851,0.246985,0.666667,23.0,0.5,8.0,11.333333,0.22222,3.055556
04b9548c-8733-4f2a-9349-7925bed6764d,7.0,0.7777777777777778,6.0,24233.06,3461.8657142857146,1132.574822441578,91,0,2.0,3.5,7.0,2.0,1.0,0.5714285714285714,2.0,3.5,7.0,2.0,1.0,0.8571428571428571,0.7777777777777778,3461.8657142857146,4749.26,0.19598267820902518,174.92666666666668,14.0,0.42857142857142855,3.0,0.42857142857142855,25.0,0.0,62.57142857142857,7,21.0,2,2,3,2,2,77,78,67,0.2687,0.0,0.1443,0.07,T3,False,none,0.569796,0.636641,0.887533,0.983398,0.56421,1.558566,1.096931,1.122182,0.806872,0.954017,0.653755,1.0,10.714286,0.095238,8.666667,25.666667,1.814772,3.253968
2b2c546e-f804-4dd2-bce2-183a2c0c47c8,1.0,0.1111111111111111,1.0,3145.75,3145.75,0.0,88,1,1.0,1.0,8.0,1.0,1.0,1.0,1.0,1.0,5.0,1.0,1.0,1.0,0.1111111111111111,3145.75,3145.75,1.0,0.0,23.0,1.0,1.0,1.0,20.0,2.0,82.0,3,3.0,1,1,1,1,1,30,30,154,0.1225,0.0,0.2652,0.1509,T3,False,none,0.562159,0.607297,0.880531,0.857217,1.400021,1.166888,1.526824,1.114087,0.890061,0.994607,0.286017,1.0,20.0,0.5,7.333333,15.0,0.11111,2.944444
bc53bac2-e262-4ced-a524-c7843761f0ad,4.0,0.4444444444444444,3.0,7770.1,1942.525,1909.8462343776964,90,0,2.0,2.0,8.0,2.0,1.0,0.75,2.0,2.0,12.0,2.0,1.0,0.75,0.4444444444444444,1942.525,4081.93,0.5253381552360973,130.0388888888889,0.0,0.0,3.0,0.5,28.0,2.0,64.25,7,12.0,2,2,3,2,2,90,92,30,0.8828,0.0333,0.0244,0.0217,T3,False,none,0.389978,0.884004,0.855937,0.943541,3.2248,0.626252,0.510368,0.520117,1.290616,0.93105,1.565491,1.0,14.0,0.166667,9.666667,30.0,0.888871,3.611111
cf4816d5-8f37-41aa-b29f-22c2af84048b,6.0,0.6666666666666666,5.0,15287.46,2547.91,1286.0485805287449,48,0,2.0,3.0,7.0,2.0,1.0,0.6666666666666666,2.0,3.0,6.0,2.0,1.0,0.8333333333333334,0.6666666666666666,2547.91,3596.95,0.2352876148163266,120.3425,12.0,0.16666666666666666,3.0,0.3333333333333333,23.0,2.0,36.666666666666664,7,18.0,2,2,3,2,2,69,69,89,0.2321,0.0,0.0992,0.0863,T3,False,none,0.452979,0.480049,0.762704,0.844756,0.403244,0.885008,0.578645,0.65945,0.6629,0.66129,0.509873,1.0,7.666667,0.083333,8.0,23.0,1.99994,3.027778
73ed1c08-5b47-490e-b744-aeefeb2c3a7d,4.0,0.4444444444444444,3.0,10074.11,2518.5275,2045.0182281563325,75,0,1.0,4.0,7.0,1.0,1.0,1.0,2.0,2.0,2.0,2.0,1.0,0.5,0.4444444444444444,2518.5275,4457.03,0.44242419429607177,143.0286111111111,1.0,0.0,3.0,0.5,25.0,0.0,70.5,6,12.0,1,2,3,1,2,72,72,110,0.1791,0.0,0.2044,0.1366,T3,False,none,0.570155,0.668537,0.901418,0.688848,0.622351,0.552454,0.547817,0.555966,0.716973,0.641836,0.527475,1.5,12.5,0.1,8.666667,36.0,0.888871,3.422222
80042292-e1b5-440c-8782-657b087721ce,1.0,0.1111111111111111,1.0,3333.93,3333.93,0.0,33,1,1.0,1.0,4.0,1.0,1.0,1.0,1.0,1.0,3.0,1.0,1.0,1.0,0.1111111111111111,3333.93,3333.93,1.0,0.0,21.0,0.0,1.0,1.0,16.0,3.0,106.0,3,3.0,1,1,1,1,1,20,20,129,0.1169,0.0,0.1879,0.1099,T3,False,none,0.730473,0.715278,1.407753,0.953697,0.675501,1.114746,1.277384,1.059166,0.942321,0.996849,0.176865,1.0,16.0,0.5,6.0,10.0,0.11111,2.5
a67a3387-e7e1-4f17-b45e-dcc3e3b4ee66,0.0,0.0,0.0,0.0,0.0,0.0,74,0,0.0,0.0,0.0,0.0,0.0,0.0,0.0,0.0,0.0,0.0,0.0,0.0,0.0,0.0,0.0,0.0,0.0,0.0,0.0,0.0,0.0,0.0,0.0,0.0,0,0.0,0,0,0,0,0,0,0,1,0.0,0.0,0.0,0.0,T3,False,none,2.767811,2.428211,2.297128,2.075966,2.409508,1.592842,1.781581,1.99146,2.265693,2.137718,0.0,0.0,0.0,0.0,0.0,0.0,0.0,0.0
a3b7bb5c-6ce4-498d-9547-47ef4505ade6,4.0,0.4444444444444444,4.0,8600.85,2150.2125,1467.9863742867872,66,1,2.0,2.0,7.0,2.0,1.0,0.75,1.0,4.0,5.0,1.0,1.0,1.0,0.4444444444444444,2150.2125,3744.57,0.4353720853171489,90.98666666666666,5.0,0.5,2.0,0.75,21.0,3.0,40.0,5,12.0,2,1,2,2,1,45,45,108,0.1587,0.0,0.2348,0.071,T3,False,none,0.379993,0.670476,0.455629,0.413338,0.625422,0.462651,0.337043,0.397165,0.521781,0.463627,0.070449,0.666667,15.75,0.25,7.666667,15.0,0.592585,2.861111
cf5e438d-1368-4cf7-a45d-8ab2f49bed99,4.0,0.4444444444444444,3.0,8371.310000000001,2092.8275000000003,1008.2969199389302,41,1,1.0,4.0,6.0,1.0,1.0,1.0,2.0,2.0,7.0,2.0,1.0,0.75,0.4444444444444444,2092.8275000000003,3264.63,0.3899783904789095,167.5713888888889,5.0,0.0,4.0,0.25,28.0,2.0,76.0,7,12.0,1,2,4,1,2,86,86,30,0.8828,0.0333,0.0244,0.0217,T3,False,none,0.629588,0.478819,1.338701,0.993574,3.2248,0.335842,0.490445,0.471304,1.308658,0.917892,1.419373,1.5,7.0,0.05,10.0,43.0,1.777707,3.85
d4e2098d-e45d-48c9-becd-3fbb2fbf569b,3.0,0.3333333333333333,3.0,6212.96,2070.9866666666667,1741.2314787337532,94,0,3.0,1.0,10.0,3.0,1.0,0.3333333333333333,1.0,3.0,2.0,1.0,1.0,1.0,0.3333333333333333,2070.9866666666667,4074.98,0.6558838299296953,147.98583333333335,14.0,0.0,2.0,0.6666666666666666,24.0,1.0,51.0,6,9.0,3,1,2,3,1,60,62,110,0.1928,0.0091,0.1832,0.0943,T3,False,none,1.34578,0.739389,0.196853,0.800771,0.231917,0.604586,0.588702,0.811061,0.5648,0.679722,0.170954,0.5,16.0,0.333333,8.333333,15.0,0.499993,3.055556
9a69008f-eefb-43a3-9b69-939ccde56aa1,2.0,0.2222222222222222,2.0,7381.7300000000005,3690.8650000000002,1191.976972113975,44,0,1.0,2.0,7.0,1.0,1.0,1.0,2.0,1.0,6.0,2.0,1.0,0.5,0.2222222222222222,3690.8650000000002,4533.72,0.6141812285196018,174.2711111111111,7.0,0.0,2.0,0.5,23.0,0.0,67.0,5,6.0,1,2,2,1,2,52,52,67,0.2469,0.0,0.1605,0.1111,T3,False,none,0.444267,0.680661,0.600441,0.36804,0.434357,0.629227,0.716232,0.605383,0.505665,0.5522,0.315709,1.5,11.5,0.166667,8.0,26.0,0.444436,3.222222
d33f10ec-bed5-430a-8220-854e34e49f58,4.0,0.4444444444444444,3.0,15555.74,3888.935,791.6737662488675,88,1,1.0,4.0,5.0,1.0,1.0,1.0,1.0,4.0,5.0,1.0,1.0,1.0,0.4444444444444444,3888.935,4840.2,0.3111520249117046,179.03222222222223,1.0,0.0,1.0,1.0,23.0,2.0,64.0,3,12.0,1,1,1,1,1,29,30,50,0.2482,0.04,0.0909,0.0909,T3,False,none,0.689021,0.670476,0.739923,0.763631,0.707334,0.801383,0.930959,0.812472,0.72602,0.766364,0.215451,1.0,23.0,0.2,8.333333,14.5,0.44444,3.177778
ed794c60-ae02-4027-80a6-5402bd47b79a,3.0,0.3333333333333333,3.0,6240.87,2080.29,1526.0324754408077,55,1,2.0,1.5,7.0,2.0,1.0,0.6666666666666666,2.0,1.5,3.0,2.0,1.0,0.6666666666666666,0.3333333333333333,2080.29,3803.33,0.6094230451844054,165.91472222222222,10.0,0.0,2.0,0.6666666666666666,25.0,1.0,86.0,6,9.0,2,2,2,2,2,60,60,96,0.2355,0.0,0.1833,0.0828,T3,False,none,0.488952,0.539038,0.526459,0.459993,0.215092,0.348987,0.47494,0.430961,0.452784,0.4426,0.312089,1.0,16.666667,0.266667,9.0,20.0,0.499993,3.422222
243e9d05-bf22-4eb2-a9af-f5b3c7aa59be,4.0,0.4444444444444444,4.0,10649.869999999999,2662.4674999999997,1988.2444838328277,88,1,1.0,4.0,9.0,1.0,1.0,1.0,2.0,2.0,4.0,2.0,1.0,0.5,0.4444444444444444,2662.4674999999997,4715.78,0.4428016492220093,204.1002777777778,2.0,0.0,2.0,0.75,30.0,0.0,76.5,5,12.0,1,2,2,1,2,69,69,89,0.2321,0.0,0.0992,0.0863,T3,False,none,0.639573,0.506463,0.838894,0.490279,0.403244,0.718771,0.694217,0.687958,0.552447,0.615686,0.399186,1.5,22.5,0.15,10.666667,34.5,0.592585,4.105556
3f3f20a6-ef71-4e67-b96d-3a3633d26e6b,4.0,0.4444444444444444,4.0,11106.09,2776.5225,1839.7179010992418,56,1,4.0,1.0,8.0,4.0,1.0,0.25,1.0,4.0,4.0,1.0,1.0,1.0,0.4444444444444444,2776.5225,4933.6,0.4442247451623389,128.70027777777779,3.0,0.5,2.0,0.5,21.0,3.0,99.5,7,12.0,4,1,2,4,1,57,59,96,0.2355,0.0,0.1833,0.0828,T3,False,none,1.735924,0.697421,0.908548,1.148025,0.215092,0.547056,0.527367,0.880169,0.829994,0.853409,0.184527,0.4,10.5,0.25,7.666667,11.4,0.888871,2.772222
44e4a6cf-d07d-41d8-8287-0d114b3dd0f5,6.0,0.6666666666666666,6.0,10527.18,1754.53,1339.1154581588548,78,1,2.0,3.0,7.0,2.0,1.0,0.8333333333333334,2.0,3.0,6.0,2.0,1.0,0.8333333333333334,0.6666666666666666,1754.53,3688.8,0.3504072315662884,200.4752777777778,6.0,0.3333333333333333,2.0,0.6666666666666666,24.0,3.0,66.66666666666667,6,18.0,2,2,2,2,2,55,58,89,0.2523,0.0,0.1667,0.1056,T3,False,none,0.371533,0.480049,0.592334,0.55435,0.277908,1.020948,0.620393,0.701883,0.497614,0.59294,0.384454,1.0,16.0,0.166667,8.666667,18.333333,0.999985,3.277778
814d7362-54df-4406-be68-8a1b07257f0e,1.0,0.1111111111111111,1.0,4255.18,4255.18,0.0,101,0,1.0,1.0,6.0,1.0,1.0,1.0,1.0,1.0,3.0,1.0,1.0,1.0,0.1111111111111111,4255.18,4255.18,1.0,0.0,13.0,0.0,1.0,1.0,27.0,1.0,106.0,3,3.0,1,1,1,1,1,33,33,67,0.2469,0.0,0.1605,0.1111,T3,False,none,0.611607,0.715278,1.154209,0.828273,0.434357,1.358182,1.281648,1.119363,0.802275,0.95025,0.310852,1.0,27.0,0.5,9.333333,16.5,0.11111,3.611111
456e5362-7ccb-4ce2-8893-7e9efda64f9b,4.0,0.4444444444444444,4.0,10253.759999999998,2563.4399999999996,1923.3624215073628,84,0,3.0,1.3333333333333333,9.0,3.0,1.0,0.5,3.0,1.3333333333333333,4.0,3.0,1.0,0.5,0.4444444444444444,2563.4399999999996,4264.65,0.41591084636270015,156.87083333333334,10.0,0.0,3.0,0.5,23.0,0.0,65.75,9,12.0,3,3,3,3,3,77,78,43,0.4131,0.0,0.082,0.0328,T3,False,none,1.140369,1.011127,0.789813,1.516315,1.59323,0.672804,0.514489,0.753622,1.251482,1.019148,0.984231,1.0,11.5,0.214286,8.0,19.25,0.888871,3.071429
eec272d0-d38b-49fa-8169-bad13a47705b,3.0,0.3333333333333333,2.0,5894.33,1964.7766666666666,1269.9882234230888,109,0,2.0,1.5,7.0,2.0,1.0,0.6666666666666666,3.0,1.0,12.0,3.0,1.0,0.3333333333333333,0.3333333333333333,1964.7766666666666,3148.18,0.5341031126523286,74.3411111111111,13.0,0.0,2.0,0.6666666666666666,23.0,1.0,44.666666666666664,7,9.0,2,3,2,2,3,61,63,40,0.459,0.0,0.0615,0.0469,T3,False,none,0.488952,1.699992,0.168302,0.820868,1.728531,0.685084,0.489267,0.563774,1.055975,0.826281,1.101906,1.333333,15.333333,0.266667,8.0,20.333333,0.499993,3.2
a211470e-810c-4b5c-9470-64b9897f08ef,5.0,0.5555555555555556,5.0,16841.12,3368.2239999999997,957.9832640396177,102,0,2.0,2.5,5.0,2.0,1.0,0.6,1.0,5.0,8.0,1.0,1.0,1.0,0.5555555555555556,3368.2239999999997,4284.07,0.25438153756994786,158.6627777777778,1.0,0.2,4.0,0.4,27.0,0.0,75.6,7,15.0,2,1,4,2,1,102,105,110,0.1928,0.0091,0.1832,0.0943,T3,False,none,0.561895,1.033693,1.28954,1.260371,0.231917,1.114665,0.762244,0.839257,1.038369,0.94545,0.764403,0.666667,10.8,0.114286,9.333333,34.0,1.388854,3.371429
77d4450b-29b6-4f79-b137-0be74032f0bb,1.0,0.1111111111111111,1.0,81.55,81.55,0.0,84,1,1.0,1.0,6.0,1.0,1.0,1.0,1.0,1.0,4.0,1.0,1.0,1.0,0.1111111111111111,81.55,81.55,1.0,0.0,13.0,0.0,1.0,1.0,17.0,1.0,104.0,3,3.0,1,1,1,1,1,24,24,84,0.204,0.0,0.1092,0.124,T3,False,none,0.611607,0.634241,1.091097,0.915105,0.51107,1.414587,1.647985,1.262963,0.814215,1.023631,0.209329,1.0,17.0,0.5,6.333333,12.0,0.11111,2.611111
7ac68529-04ef-4058-a1c1-4212e5494124,3.0,0.3333333333333333,3.0,6255.629999999999,2085.2099999999996,863.5342651568609,63,0,2.0,1.5,9.0,2.0,1.0,0.6666666666666666,2.0,1.5,4.0,2.0,1.0,0.6666666666666666,0.3333333333333333,2085.2099999999996,2941.91,0.47028197000142274,126.46777777777778,5.0,0.3333333333333333,1.0,1.0,22.0,0.0,68.0,5,9.0,2,2,1,2,2,41,41,67,0.2687,0.0,0.1443,0.07,T3,False,none,0.55837,0.458001,0.838263,0.504783,0.56421,0.365761,0.266035,0.38755,0.572467,0.486172,0.308202,1.0,22.0,0.4,7.666667,13.666667,0.33333,3.022222
c2c4239c-cc8b-4585-b852-21c0d2b5f510,4.0,0.4444444444444444,4.0,4806.03,1201.5075,1018.7575006635943,92,0,1.0,4.0,3.0,1.0,1.0,1.0,2.0,2.0,6.0,2.0,1.0,0.75,0.4444444444444444,1201.5075,2279.59,0.47431872044077966,185.97694444444446,6.0,0.25,3.0,0.5,23.0,1.0,56.0,6,12.0,1,2,3,1,2,60,61,129,0.1169,0.0,0.1879,0.1099,T3,False,none,0.807887,0.397782,0.525666,0.577845,0.675501,0.755219,0.570224,0.708602,0.538235,0.617739,0.444481,1.5,11.5,0.1,8.0,30.0,0.888871,3.2
d7ca184c-21ac-43de-8686-185fe810adec,3.0,0.3333333333333333,3.0,9623.65,3207.883333333333,988.9730520764118,47,0,2.0,1.5,10.0,2.0,1.0,0.6666666666666666,2.0,1.5,7.0,2.0,1.0,0.6666666666666666,0.3333333333333333,3207.883333333333,4298.45,0.446654855486224,117.2525,11.0,0.3333333333333333,3.0,0.3333333333333333,27.0,1.0,77.0,7,9.0,2,2,3,2,2,86,86,67,0.2469,0.0,0.1605,0.1111,T3,False,none,0.617802,0.59313,0.968251,0.880495,0.434357,0.373006,0.403599,0.453145,0.75258,0.612844,0.747501,1.0,9.0,0.133333,9.333333,28.666667,0.99997,3.488889
64acad15-e93b-4fdc-831a-56ff8eb54ac2,6.0,0.6666666666666666,6.0,9803.189999999999,1633.8649999999998,1619.4325838854793,58,0,1.0,6.0,6.0,1.0,1.0,1.0,1.0,6.0,4.0,1.0,1.0,1.0,0.6666666666666666,1633.8649999999998,4305.19,0.4391621502796539,178.2422222222222,9.0,0.3333333333333333,2.0,0.6666666666666666,26.0,1.0,54.666666666666664,4,18.0,1,1,2,1,1,55,56,96,0.2355,0.0,0.1833,0.0828,T3,False,none,0.845402,0.937633,0.299367,0.560532,0.215092,0.969661,0.642742,0.825185,0.542824,0.674593,0.156388,1.0,17.333333,0.095238,9.0,27.5,0.999985,3.365079
15a0088a-d959-4756-be32-aff65e383523,5.0,0.5555555555555556,3.0,13686.26,2737.252,1190.1498514346838,61,0,3.0,1.6666666666666667,10.0,3.0,1.0,0.6,2.0,2.5,6.0,2.0,1.0,0.6,0.5555555555555556,2737.252,3857.3,0.2818374048132945,108.51333333333334,18.0,0.2,2.0,0.8,23.0,3.0,47.8,7,15.0,3,2,2,3,2,66,67,110,0.1791,0.0,0.2044,0.1366,T3,False,none,1.097827,0.498573,0.473353,0.955536,0.622351,0.567555,0.637404,0.742344,0.68531,0.711926,0.524647,0.75,18.4,0.3,8.0,16.5,0.694436,3.016667
25534577-b49b-42ee-bdd9-430e442f4304,2.0,0.2222222222222222,2.0,9592.150000000001,4796.075000000001,164.8336617623962,30,0,2.0,1.0,4.0,2.0,1.0,0.5,1.0,2.0,3.0,1.0,1.0,1.0,0.2222222222222222,4796.075000000001,4912.63,0.5121510818742409,62.81444444444445,8.0,0.0,2.0,0.5,25.0,1.0,54.5,5,6.0,2,1,2,2,1,42,42,129,0.1169,0.0,0.1879,0.1099,T3,False,none,0.831214,0.595173,0.384957,0.484059,0.675501,0.995041,0.857657,0.902438,0.523098,0.700124,0.137668,0.666667,12.5,0.25,8.666667,14.0,0.444436,3.194444
942d647f-6689-45fb-9d00-beb20457dcb0,4.0,0.4444444444444444,4.0,15965.97,3991.4925,592.942235318922,106,0,1.0,4.0,7.0,1.0,1.0,1.0,1.0,4.0,4.0,1.0,1.0,1.0,0.4444444444444444,3991.4925,4521.7,0.2832085992896141,196.21777777777777,3.0,0.0,3.0,0.5,24.0,1.0,43.5,5,12.0,1,1,3,1,1,67,68,84,0.204,0.0,0.1092,0.124,T3,False,none,0.570155,0.697421,0.536687,0.615353,0.51107,1.046308,0.914371,0.866286,0.602101,0.725387,0.310153,1.0,12.0,0.1,8.333333,33.5,0.888871,3.144444
b473d92f-eea9-4db5-8cbb-c7bb2a1c90cb,3.0,0.3333333333333333,3.0,7006.38,2335.46,830.135184894605,46,0,1.0,3.0,6.0,1.0,1.0,1.0,2.0,1.5,6.0,2.0,1.0,0.6666666666666666,0.3333333333333333,2335.46,3293.9,0.4701286541694855,72.69583333333334,19.0,0.0,1.0,1.0,18.0,0.0,41.0,4,9.0,1,2,1,1,2,31,31,134,0.1691,0.0224,0.2258,0.1728,T3,False,none,0.521681,0.512093,0.83084,0.647018,1.123263,0.315398,0.584575,0.464062,0.730957,0.606406,0.484756,1.5,18.0,0.25,6.333333,15.5,0.33333,2.694444
303d8c3e-9443-4c6d-a86b-3f16e1e6172c,4.0,0.4444444444444444,4.0,4603.95,1150.9875,408.78916785836356,63,0,1.0,4.0,4.0,1.0,1.0,1.0,2.0,2.0,6.0,1.0,0.5,0.75,0.4444444444444444,1150.9875,1706.77,0.3707186220528025,200.935,1.0,0.25,2.0,0.5,25.0,1.0,55.5,5,12.0,1,2,2,1,1,54,54,198,0.0889,0.0,0.2489,0.1724,T3,False,none,0.748454,0.633309,0.39335,0.349626,1.848264,0.717592,0.842832,0.768156,0.679429,0.720835,0.373775,0.75,12.5,0.05,8.5,27.0,0.888871,3.1
31ac02eb-58e0-4677-97f5-83e3c94f32fa,2.0,0.2222222222222222,2.0,1866.22,933.11,862.0055926732726,59,1,2.0,1.0,10.0,2.0,1.0,0.5,1.0,2.0,3.0,1.0,1.0,1.0,0.2222222222222222,933.11,1542.64,0.8266120821768066,74.04722222222222,0.0,0.0,1.0,1.0,23.0,0.0,55.0,4,6.0,2,1,1,2,1,41,41,121,0.1789,0.0083,0.2434,0.1287,T3,False,none,0.781766,0.595173,0.765032,0.648649,0.804265,0.77183,1.064704,0.872293,0.685462,0.77265,0.246985,0.666667,23.0,0.5,8.333333,13.666667,0.22222,3.166667
bf421e3a-62ad-432a-9053-68e84ffa928a,1.0,0.1111111111111111,1.0,2090.63,2090.63,0.0,42,0,1.0,1.0,8.0,1.0,1.0,1.0,1.0,1.0,3.0,1.0,1.0,1.0,0.1111111111111111,2090.63,2090.63,1.0,0.0,5.0,1.0,1.0,1.0,23.0,2.0,44.0,3,3.0,1,1,1,1,1,31,31,89,0.2321,0.0,0.0992,0.0863,T3,False,none,0.562159,0.715278,0.643737,0.847569,0.403244,1.026006,1.249459,0.967963,0.697977,0.82397,0.185232,1.0,23.0,0.5,8.0,15.5,0.11111,3.166667
1a135654-0e45-4f90-ac50-8bd3f8a4d97a,5.0,0.5555555555555556,4.0,11026.19,2205.2380000000003,1699.0726282799098,59,0,1.0,5.0,10.0,1.0,1.0,1.0,1.0,5.0,4.0,1.0,1.0,1.0,0.5555555555555556,2205.2380000000003,4005.86,0.3633040968820599,151.81583333333333,21.0,0.2,2.0,0.6,27.0,2.0,82.6,4,15.0,1,1,2,1,1,60,62,121,0.174,0.0,0.2013,0.1186,T3,False,none,0.806913,0.817527,0.70049,0.55686,0.581664,0.650439,0.739791,0.72493,0.656084,0.688212,0.227868,1.0,16.2,0.1,9.333333,30.0,0.92591,3.477778
d1af8cdb-1689-4c79-8201-f76cc142f8da,3.0,0.3333333333333333,3.0,7266.52,2422.1733333333336,842.6005379972962,71,1,1.0,3.0,10.0,1.0,1.0,1.0,3.0,1.0,4.0,3.0,1.0,0.3333333333333333,0.3333333333333333,2422.1733333333336,3224.95,0.44380941633684345,157.14833333333334,11.0,0.0,1.0,1.0,20.0,2.0,57.0,5,9.0,1,3,1,1,3,36,36,198,0.0889,0.0,0.2489,0.1724,T3,False,none,0.591098,1.159677,0.67072,0.823221,1.848264,0.343003,0.437481,0.44538,1.046404,0.765926,0.656477,2.0,20.0,0.25,7.333333,18.0,0.33333,3.194444
d1b08fe7-6bfc-422a-97cc-2dbbaa76b5d4,3.0,0.3333333333333333,3.0,6041.32,2013.7733333333333,2439.3886414905955,56,1,1.0,3.0,7.0,1.0,1.0,1.0,1.0,3.0,2.0,1.0,1.0,1.0,0.3333333333333333,2013.7733333333333,4805.09,0.7953708792118279,52.044444444444444,3.0,0.0,2.0,0.6666666666666666,24.0,2.0,77.0,4,9.0,1,1,2,1,1,50,50,108,0.1587,0.0,0.2348,0.071,T3,False,none,0.462248,0.739389,0.496735,0.395946,0.625422,0.526158,0.714372,0.570636,0.541051,0.554857,0.077944,1.0,16.0,0.166667,8.666667,25.0,0.499993,3.277778
92f92610-e595-42e1-ac34-4f396995d03f,0.0,0.0,0.0,0.0,0.0,0.0,61,0,0.0,0.0,0.0,0.0,0.0,0.0,0.0,0.0,0.0,0.0,0.0,0.0,0.0,0.0,0.0,0.0,0.0,0.0,0.0,0.0,0.0,0.0,0.0,0.0,0,0.0,0,0,0,0,0,0,0,1,0.0,0.0,0.0,0.0,T3,False,none,2.767811,2.428211,2.297128,2.075966,2.409508,1.523475,1.781581,1.965035,2.265693,2.125386,0.0,0.0,0.0,0.0,0.0,0.0,0.0,0.0
e75c7e4a-c60c-405e-a586-2749a0a339e4,4.0,0.4444444444444444,3.0,11463.75,2865.9375,1509.411229616259,77,0,2.0,2.0,9.0,2.0,1.0,0.5,1.0,4.0,3.0,1.0,1.0,1.0,0.4444444444444444,2865.9375,4309.63,0.37593544869697965,130.38,6.0,0.0,3.0,0.5,23.0,2.0,61.0,6,12.0,2,1,3,2,1,71,72,198,0.0889,0.0,0.2489,0.1724,T3,False,none,0.614426,0.778458,0.649308,0.725399,1.848264,0.54571,0.47851,0.542943,0.909956,0.738683,0.46919,0.666667,11.5,0.166667,8.0,23.666667,0.888871,2.944444
cbc9326e-5a54-40f2-a894-684e482fd4e2,3.0,0.3333333333333333,3.0,8167.69,2722.563333333333,1258.0600491365003,106,1,1.0,3.0,7.0,1.0,1.0,1.0,1.0,3.0,3.0,1.0,1.0,1.0,0.3333333333333333,2722.563333333333,4156.78,0.5089296973807772,153.48361111111112,9.0,0.0,2.0,0.6666666666666666,22.0,0.0,33.666666666666664,4,9.0,1,1,2,1,1,45,45,95,0.2056,0.0211,0.1855,0.0916,T3,False,none,0.462248,0.658352,0.407068,0.444186,0.105784,0.529606,0.4246,0.475359,0.433595,0.453084,0.046619,1.0,14.666667,0.166667,8.0,22.5,0.499993,3.055556
4ad2c865-628d-4316-91ae-6cda8193249d,6.0,0.6666666666666666,3.0,16602.11,2767.0183333333334,1911.1463878145667,58,0,1.0,6.0,7.0,1.0,1.0,1.0,1.0,6.0,1.0,0.0,0.0,1.0,0.6666666666666666,2767.0183333333334,4906.63,0.29554255453071926,123.1536111111111,1.0,0.16666666666666666,1.0,1.0,29.0,0.0,51.0,3,18.0,1,1,1,1,0,34,34,89,0.2523,0.0,0.1667,0.1056,T3,False,none,0.78597,1.955496,0.946687,0.973765,0.277908,0.875634,0.739929,0.804781,1.09758,0.960941,0.307199,0.0,29.0,0.0,9.666667,17.0,0.66666,3.222222
3e0f3629-7c3d-4f9f-b50e-d56d674a6dca,7.0,0.7777777777777778,6.0,15554.48,2222.0685714285714,1501.1520850825273,81,1,2.0,3.5,9.0,2.0,1.0,0.8571428571428571,3.0,2.3333333333333335,5.0,3.0,1.0,0.5714285714285714,0.7777777777777778,2222.0685714285714,4281.06,0.27523003019065895,130.20194444444445,2.0,0.2857142857142857,3.0,0.7142857142857143,20.0,2.0,43.42857142857143,8,21.0,2,3,3,2,3,72,72,198,0.0889,0.0,0.2489,0.1724,T3,False,none,0.51062,0.840714,0.45394,1.272067,1.848264,1.250174,0.663,0.843148,1.089818,0.974706,0.901653,1.333333,14.285714,0.15873,7.333333,24.0,1.088874,2.941799
9cbf6ab9-9d84-4171-bce6-55e911aaaa1a,4.0,0.4444444444444444,3.0,13074.61,3268.6525,995.201130705916,74,1,2.0,2.0,11.0,2.0,1.0,0.75,1.0,4.0,3.0,1.0,1.0,1.0,0.4444444444444444,3268.6525,4078.11,0.3119106420765132,87.6975,1.0,0.0,3.0,0.5,24.0,0.0,44.0,6,12.0,2,1,3,2,1,79,81,134,0.1691,0.0224,0.2258,0.1728,T3,False,none,0.568277,0.778458,0.714811,0.807355,1.123263,0.556035,0.663374,0.595312,0.833502,0.722347,0.518325,0.666667,12.0,0.166667,8.666667,26.333333,0.888871,3.166667
46aad41c-1c37-4f8e-9c81-3aa1ae3f4d5a,6.0,0.6666666666666666,5.0,11644.43,1940.7383333333335,651.4787549081447,73,0,1.0,6.0,5.0,1.0,1.0,1.0,2.0,3.0,4.0,2.0,1.0,0.6666666666666666,0.6666666666666666,1940.7383333333335,3069.74,0.26362303693697325,169.97277777777776,4.0,0.5,1.0,1.0,28.0,0.0,106.0,4,18.0,1,2,1,1,2,35,35,134,0.1691,0.0224,0.2258,0.1728,T3,False,none,0.904835,0.461127,1.3724,0.736704,1.123263,0.957458,0.743656,0.871156,0.864673,0.867698,0.53416,1.5,28.0,0.142857,9.666667,17.5,0.66666,3.769841
6d110c59-954d-4498-9cdd-4ec558efe174,6.0,0.6666666666666666,5.0,14924.95,2487.491666666667,1585.6073669911686,30,0,2.0,3.0,8.0,2.0,1.0,0.8333333333333334,1.0,6.0,4.0,1.0,1.0,1.0,0.6666666666666666,2487.491666666667,4238.21,0.28396812049621606,209.27416666666667,18.0,0.16666666666666666,2.0,0.6666666666666666,25.0,3.0,72.66666666666667,5,18.0,2,1,2,2,1,57,57,95,0.2056,0.0211,0.1855,0.0916,T3,False,none,0.381518,0.937633,0.678559,0.529299,0.105784,1.017193,0.926915,0.805479,0.591892,0.691566,0.121127,0.666667,16.666667,0.166667,8.666667,19.0,0.999985,3.166667
aa1b05ab-ddae-4cd6-8e90-fcb5f74ccb8f,3.0,0.3333333333333333,3.0,7299.77,2433.2566666666667,1824.2250468989107,55,0,1.0,3.0,5.0,1.0,1.0,1.0,1.0,3.0,3.0,1.0,1.0,1.0,0.3333333333333333,2433.2566666666667,4007.09,0.5489337335285907,137.06,7.0,0.0,3.0,0.3333333333333333,28.0,1.0,94.0,5,9.0,1,1,3,1,1,82,84,95,0.2056,0.0211,0.1855,0.0916,T3,False,none,0.581114,0.658352,1.146793,0.749938,0.105784,0.347941,0.295263,0.397002,0.702361,0.55986,0.360603,1.0,9.333333,0.083333,9.666667,41.0,0.99997,3.583333
acc98335-01f8-441f-bd24-b4de757f2a52,1.0,0.1111111111111111,1.0,3248.09,3248.09,0.0,96,1,1.0,1.0,9.0,1.0,1.0,1.0,1.0,1.0,3.0,1.0,1.0,1.0,0.1111111111111111,3248.09,3248.09,1.0,0.0,8.0,0.0,1.0,1.0,18.0,3.0,73.0,3,3.0,1,1,1,1,1,27,27,121,0.174,0.0,0.2013,0.1186,T3,False,none,0.621592,0.715278,1.059061,0.886161,0.581664,1.220061,0.974821,0.967323,0.828712,0.893397,0.196896,1.0,18.0,0.5,6.666667,13.5,0.11111,2.722222
a3c63f31-073d-4a2a-8d54-277bdf9524f7,3.0,0.3333333333333333,3.0,4108.2,1369.3999999999999,869.1767575700584,61,1,1.0,3.0,7.0,1.0,1.0,1.0,2.0,1.5,5.0,2.0,1.0,0.6666666666666666,0.3333333333333333,1369.3999999999999,1938.65,0.4718976680784772,138.79583333333332,6.0,0.0,2.0,0.6666666666666666,24.0,3.0,103.66666666666667,5,9.0,1,2,2,1,2,53,55,134,0.1691,0.0224,0.2258,0.1728,T3,False,none,0.462248,0.431056,0.902854,0.330549,1.123263,0.48538,0.594275,0.515069,0.607025,0.564112,0.394691,1.5,16.0,0.166667,8.666667,26.5,0.499993,3.444444
e04df825-23f8-47ec-9cb6-c99682ff27b9,4.0,0.4444444444444444,3.0,14273.67,3568.4175,1521.4904621976223,96,1,1.0,4.0,11.0,1.0,1.0,1.0,1.0,4.0,6.0,1.0,1.0,1.0,0.4444444444444444,3568.4175,4997.06,0.35008936033970245,155.86388888888888,1.0,0.0,3.0,0.5,21.0,0.0,38.5,5,12.0,1,1,3,1,1,71,72,134,0.1691,0.0224,0.2258,0.1728,T3,False,none,0.758439,0.751513,0.678771,0.653945,1.123263,0.794105,0.834529,0.797389,0.761729,0.77837,0.454282,1.0,10.5,0.1,7.666667,35.5,0.888871,2.922222
41150411-067f-475d-8175-27cee06a2023,5.0,0.5555555555555556,5.0,14975.43,2995.0860000000002,1349.608917698012,77,1,1.0,5.0,5.0,1.0,1.0,1.0,1.0,5.0,6.0,1.0,1.0,1.0,0.5555555555555556,2995.0860000000002,4637.78,0.30969260982823194,192.41333333333333,0.0,0.2,3.0,0.4,28.0,1.0,94.8,5,15.0,1,1,3,1,1,62,63,121,0.1789,0.0083,0.2434,0.1287,T3,False,none,0.796928,0.871619,1.104363,0.623798,0.804265,0.90198,0.80618,0.840032,0.815949,0.827187,0.425206,1.0,11.2,0.066667,10.0,31.0,1.388854,3.688889
5b9ec735-351c-4d2b-871c-6a26744e2e3c,1.0,0.1111111111111111,1.0,1419.98,1419.98,0.0,95,1,1.0,1.0,13.0,1.0,1.0,1.0,1.0,1.0,2.0,1.0,1.0,1.0,0.1111111111111111,1419.98,1419.98,1.0,0.0,5.0,1.0,1.0,1.0,27.0,2.0,54.0,3,3.0,1,1,1,1,1,39,39,89,0.2523,0.0,0.1667,0.1056,T3,False,none,0.859323,0.796315,0.799482,0.770386,0.277908,1.274269,1.419005,1.203959,0.70085,0.935634,0.303376,1.0,27.0,0.5,9.666667,19.5,0.11111,3.722222
47f38be4-d201-464e-99fa-7d883ad80661,3.0,0.3333333333333333,2.0,5695.51,1898.5033333333333,1067.7358167792881,48,0,2.0,1.5,8.0,2.0,1.0,0.6666666666666666,1.0,3.0,5.0,1.0,1.0,1.0,0.3333333333333333,1898.5033333333333,3077.32,0.5403063114628892,125.56138888888889,0.0,0.6666666666666666,2.0,0.6666666666666666,27.0,0.0,78.0,5,9.0,2,1,2,2,1,60,61,110,0.1928,0.0091,0.1832,0.0943,T3,False,none,0.498937,0.550371,0.713381,0.434738,0.231917,0.410296,0.534756,0.477108,0.487893,0.48286,0.186672,0.666667,18.0,0.266667,9.333333,20.0,0.499993,3.422222
2171afec-1095-4498-9859-b8dc6dbe20c3,4.0,0.4444444444444444,3.0,8948.52,2237.13,1125.4814820925903,68,0,2.0,2.0,9.0,2.0,1.0,0.75,3.0,1.3333333333333333,8.0,3.0,1.0,0.5,0.4444444444444444,2237.13,3728.02,0.4166074389954987,91.9025,20.0,0.75,3.0,0.5,25.0,2.0,63.25,8,12.0,2,3,3,2,3,89,94,96,0.2355,0.0,0.1833,0.0828,T3,False,none,0.449411,1.227293,0.739933,1.289893,0.215092,0.335427,0.715139,0.494565,0.980534,0.753748,0.993483,1.333333,12.5,0.166667,8.666667,29.666667,0.888871,3.388889
89830ad2-1cca-46c1-94f7-2cb6da10cd67,0.0,0.0,0.0,0.0,0.0,0.0,60,0,0.0,0.0,0.0,0.0,0.0,0.0,0.0,0.0,0.0,0.0,0.0,0.0,0.0,0.0,0.0,0.0,0.0,0.0,0.0,0.0,0.0,0.0,0.0,0.0,0,0.0,0,0,0,0,0,0,0,1,0.0,0.0,0.0,0.0,T3,False,none,2.767811,2.428211,2.297128,2.075966,2.409508,1.518139,1.781581,1.963002,2.265693,2.124437,0.0,0.0,0.0,0.0,0.0,0.0,0.0,0.0
a5f5795b-1993-4619-a251-982cfb027f60,5.0,0.5555555555555556,4.0,14155.07,2831.014,1497.5929730504213,63,1,1.0,5.0,8.0,1.0,1.0,1.0,1.0,5.0,5.0,1.0,1.0,1.0,0.5555555555555556,2831.014,4208.0,0.2972786429173434,146.9661111111111,14.0,0.0,2.0,0.8,25.0,0.0,46.8,4,15.0,1,1,2,1,1,57,58,108,0.1587,0.0,0.2348,0.071,T3,False,none,0.688047,0.790582,0.471808,0.523143,0.625422,0.729756,0.75854,0.727434,0.596354,0.657525,0.172239,1.0,20.0,0.133333,9.0,28.5,0.694436,3.377778
410a73e4-4df0-4cb4-873b-ba78a3aac35a,0.0,0.0,0.0,0.0,0.0,0.0,36,1,0.0,0.0,0.0,0.0,0.0,0.0,0.0,0.0,0.0,0.0,0.0,0.0,0.0,0.0,0.0,0.0,0.0,0.0,0.0,0.0,0.0,0.0,0.0,0.0,0,0.0,0,0,0,0,0,0,0,1,0.0,0.0,0.0,0.0,T3,False,none,2.767811,2.428211,2.297128,2.075966,2.409508,1.571858,1.781581,1.983467,2.265693,2.133988,0.0,0.0,0.0,0.0,0.333333,0.0,0.0,0.111111
08cdd9c6-10da-4109-8435-80bb7426eb97,2.0,0.2222222222222222,2.0,7696.72,3848.36,838.2468048254046,39,0,2.0,1.0,11.0,2.0,1.0,0.5,2.0,1.0,8.0,2.0,1.0,0.5,0.2222222222222222,3848.36,4441.09,0.5770107266471952,29.855,1.0,0.5,1.0,1.0,28.0,1.0,87.0,5,6.0,2,2,1,2,2,50,51,121,0.1789,0.0083,0.2434,0.1287,T3,False,none,0.841199,0.842735,1.030624,0.469862,0.804265,0.697699,0.832769,0.783722,0.73564,0.758078,0.579981,1.0,28.0,0.5,9.666667,16.666667,0.22222,3.722222
e0d6aae5-d8cb-4413-bd53-18322fdb358b,1.0,0.1111111111111111,1.0,1207.14,1207.14,0.0,52,0,1.0,1.0,6.0,1.0,1.0,1.0,1.0,1.0,4.0,1.0,1.0,1.0,0.1111111111111111,1207.14,1207.14,1.0,0.0,23.0,0.0,1.0,1.0,21.0,3.0,35.0,3,3.0,1,1,1,1,1,28,28,134,0.1691,0.0224,0.2258,0.1728,T3,False,none,0.611607,0.634241,0.855262,0.876513,1.123263,1.104014,1.593907,1.126624,0.852643,0.980501,0.321688,1.0,21.0,0.5,7.333333,14.0,0.11111,2.944444
61a86688-f668-466c-aeb0-25cc6767e6c4,1.0,0.1111111111111111,1.0,3085.75,3085.75,0.0,108,0,1.0,1.0,5.0,1.0,1.0,1.0,1.0,1.0,6.0,1.0,1.0,1.0,0.1111111111111111,3085.75,3085.75,1.0,0.0,1.0,0.0,1.0,1.0,17.0,1.0,73.0,3,3.0,1,1,1,1,1,25,25,89,0.2523,0.0,0.1667,0.1056,T3,False,none,0.67104,0.688334,0.830932,0.905457,0.277908,1.275713,1.076301,1.036478,0.731059,0.873588,0.270277,1.0,17.0,0.5,6.0,12.5,0.11111,2.5
6a27ea7c-8d4b-472a-bcfa-dcdbc988689d,0.0,0.0,0.0,0.0,0.0,0.0,55,0,0.0,0.0,0.0,0.0,0.0,0.0,0.0,0.0,0.0,0.0,0.0,0.0,0.0,0.0,0.0,0.0,0.0,0.0,0.0,0.0,0.0,0.0,0.0,0.0,0,0.0,0,0,0,0,0,0,0,1,0.0,0.0,0.0,0.0,T3,False,none,2.767811,2.428211,2.297128,2.075966,2.409508,1.49146,1.781581,1.952839,2.265693,2.119694,0.0,0.0,0.0,0.0,0.0,0.0,0.0,0.0
4d81a938-8622-4562-85f1-2758fa59bec9,4.0,0.4444444444444444,4.0,9805.35,2451.3375,1707.506830486582,48,1,3.0,1.3333333333333333,7.0,3.0,1.0,0.5,3.0,1.3333333333333333,3.0,3.0,1.0,0.5,0.4444444444444444,2451.3375,4800.11,0.4895398940374387,170.33972222222224,13.0,0.25,3.0,0.5,16.0,0.0,52.0,9,12.0,3,3,3,3,3,63,63,198,0.0889,0.0,0.2489,0.1724,T3,False,none,1.070951,1.092164,0.807444,1.37647,1.848264,0.472443,0.48955,0.649148,1.265479,0.977858,0.890041,1.0,8.0,0.214286,6.0,15.75,0.888871,2.404762
75404ccd-3e5e-4458-a45f-008de96d5beb,3.0,0.3333333333333333,2.0,6746.67,2248.89,1322.836376087383,103,0,1.0,3.0,6.0,1.0,1.0,1.0,1.0,3.0,2.0,1.0,1.0,1.0,0.3333333333333333,2248.89,3775.67,0.5596346049236142,93.35194444444444,0.0,0.0,2.0,0.6666666666666666,21.0,0.0,86.33333333333333,4,9.0,1,1,2,1,1,41,41,198,0.0889,0.0,0.2489,0.1724,T3,False,none,0.521681,0.739389,0.593507,0.482778,1.848264,0.606882,0.423763,0.521499,0.797581,0.668742,0.222126,1.0,14.0,0.166667,7.333333,20.5,0.499993,2.833333
117fc110-00ee-444f-8641-49a12968b2f9,3.0,0.3333333333333333,3.0,5318.32,1772.7733333333333,2291.9635148564935,107,1,2.0,1.5,10.0,2.0,1.0,0.6666666666666666,2.0,1.5,5.0,2.0,1.0,0.6666666666666666,0.3333333333333333,1772.7733333333333,4417.49,0.8306175634410866,40.87388888888889,3.0,0.3333333333333333,3.0,0.3333333333333333,21.0,3.0,61.0,7,9.0,2,2,3,2,2,72,72,154,0.1225,0.0,0.2652,0.1509,T3,False,none,0.617802,0.431056,0.908161,0.745423,1.400021,0.819621,0.632949,0.699735,0.809835,0.758455,0.56367,1.0,7.0,0.133333,7.666667,24.0,0.99997,2.933333
f4ceda3d-401d-4b58-beb1-4b80f6e89e8f,4.0,0.4444444444444444,4.0,11375.349999999999,2843.8374999999996,1946.1314687926401,53,0,1.0,4.0,4.0,1.0,1.0,1.0,3.0,1.3333333333333333,3.0,3.0,1.0,0.5,0.4444444444444444,2843.8374999999996,4889.03,0.4297916108075796,162.67111111111112,0.0,0.25,3.0,0.5,20.0,0.0,65.25,7,12.0,1,3,3,1,3,55,55,108,0.1587,0.0,0.2348,0.071,T3,False,none,0.748454,1.092164,0.77516,0.866513,0.625422,0.581104,0.5887,0.63145,0.863712,0.755323,0.574888,2.0,10.0,0.1,7.0,27.5,0.888871,3.033333
12ea6720-8197-49dd-af6f-2d6d815af58b,3.0,0.3333333333333333,2.0,11543.8,3847.933333333333,568.5569527614041,32,1,1.0,3.0,8.0,1.0,1.0,1.0,2.0,1.5,7.0,2.0,1.0,0.6666666666666666,0.3333333333333333,3847.933333333333,4451.88,0.385651172057728,31.886111111111113,3.0,0.0,1.0,1.0,16.0,0.0,29.0,4,9.0,1,2,1,1,2,30,30,95,0.2056,0.0211,0.1855,0.0916,T3,False,none,0.472232,0.59313,1.003291,0.656666,0.105784,0.704402,0.791178,0.666993,0.621182,0.642561,0.342001,1.5,16.0,0.25,6.0,15.0,0.33333,2.583333
c43432da-81a7-4138-bf1c-3039f047876f,1.0,0.1111111111111111,1.0,2462.38,2462.38,0.0,103,1,1.0,1.0,12.0,1.0,1.0,1.0,1.0,1.0,2.0,1.0,1.0,1.0,0.1111111111111111,2462.38,2462.38,1.0,0.0,13.0,1.0,1.0,1.0,23.0,0.0,55.0,3,3.0,1,1,1,1,1,34,34,121,0.1789,0.0083,0.2434,0.1287,T3,False,none,0.79989,0.796315,0.765032,0.818625,0.804265,1.176909,1.272957,1.101205,0.799489,0.94029,0.246985,1.0,23.0,0.5,8.333333,17.0,0.11111,3.277778
65e1f468-16a0-4f37-af4b-213aee282475,6.0,0.6666666666666666,4.0,16648.93,2774.8216666666667,1729.6463288709247,56,0,2.0,3.0,5.0,2.0,1.0,0.8333333333333334,1.0,6.0,4.0,1.0,1.0,1.0,0.6666666666666666,2774.8216666666667,4892.17,0.29384290762229165,130.98361111111112,0.0,0.3333333333333333,6.0,0.16666666666666666,27.0,0.0,59.833333333333336,9,18.0,2,1,6,2,1,131,137,110,0.1928,0.0091,0.1832,0.0943,T3,False,none,0.490399,0.937633,1.728948,1.950474,0.231917,0.91915,0.744809,0.738536,1.364686,1.072483,1.01033,0.666667,4.5,0.041667,9.333333,43.666667,3.99976,3.347222
bc3df63a-5d7b-4f02-9460-933311b67ada,3.0,0.3333333333333333,2.0,10282.14,3427.3799999999997,916.268175972515,39,0,1.0,3.0,7.0,1.0,1.0,1.0,2.0,1.5,3.0,2.0,1.0,0.6666666666666666,0.3333333333333333,3427.3799999999997,4077.27,0.39653904731894335,62.0125,19.0,0.3333333333333333,3.0,0.3333333333333333,24.0,0.0,52.333333333333336,6,9.0,1,2,3,1,2,72,72,121,0.1789,0.0083,0.2434,0.1287,T3,False,none,0.462248,0.539038,0.835945,0.67394,0.804265,0.532849,0.701385,0.568856,0.695686,0.636499,0.492981,1.5,8.0,0.083333,8.333333,36.0,0.99997,3.305556
871d7d58-07f6-446c-bf2a-12b04b67ffb5,2.0,0.2222222222222222,2.0,4892.09,2446.045,1447.3697993429323,74,1,1.0,2.0,4.0,1.0,1.0,1.0,1.0,2.0,2.0,1.0,1.0,1.0,0.2222222222222222,2446.045,3469.49,0.7092040416263805,50.36416666666667,5.0,0.5,1.0,1.0,16.0,1.0,74.0,3,6.0,1,1,1,1,1,19,19,198,0.0889,0.0,0.2489,0.1724,T3,False,none,0.622565,0.67621,0.875195,0.90666,1.848264,0.622042,0.481148,0.575227,0.999426,0.801467,0.320767,1.0,16.0,0.333333,6.0,9.5,0.22222,2.444444
a1e67028-f898-486c-bab4-51f3aac89bf8,5.0,0.5555555555555556,4.0,10715.29,2143.058,1411.0441975076471,68,0,1.0,5.0,8.0,1.0,1.0,1.0,4.0,1.25,6.0,4.0,1.0,0.4,0.5555555555555556,2143.058,4385.24,0.4092507062338023,119.855,4.0,0.4,1.0,1.0,22.0,2.0,80.0,6,15.0,1,4,1,1,4,40,40,198,0.0889,0.0,0.2489,0.1724,T3,False,none,0.688047,1.56493,0.838331,1.197874,1.848264,0.648984,0.454216,0.595222,1.323131,0.983441,1.005505,2.5,22.0,0.166667,7.666667,20.0,0.55555,3.444444
cda0531c-e419-48b1-b668-61e13a59868d,6.0,0.6666666666666666,5.0,14881.91,2480.318333333333,1146.439502815856,70,0,2.0,3.0,7.0,2.0,1.0,0.5,4.0,1.5,6.0,4.0,1.0,0.5,0.6666666666666666,2480.318333333333,3816.07,0.25642340264119323,188.01,19.0,0.0,2.0,0.8333333333333334,23.0,0.0,88.66666666666667,8,18.0,2,4,2,2,4,64,65,110,0.1928,0.0091,0.1832,0.0943,T3,False,none,0.562989,1.469794,0.751337,1.314998,0.231917,0.898278,0.957475,0.822213,1.055754,0.946768,0.9416,1.666667,19.166667,0.208333,8.0,21.333333,0.79999,3.291667
3eee3880-d708-467c-a8eb-c0c1f1a8de63,1.0,0.1111111111111111,1.0,3599.9,3599.9,0.0,70,0,1.0,1.0,8.0,1.0,1.0,1.0,1.0,1.0,4.0,1.0,1.0,1.0,0.1111111111111111,3599.9,3599.9,1.0,0.0,18.0,0.0,1.0,1.0,22.0,0.0,68.0,3,3.0,1,1,1,1,1,31,31,67,0.2687,0.0,0.1443,0.07,T3,False,none,0.562159,0.634241,0.838263,0.847569,0.56421,1.125629,1.231228,0.999837,0.745072,0.863962,0.204088,1.0,22.0,0.5,7.666667,15.5,0.11111,3.055556
06f4601e-74cc-4cad-81ff-7706c9995d07,3.0,0.3333333333333333,3.0,8917.91,2972.6366666666668,654.2781064144921,103,0,2.0,1.5,7.0,2.0,1.0,0.6666666666666666,2.0,1.5,4.0,2.0,1.0,0.6666666666666666,0.3333333333333333,2972.6366666666668,3676.33,0.4122412089828222,86.13388888888889,5.0,0.6666666666666666,2.0,0.6666666666666666,21.0,1.0,50.666666666666664,6,9.0,2,2,2,2,2,52,52,95,0.2056,0.0211,0.1855,0.0916,T3,False,none,0.488952,0.458001,0.111857,0.382809,0.105784,0.611532,0.459766,0.525921,0.298988,0.40489,0.193803,1.0,14.0,0.266667,7.333333,17.333333,0.499993,2.866667
76cd41b4-d25e-47d8-a15a-b8de65c99837,4.0,0.4444444444444444,4.0,7769.58,1942.395,1340.507024412778,107,0,2.0,2.0,11.0,2.0,1.0,0.5,3.0,1.3333333333333333,6.0,3.0,1.0,0.5,0.4444444444444444,1942.395,3367.17,0.433378638227549,209.08944444444444,2.0,0.25,1.0,1.0,25.0,0.0,107.0,6,12.0,2,3,1,2,3,49,50,110,0.1791,0.0,0.2044,0.1366,T3,False,none,0.733291,1.065219,1.27318,0.779386,0.622351,0.701654,0.505807,0.645411,0.927545,0.795883,0.740397,1.333333,25.0,0.333333,8.666667,16.333333,0.44444,3.444444
987c9dd2-c2d2-480f-bfed-20f996ea95cc,3.0,0.3333333333333333,3.0,11469.13,3823.043333333333,1355.9494674335524,68,0,2.0,1.5,7.0,2.0,1.0,0.6666666666666666,2.0,1.5,6.0,2.0,1.0,0.6666666666666666,0.3333333333333333,3823.043333333333,4942.16,0.4309097551427179,58.19111111111111,4.0,0.0,1.0,1.0,23.0,1.0,30.0,5,9.0,2,2,1,2,2,40,40,40,0.459,0.0,0.0615,0.0469,T3,False,none,0.488952,0.512093,0.679552,0.514431,1.728531,0.557765,0.740831,0.599126,0.750596,0.67991,0.56628,1.0,23.0,0.4,8.0,13.333333,0.33333,3.133333
d7aef900-e627-4c48-a3d1-562548a9d3a5,1.0,0.1111111111111111,1.0,4981.72,4981.72,0.0,81,1,1.0,1.0,9.0,1.0,1.0,1.0,1.0,1.0,5.0,1.0,1.0,1.0,0.1111111111111111,4981.72,4981.72,1.0,0.0,23.0,0.0,1.0,1.0,18.0,2.0,84.0,3,3.0,1,1,1,1,1,29,29,198,0.0889,0.0,0.2489,0.1724,T3,False,none,0.621592,0.607297,0.969057,0.866865,1.848264,1.317651,1.695805,1.244828,0.98683,1.107229,0.335519,1.0,18.0,0.5,6.666667,14.5,0.11111,2.722222
ec85e676-6f24-43ee-8201-82940125661b,3.0,0.3333333333333333,3.0,4601.19,1533.7299999999998,984.2659581129482,92,1,1.0,3.0,7.0,1.0,1.0,1.0,2.0,1.5,8.0,2.0,1.0,0.6666666666666666,0.3333333333333333,1533.7299999999998,2617.62,0.5689006539612579,86.9786111111111,6.0,0.3333333333333333,2.0,0.6666666666666666,25.0,2.0,76.0,5,9.0,1,2,2,1,2,56,57,121,0.174,0.0,0.2013,0.1186,T3,False,none,0.462248,0.674167,0.524214,0.35472,0.581664,0.598742,0.364708,0.481732,0.507717,0.495591,0.430776,1.5,16.666667,0.166667,9.0,28.0,0.499993,3.555556
f4156921-c266-438a-82bd-dede66b26ad2,2.0,0.2222222222222222,2.0,4619.62,2309.81,3203.518987894406,55,1,1.0,2.0,8.0,1.0,1.0,1.0,2.0,1.0,5.0,2.0,1.0,0.5,0.2222222222222222,2309.81,4575.04,0.9903498556158299,30.9325,4.0,0.5,2.0,0.5,27.0,1.0,92.0,5,6.0,1,2,2,1,2,55,55,121,0.174,0.0,0.2013,0.1186,T3,False,none,0.454251,0.599624,0.771415,0.396984,0.581664,0.838687,0.813221,0.72036,0.556431,0.632931,0.326791,1.5,13.5,0.166667,9.666667,27.5,0.444436,3.777778
7ec28668-0fe1-46bb-aa9a-f8d1cce37e9c,4.0,0.4444444444444444,4.0,11653.04,2913.26,2009.8872867070595,39,0,1.0,4.0,6.0,1.0,1.0,1.0,2.0,2.0,8.0,2.0,1.0,0.75,0.4444444444444444,2913.26,4955.71,0.4252718603900784,93.6475,7.0,0.25,2.0,0.75,20.0,0.0,99.75,5,12.0,1,2,2,1,2,48,48,67,0.2687,0.0,0.1443,0.07,T3,False,none,0.629588,0.559856,0.772466,0.342969,0.56421,0.682033,0.381078,0.56673,0.523543,0.543697,0.367281,1.5,15.0,0.15,7.0,24.0,0.592585,2.883333
81cb5cd9-1fbc-4c97-952e-428c9b952a5c,4.0,0.4444444444444444,3.0,13723.79,3430.9475,356.7950042975191,79,1,3.0,1.3333333333333333,11.0,3.0,1.0,0.5,1.0,4.0,3.0,1.0,1.0,1.0,0.4444444444444444,3430.9475,3674.57,0.26775183823127574,117.87388888888889,0.0,0.0,2.0,0.75,20.0,3.0,65.75,6,12.0,3,1,2,3,1,56,57,108,0.1587,0.0,0.2348,0.071,T3,False,none,1.259235,0.778458,0.568803,0.772314,0.625422,0.729145,0.664264,0.858972,0.70697,0.777904,0.12525,0.5,15.0,0.321429,7.333333,14.0,0.592585,2.718254
07699e30-119b-4891-b934-4a9a87241576,4.0,0.4444444444444444,3.0,10673.03,2668.2575,2193.568889160235,55,0,1.0,4.0,9.0,1.0,1.0,1.0,2.0,2.0,7.0,2.0,1.0,0.75,0.4444444444444444,2668.2575,4946.6,0.4634672628110293,133.33055555555555,23.0,0.0,3.0,0.5,23.0,1.0,64.5,6,12.0,1,2,3,1,2,72,72,198,0.0889,0.0,0.2489,0.1724,T3,False,none,0.639573,0.478819,0.597002,0.688848,1.848264,0.504222,0.830559,0.651672,0.810442,0.73635,0.680448,1.5,11.5,0.1,8.0,36.0,0.888871,3.2
3b8cde36-a06e-4fc3-a39b-b9fef9dfd24c,6.0,0.6666666666666666,5.0,4911.7,818.6166666666667,707.5501098767963,84,0,2.0,3.0,10.0,2.0,1.0,0.8333333333333334,2.0,3.0,3.0,2.0,1.0,0.6666666666666666,0.6666666666666666,818.6166666666667,1745.28,0.3553311480750046,227.26388888888889,0.0,0.0,2.0,0.8333333333333334,28.0,2.0,54.0,6,18.0,2,2,2,2,2,65,65,134,0.1691,0.0224,0.2258,0.1728,T3,False,none,0.500384,0.542164,0.539112,0.636511,1.123263,1.151074,1.237737,0.99405,0.673758,0.823228,0.589784,1.0,23.333333,0.208333,9.666667,21.666667,0.79999,3.625
53cd1782-f2a8-4074-b5aa-be8337a33c8d,3.0,0.3333333333333333,3.0,5658.83,1886.2766666666666,1096.3989466126523,85,1,1.0,3.0,5.0,1.0,1.0,1.0,2.0,1.5,5.0,2.0,1.0,0.6666666666666666,0.3333333333333333,1886.2766666666666,3109.77,0.5495429267180671,83.16555555555556,5.0,0.3333333333333333,2.0,0.6666666666666666,18.0,1.0,67.33333333333333,5,9.0,1,2,2,1,2,42,42,198,0.0889,0.0,0.2489,0.1724,T3,False,none,0.581114,0.431056,0.359344,0.385949,1.848264,0.473167,0.280082,0.439648,0.635402,0.54405,0.340992,1.5,12.0,0.166667,6.666667,21.0,0.499993,2.777778
f4686553-73c9-4723-ad8b-faada83537e8,3.0,0.3333333333333333,3.0,9330.45,3110.15,823.4066173525688,44,0,3.0,1.0,7.0,3.0,1.0,0.3333333333333333,1.0,3.0,4.0,1.0,1.0,1.0,0.3333333333333333,3110.15,3686.2,0.3950720490437224,85.12277777777778,8.0,0.3333333333333333,2.0,0.6666666666666666,18.0,3.0,52.333333333333336,6,9.0,3,1,2,3,1,45,45,129,0.1169,0.0,0.1879,0.1099,T3,False,none,1.21693,0.577315,0.497457,0.75969,0.675501,0.398762,0.314726,0.604512,0.645433,0.626337,0.126174,0.5,12.0,0.333333,6.333333,11.25,0.499993,2.388889
dfb2df6a-f7f6-4a91-bf98-2812534cf918,3.0,0.3333333333333333,2.0,9640.69,3213.5633333333335,1111.4505389055032,100,1,1.0,3.0,6.0,1.0,1.0,1.0,1.0,3.0,8.0,1.0,1.0,1.0,0.3333333333333333,3213.5633333333335,4399.54,0.4563511532888206,34.687222222222225,3.0,0.0,2.0,0.6666666666666666,23.0,0.0,65.66666666666667,4,9.0,1,1,2,1,1,52,54,40,0.459,0.0,0.0615,0.0469,T3,False,none,0.521681,0.793482,0.466391,0.408083,1.728531,0.620656,0.649336,0.601937,0.736655,0.673787,0.45758,1.0,15.333333,0.166667,8.333333,26.0,0.499993,3.166667
9e2c47fc-cf09-4d3d-a7f3-61f8587b7509,3.0,0.3333333333333333,2.0,10621.880000000001,3540.626666666667,2172.7856998869756,67,1,1.0,3.0,9.0,1.0,1.0,1.0,1.0,3.0,2.0,1.0,1.0,1.0,0.3333333333333333,3540.626666666667,4815.39,0.4533463002782935,125.48333333333333,0.0,0.6666666666666666,1.0,1.0,16.0,2.0,53.0,3,9.0,1,1,1,1,1,24,24,129,0.1169,0.0,0.1879,0.1099,T3,False,none,0.531665,0.739389,0.780633,0.801736,0.675501,0.692933,0.743931,0.663856,0.760714,0.715513,0.176865,1.0,16.0,0.25,6.0,12.0,0.33333,2.416667
73dd9e3f-823f-4b69-9f15-1438eb074fc0,4.0,0.4444444444444444,3.0,11135.74,2783.935,1631.500114485643,68,1,1.0,4.0,4.0,1.0,1.0,1.0,1.0,4.0,3.0,1.0,1.0,1.0,0.4444444444444444,2783.935,4573.57,0.4107109181787649,234.87666666666667,5.0,0.5,2.0,0.5,22.0,1.0,56.5,4,12.0,1,1,2,1,1,44,44,121,0.174,0.0,0.2013,0.1186,T3,False,none,0.748454,0.778458,0.29413,0.468742,0.581664,0.492789,0.671611,0.625444,0.528614,0.573801,0.108785,1.0,11.0,0.1,8.0,22.0,0.888871,3.033333
6adee70d-3fd5-49fa-9d87-881fd96e21ab,3.0,0.3333333333333333,3.0,11722.380000000001,3907.4600000000005,1085.412531897435,90,1,1.0,3.0,7.0,1.0,1.0,1.0,2.0,1.5,7.0,2.0,1.0,0.6666666666666666,0.3333333333333333,3907.4600000000005,4611.26,0.3933723356519751,44.25833333333333,9.0,0.6666666666666666,2.0,0.6666666666666666,25.0,0.0,56.333333333333336,5,9.0,1,2,2,1,2,60,61,110,0.1791,0.0,0.2044,0.1366,T3,False,none,0.462248,0.59313,0.459803,0.393312,0.622351,0.641137,0.797645,0.642195,0.495292,0.563847,0.443972,1.5,16.666667,0.166667,9.0,30.0,0.499993,3.555556
89e4c96d-c438-485e-8a3e-deb1f7c12070,8.0,0.8888888888888888,5.0,14675.49,1834.43625,1569.6269958809369,42,1,2.0,4.0,9.0,2.0,1.0,0.875,2.0,4.0,4.0,2.0,1.0,0.875,0.8888888888888888,1834.43625,4007.5,0.2730743573127712,238.02916666666667,14.0,0.0,5.0,0.375,25.0,1.0,60.625,9,24.0,2,2,5,2,2,125,126,108,0.1587,0.0,0.2348,0.071,T3,False,none,0.576361,0.573191,1.128092,1.842494,0.625422,1.25219,1.168934,1.031344,1.173489,1.107155,0.959554,1.0,9.375,0.075,9.0,41.666667,2.370307,3.358333
30826a50-09b6-477d-93c0-db11082a4935,2.0,0.2222222222222222,2.0,5589.030000000001,2794.5150000000003,1005.8806094412994,95,1,1.0,2.0,8.0,1.0,1.0,1.0,1.0,2.0,4.0,1.0,1.0,1.0,0.2222222222222222,2794.5150000000003,3505.78,0.6272609021601243,68.32138888888889,3.0,0.5,2.0,0.5,20.0,3.0,65.0,4,6.0,1,1,2,1,1,42,42,121,0.174,0.0,0.2013,0.1186,T3,False,none,0.454251,0.514136,0.654879,0.529815,0.581664,0.717459,0.491961,0.567091,0.560592,0.563625,0.098256,1.0,10.0,0.166667,7.333333,21.0,0.444436,2.833333
34832812-4065-4294-9c35-d275c102ad43,5.0,0.5555555555555556,4.0,11833.369999999999,2366.674,2001.1736091304022,63,0,2.0,2.5,5.0,2.0,1.0,0.8,1.0,5.0,4.0,1.0,1.0,1.0,0.5555555555555556,2366.674,4178.61,0.35312087765361855,191.43194444444444,11.0,0.2,2.0,0.6,21.0,3.0,88.6,5,15.0,2,1,2,2,1,44,45,67,0.2687,0.0,0.1443,0.07,T3,False,none,0.429884,0.817527,0.743354,0.474898,0.56421,0.722716,0.589028,0.594487,0.631369,0.614157,0.094919,0.666667,12.6,0.171429,7.333333,14.666667,0.92591,2.72381
11908c1d-3fc7-4abd-be34-f8641ae93cdd,2.0,0.2222222222222222,2.0,3664.5,1832.25,1212.4194291580782,38,0,2.0,1.0,6.0,2.0,1.0,0.5,2.0,1.0,4.0,2.0,1.0,0.5,0.2222222222222222,1832.25,2689.56,0.7339500613999181,18.376944444444444,1.0,0.0,1.0,1.0,25.0,1.0,77.0,5,6.0,2,2,1,2,2,35,35,129,0.1169,0.0,0.1879,0.1099,T3,False,none,0.712348,0.626569,0.839087,0.619355,0.675501,0.660637,0.845483,0.737027,0.676294,0.704636,0.340422,1.0,25.0,0.5,8.666667,11.666667,0.22222,3.388889
c5ec0b50-80a2-4e59-adfe-557282b7a6eb,1.0,0.1111111111111111,1.0,3886.12,3886.12,0.0,46,1,1.0,1.0,5.0,1.0,1.0,1.0,1.0,1.0,3.0,1.0,1.0,1.0,0.1111111111111111,3886.12,3886.12,1.0,0.0,12.0,0.0,1.0,1.0,19.0,0.0,31.0,3,3.0,1,1,1,1,1,24,24,110,0.1791,0.0,0.2044,0.1366,T3,False,none,0.67104,0.715278,0.878894,0.915105,0.622351,1.101957,1.165298,0.999952,0.808812,0.898011,0.23834,1.0,19.0,0.5,7.0,12.0,0.11111,2.833333
94218b0d-491a-4aaf-b1b5-41c54c0a1829,7.0,0.7777777777777778,6.0,17207.72,2458.2457142857143,1462.8029463084124,66,0,5.0,1.4,12.0,5.0,1.0,0.2857142857142857,2.0,3.5,9.0,2.0,1.0,0.5714285714285714,0.7777777777777778,2458.2457142857143,4565.27,0.26530359629282674,225.46083333333334,4.0,0.14285714285714285,3.0,0.42857142857142855,20.0,3.0,56.142857142857146,10,21.0,5,2,3,5,2,111,114,108,0.1587,0.0,0.2348,0.071,T3,False,none,2.360924,0.880392,0.833063,2.404844,0.625422,1.194186,0.892801,1.427078,1.399706,1.41248,0.902099,0.5,8.571429,0.178571,7.0,18.5,1.814772,2.559524
a5fe1c16-582f-4710-bf6d-ab53b53b6d72,1.0,0.1111111111111111,1.0,447.0,447.0,0.0,78,0,1.0,1.0,9.0,1.0,1.0,1.0,1.0,1.0,4.0,1.0,1.0,1.0,0.1111111111111111,447.0,447.0,1.0,0.0,9.0,0.0,1.0,1.0,23.0,0.0,61.0,3,3.0,1,1,1,1,1,33,33,43,0.4131,0.0,0.082,0.0328,T3,False,none,0.621592,0.634241,0.815387,0.828273,1.59323,1.336487,1.463404,1.174537,0.904573,1.030556,0.359117,1.0,23.0,0.5,8.0,16.5,0.11111,3.166667
6b57da3f-7313-4446-acfd-2496ee65dee8,3.0,0.3333333333333333,3.0,5474.79,1824.93,1143.4480258848673,79,0,1.0,3.0,12.0,1.0,1.0,1.0,1.0,3.0,1.0,0.0,0.0,1.0,0.3333333333333333,1824.93,3064.3,0.5597109660827173,168.57361111111112,1.0,0.3333333333333333,3.0,0.3333333333333333,28.0,0.0,75.33333333333333,5,9.0,1,1,3,1,0,75,77,134,0.1691,0.0224,0.2258,0.1728,T3,False,none,0.709964,1.595179,1.172455,0.822633,1.123263,0.468531,0.456953,0.533652,1.138754,0.856373,0.490854,0.0,9.333333,0.0,9.333333,37.5,0.99997,3.111111
276284d2-abb7-4dd3-a8a2-26cbea234dd3,5.0,0.5555555555555556,4.0,4234.360000000001,846.8720000000001,1196.9363176752554,42,1,3.0,1.6666666666666667,9.0,3.0,1.0,0.6,1.0,5.0,3.0,1.0,1.0,1.0,0.5555555555555556,846.8720000000001,2969.27,0.7012322995682936,176.19944444444445,1.0,0.2,5.0,0.2,25.0,0.0,55.0,9,15.0,3,1,5,3,1,116,119,40,0.459,0.0,0.0615,0.0469,T3,False,none,1.038394,0.898564,1.392208,1.926386,1.728531,0.794425,0.811851,0.869939,1.525168,1.219394,1.062476,0.5,5.0,0.075,9.0,29.0,2.777639,3.191667
30fb4eaf-fa61-42bf-98c4-0803c94ad821,3.0,0.3333333333333333,3.0,10358.720000000001,3452.906666666667,579.6758547958793,88,0,2.0,1.5,11.0,2.0,1.0,0.6666666666666666,2.0,1.5,4.0,2.0,1.0,0.6666666666666666,0.3333333333333333,3452.906666666667,4065.23,0.39244520558524604,123.65472222222222,1.0,0.6666666666666666,2.0,0.6666666666666666,27.0,2.0,84.66666666666667,6,9.0,2,2,2,2,2,70,70,89,0.2523,0.0,0.1667,0.1056,T3,False,none,0.677235,0.458001,0.66869,0.556473,0.277908,0.638085,0.656754,0.655494,0.508806,0.57726,0.434244,1.0,18.0,0.266667,9.333333,23.333333,0.499993,3.533333
a940afb8-8367-4d45-b20b-067ae5b9dd10,3.0,0.3333333333333333,1.0,8549.7,2849.9,1800.9478552973155,54,0,3.0,1.0,9.0,3.0,1.0,0.3333333333333333,1.0,3.0,7.0,1.0,1.0,1.0,0.3333333333333333,2849.9,4426.85,0.517778401581342,16.874444444444446,0.0,0.0,3.0,0.3333333333333333,22.0,0.0,57.333333333333336,7,9.0,3,1,3,3,1,75,75,95,0.2056,0.0211,0.1855,0.0916,T3,False,none,1.286347,0.712445,0.806166,1.105599,0.105784,0.516201,0.670129,0.787552,0.778293,0.782614,0.433921,0.5,7.333333,0.166667,7.666667,18.75,0.99997,2.777778
d9a0dc17-f8f2-4db0-8e6d-b473e7815395,2.0,0.2222222222222222,2.0,2905.56,1452.78,134.08158784859307,85,1,1.0,2.0,12.0,1.0,1.0,1.0,1.0,2.0,2.0,1.0,1.0,1.0,0.2222222222222222,1452.78,1547.59,0.5326305428213494,130.7461111111111,1.0,0.0,1.0,1.0,21.0,0.0,83.0,3,6.0,1,1,1,1,1,32,32,110,0.1928,0.0091,0.1832,0.0943,T3,False,none,0.691983,0.67621,0.953693,0.781237,0.231917,0.947896,0.774528,0.816989,0.699355,0.754251,0.140947,1.0,21.0,0.333333,7.666667,16.0,0.22222,3.0
81051476-8c9a-4e72-9e18-8b42226290ed,4.0,0.4444444444444444,3.0,6322.04,1580.51,836.3893110667224,62,0,2.0,2.0,11.0,2.0,1.0,0.75,2.0,2.0,7.0,2.0,1.0,0.5,0.4444444444444444,1580.51,2335.23,0.3693791877305427,193.34027777777777,12.0,0.0,2.0,0.75,19.0,3.0,57.25,6,12.0,2,2,2,2,2,58,59,89,0.2523,0.0,0.1667,0.1056,T3,False,none,0.568277,0.641592,0.533338,0.460378,0.277908,0.460531,0.805356,0.606257,0.49047,0.544504,0.418374,1.0,14.25,0.25,6.666667,19.333333,0.592585,2.638889
18b12e46-ee29-4897-a336-92b9f8a9522a,4.0,0.4444444444444444,4.0,12227.22,3056.805,811.2381337396146,89,0,1.0,4.0,5.0,1.0,1.0,1.0,2.0,2.0,6.0,2.0,1.0,0.75,0.4444444444444444,3056.805,3790.7,0.31002141124474736,146.2425,10.0,0.25,2.0,0.75,22.0,3.0,68.5,5,12.0,1,2,2,1,2,48,49,50,0.2482,0.04,0.0909,0.0909,T3,False,none,0.689021,0.397782,0.566468,0.338196,0.707334,0.713831,0.449749,0.618715,0.462172,0.535226,0.269712,1.5,16.5,0.15,7.666667,24.0,0.592585,3.105556
be80c97f-da5a-4956-b842-d66620857393,2.0,0.2222222222222222,2.0,4895.98,2447.99,1228.4424688197655,75,0,1.0,2.0,7.0,1.0,1.0,1.0,2.0,1.0,3.0,2.0,1.0,0.5,0.2222222222222222,2447.99,3316.63,0.6774190254045156,51.31777777777778,15.0,0.0,2.0,0.5,15.0,2.0,104.0,5,6.0,1,2,2,1,2,36,36,198,0.0889,0.0,0.2489,0.1724,T3,False,none,0.444267,0.707606,0.979218,0.500521,1.848264,0.597706,0.659101,0.574331,0.876645,0.735565,0.32624,1.5,7.5,0.166667,5.333333,18.0,0.444436,2.333333
4c86df00-4e33-4f49-a3ae-49f2d4bce40f,3.0,0.3333333333333333,3.0,8943.3,2981.1,1263.3036453679695,39,0,1.0,3.0,4.0,1.0,1.0,1.0,2.0,1.5,6.0,2.0,1.0,0.6666666666666666,0.3333333333333333,2981.1,4086.58,0.45694318651951743,159.9477777777778,1.0,0.0,3.0,0.3333333333333333,26.0,0.0,97.0,6,9.0,1,2,3,1,2,79,79,108,0.1587,0.0,0.2348,0.071,T3,False,none,0.640547,0.512093,1.282549,0.741476,0.625422,0.380816,0.579873,0.521377,0.777511,0.657982,0.52576,1.5,8.666667,0.083333,9.0,39.5,0.99997,3.527778
67804561-46c1-4ce8-8241-9394b82410e5,1.0,0.1111111111111111,1.0,2506.2,2506.2,0.0,96,0,1.0,1.0,8.0,1.0,1.0,1.0,1.0,1.0,5.0,1.0,1.0,1.0,0.1111111111111111,2506.2,2506.2,1.0,0.0,1.0,0.0,1.0,1.0,22.0,2.0,70.0,3,3.0,1,1,1,1,1,32,32,121,0.1789,0.0083,0.2434,0.1287,T3,False,none,0.562159,0.607297,0.754407,0.837921,0.804265,1.152301,1.056468,0.951745,0.757257,0.848018,0.245432,1.0,22.0,0.5,7.666667,16.0,0.11111,3.055556
5d461766-9f4a-4b54-b9c9-e8fd28097813,0.0,0.0,0.0,0.0,0.0,0.0,59,0,0.0,0.0,0.0,0.0,0.0,0.0,0.0,0.0,0.0,0.0,0.0,0.0,0.0,0.0,0.0,0.0,0.0,0.0,0.0,0.0,0.0,0.0,0.0,0.0,0,0.0,0,0,0,0,0,0,0,1,0.0,0.0,0.0,0.0,T3,False,none,2.767811,2.428211,2.297128,2.075966,2.409508,1.512803,1.781581,1.96097,2.265693,2.123489,0.0,0.0,0.0,0.0,0.0,0.0,0.0,0.0
56229d10-0af5-433b-a96b-ad31a51a6007,4.0,0.4444444444444444,4.0,10600.5,2650.125,1673.2511162504368,45,0,1.0,4.0,4.0,1.0,1.0,1.0,2.0,2.0,7.0,2.0,1.0,0.5,0.4444444444444444,2650.125,4359.82,0.4112843733786142,145.49,8.0,0.25,2.0,0.75,24.0,1.0,66.5,5,12.0,1,2,2,1,2,48,48,121,0.1789,0.0083,0.2434,0.1287,T3,False,none,0.748454,0.641592,0.357425,0.342969,0.804265,0.53409,0.349365,0.533762,0.497519,0.514432,0.39281,1.5,18.0,0.15,8.333333,24.0,0.592585,3.327778
f2ead8c3-7d6d-4a30-b022-43cc05fa8421,2.0,0.2222222222222222,2.0,4188.41,2094.205,1882.9051501469742,45,1,2.0,1.0,8.0,2.0,1.0,0.5,1.0,2.0,3.0,1.0,1.0,1.0,0.2222222222222222,2094.205,3425.62,0.8178807709846935,89.46722222222222,16.0,0.5,1.0,1.0,30.0,0.0,73.0,4,6.0,2,1,1,2,1,43,43,89,0.2321,0.0,0.0992,0.0863,T3,False,none,0.6629,0.595173,1.167192,0.629353,0.403244,0.686651,0.677072,0.676672,0.695173,0.686539,0.299366,0.666667,30.0,0.5,10.666667,14.333333,0.22222,3.944444
7c81bd33-b432-426b-a305-5b8756a418e6,2.0,0.2222222222222222,2.0,3550.03,1775.015,1179.531892765092,32,0,1.0,2.0,4.0,1.0,1.0,1.0,2.0,1.0,3.0,2.0,1.0,0.5,0.2222222222222222,1775.015,2609.07,0.7349430849880142,170.5547222222222,14.0,0.0,1.0,1.0,17.0,2.0,26.0,4,6.0,1,2,1,1,2,22,22,89,0.2321,0.0,0.0992,0.0863,T3,False,none,0.622565,0.707606,0.891957,0.790535,0.403244,0.696765,0.835367,0.721766,0.726384,0.724229,0.262512,1.5,17.0,0.333333,6.0,11.0,0.22222,2.611111
dbcef9e9-c497-4339-bfd7-94b60cd57a85,2.0,0.2222222222222222,2.0,7180.049999999999,3590.0249999999996,1037.1630134409925,68,0,1.0,2.0,6.0,1.0,1.0,1.0,1.0,2.0,7.0,1.0,1.0,1.0,0.2222222222222222,3590.0249999999996,4323.41,0.6021420463645797,27.27722222222222,17.0,0.0,2.0,0.5,24.0,1.0,86.5,4,6.0,1,1,2,1,1,55,57,110,0.1928,0.0091,0.1832,0.0943,T3,False,none,0.5037,0.649265,0.617644,0.493712,0.231917,0.639323,0.936518,0.699638,0.514787,0.601051,0.206218,1.0,12.0,0.166667,8.333333,27.5,0.444436,3.166667
1c0ecd3d-0cfa-4c7d-9f71-d0619a1e5ce7,3.0,0.3333333333333333,2.0,3435.7799999999997,1145.26,1090.342716351148,39,0,2.0,1.5,6.0,2.0,1.0,0.6666666666666666,2.0,1.5,4.0,2.0,1.0,0.6666666666666666,0.3333333333333333,1145.26,2333.81,0.6792664256733552,50.32083333333333,9.0,0.0,2.0,0.6666666666666666,23.0,0.0,79.66666666666667,6,9.0,2,2,2,2,2,51,51,84,0.204,0.0,0.1092,0.124,T3,False,none,0.548385,0.458001,0.583885,0.374631,0.51107,0.60121,0.732365,0.629835,0.461808,0.540221,0.291247,1.0,15.333333,0.266667,8.0,17.0,0.499993,3.088889
baac5df4-0f53-4705-b326-0f898fd2da51,5.0,0.5555555555555556,4.0,7432.23,1486.446,1587.319483698855,62,0,2.0,2.5,7.0,2.0,1.0,0.8,4.0,1.25,6.0,4.0,1.0,0.4,0.5555555555555556,1486.446,4081.56,0.5491703028566124,149.04444444444445,7.0,0.0,1.0,1.0,14.0,3.0,88.0,7,15.0,2,4,1,2,4,35,35,198,0.0889,0.0,0.2489,0.1724,T3,False,none,0.311018,1.56493,1.32843,1.317597,1.848264,0.697062,0.546426,0.536552,1.470132,1.034461,1.042938,1.666667,14.0,0.285714,5.0,11.666667,0.55555,2.31746
662adc99-5b10-4ef9-b936-dedd989d98af,7.0,0.7777777777777778,6.0,15847.66,2263.9514285714286,1566.828389565245,51,1,4.0,1.75,11.0,4.0,1.0,0.42857142857142855,2.0,3.5,5.0,2.0,1.0,0.8571428571428571,0.7777777777777778,2263.9514285714286,4803.8,0.3031236157262334,204.39583333333334,10.0,0.0,1.0,1.0,13.0,3.0,102.0,7,21.0,4,2,1,4,2,45,46,108,0.1587,0.0,0.2348,0.071,T3,False,none,1.715425,0.474567,1.481795,1.368929,0.625422,1.132997,0.945963,1.23706,1.044935,1.134593,0.348223,0.6,13.0,0.363636,5.0,9.0,0.77777,1.987879
9b46d936-9f1e-4136-9369-c49907282aa9,2.0,0.2222222222222222,2.0,7325.81,3662.905,1611.2912933575979,55,1,2.0,1.0,8.0,2.0,1.0,0.5,1.0,2.0,4.0,1.0,1.0,1.0,0.2222222222222222,3662.905,4802.26,0.6555261465967586,204.51472222222222,9.0,0.0,2.0,0.5,29.0,0.0,37.5,5,6.0,2,1,2,2,1,58,58,89,0.2523,0.0,0.1667,0.1056,T3,False,none,0.6629,0.514136,0.748854,0.467354,0.277908,0.645724,0.870573,0.725581,0.506121,0.608536,0.266927,0.666667,14.5,0.25,10.333333,19.333333,0.444436,3.75
0c7c186e-f837-41f6-a95a-a130a7d51264,3.0,0.3333333333333333,3.0,7530.62,2510.2066666666665,380.8130724296807,58,1,3.0,1.0,8.0,3.0,1.0,0.3333333333333333,1.0,3.0,4.0,1.0,1.0,1.0,0.3333333333333333,2510.2066666666665,2865.52,0.38051581410295565,184.20138888888889,3.0,0.3333333333333333,2.0,0.6666666666666666,24.0,1.0,105.66666666666667,6,9.0,3,1,2,3,1,56,57,121,0.1789,0.0083,0.2434,0.1287,T3,False,none,1.226915,0.577315,0.655639,0.757406,0.804265,0.35891,0.454628,0.638817,0.698992,0.67091,0.234203,0.5,16.0,0.333333,8.666667,14.0,0.499993,3.166667
9a0663ae-631a-4442-ae8f-b2ab123e9f81,3.0,0.3333333333333333,3.0,8917.16,2972.3866666666668,897.8486977956436,78,0,1.0,3.0,11.0,1.0,1.0,1.0,1.0,3.0,3.0,1.0,1.0,1.0,0.3333333333333333,2972.3866666666668,3974.34,0.44569571477914494,169.10694444444445,1.0,0.3333333333333333,3.0,0.3333333333333333,24.0,1.0,73.66666666666667,5,9.0,1,1,3,1,1,67,68,110,0.1928,0.0091,0.1832,0.0943,T3,False,none,0.650531,0.658352,0.832664,0.600445,0.231917,0.43572,0.475308,0.510291,0.601879,0.559138,0.241771,1.0,8.0,0.083333,8.333333,33.5,0.99997,3.138889
a692f63a-ec6b-4dd9-ad8b-08397d547622,3.0,0.3333333333333333,3.0,11109.28,3703.0933333333337,810.3058440078867,67,1,1.0,3.0,10.0,1.0,1.0,1.0,1.0,3.0,5.0,1.0,1.0,1.0,0.3333333333333333,3703.0933333333337,4637.46,0.4174401941439949,39.778333333333336,1.0,0.0,2.0,0.6666666666666666,21.0,0.0,38.0,4,9.0,1,1,2,1,1,49,49,110,0.1791,0.0,0.2044,0.1366,T3,False,none,0.591098,0.550371,0.360245,0.405594,0.622351,0.526428,0.80339,0.637226,0.468467,0.547221,0.154452,1.0,14.0,0.166667,7.666667,24.5,0.499993,2.944444
a1b88017-4de7-4c22-9ead-cb4223ee8109,3.0,0.3333333333333333,3.0,9172.74,3057.58,2369.273779262329,44,0,1.0,3.0,5.0,1.0,1.0,1.0,1.0,3.0,3.0,1.0,1.0,1.0,0.3333333333333333,3057.58,4520.67,0.4928374727725849,196.13,10.0,0.0,2.0,0.6666666666666666,23.0,0.0,94.66666666666667,4,9.0,1,1,2,1,1,40,40,154,0.1225,0.0,0.2652,0.1509,T3,False,none,0.581114,0.658352,0.709772,0.492426,1.400021,0.561418,0.628799,0.589506,0.730454,0.664678,0.199458,1.0,15.333333,0.166667,8.0,20.0,0.499993,3.055556
0a8c2eef-7ef4-4cbf-ace2-e456c5591017,2.0,0.2222222222222222,2.0,3910.28,1955.14,2276.1625865038727,107,1,1.0,2.0,3.0,1.0,1.0,1.0,1.0,2.0,5.0,1.0,1.0,1.0,0.2222222222222222,1955.14,3564.63,0.911604795564512,29.858333333333334,16.0,1.0,2.0,0.5,20.0,1.0,82.5,4,6.0,1,1,2,1,1,43,43,121,0.174,0.0,0.2013,0.1186,T3,False,none,0.681998,0.487191,0.537747,0.520167,0.581664,1.015783,1.102185,0.949216,0.525835,0.723413,0.113008,1.0,10.0,0.166667,7.333333,21.5,0.444436,2.833333
58235a26-c18b-4d6f-af26-9bb4513cde18,0.0,0.0,0.0,0.0,0.0,0.0,69,1,0.0,0.0,0.0,0.0,0.0,0.0,0.0,0.0,0.0,0.0,0.0,0.0,0.0,0.0,0.0,0.0,0.0,0.0,0.0,0.0,0.0,0.0,0.0,0.0,0,0.0,0,0,0,0,0,0,0,1,0.0,0.0,0.0,0.0,T3,False,none,2.767811,2.428211,2.297128,2.075966,2.409508,1.557908,1.781581,1.978152,2.265693,2.131507,0.0,0.0,0.0,0.0,0.333333,0.0,0.0,0.111111
84644725-1e82-420e-a25d-ce03cbe99fd8,3.0,0.3333333333333333,2.0,7588.52,2529.5066666666667,367.70969341769234,97,0,1.0,3.0,5.0,1.0,1.0,1.0,1.0,3.0,5.0,1.0,1.0,1.0,0.3333333333333333,2529.5066666666667,2939.36,0.38734298651120375,90.43777777777778,2.0,0.0,2.0,0.6666666666666666,20.0,0.0,65.66666666666667,4,9.0,1,1,2,1,1,44,44,95,0.2056,0.0211,0.1855,0.0916,T3,False,none,0.581114,0.550371,0.455935,0.453834,0.105784,0.640354,0.473515,0.567815,0.420398,0.489192,0.050843,1.0,13.333333,0.166667,7.0,22.0,0.499993,2.722222
f65019e3-ce37-4e0c-8561-ab46bdf582b3,3.0,0.3333333333333333,3.0,5391.32,1797.1066666666666,2300.1843542710512,42,1,1.0,3.0,5.0,1.0,1.0,1.0,1.0,3.0,3.0,1.0,1.0,1.0,0.3333333333333333,1797.1066666666666,4446.53,0.8247572023177997,146.07305555555556,3.0,0.3333333333333333,3.0,0.3333333333333333,22.0,0.0,85.33333333333333,5,9.0,1,1,3,1,1,65,65,110,0.1928,0.0091,0.1832,0.0943,T3,False,none,0.581114,0.658352,1.041154,0.576376,0.231917,0.59548,0.566494,0.581713,0.636289,0.61082,0.201184,1.0,7.333333,0.083333,8.0,32.5,0.99997,3.027778
fd101de1-4c05-42fe-ab0f-93b2d1e53a07,1.0,0.1111111111111111,1.0,3290.34,3290.34,0.0,75,1,1.0,1.0,5.0,1.0,1.0,1.0,1.0,1.0,3.0,1.0,1.0,1.0,0.1111111111111111,3290.34,3290.34,1.0,0.0,23.0,0.0,1.0,1.0,22.0,3.0,32.0,3,3.0,1,1,1,1,1,27,27,198,0.0889,0.0,0.2489,0.1724,T3,False,none,0.67104,0.715278,0.890896,0.886161,1.848264,1.112337,1.321988,1.056136,1.004777,1.028745,0.331296,1.0,22.0,0.5,8.0,13.5,0.11111,3.166667
881f2053-8073-4444-b14c-a7dc62c161ab,2.0,0.2222222222222222,2.0,5221.96,2610.98,2952.1990957250837,81,1,2.0,1.0,10.0,1.0,0.5,0.5,2.0,1.0,4.0,2.0,1.0,0.5,0.2222222222222222,2610.98,4698.5,0.8997579452925721,46.31777777777778,13.0,0.5,1.0,1.0,17.0,2.0,26.0,5,6.0,2,2,1,1,2,29,29,89,0.2321,0.0,0.0992,0.0863,T3,False,none,1.151386,0.626569,0.891957,0.670205,0.403244,0.934231,0.839496,0.964697,0.661001,0.802726,0.262512,1.0,17.0,0.5,6.333333,9.666667,0.22222,2.611111
74af8d34-b5bc-4387-8254-9eeafe07e08b,3.0,0.3333333333333333,3.0,7610.36,2536.7866666666664,367.88612930271415,42,0,1.0,3.0,4.0,1.0,1.0,1.0,1.0,3.0,2.0,1.0,1.0,1.0,0.3333333333333333,2536.7866666666664,2959.74,0.38890932886223517,42.231944444444444,4.0,0.0,1.0,1.0,18.0,2.0,106.0,3,9.0,1,1,1,1,1,21,21,108,0.1587,0.0,0.2348,0.071,T3,False,none,0.640547,0.739389,1.153691,0.83068,0.625422,0.411537,0.52065,0.513339,0.840941,0.688061,0.133446,1.0,18.0,0.25,6.333333,10.5,0.33333,2.527778
e4b62fcd-8cd6-4432-938d-464b9a33ba64,1.0,0.1111111111111111,1.0,1343.67,1343.67,0.0,61,0,1.0,1.0,5.0,1.0,1.0,1.0,1.0,1.0,5.0,1.0,1.0,1.0,0.1111111111111111,1343.67,1343.67,1.0,0.0,20.0,0.0,1.0,1.0,23.0,0.0,55.0,3,3.0,1,1,1,1,1,30,30,121,0.1789,0.0083,0.2434,0.1287,T3,False,none,0.67104,0.607297,0.765032,0.857217,0.804265,1.11245,1.490247,1.112265,0.766706,0.927967,0.261737,1.0,23.0,0.5,8.0,15.0,0.11111,3.166667
f08d1be8-1555-4827-bdc4-0befe7bb4807,2.0,0.2222222222222222,2.0,7477.76,3738.88,1422.9534021885613,103,1,2.0,1.0,8.0,2.0,1.0,0.5,2.0,1.0,4.0,2.0,1.0,0.5,0.2222222222222222,3738.88,4745.06,0.634556337726806,61.71805555555556,0.0,0.5,1.0,1.0,20.0,3.0,63.0,5,6.0,2,2,1,2,2,33,34,108,0.1587,0.0,0.2348,0.071,T3,False,none,0.6629,0.626569,0.903395,0.633878,0.625422,0.875116,0.842528,0.80362,0.686791,0.741311,0.23756,1.0,20.0,0.5,7.333333,11.0,0.22222,2.944444
a0c4f188-3067-4d9f-9c76-f9e821c66b1f,1.0,0.1111111111111111,1.0,2255.71,2255.71,0.0,47,0,1.0,1.0,3.0,1.0,1.0,1.0,1.0,1.0,9.0,1.0,1.0,1.0,0.1111111111111111,2255.71,2255.71,1.0,0.0,0.0,0.0,1.0,1.0,21.0,3.0,95.0,3,3.0,1,1,1,1,1,30,30,96,0.2355,0.0,0.1833,0.0828,T3,False,none,0.789906,0.931445,1.136082,0.857217,0.215092,0.974781,1.113182,0.968093,0.82685,0.892763,0.353225,1.0,21.0,0.5,7.333333,15.0,0.11111,2.944444
1e25f05e-dd0d-48ea-87b2-a56717e6a39b,2.0,0.2222222222222222,1.0,4260.96,2130.48,683.2207141180661,49,0,2.0,1.0,8.0,2.0,1.0,0.5,2.0,1.0,4.0,2.0,1.0,0.5,0.2222222222222222,2130.48,2613.59,0.6133805527392888,6.090277777777778,6.0,1.0,1.0,1.0,13.0,1.0,27.0,5,6.0,2,2,1,2,2,29,29,129,0.1169,0.0,0.1879,0.1099,T3,False,none,0.6629,0.626569,0.945368,0.677243,0.675501,0.687106,0.862382,0.738615,0.720144,0.728764,0.280979,1.0,13.0,0.5,4.666667,9.666667,0.22222,2.055556
a6e80e6e-8862-4019-980c-c3262ffdca50,3.0,0.3333333333333333,3.0,6084.139999999999,2028.0466666666664,461.8331486947784,101,0,1.0,3.0,9.0,1.0,1.0,1.0,2.0,1.5,7.0,2.0,1.0,0.6666666666666666,0.3333333333333333,2028.0466666666664,2411.16,0.3963025176935442,84.39833333333333,8.0,0.3333333333333333,2.0,0.6666666666666666,18.0,1.0,80.0,5,9.0,1,2,2,1,2,46,47,121,0.1789,0.0083,0.2434,0.1287,T3,False,none,0.531665,0.59313,0.465648,0.342584,0.804265,0.649539,0.374358,0.524134,0.507805,0.515425,0.32878,1.5,12.0,0.166667,6.333333,23.0,0.499993,2.666667
c250e6c3-f4e5-4382-8c32-515a065002b3,2.0,0.2222222222222222,1.0,4093.38,2046.69,229.96526737748917,49,1,1.0,2.0,8.0,1.0,1.0,1.0,1.0,2.0,2.0,1.0,1.0,1.0,0.2222222222222222,2046.69,2209.3,0.5397251171403583,0.24444444444444444,19.0,1.0,2.0,0.5,21.0,3.0,44.0,4,6.0,1,1,2,1,1,45,46,50,0.2482,0.04,0.0909,0.0909,T3,False,none,0.454251,0.67621,0.51443,0.496098,0.707334,0.772086,1.150687,0.807477,0.580151,0.686236,0.075225,1.0,10.5,0.166667,7.666667,22.5,0.444436,2.944444
a89987b6-ff0e-4452-a2fd-aec79394d26b,0.0,0.0,0.0,0.0,0.0,0.0,101,0,0.0,0.0,0.0,0.0,0.0,0.0,0.0,0.0,0.0,0.0,0.0,0.0,0.0,0.0,0.0,0.0,0.0,0.0,0.0,0.0,0.0,0.0,0.0,0.0,0,0.0,0,0,0,0,0,0,0,1,0.0,0.0,0.0,0.0,T3,False,none,2.767811,2.428211,2.297128,2.075966,2.409508,1.736911,1.781581,2.046344,2.265693,2.16333,0.0,0.0,0.0,0.0,0.0,0.0,0.0,0.0
452e97c3-b606-4779-bf16-908819c0c730,6.0,0.6666666666666666,6.0,11649.07,1941.5116666666665,1500.3362258296193,69,1,2.0,3.0,7.0,2.0,1.0,0.5,3.0,2.0,6.0,3.0,1.0,0.5,0.6666666666666666,1941.5116666666665,3853.12,0.33076631868466755,226.18083333333334,0.0,0.3333333333333333,3.0,0.5,21.0,3.0,63.833333333333336,8,18.0,2,3,3,2,3,72,72,67,0.2687,0.0,0.1443,0.07,T3,False,none,0.562989,0.985148,0.809079,1.215382,0.56421,1.00342,0.811604,0.813644,0.964648,0.89418,0.809723,1.333333,10.5,0.125,7.666667,24.0,1.333307,3.041667
a939020b-dab6-4d64-a2a6-c5b52ed1c709,7.0,0.7777777777777778,6.0,15300.779999999999,2185.825714285714,1553.469948447208,48,0,3.0,2.3333333333333335,8.0,3.0,1.0,0.7142857142857143,3.0,2.3333333333333335,6.0,3.0,1.0,0.7142857142857143,0.7777777777777778,2185.825714285714,4181.78,0.2733050210512144,177.9163888888889,7.0,0.2857142857142857,3.0,0.5714285714285714,22.0,2.0,71.14285714285714,9,21.0,3,3,3,3,3,85,85,108,0.1587,0.0,0.2348,0.071,T3,False,none,0.831587,0.828738,0.645906,1.75878,0.625422,1.152105,0.64571,0.89173,1.105528,1.005755,0.859953,1.0,12.571429,0.171429,7.666667,21.25,1.361087,2.946032
724d3d3b-3c53-4f62-b653-196c5e2d7b57,3.0,0.3333333333333333,2.0,5491.65,1830.55,1478.2068747979763,104,0,1.0,3.0,6.0,1.0,1.0,1.0,2.0,1.5,5.0,2.0,1.0,0.6666666666666666,0.3333333333333333,1830.55,3219.41,0.5862372875183233,57.98138888888889,6.0,0.6666666666666666,2.0,0.6666666666666666,23.0,0.0,72.0,5,9.0,1,2,2,1,2,55,55,198,0.0889,0.0,0.2489,0.1724,T3,False,none,0.521681,0.431056,0.519543,0.340299,1.848264,0.720786,0.485968,0.585626,0.651658,0.620843,0.385442,1.5,15.333333,0.166667,8.0,27.5,0.499993,3.222222
5786726e-8cee-466e-9bb3-2d0f6166a8cf,1.0,0.1111111111111111,1.0,396.02,396.02,0.0,99,1,1.0,1.0,9.0,1.0,1.0,1.0,1.0,1.0,6.0,1.0,1.0,1.0,0.1111111111111111,396.02,396.02,1.0,0.0,4.0,0.0,1.0,1.0,18.0,2.0,37.0,3,3.0,1,1,1,1,1,30,30,129,0.1169,0.0,0.1879,0.1099,T3,False,none,0.621592,0.688334,0.763769,0.857217,0.675501,1.447866,1.491135,1.226211,0.765242,0.980361,0.23582,1.0,18.0,0.5,6.666667,15.0,0.11111,2.722222
ed2441a5-86f0-42ab-92d5-b7b02af1ce7e,2.0,0.2222222222222222,2.0,2230.39,1115.195,422.3902357417841,72,1,1.0,2.0,4.0,1.0,1.0,1.0,1.0,2.0,5.0,1.0,1.0,1.0,0.2222222222222222,1115.195,1413.87,0.6339115580683199,72.82527777777777,21.0,0.5,2.0,0.5,18.0,0.0,97.0,4,6.0,1,1,2,1,1,37,38,108,0.1587,0.0,0.2348,0.071,T3,False,none,0.622565,0.487191,0.9135,0.573282,0.625422,0.88638,1.082689,0.876441,0.631328,0.745714,0.049558,1.0,9.0,0.166667,6.666667,18.5,0.444436,2.611111
a6cfc690-0d35-4286-a7e7-ae683cd563e2,2.0,0.2222222222222222,2.0,8081.860000000001,4040.9300000000003,722.1964398970686,51,0,2.0,1.0,9.0,2.0,1.0,0.5,1.0,2.0,2.0,1.0,1.0,1.0,0.2222222222222222,4040.9300000000003,4551.6,0.5631871871079183,29.298333333333332,7.0,0.0,1.0,1.0,22.0,1.0,59.0,4,6.0,2,1,1,2,1,33,33,110,0.1928,0.0091,0.1832,0.0943,T3,False,none,0.722333,0.67621,0.580411,0.725833,0.231917,0.669134,0.769906,0.717924,0.600812,0.655464,0.151476,0.666667,22.0,0.5,7.666667,11.0,0.22222,2.944444
729c99c0-0f6e-4a9d-9e93-c5078e7c3ba2,4.0,0.4444444444444444,2.0,9162.16,2290.54,965.4037485943381,54,1,3.0,1.3333333333333333,9.0,3.0,1.0,0.5,1.0,4.0,4.0,1.0,1.0,1.0,0.4444444444444444,2290.54,3716.5,0.40563578894059915,134.0938888888889,4.0,0.0,2.0,0.75,22.0,3.0,37.25,6,12.0,3,1,2,3,1,52,54,198,0.0889,0.0,0.2489,0.1724,T3,False,none,1.140369,0.697421,0.489165,0.738495,1.848264,0.331172,0.400173,0.585371,0.861244,0.732503,0.307145,0.5,16.5,0.321429,8.0,13.0,0.592585,2.940476
12de1664-f677-456c-945d-449acd0fc0a0,2.0,0.2222222222222222,2.0,525.21,262.605,44.710361774425415,59,1,1.0,2.0,8.0,1.0,1.0,1.0,1.0,2.0,3.0,1.0,1.0,1.0,0.2222222222222222,262.605,294.22,0.5601949696311952,153.795,3.0,0.0,1.0,1.0,24.0,3.0,55.0,3,6.0,1,1,1,1,1,32,32,89,0.2523,0.0,0.1667,0.1056,T3,False,none,0.454251,0.595173,0.882582,0.781237,0.277908,1.029188,1.097204,0.887592,0.671946,0.772581,0.254461,1.0,24.0,0.333333,8.666667,16.0,0.22222,3.333333
7a0a5b98-5a67-439b-a30a-e07b03f8fde0,4.0,0.4444444444444444,3.0,5788.21,1447.0525,1738.8483790979783,74,0,2.0,2.0,12.0,2.0,1.0,0.75,3.0,1.3333333333333333,4.0,3.0,1.0,0.5,0.4444444444444444,1447.0525,3933.84,0.6796297991952608,62.60722222222222,5.0,0.75,2.0,0.75,20.0,2.0,86.0,7,12.0,2,3,2,2,3,53,53,84,0.204,0.0,0.1092,0.124,T3,False,none,0.62771,1.011127,0.55643,0.749047,0.51107,0.619165,0.675763,0.640472,0.734775,0.690767,0.572839,1.333333,15.0,0.25,7.0,17.666667,0.592585,2.861111
b0471968-b8a4-4d06-a83e-8c6806a05e92,4.0,0.4444444444444444,4.0,10781.45,2695.3625,1638.9083659227767,46,1,2.0,2.0,10.0,2.0,1.0,0.5,1.0,4.0,3.0,1.0,1.0,1.0,0.4444444444444444,2695.3625,4947.98,0.4589345588951393,107.47666666666667,1.0,0.25,3.0,0.5,19.0,1.0,57.5,6,12.0,2,1,3,2,1,62,63,154,0.1225,0.0,0.2652,0.1509,T3,False,none,0.673859,0.778458,0.563669,0.638567,1.400021,0.524389,0.432881,0.536592,0.784845,0.668994,0.356956,0.666667,9.5,0.166667,7.0,20.666667,0.888871,2.611111
7ef681bc-044c-481e-b24f-c40305ba79fe,3.0,0.3333333333333333,3.0,10160.35,3386.7833333333333,1226.5573147771502,75,0,2.0,1.5,9.0,2.0,1.0,0.6666666666666666,1.0,3.0,7.0,1.0,1.0,1.0,0.3333333333333333,3386.7833333333333,4360.74,0.42919190775908306,212.77833333333334,2.0,0.0,3.0,0.3333333333333333,19.0,0.0,77.0,6,9.0,2,1,3,2,1,64,65,89,0.2523,0.0,0.1667,0.1056,T3,False,none,0.55837,0.712445,1.032502,0.642955,0.277908,0.487573,0.764963,0.600264,0.680642,0.643132,0.408148,0.666667,6.333333,0.133333,6.666667,21.333333,0.99997,2.488889
3951c96b-c129-45c4-98a9-0478d42c3f6f,1.0,0.1111111111111111,1.0,4400.92,4400.92,0.0,32,0,1.0,1.0,4.0,1.0,1.0,1.0,1.0,1.0,4.0,1.0,1.0,1.0,0.1111111111111111,4400.92,4400.92,1.0,0.0,11.0,1.0,1.0,1.0,19.0,1.0,106.0,3,3.0,1,1,1,1,1,24,24,198,0.0889,0.0,0.2489,0.1724,T3,False,none,0.730473,0.634241,1.03614,0.915105,1.848264,1.23766,1.48218,1.174256,1.025631,1.09499,0.320767,1.0,19.0,0.5,6.666667,12.0,0.11111,2.722222
a30e2aad-5661-433a-ac21-28b4a20cc33b,5.0,0.5555555555555556,4.0,14777.48,2955.496,1524.7683578596454,59,1,2.0,2.5,9.0,2.0,1.0,0.6,2.0,2.5,5.0,2.0,1.0,0.6,0.5555555555555556,2955.496,4491.91,0.30396995969542845,134.21916666666667,7.0,0.4,3.0,0.4,30.0,1.0,61.6,7,15.0,2,2,3,2,2,86,87,89,0.2321,0.0,0.0992,0.0863,T3,False,none,0.512447,0.417536,0.897476,0.95686,0.403244,0.743159,0.534238,0.607601,0.717388,0.666154,0.647612,1.0,12.0,0.114286,10.666667,28.666667,1.388854,3.926984
45034b1b-b896-4a40-a244-58c27f368438,2.0,0.2222222222222222,2.0,5019.34,2509.67,953.1375146325948,56,0,2.0,1.0,13.0,2.0,1.0,0.5,1.0,2.0,3.0,1.0,1.0,1.0,0.2222222222222222,2509.67,3183.64,0.6342746257476082,87.82444444444444,14.0,0.0,1.0,1.0,23.0,0.0,55.0,4,6.0,2,1,1,2,1,42,42,121,0.1789,0.0083,0.2434,0.1287,T3,False,none,0.960065,0.595173,0.765032,0.639001,0.804265,0.504187,0.563146,0.654091,0.681844,0.668893,0.246985,0.666667,23.0,0.5,8.0,14.0,0.22222,3.055556
33f207b6-d99a-47e3-aac4-ae12059cba05,4.0,0.4444444444444444,3.0,2859.4900000000002,714.8725000000001,539.1146436133351,104,0,3.0,1.3333333333333333,11.0,3.0,1.0,0.5,3.0,1.3333333333333333,5.0,2.0,0.6666666666666666,0.5,0.4444444444444444,714.8725000000001,1421.48,0.49710962444351964,178.81972222222223,2.0,0.0,2.0,0.75,24.0,2.0,90.25,8,12.0,3,3,2,3,2,73,74,89,0.2523,0.0,0.1667,0.1056,T3,False,none,1.259235,0.891602,0.638425,1.167837,0.277908,0.925088,0.921107,1.019231,0.840163,0.923728,0.616935,0.666667,18.0,0.214286,8.222222,18.25,0.592585,3.034392
fa23da9b-a71c-4514-a3b3-fce0cfab8092,6.0,0.6666666666666666,5.0,16936.41,2822.735,1646.1874620194385,42,0,1.0,6.0,9.0,1.0,1.0,1.0,1.0,6.0,1.0,0.0,0.0,1.0,0.6666666666666666,2822.735,4518.77,0.26680801893671685,114.17194444444445,0.0,0.16666666666666666,1.0,1.0,27.0,2.0,91.0,3,18.0,1,1,1,1,0,34,34,121,0.174,0.0,0.2013,0.1186,T3,False,none,0.855387,1.955496,1.110002,0.973765,0.581664,1.052293,0.7269,0.88757,1.18223,1.044722,0.260163,0.0,27.0,0.0,9.0,17.0,0.66666,3.0
9dcbb3c8-b8b9-4e97-bc35-0082fbad624d,2.0,0.2222222222222222,1.0,5108.509999999999,2554.2549999999997,3237.7500271716467,33,1,2.0,1.0,7.0,2.0,1.0,0.5,2.0,1.0,5.0,2.0,1.0,0.5,0.2222222222222222,2554.2549999999997,4843.69,0.9481610097660571,18.59,3.0,0.0,2.0,0.5,25.0,2.0,32.0,6,6.0,2,2,2,2,2,54,56,121,0.1789,0.0083,0.2434,0.1287,T3,False,none,0.652915,0.599624,0.550888,0.468336,0.804265,1.029023,0.908941,0.881536,0.574344,0.717701,0.361396,1.0,12.5,0.25,9.0,18.0,0.444436,3.416667
01e0037a-3b87-4cbe-aa0d-16b62d2bed9c,2.0,0.2222222222222222,2.0,5901.51,2950.755,1583.7989817050648,40,1,1.0,2.0,3.0,1.0,1.0,1.0,2.0,1.0,3.0,2.0,1.0,0.5,0.2222222222222222,2950.755,4070.67,0.6897675340717884,48.700833333333335,11.0,0.0,2.0,0.5,27.0,0.0,75.0,5,6.0,1,2,2,1,2,52,52,67,0.2469,0.0,0.1605,0.1111,T3,False,none,0.681998,0.707606,0.811064,0.36804,0.434357,0.651746,0.685522,0.671648,0.556281,0.610119,0.321975,1.5,13.5,0.166667,9.666667,26.0,0.444436,3.777778
0c0f39b3-6a62-4254-bcf5-96b554b7caf3,3.0,0.3333333333333333,3.0,10081.04,3360.346666666667,1263.7182825429618,31,0,2.0,1.5,10.0,2.0,1.0,0.6666666666666666,1.0,3.0,6.0,1.0,1.0,1.0,0.3333333333333333,3360.346666666667,4732.25,0.46942081372556793,111.28916666666667,0.0,0.6666666666666666,2.0,0.6666666666666666,25.0,2.0,82.0,5,9.0,2,1,2,2,1,59,60,121,0.174,0.0,0.2013,0.1186,T3,False,none,0.617802,0.631408,0.574568,0.42509,0.581664,0.497499,0.671923,0.590013,0.533906,0.560089,0.250224,0.666667,16.666667,0.266667,8.666667,19.666667,0.499993,3.2
177c66fd-8184-4bcb-8bf0-d160153b62dc,4.0,0.4444444444444444,4.0,11257.77,2814.4425,2034.9514004741407,106,1,3.0,1.3333333333333333,8.0,3.0,1.0,0.5,2.0,2.0,5.0,2.0,1.0,0.75,0.4444444444444444,2814.4425,4962.3,0.4407888951364258,98.5213888888889,3.0,0.25,3.0,0.5,23.0,1.0,68.5,8,12.0,3,2,3,3,2,76,77,121,0.174,0.0,0.2013,0.1186,T3,False,none,1.080936,0.316745,0.630572,1.164985,0.581664,0.856077,0.43329,0.779394,0.744369,0.760714,0.580051,0.75,11.5,0.214286,8.333333,19.0,0.888871,3.099206
1257c259-33e4-473a-a3cf-1dc9398fa50d,5.0,0.5555555555555556,4.0,10475.56,2095.112,1697.4773610478578,37,0,2.0,2.5,6.0,2.0,1.0,0.8,1.0,5.0,4.0,1.0,1.0,1.0,0.5555555555555556,2095.112,4798.57,0.45807288584094785,103.58777777777777,8.0,0.2,2.0,0.8,19.0,1.0,51.2,5,15.0,2,1,2,2,1,42,42,198,0.0889,0.0,0.2489,0.1724,T3,False,none,0.370451,0.817527,0.255422,0.498967,1.848264,0.713237,0.417143,0.5166,0.752751,0.642547,0.259771,0.666667,15.2,0.228571,6.666667,14.0,0.694436,2.520635
aaf37f58-c040-442b-86ec-2087d6b0d161,2.0,0.2222222222222222,2.0,2152.0299999999997,1076.0149999999999,388.6329580079384,49,1,1.0,2.0,13.0,1.0,1.0,1.0,1.0,2.0,3.0,1.0,1.0,1.0,0.2222222222222222,1076.0149999999999,1350.82,0.6276957105616557,35.452777777777776,5.0,0.5,2.0,0.5,25.0,2.0,31.0,4,6.0,1,1,2,1,1,53,54,129,0.1169,0.0,0.1879,0.1099,T3,False,none,0.751416,0.595173,0.55928,0.469643,0.675501,0.82756,0.880819,0.823558,0.554009,0.679799,0.147307,1.0,12.5,0.166667,9.0,26.5,0.444436,3.388889
c96353d1-3888-4512-b450-f9bd3012c7c7,5.0,0.5555555555555556,4.0,14840.960000000001,2968.192,1505.6476184917906,84,1,2.0,2.5,5.0,2.0,1.0,0.8,1.0,5.0,4.0,1.0,1.0,1.0,0.5555555555555556,2968.192,4975.27,0.3352390950450645,180.5247222222222,5.0,0.0,1.0,1.0,25.0,0.0,107.0,4,15.0,2,1,1,2,1,34,34,110,0.1791,0.0,0.2044,0.1366,T3,False,none,0.429884,0.817527,1.27318,0.731093,0.622351,0.876292,0.783744,0.717897,0.847513,0.787025,0.297784,0.666667,25.0,0.285714,9.0,11.333333,0.55555,3.31746
6f71faa7-2951-4d5e-b734-5cc0042c9a28,2.0,0.2222222222222222,2.0,4093.89,2046.945,1744.7930536456176,90,1,2.0,1.0,7.0,2.0,1.0,0.5,1.0,2.0,5.0,1.0,1.0,1.0,0.2222222222222222,2046.945,3280.7,0.801364960954007,21.675555555555555,16.0,0.5,1.0,1.0,19.0,3.0,35.0,4,6.0,2,1,1,2,1,30,30,110,0.1791,0.0,0.2044,0.1366,T3,False,none,0.652915,0.487191,0.927004,0.754777,0.622351,0.816873,0.824462,0.772557,0.70169,0.734761,0.253092,0.666667,19.0,0.5,7.0,10.0,0.22222,2.722222
80cc0a31-2b30-46f9-981d-75a8ccdb8b03,4.0,0.4444444444444444,3.0,9824.49,2456.1225,1774.160244329224,39,0,2.0,2.0,11.0,2.0,1.0,0.75,1.0,4.0,4.0,1.0,1.0,1.0,0.4444444444444444,2456.1225,4623.86,0.4706463134473138,49.147777777777776,7.0,0.0,2.0,0.75,22.0,0.0,34.25,5,12.0,2,1,2,2,1,60,60,95,0.2056,0.0211,0.1855,0.0916,T3,False,none,0.568277,0.697421,0.432662,0.444873,0.105784,0.457662,0.463748,0.491295,0.448951,0.468712,0.105069,0.666667,16.5,0.25,7.666667,20.0,0.592585,2.861111
7010c1be-ed14-47f0-b407-b1ab8eacb575,1.0,0.1111111111111111,1.0,563.33,563.33,0.0,73,0,1.0,1.0,4.0,1.0,1.0,1.0,1.0,1.0,6.0,1.0,1.0,1.0,0.1111111111111111,563.33,563.33,1.0,0.0,16.0,0.0,1.0,1.0,17.0,0.0,75.0,3,3.0,1,1,1,1,1,24,24,134,0.1691,0.0224,0.2258,0.1728,T3,False,none,0.730473,0.688334,1.030037,0.915105,1.123263,1.29251,1.595331,1.232868,0.917049,1.064432,0.380642,1.0,17.0,0.5,6.0,12.0,0.11111,2.5
b6460aa4-34da-45e3-8af5-1fefa6f2f26d,1.0,0.1111111111111111,1.0,2174.75,2174.75,0.0,53,1,1.0,1.0,8.0,1.0,1.0,1.0,1.0,1.0,5.0,1.0,1.0,1.0,0.1111111111111111,2174.75,2174.75,1.0,0.0,10.0,0.0,1.0,1.0,25.0,1.0,106.0,3,3.0,1,1,1,1,1,35,35,43,0.4131,0.0,0.082,0.0328,T3,False,none,0.562159,0.607297,1.082468,0.808977,1.59323,0.946549,1.049662,0.871094,0.946243,0.911174,0.406479,1.0,25.0,0.5,9.0,17.5,0.11111,3.5
d42bbb4b-b7c3-424d-a166-0b65ef051dfb,6.0,0.6666666666666666,5.0,12668.5,2111.4166666666665,1602.5175068331287,48,1,2.0,3.0,9.0,2.0,1.0,0.8333333333333334,2.0,3.0,3.0,2.0,1.0,0.8333333333333334,0.6666666666666666,2111.4166666666665,4961.48,0.39163910486640086,146.58805555555554,14.0,0.3333333333333333,2.0,0.5,22.0,3.0,82.5,6,18.0,2,2,2,2,2,51,51,84,0.204,0.0,0.1092,0.124,T3,False,none,0.440951,0.506994,0.776333,0.502909,0.51107,0.889647,0.725183,0.706627,0.562254,0.629628,0.274942,1.0,11.0,0.125,8.0,17.0,1.333307,3.041667
196fc569-6edf-4492-b373-456affa774bf,2.0,0.2222222222222222,2.0,6001.14,3000.57,1.3576450198782226,89,0,1.0,2.0,5.0,1.0,1.0,1.0,2.0,1.0,4.0,2.0,1.0,0.5,0.2222222222222222,3000.57,3001.53,0.5001599696057749,143.8475,20.0,0.0,2.0,0.5,28.0,0.0,70.5,5,6.0,1,2,2,1,2,53,53,95,0.2056,0.0211,0.1855,0.0916,T3,False,none,0.563133,0.626569,0.809169,0.377688,0.105784,0.884775,0.767409,0.753755,0.484483,0.610143,0.258201,1.5,14.0,0.166667,9.666667,26.5,0.444436,3.777778
8bad289b-9ea1-45e3-aedb-e0480f4d7481,5.0,0.5555555555555556,4.0,14063.39,2812.678,1599.0538916090352,31,0,1.0,5.0,7.0,1.0,1.0,1.0,1.0,5.0,3.0,1.0,1.0,1.0,0.5555555555555556,2812.678,4357.54,0.30984990105515103,149.22972222222222,3.0,0.0,1.0,1.0,23.0,0.0,55.0,3,15.0,1,1,1,1,1,30,30,121,0.1789,0.0083,0.2434,0.1287,T3,False,none,0.678062,0.898564,0.765032,0.815441,0.804265,0.823882,0.692346,0.738374,0.823857,0.783965,0.246985,1.0,23.0,0.166667,8.0,15.0,0.55555,3.055556
cb58a889-7aef-4746-84ad-53f07a7a64c8,6.0,0.6666666666666666,6.0,20176.5,3362.75,1539.518961909856,79,1,1.0,6.0,8.0,1.0,1.0,1.0,4.0,1.5,7.0,4.0,1.0,0.5,0.6666666666666666,3362.75,4904.75,0.24309221123584368,149.34555555555556,15.0,0.3333333333333333,3.0,0.3333333333333333,21.0,0.0,80.33333333333333,8,18.0,1,4,3,1,4,66,67,129,0.1169,0.0,0.1879,0.1099,T3,False,none,0.795954,1.550831,0.988735,1.432465,0.675501,1.323312,0.926495,1.040366,1.243452,1.148679,1.044896,2.5,7.0,0.047619,7.666667,33.0,1.99994,3.404762
08a93d82-66b3-4aa4-b617-792454dc0821,3.0,0.3333333333333333,3.0,1225.77,408.59,177.33399251130618,79,0,2.0,1.5,9.0,2.0,1.0,0.6666666666666666,1.0,3.0,2.0,1.0,1.0,1.0,0.3333333333333333,408.59,549.79,0.4485262324905977,161.7122222222222,2.0,0.3333333333333333,1.0,1.0,29.0,0.0,43.0,4,9.0,2,1,1,2,1,43,43,154,0.1225,0.0,0.2652,0.1509,T3,False,none,0.55837,0.739389,0.967995,0.572668,1.400021,0.897302,0.91908,0.807724,0.8346,0.822058,0.395928,0.666667,29.0,0.4,10.0,14.333333,0.33333,3.688889
225aa63f-e259-4676-9842-238ca72de46d,4.0,0.4444444444444444,4.0,15994.25,3998.5625,930.1904506201942,47,1,1.0,4.0,9.0,1.0,1.0,1.0,2.0,2.0,8.0,2.0,1.0,0.5,0.4444444444444444,3998.5625,4888.96,0.30566985010238057,110.20944444444444,1.0,0.5,3.0,0.5,24.0,3.0,77.5,6,12.0,1,2,3,1,2,67,70,108,0.1587,0.0,0.2348,0.071,T3,False,none,0.639573,0.722629,1.005974,0.654927,0.625422,0.738762,0.784908,0.725804,0.74007,0.733413,0.533691,1.5,12.0,0.1,8.666667,33.5,0.888871,3.422222
d80d2c9d-f805-4302-b479-286970f07d77,0.0,0.0,0.0,0.0,0.0,0.0,33,0,0.0,0.0,0.0,0.0,0.0,0.0,0.0,0.0,0.0,0.0,0.0,0.0,0.0,0.0,0.0,0.0,0.0,0.0,0.0,0.0,0.0,0.0,0.0,0.0,0,0.0,0,0,0,0,0,0,0,1,0.0,0.0,0.0,0.0,T3,False,none,2.767811,2.428211,2.297128,2.075966,2.409508,1.59612,1.781581,1.99271,2.265693,2.138301,0.0,0.0,0.0,0.0,0.0,0.0,0.0,0.0
b5005d10-9c5a-4818-98df-baa84ff8cc1b,3.0,0.3333333333333333,3.0,9298.94,3099.646666666667,1044.7838573759327,84,1,1.0,3.0,6.0,1.0,1.0,1.0,1.0,3.0,5.0,1.0,1.0,1.0,0.3333333333333333,3099.646666666667,3784.39,0.40697004174669366,56.77361111111111,0.0,0.6666666666666666,2.0,0.6666666666666666,24.0,1.0,61.333333333333336,4,9.0,1,1,2,1,1,48,48,121,0.1789,0.0083,0.2434,0.1287,T3,False,none,0.521681,0.550371,0.283574,0.415242,0.804265,0.458728,0.66603,0.545815,0.486431,0.514144,0.179401,1.0,16.0,0.166667,8.666667,24.0,0.499993,3.277778
f45167db-86f2-4805-8707-5ebc580eb6a2,1.0,0.1111111111111111,1.0,1229.17,1229.17,0.0,106,1,1.0,1.0,7.0,1.0,1.0,1.0,1.0,1.0,5.0,1.0,1.0,1.0,0.1111111111111111,1229.17,1229.17,1.0,0.0,2.0,1.0,1.0,1.0,21.0,0.0,21.0,3,3.0,1,1,1,1,1,30,30,108,0.1587,0.0,0.2348,0.071,T3,False,none,0.552174,0.607297,0.891076,0.857217,0.625422,1.361336,1.536388,1.188497,0.763159,0.96165,0.148198,1.0,21.0,0.5,7.666667,15.0,0.11111,3.055556
2b04021a-cb50-45d0-8a93-09a578ad0c0f,6.0,0.6666666666666666,5.0,10987.66,1831.2766666666666,1432.7465866881926,34,0,1.0,6.0,10.0,1.0,1.0,1.0,1.0,6.0,1.0,0.0,0.0,1.0,0.6666666666666666,1831.2766666666666,4550.83,0.41417644885262195,137.10222222222222,19.0,0.16666666666666666,4.0,0.5,26.0,0.0,42.333333333333336,6,18.0,1,1,4,1,0,90,94,129,0.1169,0.0,0.1879,0.1099,T3,False,none,0.91482,1.955496,1.000402,1.274801,0.675501,0.939399,0.838526,0.898752,1.287925,1.106311,0.512046,0.0,13.0,0.0,8.666667,45.0,1.333307,2.888889
df1bfc61-a65b-46e8-a857-690a387480cd,3.0,0.3333333333333333,3.0,2567.79,855.93,817.4403942184408,95,0,3.0,1.0,11.0,3.0,1.0,0.3333333333333333,1.0,3.0,2.0,1.0,1.0,1.0,0.3333333333333333,855.93,1675.74,0.6526000958022268,83.5875,1.0,0.0,1.0,1.0,16.0,1.0,76.0,5,9.0,3,1,1,3,1,39,39,198,0.0889,0.0,0.2489,0.1724,T3,False,none,1.405213,0.739389,0.89198,0.855311,1.848264,0.78414,0.849124,0.983251,0.999462,0.991897,0.320767,0.5,16.0,0.5,5.666667,9.75,0.33333,2.222222
f1c2f0b9-833c-4b82-824d-7ccf8f992282,4.0,0.4444444444444444,3.0,10263.66,2565.915,1353.8548269416976,71,0,1.0,4.0,9.0,1.0,1.0,1.0,2.0,2.0,6.0,1.0,0.5,0.5,0.4444444444444444,2565.915,3919.51,0.38188229150225167,60.92388888888889,7.0,0.0,2.0,0.75,17.0,1.0,104.0,5,12.0,1,2,2,1,1,42,43,84,0.204,0.0,0.1092,0.124,T3,False,none,0.639573,0.796082,0.733426,0.40015,0.51107,0.421221,0.428892,0.486164,0.587052,0.539971,0.210157,0.75,12.75,0.075,5.833333,21.0,0.592585,2.219444
2df1c8bf-cd64-42dc-95a5-47a08cde76cb,6.0,0.6666666666666666,5.0,18486.72,3081.1200000000003,1100.6797087799882,43,0,1.0,6.0,6.0,1.0,1.0,1.0,3.0,2.0,6.0,3.0,1.0,0.6666666666666666,0.6666666666666666,3081.1200000000003,4453.87,0.240922673140503,223.91916666666665,4.0,0.0,3.0,0.5,29.0,0.0,48.5,7,18.0,1,3,3,1,3,77,83,154,0.1225,0.0,0.2652,0.1509,T3,False,none,0.845402,0.876633,0.860268,1.220777,1.400021,1.020354,0.977421,0.956057,1.089509,1.027231,0.984074,2.0,14.5,0.071429,10.0,38.5,1.333307,4.02381
bf8642a0-e0cd-4baa-a9c1-6b714919c04c,1.0,0.1111111111111111,1.0,858.72,858.72,0.0,58,0,1.0,1.0,9.0,1.0,1.0,1.0,1.0,1.0,7.0,1.0,1.0,1.0,0.1111111111111111,858.72,858.72,1.0,0.0,3.0,1.0,1.0,1.0,23.0,0.0,89.0,3,3.0,1,1,1,1,1,36,36,110,0.1928,0.0091,0.1832,0.0943,T3,False,none,0.621592,0.769371,1.050375,0.799329,0.231917,1.16855,1.606992,1.158424,0.749572,0.94037,0.270938,1.0,23.0,0.5,8.0,18.0,0.11111,3.166667
f596e765-84e3-45b5-a2c7-5c3d7d4ee850,2.0,0.2222222222222222,2.0,6350.25,3175.125,585.3076381271648,93,1,1.0,2.0,9.0,1.0,1.0,1.0,2.0,1.0,3.0,2.0,1.0,0.5,0.2222222222222222,3175.125,3589.0,0.5651745994252195,180.76055555555556,9.0,0.0,2.0,0.5,28.0,0.0,95.0,5,6.0,1,2,2,1,2,56,57,95,0.2056,0.0211,0.1855,0.0916,T3,False,none,0.513684,0.707606,1.014783,0.411405,0.105784,0.810141,0.570478,0.645552,0.560222,0.600043,0.270167,1.5,14.0,0.166667,10.0,28.0,0.444436,3.888889
3acbba5f-cb5c-46ce-8381-5ea126494b33,3.0,0.3333333333333333,3.0,11820.84,3940.28,816.6196225293634,105,0,2.0,1.5,5.0,2.0,1.0,0.6666666666666666,1.0,3.0,3.0,1.0,1.0,1.0,0.3333333333333333,3940.28,4706.26,0.39813245082413773,83.86222222222223,6.0,0.0,1.0,1.0,24.0,1.0,30.0,4,9.0,2,1,1,2,1,32,32,84,0.204,0.0,0.1092,0.124,T3,False,none,0.607818,0.658352,0.715422,0.678796,0.51107,0.782581,0.653366,0.689577,0.653361,0.670262,0.252468,0.666667,24.0,0.4,8.333333,10.666667,0.33333,3.133333
f5ade0a0-48d9-4b1b-b2be-d3466aa564d9,3.0,0.3333333333333333,3.0,5401.610000000001,1800.5366666666669,1023.215835800704,97,1,2.0,1.5,5.0,2.0,1.0,0.6666666666666666,2.0,1.5,5.0,2.0,1.0,0.6666666666666666,0.3333333333333333,1800.5366666666669,2751.5,0.5093851647934596,69.225,6.0,0.3333333333333333,2.0,0.6666666666666666,20.0,0.0,61.666666666666664,6,9.0,2,2,2,2,2,46,46,134,0.1691,0.0224,0.2258,0.1728,T3,False,none,0.607818,0.431056,0.422365,0.41881,1.123263,0.56664,0.328353,0.498976,0.540021,0.520867,0.389863,1.0,13.333333,0.266667,7.333333,15.333333,0.499993,2.866667
35702c41-b5fd-4b18-a02e-ed6acfa2c830,4.0,0.4444444444444444,4.0,13227.57,3306.8925,1932.898423876692,61,0,2.0,2.0,6.0,2.0,1.0,0.75,1.0,4.0,8.0,1.0,1.0,1.0,0.4444444444444444,3306.8925,4984.34,0.37681448671222306,162.0336111111111,7.0,0.25,3.0,0.5,23.0,3.0,74.5,6,12.0,2,1,3,2,1,69,70,129,0.1169,0.0,0.1879,0.1099,T3,False,none,0.439426,0.913587,0.944926,0.706103,0.675501,0.713838,0.540811,0.577759,0.802628,0.697689,0.464669,0.666667,11.5,0.166667,8.0,23.0,0.888871,2.944444
bf7d728b-6784-4762-9f6c-67f236898a6c,3.0,0.3333333333333333,3.0,12259.06,4086.353333333333,776.1083720933135,40,0,3.0,1.0,11.0,3.0,1.0,0.3333333333333333,1.0,3.0,5.0,1.0,1.0,1.0,0.3333333333333333,4086.353333333333,4718.07,0.38486392920827533,108.91444444444444,0.0,0.3333333333333333,3.0,0.3333333333333333,21.0,2.0,69.66666666666667,7,9.0,3,1,3,3,1,81,81,110,0.1791,0.0,0.2044,0.1366,T3,False,none,1.405213,0.550371,0.798575,1.163487,0.622351,0.618615,0.656366,0.855941,0.843995,0.84957,0.462529,0.5,7.0,0.166667,7.333333,20.25,0.99997,2.666667
87c93366-d331-4c53-a082-90e707cb0fe6,4.0,0.4444444444444444,3.0,11076.09,2769.0225,1228.723721383968,55,1,1.0,4.0,8.0,1.0,1.0,1.0,1.0,4.0,4.0,1.0,1.0,1.0,0.4444444444444444,2769.0225,3966.39,0.3581038073905142,156.46333333333334,0.0,0.0,2.0,0.5,21.0,1.0,40.0,4,12.0,1,1,2,1,1,50,50,134,0.1691,0.0224,0.2258,0.1728,T3,False,none,0.58014,0.697421,0.284,0.410854,1.123263,0.350112,0.626908,0.5081,0.574803,0.543675,0.223047,1.0,10.5,0.1,7.666667,25.0,0.888871,2.922222
eea735e8-ac5a-46a9-a4e5-10713e5e5d66,1.0,0.1111111111111111,1.0,3401.84,3401.84,0.0,75,1,1.0,1.0,4.0,1.0,1.0,1.0,1.0,1.0,4.0,1.0,1.0,1.0,0.1111111111111111,3401.84,3401.84,1.0,0.0,10.0,0.0,1.0,1.0,28.0,0.0,104.0,3,3.0,1,1,1,1,1,33,33,134,0.1691,0.0224,0.2258,0.1728,T3,False,none,0.730473,0.634241,1.355615,0.828273,1.123263,1.123761,1.026179,0.978865,0.938793,0.957494,0.430046,1.0,28.0,0.5,10.0,16.5,0.11111,3.833333
f1eb724a-75fd-4d7d-836b-7d3130a67af8,2.0,0.2222222222222222,2.0,5302.51,2651.255,254.29681171811816,53,0,1.0,2.0,9.0,1.0,1.0,1.0,1.0,2.0,1.0,0.0,0.0,1.0,0.2222222222222222,2651.255,2831.07,0.5339112986114123,42.03888888888889,15.0,0.0,1.0,1.0,19.0,0.0,31.0,3,6.0,1,1,1,1,0,26,26,110,0.1791,0.0,0.2044,0.1366,T3,False,none,0.513684,1.531999,0.878894,0.979356,0.622351,0.629585,0.679419,0.613082,1.037086,0.839218,0.209553,0.0,19.0,0.0,6.333333,13.0,0.22222,2.111111
0a4abaa0-101f-4159-9cf3-dbe22bb202bd,2.0,0.2222222222222222,2.0,1227.8600000000001,613.9300000000001,425.8904143086577,38,1,1.0,2.0,9.0,1.0,1.0,1.0,1.0,2.0,4.0,1.0,1.0,1.0,0.2222222222222222,613.9300000000001,915.08,0.7452641180590621,73.87055555555555,7.0,0.0,2.0,0.5,19.0,1.0,87.0,4,6.0,1,1,2,1,1,46,47,110,0.1791,0.0,0.2044,0.1366,T3,False,none,0.513684,0.514136,0.611384,0.48645,0.622351,0.959163,0.980819,0.839102,0.542049,0.680674,0.139699,1.0,9.5,0.166667,7.0,23.0,0.444436,2.722222
b309805c-b024-470b-91fa-2d0175de0392,1.0,0.1111111111111111,1.0,587.7,587.7,0.0,75,0,1.0,1.0,9.0,1.0,1.0,1.0,1.0,1.0,4.0,1.0,1.0,1.0,0.1111111111111111,587.7,587.7,1.0,0.0,11.0,0.0,1.0,1.0,20.0,2.0,82.0,3,3.0,1,1,1,1,1,30,30,154,0.1225,0.0,0.2652,0.1509,T3,False,none,0.621592,0.634241,0.880531,0.857217,1.400021,1.299558,1.47393,1.163977,0.896798,1.021482,0.271265,1.0,20.0,0.5,7.0,15.0,0.11111,2.833333
fbed8e2e-c9ef-4fb4-bbf4-6a520a4a3722,2.0,0.2222222222222222,2.0,1515.3999999999999,757.6999999999999,627.7269739305457,102,0,1.0,2.0,6.0,1.0,1.0,1.0,1.0,2.0,4.0,1.0,1.0,1.0,0.2222222222222222,757.6999999999999,1201.57,0.7929061633892042,48.464444444444446,12.0,0.0,2.0,0.5,28.0,0.0,87.0,4,6.0,1,1,2,1,1,61,61,110,0.1928,0.0091,0.1832,0.0943,T3,False,none,0.5037,0.514136,0.947644,0.542054,0.231917,1.080415,1.120982,0.929161,0.567883,0.736479,0.192213,1.0,14.0,0.166667,9.666667,30.5,0.444436,3.611111
a9453a1e-4e01-450d-b089-23ad0987a5ed,5.0,0.5555555555555556,4.0,9458.18,1891.636,1138.3704565869582,43,0,2.0,2.5,8.0,2.0,1.0,0.8,3.0,1.6666666666666667,7.0,3.0,1.0,0.6,0.5555555555555556,1891.636,2928.69,0.3096462532960887,117.82972222222222,6.0,0.0,2.0,0.8,24.0,3.0,52.4,7,15.0,2,3,2,2,3,65,66,154,0.1225,0.0,0.2652,0.1509,T3,False,none,0.321003,1.041111,0.539949,0.92628,1.400021,0.586004,0.552468,0.499111,0.953459,0.74143,0.845686,1.333333,19.2,0.228571,8.333333,21.666667,0.694436,3.298413
3df5fd17-86de-4976-bb24-1d078f4ce087,2.0,0.2222222222222222,1.0,6664.83,3332.415,842.8076435640578,87,1,1.0,2.0,9.0,1.0,1.0,1.0,1.0,2.0,4.0,1.0,1.0,1.0,0.2222222222222222,3332.415,3928.37,0.5894178846272148,9.773333333333333,14.0,0.0,2.0,0.5,28.0,0.0,91.0,4,6.0,1,1,2,1,1,53,53,134,0.1691,0.0224,0.2258,0.1728,T3,False,none,0.513684,0.514136,0.981214,0.46487,1.123263,0.829512,0.814711,0.734342,0.69449,0.713088,0.341044,1.0,14.0,0.166667,10.0,26.5,0.444436,3.722222
af48bde2-6916-4881-9732-c8ed14542d1d,6.0,0.6666666666666666,5.0,13042.51,2173.7516666666666,1324.0490112290659,75,1,3.0,2.0,9.0,3.0,1.0,0.5,3.0,2.0,8.0,3.0,1.0,0.5,0.6666666666666666,2173.7516666666666,3651.86,0.2799967184230643,160.46694444444444,4.0,0.3333333333333333,4.0,0.3333333333333333,18.0,3.0,75.83333333333333,10,18.0,3,3,4,3,3,95,97,95,0.2056,0.0211,0.1855,0.0916,T3,False,none,1.068431,1.147222,1.340124,1.977775,0.105784,0.924122,0.562583,0.84484,1.325294,1.101082,1.117806,1.0,6.0,0.111111,6.666667,23.75,1.99994,2.592593
6ddaa4f7-9b1c-4ef5-9f82-a481e4e5a73a,1.0,0.1111111111111111,1.0,4796.15,4796.15,0.0,75,0,1.0,1.0,11.0,1.0,1.0,1.0,1.0,1.0,5.0,1.0,1.0,1.0,0.1111111111111111,4796.15,4796.15,1.0,0.0,9.0,0.0,1.0,1.0,17.0,0.0,106.0,3,3.0,1,1,1,1,1,29,30,50,0.2482,0.04,0.0909,0.0909,T3,False,none,0.740457,0.607297,1.290202,0.862092,0.707334,1.274877,1.326218,1.139299,0.86179,0.991294,0.188618,1.0,17.0,0.5,6.0,14.5,0.11111,2.5
dda595b4-b6f6-4ccc-b804-a7844fc00e14,3.0,0.3333333333333333,2.0,6488.139999999999,2162.713333333333,381.5311044113354,78,0,1.0,3.0,6.0,1.0,1.0,1.0,1.0,3.0,3.0,1.0,1.0,1.0,0.3333333333333333,2162.713333333333,2599.64,0.40067569442089723,89.60555555555555,0.0,0.0,2.0,0.6666666666666666,21.0,1.0,35.0,4,9.0,1,1,2,1,1,41,41,129,0.1169,0.0,0.1879,0.1099,T3,False,none,0.521681,0.658352,0.203102,0.482778,0.675501,0.576257,0.567219,0.557651,0.500526,0.527185,0.078225,1.0,14.0,0.166667,7.333333,20.5,0.499993,2.833333
dfd79ec2-abfb-450d-825a-e4b93dc97df6,5.0,0.5555555555555556,5.0,12069.32,2413.864,1770.1875304978282,31,0,4.0,1.25,12.0,4.0,1.0,0.4,1.0,5.0,3.0,1.0,1.0,1.0,0.5555555555555556,2413.864,4284.7,0.35500757292042967,130.88555555555556,0.0,0.4,3.0,0.4,24.0,3.0,50.0,8,15.0,4,1,3,4,1,89,91,89,0.2523,0.0,0.1667,0.1056,T3,False,none,1.84767,0.898564,0.848898,1.683099,0.277908,0.84117,0.551856,1.032304,1.078975,1.057195,0.543768,0.4,9.6,0.177778,8.333333,17.8,1.388854,2.97037
19a89633-9fcf-4974-8764-4109c6c6cf7d,5.0,0.5555555555555556,5.0,11037.69,2207.538,548.3868990685319,74,0,1.0,5.0,7.0,1.0,1.0,1.0,2.0,2.5,5.0,2.0,1.0,0.6,0.5555555555555556,2207.538,2791.05,0.252865409338367,168.36222222222221,11.0,0.2,3.0,0.6,24.0,3.0,56.8,6,15.0,1,2,3,1,2,72,75,134,0.1691,0.0224,0.2258,0.1728,T3,False,none,0.678062,0.417536,0.758535,0.759852,1.123263,0.80566,0.633603,0.711851,0.734567,0.723966,0.60927,1.5,14.4,0.1,8.333333,36.0,0.92591,3.311111
837798e3-b28c-479b-8e91-08af52aa88ed,5.0,0.5555555555555556,5.0,15699.210000000001,3139.842,1874.6733106650875,89,1,1.0,5.0,5.0,1.0,1.0,1.0,3.0,1.6666666666666667,7.0,3.0,1.0,0.6,0.5555555555555556,3139.842,4939.5,0.314633666280023,149.67,0.0,0.4,2.0,0.8,22.0,3.0,56.4,6,15.0,1,3,2,1,3,55,55,108,0.1587,0.0,0.2348,0.071,T3,False,none,0.796928,1.041111,0.501777,0.753544,0.625422,1.092249,0.787323,0.90623,0.751631,0.823777,0.58741,2.0,17.6,0.133333,8.0,27.5,0.694436,3.377778
9ca8b228-8352-4bde-a38a-3c0d356c86dc,5.0,0.5555555555555556,4.0,4091.72,818.3439999999999,986.6788689487579,42,0,1.0,5.0,9.0,1.0,1.0,1.0,2.0,2.5,9.0,2.0,1.0,0.8,0.5555555555555556,818.3439999999999,2579.01,0.6302997272540644,139.7552777777778,2.0,0.2,2.0,0.6,28.0,1.0,61.0,5,15.0,1,2,2,1,2,64,67,134,0.1691,0.0224,0.2258,0.1728,T3,False,none,0.74748,0.641404,0.473404,0.513043,1.123263,0.812174,0.723837,0.764244,0.638579,0.697223,0.680593,1.5,16.8,0.1,9.666667,32.0,0.92591,3.755556
2a35df49-3e48-4f13-946f-5e2af516b2cb,2.0,0.2222222222222222,2.0,5302.5199999999995,2651.2599999999998,2610.949363124455,50,0,1.0,2.0,9.0,1.0,1.0,1.0,2.0,1.0,9.0,2.0,1.0,0.5,0.2222222222222222,2651.2599999999998,4497.48,0.8481778475140122,62.61416666666667,2.0,0.5,1.0,1.0,17.0,2.0,20.0,4,6.0,1,2,1,1,2,35,35,154,0.1225,0.0,0.2652,0.1509,T3,False,none,0.513684,0.923772,0.942311,0.665111,1.400021,0.761542,0.730991,0.680542,0.910012,0.802926,0.566939,1.5,17.0,0.333333,6.0,17.5,0.22222,2.611111
26ce2bac-d2f2-4138-91e7-e3fe5350dadc,4.0,0.4444444444444444,3.0,6841.75,1710.4375,983.057384875539,62,1,3.0,1.3333333333333333,9.0,3.0,1.0,0.5,1.0,4.0,2.0,1.0,1.0,1.0,0.4444444444444444,1710.4375,3143.61,0.4594745496400775,180.02777777777777,18.0,0.0,2.0,0.75,23.0,1.0,78.25,6,12.0,3,1,2,3,1,58,58,121,0.174,0.0,0.2013,0.1186,T3,False,none,1.140369,0.859495,0.420165,0.786837,0.581664,0.398436,0.759941,0.730919,0.694416,0.711451,0.223511,0.5,17.25,0.321429,8.333333,14.5,0.592585,3.051587
5e46d157-c280-48e1-987e-5e684f0582f7,2.0,0.2222222222222222,2.0,3340.84,1670.42,480.7194741218625,90,1,1.0,2.0,7.0,1.0,1.0,1.0,1.0,2.0,3.0,1.0,1.0,1.0,0.2222222222222222,1670.42,2010.34,0.6017468660576382,39.23,5.0,0.5,2.0,0.5,19.0,0.0,49.0,4,6.0,1,1,2,1,1,43,44,198,0.0889,0.0,0.2489,0.1724,T3,False,none,0.444267,0.595173,0.474792,0.515394,1.848264,0.876889,0.701452,0.694804,0.749025,0.723722,0.222126,1.0,9.5,0.166667,7.0,21.5,0.444436,2.722222
99b7de8b-5587-44d0-89bf-346bf226495f,5.0,0.5555555555555556,5.0,9266.22,1853.244,799.5583618035646,87,0,1.0,5.0,7.0,1.0,1.0,1.0,3.0,1.6666666666666667,7.0,3.0,1.0,0.6,0.5555555555555556,1853.244,2867.16,0.3094206699171831,104.32083333333334,16.0,0.4,3.0,0.4,23.0,2.0,87.0,7,15.0,1,3,3,1,3,74,74,108,0.1587,0.0,0.2348,0.071,T3,False,none,0.678062,1.041111,0.941227,1.10651,0.625422,0.83488,0.66777,0.734372,0.975545,0.862997,0.780662,2.0,9.2,0.066667,8.0,37.0,1.388854,3.355556
cb0320cc-040f-4127-b14c-ee1ad8322645,1.0,0.1111111111111111,1.0,1770.22,1770.22,0.0,34,1,1.0,1.0,8.0,1.0,1.0,1.0,1.0,1.0,3.0,1.0,1.0,1.0,0.1111111111111111,1770.22,1770.22,1.0,0.0,12.0,0.0,1.0,1.0,19.0,3.0,26.0,3,3.0,1,1,1,1,1,27,27,129,0.1169,0.0,0.1879,0.1099,T3,False,none,0.562159,0.715278,1.002535,0.886161,0.675501,1.108081,1.198027,0.982085,0.832575,0.902346,0.176865,1.0,19.0,0.5,7.0,13.5,0.11111,2.833333
b47462f5-4d17-49ff-a34f-ca023b45130b,3.0,0.3333333333333333,3.0,10401.67,3467.2233333333334,464.12166662776383,57,0,1.0,3.0,5.0,1.0,1.0,1.0,1.0,3.0,5.0,1.0,1.0,1.0,0.3333333333333333,3467.2233333333334,3807.54,0.3660508360676699,67.45916666666666,7.0,0.3333333333333333,1.0,1.0,19.0,1.0,46.0,3,9.0,1,1,1,1,1,26,26,198,0.0889,0.0,0.2489,0.1724,T3,False,none,0.581114,0.550371,0.570687,0.78244,1.848264,0.495563,0.407332,0.490596,0.857945,0.686515,0.335519,1.0,19.0,0.25,6.666667,13.0,0.33333,2.638889
6e7d4a98-59f7-4572-b1fa-4dc53556bf8a,2.0,0.2222222222222222,2.0,1891.68,945.84,989.3838082362173,73,0,1.0,2.0,7.0,1.0,1.0,1.0,1.0,2.0,5.0,1.0,1.0,1.0,0.2222222222222222,945.84,1645.44,0.8698299923877189,36.58361111111111,8.0,0.5,2.0,0.5,22.0,1.0,75.5,4,6.0,1,1,2,1,1,51,51,110,0.1928,0.0091,0.1832,0.0943,T3,False,none,0.444267,0.487191,0.453586,0.447044,0.231917,0.830443,0.985649,0.771843,0.422589,0.585574,0.069249,1.0,11.0,0.166667,7.666667,25.5,0.444436,2.944444
69b83fce-c7e1-468f-8cca-c160421d22d4,6.0,0.6666666666666666,5.0,15769.69,2628.2816666666668,1475.941433071335,83,1,2.0,3.0,8.0,2.0,1.0,0.8333333333333334,2.0,3.0,5.0,2.0,1.0,0.6666666666666666,0.6666666666666666,2628.2816666666668,4388.43,0.27828257879514434,162.54916666666668,21.0,0.16666666666666666,4.0,0.5,22.0,1.0,46.666666666666664,8,18.0,2,2,4,2,2,89,89,198,0.0889,0.0,0.2489,0.1724,T3,False,none,0.381518,0.434183,0.638231,1.20737,1.848264,1.055805,0.9435,0.825717,1.002318,0.919904,0.830315,1.0,11.0,0.125,8.0,29.666667,1.333307,3.041667
1623c8a6-8d17-47c3-a767-06480d424a10,5.0,0.5555555555555556,3.0,12889.04,2577.808,960.5003203903682,93,0,3.0,1.6666666666666667,12.0,3.0,1.0,0.4,1.0,5.0,2.0,1.0,1.0,1.0,0.5555555555555556,2577.808,3985.63,0.30922628838144656,135.6197222222222,1.0,0.2,3.0,0.4,20.0,0.0,94.6,7,15.0,3,1,3,3,1,80,83,95,0.2056,0.0211,0.1855,0.0916,T3,False,none,1.348704,0.979601,1.095194,1.239751,0.105784,0.708202,0.539965,0.835124,0.955603,0.899379,0.340179,0.5,8.0,0.15,7.0,20.0,1.388854,2.55
dc6b4017-c78d-4342-8291-7935347f7b2a,4.0,0.4444444444444444,4.0,10900.46,2725.115,1168.5551451971219,100,1,1.0,4.0,9.0,1.0,1.0,1.0,3.0,1.3333333333333333,3.0,2.0,0.6666666666666666,0.5,0.4444444444444444,2725.115,3613.49,0.3314988541767962,78.7225,4.0,0.5,2.0,0.5,16.0,2.0,57.5,6,12.0,1,3,2,1,2,37,37,129,0.1169,0.0,0.1879,0.1099,T3,False,none,0.639573,0.999584,0.553099,0.650517,0.675501,0.653884,0.438093,0.577865,0.721653,0.654551,0.318362,1.333333,8.0,0.066667,5.888889,18.5,0.888871,2.42963
1c3a1fea-e959-4702-b32f-c5db6fbb0e61,3.0,0.3333333333333333,3.0,6697.7699999999995,2232.5899999999997,1935.8474555863124,82,0,2.0,1.5,9.0,2.0,1.0,0.6666666666666666,1.0,3.0,7.0,1.0,1.0,1.0,0.3333333333333333,2232.5899999999997,4196.48,0.6265488364037582,185.38,0.0,0.0,3.0,0.3333333333333333,17.0,3.0,67.66666666666667,6,9.0,2,1,3,2,1,62,62,67,0.2469,0.0,0.1605,0.1111,T3,False,none,0.55837,0.712445,1.107594,0.618886,0.434357,0.542907,0.628094,0.575721,0.713335,0.649115,0.407646,0.666667,5.666667,0.133333,6.0,20.666667,0.99997,2.266667
5f9608f3-50b2-4add-b3d6-60bc27c5abf4,4.0,0.4444444444444444,4.0,13120.580000000002,3280.1450000000004,1859.2855825199815,84,0,1.0,4.0,6.0,1.0,1.0,1.0,1.0,4.0,5.0,1.0,1.0,1.0,0.4444444444444444,3280.1450000000004,4602.46,0.3507817489775604,98.63555555555556,9.0,0.25,3.0,0.5,22.0,2.0,90.5,5,12.0,1,1,3,1,1,63,64,198,0.0889,0.0,0.2489,0.1724,T3,False,none,0.629588,0.670476,0.861014,0.576761,1.848264,0.817927,0.473022,0.649147,0.871326,0.767643,0.387779,1.0,11.0,0.1,7.666667,31.5,0.888871,2.922222
394f4c75-d8a9-4356-8949-3b44286f6f4a,4.0,0.4444444444444444,3.0,8182.95,2045.7375,1089.7401870591295,94,1,1.0,4.0,12.0,1.0,1.0,1.0,1.0,4.0,5.0,1.0,1.0,1.0,0.4444444444444444,2045.7375,3168.54,0.3872124356130735,65.62638888888888,1.0,0.5,2.0,0.75,24.0,2.0,51.0,4,12.0,1,1,2,1,1,55,55,67,0.2469,0.0,0.1605,0.1111,T3,False,none,0.817871,0.670476,0.309022,0.442389,0.434357,0.477521,0.538742,0.595171,0.470287,0.528566,0.216555,1.0,18.0,0.15,8.666667,27.5,0.592585,3.272222
766a1bd1-4a34-468c-835d-eab9b5d7c081,5.0,0.5555555555555556,3.0,17379.42,3475.8839999999996,1114.860044122131,92,1,2.0,2.5,7.0,2.0,1.0,0.8,2.0,2.5,6.0,2.0,1.0,0.6,0.5555555555555556,3475.8839999999996,4600.29,0.26469755607494383,95.99416666666667,0.0,0.6,3.0,0.4,26.0,1.0,76.4,7,15.0,2,2,3,2,2,80,80,110,0.1791,0.0,0.2044,0.1366,T3,False,none,0.311018,0.498573,0.878201,0.8942,0.622351,0.88974,0.870765,0.718066,0.746652,0.733312,0.682604,1.0,10.4,0.114286,9.333333,26.666667,1.388854,3.48254
604ce978-ecb7-4f42-b99a-6c1cd597335e,9.0,1.0,7.0,18503.46,2055.94,1067.1034875189005,67,1,4.0,2.25,11.0,4.0,1.0,0.6666666666666666,3.0,3.0,5.0,3.0,1.0,0.4444444444444444,1.0,2055.94,3036.67,0.16411363063989115,228.45277777777778,19.0,0.1111111111111111,4.0,0.5555555555555556,24.0,1.0,87.22222222222223,11,27.0,4,3,4,4,3,113,116,89,0.2523,0.0,0.1667,0.1056,T3,False,none,1.504315,1.003463,0.982476,2.687555,0.277908,1.538981,1.316193,1.454814,1.509699,1.484086,1.224688,0.8,13.333333,0.17094,8.666667,22.6,1.799968,3.212536
353550f4-8a29-4e8c-be68-9e9914a46d66,2.0,0.2222222222222222,2.0,7475.14,3737.57,733.0151736492229,45,0,2.0,1.0,7.0,2.0,1.0,0.5,2.0,1.0,4.0,2.0,1.0,0.5,0.2222222222222222,3737.57,4255.89,0.5693391695673927,57.635,1.0,0.5,2.0,0.5,17.0,0.0,52.5,6,6.0,2,2,2,2,2,45,45,110,0.1791,0.0,0.2044,0.1366,T3,False,none,0.652915,0.626569,0.575907,0.485143,0.622351,0.675197,0.737424,0.689573,0.562277,0.621682,0.291762,1.0,8.5,0.25,6.0,15.0,0.444436,2.416667
dbee6f0c-0657-4281-b731-72d0de658f11,3.0,0.3333333333333333,3.0,6583.3,2194.4333333333334,2098.9912440582816,68,0,2.0,1.5,7.0,2.0,1.0,0.6666666666666666,3.0,1.0,4.0,3.0,1.0,0.3333333333333333,0.3333333333333333,2194.4333333333334,4231.46,0.6427566721856819,86.16805555555555,1.0,0.0,2.0,0.6666666666666666,21.0,0.0,71.0,7,9.0,2,3,2,2,3,57,57,110,0.1928,0.0091,0.1832,0.0943,T3,False,none,0.488952,1.159677,0.464823,0.77273,0.231917,0.50402,0.519036,0.50472,0.715184,0.616968,0.49952,1.333333,14.0,0.266667,7.333333,19.0,0.499993,2.977778
0f6693bc-a332-4c15-8d2f-2a80c21ddeb7,5.0,0.5555555555555556,4.0,12899.089999999998,2579.8179999999998,1577.2271644154496,57,0,1.0,5.0,6.0,1.0,1.0,1.0,1.0,5.0,1.0,0.0,0.0,1.0,0.5555555555555556,2579.8179999999998,4690.48,0.3636287521057687,181.7788888888889,0.0,0.2,2.0,0.8,26.0,0.0,39.4,4,15.0,1,1,2,1,0,47,48,110,0.1791,0.0,0.2044,0.1366,T3,False,none,0.737495,1.835391,0.569783,0.631941,0.622351,0.65927,0.701154,0.695582,0.918255,0.814341,0.224306,0.0,20.8,0.0,8.666667,23.5,0.694436,2.888889
5098e8b2-cc64-403a-a7c8-1c7a14e23e56,1.0,0.1111111111111111,1.0,1068.32,1068.32,0.0,55,0,1.0,1.0,11.0,1.0,1.0,1.0,1.0,1.0,3.0,1.0,1.0,1.0,0.1111111111111111,1068.32,1068.32,1.0,0.0,18.0,0.0,1.0,1.0,16.0,1.0,74.0,3,3.0,1,1,1,1,1,26,27,198,0.0889,0.0,0.2489,0.1724,T3,False,none,0.740457,0.715278,0.875195,0.891036,1.848264,1.121377,1.513762,1.143338,1.003335,1.068669,0.320767,1.0,16.0,0.5,5.666667,13.0,0.11111,2.388889
44242697-962c-4772-9bc6-2ca4a36c7523,4.0,0.4444444444444444,3.0,6001.3,1500.325,1405.3338667970208,64,1,1.0,4.0,8.0,1.0,1.0,1.0,1.0,4.0,5.0,1.0,1.0,1.0,0.4444444444444444,1500.325,3567.58,0.5944678652958525,147.03666666666666,4.0,0.25,3.0,0.5,23.0,2.0,86.0,5,12.0,1,1,3,1,1,72,72,95,0.2056,0.0211,0.1855,0.0916,T3,False,none,0.58014,0.670476,0.859119,0.65882,0.105784,0.487925,0.375727,0.476873,0.61129,0.548562,0.253945,1.0,11.5,0.1,8.333333,36.0,0.888871,3.144444
a4b51555-bdcd-43e2-892a-4406efc49249,6.0,0.6666666666666666,5.0,16191.16,2698.5266666666666,1575.9143824036464,58,1,3.0,2.0,12.0,3.0,1.0,0.6666666666666666,2.0,3.0,8.0,2.0,1.0,0.6666666666666666,0.6666666666666666,2698.5266666666666,4473.43,0.2762884191126516,193.94027777777777,15.0,0.16666666666666666,2.0,0.8333333333333334,27.0,1.0,95.83333333333333,7,18.0,3,2,2,3,2,70,71,67,0.2469,0.0,0.1605,0.1111,T3,False,none,1.13672,0.677294,0.772646,1.050813,0.434357,0.958361,0.88775,0.985783,0.796739,0.88496,0.685853,0.75,22.5,0.277778,9.666667,17.5,0.79999,3.564815
63306332-1b73-4cbd-8d54-84d8ae8b78d1,5.0,0.5555555555555556,5.0,12353.210000000001,2470.6420000000003,1906.677345048186,44,1,2.0,2.5,7.0,2.0,1.0,0.6,1.0,5.0,3.0,1.0,1.0,1.0,0.5555555555555556,2470.6420000000003,4414.71,0.3573735085860274,164.6886111111111,8.0,0.2,3.0,0.6,20.0,0.0,49.8,6,15.0,2,1,3,2,1,64,64,154,0.1225,0.0,0.2652,0.1509,T3,False,none,0.44303,0.898564,0.571781,0.709774,1.400021,0.800983,0.494978,0.596709,0.843264,0.728205,0.364933,0.666667,12.0,0.171429,7.333333,21.333333,0.92591,2.72381
85fc5ba2-b8c3-4b7c-8ec2-6e97b4699add,2.0,0.2222222222222222,2.0,6476.1,3238.05,402.2164792745323,67,0,1.0,2.0,10.0,1.0,1.0,1.0,2.0,1.0,4.0,2.0,1.0,0.5,0.2222222222222222,3238.05,3522.46,0.5439168635444172,85.57222222222222,7.0,0.0,1.0,1.0,21.0,1.0,30.0,4,6.0,1,2,1,1,2,34,34,129,0.1169,0.0,0.1879,0.1099,T3,False,none,0.573117,0.626569,0.633224,0.674759,0.675501,0.716502,0.423226,0.577777,0.654182,0.618526,0.280979,1.5,21.0,0.333333,7.333333,17.0,0.22222,3.055556
9f5b93f3-f569-421d-a382-0f5329b17290,2.0,0.2222222222222222,2.0,4493.6900000000005,2246.8450000000003,229.46322156284654,101,1,1.0,2.0,10.0,1.0,1.0,1.0,2.0,1.0,7.0,2.0,1.0,0.5,0.2222222222222222,2246.8450000000003,2409.1,0.5361072971210742,72.93166666666667,6.0,0.0,1.0,1.0,17.0,0.0,75.0,4,6.0,1,2,1,1,2,34,34,134,0.1691,0.0224,0.2258,0.1728,T3,False,none,0.573117,0.761698,1.030037,0.674759,1.123263,0.880254,0.482901,0.66005,0.845261,0.758829,0.528958,1.5,17.0,0.333333,6.333333,17.0,0.22222,2.722222
d6989a02-df1c-44d0-987e-807928babdac,2.0,0.2222222222222222,2.0,4583.2,2291.6,1417.8056648215227,76,1,2.0,1.0,7.0,2.0,1.0,0.5,2.0,1.0,6.0,2.0,1.0,0.5,0.2222222222222222,2291.6,3294.14,0.7187423634142084,94.18166666666667,17.0,0.5,1.0,1.0,15.0,0.0,94.0,5,6.0,2,2,1,2,2,33,33,121,0.174,0.0,0.2013,0.1186,T3,False,none,0.652915,0.680661,1.261235,0.638651,0.581664,0.643261,0.621393,0.63873,0.769361,0.7084,0.359964,1.0,15.0,0.5,5.666667,11.0,0.22222,2.388889
6a5ee578-3a72-4f99-b072-8992bfb25a9d,5.0,0.5555555555555556,4.0,14054.34,2810.868,1595.160483594049,102,1,1.0,5.0,4.0,1.0,1.0,1.0,3.0,1.6666666666666667,6.0,3.0,1.0,0.6,0.5555555555555556,2810.868,4692.41,0.3338762261337067,176.47166666666666,3.0,0.0,3.0,0.6,25.0,1.0,40.2,7,15.0,1,3,3,1,3,77,79,110,0.1791,0.0,0.2044,0.1366,T3,False,none,0.856361,0.960074,0.526536,1.145,0.622351,0.949968,0.769098,0.862933,0.882814,0.873536,0.88593,2.0,15.0,0.1,9.0,38.5,0.92591,3.7
eb740836-1060-4b13-b4b1-d2464ffb9f0e,4.0,0.4444444444444444,3.0,10161.76,2540.44,1167.3733350560992,34,1,1.0,4.0,5.0,1.0,1.0,1.0,3.0,1.3333333333333333,6.0,3.0,1.0,0.5,0.4444444444444444,2540.44,3846.24,0.3785013619687928,180.5872222222222,0.0,0.0,3.0,0.5,23.0,3.0,60.0,7,12.0,1,3,3,1,3,77,79,108,0.1587,0.0,0.2348,0.071,T3,False,none,0.689021,1.065219,0.823236,1.088315,0.625422,0.388926,0.61725,0.550775,0.950167,0.763784,0.748426,2.0,11.5,0.1,8.333333,38.5,0.888871,3.477778
58708e2b-e4af-4578-a403-d37c3977876c,2.0,0.2222222222222222,1.0,5001.429999999999,2500.7149999999997,3346.7010400168697,50,0,2.0,1.0,11.0,2.0,1.0,0.5,2.0,1.0,5.0,2.0,1.0,0.5,0.2222222222222222,2500.7149999999997,4867.19,0.973159676332569,6.2775,2.0,1.0,2.0,0.5,22.0,0.0,54.5,6,6.0,2,2,2,2,2,65,65,67,0.2687,0.0,0.1443,0.07,T3,False,none,0.841199,0.599624,0.459665,0.564918,0.56421,0.96127,1.174978,0.9982,0.551549,0.759986,0.329765,1.0,11.0,0.25,7.666667,21.666667,0.444436,2.972222
950944ea-61c4-4535-acf1-83a929f4b623,6.0,0.6666666666666666,5.0,12498.73,2083.1216666666664,2180.0635005468685,65,0,2.0,3.0,7.0,2.0,1.0,0.8333333333333334,4.0,1.5,4.0,4.0,1.0,0.3333333333333333,0.6666666666666666,2083.1216666666664,4982.18,0.39861489927376625,123.7,22.0,0.3333333333333333,2.0,0.8333333333333334,20.0,2.0,61.166666666666664,8,18.0,2,4,2,2,4,53,55,154,0.1225,0.0,0.2652,0.1509,T3,False,none,0.371533,1.524217,0.409448,1.213643,1.400021,1.026725,0.866746,0.786201,1.154809,0.982792,0.942254,1.666667,16.666667,0.208333,7.0,17.666667,0.79999,2.958333
b740b125-fa84-4839-8fc0-eca7251234fc,1.0,0.1111111111111111,1.0,190.85,190.85,0.0,99,1,1.0,1.0,7.0,1.0,1.0,1.0,1.0,1.0,5.0,1.0,1.0,1.0,0.1111111111111111,190.85,190.85,1.0,0.0,18.0,0.0,1.0,1.0,27.0,0.0,83.0,3,3.0,1,1,1,1,1,36,36,110,0.1928,0.0091,0.1832,0.0943,T3,False,none,0.552174,0.607297,1.143503,0.799329,0.231917,1.478373,1.735594,1.299485,0.728455,0.994936,0.247753,1.0,27.0,0.5,9.666667,18.0,0.11111,3.722222
a06c2b65-08c2-4d1c-b208-e2c1f7f0ce5f,6.0,0.6666666666666666,4.0,11451.65,1908.6083333333333,950.1619857143659,70,0,2.0,3.0,6.0,2.0,1.0,0.6666666666666666,2.0,3.0,3.0,2.0,1.0,0.6666666666666666,0.6666666666666666,1908.6083333333333,3566.85,0.31147039946208627,102.13777777777777,16.0,0.3333333333333333,2.0,0.6666666666666666,28.0,0.0,81.0,6,18.0,2,2,2,2,2,55,56,134,0.1691,0.0224,0.2258,0.1728,T3,True,cluster_001,0.512412,0.542164,0.774429,0.544804,1.123263,0.80538,0.633539,0.664395,0.688392,0.677193,0.501084,1.0,18.666667,0.166667,9.666667,18.333333,0.999985,3.611111
9de6854f-a2d1-40af-9067-9f928b3c7d37,2.0,0.2222222222222222,2.0,5410.030000000001,2705.0150000000003,1898.3907886549596,97,1,1.0,2.0,8.0,1.0,1.0,1.0,1.0,2.0,4.0,1.0,1.0,1.0,0.2222222222222222,2705.0150000000003,4047.38,0.7481252414496776,1.57,0.0,1.0,1.0,1.0,17.0,0.0,26.0,3,6.0,1,1,1,1,1,26,26,110,0.1791,0.0,0.2044,0.1366,T3,False,none,0.454251,0.514136,0.992598,0.839125,0.622351,0.843766,1.044237,0.7993,0.753722,0.774992,0.23834,1.0,17.0,0.333333,6.333333,13.0,0.22222,2.555556
7992f190-b587-4dac-b886-c7ee25616e07,9.0,1.0,7.0,18151.84,2016.871111111111,1478.1758638136096,101,0,1.0,9.0,4.0,1.0,1.0,1.0,3.0,3.0,12.0,3.0,1.0,0.6666666666666666,1.0,2016.871111111111,4693.92,0.2585919664342568,194.21083333333334,4.0,0.3333333333333333,3.0,0.7777777777777778,23.0,3.0,26.11111111111111,7,27.0,1,3,3,1,3,77,79,40,0.459,0.0,0.0615,0.0469,T3,False,none,1.28799,1.426035,0.838857,1.371739,1.728531,1.785727,0.996294,1.380372,1.333761,1.355513,1.286769,2.0,17.888889,0.077778,8.0,38.5,1.285698,3.359259
461e8ace-1ae2-4ddd-9fe4-acadabe0c33d,2.0,0.2222222222222222,2.0,6562.5,3281.25,942.3612072873118,105,0,1.0,2.0,5.0,1.0,1.0,1.0,1.0,2.0,5.0,1.0,1.0,1.0,0.2222222222222222,3281.25,3947.6,0.6015390476190476,33.230555555555554,4.0,0.0,2.0,0.5,20.0,1.0,50.0,4,6.0,1,1,2,1,1,44,45,198,0.0889,0.0,0.2489,0.1724,T3,False,none,0.563133,0.487191,0.264993,0.505746,1.848264,0.828741,0.669483,0.699767,0.674703,0.6864,0.236879,1.0,10.0,0.166667,7.0,22.0,0.444436,2.722222
8171c256-ef04-45eb-8b91-f0a5d786cb4c,2.0,0.2222222222222222,2.0,5310.65,2655.325,1770.1781870902155,85,1,1.0,2.0,7.0,1.0,1.0,1.0,2.0,1.0,12.0,2.0,1.0,0.5,0.2222222222222222,2655.325,3907.03,0.7356971368853155,62.09305555555556,13.0,0.0,1.0,1.0,25.0,1.0,106.0,4,6.0,1,2,1,1,2,44,44,43,0.4131,0.0,0.082,0.0328,T3,False,none,0.444267,1.166883,1.082468,0.578279,1.59323,0.753491,0.670551,0.637495,0.999628,0.830632,0.820007,1.5,25.0,0.333333,9.0,22.0,0.22222,3.611111
baae062e-de45-4bdf-b75a-4c55500d9f06,4.0,0.4444444444444444,4.0,10744.189999999999,2686.0474999999997,1578.493568530346,54,1,1.0,4.0,9.0,1.0,1.0,1.0,2.0,2.0,5.0,2.0,1.0,0.75,0.4444444444444444,2686.0474999999997,3820.89,0.35562383018170757,97.17666666666666,0.0,0.5,2.0,0.75,25.0,3.0,43.0,5,12.0,1,2,2,1,2,59,59,50,0.2482,0.04,0.0909,0.0909,T3,False,none,0.639573,0.316745,0.548521,0.393799,0.707334,0.47122,0.497374,0.528039,0.459025,0.491231,0.307995,1.5,18.75,0.15,9.0,29.5,0.592585,3.55
c6e13258-d086-45fe-8400-63f1ff6254e5,2.0,0.2222222222222222,2.0,6950.84,3475.42,1744.6162769503214,86,1,2.0,1.0,6.0,2.0,1.0,0.5,1.0,2.0,8.0,1.0,1.0,1.0,0.2222222222222222,3475.42,4709.05,0.6774792686927048,137.51222222222222,3.0,0.5,2.0,0.5,29.0,0.0,67.5,5,6.0,2,1,2,2,1,59,62,154,0.1225,0.0,0.2652,0.1509,T3,False,none,0.712348,0.730302,0.819862,0.491321,1.400021,0.819452,0.717067,0.754722,0.770962,0.763384,0.478216,0.666667,14.5,0.25,10.333333,19.666667,0.444436,3.75
e3ddf941-6bf1-4702-84dd-04bc43dba16f,8.0,0.8888888888888888,5.0,26141.55,3267.69375,1719.6354460419593,46,1,2.0,4.0,10.0,2.0,1.0,0.875,3.0,2.6666666666666665,3.0,3.0,1.0,0.5,0.8888888888888888,3267.69375,4682.03,0.17910299886579029,192.72222222222223,1.0,0.375,4.0,0.375,25.0,2.0,61.0,9,24.0,2,3,4,2,3,103,107,89,0.2321,0.0,0.0992,0.0863,T3,False,none,0.635794,1.035237,1.013057,1.816585,0.403244,1.559202,1.121824,1.149578,1.218289,1.186224,1.037506,1.333333,9.375,0.075,9.0,34.333333,2.370307,3.469444
fa0f1cbb-e296-4e0a-9cd2-0b5cb98bb308,2.0,0.2222222222222222,2.0,7307.6900000000005,3653.8450000000003,826.8553145804896,102,0,1.0,2.0,6.0,1.0,1.0,1.0,1.0,2.0,5.0,1.0,1.0,1.0,0.2222222222222222,3653.8450000000003,4238.52,0.5800081831604789,7.735555555555556,2.0,0.0,1.0,1.0,20.0,1.0,31.0,3,6.0,1,1,1,1,1,28,28,134,0.1691,0.0224,0.2258,0.1728,T3,False,none,0.5037,0.487191,0.660703,0.819829,1.123263,0.862388,0.839203,0.752177,0.75409,0.753198,0.33644,1.0,20.0,0.333333,7.0,14.0,0.22222,2.777778
bae8829e-936c-472e-a10f-56e7abb5fe4c,3.0,0.3333333333333333,3.0,7754.98,2584.9933333333333,2272.1085887856093,49,1,1.0,3.0,12.0,1.0,1.0,1.0,2.0,1.5,8.0,2.0,1.0,0.6666666666666666,0.3333333333333333,2584.9933333333333,4562.19,0.5882916525896907,138.93166666666667,8.0,0.0,1.0,1.0,21.0,3.0,97.0,4,9.0,1,2,1,1,2,41,41,67,0.2687,0.0,0.1443,0.07,T3,False,none,0.709964,0.674167,1.152866,0.550538,0.56421,0.445411,0.426469,0.514684,0.709209,0.618431,0.445031,1.5,21.0,0.25,7.666667,20.5,0.33333,3.138889
0ee77d40-c05b-4494-9ac2-37c18a34a8b4,5.0,0.5555555555555556,3.0,12235.39,2447.078,2092.496337253664,30,0,2.0,2.5,8.0,2.0,1.0,0.8,3.0,1.6666666666666667,8.0,3.0,1.0,0.6,0.5555555555555556,2447.078,4705.64,0.3845925630486646,99.52277777777778,13.0,0.2,2.0,0.6,21.0,1.0,62.0,7,15.0,2,3,2,2,3,57,58,95,0.2056,0.0211,0.1855,0.0916,T3,False,none,0.321003,1.122148,0.256115,0.849096,0.105784,0.743187,0.533538,0.55268,0.669936,0.615217,0.640662,1.333333,12.6,0.171429,7.333333,19.0,0.92591,2.946032
74cb4c14-dfd8-4400-930b-c608f513c943,2.0,0.2222222222222222,2.0,2961.29,1480.645,845.098669535102,100,1,1.0,2.0,6.0,1.0,1.0,1.0,1.0,2.0,4.0,1.0,1.0,1.0,0.2222222222222222,1480.645,2078.22,0.701795501284913,146.685,5.0,0.0,1.0,1.0,16.0,2.0,53.0,3,6.0,1,1,1,1,1,23,23,129,0.1169,0.0,0.1879,0.1099,T3,False,none,0.5037,0.514136,0.780633,0.868069,0.675501,0.899472,0.746463,0.735391,0.729275,0.732129,0.176865,1.0,16.0,0.333333,6.0,11.5,0.22222,2.444444
aa7f2215-5681-4733-8e65-88d6787b963e,2.0,0.2222222222222222,2.0,5089.21,2544.605,1241.1916040845588,51,0,1.0,2.0,5.0,1.0,1.0,1.0,2.0,1.0,3.0,2.0,1.0,0.5,0.2222222222222222,2544.605,3422.26,0.6724540744044754,143.8072222222222,1.0,0.0,1.0,1.0,25.0,2.0,77.0,4,6.0,1,2,1,1,2,31,31,121,0.174,0.0,0.2013,0.1186,T3,False,none,0.563133,0.707606,0.920766,0.703703,0.581664,0.509487,0.557651,0.540869,0.72956,0.641504,0.360454,1.5,25.0,0.333333,8.666667,15.5,0.22222,3.5
6bd6e399-4788-4600-9f78-bcc316410835,5.0,0.5555555555555556,4.0,13168.279999999999,2633.656,1900.069335282268,76,1,4.0,1.25,10.0,4.0,1.0,0.4,2.0,2.5,6.0,1.0,0.5,0.8,0.5555555555555556,2633.656,4422.82,0.3358692251379831,124.4961111111111,0.0,0.6,3.0,0.6,23.0,1.0,46.2,9,15.0,4,2,3,4,1,84,85,40,0.459,0.0,0.0615,0.0469,T3,False,none,1.728805,0.63382,0.40444,1.66421,1.728531,0.821536,0.694137,1.038289,1.15488,1.100471,0.799115,0.3,13.8,0.133333,8.166667,16.8,0.92591,2.866667
b1177612-b697-43df-9374-3400849ba1d7,4.0,0.4444444444444444,3.0,13055.39,3263.8475,2019.3223408753574,60,0,2.0,2.0,6.0,2.0,1.0,0.5,3.0,1.3333333333333333,5.0,3.0,1.0,0.5,0.4444444444444444,3263.8475,4997.86,0.382819662989769,114.87166666666667,2.0,0.75,3.0,0.5,24.0,1.0,79.75,8,12.0,2,3,3,2,3,79,79,67,0.2687,0.0,0.1443,0.07,T3,False,none,0.604441,0.984182,0.760857,1.169548,0.56421,0.630453,0.756345,0.664985,0.937173,0.810152,0.836581,1.333333,12.0,0.166667,8.333333,26.333333,0.888871,3.277778
5e51d83d-3e21-4829-bd3b-68d6661dc4ea,6.0,0.6666666666666666,5.0,17426.35,2904.3916666666664,1775.7670289361345,33,0,1.0,6.0,11.0,1.0,1.0,1.0,2.0,3.0,4.0,2.0,1.0,0.8333333333333334,0.6666666666666666,2904.3916666666664,4494.34,0.25790483951028187,216.46333333333334,14.0,0.0,4.0,0.3333333333333333,28.0,0.0,66.83333333333333,7,18.0,1,2,4,1,2,94,96,134,0.1691,0.0224,0.2258,0.1728,T3,False,none,0.974253,0.425957,1.300981,1.193673,1.123263,1.144434,1.032642,1.058547,1.012365,1.033917,0.886295,1.5,9.333333,0.047619,9.666667,47.0,1.99994,3.738095
688b1646-290f-408a-ae0a-ba9914b67094,2.0,0.2222222222222222,2.0,4409.42,2204.71,1982.1758711577538,72,1,2.0,1.0,9.0,2.0,1.0,0.5,1.0,2.0,4.0,1.0,1.0,1.0,0.2222222222222222,2204.71,3606.32,0.8178672024892163,57.97611111111111,0.0,0.5,2.0,0.5,26.0,2.0,77.5,5,6.0,2,1,2,2,1,62,63,121,0.1789,0.0083,0.2434,0.1287,T3,False,none,0.722333,0.514136,0.695533,0.510719,0.804265,0.735013,0.664694,0.70795,0.599,0.649844,0.242795,0.666667,13.0,0.25,9.333333,20.666667,0.444436,3.416667
2a8a2e45-e616-483a-a2de-38a6b571c3d1,3.0,0.3333333333333333,3.0,6490.3099999999995,2163.4366666666665,2176.8949401919544,54,1,1.0,3.0,8.0,1.0,1.0,1.0,1.0,3.0,2.0,1.0,1.0,1.0,0.3333333333333333,2163.4366666666665,4618.58,0.7116116179350448,100.77666666666667,11.0,0.0,1.0,1.0,21.0,3.0,48.0,3,9.0,1,1,1,1,1,28,28,154,0.1225,0.0,0.2652,0.1509,T3,False,none,0.472232,0.739389,0.74616,0.763144,1.400021,0.440655,0.537537,0.481971,0.859813,0.683487,0.271265,1.0,21.0,0.25,7.666667,14.0,0.33333,2.972222
88642e0f-9b58-4576-9fd6-ebd8c27f47ec,3.0,0.3333333333333333,3.0,6873.93,2291.31,1310.6970600791017,31,0,2.0,1.5,11.0,2.0,1.0,0.6666666666666666,2.0,1.5,6.0,2.0,1.0,0.6666666666666666,0.3333333333333333,2291.31,3084.42,0.44871274511087544,103.06555555555556,1.0,0.0,2.0,0.6666666666666666,27.0,0.0,75.0,6,9.0,2,2,2,2,2,71,72,110,0.1928,0.0091,0.1832,0.0943,T3,False,none,0.677235,0.512093,0.688204,0.570894,0.231917,0.393986,0.419258,0.483338,0.524137,0.505098,0.426811,1.0,18.0,0.266667,9.333333,23.666667,0.499993,3.533333
3c82395f-8681-46b8-afc1-c39d0225e91f,1.0,0.1111111111111111,1.0,2436.86,2436.86,0.0,32,1,1.0,1.0,7.0,1.0,1.0,1.0,1.0,1.0,3.0,1.0,1.0,1.0,0.1111111111111111,2436.86,2436.86,1.0,0.0,20.0,0.0,1.0,1.0,20.0,0.0,35.0,3,3.0,1,1,1,1,1,27,27,134,0.1691,0.0224,0.2258,0.1728,T3,False,none,0.552174,0.715278,0.809453,0.886161,1.123263,1.028168,1.223637,0.957326,0.866977,0.90914,0.321688,1.0,20.0,0.5,7.333333,13.5,0.11111,2.944444
90163678-fa0b-4320-99e3-73d92cbacf57,3.0,0.3333333333333333,3.0,11828.38,3942.793333333333,761.9825658329288,37,1,3.0,1.0,8.0,3.0,1.0,0.3333333333333333,3.0,1.0,5.0,3.0,1.0,0.3333333333333333,0.3333333333333333,3942.793333333333,4799.87,0.40579267828730564,30.148055555555555,0.0,0.0,2.0,0.6666666666666666,19.0,1.0,38.666666666666664,8,9.0,3,3,2,3,3,52,54,129,0.1169,0.0,0.1879,0.1099,T3,False,none,1.226915,1.132732,0.244071,1.095326,0.675501,0.600843,0.90414,0.880819,0.857362,0.868309,0.578209,1.0,12.666667,0.333333,7.0,13.0,0.499993,2.777778
a3dc0e9b-c446-4c0e-b0d0-a43b71fb0ae3,3.0,0.3333333333333333,3.0,10715.689999999999,3571.896666666666,1417.2503601457763,59,0,1.0,3.0,7.0,1.0,1.0,1.0,1.0,3.0,2.0,1.0,1.0,1.0,0.3333333333333333,3571.896666666666,4989.73,0.4656471025197631,106.54416666666667,7.0,0.3333333333333333,3.0,0.3333333333333333,23.0,0.0,81.66666666666667,5,9.0,1,1,3,1,1,62,62,84,0.204,0.0,0.1092,0.124,T3,False,none,0.462248,0.739389,1.046253,0.547432,0.51107,0.471451,0.418596,0.451203,0.693282,0.580312,0.273905,1.0,7.666667,0.083333,8.0,31.0,0.99997,3.027778
c203e5d1-0a9e-4c81-80a7-05e5414e1d23,3.0,0.3333333333333333,2.0,4542.17,1514.0566666666666,2219.9678792571153,56,1,3.0,1.0,9.0,3.0,1.0,0.3333333333333333,2.0,1.5,4.0,2.0,1.0,0.6666666666666666,0.3333333333333333,1514.0566666666666,4074.13,0.896956740941004,97.18222222222222,9.0,0.0,1.0,1.0,18.0,3.0,72.0,6,9.0,3,2,1,3,2,42,42,89,0.2321,0.0,0.0992,0.0863,T3,False,none,1.286347,0.458001,1.050668,0.856395,0.403244,0.647123,0.635901,0.826018,0.721745,0.770405,0.310461,0.75,18.0,0.5,6.666667,10.5,0.33333,2.638889
bd9548e5-ca81-477a-812d-a2a8b0fe3038,5.0,0.5555555555555556,4.0,10075.380000000001,2015.0760000000002,839.708093583717,31,1,1.0,5.0,3.0,1.0,1.0,1.0,3.0,1.6666666666666667,5.0,3.0,1.0,0.6,0.5555555555555556,2015.0760000000002,3077.65,0.30546242424603337,167.82166666666666,13.0,0.2,3.0,0.6,22.0,3.0,79.0,7,15.0,1,3,3,1,3,62,63,110,0.1928,0.0091,0.1832,0.0943,T3,False,none,0.915794,0.879037,0.873105,0.995507,0.231917,0.678912,0.64551,0.735459,0.813624,0.777147,0.635591,2.0,13.2,0.1,8.0,31.0,0.92591,3.366667
4245338a-ad6c-46c5-94c2-cb0708bde8ab,4.0,0.4444444444444444,3.0,8097.26,2024.315,1334.8022866951744,91,1,1.0,4.0,10.0,1.0,1.0,1.0,3.0,1.3333333333333333,6.0,3.0,1.0,0.5,0.4444444444444444,2024.315,3029.69,0.374162370974873,176.53583333333333,2.0,0.0,2.0,0.75,20.0,1.0,61.5,6,12.0,1,3,2,1,3,60,60,89,0.2523,0.0,0.1667,0.1056,T3,False,none,0.699006,1.065219,0.269135,0.745099,0.277908,0.505476,0.621665,0.5995,0.648105,0.625423,0.613745,2.0,15.0,0.15,7.333333,30.0,0.592585,3.161111
89c5eb9a-1e4e-4b26-a489-14b78a309043,3.0,0.3333333333333333,2.0,9251.44,3083.8133333333335,474.7003497295248,75,1,3.0,1.0,8.0,3.0,1.0,0.3333333333333333,1.0,3.0,5.0,1.0,1.0,1.0,0.3333333333333333,3083.8133333333335,3626.85,0.39203086222252964,53.08222222222222,1.0,0.3333333333333333,2.0,0.6666666666666666,19.0,0.0,73.0,6,9.0,3,1,2,3,1,56,56,121,0.174,0.0,0.2013,0.1186,T3,False,none,1.226915,0.550371,0.55335,0.752633,0.581664,0.568506,0.476531,0.725964,0.632055,0.675879,0.182562,0.5,12.666667,0.333333,7.0,14.0,0.499993,2.611111
9f69a5af-7fa1-4047-9d7a-85beac8cff63,4.0,0.4444444444444444,4.0,6798.71,1699.6775,1119.4753272962294,68,1,1.0,4.0,9.0,1.0,1.0,1.0,2.0,2.0,8.0,2.0,1.0,0.75,0.4444444444444444,1699.6775,2892.86,0.4255013083364344,146.52805555555557,0.0,0.25,2.0,0.5,24.0,0.0,45.0,5,12.0,1,2,2,1,2,61,61,108,0.1587,0.0,0.2348,0.071,T3,False,none,0.639573,0.559856,0.506556,0.413095,0.625422,0.499775,0.519315,0.546231,0.504644,0.524051,0.370964,1.5,12.0,0.1,8.666667,30.5,0.888871,3.422222
ea137d2c-86c9-48aa-9d3d-06a7c9b810db,5.0,0.5555555555555556,5.0,9898.84,1979.768,1433.797634734414,37,1,1.0,5.0,5.0,1.0,1.0,1.0,2.0,2.5,5.0,1.0,0.5,0.8,0.5555555555555556,1979.768,4034.79,0.40760230491653565,213.88666666666666,15.0,0.2,2.0,0.6,24.0,1.0,86.0,5,15.0,1,2,2,1,1,41,41,110,0.1928,0.0091,0.1832,0.0943,T3,False,none,0.796928,0.552783,0.539732,0.471256,0.231917,0.743967,0.734943,0.756091,0.466014,0.601383,0.119821,0.75,14.4,0.05,8.5,20.5,0.92591,3.1
182b0f6b-f8c7-4d81-bf7a-1e9f808a3c2f,3.0,0.3333333333333333,2.0,9877.09,3292.3633333333332,747.5201942645655,97,0,2.0,1.5,9.0,2.0,1.0,0.6666666666666666,1.0,3.0,3.0,1.0,1.0,1.0,0.3333333333333333,3292.3633333333332,4106.18,0.4157277092746953,58.08222222222222,0.0,0.6666666666666666,3.0,0.3333333333333333,25.0,0.0,41.0,6,9.0,2,1,3,2,1,79,79,121,0.1789,0.0083,0.2434,0.1287,T3,False,none,0.55837,0.658352,0.898719,0.782901,0.804265,0.687346,0.721373,0.661838,0.779453,0.724566,0.433092,0.666667,8.333333,0.133333,8.666667,26.333333,0.99997,3.155556
345e3384-5a25-493d-853f-2817ed09100b,3.0,0.3333333333333333,3.0,6047.389999999999,2015.7966666666664,2055.162025469849,102,0,2.0,1.5,13.0,2.0,1.0,0.6666666666666666,1.0,3.0,5.0,1.0,1.0,1.0,0.3333333333333333,2015.7966666666664,4259.57,0.7043650235886887,98.82194444444444,8.0,0.3333333333333333,3.0,0.3333333333333333,28.0,1.0,66.0,6,9.0,2,1,3,2,1,92,94,95,0.2056,0.0211,0.1855,0.0916,T3,False,none,0.796101,0.550371,0.911805,0.917871,0.105784,0.712636,0.334712,0.610509,0.689384,0.652576,0.463191,0.666667,9.333333,0.133333,9.666667,30.666667,0.99997,3.488889
2d547a24-3fe4-4cc8-bdb3-99fc3a9cf730,1.0,0.1111111111111111,1.0,974.37,974.37,0.0,98,1,1.0,1.0,8.0,1.0,1.0,1.0,1.0,1.0,8.0,1.0,1.0,1.0,0.1111111111111111,974.37,974.37,1.0,0.0,18.0,0.0,1.0,1.0,11.0,0.0,93.0,3,3.0,1,1,1,1,1,24,24,121,0.1789,0.0083,0.2434,0.1287,T3,False,none,0.562159,0.850408,1.396326,0.915105,0.804265,1.356535,1.537513,1.189896,0.980712,1.078331,0.367509,1.0,11.0,0.5,4.333333,12.0,0.11111,1.944444
57dd2d89-5315-4199-8439-0c8339160ced,3.0,0.3333333333333333,3.0,4750.4,1583.4666666666665,879.9965525121866,63,1,1.0,3.0,4.0,1.0,1.0,1.0,2.0,1.5,6.0,2.0,1.0,0.6666666666666666,0.3333333333333333,1583.4666666666665,2578.51,0.5427985011788482,86.02083333333333,2.0,0.3333333333333333,2.0,0.6666666666666666,22.0,1.0,85.33333333333333,5,9.0,1,2,2,1,2,49,49,121,0.1789,0.0083,0.2434,0.1287,T3,False,none,0.640547,0.512093,0.413251,0.318413,0.804265,0.452443,0.441332,0.502483,0.467566,0.483861,0.295107,1.5,14.666667,0.166667,8.0,24.5,0.499993,3.222222
66423656-9ae1-4896-9d0f-69376955c52e,6.0,0.6666666666666666,4.0,15443.630000000001,2573.9383333333335,1808.186506734487,61,0,1.0,6.0,8.0,1.0,1.0,1.0,1.0,6.0,1.0,0.0,0.0,1.0,0.6666666666666666,2573.9383333333335,4878.13,0.3158668007456796,148.9272222222222,3.0,0.3333333333333333,3.0,0.5,21.0,0.0,63.833333333333336,5,18.0,1,1,3,1,0,63,63,198,0.0889,0.0,0.2489,0.1724,T3,False,none,0.795954,1.955496,0.7274,0.825589,1.848264,0.906404,0.668452,0.79553,1.258056,1.04221,0.333711,0.0,10.5,0.0,7.0,31.5,1.333307,2.333333
b5fabb13-a073-44c4-b0cb-1e4a145279ce,0.0,0.0,0.0,0.0,0.0,0.0,81,1,0.0,0.0,0.0,0.0,0.0,0.0,0.0,0.0,0.0,0.0,0.0,0.0,0.0,0.0,0.0,0.0,0.0,0.0,0.0,0.0,0.0,0.0,0.0,0.0,0,0.0,0,0,0,0,0,0,0,1,0.0,0.0,0.0,0.0,T3,False,none,2.767811,2.428211,2.297128,2.075966,2.409508,1.621938,1.781581,2.002545,2.265693,2.142891,0.0,0.0,0.0,0.0,0.333333,0.0,0.0,0.111111
d6d1793d-3976-456e-ade9-0ecc60cd2093,3.0,0.3333333333333333,2.0,5814.33,1938.11,2106.5172809165365,35,1,3.0,1.0,6.0,3.0,1.0,0.3333333333333333,1.0,3.0,4.0,1.0,1.0,1.0,0.3333333333333333,1938.11,4370.03,0.751596486611527,133.70027777777779,8.0,0.0,2.0,0.6666666666666666,20.0,2.0,63.666666666666664,6,9.0,3,1,2,3,1,47,47,154,0.1225,0.0,0.2652,0.1509,T3,False,none,1.276363,0.577315,0.338509,0.740394,1.400021,0.633385,0.527024,0.781639,0.725836,0.751878,0.220574,0.5,13.333333,0.333333,7.333333,11.75,0.499993,2.722222
9b616fc1-6c31-4bda-804f-e4b5baec4e37,1.0,0.1111111111111111,1.0,133.38,133.38,0.0,91,0,1.0,1.0,6.0,1.0,1.0,1.0,1.0,1.0,3.0,1.0,1.0,1.0,0.1111111111111111,133.38,133.38,1.0,0.0,20.0,0.0,1.0,1.0,19.0,1.0,106.0,3,3.0,1,1,1,1,1,24,25,110,0.1791,0.0,0.2044,0.1366,T3,False,none,0.611607,0.715278,1.03614,0.910332,0.622351,1.452486,1.796219,1.326812,0.839782,1.067063,0.23834,1.0,19.0,0.5,6.666667,12.0,0.11111,2.722222
f48375f0-11dd-49f5-afb8-a4634904554e,2.0,0.2222222222222222,2.0,8655.130000000001,4327.5650000000005,151.78047058169312,100,1,1.0,2.0,3.0,1.0,1.0,1.0,2.0,1.0,2.0,1.0,0.5,0.5,0.2222222222222222,4327.5650000000005,4434.89,0.5124001603673197,169.09944444444446,8.0,0.0,2.0,0.5,27.0,1.0,101.0,5,6.0,1,2,2,1,1,50,50,67,0.2469,0.0,0.1605,0.1111,T3,False,none,0.681998,1.02417,0.846947,0.369516,0.434357,1.02801,0.764094,0.841178,0.643451,0.735723,0.231834,0.75,13.5,0.083333,9.5,25.0,0.444436,3.444444
b457d08f-f182-41cd-a6f6-838c772ea601,2.0,0.2222222222222222,2.0,3785.23,1892.615,1212.9639013795918,106,1,1.0,2.0,6.0,1.0,1.0,1.0,2.0,1.0,5.0,1.0,0.5,0.5,0.2222222222222222,1892.615,2750.31,0.7265899298061148,146.5236111111111,5.0,0.0,2.0,0.5,21.0,0.0,40.0,5,6.0,1,2,2,1,1,46,47,40,0.459,0.0,0.0615,0.0469,T3,False,none,0.5037,0.835151,0.46632,0.403335,1.728531,0.836255,0.627433,0.671632,0.745277,0.710909,0.312113,0.75,10.5,0.083333,7.5,23.0,0.444436,2.777778
24770881-08ff-4b9c-8bf9-385f98e8ec44,4.0,0.4444444444444444,4.0,7268.68,1817.17,1183.3814618287715,39,0,2.0,2.0,8.0,2.0,1.0,0.5,1.0,4.0,3.0,1.0,1.0,1.0,0.4444444444444444,1817.17,3348.44,0.4606668611082067,200.31694444444443,3.0,0.25,2.0,0.75,22.0,0.0,82.75,5,12.0,2,1,2,2,1,55,55,110,0.1928,0.0091,0.1832,0.0943,T3,False,none,0.554993,0.778458,0.60438,0.396633,0.231917,0.496807,0.470175,0.504554,0.507917,0.506348,0.091342,0.666667,16.5,0.25,7.666667,18.333333,0.592585,2.861111
2214d6a5-d44e-4e60-9d8e-420b33708105,2.0,0.2222222222222222,2.0,3031.87,1515.935,1866.3447093315854,76,1,1.0,2.0,13.0,1.0,1.0,1.0,2.0,1.0,7.0,2.0,1.0,0.5,0.2222222222222222,1515.935,2835.64,0.9352775679696029,138.27972222222223,1.0,0.0,2.0,0.5,18.0,1.0,79.0,5,6.0,1,2,2,1,2,51,51,198,0.0889,0.0,0.2489,0.1724,T3,False,none,0.751416,0.761698,0.580115,0.359862,1.848264,0.854544,0.864782,0.828492,0.754274,0.788909,0.431058,1.5,9.0,0.166667,6.666667,25.5,0.444436,2.777778
bc7e5175-1106-4a2b-b2f0-6ebcc6fb776c,4.0,0.4444444444444444,4.0,12030.65,3007.6625,817.0751276912464,78,1,1.0,4.0,5.0,1.0,1.0,1.0,1.0,4.0,5.0,1.0,1.0,1.0,0.4444444444444444,3007.6625,3769.94,0.31336128970587623,220.35833333333332,2.0,0.25,2.0,0.75,24.0,0.0,45.75,4,12.0,1,1,2,1,1,46,46,108,0.1587,0.0,0.2348,0.071,T3,False,none,0.689021,0.670476,0.407891,0.449446,0.625422,0.635152,0.622957,0.646478,0.525376,0.58189,0.113587,1.0,18.0,0.15,8.666667,23.0,0.592585,3.272222
24e0b084-85fc-4d0a-bef4-8ee24f23c3bf,2.0,0.2222222222222222,2.0,5694.52,2847.26,570.522035332554,76,1,1.0,2.0,7.0,1.0,1.0,1.0,2.0,1.0,5.0,2.0,1.0,0.5,0.2222222222222222,2847.26,3250.68,0.5708435478319507,51.105555555555554,6.0,0.0,2.0,0.5,20.0,2.0,69.5,5,6.0,1,2,2,1,2,49,50,154,0.1225,0.0,0.2652,0.1509,T3,False,none,0.444267,0.599624,0.510325,0.370324,1.400021,0.695989,0.49488,0.557032,0.628432,0.595112,0.29149,1.5,10.0,0.166667,7.333333,24.5,0.444436,3.0
784623ec-fb2a-40bc-a7dc-42703a196cf7,4.0,0.4444444444444444,4.0,12545.38,3136.345,1402.9114439265222,54,1,1.0,4.0,9.0,1.0,1.0,1.0,1.0,4.0,2.0,1.0,1.0,1.0,0.4444444444444444,3136.345,4552.48,0.36288099682911157,195.72,10.0,0.25,3.0,0.5,25.0,2.0,54.25,5,12.0,1,1,3,1,1,67,68,121,0.1789,0.0083,0.2434,0.1287,T3,False,none,0.639573,0.859495,0.664401,0.615353,0.804265,0.53886,0.612661,0.592235,0.718092,0.659359,0.33728,1.0,12.5,0.1,9.0,33.5,0.888871,3.366667
ce66b7dc-d4b6-4f76-ab71-f32ee412668e,5.0,0.5555555555555556,4.0,12065.33,2413.066,1581.2714260777623,106,1,3.0,1.6666666666666667,8.0,3.0,1.0,0.6,3.0,1.6666666666666667,5.0,3.0,1.0,0.4,0.5555555555555556,2413.066,4986.17,0.4132642870107987,106.91833333333334,0.0,0.6,2.0,0.6,22.0,1.0,53.8,8,15.0,3,3,2,3,3,60,61,110,0.1928,0.0091,0.1832,0.0943,T3,False,none,0.978961,1.009256,0.197754,1.23933,0.231917,0.872965,0.655721,0.830835,0.796914,0.812744,0.584729,1.0,13.2,0.225,8.0,15.0,0.92591,3.075
05190713-28f3-4785-9d22-8678771828c0,4.0,0.4444444444444444,3.0,10867.189999999999,2716.7974999999997,1846.2449208844603,63,0,1.0,4.0,5.0,1.0,1.0,1.0,3.0,1.3333333333333333,7.0,2.0,0.6666666666666666,0.5,0.4444444444444444,2716.7974999999997,4647.64,0.42767633583290626,189.13111111111112,15.0,0.0,2.0,0.75,29.0,3.0,39.75,6,12.0,1,3,2,1,2,63,64,89,0.2523,0.0,0.1667,0.1056,T3,False,none,0.689021,1.053676,0.719279,0.638585,0.277908,0.497079,0.750786,0.636488,0.699056,0.669858,0.651055,1.333333,21.75,0.1,9.888889,31.5,0.592585,3.774074
dcfb35f8-1362-4bd1-b808-7a93f07cb83d,6.0,0.6666666666666666,4.0,12150.9,2025.1499999999999,839.9755616206938,31,1,1.0,6.0,6.0,1.0,1.0,1.0,1.0,6.0,8.0,1.0,1.0,1.0,0.6666666666666666,2025.1499999999999,2900.71,0.2387238805355982,220.0363888888889,0.0,0.0,2.0,0.8333333333333334,23.0,0.0,99.66666666666667,4,18.0,1,1,2,1,1,54,55,67,0.2687,0.0,0.1443,0.07,T3,False,none,0.845402,1.153799,0.843653,0.550884,0.56421,0.853115,0.989232,0.896284,0.764827,0.826174,0.331552,1.0,19.166667,0.119048,8.333333,27.0,0.79999,3.150794
b1ad27b1-4c1d-4220-abfe-d29fec6bd6c4,4.0,0.4444444444444444,4.0,5137.17,1284.2925,486.75922914551234,63,0,2.0,2.0,8.0,2.0,1.0,0.75,2.0,2.0,7.0,2.0,1.0,0.75,0.4444444444444444,1284.2925,1689.14,0.3288074951773058,230.93083333333334,2.0,0.25,3.0,0.5,23.0,1.0,85.75,7,12.0,2,2,3,2,2,78,80,121,0.1789,0.0083,0.2434,0.1287,T3,False,none,0.389978,0.478819,0.775341,0.827765,0.804265,0.674964,0.885314,0.663656,0.72569,0.696741,0.651725,1.0,11.5,0.166667,8.0,26.0,0.888871,3.055556
9f16aa91-b16a-4872-89a7-070e250702f7,3.0,0.3333333333333333,3.0,13507.060000000001,4502.3533333333335,285.8061116094848,38,0,2.0,1.5,12.0,2.0,1.0,0.6666666666666666,2.0,1.5,6.0,2.0,1.0,0.6666666666666666,0.3333333333333333,4502.3533333333335,4814.83,0.3564676546931752,206.50277777777777,2.0,0.0,1.0,1.0,17.0,3.0,63.0,5,9.0,2,2,1,2,2,40,41,67,0.2469,0.0,0.1605,0.1111,T3,False,none,0.736668,0.512093,1.011007,0.509658,0.434357,0.795658,1.002963,0.847906,0.602164,0.716843,0.381866,1.0,17.0,0.4,6.0,13.333333,0.33333,2.466667
65ee9583-445c-4e04-b9cd-c0259598b46c,2.0,0.2222222222222222,2.0,8177.16,4088.58,919.8610695099566,63,1,2.0,1.0,11.0,2.0,1.0,0.5,2.0,1.0,4.0,1.0,0.5,0.5,0.2222222222222222,4088.58,4739.02,0.5795435089933425,105.48388888888888,0.0,0.0,2.0,0.5,27.0,0.0,76.5,6,6.0,2,2,2,2,1,64,67,110,0.1928,0.0091,0.1832,0.0943,T3,False,none,0.841199,0.862096,0.823653,0.573655,0.231917,0.66435,0.80891,0.763065,0.640892,0.697906,0.255446,0.5,13.5,0.125,9.5,21.333333,0.444436,3.375
327570b8-ceba-4498-b52c-99576ad81a21,1.0,0.1111111111111111,1.0,3511.88,3511.88,0.0,85,1,1.0,1.0,3.0,1.0,1.0,1.0,1.0,1.0,3.0,1.0,1.0,1.0,0.1111111111111111,3511.88,3511.88,1.0,0.0,10.0,0.0,1.0,1.0,19.0,3.0,26.0,3,3.0,1,1,1,1,1,22,22,129,0.1169,0.0,0.1879,0.1099,T3,False,none,0.789906,0.715278,1.002535,0.934401,0.675501,1.188395,1.029944,1.021724,0.850665,0.930493,0.176865,1.0,19.0,0.5,7.0,11.0,0.11111,2.833333
c65c298d-9e91-4865-bc5e-5c7cc63adc0e,3.0,0.3333333333333333,2.0,9461.92,3153.9733333333334,1350.9380327880822,43,0,1.0,3.0,8.0,1.0,1.0,1.0,2.0,1.5,6.0,1.0,0.5,0.6666666666666666,0.3333333333333333,3153.9733333333334,4660.75,0.4925797301182001,92.90638888888888,15.0,0.6666666666666666,1.0,1.0,17.0,1.0,106.0,4,9.0,1,2,1,1,1,28,28,121,0.1789,0.0083,0.2434,0.1287,T3,False,none,0.472232,0.74762,1.107882,0.680029,0.804265,0.470138,0.681555,0.541209,0.806769,0.682841,0.298728,0.75,17.0,0.125,5.833333,14.0,0.33333,2.236111
58d4805b-5ebf-480c-9675-884d6e6c8820,1.0,0.1111111111111111,1.0,4195.19,4195.19,0.0,91,0,1.0,1.0,12.0,1.0,1.0,1.0,1.0,1.0,4.0,1.0,1.0,1.0,0.1111111111111111,4195.19,4195.19,1.0,0.0,12.0,0.0,1.0,1.0,27.0,2.0,54.0,3,3.0,1,1,1,1,1,40,40,89,0.2523,0.0,0.1667,0.1056,T3,False,none,0.79989,0.634241,0.799482,0.760738,0.277908,1.298676,1.243434,1.137752,0.656714,0.881198,0.303376,1.0,27.0,0.5,9.333333,20.0,0.11111,3.611111
4eb7e847-b87b-4c99-a618-c0dee9fc4565,4.0,0.4444444444444444,2.0,11386.96,2846.74,1947.847003608514,49,1,2.0,2.0,9.0,2.0,1.0,0.5,2.0,2.0,5.0,2.0,1.0,0.75,0.4444444444444444,2846.74,4437.01,0.3896571165614001,92.31472222222222,20.0,0.0,2.0,0.5,21.0,1.0,56.0,6,12.0,2,2,2,2,2,52,54,89,0.2321,0.0,0.0992,0.0863,T3,False,none,0.614426,0.316745,0.279477,0.407263,0.403244,0.573154,0.758979,0.646888,0.357342,0.492463,0.232223,1.0,10.5,0.166667,7.666667,17.333333,0.888871,2.944444
2fbea5a0-9c1c-410a-a869-4252b9c6ceab,2.0,0.2222222222222222,2.0,8664.849999999999,4332.424999999999,880.256018695697,89,0,1.0,2.0,9.0,1.0,1.0,1.0,1.0,2.0,3.0,1.0,1.0,1.0,0.2222222222222222,4332.424999999999,4954.86,0.5718344806892215,52.19,18.0,0.0,2.0,0.5,25.0,0.0,94.5,4,6.0,1,1,2,1,1,54,54,43,0.4131,0.0,0.082,0.0328,T3,False,none,0.513684,0.595173,0.902975,0.474518,1.59323,0.851693,1.068928,0.827531,0.780395,0.802392,0.306713,1.0,12.5,0.166667,8.666667,27.0,0.444436,3.277778
e4d1f7b0-dd1b-4458-8fbe-a9543d4e6608,6.0,0.6666666666666666,6.0,23083.79,3847.2983333333336,755.9928201621142,89,0,2.0,3.0,7.0,2.0,1.0,0.5,1.0,6.0,5.0,1.0,1.0,1.0,0.6666666666666666,3847.2983333333336,4731.84,0.20498540317686134,175.64027777777778,3.0,0.16666666666666666,5.0,0.3333333333333333,22.0,2.0,67.0,8,18.0,2,1,5,2,1,110,113,84,0.204,0.0,0.1092,0.124,T3,False,none,0.562989,0.910688,1.186376,1.563893,0.51107,1.496127,0.984166,1.058863,1.146472,1.105588,0.789371,0.666667,7.333333,0.083333,7.666667,36.666667,1.99994,2.805556
a8ed9734-0895-481a-b7b3-bae6c1244be6,3.0,0.3333333333333333,3.0,8336.09,2778.6966666666667,1274.1802637513003,35,0,3.0,1.0,6.0,3.0,1.0,0.3333333333333333,1.0,3.0,2.0,1.0,1.0,1.0,0.3333333333333333,2778.6966666666667,4249.99,0.5098301481869797,85.4661111111111,1.0,0.3333333333333333,3.0,0.3333333333333333,23.0,0.0,30.333333333333332,7,9.0,3,1,3,3,1,78,78,129,0.1169,0.0,0.1879,0.1099,T3,False,none,1.276363,0.739389,0.916497,1.134543,0.675501,0.365679,0.370948,0.627631,0.913821,0.780266,0.40117,0.5,7.666667,0.166667,8.0,19.5,0.99997,2.888889
43134025-189d-4008-be25-8ef9766303f1,3.0,0.3333333333333333,3.0,5176.63,1725.5433333333333,1313.3279934705317,75,0,1.0,3.0,6.0,1.0,1.0,1.0,2.0,1.5,9.0,2.0,1.0,0.6666666666666666,0.3333333333333333,1725.5433333333333,3108.42,0.6004717354726917,176.4572222222222,3.0,0.0,2.0,0.6666666666666666,29.0,2.0,27.666666666666668,5,9.0,1,2,2,1,2,60,61,154,0.1225,0.0,0.2652,0.1509,T3,False,none,0.521681,0.755204,0.607878,0.393312,1.400021,0.496109,0.574122,0.529419,0.696271,0.618407,0.63052,1.5,19.333333,0.166667,10.0,30.0,0.499993,3.888889
85762a86-e3f9-43e4-976f-8125985af6b9,3.0,0.3333333333333333,3.0,12572.85,4190.95,521.2355593203516,107,0,2.0,1.5,7.0,2.0,1.0,0.6666666666666666,2.0,1.5,4.0,2.0,1.0,0.6666666666666666,0.3333333333333333,4190.95,4604.16,0.36619859459072523,124.79888888888888,10.0,0.0,1.0,1.0,27.0,1.0,106.0,5,9.0,2,2,1,2,2,36,37,67,0.2469,0.0,0.1605,0.1111,T3,False,none,0.488952,0.458001,1.154209,0.548249,0.434357,0.893493,0.730408,0.723548,0.632947,0.675227,0.414965,1.0,27.0,0.4,9.333333,12.0,0.33333,3.577778
37494afe-6b9d-4adf-bd2d-7cd25a8a443a,1.0,0.1111111111111111,1.0,4610.49,4610.49,0.0,94,0,1.0,1.0,10.0,1.0,1.0,1.0,1.0,1.0,9.0,1.0,1.0,1.0,0.1111111111111111,4610.49,4610.49,1.0,0.0,22.0,0.0,1.0,1.0,20.0,2.0,57.0,3,3.0,1,1,1,1,1,35,36,198,0.0889,0.0,0.2489,0.1724,T3,False,none,0.681025,0.931445,0.67072,0.804204,1.848264,1.357236,1.578906,1.237923,0.982215,1.101545,0.512327,1.0,20.0,0.5,7.0,17.5,0.11111,2.833333
c3389f25-eb27-4aca-a072-bac6c3e7b9a8,2.0,0.2222222222222222,2.0,7726.98,3863.49,1104.8684877396045,56,1,2.0,1.0,9.0,2.0,1.0,0.5,1.0,2.0,6.0,1.0,1.0,1.0,0.2222222222222222,3863.49,4644.75,0.6011080655055404,48.72083333333333,6.0,0.5,2.0,0.5,21.0,2.0,25.5,5,6.0,2,1,2,2,1,55,55,89,0.2321,0.0,0.0992,0.0863,T3,False,none,0.722333,0.568228,0.48737,0.43841,0.403244,0.578888,0.718144,0.666291,0.475203,0.564378,0.136328,0.666667,10.5,0.25,7.666667,18.333333,0.444436,2.861111
efcff8d1-0dbb-4dbd-8c09-e76f5be35cc0,2.0,0.2222222222222222,2.0,5800.59,2900.295,2337.29196773745,85,0,1.0,2.0,7.0,1.0,1.0,1.0,1.0,2.0,2.0,1.0,1.0,1.0,0.2222222222222222,2900.295,4553.01,0.7849218786364835,167.86277777777778,15.0,0.0,2.0,0.5,18.0,1.0,71.5,4,6.0,1,1,2,1,1,40,40,121,0.1789,0.0083,0.2434,0.1287,T3,False,none,0.444267,0.67621,0.517172,0.549111,0.804265,0.879827,0.872095,0.752804,0.616757,0.680246,0.12151,1.0,9.0,0.166667,6.333333,20.0,0.444436,2.5
beaa461f-3f63-444f-b008-910ed353c33b,4.0,0.4444444444444444,3.0,8143.52,2035.88,1477.692778376705,75,1,2.0,2.0,12.0,2.0,1.0,0.75,1.0,4.0,3.0,1.0,1.0,1.0,0.4444444444444444,2035.88,3405.5,0.41818525649841837,184.92194444444445,0.0,0.0,1.0,1.0,19.0,1.0,106.0,4,12.0,2,1,1,2,1,35,35,110,0.1791,0.0,0.2044,0.1366,T3,False,none,0.62771,0.778458,1.03614,0.66476,0.622351,0.442435,0.616983,0.553553,0.763487,0.665518,0.23834,0.666667,19.0,0.333333,7.0,11.666667,0.44444,2.666667
e688be4f-122a-45e9-81d2-2c1152178d26,2.0,0.2222222222222222,2.0,4738.83,2369.415,25.576052275517476,53,1,2.0,1.0,12.0,2.0,1.0,0.5,1.0,2.0,4.0,1.0,1.0,1.0,0.2222222222222222,2369.415,2387.5,0.5038163428525606,33.86888888888889,1.0,0.0,1.0,1.0,22.0,0.0,57.0,4,6.0,2,1,1,2,1,39,40,95,0.2056,0.0211,0.1855,0.0916,T3,False,none,0.900632,0.514136,0.745946,0.663172,0.105784,0.647153,0.663058,0.724877,0.550259,0.631748,0.14526,0.666667,22.0,0.5,8.0,13.0,0.22222,3.055556
2beaec3c-7bb8-4dbe-8978-e8c03a37b4ef,1.0,0.1111111111111111,1.0,1116.29,1116.29,0.0,77,0,1.0,1.0,4.0,1.0,1.0,1.0,1.0,1.0,5.0,1.0,1.0,1.0,0.1111111111111111,1116.29,1116.29,1.0,0.0,5.0,0.0,1.0,1.0,18.0,1.0,64.0,3,3.0,1,1,1,1,1,24,24,121,0.1789,0.0083,0.2434,0.1287,T3,False,none,0.730473,0.607297,0.719529,0.915105,0.804265,1.231634,1.285996,1.106566,0.778935,0.931829,0.234903,1.0,18.0,0.5,6.333333,12.0,0.11111,2.611111
97f5b12d-0087-4a7a-b201-34fe41effd2c,2.0,0.2222222222222222,2.0,3860.12,1930.06,1444.166605624157,74,1,1.0,2.0,5.0,1.0,1.0,1.0,2.0,1.0,3.0,2.0,1.0,0.5,0.2222222222222222,1930.06,2951.24,0.7645461799115053,126.98583333333333,0.0,0.0,2.0,0.5,18.0,0.0,78.5,5,6.0,1,2,2,1,2,35,35,121,0.1789,0.0083,0.2434,0.1287,T3,False,none,0.563133,0.707606,0.758239,0.510169,0.804265,0.699289,0.697947,0.65994,0.660226,0.660092,0.225624,1.5,9.0,0.166667,6.666667,17.5,0.444436,2.777778
feb7d8ad-e5c3-4552-8042-4d2d276c87f2,5.0,0.5555555555555556,3.0,18056.45,3611.29,1351.3399422425136,82,1,1.0,5.0,7.0,1.0,1.0,1.0,4.0,1.25,10.0,4.0,1.0,0.4,0.5555555555555556,3611.29,4833.73,0.2677010154266204,170.45694444444445,19.0,0.0,4.0,0.4,23.0,3.0,67.8,9,15.0,1,4,4,1,4,96,97,154,0.1225,0.0,0.2652,0.1509,T3,False,none,0.678062,1.889078,1.162275,1.834874,1.400021,0.910168,1.117128,0.912839,1.635825,1.298431,1.557202,2.5,9.2,0.066667,8.333333,48.0,1.388854,3.633333
72fcfc3d-45b8-4d24-9b9b-4ba9a679b5ef,3.0,0.3333333333333333,3.0,5286.4800000000005,1762.16,2721.434590597393,98,1,3.0,1.0,9.0,3.0,1.0,0.3333333333333333,2.0,1.5,4.0,2.0,1.0,0.6666666666666666,0.3333333333333333,1762.16,4903.08,0.9274753711354247,101.11166666666666,19.0,0.0,2.0,0.6666666666666666,24.0,2.0,51.333333333333336,7,9.0,3,2,2,3,2,68,68,67,0.2469,0.0,0.1605,0.1111,T3,False,none,1.286347,0.458001,0.28133,0.898466,0.434357,0.84837,0.930676,1.000942,0.582428,0.777734,0.432789,0.75,16.0,0.333333,8.666667,17.0,0.499993,3.25
5c7c6af9-f327-453e-9f3a-0b7af0f28669,2.0,0.2222222222222222,2.0,5455.99,2727.995,769.6503759824975,51,0,2.0,1.0,8.0,2.0,1.0,0.5,2.0,1.0,5.0,2.0,1.0,0.5,0.2222222222222222,2727.995,3272.22,0.5997481666938539,133.83444444444444,5.0,0.0,2.0,0.5,25.0,2.0,66.5,6,6.0,2,2,2,2,2,63,64,121,0.1789,0.0083,0.2434,0.1287,T3,False,none,0.6629,0.599624,0.567346,0.550395,0.804265,0.556705,0.447798,0.550744,0.608545,0.581571,0.397294,1.0,12.5,0.25,8.666667,21.0,0.444436,3.305556
b455bd86-e93c-474b-bbd5-17f33358a7bf,3.0,0.3333333333333333,3.0,9079.89,3026.6299999999997,2501.7704226207484,40,0,1.0,3.0,4.0,1.0,1.0,1.0,1.0,3.0,2.0,1.0,1.0,1.0,0.3333333333333333,3026.6299999999997,4610.53,0.5077737725897561,213.75472222222223,9.0,0.0,3.0,0.3333333333333333,25.0,1.0,53.0,5,9.0,1,1,3,1,1,63,64,121,0.174,0.0,0.2013,0.1186,T3,False,none,0.640547,0.739389,0.695091,0.561853,0.581664,0.599775,0.637616,0.624038,0.637297,0.631109,0.298071,1.0,8.333333,0.083333,8.666667,31.5,0.99997,3.25
cc20ba02-f504-4e3f-bc15-b2e740a0e600,4.0,0.4444444444444444,3.0,7424.16,1856.04,1889.8345890403564,31,0,3.0,1.3333333333333333,12.0,3.0,1.0,0.5,1.0,4.0,8.0,1.0,1.0,1.0,0.4444444444444444,1856.04,4533.04,0.6105795133725567,65.94083333333333,15.0,0.0,3.0,0.5,19.0,3.0,65.5,7,12.0,3,1,3,3,1,71,73,110,0.1791,0.0,0.2044,0.1366,T3,False,none,1.318667,0.913587,0.894809,1.091461,0.622351,0.570204,0.696016,0.825988,0.927838,0.880308,0.555249,0.5,9.5,0.214286,6.666667,17.75,0.888871,2.460317
3d16ae1c-cf08-4629-972b-007c764adcb2,3.0,0.3333333333333333,3.0,11678.220000000001,3892.7400000000002,1834.402258311955,66,0,3.0,1.0,8.0,3.0,1.0,0.3333333333333333,1.0,3.0,2.0,1.0,1.0,1.0,0.3333333333333333,3892.7400000000002,4967.26,0.4253439308387751,205.43555555555557,0.0,0.0,3.0,0.3333333333333333,16.0,3.0,42.333333333333336,7,9.0,3,1,3,3,1,59,61,67,0.2687,0.0,0.1443,0.07,T3,False,none,1.226915,0.739389,1.030494,0.960777,0.56421,0.643901,0.937598,0.908375,0.85386,0.879301,0.315246,0.5,5.333333,0.166667,5.666667,14.75,0.99997,2.111111
3f570cb6-1f16-4639-8cdb-973e0c0754c8,5.0,0.5555555555555556,5.0,9842.14,1968.4279999999999,762.2205271901299,82,1,2.0,2.5,9.0,2.0,1.0,0.8,2.0,2.5,5.0,2.0,1.0,0.6,0.5555555555555556,1968.4279999999999,3296.43,0.33493020826771414,148.6588888888889,21.0,0.0,3.0,0.6,21.0,0.0,41.8,7,15.0,2,2,3,2,2,76,76,198,0.0889,0.0,0.2489,0.1724,T3,False,none,0.380436,0.417536,0.57736,0.855608,1.848264,0.805289,0.855885,0.700768,0.853564,0.782259,0.629126,1.0,12.6,0.171429,7.666667,25.333333,0.92591,2.946032
a3ba223b-a98f-4628-83da-700973572612,1.0,0.1111111111111111,1.0,187.17,187.17,0.0,71,0,1.0,1.0,10.0,1.0,1.0,1.0,1.0,1.0,7.0,1.0,1.0,1.0,0.1111111111111111,187.17,187.17,1.0,0.0,22.0,0.0,1.0,1.0,29.0,0.0,51.0,3,3.0,1,1,1,1,1,43,43,89,0.2523,0.0,0.1667,0.1056,T3,False,none,0.681025,0.769371,0.946687,0.731794,0.277908,1.33777,1.828716,1.313777,0.71031,0.991928,0.439143,1.0,29.0,0.5,10.0,21.5,0.11111,3.833333
fca0e35f-bece-40ec-9d5b-ff8550f64a5f,3.0,0.3333333333333333,3.0,9374.1,3124.7000000000003,1607.6077540245942,42,0,3.0,1.0,10.0,3.0,1.0,0.3333333333333333,3.0,1.0,7.0,3.0,1.0,0.3333333333333333,0.3333333333333333,3124.7000000000003,4862.34,0.5186993951419336,151.98166666666665,6.0,0.3333333333333333,1.0,1.0,28.0,1.0,87.0,7,9.0,3,3,1,3,3,59,59,121,0.1789,0.0083,0.2434,0.1287,T3,False,none,1.34578,1.294806,1.030624,1.191019,0.804265,0.452688,0.404297,0.691727,1.119091,0.919654,0.896856,1.0,28.0,0.5,9.666667,14.75,0.33333,3.722222
d048d024-aae0-42bf-b951-e5746f679d70,1.0,0.1111111111111111,1.0,836.21,836.21,0.0,85,1,1.0,1.0,5.0,1.0,1.0,1.0,1.0,1.0,5.0,1.0,1.0,1.0,0.1111111111111111,836.21,836.21,1.0,0.0,4.0,0.0,1.0,1.0,23.0,2.0,64.0,3,3.0,1,1,1,1,1,30,30,50,0.2482,0.04,0.0909,0.0909,T3,False,none,0.67104,0.607297,0.739923,0.857217,0.707334,1.307712,1.379851,1.149852,0.74532,0.934102,0.215451,1.0,23.0,0.5,8.333333,15.0,0.11111,3.277778
6d3cbedf-22d2-48db-883b-a94209c9a81c,3.0,0.3333333333333333,3.0,4158.070000000001,1386.0233333333335,1395.81126236083,34,0,1.0,3.0,9.0,1.0,1.0,1.0,1.0,3.0,6.0,1.0,1.0,1.0,0.3333333333333333,1386.0233333333335,2997.05,0.72077911146277,115.82444444444444,1.0,0.0,1.0,1.0,20.0,1.0,33.0,3,9.0,1,1,1,1,1,32,32,108,0.1587,0.0,0.2348,0.071,T3,False,none,0.531665,0.631408,0.643918,0.724552,0.625422,0.569243,0.628551,0.578276,0.667945,0.6261,0.1924,1.0,20.0,0.25,7.0,16.0,0.33333,2.75
65bd0807-bfbf-48e6-97f4-080de91ef55a,2.0,0.2222222222222222,2.0,263.84000000000003,131.92000000000002,106.61756046730763,104,0,1.0,2.0,6.0,1.0,1.0,1.0,2.0,1.0,3.0,2.0,1.0,0.5,0.2222222222222222,131.92000000000002,207.31,0.7857413583990296,75.61138888888888,3.0,0.5,2.0,0.5,24.0,2.0,59.0,5,6.0,1,2,2,1,2,47,47,134,0.1691,0.0224,0.2258,0.1728,T3,False,none,0.5037,0.707606,0.468532,0.394393,1.123263,1.289241,1.196399,1.033853,0.60962,0.807596,0.3703,1.5,12.0,0.166667,8.333333,23.5,0.444436,3.333333
314c67de-ee10-424b-8be9-5d58f3bcc023,4.0,0.4444444444444444,4.0,5852.639999999999,1463.1599999999999,1634.8460377050799,53,0,2.0,2.0,7.0,2.0,1.0,0.75,3.0,1.3333333333333333,4.0,3.0,1.0,0.5,0.4444444444444444,1463.1599999999999,3133.84,0.5354575029388448,197.23777777777778,3.0,0.25,2.0,0.75,23.0,1.0,72.25,7,12.0,2,3,2,2,3,54,55,121,0.174,0.0,0.2013,0.1186,T3,False,none,0.379993,1.011127,0.36981,0.763468,0.581664,0.57782,0.510921,0.498998,0.71307,0.61317,0.591228,1.333333,17.25,0.25,8.0,18.0,0.592585,3.194444
7b4ccae5-9894-47f0-8bdf-2432f789525f,4.0,0.4444444444444444,4.0,14027.529999999999,3506.8824999999997,1340.294436890019,34,1,1.0,4.0,5.0,1.0,1.0,1.0,1.0,4.0,4.0,1.0,1.0,1.0,0.4444444444444444,3506.8824999999997,4743.69,0.338170012824781,183.25416666666666,9.0,0.25,2.0,0.75,24.0,0.0,41.75,4,12.0,1,1,2,1,1,50,50,121,0.1789,0.0083,0.2434,0.1287,T3,False,none,0.689021,0.697421,0.441461,0.410854,0.804265,0.71342,0.652868,0.686265,0.554441,0.615959,0.18554,1.0,18.0,0.15,8.666667,25.0,0.592585,3.272222
7cc1e549-9375-4c1c-b911-92abe16bb4ca,6.0,0.6666666666666666,5.0,12590.43,2098.405,1590.773495023726,62,0,3.0,2.0,9.0,3.0,1.0,0.5,1.0,6.0,5.0,1.0,1.0,1.0,0.6666666666666666,2098.405,4350.42,0.3455338697725177,173.77416666666667,6.0,0.16666666666666666,3.0,0.5,25.0,0.0,68.0,7,18.0,3,1,3,3,1,89,92,110,0.1791,0.0,0.2044,0.1366,T3,False,none,1.068431,0.910688,0.880437,1.383267,0.622351,0.908416,0.627434,0.860474,1.033547,0.952779,0.553881,0.5,12.5,0.166667,8.666667,22.25,1.333307,3.111111
a425c435-a096-4bd0-83df-478fe13888f4,3.0,0.3333333333333333,2.0,3791.1000000000004,1263.7,1119.0219055943453,78,1,1.0,3.0,4.0,1.0,1.0,1.0,2.0,1.5,8.0,2.0,1.0,0.6666666666666666,0.3333333333333333,1263.7,2187.82,0.5770937195009364,63.16722222222222,5.0,0.6666666666666666,3.0,0.3333333333333333,27.0,0.0,72.0,6,9.0,1,2,3,1,2,75,75,121,0.174,0.0,0.2013,0.1186,T3,False,none,0.640547,0.674167,1.108609,0.702884,0.581664,0.621813,0.687749,0.649144,0.760027,0.708282,0.677965,1.5,9.0,0.083333,9.666667,37.5,0.99997,3.75
83351da1-4357-47b2-ab6e-21931082da46,4.0,0.4444444444444444,4.0,11785.83,2946.4575,1699.9933058765262,76,1,1.0,4.0,5.0,1.0,1.0,1.0,1.0,4.0,4.0,1.0,1.0,1.0,0.4444444444444444,2946.4575,4679.58,0.3970513744046877,187.84555555555556,1.0,0.0,1.0,1.0,23.0,1.0,43.0,3,12.0,1,1,1,1,1,29,29,121,0.174,0.0,0.2013,0.1186,T3,False,none,0.689021,0.697421,0.57045,0.768404,0.581664,0.666522,0.747523,0.69995,0.678295,0.688401,0.22373,1.0,23.0,0.2,8.333333,14.5,0.44444,3.177778
25852129-7675-4f45-ad67-d76d9c71e735,6.0,0.6666666666666666,6.0,17964.16,2994.0266666666666,990.3404674891694,45,1,3.0,2.0,10.0,3.0,1.0,0.6666666666666666,2.0,3.0,3.0,1.0,0.5,0.5,0.6666666666666666,2994.0266666666666,4192.31,0.2333707782607147,228.5336111111111,1.0,0.0,4.0,0.5,23.0,0.0,62.666666666666664,9,18.0,3,2,4,3,1,83,84,96,0.2355,0.0,0.1833,0.0828,T3,False,none,1.017854,0.886207,0.963798,1.519611,0.215092,1.080828,1.018824,1.042168,1.028046,1.034636,0.612304,0.375,11.5,0.083333,8.166667,20.75,1.333307,2.875
32feabff-d324-47ed-80af-8e446d8d4eab,4.0,0.4444444444444444,4.0,7244.41,1811.1025,1014.0260017828275,30,1,2.0,2.0,8.0,2.0,1.0,0.5,1.0,4.0,3.0,1.0,1.0,1.0,0.4444444444444444,1811.1025,2990.75,0.4128355518254765,192.93083333333334,0.0,0.0,1.0,1.0,23.0,1.0,83.0,4,12.0,2,1,1,2,1,35,36,89,0.2321,0.0,0.0992,0.0863,T3,False,none,0.554993,0.778458,0.8177,0.659987,0.403244,0.538114,0.713395,0.601363,0.679671,0.643128,0.185232,0.666667,23.0,0.333333,8.333333,11.666667,0.44444,3.111111
ab0c56e7-b746-4a08-b74f-595892413790,4.0,0.4444444444444444,3.0,11033.12,2758.28,1132.697227241243,65,1,1.0,4.0,12.0,1.0,1.0,1.0,1.0,4.0,4.0,1.0,1.0,1.0,0.4444444444444444,2758.28,4438.66,0.4023032469509984,104.84527777777778,6.0,0.5,1.0,1.0,18.0,2.0,31.0,3,12.0,1,1,1,1,1,31,31,89,0.2321,0.0,0.0992,0.0863,T3,False,none,0.817871,0.697421,0.814124,0.749108,0.403244,0.384426,0.395704,0.512027,0.692087,0.608059,0.158398,1.0,18.0,0.2,6.666667,15.5,0.44444,2.622222
1c6f19fc-273d-42f3-a93e-99ec8a2a6533,7.0,0.7777777777777778,4.0,19131.94,2733.1342857142854,1052.5194208636904,56,0,4.0,1.75,12.0,4.0,1.0,0.42857142857142855,4.0,1.75,7.0,4.0,1.0,0.42857142857142855,0.7777777777777778,2733.1342857142854,3738.05,0.19538269511612522,119.92055555555555,4.0,0.14285714285714285,3.0,0.42857142857142855,26.0,3.0,82.71428571428571,11,21.0,4,4,3,4,4,96,98,129,0.1169,0.0,0.1879,0.1099,T3,False,none,1.774858,1.567311,1.174131,2.577424,0.675501,0.997351,0.672325,1.111154,1.715556,1.433502,1.384187,1.0,11.142857,0.155844,9.0,19.2,1.814772,3.385281
d4f2dad2-19cb-4aa9-a78f-fb7d90b729c0,4.0,0.4444444444444444,3.0,7647.77,1911.9425,2131.0579810722343,48,1,1.0,4.0,7.0,1.0,1.0,1.0,1.0,4.0,8.0,1.0,1.0,1.0,0.4444444444444444,1911.9425,4960.83,0.6486635973623683,166.18194444444444,2.0,0.0,2.0,0.75,28.0,3.0,92.75,4,12.0,1,1,2,1,1,59,59,30,0.8828,0.0333,0.0244,0.0217,T3,False,none,0.570155,0.913587,0.985209,0.480981,3.2248,0.501009,0.70514,0.588809,1.151483,0.888902,0.995056,1.0,21.0,0.15,10.0,29.5,0.592585,3.716667
e832d28e-fb48-4786-8245-9542cfa327b4,6.0,0.6666666666666666,5.0,15506.55,2584.4249999999997,1211.3036277787662,97,1,2.0,3.0,8.0,2.0,1.0,0.8333333333333334,2.0,3.0,6.0,2.0,1.0,0.5,0.6666666666666666,2584.4249999999997,4174.17,0.2691875368795767,129.06472222222223,8.0,0.5,2.0,0.6666666666666666,24.0,1.0,58.666666666666664,6,18.0,2,2,2,2,2,57,57,129,0.1169,0.0,0.1879,0.1099,T3,False,none,0.381518,0.623735,0.261195,0.559327,0.675501,1.072887,0.600231,0.717801,0.53268,0.61907,0.357974,1.0,16.0,0.166667,8.666667,19.0,0.999985,3.277778
c5910c33-748a-47b5-84f7-7920dc43060a,1.0,0.1111111111111111,1.0,402.29,402.29,0.0,43,1,1.0,1.0,8.0,1.0,1.0,1.0,1.0,1.0,2.0,1.0,1.0,1.0,0.1111111111111111,402.29,402.29,1.0,0.0,6.0,0.0,1.0,1.0,16.0,1.0,45.0,3,3.0,1,1,1,1,1,23,23,50,0.2482,0.04,0.0909,0.0909,T3,False,none,0.562159,0.796315,0.686692,0.924753,0.707334,1.263457,1.443454,1.123085,0.806811,0.954406,0.173865,1.0,16.0,0.5,6.0,11.5,0.11111,2.5
9c693622-73fb-4da9-b593-e10c4efaf41e,3.0,0.3333333333333333,3.0,9331.92,3110.64,1677.4814638916284,53,0,1.0,3.0,9.0,1.0,1.0,1.0,2.0,1.5,5.0,2.0,1.0,0.6666666666666666,0.3333333333333333,3110.64,4900.05,0.5250848699945992,204.67583333333334,6.0,0.0,3.0,0.3333333333333333,20.0,0.0,83.33333333333333,6,9.0,1,2,3,1,2,65,65,108,0.1587,0.0,0.2348,0.071,T3,False,none,0.531665,0.431056,1.049784,0.606404,0.625422,0.403406,0.625235,0.513995,0.658107,0.590855,0.349969,1.5,6.666667,0.083333,7.0,32.5,0.99997,2.861111
9960792a-6310-4c71-a034-44526907a279,1.0,0.1111111111111111,1.0,1947.1,1947.1,0.0,48,1,1.0,1.0,8.0,1.0,1.0,1.0,1.0,1.0,2.0,1.0,1.0,1.0,0.1111111111111111,1947.1,1947.1,1.0,0.0,5.0,0.0,1.0,1.0,14.0,0.0,35.0,3,3.0,1,1,1,1,1,21,21,129,0.1169,0.0,0.1879,0.1099,T3,False,none,0.562159,0.796315,1.024678,0.944049,0.675501,1.007078,1.07596,0.902919,0.879155,0.890245,0.176865,1.0,14.0,0.5,5.333333,10.5,0.11111,2.277778
f96f6949-5536-4103-93c2-56dbc15cee67,9.0,1.0,7.0,24202.77,2689.1966666666667,1887.0276912382606,39,1,2.0,4.5,11.0,2.0,1.0,0.5555555555555556,1.0,9.0,3.0,1.0,1.0,1.0,1.0,2689.1966666666667,4808.77,0.19868676188717244,179.70222222222222,0.0,0.2222222222222222,6.0,0.3333333333333333,24.0,1.0,50.666666666666664,9,27.0,2,1,6,2,1,134,137,110,0.1928,0.0091,0.1832,0.0943,T3,False,none,0.876463,1.378987,1.239224,2.135153,0.231917,1.803138,1.098595,1.303526,1.442254,1.377514,0.973381,0.666667,8.0,0.060606,8.666667,44.666667,2.99991,3.131313
ae7f1229-b421-41d9-a394-d496b7f5b0af,5.0,0.5555555555555556,5.0,13370.7,2674.1400000000003,1540.3515186638406,41,0,1.0,5.0,9.0,1.0,1.0,1.0,2.0,2.5,6.0,2.0,1.0,0.6,0.5555555555555556,2674.1400000000003,4756.13,0.3557128646966875,206.60694444444445,2.0,0.0,2.0,0.8,23.0,3.0,45.0,5,15.0,1,2,2,1,2,59,60,110,0.1928,0.0091,0.1832,0.0943,T3,False,none,0.74748,0.498573,0.496852,0.455257,0.231917,0.8106,0.826843,0.79798,0.437528,0.605739,0.303423,1.5,18.4,0.133333,8.0,29.5,0.694436,3.211111
b2c06a74-8964-4d23-98fb-453cc943dd4c,2.0,0.2222222222222222,2.0,2992.95,1496.475,1951.1409545314762,45,1,1.0,2.0,9.0,1.0,1.0,1.0,1.0,2.0,3.0,1.0,1.0,1.0,0.2222222222222222,1496.475,2876.14,0.9609716166324196,49.06527777777778,19.0,0.5,1.0,1.0,25.0,0.0,50.0,3,6.0,1,1,1,1,1,33,34,95,0.2056,0.0211,0.1855,0.0916,T3,False,none,0.513684,0.595173,0.794811,0.766816,0.105784,0.801213,1.051949,0.802641,0.619565,0.705001,0.194174,1.0,25.0,0.333333,9.0,16.5,0.22222,3.444444
c7ef1e27-fe5b-4987-9ffb-75468c849caa,5.0,0.5555555555555556,3.0,9570.68,1914.136,1854.0804668028838,51,1,1.0,5.0,4.0,1.0,1.0,1.0,1.0,5.0,10.0,1.0,1.0,1.0,0.5555555555555556,1914.136,3983.11,0.41617836977100897,107.30888888888889,1.0,0.2,2.0,0.8,23.0,2.0,43.0,4,15.0,1,1,2,1,1,50,50,84,0.204,0.0,0.1092,0.124,T3,False,none,0.856361,1.195767,0.331317,0.467539,0.51107,0.575633,0.477103,0.622998,0.628472,0.625917,0.41093,1.0,18.4,0.133333,8.333333,25.0,0.694436,3.155556
90e0d74c-5861-4d44-974b-467451c639fd,4.0,0.4444444444444444,4.0,9163.27,2290.8175,1868.1381047337836,46,0,2.0,2.0,8.0,2.0,1.0,0.75,2.0,2.0,5.0,2.0,1.0,0.75,0.4444444444444444,2290.8175,4828.88,0.5269821799423131,126.45055555555555,20.0,0.25,3.0,0.5,20.0,2.0,94.25,7,12.0,2,2,3,2,2,70,71,154,0.1225,0.0,0.2652,0.1509,T3,False,none,0.389978,0.316745,0.9179,0.745808,1.400021,0.512451,0.56038,0.493435,0.78343,0.648099,0.555692,1.0,10.0,0.166667,7.0,23.333333,0.888871,2.722222
f5154a7e-1e3b-43e2-92fd-28fd80f9f2b1,2.0,0.2222222222222222,2.0,6428.030000000001,3214.0150000000003,2345.81967551856,87,1,2.0,1.0,12.0,2.0,1.0,0.5,1.0,2.0,3.0,1.0,1.0,1.0,0.2222222222222222,3214.0150000000003,4872.76,0.7580487334377717,155.8088888888889,6.0,0.0,2.0,0.5,16.0,1.0,69.0,5,6.0,2,1,2,2,1,42,43,154,0.1225,0.0,0.2652,0.1509,T3,False,none,0.900632,0.595173,0.567933,0.479286,1.400021,0.90862,0.743666,0.851353,0.680182,0.760062,0.172624,0.666667,8.0,0.25,6.0,14.0,0.444436,2.305556
93bfdcb5-dd57-4aef-a87f-c0c0bfd2be99,3.0,0.3333333333333333,3.0,7967.26,2655.7533333333336,648.2820921738725,78,0,2.0,1.5,10.0,2.0,1.0,0.6666666666666666,2.0,1.5,5.0,2.0,1.0,0.6666666666666666,0.3333333333333333,2655.7533333333336,3272.35,0.41072464059162117,123.57944444444445,8.0,0.0,2.0,0.6666666666666666,25.0,2.0,57.333333333333336,6,9.0,2,2,2,2,2,65,66,96,0.2355,0.0,0.1833,0.0828,T3,False,none,0.617802,0.431056,0.367555,0.513006,0.215092,0.435542,0.348827,0.458711,0.412564,0.434099,0.346785,1.0,16.666667,0.266667,8.666667,21.666667,0.499993,3.311111
9b4c3640-bfdd-4c58-a0ea-766b938489b1,4.0,0.4444444444444444,3.0,10792.81,2698.2025,1800.759118286415,59,1,2.0,2.0,7.0,2.0,1.0,0.75,1.0,4.0,8.0,1.0,1.0,1.0,0.4444444444444444,2698.2025,4470.67,0.414226693511699,147.01833333333335,1.0,0.25,3.0,0.5,20.0,3.0,52.25,6,12.0,2,1,3,2,1,68,70,108,0.1587,0.0,0.2348,0.071,T3,False,none,0.379993,0.913587,0.747738,0.701228,0.625422,0.455515,0.476791,0.441029,0.751373,0.606546,0.390427,0.666667,10.0,0.166667,7.333333,22.666667,0.888871,2.722222
c3faceb5-428a-4219-93cc-14276e816b84,0.0,0.0,0.0,0.0,0.0,0.0,50,1,0.0,0.0,0.0,0.0,0.0,0.0,0.0,0.0,0.0,0.0,0.0,0.0,0.0,0.0,0.0,0.0,0.0,0.0,0.0,0.0,0.0,0.0,0.0,0.0,0,0.0,0,0,0,0,0,0,0,1,0.0,0.0,0.0,0.0,T3,False,none,2.767811,2.428211,2.297128,2.075966,2.409508,1.497156,1.781581,1.955009,2.265693,2.120707,0.0,0.0,0.0,0.0,0.333333,0.0,0.0,0.111111
b158d335-26de-452d-a6ff-4698cdb3ef2d,4.0,0.4444444444444444,4.0,7534.599999999999,1883.6499999999999,1796.1782090501672,80,1,2.0,2.0,10.0,2.0,1.0,0.5,1.0,4.0,3.0,1.0,1.0,1.0,0.4444444444444444,1883.6499999999999,4288.07,0.5691171395959972,125.08611111111111,2.0,0.0,3.0,0.5,28.0,0.0,56.0,6,12.0,2,1,3,2,1,78,78,30,0.8828,0.0333,0.0244,0.0217,T3,False,none,0.673859,0.778458,0.887341,0.788162,3.2248,0.6414,0.509947,0.606856,1.212504,0.929868,1.041386,0.666667,14.0,0.166667,10.0,26.0,0.888871,3.611111
de9028e0-e5e2-43d6-9447-24f1457ee40b,1.0,0.1111111111111111,1.0,4051.26,4051.26,0.0,60,0,1.0,1.0,8.0,1.0,1.0,1.0,1.0,1.0,5.0,1.0,1.0,1.0,0.1111111111111111,4051.26,4051.26,1.0,0.0,16.0,0.0,1.0,1.0,23.0,2.0,28.0,3,3.0,1,1,1,1,1,33,33,154,0.1225,0.0,0.2652,0.1509,T3,False,none,0.562159,0.607297,0.778016,0.828273,1.400021,1.118517,1.29924,1.019798,0.85785,0.933426,0.312851,1.0,23.0,0.5,8.0,16.5,0.11111,3.166667
a2db57ab-cdd8-48b2-baf4-f09d602e3bc8,5.0,0.5555555555555556,4.0,16413.2,3282.6400000000003,1825.4466760905395,33,0,1.0,5.0,9.0,1.0,1.0,1.0,1.0,5.0,2.0,1.0,1.0,1.0,0.5555555555555556,3282.6400000000003,4869.09,0.29665695903297346,112.88916666666667,18.0,0.4,3.0,0.4,25.0,3.0,52.8,5,15.0,1,1,3,1,1,64,66,96,0.2355,0.0,0.1833,0.0828,T3,False,none,0.74748,0.979601,0.908268,0.647867,0.215092,0.965922,0.837867,0.860825,0.712921,0.781943,0.266827,1.0,10.0,0.066667,8.666667,32.0,1.388854,3.244444
ac129371-cc34-4f37-9112-776ef00011d5,3.0,0.3333333333333333,3.0,5092.21,1697.4033333333334,1890.34739379653,78,0,2.0,1.5,5.0,2.0,1.0,0.6666666666666666,1.0,3.0,2.0,1.0,1.0,1.0,0.3333333333333333,1697.4033333333334,3829.74,0.7520781743093863,146.8672222222222,11.0,0.0,3.0,0.3333333333333333,19.0,0.0,73.0,6,9.0,2,1,3,2,1,58,59,95,0.2056,0.0211,0.1855,0.0916,T3,False,none,0.607818,0.739389,0.998933,0.585067,0.105784,0.617969,0.59796,0.608399,0.629989,0.619914,0.204468,0.666667,6.333333,0.133333,6.666667,19.333333,0.99997,2.488889
291e9a56-8264-43a9-a270-4d03d99434f4,3.0,0.3333333333333333,3.0,9466.25,3155.4166666666665,2282.440497566877,105,0,2.0,1.5,8.0,2.0,1.0,0.6666666666666666,2.0,1.5,5.0,2.0,1.0,0.6666666666666666,0.3333333333333333,3155.4166666666665,4616.89,0.48772111448567285,210.76833333333335,1.0,0.0,2.0,0.6666666666666666,22.0,3.0,38.333333333333336,6,9.0,2,2,2,2,2,54,55,67,0.2687,0.0,0.1443,0.07,T3,False,none,0.498937,0.431056,0.449583,0.406878,0.56421,0.786213,0.746093,0.690761,0.448041,0.56131,0.28589,1.0,14.666667,0.266667,7.666667,18.0,0.499993,2.977778
44d18764-5d88-4ed1-857d-44d76e7bd746,4.0,0.4444444444444444,3.0,15423.01,3855.7525,708.7438792387088,44,1,1.0,4.0,3.0,1.0,1.0,1.0,2.0,2.0,6.0,2.0,1.0,0.75,0.4444444444444444,3855.7525,4755.6,0.30834448009824283,83.27944444444445,22.0,0.25,3.0,0.5,29.0,2.0,77.25,6,12.0,1,2,3,1,2,82,82,154,0.1225,0.0,0.2652,0.1509,T3,False,none,0.807887,0.397782,1.00091,0.785328,1.400021,0.678455,0.926083,0.797978,0.835803,0.818151,0.72446,1.5,14.5,0.1,10.333333,41.0,0.888871,3.977778
0962ca21-402f-4572-a7dd-8537f858f55a,6.0,0.6666666666666666,3.0,17934.24,2989.0400000000004,1262.3246566236437,106,0,1.0,6.0,12.0,1.0,1.0,1.0,2.0,3.0,5.0,2.0,1.0,0.8333333333333334,0.6666666666666666,2989.0400000000004,4658.02,0.25972776097565325,31.351944444444445,4.0,0.8333333333333334,5.0,0.3333333333333333,29.0,1.0,39.5,8,18.0,1,2,5,1,2,121,122,154,0.1225,0.0,0.2652,0.1509,T3,False,none,1.033686,0.399012,1.272195,1.61905,1.400021,1.077574,1.032279,1.049936,1.205274,1.132783,1.113429,1.5,9.666667,0.047619,10.0,60.5,1.99994,3.849206
4fef2a2f-e23f-4a34-80c7-130ad2beb02c,3.0,0.3333333333333333,2.0,7799.76,2599.92,2059.763038871219,84,0,2.0,1.5,10.0,2.0,1.0,0.6666666666666666,2.0,1.5,5.0,2.0,1.0,0.6666666666666666,0.3333333333333333,2599.92,4872.58,0.6247089654040637,33.65361111111111,0.0,0.0,2.0,0.6666666666666666,23.0,0.0,63.333333333333336,6,9.0,2,2,2,2,2,58,59,43,0.4131,0.0,0.082,0.0328,T3,False,none,0.617802,0.431056,0.446809,0.44547,1.59323,0.614749,0.704235,0.64545,0.633439,0.639044,0.456873,1.0,15.333333,0.266667,8.0,19.333333,0.499993,3.088889
8bec21c8-7d65-4f9f-ac0c-bbfb765c5d65,1.0,0.1111111111111111,1.0,877.65,877.65,0.0,87,0,1.0,1.0,5.0,1.0,1.0,1.0,1.0,1.0,5.0,1.0,1.0,1.0,0.1111111111111111,877.65,877.65,1.0,0.0,21.0,0.0,1.0,1.0,16.0,2.0,58.0,3,3.0,1,1,1,1,1,22,23,67,0.2469,0.0,0.1605,0.1111,T3,False,none,0.67104,0.607297,0.822595,0.929628,0.434357,1.320476,1.631109,1.238467,0.744202,0.974859,0.233551,1.0,16.0,0.5,5.666667,11.0,0.11111,2.388889
f12c95e8-35ef-4c83-9342-5f0c19249529,2.0,0.2222222222222222,1.0,4823.52,2411.76,416.6273154751142,63,1,1.0,2.0,9.0,1.0,1.0,1.0,2.0,1.0,4.0,2.0,1.0,0.5,0.2222222222222222,2411.76,2706.36,0.5610757289282515,9.581666666666667,12.0,0.0,1.0,1.0,14.0,1.0,70.0,4,6.0,1,2,1,1,2,24,25,108,0.1587,0.0,0.2348,0.071,T3,False,none,0.513684,0.626569,0.913367,0.766466,0.625422,0.702532,0.668886,0.63736,0.738589,0.691349,0.23756,1.5,14.0,0.333333,5.333333,12.0,0.22222,2.388889
ab8c0c5d-125f-467a-89f9-678778862cbf,3.0,0.3333333333333333,2.0,5736.0,1912.0,302.2498865177618,108,1,1.0,3.0,10.0,1.0,1.0,1.0,1.0,3.0,9.0,1.0,1.0,1.0,0.3333333333333333,1912.0,2219.93,0.38701708507670846,41.8675,14.0,0.0,2.0,0.6666666666666666,23.0,1.0,78.0,4,9.0,1,1,2,1,1,57,57,110,0.1928,0.0091,0.1832,0.0943,T3,False,none,0.591098,0.874519,0.387577,0.446777,0.231917,0.790739,0.754909,0.721756,0.505569,0.606456,0.286294,1.0,15.333333,0.166667,8.333333,28.5,0.499993,3.166667
428c9ce7-79e3-448b-96bb-4888ea821ee1,6.0,0.6666666666666666,5.0,15911.26,2651.8766666666666,1478.0461279630845,74,1,1.0,6.0,4.0,1.0,1.0,1.0,3.0,2.0,5.0,3.0,1.0,0.6666666666666666,0.6666666666666666,2651.8766666666666,4343.23,0.27296581163276823,159.22055555555556,2.0,0.16666666666666666,3.0,0.6666666666666666,28.0,2.0,88.66666666666667,7,18.0,1,3,3,1,3,89,90,121,0.174,0.0,0.2013,0.1186,T3,False,none,0.964268,0.795596,0.937993,1.312687,0.581664,1.014384,0.722702,0.902838,0.983516,0.945866,0.897062,2.0,18.666667,0.095238,10.0,44.5,0.999985,4.031746
a308b44d-4603-4c82-8849-7c367cc5201e,2.0,0.2222222222222222,2.0,3239.77,1619.885,1620.3564022924093,37,1,2.0,1.0,7.0,2.0,1.0,0.5,2.0,1.0,7.0,2.0,1.0,0.5,0.2222222222222222,1619.885,2765.65,0.8536562780691223,164.0375,13.0,0.0,2.0,0.5,22.0,0.0,82.5,6,6.0,2,2,2,2,2,60,60,67,0.2687,0.0,0.1443,0.07,T3,False,none,0.652915,0.761698,0.694653,0.516678,0.56421,0.765161,0.870983,0.768365,0.622933,0.690801,0.398226,1.0,11.0,0.25,8.0,20.0,0.444436,3.083333
983f6340-f3a2-44ad-a829-a2edb44d7140,2.0,0.2222222222222222,2.0,3972.02,1986.01,1188.7454941239523,39,1,1.0,2.0,10.0,1.0,1.0,1.0,2.0,1.0,6.0,2.0,1.0,0.5,0.2222222222222222,1986.01,2826.58,0.7116228014964677,22.75777777777778,21.0,0.5,1.0,1.0,19.0,0.0,31.0,4,6.0,1,2,1,1,2,36,36,110,0.1791,0.0,0.2044,0.1366,T3,False,none,0.573117,0.680661,0.878894,0.655463,0.622351,0.616512,0.945747,0.713859,0.702792,0.707956,0.401408,1.5,19.0,0.333333,7.0,18.0,0.22222,2.944444
dc045a5b-2a1a-4e25-9888-0932ba48c41e,1.0,0.1111111111111111,1.0,4372.69,4372.69,0.0,59,0,1.0,1.0,5.0,1.0,1.0,1.0,1.0,1.0,4.0,1.0,1.0,1.0,0.1111111111111111,4372.69,4372.69,1.0,0.0,5.0,0.0,1.0,1.0,20.0,3.0,42.0,3,3.0,1,1,1,1,1,26,26,121,0.174,0.0,0.2013,0.1186,T3,False,none,0.67104,0.634241,0.832386,0.895809,0.581664,1.146115,1.210958,1.031994,0.764847,0.889515,0.196896,1.0,20.0,0.5,7.0,13.0,0.11111,2.833333
c5b82da8-5c9e-415b-8b4f-3c5b48bdb2a1,2.0,0.2222222222222222,1.0,2135.87,1067.935,406.3530539444733,92,0,1.0,2.0,3.0,1.0,1.0,1.0,1.0,2.0,5.0,1.0,1.0,1.0,0.2222222222222222,1067.935,1355.27,0.6345283186710802,11.92361111111111,10.0,1.0,2.0,0.5,14.0,0.0,52.5,4,6.0,1,1,2,1,1,32,32,129,0.1169,0.0,0.1879,0.1099,T3,False,none,0.681998,0.487191,0.68352,0.626295,0.675501,1.095957,1.206998,1.014697,0.611642,0.799734,0.092977,1.0,7.0,0.166667,5.0,16.0,0.444436,2.055556
06b9d0e8-ce74-4b12-957b-edd6712c23bd,8.0,0.8888888888888888,5.0,25232.329999999998,3154.0412499999998,1527.6624312649092,70,1,3.0,2.6666666666666665,8.0,3.0,1.0,0.75,3.0,2.6666666666666665,5.0,3.0,1.0,0.625,0.8888888888888888,3154.0412499999998,4783.45,0.1895762301777125,180.61416666666668,14.0,0.375,1.0,1.0,18.0,2.0,84.0,7,24.0,3,3,1,3,3,43,45,198,0.0889,0.0,0.2489,0.1724,T3,False,none,0.825995,0.845869,0.969057,1.420529,1.848264,1.535265,1.118059,1.193548,1.254097,1.22584,0.76714,1.0,18.0,0.272727,6.666667,10.75,0.88888,2.646465
522dc194-031d-4213-b837-357b31517cb7,1.0,0.1111111111111111,1.0,1116.45,1116.45,0.0,69,1,1.0,1.0,9.0,1.0,1.0,1.0,1.0,1.0,7.0,1.0,1.0,1.0,0.1111111111111111,1116.45,1116.45,1.0,0.0,11.0,0.0,1.0,1.0,16.0,1.0,95.0,3,3.0,1,1,1,1,1,29,29,134,0.1691,0.0224,0.2258,0.1728,T3,False,none,0.621592,0.769371,1.051436,0.866865,1.123263,1.180668,1.340257,1.074128,0.923677,0.993888,0.424844,1.0,16.0,0.5,6.0,14.5,0.11111,2.5
3bfcd3bc-2ec1-4251-b5d4-5b22e7dfd072,2.0,0.2222222222222222,2.0,6710.1,3355.05,1561.9140268273406,46,0,1.0,2.0,5.0,1.0,1.0,1.0,1.0,2.0,4.0,1.0,1.0,1.0,0.2222222222222222,3355.05,4459.49,0.6645936722254511,100.55722222222222,3.0,0.0,2.0,0.5,25.0,1.0,56.5,4,6.0,1,1,2,1,1,55,55,129,0.1169,0.0,0.1879,0.1099,T3,False,none,0.563133,0.514136,0.401742,0.484166,0.675501,0.656257,0.66125,0.631314,0.506376,0.564681,0.155284,1.0,12.5,0.166667,8.666667,27.5,0.444436,3.277778
96a82efb-2fed-4325-8513-73ff7693d276,3.0,0.3333333333333333,3.0,2384.98,794.9933333333333,591.4976291020391,48,1,2.0,1.5,11.0,2.0,1.0,0.6666666666666666,1.0,3.0,5.0,1.0,1.0,1.0,0.3333333333333333,794.9933333333333,1364.39,0.5720760761096529,109.10805555555555,0.0,0.3333333333333333,1.0,1.0,21.0,0.0,83.0,4,9.0,2,1,1,2,1,40,40,110,0.1928,0.0091,0.1832,0.0943,T3,False,none,0.677235,0.550371,0.953693,0.601612,0.231917,0.638251,0.704019,0.671312,0.600536,0.633565,0.1557,0.666667,21.0,0.4,7.666667,13.333333,0.33333,2.911111
b2b5f9b7-4b00-47fb-b0d9-c44d1a31f7f8,2.0,0.2222222222222222,2.0,3565.08,1782.54,1581.6847324293171,30,1,1.0,2.0,9.0,1.0,1.0,1.0,1.0,2.0,3.0,1.0,1.0,1.0,0.2222222222222222,1782.54,2900.96,0.8137152602466144,52.0675,6.0,0.0,2.0,0.5,23.0,1.0,59.0,4,6.0,1,1,2,1,1,44,44,40,0.459,0.0,0.0615,0.0469,T3,False,none,0.513684,0.595173,0.350981,0.510519,1.728531,0.767841,0.692288,0.67004,0.701447,0.686791,0.304572,1.0,11.5,0.166667,8.333333,22.0,0.444436,3.166667
8fa3e4e8-9086-48c6-9321-1a7d8a497532,3.0,0.3333333333333333,3.0,5947.39,1982.4633333333334,269.5459562548347,100,0,1.0,3.0,4.0,1.0,1.0,1.0,1.0,3.0,3.0,1.0,1.0,1.0,0.3333333333333333,1982.4633333333334,2280.79,0.38349427227741917,90.54194444444444,7.0,0.0,3.0,0.3333333333333333,23.0,0.0,54.0,5,9.0,1,1,3,1,1,67,68,84,0.204,0.0,0.1092,0.124,T3,False,none,0.640547,0.658352,0.814062,0.600445,0.51107,0.686535,0.482563,0.605405,0.64453,0.626271,0.293848,1.0,7.666667,0.083333,8.0,33.5,0.99997,3.027778
2b682769-722d-4f4b-ba31-f90d53df55e4,2.0,0.2222222222222222,2.0,6388.59,3194.295,1174.6669981105285,46,1,1.0,2.0,9.0,1.0,1.0,1.0,2.0,1.0,5.0,2.0,1.0,0.5,0.2222222222222222,3194.295,4024.91,0.6300153868067915,65.33361111111111,0.0,0.5,2.0,0.5,24.0,2.0,82.0,5,6.0,1,2,2,1,2,55,55,198,0.0889,0.0,0.2489,0.1724,T3,False,none,0.513684,0.599624,0.661558,0.396984,1.848264,0.56789,0.675978,0.588432,0.744644,0.671745,0.401747,1.5,12.0,0.166667,8.666667,27.5,0.444436,3.444444
6af11621-1e6d-47a4-b601-8cb10f5f2ff1,7.0,0.7777777777777778,5.0,22999.35,3285.621428571428,1571.8765938354127,32,1,2.0,3.5,7.0,2.0,1.0,0.8571428571428571,2.0,3.5,5.0,2.0,1.0,0.8571428571428571,0.7777777777777778,3285.621428571428,4450.63,0.1935111209664621,146.4113888888889,6.0,0.0,1.0,1.0,25.0,2.0,70.0,5,21.0,2,2,1,2,2,41,41,96,0.2355,0.0,0.1833,0.0828,T3,False,none,0.441203,0.474567,0.862019,0.689745,0.215092,1.410283,0.906503,0.965476,0.592732,0.766679,0.339974,1.0,25.0,0.222222,9.0,13.666667,0.77777,3.407407
5c402a7d-65a4-43a0-87f2-527cc69fef4c,5.0,0.5555555555555556,3.0,19155.45,3831.09,1162.4812421927502,109,1,1.0,5.0,12.0,1.0,1.0,1.0,1.0,5.0,4.0,1.0,1.0,1.0,0.5555555555555556,3831.09,4918.31,0.25675773735412116,62.66916666666667,0.0,0.0,4.0,0.4,26.0,0.0,82.6,6,15.0,1,1,4,1,1,97,98,110,0.1791,0.0,0.2044,0.1366,T3,False,none,0.925779,0.817527,1.312416,1.131102,0.622351,1.074392,1.012167,1.011189,1.00569,1.008256,0.630228,1.0,10.4,0.066667,9.333333,48.5,1.388854,3.466667
839f53a7-027d-4c5e-925b-55d473e58489,2.0,0.2222222222222222,2.0,5325.8,2662.9,1017.0175412449877,94,1,2.0,1.0,7.0,2.0,1.0,0.5,2.0,1.0,4.0,2.0,1.0,0.5,0.2222222222222222,2662.9,3382.04,0.6350294791392842,9.20861111111111,5.0,1.0,2.0,0.5,27.0,1.0,75.5,6,6.0,2,2,2,2,2,59,60,67,0.2469,0.0,0.1605,0.1111,T3,False,none,0.652915,0.626569,0.63294,0.511803,0.434357,0.699743,0.805615,0.721654,0.552824,0.631611,0.397844,1.0,13.5,0.25,9.666667,19.666667,0.444436,3.638889
0849e839-648f-43cc-8402-e87dab49f02f,3.0,0.3333333333333333,3.0,5740.7699999999995,1913.59,1685.9437080460307,39,0,2.0,1.5,6.0,2.0,1.0,0.6666666666666666,3.0,1.0,7.0,3.0,1.0,0.3333333333333333,0.3333333333333333,1913.59,3626.18,0.6316539418928123,41.33361111111111,0.0,0.0,2.0,0.6666666666666666,28.0,2.0,81.33333333333333,7,9.0,2,3,2,2,3,74,75,134,0.1691,0.0224,0.2258,0.1728,T3,False,none,0.548385,1.294806,0.676586,0.941519,1.123263,0.490195,0.598652,0.542973,1.004937,0.789354,0.959582,1.333333,18.666667,0.266667,9.666667,24.666667,0.499993,3.755556
bb3674bf-1417-4695-a918-02cf3bcc4799,3.0,0.3333333333333333,3.0,8866.94,2955.646666666667,1099.690703485909,41,1,1.0,3.0,6.0,1.0,1.0,1.0,2.0,1.5,5.0,2.0,1.0,0.6666666666666666,0.3333333333333333,2955.646666666667,3986.48,0.44958914800370814,108.4775,9.0,0.6666666666666666,1.0,1.0,14.0,0.0,35.0,4,9.0,1,2,1,1,2,23,23,129,0.1169,0.0,0.1879,0.1099,T3,False,none,0.521681,0.431056,1.024678,0.724202,0.675501,0.32847,0.434375,0.418975,0.705398,0.571734,0.295731,1.5,14.0,0.25,5.333333,11.5,0.33333,2.361111
bf2641e3-25ae-4d92-a021-33bd2bae7ebf,3.0,0.3333333333333333,3.0,8792.23,2930.7433333333333,2293.678319214212,54,0,1.0,3.0,6.0,1.0,1.0,1.0,1.0,3.0,3.0,1.0,1.0,1.0,0.3333333333333333,2930.7433333333333,4461.78,0.5074685261873267,64.0911111111111,15.0,0.0,2.0,0.6666666666666666,20.0,3.0,72.66666666666667,4,9.0,1,1,2,1,1,45,45,108,0.1587,0.0,0.2348,0.071,T3,False,none,0.521681,0.658352,0.596361,0.444186,0.625422,0.472243,0.629234,0.538698,0.559637,0.549866,0.034805,1.0,13.333333,0.166667,7.0,22.5,0.499993,2.722222
ee0ecbcd-a608-45e7-9286-54370fae86e9,0.0,0.0,0.0,0.0,0.0,0.0,43,1,0.0,0.0,0.0,0.0,0.0,0.0,0.0,0.0,0.0,0.0,0.0,0.0,0.0,0.0,0.0,0.0,0.0,0.0,0.0,0.0,0.0,0.0,0.0,0.0,0,0.0,0,0,0,0,0,0,0,1,0.0,0.0,0.0,0.0,T3,False,none,2.767811,2.428211,2.297128,2.075966,2.409508,1.534507,1.781581,1.969238,2.265693,2.127347,0.0,0.0,0.0,0.0,0.333333,0.0,0.0,0.111111
e30a8315-d571-4534-a1a4-49dc9ec71d9f,4.0,0.4444444444444444,3.0,13726.87,3431.7175,704.924690274311,84,1,1.0,4.0,6.0,1.0,1.0,1.0,1.0,4.0,3.0,1.0,1.0,1.0,0.4444444444444444,3431.7175,4382.67,0.3192767178533781,146.0102777777778,8.0,0.0,2.0,0.75,19.0,0.0,36.25,4,12.0,1,1,2,1,1,43,43,198,0.0889,0.0,0.2489,0.1724,T3,False,none,0.629588,0.778458,0.477163,0.47839,1.848264,0.695439,0.638482,0.657639,0.781464,0.723679,0.243017,1.0,14.25,0.15,7.0,21.5,0.592585,2.716667
6d2e45ba-b8b3-4c7d-9b87-39b2535d3d41,0.0,0.0,0.0,0.0,0.0,0.0,55,1,0.0,0.0,0.0,0.0,0.0,0.0,0.0,0.0,0.0,0.0,0.0,0.0,0.0,0.0,0.0,0.0,0.0,0.0,0.0,0.0,0.0,0.0,0.0,0.0,0,0.0,0,0,0,0,0,0,0,1,0.0,0.0,0.0,0.0,T3,False,none,2.767811,2.428211,2.297128,2.075966,2.409508,1.483205,1.781581,1.949694,2.265693,2.118227,0.0,0.0,0.0,0.0,0.333333,0.0,0.0,0.111111
cd31a2eb-9179-4a06-b033-f55534b8e416,2.0,0.2222222222222222,2.0,5768.51,2884.255,966.9755943404158,108,0,1.0,2.0,5.0,1.0,1.0,1.0,2.0,1.0,5.0,2.0,1.0,0.5,0.2222222222222222,2884.255,3568.01,0.6185323419739239,101.3463888888889,2.0,0.0,2.0,0.5,24.0,0.0,68.5,5,6.0,1,2,2,1,2,53,53,121,0.1789,0.0083,0.2434,0.1287,T3,False,none,0.563133,0.599624,0.648901,0.377688,0.804265,0.808967,0.491976,0.633065,0.560771,0.594508,0.293153,1.5,12.0,0.166667,8.333333,26.5,0.444436,3.333333
ec1be690-fd30-4377-ab43-9faf3c855f85,3.0,0.3333333333333333,3.0,4283.12,1427.7066666666667,1012.943572679808,44,1,2.0,1.5,8.0,2.0,1.0,0.6666666666666666,2.0,1.5,7.0,2.0,1.0,0.6666666666666666,0.3333333333333333,1427.7066666666667,2588.64,0.6043818524813687,94.2725,9.0,0.3333333333333333,3.0,0.3333333333333333,26.0,0.0,46.333333333333336,7,9.0,2,2,3,2,2,83,85,110,0.1791,0.0,0.2044,0.1366,T3,False,none,0.498937,0.59313,0.88983,0.861097,0.622351,0.462958,0.419772,0.458842,0.7603,0.61962,0.738772,1.0,8.666667,0.133333,9.333333,27.666667,0.99997,3.488889
66616408-7295-45b4-ba60-2ba689d497fd,6.0,0.6666666666666666,5.0,13681.130000000001,2280.1883333333335,1325.6504451387877,62,1,4.0,1.5,6.0,4.0,1.0,0.5,1.0,6.0,1.0,0.0,0.0,1.0,0.6666666666666666,2280.1883333333335,4166.83,0.3045676782546471,125.56277777777778,10.0,0.3333333333333333,3.0,0.6666666666666666,21.0,0.0,94.0,8,18.0,4,1,3,4,0,78,78,154,0.1225,0.0,0.2652,0.1509,T3,False,none,1.566404,1.955496,0.857712,1.764341,1.400021,0.856431,0.529057,0.950156,1.562529,1.276755,0.48791,0.0,14.0,0.0,7.333333,15.6,0.999985,2.444444
9130c333-3f78-4655-8fa7-910c791e1d8a,4.0,0.4444444444444444,4.0,10482.9,2620.725,1431.8829227396118,82,1,2.0,2.0,13.0,2.0,1.0,0.75,2.0,2.0,4.0,2.0,1.0,0.75,0.4444444444444444,2620.725,4045.37,0.3859018019822759,139.29638888888888,4.0,0.25,1.0,1.0,25.0,2.0,77.0,5,12.0,2,2,1,2,2,49,49,121,0.174,0.0,0.2013,0.1186,T3,False,none,0.687143,0.34369,0.920766,0.442507,0.581664,0.58088,0.350623,0.534489,0.540633,0.537766,0.360454,1.0,25.0,0.333333,9.0,16.333333,0.44444,3.444444
ae8f9988-55a4-4e3c-b474-95b915b5ffa8,2.0,0.2222222222222222,2.0,7267.15,3633.575,39.84546711986173,84,0,1.0,2.0,5.0,1.0,1.0,1.0,2.0,1.0,3.0,2.0,1.0,0.5,0.2222222222222222,3633.575,3661.75,0.5038770357017538,151.18583333333333,1.0,0.5,1.0,1.0,24.0,3.0,55.0,4,6.0,1,2,1,1,2,31,31,89,0.2523,0.0,0.1667,0.1056,T3,False,none,0.563133,0.707606,0.882582,0.703703,0.277908,0.901627,0.622252,0.711789,0.670979,0.690024,0.358575,1.5,24.0,0.333333,8.333333,15.5,0.22222,3.388889
fae8a93b-fff9-4eec-ba5a-56b42909ef85,3.0,0.3333333333333333,2.0,3617.69,1205.8966666666668,799.476102227786,66,1,3.0,1.0,7.0,3.0,1.0,0.3333333333333333,1.0,3.0,2.0,1.0,1.0,1.0,0.3333333333333333,1205.8966666666668,1998.12,0.5523192976733772,187.16694444444445,0.0,0.0,1.0,1.0,18.0,0.0,75.0,5,9.0,3,1,1,3,1,34,34,95,0.2056,0.0211,0.1855,0.0916,T3,False,none,1.21693,0.739389,0.994166,0.903551,0.105784,0.617779,0.833431,0.860849,0.748427,0.800891,0.134731,0.5,18.0,0.5,6.666667,8.5,0.33333,2.555556
6cd1e752-26e2-42d8-879a-51d8b9bc4eeb,5.0,0.5555555555555556,5.0,17287.989999999998,3457.5979999999995,1704.6021851065427,71,0,1.0,5.0,12.0,1.0,1.0,1.0,3.0,1.6666666666666667,8.0,3.0,1.0,0.6,0.5555555555555556,3457.5979999999995,4915.91,0.2843540515699049,207.035,5.0,0.2,3.0,0.6,20.0,2.0,38.6,7,15.0,1,3,3,1,3,72,73,154,0.1225,0.0,0.2652,0.1509,T3,False,none,0.925779,1.122148,0.539446,1.091987,1.400021,1.051503,0.830789,0.94201,1.035754,0.992007,0.927872,2.0,12.0,0.1,7.0,36.0,0.92591,3.033333
1e70420f-1695-4c52-9b2c-914bc70d5a6d,5.0,0.5555555555555556,5.0,11930.52,2386.1040000000003,1709.5239960819504,63,0,3.0,1.6666666666666667,10.0,3.0,1.0,0.4,1.0,5.0,7.0,1.0,1.0,1.0,0.5555555555555556,2386.1040000000003,4826.92,0.40458588561102116,202.45638888888888,0.0,0.2,3.0,0.6,28.0,1.0,82.8,7,15.0,3,1,3,3,1,78,79,121,0.1789,0.0083,0.2434,0.1287,T3,False,none,1.229838,0.952656,0.856222,1.210909,0.804265,0.755488,0.711042,0.876201,1.004678,0.944722,0.629136,0.5,16.8,0.225,9.666667,19.5,0.92591,3.463889
fd19be4a-a787-499e-a03c-c8b2b31287d3,1.0,0.1111111111111111,1.0,108.75,108.75,0.0,109,1,1.0,1.0,3.0,1.0,1.0,1.0,1.0,1.0,5.0,1.0,1.0,1.0,0.1111111111111111,108.75,108.75,1.0,0.0,3.0,0.0,1.0,1.0,28.0,0.0,106.0,3,3.0,1,1,1,1,1,33,33,134,0.1691,0.0224,0.2258,0.1728,T3,False,none,0.789906,0.607297,1.3724,0.828273,1.123263,1.54394,1.586807,1.342791,0.935554,1.125598,0.444799,1.0,28.0,0.5,10.0,16.5,0.11111,3.833333
1d51f3e9-c339-4927-9776-2e8e17e02bc0,2.0,0.2222222222222222,2.0,5779.290000000001,2889.6450000000004,1929.1640757721987,66,0,2.0,1.0,10.0,2.0,1.0,0.5,1.0,2.0,2.0,1.0,1.0,1.0,0.2222222222222222,2889.6450000000004,4253.77,0.736036779604415,40.181111111111115,13.0,0.0,2.0,0.5,21.0,0.0,71.0,5,6.0,2,1,2,2,1,51,51,95,0.2056,0.0211,0.1855,0.0916,T3,False,none,0.781766,0.67621,0.587684,0.401288,0.105784,0.70661,0.78558,0.754406,0.4596,0.597176,0.037751,0.666667,10.5,0.25,7.333333,17.0,0.444436,2.75
b4749a48-0339-445a-9daf-6be2e9f35382,2.0,0.2222222222222222,2.0,4864.21,2432.105,933.9537076590038,100,0,1.0,2.0,10.0,1.0,1.0,1.0,1.0,2.0,4.0,1.0,1.0,1.0,0.2222222222222222,2432.105,3092.51,0.6357681925739226,103.86305555555556,6.0,0.5,1.0,1.0,29.0,0.0,43.0,3,6.0,1,1,1,1,1,40,40,154,0.1225,0.0,0.2652,0.1509,T3,False,none,0.573117,0.514136,0.967995,0.704053,1.400021,0.736148,0.350476,0.56101,0.827556,0.703168,0.395928,1.0,29.0,0.333333,10.0,20.0,0.22222,3.777778
812c6312-d668-42db-8dbc-f96ce9bf2223,3.0,0.3333333333333333,1.0,6257.98,2085.9933333333333,1796.4849511291025,71,1,1.0,3.0,4.0,1.0,1.0,1.0,2.0,1.5,6.0,2.0,1.0,0.6666666666666666,0.3333333333333333,2085.9933333333333,3354.69,0.5360659509937712,11.611944444444445,10.0,0.0,2.0,0.6666666666666666,23.0,0.0,42.0,5,9.0,1,2,2,1,2,54,54,50,0.2482,0.04,0.0909,0.0909,T3,False,none,0.640547,0.512093,0.373002,0.330651,0.707334,0.625713,0.505252,0.589798,0.447615,0.513967,0.278753,1.5,15.333333,0.166667,8.333333,27.0,0.499993,3.333333
6b5b17f8-b7f5-4ba9-8f2b-eb7ca1dfaf71,1.0,0.1111111111111111,1.0,1885.1,1885.1,0.0,109,0,1.0,1.0,5.0,1.0,1.0,1.0,1.0,1.0,4.0,1.0,1.0,1.0,0.1111111111111111,1885.1,1885.1,1.0,0.0,11.0,0.0,1.0,1.0,11.0,2.0,62.0,3,3.0,1,1,1,1,1,17,17,154,0.1225,0.0,0.2652,0.1509,T3,False,none,0.67104,0.634241,1.035519,0.982641,1.400021,1.288067,1.145936,1.064396,0.976121,1.017316,0.271265,1.0,11.0,0.5,4.0,8.5,0.11111,1.833333
3db576d6-1d74-4347-a214-70e71884e540,2.0,0.2222222222222222,2.0,4263.24,2131.62,2266.489365737241,105,1,1.0,2.0,10.0,1.0,1.0,1.0,1.0,2.0,2.0,1.0,1.0,1.0,0.2222222222222222,2131.62,3734.27,0.8759230069149286,45.62027777777778,15.0,0.0,2.0,0.5,24.0,0.0,48.0,4,6.0,1,1,2,1,1,48,50,134,0.1691,0.0224,0.2258,0.1728,T3,False,none,0.573117,0.67621,0.481379,0.462381,1.123263,0.973108,0.811452,0.80494,0.629943,0.711608,0.266186,1.0,12.0,0.166667,8.666667,24.0,0.444436,3.277778
db4a901c-26b4-411a-a6a3-033dd05e545a,2.0,0.2222222222222222,2.0,7903.139999999999,3951.5699999999997,837.9215357060586,49,0,2.0,1.0,4.0,1.0,0.5,0.5,1.0,2.0,3.0,1.0,1.0,1.0,0.2222222222222222,3951.5699999999997,4544.07,0.5749702017172921,143.65027777777777,13.0,0.0,2.0,0.5,25.0,1.0,68.0,5,6.0,2,1,2,1,1,52,52,84,0.204,0.0,0.1092,0.124,T3,False,none,1.200834,0.595173,0.498255,0.402428,0.51107,0.652586,0.810607,0.861902,0.488685,0.662853,0.175782,0.666667,12.5,0.25,8.666667,17.333333,0.444436,3.194444
0ac21ada-d322-4041-91fa-e0865947dcd8,6.0,0.6666666666666666,4.0,18230.52,3038.42,1137.1773313604172,48,0,1.0,6.0,11.0,1.0,1.0,1.0,1.0,6.0,9.0,1.0,1.0,1.0,0.6666666666666666,3038.42,4117.97,0.22588329899531118,222.63416666666666,2.0,0.0,4.0,0.3333333333333333,25.0,0.0,80.66666666666667,6,18.0,1,1,4,1,1,86,87,43,0.4131,0.0,0.082,0.0328,T3,False,none,0.974253,1.234836,1.309464,1.081659,1.59323,0.905043,0.986549,0.951986,1.252674,1.112353,0.855551,1.0,8.333333,0.047619,8.666667,43.0,1.99994,3.238095
9c4436f5-b25f-454d-a770-8f40f6ef1163,4.0,0.4444444444444444,3.0,9133.17,2283.2925,1247.6612255302587,89,1,3.0,1.3333333333333333,13.0,3.0,1.0,0.5,2.0,2.0,7.0,2.0,1.0,0.75,0.4444444444444444,2283.2925,3373.09,0.3693230280395525,115.53305555555555,1.0,0.25,2.0,0.75,24.0,1.0,68.5,7,12.0,3,2,2,3,2,76,76,89,0.2523,0.0,0.1667,0.1056,T3,False,none,1.3781,0.478819,0.37421,0.990558,0.277908,0.45895,0.330175,0.678639,0.615442,0.644934,0.581269,0.75,18.0,0.321429,8.666667,19.0,0.592585,3.246032
eeb28752-dadb-494c-b1b6-f21e84dafede,5.0,0.5555555555555556,3.0,19230.49,3846.0980000000004,1503.4222466825481,82,1,1.0,5.0,9.0,1.0,1.0,1.0,1.0,5.0,5.0,1.0,1.0,1.0,0.5555555555555556,3846.0980000000004,4989.22,0.2594432071153673,138.21777777777777,22.0,0.4,4.0,0.4,28.0,0.0,75.6,6,15.0,1,1,4,1,1,100,101,134,0.1691,0.0224,0.2258,0.1728,T3,False,none,0.74748,0.790582,1.325411,1.160046,1.123263,0.993246,1.094935,0.956923,1.096,1.031098,0.772904,1.0,11.2,0.066667,10.0,50.0,1.388854,3.688889
2a170708-aca2-464b-8524-b613d99c2e38,7.0,0.7777777777777778,6.0,20032.14,2861.7342857142858,1672.923707533781,35,1,2.0,3.5,10.0,2.0,1.0,0.8571428571428571,2.0,3.5,5.0,2.0,1.0,0.8571428571428571,0.7777777777777778,2861.7342857142858,4541.89,0.22673014465753535,229.15805555555556,4.0,0.0,1.0,1.0,16.0,1.0,76.0,5,21.0,2,2,1,2,2,35,35,198,0.0889,0.0,0.2489,0.1724,T3,False,none,0.570053,0.474567,0.89198,0.747633,1.848264,1.37373,1.046727,1.035107,0.892877,0.959251,0.439633,1.0,16.0,0.222222,6.0,11.666667,0.77777,2.407407
e1b737a3-d7df-4e8e-8c58-e2f796d93116,7.0,0.7777777777777778,6.0,12552.68,1793.24,1542.3612902732398,42,0,2.0,3.5,11.0,2.0,1.0,0.8571428571428571,1.0,7.0,7.0,1.0,1.0,1.0,0.7777777777777778,1793.24,4590.82,0.36572429154570973,214.53055555555557,1.0,0.0,2.0,0.7142857142857143,15.0,0.0,86.0,5,21.0,2,1,2,2,1,50,50,198,0.0889,0.0,0.2489,0.1724,T3,False,none,0.629486,1.192868,0.810097,0.535153,1.848264,1.167964,1.0362,0.970192,0.975713,0.973137,0.334207,0.666667,10.714286,0.15873,5.333333,16.666667,1.088874,2.05291
3f34b4f5-13ad-4a44-9442-61a5f0b9f17a,4.0,0.4444444444444444,4.0,9106.42,2276.605,2386.051262350972,90,1,3.0,1.3333333333333333,7.0,3.0,1.0,0.5,1.0,4.0,5.0,1.0,1.0,1.0,0.4444444444444444,2276.605,4635.29,0.5090134213005769,223.80666666666667,0.0,0.0,3.0,0.5,30.0,0.0,86.0,7,12.0,3,1,3,3,1,70,72,89,0.2321,0.0,0.0992,0.0863,T3,False,none,1.070951,0.670476,1.210855,1.081813,0.403244,0.746215,0.714301,0.828359,0.892768,0.86271,0.47968,0.5,15.0,0.214286,10.666667,17.5,0.888871,3.793651
acea5cbb-2c21-4dd9-912a-667d3b0ae3e2,4.0,0.4444444444444444,4.0,9737.34,2434.335,1800.815880214669,51,1,1.0,4.0,4.0,1.0,1.0,1.0,2.0,2.0,4.0,2.0,1.0,0.75,0.4444444444444444,2434.335,4110.83,0.4221717635411724,212.48222222222222,12.0,0.0,2.0,0.75,29.0,1.0,73.0,5,12.0,1,2,2,1,2,57,57,154,0.1225,0.0,0.2652,0.1509,T3,False,none,0.748454,0.34369,0.59133,0.374503,1.400021,0.468959,0.631672,0.603052,0.582892,0.5923,0.447885,1.5,21.75,0.15,10.333333,28.5,0.592585,3.994444
f6561f2d-45cf-4cd6-be78-5692193e1f0f,7.0,0.7777777777777778,5.0,10794.95,1542.1357142857144,832.5994972545753,35,1,3.0,2.3333333333333335,12.0,3.0,1.0,0.5714285714285714,2.0,3.5,6.0,2.0,1.0,0.5714285714285714,0.7777777777777778,1542.1357142857144,2703.92,0.2504800855955794,179.33527777777778,0.0,0.2857142857142857,3.0,0.7142857142857143,24.0,3.0,47.42857142857143,8,21.0,3,2,3,3,2,85,85,198,0.0889,0.0,0.2489,0.1724,T3,False,none,1.163613,0.637281,0.649018,1.417098,1.848264,1.073599,0.927234,1.050529,1.133988,1.095041,0.80925,0.75,17.142857,0.214286,8.666667,21.25,1.088874,3.210317
05e981d4-fc36-466e-926d-9a530c1abd53,4.0,0.4444444444444444,3.0,7225.47,1806.3675,1096.4009445871827,81,1,2.0,2.0,5.0,2.0,1.0,0.5,2.0,2.0,5.0,2.0,1.0,0.5,0.4444444444444444,1806.3675,2750.14,0.38061745464308894,111.17666666666666,9.0,0.75,3.0,0.5,24.0,2.0,69.5,7,12.0,2,2,3,2,2,71,72,96,0.2355,0.0,0.1833,0.0828,T3,False,none,0.663874,0.479518,0.756514,0.755456,0.215092,0.459187,0.577574,0.557131,0.596631,0.578198,0.493219,1.0,12.0,0.166667,8.666667,23.666667,0.888871,3.277778
446fd582-097f-46ad-8fc2-741854fd17f0,2.0,0.2222222222222222,1.0,7980.54,3990.27,346.99143966386276,108,1,2.0,1.0,9.0,2.0,1.0,0.5,1.0,2.0,2.0,1.0,1.0,1.0,0.2222222222222222,3990.27,4235.63,0.5307447866936322,11.885833333333334,10.0,0.0,1.0,1.0,21.0,2.0,92.0,4,6.0,2,1,1,2,1,31,31,154,0.1225,0.0,0.2652,0.1509,T3,False,none,0.722333,0.67621,0.928584,0.745129,1.400021,1.080006,0.813521,0.888985,0.875268,0.881669,0.271265,0.666667,21.0,0.5,7.666667,10.333333,0.22222,2.944444
31fdb1f4-43b7-4d23-b367-e7e406742a57,4.0,0.4444444444444444,3.0,15186.53,3796.6325,561.5030298152155,84,1,2.0,2.0,6.0,2.0,1.0,0.75,1.0,4.0,4.0,1.0,1.0,1.0,0.4444444444444444,3796.6325,4429.0,0.29164002573333075,100.125,1.0,0.25,3.0,0.5,22.0,3.0,33.25,6,12.0,2,1,3,2,1,67,68,129,0.1169,0.0,0.1879,0.1099,T3,False,none,0.439426,0.697421,0.814967,0.686807,0.675501,0.799951,0.642309,0.644396,0.714276,0.681666,0.293028,0.666667,11.0,0.166667,8.0,22.333333,0.888871,2.944444
4cdbc13b-86f9-420e-8511-385adadc5be5,3.0,0.3333333333333333,3.0,2154.0,718.0,523.804224591593,38,1,1.0,3.0,5.0,1.0,1.0,1.0,1.0,3.0,3.0,1.0,1.0,1.0,0.3333333333333333,718.0,1098.24,0.5098607242339833,108.83527777777778,3.0,0.6666666666666666,1.0,1.0,19.0,2.0,75.0,3,9.0,1,1,1,1,1,24,24,121,0.174,0.0,0.2013,0.1186,T3,False,none,0.581114,0.658352,0.857654,0.801736,0.581664,0.718392,0.817597,0.712238,0.740861,0.727504,0.196896,1.0,19.0,0.25,7.0,12.0,0.33333,2.75
1b0d6644-f33c-418f-a38d-8d5edd1a12c3,3.0,0.3333333333333333,3.0,8314.01,2771.3366666666666,2221.3005607151263,71,0,2.0,1.5,13.0,2.0,1.0,0.6666666666666666,3.0,1.0,5.0,3.0,1.0,0.3333333333333333,0.3333333333333333,2771.3366666666666,4518.34,0.5434609773141962,154.35861111111112,0.0,0.0,2.0,0.6666666666666666,30.0,0.0,60.333333333333336,7,9.0,2,3,2,2,3,72,72,89,0.2321,0.0,0.0992,0.0863,T3,False,none,0.796101,1.132732,0.672727,0.91745,0.403244,0.521393,0.583924,0.620725,0.834586,0.734784,0.732521,1.333333,20.0,0.266667,10.333333,24.0,0.499993,3.977778
2ae99cb7-d0d6-4fbc-a975-c9772058c5b0,5.0,0.5555555555555556,4.0,5166.43,1033.286,1159.3187523412187,35,1,3.0,1.6666666666666667,12.0,3.0,1.0,0.4,2.0,2.5,6.0,1.0,0.5,0.8,0.5555555555555556,1033.286,2434.45,0.471205455217626,207.20416666666668,7.0,0.2,4.0,0.4,24.0,2.0,83.2,9,15.0,3,2,4,3,1,106,108,108,0.1587,0.0,0.2348,0.071,T3,False,none,1.348704,0.63382,1.145069,1.689603,0.625422,0.780279,0.703569,0.917116,1.134849,1.03324,0.751083,0.375,9.6,0.075,8.5,26.5,1.388854,2.983333
eb32bc63-1a43-4854-9d1f-bd27865db5cb,3.0,0.3333333333333333,3.0,7539.99,2513.33,967.866469354115,67,0,1.0,3.0,5.0,1.0,1.0,1.0,1.0,3.0,5.0,1.0,1.0,1.0,0.3333333333333333,2513.33,3630.88,0.48154971027813037,180.88111111111112,7.0,0.0,2.0,0.6666666666666666,22.0,1.0,75.0,4,9.0,1,1,2,1,1,44,44,95,0.2056,0.0211,0.1855,0.0916,T3,False,none,0.581114,0.550371,0.326529,0.453834,0.105784,0.31325,0.360469,0.405522,0.393438,0.399077,0.061372,1.0,14.666667,0.166667,7.666667,22.0,0.499993,2.944444
c32cac24-213f-4070-8fae-3494fffb3de5,2.0,0.2222222222222222,2.0,9595.7,4797.85,71.72891188356341,92,0,1.0,2.0,9.0,1.0,1.0,1.0,1.0,2.0,3.0,1.0,1.0,1.0,0.2222222222222222,4797.85,4848.57,0.5052857008868555,51.52722222222222,17.0,0.0,2.0,0.5,26.0,1.0,46.5,4,6.0,1,1,2,1,1,51,51,110,0.1791,0.0,0.2044,0.1366,T3,False,none,0.513684,0.595173,0.383389,0.447044,0.622351,1.0883,1.084495,0.922856,0.500032,0.69735,0.217109,1.0,13.0,0.166667,9.0,25.5,0.444436,3.388889
1e500105-a51d-4298-8c92-3bdb5de5bab7,1.0,0.1111111111111111,1.0,340.47,340.47,0.0,57,1,1.0,1.0,7.0,1.0,1.0,1.0,1.0,1.0,4.0,1.0,1.0,1.0,0.1111111111111111,340.47,340.47,1.0,0.0,5.0,0.0,1.0,1.0,23.0,2.0,28.0,3,3.0,1,1,1,1,1,31,31,154,0.1225,0.0,0.2652,0.1509,T3,False,none,0.552174,0.634241,0.778016,0.847569,1.400021,1.232019,1.48213,1.121148,0.871822,0.988174,0.298099,1.0,23.0,0.5,8.333333,15.5,0.11111,3.277778
533b2911-3f9b-4d1b-b78f-45ffb5b6d03f,4.0,0.4444444444444444,4.0,7708.79,1927.1975,1274.3161712169394,37,0,3.0,1.3333333333333333,6.0,3.0,1.0,0.5,2.0,2.0,3.0,2.0,1.0,0.5,0.4444444444444444,1927.1975,3390.31,0.4397979449433698,170.40416666666667,6.0,0.0,3.0,0.5,25.0,3.0,62.25,8,12.0,3,2,3,3,2,76,78,121,0.174,0.0,0.2013,0.1186,T3,False,none,1.130384,0.5875,0.91386,1.169758,0.581664,0.499306,0.455166,0.664901,0.872866,0.775816,0.597908,0.75,12.5,0.214286,8.666667,19.0,0.888871,3.210317
10b6765c-7b30-48a4-98b0-f430ad2d4d84,3.0,0.3333333333333333,3.0,8910.099999999999,2970.033333333333,1148.6272169130125,58,0,1.0,3.0,3.0,1.0,1.0,1.0,1.0,3.0,3.0,1.0,1.0,1.0,0.3333333333333333,2970.033333333333,4207.61,0.47222926790945113,131.12916666666666,10.0,0.3333333333333333,1.0,1.0,13.0,1.0,27.0,3,9.0,1,1,1,1,1,16,16,129,0.1169,0.0,0.1879,0.1099,T3,False,none,0.699979,0.658352,0.945368,0.87892,0.675501,0.302074,0.349614,0.431608,0.803718,0.630067,0.176865,1.0,13.0,0.25,4.666667,8.0,0.33333,1.972222
97519f59-c667-4a34-bf9a-3bd204b3c0d4,4.0,0.4444444444444444,3.0,7777.95,1944.4875,1295.9082150722197,88,0,2.0,2.0,9.0,2.0,1.0,0.75,2.0,2.0,5.0,2.0,1.0,0.75,0.4444444444444444,1944.4875,3351.65,0.43091688684036283,105.84444444444445,5.0,0.5,3.0,0.5,26.0,3.0,67.75,7,12.0,2,2,3,2,2,74,75,121,0.174,0.0,0.2013,0.1186,T3,False,none,0.449411,0.316745,0.99589,0.7844,0.581664,0.508363,0.337124,0.43444,0.677757,0.564209,0.573027,1.0,13.0,0.166667,9.0,24.666667,0.888871,3.388889
a5394db9-5a14-4e92-9168-242c73716d1b,4.0,0.4444444444444444,3.0,11260.0,2815.0,1481.4951893498228,76,0,3.0,1.3333333333333333,7.0,3.0,1.0,0.5,3.0,1.3333333333333333,8.0,2.0,0.6666666666666666,0.5,0.4444444444444444,2815.0,4693.81,0.41685701598579045,128.055,0.0,0.25,2.0,0.75,22.0,3.0,93.0,8,12.0,3,3,2,3,2,58,59,84,0.204,0.0,0.1092,0.124,T3,False,none,1.070951,1.134713,0.772082,1.023118,0.51107,0.524412,0.502033,0.673106,0.913376,0.80125,0.655109,0.666667,16.5,0.214286,7.555556,14.5,0.592585,2.812169
8745b95d-2b14-4bb2-ad7b-580f8c521ebb,5.0,0.5555555555555556,5.0,13145.029999999999,2629.006,1668.5951059738848,71,0,2.0,2.5,7.0,2.0,1.0,0.6,2.0,2.5,6.0,2.0,1.0,0.8,0.5555555555555556,2629.006,4722.74,0.3592795147671782,146.41083333333333,2.0,0.0,4.0,0.4,22.0,2.0,77.4,8,15.0,2,2,4,2,2,86,91,154,0.1225,0.0,0.2652,0.1509,T3,False,none,0.44303,0.398293,1.024651,1.145606,1.400021,0.845423,0.695731,0.680556,0.975982,0.838116,0.813049,1.0,8.8,0.114286,7.666667,28.666667,1.388854,2.926984
ce816121-6f5f-469e-a9a1-6f8f58c1ffc4,1.0,0.1111111111111111,1.0,3032.22,3032.22,0.0,78,0,1.0,1.0,7.0,1.0,1.0,1.0,1.0,1.0,2.0,1.0,1.0,1.0,0.1111111111111111,3032.22,3032.22,1.0,0.0,11.0,0.0,1.0,1.0,19.0,0.0,33.0,3,3.0,1,1,1,1,1,25,25,198,0.0889,0.0,0.2489,0.1724,T3,False,none,0.552174,0.796315,0.862109,0.905457,1.848264,1.110152,1.036578,0.926205,1.026275,0.979576,0.320767,1.0,19.0,0.5,6.666667,12.5,0.11111,2.722222
15da53aa-40d4-47aa-a030-7a674ea8a042,4.0,0.4444444444444444,3.0,12950.69,3237.6725,752.0714602737784,66,0,2.0,2.0,7.0,2.0,1.0,0.75,2.0,2.0,3.0,2.0,1.0,0.75,0.4444444444444444,3237.6725,3949.12,0.30493510384388783,58.14861111111111,4.0,0.0,3.0,0.5,29.0,3.0,69.0,7,12.0,2,2,3,2,2,80,80,154,0.1225,0.0,0.2652,0.1509,T3,False,none,0.379993,0.424727,1.113993,0.837515,1.400021,0.557137,0.637997,0.533478,0.885669,0.721313,0.705489,1.0,14.5,0.166667,10.0,26.666667,0.888871,3.722222
4e4d402f-250d-4f6d-b370-d8aca43ef395,3.0,0.3333333333333333,2.0,6764.29,2254.7633333333333,491.09400824417867,70,0,1.0,3.0,7.0,1.0,1.0,1.0,1.0,3.0,3.0,1.0,1.0,1.0,0.3333333333333333,2254.7633333333333,2813.33,0.4159091345876655,154.5536111111111,0.0,0.0,2.0,0.6666666666666666,19.0,1.0,48.666666666666664,4,9.0,1,1,2,1,1,44,44,89,0.2321,0.0,0.0992,0.0863,T3,False,none,0.462248,0.658352,0.166814,0.453834,0.403244,0.49657,0.572367,0.512029,0.436736,0.471873,0.059757,1.0,12.666667,0.166667,6.666667,22.0,0.499993,2.611111
061c6829-b20d-422d-aa8e-82d040103046,4.0,0.4444444444444444,4.0,8021.47,2005.3675,2062.5153856941283,90,0,2.0,2.0,7.0,2.0,1.0,0.75,1.0,4.0,3.0,1.0,1.0,1.0,0.4444444444444444,2005.3675,4883.03,0.6087450305243303,166.14666666666668,1.0,0.0,2.0,0.75,29.0,0.0,54.0,5,12.0,2,1,2,2,1,60,60,89,0.2523,0.0,0.1667,0.1056,T3,False,none,0.379993,0.778458,0.614194,0.444873,0.277908,0.722801,0.683881,0.611883,0.535717,0.571261,0.295795,0.666667,21.75,0.25,10.0,20.0,0.592585,3.638889
3ada47ea-d30c-4b9a-a997-3db0ffb730ed,2.0,0.2222222222222222,2.0,5051.14,2525.57,1741.3918700281106,34,0,2.0,1.0,8.0,2.0,1.0,0.5,1.0,2.0,2.0,1.0,1.0,1.0,0.2222222222222222,2525.57,3756.92,0.7437766523992604,61.95916666666667,3.0,0.5,2.0,0.5,22.0,0.0,60.5,5,6.0,2,1,2,2,1,49,49,67,0.2687,0.0,0.1443,0.07,T3,False,none,0.6629,0.67621,0.51002,0.416523,0.56421,0.685691,0.551869,0.634572,0.525538,0.57642,0.105448,0.666667,11.0,0.25,7.666667,16.333333,0.444436,2.861111
9703592b-b483-40ab-88cc-5d15f408a78e,2.0,0.2222222222222222,2.0,3360.2000000000003,1680.1000000000001,1755.3218736174858,35,1,1.0,2.0,9.0,1.0,1.0,1.0,1.0,2.0,4.0,1.0,1.0,1.0,0.2222222222222222,1680.1000000000001,2921.3,0.8693827748348313,28.685,1.0,0.0,2.0,0.5,22.0,0.0,59.5,4,6.0,1,1,2,1,1,48,48,134,0.1691,0.0224,0.2258,0.1728,T3,False,none,0.513684,0.514136,0.501627,0.471927,1.123263,0.788964,0.897363,0.746446,0.597223,0.66686,0.233576,1.0,11.0,0.166667,8.0,24.0,0.444436,3.055556
001f5e68-0555-4309-9eb5-3bcd86956639,2.0,0.2222222222222222,2.0,8752.94,4376.47,565.4874350505058,78,0,1.0,2.0,8.0,1.0,1.0,1.0,1.0,2.0,7.0,1.0,1.0,1.0,0.2222222222222222,4376.47,4776.33,0.5456829362477065,54.56638888888889,16.0,0.0,2.0,0.5,16.0,1.0,83.0,4,6.0,1,1,2,1,1,40,40,67,0.2687,0.0,0.1443,0.07,T3,False,none,0.454251,0.649265,0.685427,0.549111,0.56421,0.855317,0.990317,0.785727,0.605065,0.689374,0.198075,1.0,8.0,0.166667,5.666667,20.0,0.444436,2.277778
e53355c4-eb1b-4a00-8b22-42b14cb678ca,1.0,0.1111111111111111,1.0,4918.69,4918.69,0.0,81,0,1.0,1.0,10.0,1.0,1.0,1.0,1.0,1.0,4.0,1.0,1.0,1.0,0.1111111111111111,4918.69,4918.69,1.0,0.0,6.0,1.0,1.0,1.0,21.0,0.0,43.0,3,3.0,1,1,1,1,1,32,32,134,0.1691,0.0224,0.2258,0.1728,T3,False,none,0.681025,0.634241,0.706443,0.837921,1.123263,1.319448,1.535728,1.209134,0.807167,0.994752,0.321688,1.0,21.0,0.5,7.333333,16.0,0.11111,2.944444
de3d14ba-c387-415b-82ea-19debde48985,8.0,0.8888888888888888,6.0,13081.09,1635.13625,1153.7354187648484,59,1,3.0,2.6666666666666665,12.0,3.0,1.0,0.75,1.0,8.0,5.0,1.0,1.0,1.0,0.8888888888888888,1635.13625,3196.16,0.2443343788629235,155.69833333333332,9.0,0.5,3.0,0.5,22.0,0.0,70.375,7,24.0,3,1,3,3,1,82,85,67,0.2687,0.0,0.1443,0.07,T3,False,none,1.063727,1.150899,0.792757,1.429101,0.56421,1.216424,0.887181,1.063048,1.08283,1.073599,0.432266,0.5,11.0,0.136364,8.0,20.5,1.777742,2.878788
8e815c90-626b-43af-8200-3d98207b6524,2.0,0.2222222222222222,1.0,5787.42,2893.71,2415.4626223976225,108,1,1.0,2.0,9.0,1.0,1.0,1.0,2.0,1.0,3.0,2.0,1.0,0.5,0.2222222222222222,2893.71,4601.7,0.7951211420633028,0.5077777777777778,9.0,0.0,1.0,1.0,25.0,1.0,77.0,4,6.0,1,2,1,1,2,36,36,129,0.1169,0.0,0.1879,0.1099,T3,False,none,0.513684,0.707606,0.839087,0.655463,0.675501,1.091069,0.843467,0.843568,0.710093,0.772381,0.340422,1.5,25.0,0.333333,9.0,18.0,0.22222,3.611111
6c90af54-d8d1-45cd-a810-ac0e3d44d644,4.0,0.4444444444444444,4.0,10233.279999999999,2558.3199999999997,1662.1774062355678,100,1,3.0,1.3333333333333333,9.0,3.0,1.0,0.5,1.0,4.0,12.0,1.0,1.0,1.0,0.4444444444444444,2558.3199999999997,4789.58,0.46803957284467934,187.96194444444444,5.0,0.25,3.0,0.5,23.0,1.0,50.5,7,12.0,3,1,3,3,1,82,84,43,0.4131,0.0,0.082,0.0328,T3,False,none,1.140369,1.237736,0.479508,1.197589,1.59323,0.703377,0.450215,0.743845,1.123966,0.946576,0.896708,0.5,11.5,0.214286,8.333333,20.5,0.888871,3.015873
3ec7dbc4-f4a5-4008-ad85-fe0daf1ed8ca,3.0,0.3333333333333333,3.0,4133.73,1377.9099999999999,918.8972068191306,59,0,2.0,1.5,7.0,2.0,1.0,0.6666666666666666,1.0,3.0,2.0,1.0,1.0,1.0,0.3333333333333333,1377.9099999999999,2063.04,0.4990746855745296,128.89388888888888,5.0,0.0,1.0,1.0,19.0,3.0,64.0,4,9.0,2,1,1,2,1,28,28,50,0.2482,0.04,0.0909,0.0909,T3,False,none,0.488952,0.739389,0.947658,0.717388,0.707334,0.472655,0.567733,0.509004,0.769186,0.647767,0.173865,0.666667,19.0,0.4,6.666667,9.333333,0.33333,2.577778
144118f4-6fa5-45ad-b208-d4bccb3657e6,2.0,0.2222222222222222,2.0,3255.2400000000002,1627.6200000000001,974.4355708819337,97,0,2.0,1.0,8.0,2.0,1.0,0.5,2.0,1.0,3.0,1.0,0.5,0.5,0.2222222222222222,1627.6200000000001,2316.65,0.7116679568941153,174.90694444444443,3.0,0.0,1.0,1.0,23.0,2.0,28.0,5,6.0,2,2,1,2,1,36,36,154,0.1225,0.0,0.2652,0.1509,T3,False,none,0.6629,0.943133,0.778016,0.613774,1.400021,0.843971,0.806716,0.779818,0.861372,0.823314,0.317722,0.5,23.0,0.25,7.833333,12.0,0.22222,2.861111
a2a0ca8a-4125-43d9-a7b4-6fe5c49b4588,4.0,0.4444444444444444,2.0,6048.68,1512.17,1449.2576454861294,71,0,2.0,2.0,9.0,2.0,1.0,0.75,2.0,2.0,4.0,2.0,1.0,0.75,0.4444444444444444,1512.17,3150.44,0.5208475237572495,57.10055555555556,11.0,0.0,2.0,0.5,22.0,0.0,55.5,6,12.0,2,2,2,2,2,53,53,95,0.2056,0.0211,0.1855,0.0916,T3,False,none,0.449411,0.34369,0.468057,0.407365,0.105784,0.600313,0.555651,0.542311,0.353827,0.441786,0.20832,1.0,11.0,0.166667,7.666667,17.666667,0.888871,2.944444
2759d97e-119f-4b6b-8049-3e06593555de,2.0,0.2222222222222222,2.0,3922.4,1961.2,2501.2063906843036,47,1,1.0,2.0,9.0,1.0,1.0,1.0,2.0,1.0,3.0,2.0,1.0,0.5,0.2222222222222222,1961.2,3729.82,0.9509025086681624,60.30972222222222,5.0,0.0,1.0,1.0,23.0,0.0,61.0,4,6.0,1,2,1,1,2,34,34,43,0.4131,0.0,0.082,0.0328,T3,False,none,0.513684,0.707606,0.815387,0.674759,1.59323,0.806378,0.701829,0.687902,0.865347,0.782539,0.46323,1.5,23.0,0.333333,8.333333,17.0,0.22222,3.388889
fbc5e7be-fffe-4f97-9c4c-7c8543a7895f,1.0,0.1111111111111111,1.0,3553.63,3553.63,0.0,56,0,1.0,1.0,10.0,1.0,1.0,1.0,1.0,1.0,6.0,1.0,1.0,1.0,0.1111111111111111,3553.63,3553.63,1.0,0.0,14.0,1.0,1.0,1.0,27.0,2.0,54.0,3,3.0,1,1,1,1,1,40,40,89,0.2523,0.0,0.1667,0.1056,T3,False,none,0.681025,0.688334,0.799482,0.760738,0.277908,1.046186,1.337122,1.038833,0.670237,0.842248,0.362331,1.0,27.0,0.5,9.333333,20.0,0.11111,3.611111
7769497d-a8b1-42ba-bc25-fc8f09920e4b,3.0,0.3333333333333333,3.0,9743.14,3247.713333333333,1696.1642643722141,54,0,2.0,1.5,10.0,2.0,1.0,0.6666666666666666,2.0,1.5,4.0,2.0,1.0,0.6666666666666666,0.3333333333333333,3247.713333333333,4301.66,0.44150653690699304,231.97055555555556,2.0,0.0,2.0,0.6666666666666666,20.0,2.0,82.33333333333333,6,9.0,2,2,2,2,2,53,53,108,0.1587,0.0,0.2348,0.071,T3,False,none,0.617802,0.458001,0.495168,0.392457,0.625422,0.430096,0.769598,0.596893,0.469069,0.52872,0.196507,1.0,13.333333,0.266667,7.0,17.666667,0.499993,2.755556
10ba887b-c9b3-490b-93b4-cdeb6957e758,5.0,0.5555555555555556,3.0,11554.42,2310.884,1098.4489941412846,89,1,3.0,1.6666666666666667,12.0,3.0,1.0,0.4,3.0,1.6666666666666667,5.0,3.0,1.0,0.4,0.5555555555555556,2310.884,3506.54,0.3034803997085098,61.153888888888886,9.0,0.6,2.0,0.6,20.0,1.0,71.0,8,15.0,3,3,2,3,3,72,72,96,0.2355,0.0,0.1833,0.0828,T3,False,none,1.348704,1.009256,0.367518,1.350332,0.215092,0.613341,0.557094,0.804696,0.871103,0.840113,0.64278,1.0,12.0,0.225,7.333333,18.0,0.92591,2.852778
c1260e65-b61b-4901-925d-403a23564668,5.0,0.5555555555555556,4.0,7518.84,1503.768,1620.8735736848814,108,1,1.0,5.0,6.0,1.0,1.0,1.0,2.0,2.5,5.0,2.0,1.0,0.8,0.5555555555555556,1503.768,4316.82,0.5741337759548015,155.41,6.0,0.4,1.0,1.0,25.0,2.0,77.0,4,15.0,1,2,1,1,2,36,36,121,0.174,0.0,0.2013,0.1186,T3,False,none,0.737495,0.317256,0.920766,0.670371,0.581664,0.935918,0.52812,0.743293,0.619474,0.677256,0.375206,1.5,25.0,0.166667,9.0,18.0,0.55555,3.555556
fe1da3fa-4bc7-4a3f-8636-21c8e00176dc,2.0,0.2222222222222222,2.0,6233.5,3116.75,1253.9690236205997,58,1,1.0,2.0,6.0,1.0,1.0,1.0,1.0,2.0,4.0,1.0,1.0,1.0,0.2222222222222222,3116.75,4003.44,0.6422459292532285,215.3852777777778,12.0,0.0,2.0,0.5,22.0,2.0,101.0,4,6.0,1,1,2,1,1,44,44,129,0.1169,0.0,0.1879,0.1099,T3,False,none,0.5037,0.514136,0.749272,0.510519,0.675501,0.556244,0.78809,0.618514,0.58866,0.602592,0.088754,1.0,11.0,0.166667,8.0,22.0,0.444436,3.055556
4c541330-9f6f-4d50-bc2a-5ab401e23985,3.0,0.3333333333333333,2.0,6424.35,2141.4500000000003,2340.673710857624,47,0,2.0,1.5,12.0,2.0,1.0,0.6666666666666666,2.0,1.5,5.0,2.0,1.0,0.6666666666666666,0.3333333333333333,2141.4500000000003,4677.62,0.7281079019667359,28.08388888888889,15.0,0.0,1.0,1.0,23.0,2.0,100.0,5,9.0,2,2,1,2,2,46,46,108,0.1587,0.0,0.2348,0.071,T3,False,none,0.736668,0.431056,1.042051,0.456543,0.625422,0.578703,0.792258,0.695021,0.600298,0.644502,0.279146,1.0,23.0,0.4,8.0,15.333333,0.33333,3.133333
410650da-207f-43bf-a4ee-810ab2b69ca8,7.0,0.7777777777777778,5.0,11399.89,1628.5557142857142,1163.8723851702575,37,0,2.0,3.5,5.0,2.0,1.0,0.8571428571428571,4.0,1.75,4.0,3.0,0.75,0.42857142857142855,0.7777777777777778,1628.5557142857142,3882.51,0.3405743388751997,208.19,7.0,0.0,2.0,0.5714285714285714,27.0,2.0,47.142857142857146,8,21.0,2,4,2,2,3,56,57,89,0.2523,0.0,0.1667,0.1056,T3,False,none,0.560069,1.283773,0.44289,1.154268,0.277908,1.039146,0.85387,0.840508,0.89238,0.868173,0.793996,1.25,15.428571,0.095238,9.25,18.666667,1.361087,3.531746
07b5f1ff-235b-4f15-bd01-084ae65b5d23,1.0,0.1111111111111111,1.0,2577.59,2577.59,0.0,51,0,1.0,1.0,7.0,1.0,1.0,1.0,1.0,1.0,2.0,1.0,1.0,1.0,0.1111111111111111,2577.59,2577.59,1.0,0.0,4.0,0.0,1.0,1.0,18.0,3.0,106.0,3,3.0,1,1,1,1,1,24,24,154,0.1225,0.0,0.2652,0.1509,T3,False,none,0.552174,0.796315,1.336011,0.915105,1.400021,0.949459,0.989767,0.849385,1.053916,0.958468,0.271265,1.0,18.0,0.5,6.333333,12.0,0.11111,2.611111
3e8818bb-38d6-4ccc-a619-3db5da8da7e8,4.0,0.4444444444444444,3.0,8880.86,2220.215,2287.749775485364,89,0,1.0,4.0,5.0,1.0,1.0,1.0,3.0,1.3333333333333333,8.0,2.0,0.6666666666666666,0.5,0.4444444444444444,2220.215,4656.25,0.5243017005109866,123.2675,7.0,0.25,3.0,0.5,18.0,3.0,83.0,7,12.0,1,3,3,1,2,61,61,154,0.1225,0.0,0.2652,0.1509,T3,False,none,0.689021,1.134713,1.077547,0.78417,1.400021,0.650207,0.244229,0.52597,1.035568,0.797756,0.740475,1.333333,9.0,0.066667,6.222222,30.5,0.888871,2.540741
dacdda1d-5a2b-4bd4-9f4e-3a4f10f5f98d,1.0,0.1111111111111111,1.0,578.98,578.98,0.0,43,1,1.0,1.0,3.0,1.0,1.0,1.0,1.0,1.0,4.0,1.0,1.0,1.0,0.1111111111111111,578.98,578.98,1.0,0.0,20.0,1.0,1.0,1.0,24.0,3.0,55.0,3,3.0,1,1,1,1,1,28,28,84,0.204,0.0,0.1092,0.124,T3,False,none,0.789906,0.634241,0.882582,0.876513,0.51107,1.237185,1.893351,1.328113,0.756303,1.023147,0.252468,1.0,24.0,0.5,8.666667,14.0,0.11111,3.388889
f32aa0ea-0104-4946-b074-81652fa44acb,3.0,0.3333333333333333,3.0,8495.48,2831.8266666666664,2305.372257626376,47,0,1.0,3.0,7.0,1.0,1.0,1.0,1.0,3.0,5.0,1.0,1.0,1.0,0.3333333333333333,2831.8266666666664,4783.48,0.5630617693173311,66.15166666666667,2.0,0.3333333333333333,3.0,0.3333333333333333,22.0,2.0,85.66666666666667,5,9.0,1,1,3,1,1,59,60,84,0.204,0.0,0.1092,0.124,T3,False,none,0.462248,0.550371,0.943311,0.523261,0.51107,0.490291,0.467521,0.474688,0.615517,0.549797,0.260387,1.0,7.333333,0.083333,7.666667,29.5,0.99997,2.916667
c3bd6bd2-9e74-4367-b1ab-9f1ca5c46f7a,1.0,0.1111111111111111,1.0,3902.02,3902.02,0.0,93,0,1.0,1.0,7.0,1.0,1.0,1.0,1.0,1.0,3.0,1.0,1.0,1.0,0.1111111111111111,3902.02,3902.02,1.0,0.0,12.0,0.0,1.0,1.0,18.0,0.0,75.0,3,3.0,1,1,1,1,1,24,25,95,0.2056,0.0211,0.1855,0.0916,T3,False,none,0.552174,0.715278,0.994166,0.910332,0.105784,1.27931,1.169318,1.034893,0.744943,0.880253,0.134731,1.0,18.0,0.5,6.333333,12.0,0.11111,2.611111
254f269c-c701-49ed-b753-ee3dc5da7edd,3.0,0.3333333333333333,2.0,5824.65,1941.55,1426.6672257748126,32,1,1.0,3.0,6.0,1.0,1.0,1.0,1.0,3.0,6.0,1.0,1.0,1.0,0.3333333333333333,1941.55,3567.81,0.6125363755762149,217.57111111111112,10.0,0.0,1.0,1.0,18.0,3.0,73.0,3,9.0,1,1,1,1,1,27,27,121,0.174,0.0,0.2013,0.1186,T3,False,none,0.521681,0.631408,1.059061,0.772792,0.581664,0.530469,0.572962,0.542122,0.76523,0.661113,0.255851,1.0,18.0,0.25,6.666667,13.5,0.33333,2.638889
8bd44521-0be4-4d34-950b-72b263178713,6.0,0.6666666666666666,6.0,16896.65,2816.1083333333336,1756.0623117123912,64,1,2.0,3.0,9.0,2.0,1.0,0.6666666666666666,2.0,3.0,7.0,2.0,1.0,0.5,0.6666666666666666,2816.1083333333336,4329.3,0.25622238727795155,220.7675,14.0,0.16666666666666666,3.0,0.6666666666666666,23.0,1.0,50.833333333333336,7,18.0,2,2,3,2,2,72,74,154,0.1225,0.0,0.2652,0.1509,T3,False,none,0.522397,0.704772,0.359445,0.883246,1.400021,1.13648,0.930077,0.892227,0.815632,0.851376,0.678907,1.0,15.333333,0.166667,8.333333,24.0,0.999985,3.166667
dc96c8e6-ceb0-4d54-b975-fed976d091f1,2.0,0.2222222222222222,2.0,5770.35,2885.175,1389.7688809474762,104,1,2.0,1.0,9.0,2.0,1.0,0.5,2.0,1.0,6.0,2.0,1.0,0.5,0.2222222222222222,2885.175,3867.89,0.6703042276465032,149.4261111111111,1.0,0.0,2.0,0.5,24.0,0.0,73.0,6,6.0,2,2,2,2,2,55,55,67,0.2469,0.0,0.1605,0.1111,T3,False,none,0.722333,0.680661,0.686667,0.468438,0.434357,0.806942,0.640194,0.727185,0.561278,0.638701,0.39193,1.0,12.0,0.25,8.666667,18.333333,0.444436,3.305556
552551ff-a125-4f6a-99ec-da2717bbce5b,4.0,0.4444444444444444,3.0,6447.870000000001,1611.9675000000002,1747.812421597829,101,0,2.0,2.0,7.0,2.0,1.0,0.75,1.0,4.0,4.0,1.0,1.0,1.0,0.4444444444444444,1611.9675000000002,3891.71,0.6035652083556274,158.28694444444446,5.0,0.0,3.0,0.5,21.0,3.0,52.25,6,12.0,2,1,3,2,1,71,71,134,0.1691,0.0224,0.2258,0.1728,T3,False,none,0.379993,0.697421,0.711867,0.720626,1.123263,0.728836,0.521369,0.560011,0.780106,0.677395,0.443277,0.666667,10.5,0.166667,7.333333,23.666667,0.888871,2.722222
ffb6dacb-fd34-429b-9c65-30b9b827873f,3.0,0.3333333333333333,2.0,6742.51,2247.5033333333336,1594.9517214114455,109,1,3.0,1.0,8.0,3.0,1.0,0.3333333333333333,1.0,3.0,5.0,1.0,1.0,1.0,0.3333333333333333,2247.5033333333336,3886.94,0.5764826451870297,97.0325,1.0,0.0,1.0,1.0,24.0,3.0,55.0,5,9.0,3,1,1,3,1,45,45,89,0.2523,0.0,0.1667,0.1056,T3,False,none,1.226915,0.550371,0.882582,0.797423,0.277908,0.678245,0.415223,0.747334,0.666815,0.704391,0.269214,0.5,24.0,0.5,8.666667,11.25,0.33333,3.222222
2d44fb66-7407-48be-beed-08990fed2c24,4.0,0.4444444444444444,2.0,9012.29,2253.0725,898.623315202204,74,0,2.0,2.0,4.0,2.0,1.0,0.5,1.0,4.0,3.0,1.0,1.0,1.0,0.4444444444444444,2253.0725,3381.57,0.37521761949515603,72.19694444444444,22.0,0.0,2.0,0.5,24.0,0.0,40.0,5,12.0,2,1,2,2,1,49,49,84,0.204,0.0,0.1092,0.124,T3,False,none,0.723307,0.778458,0.548518,0.374746,0.51107,0.459,0.729198,0.624582,0.534597,0.57659,0.153828,0.666667,12.0,0.166667,8.333333,16.333333,0.888871,3.055556
04a0a209-cafb-4c3b-b61e-f93f7ac58505,0.0,0.0,0.0,0.0,0.0,0.0,104,1,0.0,0.0,0.0,0.0,0.0,0.0,0.0,0.0,0.0,0.0,0.0,0.0,0.0,0.0,0.0,0.0,0.0,0.0,0.0,0.0,0.0,0.0,0.0,0.0,0,0.0,0,0,0,0,0,0,0,1,0.0,0.0,0.0,0.0,T3,False,none,2.767811,2.428211,2.297128,2.075966,2.409508,1.744664,1.781581,2.049297,2.265693,2.164709,0.0,0.0,0.0,0.0,0.333333,0.0,0.0,0.111111
ef71877e-c274-4046-9e81-2bcc19de6594,2.0,0.2222222222222222,2.0,8270.73,4135.365,20.781868299073185,52,1,2.0,1.0,7.0,2.0,1.0,0.5,2.0,1.0,6.0,1.0,0.5,0.5,0.2222222222222222,4135.365,4150.06,0.5017767476389631,133.5375,0.0,0.5,1.0,1.0,20.0,1.0,33.0,5,6.0,2,2,1,2,1,34,34,108,0.1587,0.0,0.2348,0.071,T3,False,none,0.652915,0.916188,0.643918,0.63307,0.625422,0.785041,0.736973,0.731268,0.704835,0.71717,0.212023,0.5,20.0,0.25,7.166667,11.333333,0.22222,2.638889
4194178e-d229-448d-967c-cd5871d4f9d1,4.0,0.4444444444444444,4.0,14922.24,3730.56,832.943962300786,77,0,1.0,4.0,6.0,1.0,1.0,1.0,3.0,1.3333333333333333,5.0,3.0,1.0,0.5,0.4444444444444444,3730.56,4763.69,0.3192342436524275,234.04527777777778,4.0,0.25,3.0,0.5,24.0,3.0,64.0,7,12.0,1,3,3,1,3,78,79,110,0.1928,0.0091,0.1832,0.0943,T3,False,none,0.629588,0.984182,0.892676,1.09319,0.231917,0.792929,0.812989,0.752947,0.880619,0.821038,0.732019,2.0,12.0,0.1,8.333333,39.0,0.888871,3.477778
566b7aaa-aacd-4ec2-9392-23c7454a3a90,5.0,0.5555555555555556,4.0,9003.61,1800.7220000000002,1507.222128310887,30,1,2.0,2.5,8.0,2.0,1.0,0.8,1.0,5.0,5.0,1.0,1.0,1.0,0.5555555555555556,1800.7220000000002,3558.2,0.3951970376326828,169.45527777777778,2.0,0.2,2.0,0.6,17.0,1.0,59.8,5,15.0,2,1,2,2,1,48,48,89,0.2523,0.0,0.1667,0.1056,T3,False,none,0.321003,0.790582,0.381135,0.441079,0.277908,0.712184,0.550311,0.54646,0.488771,0.515693,0.127435,0.666667,10.2,0.171429,6.333333,16.0,0.92591,2.390476
275bb5c3-6e07-4d18-9db9-641baa424b8c,5.0,0.5555555555555556,5.0,11478.2,2295.6400000000003,1287.221466706487,39,1,3.0,1.6666666666666667,9.0,3.0,1.0,0.6,3.0,1.6666666666666667,5.0,3.0,1.0,0.4,0.5555555555555556,2295.6400000000003,3646.93,0.3177266470352494,188.67194444444445,10.0,0.0,2.0,0.6,23.0,1.0,41.2,8,15.0,3,3,2,3,3,60,61,198,0.0889,0.0,0.2489,0.1724,T3,False,none,1.038394,1.009256,0.24654,1.23933,1.848264,0.704641,0.629973,0.77511,1.076469,0.935835,0.780853,1.0,13.8,0.225,8.333333,15.0,0.92591,3.186111
083f2dd2-1661-44dc-99d0-c0e5a9a99358,1.0,0.1111111111111111,1.0,3957.87,3957.87,0.0,57,1,1.0,1.0,3.0,1.0,1.0,1.0,1.0,1.0,2.0,1.0,1.0,1.0,0.1111111111111111,3957.87,3957.87,1.0,0.0,23.0,0.0,1.0,1.0,22.0,2.0,80.0,3,3.0,1,1,1,1,1,24,24,198,0.0889,0.0,0.2489,0.1724,T3,False,none,0.789906,0.796315,0.838331,0.915105,1.848264,1.084686,1.436966,1.11789,1.02494,1.068316,0.331296,1.0,22.0,0.5,8.0,12.0,0.11111,3.166667
e586722f-3ee3-441f-bfcd-ac1ad55125f1,4.0,0.4444444444444444,4.0,13838.67,3459.6675,579.2819041062825,51,0,1.0,4.0,3.0,1.0,1.0,1.0,3.0,1.3333333333333333,3.0,3.0,1.0,0.5,0.4444444444444444,3459.6675,4162.35,0.300776736492741,99.90277777777777,6.0,0.5,1.0,1.0,28.0,1.0,87.0,5,12.0,1,3,1,1,3,35,35,121,0.1789,0.0083,0.2434,0.1287,T3,False,none,0.807887,1.092164,1.030624,0.847777,0.804265,0.669211,0.532718,0.663335,0.939715,0.810738,0.664219,2.0,28.0,0.2,9.666667,17.5,0.44444,3.955556
80b46f88-abfe-4f73-a245-ef73896256e5,3.0,0.3333333333333333,3.0,9792.13,3264.043333333333,1138.3585769138535,67,1,1.0,3.0,6.0,1.0,1.0,1.0,1.0,3.0,2.0,1.0,1.0,1.0,0.3333333333333333,3264.043333333333,4578.17,0.46753566384433215,129.38194444444446,2.0,0.6666666666666666,2.0,0.6666666666666666,21.0,1.0,63.666666666666664,4,9.0,1,1,2,1,1,40,41,198,0.0889,0.0,0.2489,0.1724,T3,False,none,0.521681,0.739389,0.220959,0.487653,1.848264,0.397366,0.631985,0.511091,0.721794,0.623466,0.222126,1.0,14.0,0.166667,7.666667,20.0,0.499993,2.944444
226aac9f-3fc8-44dd-8da0-e5dd2eee37c6,7.0,0.7777777777777778,6.0,22150.12,3164.302857142857,1379.1100046372212,31,0,2.0,3.5,8.0,2.0,1.0,0.8571428571428571,1.0,7.0,4.0,1.0,1.0,1.0,0.7777777777777778,3164.302857142857,4556.55,0.20571220381650304,197.08583333333334,0.0,0.14285714285714285,3.0,0.42857142857142855,22.0,1.0,83.42857142857143,6,21.0,2,1,3,2,1,65,66,67,0.2687,0.0,0.1443,0.07,T3,False,none,0.451187,1.057738,0.772642,0.837565,0.56421,1.439175,1.06261,1.031371,0.833524,0.925853,0.301745,0.666667,9.428571,0.095238,7.666667,21.666667,1.814772,2.809524
7ec8c3d8-25df-44ff-9ec5-88011e56f847,4.0,0.4444444444444444,3.0,7376.9800000000005,1844.2450000000001,1337.995196615693,91,1,2.0,2.0,8.0,2.0,1.0,0.75,1.0,4.0,3.0,1.0,1.0,1.0,0.4444444444444444,1844.2450000000001,3406.63,0.46179195280453517,124.52638888888889,14.0,0.25,3.0,0.5,24.0,1.0,93.25,6,12.0,2,1,3,2,1,67,67,110,0.1928,0.0091,0.1832,0.0943,T3,False,none,0.389978,0.778458,0.874155,0.682034,0.231917,0.545294,0.386832,0.448097,0.671146,0.567056,0.28972,0.666667,12.0,0.166667,8.666667,22.333333,0.888871,3.166667
994f2093-5fdd-4724-876e-8cd28a6e3367,4.0,0.4444444444444444,4.0,3018.44,754.61,514.6236115194612,58,1,2.0,2.0,6.0,2.0,1.0,0.75,1.0,4.0,4.0,1.0,1.0,1.0,0.4444444444444444,754.61,1398.52,0.4633254263791892,205.715,12.0,0.0,3.0,0.5,25.0,0.0,72.5,6,12.0,2,1,3,2,1,79,79,110,0.1791,0.0,0.2044,0.1366,T3,False,none,0.439426,0.697421,0.918203,0.797809,0.622351,0.750674,0.998179,0.744248,0.768551,0.75721,0.451282,0.666667,12.5,0.166667,9.0,26.333333,0.888871,3.277778
d909e953-4744-4c1d-b833-efe2966ea871,9.0,1.0,4.0,22907.59,2545.2877777777776,1125.7298942772393,80,1,3.0,3.0,7.0,3.0,1.0,0.7777777777777778,2.0,4.5,3.0,2.0,1.0,0.8888888888888888,1.0,2545.2877777777776,3673.78,0.16037391973577317,132.39416666666668,8.0,0.2222222222222222,4.0,0.4444444444444444,28.0,3.0,68.77777777777777,9,27.0,3,2,4,3,2,88,89,30,0.8828,0.0333,0.0244,0.0217,T3,False,none,0.833644,0.723324,1.317072,1.733839,3.2248,1.432372,0.751725,1.034424,1.642877,1.358933,1.420117,0.75,12.444444,0.111111,10.0,22.0,2.249949,3.62037
267ea572-0b00-4c9f-8a22-2f6a882f267e,2.0,0.2222222222222222,2.0,4541.360000000001,2270.6800000000003,1986.6023596079817,61,1,1.0,2.0,3.0,1.0,1.0,1.0,1.0,2.0,5.0,1.0,1.0,1.0,0.2222222222222222,2270.6800000000003,3675.42,0.8093214367502245,38.34111111111111,10.0,0.5,1.0,1.0,18.0,3.0,72.0,3,6.0,1,1,1,1,1,23,23,89,0.2321,0.0,0.0992,0.0863,T3,False,none,0.681998,0.487191,1.050668,0.868069,0.403244,0.665754,0.612825,0.652752,0.73342,0.695775,0.17315,1.0,18.0,0.333333,6.666667,11.5,0.22222,2.666667
4b8aa4b9-616e-41c7-9767-cb5fdaecaa58,4.0,0.4444444444444444,4.0,11962.1,2990.525,1038.5923481809407,98,1,1.0,4.0,10.0,1.0,1.0,1.0,2.0,2.0,5.0,2.0,1.0,0.75,0.4444444444444444,2990.525,4010.84,0.33529564206953627,220.5113888888889,3.0,0.0,2.0,0.75,20.0,2.0,66.0,5,12.0,1,2,2,1,2,48,49,67,0.2469,0.0,0.1605,0.1111,T3,False,none,0.699006,0.316745,0.388581,0.338196,0.434357,0.699602,0.733773,0.710822,0.359357,0.523374,0.259915,1.5,15.0,0.15,7.333333,24.0,0.592585,2.994444
80b504b1-dcc6-40e4-8387-32082911af8d,2.0,0.2222222222222222,2.0,2760.65,1380.325,1942.0758455966645,55,1,1.0,2.0,4.0,1.0,1.0,1.0,2.0,1.0,4.0,2.0,1.0,0.5,0.2222222222222222,1380.325,2753.58,0.9974390089290565,170.45777777777778,15.0,0.0,1.0,1.0,20.0,1.0,90.0,4,6.0,1,2,1,1,2,26,26,89,0.2523,0.0,0.1667,0.1056,T3,False,none,0.622565,0.626569,0.865991,0.751943,0.277908,0.778962,1.045888,0.823253,0.665354,0.73904,0.315436,1.5,20.0,0.333333,7.333333,13.0,0.22222,3.055556
76629641-20e0-48cb-8a4a-74619cb8820a,5.0,0.5555555555555556,4.0,7963.59,1592.718,1737.239180271387,80,0,1.0,5.0,9.0,1.0,1.0,1.0,2.0,2.5,5.0,2.0,1.0,0.6,0.5555555555555556,1592.718,4248.52,0.5334930602906478,193.83666666666667,6.0,0.2,3.0,0.6,21.0,3.0,56.0,6,15.0,1,2,3,1,2,73,73,96,0.2355,0.0,0.1833,0.0828,T3,False,none,0.74748,0.417536,0.669623,0.755181,0.215092,0.793557,0.54647,0.69803,0.56293,0.625977,0.410096,1.5,12.6,0.1,7.333333,36.5,0.92591,2.977778
59b230cf-6b2c-4407-9851-8e24c2ea321c,6.0,0.6666666666666666,5.0,13038.34,2173.056666666667,1173.8665589182897,81,0,1.0,6.0,8.0,1.0,1.0,1.0,2.0,3.0,4.0,2.0,1.0,0.6666666666666666,0.6666666666666666,2173.056666666667,3998.74,0.3066908824282846,177.8163888888889,1.0,0.16666666666666666,5.0,0.3333333333333333,24.0,3.0,81.33333333333333,8,18.0,1,2,5,1,2,103,106,96,0.2355,0.0,0.1833,0.0828,T3,False,none,0.795954,0.461127,1.56073,1.454932,0.215092,0.93826,0.72324,0.825928,1.021882,0.930437,0.835757,1.5,8.0,0.047619,8.333333,51.5,1.99994,3.293651
0c3e13eb-328d-40fd-9c08-8dd300ce2666,1.0,0.1111111111111111,1.0,4541.82,4541.82,0.0,50,1,1.0,1.0,12.0,1.0,1.0,1.0,1.0,1.0,2.0,1.0,1.0,1.0,0.1111111111111111,4541.82,4541.82,1.0,0.0,18.0,0.0,1.0,1.0,24.0,1.0,30.0,3,3.0,1,1,1,1,1,35,35,84,0.204,0.0,0.1092,0.124,T3,False,none,0.79989,0.796315,0.715422,0.808977,0.51107,1.147797,1.469354,1.155581,0.73667,0.932162,0.252468,1.0,24.0,0.5,8.666667,17.5,0.11111,3.388889
65e7db0d-5ed0-4013-b8fd-2481fbac39d9,1.0,0.1111111111111111,1.0,971.72,971.72,0.0,94,1,1.0,1.0,9.0,1.0,1.0,1.0,1.0,1.0,4.0,1.0,1.0,1.0,0.1111111111111111,971.72,971.72,1.0,0.0,1.0,0.0,1.0,1.0,17.0,0.0,106.0,3,3.0,1,1,1,1,1,27,27,50,0.2482,0.04,0.0909,0.0909,T3,False,none,0.621592,0.634241,1.290202,0.886161,0.707334,1.335586,1.414737,1.157971,0.877552,1.008414,0.173865,1.0,17.0,0.5,6.333333,13.5,0.11111,2.611111
22786f72-20a9-4484-911f-3eeef9361427,7.0,0.7777777777777778,5.0,24515.09,3502.155714285714,1542.0795554473095,95,0,1.0,7.0,5.0,1.0,1.0,1.0,2.0,3.5,9.0,1.0,0.5,0.5714285714285714,0.7777777777777778,3502.155714285714,4920.01,0.2006931241125364,172.59416666666667,5.0,0.2857142857142857,4.0,0.5714285714285714,27.0,2.0,55.714285714285715,7,21.0,1,2,4,1,1,98,100,110,0.1928,0.0091,0.1832,0.0943,T3,False,none,1.012743,1.115919,0.895639,1.293016,0.231917,1.579022,0.920993,1.197885,0.989105,1.086536,0.812274,0.75,15.428571,0.035714,9.166667,49.0,1.361087,3.31746
ab5725ea-706f-43e0-9c13-a1d4e4df1794,2.0,0.2222222222222222,2.0,6663.25,3331.625,3.6840263299819385,83,1,1.0,2.0,7.0,1.0,1.0,1.0,1.0,2.0,3.0,1.0,1.0,1.0,0.2222222222222222,3331.625,3334.23,0.5003909503620606,66.855,13.0,0.5,1.0,1.0,18.0,2.0,84.0,3,6.0,1,1,1,1,1,24,25,198,0.0889,0.0,0.2489,0.1724,T3,False,none,0.444267,0.595173,0.969057,0.853648,1.848264,0.870368,0.598857,0.658121,0.978842,0.829172,0.320767,1.0,18.0,0.333333,6.666667,12.0,0.22222,2.666667
a10b1025-4a57-40be-9eba-8c38ce41ab4e,5.0,0.5555555555555556,5.0,12419.279999999999,2483.8559999999998,1177.5234405225233,89,1,1.0,5.0,4.0,1.0,1.0,1.0,2.0,2.5,4.0,2.0,1.0,0.8,0.5555555555555556,2483.8559999999998,4263.05,0.3432606399082717,177.46444444444444,0.0,0.4,2.0,0.8,24.0,2.0,30.2,5,15.0,1,2,2,1,2,48,48,96,0.2355,0.0,0.1833,0.0828,T3,False,none,0.856361,0.344201,0.474611,0.399654,0.215092,0.812794,0.658178,0.773703,0.370646,0.558739,0.247921,1.5,19.2,0.133333,8.666667,24.0,0.694436,3.433333
2aa25485-2e5b-4ffb-ba40-78b1e888086c,4.0,0.4444444444444444,2.0,8652.09,2163.0225,1435.4289671819363,67,1,1.0,4.0,1.0,0.0,0.0,1.0,2.0,2.0,5.0,1.0,0.5,0.5,0.4444444444444444,2163.0225,3278.13,0.3788830213277948,21.63083333333333,3.0,0.0,2.0,0.5,20.0,1.0,88.0,5,12.0,1,2,2,0,1,41,41,134,0.1691,0.0224,0.2258,0.1728,T3,False,none,1.979993,0.715045,0.583906,0.565918,1.123263,0.439929,0.589598,0.929837,0.699838,0.807171,0.257423,0.75,10.0,0.05,7.166667,20.5,0.888871,2.655556
a5e619dd-af64-4e28-b930-3fea1d8d6e62,2.0,0.2222222222222222,2.0,7136.4400000000005,3568.2200000000003,35.96345089114774,100,0,1.0,2.0,12.0,1.0,1.0,1.0,1.0,2.0,2.0,1.0,1.0,1.0,0.2222222222222222,3568.2200000000003,3593.65,0.5035634013597816,41.208333333333336,2.0,0.5,1.0,1.0,20.0,3.0,108.0,3,6.0,1,1,1,1,1,31,31,134,0.1691,0.0224,0.2258,0.1728,T3,False,none,0.691983,0.67621,1.281054,0.790885,1.123263,0.98249,0.634649,0.783541,0.919731,0.856176,0.321688,1.0,20.0,0.333333,7.0,15.5,0.22222,2.777778
15469b94-0f42-453b-9cd1-88eef7c04977,4.0,0.4444444444444444,4.0,9097.87,2274.4675,1682.6782065777363,81,1,1.0,4.0,8.0,1.0,1.0,1.0,3.0,1.3333333333333333,9.0,3.0,1.0,0.5,0.4444444444444444,2274.4675,4185.1,0.460008771283828,88.91638888888889,3.0,0.5,3.0,0.5,28.0,1.0,90.0,7,12.0,1,3,3,1,3,79,81,134,0.1691,0.0224,0.2258,0.1728,T3,False,none,0.58014,1.30833,0.990363,1.107611,1.123263,0.575918,0.403767,0.519741,1.135973,0.848398,1.158776,2.0,14.0,0.1,10.0,39.5,0.888871,4.033333
c52f8dc8-1552-4728-967c-825443b6088d,7.0,0.7777777777777778,7.0,22444.38,3206.34,1607.3365625157664,95,1,2.0,3.5,7.0,2.0,1.0,0.7142857142857143,1.0,7.0,6.0,1.0,1.0,1.0,0.7777777777777778,3206.34,4952.38,0.22065122761243572,233.99583333333334,17.0,0.14285714285714285,2.0,0.7142857142857143,24.0,2.0,46.57142857142857,5,21.0,2,1,2,2,1,55,55,67,0.2469,0.0,0.1605,0.1111,T3,False,none,0.475502,1.111831,0.274029,0.566688,0.434357,1.664498,1.25386,1.187905,0.619948,0.884995,0.248791,0.666667,17.142857,0.15873,8.666667,18.333333,1.088874,3.164021
490b7d43-362b-498c-8e61-e0fdbd980435,4.0,0.4444444444444444,4.0,8067.66,2016.915,1903.1453143414979,46,0,1.0,4.0,6.0,1.0,1.0,1.0,1.0,4.0,2.0,1.0,1.0,1.0,0.4444444444444444,2016.915,4865.86,0.6031315152101104,148.2186111111111,0.0,0.25,2.0,0.75,25.0,0.0,65.0,4,12.0,1,1,2,1,1,52,52,43,0.4131,0.0,0.082,0.0328,T3,False,none,0.629588,0.859495,0.563027,0.413445,1.59323,0.5411,0.542857,0.566968,0.752751,0.666053,0.319627,1.0,18.75,0.15,8.666667,26.0,0.592585,3.272222
1fd8c9a1-b9b0-434e-8a26-07bb24c7bc34,2.0,0.2222222222222222,1.0,5656.0199999999995,2828.0099999999998,2046.9892787213125,72,1,2.0,1.0,8.0,2.0,1.0,0.5,2.0,1.0,5.0,2.0,1.0,0.5,0.2222222222222222,2828.0099999999998,4275.45,0.755911400596179,7.276666666666666,8.0,0.0,2.0,0.5,24.0,0.0,101.0,6,6.0,2,2,2,2,2,62,62,134,0.1691,0.0224,0.2258,0.1728,T3,False,none,0.6629,0.599624,0.921655,0.535974,1.123263,0.829671,0.740022,0.752139,0.730118,0.740395,0.478538,1.0,12.0,0.25,8.666667,20.666667,0.444436,3.305556
5e784399-14da-4e0f-ab8c-dc54b06b2dfb,1.0,0.1111111111111111,1.0,4786.28,4786.28,0.0,89,0,1.0,1.0,5.0,1.0,1.0,1.0,1.0,1.0,3.0,1.0,1.0,1.0,0.1111111111111111,4786.28,4786.28,1.0,0.0,1.0,1.0,1.0,1.0,20.0,0.0,35.0,3,3.0,1,1,1,1,1,25,25,134,0.1691,0.0224,0.2258,0.1728,T3,False,none,0.67104,0.715278,0.809453,0.905457,1.123263,1.348568,1.617494,1.24463,0.874213,1.047074,0.321688,1.0,20.0,0.5,7.0,12.5,0.11111,2.833333
92d2f155-ea52-4a6f-bb22-c0622786fb6f,5.0,0.5555555555555556,4.0,10011.619999999999,2002.3239999999998,842.2910465094591,69,1,2.0,2.5,9.0,2.0,1.0,0.8,3.0,1.6666666666666667,8.0,3.0,1.0,0.6,0.5555555555555556,2002.3239999999998,3169.93,0.31662508165511677,173.08555555555554,7.0,0.0,2.0,0.6,23.0,0.0,75.6,7,15.0,2,3,2,2,3,66,67,84,0.204,0.0,0.1092,0.124,T3,False,none,0.380436,1.122148,0.5989,0.935928,0.51107,0.63796,0.600696,0.55196,0.841459,0.70636,0.777992,1.333333,13.8,0.171429,8.333333,22.0,0.92591,3.279365
4f1c69b2-9508-4ddd-b138-790c3d967787,5.0,0.5555555555555556,4.0,11331.16,2266.232,1664.3534394683122,62,1,2.0,2.5,7.0,2.0,1.0,0.8,3.0,1.6666666666666667,5.0,3.0,1.0,0.6,0.5555555555555556,2266.232,4934.02,0.43543820756215607,145.13194444444446,14.0,0.2,1.0,1.0,17.0,2.0,109.0,6,15.0,2,3,1,2,3,38,38,50,0.2482,0.04,0.0909,0.0909,T3,False,none,0.311018,0.879037,1.214739,0.946971,0.707334,0.651544,0.617586,0.542931,0.945833,0.757812,0.572277,1.333333,17.0,0.285714,6.333333,12.666667,0.55555,2.650794
1f65a9bb-6fb5-425d-917d-5c575a8a79d3,4.0,0.4444444444444444,3.0,11404.59,2851.1475,1833.348980497621,88,1,2.0,2.0,8.0,2.0,1.0,0.75,2.0,2.0,4.0,2.0,1.0,0.75,0.4444444444444444,2851.1475,4999.49,0.43837525066661753,200.9036111111111,4.0,0.0,2.0,0.75,23.0,1.0,58.75,6,12.0,2,2,2,2,2,59,60,43,0.4131,0.0,0.082,0.0328,T3,False,none,0.389978,0.34369,0.256513,0.470026,1.59323,0.649272,0.702364,0.592885,0.581161,0.586632,0.467,1.0,17.25,0.25,8.333333,19.666667,0.592585,3.194444
3fbd3478-e314-4d37-b575-eb3a38c4f4c9,2.0,0.2222222222222222,2.0,8172.299999999999,4086.1499999999996,291.34213598448116,73,1,1.0,2.0,3.0,1.0,1.0,1.0,1.0,2.0,3.0,1.0,1.0,1.0,0.2222222222222222,4086.1499999999996,4292.16,0.5252083256855475,86.62944444444445,0.0,0.0,2.0,0.5,21.0,0.0,70.0,4,6.0,1,1,2,1,1,43,44,154,0.1225,0.0,0.2652,0.1509,T3,False,none,0.681998,0.595173,0.579291,0.515394,1.400021,0.826842,0.766602,0.765378,0.696089,0.728424,0.172624,1.0,10.5,0.166667,7.666667,21.5,0.444436,2.944444
4bd889b2-4fac-4475-9d16-6ed488ea0cb4,4.0,0.4444444444444444,4.0,11481.490000000002,2870.3725000000004,1502.3359390934063,44,1,2.0,2.0,7.0,2.0,1.0,0.75,1.0,4.0,5.0,1.0,1.0,1.0,0.4444444444444444,2870.3725000000004,4300.39,0.3745498188823924,156.34944444444446,14.0,0.5,3.0,0.5,30.0,3.0,78.0,6,12.0,2,1,3,2,1,74,75,89,0.2321,0.0,0.0992,0.0863,T3,False,none,0.379993,0.670476,1.225395,0.754343,0.403244,0.549464,0.642603,0.53209,0.772995,0.660573,0.447673,0.666667,15.0,0.166667,10.666667,24.666667,0.888871,3.833333
66b4a881-0981-4697-97ce-35e1b3b2ab42,3.0,0.3333333333333333,3.0,11694.380000000001,3898.126666666667,996.3298940277429,34,0,1.0,3.0,9.0,1.0,1.0,1.0,2.0,1.5,3.0,2.0,1.0,0.6666666666666666,0.3333333333333333,3898.126666666667,4561.84,0.39008823041495144,118.98722222222223,18.0,0.3333333333333333,2.0,0.6666666666666666,27.0,1.0,84.66666666666667,5,9.0,1,2,2,1,2,53,53,67,0.2469,0.0,0.1605,0.1111,T3,False,none,0.531665,0.539038,0.58701,0.321003,0.434357,0.575636,0.72785,0.613811,0.449822,0.52635,0.325963,1.5,18.0,0.166667,9.333333,26.5,0.499993,3.666667
82139c08-355c-4f81-bcc5-798254420c9b,4.0,0.4444444444444444,2.0,8969.49,2242.3725,1979.0325493259747,55,0,1.0,4.0,7.0,1.0,1.0,1.0,2.0,2.0,5.0,2.0,1.0,0.75,0.4444444444444444,2242.3725,4687.53,0.5226083088336126,27.875,3.0,0.0,4.0,0.25,21.0,2.0,60.75,7,12.0,1,2,4,1,2,80,81,154,0.1225,0.0,0.2652,0.1509,T3,False,none,0.570155,0.316745,0.985035,0.940459,1.400021,0.47608,0.583102,0.538633,0.870411,0.715581,0.686425,1.5,5.25,0.05,7.333333,40.0,1.777707,2.961111
49459b09-3b4b-4ba3-bc4b-3fe51abf85a3,3.0,0.3333333333333333,3.0,10774.69,3591.5633333333335,379.98826459949163,61,0,2.0,1.5,11.0,2.0,1.0,0.6666666666666666,1.0,3.0,3.0,1.0,1.0,1.0,0.3333333333333333,3591.5633333333335,3998.48,0.3710993077295031,73.34166666666667,0.0,0.3333333333333333,1.0,1.0,24.0,1.0,30.0,4,9.0,2,1,1,2,1,39,39,84,0.204,0.0,0.1092,0.124,T3,False,none,0.677235,0.658352,0.715422,0.61126,0.51107,0.555777,0.584725,0.600129,0.628035,0.615012,0.252468,0.666667,24.0,0.4,8.333333,13.0,0.33333,3.133333
b531ae93-2e96-4ef8-8168-8762ce1f9d5b,3.0,0.3333333333333333,2.0,9903.380000000001,3301.126666666667,1942.8446935957934,51,0,1.0,3.0,5.0,1.0,1.0,1.0,1.0,3.0,7.0,1.0,1.0,1.0,0.3333333333333333,3301.126666666667,4485.17,0.4528928507236923,108.62194444444444,11.0,0.0,2.0,0.6666666666666666,23.0,1.0,60.0,4,9.0,1,1,2,1,1,45,46,121,0.174,0.0,0.2013,0.1186,T3,False,none,0.581114,0.712445,0.236514,0.439413,0.581664,0.559091,0.535252,0.557437,0.489109,0.520995,0.228246,1.0,15.333333,0.166667,8.0,22.5,0.499993,3.055556
cf58573a-c90e-4206-ad28-91621732d63b,2.0,0.2222222222222222,1.0,5952.0,2976.0,1070.234397597087,51,1,2.0,1.0,5.0,2.0,1.0,0.5,1.0,2.0,3.0,1.0,1.0,1.0,0.2222222222222222,2976.0,3732.77,0.627145497311828,18.170555555555556,4.0,0.0,2.0,0.5,21.0,2.0,58.5,5,6.0,2,1,2,2,1,46,46,67,0.2687,0.0,0.1443,0.07,T3,False,none,0.771781,0.595173,0.382138,0.445467,0.56421,0.59954,0.646287,0.664334,0.48949,0.571084,0.094919,0.666667,10.5,0.25,7.666667,15.333333,0.444436,2.861111
be7a5a9b-75e2-4e0e-9fe6-b8159e3cc229,3.0,0.3333333333333333,3.0,8025.139999999999,2675.0466666666666,1466.8554241755842,72,1,1.0,3.0,7.0,1.0,1.0,1.0,2.0,1.5,4.0,2.0,1.0,0.6666666666666666,0.3333333333333333,2675.0466666666666,4011.43,0.49985794640342723,100.64805555555556,0.0,0.3333333333333333,1.0,1.0,18.0,3.0,73.0,4,9.0,1,2,1,1,2,29,29,121,0.174,0.0,0.2013,0.1186,T3,False,none,0.462248,0.458001,1.059061,0.666314,0.581664,0.381832,0.328614,0.387069,0.68195,0.544338,0.30101,1.5,18.0,0.25,6.666667,14.5,0.33333,2.805556
c1db66b8-ae8c-44ec-a5e7-2bb506eb82b9,4.0,0.4444444444444444,4.0,10151.92,2537.98,1332.2807295011064,88,0,1.0,4.0,7.0,1.0,1.0,1.0,1.0,4.0,8.0,1.0,1.0,1.0,0.4444444444444444,2537.98,3864.54,0.3806708484700431,167.20888888888888,7.0,0.0,3.0,0.5,30.0,0.0,63.25,5,12.0,1,1,3,1,1,81,81,89,0.2321,0.0,0.0992,0.0863,T3,False,none,0.570155,0.913587,1.019927,0.745652,0.403244,0.585784,0.438106,0.532093,0.787708,0.668421,0.56025,1.0,15.0,0.1,10.333333,40.5,0.888871,3.811111
5851f302-8f49-46f6-815e-5829a5a5d026,2.0,0.2222222222222222,2.0,3908.86,1954.43,2626.123874648719,46,1,1.0,2.0,4.0,1.0,1.0,1.0,2.0,1.0,12.0,2.0,1.0,0.5,0.2222222222222222,1954.43,3811.38,0.9750617827192583,64.22666666666667,6.0,0.5,2.0,0.5,21.0,3.0,45.0,5,6.0,1,2,2,1,2,58,58,121,0.174,0.0,0.2013,0.1186,T3,False,none,0.622565,1.166883,0.506038,0.425928,0.581664,0.834605,0.6603,0.715921,0.653812,0.682796,0.556117,1.5,10.5,0.166667,7.666667,29.0,0.444436,3.111111
c76d3c9b-9531-4d0e-a359-f92b269bd6c0,2.0,0.2222222222222222,2.0,2768.4,1384.2,1795.881518586346,75,1,1.0,2.0,7.0,1.0,1.0,1.0,1.0,2.0,6.0,1.0,1.0,1.0,0.2222222222222222,1384.2,2654.08,0.9587053893945962,67.9275,10.0,0.5,1.0,1.0,19.0,3.0,35.0,3,6.0,1,1,1,1,1,29,29,110,0.1791,0.0,0.2044,0.1366,T3,False,none,0.444267,0.568228,0.927004,0.810181,0.622351,0.859585,0.846346,0.73651,0.742726,0.739825,0.297294,1.0,19.0,0.333333,7.0,14.5,0.22222,2.777778
70ed427e-6afe-49f8-95f2-87dd09b03780,4.0,0.4444444444444444,4.0,8672.63,2168.1575,1354.0655925858982,76,1,1.0,4.0,8.0,1.0,1.0,1.0,2.0,2.0,6.0,2.0,1.0,0.75,0.4444444444444444,2168.1575,4079.39,0.4703751918391538,181.51527777777778,4.0,0.25,1.0,1.0,21.0,3.0,95.0,4,12.0,1,2,1,1,2,33,33,96,0.2355,0.0,0.1833,0.0828,T3,False,none,0.58014,0.397782,1.136082,0.64263,0.215092,0.4956,0.392968,0.485543,0.612964,0.553501,0.324732,1.5,21.0,0.2,7.666667,16.5,0.44444,3.122222
0ce6b631-83c2-42ea-b9e4-713a4f546d63,4.0,0.4444444444444444,3.0,15832.05,3958.0125,1050.9931280896496,37,0,1.0,4.0,12.0,1.0,1.0,1.0,2.0,2.0,7.0,2.0,1.0,0.75,0.4444444444444444,3958.0125,4833.92,0.30532495791764175,198.075,0.0,0.0,2.0,0.75,25.0,0.0,28.5,5,12.0,1,2,2,1,2,62,62,129,0.1169,0.0,0.1879,0.1099,T3,False,none,0.817871,0.478819,0.588531,0.422743,0.675501,0.686826,1.004136,0.830037,0.513428,0.661179,0.411365,1.5,18.75,0.15,8.666667,31.0,0.592585,3.438889
d4f7ca5f-86fc-4b84-934f-94abe1c9b1d1,4.0,0.4444444444444444,3.0,12158.119999999999,3039.5299999999997,1545.0311516816307,35,0,2.0,2.0,4.0,2.0,1.0,0.75,2.0,2.0,8.0,2.0,1.0,0.5,0.4444444444444444,3039.5299999999997,4978.75,0.40949998848506186,99.60638888888889,0.0,0.0,2.0,0.5,25.0,0.0,63.5,6,12.0,2,2,2,2,2,57,58,121,0.1789,0.0083,0.2434,0.1287,T3,False,none,0.558292,0.722629,0.642809,0.45073,0.804265,0.566355,0.673851,0.599883,0.617644,0.609356,0.505968,1.0,12.5,0.166667,8.666667,19.0,0.888871,3.277778
5c53e555-969c-4105-891a-895459e24e66,3.0,0.3333333333333333,3.0,8598.51,2866.17,885.5436142844687,75,1,2.0,1.5,4.0,2.0,1.0,0.6666666666666666,1.0,3.0,4.0,1.0,1.0,1.0,0.3333333333333333,2866.17,3497.65,0.40677396432637747,124.87083333333334,0.0,0.0,1.0,1.0,25.0,2.0,70.0,4,9.0,2,1,1,2,1,32,32,96,0.2355,0.0,0.1833,0.0828,T3,False,none,0.667251,0.577315,0.862019,0.678796,0.215092,0.392894,0.489246,0.503399,0.614313,0.562553,0.221108,0.666667,25.0,0.4,9.0,10.666667,0.33333,3.355556
c90bf8c3-22fc-4d30-840e-b323ef82733e,2.0,0.2222222222222222,2.0,3919.96,1959.98,2151.5420873875555,31,0,2.0,1.0,7.0,2.0,1.0,0.5,2.0,1.0,7.0,2.0,1.0,0.5,0.2222222222222222,1959.98,3481.35,0.8881085521280829,56.21388888888889,10.0,0.0,1.0,1.0,22.0,1.0,82.0,5,6.0,2,2,1,2,2,37,37,121,0.174,0.0,0.2013,0.1186,T3,False,none,0.652915,0.761698,0.773437,0.600059,0.581664,0.839395,0.691103,0.736685,0.673523,0.702999,0.414695,1.0,22.0,0.5,7.666667,12.333333,0.22222,3.055556
08a55525-598b-477a-931f-a60a42f52b7a,0.0,0.0,0.0,0.0,0.0,0.0,81,1,0.0,0.0,0.0,0.0,0.0,0.0,0.0,0.0,0.0,0.0,0.0,0.0,0.0,0.0,0.0,0.0,0.0,0.0,0.0,0.0,0.0,0.0,0.0,0.0,0,0.0,0,0,0,0,0,0,0,1,0.0,0.0,0.0,0.0,T3,False,none,2.767811,2.428211,2.297128,2.075966,2.409508,1.621938,1.781581,2.002545,2.265693,2.142891,0.0,0.0,0.0,0.0,0.333333,0.0,0.0,0.111111
1e63f683-8f52-4f62-801c-71f77882bc23,4.0,0.4444444444444444,3.0,6521.9400000000005,1630.4850000000001,1882.9589651131541,76,0,1.0,4.0,11.0,1.0,1.0,1.0,2.0,2.0,5.0,2.0,1.0,0.75,0.4444444444444444,1630.4850000000001,4398.38,0.6743974952238138,227.52944444444444,0.0,0.0,2.0,0.5,24.0,1.0,72.5,5,12.0,1,2,2,1,2,57,60,89,0.2523,0.0,0.1667,0.1056,T3,False,none,0.758439,0.316745,0.50015,0.388822,0.277908,0.614909,0.865818,0.739554,0.375511,0.545397,0.30028,1.5,12.0,0.1,8.333333,28.5,0.888871,3.311111
dd25f23a-5c0c-441c-9f95-e027a69ac954,3.0,0.3333333333333333,3.0,9308.35,3102.7833333333333,1693.0596522962012,62,1,1.0,3.0,3.0,1.0,1.0,1.0,2.0,1.5,4.0,2.0,1.0,0.6666666666666666,0.3333333333333333,3102.7833333333333,4661.13,0.5007471786084537,59.2375,2.0,0.6666666666666666,2.0,0.6666666666666666,23.0,3.0,82.0,5,9.0,1,2,2,1,2,43,43,198,0.0889,0.0,0.2489,0.1724,T3,False,none,0.699979,0.458001,0.685147,0.376301,1.848264,0.435738,0.658886,0.585619,0.706396,0.650033,0.353074,1.5,15.333333,0.166667,8.333333,21.5,0.499993,3.333333
d629857c-e532-4444-b204-8422135e563d,3.0,0.3333333333333333,3.0,7093.98,2364.66,1101.5486558023663,47,1,2.0,1.5,6.0,2.0,1.0,0.6666666666666666,1.0,3.0,2.0,1.0,1.0,1.0,0.3333333333333333,2364.66,3548.41,0.5002001697213694,50.67722222222222,1.0,0.0,3.0,0.3333333333333333,23.0,0.0,56.666666666666664,6,9.0,2,1,3,2,1,61,61,96,0.2355,0.0,0.1833,0.0828,T3,False,none,0.548385,0.739389,0.836442,0.609238,0.215092,0.24968,0.435412,0.396935,0.623419,0.517726,0.270201,0.666667,7.666667,0.133333,8.333333,20.333333,0.99997,3.044444
529539fa-4280-4bd3-b7a9-82bfe4e6c3d8,0.0,0.0,0.0,0.0,0.0,0.0,36,1,0.0,0.0,0.0,0.0,0.0,0.0,0.0,0.0,0.0,0.0,0.0,0.0,0.0,0.0,0.0,0.0,0.0,0.0,0.0,0.0,0.0,0.0,0.0,0.0,0,0.0,0,0,0,0,0,0,0,1,0.0,0.0,0.0,0.0,T3,False,none,2.767811,2.428211,2.297128,2.075966,2.409508,1.571858,1.781581,1.983467,2.265693,2.133988,0.0,0.0,0.0,0.0,0.333333,0.0,0.0,0.111111
1a6ed539-df1e-413e-82f4-4d8ee70e5908,4.0,0.4444444444444444,3.0,7227.8,1806.95,1517.5317489265256,76,1,2.0,2.0,7.0,2.0,1.0,0.75,1.0,4.0,2.0,1.0,1.0,1.0,0.4444444444444444,1806.95,3134.48,0.43366999640277815,214.84416666666667,10.0,0.0,2.0,0.75,28.0,0.0,93.0,5,12.0,2,1,2,2,1,55,56,121,0.1789,0.0083,0.2434,0.1287,T3,False,none,0.379993,0.859495,0.905628,0.401406,0.804265,0.504616,0.645959,0.516124,0.688118,0.607854,0.268375,0.666667,21.0,0.25,10.0,18.333333,0.592585,3.638889
5a308c33-ed0a-4da4-b6cd-b2aae2211870,3.0,0.3333333333333333,3.0,9075.98,3025.3266666666664,1255.72928596626,86,1,2.0,1.5,7.0,2.0,1.0,0.6666666666666666,2.0,1.5,3.0,2.0,1.0,0.6666666666666666,0.3333333333333333,3025.3266666666664,3886.27,0.4281928783448179,134.61416666666668,2.0,0.3333333333333333,3.0,0.3333333333333333,24.0,1.0,36.666666666666664,7,9.0,2,2,3,2,2,72,72,84,0.204,0.0,0.1092,0.124,T3,False,none,0.488952,0.539038,0.716895,0.745423,0.51107,0.472632,0.391839,0.450364,0.648824,0.55621,0.530121,1.0,8.0,0.133333,8.666667,24.0,0.99997,3.266667
3f6d26b8-f62f-4370-bbde-2ba8475a1c37,3.0,0.3333333333333333,3.0,3302.85,1100.95,1290.3461062443673,37,1,2.0,1.5,10.0,2.0,1.0,0.6666666666666666,1.0,3.0,9.0,1.0,1.0,1.0,0.3333333333333333,1100.95,2569.68,0.7780189836050683,180.75583333333333,2.0,0.3333333333333333,3.0,0.3333333333333333,24.0,2.0,79.66666666666667,6,9.0,2,1,3,2,1,80,82,154,0.1225,0.0,0.2652,0.1509,T3,False,none,0.617802,0.874519,0.964698,0.802095,1.400021,0.582203,0.738047,0.644322,0.953731,0.80934,0.66345,0.666667,8.0,0.133333,8.666667,26.666667,0.99997,3.155556
b2d0d49a-f807-4291-9b47-bec05acb8172,6.0,0.6666666666666666,4.0,12120.38,2020.0633333333333,1112.3640217243035,44,1,2.0,3.0,8.0,2.0,1.0,0.8333333333333334,3.0,2.0,5.0,2.0,0.6666666666666666,0.6666666666666666,0.6666666666666666,2020.0633333333333,3435.74,0.28346801007889194,229.62444444444444,6.0,0.0,1.0,1.0,16.0,2.0,53.0,6,18.0,2,3,1,2,2,36,36,129,0.1169,0.0,0.1879,0.1099,T3,False,none,0.381518,0.703016,0.780633,0.882721,0.675501,0.740839,0.787126,0.653605,0.78199,0.722077,0.431755,0.888889,16.0,0.166667,5.888889,12.0,0.66666,2.314815
f3cc7061-662b-47f3-a5ab-9aea30ee5828,5.0,0.5555555555555556,3.0,17681.55,3536.31,937.2199122938011,89,1,2.0,2.5,5.0,2.0,1.0,0.8,1.0,5.0,3.0,1.0,1.0,1.0,0.5555555555555556,3536.31,4369.25,0.24710786101897175,182.3525,15.0,0.4,1.0,1.0,19.0,3.0,64.0,4,15.0,2,1,1,2,1,27,27,50,0.2482,0.04,0.0909,0.0909,T3,False,none,0.429884,0.898564,0.947658,0.798629,0.707334,0.913798,0.915522,0.776112,0.839444,0.809889,0.173865,0.666667,19.0,0.285714,7.0,9.0,0.55555,2.650794
0757ea47-0498-42ca-a5ac-df9a434744cd,5.0,0.5555555555555556,3.0,12525.89,2505.178,1583.1153675174783,97,1,1.0,5.0,5.0,1.0,1.0,1.0,2.0,2.5,8.0,2.0,1.0,0.6,0.5555555555555556,2505.178,4885.76,0.3900529223871518,141.1425,1.0,0.2,3.0,0.4,24.0,1.0,66.0,6,15.0,1,2,3,1,2,61,62,108,0.1587,0.0,0.2348,0.071,T3,False,none,0.796928,0.660647,0.719178,0.644178,0.625422,0.76378,0.593631,0.716535,0.660794,0.686806,0.509759,1.5,9.6,0.066667,8.666667,30.5,1.388854,3.411111
86b1aaf7-6965-4391-90bd-41cf0652c877,2.0,0.2222222222222222,2.0,6975.54,3487.77,1154.9599321188591,92,1,1.0,2.0,9.0,1.0,1.0,1.0,1.0,2.0,3.0,1.0,1.0,1.0,0.2222222222222222,3487.77,4304.45,0.6170776742732462,84.99111111111111,5.0,0.0,2.0,0.5,21.0,0.0,78.0,4,6.0,1,1,2,1,1,47,48,40,0.459,0.0,0.0615,0.0469,T3,False,none,0.513684,0.595173,0.646431,0.476802,1.728531,0.749881,0.62145,0.639586,0.750355,0.698663,0.277738,1.0,10.5,0.166667,7.666667,23.5,0.444436,2.944444
ccf3d2ff-9930-479e-bd80-4ff2eb6d25d9,2.0,0.2222222222222222,2.0,4686.639999999999,2343.3199999999997,1552.3115167388278,57,1,2.0,1.0,10.0,2.0,1.0,0.5,1.0,2.0,5.0,1.0,1.0,1.0,0.2222222222222222,2343.3199999999997,3440.97,0.7342083027499445,71.55472222222222,18.0,0.0,2.0,0.5,21.0,0.0,65.0,5,6.0,2,1,2,2,1,51,53,50,0.2482,0.04,0.0909,0.0909,T3,False,none,0.781766,0.487191,0.537329,0.409364,0.707334,0.556389,0.708485,0.671481,0.505142,0.582767,0.091638,0.666667,10.5,0.25,7.666667,17.0,0.444436,2.861111
4dfb1ebb-2ddb-422b-bd63-19a2c3ce151b,1.0,0.1111111111111111,1.0,3858.13,3858.13,0.0,105,0,1.0,1.0,8.0,1.0,1.0,1.0,1.0,1.0,2.0,1.0,1.0,1.0,0.1111111111111111,3858.13,3858.13,1.0,0.0,2.0,1.0,1.0,1.0,22.0,2.0,80.0,3,3.0,1,1,1,1,1,29,29,198,0.0889,0.0,0.2489,0.1724,T3,False,none,0.562159,0.796315,0.838331,0.866865,1.848264,1.338844,1.359801,1.123919,1.00685,1.061482,0.331296,1.0,22.0,0.5,7.666667,14.5,0.11111,3.055556
802a45b3-e390-4cdd-a890-c47d49b8ec26,1.0,0.1111111111111111,1.0,2072.68,2072.68,0.0,35,0,1.0,1.0,9.0,1.0,1.0,1.0,1.0,1.0,1.0,0.0,0.0,1.0,0.1111111111111111,2072.68,2072.68,1.0,0.0,5.0,0.0,1.0,1.0,26.0,1.0,73.0,3,3.0,1,1,1,1,0,33,33,110,0.1791,0.0,0.2044,0.1366,T3,False,none,0.621592,1.652105,0.841388,0.968505,0.622351,1.066027,1.044213,0.931774,1.05523,0.997617,0.285302,0.0,26.0,0.0,8.666667,16.5,0.11111,2.888889
68cf8661-e4f4-4b9d-af3b-766f93f042cf,3.0,0.3333333333333333,3.0,8093.43,2697.81,1150.0004029129732,46,0,2.0,1.5,9.0,2.0,1.0,0.6666666666666666,1.0,3.0,4.0,1.0,1.0,1.0,0.3333333333333333,2697.81,4014.38,0.4960047841273724,218.73944444444444,5.0,0.3333333333333333,2.0,0.6666666666666666,19.0,3.0,73.33333333333333,5,9.0,2,1,2,2,1,51,51,198,0.0889,0.0,0.2489,0.1724,T3,False,none,0.55837,0.577315,0.637827,0.344603,1.848264,0.280836,0.418058,0.405872,0.71448,0.570463,0.223788,0.666667,12.666667,0.266667,6.666667,17.0,0.499993,2.533333
444c00e8-a808-4dd6-b536-d9764929b87a,3.0,0.3333333333333333,2.0,10134.470000000001,3378.156666666667,1528.4662608750425,49,1,3.0,1.0,11.0,3.0,1.0,0.3333333333333333,1.0,3.0,3.0,1.0,1.0,1.0,0.3333333333333333,3378.156666666667,4985.13,0.4918984416550643,19.071666666666665,3.0,0.0,3.0,0.3333333333333333,22.0,0.0,64.0,7,9.0,3,1,3,3,1,70,72,95,0.2056,0.0211,0.1855,0.0916,T3,False,none,1.405213,0.658352,0.862115,1.066905,0.105784,0.504446,0.747945,0.842974,0.761915,0.799743,0.310821,0.5,7.333333,0.166667,8.0,17.5,0.99997,2.888889
4bab54f9-63c3-4fe5-a79c-61dd7380159b,3.0,0.3333333333333333,3.0,9848.31,3282.77,1353.2455221060218,83,0,1.0,3.0,6.0,1.0,1.0,1.0,2.0,1.5,4.0,1.0,0.5,0.6666666666666666,0.3333333333333333,3282.77,4845.36,0.4919991348769484,128.33138888888888,22.0,0.0,1.0,1.0,27.0,0.0,83.0,4,9.0,1,2,1,1,1,34,34,110,0.1928,0.0091,0.1832,0.0943,T3,False,none,0.521681,0.693528,1.143503,0.622141,0.231917,0.532022,0.839631,0.631604,0.683568,0.659318,0.252624,0.75,27.0,0.125,9.166667,17.0,0.33333,3.347222
6a2877bb-4f77-48d7-ad2b-03782b4bca8e,1.0,0.1111111111111111,1.0,4396.41,4396.41,0.0,81,0,1.0,1.0,9.0,1.0,1.0,1.0,1.0,1.0,5.0,1.0,1.0,1.0,0.1111111111111111,4396.41,4396.41,1.0,0.0,5.0,1.0,1.0,1.0,25.0,1.0,106.0,3,3.0,1,1,1,1,1,36,36,43,0.4131,0.0,0.082,0.0328,T3,False,none,0.621592,0.607297,1.082468,0.799329,1.59323,1.265935,1.426739,1.135438,0.942625,1.032604,0.406479,1.0,25.0,0.5,8.666667,18.0,0.11111,3.388889
01ea3db2-41b7-4a16-bb41-79109c377f22,5.0,0.5555555555555556,4.0,11713.69,2342.7380000000003,1610.594861524772,67,0,2.0,2.5,7.0,2.0,1.0,0.8,1.0,5.0,4.0,1.0,1.0,1.0,0.5555555555555556,2342.7380000000003,4204.46,0.35893557026009737,55.87277777777778,2.0,0.2,1.0,1.0,24.0,0.0,46.0,4,15.0,2,1,1,2,1,37,37,108,0.1587,0.0,0.2348,0.071,T3,False,none,0.311018,0.817527,0.763464,0.702149,0.625422,0.676362,0.550427,0.53,0.73098,0.637189,0.176585,0.666667,24.0,0.285714,8.333333,12.333333,0.55555,3.095238
14b08cad-44d9-4a08-a77c-1fbb17ce7d88,3.0,0.3333333333333333,3.0,4328.46,1442.82,1546.5162166301393,96,0,1.0,3.0,7.0,1.0,1.0,1.0,2.0,1.5,5.0,2.0,1.0,0.6666666666666666,0.3333333333333333,1442.82,3157.08,0.729377191888108,57.53333333333333,6.0,0.0,2.0,0.6666666666666666,23.0,2.0,35.0,5,9.0,1,2,2,1,2,50,53,198,0.0889,0.0,0.2489,0.1724,T3,False,none,0.462248,0.431056,0.331109,0.312068,1.848264,0.703832,0.582199,0.594264,0.601814,0.598291,0.367826,1.5,15.333333,0.166667,8.0,25.0,0.499993,3.222222
18d4b952-d18f-487d-8cd2-8a70ef70b2e0,3.0,0.3333333333333333,3.0,9526.65,3175.5499999999997,1167.9085795129683,68,1,1.0,3.0,10.0,1.0,1.0,1.0,1.0,3.0,3.0,1.0,1.0,1.0,0.3333333333333333,3175.5499999999997,4523.16,0.4747901938246918,128.1875,6.0,0.0,2.0,0.6666666666666666,28.0,1.0,101.0,4,9.0,1,1,2,1,1,63,64,95,0.2056,0.0211,0.1855,0.0916,T3,False,none,0.591098,0.658352,0.759958,0.509438,0.105784,0.390592,0.467491,0.473513,0.531582,0.504483,0.193973,1.0,18.666667,0.166667,10.0,31.5,0.499993,3.722222
9bfc487a-f1e4-41f0-b97f-da1951b3bab9,2.0,0.2222222222222222,2.0,4322.75,2161.375,1357.496527454122,54,1,1.0,2.0,3.0,1.0,1.0,1.0,1.0,2.0,2.0,1.0,1.0,1.0,0.2222222222222222,2161.375,3121.27,0.7220565612168179,32.839444444444446,6.0,0.5,1.0,1.0,17.0,3.0,23.0,3,6.0,1,1,1,1,1,19,19,198,0.0889,0.0,0.2489,0.1724,T3,False,none,0.681998,0.67621,1.099454,0.90666,1.848264,0.537755,0.566449,0.588532,1.046147,0.832593,0.320767,1.0,17.0,0.333333,6.333333,9.5,0.22222,2.555556
57465d12-7428-419f-8d25-7a809f98e9a2,6.0,0.6666666666666666,5.0,16227.18,2704.53,1295.2151255447877,37,1,2.0,3.0,8.0,2.0,1.0,0.8333333333333334,3.0,2.0,4.0,3.0,1.0,0.6666666666666666,0.6666666666666666,2704.53,4973.56,0.3064956449611085,171.42111111111112,4.0,0.0,4.0,0.5,21.0,0.0,60.333333333333336,9,18.0,2,3,4,2,3,90,92,154,0.1225,0.0,0.2652,0.1509,T3,False,none,0.381518,0.822541,0.897889,1.568245,1.400021,0.978432,0.839724,0.761649,1.214124,1.002969,1.039078,1.333333,10.5,0.125,7.666667,30.0,1.333307,3.041667
5b52fe3a-d917-4738-b6eb-eba0cc4a7323,3.0,0.3333333333333333,3.0,7536.8,2512.266666666667,1309.5239344637168,59,0,1.0,3.0,10.0,1.0,1.0,1.0,3.0,1.0,7.0,3.0,1.0,0.3333333333333333,0.3333333333333333,2512.266666666667,4023.56,0.5338552170682518,194.8947222222222,1.0,0.0,1.0,1.0,9.0,0.0,105.0,5,9.0,1,3,1,1,3,29,29,121,0.1789,0.0083,0.2434,0.1287,T3,False,none,0.591098,1.294806,1.568776,0.890757,0.804265,0.2842,0.544375,0.45861,1.118608,0.810609,0.659017,2.0,9.0,0.25,3.333333,14.5,0.33333,1.861111
81ac80f7-c41c-452a-9c01-2628bbc7dd65,4.0,0.4444444444444444,4.0,14647.029999999999,3661.7574999999997,1267.6271415358433,56,0,1.0,4.0,9.0,1.0,1.0,1.0,2.0,2.0,8.0,2.0,1.0,0.5,0.4444444444444444,3661.7574999999997,4805.28,0.3280719709046817,158.16972222222222,21.0,0.0,2.0,0.75,21.0,0.0,103.25,5,12.0,1,2,2,1,2,54,54,198,0.0889,0.0,0.2489,0.1724,T3,False,none,0.639573,0.722629,0.765969,0.34556,1.848264,0.648814,1.036426,0.775378,0.777863,0.776703,0.508116,1.5,15.75,0.15,7.333333,27.0,0.592585,2.994444
90e24f1c-3653-402d-9536-3d93fa818706,4.0,0.4444444444444444,2.0,3873.5199999999995,968.3799999999999,794.8197989062259,108,1,1.0,4.0,9.0,1.0,1.0,1.0,4.0,1.0,5.0,4.0,1.0,0.25,0.4444444444444444,968.3799999999999,2143.97,0.5534939796360933,17.463055555555556,2.0,0.5,2.0,0.75,23.0,1.0,34.0,7,12.0,1,4,2,1,4,60,60,121,0.174,0.0,0.2013,0.1186,T3,False,none,0.639573,1.611583,0.288311,1.086781,0.581664,0.900151,0.819073,0.798674,0.967447,0.888687,0.861508,2.5,17.25,0.15,8.333333,30.0,0.592585,3.661111
ee241a59-0885-4e0f-b60d-1f4b5225cb69,2.0,0.2222222222222222,1.0,5677.43,2838.715,1897.4715498394173,39,0,1.0,2.0,5.0,1.0,1.0,1.0,1.0,2.0,3.0,1.0,1.0,1.0,0.2222222222222222,2838.715,4180.43,0.7363243580281923,0.7627777777777778,6.0,1.0,1.0,1.0,24.0,1.0,102.0,3,6.0,1,1,1,1,1,29,29,110,0.1928,0.0091,0.1832,0.0943,T3,False,none,0.563133,0.595173,1.013027,0.810181,0.231917,0.794703,0.934673,0.775197,0.702311,0.736324,0.184086,1.0,24.0,0.333333,8.333333,14.5,0.22222,3.222222
2a52c3e1-ea7c-4ac1-bfd6-16dde8ac5eac,3.0,0.3333333333333333,2.0,8964.18,2988.06,446.19860813319445,98,1,3.0,1.0,12.0,3.0,1.0,0.3333333333333333,2.0,1.5,4.0,2.0,1.0,0.6666666666666666,0.3333333333333333,2988.06,3469.51,0.38704153642608696,67.35472222222222,7.0,0.3333333333333333,2.0,0.6666666666666666,23.0,0.0,76.0,7,9.0,3,2,2,3,2,60,61,43,0.4131,0.0,0.082,0.0328,T3,False,none,1.464646,0.458001,0.553113,0.826055,1.59323,0.677524,0.304702,0.778142,0.805041,0.792488,0.498059,0.75,15.333333,0.333333,8.333333,15.0,0.499993,3.138889
5cf31c5e-5133-43e8-87a4-d78d033fe344,1.0,0.1111111111111111,1.0,3613.34,3613.34,0.0,33,0,1.0,1.0,4.0,1.0,1.0,1.0,1.0,1.0,6.0,1.0,1.0,1.0,0.1111111111111111,3613.34,3613.34,1.0,0.0,11.0,0.0,1.0,1.0,20.0,0.0,99.0,3,3.0,1,1,1,1,1,27,27,95,0.2056,0.0211,0.1855,0.0916,T3,False,none,0.730473,0.688334,1.123843,0.886161,0.105784,1.151629,1.073289,1.005185,0.756158,0.872371,0.193685,1.0,20.0,0.5,7.0,13.5,0.11111,2.833333
9ff81da1-7cf0-45b3-a5d5-246970d68d6b,5.0,0.5555555555555556,4.0,13553.43,2710.686,1451.9209449828868,32,1,2.0,2.5,10.0,2.0,1.0,0.8,1.0,5.0,3.0,1.0,1.0,1.0,0.5555555555555556,2710.686,4037.65,0.2979061388888274,147.21777777777777,1.0,0.2,2.0,0.8,25.0,0.0,80.8,5,15.0,2,1,2,2,1,52,53,121,0.1789,0.0083,0.2434,0.1287,T3,False,none,0.439868,0.898564,0.732486,0.429147,0.804265,0.760104,0.593978,0.613233,0.672216,0.644691,0.224248,0.666667,20.0,0.228571,9.0,17.333333,0.694436,3.298413
821fd09f-9849-4737-8cbd-3ad460f56df3,6.0,0.6666666666666666,6.0,13985.619999999999,2330.9366666666665,1454.4747591576372,98,0,1.0,6.0,4.0,1.0,1.0,1.0,4.0,1.5,5.0,3.0,0.75,0.3333333333333333,0.6666666666666666,2330.9366666666665,4534.54,0.32422874352370507,168.81277777777777,6.0,0.3333333333333333,3.0,0.5,24.0,3.0,46.833333333333336,8,18.0,1,4,3,1,3,72,74,89,0.2523,0.0,0.1667,0.1056,T3,False,none,0.964268,1.348863,0.772712,1.354895,0.277908,1.163546,0.582158,0.912814,1.052601,0.987367,0.914498,1.875,12.0,0.053571,8.25,36.0,1.333307,3.392857
599e7d1f-6294-4b85-b20c-618e4923c528,6.0,0.6666666666666666,4.0,18636.760000000002,3106.126666666667,1485.3675703564647,99,0,2.0,3.0,9.0,2.0,1.0,0.5,2.0,3.0,6.0,2.0,1.0,0.6666666666666666,0.6666666666666666,3106.126666666667,4963.18,0.2663113116228357,201.89166666666668,0.0,0.3333333333333333,6.0,0.16666666666666666,25.0,2.0,80.16666666666667,10,18.0,2,2,6,2,2,143,144,110,0.1791,0.0,0.2044,0.1366,T3,False,none,0.632407,0.51522,1.727211,2.072442,0.622351,1.193657,0.955681,0.953974,1.369532,1.175605,1.334006,1.0,4.166667,0.041667,8.666667,47.666667,3.99976,3.236111
e7a1e7b5-b4b2-4648-8a02-0adf1ff0fb44,2.0,0.2222222222222222,2.0,7004.46,3502.23,632.6908635344754,98,1,2.0,1.0,9.0,2.0,1.0,0.5,1.0,2.0,7.0,1.0,1.0,1.0,0.2222222222222222,3502.23,3949.61,0.563870733789614,56.06,1.0,0.0,2.0,0.5,23.0,0.0,64.0,5,6.0,2,1,2,2,1,56,56,84,0.204,0.0,0.1092,0.124,T3,False,none,0.722333,0.649265,0.575264,0.448058,0.51107,0.854533,0.704366,0.766706,0.535363,0.643323,0.262284,0.666667,11.5,0.25,8.333333,18.666667,0.444436,3.083333
005bb99b-2cea-461e-9b99-e61bd7896f79,3.0,0.3333333333333333,3.0,1420.54,473.5133333333333,310.5271576421833,32,0,2.0,1.5,5.0,2.0,1.0,0.6666666666666666,2.0,1.5,4.0,2.0,1.0,0.6666666666666666,0.3333333333333333,473.5133333333333,764.35,0.5380700297070129,182.06305555555556,4.0,0.0,2.0,0.6666666666666666,24.0,3.0,58.0,6,9.0,2,2,2,2,2,50,50,121,0.1789,0.0083,0.2434,0.1287,T3,False,none,0.607818,0.458001,0.519599,0.380218,0.804265,0.843415,0.963131,0.816007,0.499376,0.647137,0.316712,1.0,16.0,0.266667,8.333333,16.666667,0.499993,3.2
1ea4ca7c-5e1d-4ca7-be4f-08c834712f10,4.0,0.4444444444444444,4.0,7591.28,1897.82,1428.576866325365,49,0,1.0,4.0,3.0,1.0,1.0,1.0,2.0,2.0,4.0,2.0,1.0,0.5,0.4444444444444444,1897.82,3548.31,0.4674191967626013,132.86916666666667,18.0,0.0,2.0,0.5,23.0,2.0,55.5,5,12.0,1,2,2,1,2,45,45,84,0.204,0.0,0.1092,0.124,T3,False,none,0.807887,0.506463,0.403287,0.371913,0.51107,0.468513,0.593765,0.607227,0.43528,0.515522,0.241636,1.5,11.5,0.1,8.0,22.5,0.888871,3.2
d3231762-ea34-4ad0-8927-c5eacde690ce,2.0,0.2222222222222222,2.0,3952.37,1976.185,993.817367754257,38,1,1.0,2.0,3.0,1.0,1.0,1.0,1.0,2.0,3.0,1.0,1.0,1.0,0.2222222222222222,1976.185,2678.92,0.6778009143880761,85.85194444444444,7.0,0.0,1.0,1.0,22.0,2.0,96.0,3,6.0,1,1,1,1,1,25,25,84,0.204,0.0,0.1092,0.124,T3,False,none,0.681998,0.595173,0.97261,0.848773,0.51107,0.626334,0.531122,0.610501,0.754888,0.687507,0.219858,1.0,22.0,0.333333,8.0,12.5,0.22222,3.111111
a8017927-705a-4ae5-94ba-86eee3c13f16,4.0,0.4444444444444444,4.0,5954.17,1488.5425,1863.1114730002066,67,0,2.0,2.0,9.0,2.0,1.0,0.75,1.0,4.0,5.0,1.0,1.0,1.0,0.4444444444444444,1488.5425,4134.83,0.6944427182965888,126.48083333333334,0.0,0.5,1.0,1.0,23.0,2.0,44.0,4,12.0,2,1,1,2,1,39,40,89,0.2321,0.0,0.0992,0.0863,T3,False,none,0.449411,0.670476,0.643737,0.621395,0.403244,0.678078,0.634714,0.59829,0.601961,0.600248,0.199984,0.666667,23.0,0.333333,8.0,13.0,0.44444,3.0
cf583e34-2841-4c7d-90ab-1debda81149e,4.0,0.4444444444444444,3.0,7220.91,1805.2275,1550.3330524197052,61,1,1.0,4.0,4.0,1.0,1.0,1.0,1.0,4.0,8.0,1.0,1.0,1.0,0.4444444444444444,1805.2275,3943.06,0.5460613689964284,68.12222222222222,2.0,0.25,2.0,0.75,26.0,0.0,89.0,4,12.0,1,1,2,1,1,56,57,96,0.2355,0.0,0.1833,0.0828,T3,False,none,0.748454,0.913587,0.800316,0.45681,0.215092,0.430658,0.399121,0.510945,0.602282,0.559658,0.328626,1.0,19.5,0.15,9.333333,28.0,0.592585,3.494444
c1c2f27f-87ac-4fce-acbb-30ec13557e1b,6.0,0.6666666666666666,5.0,12692.73,2115.455,2029.6040470569624,84,0,2.0,3.0,8.0,2.0,1.0,0.5,1.0,6.0,6.0,1.0,1.0,1.0,0.6666666666666666,2115.455,4818.84,0.37965354970916426,217.52527777777777,6.0,0.0,2.0,0.8333333333333334,22.0,2.0,77.16666666666667,5,18.0,2,1,2,2,1,55,55,198,0.0889,0.0,0.2489,0.1724,T3,False,none,0.572974,0.991725,0.518312,0.510003,1.848264,1.10236,0.82489,0.858617,0.855208,0.856799,0.358039,0.666667,18.333333,0.208333,7.666667,18.333333,0.79999,2.847222
7895fc0b-3197-45de-96f9-43c8d16122c5,6.0,0.6666666666666666,4.0,14642.380000000001,2440.396666666667,1858.58049287801,58,0,3.0,2.0,9.0,3.0,1.0,0.5,2.0,3.0,7.0,2.0,1.0,0.6666666666666666,0.6666666666666666,2440.396666666667,4802.11,0.3279596622953372,145.75472222222223,0.0,0.5,4.0,0.5,22.0,1.0,57.5,9,18.0,3,2,4,3,2,97,100,121,0.1789,0.0083,0.2434,0.1287,T3,False,none,1.068431,0.596257,0.702246,1.660162,0.804265,0.863871,0.778395,0.893825,1.05197,0.978169,0.897973,0.75,11.0,0.166667,7.666667,24.25,1.333307,2.861111
e6738751-0cad-4d7c-aaee-832f5b8307bb,3.0,0.3333333333333333,2.0,4280.87,1426.9566666666667,1062.3461623375563,76,1,2.0,1.5,7.0,2.0,1.0,0.6666666666666666,2.0,1.5,4.0,2.0,1.0,0.6666666666666666,0.3333333333333333,1426.9566666666667,2486.48,0.580835204058988,41.44166666666667,6.0,0.3333333333333333,3.0,0.3333333333333333,23.0,3.0,75.66666666666667,7,9.0,2,2,3,2,2,72,72,110,0.1928,0.0091,0.1832,0.0943,T3,False,none,0.488952,0.458001,1.077577,0.745423,0.231917,0.582325,0.491054,0.525223,0.657182,0.595601,0.445434,1.0,7.666667,0.133333,8.333333,24.0,0.99997,3.155556
cb984ba5-0da5-4646-a6e2-bbf31c71ecc8,5.0,0.5555555555555556,5.0,15834.23,3166.846,1705.4894854058762,108,1,3.0,1.6666666666666667,7.0,3.0,1.0,0.4,2.0,2.5,3.0,2.0,1.0,0.6,0.5555555555555556,3166.846,4708.09,0.2973362140123012,134.34666666666666,2.0,0.4,4.0,0.4,30.0,0.0,79.0,9,15.0,3,2,4,3,2,112,114,89,0.2321,0.0,0.0992,0.0863,T3,False,none,1.100988,0.525518,1.425687,1.743424,0.403244,1.170715,0.699195,0.99362,1.149389,1.076697,0.923333,0.75,12.0,0.15,10.666667,28.0,1.388854,3.855556
68b8d6a8-61ed-4004-b3f2-be59fb7519cb,4.0,0.4444444444444444,4.0,13753.0,3438.25,2137.1516004407986,94,1,1.0,4.0,6.0,1.0,1.0,1.0,2.0,2.0,6.0,2.0,1.0,0.75,0.4444444444444444,3438.25,4934.62,0.3588031702174071,158.87194444444444,0.0,0.0,2.0,0.75,22.0,2.0,82.75,5,12.0,1,2,2,1,2,51,51,50,0.2482,0.04,0.0909,0.0909,T3,False,none,0.629588,0.397782,0.50374,0.318086,0.707334,0.945836,0.833144,0.817916,0.441562,0.617194,0.271373,1.5,16.5,0.15,8.0,25.5,0.592585,3.216667
00ff0a1f-c4fe-4814-b0ee-4cac03e50733,4.0,0.4444444444444444,3.0,8170.660000000001,2042.6650000000002,1576.136068079149,93,1,1.0,4.0,5.0,1.0,1.0,1.0,3.0,1.3333333333333333,8.0,3.0,1.0,0.5,0.4444444444444444,2042.6650000000002,4111.76,0.5032347448064171,58.45916666666667,20.0,0.5,3.0,0.5,24.0,1.0,100.25,7,12.0,1,3,3,1,3,81,81,110,0.1928,0.0091,0.1832,0.0943,T3,False,none,0.689021,1.227293,0.932902,1.117361,0.231917,0.554125,0.680686,0.634853,0.958841,0.807647,0.876591,2.0,12.0,0.1,8.666667,40.5,0.888871,3.588889
34b3f190-de7c-4314-984b-b892427a2ce4,7.0,0.7777777777777778,5.0,12289.75,1755.6785714285713,1181.5437501199942,37,1,1.0,7.0,5.0,1.0,1.0,1.0,3.0,2.3333333333333335,5.0,3.0,1.0,0.7142857142857143,0.7777777777777778,1755.6785714285713,4023.53,0.3273890843996013,173.22583333333333,8.0,0.14285714285714285,1.0,1.0,25.0,0.0,107.0,5,21.0,1,3,1,1,3,39,39,110,0.1791,0.0,0.2044,0.1366,T3,False,none,1.012743,0.747701,1.27318,0.979239,0.622351,1.038572,0.742655,0.932553,0.923111,0.927517,0.648246,2.0,25.0,0.125,9.0,19.5,0.77777,3.708333
734a92ff-376d-4096-bc54-0ea1748b243c,6.0,0.6666666666666666,4.0,17773.68,2962.28,1256.366539700895,108,0,2.0,3.0,7.0,2.0,1.0,0.8333333333333334,1.0,6.0,4.0,1.0,1.0,1.0,0.6666666666666666,2962.28,4498.16,0.2530798349019449,223.85305555555556,11.0,0.16666666666666666,2.0,0.8333333333333334,25.0,1.0,42.833333333333336,5,18.0,2,1,2,2,1,57,57,110,0.1791,0.0,0.2044,0.1366,T3,False,none,0.371533,0.937633,0.34735,0.529299,0.622351,1.163833,0.908222,0.852258,0.608985,0.722512,0.27355,0.666667,20.833333,0.208333,8.666667,19.0,0.79999,3.180556
12d47be7-782f-4317-affb-8091970f51a6,1.0,0.1111111111111111,1.0,445.46,445.46,0.0,98,0,1.0,1.0,10.0,1.0,1.0,1.0,1.0,1.0,4.0,1.0,1.0,1.0,0.1111111111111111,445.46,445.46,1.0,0.0,10.0,0.0,1.0,1.0,13.0,3.0,72.0,3,3.0,1,1,1,1,1,24,24,154,0.1225,0.0,0.2652,0.1509,T3,False,none,0.681025,0.634241,1.230022,0.915105,1.400021,1.443434,1.486841,1.240072,0.991316,1.107402,0.271265,1.0,13.0,0.5,4.666667,12.0,0.11111,2.055556
239dd48c-487b-4e29-9079-0450be08264d,1.0,0.1111111111111111,1.0,2730.49,2730.49,0.0,79,1,1.0,1.0,9.0,1.0,1.0,1.0,1.0,1.0,7.0,1.0,1.0,1.0,0.1111111111111111,2730.49,2730.49,1.0,0.0,19.0,0.0,1.0,1.0,23.0,0.0,91.0,3,3.0,1,1,1,1,1,35,36,84,0.204,0.0,0.1092,0.124,T3,False,none,0.621592,0.769371,1.06716,0.804204,0.51107,1.076318,1.210637,0.991169,0.801423,0.889971,0.33932,1.0,23.0,0.5,8.333333,17.5,0.11111,3.277778
2921f42a-2e40-4d8d-a080-5f3cfaddb15d,3.0,0.3333333333333333,2.0,9744.02,3248.0066666666667,525.5445385819675,61,1,2.0,1.5,7.0,2.0,1.0,0.6666666666666666,1.0,3.0,2.0,1.0,1.0,1.0,0.3333333333333333,3248.0066666666667,3802.57,0.390246530692671,77.68638888888889,6.0,0.6666666666666666,2.0,0.6666666666666666,22.0,0.0,34.0,5,9.0,2,1,2,2,1,46,46,129,0.1169,0.0,0.1879,0.1099,T3,False,none,0.488952,0.739389,0.404271,0.388782,0.675501,0.516964,0.519035,0.509651,0.527447,0.519142,0.088754,0.666667,14.666667,0.266667,8.0,15.333333,0.499993,2.977778
d6efbbee-2f79-4c9f-9489-b7aa7f21d8d9,1.0,0.1111111111111111,1.0,3644.32,3644.32,0.0,97,0,1.0,1.0,6.0,1.0,1.0,1.0,1.0,1.0,4.0,1.0,1.0,1.0,0.1111111111111111,3644.32,3644.32,1.0,0.0,8.0,0.0,1.0,1.0,22.0,0.0,31.0,3,3.0,1,1,1,1,1,29,29,95,0.2056,0.0211,0.1855,0.0916,T3,False,none,0.611607,0.634241,0.817608,0.866865,0.105784,1.274249,1.011977,0.997499,0.671601,0.823686,0.14526,1.0,22.0,0.5,7.666667,14.5,0.11111,3.055556
ae495a0c-a931-454a-8f03-5defa23deaef,4.0,0.4444444444444444,4.0,10122.720000000001,2530.6800000000003,1849.1125617982261,41,0,2.0,2.0,9.0,2.0,1.0,0.75,2.0,2.0,7.0,1.0,0.5,0.75,0.4444444444444444,2530.6800000000003,4695.98,0.463904958351115,201.06277777777777,1.0,0.25,2.0,0.75,29.0,0.0,46.0,6,12.0,2,2,2,2,1,61,62,89,0.2523,0.0,0.1667,0.1056,T3,False,none,0.449411,0.714346,0.585147,0.493389,0.277908,0.559979,0.55642,0.527202,0.531831,0.529671,0.470513,0.5,21.75,0.125,9.833333,20.333333,0.592585,3.486111
fe3e1c38-fb3d-4aea-8a9c-d7a3091c384e,2.0,0.2222222222222222,2.0,4510.7699999999995,2255.3849999999998,2186.140822191013,85,1,1.0,2.0,7.0,1.0,1.0,1.0,2.0,1.0,3.0,2.0,1.0,0.5,0.2222222222222222,2255.3849999999998,3801.22,0.8426986966748471,27.139722222222222,8.0,0.0,1.0,1.0,27.0,2.0,54.0,4,6.0,1,2,1,1,2,34,35,89,0.2523,0.0,0.1667,0.1056,T3,False,none,0.444267,0.707606,0.799482,0.669986,0.277908,0.831151,0.657619,0.662769,0.641023,0.651171,0.40749,1.5,27.0,0.333333,9.666667,17.0,0.22222,3.833333
31c0ce1f-64f7-4855-8418-3f9d3be4ec4c,3.0,0.3333333333333333,3.0,10666.710000000001,3555.57,1584.615922581873,100,1,1.0,3.0,2.0,1.0,1.0,1.0,1.0,3.0,1.0,0.0,0.0,1.0,0.3333333333333333,3555.57,4523.52,0.424078277181999,97.67305555555555,11.0,0.3333333333333333,2.0,0.6666666666666666,24.0,1.0,51.0,4,9.0,1,1,2,1,0,44,45,84,0.204,0.0,0.1092,0.124,T3,False,none,0.759412,1.595179,0.196853,0.589292,0.51107,0.707897,0.498276,0.652742,0.745969,0.702463,0.125041,0.0,16.0,0.0,8.333333,22.0,0.499993,2.777778
1ae01adb-3aa5-4693-99c9-6c9568b5053a,4.0,0.4444444444444444,3.0,10569.7,2642.425,777.1999573039959,109,0,2.0,2.0,7.0,2.0,1.0,0.75,1.0,4.0,9.0,1.0,1.0,1.0,0.4444444444444444,2642.425,3191.12,0.3019120694059434,184.41472222222222,0.0,0.0,2.0,0.75,29.0,0.0,52.75,5,12.0,2,1,2,2,1,62,63,154,0.1225,0.0,0.2652,0.1509,T3,False,none,0.379993,0.994624,0.603703,0.468942,1.400021,0.652424,0.686155,0.58583,0.783618,0.691317,0.555275,0.666667,21.75,0.25,10.0,20.666667,0.592585,3.638889
3210ac94-056c-4490-ae05-5485ba815489,2.0,0.2222222222222222,2.0,5504.6900000000005,2752.3450000000003,745.3117605740566,79,0,1.0,2.0,10.0,1.0,1.0,1.0,2.0,1.0,3.0,1.0,0.5,0.5,0.2222222222222222,2752.3450000000003,3279.36,0.5957392696046462,147.68,14.0,0.0,1.0,1.0,16.0,2.0,58.0,4,6.0,1,2,1,1,1,26,26,67,0.2469,0.0,0.1605,0.1111,T3,False,none,0.573117,0.943133,0.822595,0.75601,0.434357,0.682317,0.599085,0.623373,0.763054,0.697869,0.238421,0.75,16.0,0.166667,5.5,13.0,0.22222,2.138889
a3ebb995-17e8-4918-aef1-02cabf31b388,6.0,0.6666666666666666,5.0,15010.4,2501.733333333333,1795.9712603788141,79,0,1.0,6.0,7.0,1.0,1.0,1.0,2.0,3.0,2.0,1.0,0.5,0.8333333333333334,0.6666666666666666,2501.733333333333,4808.32,0.3203325694185365,167.74027777777778,23.0,0.16666666666666666,3.0,0.6666666666666666,24.0,3.0,69.0,6,18.0,1,2,3,1,1,61,61,108,0.1587,0.0,0.2348,0.071,T3,False,none,0.78597,0.823558,0.811778,0.700156,0.625422,1.06494,1.004069,0.964944,0.741806,0.845937,0.27791,0.75,16.0,0.047619,8.166667,30.5,0.999985,2.988095
e21df3f7-6725-463d-98c9-f1d6e756900c,3.0,0.3333333333333333,3.0,7923.14,2641.0466666666666,1449.1739995367477,44,0,1.0,3.0,10.0,1.0,1.0,1.0,1.0,3.0,4.0,1.0,1.0,1.0,0.3333333333333333,2641.0466666666666,3517.34,0.4439325822842964,215.7861111111111,23.0,0.0,2.0,0.6666666666666666,26.0,0.0,61.0,4,9.0,1,1,2,1,1,57,59,110,0.1791,0.0,0.2044,0.1366,T3,False,none,0.591098,0.577315,0.534839,0.456323,0.622351,0.340355,0.829355,0.574996,0.5306,0.551318,0.241041,1.0,17.333333,0.166667,9.0,28.5,0.499993,3.388889
485d1a3e-b117-4fc2-a5ec-d05c8c514090,1.0,0.1111111111111111,1.0,3019.33,3019.33,0.0,53,1,1.0,1.0,10.0,1.0,1.0,1.0,1.0,1.0,3.0,1.0,1.0,1.0,0.1111111111111111,3019.33,3019.33,1.0,0.0,8.0,0.0,1.0,1.0,23.0,1.0,43.0,3,3.0,1,1,1,1,1,33,33,121,0.174,0.0,0.2013,0.1186,T3,False,none,0.681025,0.715278,0.57045,0.828273,0.581664,0.975794,0.966992,0.88864,0.70521,0.790811,0.22373,1.0,23.0,0.5,8.333333,16.5,0.11111,3.277778
c2e5b761-f3b1-4246-8588-bad6e1b9d98b,2.0,0.2222222222222222,2.0,4365.860000000001,2182.9300000000003,701.0822314108381,109,0,1.0,2.0,6.0,1.0,1.0,1.0,1.0,2.0,3.0,1.0,1.0,1.0,0.2222222222222222,2182.9300000000003,2678.67,0.6135492205430315,81.74222222222222,4.0,0.0,2.0,0.5,19.0,1.0,93.5,4,6.0,1,1,2,1,1,38,38,198,0.0889,0.0,0.2489,0.1724,T3,False,none,0.5037,0.595173,0.665935,0.568407,1.848264,0.860143,0.534605,0.649789,0.808726,0.734556,0.222126,1.0,9.5,0.166667,6.666667,19.0,0.444436,2.611111
280689d1-939b-42a3-8671-7881bc396fde,5.0,0.5555555555555556,5.0,9677.140000000001,1935.4280000000003,1787.9388836646515,71,0,2.0,2.5,9.0,2.0,1.0,0.8,2.0,2.5,6.0,2.0,1.0,0.6,0.5555555555555556,1935.4280000000003,4916.8,0.5080840000248007,137.48361111111112,1.0,0.4,2.0,0.8,22.0,3.0,58.0,6,15.0,2,2,2,2,2,54,57,110,0.1928,0.0091,0.1832,0.0943,T3,False,none,0.380436,0.498573,0.515205,0.488017,0.231917,0.816321,0.590824,0.616617,0.453637,0.529694,0.315125,1.0,17.6,0.228571,7.666667,18.0,0.694436,2.965079
76ea94b9-5b3b-47a5-80b1-97a2f86cdc98,2.0,0.2222222222222222,2.0,5933.58,2966.79,194.15737997820216,44,0,1.0,2.0,9.0,1.0,1.0,1.0,1.0,2.0,3.0,1.0,1.0,1.0,0.2222222222222222,2966.79,3104.08,0.5231378021363157,57.80222222222222,7.0,0.5,2.0,0.5,19.0,1.0,63.5,4,6.0,1,1,2,1,1,43,44,84,0.204,0.0,0.1092,0.124,T3,False,none,0.513684,0.595173,0.414162,0.515394,0.51107,0.713105,0.439159,0.564812,0.513528,0.537461,0.110689,1.0,9.5,0.166667,6.666667,21.5,0.444436,2.611111
22ec643c-8f8c-45f7-9da6-3726d7603022,4.0,0.4444444444444444,4.0,8495.189999999999,2123.7974999999997,1431.973673742526,53,1,2.0,2.0,4.0,2.0,1.0,0.75,1.0,4.0,3.0,1.0,1.0,1.0,0.4444444444444444,2123.7974999999997,4231.98,0.4981619010286998,108.85111111111111,2.0,0.25,3.0,0.5,21.0,2.0,58.25,6,12.0,2,1,3,2,1,58,58,198,0.0889,0.0,0.2489,0.1724,T3,False,none,0.558292,0.778458,0.579902,0.595202,1.848264,0.396509,0.304994,0.412228,0.846672,0.643931,0.390504,0.666667,10.5,0.166667,7.666667,19.333333,0.888871,2.833333
ac229bd6-9964-48c3-82ca-2e9872397e67,5.0,0.5555555555555556,3.0,11709.119999999999,2341.8239999999996,1581.524191114382,62,0,1.0,5.0,8.0,1.0,1.0,1.0,2.0,2.5,8.0,2.0,1.0,0.6,0.5555555555555556,2341.8239999999996,4705.22,0.40184232461534264,145.65055555555554,1.0,0.0,4.0,0.4,25.0,0.0,70.8,7,15.0,1,2,4,1,2,87,87,95,0.2056,0.0211,0.1855,0.0916,T3,False,none,0.688047,0.660647,1.177514,1.059906,0.105784,0.560939,0.667861,0.632896,0.825573,0.735657,0.769861,1.5,10.0,0.066667,8.666667,43.5,1.388854,3.411111
e2eb0ad1-1f0a-4cd4-acb4-3dc1daf512af,6.0,0.6666666666666666,4.0,15726.810000000001,2621.135,2211.2614217658665,89,1,2.0,3.0,9.0,2.0,1.0,0.8333333333333334,3.0,2.0,5.0,3.0,1.0,0.6666666666666666,0.6666666666666666,2621.135,4996.31,0.3176937980429598,154.01916666666668,8.0,0.3333333333333333,2.0,0.8333333333333334,27.0,2.0,88.0,7,18.0,2,3,2,2,3,63,64,121,0.174,0.0,0.2013,0.1186,T3,False,none,0.440951,0.795596,0.788584,0.963669,0.581664,1.130138,0.636246,0.768597,0.821507,0.796816,0.73502,1.333333,22.5,0.208333,9.666667,21.0,0.79999,3.736111
5207929e-e774-4368-b780-341cd5f67a39,3.0,0.3333333333333333,2.0,8775.42,2925.14,1616.6156175170395,70,1,1.0,3.0,6.0,1.0,1.0,1.0,2.0,1.5,4.0,2.0,1.0,0.6666666666666666,0.3333333333333333,2925.14,4604.48,0.5247019515875023,106.34138888888889,2.0,0.0,2.0,0.6666666666666666,19.0,1.0,39.333333333333336,5,9.0,1,2,2,1,2,44,44,110,0.1791,0.0,0.2044,0.1366,T3,False,none,0.521681,0.458001,0.238476,0.366653,0.622351,0.492228,0.475893,0.495198,0.405403,0.447307,0.243813,1.5,12.666667,0.166667,7.0,22.0,0.499993,2.888889
21f4e6af-c489-4c77-833c-1113e7a9c25d,1.0,0.1111111111111111,1.0,3840.62,3840.62,0.0,40,1,1.0,1.0,9.0,1.0,1.0,1.0,1.0,1.0,1.0,0.0,0.0,1.0,0.1111111111111111,3840.62,3840.62,1.0,0.0,22.0,1.0,1.0,1.0,22.0,0.0,31.0,3,3.0,1,1,1,1,0,29,29,95,0.2056,0.0211,0.1855,0.0916,T3,False,none,0.621592,1.652105,0.817608,1.007097,0.105784,1.12931,1.59406,1.139165,0.978653,1.053559,0.116473,0.0,22.0,0.0,7.666667,14.5,0.11111,2.555556
e2d4d0d4-0a9e-4ede-8bb1-d318c359860f,2.0,0.2222222222222222,2.0,3319.1,1659.55,1200.5683195053916,85,1,1.0,2.0,8.0,1.0,1.0,1.0,2.0,1.0,6.0,2.0,1.0,0.5,0.2222222222222222,1659.55,2508.48,0.7557711427796692,53.1325,0.0,0.5,2.0,0.5,21.0,3.0,79.5,5,6.0,1,2,2,1,2,48,48,96,0.2355,0.0,0.1833,0.0828,T3,False,none,0.454251,0.680661,0.740699,0.384745,0.215092,0.762088,0.822474,0.694263,0.504606,0.593112,0.226092,1.5,10.5,0.166667,7.666667,24.0,0.444436,3.111111
3da6cb36-d30e-41cc-bfda-409113ab7e62,3.0,0.3333333333333333,3.0,7074.82,2358.273333333333,1164.0757542932217,36,1,1.0,3.0,3.0,1.0,1.0,1.0,1.0,3.0,4.0,1.0,1.0,1.0,0.3333333333333333,2358.273333333333,3515.14,0.4968522167348427,172.4261111111111,1.0,0.0,1.0,1.0,28.0,3.0,108.0,3,9.0,1,1,1,1,1,32,32,30,0.8828,0.0333,0.0244,0.0217,T3,False,none,0.699979,0.577315,1.470865,0.724552,3.2248,0.320496,0.447818,0.47136,1.259933,0.891932,0.891877,1.0,28.0,0.25,10.0,16.0,0.33333,3.75
ab43e0d2-47b2-4233-a0d1-928ba9e15276,2.0,0.2222222222222222,2.0,6946.29,3473.145,1776.9946964608534,66,1,1.0,2.0,9.0,1.0,1.0,1.0,1.0,2.0,6.0,1.0,1.0,1.0,0.2222222222222222,3473.145,4729.67,0.680891526267979,29.21,4.0,0.0,1.0,1.0,22.0,1.0,59.0,3,6.0,1,1,1,1,1,34,34,110,0.1928,0.0091,0.1832,0.0943,T3,False,none,0.513684,0.568228,0.580411,0.761941,0.231917,0.718185,0.834828,0.698637,0.587357,0.639288,0.210431,1.0,22.0,0.333333,8.0,17.0,0.22222,3.111111
ff5e029b-36c9-49e1-9c72-ce4a3c228600,3.0,0.3333333333333333,3.0,2378.29,792.7633333333333,776.7957930069738,42,0,2.0,1.5,6.0,2.0,1.0,0.6666666666666666,1.0,3.0,4.0,1.0,1.0,1.0,0.3333333333333333,792.7633333333333,1656.42,0.6964751985670377,139.0613888888889,2.0,0.0,1.0,1.0,17.0,0.0,26.0,4,9.0,2,1,1,2,1,28,28,110,0.1791,0.0,0.2044,0.1366,T3,False,none,0.548385,0.577315,0.992598,0.717388,0.622351,0.646724,0.869507,0.692888,0.723866,0.709409,0.23834,0.666667,17.0,0.4,6.0,9.333333,0.33333,2.355556
ee0db32c-7ff0-4d7e-af88-32129e863bbe,2.0,0.2222222222222222,2.0,1444.1,722.05,918.121586828237,84,0,1.0,2.0,5.0,1.0,1.0,1.0,2.0,1.0,4.0,2.0,1.0,0.5,0.2222222222222222,722.05,1371.26,0.9495602797590195,107.05027777777778,1.0,0.0,1.0,1.0,22.0,3.0,34.0,4,6.0,1,2,1,1,2,29,29,110,0.1928,0.0091,0.1832,0.0943,T3,False,none,0.563133,0.626569,0.874111,0.722999,0.231917,0.939982,1.094204,0.883718,0.648526,0.758282,0.25559,1.5,22.0,0.333333,7.666667,14.5,0.22222,3.166667
5525b248-904d-44e6-91b7-6cfb237c22c2,2.0,0.2222222222222222,1.0,8675.59,4337.795,294.84231455135426,54,0,1.0,2.0,6.0,1.0,1.0,1.0,1.0,2.0,2.0,1.0,1.0,1.0,0.2222222222222222,4337.795,4546.28,0.5240312186260531,19.739722222222223,3.0,1.0,1.0,1.0,24.0,2.0,95.0,3,6.0,1,1,1,1,1,29,29,134,0.1691,0.0224,0.2258,0.1728,T3,False,none,0.5037,0.67621,1.035959,0.810181,1.123263,0.851383,1.102695,0.835815,0.875906,0.857197,0.364827,1.0,24.0,0.333333,8.333333,14.5,0.22222,3.222222
678803db-dd12-4c99-8e48-429d12e85e9d,3.0,0.3333333333333333,3.0,8085.32,2695.1066666666666,801.01387511911,63,0,1.0,3.0,3.0,1.0,1.0,1.0,2.0,1.5,9.0,2.0,1.0,0.6666666666666666,0.3333333333333333,2695.1066666666666,3595.86,0.4447393547812579,108.44805555555556,1.0,0.3333333333333333,1.0,1.0,16.0,1.0,95.0,4,9.0,1,2,1,1,2,28,28,134,0.1691,0.0224,0.2258,0.1728,T3,False,none,0.699979,0.755204,1.051436,0.675962,1.123263,0.33115,0.278436,0.418959,0.848547,0.648072,0.617362,1.5,16.0,0.25,5.666667,14.0,0.33333,2.472222
878901ab-a21c-4ed1-90a7-93c7b8415cc5,4.0,0.4444444444444444,4.0,10527.6,2631.9,807.632448126415,57,1,1.0,4.0,7.0,1.0,1.0,1.0,3.0,1.3333333333333333,3.0,3.0,1.0,0.5,0.4444444444444444,2631.9,3818.85,0.3627464949276188,112.28138888888888,0.0,0.25,1.0,1.0,16.0,2.0,58.0,5,12.0,1,3,1,1,3,27,27,67,0.2469,0.0,0.1605,0.1111,T3,False,none,0.570155,1.092164,0.822595,0.924961,0.434357,0.442811,0.379212,0.457995,0.863668,0.674354,0.554508,2.0,16.0,0.2,6.0,13.5,0.44444,2.733333
8ac83e9e-538e-4772-83aa-e627cc2f7ab8,2.0,0.2222222222222222,1.0,2006.47,1003.235,1196.403460564203,48,0,1.0,2.0,4.0,1.0,1.0,1.0,2.0,1.0,6.0,2.0,1.0,0.5,0.2222222222222222,1003.235,1849.22,0.9216285316999506,3.2275,18.0,1.0,1.0,1.0,21.0,3.0,97.0,4,6.0,1,2,1,1,2,29,30,67,0.2687,0.0,0.1443,0.07,T3,False,none,0.622565,0.680661,1.152866,0.718226,0.56421,0.830618,1.524448,1.002451,0.773716,0.880459,0.356627,1.5,21.0,0.333333,7.333333,14.5,0.22222,3.055556
4fba2bf4-15ff-4ecd-928d-b7cd9a9c1bdf,5.0,0.5555555555555556,4.0,8255.85,1651.17,1571.8718584859262,46,0,3.0,1.6666666666666667,8.0,3.0,1.0,0.6,3.0,1.6666666666666667,8.0,3.0,1.0,0.6,0.5555555555555556,1651.17,3950.14,0.47846557289679437,153.68444444444444,18.0,0.6,2.0,0.8,21.0,1.0,25.6,8,15.0,3,3,2,3,3,66,66,110,0.1791,0.0,0.2044,0.1366,T3,False,none,0.978961,1.122148,0.349338,1.292445,0.622351,0.652594,0.795573,0.793502,0.941708,0.872545,0.865775,1.0,16.8,0.3,7.333333,16.5,0.694436,2.877778
d743abcc-da59-4209-acec-ca26f111bd09,3.0,0.3333333333333333,3.0,6904.48,2301.4933333333333,953.633622327429,44,0,3.0,1.0,11.0,3.0,1.0,0.3333333333333333,1.0,3.0,6.0,1.0,1.0,1.0,0.3333333333333333,2301.4933333333333,2880.5,0.417192895047853,123.47333333333333,2.0,0.6666666666666666,1.0,1.0,21.0,1.0,45.0,5,9.0,3,1,1,3,1,46,46,154,0.1225,0.0,0.2652,0.1509,T3,False,none,1.405213,0.631408,0.507338,0.787775,1.400021,0.311209,0.497238,0.685792,0.7923,0.742596,0.330219,0.5,21.0,0.5,7.333333,11.5,0.33333,2.777778
db185cf7-a831-4301-87eb-04c58b0451b2,2.0,0.2222222222222222,2.0,3663.0,1831.5,944.0158371552884,63,0,1.0,2.0,6.0,1.0,1.0,1.0,1.0,2.0,2.0,1.0,1.0,1.0,0.2222222222222222,1831.5,2499.02,0.6822331422331422,42.03916666666667,5.0,0.5,1.0,1.0,24.0,2.0,40.0,3,6.0,1,1,1,1,1,29,29,67,0.2469,0.0,0.1605,0.1111,T3,False,none,0.5037,0.67621,0.713177,0.810181,0.434357,0.632814,0.664388,0.606449,0.693842,0.653058,0.261937,1.0,24.0,0.333333,8.333333,14.5,0.22222,3.222222
f10ed04a-f165-41d9-b15c-4738356a22a2,4.0,0.4444444444444444,2.0,13011.01,3252.7525,1045.887407655177,89,0,1.0,4.0,8.0,1.0,1.0,1.0,1.0,4.0,5.0,1.0,1.0,1.0,0.4444444444444444,3252.7525,4413.5,0.33921271292543775,68.1375,0.0,0.0,4.0,0.25,21.0,1.0,55.75,6,12.0,1,1,4,1,1,71,73,198,0.0889,0.0,0.2489,0.1724,T3,False,none,0.58014,0.670476,0.861393,0.828343,1.848264,0.69377,0.744191,0.678111,0.965749,0.831518,0.547955,1.0,5.25,0.05,7.333333,35.5,1.777707,2.794444
89419229-2e92-401a-bbf6-bcdc6713c545,3.0,0.3333333333333333,3.0,5178.52,1726.1733333333334,1486.5823077560601,31,0,2.0,1.5,10.0,2.0,1.0,0.6666666666666666,1.0,3.0,2.0,1.0,1.0,1.0,0.3333333333333333,1726.1733333333334,3441.46,0.6645643929153503,179.98416666666665,5.0,0.3333333333333333,3.0,0.3333333333333333,24.0,2.0,50.666666666666664,6,9.0,2,1,3,2,1,66,69,84,0.204,0.0,0.1092,0.124,T3,False,none,0.617802,0.739389,0.721317,0.671797,0.51107,0.534737,0.418913,0.519862,0.672224,0.601122,0.354114,0.666667,8.0,0.133333,8.333333,22.0,0.99997,3.044444
72e673b1-80ba-45a6-9945-a73a14909b94,4.0,0.4444444444444444,3.0,12269.49,3067.3725,1570.0859278051207,34,0,2.0,2.0,7.0,2.0,1.0,0.75,1.0,4.0,2.0,1.0,1.0,1.0,0.4444444444444444,3067.3725,4717.37,0.38447971350072413,115.265,13.0,0.5,3.0,0.5,23.0,0.0,100.75,6,12.0,2,1,3,2,1,70,71,110,0.1791,0.0,0.2044,0.1366,T3,False,none,0.379993,0.859495,1.083548,0.715751,0.622351,0.582119,0.606634,0.532541,0.812745,0.681983,0.382774,0.666667,11.5,0.166667,8.0,23.333333,0.888871,2.944444
254ca70e-6773-4ba4-8118-d69ba6ee67fa,3.0,0.3333333333333333,2.0,8587.18,2862.3933333333334,1562.8217980413933,106,1,1.0,3.0,4.0,1.0,1.0,1.0,2.0,1.5,8.0,2.0,1.0,0.6666666666666666,0.3333333333333333,2862.3933333333334,3781.72,0.44039137411816215,51.59166666666667,10.0,0.3333333333333333,3.0,0.3333333333333333,24.0,2.0,56.666666666666664,6,9.0,1,2,3,1,2,72,72,67,0.2469,0.0,0.1605,0.1111,T3,False,none,0.640547,0.674167,0.771672,0.67394,0.434357,0.662732,0.376639,0.561029,0.654427,0.610841,0.638987,1.5,8.0,0.083333,8.666667,36.0,0.99997,3.416667
a6891417-feda-4b6f-bf40-1e0281cd33d3,1.0,0.1111111111111111,1.0,3336.57,3336.57,0.0,77,1,1.0,1.0,6.0,1.0,1.0,1.0,1.0,1.0,2.0,1.0,1.0,1.0,0.1111111111111111,3336.57,3336.57,1.0,0.0,7.0,0.0,1.0,1.0,17.0,0.0,26.0,3,3.0,1,1,1,1,1,22,22,110,0.1791,0.0,0.2044,0.1366,T3,False,none,0.611607,0.796315,0.992598,0.934401,0.622351,1.127745,0.954801,0.922629,0.859996,0.889225,0.23834,1.0,17.0,0.5,6.333333,11.0,0.11111,2.611111
e2c1f91a-f69f-457d-9887-6af3d6a57c39,3.0,0.3333333333333333,2.0,3687.38,1229.1266666666668,698.8167130466568,65,1,1.0,3.0,11.0,1.0,1.0,1.0,1.0,3.0,3.0,1.0,1.0,1.0,0.3333333333333333,1229.1266666666668,2027.67,0.54989450504152,128.9275,0.0,0.0,2.0,0.6666666666666666,24.0,3.0,60.0,4,9.0,1,1,2,1,1,48,48,89,0.2523,0.0,0.1667,0.1056,T3,False,none,0.650531,0.658352,0.536384,0.415242,0.277908,0.625424,0.710388,0.660919,0.478369,0.563559,0.155821,1.0,16.0,0.166667,8.666667,24.0,0.499993,3.277778
48c67e33-1d63-4b61-a4f5-b523cdc81ac8,4.0,0.4444444444444444,4.0,14185.4,3546.35,311.72134212038407,107,1,1.0,4.0,7.0,1.0,1.0,1.0,3.0,1.3333333333333333,6.0,3.0,1.0,0.5,0.4444444444444444,3546.35,3971.82,0.2799935144585278,142.16555555555556,0.0,0.25,2.0,0.75,22.0,2.0,83.25,6,12.0,1,3,2,1,3,50,51,129,0.1169,0.0,0.1879,0.1099,T3,False,none,0.570155,1.065219,0.507936,0.660552,0.675501,0.995248,0.632524,0.752885,0.732415,0.741968,0.552258,2.0,16.5,0.15,8.0,25.0,0.592585,3.383333
5060410e-8c81-4d1a-9b65-1b539021c76d,3.0,0.3333333333333333,3.0,5179.610000000001,1726.5366666666669,932.0395220339818,40,0,1.0,3.0,5.0,1.0,1.0,1.0,2.0,1.5,10.0,2.0,1.0,0.6666666666666666,0.3333333333333333,1726.5366666666669,2353.56,0.45438942314189673,58.068888888888885,3.0,0.6666666666666666,1.0,1.0,12.0,0.0,87.0,4,9.0,1,2,1,1,2,25,25,67,0.2469,0.0,0.1605,0.1111,T3,False,none,0.581114,0.836241,1.3101,0.704906,0.434357,0.44838,0.667035,0.559189,0.81873,0.697611,0.558674,1.5,12.0,0.25,4.333333,12.5,0.33333,2.027778
37aaef14-892c-4446-88b3-3d8524e95f51,0.0,0.0,0.0,0.0,0.0,0.0,48,0,0.0,0.0,0.0,0.0,0.0,0.0,0.0,0.0,0.0,0.0,0.0,0.0,0.0,0.0,0.0,0.0,0.0,0.0,0.0,0.0,0.0,0.0,0.0,0.0,0,0.0,0,0,0,0,0,0,0,1,0.0,0.0,0.0,0.0,T3,False,none,2.767811,2.428211,2.297128,2.075966,2.409508,1.516082,1.781581,1.962219,2.265693,2.124072,0.0,0.0,0.0,0.0,0.0,0.0,0.0,0.0
1c4d3292-eae7-4154-a822-5afb07ceace4,6.0,0.6666666666666666,5.0,23159.19,3859.865,620.6876917661572,76,1,1.0,6.0,5.0,1.0,1.0,1.0,2.0,3.0,3.0,2.0,1.0,0.8333333333333334,0.6666666666666666,3859.865,4548.79,0.19641403693307063,135.54555555555555,2.0,0.5,1.0,1.0,22.0,3.0,32.0,4,18.0,1,2,1,1,2,29,29,198,0.0889,0.0,0.2489,0.1724,T3,False,none,0.904835,0.506994,0.890896,0.794592,1.848264,1.361667,0.96172,1.097828,0.918368,1.002116,0.435409,1.5,22.0,0.142857,8.0,14.5,0.66666,3.214286
03da78e9-8f5a-45ae-a5e8-9b988caefedf,3.0,0.3333333333333333,3.0,8844.06,2948.02,661.444181394016,108,1,2.0,1.5,8.0,2.0,1.0,0.6666666666666666,1.0,3.0,3.0,1.0,1.0,1.0,0.3333333333333333,2948.02,3597.48,0.40676793237495,185.27055555555555,12.0,0.0,3.0,0.3333333333333333,29.0,0.0,55.0,6,9.0,2,1,3,2,1,81,81,154,0.1225,0.0,0.2652,0.1509,T3,False,none,0.498937,0.658352,1.037679,0.802197,1.400021,0.623913,0.584946,0.575216,0.914932,0.756398,0.557403,0.666667,9.666667,0.133333,10.333333,27.0,0.99997,3.711111
910d09c4-a2ca-418e-b2c6-be98e277694d,5.0,0.5555555555555556,4.0,11439.22,2287.844,727.0821037750827,74,1,1.0,5.0,7.0,1.0,1.0,1.0,2.0,2.5,5.0,2.0,1.0,0.6,0.5555555555555556,2287.844,2878.81,0.25166138950033307,135.66694444444445,3.0,0.2,3.0,0.4,28.0,3.0,53.2,6,15.0,1,2,3,1,2,79,81,30,0.8828,0.0333,0.0244,0.0217,T3,False,none,0.678062,0.417536,1.019237,0.822615,3.2248,0.681824,0.540325,0.633583,1.162672,0.915764,1.164241,1.5,11.2,0.066667,10.0,39.5,1.388854,3.855556
005eb340-2684-4d05-a016-b7810e8ed0f3,5.0,0.5555555555555556,4.0,8919.35,1783.8700000000001,1147.8212928631358,85,0,2.0,2.5,8.0,2.0,1.0,0.6,2.0,2.5,5.0,2.0,1.0,0.8,0.5555555555555556,1783.8700000000001,3146.31,0.3527510412754292,172.26333333333332,22.0,0.0,4.0,0.4,23.0,2.0,47.4,8,15.0,2,2,4,2,2,99,100,198,0.0889,0.0,0.2489,0.1724,T3,False,none,0.453014,0.317256,0.823343,1.251938,1.848264,0.697501,0.95852,0.714654,1.028365,0.881966,0.886506,1.0,9.2,0.114286,8.0,33.0,1.388854,3.038095
7773b9e4-b801-4c60-925d-5db49bff0367,8.0,0.8888888888888888,6.0,22728.76,2841.095,1687.5754191993062,50,0,2.0,4.0,9.0,2.0,1.0,0.875,1.0,8.0,6.0,1.0,1.0,1.0,0.8888888888888888,2841.095,4685.33,0.20614103013098825,186.4225,20.0,0.375,2.0,0.875,25.0,3.0,35.625,5,24.0,2,1,2,2,1,57,59,129,0.1169,0.0,0.1879,0.1099,T3,False,none,0.576361,1.231936,0.70256,0.652214,0.675501,1.491774,1.202928,1.133945,0.811515,0.961982,0.284991,0.666667,21.875,0.175,8.666667,19.0,1.015861,3.169444
052e087f-a66f-43ab-91a3-0f08b8d2387b,3.0,0.3333333333333333,3.0,2325.5,775.1666666666666,494.6457935061546,55,1,1.0,3.0,5.0,1.0,1.0,1.0,1.0,3.0,5.0,1.0,1.0,1.0,0.3333333333333333,775.1666666666666,1346.31,0.5789335626746935,93.86361111111111,9.0,0.6666666666666666,3.0,0.3333333333333333,24.0,0.0,38.333333333333336,5,9.0,1,1,3,1,1,72,72,108,0.1587,0.0,0.2348,0.071,T3,False,none,0.581114,0.550371,0.885228,0.643912,0.625422,0.634339,0.798388,0.673815,0.667719,0.670564,0.268965,1.0,8.0,0.083333,8.666667,36.0,0.99997,3.25
997fe716-c041-49c2-9bad-24cc9a307455,4.0,0.4444444444444444,3.0,8553.17,2138.2925,1858.3178339271421,105,0,1.0,4.0,6.0,1.0,1.0,1.0,1.0,4.0,3.0,1.0,1.0,1.0,0.4444444444444444,2138.2925,4125.16,0.4822960376094477,111.9113888888889,10.0,0.25,2.0,0.75,21.0,1.0,45.0,4,12.0,1,1,2,1,1,42,42,50,0.2482,0.04,0.0909,0.0909,T3,False,none,0.629588,0.778458,0.149667,0.488038,0.707334,0.663598,0.266206,0.521417,0.526699,0.524234,0.096115,1.0,15.75,0.15,7.333333,21.0,0.592585,2.827778
ae6ad374-f665-408d-8f4c-a82b23e3a8dd,2.0,0.2222222222222222,2.0,8757.64,4378.82,655.2758541255739,86,1,2.0,1.0,9.0,2.0,1.0,0.5,1.0,2.0,3.0,1.0,1.0,1.0,0.2222222222222222,4378.82,4842.17,0.5529080893939463,69.6775,7.0,0.5,1.0,1.0,28.0,2.0,91.0,4,6.0,2,1,1,2,1,39,39,95,0.2056,0.0211,0.1855,0.0916,T3,False,none,0.722333,0.595173,1.145873,0.667945,0.105784,0.874535,0.730452,0.783021,0.655627,0.715077,0.243089,0.666667,28.0,0.5,10.0,13.0,0.22222,3.722222
cbc462e3-694f-4fd9-baaf-dd34a580f169,5.0,0.5555555555555556,5.0,13114.74,2622.948,2168.642396977888,33,0,3.0,1.6666666666666667,9.0,3.0,1.0,0.6,3.0,1.6666666666666667,6.0,3.0,1.0,0.6,0.5555555555555556,2622.948,4833.87,0.3685829837267075,131.7163888888889,6.0,0.4,3.0,0.6,25.0,2.0,83.0,9,15.0,3,3,3,3,3,82,84,121,0.174,0.0,0.2013,0.1186,T3,False,none,1.038394,0.960074,0.831967,1.626012,0.581664,0.950227,0.497644,0.824557,1.120044,0.98215,0.960352,1.0,15.0,0.225,8.666667,20.5,0.92591,3.297222
6cc216be-23d2-4808-b479-91035497184a,2.0,0.2222222222222222,2.0,7671.389999999999,3835.6949999999997,1249.125342169472,74,0,1.0,2.0,7.0,1.0,1.0,1.0,2.0,1.0,5.0,1.0,0.5,0.5,0.2222222222222222,3835.6949999999997,4718.96,0.6151375435220997,99.93111111111111,6.0,0.5,2.0,0.5,23.0,1.0,52.0,5,6.0,1,2,2,1,1,45,47,154,0.1225,0.0,0.2652,0.1509,T3,False,none,0.444267,0.835151,0.292234,0.40821,1.400021,0.706075,0.628884,0.605542,0.656086,0.632499,0.233833,0.75,11.5,0.083333,7.833333,22.5,0.444436,2.888889
db230ea2-5d43-4cc1-a41e-a9197a4afffd,5.0,0.5555555555555556,4.0,12587.099999999999,2517.4199999999996,1396.1207841372463,52,0,2.0,2.5,12.0,2.0,1.0,0.8,1.0,5.0,4.0,1.0,1.0,1.0,0.5555555555555556,2517.4199999999996,4430.45,0.3519833798094875,207.16166666666666,6.0,0.2,2.0,0.6,19.0,3.0,71.2,5,15.0,2,1,2,2,1,56,57,89,0.2523,0.0,0.1667,0.1056,T3,False,none,0.558734,0.817527,0.669067,0.467739,0.277908,0.605328,0.582179,0.584299,0.565491,0.574268,0.134286,0.666667,11.4,0.171429,6.666667,18.666667,0.92591,2.501587
d29e30fd-2f30-4e2c-b3ad-ce2e7df50dab,4.0,0.4444444444444444,4.0,9677.39,2419.3475,848.745493237912,78,1,2.0,2.0,11.0,2.0,1.0,0.75,2.0,2.0,4.0,2.0,1.0,0.75,0.4444444444444444,2419.3475,3459.66,0.3574992844144961,200.305,1.0,0.25,2.0,0.75,29.0,0.0,64.25,6,12.0,2,2,2,2,2,78,78,134,0.1691,0.0224,0.2258,0.1728,T3,False,none,0.568277,0.34369,0.700216,0.648565,1.123263,0.501369,0.480103,0.513397,0.662223,0.592771,0.630018,1.0,21.75,0.25,10.333333,26.0,0.592585,3.861111
a860419f-e38c-4c08-b0e6-e0e571a2dafc,0.0,0.0,0.0,0.0,0.0,0.0,53,0,0.0,0.0,0.0,0.0,0.0,0.0,0.0,0.0,0.0,0.0,0.0,0.0,0.0,0.0,0.0,0.0,0.0,0.0,0.0,0.0,0.0,0.0,0.0,0.0,0,0.0,0,0,0,0,0,0,0,1,0.0,0.0,0.0,0.0,T3,False,none,2.767811,2.428211,2.297128,2.075966,2.409508,1.489403,1.781581,1.952055,2.265693,2.119329,0.0,0.0,0.0,0.0,0.0,0.0,0.0,0.0
c8b48e0d-0230-4deb-bf5c-5009a38560fb,2.0,0.2222222222222222,2.0,4548.0,2274.0,205.5276570196818,84,0,2.0,1.0,6.0,2.0,1.0,0.5,2.0,1.0,6.0,2.0,1.0,0.5,0.2222222222222222,2274.0,2419.33,0.5319547053649956,89.03194444444445,13.0,0.0,1.0,1.0,16.0,1.0,104.0,5,6.0,2,2,1,2,2,32,32,129,0.1169,0.0,0.1879,0.1099,T3,False,none,0.712348,0.680661,1.126968,0.648299,0.675501,0.797297,0.567183,0.696321,0.760646,0.730628,0.339933,1.0,16.0,0.5,5.666667,10.666667,0.22222,2.388889
050c0672-a6e4-4f9d-899f-67b14a7ee8c0,2.0,0.2222222222222222,2.0,5581.450000000001,2790.7250000000004,2230.2642853370544,50,0,2.0,1.0,5.0,2.0,1.0,0.5,2.0,1.0,9.0,2.0,1.0,0.5,0.2222222222222222,2790.7250000000004,4367.76,0.7825493375377366,6.7275,0.0,0.0,2.0,0.5,28.0,0.0,99.5,6,6.0,2,2,2,2,2,64,65,134,0.1691,0.0224,0.2258,0.1728,T3,False,none,0.771781,0.923772,1.052549,0.560043,1.123263,0.706391,0.890828,0.786553,0.847451,0.819032,0.728543,1.0,14.0,0.25,9.666667,21.333333,0.444436,3.638889
bf51c32d-c3a0-4099-9810-5beadca48bc6,2.0,0.2222222222222222,1.0,6366.110000000001,3183.0550000000003,1757.3229858082434,33,0,2.0,1.0,8.0,2.0,1.0,0.5,1.0,2.0,5.0,1.0,1.0,1.0,0.2222222222222222,3183.0550000000003,4425.67,0.6951921974329692,1.235,17.0,0.0,2.0,0.5,21.0,0.0,68.0,5,6.0,2,1,2,2,1,47,47,40,0.459,0.0,0.0615,0.0469,T3,False,none,0.6629,0.487191,0.562506,0.435819,1.728531,0.829662,0.99281,0.836398,0.690507,0.75859,0.29249,0.666667,10.5,0.25,7.333333,15.666667,0.444436,2.75
947e7030-bb96-458b-a870-95c9ce528e5f,1.0,0.1111111111111111,1.0,3848.17,3848.17,0.0,46,1,1.0,1.0,5.0,1.0,1.0,1.0,1.0,1.0,3.0,1.0,1.0,1.0,0.1111111111111111,3848.17,3848.17,1.0,0.0,14.0,0.0,1.0,1.0,21.0,0.0,92.0,3,3.0,1,1,1,1,1,26,26,154,0.1225,0.0,0.2652,0.1509,T3,False,none,0.67104,0.715278,1.029225,0.895809,1.400021,1.098069,1.2018,1.010638,0.962507,0.984968,0.271265,1.0,21.0,0.5,7.666667,13.0,0.11111,3.055556
70aade10-342b-4475-a43d-48baa5f094c9,6.0,0.6666666666666666,5.0,19397.84,3232.9733333333334,1588.768039339496,33,1,1.0,6.0,4.0,1.0,1.0,1.0,2.0,3.0,5.0,2.0,1.0,0.8333333333333334,0.6666666666666666,3232.9733333333334,4570.84,0.23563654509986678,148.9336111111111,5.0,0.16666666666666666,3.0,0.5,28.0,0.0,87.33333333333333,6,18.0,1,2,3,1,2,76,77,134,0.1691,0.0224,0.2258,0.1728,T3,False,none,0.964268,0.399012,1.150304,0.845582,1.123263,1.190487,0.762374,0.983149,0.843703,0.908778,0.690444,1.5,14.0,0.071429,10.0,38.0,1.333307,3.857143
54355a7a-dc4f-40b8-80e1-80fa26fd9d1d,4.0,0.4444444444444444,4.0,10789.55,2697.3875,799.5415015859611,66,1,3.0,1.3333333333333333,7.0,3.0,1.0,0.5,3.0,1.3333333333333333,8.0,3.0,1.0,0.5,0.4444444444444444,2697.3875,3715.84,0.3443924908823816,164.20388888888888,2.0,0.25,3.0,0.5,18.0,2.0,64.5,9,12.0,3,3,3,3,3,69,70,67,0.2469,0.0,0.1605,0.1111,T3,False,none,1.070951,1.227293,0.739967,1.439131,0.434357,0.50652,0.444158,0.646999,1.07305,0.874226,0.959362,1.0,9.0,0.214286,6.666667,17.25,0.888871,2.626984
9053b3f6-684d-4835-a3cd-607f132ff23e,4.0,0.4444444444444444,4.0,8111.83,2027.9575,1458.453285536313,59,0,1.0,4.0,12.0,1.0,1.0,1.0,1.0,4.0,3.0,1.0,1.0,1.0,0.4444444444444444,2027.9575,4105.69,0.5061360999922335,87.2388888888889,22.0,0.0,3.0,0.5,23.0,1.0,69.0,5,12.0,1,1,3,1,1,65,65,89,0.2321,0.0,0.0992,0.0863,T3,False,none,0.817871,0.778458,0.634768,0.591284,0.403244,0.447392,0.703853,0.63873,0.615797,0.626499,0.23494,1.0,11.5,0.1,8.0,32.5,0.888871,3.033333
7f51e56f-3415-409e-a72a-f5ec8d553273,4.0,0.4444444444444444,3.0,5945.450000000001,1486.3625000000002,640.3245872927782,39,1,2.0,2.0,7.0,2.0,1.0,0.5,1.0,4.0,3.0,1.0,1.0,1.0,0.4444444444444444,1486.3625000000002,2059.32,0.34636907214760865,145.71166666666667,4.0,0.0,3.0,0.5,23.0,3.0,52.0,6,12.0,2,1,3,2,1,73,73,96,0.2355,0.0,0.1833,0.0828,T3,False,none,0.545008,0.778458,0.756096,0.739922,0.215092,0.542202,0.713443,0.600084,0.665454,0.634948,0.318064,0.666667,11.5,0.166667,8.333333,24.333333,0.888871,3.055556
089a2e10-7891-4710-9e18-8a60052fceb6,2.0,0.2222222222222222,2.0,8177.91,4088.955,676.8072556127037,31,1,2.0,1.0,11.0,2.0,1.0,0.5,2.0,1.0,3.0,2.0,1.0,0.5,0.2222222222222222,4088.955,4567.53,0.5585204532698452,183.18694444444444,2.0,0.0,2.0,0.5,22.0,0.0,56.5,6,6.0,2,2,2,2,2,62,62,154,0.1225,0.0,0.2652,0.1509,T3,False,none,0.841199,0.707606,0.47645,0.535974,1.400021,0.779303,0.870588,0.827416,0.710489,0.765055,0.380752,1.0,11.0,0.25,8.0,20.666667,0.444436,3.083333
a353de9a-147e-4494-b5f4-d910401c622d,1.0,0.1111111111111111,1.0,3647.62,3647.62,0.0,35,1,1.0,1.0,7.0,1.0,1.0,1.0,1.0,1.0,3.0,1.0,1.0,1.0,0.1111111111111111,3647.62,3647.62,1.0,0.0,9.0,0.0,1.0,1.0,25.0,1.0,77.0,3,3.0,1,1,1,1,1,32,32,129,0.1169,0.0,0.1879,0.1099,T3,False,none,0.552174,0.715278,0.839087,0.837921,0.675501,1.136215,1.035859,0.935894,0.780433,0.852982,0.236309,1.0,25.0,0.5,9.0,16.0,0.11111,3.5
2493569e-d64e-4e5c-96bc-f8a6e696e4ae,2.0,0.2222222222222222,2.0,9128.24,4564.12,391.1997556236454,39,1,2.0,1.0,13.0,2.0,1.0,0.5,1.0,2.0,5.0,1.0,1.0,1.0,0.2222222222222222,4564.12,4840.74,0.5303037606373189,81.72166666666666,7.0,0.0,2.0,0.5,23.0,0.0,46.5,5,6.0,2,1,2,2,1,65,66,40,0.459,0.0,0.0615,0.0469,T3,False,none,0.960065,0.487191,0.458097,0.539663,1.728531,0.859538,0.754574,0.853272,0.707696,0.775632,0.376826,0.666667,11.5,0.25,8.333333,21.666667,0.444436,3.083333
cc5e1399-9cc1-467a-8ff7-237658d90020,4.0,0.4444444444444444,3.0,14852.32,3713.08,1198.1979454441853,31,1,2.0,2.0,7.0,2.0,1.0,0.75,2.0,2.0,4.0,2.0,1.0,0.5,0.4444444444444444,3713.08,4831.51,0.3253033869456085,96.32805555555555,6.0,0.75,3.0,0.5,21.0,3.0,69.0,7,12.0,2,2,3,2,2,66,67,67,0.2687,0.0,0.1443,0.07,T3,False,none,0.379993,0.506463,0.85244,0.707216,0.56421,0.665974,0.75753,0.614784,0.663449,0.640738,0.44728,1.0,10.5,0.166667,7.666667,22.0,0.888871,2.944444
be42b238-46ae-4314-8b67-06ff8010bb90,1.0,0.1111111111111111,1.0,4210.94,4210.94,0.0,66,1,1.0,1.0,9.0,1.0,1.0,1.0,1.0,1.0,3.0,1.0,1.0,1.0,0.1111111111111111,4210.94,4210.94,1.0,0.0,23.0,0.0,1.0,1.0,28.0,1.0,87.0,3,3.0,1,1,1,1,1,37,37,121,0.1789,0.0083,0.2434,0.1287,T3,False,none,0.621592,0.715278,1.030624,0.789681,0.804265,1.158639,1.500945,1.119299,0.823708,0.96165,0.328509,1.0,28.0,0.5,10.0,18.5,0.11111,3.833333
4f7bb864-2ec0-44d8-95a6-e63d2c630f50,1.0,0.1111111111111111,1.0,34.66,34.66,0.0,87,0,1.0,1.0,9.0,1.0,1.0,1.0,1.0,1.0,1.0,0.0,0.0,1.0,0.1111111111111111,34.66,34.66,1.0,0.0,4.0,1.0,1.0,1.0,22.0,1.0,82.0,3,3.0,1,1,1,1,0,29,29,121,0.174,0.0,0.2013,0.1186,T3,False,none,0.621592,1.652105,0.773437,1.007097,0.581664,1.445821,1.792274,1.325811,1.048764,1.178053,0.178638,0.0,22.0,0.0,7.333333,14.5,0.11111,2.444444
965296ce-0c1b-4270-b831-fd2b2baec9d1,8.0,0.8888888888888888,6.0,13475.25,1684.40625,942.6808982431435,83,0,3.0,2.6666666666666665,9.0,3.0,1.0,0.5,2.0,4.0,8.0,2.0,1.0,0.625,0.8888888888888888,1684.40625,2864.76,0.21259420047865532,174.93166666666667,2.0,0.125,2.0,0.875,30.0,3.0,100.125,7,24.0,3,2,2,3,2,72,74,89,0.2321,0.0,0.0992,0.0863,T3,False,none,1.050442,0.824528,1.21099,1.188251,0.403244,1.373445,1.006196,1.158742,0.971223,1.058732,0.696306,0.75,26.25,0.238636,10.333333,18.0,1.015861,3.77399
f40be7aa-ef3f-4393-9f02-08e908ef518f,5.0,0.5555555555555556,4.0,13955.43,2791.0860000000002,758.1009094968824,54,1,1.0,5.0,7.0,1.0,1.0,1.0,3.0,1.6666666666666667,6.0,3.0,1.0,0.6,0.5555555555555556,2791.0860000000002,3905.88,0.2798824543564763,195.76944444444445,0.0,0.0,3.0,0.6,28.0,3.0,80.6,7,15.0,1,3,3,1,3,86,88,30,0.8828,0.0333,0.0244,0.0217,T3,False,none,0.678062,0.960074,1.101758,1.231832,3.2248,0.662182,0.817785,0.718587,1.468955,1.118783,1.515921,2.0,16.8,0.1,10.0,43.0,0.92591,4.033333
f10165e3-6c8b-4a29-a589-7c677de39fb0,7.0,0.7777777777777778,7.0,14130.66,2018.6657142857143,1238.8092613992565,42,1,2.0,3.5,7.0,2.0,1.0,0.5714285714285714,3.0,2.3333333333333335,6.0,3.0,1.0,0.7142857142857143,0.7777777777777778,2018.6657142857143,3294.07,0.2331150845041916,188.5525,2.0,0.14285714285714285,3.0,0.7142857142857143,24.0,0.0,60.0,8,21.0,2,3,3,2,3,70,72,108,0.1587,0.0,0.2348,0.071,T3,False,none,0.569796,0.828738,0.658729,1.262317,0.625422,1.198773,0.845163,0.901195,0.922025,0.912305,0.793696,1.333333,17.142857,0.15873,8.666667,23.333333,1.088874,3.386243
c4579fe2-eaf9-4ba9-aa0b-5e03f0a385b5,4.0,0.4444444444444444,4.0,13524.59,3381.1475,1613.1904244772222,55,1,1.0,4.0,3.0,1.0,1.0,1.0,2.0,2.0,3.0,2.0,1.0,0.5,0.4444444444444444,3381.1475,4499.75,0.3327087919116217,115.63416666666667,0.0,0.5,3.0,0.5,24.0,3.0,58.5,6,12.0,1,2,3,1,2,62,62,108,0.1587,0.0,0.2348,0.071,T3,False,none,0.807887,0.5875,0.846518,0.592368,0.625422,0.634148,0.67241,0.696542,0.649608,0.67151,0.36639,1.5,12.0,0.1,8.666667,31.0,0.888871,3.422222
7680310b-f8fe-427b-a612-833d8707dbc3,2.0,0.2222222222222222,2.0,6973.0599999999995,3486.5299999999997,279.9718589430015,107,0,1.0,2.0,13.0,1.0,1.0,1.0,1.0,2.0,1.0,0.0,0.0,1.0,0.2222222222222222,3486.5299999999997,3684.5,0.5283906921781829,54.125277777777775,0.0,0.0,2.0,0.5,20.0,3.0,57.5,4,6.0,1,1,2,1,0,48,48,121,0.174,0.0,0.2013,0.1186,T3,False,none,0.751416,1.531999,0.591936,0.612158,0.581664,0.970917,0.680166,0.811285,0.832823,0.822772,0.069469,0.0,10.0,0.0,6.666667,24.0,0.444436,2.222222
4adc2ba2-3aa2-42b5-b7c4-514d4b1f75b9,1.0,0.1111111111111111,1.0,262.45,262.45,0.0,104,0,1.0,1.0,5.0,1.0,1.0,1.0,1.0,1.0,3.0,1.0,1.0,1.0,0.1111111111111111,262.45,262.45,1.0,0.0,9.0,0.0,1.0,1.0,17.0,3.0,23.0,3,3.0,1,1,1,1,1,22,22,198,0.0889,0.0,0.2489,0.1724,T3,False,none,0.67104,0.715278,1.099454,0.934401,1.848264,1.502661,1.51006,1.267521,1.066317,1.160212,0.320767,1.0,17.0,0.5,6.0,11.0,0.11111,2.5
b71b9247-048d-4e54-b082-517f43261584,4.0,0.4444444444444444,3.0,7353.79,1838.4475,2000.0404315975713,87,0,2.0,2.0,5.0,2.0,1.0,0.5,1.0,4.0,3.0,1.0,1.0,1.0,0.4444444444444444,1838.4475,4695.37,0.6384966119511164,74.79194444444444,6.0,0.0,2.0,0.75,24.0,2.0,80.0,5,12.0,2,1,2,2,1,53,53,134,0.1691,0.0224,0.2258,0.1728,T3,False,none,0.663874,0.778458,0.552402,0.377337,1.123263,0.648625,0.544859,0.618393,0.63841,0.629069,0.296715,0.666667,18.0,0.25,8.333333,17.666667,0.592585,3.083333
d58cb604-323d-471c-92fa-4bc23b6bcd2e,1.0,0.1111111111111111,1.0,2488.42,2488.42,0.0,32,0,1.0,1.0,12.0,1.0,1.0,1.0,1.0,1.0,6.0,1.0,1.0,1.0,0.1111111111111111,2488.42,2488.42,1.0,0.0,6.0,0.0,1.0,1.0,18.0,3.0,65.0,3,3.0,1,1,1,1,1,33,33,108,0.1587,0.0,0.2348,0.071,T3,False,none,0.79989,0.688334,0.991921,0.828273,0.625422,1.041705,0.940619,0.93892,0.793573,0.861402,0.1924,1.0,18.0,0.5,6.333333,16.5,0.11111,2.611111
523a0c58-aca8-4525-8679-637fbddefb7f,4.0,0.4444444444444444,2.0,7482.82,1870.705,1844.5402315211234,70,1,1.0,4.0,10.0,1.0,1.0,1.0,1.0,4.0,6.0,1.0,1.0,1.0,0.4444444444444444,1870.705,4162.16,0.5562288014411679,194.88805555555555,3.0,0.0,3.0,0.5,24.0,2.0,54.75,5,12.0,1,1,3,1,1,79,80,84,0.204,0.0,0.1092,0.124,T3,False,none,0.699006,0.751513,0.632726,0.731129,0.51107,0.577305,0.605766,0.621564,0.679048,0.652222,0.416971,1.0,12.0,0.1,8.666667,39.5,0.888871,3.255556
2898f1f5-62b7-47bd-8498-3e6db134a145,0.0,0.0,0.0,0.0,0.0,0.0,38,0,0.0,0.0,0.0,0.0,0.0,0.0,0.0,0.0,0.0,0.0,0.0,0.0,0.0,0.0,0.0,0.0,0.0,0.0,0.0,0.0,0.0,0.0,0.0,0.0,0,0.0,0,0,0,0,0,0,0,1,0.0,0.0,0.0,0.0,T3,False,none,2.767811,2.428211,2.297128,2.075966,2.409508,1.569441,1.781581,1.982546,2.265693,2.133558,0.0,0.0,0.0,0.0,0.0,0.0,0.0,0.0
3c32dc24-5dda-41a9-9541-e9ea3a455f1c,5.0,0.5555555555555556,5.0,8675.53,1735.1060000000002,1323.6843878281559,92,0,3.0,1.6666666666666667,9.0,3.0,1.0,0.6,4.0,1.25,8.0,4.0,1.0,0.4,0.5555555555555556,1735.1060000000002,3953.38,0.45569319684215254,112.335,4.0,0.4,2.0,0.8,21.0,3.0,40.0,9,15.0,3,4,2,3,4,70,71,84,0.204,0.0,0.1092,0.124,T3,False,none,1.038394,1.727004,0.492487,1.677491,0.51107,0.849625,0.424724,0.761925,1.24859,1.02148,1.132276,1.25,16.8,0.3,7.333333,17.5,0.694436,2.961111
1e55dd22-c97d-44da-8a0a-a71393f5e237,1.0,0.1111111111111111,1.0,691.63,691.63,0.0,94,1,1.0,1.0,5.0,1.0,1.0,1.0,1.0,1.0,6.0,1.0,1.0,1.0,0.1111111111111111,691.63,691.63,1.0,0.0,17.0,0.0,1.0,1.0,21.0,3.0,97.0,3,3.0,1,1,1,1,1,29,29,67,0.2687,0.0,0.1443,0.07,T3,False,none,0.67104,0.688334,1.152866,0.866865,0.56421,1.377232,1.585944,1.245034,0.831373,1.024415,0.252514,1.0,21.0,0.5,7.666667,14.5,0.11111,3.055556
1ca0fb51-3915-4687-aa45-57be336761a2,2.0,0.2222222222222222,2.0,4046.01,2023.005,1471.0720186483054,47,1,1.0,2.0,5.0,1.0,1.0,1.0,1.0,2.0,5.0,1.0,1.0,1.0,0.2222222222222222,2023.005,3063.21,0.7570940259663224,109.54888888888888,6.0,0.5,1.0,1.0,28.0,3.0,108.0,3,6.0,1,1,1,1,1,35,35,30,0.8828,0.0333,0.0244,0.0217,T3,False,none,0.563133,0.487191,1.470865,0.752293,3.2248,0.616577,0.46131,0.549552,1.247804,0.921953,0.90663,1.0,28.0,0.333333,10.0,17.5,0.22222,3.777778
5d2fab21-5a94-4815-8436-1bfd02a0457d,4.0,0.4444444444444444,4.0,11269.5,2817.375,1656.5936148715937,52,1,2.0,2.0,12.0,2.0,1.0,0.75,2.0,2.0,4.0,2.0,1.0,0.5,0.4444444444444444,2817.375,4391.18,0.38965171480544836,172.4063888888889,0.0,0.0,2.0,0.75,27.0,2.0,55.75,6,12.0,2,2,2,2,2,71,71,121,0.174,0.0,0.2013,0.1186,T3,False,none,0.62771,0.506463,0.456498,0.581029,0.581664,0.522053,0.694145,0.609605,0.536549,0.570642,0.444697,1.0,20.25,0.25,9.666667,23.666667,0.592585,3.638889
98226c87-ff4b-484c-b253-fbeb29024d94,3.0,0.3333333333333333,2.0,11717.74,3905.9133333333334,863.4387387842484,81,0,1.0,3.0,7.0,1.0,1.0,1.0,1.0,3.0,6.0,1.0,1.0,1.0,0.3333333333333333,3905.9133333333334,4900.25,0.41819070912991757,45.535833333333336,17.0,0.3333333333333333,3.0,0.3333333333333333,28.0,1.0,60.0,5,9.0,1,1,3,1,1,76,77,95,0.2056,0.0211,0.1855,0.0916,T3,False,none,0.462248,0.631408,0.86145,0.687277,0.105784,0.701403,0.834373,0.677396,0.61268,0.642881,0.395626,1.0,9.333333,0.083333,9.666667,38.0,0.99997,3.583333
a528e0a2-3d0b-44c4-8b93-116438d44468,5.0,0.5555555555555556,5.0,11532.6,2306.52,1267.5464155209468,39,1,1.0,5.0,3.0,1.0,1.0,1.0,3.0,1.6666666666666667,3.0,3.0,1.0,0.4,0.5555555555555556,2306.52,3647.17,0.3162487210169433,151.33555555555554,12.0,0.2,2.0,0.8,29.0,1.0,34.2,6,15.0,1,3,2,1,3,56,57,154,0.1225,0.0,0.2652,0.1509,T3,False,none,0.915794,1.117238,0.538716,0.767965,1.400021,0.70111,0.503989,0.696741,0.912866,0.812008,0.740195,2.0,23.2,0.133333,10.333333,28.0,0.694436,4.155556
c927e640-06fb-4a56-88c1-9ff9a3ce5eb9,3.0,0.3333333333333333,3.0,8947.53,2982.51,2404.058928125515,46,1,2.0,1.5,10.0,2.0,1.0,0.6666666666666666,2.0,1.5,5.0,2.0,1.0,0.6666666666666666,0.3333333333333333,2982.51,4411.01,0.4929863325409359,185.75805555555556,10.0,0.0,2.0,0.6666666666666666,23.0,1.0,36.333333333333336,6,9.0,2,2,2,2,2,62,62,121,0.174,0.0,0.2013,0.1186,T3,False,none,0.617802,0.431056,0.238239,0.479289,0.581664,0.533909,0.585455,0.575061,0.434075,0.499868,0.337441,1.0,15.333333,0.266667,8.333333,20.666667,0.499993,3.2
cd0ed4bd-cbcb-4c69-ae07-149fa14b579a,2.0,0.2222222222222222,2.0,5928.99,2964.495,1731.3297405318258,47,0,1.0,2.0,1.0,0.0,0.0,1.0,1.0,2.0,2.0,1.0,1.0,1.0,0.2222222222222222,2964.495,4188.73,0.7064828916898156,66.18805555555555,6.0,0.0,1.0,1.0,24.0,0.0,46.0,3,6.0,1,1,1,0,1,24,24,108,0.1587,0.0,0.2348,0.071,T3,False,none,1.854104,0.67621,0.763464,1.009767,0.625422,0.649401,0.59783,0.976412,0.811007,0.888196,0.176585,1.0,24.0,0.333333,8.333333,12.0,0.22222,3.222222
15d36f09-2609-4af3-af4e-09fd69e1e2d5,2.0,0.2222222222222222,2.0,6697.76,3348.88,88.38834764831844,105,1,1.0,2.0,8.0,1.0,1.0,1.0,2.0,1.0,7.0,2.0,1.0,0.5,0.2222222222222222,3348.88,3411.38,0.5093314779866702,89.56194444444445,12.0,0.5,2.0,0.5,18.0,1.0,38.5,5,6.0,1,2,2,1,2,44,45,134,0.1691,0.0224,0.2258,0.1728,T3,False,none,0.454251,0.761698,0.404201,0.418564,1.123263,0.974393,0.519968,0.674306,0.618805,0.644706,0.430317,1.5,9.0,0.166667,6.666667,22.0,0.444436,2.777778
79f7051f-8c3a-4315-9955-f89fd51e2f23,3.0,0.3333333333333333,3.0,6526.39,2175.4633333333336,1200.168550926633,43,1,2.0,1.5,9.0,2.0,1.0,0.6666666666666666,1.0,3.0,6.0,1.0,1.0,1.0,0.3333333333333333,2175.4633333333336,3551.32,0.5441476834819862,167.26888888888888,2.0,0.0,2.0,0.6666666666666666,22.0,0.0,72.0,5,9.0,2,1,2,2,1,59,59,154,0.1225,0.0,0.2652,0.1509,T3,False,none,0.55837,0.631408,0.483672,0.420317,1.400021,0.325056,0.437797,0.429297,0.649573,0.546778,0.275678,0.666667,14.666667,0.266667,8.0,19.666667,0.499993,2.977778
0be0239c-4978-499b-b4f7-537548b26d29,4.0,0.4444444444444444,2.0,9191.96,2297.99,1369.0127964583337,70,1,2.0,2.0,11.0,2.0,1.0,0.75,1.0,4.0,2.0,1.0,1.0,1.0,0.4444444444444444,2297.99,3742.53,0.4071525550589864,44.87916666666667,0.0,0.5,2.0,0.75,22.0,1.0,67.25,5,12.0,2,1,2,2,1,53,54,43,0.4131,0.0,0.082,0.0328,T3,False,none,0.568277,0.859495,0.291977,0.38211,1.59323,0.439915,0.537777,0.509211,0.684532,0.602715,0.2747,0.666667,16.5,0.25,8.0,17.666667,0.592585,2.972222
36dafddc-41ab-49ba-b42d-8af0259f371f,2.0,0.2222222222222222,2.0,6712.3099999999995,3356.1549999999997,2256.3140991559662,62,1,2.0,1.0,10.0,2.0,1.0,0.5,1.0,2.0,5.0,1.0,1.0,1.0,0.2222222222222222,3356.1549999999997,4951.61,0.7376908992582285,159.15555555555557,14.0,0.0,2.0,0.5,21.0,2.0,43.0,5,6.0,2,1,2,2,1,53,54,67,0.2469,0.0,0.1605,0.1111,T3,False,none,0.781766,0.487191,0.340502,0.423887,0.434357,0.770932,0.914406,0.821852,0.424086,0.60971,0.144549,0.666667,10.5,0.25,7.666667,17.666667,0.444436,2.861111
da0f7c48-a752-4deb-bb3b-88704d05f79c,2.0,0.2222222222222222,2.0,7138.4,3569.2,303.1791035015438,35,1,1.0,2.0,6.0,1.0,1.0,1.0,1.0,2.0,2.0,1.0,1.0,1.0,0.2222222222222222,3569.2,3783.58,0.5300319399305167,151.9988888888889,4.0,0.0,2.0,0.5,18.0,0.0,70.5,4,6.0,1,1,2,1,1,36,36,108,0.1587,0.0,0.2348,0.071,T3,False,none,0.5037,0.67621,0.6911,0.587703,0.625422,0.781708,0.586634,0.637252,0.637657,0.637468,0.034805,1.0,9.0,0.166667,6.666667,18.0,0.444436,2.611111
8a68dd2c-1469-41cb-86dd-0980244bee70,2.0,0.2222222222222222,1.0,5100.66,2550.33,3418.7340078163434,85,0,1.0,2.0,7.0,1.0,1.0,1.0,1.0,2.0,4.0,1.0,1.0,1.0,0.2222222222222222,2550.33,4967.74,0.9739406272913701,8.44138888888889,1.0,0.0,2.0,0.5,22.0,0.0,87.0,4,6.0,1,1,2,1,1,45,45,67,0.2687,0.0,0.1443,0.07,T3,False,none,0.444267,0.514136,0.732419,0.500871,0.56421,1.123862,1.002511,0.889242,0.562983,0.715237,0.105448,1.0,11.0,0.166667,7.666667,22.5,0.444436,2.944444
77b7320f-594c-487e-8e61-40400c171d20,4.0,0.4444444444444444,4.0,12203.65,3050.9125,1727.2533883283213,44,0,1.0,4.0,5.0,1.0,1.0,1.0,2.0,2.0,4.0,2.0,1.0,0.75,0.4444444444444444,3050.9125,4336.49,0.3553436881588705,118.97333333333333,8.0,0.5,1.0,1.0,16.0,0.0,107.0,4,12.0,1,2,1,1,2,25,25,198,0.0889,0.0,0.2489,0.1724,T3,False,none,0.689021,0.34369,1.334465,0.719814,1.848264,0.636205,0.47103,0.596237,0.941911,0.780596,0.424881,1.5,16.0,0.2,5.666667,12.5,0.44444,2.455556
933d2471-2435-4b2a-9e2a-2b2c5b3276ae,3.0,0.3333333333333333,3.0,7582.65,2527.5499999999997,1999.0941090654037,77,1,1.0,3.0,7.0,1.0,1.0,1.0,2.0,1.5,4.0,1.0,0.5,0.6666666666666666,0.3333333333333333,2527.5499999999997,4249.87,0.5604729217358048,73.7525,10.0,0.3333333333333333,2.0,0.6666666666666666,22.0,3.0,53.666666666666664,5,9.0,1,2,2,1,1,50,51,84,0.204,0.0,0.1092,0.124,T3,False,none,0.462248,0.693528,0.41149,0.308058,0.51107,0.492795,0.311168,0.423525,0.459809,0.442877,0.140841,0.75,14.666667,0.083333,7.833333,25.0,0.499993,2.888889
da75b6fb-d5c8-4d5c-943f-60f324f0ff4d,0.0,0.0,0.0,0.0,0.0,0.0,68,1,0.0,0.0,0.0,0.0,0.0,0.0,0.0,0.0,0.0,0.0,0.0,0.0,0.0,0.0,0.0,0.0,0.0,0.0,0.0,0.0,0.0,0.0,0.0,0.0,0,0.0,0,0,0,0,0,0,0,1,0.0,0.0,0.0,0.0,T3,False,none,2.767811,2.428211,2.297128,2.075966,2.409508,1.552572,1.781581,1.97612,2.265693,2.130559,0.0,0.0,0.0,0.0,0.333333,0.0,0.0,0.111111
9ee56f7f-3e28-4215-a868-6fa75d278a3b,2.0,0.2222222222222222,2.0,7043.43,3521.715,876.1406572291917,51,1,1.0,2.0,7.0,1.0,1.0,1.0,1.0,2.0,6.0,1.0,1.0,1.0,0.2222222222222222,3521.715,4141.24,0.5879578557606165,80.05833333333334,3.0,0.0,2.0,0.5,25.0,0.0,52.5,4,6.0,1,1,2,1,1,51,51,96,0.2355,0.0,0.1833,0.0828,T3,False,none,0.444267,0.568228,0.550493,0.447044,0.215092,0.592905,0.648044,0.568817,0.460233,0.510905,0.183083,1.0,12.5,0.166667,9.0,25.5,0.444436,3.388889
5ab2477b-c80a-4c27-b76b-fd5297a20cae,5.0,0.5555555555555556,5.0,10348.02,2069.6040000000003,1656.116993793011,48,1,3.0,1.6666666666666667,8.0,3.0,1.0,0.4,2.0,2.5,5.0,2.0,1.0,0.8,0.5555555555555556,2069.6040000000003,4579.39,0.44253779950174044,215.63166666666666,2.0,0.0,2.0,0.8,25.0,0.0,52.6,7,15.0,3,2,2,3,2,59,59,95,0.2056,0.0211,0.1855,0.0916,T3,False,none,1.110972,0.317256,0.495819,0.883227,0.105784,0.723044,0.7857,0.854766,0.531451,0.682331,0.381525,0.75,20.0,0.3,9.0,14.75,0.694436,3.35
b91e8cf0-c74c-481b-9abc-0e2cdcae9549,7.0,0.7777777777777778,6.0,17655.26,2522.18,1888.2383829026105,39,1,1.0,7.0,4.0,1.0,1.0,1.0,2.0,3.5,3.0,2.0,1.0,0.7142857142857143,0.7777777777777778,2522.18,4577.98,0.2592983620745319,232.5836111111111,22.0,0.0,2.0,0.7142857142857143,21.0,0.0,47.714285714285715,5,21.0,1,2,2,1,2,45,46,110,0.1791,0.0,0.2044,0.1366,T3,False,none,1.072176,0.571213,0.282881,0.537194,0.622351,1.292256,1.275278,1.223717,0.50691,0.84142,0.252737,1.5,15.0,0.089286,7.666667,22.5,1.088874,3.085317
9fecacc8-61ce-47f8-a598-71faf04ad756,0.0,0.0,0.0,0.0,0.0,0.0,42,0,0.0,0.0,0.0,0.0,0.0,0.0,0.0,0.0,0.0,0.0,0.0,0.0,0.0,0.0,0.0,0.0,0.0,0.0,0.0,0.0,0.0,0.0,0.0,0.0,0,0.0,0,0,0,0,0,0,0,1,0.0,0.0,0.0,0.0,T3,False,none,2.767811,2.428211,2.297128,2.075966,2.409508,1.548097,1.781581,1.974415,2.265693,2.129763,0.0,0.0,0.0,0.0,0.0,0.0,0.0,0.0
80786ba6-89f2-4c9f-a02c-d027d8d1ec79,5.0,0.5555555555555556,3.0,19419.13,3883.826,1227.989082231597,52,1,1.0,5.0,7.0,1.0,1.0,1.0,2.0,2.5,8.0,2.0,1.0,0.6,0.5555555555555556,3883.826,4719.52,0.24303457466941106,188.80638888888888,2.0,0.2,4.0,0.4,23.0,2.0,100.6,7,15.0,1,2,4,1,2,90,90,108,0.1587,0.0,0.2348,0.071,T3,False,none,0.678062,0.660647,1.255227,1.08885,0.625422,0.813645,0.926717,0.812598,0.939223,0.880131,0.747932,1.5,9.2,0.066667,8.333333,45.0,1.388854,3.3
484edf82-2242-4d7e-90d9-3a186cffa927,0.0,0.0,0.0,0.0,0.0,0.0,63,0,0.0,0.0,0.0,0.0,0.0,0.0,0.0,0.0,0.0,0.0,0.0,0.0,0.0,0.0,0.0,0.0,0.0,0.0,0.0,0.0,0.0,0.0,0.0,0.0,0,0.0,0,0,0,0,0,0,0,1,0.0,0.0,0.0,0.0,T3,False,none,2.767811,2.428211,2.297128,2.075966,2.409508,1.534147,1.781581,1.969101,2.265693,2.127283,0.0,0.0,0.0,0.0,0.0,0.0,0.0,0.0
ff61d921-499d-4f49-affd-83436a959f71,3.0,0.3333333333333333,3.0,6981.75,2327.25,1640.5214706306042,85,1,2.0,1.5,10.0,2.0,1.0,0.6666666666666666,1.0,3.0,2.0,1.0,1.0,1.0,0.3333333333333333,2327.25,3553.85,0.5090199448562323,130.60444444444445,4.0,0.0,2.0,0.6666666666666666,21.0,2.0,55.333333333333336,5,9.0,2,1,2,2,1,51,51,198,0.0889,0.0,0.2489,0.1724,T3,False,none,0.617802,0.739389,0.232701,0.344603,1.848264,0.48084,0.29324,0.457439,0.670597,0.571123,0.223788,0.666667,14.0,0.266667,7.666667,17.0,0.499993,2.866667
8da82120-cc15-48d0-b420-bfae3eedd4a0,2.0,0.2222222222222222,2.0,3789.75,1894.875,2113.846224882501,61,1,2.0,1.0,8.0,2.0,1.0,0.5,1.0,2.0,6.0,1.0,1.0,1.0,0.2222222222222222,1894.875,3389.59,0.8944099214987796,144.31972222222223,8.0,0.0,2.0,0.5,28.0,0.0,72.0,5,6.0,2,1,2,2,1,63,65,121,0.1789,0.0083,0.2434,0.1287,T3,False,none,0.6629,0.568228,0.821758,0.52514,0.804265,0.752452,0.631902,0.686682,0.644228,0.66404,0.338348,0.666667,14.0,0.25,10.0,21.0,0.444436,3.638889
db981733-13dc-4d16-90d9-6ff39083e605,3.0,0.3333333333333333,3.0,4005.92,1335.3066666666666,1153.8599689881496,79,1,2.0,1.5,11.0,2.0,1.0,0.6666666666666666,2.0,1.5,4.0,2.0,1.0,0.6666666666666666,0.3333333333333333,1335.3066666666666,2357.78,0.5885739106122938,57.79944444444445,7.0,0.6666666666666666,3.0,0.3333333333333333,16.0,1.0,83.66666666666667,7,9.0,2,2,3,2,2,62,63,134,0.1691,0.0224,0.2258,0.1728,T3,False,none,0.677235,0.458001,1.013744,0.653716,1.123263,0.557525,0.638037,0.618565,0.758051,0.692958,0.559454,1.0,5.333333,0.133333,6.0,20.666667,0.99997,2.377778
ec9792a3-073a-4ebf-a0dd-d8afe1022ca1,3.0,0.3333333333333333,2.0,8338.82,2779.6066666666666,1763.342705327961,54,0,1.0,3.0,5.0,1.0,1.0,1.0,1.0,3.0,1.0,0.0,0.0,1.0,0.3333333333333333,2779.6066666666666,3864.95,0.46348883894843634,28.11916666666667,9.0,0.0,2.0,0.6666666666666666,28.0,2.0,95.33333333333333,4,9.0,1,1,2,1,0,46,46,95,0.2056,0.0211,0.1855,0.0916,T3,False,none,0.581114,1.595179,0.79408,0.574769,0.105784,0.413216,0.49973,0.490025,0.797397,0.653957,0.115662,0.0,18.666667,0.0,9.333333,23.0,0.499993,3.111111
b1147b8c-ed96-4106-9223-1a6847dfd50b,4.0,0.4444444444444444,2.0,10868.52,2717.13,1403.5981959473538,91,1,2.0,2.0,11.0,2.0,1.0,0.75,1.0,4.0,4.0,1.0,1.0,1.0,0.4444444444444444,2717.13,4561.41,0.41969007739784253,123.53166666666667,6.0,0.0,3.0,0.5,28.0,0.0,61.5,6,12.0,2,1,3,2,1,80,84,134,0.1691,0.0224,0.2258,0.1728,T3,False,none,0.568277,0.697421,0.933499,0.826549,1.123263,0.623033,0.446662,0.548598,0.866001,0.71788,0.587533,0.666667,14.0,0.166667,10.0,26.666667,0.888871,3.611111
f5da58d8-cb17-4aad-8470-5d3be5211de4,3.0,0.3333333333333333,3.0,5704.95,1901.6499999999999,1350.0323630565306,106,0,1.0,3.0,4.0,1.0,1.0,1.0,2.0,1.5,4.0,2.0,1.0,0.6666666666666666,0.3333333333333333,1901.6499999999999,3435.12,0.6021297294454816,127.22444444444444,1.0,0.0,1.0,1.0,18.0,0.0,75.0,4,9.0,1,2,1,1,2,24,24,95,0.2056,0.0211,0.1855,0.0916,T3,False,none,0.640547,0.458001,0.994166,0.714554,0.105784,0.633579,0.462846,0.578659,0.607207,0.593884,0.238844,1.5,18.0,0.25,6.333333,12.0,0.33333,2.694444
40e94f81-cfea-47d7-8194-ec68d05cd144,4.0,0.4444444444444444,4.0,14689.31,3672.3275,1102.0390324114358,88,1,2.0,2.0,5.0,2.0,1.0,0.75,3.0,1.3333333333333333,6.0,3.0,1.0,0.5,0.4444444444444444,3672.3275,4269.03,0.29062154723400896,121.68861111111111,12.0,0.25,2.0,0.5,26.0,1.0,62.0,7,12.0,2,3,2,2,3,59,60,96,0.2355,0.0,0.1833,0.0828,T3,False,none,0.498859,1.065219,0.483771,0.811707,0.215092,0.78481,0.598775,0.641098,0.707329,0.676421,0.662917,1.333333,13.0,0.166667,9.333333,19.666667,0.888871,3.611111
3862078e-ad40-459a-828b-5359a3806d9b,3.0,0.3333333333333333,3.0,8462.61,2820.8700000000003,1294.1155434890657,85,1,2.0,1.5,7.0,2.0,1.0,0.6666666666666666,2.0,1.5,3.0,1.0,0.5,0.6666666666666666,0.3333333333333333,2820.8700000000003,4030.8,0.4763069549465236,150.78722222222223,11.0,0.3333333333333333,2.0,0.6666666666666666,18.0,2.0,41.333333333333336,6,9.0,2,2,2,2,1,44,44,89,0.2321,0.0,0.0992,0.0863,T3,False,none,0.488952,0.774565,0.339242,0.442173,0.403244,0.43412,0.368509,0.427916,0.497339,0.464941,0.12733,0.5,12.0,0.133333,6.5,14.666667,0.499993,2.377778
078b3819-c425-4eeb-b579-a5a8ad4517cc,4.0,0.4444444444444444,4.0,6003.47,1500.8675,1674.7104622665377,78,0,3.0,1.3333333333333333,8.0,3.0,1.0,0.5,2.0,2.0,3.0,1.0,0.5,0.75,0.4444444444444444,1500.8675,3875.08,0.6454733679022299,165.62083333333334,2.0,0.25,4.0,0.25,27.0,2.0,72.25,9,12.0,3,2,4,3,1,109,110,121,0.174,0.0,0.2013,0.1186,T3,False,none,1.080936,0.660254,1.271359,1.657089,0.581664,0.701315,0.520617,0.749545,1.148282,0.962205,0.81646,0.375,6.75,0.053571,9.166667,27.25,1.777707,3.198413
90f37625-6c5c-49eb-896d-e3161300658c,2.0,0.2222222222222222,2.0,1437.6799999999998,718.8399999999999,662.5307697005475,67,0,1.0,2.0,7.0,1.0,1.0,1.0,1.0,2.0,3.0,1.0,1.0,1.0,0.2222222222222222,718.8399999999999,1187.32,0.8258583273051027,20.038333333333334,18.0,0.5,1.0,1.0,19.0,1.0,46.0,3,6.0,1,1,1,1,1,26,26,198,0.0889,0.0,0.2489,0.1724,T3,False,none,0.444267,0.595173,0.570687,0.839125,1.848264,0.894281,1.30689,0.903242,0.890402,0.896394,0.320767,1.0,19.0,0.333333,6.666667,13.0,0.22222,2.666667
7a3e58a0-f5ac-4aa2-99f6-230d7cb63f17,3.0,0.3333333333333333,2.0,7190.82,2396.94,358.4985992999138,100,1,1.0,3.0,5.0,1.0,1.0,1.0,1.0,3.0,3.0,1.0,1.0,1.0,0.3333333333333333,2396.94,2637.18,0.3667425968109339,121.66166666666666,17.0,0.0,1.0,1.0,22.0,3.0,34.0,3,9.0,1,1,1,1,1,27,27,110,0.1928,0.0091,0.1832,0.0943,T3,False,none,0.581114,0.658352,0.874111,0.772792,0.231917,0.643743,0.611045,0.614949,0.675144,0.647053,0.151476,1.0,22.0,0.25,8.0,13.5,0.33333,3.083333
a8c83a06-7531-48fb-a052-fe32ab622399,2.0,0.2222222222222222,2.0,4944.16,2472.08,3454.5843216225016,75,1,1.0,2.0,7.0,1.0,1.0,1.0,1.0,2.0,2.0,1.0,1.0,1.0,0.2222222222222222,2472.08,4914.84,0.9940697712048154,122.97666666666667,20.0,0.0,2.0,0.5,28.0,1.0,90.5,4,6.0,1,1,2,1,1,52,53,95,0.2056,0.0211,0.1855,0.0916,T3,False,none,0.444267,0.67621,0.794697,0.459995,0.105784,0.97858,0.993675,0.830951,0.524743,0.66764,0.150099,1.0,14.0,0.166667,10.0,26.0,0.444436,3.722222
5decb4dc-c3bb-4dca-9e07-f3ba7028a378,7.0,0.7777777777777778,5.0,15987.97,2283.9957142857143,1337.5988038628166,52,1,1.0,7.0,8.0,1.0,1.0,1.0,2.0,3.5,5.0,2.0,1.0,0.8571428571428571,0.7777777777777778,2283.9957142857143,4123.15,0.2578907766276769,75.75361111111111,23.0,0.14285714285714285,4.0,0.5714285714285714,27.0,2.0,83.57142857142857,7,21.0,1,2,4,1,2,94,97,110,0.1928,0.0091,0.1832,0.0943,T3,False,none,0.903862,0.474567,1.129428,1.255131,0.231917,1.004819,1.002552,0.975218,0.863266,0.915511,0.704002,1.5,15.428571,0.071429,9.666667,47.0,1.361087,3.746032
8f722a5f-0002-4146-810e-e691d494f593,1.0,0.1111111111111111,1.0,100.75,100.75,0.0,108,0,1.0,1.0,8.0,1.0,1.0,1.0,1.0,1.0,3.0,1.0,1.0,1.0,0.1111111111111111,100.75,100.75,1.0,0.0,2.0,0.0,1.0,1.0,21.0,1.0,30.0,3,3.0,1,1,1,1,1,29,29,129,0.1169,0.0,0.1879,0.1099,T3,False,none,0.562159,0.715278,0.633224,0.866865,0.675501,1.548048,1.611878,1.287642,0.748399,1.000046,0.176865,1.0,21.0,0.5,7.333333,14.5,0.11111,2.944444
eb9b1a33-1207-44cf-b829-fb66b12f69ca,3.0,0.3333333333333333,3.0,10960.86,3653.6200000000003,558.5372790602253,38,0,1.0,3.0,4.0,1.0,1.0,1.0,2.0,1.5,5.0,2.0,1.0,0.6666666666666666,0.3333333333333333,3653.6200000000003,4089.22,0.3730747404856918,101.2,6.0,0.3333333333333333,3.0,0.3333333333333333,26.0,1.0,72.66666666666667,6,9.0,1,2,3,1,2,75,77,110,0.1791,0.0,0.2044,0.1366,T3,False,none,0.640547,0.431056,0.896013,0.71243,0.622351,0.582783,0.409087,0.541388,0.66532,0.607485,0.570498,1.5,8.666667,0.083333,9.0,37.5,0.99997,3.527778
ca717d38-4f09-4752-92dd-422e9c56629c,4.0,0.4444444444444444,3.0,6462.38,1615.595,1907.6562921990603,82,1,2.0,2.0,7.0,2.0,1.0,0.5,2.0,2.0,8.0,2.0,1.0,0.5,0.4444444444444444,1615.595,4245.0,0.6568787350790266,215.9075,14.0,0.0,2.0,0.75,23.0,2.0,73.0,6,12.0,2,2,2,2,2,57,57,121,0.174,0.0,0.2013,0.1186,T3,False,none,0.545008,0.722629,0.457784,0.445957,0.581664,0.646212,0.826625,0.677434,0.540207,0.604246,0.470995,1.0,17.25,0.25,8.333333,19.0,0.592585,3.194444
1da8bb03-a3ac-4293-be80-21459ac44a94,3.0,0.3333333333333333,3.0,5660.52,1886.8400000000001,1437.3650865037735,70,0,1.0,3.0,4.0,1.0,1.0,1.0,2.0,1.5,6.0,2.0,1.0,0.6666666666666666,0.3333333333333333,1886.8400000000001,3359.06,0.593418979175058,43.155833333333334,3.0,0.0,2.0,0.6666666666666666,19.0,1.0,57.0,5,9.0,1,2,2,1,2,47,47,89,0.2321,0.0,0.0992,0.0863,T3,False,none,0.640547,0.512093,0.236751,0.337709,0.403244,0.459564,0.517923,0.530726,0.371194,0.445643,0.222825,1.5,12.666667,0.166667,6.666667,23.5,0.499993,2.777778
71977bde-3cb3-4bad-809e-84e3429ddbed,2.0,0.2222222222222222,2.0,914.28,457.14,263.4679866701076,72,1,1.0,2.0,9.0,1.0,1.0,1.0,1.0,2.0,4.0,1.0,1.0,1.0,0.2222222222222222,457.14,643.44,0.703766898543116,37.73861111111111,8.0,0.0,2.0,0.5,21.0,0.0,73.5,4,6.0,1,1,2,1,1,47,47,84,0.204,0.0,0.1092,0.124,T3,False,none,0.513684,0.514136,0.608665,0.481575,0.51107,1.027081,1.104271,0.906126,0.521108,0.700783,0.110689,1.0,10.5,0.166667,7.666667,23.5,0.444436,2.944444
dc4c93ba-4735-43a4-9b47-de25ba21894b,2.0,0.2222222222222222,2.0,6457.16,3228.58,1331.3123633467844,43,1,1.0,2.0,6.0,1.0,1.0,1.0,2.0,1.0,7.0,2.0,1.0,0.5,0.2222222222222222,3228.58,4169.96,0.6457885510038469,58.71722222222222,0.0,0.0,2.0,0.5,22.0,0.0,38.0,5,6.0,1,2,2,1,2,54,55,67,0.2687,0.0,0.1443,0.07,T3,False,none,0.5037,0.761698,0.493561,0.392109,0.56421,0.613865,0.752788,0.628697,0.534326,0.578366,0.326345,1.5,11.0,0.166667,8.0,27.0,0.444436,3.222222
bfd136d9-e267-4679-af45-afc74014a84a,1.0,0.1111111111111111,1.0,1658.56,1658.56,0.0,73,1,1.0,1.0,11.0,1.0,1.0,1.0,1.0,1.0,6.0,1.0,1.0,1.0,0.1111111111111111,1658.56,1658.56,1.0,0.0,9.0,0.0,1.0,1.0,16.0,3.0,106.0,3,3.0,1,1,1,1,1,30,30,129,0.1169,0.0,0.1879,0.1099,T3,False,none,0.740457,0.688334,1.407753,0.857217,0.675501,1.121405,1.157111,1.024465,0.899405,0.957766,0.23582,1.0,16.0,0.5,6.0,15.0,0.11111,2.5
2f4a4aa6-dde1-4cc3-a73f-4929eba7213f,1.0,0.1111111111111111,1.0,4068.17,4068.17,0.0,78,0,1.0,1.0,7.0,1.0,1.0,1.0,1.0,1.0,4.0,1.0,1.0,1.0,0.1111111111111111,4068.17,4068.17,1.0,0.0,9.0,1.0,1.0,1.0,16.0,3.0,23.0,3,3.0,1,1,1,1,1,24,24,40,0.459,0.0,0.0615,0.0469,T3,False,none,0.552174,0.634241,1.135325,0.915105,1.728531,1.216295,1.351962,1.071769,1.026339,1.04754,0.376378,1.0,16.0,0.5,5.666667,12.0,0.11111,2.388889
2cab9838-a12d-4087-8dad-09a1ae53d58f,2.0,0.2222222222222222,2.0,3219.61,1609.805,1468.413297151044,62,0,1.0,2.0,5.0,1.0,1.0,1.0,2.0,1.0,4.0,2.0,1.0,0.5,0.2222222222222222,1609.805,2648.13,0.8225002407123844,125.63222222222223,13.0,0.0,2.0,0.5,23.0,0.0,85.5,5,6.0,1,2,2,1,2,52,52,110,0.1928,0.0091,0.1832,0.0943,T3,False,none,0.563133,0.626569,0.755701,0.36804,0.231917,0.702752,0.791932,0.692587,0.490748,0.58494,0.178904,1.5,11.5,0.166667,8.0,26.0,0.444436,3.222222
4ae004e5-64d6-40a4-a95b-ce6d6583fd11,3.0,0.3333333333333333,3.0,7654.51,2551.5033333333336,531.4683062359725,106,0,1.0,3.0,6.0,1.0,1.0,1.0,1.0,3.0,4.0,1.0,1.0,1.0,0.3333333333333333,2551.5033333333336,2980.05,0.3893194992233337,178.51638888888888,0.0,0.0,1.0,1.0,17.0,0.0,35.0,3,9.0,1,1,1,1,1,24,24,67,0.2469,0.0,0.1605,0.1111,T3,False,none,0.521681,0.577315,0.917066,0.801736,0.434357,0.599404,0.616462,0.582883,0.708428,0.64984,0.218798,1.0,17.0,0.25,6.0,12.0,0.33333,2.416667
cd0e8c76-1e3f-47be-bd08-010d7b62694b,4.0,0.4444444444444444,4.0,12302.26,3075.565,980.9678592594151,48,0,2.0,2.0,9.0,2.0,1.0,0.75,1.0,4.0,5.0,1.0,1.0,1.0,0.4444444444444444,3075.565,3755.61,0.30527805460134966,100.7063888888889,3.0,0.0,2.0,0.75,24.0,1.0,57.75,5,12.0,2,1,2,2,1,61,62,121,0.174,0.0,0.2013,0.1186,T3,False,none,0.449411,0.670476,0.283991,0.459294,0.581664,0.531601,0.532314,0.508356,0.495963,0.501746,0.218585,0.666667,18.0,0.25,8.333333,20.333333,0.592585,3.083333
7d5b7288-e69c-4655-ab93-5a994f9ce75e,7.0,0.7777777777777778,7.0,15419.45,2202.7785714285715,1837.4821088782387,30,1,2.0,3.5,8.0,2.0,1.0,0.7142857142857143,1.0,7.0,7.0,1.0,1.0,1.0,0.7777777777777778,2202.7785714285715,4624.17,0.2998920194948588,172.43972222222223,1.0,0.2857142857142857,3.0,0.7142857142857143,24.0,3.0,36.42857142857143,6,21.0,2,1,3,2,1,77,80,134,0.1691,0.0224,0.2258,0.1728,T3,False,none,0.485486,1.192868,0.741335,0.962887,1.123263,1.373608,0.796015,0.927328,1.000955,0.966596,0.622428,0.666667,17.142857,0.15873,8.666667,25.666667,1.088874,3.164021
5c4417da-c285-42c2-8613-0d9293dcacd9,3.0,0.3333333333333333,3.0,7089.610000000001,2363.2033333333334,1803.4842381993064,40,0,1.0,3.0,10.0,1.0,1.0,1.0,1.0,3.0,2.0,1.0,1.0,1.0,0.3333333333333333,2363.2033333333334,3750.27,0.5289811428273204,172.48194444444445,14.0,0.0,2.0,0.6666666666666666,20.0,0.0,48.666666666666664,4,9.0,1,1,2,1,1,44,44,129,0.1169,0.0,0.1879,0.1099,T3,False,none,0.591098,0.739389,0.313263,0.453834,0.675501,0.417665,0.488721,0.490903,0.532882,0.513292,0.078225,1.0,13.333333,0.166667,7.0,22.0,0.499993,2.722222
8cf556f0-7de8-49ec-848f-1bea9011488b,4.0,0.4444444444444444,4.0,9830.28,2457.57,1940.4289832749182,65,1,1.0,4.0,5.0,1.0,1.0,1.0,1.0,4.0,2.0,1.0,1.0,1.0,0.4444444444444444,2457.57,4604.0,0.46834881610696744,199.94416666666666,1.0,0.0,2.0,0.75,21.0,0.0,78.25,4,12.0,1,1,2,1,1,38,38,110,0.1928,0.0091,0.1832,0.0943,T3,False,none,0.689021,0.859495,0.556158,0.52663,0.231917,0.543053,0.653138,0.621453,0.566879,0.592347,0.063198,1.0,15.75,0.15,7.666667,19.0,0.592585,2.938889
b159f1d6-1942-4b5a-9e06-b1667e03419f,2.0,0.2222222222222222,2.0,7250.59,3625.295,232.51792285757236,82,0,1.0,2.0,9.0,1.0,1.0,1.0,1.0,2.0,2.0,1.0,1.0,1.0,0.2222222222222222,3625.295,3789.71,0.5226760856702696,194.29722222222222,12.0,0.0,1.0,1.0,19.0,1.0,52.0,3,6.0,1,1,1,1,1,27,27,89,0.2523,0.0,0.1667,0.1056,T3,False,none,0.513684,0.67621,0.582949,0.829477,0.277908,0.856784,0.729154,0.716212,0.647872,0.679764,0.211323,1.0,19.0,0.333333,6.666667,13.5,0.22222,2.666667
e629973d-5102-4da5-ae05-658c977276ce,4.0,0.4444444444444444,3.0,9087.35,2271.8375,1577.061356582235,35,0,1.0,4.0,8.0,1.0,1.0,1.0,2.0,2.0,8.0,2.0,1.0,0.5,0.4444444444444444,2271.8375,3641.91,0.40076700028060985,46.26444444444444,8.0,0.0,3.0,0.5,22.0,0.0,61.5,6,12.0,1,2,3,1,2,72,73,95,0.2056,0.0211,0.1855,0.0916,T3,False,none,0.58014,0.722629,0.718274,0.693621,0.105784,0.437448,0.435419,0.477541,0.608036,0.547138,0.522309,1.5,11.0,0.1,7.666667,36.0,0.888871,3.088889
293494a1-2aba-4026-8426-9b660dd95b55,2.0,0.2222222222222222,2.0,6407.46,3203.73,588.5391161171871,69,0,1.0,2.0,4.0,1.0,1.0,1.0,1.0,2.0,4.0,1.0,1.0,1.0,0.2222222222222222,3203.73,3619.89,0.5649492934797876,76.19944444444444,9.0,0.5,2.0,0.5,23.0,1.0,49.0,4,6.0,1,1,2,1,1,46,46,121,0.174,0.0,0.2013,0.1186,T3,False,none,0.622565,0.514136,0.267057,0.491223,0.581664,0.692042,0.46816,0.597564,0.465323,0.527036,0.12509,1.0,11.5,0.166667,8.0,23.0,0.444436,3.055556
85a89d59-d37f-4a64-a168-664b48235e99,5.0,0.5555555555555556,3.0,6365.17,1273.034,1093.2517199300441,57,1,4.0,1.25,6.0,4.0,1.0,0.4,2.0,2.5,4.0,2.0,1.0,0.8,0.5555555555555556,1273.034,2478.23,0.38934231136010505,173.34694444444443,19.0,0.0,4.0,0.4,23.0,3.0,57.0,10,15.0,4,2,4,4,2,95,98,129,0.1169,0.0,0.1879,0.1099,T3,False,none,1.659387,0.344201,1.071637,1.945471,0.675501,0.546071,1.017381,1.021265,1.151443,1.090693,0.80782,0.6,9.2,0.177778,8.333333,19.0,1.388854,3.037037
ee7957f8-9d53-411a-94a0-813f915344a2,1.0,0.1111111111111111,1.0,3123.25,3123.25,0.0,49,0,1.0,1.0,6.0,1.0,1.0,1.0,1.0,1.0,3.0,1.0,1.0,1.0,0.1111111111111111,3123.25,3123.25,1.0,0.0,1.0,0.0,1.0,1.0,17.0,0.0,26.0,3,3.0,1,1,1,1,1,23,23,110,0.1791,0.0,0.2044,0.1366,T3,False,none,0.611607,0.715278,0.992598,0.924753,0.622351,1.01604,1.077584,0.921002,0.836118,0.875731,0.23834,1.0,17.0,0.5,6.0,11.5,0.11111,2.5
e3332ba5-422b-44d0-a5a8-032aa3f02254,9.0,1.0,6.0,24036.63,2670.7366666666667,1511.0542402160818,76,0,4.0,2.25,9.0,4.0,1.0,0.4444444444444444,5.0,1.8,6.0,5.0,1.0,0.4444444444444444,1.0,2670.7366666666667,4768.35,0.19837847485275598,141.69583333333333,7.0,0.1111111111111111,4.0,0.4444444444444444,22.0,1.0,51.111111111111114,13,27.0,4,5,4,4,5,103,107,198,0.0889,0.0,0.2489,0.1724,T3,False,none,1.532128,1.894527,0.689581,3.279211,1.848264,1.695549,0.917646,1.389556,2.155043,1.797816,1.864953,1.2,9.777778,0.136752,7.666667,20.6,2.249949,3.00114
5f263891-8851-4c59-bd62-1b4ab36de8d2,2.0,0.2222222222222222,2.0,989.5600000000001,494.78000000000003,463.7347692377616,73,1,1.0,2.0,6.0,1.0,1.0,1.0,2.0,1.0,6.0,2.0,1.0,0.5,0.2222222222222222,494.78000000000003,822.69,0.8313694975544687,107.33611111111111,12.0,0.5,2.0,0.5,23.0,1.0,45.5,5,6.0,1,2,2,1,2,55,55,121,0.174,0.0,0.2013,0.1186,T3,False,none,0.5037,0.680661,0.284169,0.396984,0.581664,0.991116,1.071128,0.878525,0.47518,0.663408,0.305773,1.5,11.5,0.166667,8.333333,27.5,0.444436,3.333333
8a1cf78e-cc1d-4bc7-857a-c68eddd83521,2.0,0.2222222222222222,2.0,5587.6,2793.8,2350.281519307847,55,1,1.0,2.0,12.0,1.0,1.0,1.0,1.0,2.0,7.0,1.0,1.0,1.0,0.2222222222222222,2793.8,4455.7,0.7974264442694537,13.425555555555556,7.0,1.0,2.0,0.5,24.0,0.0,74.0,4,6.0,1,1,2,1,1,62,63,108,0.1587,0.0,0.2348,0.071,T3,False,none,0.691983,0.649265,0.695059,0.556475,0.625422,0.705306,0.952613,0.783935,0.620035,0.696522,0.226637,1.0,12.0,0.166667,8.666667,31.0,0.444436,3.277778
bb3d7879-8c4f-4971-aa32-c54812e8d3b6,2.0,0.2222222222222222,2.0,8250.25,4125.125,354.2392841710244,47,1,1.0,2.0,4.0,1.0,1.0,1.0,1.0,2.0,4.0,1.0,1.0,1.0,0.2222222222222222,4125.125,4375.61,0.5303608981546013,48.70388888888889,2.0,0.5,2.0,0.5,16.0,1.0,77.5,4,6.0,1,1,2,1,1,34,34,198,0.0889,0.0,0.2489,0.1724,T3,False,none,0.622565,0.514136,0.639268,0.606999,1.848264,0.752906,0.778934,0.724342,0.797383,0.763297,0.222126,1.0,8.0,0.166667,6.0,17.0,0.444436,2.388889
ff26c306-817e-4f65-b24b-834d5d4c7ec0,1.0,0.1111111111111111,1.0,1029.47,1029.47,0.0,90,1,1.0,1.0,6.0,1.0,1.0,1.0,1.0,1.0,6.0,1.0,1.0,1.0,0.1111111111111111,1029.47,1029.47,1.0,0.0,5.0,0.0,1.0,1.0,23.0,2.0,64.0,3,3.0,1,1,1,1,1,32,32,50,0.2482,0.04,0.0909,0.0909,T3,False,none,0.611607,0.688334,0.739923,0.837921,0.707334,1.305655,1.307945,1.108119,0.758344,0.921572,0.259653,1.0,23.0,0.5,8.333333,16.0,0.11111,3.277778
601f1a98-e4f8-47c0-9b84-bf11d3ca7165,4.0,0.4444444444444444,3.0,14235.07,3558.7675,1192.371751185426,103,1,1.0,4.0,9.0,1.0,1.0,1.0,2.0,2.0,6.0,2.0,1.0,0.75,0.4444444444444444,3558.7675,4649.94,0.32665382045890884,189.26722222222222,2.0,0.25,3.0,0.5,28.0,3.0,74.5,6,12.0,1,2,3,1,2,69,69,30,0.8828,0.0333,0.0244,0.0217,T3,False,none,0.639573,0.397782,1.12428,0.659904,3.2248,0.772105,0.729334,0.719982,1.118601,0.932579,1.168557,1.5,14.0,0.1,10.0,34.5,0.888871,3.866667
3859775f-72e3-4e1c-89de-c228ccc173f5,4.0,0.4444444444444444,2.0,6313.26,1578.315,1167.0980218330708,100,1,1.0,4.0,3.0,1.0,1.0,1.0,3.0,1.3333333333333333,6.0,3.0,1.0,0.5,0.4444444444444444,1578.315,2766.75,0.43824426682886497,42.123333333333335,0.0,0.0,1.0,1.0,28.0,1.0,87.0,5,12.0,1,3,1,1,3,41,41,121,0.1789,0.0083,0.2434,0.1287,T3,False,none,0.807887,1.065219,1.030624,0.789889,0.804265,0.683299,0.724838,0.732742,0.91127,0.827957,0.723173,2.0,28.0,0.2,10.0,20.5,0.44444,4.066667
4e9f708e-108c-4cc1-8757-f9238a19969b,2.0,0.2222222222222222,2.0,5440.120000000001,2720.0600000000004,373.0695377540226,87,0,1.0,2.0,11.0,1.0,1.0,1.0,2.0,1.0,5.0,2.0,1.0,0.5,0.2222222222222222,2720.0600000000004,2983.86,0.5484915773916751,59.229166666666664,7.0,0.5,2.0,0.5,22.0,0.0,71.0,5,6.0,1,2,2,1,2,58,58,110,0.1928,0.0091,0.1832,0.0943,T3,False,none,0.63255,0.599624,0.59814,0.425928,0.231917,0.78719,0.428248,0.62336,0.472894,0.543112,0.201283,1.5,11.0,0.166667,7.666667,29.0,0.444436,3.111111
fdd322bd-7259-40f6-a14a-5710c38673f3,3.0,0.3333333333333333,2.0,6711.04,2237.0133333333333,779.606704199838,70,1,1.0,3.0,6.0,1.0,1.0,1.0,2.0,1.5,5.0,2.0,1.0,0.6666666666666666,0.3333333333333333,2237.0133333333333,3078.46,0.4587157877169559,60.32861111111111,6.0,0.6666666666666666,3.0,0.3333333333333333,28.0,1.0,51.0,6,9.0,1,2,3,1,2,73,74,121,0.1789,0.0083,0.2434,0.1287,T3,False,none,0.521681,0.431056,0.785919,0.688361,0.804265,0.441592,0.438516,0.463449,0.663676,0.570237,0.576941,1.5,9.333333,0.083333,10.0,36.5,0.99997,3.861111
b3ae3ea6-7f5f-433f-a11c-327ac047b1fb,3.0,0.3333333333333333,3.0,4433.32,1477.7733333333333,1256.8248174400971,64,0,1.0,3.0,4.0,1.0,1.0,1.0,1.0,3.0,3.0,1.0,1.0,1.0,0.3333333333333333,1477.7733333333333,2225.32,0.5019533893335019,106.66444444444444,0.0,0.6666666666666666,3.0,0.3333333333333333,28.0,3.0,103.66666666666667,5,9.0,1,1,3,1,1,69,70,30,0.8828,0.0333,0.0244,0.0217,T3,False,none,0.640547,0.658352,1.49192,0.619741,3.2248,0.475881,0.663234,0.585379,1.245274,0.937323,0.957539,1.0,9.333333,0.083333,9.666667,34.5,0.99997,3.583333
9d184f54-a59c-4a1d-a94d-338c0c9cb561,1.0,0.1111111111111111,1.0,1813.81,1813.81,0.0,75,1,1.0,1.0,6.0,1.0,1.0,1.0,1.0,1.0,2.0,1.0,1.0,1.0,0.1111111111111111,1813.81,1813.81,1.0,0.0,17.0,0.0,1.0,1.0,23.0,3.0,46.0,3,3.0,1,1,1,1,1,28,28,96,0.2355,0.0,0.1833,0.0828,T3,False,none,0.611607,0.796315,0.809272,0.876513,0.215092,1.108993,1.302247,1.031301,0.732218,0.87179,0.188498,1.0,23.0,0.5,8.333333,14.0,0.11111,3.277778
309e45e7-e23c-4836-9b61-9535611a40c3,4.0,0.4444444444444444,2.0,12149.21,3037.3025,679.0965522601824,98,0,1.0,4.0,8.0,1.0,1.0,1.0,1.0,4.0,4.0,1.0,1.0,1.0,0.4444444444444444,3037.3025,3532.7,0.290776108076163,142.56,5.0,0.25,2.0,0.75,28.0,3.0,52.5,4,12.0,1,1,2,1,1,57,58,30,0.8828,0.0333,0.0244,0.0217,T3,False,none,0.58014,0.697421,0.647414,0.466458,3.2248,0.758617,0.391786,0.585346,1.021622,0.818027,0.83972,1.0,21.0,0.15,9.666667,28.5,0.592585,3.605556
0a7715d8-f9fd-4515-b8be-04d1a3cadcf6,2.0,0.2222222222222222,2.0,5768.66,2884.33,564.4126327431021,53,0,1.0,2.0,5.0,1.0,1.0,1.0,2.0,1.0,5.0,2.0,1.0,0.5,0.2222222222222222,2884.33,3283.43,0.5691841779546724,24.8425,12.0,0.5,1.0,1.0,17.0,1.0,72.0,4,6.0,1,2,1,1,2,27,27,96,0.2355,0.0,0.1833,0.0828,T3,False,none,0.563133,0.599624,0.822539,0.742295,0.215092,0.594136,0.613869,0.591856,0.635478,0.615121,0.28053,1.5,17.0,0.333333,6.0,13.5,0.22222,2.611111
803db31f-085b-4ad0-81f5-5b05bc3e294b,2.0,0.2222222222222222,2.0,4723.4400000000005,2361.7200000000003,32.62590688394705,102,0,1.0,2.0,3.0,1.0,1.0,1.0,1.0,2.0,3.0,1.0,1.0,1.0,0.2222222222222222,2361.7200000000003,2384.79,0.5048841522280372,88.61111111111111,11.0,0.5,1.0,1.0,19.0,2.0,107.0,3,6.0,1,1,1,1,1,22,22,129,0.1169,0.0,0.1879,0.1099,T3,False,none,0.681998,0.595173,1.126212,0.877716,0.675501,0.908346,0.483624,0.702101,0.825148,0.767726,0.176865,1.0,19.0,0.333333,6.666667,11.0,0.22222,2.666667
4aa1223f-a0a4-419e-9598-2f7788c87897,0.0,0.0,0.0,0.0,0.0,0.0,94,1,0.0,0.0,0.0,0.0,0.0,0.0,0.0,0.0,0.0,0.0,0.0,0.0,0.0,0.0,0.0,0.0,0.0,0.0,0.0,0.0,0.0,0.0,0.0,0.0,0,0.0,0,0,0,0,0,0,0,1,0.0,0.0,0.0,0.0,T3,False,none,2.767811,2.428211,2.297128,2.075966,2.409508,1.691305,1.781581,2.02897,2.265693,2.155222,0.0,0.0,0.0,0.0,0.333333,0.0,0.0,0.111111
c2d0cbaa-c5c7-43ca-adfe-f35cc68fbd5d,5.0,0.5555555555555556,4.0,12571.810000000001,2514.362,1995.844340666376,67,1,4.0,1.25,9.0,4.0,1.0,0.4,3.0,1.6666666666666667,7.0,3.0,1.0,0.4,0.5555555555555556,2514.362,4947.76,0.3935598772173617,200.66555555555556,3.0,0.4,3.0,0.4,23.0,0.0,79.6,10,15.0,4,3,3,4,3,97,100,121,0.1789,0.0083,0.2434,0.1287,T3,False,none,1.669372,1.17133,0.979764,2.136794,0.804265,0.761405,0.685976,0.995681,1.432292,1.22854,1.102989,0.8,9.2,0.177778,8.333333,19.4,1.388854,3.103704
cc0d374e-1bc6-4f1b-9a01-93c4179e7040,4.0,0.4444444444444444,3.0,6007.87,1501.9675,888.0513661335514,60,1,1.0,4.0,12.0,1.0,1.0,1.0,2.0,2.0,6.0,2.0,1.0,0.75,0.4444444444444444,1501.9675,2273.38,0.3784003315650971,145.38944444444445,0.0,0.25,2.0,0.75,27.0,0.0,87.75,5,12.0,1,2,2,1,2,68,69,110,0.1928,0.0091,0.1832,0.0943,T3,False,none,0.817871,0.397782,0.825697,0.485404,0.231917,0.449744,0.639488,0.618171,0.492145,0.550957,0.387787,1.5,20.25,0.15,9.666667,34.0,0.592585,3.772222
047b4a9a-c532-4895-a22c-df6a5543fd59,4.0,0.4444444444444444,4.0,6231.75,1557.9375,1579.0669009972314,68,1,2.0,2.0,8.0,2.0,1.0,0.75,1.0,4.0,3.0,1.0,1.0,1.0,0.4444444444444444,1557.9375,3834.21,0.6152701889517391,227.62583333333333,3.0,0.0,2.0,0.75,25.0,3.0,35.75,5,12.0,2,1,2,2,1,49,49,129,0.1169,0.0,0.1879,0.1099,T3,False,none,0.389978,0.778458,0.609366,0.374746,0.675501,0.610622,0.712545,0.581555,0.574679,0.577888,0.158559,0.666667,18.75,0.25,9.0,16.333333,0.592585,3.305556
b6f0a2f0-b266-49b6-ba6b-69ee152ae67c,3.0,0.3333333333333333,3.0,4502.8,1500.9333333333334,813.6285363931954,55,0,3.0,1.0,10.0,3.0,1.0,0.3333333333333333,1.0,3.0,2.0,1.0,1.0,1.0,0.3333333333333333,1500.9333333333334,2196.3,0.48776316958337035,184.6038888888889,1.0,0.0,2.0,0.6666666666666666,23.0,1.0,48.0,6,9.0,3,1,2,3,1,55,56,40,0.459,0.0,0.0615,0.0469,T3,False,none,1.34578,0.739389,0.140328,0.747758,1.728531,0.445642,0.744155,0.802329,0.78258,0.791796,0.370137,0.5,15.333333,0.333333,8.0,13.75,0.499993,2.944444
109d4d95-7732-4305-a29b-147cfbe7d9a1,2.0,0.2222222222222222,2.0,7665.1900000000005,3832.5950000000003,369.41379569528806,98,1,1.0,2.0,4.0,1.0,1.0,1.0,1.0,2.0,6.0,1.0,1.0,1.0,0.2222222222222222,3832.5950000000003,4093.81,0.534078085474724,17.79888888888889,17.0,0.0,2.0,0.5,21.0,0.0,64.0,4,6.0,1,1,2,1,1,43,45,110,0.1791,0.0,0.2044,0.1366,T3,False,none,0.622565,0.568228,0.528937,0.510621,0.622351,0.926541,0.926904,0.839812,0.54746,0.683891,0.198654,1.0,10.5,0.166667,7.666667,21.5,0.444436,2.944444
543cfd67-8a35-4ef7-a78c-c9707a0f58b9,1.0,0.1111111111111111,1.0,2884.22,2884.22,0.0,52,1,1.0,1.0,5.0,1.0,1.0,1.0,1.0,1.0,3.0,1.0,1.0,1.0,0.1111111111111111,2884.22,2884.22,1.0,0.0,17.0,0.0,1.0,1.0,18.0,2.0,31.0,3,3.0,1,1,1,1,1,23,23,89,0.2321,0.0,0.0992,0.0863,T3,False,none,0.67104,0.715278,0.814124,0.924753,0.403244,0.967287,1.169802,0.95015,0.762418,0.850026,0.158398,1.0,18.0,0.5,6.666667,11.5,0.11111,2.722222
05f5fb0f-7412-4642-872e-bfc8de0c8eae,2.0,0.2222222222222222,2.0,4105.52,2052.76,2276.7848404713172,51,1,2.0,1.0,5.0,2.0,1.0,0.5,1.0,2.0,5.0,1.0,1.0,1.0,0.2222222222222222,2052.76,3662.69,0.892137902141507,140.13055555555556,17.0,0.0,1.0,1.0,22.0,1.0,58.0,4,6.0,2,1,1,2,1,32,32,43,0.4131,0.0,0.082,0.0328,T3,False,none,0.771781,0.487191,0.572018,0.735481,1.59323,0.730268,0.804888,0.767002,0.782312,0.775167,0.357564,0.666667,22.0,0.5,8.0,10.666667,0.22222,3.055556
f457d3db-9f6a-4286-906f-6be554b23604,3.0,0.3333333333333333,3.0,2792.45,930.8166666666666,1248.789657281535,86,0,1.0,3.0,5.0,1.0,1.0,1.0,3.0,1.0,6.0,3.0,1.0,0.3333333333333333,0.3333333333333333,930.8166666666666,2369.71,0.8486132249458361,110.71138888888889,10.0,0.3333333333333333,3.0,0.3333333333333333,25.0,1.0,61.333333333333336,7,9.0,1,3,3,1,3,84,84,108,0.1587,0.0,0.2348,0.071,T3,False,none,0.581114,1.213769,0.765028,1.131397,0.625422,0.698487,0.647453,0.64794,0.991334,0.831084,0.808956,2.0,8.333333,0.083333,8.666667,42.0,0.99997,3.583333
ce12b4f0-d915-4364-8445-0810df4ea8ac,3.0,0.3333333333333333,3.0,7885.41,2628.47,1776.467316558343,43,1,1.0,3.0,5.0,1.0,1.0,1.0,2.0,1.5,6.0,1.0,0.5,0.6666666666666666,0.3333333333333333,2628.47,4631.43,0.587341685467211,181.06527777777777,0.0,0.3333333333333333,2.0,0.6666666666666666,25.0,2.0,29.333333333333332,5,9.0,1,2,2,1,1,44,44,121,0.1789,0.0083,0.2434,0.1287,T3,False,none,0.581114,0.74762,0.450407,0.370719,0.804265,0.393659,0.537672,0.495222,0.553804,0.526465,0.259531,0.75,16.666667,0.083333,8.833333,22.0,0.499993,3.222222
ae2c9209-4eab-4733-adf9-625ee2defb9e,2.0,0.2222222222222222,2.0,4930.72,2465.36,2503.9499649953073,103,1,1.0,2.0,6.0,1.0,1.0,1.0,1.0,2.0,3.0,1.0,1.0,1.0,0.2222222222222222,2465.36,4235.92,0.8590875166304313,57.592777777777776,2.0,0.0,1.0,1.0,22.0,3.0,34.0,3,6.0,1,1,1,1,1,28,28,110,0.1928,0.0091,0.1832,0.0943,T3,False,none,0.5037,0.595173,0.874111,0.819829,0.231917,0.962097,0.725889,0.75239,0.676988,0.712176,0.151476,1.0,22.0,0.333333,8.0,14.0,0.22222,3.111111
54272932-192a-4223-937d-a23d33cbab25,4.0,0.4444444444444444,3.0,10488.869999999999,2622.2174999999997,1617.0534398997663,71,1,1.0,4.0,8.0,1.0,1.0,1.0,3.0,1.3333333333333333,7.0,3.0,1.0,0.5,0.4444444444444444,2622.2174999999997,4409.8,0.42042660458180914,199.5936111111111,16.0,0.0,2.0,0.75,22.0,0.0,40.25,6,12.0,1,3,2,1,3,61,62,67,0.2687,0.0,0.1443,0.07,T3,False,none,0.58014,1.146256,0.382308,0.75952,0.56421,0.471024,0.759002,0.598193,0.745067,0.676525,0.654701,2.0,16.5,0.15,8.0,30.5,0.592585,3.383333
d16e0738-e56b-404b-a3cb-d35b96b768cf,4.0,0.4444444444444444,3.0,15976.699999999999,3994.1749999999997,857.0798780549376,65,1,2.0,2.0,10.0,2.0,1.0,0.75,2.0,2.0,4.0,2.0,1.0,0.75,0.4444444444444444,3994.1749999999997,4906.82,0.30712349859482874,100.7311111111111,5.0,0.25,2.0,0.75,26.0,1.0,81.25,6,12.0,2,2,2,2,2,58,59,110,0.1791,0.0,0.2044,0.1366,T3,False,none,0.508844,0.34369,0.552955,0.460378,0.622351,0.690227,0.620831,0.615271,0.477488,0.541787,0.417983,1.0,19.5,0.25,9.333333,19.333333,0.592585,3.527778
e05de3d1-8c05-4003-9b43-3330d9ff675f,3.0,0.3333333333333333,3.0,8008.71,2669.57,1769.8918632221573,45,1,2.0,1.5,8.0,2.0,1.0,0.6666666666666666,2.0,1.5,5.0,2.0,1.0,0.6666666666666666,0.3333333333333333,2669.57,4057.67,0.5066571270529211,225.41083333333333,2.0,0.0,1.0,1.0,15.0,0.0,88.0,5,9.0,2,2,1,2,2,31,31,108,0.1587,0.0,0.2348,0.071,T3,False,none,0.498937,0.431056,1.21088,0.601262,0.625422,0.384154,0.610553,0.492415,0.689741,0.597656,0.252312,1.0,15.0,0.4,5.666667,10.333333,0.33333,2.355556
597ba8d4-2efe-4a69-95c0-f97159fcf08f,4.0,0.4444444444444444,3.0,6209.799999999999,1552.4499999999998,1127.2653198781552,102,1,2.0,2.0,8.0,2.0,1.0,0.75,3.0,1.3333333333333333,4.0,3.0,1.0,0.5,0.4444444444444444,1552.4499999999998,2796.39,0.4503188508486586,142.1175,6.0,0.0,2.0,0.75,29.0,0.0,53.5,7,12.0,2,3,2,2,3,68,68,154,0.1225,0.0,0.2652,0.1509,T3,False,none,0.389978,1.011127,0.609998,0.893766,1.400021,0.630956,0.512061,0.522473,0.948364,0.749615,0.819267,1.333333,21.75,0.25,10.333333,22.666667,0.592585,3.972222
28ffd7ce-2075-4e8e-b1b6-de10a6acbe43,2.0,0.2222222222222222,2.0,8328.84,4164.42,503.0499062717337,83,1,1.0,2.0,5.0,1.0,1.0,1.0,2.0,1.0,4.0,2.0,1.0,0.5,0.2222222222222222,4164.42,4520.13,0.5427082282766867,202.085,3.0,0.0,1.0,1.0,23.0,1.0,43.0,4,6.0,1,2,1,1,2,31,31,121,0.174,0.0,0.2013,0.1186,T3,False,none,0.563133,0.626569,0.57045,0.703703,0.581664,0.849586,0.881702,0.778447,0.636319,0.702645,0.327844,1.5,23.0,0.333333,8.333333,15.5,0.22222,3.388889
320cd32e-135b-4939-a3f1-e0e539c3bfde,0.0,0.0,0.0,0.0,0.0,0.0,105,0,0.0,0.0,0.0,0.0,0.0,0.0,0.0,0.0,0.0,0.0,0.0,0.0,0.0,0.0,0.0,0.0,0.0,0.0,0.0,0.0,0.0,0.0,0.0,0.0,0,0.0,0,0,0,0,0,0,0,1,0.0,0.0,0.0,0.0,T3,False,none,2.767811,2.428211,2.297128,2.075966,2.409508,1.758254,1.781581,2.054475,2.265693,2.167125,0.0,0.0,0.0,0.0,0.0,0.0,0.0,0.0
f0e01e1b-25c0-4ad8-912c-f1c68e043186,3.0,0.3333333333333333,3.0,4330.4,1443.4666666666665,1126.5200997023237,93,0,3.0,1.0,9.0,3.0,1.0,0.3333333333333333,2.0,1.5,3.0,2.0,1.0,0.6666666666666666,0.3333333333333333,1443.4666666666665,2358.07,0.5445386107518937,99.58,7.0,0.3333333333333333,1.0,1.0,18.0,2.0,59.0,6,9.0,3,2,1,3,2,42,42,198,0.0889,0.0,0.2489,0.1724,T3,False,none,1.286347,0.539038,0.759246,0.856395,1.848264,0.614644,0.352652,0.719228,0.922128,0.827441,0.47283,0.75,18.0,0.5,6.333333,10.5,0.33333,2.527778
e100b1e8-d369-4853-a63d-d7560ecd5194,2.0,0.2222222222222222,2.0,6964.6,3482.3,298.894036407554,60,1,1.0,2.0,5.0,1.0,1.0,1.0,1.0,2.0,4.0,1.0,1.0,1.0,0.2222222222222222,3482.3,3693.65,0.5303463228326106,2.667777777777778,1.0,0.5,1.0,1.0,25.0,1.0,106.0,3,6.0,1,1,1,1,1,31,31,43,0.4131,0.0,0.082,0.0328,T3,False,none,0.563133,0.514136,1.082468,0.790885,1.59323,0.708249,0.726186,0.672766,0.916168,0.802581,0.391726,1.0,25.0,0.333333,9.0,15.5,0.22222,3.444444
b03b8d31-24d9-4aad-ba17-7ce6631ed0ad,4.0,0.4444444444444444,4.0,12394.79,3098.6975,2046.2440450636216,41,0,2.0,2.0,7.0,2.0,1.0,0.75,2.0,2.0,5.0,2.0,1.0,0.75,0.4444444444444444,3098.6975,4904.47,0.3956880269855318,149.07833333333335,3.0,0.25,3.0,0.5,23.0,3.0,48.5,7,12.0,2,2,3,2,2,81,81,121,0.174,0.0,0.2013,0.1186,T3,False,none,0.379993,0.316745,0.726723,0.847163,0.581664,0.718117,0.550025,0.56548,0.645217,0.608006,0.552033,1.0,11.5,0.166667,8.0,27.0,0.888871,3.055556
559aeef8-6e91-4d2c-a0f9-aa0b4ca4d423,3.0,0.3333333333333333,2.0,5784.58,1928.1933333333334,1796.3744751396723,68,1,1.0,3.0,9.0,1.0,1.0,1.0,1.0,3.0,5.0,1.0,1.0,1.0,0.3333333333333333,1928.1933333333334,4002.46,0.6919188601419637,18.115277777777777,5.0,0.0,1.0,1.0,15.0,0.0,88.0,3,9.0,1,1,1,1,1,26,26,108,0.1587,0.0,0.2348,0.071,T3,False,none,0.531665,0.550371,1.21088,0.78244,0.625422,0.556749,0.602043,0.56468,0.787511,0.683524,0.148198,1.0,15.0,0.25,5.666667,13.0,0.33333,2.305556
e71bef81-27c7-4308-b1c0-27e5f91790e4,4.0,0.4444444444444444,3.0,12056.32,3014.08,831.3373608429573,90,0,2.0,2.0,7.0,2.0,1.0,0.75,2.0,2.0,6.0,2.0,1.0,0.75,0.4444444444444444,3014.08,3924.21,0.32548986755494214,122.44805555555556,4.0,0.25,3.0,0.5,25.0,2.0,85.0,7,12.0,2,2,3,2,2,77,79,40,0.459,0.0,0.0615,0.0469,T3,False,none,0.379993,0.397782,0.922468,0.818117,1.728531,0.62266,0.394318,0.477212,0.886509,0.695504,0.792372,1.0,12.5,0.166667,8.666667,25.666667,0.888871,3.277778
b74584ea-379c-4c69-b23a-e5602a48c6a6,4.0,0.4444444444444444,4.0,10554.85,2638.7125,1635.6555977624591,35,1,2.0,2.0,5.0,2.0,1.0,0.75,2.0,2.0,3.0,2.0,1.0,0.5,0.4444444444444444,2638.7125,4198.51,0.3977801674111901,205.26166666666666,9.0,0.0,1.0,1.0,16.0,2.0,58.0,5,12.0,2,2,1,2,2,27,27,67,0.2469,0.0,0.1605,0.1111,T3,False,none,0.498859,0.5875,0.822595,0.654762,0.434357,0.570167,0.600811,0.560008,0.636178,0.600632,0.322912,1.0,16.0,0.333333,6.0,9.0,0.44444,2.444444
9661682d-3606-4cf0-b059-ac406817b8a1,4.0,0.4444444444444444,3.0,9322.369999999999,2330.5924999999997,1254.498033248757,83,1,1.0,4.0,11.0,1.0,1.0,1.0,3.0,1.3333333333333333,10.0,3.0,1.0,0.5,0.4444444444444444,2330.5924999999997,3620.24,0.38833901679508537,47.78194444444444,7.0,0.5,1.0,1.0,24.0,2.0,71.0,5,12.0,1,3,1,1,3,46,46,96,0.2355,0.0,0.1833,0.0828,T3,False,none,0.758439,1.389367,0.834541,0.741649,0.215092,0.426557,0.371386,0.50299,0.835171,0.680153,0.776275,2.0,24.0,0.2,8.666667,23.0,0.44444,3.622222
1ebce8f4-d0f9-4f70-987e-40e65c7f846e,7.0,0.7777777777777778,5.0,18016.04,2573.7200000000003,2098.998095282604,39,1,1.0,7.0,10.0,1.0,1.0,1.0,2.0,3.5,5.0,2.0,1.0,0.5714285714285714,0.7777777777777778,2573.7200000000003,4874.74,0.2705777740280328,204.78583333333333,11.0,0.42857142857142855,3.0,0.42857142857142855,28.0,1.0,94.0,6,21.0,1,2,3,1,2,82,82,121,0.1789,0.0083,0.2434,0.1287,T3,False,none,1.022727,0.556244,1.076587,0.955382,0.804265,1.260032,0.931341,1.082667,0.855662,0.961598,0.612839,1.5,12.0,0.053571,10.0,41.0,1.814772,3.85119
1b1973d5-cf31-48fd-8c39-4b26f30749c0,2.0,0.2222222222222222,2.0,2155.4300000000003,1077.7150000000001,1165.2200515138761,88,1,1.0,2.0,9.0,1.0,1.0,1.0,2.0,1.0,7.0,2.0,1.0,0.5,0.2222222222222222,1077.7150000000001,1901.65,0.882260152266601,141.46416666666667,13.0,0.0,1.0,1.0,22.0,3.0,44.0,4,6.0,1,2,1,1,2,37,37,108,0.1587,0.0,0.2348,0.071,T3,False,none,0.513684,0.761698,0.790186,0.645815,0.625422,0.87191,1.0146,0.817123,0.701464,0.755438,0.351245,1.5,22.0,0.333333,8.0,18.5,0.22222,3.277778
9eb7c9a4-b61e-439b-87c7-29256a8189e0,2.0,0.2222222222222222,2.0,5842.6900000000005,2921.3450000000003,699.9720737643753,74,0,2.0,1.0,9.0,2.0,1.0,0.5,1.0,2.0,3.0,1.0,1.0,1.0,0.2222222222222222,2921.3450000000003,3416.3,0.5847135480403718,67.19361111111111,10.0,0.5,2.0,0.5,20.0,0.0,37.0,5,6.0,2,1,2,2,1,51,51,129,0.1169,0.0,0.1879,0.1099,T3,False,none,0.722333,0.595173,0.527368,0.401288,0.675501,0.676933,0.483532,0.625438,0.521728,0.570126,0.079886,0.666667,10.0,0.25,7.0,17.0,0.444436,2.638889
6e005b97-79ba-497f-b632-c4a1088ff6cd,4.0,0.4444444444444444,3.0,10938.529999999999,2734.6324999999997,1762.8998022836313,85,1,2.0,2.0,9.0,2.0,1.0,0.75,1.0,4.0,7.0,1.0,1.0,1.0,0.4444444444444444,2734.6324999999997,4784.94,0.43743903431265446,97.86916666666667,1.0,0.25,2.0,0.75,24.0,1.0,63.0,5,12.0,2,1,2,2,1,57,58,84,0.204,0.0,0.1092,0.124,T3,False,none,0.449411,0.83255,0.328051,0.420702,0.51107,0.595605,0.451711,0.505871,0.519423,0.513099,0.303468,0.666667,18.0,0.25,8.666667,19.0,0.592585,3.194444
7ad7082c-77d0-49b5-8f33-836a30a1de3f,6.0,0.6666666666666666,6.0,14870.55,2478.4249999999997,972.9146742597729,107,0,2.0,3.0,8.0,2.0,1.0,0.8333333333333334,2.0,3.0,6.0,2.0,1.0,0.6666666666666666,0.6666666666666666,2478.4249999999997,3355.19,0.22562648994152873,184.0,5.0,0.3333333333333333,3.0,0.5,25.0,0.0,48.5,7,18.0,2,2,3,2,2,81,86,110,0.1791,0.0,0.2044,0.1366,T3,False,none,0.381518,0.51522,0.716785,0.984397,0.622351,1.192693,0.601605,0.763899,0.751009,0.757025,0.670288,1.0,12.5,0.125,8.666667,27.0,1.333307,3.263889
9871d530-24c7-4afa-91f3-f074df4ec038,2.0,0.2222222222222222,2.0,6645.8099999999995,3322.9049999999997,129.4217541605741,50,0,2.0,1.0,9.0,2.0,1.0,0.5,1.0,2.0,5.0,1.0,1.0,1.0,0.2222222222222222,3322.9049999999997,3414.42,0.5137703304789033,101.49361111111111,18.0,0.0,2.0,0.5,20.0,0.0,45.5,5,6.0,2,1,2,2,1,51,53,129,0.1169,0.0,0.1879,0.1099,T3,False,none,0.722333,0.487191,0.456033,0.409364,0.675501,0.720605,0.662264,0.701652,0.4829,0.584984,0.094638,0.666667,10.0,0.25,7.0,17.0,0.444436,2.638889
42dc653b-ee0c-4cf0-a99d-753e586472c8,1.0,0.1111111111111111,1.0,3518.73,3518.73,0.0,101,1,1.0,1.0,7.0,1.0,1.0,1.0,1.0,1.0,3.0,1.0,1.0,1.0,0.1111111111111111,3518.73,3518.73,1.0,0.0,2.0,1.0,1.0,1.0,16.0,1.0,74.0,3,3.0,1,1,1,1,1,22,23,198,0.0889,0.0,0.2489,0.1724,T3,False,none,0.552174,0.715278,0.875195,0.929628,1.848264,1.274471,1.277854,1.069228,1.017807,1.041803,0.320767,1.0,16.0,0.5,6.0,11.0,0.11111,2.5
02c577f1-c394-44e9-a2e1-e7c89664c7c0,1.0,0.1111111111111111,1.0,1024.97,1024.97,0.0,100,0,1.0,1.0,9.0,1.0,1.0,1.0,1.0,1.0,5.0,1.0,1.0,1.0,0.1111111111111111,1024.97,1024.97,1.0,0.0,0.0,0.0,1.0,1.0,14.0,0.0,35.0,3,3.0,1,1,1,1,1,25,25,129,0.1169,0.0,0.1879,0.1099,T3,False,none,0.621592,0.607297,1.024678,0.905457,0.675501,1.367937,1.424323,1.173491,0.817429,0.983591,0.191618,1.0,14.0,0.5,5.0,12.5,0.11111,2.166667
5a9b2c57-a159-4c21-bc53-151cc213df96,2.0,0.2222222222222222,2.0,8536.34,4268.17,626.9632986068641,31,1,1.0,2.0,5.0,1.0,1.0,1.0,2.0,1.0,5.0,2.0,1.0,0.5,0.2222222222222222,4268.17,4711.5,0.5519344356012061,44.47277777777778,8.0,0.5,1.0,1.0,21.0,2.0,28.0,4,6.0,1,2,1,1,2,31,31,89,0.2321,0.0,0.0992,0.0863,T3,False,none,0.563133,0.599624,0.731689,0.703703,0.403244,0.81037,0.772617,0.727146,0.633437,0.677168,0.277264,1.5,21.0,0.333333,7.666667,15.5,0.22222,3.166667
806fad11-b70b-4a24-9e3b-b6695a91c171,1.0,0.1111111111111111,1.0,3790.41,3790.41,0.0,51,0,1.0,1.0,8.0,1.0,1.0,1.0,1.0,1.0,5.0,1.0,1.0,1.0,0.1111111111111111,3790.41,3790.41,1.0,0.0,23.0,0.0,1.0,1.0,17.0,0.0,35.0,3,3.0,1,1,1,1,1,27,27,67,0.2469,0.0,0.1605,0.1111,T3,False,none,0.562159,0.607297,0.917066,0.886161,0.434357,1.073725,1.394631,1.034532,0.747583,0.881492,0.233551,1.0,17.0,0.5,6.0,13.5,0.11111,2.5
5993924b-62d0-4ff3-bf21-713b0296c4b1,1.0,0.1111111111111111,1.0,755.08,755.08,0.0,32,1,1.0,1.0,10.0,1.0,1.0,1.0,1.0,1.0,5.0,1.0,1.0,1.0,0.1111111111111111,755.08,755.08,1.0,0.0,23.0,1.0,1.0,1.0,22.0,0.0,31.0,3,3.0,1,1,1,1,1,34,34,95,0.2056,0.0211,0.1855,0.0916,T3,False,none,0.681025,0.607297,0.817608,0.818625,0.105784,1.269695,1.917976,1.317597,0.646774,0.959825,0.160012,1.0,22.0,0.5,8.0,17.0,0.11111,3.166667
238cd8f6-1df4-4fb4-86e6-e4b1a8a2439e,4.0,0.4444444444444444,4.0,12331.51,3082.8775,1870.6305032149812,62,0,2.0,2.0,12.0,2.0,1.0,0.75,2.0,2.0,5.0,2.0,1.0,0.5,0.4444444444444444,3082.8775,4851.41,0.39341572929835844,181.3813888888889,2.0,0.25,3.0,0.5,23.0,2.0,56.25,7,12.0,2,2,3,2,2,85,86,121,0.174,0.0,0.2013,0.1186,T3,False,none,0.62771,0.479518,0.609444,0.890528,0.581664,0.659499,0.630128,0.640626,0.677739,0.66042,0.567987,1.0,11.5,0.166667,8.0,28.333333,0.888871,3.055556
c8bc9c3d-902c-49da-ae66-e60c280505a2,2.0,0.2222222222222222,2.0,4640.18,2320.09,1398.3178019320217,101,0,1.0,2.0,7.0,1.0,1.0,1.0,2.0,1.0,9.0,2.0,1.0,0.5,0.2222222222222222,2320.09,3308.85,0.713086561297191,116.51444444444445,11.0,0.0,1.0,1.0,16.0,1.0,74.0,4,6.0,1,2,1,1,2,30,32,198,0.0889,0.0,0.2489,0.1724,T3,False,none,0.444267,0.923772,0.875195,0.703805,1.848264,0.776628,0.492468,0.586948,0.985246,0.799374,0.616441,1.5,16.0,0.333333,5.666667,15.0,0.22222,2.5
16c1822d-06ca-4031-979d-06e8e6e87166,5.0,0.5555555555555556,3.0,12666.6,2533.32,559.9170648855062,96,1,2.0,2.5,7.0,2.0,1.0,0.8,2.0,2.5,6.0,2.0,1.0,0.6,0.5555555555555556,2533.32,3146.65,0.2484210443212859,179.55694444444444,2.0,0.0,2.0,0.8,16.0,2.0,47.8,6,15.0,2,2,2,2,2,45,45,129,0.1169,0.0,0.1879,0.1099,T3,False,none,0.311018,0.498573,0.42406,0.500051,0.675501,0.774905,0.722454,0.624882,0.513092,0.56526,0.326886,1.0,12.8,0.228571,6.0,15.0,0.694436,2.409524
3bc8a907-c94e-465c-997d-89fc7201ab76,2.0,0.2222222222222222,2.0,5292.55,2646.275,2011.2733152035803,39,0,2.0,1.0,11.0,2.0,1.0,0.5,2.0,1.0,5.0,2.0,1.0,0.5,0.2222222222222222,2646.275,4068.46,0.7687145137976967,23.67972222222222,4.0,0.0,2.0,0.5,17.0,0.0,97.0,6,6.0,2,2,2,2,2,53,53,121,0.1789,0.0083,0.2434,0.1287,T3,False,none,0.841199,0.599624,0.94937,0.449142,0.804265,0.715533,0.703945,0.747575,0.650164,0.695622,0.297964,1.0,8.5,0.25,6.0,17.666667,0.444436,2.416667
67d7e370-8169-4fe6-9af5-5dd4b33159eb,2.0,0.2222222222222222,2.0,4625.700000000001,2312.8500000000004,125.55388006748318,85,0,1.0,2.0,8.0,1.0,1.0,1.0,1.0,2.0,5.0,1.0,1.0,1.0,0.2222222222222222,2312.8500000000004,2401.63,0.5191927708238753,91.91277777777778,11.0,0.0,2.0,0.5,21.0,0.0,58.0,4,6.0,1,1,2,1,1,50,50,110,0.1928,0.0091,0.1832,0.0943,T3,False,none,0.454251,0.487191,0.478582,0.452631,0.231917,0.809869,0.508404,0.607775,0.429892,0.512904,0.057059,1.0,10.5,0.166667,7.333333,25.0,0.444436,2.833333
bd79acd9-de03-435d-8f0e-40e45288f4f5,3.0,0.3333333333333333,2.0,3006.01,1002.0033333333334,846.2973739964773,32,1,2.0,1.5,9.0,2.0,1.0,0.6666666666666666,2.0,1.5,8.0,2.0,1.0,0.6666666666666666,0.3333333333333333,1002.0033333333334,1978.74,0.658261283229264,9.194166666666666,4.0,0.0,3.0,0.3333333333333333,18.0,1.0,72.33333333333333,7,9.0,2,2,3,2,2,73,73,84,0.204,0.0,0.1092,0.124,T3,False,none,0.55837,0.674167,0.846888,0.755071,0.51107,0.70068,0.876122,0.7185,0.713307,0.71573,0.638329,1.0,6.0,0.133333,6.666667,24.333333,0.99997,2.6
57d2776f-5d32-42c7-84e7-70dcf3fc7523,2.0,0.2222222222222222,2.0,8035.05,4017.525,814.749646486576,102,1,1.0,2.0,4.0,1.0,1.0,1.0,2.0,1.0,5.0,2.0,1.0,0.5,0.2222222222222222,4017.525,4593.64,0.5717002383308132,19.690555555555555,1.0,0.0,2.0,0.5,21.0,0.0,75.0,5,6.0,1,2,2,1,2,46,46,198,0.0889,0.0,0.2489,0.1724,T3,False,none,0.622565,0.599624,0.621253,0.404041,1.848264,0.885095,0.924978,0.823381,0.738893,0.778321,0.340992,1.5,10.5,0.166667,7.666667,23.0,0.444436,3.111111
b6a5d6af-3aba-4c1c-988b-cebc112e043e,3.0,0.3333333333333333,3.0,6067.29,2022.43,475.2190682201209,99,1,1.0,3.0,9.0,1.0,1.0,1.0,1.0,3.0,4.0,1.0,1.0,1.0,0.3333333333333333,2022.43,2569.45,0.4234922016254374,206.13611111111112,9.0,0.0,2.0,0.6666666666666666,23.0,0.0,63.0,4,9.0,1,1,2,1,1,52,53,40,0.459,0.0,0.0615,0.0469,T3,False,none,0.531665,0.577315,0.444011,0.40331,1.728531,0.629379,0.623053,0.599352,0.676161,0.640317,0.310222,1.0,15.333333,0.166667,8.333333,26.0,0.499993,3.166667
58db56e9-2a0a-4bc0-9c70-26cdee0a59a2,3.0,0.3333333333333333,3.0,9000.56,3000.1866666666665,1101.7691448000041,30,1,1.0,3.0,10.0,1.0,1.0,1.0,1.0,3.0,4.0,1.0,1.0,1.0,0.3333333333333333,3000.1866666666665,4263.11,0.4736494173695859,76.29527777777778,2.0,0.3333333333333333,2.0,0.6666666666666666,26.0,1.0,81.66666666666667,4,9.0,1,1,2,1,1,58,59,110,0.1791,0.0,0.2044,0.1366,T3,False,none,0.591098,0.577315,0.525962,0.461198,0.622351,0.396208,0.419485,0.45965,0.530579,0.497479,0.24503,1.0,17.333333,0.166667,9.333333,29.0,0.499993,3.5
febdccff-8586-42a9-a80f-736ffee6d1ae,4.0,0.4444444444444444,4.0,16534.08,4133.52,990.2000436612122,65,0,2.0,2.0,10.0,2.0,1.0,0.5,3.0,1.3333333333333333,6.0,3.0,1.0,0.5,0.4444444444444444,4133.52,4988.61,0.30171681762759095,153.50694444444446,3.0,0.25,3.0,0.5,20.0,0.0,43.75,8,12.0,2,3,3,2,3,72,72,129,0.1169,0.0,0.1879,0.1099,T3,False,none,0.673859,1.065219,0.670582,1.102012,0.675501,0.789405,0.769046,0.749605,0.931847,0.846801,0.793029,1.333333,10.0,0.166667,7.0,24.0,0.888871,2.833333
de51ee74-bc88-4c47-86fb-429d8f39b167,6.0,0.6666666666666666,5.0,7627.3,1271.2166666666667,205.51175603032218,51,1,3.0,2.0,11.0,3.0,1.0,0.5,2.0,3.0,6.0,2.0,1.0,0.5,0.6666666666666666,1271.2166666666667,1479.85,0.19402016440942402,218.30166666666668,0.0,0.0,3.0,0.6666666666666666,28.0,1.0,58.5,8,18.0,3,2,3,3,2,93,96,134,0.1691,0.0224,0.2258,0.1728,T3,False,none,1.187296,0.623735,0.603141,1.451916,1.123263,0.964411,1.274298,1.131388,1.013267,1.06839,0.898376,0.75,18.666667,0.222222,10.0,23.25,0.999985,3.657407
ad68a5e2-cfc5-4c8e-9876-5a263c0b89fb,1.0,0.1111111111111111,1.0,2266.57,2266.57,0.0,99,1,1.0,1.0,6.0,1.0,1.0,1.0,1.0,1.0,6.0,1.0,1.0,1.0,0.1111111111111111,2266.57,2266.57,1.0,0.0,13.0,0.0,1.0,1.0,27.0,1.0,106.0,3,3.0,1,1,1,1,1,36,36,67,0.2469,0.0,0.1605,0.1111,T3,False,none,0.611607,0.688334,1.154209,0.799329,0.434357,1.169733,1.095593,0.985555,0.784685,0.878424,0.369806,1.0,27.0,0.5,9.666667,18.0,0.11111,3.722222
a4f1387e-8181-4f1f-b6da-8fc13790a1bd,4.0,0.4444444444444444,4.0,9284.11,2321.0275,1782.2252576180335,59,1,1.0,4.0,4.0,1.0,1.0,1.0,3.0,1.3333333333333333,5.0,2.0,0.6666666666666666,0.5,0.4444444444444444,2321.0275,4871.12,0.5246728011624162,119.07083333333334,1.0,0.25,2.0,0.75,19.0,1.0,40.75,6,12.0,1,3,2,1,2,42,42,110,0.1791,0.0,0.2044,0.1366,T3,False,none,0.748454,0.891602,0.257077,0.602277,0.622351,0.474302,0.37524,0.51961,0.606037,0.565705,0.41548,1.333333,14.25,0.1,6.888889,21.0,0.592585,2.774074
9b6bedbc-692e-4a9c-8450-fcc5320bd6cc,6.0,0.6666666666666666,5.0,14767.060000000001,2461.1766666666667,936.5161157111321,30,1,1.0,6.0,9.0,1.0,1.0,1.0,3.0,2.0,5.0,3.0,1.0,0.6666666666666666,0.6666666666666666,2461.1766666666667,3723.79,0.25216867812550364,101.52777777777777,0.0,0.3333333333333333,2.0,0.5,24.0,1.0,73.0,6,18.0,1,3,2,1,3,54,54,134,0.1691,0.0224,0.2258,0.1728,T3,False,none,0.855387,0.795596,0.504346,0.800581,1.123263,0.945718,0.568199,0.79407,0.7914,0.792646,0.678225,2.0,12.0,0.071429,8.666667,27.0,1.333307,3.579365
e0528c5e-cb20-4f21-a468-a02fa9c66ac4,6.0,0.6666666666666666,5.0,15741.24,2623.54,1189.0984286592932,88,0,3.0,2.0,10.0,3.0,1.0,0.5,2.0,3.0,5.0,2.0,1.0,0.8333333333333334,0.6666666666666666,2623.54,3796.95,0.24121034937527158,105.95111111111112,7.0,0.3333333333333333,1.0,1.0,17.0,2.0,109.0,6,18.0,3,2,1,3,2,41,42,50,0.2482,0.04,0.0909,0.0909,T3,False,none,1.127863,0.399012,1.214739,0.989547,0.707334,1.039592,0.44375,0.866199,0.841793,0.853182,0.34068,0.75,17.0,0.333333,6.0,10.25,0.66666,2.361111
5eba2807-671b-45dd-ad4b-fea1971e28ec,1.0,0.1111111111111111,1.0,1806.89,1806.89,0.0,65,0,1.0,1.0,11.0,1.0,1.0,1.0,1.0,1.0,8.0,1.0,1.0,1.0,0.1111111111111111,1806.89,1806.89,1.0,0.0,8.0,0.0,1.0,1.0,18.0,1.0,51.0,3,3.0,1,1,1,1,1,34,34,154,0.1225,0.0,0.2652,0.1509,T3,False,none,0.740457,0.850408,0.610427,0.818625,1.400021,1.064917,1.096564,0.982763,0.880096,0.928007,0.418623,1.0,18.0,0.5,6.333333,17.0,0.11111,2.611111
ae192e17-a8cb-497c-8ef7-eabba98c49ab,0.0,0.0,0.0,0.0,0.0,0.0,90,0,0.0,0.0,0.0,0.0,0.0,0.0,0.0,0.0,0.0,0.0,0.0,0.0,0.0,0.0,0.0,0.0,0.0,0.0,0.0,0.0,0.0,0.0,0.0,0.0,0,0.0,0,0,0,0,0,0,0,1,0.0,0.0,0.0,0.0,T3,False,none,2.767811,2.428211,2.297128,2.075966,2.409508,1.678216,1.781581,2.023984,2.265693,2.152896,0.0,0.0,0.0,0.0,0.0,0.0,0.0,0.0
8a639aa5-f60e-4e94-8cb1-31216102d178,4.0,0.4444444444444444,4.0,13427.04,3356.76,1418.1144273294733,70,1,2.0,2.0,8.0,2.0,1.0,0.75,1.0,4.0,8.0,1.0,1.0,1.0,0.4444444444444444,3356.76,4260.63,0.3173171451042076,179.46333333333334,3.0,0.0,2.0,0.75,25.0,1.0,104.5,5,12.0,2,1,2,2,1,54,55,43,0.4131,0.0,0.082,0.0328,T3,False,none,0.389978,0.913587,0.712208,0.391758,1.59323,0.674937,0.742549,0.616057,0.789221,0.708411,0.474962,0.666667,18.75,0.25,9.0,18.0,0.592585,3.305556
33c7efbc-9074-488d-a753-95ecd1187fdc,4.0,0.4444444444444444,2.0,9415.54,2353.885,1987.6654841379452,61,0,2.0,2.0,8.0,2.0,1.0,0.75,1.0,4.0,3.0,1.0,1.0,1.0,0.4444444444444444,2353.885,4279.07,0.4544688886670334,29.08222222222222,0.0,0.0,3.0,0.5,27.0,2.0,80.75,6,12.0,2,1,3,2,1,79,79,121,0.174,0.0,0.2013,0.1186,T3,False,none,0.389978,0.778458,0.958542,0.797809,0.581664,0.505904,0.627294,0.513246,0.790433,0.661079,0.442448,0.666667,13.5,0.166667,9.333333,26.333333,0.888871,3.388889
fd185daa-e116-4410-add0-ea4b2ba99e3a,3.0,0.3333333333333333,2.0,11718.529999999999,3906.1766666666663,1370.5064072937905,53,0,3.0,1.0,7.0,3.0,1.0,0.3333333333333333,1.0,3.0,4.0,1.0,1.0,1.0,0.3333333333333333,3906.1766666666663,4916.92,0.41958505034334515,22.736944444444443,2.0,0.0,2.0,0.6666666666666666,30.0,1.0,73.66666666666667,6,9.0,3,1,2,3,1,62,62,89,0.2321,0.0,0.0992,0.0863,T3,False,none,1.21693,0.577315,0.602306,0.810521,0.403244,0.566804,0.872517,0.854458,0.640962,0.740594,0.294211,0.5,20.0,0.333333,10.333333,15.5,0.499993,3.722222
6077092e-1124-4f6c-b933-4fed2a2db59f,1.0,0.1111111111111111,1.0,1501.76,1501.76,0.0,74,1,1.0,1.0,4.0,1.0,1.0,1.0,1.0,1.0,3.0,1.0,1.0,1.0,0.1111111111111111,1501.76,1501.76,1.0,0.0,7.0,1.0,1.0,1.0,22.0,1.0,59.0,3,3.0,1,1,1,1,1,26,26,110,0.1928,0.0091,0.1832,0.0943,T3,False,none,0.730473,0.715278,0.580411,0.895809,0.231917,1.150056,1.360439,1.100303,0.67432,0.873112,0.151476,1.0,22.0,0.5,8.0,13.0,0.11111,3.166667
af1660e3-6e33-4a6a-81f2-91c4c192273d,2.0,0.2222222222222222,2.0,2872.58,1436.29,181.66987422244785,75,0,1.0,2.0,6.0,1.0,1.0,1.0,1.0,2.0,2.0,1.0,1.0,1.0,0.2222222222222222,1436.29,1564.75,0.5447193811834657,109.62611111111111,8.0,0.5,2.0,0.5,27.0,1.0,43.0,4,6.0,1,1,2,1,1,55,55,89,0.2523,0.0,0.1667,0.1056,T3,False,none,0.5037,0.67621,0.448633,0.484166,0.277908,0.897347,0.598861,0.685381,0.490398,0.58139,0.222351,1.0,13.5,0.166667,9.333333,27.5,0.444436,3.5
7b2f9c9b-024c-4d0e-90e0-aaf05f1d98f5,2.0,0.2222222222222222,2.0,8327.02,4163.51,1162.0027156594774,84,0,2.0,1.0,7.0,2.0,1.0,0.5,2.0,1.0,4.0,2.0,1.0,0.5,0.2222222222222222,4163.51,4985.17,0.5986739553886024,137.65694444444443,1.0,0.0,2.0,0.5,26.0,1.0,45.5,6,6.0,2,2,2,2,2,62,63,96,0.2355,0.0,0.1833,0.0828,T3,False,none,0.652915,0.626569,0.391781,0.540747,0.215092,0.77029,0.882439,0.774137,0.476892,0.615606,0.336371,1.0,13.0,0.25,9.0,20.666667,0.444436,3.416667
fafe3765-a7b0-4bf0-82d4-6eef25ed4ebd,4.0,0.4444444444444444,4.0,3114.38,778.595,727.4591720273149,67,1,2.0,2.0,7.0,2.0,1.0,0.75,1.0,4.0,6.0,1.0,1.0,1.0,0.4444444444444444,778.595,1850.04,0.5940315568427744,219.7902777777778,0.0,0.0,1.0,1.0,19.0,0.0,31.0,4,12.0,2,1,1,2,1,33,33,110,0.1791,0.0,0.2044,0.1366,T3,False,none,0.379993,0.751513,0.878894,0.684056,0.622351,0.756447,1.017923,0.736047,0.731227,0.733477,0.297294,0.666667,19.0,0.333333,7.0,11.0,0.44444,2.666667
e862995e-b221-4941-8b6d-0f54c8e66c3f,6.0,0.6666666666666666,3.0,17485.07,2914.1783333333333,1361.6417942383625,52,0,2.0,3.0,6.0,2.0,1.0,0.8333333333333334,1.0,6.0,5.0,1.0,1.0,1.0,0.6666666666666666,2914.1783333333333,4933.55,0.28215786382325037,109.16333333333333,1.0,0.5,4.0,0.3333333333333333,28.0,0.0,60.0,7,18.0,2,1,4,2,1,94,95,134,0.1691,0.0224,0.2258,0.1728,T3,False,none,0.430966,0.910688,1.243633,1.230326,1.123263,0.806214,0.791823,0.694203,1.135345,0.929479,0.796934,0.666667,9.333333,0.083333,9.666667,31.333333,1.99994,3.472222
c9dad839-7ddb-4d38-ada7-a106c8a3be62,3.0,0.3333333333333333,2.0,10456.2,3485.4,1468.8138602627632,33,1,2.0,1.5,11.0,2.0,1.0,0.6666666666666666,1.0,3.0,5.0,1.0,1.0,1.0,0.3333333333333333,3485.4,4796.41,0.4587144469310074,59.615,4.0,0.0,3.0,0.3333333333333333,22.0,2.0,75.66666666666667,6,9.0,2,1,3,2,1,79,81,198,0.0889,0.0,0.2489,0.1724,T3,False,none,0.677235,0.550371,0.859386,0.792447,1.848264,0.600348,0.658079,0.64156,0.921843,0.791044,0.499546,0.666667,7.333333,0.133333,8.0,26.333333,0.99997,2.933333
515b2990-f31a-4469-9354-36f4aa785167,1.0,0.1111111111111111,1.0,2782.35,2782.35,0.0,89,0,1.0,1.0,9.0,1.0,1.0,1.0,1.0,1.0,4.0,1.0,1.0,1.0,0.1111111111111111,2782.35,2782.35,1.0,0.0,13.0,0.0,1.0,1.0,17.0,2.0,26.0,3,3.0,1,1,1,1,1,27,27,89,0.2321,0.0,0.0992,0.0863,T3,False,none,0.621592,0.634241,0.891957,0.886161,0.403244,1.143245,1.074123,0.97116,0.743902,0.849956,0.158398,1.0,17.0,0.5,6.0,13.5,0.11111,2.5
57065e2b-4f1f-45c8-9738-ad339a4e36a5,5.0,0.5555555555555556,5.0,8297.03,1659.4060000000002,889.2053889737736,102,0,2.0,2.5,10.0,2.0,1.0,0.8,2.0,2.5,4.0,2.0,1.0,0.8,0.5555555555555556,1659.4060000000002,3186.02,0.3839952368498125,119.35277777777777,12.0,0.2,3.0,0.6,25.0,0.0,48.8,7,15.0,2,2,3,2,2,77,78,129,0.1169,0.0,0.1879,0.1099,T3,False,none,0.439868,0.344201,0.645586,0.870029,0.675501,0.904149,0.521929,0.644091,0.659392,0.652251,0.533904,1.0,15.0,0.171429,8.666667,25.666667,0.92591,3.279365
234e1bf5-93e5-4603-94b2-c08b9135e87c,2.0,0.2222222222222222,2.0,2968.56,1484.28,239.45464038101235,51,1,1.0,2.0,3.0,1.0,1.0,1.0,1.0,2.0,6.0,1.0,1.0,1.0,0.2222222222222222,1484.28,1653.6,0.5570377556795214,89.57416666666667,11.0,0.0,1.0,1.0,24.0,2.0,71.0,3,6.0,1,1,1,1,1,30,30,96,0.2355,0.0,0.1833,0.0828,T3,False,none,0.681998,0.568228,0.834541,0.800533,0.215092,0.772694,0.73107,0.732906,0.651968,0.689739,0.263758,1.0,24.0,0.333333,8.666667,15.0,0.22222,3.333333
313c49fe-b938-4f5d-9c6d-81fe1f08affa,5.0,0.5555555555555556,5.0,12993.36,2598.672,1467.0890475427864,45,0,2.0,2.5,9.0,2.0,1.0,0.8,3.0,1.6666666666666667,3.0,3.0,1.0,0.6,0.5555555555555556,2598.672,4482.21,0.3449615803764384,176.87,18.0,0.2,3.0,0.4,30.0,1.0,63.8,8,15.0,2,3,3,2,3,81,82,89,0.2321,0.0,0.0992,0.0863,T3,False,none,0.380436,0.987019,0.915939,1.250302,0.403244,0.758314,0.782232,0.658321,0.973646,0.826494,0.892474,1.333333,12.0,0.114286,10.333333,27.0,1.388854,3.926984
52113557-3863-434b-a8a3-d597353729cc,2.0,0.2222222222222222,2.0,5493.76,2746.88,2657.180004478432,64,1,2.0,1.0,5.0,2.0,1.0,0.5,2.0,1.0,9.0,2.0,1.0,0.5,0.2222222222222222,2746.88,4625.79,0.8420080236486486,127.4113888888889,3.0,0.0,2.0,0.5,19.0,1.0,23.5,6,6.0,2,2,2,2,2,53,53,110,0.1791,0.0,0.2044,0.1366,T3,False,none,0.771781,0.923772,0.494217,0.449142,0.622351,0.802988,0.709602,0.762943,0.606058,0.679271,0.492961,1.0,9.5,0.25,7.0,17.666667,0.444436,2.75
1ab27c44-82b6-430e-9e84-10e447b22f6d,2.0,0.2222222222222222,2.0,4644.88,2322.44,2597.486050010664,94,1,1.0,2.0,7.0,1.0,1.0,1.0,1.0,2.0,5.0,1.0,1.0,1.0,0.2222222222222222,2322.44,4159.14,0.895424639603176,23.156388888888888,5.0,0.5,1.0,1.0,25.0,2.0,70.0,3,6.0,1,1,1,1,1,34,34,96,0.2355,0.0,0.1833,0.0828,T3,False,none,0.444267,0.487191,0.862019,0.761941,0.215092,0.939203,0.705185,0.719786,0.622961,0.668146,0.23586,1.0,25.0,0.333333,9.0,17.0,0.22222,3.444444
224313b2-e7c6-460e-9479-799355a24276,4.0,0.4444444444444444,3.0,12434.68,3108.67,499.7913401277244,105,1,1.0,4.0,7.0,1.0,1.0,1.0,2.0,2.0,9.0,2.0,1.0,0.75,0.4444444444444444,3108.67,3549.14,0.28542270488665566,179.21,19.0,0.25,1.0,1.0,21.0,3.0,97.0,4,12.0,1,2,1,1,2,37,37,67,0.2687,0.0,0.1443,0.07,T3,False,none,0.570155,0.640893,1.152866,0.604038,0.56421,0.772737,0.71715,0.696328,0.720953,0.709461,0.489233,1.5,21.0,0.2,7.666667,18.5,0.44444,3.122222
2e553117-e4d1-495c-b1b9-d6b0384512d3,2.0,0.2222222222222222,2.0,4703.36,2351.68,1917.9422911547674,77,1,1.0,2.0,8.0,1.0,1.0,1.0,2.0,1.0,5.0,2.0,1.0,0.5,0.2222222222222222,2351.68,3707.87,0.7883449278813445,99.4375,10.0,0.0,1.0,1.0,11.0,2.0,62.0,4,6.0,1,2,1,1,2,24,24,154,0.1225,0.0,0.2652,0.1509,T3,False,none,0.454251,0.599624,1.035519,0.771239,1.400021,0.725269,0.50638,0.574872,0.888191,0.741975,0.390131,1.5,11.0,0.333333,4.333333,12.0,0.22222,2.055556
2e31ece0-7388-4126-8555-b7f218d8693a,2.0,0.2222222222222222,2.0,8509.17,4254.585,190.03494744388465,54,0,1.0,2.0,5.0,1.0,1.0,1.0,1.0,2.0,3.0,1.0,1.0,1.0,0.2222222222222222,4254.585,4388.96,0.5157917869780484,46.281666666666666,6.0,0.0,1.0,1.0,21.0,0.0,43.0,3,6.0,1,1,1,1,1,26,26,198,0.0889,0.0,0.2489,0.1724,T3,False,none,0.563133,0.595173,0.706443,0.839125,1.848264,0.771621,0.745151,0.70323,0.918685,0.818139,0.320767,1.0,21.0,0.333333,7.333333,13.0,0.22222,2.888889
34fe61fb-b9f4-4c8f-a31d-3dd8426438a9,4.0,0.4444444444444444,4.0,10698.720000000001,2674.6800000000003,802.4055680680854,42,0,3.0,1.3333333333333333,9.0,3.0,1.0,0.5,1.0,4.0,5.0,1.0,1.0,1.0,0.4444444444444444,2674.6800000000003,3476.76,0.32496971600340974,239.3736111111111,13.0,0.25,2.0,0.75,29.0,3.0,37.75,6,12.0,3,1,2,3,1,74,74,154,0.1225,0.0,0.2652,0.1509,T3,False,none,1.140369,0.670476,0.736064,0.941205,1.400021,0.507268,0.618505,0.725233,0.907255,0.822311,0.47428,0.5,21.75,0.321429,10.0,18.5,0.592585,3.607143
3efdc0b4-cad5-40f2-887f-9036baa73b62,5.0,0.5555555555555556,4.0,14079.08,2815.816,739.4244941371634,48,1,2.0,2.5,10.0,2.0,1.0,0.8,2.0,2.5,10.0,2.0,1.0,0.6,0.5555555555555556,2815.816,3780.88,0.2685459561278152,135.83638888888888,10.0,0.2,1.0,1.0,26.0,1.0,59.0,5,15.0,2,2,1,2,2,57,58,96,0.2355,0.0,0.1833,0.0828,T3,False,none,0.439868,0.822721,0.723894,0.545147,0.215092,0.701352,0.513987,0.564187,0.59677,0.581565,0.602882,1.0,26.0,0.285714,9.333333,19.0,0.55555,3.539683
eed34036-9842-4871-bb26-fbb325dbb7c5,5.0,0.5555555555555556,4.0,15601.300000000001,3120.26,1065.58917721606,33,0,2.0,2.5,9.0,2.0,1.0,0.8,2.0,2.5,3.0,2.0,1.0,0.8,0.5555555555555556,3120.26,4436.29,0.2843538679469018,209.22916666666666,2.0,0.0,4.0,0.4,22.0,0.0,58.0,8,15.0,2,2,4,2,2,86,88,95,0.2056,0.0211,0.1855,0.0916,T3,False,none,0.380436,0.425238,0.962479,1.131287,0.105784,0.806329,0.901006,0.716204,0.748689,0.73353,0.61756,1.0,8.8,0.114286,7.666667,28.666667,1.388854,2.926984
2d7ff569-3357-4162-8d9f-8a8d8717ba76,7.0,0.7777777777777778,6.0,20367.510000000002,2909.644285714286,1614.6785956329634,64,0,3.0,2.3333333333333335,8.0,3.0,1.0,0.7142857142857143,1.0,7.0,5.0,1.0,1.0,1.0,0.7777777777777778,2909.644285714286,4574.01,0.22457384334167504,155.40777777777777,0.0,0.14285714285714285,2.0,0.7142857142857143,21.0,0.0,80.28571428571429,6,21.0,3,1,2,3,1,58,60,154,0.1225,0.0,0.2652,0.1509,T3,False,none,0.831587,1.030794,0.546916,0.966438,1.400021,1.339656,0.935036,1.05962,0.96739,1.010431,0.273832,0.5,15.0,0.214286,7.333333,14.5,1.088874,2.68254
7886d6aa-267d-493d-97a7-6ebb3ce240b3,4.0,0.4444444444444444,4.0,10625.960000000001,2656.4900000000002,1482.5989404420873,94,0,3.0,1.3333333333333333,9.0,3.0,1.0,0.5,1.0,4.0,5.0,1.0,1.0,1.0,0.4444444444444444,2656.4900000000002,4625.92,0.43534137150902125,167.715,4.0,0.0,4.0,0.25,23.0,0.0,62.0,8,12.0,3,1,4,3,1,103,105,67,0.2687,0.0,0.1443,0.07,T3,False,none,1.140369,0.670476,1.142494,1.56985,0.56421,0.669785,0.569691,0.770873,1.088368,0.940203,0.671139,0.5,5.75,0.107143,8.0,25.75,1.777707,2.869048
59bad9cf-bca5-45bb-b175-ef1a14e7c7ca,3.0,0.3333333333333333,3.0,8483.49,2827.83,1580.0392392279377,93,0,2.0,1.5,6.0,2.0,1.0,0.6666666666666666,2.0,1.5,3.0,2.0,1.0,0.6666666666666666,0.3333333333333333,2827.83,4481.93,0.5283120508187079,118.765,20.0,0.0,3.0,0.3333333333333333,21.0,0.0,57.333333333333336,7,9.0,2,2,3,2,2,66,67,40,0.459,0.0,0.0615,0.0469,T3,False,none,0.548385,0.539038,0.795709,0.692308,1.728531,0.536152,0.655714,0.579501,0.848236,0.722826,0.630099,1.0,7.0,0.133333,7.333333,22.0,0.99997,2.822222
97577d4d-eb2e-4fe1-8371-6985c93a0f9e,6.0,0.6666666666666666,5.0,13400.81,2233.4683333333332,1431.5030597720238,58,1,2.0,3.0,7.0,2.0,1.0,0.8333333333333334,2.0,3.0,4.0,2.0,1.0,0.8333333333333334,0.6666666666666666,2233.4683333333332,4686.58,0.3497236361085636,116.06222222222222,9.0,0.3333333333333333,2.0,0.6666666666666666,25.0,3.0,52.0,6,18.0,2,2,2,2,2,55,57,129,0.1169,0.0,0.1879,0.1099,T3,False,none,0.371533,0.425957,0.505116,0.549577,0.675501,0.852886,0.525484,0.606223,0.530396,0.565782,0.307347,1.0,16.666667,0.166667,9.0,18.333333,0.999985,3.388889
ef4f810a-0f44-456e-9fa8-a27a079c6fad,3.0,0.3333333333333333,2.0,11087.34,3695.78,677.7657438968128,74,0,1.0,3.0,6.0,1.0,1.0,1.0,1.0,3.0,2.0,1.0,1.0,1.0,0.3333333333333333,3695.78,4122.72,0.3718403151702753,67.3861111111111,6.0,0.6666666666666666,1.0,1.0,16.0,2.0,53.0,3,9.0,1,1,1,1,1,21,21,129,0.1169,0.0,0.1879,0.1099,T3,False,none,0.521681,0.739389,0.780633,0.83068,0.675501,0.655388,0.648943,0.615038,0.771568,0.69852,0.176865,1.0,16.0,0.25,5.666667,10.5,0.33333,2.305556
abc5b138-694c-4090-9828-843527a84c27,2.0,0.2222222222222222,2.0,3299.02,1649.51,132.030978183152,105,1,1.0,2.0,6.0,1.0,1.0,1.0,2.0,1.0,5.0,2.0,1.0,0.5,0.2222222222222222,1649.51,1742.87,0.5282993131293535,176.45416666666668,13.0,0.0,1.0,1.0,20.0,3.0,108.0,4,6.0,1,2,1,1,2,27,29,134,0.1691,0.0224,0.2258,0.1728,T3,False,none,0.5037,0.599624,1.281054,0.732749,1.123263,1.021171,0.821086,0.806627,0.878784,0.845111,0.440554,1.5,20.0,0.333333,7.333333,13.5,0.22222,3.055556
3299df15-a130-4e52-a53b-17173c1dc07e,2.0,0.2222222222222222,2.0,8187.379999999999,4093.6899999999996,444.3741855688738,69,0,1.0,2.0,9.0,1.0,1.0,1.0,1.0,2.0,4.0,1.0,1.0,1.0,0.2222222222222222,4093.6899999999996,4407.91,0.5383785777623611,92.49666666666667,14.0,0.5,2.0,0.5,22.0,0.0,78.0,4,6.0,1,1,2,1,1,50,51,95,0.2056,0.0211,0.1855,0.0916,T3,False,none,0.513684,0.514136,0.656887,0.447858,0.105784,0.787732,0.750172,0.696913,0.450963,0.565739,0.046619,1.0,11.0,0.166667,7.666667,25.0,0.444436,2.944444
659376d1-58f6-4a1b-ae1e-0f4664f1375a,0.0,0.0,0.0,0.0,0.0,0.0,101,0,0.0,0.0,0.0,0.0,0.0,0.0,0.0,0.0,0.0,0.0,0.0,0.0,0.0,0.0,0.0,0.0,0.0,0.0,0.0,0.0,0.0,0.0,0.0,0.0,0,0.0,0,0,0,0,0,0,0,1,0.0,0.0,0.0,0.0,T3,False,none,2.767811,2.428211,2.297128,2.075966,2.409508,1.736911,1.781581,2.046344,2.265693,2.16333,0.0,0.0,0.0,0.0,0.0,0.0,0.0,0.0
63b41268-3f6d-41d0-931c-d4fecc805a36,3.0,0.3333333333333333,3.0,7728.43,2576.1433333333334,2025.8242990529398,47,1,1.0,3.0,7.0,1.0,1.0,1.0,2.0,1.5,4.0,2.0,1.0,0.6666666666666666,0.3333333333333333,2576.1433333333334,4575.1,0.5919831065300456,181.14305555555555,6.0,0.0,1.0,1.0,19.0,3.0,31.0,4,9.0,1,2,1,1,2,28,29,121,0.174,0.0,0.2013,0.1186,T3,False,none,0.462248,0.458001,0.960573,0.671189,0.581664,0.412746,0.50391,0.457277,0.66326,0.567135,0.30101,1.5,19.0,0.25,7.0,14.0,0.33333,2.916667
57caeceb-1e02-467d-8147-badb0490a59a,1.0,0.1111111111111111,1.0,4366.24,4366.24,0.0,72,1,1.0,1.0,7.0,1.0,1.0,1.0,1.0,1.0,3.0,1.0,1.0,1.0,0.1111111111111111,4366.24,4366.24,1.0,0.0,13.0,1.0,1.0,1.0,23.0,2.0,64.0,3,3.0,1,1,1,1,1,30,30,50,0.2482,0.04,0.0909,0.0909,T3,False,none,0.552174,0.715278,0.739923,0.857217,0.707334,1.206566,1.519509,1.123911,0.772316,0.936394,0.200699,1.0,23.0,0.5,8.333333,15.0,0.11111,3.277778
e5d9b91d-e6ef-4101-9e3d-8a7885412e42,0.0,0.0,0.0,0.0,0.0,0.0,107,1,0.0,0.0,0.0,0.0,0.0,0.0,0.0,0.0,0.0,0.0,0.0,0.0,0.0,0.0,0.0,0.0,0.0,0.0,0.0,0.0,0.0,0.0,0.0,0.0,0,0.0,0,0,0,0,0,0,0,1,0.0,0.0,0.0,0.0,T3,False,none,2.767811,2.428211,2.297128,2.075966,2.409508,1.760672,1.781581,2.055396,2.265693,2.167554,0.0,0.0,0.0,0.0,0.333333,0.0,0.0,0.111111
524b920c-181c-4232-bc8e-0f84a4d5a419,1.0,0.1111111111111111,1.0,2901.23,2901.23,0.0,76,1,1.0,1.0,5.0,1.0,1.0,1.0,1.0,1.0,8.0,1.0,1.0,1.0,0.1111111111111111,2901.23,2901.23,1.0,0.0,4.0,0.0,1.0,1.0,18.0,3.0,84.0,3,3.0,1,1,1,1,1,28,28,154,0.1225,0.0,0.2652,0.1509,T3,False,none,0.67104,0.850408,1.151377,0.876513,1.400021,1.077804,1.000842,0.935932,1.014502,0.977836,0.418623,1.0,18.0,0.5,6.666667,14.0,0.11111,2.722222
b004cc77-24ce-4e8a-a70e-245a7d02d477,1.0,0.1111111111111111,1.0,1131.31,1131.31,0.0,43,0,1.0,1.0,2.0,1.0,1.0,1.0,1.0,1.0,4.0,1.0,1.0,1.0,0.1111111111111111,1131.31,1131.31,1.0,0.0,15.0,0.0,1.0,1.0,26.0,3.0,85.0,3,3.0,1,1,1,1,1,29,29,154,0.1225,0.0,0.2652,0.1509,T3,False,none,0.849339,0.634241,1.206097,0.866865,1.400021,1.163313,1.428693,1.162066,0.968242,1.058693,0.347013,1.0,26.0,0.5,9.0,14.5,0.11111,3.5
bd3c523c-c11f-4078-8e9e-b3dd69540f78,5.0,0.5555555555555556,3.0,13080.15,2616.0299999999997,1401.1334034095396,35,1,1.0,5.0,8.0,1.0,1.0,1.0,1.0,5.0,4.0,1.0,1.0,1.0,0.5555555555555556,2616.0299999999997,4672.61,0.3572290837643299,140.50444444444443,2.0,0.0,2.0,0.6,29.0,0.0,61.0,4,15.0,1,1,2,1,1,52,53,89,0.2523,0.0,0.1667,0.1056,T3,False,none,0.688047,0.817527,0.691595,0.474903,0.277908,0.62874,0.677861,0.662059,0.572871,0.614492,0.242995,1.0,17.4,0.1,10.333333,26.0,0.92591,3.811111
b5c4ccae-21e4-475c-b8fc-25d51a8eec41,6.0,0.6666666666666666,4.0,10589.91,1764.985,1208.01979836011,61,1,1.0,6.0,8.0,1.0,1.0,1.0,3.0,2.0,8.0,3.0,1.0,0.5,0.6666666666666666,1764.985,3752.76,0.3543712836086426,127.75194444444445,1.0,0.5,3.0,0.5,23.0,0.0,94.16666666666667,7,18.0,1,3,3,1,3,76,78,40,0.459,0.0,0.0615,0.0469,T3,False,none,0.795954,1.147222,1.028298,1.192037,1.728531,0.740181,0.676459,0.734875,1.236136,1.002215,1.075774,2.0,11.5,0.071429,8.333333,38.0,1.333307,3.468254
010c1af6-7d4a-42a0-894a-94ceff2df5cf,3.0,0.3333333333333333,2.0,5595.2300000000005,1865.0766666666668,2308.414475269408,82,0,1.0,3.0,5.0,1.0,1.0,1.0,2.0,1.5,5.0,2.0,1.0,0.6666666666666666,0.3333333333333333,1865.0766666666668,4465.27,0.7980494099438271,100.09222222222222,15.0,0.0,2.0,0.6666666666666666,22.0,2.0,84.33333333333333,5,9.0,1,2,2,1,2,52,53,198,0.0889,0.0,0.2489,0.1724,T3,False,none,0.581114,0.431056,0.486538,0.316128,1.848264,0.741074,0.705491,0.68351,0.635718,0.658021,0.357171,1.5,14.666667,0.166667,7.666667,26.0,0.499993,3.111111
f42d52b9-fb48-4deb-ab89-a5407d9e0573,3.0,0.3333333333333333,3.0,7819.799999999999,2606.6,202.65763444785392,41,0,1.0,3.0,8.0,1.0,1.0,1.0,1.0,3.0,4.0,1.0,1.0,1.0,0.3333333333333333,2606.6,2760.24,0.35298089465203714,90.75805555555556,12.0,0.0,3.0,0.3333333333333333,22.0,3.0,61.333333333333336,5,9.0,1,1,3,1,1,64,65,89,0.2321,0.0,0.0992,0.0863,T3,False,none,0.472232,0.577315,0.921415,0.571501,0.403244,0.449539,0.530947,0.483159,0.61781,0.554973,0.214646,1.0,7.333333,0.083333,7.666667,32.0,0.99997,2.916667
7bb3f421-2044-4eb0-b10a-dedef7f46e50,1.0,0.1111111111111111,1.0,2859.95,2859.95,0.0,57,1,1.0,1.0,8.0,1.0,1.0,1.0,1.0,1.0,4.0,1.0,1.0,1.0,0.1111111111111111,2859.95,2859.95,1.0,0.0,3.0,0.0,1.0,1.0,19.0,2.0,42.0,3,3.0,1,1,1,1,1,28,28,154,0.1225,0.0,0.2652,0.1509,T3,False,none,0.562159,0.634241,0.685936,0.876513,1.400021,0.972193,1.022477,0.871802,0.863493,0.867371,0.271265,1.0,19.0,0.5,7.0,14.0,0.11111,2.833333
b964bef4-794e-405e-b6cc-109723fc75e6,4.0,0.4444444444444444,4.0,14738.08,3684.52,1785.0737068069022,61,1,2.0,2.0,4.0,2.0,1.0,0.5,3.0,1.3333333333333333,7.0,3.0,1.0,0.5,0.4444444444444444,3684.52,4799.31,0.32564011051643094,136.0225,7.0,0.5,3.0,0.5,22.0,2.0,87.25,8,12.0,2,3,3,2,3,72,73,198,0.0889,0.0,0.2489,0.1724,T3,False,none,0.723307,1.146256,0.833738,1.106785,1.848264,0.762207,0.639812,0.710295,1.183348,0.96259,0.991662,1.333333,11.0,0.166667,8.0,24.0,0.888871,3.166667
1bc5ed1b-c189-4c30-9517-1707997f5c83,3.0,0.3333333333333333,2.0,10999.75,3666.5833333333335,1234.376290939409,88,1,1.0,3.0,7.0,1.0,1.0,1.0,1.0,3.0,3.0,1.0,1.0,1.0,0.3333333333333333,3666.5833333333335,4738.82,0.43081160935475804,125.78916666666667,0.0,0.0,2.0,0.6666666666666666,18.0,3.0,61.666666666666664,4,9.0,1,1,2,1,1,41,41,198,0.0889,0.0,0.2489,0.1724,T3,False,none,0.462248,0.658352,0.575786,0.482778,1.848264,0.66631,0.719677,0.625796,0.773629,0.70464,0.222126,1.0,12.0,0.166667,6.666667,20.5,0.499993,2.611111
d0986904-806b-456e-a6e7-8dd95503d727,1.0,0.1111111111111111,1.0,3569.14,3569.14,0.0,78,1,1.0,1.0,6.0,1.0,1.0,1.0,1.0,1.0,3.0,1.0,1.0,1.0,0.1111111111111111,3569.14,3569.14,1.0,0.0,2.0,0.0,1.0,1.0,16.0,1.0,84.0,3,3.0,1,1,1,1,1,22,22,154,0.1225,0.0,0.2652,0.1509,T3,False,none,0.611607,0.715278,0.959119,0.934401,1.400021,1.15691,1.076958,0.974459,0.962374,0.968013,0.271265,1.0,16.0,0.5,6.0,11.0,0.11111,2.5
f64d27b7-0862-4f8c-9109-eda515a1118f,4.0,0.4444444444444444,3.0,9408.06,2352.015,1774.8416280615013,46,1,1.0,4.0,7.0,1.0,1.0,1.0,2.0,2.0,3.0,2.0,1.0,0.75,0.4444444444444444,2352.015,4459.8,0.4740403441304584,89.24777777777778,0.0,0.5,1.0,1.0,13.0,3.0,102.0,4,12.0,1,2,1,1,2,21,21,108,0.1587,0.0,0.2348,0.071,T3,False,none,0.570155,0.424727,1.481795,0.758406,0.625422,0.402246,0.483302,0.477239,0.803528,0.65126,0.23756,1.5,13.0,0.2,5.0,10.5,0.44444,2.233333
73c80c43-d0ea-4e32-894b-03a245d5cf50,2.0,0.2222222222222222,2.0,3480.9,1740.45,454.0756906067536,90,1,2.0,1.0,10.0,2.0,1.0,0.5,2.0,1.0,8.0,2.0,1.0,0.5,0.2222222222222222,1740.45,2061.53,0.5922405125111322,83.2213888888889,6.0,0.0,1.0,1.0,25.0,0.0,107.0,5,6.0,2,2,1,2,2,49,50,110,0.1791,0.0,0.2044,0.1366,T3,False,none,0.781766,0.842735,1.27318,0.47951,0.622351,0.869492,0.604619,0.756136,0.759471,0.757915,0.549256,1.0,25.0,0.5,9.0,16.333333,0.22222,3.5
bef4a822-ac38-413e-aeee-cded8b695a7b,10.0,1.1111111111111112,7.0,21308.48,2130.848,1412.3224162098713,48,1,1.0,10.0,12.0,1.0,1.0,1.0,3.0,3.3333333333333335,5.0,3.0,1.0,0.5,1.1111111111111112,2130.848,4519.47,0.2120972495457208,174.20388888888888,5.0,0.1,4.0,0.7,25.0,2.0,72.1,8,30.0,1,3,4,1,3,92,94,96,0.2355,0.0,0.1833,0.0828,T3,False,none,1.465315,1.007326,0.884839,1.742797,0.215092,1.731382,1.063814,1.43284,1.125571,1.268963,0.967826,2.0,17.5,0.063636,9.0,46.0,1.587279,3.687879
55a947c9-d0fd-42ae-a2b4-82585e75d64a,4.0,0.4444444444444444,4.0,12002.95,3000.7375,1091.2143401237297,34,0,3.0,1.3333333333333333,9.0,3.0,1.0,0.5,2.0,2.0,7.0,2.0,1.0,0.75,0.4444444444444444,3000.7375,4522.45,0.3767782086903636,168.64666666666668,1.0,0.25,2.0,0.5,25.0,1.0,54.0,7,12.0,3,2,2,3,2,67,68,121,0.174,0.0,0.2013,0.1186,T3,False,none,1.140369,0.478819,0.380761,0.908499,0.581664,0.570812,0.589567,0.739794,0.636661,0.68479,0.526359,0.75,12.5,0.214286,8.666667,16.75,0.888871,3.210317
133fded7-cf0e-497c-8df4-4ae268480a8b,1.0,0.1111111111111111,1.0,2588.43,2588.43,0.0,88,1,1.0,1.0,8.0,1.0,1.0,1.0,1.0,1.0,8.0,1.0,1.0,1.0,0.1111111111111111,2588.43,2588.43,1.0,0.0,23.0,0.0,1.0,1.0,27.0,2.0,91.0,3,3.0,1,1,1,1,1,40,40,121,0.174,0.0,0.2013,0.1186,T3,False,none,0.562159,0.850408,1.110002,0.760738,0.581664,1.109785,1.297968,1.016048,0.826073,0.914728,0.436308,1.0,27.0,0.5,9.666667,20.0,0.11111,3.722222
8a6f963e-0f84-47b9-821f-f302d3b47e44,6.0,0.6666666666666666,4.0,8570.18,1428.3633333333335,1474.948274519031,48,1,3.0,2.0,8.0,3.0,1.0,0.6666666666666666,1.0,6.0,6.0,1.0,1.0,1.0,0.6666666666666666,1428.3633333333335,3718.58,0.43389753774133094,177.02777777777777,19.0,0.16666666666666666,4.0,0.3333333333333333,23.0,1.0,58.666666666666664,8,18.0,3,1,4,3,1,94,94,154,0.1225,0.0,0.2652,0.1509,T3,False,none,0.898988,0.991725,0.870768,1.586842,1.400021,0.774802,0.873282,0.843111,1.257744,1.064248,0.757149,0.5,7.666667,0.111111,8.333333,23.5,1.99994,2.981481
14660d21-a2eb-4743-ae10-edafb751f893,2.0,0.2222222222222222,2.0,6116.4400000000005,3058.2200000000003,1998.6797434306475,38,0,1.0,2.0,12.0,1.0,1.0,1.0,2.0,1.0,5.0,2.0,1.0,0.5,0.2222222222222222,3058.2200000000003,4471.5,0.7310625134882381,68.26694444444445,4.0,0.0,2.0,0.5,26.0,1.0,49.5,5,6.0,1,2,2,1,2,64,64,96,0.2355,0.0,0.1833,0.0828,T3,False,none,0.691983,0.599624,0.378866,0.483816,0.215092,0.751364,0.69792,0.716583,0.446116,0.572334,0.311152,1.5,13.0,0.166667,9.0,32.0,0.444436,3.555556
298a1ecd-2ba4-4df2-9e18-33fe6a2b2396,2.0,0.2222222222222222,2.0,4978.4,2489.2,224.28012885674917,63,0,1.0,2.0,8.0,1.0,1.0,1.0,2.0,1.0,4.0,2.0,1.0,0.5,0.2222222222222222,2489.2,2647.79,0.531855616262253,120.19888888888889,12.0,0.0,2.0,0.5,22.0,0.0,42.5,5,6.0,1,2,2,1,2,52,54,67,0.2687,0.0,0.1443,0.07,T3,False,none,0.454251,0.626569,0.455796,0.377586,0.56421,0.666692,0.494197,0.548496,0.48723,0.515821,0.215211,1.5,11.0,0.166667,7.666667,26.0,0.444436,3.111111
2ca5186a-940d-44c3-9aa7-d1b9619c29b2,2.0,0.2222222222222222,2.0,2361.4300000000003,1180.7150000000001,521.7387384984942,46,1,1.0,2.0,11.0,1.0,1.0,1.0,1.0,2.0,6.0,1.0,1.0,1.0,0.2222222222222222,1180.7150000000001,1549.64,0.6562294880644355,73.83638888888889,1.0,0.0,1.0,1.0,14.0,3.0,64.0,3,6.0,1,1,1,1,1,28,28,67,0.2469,0.0,0.1605,0.1111,T3,False,none,0.63255,0.568228,1.127012,0.819829,0.434357,0.802427,0.910477,0.789907,0.75668,0.772186,0.277753,1.0,14.0,0.333333,5.333333,14.0,0.22222,2.222222
17c91505-a854-4a09-8d56-3664053f7382,2.0,0.2222222222222222,2.0,7586.95,3793.475,1635.035939069842,65,1,2.0,1.0,8.0,2.0,1.0,0.5,2.0,1.0,3.0,2.0,1.0,0.5,0.2222222222222222,3793.475,4949.62,0.6523860049163366,142.93416666666667,15.0,0.0,2.0,0.5,22.0,2.0,59.5,6,6.0,2,2,2,2,2,51,51,84,0.204,0.0,0.1092,0.124,T3,False,none,0.6629,0.707606,0.400986,0.431316,0.51107,0.713573,0.920222,0.767978,0.507362,0.628983,0.274942,1.0,11.0,0.25,8.0,17.0,0.444436,3.083333
96f64fc8-cf27-40a4-aec1-62c9c167b562,3.0,0.3333333333333333,2.0,10666.34,3555.4466666666667,1441.1831078781534,81,1,2.0,1.5,9.0,2.0,1.0,0.6666666666666666,1.0,3.0,4.0,1.0,1.0,1.0,0.3333333333333333,3555.4466666666667,4708.87,0.4414700825212772,162.6497222222222,0.0,0.0,1.0,1.0,16.0,3.0,23.0,4,9.0,2,1,1,2,1,27,27,40,0.459,0.0,0.0615,0.0469,T3,False,none,0.55837,0.577315,1.135325,0.727036,1.728531,0.643268,0.767356,0.660374,0.941582,0.810351,0.376378,0.666667,16.0,0.4,6.0,9.0,0.33333,2.355556
36913807-f307-4753-abab-f24eff6ef02a,2.0,0.2222222222222222,2.0,4614.07,2307.035,553.5444015162649,75,1,1.0,2.0,6.0,1.0,1.0,1.0,1.0,2.0,2.0,1.0,1.0,1.0,0.2222222222222222,2307.035,2698.45,0.5848307459574735,172.04305555555555,4.0,0.0,1.0,1.0,21.0,3.0,35.0,3,6.0,1,1,1,1,1,26,26,134,0.1691,0.0224,0.2258,0.1728,T3,False,none,0.5037,0.67621,0.855262,0.839125,1.123263,0.674809,0.567832,0.590262,0.849114,0.728316,0.321688,1.0,21.0,0.333333,7.666667,13.0,0.22222,3.0
7e451a95-c7f0-4d5a-ae05-9f577b5578d1,1.0,0.1111111111111111,1.0,4948.28,4948.28,0.0,48,0,1.0,1.0,7.0,1.0,1.0,1.0,1.0,1.0,1.0,0.0,0.0,1.0,0.1111111111111111,4948.28,4948.28,1.0,0.0,19.0,0.0,1.0,1.0,23.0,3.0,46.0,3,3.0,1,1,1,1,0,28,28,96,0.2355,0.0,0.1833,0.0828,T3,False,none,0.552174,1.652105,0.809272,1.016745,0.215092,1.208369,1.595158,1.149814,0.998753,1.069248,0.159711,0.0,23.0,0.0,7.666667,14.0,0.11111,2.555556
be8996c4-0a65-477f-8830-db2be71ae806,1.0,0.1111111111111111,1.0,4129.86,4129.86,0.0,55,1,1.0,1.0,7.0,1.0,1.0,1.0,1.0,1.0,3.0,1.0,1.0,1.0,0.1111111111111111,4129.86,4129.86,1.0,0.0,14.0,0.0,1.0,1.0,23.0,0.0,61.0,3,3.0,1,1,1,1,1,30,30,43,0.4131,0.0,0.082,0.0328,T3,False,none,0.552174,0.715278,0.815387,0.857217,1.59323,1.091636,1.273014,0.997964,0.935687,0.964749,0.359117,1.0,23.0,0.5,8.333333,15.0,0.11111,3.277778
bcdfd265-9082-426e-8a4e-0cfa4b646b65,7.0,0.7777777777777778,5.0,12975.380000000001,1853.6257142857144,1381.2713922790738,49,1,2.0,3.5,5.0,2.0,1.0,0.5714285714285714,3.0,2.3333333333333335,4.0,2.0,0.6666666666666666,0.42857142857142855,0.7777777777777778,1853.6257142857144,4431.66,0.3415437544025685,197.57083333333333,0.0,0.42857142857142855,3.0,0.5714285714285714,28.0,3.0,74.28571428571429,8,21.0,2,3,3,2,2,66,70,95,0.2056,0.0211,0.1855,0.0916,T3,True,cluster_002,0.688661,0.868092,1.069827,1.093039,0.105784,1.012831,0.944204,0.897335,0.867424,0.881383,0.632846,0.888889,16.0,0.084656,9.888889,22.0,1.361087,3.620811
ddf8a066-d12e-4586-a118-2301e9ae0dc4,4.0,0.4444444444444444,4.0,7861.57,1965.3925,2124.490241075491,85,0,1.0,4.0,12.0,1.0,1.0,1.0,1.0,4.0,3.0,1.0,1.0,1.0,0.4444444444444444,1965.3925,4675.11,0.5946789254563656,111.72083333333333,5.0,0.25,2.0,0.75,21.0,3.0,28.0,4,12.0,1,1,2,1,1,47,49,134,0.1691,0.0224,0.2258,0.1728,T3,False,none,0.817871,0.778458,0.556338,0.430252,1.123263,0.715617,0.337289,0.618723,0.659074,0.640243,0.243938,1.0,15.75,0.15,7.333333,23.5,0.592585,2.827778
463f098b-99cb-442f-be06-8dd187ed3057,5.0,0.5555555555555556,5.0,12005.210000000001,2401.0420000000004,1793.3107060322816,87,0,2.0,2.5,8.0,2.0,1.0,0.6,3.0,1.6666666666666667,5.0,3.0,1.0,0.6,0.5555555555555556,2401.0420000000004,4136.1,0.34452541854744734,146.9886111111111,1.0,0.0,3.0,0.6,23.0,2.0,87.6,8,15.0,2,3,3,2,3,73,74,84,0.204,0.0,0.1092,0.124,T3,False,none,0.453014,0.879037,0.79883,1.173118,0.51107,0.897974,0.631864,0.682139,0.91128,0.804348,0.812114,1.333333,13.8,0.171429,8.0,24.333333,0.92591,3.168254
48956304-5318-46ee-b635-8e4e0b4324bf,4.0,0.4444444444444444,3.0,12263.71,3065.9275,1223.755008198809,88,1,3.0,1.3333333333333333,9.0,3.0,1.0,0.5,2.0,2.0,3.0,2.0,1.0,0.75,0.4444444444444444,3065.9275,3934.3,0.32080830352315903,93.9336111111111,4.0,0.25,3.0,0.5,30.0,0.0,67.0,8,12.0,3,2,3,3,2,90,91,89,0.2321,0.0,0.0992,0.0863,T3,False,none,1.140369,0.424727,1.051399,1.300057,0.403244,0.590068,0.410154,0.687326,0.879952,0.79006,0.696775,0.75,15.0,0.214286,10.666667,22.5,0.888871,3.876984
91e01861-d065-46c0-a334-9c8611d2853d,1.0,0.1111111111111111,1.0,1296.3,1296.3,0.0,54,1,1.0,1.0,12.0,1.0,1.0,1.0,1.0,1.0,7.0,1.0,1.0,1.0,0.1111111111111111,1296.3,1296.3,1.0,0.0,21.0,1.0,1.0,1.0,20.0,2.0,92.0,3,3.0,1,1,1,1,1,35,36,67,0.2687,0.0,0.1443,0.07,T3,False,none,0.79989,0.769371,0.964455,0.804204,0.56421,1.073888,1.735054,1.215992,0.788882,0.9882,0.296716,1.0,20.0,0.5,7.333333,17.5,0.11111,2.944444
60318ba6-7d67-4740-b351-1d83c0379a3a,1.0,0.1111111111111111,1.0,2718.11,2718.11,0.0,37,0,1.0,1.0,8.0,1.0,1.0,1.0,1.0,1.0,3.0,1.0,1.0,1.0,0.1111111111111111,2718.11,2718.11,1.0,0.0,4.0,0.0,1.0,1.0,24.0,1.0,102.0,3,3.0,1,1,1,1,1,32,32,110,0.1928,0.0091,0.1832,0.0943,T3,False,none,0.562159,0.715278,1.013027,0.837921,0.231917,1.03856,0.994575,0.887784,0.74274,0.810427,0.184086,1.0,24.0,0.5,8.333333,16.0,0.11111,3.277778
c25c53b6-6481-439d-8326-8afbbe8fca55,2.0,0.2222222222222222,2.0,5664.62,2832.31,1416.5045883441392,62,1,2.0,1.0,9.0,2.0,1.0,0.5,2.0,1.0,5.0,2.0,1.0,0.5,0.2222222222222222,2832.31,3833.93,0.6768203339323732,134.05694444444444,6.0,0.0,2.0,0.5,25.0,0.0,78.0,6,6.0,2,2,2,2,2,62,62,110,0.1791,0.0,0.2044,0.1366,T3,False,none,0.722333,0.599624,0.7645,0.535974,0.622351,0.583291,0.486919,0.590893,0.613892,0.603159,0.411495,1.0,12.5,0.25,9.0,20.666667,0.444436,3.416667
3ac601cc-f1ab-4d34-9e97-73f95aa63885,2.0,0.2222222222222222,2.0,7560.56,3780.28,212.83914113715082,103,0,1.0,2.0,7.0,1.0,1.0,1.0,2.0,1.0,2.0,1.0,0.5,0.5,0.2222222222222222,3780.28,3930.78,0.5199059328938597,169.95583333333335,7.0,0.0,2.0,0.5,22.0,2.0,64.5,5,6.0,1,2,2,1,1,42,43,121,0.1789,0.0083,0.2434,0.1287,T3,False,none,0.444267,1.02417,0.442948,0.441927,0.804265,0.984558,0.604901,0.703637,0.64809,0.674012,0.151662,0.75,11.0,0.083333,7.5,21.0,0.444436,2.777778
ef2cab53-0044-454b-b581-f2c6e9259676,4.0,0.4444444444444444,3.0,9533.310000000001,2383.3275000000003,1514.7811897074992,108,0,1.0,4.0,5.0,1.0,1.0,1.0,1.0,4.0,4.0,1.0,1.0,1.0,0.4444444444444444,2383.3275000000003,3898.35,0.4089188330181227,186.21666666666667,14.0,0.0,2.0,0.75,23.0,0.0,71.75,4,12.0,1,1,2,1,1,50,50,67,0.2687,0.0,0.1443,0.07,T3,False,none,0.689021,0.697421,0.547934,0.410854,0.56421,0.611736,0.608325,0.632681,0.536614,0.581445,0.142643,1.0,17.25,0.15,8.0,25.0,0.592585,3.05
53af3fba-2ed9-4858-829d-0886fcc36399,3.0,0.3333333333333333,3.0,7198.2,2399.4,1049.052589196557,38,1,2.0,1.5,6.0,2.0,1.0,0.6666666666666666,1.0,3.0,3.0,1.0,1.0,1.0,0.3333333333333333,2399.4,3407.37,0.47336417437692757,149.17361111111111,2.0,0.0,2.0,0.6666666666666666,20.0,3.0,74.0,5,9.0,2,1,2,2,1,43,43,134,0.1691,0.0224,0.2258,0.1728,T3,False,none,0.548385,0.658352,0.607551,0.417726,1.123263,0.299289,0.397819,0.403302,0.635019,0.526885,0.223047,0.666667,13.333333,0.266667,7.333333,14.333333,0.499993,2.755556
5a748f39-dea2-4763-9adb-bc29f7c2df87,1.0,0.1111111111111111,1.0,4337.98,4337.98,0.0,100,0,1.0,1.0,9.0,1.0,1.0,1.0,1.0,1.0,3.0,1.0,1.0,1.0,0.1111111111111111,4337.98,4337.98,1.0,0.0,9.0,0.0,1.0,1.0,22.0,0.0,41.0,3,3.0,1,1,1,1,1,30,31,67,0.2687,0.0,0.1443,0.07,T3,False,none,0.621592,0.715278,0.733684,0.852444,0.56421,1.36133,1.210388,1.099662,0.745372,0.910708,0.204088,1.0,22.0,0.5,7.666667,15.0,0.11111,3.055556
35de8b07-adf0-4e99-9081-aaa12e7f353a,7.0,0.7777777777777778,6.0,8178.570000000001,1168.3671428571429,1299.259937896882,74,0,2.0,3.5,8.0,2.0,1.0,0.7142857142857143,3.0,2.3333333333333335,6.0,2.0,0.6666666666666666,0.5714285714285714,0.7777777777777778,1168.3671428571429,3880.03,0.47441423133873034,172.95361111111112,0.0,0.2857142857142857,5.0,0.2857142857142857,27.0,1.0,51.285714285714285,10,21.0,2,3,5,2,2,124,127,67,0.2469,0.0,0.1605,0.1111,T3,False,none,0.485486,0.829171,1.187273,1.987157,0.434357,1.156145,0.789592,0.842344,1.272218,1.07161,1.268518,0.888889,7.714286,0.042328,9.222222,41.333333,2.722127,3.38448
1941747b-b9b3-45b7-acc0-029fb31bd69d,2.0,0.2222222222222222,2.0,2123.6,1061.8,162.47899618104492,69,0,1.0,2.0,5.0,1.0,1.0,1.0,2.0,1.0,5.0,1.0,0.5,0.5,0.2222222222222222,1061.8,1176.69,0.5541015257110568,95.7475,0.0,0.5,1.0,1.0,19.0,1.0,48.0,4,6.0,1,2,1,1,1,26,26,89,0.2321,0.0,0.0992,0.0863,T3,False,none,0.563133,0.835151,0.553902,0.75601,0.403244,0.93301,0.856784,0.801922,0.674895,0.734174,0.192773,0.75,19.0,0.166667,6.5,13.0,0.22222,2.472222
910c3c4f-0bd9-4406-9506-e6dbb3e75402,2.0,0.2222222222222222,2.0,5427.4400000000005,2713.7200000000003,43.20422433049783,59,1,2.0,1.0,6.0,2.0,1.0,0.5,1.0,2.0,6.0,1.0,1.0,1.0,0.2222222222222222,2713.7200000000003,2744.27,0.5056288047403563,40.65083333333333,3.0,0.5,1.0,1.0,21.0,3.0,35.0,4,6.0,2,1,1,2,1,35,35,134,0.1691,0.0224,0.2258,0.1728,T3,False,none,0.712348,0.568228,0.855262,0.706537,1.123263,0.686405,0.569225,0.654757,0.772398,0.717499,0.380642,0.666667,21.0,0.5,7.666667,11.666667,0.22222,2.944444
ebf61eed-51a7-4b81-b1ab-0682754eb0f9,1.0,0.1111111111111111,1.0,1735.61,1735.61,0.0,61,1,1.0,1.0,3.0,1.0,1.0,1.0,1.0,1.0,5.0,1.0,1.0,1.0,0.1111111111111111,1735.61,1735.61,1.0,0.0,17.0,1.0,1.0,1.0,20.0,2.0,92.0,3,3.0,1,1,1,1,1,25,25,67,0.2687,0.0,0.1443,0.07,T3,False,none,0.789906,0.607297,0.964455,0.905457,0.56421,1.045918,1.531801,1.134732,0.786334,0.94892,0.208312,1.0,20.0,0.5,7.333333,12.5,0.11111,2.944444
c1886350-4f9f-4130-862f-19d5da18f3c8,10.0,1.1111111111111112,8.0,26792.149999999998,2679.2149999999997,1404.1466747637155,82,0,4.0,2.5,10.0,4.0,1.0,0.4,3.0,3.3333333333333335,6.0,3.0,1.0,0.6,1.1111111111111112,2679.2149999999997,4727.65,0.1764565367094466,234.80916666666667,4.0,0.0,4.0,0.4,19.0,1.0,46.9,11,30.0,4,3,4,4,3,100,101,129,0.1169,0.0,0.1879,0.1099,T3,False,none,1.611902,1.023254,0.771274,2.60927,0.675501,2.068657,1.298755,1.681522,1.507555,1.58874,1.139441,0.8,7.6,0.114286,6.666667,20.0,2.777708,2.526984
9dc40814-670a-49af-bd2b-afff4f9c88dc,2.0,0.2222222222222222,2.0,3118.98,1559.49,245.5216165635929,49,1,2.0,1.0,7.0,2.0,1.0,0.5,1.0,2.0,8.0,1.0,1.0,1.0,0.2222222222222222,1559.49,1733.1,0.5556624281014947,35.52777777777778,8.0,0.5,2.0,0.5,22.0,0.0,33.5,5,6.0,2,1,2,2,1,56,56,198,0.0889,0.0,0.2489,0.1724,T3,False,none,0.652915,0.730302,0.531327,0.448058,1.848264,0.769389,0.714373,0.717772,0.769334,0.745272,0.401618,0.666667,11.0,0.25,8.0,18.666667,0.444436,2.972222
9f29a7f9-03b0-4f24-aa38-01adf00c6374,4.0,0.4444444444444444,4.0,8445.39,2111.3475,1929.4948536059035,100,0,2.0,2.0,5.0,2.0,1.0,0.75,1.0,4.0,4.0,1.0,1.0,1.0,0.4444444444444444,2111.3475,4834.97,0.5724981321170486,148.245,13.0,0.25,3.0,0.5,22.0,1.0,83.5,6,12.0,2,1,3,2,1,59,60,198,0.0889,0.0,0.2489,0.1724,T3,False,none,0.498859,0.697421,0.720587,0.609623,1.848264,0.733887,0.494004,0.586775,0.86113,0.733098,0.405021,0.666667,11.0,0.166667,7.666667,19.666667,0.888871,2.833333
b4589a82-2829-4783-a466-fe5191fb0ab3,3.0,0.3333333333333333,2.0,6167.66,2055.8866666666668,1485.6250812480696,52,0,2.0,1.5,9.0,2.0,1.0,0.6666666666666666,1.0,3.0,2.0,1.0,1.0,1.0,0.3333333333333333,2055.8866666666668,3543.75,0.5745696098682482,58.76638888888889,3.0,0.6666666666666666,2.0,0.6666666666666666,21.0,0.0,63.333333333333336,5,9.0,2,1,2,2,1,51,52,40,0.459,0.0,0.0615,0.0469,T3,False,none,0.55837,0.739389,0.400481,0.347906,1.728531,0.419974,0.48086,0.479811,0.686834,0.590223,0.279399,0.666667,14.0,0.266667,7.333333,17.0,0.499993,2.755556
8bb3860e-dc33-409f-a9c0-6e3cadd34405,1.0,0.1111111111111111,1.0,4703.57,4703.57,0.0,69,1,1.0,1.0,6.0,1.0,1.0,1.0,1.0,1.0,2.0,1.0,1.0,1.0,0.1111111111111111,4703.57,4703.57,1.0,0.0,11.0,0.0,1.0,1.0,22.0,1.0,59.0,3,3.0,1,1,1,1,1,27,27,110,0.1928,0.0091,0.1832,0.0943,T3,False,none,0.611607,0.796315,0.580411,0.886161,0.231917,1.225121,1.348909,1.091094,0.690961,0.87769,0.151476,1.0,22.0,0.5,8.0,13.5,0.11111,3.166667
73888698-b510-4f92-88cc-4e2dbf3da2c4,0.0,0.0,0.0,0.0,0.0,0.0,31,1,0.0,0.0,0.0,0.0,0.0,0.0,0.0,0.0,0.0,0.0,0.0,0.0,0.0,0.0,0.0,0.0,0.0,0.0,0.0,0.0,0.0,0.0,0.0,0.0,0,0.0,0,0,0,0,0,0,0,1,0.0,0.0,0.0,0.0,T3,False,none,2.767811,2.428211,2.297128,2.075966,2.409508,1.598538,1.781581,1.99363,2.265693,2.138731,0.0,0.0,0.0,0.0,0.333333,0.0,0.0,0.111111
cf5d6327-b38a-47e2-a2dd-f4ac45e59dcc,4.0,0.4444444444444444,4.0,14329.8,3582.45,1437.2475816179572,82,1,2.0,2.0,12.0,2.0,1.0,0.75,2.0,2.0,4.0,2.0,1.0,0.75,0.4444444444444444,3582.45,4859.16,0.33909475359041996,103.19111111111111,0.0,0.5,2.0,0.75,23.0,2.0,27.0,6,12.0,2,2,2,2,2,59,60,89,0.2321,0.0,0.0992,0.0863,T3,False,none,0.62771,0.34369,0.428738,0.470026,0.403244,0.791505,0.736854,0.726489,0.41871,0.56234,0.293115,1.0,17.25,0.25,8.333333,19.666667,0.592585,3.194444
a9f3267d-53ae-4a7b-acfe-9bb54a205bb3,2.0,0.2222222222222222,2.0,1571.81,785.905,267.05301805072344,81,0,1.0,2.0,9.0,1.0,1.0,1.0,1.0,2.0,5.0,1.0,1.0,1.0,0.2222222222222222,785.905,974.74,0.6201385663661638,34.2825,0.0,1.0,2.0,0.5,23.0,2.0,63.5,4,6.0,1,1,2,1,1,47,47,84,0.204,0.0,0.1092,0.124,T3,False,none,0.513684,0.487191,0.470427,0.481575,0.51107,1.026251,1.320805,0.977988,0.485572,0.715366,0.152275,1.0,11.5,0.166667,8.0,23.5,0.444436,3.055556
8de4a1f6-a6cc-4971-a8c2-4213ab4e5e5d,2.0,0.2222222222222222,2.0,4483.24,2241.62,2021.321302564241,79,0,1.0,2.0,7.0,1.0,1.0,1.0,1.0,2.0,6.0,1.0,1.0,1.0,0.2222222222222222,2241.62,3670.91,0.8188073803766919,59.996944444444445,8.0,0.0,2.0,0.5,21.0,0.0,58.5,4,6.0,1,1,2,1,1,49,49,40,0.459,0.0,0.0615,0.0469,T3,False,none,0.444267,0.568228,0.482778,0.462279,1.728531,0.781086,0.56704,0.613503,0.704079,0.66181,0.336692,1.0,10.5,0.166667,7.333333,24.5,0.444436,2.833333
834bb64c-2dd8-4b08-ae2f-283ce36acfc5,2.0,0.2222222222222222,2.0,4769.09,2384.545,2599.854857727639,74,0,2.0,1.0,9.0,2.0,1.0,0.5,1.0,2.0,2.0,1.0,1.0,1.0,0.2222222222222222,2384.545,4222.92,0.8854771035983804,119.135,14.0,0.5,1.0,1.0,19.0,1.0,48.0,4,6.0,2,1,1,2,1,33,33,89,0.2321,0.0,0.0992,0.0863,T3,False,none,0.722333,0.67621,0.553902,0.725833,0.403244,0.830481,0.669994,0.746086,0.623843,0.68089,0.158398,0.666667,19.0,0.5,6.666667,11.0,0.22222,2.611111
f23ce9ea-5130-4751-8871-3b33b715d85f,3.0,0.3333333333333333,3.0,5487.1900000000005,1829.0633333333335,1651.1630045617342,68,1,2.0,1.5,6.0,2.0,1.0,0.6666666666666666,1.0,3.0,4.0,1.0,1.0,1.0,0.3333333333333333,1829.0633333333335,3344.59,0.609526916326936,191.46583333333334,11.0,0.0,3.0,0.3333333333333333,28.0,2.0,77.66666666666667,6,9.0,2,1,3,2,1,73,73,95,0.2056,0.0211,0.1855,0.0916,T3,False,none,0.548385,0.577315,1.091396,0.725013,0.105784,0.489088,0.576391,0.535131,0.661214,0.602375,0.372655,0.666667,9.333333,0.133333,10.0,24.333333,0.99997,3.6
17f04142-2739-4b88-a540-0f0313993668,3.0,0.3333333333333333,2.0,7391.8099999999995,2463.9366666666665,1808.140685133027,75,1,3.0,1.0,11.0,3.0,1.0,0.3333333333333333,2.0,1.5,5.0,2.0,1.0,0.6666666666666666,0.3333333333333333,2463.9366666666665,4215.9,0.5703474521125408,78.3561111111111,0.0,0.6666666666666666,3.0,0.3333333333333333,19.0,0.0,77.33333333333333,8,9.0,3,2,3,3,2,67,67,129,0.1169,0.0,0.1879,0.1099,T3,False,none,1.405213,0.431056,1.0353,1.058472,0.675501,0.507058,0.54135,0.775104,0.832962,0.805962,0.497288,0.75,6.333333,0.166667,7.0,16.75,0.99997,2.638889
727d18be-ae0d-4576-bbb9-dbb7d3115195,1.0,0.1111111111111111,1.0,3077.51,3077.51,0.0,92,0,1.0,1.0,7.0,1.0,1.0,1.0,1.0,1.0,3.0,1.0,1.0,1.0,0.1111111111111111,3077.51,3077.51,1.0,0.0,17.0,0.0,1.0,1.0,28.0,1.0,87.0,3,3.0,1,1,1,1,1,35,35,121,0.1789,0.0083,0.2434,0.1287,T3,False,none,0.552174,0.715278,1.030624,0.808977,0.804265,1.189494,1.176416,1.003044,0.830944,0.911257,0.328509,1.0,28.0,0.5,9.666667,17.5,0.11111,3.722222
7d29548a-6382-4066-b58d-139ee6f7b561,4.0,0.4444444444444444,2.0,4091.62,1022.905,539.8181229821763,99,1,2.0,2.0,6.0,2.0,1.0,0.75,2.0,2.0,4.0,2.0,1.0,0.5,0.4444444444444444,1022.905,1718.98,0.42012210322561727,166.6161111111111,1.0,0.0,2.0,0.5,23.0,0.0,71.0,6,12.0,2,2,2,2,2,48,48,110,0.1928,0.0091,0.1832,0.0943,T3,False,none,0.439426,0.506463,0.634011,0.414422,0.231917,0.884595,0.886369,0.757995,0.452763,0.595205,0.221203,1.0,11.5,0.166667,8.333333,16.0,0.888871,3.166667
3c3f5886-f1c2-4cfc-a82b-9f9f20c00872,3.0,0.3333333333333333,3.0,4797.5599999999995,1599.1866666666665,1361.4944759834075,41,1,2.0,1.5,8.0,2.0,1.0,0.6666666666666666,1.0,3.0,5.0,1.0,1.0,1.0,0.3333333333333333,1599.1866666666665,2678.78,0.5583630011922729,63.08694444444444,1.0,0.0,2.0,0.6666666666666666,24.0,0.0,89.66666666666667,5,9.0,2,1,2,2,1,51,51,134,0.1691,0.0224,0.2258,0.1728,T3,False,none,0.498937,0.550371,0.70368,0.344603,1.123263,0.476118,0.620647,0.530814,0.600629,0.568049,0.2826,0.666667,16.0,0.266667,8.666667,17.0,0.499993,3.2
f9c86e62-f81c-4a7b-863e-1db3f1b8e19e,2.0,0.2222222222222222,2.0,4117.13,2058.565,168.3550535327052,103,1,2.0,1.0,9.0,2.0,1.0,0.5,2.0,1.0,7.0,2.0,1.0,0.5,0.2222222222222222,2058.565,2177.61,0.5289145594139607,52.80027777777778,8.0,0.5,1.0,1.0,24.0,2.0,38.0,5,6.0,2,2,1,2,2,45,45,121,0.1789,0.0083,0.2434,0.1287,T3,False,none,0.722333,0.761698,0.729962,0.522875,0.804265,0.933903,0.545063,0.743841,0.672622,0.705858,0.47056,1.0,24.0,0.5,8.666667,15.0,0.22222,3.388889
be392c21-8047-4fe2-b5b7-6270edc15475,3.0,0.3333333333333333,3.0,8981.0,2993.6666666666665,1856.6179878029122,81,1,2.0,1.5,7.0,2.0,1.0,0.6666666666666666,3.0,1.0,6.0,3.0,1.0,0.3333333333333333,0.3333333333333333,2993.6666666666665,4859.39,0.5410744905912482,159.20027777777779,0.0,0.0,2.0,0.6666666666666666,21.0,3.0,57.333333333333336,7,9.0,2,3,2,2,3,57,57,89,0.2321,0.0,0.0992,0.0863,T3,False,none,0.488952,1.213769,0.431806,0.77273,0.403244,0.544301,0.661342,0.567501,0.750383,0.665038,0.575925,1.333333,14.0,0.266667,7.666667,19.0,0.499993,3.088889
cadc02b7-db9e-4ab1-9c5b-feb834ae1c25,2.0,0.2222222222222222,2.0,1349.78,674.89,757.7214845838806,51,0,1.0,2.0,10.0,1.0,1.0,1.0,1.0,2.0,7.0,1.0,1.0,1.0,0.2222222222222222,674.89,1210.68,0.8969461690053194,109.42888888888889,10.0,0.0,2.0,0.5,23.0,2.0,73.0,4,6.0,1,1,2,1,1,51,52,96,0.2355,0.0,0.1833,0.0828,T3,False,none,0.573117,0.649265,0.550155,0.450347,0.215092,0.829859,1.023675,0.821109,0.481661,0.64007,0.194675,1.0,11.5,0.166667,8.0,25.5,0.444436,3.055556
a944ee7e-424f-4674-8880-7cc50a584f51,7.0,0.7777777777777778,3.0,17311.18,2473.0257142857145,1534.706401409915,46,1,3.0,2.3333333333333335,7.0,3.0,1.0,0.5714285714285714,3.0,2.3333333333333335,8.0,3.0,1.0,0.42857142857142855,0.7777777777777778,2473.0257142857145,4551.26,0.2629087098626437,183.5572222222222,7.0,0.2857142857142857,3.0,0.7142857142857143,28.0,1.0,103.14285714285714,9,21.0,3,3,3,3,3,89,91,30,0.8828,0.0333,0.0244,0.0217,T3,True,cluster_004,0.915897,1.176838,0.981966,1.806918,3.2248,0.928198,0.681978,0.84261,1.713847,1.307269,1.721137,1.0,20.0,0.214286,10.0,22.25,1.088874,3.738095
befcd780-ea9a-4f8a-924e-53600834a0be,5.0,0.5555555555555556,4.0,16378.64,3275.728,928.4648411060056,62,0,2.0,2.5,6.0,2.0,1.0,0.8,3.0,1.6666666666666667,6.0,3.0,1.0,0.6,0.5555555555555556,3275.728,4649.27,0.2838617858381404,210.30916666666667,14.0,0.0,2.0,0.8,16.0,3.0,73.8,7,15.0,2,3,2,2,3,50,50,67,0.2687,0.0,0.1443,0.07,T3,False,none,0.370451,0.960074,0.816703,0.793493,0.56421,0.800362,1.003307,0.745179,0.80176,0.775355,0.623138,1.333333,12.8,0.228571,5.666667,16.666667,0.694436,2.409524
a4de83ee-8113-4b54-a83d-20fe1faeae0c,3.0,0.3333333333333333,3.0,3072.9,1024.3,1249.2712936348134,58,0,2.0,1.5,6.0,2.0,1.0,0.6666666666666666,2.0,1.5,8.0,2.0,1.0,0.6666666666666666,0.3333333333333333,1024.3,2417.76,0.786800741970126,130.9713888888889,3.0,0.0,3.0,0.3333333333333333,23.0,2.0,57.666666666666664,7,9.0,2,2,3,2,2,71,72,84,0.204,0.0,0.1092,0.124,T3,False,none,0.548385,0.674167,0.744193,0.740548,0.51107,0.530944,0.764547,0.613795,0.686466,0.652553,0.657185,1.0,7.666667,0.133333,8.0,23.666667,0.99997,3.044444
4eb02a24-af00-4673-9d88-abd28b233d90,3.0,0.3333333333333333,3.0,6351.02,2117.0066666666667,1768.3335767137753,65,0,2.0,1.5,12.0,2.0,1.0,0.6666666666666666,2.0,1.5,8.0,2.0,1.0,0.6666666666666666,0.3333333333333333,2117.0066666666667,4133.92,0.6509064685672538,136.86222222222221,0.0,0.0,2.0,0.6666666666666666,23.0,2.0,62.333333333333336,6,9.0,2,2,2,2,2,67,68,84,0.204,0.0,0.1092,0.124,T3,False,none,0.736668,0.674167,0.337775,0.532302,0.51107,0.445589,0.555562,0.565412,0.523703,0.543167,0.502423,1.0,15.333333,0.266667,8.0,22.333333,0.499993,3.088889
c8e3cbdf-c291-4e80-9e3b-00b47a33f995,3.0,0.3333333333333333,3.0,11795.86,3931.9533333333334,456.1445030177752,97,1,2.0,1.5,6.0,2.0,1.0,0.6666666666666666,1.0,3.0,3.0,1.0,1.0,1.0,0.3333333333333333,3931.9533333333334,4454.19,0.3776062109926703,103.14416666666666,0.0,0.0,3.0,0.3333333333333333,28.0,2.0,80.0,6,9.0,2,1,3,2,1,67,67,134,0.1691,0.0224,0.2258,0.1728,T3,False,none,0.548385,0.658352,1.110979,0.667126,1.123263,0.792718,0.736275,0.704094,0.833425,0.77307,0.535681,0.666667,9.333333,0.133333,10.0,22.333333,0.99997,3.6
1cc0d3a0-9808-4e2d-885a-993146e271e8,1.0,0.1111111111111111,1.0,3385.46,3385.46,0.0,101,1,1.0,1.0,5.0,1.0,1.0,1.0,1.0,1.0,7.0,1.0,1.0,1.0,0.1111111111111111,3385.46,3385.46,1.0,0.0,12.0,1.0,1.0,1.0,21.0,0.0,44.0,3,3.0,1,1,1,1,1,30,30,110,0.1791,0.0,0.2044,0.1366,T3,False,none,0.67104,0.769371,0.698051,0.857217,0.622351,1.260816,1.281498,1.099202,0.762951,0.919869,0.341497,1.0,21.0,0.5,7.666667,15.0,0.11111,3.055556
cc90dc6b-44b9-4ed4-9c4e-099601fec36e,3.0,0.3333333333333333,2.0,8726.1,2908.7000000000003,1589.315562970425,82,0,1.0,3.0,6.0,1.0,1.0,1.0,1.0,3.0,3.0,1.0,1.0,1.0,0.3333333333333333,2908.7000000000003,4325.49,0.49569567160587197,143.3461111111111,18.0,0.0,2.0,0.6666666666666666,24.0,1.0,99.66666666666667,4,9.0,1,1,2,1,1,45,45,110,0.1928,0.0091,0.1832,0.0943,T3,False,none,0.521681,0.658352,0.605284,0.444186,0.231917,0.55656,0.664548,0.58259,0.495912,0.536362,0.085445,1.0,16.0,0.166667,8.333333,22.5,0.499993,3.166667
6aab7026-1bb2-413e-9dc3-28ac41da4164,3.0,0.3333333333333333,3.0,3358.75,1119.5833333333333,907.6292484452742,109,1,2.0,1.5,7.0,2.0,1.0,0.6666666666666666,1.0,3.0,5.0,1.0,1.0,1.0,0.3333333333333333,1119.5833333333333,1788.09,0.5323676963155936,106.0625,7.0,0.6666666666666666,2.0,0.6666666666666666,24.0,2.0,86.33333333333333,5,9.0,2,1,2,2,1,59,59,40,0.459,0.0,0.0615,0.0469,T3,False,none,0.488952,0.550371,0.575065,0.420317,1.728531,0.783508,0.604421,0.639654,0.703105,0.673494,0.369199,0.666667,16.0,0.266667,8.666667,19.666667,0.499993,3.2
bfc91140-949c-418f-9ede-ecc8ffe7c1a0,3.0,0.3333333333333333,3.0,9473.3,3157.7666666666664,1355.1503666137323,66,0,1.0,3.0,8.0,1.0,1.0,1.0,1.0,3.0,4.0,1.0,1.0,1.0,0.3333333333333333,3157.7666666666664,4395.44,0.4639819281559752,79.94388888888889,4.0,0.3333333333333333,2.0,0.6666666666666666,19.0,0.0,46.333333333333336,4,9.0,1,1,2,1,1,45,45,121,0.174,0.0,0.2013,0.1186,T3,False,none,0.472232,0.577315,0.36205,0.444186,0.581664,0.417278,0.408662,0.430107,0.48327,0.45846,0.098256,1.0,12.666667,0.166667,6.666667,22.5,0.499993,2.611111
60cc0067-350c-405a-9774-340032477f5a,5.0,0.5555555555555556,3.0,10042.51,2008.502,1586.5705844588194,30,1,3.0,1.6666666666666667,7.0,3.0,1.0,0.6,2.0,2.5,4.0,2.0,1.0,0.8,0.5555555555555556,2008.502,4423.23,0.44045064431103376,115.16166666666666,19.0,0.0,2.0,0.6,24.0,1.0,84.0,7,15.0,3,2,2,3,2,58,58,110,0.1928,0.0091,0.1832,0.0943,T3,False,none,0.968976,0.344201,0.522947,0.873579,0.231917,0.640213,0.74951,0.770577,0.561243,0.658932,0.315051,0.75,14.4,0.225,8.666667,14.5,0.92591,3.213889
0b1f2cca-50a7-466d-a5f5-65fbb8dc5e61,6.0,0.6666666666666666,3.0,22723.47,3787.2450000000003,1093.4356291021431,89,0,2.0,3.0,11.0,2.0,1.0,0.8333333333333334,1.0,6.0,2.0,1.0,1.0,1.0,0.6666666666666666,3787.2450000000003,4545.24,0.20002402802036834,182.2125,2.0,0.0,1.0,1.0,16.0,3.0,78.0,4,18.0,2,1,1,2,1,35,35,67,0.2687,0.0,0.1443,0.07,T3,False,none,0.559817,1.099707,1.172764,0.77813,0.56421,1.170475,1.075275,0.964268,0.905086,0.932704,0.193559,0.666667,16.0,0.25,5.666667,11.666667,0.66666,2.194444
c80a5fd5-13a7-4ae8-92cf-1ab74e7133f4,5.0,0.5555555555555556,5.0,10192.74,2038.548,1241.4551933799303,82,1,1.0,5.0,10.0,1.0,1.0,1.0,2.0,2.5,5.0,2.0,1.0,0.8,0.5555555555555556,2038.548,3714.54,0.3644299766304252,173.11666666666667,12.0,0.2,4.0,0.4,28.0,0.0,85.8,7,15.0,1,2,4,1,2,103,105,134,0.1691,0.0224,0.2258,0.1728,T3,False,none,0.806913,0.317256,1.411013,1.22382,1.123263,0.770675,0.565917,0.712776,1.019418,0.876318,0.936945,1.5,11.2,0.066667,10.0,51.5,1.388854,3.855556
3f697673-1cb0-4c4a-81a8-78536c97366a,6.0,0.6666666666666666,4.0,14528.619999999999,2421.4366666666665,1535.9899517857098,72,1,2.0,3.0,7.0,2.0,1.0,0.6666666666666666,1.0,6.0,4.0,1.0,1.0,1.0,0.6666666666666666,2421.4366666666665,4423.88,0.30449416393298195,98.65805555555555,1.0,0.0,2.0,0.6666666666666666,26.0,1.0,76.33333333333333,5,18.0,2,1,2,2,1,60,60,110,0.1791,0.0,0.2044,0.1366,T3,False,none,0.452979,0.937633,0.481203,0.558243,0.622351,0.869197,0.707813,0.696483,0.647725,0.670479,0.253007,0.666667,17.333333,0.166667,9.333333,20.0,0.999985,3.388889
12d7bc45-3e56-4730-96b2-ac74f81b2dfe,1.0,0.1111111111111111,1.0,4007.7,4007.7,0.0,85,1,1.0,1.0,9.0,1.0,1.0,1.0,1.0,1.0,4.0,1.0,1.0,1.0,0.1111111111111111,4007.7,4007.7,1.0,0.0,23.0,0.0,1.0,1.0,17.0,1.0,104.0,3,3.0,1,1,1,1,1,27,27,84,0.204,0.0,0.1092,0.124,T3,False,none,0.621592,0.634241,1.091097,0.886161,0.51107,1.239196,1.449564,1.13286,0.803361,0.957127,0.209329,1.0,17.0,0.5,6.333333,13.5,0.11111,2.611111
ddb609df-5af6-495e-8bbf-8014fcd031b4,4.0,0.4444444444444444,4.0,10082.65,2520.6625,1377.3224578961165,85,1,2.0,2.0,7.0,2.0,1.0,0.75,3.0,1.3333333333333333,4.0,3.0,1.0,0.5,0.4444444444444444,2520.6625,4235.44,0.42007210405994455,150.4375,1.0,0.25,2.0,0.5,23.0,0.0,68.5,7,12.0,2,3,2,2,3,61,62,96,0.2355,0.0,0.1833,0.0828,T3,False,none,0.379993,1.011127,0.61303,0.831003,0.215092,0.56558,0.429092,0.467059,0.727971,0.606212,0.563025,1.333333,11.5,0.166667,8.333333,20.333333,0.888871,3.277778
6cead736-2b2c-4ff3-b29b-a242b588c43c,6.0,0.6666666666666666,5.0,18429.28,3071.5466666666666,915.0531867966291,80,1,3.0,2.0,10.0,3.0,1.0,0.6666666666666666,1.0,6.0,5.0,1.0,1.0,1.0,0.6666666666666666,3071.5466666666666,4321.15,0.23447199239471103,229.10833333333332,0.0,0.16666666666666666,1.0,1.0,19.0,0.0,33.0,5,18.0,3,1,1,3,1,38,39,198,0.0889,0.0,0.2489,0.1724,T3,False,none,1.017854,0.910688,0.862109,0.988463,1.848264,1.123481,0.986293,1.047572,1.085996,1.068065,0.335519,0.5,19.0,0.333333,7.0,9.5,0.66666,2.611111
ed930a92-f5ca-469f-adbe-3be90d7b4884,5.0,0.5555555555555556,4.0,16234.56,3246.912,1613.0385534977147,60,0,1.0,5.0,7.0,1.0,1.0,1.0,2.0,2.5,8.0,2.0,1.0,0.6,0.5555555555555556,3246.912,4913.84,0.3026777442690162,145.01916666666668,0.0,0.0,3.0,0.6,26.0,0.0,40.6,6,15.0,1,2,3,1,2,74,75,110,0.1791,0.0,0.2044,0.1366,T3,False,none,0.678062,0.660647,0.74137,0.769602,0.622351,0.842378,0.880298,0.808071,0.71194,0.756801,0.699115,1.5,15.6,0.1,9.0,37.0,0.92591,3.533333
608edf27-9541-409f-8da1-a2dbdb3d4058,6.0,0.6666666666666666,5.0,13443.33,2240.555,1102.5962507781348,104,0,1.0,6.0,8.0,1.0,1.0,1.0,3.0,2.0,5.0,3.0,1.0,0.6666666666666666,0.6666666666666666,2240.555,3436.75,0.2556472243112384,176.51777777777778,16.0,0.0,3.0,0.5,27.0,3.0,65.83333333333333,7,18.0,1,3,3,1,3,81,83,110,0.1928,0.0091,0.1832,0.0943,T3,False,none,0.795954,0.795596,1.015675,1.240277,0.231917,1.049474,0.858544,0.913397,0.914255,0.913854,0.792899,2.0,13.5,0.071429,9.333333,40.5,1.333307,3.801587
00fa4964-b5bb-498f-9422-fa27282508e3,3.0,0.3333333333333333,3.0,7597.72,2532.5733333333333,1305.7137177166107,45,1,1.0,3.0,9.0,1.0,1.0,1.0,1.0,3.0,5.0,1.0,1.0,1.0,0.3333333333333333,2532.5733333333333,3635.65,0.47851855556667,215.46833333333333,7.0,0.0,1.0,1.0,19.0,1.0,48.0,3,9.0,1,1,1,1,1,30,30,89,0.2321,0.0,0.0992,0.0863,T3,False,none,0.531665,0.550371,0.553902,0.743848,0.403244,0.295711,0.433817,0.409162,0.599139,0.510483,0.17315,1.0,19.0,0.25,7.0,15.0,0.33333,2.75
f1185aae-a40a-42e3-849c-c46b1c3a6755,4.0,0.4444444444444444,4.0,12217.26,3054.315,589.4775998288653,47,0,3.0,1.3333333333333333,6.0,3.0,1.0,0.5,1.0,4.0,4.0,1.0,1.0,1.0,0.4444444444444444,3054.315,3596.82,0.2944048010765098,216.38833333333332,10.0,0.25,4.0,0.25,27.0,1.0,54.75,8,12.0,3,1,4,3,1,98,98,121,0.1789,0.0083,0.2434,0.1287,T3,False,none,1.130384,0.697421,1.042812,1.512065,0.804265,0.6004,0.575595,0.743556,1.092676,0.929753,0.728255,0.5,6.75,0.107143,9.333333,24.5,1.777707,3.313492
b7da212c-446b-43ea-9a81-b80cbc05f808,5.0,0.5555555555555556,3.0,11268.79,2253.7580000000003,691.7458510681507,51,1,2.0,2.5,10.0,2.0,1.0,0.6,3.0,1.6666666666666667,7.0,3.0,1.0,0.6,0.5555555555555556,2253.7580000000003,2931.13,0.26011044664067745,144.32888888888888,11.0,0.4,2.0,0.6,28.0,0.0,78.8,7,15.0,2,3,2,2,3,70,72,134,0.1691,0.0224,0.2258,0.1728,T3,False,none,0.57188,1.041111,0.80511,0.979293,1.123263,0.511849,0.574748,0.549967,0.982455,0.780627,0.943628,1.333333,16.8,0.171429,10.0,23.333333,0.92591,3.834921
90942c8e-81d3-4e62-9ac8-f42f438995c8,4.0,0.4444444444444444,3.0,10784.470000000001,2696.1175000000003,1771.8488868857676,82,0,1.0,4.0,4.0,1.0,1.0,1.0,2.0,2.0,5.0,2.0,1.0,0.75,0.4444444444444444,2696.1175000000003,4574.49,0.4241738351536978,126.38361111111111,23.0,0.0,2.0,0.75,27.0,3.0,61.5,5,12.0,1,2,2,1,2,53,53,89,0.2523,0.0,0.1667,0.1056,T3,False,none,0.748454,0.316745,0.687075,0.335912,0.277908,0.581011,0.802132,0.702559,0.394612,0.53832,0.354131,1.5,20.25,0.15,9.333333,26.5,0.592585,3.661111
27d08c49-5c9d-45b1-bacc-94d98b78e757,5.0,0.5555555555555556,4.0,15838.66,3167.732,2105.4901003495597,98,0,3.0,1.6666666666666667,10.0,3.0,1.0,0.6,2.0,2.5,4.0,1.0,0.5,0.8,0.5555555555555556,3167.732,4834.45,0.3052309980768575,189.71083333333334,3.0,0.2,2.0,0.6,21.0,1.0,82.0,7,15.0,3,2,2,3,1,59,59,40,0.459,0.0,0.0615,0.0469,T3,False,none,1.097827,0.579728,0.423964,0.887294,1.728531,1.111705,0.780461,0.997325,0.854081,0.920928,0.426842,0.375,12.6,0.1125,7.166667,14.75,0.92591,2.551389
09b3cd75-334a-4b9e-a73f-6341bc0230f3,4.0,0.4444444444444444,4.0,8082.429999999999,2020.6074999999998,2148.629908715086,94,1,1.0,4.0,5.0,1.0,1.0,1.0,2.0,2.0,3.0,2.0,1.0,0.75,0.4444444444444444,2020.6074999999998,4626.86,0.5724590253178808,197.62305555555557,0.0,0.0,2.0,0.75,13.0,0.0,87.25,5,12.0,1,2,2,1,2,31,31,108,0.1587,0.0,0.2348,0.071,T3,False,none,0.689021,0.424727,0.918657,0.506984,0.625422,0.747546,0.71867,0.721199,0.591925,0.652253,0.15981,1.5,9.75,0.15,5.0,15.5,0.592585,2.216667
a1fcda82-a628-4366-a0a6-55df12662d92,3.0,0.3333333333333333,2.0,7186.42,2395.4733333333334,1262.4821687585666,81,1,1.0,3.0,8.0,1.0,1.0,1.0,1.0,3.0,3.0,1.0,1.0,1.0,0.3333333333333333,2395.4733333333334,3340.49,0.4648336723987743,186.00833333333333,8.0,0.0,2.0,0.6666666666666666,19.0,2.0,106.66666666666667,4,9.0,1,1,2,1,1,44,44,129,0.1169,0.0,0.1879,0.1099,T3,False,none,0.472232,0.658352,0.735255,0.453834,0.675501,0.442167,0.399288,0.436464,0.600537,0.52397,0.078225,1.0,12.666667,0.166667,7.0,22.0,0.499993,2.722222
62c40632-83ac-4e1e-90e9-1cda746c7dee,6.0,0.6666666666666666,5.0,6353.92,1058.9866666666667,516.3661108425558,74,1,1.0,6.0,7.0,1.0,1.0,1.0,1.0,6.0,3.0,1.0,1.0,1.0,0.6666666666666666,1058.9866666666667,1766.3,0.2779858732876712,124.90472222222222,0.0,0.16666666666666666,1.0,1.0,26.0,1.0,59.0,3,18.0,1,1,1,1,1,33,33,96,0.2355,0.0,0.1833,0.0828,T3,False,none,0.78597,1.01867,0.723894,0.843182,0.215092,1.059193,0.96056,0.948252,0.75752,0.846528,0.237413,1.0,26.0,0.142857,9.333333,16.5,0.66666,3.492063
68247ff5-a237-4335-be09-bca4d5a73263,2.0,0.2222222222222222,2.0,1360.3,680.15,179.97281794760005,72,0,1.0,2.0,4.0,1.0,1.0,1.0,2.0,1.0,6.0,2.0,1.0,0.5,0.2222222222222222,680.15,807.41,0.5935528927442476,101.94111111111111,10.0,0.0,2.0,0.5,24.0,0.0,48.0,5,6.0,1,2,2,1,2,54,54,67,0.2687,0.0,0.1443,0.07,T3,False,none,0.622565,0.680661,0.481379,0.387336,0.56421,1.011544,0.911887,0.867188,0.509739,0.676549,0.314752,1.5,12.0,0.166667,8.333333,27.0,0.444436,3.333333
31efa4b8-68ab-41f4-bb9d-04fd3ea71c40,1.0,0.1111111111111111,1.0,2977.5,2977.5,0.0,43,0,1.0,1.0,5.0,1.0,1.0,1.0,1.0,1.0,3.0,1.0,1.0,1.0,0.1111111111111111,2977.5,2977.5,1.0,0.0,5.0,0.0,1.0,1.0,22.0,3.0,93.0,3,3.0,1,1,1,1,1,27,27,84,0.204,0.0,0.1092,0.124,T3,False,none,0.67104,0.715278,1.129753,0.886161,0.51107,1.033121,0.980404,0.912097,0.831674,0.869205,0.219858,1.0,22.0,0.5,7.666667,13.5,0.11111,3.055556
2066e5e0-0785-4f40-a077-25c54fb8dc4c,4.0,0.4444444444444444,3.0,11076.72,2769.18,1997.7379136413267,51,0,1.0,4.0,7.0,1.0,1.0,1.0,2.0,2.0,5.0,2.0,1.0,0.75,0.4444444444444444,2769.18,4825.51,0.43564430625672584,152.94583333333333,1.0,0.5,3.0,0.5,23.0,1.0,57.5,6,12.0,1,2,3,1,2,69,70,134,0.1691,0.0224,0.2258,0.1728,T3,False,none,0.570155,0.316745,0.538255,0.664677,1.123263,0.500778,0.613321,0.558115,0.627787,0.595273,0.580999,1.5,11.5,0.1,8.0,34.5,0.888871,3.2
906112ae-4ca5-41ed-a748-ba15e219ce02,5.0,0.5555555555555556,4.0,4584.0,916.8,600.6282926652724,98,0,2.0,2.5,4.0,2.0,1.0,0.8,1.0,5.0,2.0,1.0,1.0,1.0,0.5555555555555556,916.8,1630.38,0.3556675392670157,190.75611111111112,2.0,0.2,1.0,1.0,27.0,1.0,106.0,4,15.0,2,1,1,2,1,33,33,67,0.2469,0.0,0.1605,0.1111,T3,False,none,0.489317,0.979601,1.154209,0.740741,0.434357,1.028386,0.947309,0.847341,0.835531,0.841042,0.310852,0.666667,27.0,0.285714,9.333333,11.0,0.55555,3.428571
86a43f61-1520-4e89-84b5-45fd987efe15,10.0,1.1111111111111112,5.0,22849.93,2284.993,1586.1022257797047,56,1,1.0,10.0,7.0,1.0,1.0,1.0,3.0,3.3333333333333335,8.0,3.0,1.0,0.5,1.1111111111111112,2284.993,4549.36,0.19909732765045668,165.9777777777778,0.0,0.1,3.0,0.5,23.0,1.0,47.8,7,30.0,1,3,3,1,3,75,77,121,0.174,0.0,0.2013,0.1186,T3,False,none,1.217599,1.250437,0.464728,1.409128,0.581664,1.591205,1.15121,1.337795,1.034795,1.176195,0.892303,2.0,11.5,0.045455,8.333333,37.5,2.222178,3.459596
ebce567b-e930-497a-8799-9375b95fd640,4.0,0.4444444444444444,3.0,12006.460000000001,3001.6150000000002,1393.7585431845791,56,1,2.0,2.0,6.0,2.0,1.0,0.75,1.0,4.0,6.0,1.0,1.0,1.0,0.4444444444444444,3001.6150000000002,4134.18,0.3443296358793516,125.41111111111111,4.0,0.0,2.0,0.5,20.0,0.0,59.5,5,12.0,2,1,2,2,1,49,50,43,0.4131,0.0,0.082,0.0328,T3,False,none,0.439426,0.751513,0.527042,0.369973,1.59323,0.434868,0.532757,0.4688,0.701957,0.59315,0.292597,0.666667,10.0,0.166667,7.333333,16.333333,0.888871,2.722222
4f1af78c-9284-4375-ae53-2feca9cff351,2.0,0.2222222222222222,2.0,5692.48,2846.24,2335.9413937853838,109,0,2.0,1.0,8.0,2.0,1.0,0.5,1.0,2.0,3.0,1.0,1.0,1.0,0.2222222222222222,2846.24,4498.0,0.7901652706728878,49.57055555555556,6.0,0.0,1.0,1.0,23.0,3.0,46.0,4,6.0,2,1,1,2,1,36,36,96,0.2355,0.0,0.1833,0.0828,T3,False,none,0.6629,0.595173,0.809272,0.696889,0.215092,1.003365,0.694312,0.803071,0.614574,0.702539,0.188498,0.666667,23.0,0.5,8.0,12.0,0.22222,3.055556
10405b52-032a-402f-b98f-a419c2abcdef,2.0,0.2222222222222222,2.0,6501.49,3250.745,1656.9845335578723,91,0,2.0,1.0,9.0,2.0,1.0,0.5,1.0,2.0,2.0,1.0,1.0,1.0,0.2222222222222222,3250.745,4422.41,0.6802148430590527,83.10833333333333,3.0,0.5,2.0,0.5,29.0,0.0,53.0,5,6.0,2,1,2,2,1,63,65,89,0.2523,0.0,0.1667,0.1056,T3,False,none,0.722333,0.67621,0.698172,0.52514,0.277908,0.821316,0.65132,0.73637,0.55775,0.641106,0.28687,0.666667,14.5,0.25,10.0,21.0,0.444436,3.638889
3124a71e-f62a-431c-889b-3ff4b57003b5,3.0,0.3333333333333333,3.0,9515.44,3171.8133333333335,1866.408167854324,92,0,2.0,1.5,10.0,2.0,1.0,0.6666666666666666,2.0,1.5,3.0,2.0,1.0,0.6666666666666666,0.3333333333333333,3171.8133333333335,4342.75,0.4563898253785426,232.02138888888888,6.0,0.0,3.0,0.3333333333333333,23.0,0.0,69.66666666666667,7,9.0,2,2,3,2,2,75,76,84,0.204,0.0,0.1092,0.124,T3,False,none,0.617802,0.539038,0.945543,0.77914,0.51107,0.647677,0.66278,0.644176,0.709103,0.678804,0.525781,1.0,7.666667,0.133333,8.0,25.0,0.99997,3.044444
b06a3238-1ba9-40e7-a557-76cafb1a2d26,2.0,0.2222222222222222,2.0,5246.08,2623.04,2086.2902736196615,53,0,2.0,1.0,9.0,2.0,1.0,0.5,2.0,1.0,4.0,2.0,1.0,0.5,0.2222222222222222,2623.04,4098.27,0.781206157740637,33.375277777777775,0.0,0.0,2.0,0.5,21.0,1.0,83.5,6,6.0,2,2,2,2,2,55,55,96,0.2355,0.0,0.1833,0.0828,T3,False,none,0.722333,0.626569,0.510269,0.468438,0.215092,0.652035,0.783882,0.716069,0.474461,0.587212,0.232702,1.0,10.5,0.25,7.333333,18.333333,0.444436,2.861111
fccf98ff-6f60-489b-996f-6076cac546f0,0.0,0.0,0.0,0.0,0.0,0.0,73,1,0.0,0.0,0.0,0.0,0.0,0.0,0.0,0.0,0.0,0.0,0.0,0.0,0.0,0.0,0.0,0.0,0.0,0.0,0.0,0.0,0.0,0.0,0.0,0.0,0,0.0,0,0,0,0,0,0,0,1,0.0,0.0,0.0,0.0,T3,False,none,2.767811,2.428211,2.297128,2.075966,2.409508,1.579251,1.781581,1.986283,2.265693,2.135302,0.0,0.0,0.0,0.0,0.333333,0.0,0.0,0.111111
d4f2c7e0-ca5e-4c8c-b1fb-de42c397bb30,2.0,0.2222222222222222,2.0,3045.6,1522.8,1073.8972107236334,33,1,1.0,2.0,3.0,1.0,1.0,1.0,1.0,2.0,2.0,1.0,1.0,1.0,0.2222222222222222,1522.8,2282.16,0.7493301812450749,18.362222222222222,8.0,0.0,1.0,1.0,27.0,2.0,91.0,3,6.0,1,1,1,1,1,29,29,121,0.174,0.0,0.2013,0.1186,T3,False,none,0.681998,0.67621,1.110002,0.810181,0.581664,0.716978,0.836016,0.746663,0.801065,0.775677,0.28895,1.0,27.0,0.333333,9.666667,14.5,0.22222,3.666667
781a37a9-e61c-471b-9bcc-e9d2948c5626,2.0,0.2222222222222222,2.0,7507.57,3753.785,759.5670332827777,38,1,1.0,2.0,11.0,1.0,1.0,1.0,1.0,2.0,2.0,1.0,1.0,1.0,0.2222222222222222,3753.785,4290.88,0.5715404584972235,69.72888888888889,12.0,0.0,1.0,1.0,22.0,3.0,93.0,3,6.0,1,1,1,1,1,32,32,84,0.204,0.0,0.1092,0.124,T3,False,none,0.63255,0.67621,1.129753,0.781237,0.51107,0.700962,0.740193,0.694493,0.78256,0.741462,0.219858,1.0,22.0,0.333333,8.0,16.0,0.22222,3.111111
9de56952-5e23-44e0-81f7-6d538e165fc0,4.0,0.4444444444444444,4.0,8169.62,2042.405,1196.0584605138106,36,1,2.0,2.0,9.0,2.0,1.0,0.75,2.0,2.0,9.0,2.0,1.0,0.5,0.4444444444444444,2042.405,3258.42,0.39884596835593333,127.11416666666666,2.0,0.25,3.0,0.5,20.0,1.0,63.75,7,12.0,2,2,3,2,2,75,77,198,0.0889,0.0,0.2489,0.1724,T3,False,none,0.449411,0.803666,0.580251,0.798821,1.848264,0.457656,0.360611,0.422952,0.929404,0.69306,0.801946,1.0,10.0,0.166667,7.333333,25.0,0.888871,2.833333
b03bec98-0a4b-4246-9964-4bdc22b9ab0b,1.0,0.1111111111111111,1.0,1770.79,1770.79,0.0,106,0,1.0,1.0,7.0,1.0,1.0,1.0,1.0,1.0,3.0,1.0,1.0,1.0,0.1111111111111111,1770.79,1770.79,1.0,0.0,20.0,0.0,1.0,1.0,21.0,0.0,21.0,3,3.0,1,1,1,1,1,28,28,108,0.1587,0.0,0.2348,0.071,T3,False,none,0.552174,0.715278,0.891076,0.876513,0.625422,1.289056,1.382267,1.109589,0.79739,0.943083,0.133446,1.0,21.0,0.5,7.333333,14.0,0.11111,2.944444
df1cd28a-6423-435e-a011-7db5240fe83a,2.0,0.2222222222222222,2.0,3662.0,1831.0,994.2487028907807,102,1,1.0,2.0,8.0,1.0,1.0,1.0,1.0,2.0,5.0,1.0,1.0,1.0,0.2222222222222222,1831.0,2534.04,0.6919825232113599,211.73166666666665,6.0,0.0,2.0,0.5,23.0,1.0,76.0,4,6.0,1,1,2,1,1,49,49,121,0.174,0.0,0.2013,0.1186,T3,False,none,0.454251,0.487191,0.493653,0.462279,0.581664,0.824008,0.746407,0.692496,0.494941,0.587133,0.139842,1.0,11.5,0.166667,8.333333,24.5,0.444436,3.166667
88b923fc-cd86-4f0d-8b14-0356474ca793,1.0,0.1111111111111111,1.0,260.19,260.19,0.0,59,0,1.0,1.0,10.0,1.0,1.0,1.0,1.0,1.0,3.0,1.0,1.0,1.0,0.1111111111111111,260.19,260.19,1.0,0.0,22.0,0.0,1.0,1.0,25.0,0.0,50.0,3,3.0,1,1,1,1,1,34,35,95,0.2056,0.0211,0.1855,0.0916,T3,False,none,0.681025,0.715278,0.794811,0.813852,0.105784,1.262882,1.810256,1.279095,0.667231,0.952767,0.194174,1.0,25.0,0.5,8.666667,17.0,0.11111,3.388889
9d16a27c-5be7-4297-b744-99e356a76568,2.0,0.2222222222222222,1.0,3163.87,1581.935,213.58160325739672,41,1,1.0,2.0,8.0,1.0,1.0,1.0,1.0,2.0,5.0,1.0,1.0,1.0,0.2222222222222222,1581.935,1732.96,0.5477342621536283,5.546111111111111,17.0,1.0,2.0,0.5,20.0,0.0,63.0,4,6.0,1,1,2,1,1,48,48,121,0.174,0.0,0.2013,0.1186,T3,False,none,0.454251,0.487191,0.556415,0.471927,0.581664,0.897471,1.217351,0.877464,0.511634,0.682355,0.113008,1.0,10.0,0.166667,7.333333,24.0,0.444436,2.833333
432eb1c1-8226-4e83-9e6d-6cd30c574e7a,1.0,0.1111111111111111,1.0,836.58,836.58,0.0,84,1,1.0,1.0,6.0,1.0,1.0,1.0,1.0,1.0,3.0,1.0,1.0,1.0,0.1111111111111111,836.58,836.58,1.0,0.0,16.0,0.0,1.0,1.0,15.0,0.0,88.0,3,3.0,1,1,1,1,1,21,21,108,0.1587,0.0,0.2348,0.071,T3,False,none,0.611607,0.715278,1.21088,0.944049,0.625422,1.302321,1.526251,1.179617,0.889342,1.024804,0.133446,1.0,15.0,0.5,5.666667,10.5,0.11111,2.388889
767bc3c4-3cb4-4dd8-8f20-69fca6f45f2a,2.0,0.2222222222222222,2.0,2512.6800000000003,1256.3400000000001,1721.508027341145,63,1,1.0,2.0,8.0,1.0,1.0,1.0,1.0,2.0,4.0,1.0,1.0,1.0,0.2222222222222222,1256.3400000000001,2473.63,0.9844588248404094,98.80916666666667,18.0,0.0,1.0,1.0,26.0,3.0,85.0,3,6.0,1,1,1,1,1,35,35,154,0.1225,0.0,0.2652,0.1509,T3,False,none,0.454251,0.514136,1.206097,0.752293,1.400021,0.804585,1.056298,0.788394,0.895251,0.845384,0.347013,1.0,26.0,0.333333,9.333333,17.5,0.22222,3.555556
3af1e1dd-5dcc-4570-8f5a-37cf40abcb78,1.0,0.1111111111111111,1.0,2676.4,2676.4,0.0,91,0,1.0,1.0,11.0,1.0,1.0,1.0,1.0,1.0,3.0,1.0,1.0,1.0,0.1111111111111111,2676.4,2676.4,1.0,0.0,13.0,0.0,1.0,1.0,21.0,2.0,92.0,3,3.0,1,1,1,1,1,32,32,154,0.1225,0.0,0.2652,0.1509,T3,False,none,0.740457,0.715278,0.928584,0.837921,1.400021,1.143061,1.070497,1.003843,0.919832,0.959037,0.271265,1.0,21.0,0.5,7.333333,16.0,0.11111,2.944444
9d6bc23a-c618-498a-9fbb-bbfef3c96ec5,2.0,0.2222222222222222,2.0,7978.41,3989.205,80.94251324242427,93,1,1.0,2.0,7.0,1.0,1.0,1.0,2.0,1.0,3.0,2.0,1.0,0.5,0.2222222222222222,3989.205,4046.44,0.5071737351176487,144.82166666666666,21.0,0.0,2.0,0.5,18.0,2.0,65.5,5,6.0,1,2,2,1,2,41,41,67,0.2469,0.0,0.1605,0.1111,T3,False,none,0.444267,0.707606,0.548497,0.452281,0.434357,0.962464,0.927637,0.802799,0.53317,0.658997,0.224271,1.5,9.0,0.166667,6.666667,20.5,0.444436,2.777778
ee4135e4-d668-4a91-95be-1194572afc78,5.0,0.5555555555555556,4.0,3407.1,681.42,695.137119890745,89,0,1.0,5.0,12.0,1.0,1.0,1.0,2.0,2.5,5.0,2.0,1.0,0.8,0.5555555555555556,681.42,1829.2,0.5368788705937602,207.18694444444444,20.0,0.0,4.0,0.4,29.0,3.0,77.6,7,15.0,1,2,4,1,2,99,100,89,0.2523,0.0,0.1667,0.1056,T3,False,none,0.925779,0.317256,1.459746,1.180455,0.277908,1.020687,1.196638,1.052221,0.872416,0.956325,0.82693,1.5,11.6,0.066667,10.0,49.5,1.388854,3.855556
aeb7f5d2-b93a-4d18-a7c7-6d73c6794efc,2.0,0.2222222222222222,2.0,2307.32,1153.66,325.269119345812,85,1,1.0,2.0,3.0,1.0,1.0,1.0,1.0,2.0,1.0,0.0,0.0,1.0,0.2222222222222222,1153.66,1383.66,0.599682748816809,165.66972222222222,7.0,0.0,2.0,0.5,17.0,0.0,65.0,4,6.0,1,1,2,1,0,32,32,110,0.1791,0.0,0.2044,0.1366,T3,False,none,0.681998,1.531999,0.680812,0.766526,0.622351,0.966032,0.811826,0.833478,0.916008,0.877494,0.110913,0.0,8.5,0.0,6.0,16.0,0.444436,2.0
e23b37c3-e2de-4dfd-af24-35537ba7b5a7,4.0,0.4444444444444444,3.0,6765.6,1691.4,1234.981818489649,82,1,1.0,4.0,9.0,1.0,1.0,1.0,2.0,2.0,3.0,2.0,1.0,0.75,0.4444444444444444,1691.4,2798.32,0.4136100271964053,163.47583333333333,5.0,0.0,4.0,0.25,23.0,2.0,53.75,7,12.0,1,2,4,1,2,88,90,121,0.174,0.0,0.2013,0.1186,T3,False,none,0.639573,0.424727,0.972615,1.022416,0.581664,0.512678,0.577707,0.57061,0.78916,0.68717,0.656047,1.5,5.75,0.05,8.333333,44.0,1.777707,3.294444
e5c072a7-3966-4e11-8460-10a021f65a01,5.0,0.5555555555555556,5.0,7105.07,1421.014,1135.9762278894748,45,0,3.0,1.6666666666666667,10.0,3.0,1.0,0.6,1.0,5.0,5.0,1.0,1.0,1.0,0.5555555555555556,1421.014,3157.73,0.44443334126194395,232.75472222222223,18.0,0.4,5.0,0.2,25.0,2.0,45.6,9,15.0,3,1,5,3,1,114,117,89,0.2321,0.0,0.0992,0.0863,T3,False,none,1.097827,0.790582,1.257485,1.90709,0.403244,0.721309,0.902531,0.889293,1.241988,1.077397,0.85127,0.5,5.0,0.075,8.666667,28.5,2.777639,3.080556
aa08a48a-d1ee-40f6-928f-95c3d2192dc2,4.0,0.4444444444444444,4.0,11020.06,2755.015,2170.841727848133,73,1,3.0,1.3333333333333333,10.0,3.0,1.0,0.5,2.0,2.0,6.0,2.0,1.0,0.75,0.4444444444444444,2755.015,4905.7,0.44516091563929777,104.28833333333333,2.0,0.25,2.0,0.5,23.0,1.0,33.5,7,12.0,3,2,2,3,2,68,68,121,0.174,0.0,0.2013,0.1186,T3,False,none,1.199802,0.397782,0.384878,0.913374,0.581664,0.690672,0.427779,0.748507,0.619088,0.679483,0.453536,0.75,11.5,0.214286,8.333333,17.0,0.888871,3.099206
8b1df8a3-7b64-46c9-a285-35cc98d163bd,6.0,0.6666666666666666,5.0,13614.53,2269.0883333333336,1566.9010125903508,79,0,4.0,1.5,9.0,4.0,1.0,0.3333333333333333,2.0,3.0,5.0,2.0,1.0,0.5,0.6666666666666666,2269.0883333333336,4878.03,0.3582958794758247,225.05166666666668,0.0,0.0,5.0,0.3333333333333333,25.0,2.0,30.666666666666668,11,18.0,4,2,5,4,2,127,132,121,0.1789,0.0083,0.2434,0.1287,T3,False,none,1.686399,0.542698,1.284524,2.490091,0.804265,0.997213,0.974422,1.186526,1.471112,1.338305,1.164912,0.6,8.333333,0.133333,8.666667,25.4,1.99994,3.133333
964ef475-53a8-4c26-97db-08e5113a8fee,1.0,0.1111111111111111,1.0,3482.33,3482.33,0.0,86,1,1.0,1.0,7.0,1.0,1.0,1.0,1.0,1.0,3.0,1.0,1.0,1.0,0.1111111111111111,3482.33,3482.33,1.0,0.0,14.0,1.0,1.0,1.0,23.0,2.0,44.0,3,3.0,1,1,1,1,1,30,30,89,0.2321,0.0,0.0992,0.0863,T3,False,none,0.552174,0.715278,0.643737,0.857217,0.403244,1.190703,1.330909,1.055002,0.701595,0.866518,0.185232,1.0,23.0,0.5,8.333333,15.0,0.11111,3.277778
e25dba54-8c81-4d37-84cf-e392ebd7170f,3.0,0.3333333333333333,3.0,10399.32,3466.44,1561.3820056283475,95,1,2.0,1.5,11.0,2.0,1.0,0.6666666666666666,2.0,1.5,9.0,2.0,1.0,0.6666666666666666,0.3333333333333333,3466.44,4667.34,0.448812037710158,89.41055555555556,0.0,0.3333333333333333,3.0,0.3333333333333333,20.0,1.0,67.0,7,9.0,2,2,3,2,2,73,75,121,0.1789,0.0083,0.2434,0.1287,T3,False,none,0.677235,0.755204,0.730387,0.764617,0.804265,0.659803,0.564642,0.633063,0.76174,0.701691,0.693352,1.0,6.666667,0.133333,7.333333,24.333333,0.99997,2.822222
ad4aa742-b336-415c-9f44-db3323869ffc,7.0,0.7777777777777778,5.0,17112.59,2444.655714285714,1716.7924285408637,84,0,1.0,7.0,7.0,1.0,1.0,1.0,2.0,3.5,4.0,2.0,1.0,0.5714285714285714,0.7777777777777778,2444.655714285714,4592.95,0.2683959587648626,146.06722222222223,19.0,0.2857142857142857,2.0,0.8571428571428571,19.0,3.0,26.0,5,21.0,1,2,2,1,2,40,43,129,0.1169,0.0,0.1879,0.1099,T3,False,none,0.893877,0.583189,0.723846,0.575888,0.675501,1.24681,0.881863,1.024323,0.62514,0.811425,0.23913,1.5,16.285714,0.107143,6.666667,20.0,0.907397,2.757937
e5d2c624-b71c-4137-95a3-b5e51c6a46c7,4.0,0.4444444444444444,3.0,11037.119999999999,2759.2799999999997,1229.3232094123985,64,1,1.0,4.0,6.0,1.0,1.0,1.0,1.0,4.0,5.0,1.0,1.0,1.0,0.4444444444444444,2759.2799999999997,4324.11,0.39177883360876753,134.55,0.0,0.0,2.0,0.75,19.0,3.0,84.5,4,12.0,1,1,2,1,1,39,40,129,0.1169,0.0,0.1879,0.1099,T3,False,none,0.629588,0.670476,0.762032,0.512209,0.675501,0.396115,0.602456,0.531602,0.631038,0.584634,0.113868,1.0,14.25,0.15,7.0,19.5,0.592585,2.716667
eb61dda1-a09f-4711-9b9a-977afe02bfe8,2.0,0.2222222222222222,2.0,2176.93,1088.465,1312.863947425627,109,1,1.0,2.0,9.0,1.0,1.0,1.0,1.0,2.0,2.0,1.0,1.0,1.0,0.2222222222222222,1088.465,2016.8,0.9264422833990987,32.19972222222222,4.0,0.5,1.0,1.0,23.0,2.0,100.0,3,6.0,1,1,1,1,1,31,31,108,0.1587,0.0,0.2348,0.071,T3,False,none,0.513684,0.67621,1.042051,0.790885,0.625422,1.007798,1.002813,0.864961,0.786965,0.823363,0.16028,1.0,23.0,0.333333,8.333333,15.5,0.22222,3.222222
16e2bf20-4a48-4d06-aaef-fd752ce57c25,0.0,0.0,0.0,0.0,0.0,0.0,41,0,0.0,0.0,0.0,0.0,0.0,0.0,0.0,0.0,0.0,0.0,0.0,0.0,0.0,0.0,0.0,0.0,0.0,0.0,0.0,0.0,0.0,0.0,0.0,0.0,0,0.0,0,0,0,0,0,0,0,1,0.0,0.0,0.0,0.0,T3,False,none,2.767811,2.428211,2.297128,2.075966,2.409508,1.553433,1.781581,1.976448,2.265693,2.130712,0.0,0.0,0.0,0.0,0.0,0.0,0.0,0.0
a77204fd-65f9-4887-96af-6739ca916ab2,2.0,0.2222222222222222,2.0,4336.21,2168.105,1511.094262463464,106,0,1.0,2.0,5.0,1.0,1.0,1.0,1.0,2.0,2.0,1.0,1.0,1.0,0.2222222222222222,2168.105,3236.61,0.7464144956079157,73.45388888888888,10.0,0.5,2.0,0.5,18.0,0.0,99.0,4,6.0,1,1,2,1,1,38,38,50,0.2482,0.04,0.0909,0.0909,T3,False,none,0.563133,0.67621,0.930284,0.568407,0.707334,0.849036,0.540518,0.66451,0.693903,0.680186,0.075225,1.0,9.0,0.166667,6.333333,19.0,0.444436,2.5
de2b6344-1757-48d7-ae8a-86d2729a09d6,4.0,0.4444444444444444,4.0,6866.0,1716.5,1060.1471518929184,61,1,2.0,2.0,11.0,2.0,1.0,0.75,1.0,4.0,4.0,1.0,1.0,1.0,0.4444444444444444,1716.5,2816.64,0.4102301194290708,160.78694444444446,2.0,0.25,2.0,0.75,23.0,0.0,60.0,5,12.0,2,1,2,2,1,53,54,43,0.4131,0.0,0.082,0.0328,T3,False,none,0.568277,0.697421,0.449323,0.38211,1.59323,0.462065,0.515862,0.510344,0.676794,0.599117,0.291005,0.666667,17.25,0.25,8.333333,17.666667,0.592585,3.083333
1dcfec22-2ab4-41b8-bdbc-9d2c9dfcee99,4.0,0.4444444444444444,3.0,12867.51,3216.8775,1402.7361341885842,89,0,1.0,4.0,7.0,1.0,1.0,1.0,1.0,4.0,5.0,1.0,1.0,1.0,0.4444444444444444,3216.8775,4685.75,0.3641535930416996,82.71166666666667,9.0,0.75,2.0,0.5,19.0,0.0,46.0,4,12.0,1,1,2,1,1,45,45,198,0.0889,0.0,0.2489,0.1724,T3,False,none,0.570155,0.670476,0.487707,0.459094,1.848264,0.667703,0.706827,0.652874,0.749429,0.70437,0.236879,1.0,9.5,0.1,6.666667,22.5,0.888871,2.588889
bf8e2b44-12c8-4949-b7e0-9b54e2553961,1.0,0.1111111111111111,1.0,2768.11,2768.11,0.0,63,0,1.0,1.0,5.0,1.0,1.0,1.0,1.0,1.0,4.0,1.0,1.0,1.0,0.1111111111111111,2768.11,2768.11,1.0,0.0,15.0,1.0,1.0,1.0,24.0,2.0,71.0,3,3.0,1,1,1,1,1,30,30,96,0.2355,0.0,0.1833,0.0828,T3,False,none,0.67104,0.634241,0.834541,0.857217,0.215092,1.003053,1.329516,1.017013,0.689728,0.842461,0.204803,1.0,24.0,0.5,8.333333,15.0,0.11111,3.277778
706bf48b-29cb-45f8-ad12-9a98f15ed36b,0.0,0.0,0.0,0.0,0.0,0.0,65,0,0.0,0.0,0.0,0.0,0.0,0.0,0.0,0.0,0.0,0.0,0.0,0.0,0.0,0.0,0.0,0.0,0.0,0.0,0.0,0.0,0.0,0.0,0.0,0.0,0,0.0,0,0,0,0,0,0,0,1,0.0,0.0,0.0,0.0,T3,False,none,2.767811,2.428211,2.297128,2.075966,2.409508,1.544819,1.781581,1.973166,2.265693,2.12918,0.0,0.0,0.0,0.0,0.0,0.0,0.0,0.0
82d5a8a8-8c84-4730-8020-50831cd2dfb2,6.0,0.6666666666666666,4.0,15365.01,2560.835,1462.0728267326494,79,0,1.0,6.0,7.0,1.0,1.0,1.0,2.0,3.0,6.0,2.0,1.0,0.8333333333333334,0.6666666666666666,2560.835,4030.68,0.2623284983218364,201.84777777777776,3.0,0.3333333333333333,2.0,0.8333333333333334,23.0,1.0,77.83333333333333,5,18.0,1,2,2,1,2,55,55,89,0.2523,0.0,0.1667,0.1056,T3,False,none,0.78597,0.480049,0.478098,0.468577,0.277908,0.938784,0.708504,0.818363,0.44165,0.61745,0.369013,1.5,19.166667,0.119048,8.0,27.5,0.79999,3.206349
bafe60f9-9f33-4813-8366-0d2f7e8006f6,3.0,0.3333333333333333,3.0,2738.1099999999997,912.7033333333333,553.5350639601193,57,1,1.0,3.0,7.0,1.0,1.0,1.0,1.0,3.0,6.0,1.0,1.0,1.0,0.3333333333333333,912.7033333333333,1532.41,0.5596597653125697,173.215,2.0,0.3333333333333333,2.0,0.6666666666666666,23.0,1.0,97.0,4,9.0,1,1,2,1,1,48,49,84,0.204,0.0,0.1092,0.124,T3,False,none,0.462248,0.631408,0.547034,0.410469,0.51107,0.607959,0.741395,0.610806,0.510922,0.557534,0.196477,1.0,15.333333,0.166667,8.333333,24.0,0.499993,3.166667
8aac518c-73cf-4d4d-ae3e-2332eb5baa4d,0.0,0.0,0.0,0.0,0.0,0.0,103,0,0.0,0.0,0.0,0.0,0.0,0.0,0.0,0.0,0.0,0.0,0.0,0.0,0.0,0.0,0.0,0.0,0.0,0.0,0.0,0.0,0.0,0.0,0.0,0.0,0,0.0,0,0,0,0,0,0,0,1,0.0,0.0,0.0,0.0,T3,False,none,2.767811,2.428211,2.297128,2.075966,2.409508,1.747582,1.781581,2.050409,2.265693,2.165227,0.0,0.0,0.0,0.0,0.0,0.0,0.0,0.0
3f9edd88-0f8e-457e-a609-ec70ca8769a2,2.0,0.2222222222222222,2.0,2435.45,1217.725,510.73615698323135,86,0,1.0,2.0,3.0,1.0,1.0,1.0,1.0,2.0,6.0,1.0,1.0,1.0,0.2222222222222222,1217.725,1578.87,0.6482867642530128,102.00861111111111,13.0,0.5,1.0,1.0,18.0,2.0,59.0,3,6.0,1,1,1,1,1,24,24,198,0.0889,0.0,0.2489,0.1724,T3,False,none,0.681998,0.568228,0.759246,0.858421,1.848264,0.936355,0.815909,0.823533,0.930185,0.880414,0.379721,1.0,18.0,0.333333,6.333333,12.0,0.22222,2.555556
eb1fd5f7-b0c2-47c2-957a-2cddd4974442,5.0,0.5555555555555556,3.0,10881.19,2176.2380000000003,1384.9743890845057,100,0,2.0,2.5,9.0,2.0,1.0,0.8,3.0,1.6666666666666667,6.0,3.0,1.0,0.6,0.5555555555555556,2176.2380000000003,4024.19,0.36982995426051746,124.72805555555556,10.0,0.0,3.0,0.4,29.0,1.0,60.2,8,15.0,2,3,3,2,3,79,79,154,0.1225,0.0,0.2652,0.1509,T3,False,none,0.380436,0.960074,0.849856,1.226233,1.400021,0.73117,0.5328,0.564837,1.110246,0.855722,1.040013,1.333333,11.6,0.114286,10.0,26.333333,1.388854,3.815873
a3335b94-ddf4-4737-bd67-9104201c9834,2.0,0.2222222222222222,2.0,7615.23,3807.615,413.2544161288537,73,0,1.0,2.0,6.0,1.0,1.0,1.0,2.0,1.0,7.0,2.0,1.0,0.5,0.2222222222222222,3807.615,4099.83,0.5383724457435954,68.69083333333333,0.0,0.0,2.0,0.5,25.0,0.0,69.0,5,6.0,1,2,2,1,2,58,58,67,0.2687,0.0,0.1443,0.07,T3,False,none,0.5037,0.761698,0.688968,0.425928,0.56421,0.79179,0.74843,0.695025,0.587718,0.637794,0.391214,1.5,12.5,0.166667,8.666667,29.0,0.444436,3.444444
feb92874-8a6c-4842-830b-759b671f4fb4,0.0,0.0,0.0,0.0,0.0,0.0,85,0,0.0,0.0,0.0,0.0,0.0,0.0,0.0,0.0,0.0,0.0,0.0,0.0,0.0,0.0,0.0,0.0,0.0,0.0,0.0,0.0,0.0,0.0,0.0,0.0,0,0.0,0,0,0,0,0,0,0,1,0.0,0.0,0.0,0.0,T3,False,none,2.767811,2.428211,2.297128,2.075966,2.409508,1.651536,1.781581,2.01382,2.265693,2.148153,0.0,0.0,0.0,0.0,0.0,0.0,0.0,0.0
926bfe03-372d-4ccf-bcaa-af6ef0162abb,4.0,0.4444444444444444,4.0,13281.67,3320.4175,1537.7812839580495,52,0,1.0,4.0,7.0,1.0,1.0,1.0,1.0,4.0,1.0,0.0,0.0,1.0,0.4444444444444444,3320.4175,4904.45,0.3692645578455119,94.87305555555555,8.0,0.5,4.0,0.25,24.0,2.0,54.0,6,12.0,1,1,4,1,0,76,77,129,0.1169,0.0,0.1879,0.1099,T3,False,none,0.570155,1.715285,1.010584,1.012041,0.675501,0.619323,0.573683,0.590062,1.131458,0.878807,0.423595,0.0,6.0,0.0,8.0,38.0,1.777707,2.666667
1e38073d-13c1-4708-9640-07aabc2ce224,5.0,0.5555555555555556,5.0,9129.220000000001,1825.8440000000003,1447.284340421743,38,0,2.0,2.5,7.0,2.0,1.0,0.8,1.0,5.0,7.0,1.0,1.0,1.0,0.5555555555555556,1825.8440000000003,2915.53,0.3193624427935793,156.54666666666665,4.0,0.2,4.0,0.4,29.0,0.0,83.4,7,15.0,2,1,4,2,1,94,97,89,0.2523,0.0,0.1667,0.1056,T3,False,none,0.311018,0.952656,1.426742,1.183187,0.277908,0.75077,0.582975,0.569195,1.025415,0.812512,0.791277,0.666667,11.6,0.114286,10.0,31.333333,1.388854,3.593651
fa47365a-2eb3-4f27-99e1-d1284687c2d6,2.0,0.2222222222222222,2.0,7440.869999999999,3720.4349999999995,1428.0657842165394,107,1,1.0,2.0,5.0,1.0,1.0,1.0,1.0,2.0,6.0,1.0,1.0,1.0,0.2222222222222222,3720.4349999999995,4730.23,0.6357092651800126,76.18166666666667,0.0,0.5,2.0,0.5,28.0,3.0,71.5,4,6.0,1,1,2,1,1,55,56,30,0.8828,0.0333,0.0244,0.0217,T3,False,none,0.563133,0.568228,0.899241,0.488939,3.2248,0.895885,0.810315,0.772289,1.050218,0.920518,0.869807,1.0,14.0,0.166667,10.0,27.5,0.444436,3.722222
679b3ed4-28f8-45f6-8791-4716197120f3,4.0,0.4444444444444444,3.0,11314.47,2828.6175,1353.7703121621728,90,0,2.0,2.0,8.0,2.0,1.0,0.75,1.0,4.0,5.0,1.0,1.0,1.0,0.4444444444444444,2828.6175,4092.57,0.3617111539471138,157.07555555555555,1.0,0.0,2.0,0.75,24.0,0.0,58.25,5,12.0,2,1,2,2,1,53,53,108,0.1587,0.0,0.2348,0.071,T3,False,none,0.389978,0.670476,0.470507,0.377337,0.625422,0.579867,0.625396,0.54079,0.51138,0.525104,0.123226,0.666667,18.0,0.25,8.333333,17.666667,0.592585,3.083333
37ee112d-a247-4565-9b9b-0a2d78d0f772,2.0,0.2222222222222222,2.0,3763.74,1881.87,1265.0988843564758,69,0,1.0,2.0,4.0,1.0,1.0,1.0,2.0,1.0,4.0,2.0,1.0,0.5,0.2222222222222222,1881.87,2776.43,0.7376784793848672,122.28027777777778,19.0,0.5,1.0,1.0,24.0,0.0,46.0,4,6.0,1,2,1,1,2,31,31,108,0.1587,0.0,0.2348,0.071,T3,False,none,0.622565,0.626569,0.763464,0.703703,0.625422,0.657996,0.78895,0.691524,0.683823,0.687417,0.280698,1.5,24.0,0.333333,8.333333,15.5,0.22222,3.388889
54067651-e8fd-469b-9dd4-84e00ba07592,2.0,0.2222222222222222,2.0,5543.4400000000005,2771.7200000000003,2685.831971252111,106,1,1.0,2.0,9.0,1.0,1.0,1.0,1.0,2.0,4.0,1.0,1.0,1.0,0.2222222222222222,2771.7200000000003,4670.89,0.8425977371451662,66.96194444444444,9.0,0.5,2.0,0.5,21.0,0.0,53.0,4,6.0,1,1,2,1,1,50,50,129,0.1169,0.0,0.1879,0.1099,T3,False,none,0.513684,0.514136,0.43662,0.452631,0.675501,1.03405,0.694577,0.772217,0.501817,0.628003,0.078225,1.0,10.5,0.166667,7.666667,25.0,0.444436,2.944444
ace58e12-e94f-4595-b372-3c50bd745b75,2.0,0.2222222222222222,2.0,7766.83,3883.415,1337.3298420546819,36,0,2.0,1.0,9.0,2.0,1.0,0.5,1.0,2.0,6.0,1.0,1.0,1.0,0.2222222222222222,3883.415,4829.05,0.6217530189279281,123.48694444444445,9.0,0.0,1.0,1.0,18.0,2.0,37.0,4,6.0,2,1,1,2,1,34,34,129,0.1169,0.0,0.1879,0.1099,T3,False,none,0.722333,0.568228,0.763769,0.716185,0.675501,0.712475,0.726089,0.719829,0.682328,0.699829,0.23582,0.666667,18.0,0.5,6.333333,11.333333,0.22222,2.5
80892039-abf5-47e6-a756-73e63ec0797e,6.0,0.6666666666666666,6.0,14774.21,2462.3683333333333,923.2816426511828,85,0,1.0,6.0,6.0,1.0,1.0,1.0,2.0,3.0,5.0,2.0,1.0,0.8333333333333334,0.6666666666666666,2462.3683333333333,3652.83,0.2472436766500544,200.75833333333333,1.0,0.16666666666666666,2.0,0.8333333333333334,20.0,2.0,86.0,5,18.0,1,2,2,1,2,44,45,154,0.1225,0.0,0.2652,0.1509,T3,False,none,0.845402,0.399012,0.61786,0.490157,1.400021,1.079694,0.739592,0.899386,0.64562,0.764044,0.340304,1.5,16.666667,0.119048,7.0,22.0,0.79999,2.873016
2ab90916-3fcf-4bbe-8cc0-f9418bd9d9e3,4.0,0.4444444444444444,3.0,8511.66,2127.915,1490.5211223036504,36,1,2.0,2.0,9.0,2.0,1.0,0.5,2.0,2.0,7.0,2.0,1.0,0.75,0.4444444444444444,2127.915,4055.5,0.4764640504907386,80.48388888888888,4.0,0.0,1.0,1.0,20.0,2.0,57.0,5,12.0,2,2,1,2,2,40,40,198,0.0889,0.0,0.2489,0.1724,T3,False,none,0.614426,0.478819,0.67072,0.529339,1.848264,0.413571,0.429188,0.476164,0.765984,0.630735,0.528037,1.0,20.0,0.333333,7.333333,13.333333,0.44444,2.888889
6c98730a-9736-4638-8a92-c25d6127e58c,6.0,0.6666666666666666,5.0,12514.130000000001,2085.6883333333335,1153.3099699806064,50,0,3.0,2.0,9.0,3.0,1.0,0.6666666666666666,3.0,2.0,9.0,3.0,1.0,0.5,0.6666666666666666,2085.6883333333335,3716.32,0.2969699052191403,216.36333333333334,6.0,0.16666666666666666,3.0,0.5,27.0,0.0,35.333333333333336,9,18.0,3,3,3,3,3,102,102,89,0.2523,0.0,0.1667,0.1056,T3,False,none,0.958421,1.228259,0.895158,1.866111,0.277908,0.808756,0.671305,0.8057,1.239665,1.037148,1.219766,1.0,13.5,0.166667,9.333333,25.5,1.333307,3.5
17fbd6a2-a8b5-44f2-b23c-779f622f7c6b,3.0,0.3333333333333333,3.0,7793.76,2597.92,1673.676068210333,77,0,1.0,3.0,12.0,1.0,1.0,1.0,1.0,3.0,4.0,1.0,1.0,1.0,0.3333333333333333,2597.92,4507.16,0.5783036685758863,61.83083333333333,11.0,0.3333333333333333,2.0,0.6666666666666666,23.0,2.0,77.33333333333333,4,9.0,1,1,2,1,1,57,57,108,0.1587,0.0,0.2348,0.071,T3,False,none,0.709964,0.577315,0.463662,0.446777,0.625422,0.448403,0.405974,0.508992,0.512703,0.510971,0.087232,1.0,15.333333,0.166667,8.0,28.5,0.499993,3.055556
e6d1969c-ad79-4e73-abb7-97783ee94808,4.0,0.4444444444444444,4.0,3728.25,932.0625,730.6533304458871,49,0,1.0,4.0,4.0,1.0,1.0,1.0,1.0,4.0,4.0,1.0,1.0,1.0,0.4444444444444444,932.0625,1960.23,0.5257775095554215,152.06472222222223,4.0,0.25,2.0,0.75,28.0,3.0,68.25,4,12.0,1,1,2,1,1,56,56,30,0.8828,0.0333,0.0244,0.0217,T3,False,none,0.748454,0.697421,0.779595,0.452037,3.2248,0.68594,0.597653,0.674372,1.043751,0.871374,0.835732,1.0,21.0,0.15,9.666667,28.0,0.592585,3.605556
523cd3c8-c347-420c-beeb-24b8481b7a6a,0.0,0.0,0.0,0.0,0.0,0.0,109,0,0.0,0.0,0.0,0.0,0.0,0.0,0.0,0.0,0.0,0.0,0.0,0.0,0.0,0.0,0.0,0.0,0.0,0.0,0.0,0.0,0.0,0.0,0.0,0.0,0,0.0,0,0,0,0,0,0,0,1,0.0,0.0,0.0,0.0,T3,False,none,2.767811,2.428211,2.297128,2.075966,2.409508,1.779598,1.781581,2.062606,2.265693,2.170919,0.0,0.0,0.0,0.0,0.0,0.0,0.0,0.0
621eb810-91eb-4b4e-acf6-c92d090b1d99,5.0,0.5555555555555556,3.0,10517.9,2103.58,1681.6459362779076,55,0,1.0,5.0,4.0,1.0,1.0,1.0,1.0,5.0,5.0,1.0,1.0,1.0,0.5555555555555556,2103.58,4229.0,0.40207646012987386,220.3088888888889,17.0,0.2,4.0,0.4,25.0,1.0,84.6,6,15.0,1,1,4,1,1,82,83,121,0.174,0.0,0.2013,0.1186,T3,False,none,0.856361,0.790582,1.11101,0.986382,0.581664,0.543385,0.800282,0.718439,0.895943,0.813108,0.527402,1.0,10.0,0.066667,8.666667,41.0,1.388854,3.244444
f218920e-870e-47d1-8cc6-6cb21260baf0,2.0,0.2222222222222222,2.0,8282.029999999999,4141.014999999999,319.9870316903485,39,1,2.0,1.0,8.0,2.0,1.0,0.5,1.0,2.0,2.0,1.0,1.0,1.0,0.2222222222222222,4141.014999999999,4367.28,0.5273199928036967,123.02361111111111,8.0,0.0,2.0,0.5,23.0,3.0,69.5,5,6.0,2,1,2,2,1,54,56,96,0.2355,0.0,0.1833,0.0828,T3,False,none,0.6629,0.67621,0.703102,0.438308,0.215092,0.802812,0.635809,0.707169,0.515746,0.605077,0.103485,0.666667,11.5,0.25,8.333333,18.0,0.444436,3.083333
486d1282-9e1f-4de2-b9b7-7094074f4de3,5.0,0.5555555555555556,5.0,14032.3,2806.46,1913.1274927850468,99,0,3.0,1.6666666666666667,7.0,3.0,1.0,0.6,5.0,1.0,5.0,5.0,1.0,0.2,0.5555555555555556,2806.46,4964.2,0.3537695174704076,197.5361111111111,1.0,0.2,1.0,1.0,28.0,0.0,106.0,9,15.0,3,5,1,3,5,60,60,134,0.1691,0.0224,0.2258,0.1728,T3,False,none,0.968976,2.06873,1.3724,1.955622,1.123263,1.080155,0.77721,0.947408,1.723668,1.361414,1.473093,1.5,28.0,0.375,9.666667,15.0,0.55555,3.847222
520087a6-9fc8-4880-bfb7-d8fa1662c4ba,7.0,0.7777777777777778,7.0,16605.9,2372.2714285714287,1908.4873975518638,71,1,2.0,3.5,9.0,2.0,1.0,0.8571428571428571,2.0,3.5,8.0,2.0,1.0,0.8571428571428571,0.7777777777777778,2372.2714285714287,4799.99,0.28905328828910204,204.6363888888889,10.0,0.2857142857142857,3.0,0.42857142857142855,24.0,1.0,55.857142857142854,7,21.0,2,2,3,2,2,87,87,121,0.1789,0.0083,0.2434,0.1287,T3,False,none,0.51062,0.717678,0.612993,1.075105,0.804265,1.356805,0.799673,0.929327,0.844335,0.883998,0.74813,1.0,10.285714,0.095238,8.666667,29.0,1.814772,3.253968
b535c5cc-3700-4ca7-b569-0673041ab2bd,2.0,0.2222222222222222,2.0,5173.0,2586.5,1148.5676868169328,87,0,1.0,2.0,7.0,1.0,1.0,1.0,1.0,2.0,2.0,1.0,1.0,1.0,0.2222222222222222,2586.5,3398.66,0.6569998066885753,76.81972222222223,5.0,0.5,2.0,0.5,28.0,1.0,62.5,4,6.0,1,1,2,1,1,57,57,121,0.1789,0.0083,0.2434,0.1287,T3,False,none,0.444267,0.67621,0.559709,0.503462,0.804265,0.658833,0.427554,0.520435,0.608501,0.567404,0.255462,1.0,14.0,0.166667,9.666667,28.5,0.444436,3.611111
50f563a4-e5fe-48f8-bd7d-e93f7cedba4e,6.0,0.6666666666666666,4.0,7582.55,1263.7583333333334,928.6633340972749,32,0,2.0,3.0,9.0,2.0,1.0,0.6666666666666666,1.0,6.0,4.0,1.0,1.0,1.0,0.6666666666666666,1263.7583333333334,2456.17,0.3239240097328735,203.7863888888889,4.0,0.16666666666666666,2.0,0.8333333333333334,16.0,1.0,52.166666666666664,5,18.0,2,1,2,2,1,47,47,50,0.2482,0.04,0.0909,0.0909,T3,False,none,0.522397,0.937633,0.39572,0.507412,0.707334,0.866537,0.893815,0.777304,0.625018,0.696085,0.124038,0.666667,13.333333,0.208333,5.666667,15.666667,0.79999,2.180556
c871a11d-bb82-4665-ac11-c1be64b02730,2.0,0.2222222222222222,2.0,2377.69,1188.845,818.3417489350032,83,1,1.0,2.0,12.0,1.0,1.0,1.0,1.0,2.0,4.0,1.0,1.0,1.0,0.2222222222222222,1188.845,1767.5,0.7433685636058527,163.2075,3.0,0.0,1.0,1.0,15.0,0.0,94.0,3,6.0,1,1,1,1,1,28,28,121,0.174,0.0,0.2013,0.1186,T3,False,none,0.691983,0.514136,1.261235,0.819829,0.581664,0.863549,0.924309,0.834784,0.795671,0.813924,0.196896,1.0,15.0,0.333333,5.666667,14.0,0.22222,2.333333
897fe9b9-f635-4243-9988-0d156acef62e,2.0,0.2222222222222222,2.0,6894.84,3447.42,751.8807825712795,59,0,1.0,2.0,7.0,1.0,1.0,1.0,2.0,1.0,8.0,2.0,1.0,0.5,0.2222222222222222,3447.42,3979.08,0.5771098386619559,74.32333333333334,16.0,0.5,1.0,1.0,16.0,1.0,45.0,4,6.0,1,2,1,1,2,32,32,50,0.2482,0.04,0.0909,0.0909,T3,False,none,0.444267,0.842735,0.686692,0.694055,0.707334,0.629607,0.714237,0.604863,0.731904,0.672618,0.425337,1.5,16.0,0.333333,5.666667,16.0,0.22222,2.5
0b96ac33-54a5-4318-bb58-7099c646b8da,5.0,0.5555555555555556,5.0,5187.51,1037.502,776.2029974626485,59,0,1.0,5.0,12.0,1.0,1.0,1.0,3.0,1.6666666666666667,5.0,3.0,1.0,0.6,0.5555555555555556,1037.502,2193.34,0.42281171506175413,182.9427777777778,13.0,0.2,3.0,0.6,28.0,2.0,49.4,7,15.0,1,3,3,1,3,84,84,121,0.1789,0.0083,0.2434,0.1287,T3,False,none,0.925779,0.879037,0.657594,1.20299,0.804265,0.844335,0.846713,0.868397,0.941923,0.907611,0.900374,2.0,16.8,0.1,9.666667,42.0,0.92591,3.922222
f559f5e1-13fb-4b17-9c26-1dd9588c7123,5.0,0.5555555555555556,4.0,10509.5,2101.9,902.5764083998649,48,1,1.0,5.0,7.0,1.0,1.0,1.0,2.0,2.5,7.0,2.0,1.0,0.8,0.5555555555555556,2101.9,3029.64,0.288276321423474,209.25555555555556,13.0,0.0,1.0,1.0,23.0,2.0,48.0,4,15.0,1,2,1,1,2,36,36,84,0.204,0.0,0.1092,0.124,T3,False,none,0.678062,0.47933,0.610167,0.670371,0.51107,0.576399,0.827381,0.689106,0.583518,0.632793,0.443433,1.5,23.0,0.166667,8.333333,18.0,0.55555,3.333333
fc9ded6c-e094-4055-b5a0-4468822e40a2,5.0,0.5555555555555556,5.0,15873.61,3174.722,1770.1320284430763,58,0,3.0,1.6666666666666667,8.0,3.0,1.0,0.6,2.0,2.5,4.0,2.0,1.0,0.8,0.5555555555555556,3174.722,4944.81,0.31151137012941604,192.90805555555556,3.0,0.2,3.0,0.6,21.0,3.0,40.8,8,15.0,3,2,3,3,2,77,77,134,0.1691,0.0224,0.2258,0.1728,T3,False,none,0.978961,0.344201,0.667432,1.226545,1.123263,0.925318,0.796333,0.89765,0.872263,0.88411,0.667245,0.75,12.6,0.225,7.333333,19.25,0.92591,2.769444
9c27fda1-9892-494f-b2af-03a3094778d3,5.0,0.5555555555555556,5.0,9791.83,1958.366,1167.6659531004577,67,0,2.0,2.5,13.0,2.0,1.0,0.8,3.0,1.6666666666666667,5.0,3.0,1.0,0.6,0.5555555555555556,1958.366,3635.26,0.3712544029052792,217.90694444444443,0.0,0.0,3.0,0.4,23.0,0.0,29.8,8,15.0,2,3,3,2,3,81,84,129,0.1169,0.0,0.1879,0.1099,T3,False,none,0.618167,0.879037,0.871829,1.259848,0.675501,0.686857,0.78894,0.701259,0.986417,0.853343,0.811559,1.333333,9.2,0.114286,8.0,27.0,1.388854,3.149206
5c08e019-046a-44f1-a382-391b00f190c2,3.0,0.3333333333333333,3.0,4971.38,1657.1266666666668,1367.7330475766582,75,1,1.0,3.0,3.0,1.0,1.0,1.0,2.0,1.5,7.0,2.0,1.0,0.6666666666666666,0.3333333333333333,1657.1266666666668,2868.85,0.5770731668068021,172.7475,2.0,0.0,3.0,0.3333333333333333,24.0,2.0,59.0,6,9.0,1,2,3,1,2,77,78,84,0.204,0.0,0.1092,0.124,T3,False,none,0.699979,0.59313,0.791254,0.726953,0.51107,0.510653,0.612753,0.59878,0.670913,0.637251,0.605259,1.5,8.0,0.083333,8.666667,38.5,0.99997,3.416667
369d8f92-186c-47b7-a33f-dd056d5b2146,3.0,0.3333333333333333,3.0,7846.16,2615.3866666666668,2027.626823267372,106,1,2.0,1.5,7.0,2.0,1.0,0.6666666666666666,1.0,3.0,8.0,1.0,1.0,1.0,0.3333333333333333,2615.3866666666668,4772.01,0.6081968759240189,105.53861111111111,7.0,0.3333333333333333,2.0,0.6666666666666666,22.0,1.0,31.666666666666668,5,9.0,2,1,2,2,1,51,51,67,0.2687,0.0,0.1443,0.07,T3,False,none,0.488952,0.793482,0.241533,0.344603,0.56421,0.657438,0.275556,0.482005,0.471951,0.476643,0.254467,0.666667,14.666667,0.266667,8.0,17.0,0.499993,2.977778
97dbc1f8-39e8-4f1d-a4a7-622e98dc395c,6.0,0.6666666666666666,6.0,13570.21,2261.7016666666664,921.6317674085818,83,1,1.0,6.0,7.0,1.0,1.0,1.0,3.0,2.0,5.0,3.0,1.0,0.6666666666666666,0.6666666666666666,2261.7016666666664,3575.41,0.26347492043232934,214.04805555555555,18.0,0.3333333333333333,3.0,0.6666666666666666,23.0,0.0,61.666666666666664,7,18.0,1,3,3,1,3,73,73,121,0.1789,0.0083,0.2434,0.1287,T3,False,none,0.78597,0.795596,0.632683,1.153547,0.804265,1.043478,0.849351,0.905195,0.897332,0.901001,0.774974,2.0,15.333333,0.095238,8.333333,36.5,0.999985,3.47619
556a837d-76f3-4e07-9a7b-568d0d4c7cf0,0.0,0.0,0.0,0.0,0.0,0.0,30,0,0.0,0.0,0.0,0.0,0.0,0.0,0.0,0.0,0.0,0.0,0.0,0.0,0.0,0.0,0.0,0.0,0.0,0.0,0.0,0.0,0.0,0.0,0.0,0.0,0,0.0,0,0,0,0,0,0,0,1,0.0,0.0,0.0,0.0,T3,False,none,2.767811,2.428211,2.297128,2.075966,2.409508,1.612128,1.781581,1.998808,2.265693,2.141147,0.0,0.0,0.0,0.0,0.0,0.0,0.0,0.0
92cf9022-77a3-4e46-b94c-8e5763366957,4.0,0.4444444444444444,4.0,2299.3999999999996,574.8499999999999,397.54429673517717,104,1,1.0,4.0,5.0,1.0,1.0,1.0,2.0,2.0,4.0,2.0,1.0,0.75,0.4444444444444444,574.8499999999999,957.56,0.4164390710620162,195.13472222222222,0.0,0.25,2.0,0.75,20.0,0.0,48.0,5,12.0,1,2,2,1,2,46,46,121,0.174,0.0,0.2013,0.1186,T3,False,none,0.689021,0.34369,0.342681,0.362265,0.581664,1.055684,0.993411,0.930166,0.390108,0.642135,0.22326,1.5,15.0,0.15,7.333333,23.0,0.592585,2.994444
075b8a3b-a3f0-48af-9be9-095d38a791cc,5.0,0.5555555555555556,3.0,14375.8,2875.16,1503.4429235424932,42,0,5.0,1.0,12.0,5.0,1.0,0.2,1.0,5.0,4.0,1.0,1.0,1.0,0.5555555555555556,2875.16,4849.36,0.3373280095716412,97.49055555555556,0.0,0.8,3.0,0.6,27.0,2.0,94.8,9,15.0,5,1,3,5,1,92,93,121,0.174,0.0,0.2013,0.1186,T3,False,none,2.460664,0.817527,1.002739,2.068559,0.581664,0.679929,0.865762,1.250654,1.285939,1.269473,0.638184,0.333333,16.2,0.3,9.333333,15.333333,0.92591,3.322222
e17cc22c-1632-4b92-95ab-2d563fb07092,4.0,0.4444444444444444,3.0,9005.619999999999,2251.4049999999997,1817.3715710607999,62,0,1.0,4.0,4.0,1.0,1.0,1.0,2.0,2.0,3.0,2.0,1.0,0.75,0.4444444444444444,2251.4049999999997,4887.08,0.5426700216087288,110.4175,0.0,0.5,2.0,0.75,23.0,1.0,56.75,5,12.0,1,2,2,1,2,45,45,121,0.174,0.0,0.2013,0.1186,T3,False,none,0.748454,0.424727,0.239728,0.371913,0.581664,0.423287,0.490809,0.538699,0.392536,0.460746,0.250094,1.5,17.25,0.15,8.0,22.5,0.592585,3.216667
b02ecebc-e587-4338-b296-2fe42afb7fcd,4.0,0.4444444444444444,4.0,7684.639999999999,1921.1599999999999,1276.5559046382054,40,1,2.0,2.0,6.0,2.0,1.0,0.5,4.0,1.0,6.0,4.0,1.0,0.25,0.4444444444444444,1921.1599999999999,3411.5,0.4439375169168628,137.48638888888888,1.0,0.0,2.0,0.75,20.0,0.0,64.5,8,12.0,2,4,2,2,4,59,60,95,0.2056,0.0211,0.1855,0.0916,T3,False,none,0.604441,1.69262,0.476633,1.153389,0.105784,0.47675,0.501573,0.521507,0.972605,0.762093,0.860684,1.666667,15.0,0.25,7.333333,19.666667,0.592585,3.083333
917bfdb5-c6a8-466b-8eef-80e5d6093c18,2.0,0.2222222222222222,2.0,5534.4,2767.2,1271.392134709036,76,1,1.0,2.0,7.0,1.0,1.0,1.0,1.0,2.0,8.0,1.0,1.0,1.0,0.2222222222222222,2767.2,3666.21,0.6624403729401561,217.9297222222222,7.0,0.0,1.0,1.0,18.0,3.0,65.0,3,6.0,1,1,1,1,1,30,30,110,0.1928,0.0091,0.1832,0.0943,T3,False,none,0.444267,0.730302,0.991921,0.800533,0.231917,0.627586,0.602152,0.566731,0.728078,0.652783,0.288306,1.0,18.0,0.333333,6.666667,15.0,0.22222,2.666667
3b4aba76-1574-4585-87ec-275159c9cc47,6.0,0.6666666666666666,4.0,16653.940000000002,2775.656666666667,2018.8946945164491,63,0,2.0,3.0,8.0,2.0,1.0,0.8333333333333334,3.0,2.0,3.0,3.0,1.0,0.5,0.6666666666666666,2775.656666666667,4548.6,0.2731245579124219,192.20833333333334,12.0,0.0,2.0,0.8333333333333334,15.0,0.0,90.33333333333333,7,18.0,2,3,2,2,3,40,40,121,0.174,0.0,0.2013,0.1186,T3,False,none,0.381518,1.012093,0.934222,0.946657,0.581664,1.007034,0.917543,0.798485,0.899593,0.852409,0.57869,1.333333,12.5,0.208333,5.333333,13.333333,0.79999,2.291667
277d5b56-9d3f-4ffb-b736-5b02cacc9e7b,4.0,0.4444444444444444,4.0,11663.880000000001,2915.9700000000003,1542.4744134020507,58,0,2.0,2.0,3.0,2.0,1.0,0.75,1.0,4.0,4.0,1.0,1.0,1.0,0.4444444444444444,2915.9700000000003,4846.89,0.4155469706478462,170.76638888888888,1.0,0.25,2.0,0.5,21.0,1.0,68.5,5,12.0,2,1,2,2,1,42,44,129,0.1169,0.0,0.1879,0.1099,T3,False,none,0.617725,0.697421,0.384382,0.432736,0.675501,0.544684,0.595368,0.582447,0.529295,0.554099,0.078225,0.666667,10.5,0.166667,7.333333,14.0,0.888871,2.722222
96a26441-f689-417a-b694-d928c283b53f,6.0,0.6666666666666666,6.0,20094.28,3349.0466666666666,1195.9006236751725,53,1,2.0,3.0,9.0,2.0,1.0,0.6666666666666666,3.0,2.0,6.0,3.0,1.0,0.6666666666666666,0.6666666666666666,3349.0466666666666,4485.79,0.22323716002762978,188.14583333333334,1.0,0.16666666666666666,3.0,0.6666666666666666,23.0,0.0,96.0,8,18.0,2,3,3,2,3,85,86,84,0.204,0.0,0.1092,0.124,T3,False,none,0.522397,0.876633,0.920824,1.345579,0.51107,1.129804,0.946376,0.895116,1.000767,0.951463,0.90418,1.333333,15.333333,0.166667,8.333333,28.333333,0.999985,3.277778
a1a6cec1-9569-4b48-b909-a19227888bb5,2.0,0.2222222222222222,2.0,6972.6,3486.3,1081.4915375535768,105,1,1.0,2.0,5.0,1.0,1.0,1.0,1.0,2.0,4.0,1.0,1.0,1.0,0.2222222222222222,3486.3,4251.03,0.6096764478099991,32.89694444444444,4.0,1.0,2.0,0.5,30.0,0.0,76.0,4,6.0,1,1,2,1,1,47,49,89,0.2321,0.0,0.0992,0.0863,T3,False,none,0.563133,0.514136,0.927069,0.472029,0.403244,0.812556,0.947069,0.78613,0.565891,0.668669,0.200726,1.0,15.0,0.166667,10.666667,23.5,0.444436,3.944444
42835bd1-aac6-4649-9052-df0e09b120de,2.0,0.2222222222222222,2.0,1538.52,769.26,598.0991997988294,101,1,1.0,2.0,7.0,1.0,1.0,1.0,1.0,2.0,2.0,1.0,1.0,1.0,0.2222222222222222,769.26,1192.18,0.7748875542729377,123.82888888888888,18.0,0.5,1.0,1.0,23.0,1.0,43.0,3,6.0,1,1,1,1,1,29,29,121,0.174,0.0,0.2013,0.1186,T3,False,none,0.444267,0.67621,0.57045,0.810181,0.581664,1.069992,1.122599,0.908749,0.688658,0.791367,0.22373,1.0,23.0,0.333333,8.333333,14.5,0.22222,3.222222
ac14ac25-b79e-4db8-8066-2d3716d2f9f5,4.0,0.4444444444444444,3.0,11714.739999999998,2928.6849999999995,2084.7474399312737,74,0,1.0,4.0,10.0,1.0,1.0,1.0,1.0,4.0,2.0,1.0,1.0,1.0,0.4444444444444444,2928.6849999999995,4862.99,0.41511719423563825,102.95916666666666,6.0,0.25,2.0,0.75,20.0,3.0,58.25,4,12.0,1,1,2,1,1,47,47,121,0.174,0.0,0.2013,0.1186,T3,False,none,0.699006,0.859495,0.50586,0.439798,0.581664,0.643458,0.375274,0.569934,0.58213,0.576438,0.119147,1.0,15.0,0.15,7.0,23.5,0.592585,2.716667
5a2afdc0-34b4-45aa-a96b-aefac73f2c82,1.0,0.1111111111111111,1.0,3647.94,3647.94,0.0,73,1,1.0,1.0,10.0,1.0,1.0,1.0,1.0,1.0,3.0,1.0,1.0,1.0,0.1111111111111111,3647.94,3647.94,1.0,0.0,19.0,0.0,1.0,1.0,17.0,2.0,20.0,3,3.0,1,1,1,1,1,27,27,154,0.1225,0.0,0.2652,0.1509,T3,False,none,0.681025,0.715278,0.942311,0.886161,1.400021,1.138305,1.266421,1.050359,0.940782,0.991918,0.271265,1.0,17.0,0.5,6.333333,13.5,0.11111,2.611111
11cd1f0c-0965-4dcf-8435-830628436ea6,3.0,0.3333333333333333,3.0,6034.58,2011.5266666666666,1747.1854807184418,37,1,1.0,3.0,4.0,1.0,1.0,1.0,2.0,1.5,5.0,2.0,1.0,0.6666666666666666,0.3333333333333333,2011.5266666666666,4028.99,0.6676504412900317,118.45194444444445,8.0,0.0,2.0,0.6666666666666666,19.0,3.0,35.666666666666664,5,9.0,1,2,2,1,2,45,45,110,0.1791,0.0,0.2044,0.1366,T3,False,none,0.640547,0.431056,0.533248,0.357005,0.622351,0.484175,0.402121,0.501501,0.456459,0.477479,0.258565,1.5,12.666667,0.166667,7.0,22.5,0.499993,2.888889
faeb679d-00d2-4d8c-bfb8-ed19be0ba2cb,2.0,0.2222222222222222,2.0,4906.27,2453.135,3078.156026657843,76,0,1.0,2.0,9.0,1.0,1.0,1.0,1.0,2.0,5.0,1.0,1.0,1.0,0.2222222222222222,2453.135,4629.72,0.943633350793984,49.50694444444444,16.0,0.5,2.0,0.5,20.0,2.0,51.5,4,6.0,1,1,2,1,1,46,46,108,0.1587,0.0,0.2348,0.071,T3,False,none,0.513684,0.487191,0.359261,0.491223,0.625422,0.925191,0.896706,0.798123,0.485089,0.631172,0.049558,1.0,10.0,0.166667,7.0,23.0,0.444436,2.722222
3f78c31d-7382-4757-8d94-2aca6be677bf,2.0,0.2222222222222222,2.0,4394.9,2197.45,2237.6252669292057,53,0,1.0,2.0,4.0,1.0,1.0,1.0,1.0,2.0,5.0,1.0,1.0,1.0,0.2222222222222222,2197.45,3779.69,0.8600172927711667,63.99333333333333,1.0,0.0,1.0,1.0,23.0,2.0,28.0,3,6.0,1,1,1,1,1,29,29,154,0.1225,0.0,0.2652,0.1509,T3,False,none,0.622565,0.487191,0.778016,0.810181,1.400021,0.69618,0.707453,0.678905,0.821039,0.75471,0.312851,1.0,23.0,0.333333,8.0,14.5,0.22222,3.111111
8533d8bb-cbb2-4f45-be4c-677130601dd4,2.0,0.2222222222222222,2.0,9342.44,4671.22,81.91124953264978,62,1,1.0,2.0,5.0,1.0,1.0,1.0,2.0,1.0,6.0,2.0,1.0,0.5,0.2222222222222222,4671.22,4729.14,0.5061996651838278,102.295,11.0,0.0,2.0,0.5,21.0,0.0,71.5,5,6.0,1,2,2,1,2,53,53,95,0.2056,0.0211,0.1855,0.0916,T3,False,none,0.563133,0.680661,0.59188,0.377688,0.105784,0.896442,0.814115,0.773768,0.452737,0.602552,0.208797,1.5,10.5,0.166667,7.666667,26.5,0.444436,3.111111
0caba41a-e20e-46ba-9d9b-3d66aa20bbea,8.0,0.8888888888888888,5.0,14941.15,1867.64375,1507.1890399296065,30,0,2.0,4.0,6.0,2.0,1.0,0.875,2.0,4.0,3.0,1.0,0.5,0.875,0.8888888888888888,1867.64375,4449.48,0.2978003701187659,126.68666666666667,3.0,0.25,4.0,0.625,24.0,3.0,61.375,8,24.0,2,2,4,2,1,84,85,121,0.1789,0.0083,0.2434,0.1287,T3,False,none,0.566376,0.889755,0.978363,1.281339,0.804265,1.315586,0.779242,0.922745,1.040811,0.985713,0.643123,0.5,15.0,0.0625,8.166667,28.0,1.422199,2.909722
60a0c6ab-f023-4d45-b87d-b8c2d54c5807,5.0,0.5555555555555556,4.0,11601.689999999999,2320.3379999999997,1532.4953191510895,37,0,1.0,5.0,6.0,1.0,1.0,1.0,2.0,2.5,5.0,2.0,1.0,0.8,0.5555555555555556,2320.3379999999997,4572.54,0.3941270625227877,171.69583333333333,8.0,0.0,1.0,1.0,23.0,0.0,106.0,4,15.0,1,2,1,1,2,33,33,154,0.1225,0.0,0.2652,0.1509,T3,False,none,0.737495,0.317256,1.193046,0.699315,1.400021,0.682287,0.605208,0.672368,0.823445,0.752943,0.416965,1.5,23.0,0.166667,8.0,16.5,0.55555,3.222222
38f34be4-7d42-480d-b206-9273fd5f1d5e,5.0,0.5555555555555556,5.0,13319.85,2663.9700000000003,914.6080189075534,64,0,1.0,5.0,11.0,1.0,1.0,1.0,2.0,2.5,5.0,2.0,1.0,0.6,0.5555555555555556,2663.9700000000003,3658.98,0.2747012916812126,230.72916666666666,2.0,0.2,3.0,0.6,24.0,2.0,49.8,6,15.0,1,2,3,1,2,72,72,129,0.1169,0.0,0.1879,0.1099,T3,False,none,0.866346,0.417536,0.517467,0.745533,0.675501,0.749613,0.700897,0.766727,0.604348,0.680125,0.464447,1.5,14.4,0.1,8.333333,36.0,0.92591,3.311111
da1817a8-f684-4da7-a2c4-ef3cb260eba8,2.0,0.2222222222222222,2.0,3232.08,1616.04,436.00204127962513,41,1,1.0,2.0,6.0,1.0,1.0,1.0,2.0,1.0,4.0,2.0,1.0,0.5,0.2222222222222222,1616.04,1924.34,0.5953874904086532,47.13611111111111,19.0,0.5,2.0,0.5,28.0,2.0,77.5,5,6.0,1,2,2,1,2,54,54,95,0.2056,0.0211,0.1855,0.0916,T3,False,none,0.5037,0.626569,0.767275,0.387336,0.105784,0.769228,0.938157,0.749672,0.479373,0.605513,0.262189,1.5,14.0,0.166667,10.0,27.0,0.444436,3.888889
67a028f1-33b7-4ed6-b764-0c08c5da8212,3.0,0.3333333333333333,3.0,4822.610000000001,1607.5366666666669,2120.3054631899936,55,1,1.0,3.0,9.0,1.0,1.0,1.0,1.0,3.0,5.0,1.0,1.0,1.0,0.3333333333333333,1607.5366666666669,4044.94,0.8387449949301311,206.80388888888888,6.0,0.0,2.0,0.6666666666666666,22.0,2.0,67.33333333333333,4,9.0,1,1,2,1,1,54,54,198,0.0889,0.0,0.2489,0.1724,T3,False,none,0.531665,0.550371,0.343867,0.417833,1.848264,0.544505,0.723979,0.600661,0.673963,0.639755,0.261035,1.0,14.666667,0.166667,8.0,27.0,0.499993,3.055556
af1b52dc-565a-48c6-be67-bdb34a0bb64f,1.0,0.1111111111111111,1.0,3712.38,3712.38,0.0,37,1,1.0,1.0,7.0,1.0,1.0,1.0,1.0,1.0,8.0,1.0,1.0,1.0,0.1111111111111111,3712.38,3712.38,1.0,0.0,8.0,1.0,1.0,1.0,21.0,1.0,30.0,3,3.0,1,1,1,1,1,33,33,129,0.1169,0.0,0.1879,0.1099,T3,False,none,0.552174,0.850408,0.633224,0.828273,0.675501,1.132178,1.238967,1.002059,0.76771,0.877073,0.324224,1.0,21.0,0.5,7.666667,16.5,0.11111,3.055556
24611e76-f791-415a-aebc-26f2d0b4a5ff,2.0,0.2222222222222222,2.0,5286.28,2643.14,3303.6311659747976,57,1,1.0,2.0,9.0,1.0,1.0,1.0,1.0,2.0,3.0,1.0,1.0,1.0,0.2222222222222222,2643.14,4979.16,0.9419024342259585,56.46277777777778,3.0,0.5,1.0,1.0,12.0,0.0,73.0,3,6.0,1,1,1,1,1,21,21,67,0.2469,0.0,0.1605,0.1111,T3,False,none,0.513684,0.595173,1.192606,0.887364,0.434357,0.86985,0.824003,0.752806,0.802407,0.77926,0.218798,1.0,12.0,0.333333,4.666667,10.5,0.22222,2.0
c002b38e-120d-4e7f-9e5e-358e5fa00d88,3.0,0.3333333333333333,2.0,6660.43,2220.1433333333334,1357.4135944999716,75,1,1.0,3.0,6.0,1.0,1.0,1.0,2.0,1.5,7.0,2.0,1.0,0.6666666666666666,0.3333333333333333,2220.1433333333334,3780.23,0.5675654574854776,159.495,5.0,0.0,3.0,0.3333333333333333,25.0,1.0,50.0,6,9.0,1,2,3,1,2,72,74,129,0.1169,0.0,0.1879,0.1099,T3,False,none,0.521681,0.59313,0.669914,0.683486,0.675501,0.46084,0.384989,0.45294,0.656738,0.561632,0.569156,1.5,8.333333,0.083333,9.0,36.0,0.99997,3.527778
faec39a2-e948-4850-80e8-23d1979d3318,1.0,0.1111111111111111,1.0,576.22,576.22,0.0,101,1,1.0,1.0,8.0,1.0,1.0,1.0,1.0,1.0,4.0,1.0,1.0,1.0,0.1111111111111111,576.22,576.22,1.0,0.0,18.0,0.0,1.0,1.0,19.0,1.0,46.0,3,3.0,1,1,1,1,1,28,28,198,0.0889,0.0,0.2489,0.1724,T3,False,none,0.562159,0.634241,0.570687,0.876513,1.848264,1.431744,1.638169,1.252099,0.91419,1.071881,0.320767,1.0,19.0,0.5,7.0,14.0,0.11111,2.833333
c39b70d2-93b4-44f6-bae2-083512c6b5b5,2.0,0.2222222222222222,2.0,5444.59,2722.295,1736.6047571194779,51,0,1.0,2.0,7.0,1.0,1.0,1.0,1.0,2.0,3.0,1.0,1.0,1.0,0.2222222222222222,2722.295,3950.26,0.7255385621323185,201.81972222222223,0.0,0.0,2.0,0.5,28.0,0.0,89.0,4,6.0,1,1,2,1,1,56,56,134,0.1691,0.0224,0.2258,0.1728,T3,False,none,0.444267,0.595173,0.964429,0.493814,1.123263,0.609758,0.783329,0.620332,0.722107,0.674612,0.35301,1.0,14.0,0.166667,9.666667,28.0,0.444436,3.611111
7ab38ef2-8ca6-42cb-9d19-563f1f7dbc2b,7.0,0.7777777777777778,6.0,20112.5,2873.214285714286,1843.7396093524806,54,0,4.0,1.75,11.0,4.0,1.0,0.5714285714285714,2.0,3.5,8.0,2.0,1.0,0.7142857142857143,0.7777777777777778,2873.214285714286,4979.38,0.2475763828464885,186.25833333333333,1.0,0.42857142857142855,4.0,0.5714285714285714,21.0,1.0,48.142857142857146,10,21.0,4,2,4,4,2,103,106,108,0.1587,0.0,0.2348,0.071,T3,False,none,1.621131,0.706342,0.562731,2.136024,0.625422,1.31567,0.999891,1.297685,1.199067,1.245089,0.916835,0.6,12.0,0.207792,7.333333,20.6,1.361087,2.713709
6f7ea1be-45df-4474-877f-12a517d6c4a7,6.0,0.6666666666666666,5.0,13213.38,2202.23,1577.8433339593637,31,0,1.0,6.0,3.0,1.0,1.0,1.0,2.0,3.0,4.0,2.0,1.0,0.5,0.6666666666666666,2202.23,4227.79,0.31996279528780674,166.33333333333334,20.0,0.16666666666666666,4.0,0.5,23.0,2.0,84.5,7,18.0,1,2,4,1,2,82,84,50,0.2482,0.04,0.0909,0.0909,T3,False,none,1.023701,0.569643,1.046392,1.077897,0.707334,0.98551,0.883507,0.962421,0.88251,0.919801,0.609084,1.5,11.5,0.071429,8.0,41.0,1.333307,3.190476
2febc1b8-8996-4e29-9e20-f5a4b029856e,3.0,0.3333333333333333,2.0,11856.04,3952.013333333334,616.1145014795003,37,1,2.0,1.5,9.0,2.0,1.0,0.6666666666666666,3.0,1.0,3.0,3.0,1.0,0.3333333333333333,0.3333333333333333,3952.013333333334,4491.12,0.37880438999868415,66.81055555555555,2.0,0.3333333333333333,2.0,0.6666666666666666,16.0,0.0,91.0,7,9.0,2,3,2,2,3,47,47,198,0.0889,0.0,0.2489,0.1724,T3,False,none,0.55837,1.240714,0.812026,0.750844,1.848264,0.689738,0.652802,0.639892,1.068961,0.868729,0.653747,1.333333,10.666667,0.266667,6.0,15.666667,0.499993,2.533333
8ca9a3d5-7e9e-419f-b7ff-1b5b42d8b49e,0.0,0.0,0.0,0.0,0.0,0.0,65,1,0.0,0.0,0.0,0.0,0.0,0.0,0.0,0.0,0.0,0.0,0.0,0.0,0.0,0.0,0.0,0.0,0.0,0.0,0.0,0.0,0.0,0.0,0.0,0.0,0,0.0,0,0,0,0,0,0,0,1,0.0,0.0,0.0,0.0,T3,False,none,2.767811,2.428211,2.297128,2.075966,2.409508,1.536564,1.781581,1.970021,2.265693,2.127713,0.0,0.0,0.0,0.0,0.333333,0.0,0.0,0.111111
2cdc76d2-5d4c-4731-8190-8d8b67612623,2.0,0.2222222222222222,2.0,7250.879999999999,3625.4399999999996,1250.475916121538,67,0,2.0,1.0,7.0,2.0,1.0,0.5,1.0,2.0,6.0,1.0,1.0,1.0,0.2222222222222222,3625.4399999999996,4509.66,0.6219465775188667,78.17111111111112,5.0,0.0,2.0,0.5,19.0,1.0,42.0,5,6.0,2,1,2,2,1,48,48,89,0.2321,0.0,0.0992,0.0863,T3,False,none,0.652915,0.568228,0.338957,0.426171,0.403244,0.652276,0.67984,0.661647,0.439694,0.543272,0.118712,0.666667,9.5,0.25,6.666667,16.0,0.444436,2.527778
e8b5c7b6-7c28-49ee-904b-e59b73926259,2.0,0.2222222222222222,2.0,4438.91,2219.455,2471.005860059826,31,1,1.0,2.0,5.0,1.0,1.0,1.0,1.0,2.0,6.0,1.0,1.0,1.0,0.2222222222222222,2219.455,3966.72,0.8936247862650966,47.87833333333333,20.0,0.0,2.0,0.5,27.0,2.0,47.0,4,6.0,1,1,2,1,1,49,50,89,0.2523,0.0,0.1667,0.1056,T3,False,none,0.563133,0.568228,0.496743,0.457506,0.277908,0.842129,0.944929,0.796683,0.463428,0.618947,0.26369,1.0,13.5,0.166667,9.666667,24.5,0.444436,3.611111
5e14f885-a7e2-46f8-81ca-30b39392eecd,5.0,0.5555555555555556,5.0,11916.34,2383.268,2207.9928271441463,79,1,1.0,5.0,10.0,1.0,1.0,1.0,2.0,2.5,4.0,2.0,1.0,0.6,0.5555555555555556,2383.268,4996.77,0.4193208652992446,196.19694444444445,7.0,0.2,3.0,0.6,25.0,0.0,87.6,6,15.0,1,2,3,1,2,71,71,96,0.2355,0.0,0.1833,0.0828,T3,False,none,0.806913,0.444481,0.971213,0.735885,0.215092,0.91934,0.556267,0.766194,0.625262,0.69103,0.44681,1.5,15.0,0.1,9.0,35.5,0.92591,3.533333
3bd96681-5f52-4324-bf55-46983bc534db,6.0,0.6666666666666666,3.0,19291.16,3215.193333333333,1065.365767155425,79,1,1.0,6.0,8.0,1.0,1.0,1.0,2.0,3.0,5.0,2.0,1.0,0.8333333333333334,0.6666666666666666,3215.193333333333,4771.14,0.2473226078680598,202.44694444444445,2.0,0.0,4.0,0.5,27.0,1.0,69.0,7,18.0,1,2,4,1,2,102,104,121,0.174,0.0,0.2013,0.1186,T3,False,none,0.795954,0.399012,0.978113,1.270857,0.581664,0.962569,1.03141,0.937912,0.877042,0.905448,0.79186,1.5,13.5,0.071429,9.666667,51.0,1.333307,3.746032
170a4024-3e66-4fb7-8bfc-b552570a3ecf,10.0,1.1111111111111112,7.0,22185.07,2218.507,1958.0735354086623,77,1,2.0,5.0,9.0,2.0,1.0,0.9,3.0,3.3333333333333335,6.0,3.0,1.0,0.8,1.1111111111111112,2218.507,4941.83,0.22275476254976884,209.5938888888889,18.0,0.1,4.0,0.7,28.0,1.0,57.5,9,30.0,2,3,4,2,3,105,107,134,0.1691,0.0224,0.2258,0.1728,T3,False,none,0.700769,0.922974,0.788242,1.939704,1.123263,1.928332,1.377029,1.393832,1.30956,1.348887,1.32078,1.333333,19.6,0.116667,10.0,35.0,1.587279,3.816667
305f91a0-46e4-4286-92b1-db116fd0bd55,3.0,0.3333333333333333,3.0,9060.62,3020.206666666667,1488.8053199237747,106,1,1.0,3.0,4.0,1.0,1.0,1.0,1.0,3.0,4.0,1.0,1.0,1.0,0.3333333333333333,3020.206666666667,4716.18,0.5205140487074836,66.59027777777777,5.0,0.6666666666666666,3.0,0.3333333333333333,29.0,0.0,68.0,5,9.0,1,1,3,1,1,67,70,89,0.2523,0.0,0.1667,0.1056,T3,False,none,0.640547,0.577315,1.146781,0.609991,0.277908,0.618893,0.558318,0.604888,0.658306,0.633378,0.393671,1.0,9.666667,0.083333,10.333333,33.5,0.99997,3.805556
be0af256-dab0-44f9-abac-73eeb599a114,1.0,0.1111111111111111,1.0,2646.9,2646.9,0.0,80,0,1.0,1.0,4.0,1.0,1.0,1.0,1.0,1.0,2.0,1.0,1.0,1.0,0.1111111111111111,2646.9,2646.9,1.0,0.0,13.0,1.0,1.0,1.0,24.0,2.0,40.0,3,3.0,1,1,1,1,1,27,27,67,0.2469,0.0,0.1605,0.1111,T3,False,none,0.730473,0.796315,0.713177,0.886161,0.434357,1.081343,1.279272,1.047071,0.752361,0.889892,0.261937,1.0,24.0,0.5,8.333333,13.5,0.11111,3.277778
5366e0c1-1be4-4eb8-a60c-b5cb1c85fbfa,2.0,0.2222222222222222,2.0,5901.219999999999,2950.6099999999997,2641.9206401404263,74,1,2.0,1.0,5.0,2.0,1.0,0.5,2.0,1.0,5.0,2.0,1.0,0.5,0.2222222222222222,2950.6099999999997,4818.73,0.8165650492610003,65.10666666666667,8.0,0.5,2.0,0.5,20.0,0.0,27.5,6,6.0,2,2,2,2,2,44,44,129,0.1169,0.0,0.1879,0.1099,T3,False,none,0.771781,0.599624,0.607097,0.494791,0.675501,0.869858,0.702468,0.786039,0.574515,0.673226,0.24504,1.0,10.0,0.25,7.333333,14.666667,0.444436,2.861111
3664ea95-cd8d-4557-9a43-613b4232dcda,4.0,0.4444444444444444,2.0,10046.25,2511.5625,1753.0105489200573,72,1,1.0,4.0,11.0,1.0,1.0,1.0,1.0,4.0,2.0,1.0,1.0,1.0,0.4444444444444444,2511.5625,4179.79,0.4160547467960682,184.57527777777779,5.0,0.0,2.0,0.75,23.0,2.0,71.5,4,12.0,1,1,2,1,1,49,50,198,0.0889,0.0,0.2489,0.1724,T3,False,none,0.758439,0.859495,0.445196,0.415729,1.848264,0.537607,0.521199,0.595232,0.771565,0.689277,0.269851,1.0,17.25,0.15,8.333333,24.5,0.592585,3.161111
2bae5489-eb2e-4f89-82ce-11c9338c62d9,4.0,0.4444444444444444,3.0,7997.39,1999.3475,1747.2577602703616,30,1,2.0,2.0,8.0,2.0,1.0,0.5,2.0,2.0,4.0,1.0,0.5,0.75,0.4444444444444444,1999.3475,4359.05,0.5450590755233895,129.30055555555555,1.0,0.25,3.0,0.5,26.0,0.0,80.0,7,12.0,2,2,3,2,1,79,80,110,0.1791,0.0,0.2044,0.1366,T3,False,none,0.554993,0.579217,1.017017,0.836706,0.622351,0.511239,0.397063,0.485682,0.774173,0.639544,0.535171,0.5,13.0,0.083333,9.166667,26.333333,0.888871,3.25
fcd33ce1-4e24-40b2-a043-01d95d130641,1.0,0.1111111111111111,1.0,3981.44,3981.44,0.0,100,1,1.0,1.0,8.0,1.0,1.0,1.0,1.0,1.0,1.0,0.0,0.0,1.0,0.1111111111111111,3981.44,3981.44,1.0,0.0,17.0,0.0,1.0,1.0,17.0,2.0,109.0,3,3.0,1,1,1,1,0,23,23,50,0.2482,0.04,0.0909,0.0909,T3,False,none,0.562159,1.652105,1.214739,1.064985,0.707334,1.316544,1.304637,1.097036,1.183355,1.143073,0.145078,0.0,17.0,0.0,6.0,11.5,0.11111,2.0
fb591fba-4599-4fed-9d7a-d170d83a74ae,3.0,0.3333333333333333,3.0,4995.82,1665.2733333333333,974.5049226316578,65,1,2.0,1.5,5.0,2.0,1.0,0.6666666666666666,2.0,1.5,8.0,1.0,0.5,0.6666666666666666,0.3333333333333333,1665.2733333333333,2743.02,0.5490630166819461,174.1213888888889,3.0,0.3333333333333333,2.0,0.6666666666666666,28.0,1.0,67.33333333333333,6,9.0,2,2,2,2,1,65,66,121,0.1789,0.0083,0.2434,0.1287,T3,False,none,0.607818,0.909694,0.477412,0.517073,0.804265,0.43073,0.473895,0.495715,0.654831,0.580577,0.502302,0.5,18.666667,0.133333,9.833333,21.666667,0.499993,3.488889
67abff5f-f9d4-4683-8b75-349a0b613881,5.0,0.5555555555555556,4.0,9391.77,1878.354,875.6505264259251,44,0,1.0,5.0,6.0,1.0,1.0,1.0,4.0,1.25,7.0,4.0,1.0,0.4,0.5555555555555556,1878.354,3093.43,0.3293766776656583,117.36638888888889,1.0,0.2,1.0,1.0,24.0,2.0,95.0,6,15.0,1,4,1,1,4,40,42,134,0.1691,0.0224,0.2258,0.1728,T3,False,none,0.737495,1.645967,1.035959,1.188328,1.123263,0.612915,0.542091,0.624901,1.26015,0.963701,1.083238,2.5,24.0,0.166667,8.333333,20.0,0.55555,3.666667
e95282d4-84f3-4275-aa2b-778945ee3bf0,1.0,0.1111111111111111,1.0,2442.03,2442.03,0.0,65,1,1.0,1.0,4.0,1.0,1.0,1.0,1.0,1.0,2.0,1.0,1.0,1.0,0.1111111111111111,2442.03,2442.03,1.0,0.0,0.0,0.0,1.0,1.0,21.0,1.0,30.0,3,3.0,1,1,1,1,1,24,24,129,0.1169,0.0,0.1879,0.1099,T3,False,none,0.730473,0.796315,0.633224,0.915105,0.675501,0.97206,1.07732,0.938122,0.786749,0.857389,0.176865,1.0,21.0,0.5,7.666667,12.0,0.11111,3.055556
44b918d4-0c41-4987-bf2a-4abe28f4af35,5.0,0.5555555555555556,4.0,12963.43,2592.686,2016.424993479797,101,0,2.0,2.5,11.0,2.0,1.0,0.8,1.0,5.0,4.0,1.0,1.0,1.0,0.5555555555555556,2592.686,4867.45,0.3754754721551318,179.44833333333332,1.0,0.2,3.0,0.6,20.0,1.0,32.4,6,15.0,2,1,3,2,1,63,65,89,0.2321,0.0,0.0992,0.0863,T3,False,none,0.499301,0.817527,0.509799,0.709673,0.403244,0.973547,0.688062,0.742886,0.643924,0.690107,0.248078,0.666667,12.0,0.171429,7.0,21.0,0.92591,2.612698
4ced4801-613b-47c7-a2fa-4bca660c2dc1,1.0,0.1111111111111111,1.0,4108.87,4108.87,0.0,106,0,1.0,1.0,9.0,1.0,1.0,1.0,1.0,1.0,3.0,1.0,1.0,1.0,0.1111111111111111,4108.87,4108.87,1.0,0.0,13.0,0.0,1.0,1.0,24.0,1.0,102.0,3,3.0,1,1,1,1,1,33,33,110,0.1928,0.0091,0.1832,0.0943,T3,False,none,0.621592,0.715278,1.013027,0.828273,0.231917,1.36987,1.24466,1.11434,0.739122,0.914224,0.184086,1.0,24.0,0.5,8.333333,16.5,0.11111,3.277778
bdcd540f-2556-439d-88b8-56935b721129,6.0,0.6666666666666666,4.0,20651.38,3441.896666666667,799.2243403116967,56,0,2.0,3.0,6.0,2.0,1.0,0.6666666666666666,3.0,2.0,12.0,3.0,1.0,0.6666666666666666,0.6666666666666666,3441.896666666667,4755.31,0.23026596769804247,226.4127777777778,13.0,0.0,2.0,0.8333333333333334,24.0,1.0,68.5,7,18.0,2,3,2,2,3,61,63,108,0.1587,0.0,0.2348,0.071,T3,False,none,0.512412,1.362855,0.43564,0.949146,0.625422,1.037997,1.150382,0.925292,0.891639,0.907343,0.924092,1.333333,20.0,0.208333,8.333333,20.333333,0.79999,3.291667
709c8380-f143-4fe5-ab5a-94b1bcdf0535,1.0,0.1111111111111111,1.0,4242.23,4242.23,0.0,106,0,1.0,1.0,8.0,1.0,1.0,1.0,1.0,1.0,5.0,1.0,1.0,1.0,0.1111111111111111,4242.23,4242.23,1.0,0.0,0.0,0.0,1.0,1.0,17.0,1.0,72.0,3,3.0,1,1,1,1,1,27,27,96,0.2355,0.0,0.1833,0.0828,T3,False,none,0.562159,0.607297,0.822539,0.886161,0.215092,1.383534,1.293217,1.11875,0.691346,0.890801,0.176417,1.0,17.0,0.5,6.0,13.5,0.11111,2.5
cb4b1a3e-45e3-40e1-a6e9-74ca499a81c3,2.0,0.2222222222222222,2.0,4809.82,2404.91,386.4479980540721,31,1,1.0,2.0,12.0,1.0,1.0,1.0,1.0,2.0,4.0,1.0,1.0,1.0,0.2222222222222222,2404.91,2678.17,0.5568129368666603,104.325,8.0,0.0,2.0,0.5,23.0,1.0,74.5,4,6.0,1,1,2,1,1,52,52,121,0.174,0.0,0.2013,0.1186,T3,False,none,0.691983,0.514136,0.481064,0.455222,0.581664,0.696187,0.389126,0.592632,0.496408,0.541313,0.130739,1.0,11.5,0.166667,8.333333,26.0,0.444436,3.166667
387302d6-15fb-4a2b-bc70-2af6d5bb4b75,3.0,0.3333333333333333,3.0,9184.4,3061.4666666666667,723.7850464283805,91,0,1.0,3.0,9.0,1.0,1.0,1.0,1.0,3.0,3.0,1.0,1.0,1.0,0.3333333333333333,3061.4666666666667,3760.95,0.4094932711989896,98.86638888888889,19.0,0.3333333333333333,2.0,0.6666666666666666,23.0,0.0,93.0,4,9.0,1,1,2,1,1,46,46,67,0.2469,0.0,0.1605,0.1111,T3,False,none,0.531665,0.658352,0.695784,0.434538,0.434357,0.552727,0.534204,0.540535,0.544888,0.542856,0.146992,1.0,15.333333,0.166667,8.0,23.0,0.499993,3.055556
fd3be34e-b4d7-47fb-b058-09cf334bd701,4.0,0.4444444444444444,3.0,14792.27,3698.0675,605.9951619375079,55,1,3.0,1.3333333333333333,10.0,3.0,1.0,0.5,1.0,4.0,3.0,1.0,1.0,1.0,0.4444444444444444,3698.0675,4492.01,0.30367279667015273,59.90111111111111,7.0,0.0,4.0,0.25,24.0,0.0,34.5,8,12.0,3,1,4,3,1,94,94,108,0.1587,0.0,0.2348,0.071,T3,False,none,1.199802,0.778458,1.178691,1.473473,0.625422,0.61598,0.699708,0.810695,1.096964,0.963372,0.576681,0.5,6.0,0.107143,8.666667,23.5,1.777707,3.09127
df50632a-d1c7-47d6-ab5d-a334950d5943,1.0,0.1111111111111111,1.0,3567.35,3567.35,0.0,63,0,1.0,1.0,7.0,1.0,1.0,1.0,1.0,1.0,3.0,1.0,1.0,1.0,0.1111111111111111,3567.35,3567.35,1.0,0.0,12.0,0.0,1.0,1.0,20.0,2.0,57.0,3,3.0,1,1,1,1,1,27,27,198,0.0889,0.0,0.2489,0.1724,T3,False,none,0.552174,0.715278,0.67072,0.886161,1.848264,1.084943,1.084711,0.932646,0.958907,0.946652,0.320767,1.0,20.0,0.5,7.0,13.5,0.11111,2.833333
991bdb8c-dd88-408c-b5be-ce33ad3ec917,4.0,0.4444444444444444,3.0,10450.539999999999,2612.6349999999998,1985.9139547070008,56,0,2.0,2.0,12.0,2.0,1.0,0.75,2.0,2.0,2.0,2.0,1.0,0.5,0.4444444444444444,2612.6349999999998,4923.24,0.471099101099082,69.68083333333334,10.0,0.25,3.0,0.5,25.0,0.0,84.5,7,12.0,2,2,3,2,2,71,71,121,0.174,0.0,0.2013,0.1186,T3,False,none,0.62771,0.668537,1.018913,0.750683,0.581664,0.46131,0.425273,0.496841,0.757858,0.63605,0.530004,1.0,12.5,0.166667,8.666667,23.666667,0.888871,3.277778
5a493cd3-a5d6-44e6-9b3b-a2e31533d6dd,4.0,0.4444444444444444,4.0,5705.12,1426.28,1001.1310069782742,37,1,1.0,4.0,9.0,1.0,1.0,1.0,1.0,4.0,5.0,1.0,1.0,1.0,0.4444444444444444,1426.28,2607.27,0.45700528647951316,145.2025,2.0,0.0,3.0,0.5,22.0,1.0,50.75,5,12.0,1,1,3,1,1,63,63,198,0.0889,0.0,0.2489,0.1724,T3,False,none,0.639573,0.670476,0.445735,0.571988,1.848264,0.586911,0.645388,0.62145,0.78302,0.707621,0.387779,1.0,11.0,0.1,8.0,31.5,0.888871,3.033333
753f25bd-fb21-4274-9183-5449af0c2513,3.0,0.3333333333333333,3.0,12986.44,4328.8133333333335,603.4083518093975,32,0,2.0,1.5,11.0,2.0,1.0,0.6666666666666666,1.0,3.0,2.0,1.0,1.0,1.0,0.3333333333333333,4328.8133333333335,4959.24,0.38187832847185216,226.89638888888888,1.0,0.0,2.0,0.6666666666666666,16.0,2.0,65.66666666666667,5,9.0,2,1,2,2,1,45,45,67,0.2469,0.0,0.1605,0.1111,T3,False,none,0.677235,0.739389,0.498777,0.39843,0.434357,0.738603,1.042989,0.822531,0.510563,0.656148,0.120158,0.666667,10.666667,0.266667,5.666667,15.0,0.499993,2.2
b8c61425-a0e7-4de4-bea9-d6000fd410d8,2.0,0.2222222222222222,2.0,3395.8399999999997,1697.9199999999998,1367.8839260697523,38,1,1.0,2.0,8.0,1.0,1.0,1.0,1.0,2.0,7.0,1.0,1.0,1.0,0.2222222222222222,1697.9199999999998,2665.16,0.7848308518658124,162.3,3.0,0.0,2.0,0.5,22.0,1.0,38.5,4,6.0,1,1,2,1,1,47,48,129,0.1169,0.0,0.1879,0.1099,T3,False,none,0.454251,0.649265,0.307045,0.476802,0.675501,0.702503,0.774537,0.655585,0.517668,0.58203,0.19191,1.0,11.0,0.166667,8.0,23.5,0.444436,3.055556
d2889565-f0b3-44bb-9dd9-e89c92b445a4,2.0,0.2222222222222222,2.0,1028.5500000000002,514.2750000000001,349.91179067016304,43,1,1.0,2.0,7.0,1.0,1.0,1.0,2.0,1.0,4.0,2.0,1.0,0.5,0.2222222222222222,514.2750000000001,761.7,0.7405570949394779,145.61138888888888,1.0,0.0,1.0,1.0,21.0,2.0,92.0,4,6.0,1,2,1,1,2,31,31,154,0.1225,0.0,0.2652,0.1509,T3,False,none,0.444267,0.626569,0.928584,0.703703,1.400021,0.962821,1.140789,0.873985,0.847323,0.859765,0.375378,1.5,21.0,0.333333,7.666667,15.5,0.22222,3.166667
951e8663-fd77-47c2-9eb3-433d0b6ff819,3.0,0.3333333333333333,3.0,7801.83,2600.61,2101.4065129812457,100,1,3.0,1.0,7.0,3.0,1.0,0.3333333333333333,1.0,3.0,6.0,1.0,1.0,1.0,0.3333333333333333,2600.61,4395.65,0.5634126865107288,197.90722222222223,3.0,0.0,2.0,0.6666666666666666,24.0,2.0,46.0,6,9.0,3,1,2,3,1,58,58,129,0.1169,0.0,0.1879,0.1099,T3,False,none,1.21693,0.631408,0.274663,0.771929,0.675501,0.637425,0.574111,0.781893,0.61713,0.69402,0.257849,0.5,16.0,0.333333,8.666667,14.5,0.499993,3.166667
fdec3469-e155-4d83-a217-bcc6fe7ef695,6.0,0.6666666666666666,5.0,16932.04,2822.0066666666667,1445.8153748894315,74,0,1.0,6.0,7.0,1.0,1.0,1.0,3.0,2.0,7.0,3.0,1.0,0.6666666666666666,0.6666666666666666,2822.0066666666667,4757.97,0.28100394282082963,172.22805555555556,3.0,0.0,2.0,0.8333333333333334,18.0,1.0,54.5,6,18.0,1,3,2,1,3,48,50,154,0.1225,0.0,0.2652,0.1509,T3,False,none,0.78597,0.95767,0.34356,0.788444,1.400021,1.061992,0.871922,0.919772,0.839996,0.877225,0.708253,2.0,15.0,0.119048,6.333333,24.0,0.79999,2.81746
ea9b3336-bfd6-4c4f-92c9-ceefebdeeb1f,4.0,0.4444444444444444,4.0,9080.29,2270.0725,1861.4712846809289,107,1,2.0,2.0,5.0,2.0,1.0,0.75,2.0,2.0,6.0,2.0,1.0,0.75,0.4444444444444444,2270.0725,4103.02,0.4518600176866598,114.76555555555555,9.0,0.25,1.0,1.0,24.0,2.0,40.0,5,12.0,2,2,1,2,2,37,37,67,0.2469,0.0,0.1605,0.1111,T3,False,none,0.498859,0.397782,0.713177,0.558283,0.434357,0.745896,0.244491,0.508179,0.529773,0.519696,0.425005,1.0,24.0,0.333333,8.666667,12.333333,0.44444,3.333333
f793c901-3d80-4191-9e1e-517a279dda31,2.0,0.2222222222222222,2.0,5773.12,2886.56,47.927697628824006,50,1,2.0,1.0,10.0,2.0,1.0,0.5,1.0,2.0,3.0,1.0,1.0,1.0,0.2222222222222222,2886.56,2920.45,0.5058703092954936,28.346666666666668,8.0,0.5,1.0,1.0,19.0,2.0,42.0,4,6.0,2,1,1,2,1,32,33,154,0.1225,0.0,0.2652,0.1509,T3,False,none,0.781766,0.595173,0.685936,0.730708,1.400021,0.691904,0.538023,0.666285,0.799049,0.737092,0.271265,0.666667,19.0,0.5,7.0,10.666667,0.22222,2.722222
02229171-9341-474a-a4bc-999bee91573c,5.0,0.5555555555555556,5.0,13183.849999999999,2636.7699999999995,1976.4738255160376,70,1,1.0,5.0,11.0,1.0,1.0,1.0,2.0,2.5,9.0,2.0,1.0,0.8,0.5555555555555556,2636.7699999999995,4885.17,0.37054198887274964,128.05055555555555,5.0,0.2,3.0,0.6,23.0,2.0,58.0,6,15.0,1,2,3,1,2,76,76,89,0.2321,0.0,0.0992,0.0863,T3,False,none,0.866346,0.641404,0.550414,0.784125,0.403244,0.887258,0.505293,0.753961,0.636275,0.691195,0.622438,1.5,13.8,0.1,8.333333,38.0,0.92591,3.311111
357603df-0dd3-439d-8ac0-417d34f5421b,2.0,0.2222222222222222,1.0,445.64,222.82,141.9587573910113,32,0,1.0,2.0,2.0,1.0,1.0,1.0,1.0,2.0,7.0,1.0,1.0,1.0,0.2222222222222222,222.82,323.2,0.7252490799748676,0.49416666666666664,7.0,0.0,1.0,1.0,22.0,0.0,41.0,3,6.0,1,1,1,1,1,27,28,67,0.2687,0.0,0.1443,0.07,T3,False,none,0.741431,0.649265,0.733684,0.824704,0.56421,1.199711,1.235488,1.0807,0.718466,0.887508,0.307245,1.0,22.0,0.333333,7.666667,13.5,0.22222,3.0
ac09bd3f-2fce-480a-85c9-627c2533d2a0,4.0,0.4444444444444444,3.0,8826.529999999999,2206.6324999999997,1668.362302806258,35,0,2.0,2.0,7.0,2.0,1.0,0.75,2.0,2.0,5.0,2.0,1.0,0.75,0.4444444444444444,2206.6324999999997,4321.67,0.489622762285972,110.82444444444444,0.0,0.5,2.0,0.75,26.0,1.0,76.75,6,12.0,2,2,2,2,2,56,56,110,0.1791,0.0,0.2044,0.1366,T3,False,none,0.379993,0.316745,0.515189,0.436309,0.622351,0.455489,0.443441,0.429903,0.453858,0.442679,0.424759,1.0,19.5,0.25,9.0,18.666667,0.592585,3.416667
45bc5bf2-e96e-4a01-a626-3ac4188db7f7,2.0,0.2222222222222222,2.0,1914.1799999999998,957.0899999999999,95.402846917689,55,0,1.0,2.0,6.0,1.0,1.0,1.0,1.0,2.0,2.0,1.0,1.0,1.0,0.2222222222222222,957.0899999999999,1024.55,0.5352422447209771,123.21472222222222,2.0,0.5,2.0,0.5,28.0,1.0,78.5,4,6.0,1,1,2,1,1,46,46,121,0.1789,0.0083,0.2434,0.1287,T3,False,none,0.5037,0.67621,0.693988,0.491223,0.804265,0.887964,0.832221,0.759593,0.631886,0.691483,0.229869,1.0,14.0,0.166667,9.666667,23.0,0.444436,3.611111
cf4857c3-ac79-4559-accb-a9d7e1f63b72,5.0,0.5555555555555556,4.0,15720.39,3144.078,1392.3134536877822,104,1,2.0,2.5,8.0,2.0,1.0,0.8,2.0,2.5,3.0,1.0,0.5,0.8,0.5555555555555556,3144.078,4676.68,0.2974913472248462,207.1761111111111,7.0,0.2,3.0,0.6,19.0,3.0,74.8,7,15.0,2,2,3,2,1,62,63,89,0.2523,0.0,0.1667,0.1056,T3,False,none,0.321003,0.660765,0.899142,0.729376,0.277908,1.005711,0.714688,0.713073,0.672346,0.691352,0.364598,0.5,11.4,0.085714,6.833333,20.666667,0.92591,2.473016
99d93e37-8cb9-4b93-a146-3b6ca1d7a2f3,3.0,0.3333333333333333,2.0,8296.35,2765.4500000000003,2122.9150596290942,90,0,1.0,3.0,6.0,1.0,1.0,1.0,1.0,3.0,6.0,1.0,1.0,1.0,0.3333333333333333,2765.4500000000003,4903.93,0.5910948790733275,39.04194444444445,1.0,0.0,2.0,0.6666666666666666,23.0,1.0,64.0,4,9.0,1,1,2,1,1,50,50,129,0.1169,0.0,0.1879,0.1099,T3,False,none,0.521681,0.631408,0.270083,0.395946,0.675501,0.667057,0.678917,0.629474,0.475183,0.547185,0.164013,1.0,15.333333,0.166667,8.0,25.0,0.499993,3.055556
e0c7ec7a-0aee-4a55-a5ba-370b782d04a2,3.0,0.3333333333333333,3.0,10507.87,3502.6233333333334,1033.2292268578803,90,0,2.0,1.5,6.0,2.0,1.0,0.6666666666666666,2.0,1.5,7.0,2.0,1.0,0.6666666666666666,0.3333333333333333,3502.6233333333334,4321.76,0.4112879203872907,117.77083333333333,0.0,0.3333333333333333,1.0,1.0,16.0,2.0,100.0,5,9.0,2,2,1,2,2,33,33,110,0.1791,0.0,0.2044,0.1366,T3,False,none,0.548385,0.59313,1.175078,0.581966,0.622351,0.579557,0.530191,0.554195,0.715053,0.639986,0.44561,1.0,16.0,0.4,5.666667,11.0,0.33333,2.355556
c98f0353-cf1e-4826-bba0-90bddc755bad,6.0,0.6666666666666666,4.0,13504.34,2250.7233333333334,1448.8083952223174,44,1,1.0,6.0,10.0,1.0,1.0,1.0,2.0,3.0,4.0,2.0,1.0,0.5,0.6666666666666666,2250.7233333333334,4684.78,0.346909215852089,197.575,22.0,0.16666666666666666,2.0,0.6666666666666666,22.0,0.0,30.333333333333332,5,18.0,1,2,2,1,2,51,51,95,0.2056,0.0211,0.1855,0.0916,T3,False,none,0.91482,0.569643,0.435043,0.431455,0.105784,0.802385,1.019274,0.906806,0.412471,0.643161,0.152394,1.5,14.666667,0.095238,8.0,25.5,0.999985,3.198413
e7be7d4b-6c77-4a41-a507-8c3ecc2ebd7c,4.0,0.4444444444444444,4.0,14147.97,3536.9925,1386.976691473821,78,1,1.0,4.0,7.0,1.0,1.0,1.0,2.0,2.0,5.0,2.0,1.0,0.75,0.4444444444444444,3536.9925,4948.08,0.3497378069079875,196.62472222222223,0.0,0.0,3.0,0.5,23.0,2.0,66.25,6,12.0,1,2,3,1,2,63,64,96,0.2355,0.0,0.1833,0.0828,T3,False,none,0.570155,0.316745,0.693368,0.606789,0.215092,0.751506,0.928483,0.758684,0.487033,0.613803,0.397044,1.5,11.5,0.1,8.333333,31.5,0.888871,3.311111
cd2d3e81-5a39-4bb3-b88e-1550887c5c8d,2.0,0.2222222222222222,2.0,6789.47,3394.735,1852.4147057422103,102,0,1.0,2.0,6.0,1.0,1.0,1.0,2.0,1.0,5.0,1.0,0.5,0.5,0.2222222222222222,3394.735,4704.59,0.692924484532666,79.95166666666667,8.0,0.5,1.0,1.0,26.0,1.0,59.0,4,6.0,1,2,1,1,1,32,34,96,0.2355,0.0,0.1833,0.0828,T3,False,none,0.5037,0.835151,0.723894,0.688576,0.215092,0.925429,0.655235,0.71487,0.653664,0.682227,0.271788,0.75,26.0,0.166667,8.833333,16.0,0.22222,3.25
c628d2bc-00b0-43bc-a3e1-811432aff5fb,2.0,0.2222222222222222,2.0,6588.28,3294.14,223.82758051678974,45,1,1.0,2.0,5.0,1.0,1.0,1.0,2.0,1.0,3.0,2.0,1.0,0.5,0.2222222222222222,3294.14,3452.41,0.5240229619870437,32.651944444444446,0.0,0.5,2.0,0.5,24.0,0.0,60.5,5,6.0,1,2,2,1,2,47,48,96,0.2355,0.0,0.1833,0.0828,T3,False,none,0.563133,0.707606,0.581761,0.38962,0.215092,0.720327,0.65141,0.652442,0.480058,0.560504,0.210276,1.5,12.0,0.166667,8.666667,23.5,0.444436,3.444444
53983f5b-1f1e-475d-a195-4bf6cfade0ac,1.0,0.1111111111111111,1.0,2567.54,2567.54,0.0,39,0,1.0,1.0,5.0,1.0,1.0,1.0,1.0,1.0,5.0,1.0,1.0,1.0,0.1111111111111111,2567.54,2567.54,1.0,0.0,15.0,0.0,1.0,1.0,22.0,3.0,54.0,3,3.0,1,1,1,1,1,29,29,198,0.0889,0.0,0.2489,0.1724,T3,False,none,0.67104,0.607297,0.802448,0.866865,1.848264,1.01246,1.112868,0.948381,0.952119,0.950375,0.346048,1.0,22.0,0.5,7.666667,14.5,0.11111,3.055556
977c2a35-ce70-43d4-ba6f-dbd27f3b59e3,1.0,0.1111111111111111,1.0,3429.45,3429.45,0.0,107,1,1.0,1.0,6.0,1.0,1.0,1.0,1.0,1.0,6.0,1.0,1.0,1.0,0.1111111111111111,3429.45,3429.45,1.0,0.0,10.0,0.0,1.0,1.0,19.0,1.0,21.0,3,3.0,1,1,1,1,1,28,28,110,0.1791,0.0,0.2044,0.1366,T3,False,none,0.611607,0.688334,0.780498,0.876513,0.622351,1.297338,1.027123,1.011343,0.767105,0.881083,0.297294,1.0,19.0,0.5,7.0,14.0,0.11111,2.833333
e1295a1d-a6e5-4ad1-a2a4-ed5616a7f02b,3.0,0.3333333333333333,3.0,2343.0699999999997,781.0233333333332,822.5623637350138,109,0,2.0,1.5,5.0,2.0,1.0,0.6666666666666666,1.0,3.0,4.0,1.0,1.0,1.0,0.3333333333333333,781.0233333333332,1702.12,0.7264486336302373,61.56583333333333,3.0,0.0,1.0,1.0,17.0,1.0,72.0,4,9.0,2,1,1,2,1,27,27,96,0.2355,0.0,0.1833,0.0828,T3,False,none,0.607818,0.577315,0.822539,0.727036,0.215092,0.872552,0.89573,0.80464,0.624178,0.708394,0.161664,0.666667,17.0,0.4,6.0,9.0,0.33333,2.355556
6b757208-f25c-4632-830b-699b738884d7,5.0,0.5555555555555556,5.0,12496.68,2499.3360000000002,1649.8232025220157,32,1,4.0,1.25,12.0,4.0,1.0,0.4,1.0,5.0,4.0,1.0,1.0,1.0,0.5555555555555556,2499.3360000000002,4725.4,0.37813243197393226,152.44333333333333,6.0,0.2,2.0,0.8,27.0,0.0,84.6,7,15.0,4,1,2,4,1,80,80,121,0.174,0.0,0.2013,0.1186,T3,False,none,1.84767,0.817527,0.836119,1.417067,0.581664,0.827256,0.489031,1.006061,1.006917,1.006518,0.441196,0.4,21.6,0.355556,9.666667,16.0,0.694436,3.474074
731a8cda-72fc-4a1c-9fd4-386aaadb02b4,5.0,0.5555555555555556,5.0,7833.2300000000005,1566.6460000000002,1648.5613550092696,55,0,1.0,5.0,10.0,1.0,1.0,1.0,2.0,2.5,6.0,2.0,1.0,0.8,0.5555555555555556,1566.6460000000002,4219.91,0.5387190213998567,190.6938888888889,17.0,0.4,3.0,0.6,26.0,3.0,54.0,6,15.0,1,2,3,1,2,80,81,154,0.1225,0.0,0.2652,0.1509,T3,False,none,0.806913,0.398293,0.806777,0.82749,1.400021,0.734719,0.774081,0.768466,0.811297,0.79131,0.667568,1.5,15.6,0.1,9.0,40.0,0.92591,3.533333
be66e2d7-7bbc-4a5e-8ac3-ba728aba1fb6,0.0,0.0,0.0,0.0,0.0,0.0,81,0,0.0,0.0,0.0,0.0,0.0,0.0,0.0,0.0,0.0,0.0,0.0,0.0,0.0,0.0,0.0,0.0,0.0,0.0,0.0,0.0,0.0,0.0,0.0,0.0,0,0.0,0,0,0,0,0,0,0,1,0.0,0.0,0.0,0.0,T3,False,none,2.767811,2.428211,2.297128,2.075966,2.409508,1.630193,1.781581,2.005689,2.265693,2.144358,0.0,0.0,0.0,0.0,0.0,0.0,0.0,0.0
5060b50a-5a51-44d4-ab3c-6ead7beb0544,6.0,0.6666666666666666,4.0,7843.709999999999,1307.2849999999999,742.4355085999051,104,1,2.0,3.0,8.0,2.0,1.0,0.8333333333333334,2.0,3.0,10.0,2.0,1.0,0.5,0.6666666666666666,1307.2849999999999,2760.16,0.3518947028893215,105.62222222222222,10.0,0.3333333333333333,2.0,0.8333333333333334,26.0,3.0,88.16666666666667,6,18.0,2,2,2,2,2,63,64,154,0.1225,0.0,0.2652,0.1509,T3,False,none,0.381518,0.947883,0.936432,0.621988,1.400021,1.030634,0.633555,0.712813,0.898643,0.811922,0.734536,1.0,21.666667,0.208333,9.333333,21.0,0.79999,3.513889
ff745820-10c0-4d87-8e04-5830f851dbc4,3.0,0.3333333333333333,2.0,9905.01,3301.67,1021.5527138136334,101,1,2.0,1.5,7.0,2.0,1.0,0.6666666666666666,2.0,1.5,4.0,2.0,1.0,0.6666666666666666,0.3333333333333333,3301.67,4468.98,0.4511837948674458,192.8113888888889,4.0,0.0,2.0,0.6666666666666666,20.0,2.0,105.0,6,9.0,2,2,2,2,2,46,46,198,0.0889,0.0,0.2489,0.1724,T3,False,none,0.488952,0.458001,0.685396,0.41881,1.848264,0.654584,0.666713,0.611303,0.722389,0.670549,0.374189,1.0,13.333333,0.266667,7.333333,15.333333,0.499993,2.866667
c696370c-56a3-4636-bded-d4ec1b929aaf,3.0,0.3333333333333333,2.0,8218.550000000001,2739.516666666667,1944.3513560139622,60,1,1.0,3.0,8.0,1.0,1.0,1.0,1.0,3.0,2.0,1.0,1.0,1.0,0.3333333333333333,2739.516666666667,4680.02,0.5694459484945641,141.76083333333332,0.0,0.3333333333333333,2.0,0.6666666666666666,20.0,0.0,78.33333333333333,4,9.0,1,1,2,1,1,45,45,110,0.1791,0.0,0.2044,0.1366,T3,False,none,0.472232,0.739389,0.562239,0.444186,0.622351,0.466208,0.471216,0.469599,0.572275,0.52436,0.139699,1.0,13.333333,0.166667,7.333333,22.5,0.499993,2.833333
3ca64339-d2e0-4753-9fd9-05fc1e5b3e29,0.0,0.0,0.0,0.0,0.0,0.0,99,1,0.0,0.0,0.0,0.0,0.0,0.0,0.0,0.0,0.0,0.0,0.0,0.0,0.0,0.0,0.0,0.0,0.0,0.0,0.0,0.0,0.0,0.0,0.0,0.0,0,0.0,0,0,0,0,0,0,0,1,0.0,0.0,0.0,0.0,T3,False,none,2.767811,2.428211,2.297128,2.075966,2.409508,1.717984,1.781581,2.039134,2.265693,2.159966,0.0,0.0,0.0,0.0,0.333333,0.0,0.0,0.111111
b413f02b-8a4c-400a-b8d6-a8974a929266,4.0,0.4444444444444444,3.0,13927.529999999999,3481.8824999999997,1058.5748822945875,63,0,1.0,4.0,5.0,1.0,1.0,1.0,4.0,1.0,5.0,4.0,1.0,0.25,0.4444444444444444,3481.8824999999997,4383.55,0.3147399431198497,200.87555555555556,10.0,0.0,4.0,0.25,20.0,1.0,57.0,9,12.0,1,4,4,1,4,77,78,108,0.1587,0.0,0.2348,0.071,T3,False,none,0.689021,1.611583,0.907755,1.594877,0.625422,0.541063,0.802864,0.670604,1.294327,1.003256,1.095755,2.5,5.0,0.05,7.0,38.5,1.777707,3.183333
9a97d341-012d-4731-9080-e72922bd5536,1.0,0.1111111111111111,1.0,2522.84,2522.84,0.0,72,0,1.0,1.0,4.0,1.0,1.0,1.0,1.0,1.0,5.0,1.0,1.0,1.0,0.1111111111111111,2522.84,2522.84,1.0,0.0,9.0,0.0,1.0,1.0,19.0,2.0,75.0,3,3.0,1,1,1,1,1,25,25,121,0.174,0.0,0.2013,0.1186,T3,False,none,0.730473,0.607297,0.857654,0.905457,0.581664,1.025945,0.97305,0.923893,0.766993,0.840213,0.211649,1.0,19.0,0.5,6.666667,12.5,0.11111,2.722222
152055df-0e0d-4a63-ba50-3b718ca713c3,5.0,0.5555555555555556,5.0,12058.210000000001,2411.6420000000003,1420.7638571099703,41,0,2.0,2.5,9.0,2.0,1.0,0.6,4.0,1.25,7.0,4.0,1.0,0.4,0.5555555555555556,2411.6420000000003,4321.31,0.3583707697908728,145.67055555555555,1.0,0.4,3.0,0.6,18.0,3.0,55.6,9,15.0,2,4,3,2,4,80,81,121,0.174,0.0,0.2013,0.1186,T3,False,none,0.512447,1.645967,0.773878,1.582335,0.581664,0.726497,0.559835,0.609786,1.263036,0.958186,1.168729,1.666667,10.8,0.171429,6.333333,26.666667,0.92591,2.72381
91cac861-f073-4c39-8e64-01277474b7ae,2.0,0.2222222222222222,2.0,5031.29,2515.645,2497.3668008624604,30,1,1.0,2.0,12.0,1.0,1.0,1.0,1.0,2.0,9.0,1.0,1.0,1.0,0.2222222222222222,2515.645,4281.55,0.8509845387564621,172.8388888888889,18.0,0.0,1.0,1.0,23.0,2.0,34.0,3,6.0,1,1,1,1,1,41,41,198,0.0889,0.0,0.2489,0.1724,T3,False,none,0.691983,0.811339,0.727661,0.694405,1.848264,0.829488,0.903153,0.814756,0.922877,0.87242,0.539161,1.0,23.0,0.333333,8.333333,20.5,0.22222,3.222222
f2571de5-a11a-49b1-9728-a11c0c3d07b7,7.0,0.7777777777777778,6.0,12317.130000000001,1759.5900000000001,1055.2438412834574,71,0,1.0,7.0,3.0,1.0,1.0,1.0,3.0,2.3333333333333335,5.0,3.0,1.0,0.7142857142857143,0.7777777777777778,1759.5900000000001,3735.19,0.3032516503438707,205.55333333333334,3.0,0.14285714285714285,4.0,0.42857142857142855,26.0,1.0,79.0,8,21.0,1,3,4,1,3,92,95,96,0.2355,0.0,0.1833,0.0828,T3,False,none,1.131609,0.747701,1.078821,1.577516,0.215092,1.126086,0.848922,1.035276,1.039097,1.037314,0.979994,2.0,11.142857,0.053571,9.0,46.0,1.814772,3.684524
ac6c5f96-e3a6-4da2-9918-55657371e780,6.0,0.6666666666666666,5.0,11218.380000000001,1869.7300000000002,1002.3099042711292,55,0,3.0,2.0,10.0,3.0,1.0,0.5,3.0,2.0,8.0,3.0,1.0,0.5,0.6666666666666666,1869.7300000000002,2889.53,0.2575710574967152,208.70305555555555,1.0,0.16666666666666666,4.0,0.5,24.0,1.0,48.0,10,18.0,3,3,4,3,3,114,117,84,0.204,0.0,0.1092,0.124,T3,False,none,1.127863,1.147222,0.698783,2.165859,0.51107,0.799457,0.87546,0.918622,1.329761,1.137896,1.311328,1.0,12.0,0.166667,8.333333,28.5,1.333307,3.166667
6720644c-778b-4123-878f-b944de6edf22,5.0,0.5555555555555556,5.0,8042.65,1608.53,1605.116496691128,102,0,1.0,5.0,3.0,1.0,1.0,1.0,1.0,5.0,2.0,1.0,1.0,1.0,0.5555555555555556,1608.53,4192.8,0.5213207089703021,217.15472222222223,7.0,0.2,3.0,0.4,26.0,3.0,47.0,5,15.0,1,1,3,1,1,61,61,89,0.2523,0.0,0.1667,0.1056,T3,False,none,0.915794,0.979601,0.916771,0.609377,0.277908,0.967848,0.563963,0.818347,0.710728,0.760951,0.320825,1.0,10.4,0.066667,9.0,30.5,1.388854,3.355556
8398eecc-48c7-4d59-a918-8a78c327fa3c,2.0,0.2222222222222222,2.0,5998.93,2999.465,916.8417235542893,89,0,1.0,2.0,6.0,1.0,1.0,1.0,1.0,2.0,2.0,1.0,1.0,1.0,0.2222222222222222,2999.465,3647.77,0.6080701058355407,118.23944444444444,12.0,0.0,1.0,1.0,16.0,1.0,76.0,3,6.0,1,1,1,1,1,21,21,154,0.1225,0.0,0.2652,0.1509,T3,False,none,0.5037,0.67621,0.89198,0.887364,1.400021,0.725447,0.52124,0.594022,0.92098,0.7684,0.271265,1.0,16.0,0.333333,5.666667,10.5,0.22222,2.333333
99689532-9702-4053-9a8c-91ee6e169632,1.0,0.1111111111111111,1.0,3375.63,3375.63,0.0,67,0,1.0,1.0,8.0,1.0,1.0,1.0,1.0,1.0,6.0,1.0,1.0,1.0,0.1111111111111111,3375.63,3375.63,1.0,0.0,8.0,0.0,1.0,1.0,16.0,3.0,59.0,3,3.0,1,1,1,1,1,27,27,129,0.1169,0.0,0.1879,0.1099,T3,False,none,0.562159,0.688334,1.013308,0.886161,0.675501,1.086643,0.979185,0.900971,0.828083,0.862098,0.23582,1.0,16.0,0.5,5.666667,13.5,0.11111,2.388889
970d30d8-8580-4678-aac2-1cd36cf28995,3.0,0.3333333333333333,1.0,8299.43,2766.476666666667,1902.0386328708819,53,1,2.0,1.5,9.0,2.0,1.0,0.6666666666666666,2.0,1.5,6.0,2.0,1.0,0.6666666666666666,0.3333333333333333,2766.476666666667,4729.51,0.5698596168652547,8.178055555555556,6.0,0.0,1.0,1.0,24.0,0.0,46.0,5,9.0,2,2,1,2,2,42,42,108,0.1587,0.0,0.2348,0.071,T3,False,none,0.55837,0.512093,0.763464,0.495135,0.625422,0.515323,0.593894,0.553812,0.576991,0.566174,0.339653,1.0,24.0,0.4,8.666667,14.0,0.33333,3.355556
85d99a1a-bd19-4774-891d-3d73840ba861,1.0,0.1111111111111111,1.0,3023.02,3023.02,0.0,80,1,1.0,1.0,4.0,1.0,1.0,1.0,1.0,1.0,3.0,1.0,1.0,1.0,0.1111111111111111,3023.02,3023.02,1.0,0.0,9.0,0.0,1.0,1.0,22.0,0.0,68.0,3,3.0,1,1,1,1,1,26,26,67,0.2687,0.0,0.1443,0.07,T3,False,none,0.730473,0.715278,0.838263,0.895809,0.56421,1.111626,0.990167,0.962239,0.783421,0.866869,0.204088,1.0,22.0,0.5,8.0,13.0,0.11111,3.166667
5eb197c6-6aa8-4f54-9b61-9a6c7bf44db0,2.0,0.2222222222222222,2.0,4791.94,2395.97,3026.78471900464,45,1,1.0,2.0,6.0,1.0,1.0,1.0,2.0,1.0,3.0,2.0,1.0,0.5,0.2222222222222222,2395.97,4536.23,0.9466374787664286,93.31166666666667,14.0,0.5,1.0,1.0,19.0,2.0,23.0,4,6.0,1,2,1,1,2,26,26,154,0.1225,0.0,0.2652,0.1509,T3,False,none,0.5037,0.707606,0.845393,0.751943,1.400021,0.833773,0.749257,0.711294,0.86834,0.795052,0.375378,1.5,19.0,0.333333,7.0,13.0,0.22222,2.944444
7426e2c7-2783-49d8-80a2-4e6ab6961ece,6.0,0.6666666666666666,4.0,14437.5,2406.25,2040.8538080127153,94,1,1.0,6.0,5.0,1.0,1.0,1.0,2.0,3.0,6.0,2.0,1.0,0.8333333333333334,0.6666666666666666,2406.25,4909.93,0.3400817316017316,207.5636111111111,3.0,0.0,3.0,0.5,20.0,0.0,89.83333333333333,6,18.0,1,2,3,1,2,59,60,50,0.2482,0.04,0.0909,0.0909,T3,False,none,0.904835,0.480049,0.981474,0.681567,0.707334,1.07039,0.865669,0.954848,0.697962,0.817843,0.410658,1.5,10.0,0.071429,7.333333,29.5,1.333307,2.968254
a9c4a542-ec22-4f52-995f-c760b60fe190,4.0,0.4444444444444444,3.0,8664.33,2166.0825,1219.0799239966454,76,0,2.0,2.0,11.0,2.0,1.0,0.5,2.0,2.0,4.0,2.0,1.0,0.75,0.4444444444444444,2166.0825,3939.17,0.45464219391459004,158.4286111111111,0.0,0.25,1.0,1.0,23.0,1.0,67.0,5,12.0,2,2,1,2,2,46,46,121,0.174,0.0,0.2013,0.1186,T3,False,none,0.733291,0.34369,0.683421,0.471451,0.581664,0.396748,0.433296,0.505086,0.50204,0.503461,0.327844,1.0,23.0,0.333333,8.0,15.333333,0.44444,3.111111
240e9ead-df17-45ed-be7d-f7304336dcf4,6.0,0.6666666666666666,6.0,14271.99,2378.665,1364.1554834951917,109,1,1.0,6.0,7.0,1.0,1.0,1.0,3.0,2.0,6.0,3.0,1.0,0.6666666666666666,0.6666666666666666,2378.665,4035.17,0.2827335220946764,187.05138888888888,21.0,0.16666666666666666,3.0,0.6666666666666666,23.0,1.0,62.666666666666664,7,18.0,1,3,3,1,3,72,75,108,0.1587,0.0,0.2348,0.071,T3,False,none,0.78597,0.876633,0.458756,1.158218,0.625422,1.198902,0.921958,0.988607,0.853301,0.916444,0.728483,2.0,15.333333,0.095238,8.333333,36.0,0.999985,3.47619
16044575-1add-4bae-9297-fb42f5e82402,3.0,0.3333333333333333,3.0,6419.8099999999995,2139.9366666666665,2147.485048430683,71,1,3.0,1.0,9.0,3.0,1.0,0.3333333333333333,1.0,3.0,4.0,1.0,1.0,1.0,0.3333333333333333,2139.9366666666665,4521.12,0.7042451412113443,190.93194444444444,7.0,0.0,3.0,0.3333333333333333,25.0,0.0,67.66666666666667,7,9.0,3,1,3,3,1,89,90,95,0.2056,0.0211,0.1855,0.0916,T3,False,none,1.286347,0.577315,1.0005,1.245444,0.105784,0.530831,0.578171,0.762473,0.837438,0.802454,0.43552,0.5,8.333333,0.166667,9.0,22.25,0.99997,3.222222
9bcc1886-33b9-45a0-92b9-051b09455be4,4.0,0.4444444444444444,4.0,6664.66,1666.165,1599.7854921728308,34,1,2.0,2.0,8.0,2.0,1.0,0.75,2.0,2.0,5.0,2.0,1.0,0.75,0.4444444444444444,1666.165,4034.61,0.6053737174889642,109.20277777777778,6.0,0.25,2.0,0.75,28.0,0.0,86.5,6,12.0,2,2,2,2,2,64,64,134,0.1691,0.0224,0.2258,0.1728,T3,False,none,0.389978,0.316745,0.851077,0.513493,1.123263,0.620586,0.28886,0.444123,0.636264,0.546598,0.572625,1.0,21.0,0.25,10.0,21.333333,0.592585,3.75
bff396f2-02e2-4cb9-bba2-4fe23bc9c15c,6.0,0.6666666666666666,6.0,18505.4,3084.2333333333336,1492.0302017944093,95,0,2.0,3.0,10.0,2.0,1.0,0.8333333333333334,3.0,2.0,7.0,3.0,1.0,0.6666666666666666,0.6666666666666666,3084.2333333333336,4834.91,0.2612702238265587,140.37666666666667,10.0,0.3333333333333333,3.0,0.5,30.0,0.0,64.33333333333333,8,18.0,2,3,3,2,3,94,94,89,0.2321,0.0,0.0992,0.0863,T3,False,none,0.500384,0.95767,1.029019,1.427637,0.403244,1.335078,0.735754,0.896819,1.056368,0.981912,1.047482,1.333333,15.0,0.125,10.333333,31.333333,1.333307,3.930556
b3cf64f5-1fc4-4c47-bf60-145c05a61106,5.0,0.5555555555555556,5.0,7970.83,1594.166,744.3142461554797,40,0,2.0,2.5,7.0,2.0,1.0,0.8,2.0,2.5,5.0,2.0,1.0,0.6,0.5555555555555556,1594.166,2629.27,0.3298615075218014,199.60055555555556,3.0,0.0,3.0,0.6,28.0,0.0,76.8,7,15.0,2,2,3,2,2,74,77,134,0.1691,0.0224,0.2258,0.1728,T3,False,none,0.311018,0.417536,0.988187,0.850631,1.123263,0.761607,0.847361,0.661452,0.816453,0.744119,0.730428,1.0,16.8,0.171429,9.666667,24.666667,0.92591,3.612698
8ed008ae-97a5-4fc1-a3bb-e4e615824070,6.0,0.6666666666666666,4.0,15351.96,2558.66,1219.5185071658404,45,0,4.0,1.5,10.0,4.0,1.0,0.5,1.0,6.0,9.0,1.0,1.0,1.0,0.6666666666666666,2558.66,4871.74,0.3173366788344941,140.8697222222222,3.0,0.16666666666666666,4.0,0.5,28.0,1.0,69.66666666666667,9,18.0,4,1,4,4,1,114,119,121,0.1789,0.0083,0.2434,0.1287,T3,False,none,1.635822,1.234836,1.019579,2.164956,0.804265,0.808588,0.682948,1.00306,1.467024,1.250508,1.0479,0.4,14.0,0.2,9.666667,22.8,1.333307,3.422222
133afd12-2a8e-4a42-a85b-ecd58b1a21d2,4.0,0.4444444444444444,4.0,10869.96,2717.49,1582.6664759828586,103,0,1.0,4.0,5.0,1.0,1.0,1.0,1.0,4.0,2.0,1.0,1.0,1.0,0.4444444444444444,2717.49,4489.35,0.41300519965114874,149.74055555555555,1.0,0.25,2.0,0.75,27.0,0.0,74.75,4,12.0,1,1,2,1,1,55,55,110,0.1928,0.0091,0.1832,0.0943,T3,False,none,0.689021,0.859495,0.716595,0.442389,0.231917,0.748514,0.487665,0.644566,0.568713,0.604111,0.172867,1.0,20.25,0.15,9.333333,27.5,0.592585,3.494444
4ccd7fc9-c409-4f11-95ee-d69b4a34592e,5.0,0.5555555555555556,3.0,9697.23,1939.446,1727.7143144426395,106,0,1.0,5.0,8.0,1.0,1.0,1.0,1.0,5.0,5.0,1.0,1.0,1.0,0.5555555555555556,1939.446,4378.18,0.4514876928772444,145.26444444444445,1.0,0.2,4.0,0.4,28.0,2.0,84.8,6,15.0,1,1,4,1,1,100,101,95,0.2056,0.0211,0.1855,0.0916,T3,False,none,0.688047,0.790582,1.30198,1.160046,0.105784,0.82517,0.563767,0.698858,0.921539,0.817621,0.585947,1.0,11.2,0.066667,9.666667,50.0,1.388854,3.577778
1cafef4e-64b2-454d-bf5d-3a1b2ae505eb,3.0,0.3333333333333333,3.0,13952.67,4650.89,200.72545902301454,92,0,2.0,1.5,6.0,2.0,1.0,0.6666666666666666,2.0,1.5,5.0,2.0,1.0,0.6666666666666666,0.3333333333333333,4650.89,4846.67,0.347365056293885,149.07638888888889,14.0,0.0,1.0,1.0,23.0,0.0,89.0,5,9.0,2,2,1,2,2,37,37,110,0.1928,0.0091,0.1832,0.0943,T3,False,none,0.548385,0.431056,1.050375,0.543374,0.231917,0.958857,0.973637,0.846506,0.56901,0.698508,0.286647,1.0,23.0,0.4,8.0,12.333333,0.33333,3.133333
deb0c13e-6204-466f-9f83-2f53c6fe0372,3.0,0.3333333333333333,3.0,6300.11,2100.0366666666664,1317.547060917876,87,1,1.0,3.0,6.0,1.0,1.0,1.0,1.0,3.0,7.0,1.0,1.0,1.0,0.3333333333333333,2100.0366666666664,3522.99,0.5591949981825715,209.74138888888888,12.0,0.3333333333333333,1.0,1.0,19.0,3.0,35.0,3,9.0,1,1,1,1,1,28,29,110,0.1791,0.0,0.2044,0.1366,T3,False,none,0.521681,0.712445,0.927004,0.758371,0.622351,0.479622,0.433585,0.476293,0.759351,0.627257,0.341497,1.0,19.0,0.25,7.0,14.0,0.33333,2.75
664c8c38-d9f5-4008-8197-6c60265e72c3,5.0,0.5555555555555556,3.0,9335.05,1867.0099999999998,1806.7151119780895,41,1,2.0,2.5,9.0,2.0,1.0,0.8,1.0,5.0,5.0,1.0,1.0,1.0,0.5555555555555556,1867.0099999999998,4529.46,0.4852100417244686,145.0313888888889,7.0,0.4,2.0,0.8,22.0,3.0,95.2,5,15.0,2,1,2,2,1,55,55,84,0.204,0.0,0.1092,0.124,T3,False,none,0.380436,0.790582,0.827404,0.453318,0.51107,0.621225,0.455939,0.497333,0.625194,0.565525,0.19123,0.666667,17.6,0.228571,8.0,18.333333,0.694436,2.965079
d5231bdd-6876-48b4-affc-eca72a0e0dbb,2.0,0.2222222222222222,2.0,5645.780000000001,2822.8900000000003,574.0151428316155,95,1,1.0,2.0,6.0,1.0,1.0,1.0,1.0,2.0,9.0,1.0,1.0,1.0,0.2222222222222222,2822.8900000000003,3228.78,0.5718926348529344,153.14694444444444,7.0,0.0,2.0,0.5,25.0,0.0,38.0,4,6.0,1,1,2,1,1,52,53,95,0.2056,0.0211,0.1855,0.0916,T3,False,none,0.5037,0.811339,0.601174,0.459995,0.105784,0.794829,0.45087,0.596996,0.518208,0.554976,0.292744,1.0,12.5,0.166667,9.0,26.0,0.444436,3.388889
53153543-07ae-4332-8340-9e6ccb72cecd,2.0,0.2222222222222222,2.0,4216.68,2108.34,2381.3376491375598,100,1,2.0,1.0,8.0,2.0,1.0,0.5,1.0,2.0,5.0,1.0,1.0,1.0,0.2222222222222222,2108.34,3792.2,0.8993331246383409,84.40083333333334,1.0,0.5,1.0,1.0,20.0,1.0,31.0,4,6.0,2,1,1,2,1,34,34,134,0.1691,0.0224,0.2258,0.1728,T3,False,none,0.6629,0.487191,0.660703,0.716185,1.123263,0.970405,0.669122,0.782119,0.715224,0.746442,0.33644,0.666667,20.0,0.5,7.333333,11.333333,0.22222,2.833333
f5ad525b-4432-40dd-9155-fbbb392eeba4,3.0,0.3333333333333333,3.0,4017.1099999999997,1339.0366666666666,1170.6446807777897,63,1,1.0,3.0,5.0,1.0,1.0,1.0,2.0,1.5,6.0,2.0,1.0,0.6666666666666666,0.3333333333333333,1339.0366666666666,2372.64,0.5906335649260289,77.07777777777778,1.0,0.6666666666666666,1.0,1.0,18.0,1.0,51.0,4,9.0,1,2,1,1,2,29,29,154,0.1225,0.0,0.2652,0.1509,T3,False,none,0.581114,0.512093,0.610427,0.666314,1.400021,0.474344,0.729005,0.589736,0.7384,0.669024,0.434333,1.5,18.0,0.25,6.666667,14.5,0.33333,2.805556
d2619eff-bfb9-434b-9663-bc5e6ff17d83,8.0,0.8888888888888888,6.0,21870.079999999998,2733.7599999999998,1719.5618868437725,96,1,1.0,8.0,11.0,1.0,1.0,1.0,1.0,8.0,3.0,1.0,1.0,1.0,0.8888888888888888,2733.7599999999998,4768.38,0.21803212425377505,119.285,7.0,0.375,5.0,0.5,30.0,0.0,57.625,7,24.0,1,1,5,1,1,118,120,89,0.2321,0.0,0.0992,0.0863,T3,False,none,1.190068,1.258881,1.372444,1.678191,0.403244,1.660576,0.757612,1.225157,1.297175,1.263567,0.838074,1.0,15.0,0.055556,10.666667,59.0,1.777742,3.907407
6113c0f8-5673-4358-8878-8d93b7bc3e61,3.0,0.3333333333333333,3.0,9389.63,3129.8766666666666,715.8917232608107,61,1,1.0,3.0,5.0,1.0,1.0,1.0,2.0,1.5,5.0,2.0,1.0,0.6666666666666666,0.3333333333333333,3129.8766666666666,3806.85,0.4054313109249246,209.89305555555555,7.0,0.3333333333333333,3.0,0.3333333333333333,25.0,0.0,80.33333333333333,6,9.0,1,2,3,1,2,66,68,108,0.1587,0.0,0.2348,0.071,T3,False,none,0.581114,0.431056,1.106804,0.625598,0.625422,0.399103,0.452664,0.46896,0.677184,0.580013,0.413401,1.5,8.333333,0.083333,9.0,33.0,0.99997,3.527778
b706689b-04b7-4fb4-86a8-9ea58b0257dd,2.0,0.2222222222222222,2.0,3389.7999999999997,1694.8999999999999,1726.5002012163218,40,0,1.0,2.0,2.0,1.0,1.0,1.0,2.0,1.0,8.0,2.0,1.0,0.5,0.2222222222222222,1694.8999999999999,2915.72,0.8601451413062717,31.73611111111111,13.0,0.0,2.0,0.5,19.0,1.0,105.0,5,6.0,1,2,2,1,2,41,43,110,0.1791,0.0,0.2044,0.1366,T3,False,none,0.741431,0.842735,0.762448,0.442735,0.622351,0.762982,0.892856,0.800116,0.639278,0.714336,0.391171,1.5,9.5,0.166667,6.666667,20.5,0.444436,2.777778
83adf1df-ddef-41b3-bfee-a8440b303f21,4.0,0.4444444444444444,3.0,9811.48,2452.87,1338.1406859021465,38,0,1.0,4.0,6.0,1.0,1.0,1.0,2.0,2.0,5.0,2.0,1.0,0.75,0.4444444444444444,2452.87,3887.8,0.3962501070174938,155.01916666666668,8.0,0.25,3.0,0.5,25.0,2.0,69.75,6,12.0,1,2,3,1,2,74,76,121,0.174,0.0,0.2013,0.1186,T3,False,none,0.629588,0.316745,0.794483,0.71769,0.581664,0.386447,0.296713,0.426004,0.610781,0.524552,0.508761,1.5,12.5,0.1,8.666667,37.0,0.888871,3.422222
f0499b44-d39b-4e60-ac24-42453c6b6e1b,2.0,0.2222222222222222,1.0,4838.53,2419.265,1961.9031197411352,52,1,2.0,1.0,3.0,2.0,1.0,0.5,1.0,2.0,4.0,1.0,1.0,1.0,0.2222222222222222,2419.265,3806.54,0.786714146651979,0.5997222222222223,6.0,1.0,2.0,0.5,28.0,2.0,75.0,5,6.0,2,1,2,2,1,48,48,95,0.2056,0.0211,0.1855,0.0916,T3,False,none,0.890647,0.514136,0.746294,0.426171,0.105784,0.695008,0.862118,0.806608,0.461457,0.622527,0.144449,0.666667,14.0,0.25,10.0,16.0,0.444436,3.638889
8e14830e-5a7f-45cf-a32a-51e3129d5be5,4.0,0.4444444444444444,4.0,7162.05,1790.5125,2099.1386221714056,39,1,1.0,4.0,2.0,1.0,1.0,1.0,1.0,4.0,5.0,1.0,1.0,1.0,0.4444444444444444,1790.5125,4662.71,0.6510300821692113,180.9975,0.0,0.25,2.0,0.75,22.0,2.0,86.25,4,12.0,1,1,2,1,1,44,45,198,0.0889,0.0,0.2489,0.1724,T3,False,none,0.86732,0.670476,0.533113,0.463969,1.848264,0.653652,0.644731,0.711726,0.760717,0.737855,0.268299,1.0,16.5,0.15,8.0,22.0,0.592585,3.05
569de666-7941-4256-9387-77d55405384a,6.0,0.6666666666666666,4.0,10274.67,1712.445,1384.6989709644474,34,0,2.0,3.0,7.0,2.0,1.0,0.5,2.0,3.0,3.0,2.0,1.0,0.8333333333333334,0.6666666666666666,1712.445,4189.65,0.4077649209171681,120.73944444444444,20.0,0.16666666666666666,3.0,0.5,24.0,1.0,64.83333333333333,7,18.0,2,2,3,2,2,70,70,129,0.1169,0.0,0.1879,0.1099,T3,False,none,0.562989,0.506994,0.63567,0.854404,0.675501,0.845787,0.810395,0.75319,0.692165,0.720643,0.489679,1.0,12.0,0.125,8.333333,23.333333,1.333307,3.152778
a80e87ff-c1f3-49dc-ae50-b7acbb6bfedb,8.0,0.8888888888888888,5.0,19357.26,2419.6575,1233.0222198409194,105,1,2.0,4.0,11.0,2.0,1.0,0.875,4.0,2.0,7.0,4.0,1.0,0.625,0.8888888888888888,2419.6575,4141.66,0.21395900039571716,89.48333333333333,3.0,0.375,2.0,0.875,25.0,0.0,59.5,8,24.0,2,4,2,2,4,77,78,95,0.2056,0.0211,0.1855,0.0916,T3,False,none,0.695227,1.409392,0.609014,1.553792,0.105784,1.442746,0.750027,0.998263,1.079528,1.041604,1.078009,1.666667,21.875,0.175,9.0,25.666667,1.015861,3.613889
14c4793c-1bc9-4bf2-9223-0f7e51395b5f,0.0,0.0,0.0,0.0,0.0,0.0,43,1,0.0,0.0,0.0,0.0,0.0,0.0,0.0,0.0,0.0,0.0,0.0,0.0,0.0,0.0,0.0,0.0,0.0,0.0,0.0,0.0,0.0,0.0,0.0,0.0,0,0.0,0,0,0,0,0,0,0,1,0.0,0.0,0.0,0.0,T3,False,none,2.767811,2.428211,2.297128,2.075966,2.409508,1.534507,1.781581,1.969238,2.265693,2.127347,0.0,0.0,0.0,0.0,0.333333,0.0,0.0,0.111111
4a060396-2a2b-4763-a989-24a3ce2d4566,2.0,0.2222222222222222,2.0,1122.47,561.235,142.85678300311818,54,1,2.0,1.0,8.0,2.0,1.0,0.5,1.0,2.0,4.0,1.0,1.0,1.0,0.2222222222222222,561.235,662.25,0.5899934964854294,211.97333333333333,10.0,0.0,1.0,1.0,20.0,3.0,63.0,4,6.0,2,1,1,2,1,34,34,108,0.1587,0.0,0.2348,0.071,T3,False,none,0.6629,0.514136,0.903395,0.716185,0.625422,0.93413,1.130948,0.922242,0.689547,0.798138,0.133446,0.666667,20.0,0.5,7.333333,11.333333,0.22222,2.833333
e94cff47-71e7-4e4c-b6fd-aa8fb7f479cc,2.0,0.2222222222222222,2.0,6544.23,3272.115,925.9351167603484,37,0,1.0,2.0,7.0,1.0,1.0,1.0,1.0,2.0,2.0,1.0,1.0,1.0,0.2222222222222222,3272.115,3926.85,0.6000476755859743,17.95722222222222,9.0,0.0,1.0,1.0,22.0,3.0,54.0,3,6.0,1,1,1,1,1,28,28,198,0.0889,0.0,0.2489,0.1724,T3,False,none,0.444267,0.67621,0.802448,0.819829,1.848264,0.647396,0.680419,0.600367,0.951709,0.787749,0.331296,1.0,22.0,0.333333,7.666667,14.0,0.22222,3.0
2cc1e495-5a84-4695-9cb1-aac3191446ab,5.0,0.5555555555555556,4.0,14921.95,2984.3900000000003,1782.7544943008838,107,0,1.0,5.0,5.0,1.0,1.0,1.0,1.0,5.0,2.0,1.0,1.0,1.0,0.5555555555555556,2984.3900000000003,4716.13,0.3160531968006862,209.065,17.0,0.4,2.0,0.6,23.0,0.0,25.8,4,15.0,1,1,2,1,1,46,46,129,0.1169,0.0,0.1879,0.1099,T3,False,none,0.796928,0.979601,0.558104,0.506131,0.675501,1.059378,0.934563,0.942787,0.663555,0.793863,0.105058,1.0,13.8,0.1,8.0,23.0,0.92591,3.033333
d96d2c1c-9842-4e16-be5e-855c72f1f151,2.0,0.2222222222222222,2.0,6798.5,3399.25,1678.6290721299927,102,1,1.0,2.0,9.0,1.0,1.0,1.0,2.0,1.0,4.0,2.0,1.0,0.5,0.2222222222222222,3399.25,4586.22,0.6745929249099066,54.403055555555554,11.0,0.5,2.0,0.5,24.0,0.0,79.5,5,6.0,1,2,2,1,2,51,51,96,0.2355,0.0,0.1833,0.0828,T3,False,none,0.513684,0.626569,0.741217,0.359862,0.215092,0.887304,0.752339,0.735567,0.48186,0.600257,0.211937,1.5,12.0,0.166667,8.666667,25.5,0.444436,3.444444
897b055a-4113-47d3-997d-4cb6ea92daa1,7.0,0.7777777777777778,5.0,23419.92,3345.702857142857,1055.1356500898241,43,0,1.0,7.0,9.0,1.0,1.0,1.0,2.0,3.5,6.0,2.0,1.0,0.8571428571428571,0.7777777777777778,3345.702857142857,4537.23,0.19373379584558786,131.4336111111111,15.0,0.42857142857142855,3.0,0.5714285714285714,27.0,0.0,44.857142857142854,6,21.0,1,2,3,1,2,81,82,67,0.2469,0.0,0.1605,0.1111,T3,False,none,0.963294,0.555604,0.762575,0.950507,0.434357,1.302599,0.995419,1.103261,0.726604,0.902377,0.635395,1.5,15.428571,0.071429,9.333333,40.5,1.361087,3.634921
2d6af9f2-1445-4b42-84fa-52dffe5849d6,4.0,0.4444444444444444,3.0,14992.22,3748.055,804.6401612522208,58,0,1.0,4.0,9.0,1.0,1.0,1.0,1.0,4.0,3.0,1.0,1.0,1.0,0.4444444444444444,3748.055,4535.36,0.3025142373844567,169.72611111111112,9.0,0.25,3.0,0.5,27.0,0.0,82.25,5,12.0,1,1,3,1,1,65,65,110,0.1928,0.0091,0.1832,0.0943,T3,False,none,0.639573,0.778458,1.071771,0.591284,0.231917,0.616589,0.657912,0.63693,0.678285,0.658986,0.282709,1.0,13.5,0.1,9.333333,32.5,0.888871,3.477778
2b23363d-bbf8-4ac3-af3b-1b6c08e18b60,2.0,0.2222222222222222,2.0,7216.78,3608.39,723.0308258988682,75,0,1.0,2.0,5.0,1.0,1.0,1.0,2.0,1.0,5.0,2.0,1.0,0.5,0.2222222222222222,3608.39,4119.65,0.570843229251827,227.31222222222223,4.0,0.0,2.0,0.5,22.0,1.0,53.0,5,6.0,1,2,2,1,2,49,49,89,0.2321,0.0,0.0992,0.0863,T3,False,none,0.563133,0.599624,0.264756,0.375097,0.403244,0.732772,0.800688,0.706942,0.412932,0.550137,0.189152,1.5,11.0,0.166667,7.666667,24.5,0.444436,3.111111
cf05dc90-953e-4dbf-84bd-0175b34d8678,0.0,0.0,0.0,0.0,0.0,0.0,40,1,0.0,0.0,0.0,0.0,0.0,0.0,0.0,0.0,0.0,0.0,0.0,0.0,0.0,0.0,0.0,0.0,0.0,0.0,0.0,0.0,0.0,0.0,0.0,0.0,0,0.0,0,0,0,0,0,0,0,1,0.0,0.0,0.0,0.0,T3,False,none,2.767811,2.428211,2.297128,2.075966,2.409508,1.550515,1.781581,1.975336,2.265693,2.130193,0.0,0.0,0.0,0.0,0.333333,0.0,0.0,0.111111
81a852c5-e92b-4634-a2ee-1eb8d17f8c5f,5.0,0.5555555555555556,4.0,11807.77,2361.554,1346.9807863254769,51,0,1.0,5.0,3.0,1.0,1.0,1.0,4.0,1.25,6.0,4.0,1.0,0.4,0.5555555555555556,2361.554,4243.24,0.3593599807584328,162.20694444444445,2.0,0.4,3.0,0.4,24.0,1.0,92.8,8,15.0,1,4,3,1,4,64,64,134,0.1691,0.0224,0.2258,0.1728,T3,False,none,0.915794,1.56493,0.944095,1.351711,1.123263,0.574904,0.565058,0.669019,1.282021,0.995954,1.180678,2.5,9.6,0.066667,8.333333,32.0,1.388854,3.633333
ed2b18a9-be2c-4499-89e8-e64c8f96d4e8,2.0,0.2222222222222222,2.0,5135.24,2567.62,2134.9250780296716,55,0,1.0,2.0,10.0,1.0,1.0,1.0,1.0,2.0,3.0,1.0,1.0,1.0,0.2222222222222222,2567.62,4077.24,0.7939726283484316,119.88805555555555,15.0,0.5,1.0,1.0,23.0,0.0,106.0,3,6.0,1,1,1,1,1,33,33,154,0.1225,0.0,0.2652,0.1509,T3,False,none,0.573117,0.595173,1.193046,0.771589,1.400021,0.658155,0.648445,0.630622,0.920027,0.784971,0.298099,1.0,23.0,0.333333,8.0,16.5,0.22222,3.111111
0f9a14f8-171e-4ab8-b8d0-579f1759ccce,5.0,0.5555555555555556,4.0,7477.75,1495.55,551.7236840575181,73,1,1.0,5.0,9.0,1.0,1.0,1.0,1.0,5.0,5.0,1.0,1.0,1.0,0.5555555555555556,1495.55,2000.21,0.2674882150379459,186.82833333333335,10.0,0.0,2.0,0.8,23.0,2.0,40.6,4,15.0,1,1,2,1,1,52,52,198,0.0889,0.0,0.2489,0.1724,T3,False,none,0.74748,0.790582,0.351459,0.47013,1.848264,0.755675,0.925061,0.809795,0.755209,0.780683,0.307007,1.0,18.4,0.133333,8.333333,26.0,0.694436,3.155556
b061c363-6dd7-4848-a2c6-7dd36506abef,3.0,0.3333333333333333,3.0,6873.92,2291.306666666667,1253.7313968443693,71,1,1.0,3.0,7.0,1.0,1.0,1.0,1.0,3.0,5.0,1.0,1.0,1.0,0.3333333333333333,2291.306666666667,3455.48,0.5026942414226526,177.89166666666668,10.0,0.3333333333333333,1.0,1.0,21.0,3.0,35.0,3,9.0,1,1,1,1,1,30,30,134,0.1691,0.0224,0.2258,0.1728,T3,False,none,0.462248,0.550371,0.855262,0.743848,1.123263,0.345865,0.295103,0.362197,0.781926,0.586052,0.33644,1.0,21.0,0.25,7.666667,15.0,0.33333,2.972222
975b0bd6-f3b5-46ed-9b52-becf23b61ec3,4.0,0.4444444444444444,3.0,7085.610000000001,1771.4025000000001,1282.3931229898524,68,1,1.0,4.0,9.0,1.0,1.0,1.0,2.0,2.0,6.0,2.0,1.0,0.75,0.4444444444444444,1771.4025000000001,3578.38,0.5050207392165247,183.4225,5.0,0.0,3.0,0.5,23.0,0.0,68.5,6,12.0,1,2,3,1,2,73,74,110,0.1928,0.0091,0.1832,0.0943,T3,False,none,0.639573,0.397782,0.812892,0.703269,0.231917,0.428779,0.478456,0.505565,0.571177,0.540558,0.460415,1.5,11.5,0.1,8.333333,36.5,0.888871,3.311111
76b82dc6-9ae3-4908-b940-a8d338e1007a,5.0,0.5555555555555556,4.0,16779.75,3355.95,1458.0835851555287,61,0,2.0,2.5,4.0,2.0,1.0,0.8,2.0,2.5,3.0,2.0,1.0,0.6,0.5555555555555556,3355.95,4652.16,0.2772484691369061,126.25472222222223,3.0,0.4,1.0,1.0,20.0,0.0,95.0,5,15.0,2,2,1,2,2,26,26,43,0.4131,0.0,0.082,0.0328,T3,False,none,0.489317,0.525518,1.090273,0.721095,1.59323,0.847056,0.692413,0.693297,0.894469,0.800589,0.436396,1.0,20.0,0.285714,7.0,8.666667,0.55555,2.761905
a5ba5a13-0bfe-4a1b-b238-d4f850a254db,2.0,0.2222222222222222,2.0,3305.08,1652.54,1398.657213186991,94,0,2.0,1.0,12.0,2.0,1.0,0.5,1.0,2.0,8.0,1.0,1.0,1.0,0.2222222222222222,1652.54,2641.54,0.7992363271085723,41.06861111111111,3.0,0.0,1.0,1.0,19.0,2.0,23.0,4,6.0,2,1,1,2,1,44,44,154,0.1225,0.0,0.2652,0.1509,T3,False,none,0.900632,0.730302,0.845393,0.619705,1.400021,0.854025,0.822086,0.856695,0.824425,0.839484,0.418623,0.666667,19.0,0.5,6.666667,14.666667,0.22222,2.611111
55dd5768-7f3f-411d-95d4-c93a8e8f4bd3,3.0,0.3333333333333333,3.0,5937.63,1979.21,1751.4268501139293,45,1,1.0,3.0,4.0,1.0,1.0,1.0,2.0,1.5,5.0,2.0,1.0,0.6666666666666666,0.3333333333333333,1979.21,3792.25,0.6386807530950901,101.59138888888889,3.0,0.3333333333333333,2.0,0.6666666666666666,21.0,0.0,36.666666666666664,5,9.0,1,2,2,1,2,45,45,134,0.1691,0.0224,0.2258,0.1728,T3,False,none,0.640547,0.431056,0.371435,0.357005,1.123263,0.448525,0.307615,0.456418,0.506233,0.482986,0.341913,1.5,14.0,0.166667,7.666667,22.5,0.499993,3.111111
11f21072-8ec9-4b13-90aa-0dffc661afe8,5.0,0.5555555555555556,5.0,12437.8,2487.56,1385.7004632495436,59,1,1.0,5.0,3.0,1.0,1.0,1.0,1.0,5.0,2.0,1.0,1.0,1.0,0.5555555555555556,2487.56,3997.76,0.3214201868497645,201.43472222222223,6.0,0.2,3.0,0.4,24.0,1.0,63.2,5,15.0,1,1,3,1,1,67,68,121,0.174,0.0,0.2013,0.1186,T3,False,none,0.915794,0.979601,0.695679,0.672038,0.581664,0.689821,0.536377,0.703237,0.738791,0.722199,0.29772,1.0,9.6,0.066667,8.666667,33.5,1.388854,3.244444
13d119be-e0b7-4e7a-b00d-8fe4546c4fb9,0.0,0.0,0.0,0.0,0.0,0.0,58,0,0.0,0.0,0.0,0.0,0.0,0.0,0.0,0.0,0.0,0.0,0.0,0.0,0.0,0.0,0.0,0.0,0.0,0.0,0.0,0.0,0.0,0.0,0.0,0.0,0,0.0,0,0,0,0,0,0,0,1,0.0,0.0,0.0,0.0,T3,False,none,2.767811,2.428211,2.297128,2.075966,2.409508,1.507467,1.781581,1.958937,2.265693,2.12254,0.0,0.0,0.0,0.0,0.0,0.0,0.0,0.0
60caf59c-c83d-43bd-8c06-e4c9187d56bc,5.0,0.5555555555555556,5.0,12899.65,2579.93,1571.469173114764,77,0,1.0,5.0,7.0,1.0,1.0,1.0,2.0,2.5,5.0,2.0,1.0,0.6,0.5555555555555556,2579.93,4616.16,0.3578515696162299,196.5038888888889,3.0,0.4,4.0,0.4,21.0,1.0,50.8,7,15.0,1,2,4,1,2,85,85,154,0.1225,0.0,0.2652,0.1509,T3,False,none,0.678062,0.417536,0.709277,1.04061,1.400021,0.848709,0.67089,0.74068,0.875716,0.812699,0.706368,1.5,8.4,0.066667,7.333333,42.5,1.388854,2.966667
0cacc4e0-5d54-4521-acc2-4654b3acb1e2,4.0,0.4444444444444444,3.0,13412.17,3353.0425,617.2757569285116,92,1,1.0,4.0,5.0,1.0,1.0,1.0,3.0,1.3333333333333333,3.0,2.0,0.6666666666666666,0.5,0.4444444444444444,3353.0425,4242.81,0.31634030883891273,165.79416666666665,2.0,0.5,2.0,0.75,26.0,1.0,50.0,6,12.0,1,3,2,1,2,46,47,96,0.2355,0.0,0.1833,0.0828,T3,False,none,0.689021,0.999584,0.290691,0.558912,0.215092,0.736218,0.702506,0.711495,0.555898,0.62851,0.399801,1.333333,19.5,0.1,9.222222,23.0,0.592585,3.551852
e52c4d40-923e-410a-9a07-12e54d734271,4.0,0.4444444444444444,3.0,10229.11,2557.2775,1406.1907806879074,41,0,1.0,4.0,8.0,1.0,1.0,1.0,2.0,2.0,2.0,2.0,1.0,0.75,0.4444444444444444,2557.2775,4438.83,0.4339409782473744,195.28222222222223,6.0,0.0,2.0,0.75,24.0,3.0,58.0,5,12.0,1,2,2,1,2,52,54,121,0.174,0.0,0.2013,0.1186,T3,False,none,0.58014,0.505764,0.550089,0.33581,0.581664,0.405041,0.544184,0.50145,0.463915,0.481432,0.272049,1.5,18.0,0.15,8.333333,26.0,0.592585,3.327778
00397928-336e-4596-99a4-a8da6d6edfe5,3.0,0.3333333333333333,3.0,7135.87,2378.6233333333334,1053.9221476149617,64,1,2.0,1.5,5.0,2.0,1.0,0.6666666666666666,1.0,3.0,6.0,1.0,1.0,1.0,0.3333333333333333,2378.6233333333334,3291.31,0.4612345796658291,176.09777777777776,6.0,0.3333333333333333,2.0,0.6666666666666666,29.0,0.0,46.0,5,9.0,2,1,2,2,1,62,63,89,0.2523,0.0,0.1667,0.1056,T3,False,none,0.607818,0.631408,0.554658,0.454034,0.277908,0.272533,0.265856,0.366103,0.489986,0.432174,0.341836,0.666667,19.333333,0.266667,10.333333,20.666667,0.499993,3.755556
9f8ea8da-acbf-47bf-b8a7-994f9435a6c5,5.0,0.5555555555555556,5.0,12357.75,2471.55,1823.491431594895,100,0,1.0,5.0,10.0,1.0,1.0,1.0,2.0,2.5,4.0,2.0,1.0,0.6,0.5555555555555556,2471.55,4326.54,0.3501074224676822,136.70777777777778,14.0,0.4,2.0,0.8,19.0,1.0,63.6,5,15.0,1,2,2,1,2,50,50,198,0.0889,0.0,0.2489,0.1724,T3,False,none,0.806913,0.444481,0.359488,0.380358,1.848264,0.989136,0.587162,0.803081,0.636692,0.71434,0.363884,1.5,15.2,0.133333,6.666667,25.0,0.694436,2.766667
407dc663-8213-44fe-89ef-c68c72f56a8e,7.0,0.7777777777777778,7.0,25210.87,3601.552857142857,1664.507221189045,109,1,3.0,2.3333333333333335,10.0,3.0,1.0,0.7142857142857143,2.0,3.5,5.0,2.0,1.0,0.5714285714285714,0.7777777777777778,3601.552857142857,4961.84,0.19681351734390762,210.51305555555555,15.0,0.0,2.0,0.5714285714285714,27.0,3.0,66.42857142857143,7,21.0,3,2,2,3,2,78,78,110,0.1928,0.0091,0.1832,0.0943,T3,False,none,0.950453,0.556244,0.768154,1.179908,0.231917,1.862722,1.302122,1.415207,0.780212,1.076543,0.458491,0.75,15.428571,0.171429,9.666667,19.5,1.361087,3.529365
e66c1a69-0d20-412b-af3b-45374cbf48e4,2.0,0.2222222222222222,2.0,5810.83,2905.415,1242.124985035725,76,0,1.0,2.0,5.0,1.0,1.0,1.0,1.0,2.0,6.0,1.0,1.0,1.0,0.2222222222222222,2905.415,3783.73,0.6511513845698463,37.00055555555556,7.0,0.5,2.0,0.5,22.0,1.0,64.0,4,6.0,1,1,2,1,1,45,45,198,0.0889,0.0,0.2489,0.1724,T3,False,none,0.563133,0.568228,0.357073,0.500871,1.848264,0.641716,0.522856,0.579644,0.712318,0.650403,0.29161,1.0,11.0,0.166667,7.666667,22.5,0.444436,2.944444
9534069e-6024-41f2-a412-77e22febe309,3.0,0.3333333333333333,3.0,7777.88,2592.6266666666666,1222.5839927110667,80,1,2.0,1.5,11.0,2.0,1.0,0.6666666666666666,2.0,1.5,7.0,2.0,1.0,0.6666666666666666,0.3333333333333333,2592.6266666666666,3399.78,0.43710882656970795,154.95194444444445,7.0,0.0,3.0,0.3333333333333333,19.0,0.0,89.33333333333333,7,9.0,2,2,3,2,2,69,71,198,0.0889,0.0,0.2489,0.1724,T3,False,none,0.677235,0.59313,1.136009,0.726025,1.848264,0.377396,0.35005,0.453949,0.965254,0.726645,0.68961,1.0,6.333333,0.133333,7.0,23.0,0.99997,2.711111
baf4ac97-e5af-4a86-8ffa-fdd8f7131391,2.0,0.2222222222222222,2.0,5483.59,2741.795,2822.522783123282,85,0,1.0,2.0,5.0,1.0,1.0,1.0,1.0,2.0,4.0,1.0,1.0,1.0,0.2222222222222222,2741.795,4737.62,0.8639632065854668,64.77472222222222,10.0,0.5,2.0,0.5,28.0,1.0,90.5,4,6.0,1,1,2,1,1,52,53,95,0.2056,0.0211,0.1855,0.0916,T3,False,none,0.563133,0.514136,0.794697,0.459995,0.105784,0.951652,0.736897,0.769062,0.484225,0.617149,0.150099,1.0,14.0,0.166667,9.666667,26.0,0.444436,3.611111
a0c9a1e4-52d2-4d26-bc2f-39215e3ef524,6.0,0.6666666666666666,5.0,10652.369999999999,1775.3949999999998,1347.6390174041412,60,1,3.0,2.0,9.0,3.0,1.0,0.6666666666666666,3.0,2.0,5.0,3.0,1.0,0.6666666666666666,0.6666666666666666,1775.3949999999998,3623.47,0.340156228144535,210.96333333333334,2.0,0.16666666666666666,3.0,0.6666666666666666,21.0,3.0,64.66666666666667,9,18.0,3,3,3,3,3,76,78,108,0.1587,0.0,0.2348,0.071,T3,False,none,0.958421,0.795596,0.693213,1.624809,0.625422,0.842963,0.763052,0.849314,1.056859,0.960004,0.769324,1.0,14.0,0.222222,7.666667,19.0,0.999985,2.962963
7097a598-401b-4ace-bd59-1829ad870b92,5.0,0.5555555555555556,4.0,18222.19,3644.4379999999996,1718.0984352096943,101,0,1.0,5.0,5.0,1.0,1.0,1.0,1.0,5.0,3.0,1.0,1.0,1.0,0.5555555555555556,3644.4379999999996,4937.74,0.2709740157467352,208.03861111111112,7.0,0.0,3.0,0.6,22.0,2.0,70.0,5,15.0,1,1,3,1,1,64,65,198,0.0889,0.0,0.2489,0.1724,T3,False,none,0.796928,0.898564,0.615253,0.643094,1.848264,1.175288,0.929134,0.985134,0.902023,0.940808,0.377015,1.0,13.2,0.1,7.666667,32.0,0.92591,2.922222
937c4cf6-de73-403a-8fc4-d960492123ed,2.0,0.2222222222222222,2.0,6819.98,3409.99,1530.9427498113703,59,1,2.0,1.0,10.0,2.0,1.0,0.5,1.0,2.0,5.0,1.0,1.0,1.0,0.2222222222222222,3409.99,4492.53,0.6587306707644304,68.35888888888888,11.0,0.0,2.0,0.5,16.0,0.0,75.5,5,6.0,2,1,2,2,1,47,47,67,0.2687,0.0,0.1443,0.07,T3,False,none,0.781766,0.487191,0.804804,0.435819,0.56421,0.633024,0.741319,0.71162,0.546932,0.623787,0.109671,0.666667,8.0,0.25,6.0,15.666667,0.444436,2.305556
9175fc4a-be0b-4c15-b970-bff5959f075a,1.0,0.1111111111111111,1.0,1086.46,1086.46,0.0,100,1,1.0,1.0,7.0,1.0,1.0,1.0,1.0,1.0,2.0,1.0,1.0,1.0,0.1111111111111111,1086.46,1086.46,1.0,0.0,0.0,0.0,1.0,1.0,19.0,1.0,106.0,3,3.0,1,1,1,1,1,25,25,110,0.1791,0.0,0.2044,0.1366,T3,False,none,0.552174,0.796315,1.03614,0.905457,0.622351,1.35054,1.408778,1.141848,0.858213,0.990576,0.23834,1.0,19.0,0.5,7.0,12.5,0.11111,2.833333
623e3b43-637f-4399-8dc4-1fa1a52bf8bd,6.0,0.6666666666666666,5.0,10896.43,1816.0716666666667,1331.8747674074566,78,1,2.0,3.0,9.0,2.0,1.0,0.8333333333333334,2.0,3.0,6.0,2.0,1.0,0.6666666666666666,0.6666666666666666,1816.0716666666667,3548.74,0.3256791444537339,199.76,0.0,0.0,3.0,0.6666666666666666,23.0,0.0,50.5,7,18.0,2,2,3,2,2,78,80,67,0.2687,0.0,0.1443,0.07,T3,False,none,0.440951,0.51522,0.538968,0.941134,0.56421,0.9368,0.862401,0.770329,0.68805,0.726447,0.580932,1.0,15.333333,0.166667,8.333333,26.0,0.999985,3.166667
1409365b-6aa4-417e-ba92-d3b8a016da32,5.0,0.5555555555555556,4.0,15031.369999999999,3006.274,1375.5505503542938,70,1,1.0,5.0,8.0,1.0,1.0,1.0,2.0,2.5,3.0,1.0,0.5,0.8,0.5555555555555556,3006.274,4889.02,0.32525445119107577,153.4736111111111,12.0,0.2,1.0,1.0,25.0,1.0,77.0,4,15.0,1,2,1,1,1,33,33,129,0.1169,0.0,0.1879,0.1099,T3,False,none,0.688047,0.660765,0.839087,0.703382,0.675501,0.788143,0.711676,0.734055,0.716353,0.724614,0.255932,0.75,25.0,0.083333,8.833333,16.5,0.55555,3.222222
a6ae0bf3-005a-4f46-b3aa-a373187227e4,5.0,0.5555555555555556,4.0,15262.240000000002,3052.4480000000003,1730.6694155643936,106,1,3.0,1.6666666666666667,8.0,3.0,1.0,0.6,5.0,1.0,8.0,5.0,1.0,0.2,0.5555555555555556,3052.4480000000003,4853.41,0.31800115841449217,79.32972222222222,16.0,0.4,4.0,0.4,22.0,3.0,49.6,12,15.0,3,5,4,3,5,96,99,89,0.2523,0.0,0.1667,0.1056,T3,False,none,0.978961,2.311842,0.973662,2.618874,0.277908,1.05314,0.797521,0.94674,1.809202,1.40672,1.768031,1.5,8.8,0.15,8.0,24.0,1.388854,3.216667
d400c3ab-7201-47a3-9766-56ac60ce304f,4.0,0.4444444444444444,4.0,7220.47,1805.1175,1432.5492034452661,97,0,1.0,4.0,8.0,1.0,1.0,1.0,2.0,2.0,4.0,1.0,0.5,0.75,0.4444444444444444,1805.1175,3654.2,0.5060889388086924,127.06555555555556,3.0,0.5,3.0,0.5,25.0,2.0,52.0,6,12.0,1,2,3,1,1,67,68,121,0.1789,0.0083,0.2434,0.1287,T3,False,none,0.58014,0.579217,0.645518,0.649448,0.804265,0.694237,0.381864,0.557513,0.656874,0.610506,0.404852,0.75,12.5,0.05,8.5,33.5,0.888871,3.1
195caf27-df4a-4acb-8a87-b027e8b890ea,5.0,0.5555555555555556,4.0,14691.35,2938.27,1803.353583327463,60,1,3.0,1.6666666666666667,9.0,3.0,1.0,0.6,1.0,5.0,7.0,1.0,1.0,1.0,0.5555555555555556,2938.27,4932.03,0.3357097884129096,121.72361111111111,1.0,0.2,2.0,0.8,22.0,3.0,85.4,6,15.0,3,1,2,3,1,62,62,110,0.1928,0.0091,0.1832,0.0943,T3,False,none,1.038394,0.952656,0.745158,0.882114,0.231917,0.792798,0.652852,0.816319,0.762851,0.787803,0.287122,0.5,17.6,0.3,8.0,15.5,0.694436,2.933333
7d6b1c07-42da-422b-8973-80dd74f9e4fb,1.0,0.1111111111111111,1.0,460.84,460.84,0.0,82,0,1.0,1.0,6.0,1.0,1.0,1.0,1.0,1.0,6.0,1.0,1.0,1.0,0.1111111111111111,460.84,460.84,1.0,0.0,8.0,0.0,1.0,1.0,22.0,2.0,70.0,3,3.0,1,1,1,1,1,31,31,121,0.1789,0.0083,0.2434,0.1287,T3,False,none,0.611607,0.688334,0.754407,0.847569,0.804265,1.355772,1.436857,1.170182,0.781134,0.96269,0.289634,1.0,22.0,0.5,7.666667,15.5,0.11111,3.055556
3b541cec-cd37-489a-b04e-f91cd4caaaed,4.0,0.4444444444444444,3.0,11793.22,2948.305,1514.123305645878,86,1,1.0,4.0,4.0,1.0,1.0,1.0,1.0,4.0,6.0,1.0,1.0,1.0,0.4444444444444444,2948.305,4793.05,0.4064241996672665,114.89527777777778,0.0,0.0,2.0,0.5,26.0,1.0,79.0,4,12.0,1,1,2,1,1,58,58,110,0.1791,0.0,0.2044,0.1366,T3,False,none,0.748454,0.751513,0.626443,0.471333,0.622351,0.604257,0.633792,0.655301,0.598862,0.625201,0.303984,1.0,13.0,0.1,9.333333,29.0,0.888871,3.477778
727ed9e8-9a83-4a0a-9ae8-3c44cead5a15,5.0,0.5555555555555556,4.0,17963.87,3592.774,1705.7659222853526,78,0,2.0,2.5,8.0,2.0,1.0,0.8,1.0,5.0,1.0,0.0,0.0,1.0,0.5555555555555556,3592.774,4714.29,0.26243175885819703,160.67555555555555,2.0,0.4,2.0,0.6,23.0,2.0,62.8,5,15.0,2,1,2,2,0,50,50,198,0.0889,0.0,0.2489,0.1724,T3,False,none,0.321003,1.835391,0.390836,0.562015,1.848264,1.037958,0.832567,0.76465,1.059071,0.921675,0.220173,0.0,13.8,0.0,7.666667,16.666667,0.92591,2.555556
12fcb6d8-84ad-4931-8f10-a172db50f9d3,3.0,0.3333333333333333,3.0,10893.869999999999,3631.2899999999995,833.7343689089469,80,1,1.0,3.0,8.0,1.0,1.0,1.0,2.0,1.5,6.0,2.0,1.0,0.6666666666666666,0.3333333333333333,3631.2899999999995,4557.79,0.4183811629843206,34.013333333333335,2.0,0.3333333333333333,2.0,0.6666666666666666,23.0,2.0,86.0,5,9.0,1,2,2,1,2,56,56,108,0.1587,0.0,0.2348,0.071,T3,False,none,0.472232,0.512093,0.536396,0.349947,0.625422,0.577724,0.656756,0.573927,0.47524,0.521294,0.246312,1.5,15.333333,0.166667,8.333333,28.0,0.499993,3.333333
dc054a45-aa6e-49a1-b055-ee25d450d4c8,2.0,0.2222222222222222,2.0,401.64,200.82,76.56552226687938,76,1,2.0,1.0,7.0,2.0,1.0,0.5,2.0,1.0,3.0,2.0,1.0,0.5,0.2222222222222222,200.82,254.96,0.6347973309431332,67.40305555555555,13.0,0.0,1.0,1.0,21.0,1.0,30.0,5,6.0,2,2,1,2,2,34,35,198,0.0889,0.0,0.2489,0.1724,T3,False,none,0.652915,0.707606,0.633224,0.62423,1.848264,1.124972,1.201542,1.015622,0.850954,0.927799,0.424881,1.0,21.0,0.5,7.666667,11.333333,0.22222,3.055556
56983ad6-d7b0-4438-9e8a-241e40cf20b6,4.0,0.4444444444444444,4.0,8269.6,2067.4,1589.3895476146388,57,0,2.0,2.0,7.0,2.0,1.0,0.75,2.0,2.0,6.0,2.0,1.0,0.75,0.4444444444444444,2067.4,3628.69,0.43879873270774883,219.79333333333332,7.0,0.25,3.0,0.5,19.0,0.0,67.5,7,12.0,2,2,3,2,2,64,64,198,0.0889,0.0,0.2489,0.1724,T3,False,none,0.379993,0.397782,0.829914,0.683147,1.848264,0.450895,0.390556,0.410525,0.836568,0.637748,0.625465,1.0,9.5,0.166667,6.666667,21.333333,0.888871,2.611111
bcff694a-2232-44f3-ac85-4020e4b995c1,4.0,0.4444444444444444,3.0,9106.15,2276.5375,868.494957205663,83,1,2.0,2.0,10.0,2.0,1.0,0.75,3.0,1.3333333333333333,7.0,3.0,1.0,0.5,0.4444444444444444,2276.5375,3152.14,0.34615507102342924,146.7411111111111,0.0,0.25,4.0,0.25,24.0,2.0,49.0,9,12.0,2,3,4,2,3,110,111,198,0.0889,0.0,0.2489,0.1724,T3,False,none,0.508844,1.146256,0.968622,1.643063,1.848264,0.441507,0.452989,0.464573,1.412553,0.970162,1.314647,1.333333,6.0,0.083333,8.666667,36.666667,1.777707,3.361111
2138d5ae-6313-4fde-8663-84b5812adfc7,2.0,0.2222222222222222,2.0,3565.33,1782.665,697.9921747770529,69,0,1.0,2.0,9.0,1.0,1.0,1.0,2.0,1.0,5.0,1.0,0.5,0.5,0.2222222222222222,1782.665,2276.22,0.638431786117975,35.55166666666667,3.0,0.0,1.0,1.0,29.0,0.0,51.0,4,6.0,1,2,1,1,1,40,40,89,0.2523,0.0,0.1667,0.1056,T3,False,none,0.513684,0.835151,0.946687,0.620938,0.277908,0.716013,0.764306,0.674302,0.685184,0.680106,0.370361,0.75,29.0,0.166667,9.833333,20.0,0.22222,3.583333
24098f65-388f-4c13-9b92-de8672443c2a,4.0,0.4444444444444444,3.0,10824.130000000001,2706.0325000000003,1225.4915825462315,35,0,1.0,4.0,5.0,1.0,1.0,1.0,1.0,4.0,2.0,1.0,1.0,1.0,0.4444444444444444,2706.0325000000003,4114.24,0.3800989086420802,119.51777777777778,5.0,0.75,2.0,0.5,18.0,2.0,30.5,4,12.0,1,1,2,1,1,37,38,129,0.1169,0.0,0.1879,0.1099,T3,False,none,0.689021,0.859495,0.55302,0.531505,0.675501,0.438059,0.521278,0.537502,0.641984,0.593226,0.078225,1.0,9.0,0.1,6.333333,18.5,0.888871,2.477778
28b5de35-5aad-4b7a-abf6-249f2fc04bbe,4.0,0.4444444444444444,4.0,6574.27,1643.5675,1682.6890205338004,95,1,2.0,2.0,7.0,2.0,1.0,0.75,2.0,2.0,3.0,2.0,1.0,0.75,0.4444444444444444,1643.5675,4020.46,0.6115447038226297,146.82666666666665,1.0,0.25,1.0,1.0,20.0,1.0,31.0,5,12.0,2,2,1,2,2,33,33,134,0.1691,0.0224,0.2258,0.1728,T3,False,none,0.379993,0.424727,0.660703,0.596874,1.123263,0.754044,0.482947,0.556807,0.654867,0.609105,0.425802,1.0,20.0,0.333333,7.333333,11.0,0.44444,2.888889
7353fe6a-90f2-42f1-9a3c-bcb03af3a849,4.0,0.4444444444444444,4.0,10285.67,2571.4175,1772.131466875882,74,1,2.0,2.0,9.0,2.0,1.0,0.75,2.0,2.0,4.0,2.0,1.0,0.75,0.4444444444444444,2571.4175,4799.78,0.4666472869535966,168.97722222222222,9.0,0.25,3.0,0.5,23.0,0.0,54.25,7,12.0,2,2,3,2,2,76,79,84,0.204,0.0,0.1092,0.124,T3,False,none,0.449411,0.34369,0.6933,0.813242,0.51107,0.586625,0.424666,0.493435,0.620504,0.561205,0.52977,1.0,11.5,0.166667,8.333333,25.333333,0.888871,3.166667
6c155c8d-d1c2-4c1b-a295-41e0ec009279,4.0,0.4444444444444444,4.0,9973.86,2493.465,1789.0478351067086,30,0,1.0,4.0,6.0,1.0,1.0,1.0,1.0,4.0,6.0,1.0,1.0,1.0,0.4444444444444444,2493.465,4348.09,0.435948569560832,221.44944444444445,5.0,0.0,3.0,0.5,20.0,1.0,65.0,5,12.0,1,1,3,1,1,64,64,198,0.0889,0.0,0.2489,0.1724,T3,False,none,0.629588,0.751513,0.590742,0.581636,1.848264,0.600112,0.59876,0.608083,0.837107,0.730229,0.425441,1.0,10.0,0.1,7.0,32.0,0.888871,2.7
61f5d8aa-46ab-4af9-b755-f5249928ce2f,5.0,0.5555555555555556,5.0,15901.52,3180.304,767.6779630352822,86,1,2.0,2.5,8.0,2.0,1.0,0.6,2.0,2.5,3.0,2.0,1.0,0.6,0.5555555555555556,3180.304,4265.88,0.268268693810403,145.38694444444445,0.0,0.2,2.0,0.8,23.0,0.0,84.4,6,15.0,2,2,2,2,2,54,54,110,0.1791,0.0,0.2044,0.1366,T3,False,none,0.453014,0.525518,0.690957,0.473698,0.622351,1.008821,0.722325,0.75452,0.556691,0.649011,0.369868,1.0,18.4,0.228571,8.333333,18.0,0.694436,3.187302
858bd90f-1c88-4bdf-8614-5199eed6ed35,2.0,0.2222222222222222,2.0,2622.48,1311.24,109.51669827017255,73,1,1.0,2.0,9.0,1.0,1.0,1.0,1.0,2.0,4.0,1.0,1.0,1.0,0.2222222222222222,1311.24,1388.68,0.5295293005094415,23.483055555555556,4.0,0.5,1.0,1.0,11.0,0.0,93.0,3,6.0,1,1,1,1,1,21,21,121,0.1789,0.0083,0.2434,0.1287,T3,False,none,0.513684,0.514136,1.396326,0.887364,0.804265,0.912456,0.834727,0.772612,0.886241,0.833214,0.220151,1.0,11.0,0.333333,4.333333,10.5,0.22222,1.888889
af82e7da-0966-41f0-94d0-4b5c8b94db7d,7.0,0.7777777777777778,4.0,19229.14,2747.02,1644.0089365126132,97,1,3.0,2.3333333333333335,9.0,3.0,1.0,0.7142857142857143,2.0,3.5,3.0,2.0,1.0,0.8571428571428571,0.7777777777777778,2747.02,4809.49,0.2501146697148182,209.7138888888889,3.0,0.14285714285714285,2.0,0.8571428571428571,22.0,0.0,68.71428571428571,7,21.0,3,2,2,3,2,60,62,95,0.2056,0.0211,0.1855,0.0916,T3,False,none,0.89102,0.582549,0.565568,1.015791,0.105784,1.29846,0.961352,1.06968,0.662016,0.852259,0.340994,0.75,18.857143,0.257143,8.0,15.0,0.907397,3.002381
6a83b110-d1da-422e-9cc2-ba4a4b365825,3.0,0.3333333333333333,3.0,10618.3,3539.433333333333,1060.9493438582886,33,0,1.0,3.0,10.0,1.0,1.0,1.0,2.0,1.5,4.0,2.0,1.0,0.6666666666666666,0.3333333333333333,3539.433333333333,4756.65,0.44796718872135843,176.76944444444445,7.0,0.3333333333333333,1.0,1.0,24.0,3.0,55.0,4,9.0,1,2,1,1,2,36,37,89,0.2523,0.0,0.1667,0.1056,T3,False,none,0.591098,0.458001,0.882582,0.594005,0.277908,0.499815,0.525982,0.534618,0.567441,0.552124,0.358575,1.5,24.0,0.25,8.333333,18.0,0.33333,3.361111
79d3eaa9-1e2f-485e-8562-f4a749dee17a,4.0,0.4444444444444444,3.0,11746.41,2936.6025,1416.7949656266428,49,1,2.0,2.0,5.0,2.0,1.0,0.75,2.0,2.0,6.0,2.0,1.0,0.75,0.4444444444444444,2936.6025,4632.42,0.39436900295494537,131.50444444444443,1.0,0.25,4.0,0.25,23.0,2.0,73.0,8,12.0,2,2,4,2,2,96,98,154,0.1225,0.0,0.2652,0.1509,T3,False,none,0.498859,0.397782,1.13417,1.171082,1.400021,0.43865,0.509123,0.479344,1.008224,0.761413,0.86924,1.0,5.75,0.083333,8.333333,32.0,1.777707,3.138889
b09ffb16-6546-4666-ac50-5bbad732fd95,2.0,0.2222222222222222,2.0,6172.45,3086.225,2138.5101094102874,38,0,1.0,2.0,4.0,1.0,1.0,1.0,1.0,2.0,6.0,1.0,1.0,1.0,0.2222222222222222,3086.225,4598.38,0.744984568526274,68.725,1.0,0.5,2.0,0.5,25.0,0.0,84.5,4,6.0,1,1,2,1,1,54,54,96,0.2355,0.0,0.1833,0.0828,T3,False,none,0.622565,0.568228,0.81905,0.474518,0.215092,0.777908,0.757695,0.726787,0.526485,0.619959,0.195049,1.0,12.5,0.166667,8.666667,27.0,0.444436,3.277778
c85d687c-ee19-41e4-82f3-b300bf451500,2.0,0.2222222222222222,2.0,4558.67,2279.335,1960.5454747212573,64,0,1.0,2.0,6.0,1.0,1.0,1.0,1.0,2.0,4.0,1.0,1.0,1.0,0.2222222222222222,2279.335,3665.65,0.8041051447022926,27.714444444444446,13.0,0.0,2.0,0.5,27.0,1.0,65.0,4,6.0,1,1,2,1,1,48,49,89,0.2523,0.0,0.1667,0.1056,T3,False,none,0.5037,0.514136,0.544819,0.467154,0.277908,0.683996,0.731884,0.648445,0.463539,0.549829,0.204736,1.0,13.5,0.166667,9.333333,24.0,0.444436,3.5
706e70b9-abdd-44e4-b139-873d76674212,4.0,0.4444444444444444,2.0,7085.7699999999995,1771.4424999999999,1930.4386851935149,60,0,1.0,4.0,10.0,1.0,1.0,1.0,3.0,1.3333333333333333,6.0,3.0,1.0,0.5,0.4444444444444444,1771.4424999999999,4495.99,0.6345097286533432,53.08444444444444,11.0,0.0,3.0,0.5,28.0,0.0,91.5,7,12.0,1,3,3,1,3,87,88,134,0.1691,0.0224,0.2258,0.1728,T3,False,none,0.699006,1.065219,1.185272,1.180022,1.123263,0.568785,0.650713,0.6333,1.142955,0.905116,1.058079,2.0,14.0,0.1,9.666667,43.5,0.888871,3.922222
6d934c15-93b9-45dd-ae5c-f58bcaf632a9,3.0,0.3333333333333333,3.0,6902.76,2300.92,1929.6997322640639,37,0,1.0,3.0,10.0,1.0,1.0,1.0,1.0,3.0,4.0,1.0,1.0,1.0,0.3333333333333333,2300.92,4175.83,0.6049507733138628,61.44166666666667,2.0,0.3333333333333333,2.0,0.6666666666666666,21.0,0.0,85.33333333333333,4,9.0,1,1,2,1,1,44,44,154,0.1225,0.0,0.2652,0.1509,T3,False,none,0.591098,0.577315,0.585115,0.453834,1.400021,0.467767,0.386915,0.476054,0.669753,0.57936,0.172624,1.0,14.0,0.166667,7.333333,22.0,0.499993,2.833333
1b26057b-6589-4bed-a831-58b053657c2e,2.0,0.2222222222222222,2.0,2978.2200000000003,1489.1100000000001,136.41504022650872,82,1,2.0,1.0,7.0,2.0,1.0,0.5,2.0,1.0,5.0,2.0,1.0,0.5,0.2222222222222222,1489.1100000000001,1585.57,0.5323884736520471,106.95055555555555,10.0,0.5,1.0,1.0,21.0,3.0,48.0,5,6.0,2,2,1,2,2,35,35,154,0.1225,0.0,0.2652,0.1509,T3,False,none,0.652915,0.599624,0.74616,0.619355,1.400021,0.925241,0.632493,0.749851,0.770951,0.761104,0.390131,1.0,21.0,0.5,7.666667,11.666667,0.22222,3.055556
2b3b53d2-0f11-4067-be81-2e45d2692156,3.0,0.3333333333333333,3.0,6211.02,2070.34,2178.0275492059327,53,1,2.0,1.5,7.0,2.0,1.0,0.6666666666666666,2.0,1.5,9.0,2.0,1.0,0.6666666666666666,0.3333333333333333,2070.34,4576.63,0.7368564261586663,93.97638888888889,20.0,0.0,1.0,1.0,19.0,1.0,68.0,5,9.0,2,2,1,2,2,43,43,110,0.1928,0.0091,0.1832,0.0943,T3,False,none,0.488952,0.755204,0.717228,0.485487,0.231917,0.462278,0.781308,0.576242,0.558934,0.567011,0.436621,1.0,19.0,0.4,7.0,14.333333,0.33333,2.8
1ff5b0a0-df14-499e-aafc-616d12519b2f,0.0,0.0,0.0,0.0,0.0,0.0,51,0,0.0,0.0,0.0,0.0,0.0,0.0,0.0,0.0,0.0,0.0,0.0,0.0,0.0,0.0,0.0,0.0,0.0,0.0,0.0,0.0,0.0,0.0,0.0,0.0,0,0.0,0,0,0,0,0,0,0,1,0.0,0.0,0.0,0.0,T3,False,none,2.767811,2.428211,2.297128,2.075966,2.409508,1.500074,1.781581,1.956121,2.265693,2.121226,0.0,0.0,0.0,0.0,0.0,0.0,0.0,0.0
7e46da3f-e52e-4bf0-b9c6-757998b82a56,1.0,0.1111111111111111,1.0,587.27,587.27,0.0,63,0,1.0,1.0,9.0,1.0,1.0,1.0,1.0,1.0,5.0,1.0,1.0,1.0,0.1111111111111111,587.27,587.27,1.0,0.0,20.0,1.0,1.0,1.0,17.0,3.0,24.0,3,3.0,1,1,1,1,1,28,28,129,0.1169,0.0,0.1879,0.1099,T3,False,none,0.621592,0.607297,1.091062,0.876513,0.675501,1.235592,1.891255,1.278718,0.820405,1.034284,0.191618,1.0,17.0,0.5,6.0,14.0,0.11111,2.5
a4caaa21-b190-4032-ab3c-1da89d369570,3.0,0.3333333333333333,3.0,5381.97,1793.99,1814.0928795406257,77,0,3.0,1.0,7.0,3.0,1.0,0.3333333333333333,1.0,3.0,2.0,1.0,1.0,1.0,0.3333333333333333,1793.99,3888.35,0.7224770855281616,208.13861111111112,8.0,0.0,2.0,0.6666666666666666,26.0,1.0,67.0,6,9.0,3,1,2,3,1,63,64,96,0.2355,0.0,0.1833,0.0828,T3,False,none,1.21693,0.739389,0.402873,0.824942,0.215092,0.580542,0.62592,0.777493,0.613981,0.690287,0.236246,0.5,17.333333,0.333333,9.0,15.75,0.499993,3.277778
c2ff210d-f52d-4de6-a2ee-f15223ec56fa,6.0,0.6666666666666666,4.0,19197.82,3199.6366666666668,1084.1247804135216,105,0,3.0,2.0,9.0,3.0,1.0,0.6666666666666666,2.0,3.0,4.0,2.0,1.0,0.8333333333333334,0.6666666666666666,3199.6366666666668,4761.07,0.2480005542295948,177.57583333333332,23.0,0.16666666666666666,4.0,0.3333333333333333,21.0,3.0,82.33333333333333,9,18.0,3,2,4,3,2,85,86,67,0.2687,0.0,0.1443,0.07,T3,False,none,0.958421,0.425957,1.287062,1.534841,0.56421,1.185878,1.158962,1.111918,1.044227,1.075816,0.709833,0.75,7.0,0.111111,7.333333,21.25,1.99994,2.731481
10835fd1-1f4f-41fc-ad8d-b339243cbf1b,3.0,0.3333333333333333,2.0,8756.55,2918.85,2515.025905969956,40,1,1.0,3.0,8.0,1.0,1.0,1.0,1.0,3.0,3.0,1.0,1.0,1.0,0.3333333333333333,2918.85,4527.16,0.5170027008353747,195.475,10.0,0.0,2.0,0.6666666666666666,20.0,3.0,52.0,4,9.0,1,1,2,1,1,44,44,121,0.174,0.0,0.2013,0.1186,T3,False,none,0.472232,0.658352,0.422918,0.453834,0.581664,0.634543,0.594789,0.574917,0.519828,0.545536,0.098256,1.0,13.333333,0.166667,7.333333,22.0,0.499993,2.833333
ce0727ad-015e-464c-a100-9a58a1b07a91,3.0,0.3333333333333333,3.0,6288.07,2096.023333333333,1015.7433901007347,92,0,1.0,3.0,9.0,1.0,1.0,1.0,1.0,3.0,5.0,1.0,1.0,1.0,0.3333333333333333,2096.023333333333,2842.07,0.45197811093069895,190.4075,12.0,0.0,2.0,0.6666666666666666,29.0,2.0,29.666666666666668,4,9.0,1,1,2,1,1,56,58,154,0.1225,0.0,0.2652,0.1509,T3,False,none,0.531665,0.550371,0.591093,0.446675,1.400021,0.491918,0.604816,0.540907,0.661577,0.605264,0.333644,1.0,19.333333,0.166667,10.0,28.0,0.499993,3.722222
71abeea8-e4b7-4232-b794-151b286a9cfc,4.0,0.4444444444444444,3.0,9661.529999999999,2415.3824999999997,1627.3022962636658,66,0,2.0,2.0,7.0,2.0,1.0,0.75,1.0,4.0,7.0,1.0,1.0,1.0,0.4444444444444444,2415.3824999999997,3998.32,0.4138392159419885,159.70277777777778,7.0,0.0,3.0,0.5,26.0,0.0,54.0,6,12.0,2,1,3,2,1,81,84,96,0.2355,0.0,0.1833,0.0828,T3,False,none,0.379993,0.83255,0.798814,0.831424,0.215092,0.409284,0.401744,0.398402,0.72219,0.571089,0.502044,0.666667,13.0,0.166667,9.0,27.0,0.888871,3.277778
9bcb38f2-c1b8-48e6-b13f-3aa0086f020c,2.0,0.2222222222222222,2.0,4249.3,2124.65,464.54087096831427,104,0,1.0,2.0,7.0,1.0,1.0,1.0,1.0,2.0,3.0,1.0,1.0,1.0,0.2222222222222222,2124.65,2453.13,0.5773021438825219,111.86638888888889,7.0,0.0,1.0,1.0,22.0,2.0,74.0,3,6.0,1,1,1,1,1,29,29,198,0.0889,0.0,0.2489,0.1724,T3,False,none,0.444267,0.595173,0.787977,0.810181,1.848264,0.884621,0.436716,0.609504,0.924817,0.777671,0.331296,1.0,22.0,0.333333,7.666667,14.5,0.22222,3.0
f9f525ec-e2e7-4944-8ea4-a2c15480ffd9,5.0,0.5555555555555556,5.0,9891.48,1978.2959999999998,1429.4170824430496,77,0,1.0,5.0,5.0,1.0,1.0,1.0,1.0,5.0,5.0,1.0,1.0,1.0,0.5555555555555556,1978.2959999999998,4052.45,0.40969096636701485,180.02055555555555,0.0,0.2,5.0,0.2,25.0,1.0,69.4,7,15.0,1,1,5,1,1,96,97,198,0.0889,0.0,0.2489,0.1724,T3,False,none,0.796928,0.790582,1.330739,1.291108,1.848264,0.785546,0.637719,0.739523,1.267092,1.020893,0.845922,1.0,5.0,0.033333,8.666667,48.0,2.777639,3.233333
98edbf0c-8b53-41e5-8c3c-7c3cc2217400,3.0,0.3333333333333333,3.0,5284.49,1761.4966666666667,955.0312521762486,32,0,1.0,3.0,7.0,1.0,1.0,1.0,2.0,1.5,5.0,2.0,1.0,0.6666666666666666,0.3333333333333333,1761.4966666666667,2864.27,0.5420144611873615,144.20388888888888,12.0,0.0,1.0,1.0,27.0,2.0,91.0,4,9.0,1,2,1,1,2,37,37,121,0.174,0.0,0.2013,0.1186,T3,False,none,0.462248,0.431056,1.110002,0.58913,0.581664,0.480254,0.530448,0.491841,0.656882,0.579863,0.407816,1.5,27.0,0.25,9.333333,18.5,0.33333,3.694444
52960aea-3d4f-426e-8721-bb50d2c58fb9,4.0,0.4444444444444444,3.0,3933.78,983.445,1452.4074612059342,107,1,1.0,4.0,4.0,1.0,1.0,1.0,2.0,2.0,5.0,2.0,1.0,0.75,0.4444444444444444,983.445,3126.69,0.7948309259795922,116.11888888888889,3.0,0.0,4.0,0.25,24.0,1.0,75.0,7,12.0,1,2,4,1,2,79,82,121,0.1789,0.0083,0.2434,0.1287,T3,False,none,0.748454,0.316745,1.105146,0.940357,0.804265,0.838255,0.687227,0.762255,0.796103,0.780307,0.674461,1.5,6.0,0.05,8.666667,39.5,1.777707,3.405556
b3fcc65d-1f97-489f-89e0-7b5d402cbfc7,3.0,0.3333333333333333,3.0,7600.21,2533.403333333333,1515.635803428163,46,1,2.0,1.5,9.0,2.0,1.0,0.6666666666666666,1.0,3.0,1.0,0.0,0.0,1.0,0.3333333333333333,2533.403333333333,3946.71,0.5192895985768814,111.21305555555556,9.0,0.6666666666666666,2.0,0.6666666666666666,21.0,3.0,95.33333333333333,5,9.0,2,1,2,2,0,53,53,67,0.2687,0.0,0.1443,0.07,T3,False,none,0.55837,1.595179,0.750719,0.50266,0.56421,0.326936,0.332312,0.394852,0.837727,0.631052,0.07577,0.0,14.0,0.0,7.333333,17.666667,0.499993,2.444444
990cd39d-e50d-4958-9fa7-0db7c7279c09,3.0,0.3333333333333333,3.0,6842.76,2280.92,737.7859450409718,108,1,1.0,3.0,9.0,1.0,1.0,1.0,1.0,3.0,4.0,1.0,1.0,1.0,0.3333333333333333,2280.92,3016.99,0.4409025013298727,128.5286111111111,1.0,0.3333333333333333,1.0,1.0,23.0,0.0,55.0,3,9.0,1,1,1,1,1,33,33,121,0.1789,0.0083,0.2434,0.1287,T3,False,none,0.531665,0.577315,0.765032,0.714904,0.804265,0.581346,0.34244,0.487516,0.705844,0.603957,0.246985,1.0,23.0,0.25,8.333333,16.5,0.33333,3.194444
f9e5e80f-10a7-4e0f-a278-ca5aa55ec508,5.0,0.5555555555555556,3.0,13013.27,2602.654,1609.0383041991263,50,1,3.0,1.6666666666666667,10.0,3.0,1.0,0.6,2.0,2.5,6.0,2.0,1.0,0.8,0.5555555555555556,2602.654,4029.48,0.30964392500885635,156.87,3.0,0.0,1.0,1.0,14.0,0.0,35.0,6,15.0,3,2,1,3,2,39,39,129,0.1169,0.0,0.1879,0.1099,T3,False,none,1.097827,0.398293,1.024678,0.956931,0.675501,0.581639,0.641568,0.749098,0.784481,0.767969,0.387883,0.75,14.0,0.375,5.333333,9.75,0.55555,2.152778
84980769-7309-405c-8e88-411751ca1048,1.0,0.1111111111111111,1.0,2933.54,2933.54,0.0,73,1,1.0,1.0,7.0,1.0,1.0,1.0,1.0,1.0,4.0,1.0,1.0,1.0,0.1111111111111111,2933.54,2933.54,1.0,0.0,8.0,0.0,1.0,1.0,14.0,3.0,64.0,3,3.0,1,1,1,1,1,22,22,67,0.2469,0.0,0.1605,0.1111,T3,False,none,0.552174,0.634241,1.127012,0.934401,0.434357,1.065107,0.964057,0.884871,0.816148,0.848219,0.218798,1.0,14.0,0.5,5.333333,11.0,0.11111,2.277778
c63dbe32-c34c-4bd5-b8d3-2d7296084d19,6.0,0.6666666666666666,4.0,19033.31,3172.2183333333337,1121.0837797670015,56,0,2.0,3.0,11.0,2.0,1.0,0.8333333333333334,1.0,6.0,5.0,1.0,1.0,1.0,0.6666666666666666,3172.2183333333337,4823.85,0.2534425173551001,196.07972222222222,1.0,0.16666666666666666,2.0,0.8333333333333334,21.0,0.0,39.333333333333336,5,18.0,2,1,2,2,1,59,59,110,0.1791,0.0,0.2044,0.1366,T3,False,none,0.559817,0.910688,0.440975,0.548595,0.622351,0.918315,0.956736,0.828694,0.62899,0.722185,0.236836,0.666667,17.5,0.208333,7.333333,19.666667,0.79999,2.736111
0baf86cb-e497-45b7-bdf0-fcaf5c969135,4.0,0.4444444444444444,4.0,9212.71,2303.1775,279.3272709415727,73,1,1.0,4.0,8.0,1.0,1.0,1.0,2.0,2.0,4.0,2.0,1.0,0.75,0.4444444444444444,2303.1775,2667.8,0.2895782022879262,182.13222222222223,4.0,0.25,3.0,0.5,27.0,1.0,83.75,6,12.0,1,2,3,1,2,82,83,110,0.1928,0.0091,0.1832,0.0943,T3,False,none,0.58014,0.34369,0.90204,0.790101,0.231917,0.573442,0.511511,0.554712,0.608788,0.583553,0.502578,1.5,13.5,0.1,9.666667,41.0,0.888871,3.755556
b63dfddc-7ff1-4f24-bc05-a53f226f4bed,2.0,0.2222222222222222,2.0,4064.06,2032.03,2754.053633500989,103,0,1.0,2.0,3.0,1.0,1.0,1.0,1.0,2.0,6.0,1.0,1.0,1.0,0.2222222222222222,2032.03,3979.44,0.9791784570109694,110.14805555555556,8.0,0.0,1.0,1.0,21.0,3.0,95.0,3,6.0,1,1,1,1,1,27,27,96,0.2355,0.0,0.1833,0.0828,T3,False,none,0.681998,0.568228,1.136082,0.829477,0.215092,1.072608,0.624464,0.811624,0.725643,0.765767,0.220619,1.0,21.0,0.333333,7.333333,13.5,0.22222,2.888889
aa36af4f-a307-45bf-875f-169f37bd519f,6.0,0.6666666666666666,5.0,17366.629999999997,2894.438333333333,1842.2329194585213,96,1,2.0,3.0,7.0,2.0,1.0,0.8333333333333334,2.0,3.0,5.0,2.0,1.0,0.6666666666666666,0.6666666666666666,2894.438333333333,4592.45,0.2644410573611576,215.97583333333333,3.0,0.0,3.0,0.5,25.0,0.0,74.16666666666667,7,18.0,2,2,3,2,2,78,79,95,0.2056,0.0211,0.1855,0.0916,T3,False,none,0.371533,0.434183,0.932191,0.936361,0.105784,1.259222,0.959968,0.905845,0.671518,0.780871,0.510511,1.0,12.5,0.125,9.0,26.0,1.333307,3.375
ac37b271-3736-4ea5-a16e-a2eb911ba1e6,1.0,0.1111111111111111,1.0,3013.0,3013.0,0.0,67,1,1.0,1.0,2.0,1.0,1.0,1.0,1.0,1.0,4.0,1.0,1.0,1.0,0.1111111111111111,3013.0,3013.0,1.0,0.0,6.0,0.0,1.0,1.0,25.0,0.0,50.0,3,3.0,1,1,1,1,1,28,28,95,0.2056,0.0211,0.1855,0.0916,T3,False,none,0.849339,0.634241,0.794811,0.876513,0.105784,1.041233,0.958571,0.958852,0.670469,0.805048,0.194174,1.0,25.0,0.5,9.0,14.0,0.11111,3.5
174ce4d4-de47-4b2f-a3f3-05e6f6150df9,4.0,0.4444444444444444,3.0,5082.2,1270.55,1179.5705721433824,78,1,1.0,4.0,7.0,1.0,1.0,1.0,2.0,2.0,4.0,2.0,1.0,0.75,0.4444444444444444,1270.55,2886.89,0.5680394317421589,114.20777777777778,0.0,0.25,2.0,0.5,25.0,1.0,101.0,5,12.0,1,2,2,1,2,56,56,43,0.4131,0.0,0.082,0.0328,T3,False,none,0.570155,0.34369,0.775205,0.364855,1.59323,0.573457,0.488794,0.544292,0.649783,0.600554,0.418804,1.5,12.5,0.1,9.0,28.0,0.888871,3.533333
d1c50901-87a7-406c-8f16-6833a2ae2424,2.0,0.2222222222222222,2.0,3217.92,1608.96,209.64301848618763,44,1,2.0,1.0,7.0,2.0,1.0,0.5,1.0,2.0,2.0,1.0,1.0,1.0,0.2222222222222222,1608.96,1757.2,0.5460670246618934,35.21944444444444,9.0,0.5,2.0,0.5,21.0,0.0,51.5,5,6.0,2,1,2,2,1,41,42,198,0.0889,0.0,0.2489,0.1724,T3,False,none,0.652915,0.67621,0.424031,0.488934,1.848264,0.79381,0.72293,0.729928,0.748787,0.739986,0.222126,0.666667,10.5,0.25,7.666667,13.666667,0.444436,2.861111
76c9273d-16e3-4e4b-b133-ab6fad883e2f,6.0,0.6666666666666666,6.0,10955.960000000001,1825.9933333333336,1753.4111516317746,53,0,1.0,6.0,5.0,1.0,1.0,1.0,2.0,3.0,8.0,2.0,1.0,0.6666666666666666,0.6666666666666666,1825.9933333333336,4766.63,0.4350718695577567,188.75222222222223,14.0,0.0,3.0,0.6666666666666666,29.0,1.0,58.5,6,18.0,1,2,3,1,2,75,76,154,0.1225,0.0,0.2652,0.1509,T3,False,none,0.904835,0.677294,0.639012,0.835934,1.400021,0.97742,0.919347,0.937324,0.849263,0.890358,0.784943,1.5,19.333333,0.095238,10.0,37.5,0.999985,3.865079
d460e8ab-b2f6-4400-9a21-ca27e2e24058,4.0,0.4444444444444444,4.0,6295.77,1573.9425,1239.510605343227,99,1,1.0,4.0,11.0,1.0,1.0,1.0,2.0,2.0,5.0,2.0,1.0,0.75,0.4444444444444444,1573.9425,3232.79,0.5134860390389102,89.2025,0.0,0.0,2.0,0.5,22.0,0.0,43.0,5,12.0,1,2,2,1,2,58,59,67,0.2687,0.0,0.1443,0.07,T3,False,none,0.758439,0.316745,0.451599,0.388924,0.56421,0.713482,0.539385,0.668294,0.413151,0.532218,0.253895,1.5,11.0,0.1,8.0,29.0,0.888871,3.2
00973256-d160-48d0-b629-ade26239ab92,4.0,0.4444444444444444,4.0,13460.560000000001,3365.1400000000003,577.0829070997224,79,0,1.0,4.0,9.0,1.0,1.0,1.0,2.0,2.0,5.0,2.0,1.0,0.75,0.4444444444444444,3365.1400000000003,3880.05,0.2882532376067563,191.93055555555554,6.0,0.0,2.0,0.75,26.0,1.0,81.5,5,12.0,1,2,2,1,2,55,56,110,0.1791,0.0,0.2044,0.1366,T3,False,none,0.639573,0.316745,0.555053,0.35998,0.622351,0.76843,0.673912,0.700108,0.43354,0.557938,0.372821,1.5,19.5,0.15,9.0,27.5,0.592585,3.55
21232e41-ed58-4f24-9f98-7dc2f119aa6a,6.0,0.6666666666666666,5.0,14937.24,2489.54,1318.9558601560555,52,1,1.0,6.0,8.0,1.0,1.0,1.0,1.0,6.0,3.0,1.0,1.0,1.0,0.6666666666666666,2489.54,4001.45,0.2678841606615412,157.84333333333333,22.0,0.3333333333333333,3.0,0.5,23.0,2.0,45.666666666666664,5,18.0,1,1,3,1,1,69,70,89,0.2321,0.0,0.0992,0.0863,T3,False,none,0.795954,1.01867,0.564312,0.748018,0.403244,0.845708,0.86672,0.838497,0.719947,0.77527,0.250894,1.0,11.5,0.071429,8.333333,34.5,1.333307,3.134921
8fc1be73-7f69-4e62-afeb-6b0d4267253d,3.0,0.3333333333333333,3.0,4653.79,1551.2633333333333,423.9885251198825,50,1,2.0,1.5,9.0,2.0,1.0,0.6666666666666666,1.0,3.0,4.0,1.0,1.0,1.0,0.3333333333333333,1551.2633333333333,2038.52,0.4380343762825568,49.50888888888889,2.0,0.3333333333333333,2.0,0.6666666666666666,23.0,3.0,52.333333333333336,5,9.0,2,1,2,2,1,58,59,43,0.4131,0.0,0.082,0.0328,T3,False,none,0.55837,0.577315,0.436171,0.415442,1.59323,0.509302,0.613124,0.557929,0.656527,0.610515,0.290058,0.666667,15.333333,0.266667,8.333333,19.333333,0.499993,3.088889
c27a643b-1bf0-4f83-93df-94852a7dd753,2.0,0.2222222222222222,2.0,3996.2599999999998,1998.1299999999999,2050.326822728513,94,1,2.0,1.0,7.0,2.0,1.0,0.5,1.0,2.0,2.0,1.0,1.0,1.0,0.2222222222222222,1998.1299999999999,3447.93,0.8627892079093953,64.67666666666666,13.0,0.0,1.0,1.0,23.0,1.0,67.0,4,6.0,2,1,1,2,1,34,34,121,0.174,0.0,0.2013,0.1186,T3,False,none,0.652915,0.67621,0.683421,0.716185,0.581664,0.899748,0.727535,0.77182,0.676945,0.72122,0.22373,0.666667,23.0,0.5,8.333333,11.333333,0.22222,3.166667
624383b4-d56c-4790-abe1-044d78f96fc0,2.0,0.2222222222222222,2.0,5618.7,2809.35,232.44014111164208,66,0,1.0,2.0,5.0,1.0,1.0,1.0,1.0,2.0,2.0,1.0,1.0,1.0,0.2222222222222222,2809.35,2973.71,0.5292523181518857,174.58,16.0,0.0,1.0,1.0,22.0,1.0,59.0,3,6.0,1,1,1,1,1,26,26,110,0.1928,0.0091,0.1832,0.0943,T3,False,none,0.563133,0.67621,0.580411,0.839125,0.231917,0.706682,0.702755,0.664359,0.643296,0.653125,0.151476,1.0,22.0,0.333333,7.666667,13.0,0.22222,3.0
c9a873a7-3e44-4edc-be32-1f544c700985,6.0,0.6666666666666666,5.0,18810.95,3135.1583333333333,1283.0350839383414,89,0,2.0,3.0,10.0,2.0,1.0,0.6666666666666666,1.0,6.0,5.0,1.0,1.0,1.0,0.6666666666666666,3135.1583333333333,4576.53,0.24329074289177313,172.19833333333332,9.0,0.16666666666666666,1.0,1.0,16.0,3.0,78.0,4,18.0,2,1,1,2,1,34,34,67,0.2687,0.0,0.1443,0.07,T3,False,none,0.58183,0.910688,1.172764,0.787778,0.56421,1.196472,0.79887,0.888326,0.86145,0.873992,0.208312,0.666667,16.0,0.25,5.666667,11.333333,0.66666,2.194444
288d8a54-e361-4de0-b582-f082164e21f7,5.0,0.5555555555555556,5.0,10955.619999999999,2191.124,1679.4973782444554,62,1,1.0,5.0,11.0,1.0,1.0,1.0,1.0,5.0,3.0,1.0,1.0,1.0,0.5555555555555556,2191.124,4635.96,0.4231581599215745,145.13055555555556,0.0,0.2,2.0,0.8,30.0,2.0,35.4,4,15.0,1,1,2,1,1,57,57,89,0.2321,0.0,0.0992,0.0863,T3,False,none,0.866346,0.898564,0.646195,0.51837,0.403244,0.738625,0.594449,0.727058,0.620861,0.670419,0.263963,1.0,24.0,0.133333,10.666667,28.5,0.694436,3.933333
f5b63be6-4beb-44c8-8ec7-19075f9f207f,3.0,0.3333333333333333,3.0,852.76,284.25333333333333,237.49189635297736,52,1,1.0,3.0,9.0,1.0,1.0,1.0,1.0,3.0,2.0,1.0,1.0,1.0,0.3333333333333333,284.25333333333333,425.82,0.4993433087855903,170.19666666666666,12.0,0.0,1.0,1.0,15.0,1.0,93.0,3,9.0,1,1,1,1,1,22,23,30,0.8828,0.0333,0.0244,0.0217,T3,False,none,0.531665,0.739389,1.070522,0.816259,3.2248,0.778037,1.062471,0.802456,1.251436,1.041912,0.783519,1.0,15.0,0.25,5.666667,11.0,0.33333,2.305556
1b8d2eae-ef74-4030-b6e1-6648e5e4f293,3.0,0.3333333333333333,3.0,3911.11,1303.7033333333334,233.44518335860636,73,0,2.0,1.5,8.0,2.0,1.0,0.6666666666666666,2.0,1.5,7.0,2.0,1.0,0.6666666666666666,0.3333333333333333,1303.7033333333334,1558.88,0.39857738595948466,114.62916666666666,1.0,0.3333333333333333,3.0,0.3333333333333333,28.0,0.0,59.333333333333336,7,9.0,2,2,3,2,2,91,91,95,0.2056,0.0211,0.1855,0.0916,T3,False,none,0.498937,0.59313,1.038176,0.928734,0.105784,0.68105,0.638245,0.614749,0.730475,0.67647,0.699682,1.0,9.333333,0.133333,9.666667,30.333333,0.99997,3.6
f3660e1f-8259-4b1b-98a5-4023746f1344,3.0,0.3333333333333333,2.0,6835.030000000001,2278.3433333333337,2206.6761944683535,91,0,1.0,3.0,5.0,1.0,1.0,1.0,2.0,1.5,6.0,2.0,1.0,0.6666666666666666,0.3333333333333333,2278.3433333333337,4516.76,0.6608251902332543,46.44416666666667,7.0,0.0,2.0,0.6666666666666666,19.0,2.0,38.666666666666664,5,9.0,1,2,2,1,2,41,43,50,0.2482,0.04,0.0909,0.0909,T3,False,none,0.581114,0.512093,0.325751,0.386051,0.707334,0.690846,0.496721,0.594785,0.458546,0.522124,0.238292,1.5,12.666667,0.166667,6.666667,20.5,0.499993,2.777778
d6a03d79-cbe7-4715-ad26-ab90efa90d0f,3.0,0.3333333333333333,2.0,9355.539999999999,3118.513333333333,1921.9423895198663,52,1,1.0,3.0,5.0,1.0,1.0,1.0,2.0,1.5,6.0,2.0,1.0,0.6666666666666666,0.3333333333333333,3118.513333333333,4564.99,0.48794511059757106,145.26416666666665,2.0,0.0,3.0,0.3333333333333333,21.0,2.0,55.0,6,9.0,1,2,3,1,2,63,63,154,0.1225,0.0,0.2652,0.1509,T3,False,none,0.581114,0.512093,0.675486,0.587108,1.400021,0.50627,0.582468,0.553053,0.722252,0.643292,0.524013,1.5,7.0,0.083333,7.666667,31.5,0.99997,3.083333
0e1b1bf3-a083-4eb0-b4cf-b92f6dcf79ac,3.0,0.3333333333333333,3.0,7292.82,2430.94,2017.8355301907038,107,1,1.0,3.0,7.0,1.0,1.0,1.0,1.0,3.0,4.0,1.0,1.0,1.0,0.3333333333333333,2430.94,4725.62,0.6479825362479809,217.5938888888889,0.0,0.0,2.0,0.6666666666666666,28.0,3.0,107.33333333333333,4,9.0,1,1,2,1,1,59,60,30,0.8828,0.0333,0.0244,0.0217,T3,False,none,0.462248,0.577315,1.077109,0.470846,3.2248,0.6507,0.741184,0.627018,1.082761,0.870081,0.826807,1.0,18.666667,0.166667,10.0,29.5,0.499993,3.722222
77f6a871-2beb-417b-a888-aa11c1d81970,5.0,0.5555555555555556,5.0,10213.07,2042.614,2005.9904441272893,55,0,1.0,5.0,5.0,1.0,1.0,1.0,1.0,5.0,4.0,1.0,1.0,1.0,0.5555555555555556,2042.614,4732.49,0.46337585074811,102.17138888888888,2.0,0.2,5.0,0.2,26.0,3.0,64.8,7,15.0,1,1,5,1,1,111,112,110,0.1791,0.0,0.2044,0.1366,T3,False,none,0.796928,0.817527,1.592004,1.435828,0.622351,0.767803,0.501276,0.687282,1.17821,0.94911,0.824876,1.0,5.2,0.033333,9.0,55.5,2.777639,3.344444
c070d9db-e95d-41c5-921a-3891994de905,3.0,0.3333333333333333,3.0,9945.28,3315.0933333333337,1886.6855467282653,69,1,2.0,1.5,12.0,2.0,1.0,0.6666666666666666,2.0,1.5,7.0,2.0,1.0,0.6666666666666666,0.3333333333333333,3315.0933333333337,4491.59,0.45163032111715307,183.9363888888889,8.0,0.0,3.0,0.3333333333333333,22.0,3.0,54.666666666666664,7,9.0,2,2,3,2,2,73,76,67,0.2687,0.0,0.1443,0.07,T3,False,none,0.736668,0.59313,0.865465,0.76939,0.56421,0.548153,0.615426,0.624439,0.711144,0.670682,0.588886,1.0,7.333333,0.133333,8.0,24.333333,0.99997,3.044444
af74c986-f846-4498-a0ab-88df5f0749ee,1.0,0.1111111111111111,1.0,2353.31,2353.31,0.0,58,0,1.0,1.0,8.0,1.0,1.0,1.0,1.0,1.0,6.0,1.0,1.0,1.0,0.1111111111111111,2353.31,2353.31,1.0,0.0,23.0,0.0,1.0,1.0,26.0,1.0,73.0,3,3.0,1,1,1,1,1,37,37,110,0.1791,0.0,0.2044,0.1366,T3,False,none,0.562159,0.688334,0.841388,0.789681,0.622351,0.946318,1.304145,0.955834,0.747228,0.844578,0.373043,1.0,26.0,0.5,9.0,18.5,0.11111,3.5
8471c25d-8f0a-4652-ad60-a20a3f97c08a,6.0,0.6666666666666666,5.0,20200.68,3366.78,992.1205875295602,47,1,1.0,6.0,8.0,1.0,1.0,1.0,2.0,3.0,2.0,2.0,1.0,0.8333333333333334,0.6666666666666666,3366.78,4392.5,0.21744317518024145,155.17277777777778,20.0,0.3333333333333333,1.0,1.0,18.0,2.0,73.0,4,18.0,1,2,1,1,2,26,26,129,0.1169,0.0,0.1879,0.1099,T3,False,none,0.795954,0.588031,0.87674,0.823536,0.675501,1.084658,1.012193,0.978016,0.751071,0.856979,0.280979,1.5,18.0,0.142857,6.666667,13.0,0.66666,2.769841
b41f4806-3c21-4cb7-879a-77ee5a881c64,5.0,0.5555555555555556,4.0,12968.98,2593.796,1564.8846183920396,86,1,1.0,5.0,11.0,1.0,1.0,1.0,2.0,2.5,9.0,1.0,0.5,0.6,0.5555555555555556,2593.796,4578.61,0.3530431845835216,226.04222222222222,1.0,0.0,5.0,0.2,25.0,1.0,80.4,8,15.0,1,2,5,1,1,119,124,110,0.1791,0.0,0.2044,0.1366,T3,False,none,0.866346,0.977211,1.423056,1.566228,0.622351,0.806981,0.85887,0.841239,1.231833,1.049556,1.099625,0.75,5.0,0.016667,8.833333,59.5,2.777639,3.2
d40363da-6d32-432a-8f8b-31ba25d0d3e9,6.0,0.6666666666666666,5.0,13279.64,2213.273333333333,1550.7765649076164,54,0,2.0,3.0,9.0,2.0,1.0,0.8333333333333334,1.0,6.0,2.0,1.0,1.0,1.0,0.6666666666666666,2213.273333333333,4216.09,0.3174852631547241,190.11888888888888,15.0,0.16666666666666666,1.0,1.0,25.0,2.0,77.0,4,18.0,2,1,1,2,1,39,39,121,0.174,0.0,0.2013,0.1186,T3,False,none,0.440951,1.099707,0.920766,0.739538,0.581664,0.860279,0.813806,0.72498,0.841024,0.78687,0.25634,0.666667,25.0,0.25,8.666667,13.0,0.66666,3.194444
e3154e2b-1e6e-40ea-936d-8dbc6b4c32d5,3.0,0.3333333333333333,3.0,7302.009999999999,2434.003333333333,1889.2068948723781,93,0,1.0,3.0,5.0,1.0,1.0,1.0,1.0,3.0,4.0,1.0,1.0,1.0,0.3333333333333333,2434.003333333333,4605.73,0.6307482460308874,114.66888888888889,5.0,0.3333333333333333,1.0,1.0,28.0,0.0,104.0,3,9.0,1,1,1,1,1,34,34,134,0.1691,0.0224,0.2258,0.1728,T3,False,none,0.581114,0.577315,1.355615,0.705256,1.123263,0.56205,0.284744,0.475061,0.87843,0.690191,0.430046,1.0,28.0,0.25,9.666667,17.0,0.33333,3.638889
dc427b1e-6018-454e-ae36-e3bef0073824,4.0,0.4444444444444444,3.0,9736.130000000001,2434.0325000000003,373.25827540502485,72,1,2.0,2.0,12.0,2.0,1.0,0.5,2.0,2.0,4.0,2.0,1.0,0.75,0.4444444444444444,2434.0325000000003,2884.26,0.296242963066434,225.41083333333333,2.0,0.25,2.0,0.75,26.0,1.0,75.0,6,12.0,2,2,2,2,2,61,61,110,0.1791,0.0,0.2044,0.1366,T3,False,none,0.792724,0.34369,0.500502,0.484549,0.622351,0.471566,0.605938,0.608116,0.475625,0.537454,0.429949,1.0,19.5,0.25,9.333333,20.333333,0.592585,3.527778
1b19671a-8ce3-4d31-85aa-2c81ab5ec35d,4.0,0.4444444444444444,2.0,6957.6,1739.4,1402.1852243551848,41,0,2.0,2.0,11.0,2.0,1.0,0.75,2.0,2.0,6.0,2.0,1.0,0.75,0.4444444444444444,1739.4,3647.09,0.5241879383695527,138.17138888888888,5.0,0.0,1.0,1.0,18.0,3.0,106.0,5,12.0,2,2,1,2,2,45,46,154,0.1225,0.0,0.2652,0.1509,T3,False,none,0.568277,0.397782,1.336011,0.476326,1.400021,0.519181,0.392186,0.490877,0.78974,0.650271,0.434333,1.0,18.0,0.333333,6.333333,15.0,0.44444,2.555556
f30f8b23-8f78-4e9e-bd19-77ea2c08ad6f,3.0,0.3333333333333333,3.0,10466.86,3488.9533333333334,1516.2195816349733,79,1,1.0,3.0,4.0,1.0,1.0,1.0,2.0,1.5,7.0,2.0,1.0,0.6666666666666666,0.3333333333333333,3488.9533333333334,4970.1,0.47484154751281665,187.09527777777777,8.0,0.0,1.0,1.0,25.0,0.0,50.0,4,9.0,1,2,1,1,2,35,35,95,0.2056,0.0211,0.1855,0.0916,T3,False,none,0.640547,0.59313,0.794811,0.608426,0.105784,0.570962,0.685938,0.629168,0.559659,0.592097,0.401444,1.5,25.0,0.25,9.0,17.5,0.33333,3.583333
efce23c7-6884-48c1-8837-971faf5f1b45,2.0,0.2222222222222222,2.0,2130.35,1065.175,1308.6920174166266,56,0,1.0,2.0,6.0,1.0,1.0,1.0,1.0,2.0,3.0,1.0,1.0,1.0,0.2222222222222222,1065.175,1990.56,0.9343816743727557,38.019444444444446,13.0,0.5,2.0,0.5,24.0,2.0,73.0,4,6.0,1,1,2,1,1,47,49,121,0.1789,0.0083,0.2434,0.1287,T3,False,none,0.5037,0.595173,0.586026,0.472029,0.804265,0.736526,1.07931,0.784265,0.581937,0.676357,0.164649,1.0,12.0,0.166667,8.333333,23.5,0.444436,3.166667
3cda1b64-a454-4096-9f45-f5b58c4a806b,5.0,0.5555555555555556,5.0,15674.05,3134.81,1479.5415293427893,73,0,2.0,2.5,8.0,2.0,1.0,0.8,1.0,5.0,6.0,1.0,1.0,1.0,0.5555555555555556,3134.81,4797.24,0.3060625683853248,205.6313888888889,12.0,0.4,1.0,1.0,23.0,2.0,48.0,4,15.0,2,1,1,2,1,39,39,84,0.204,0.0,0.1092,0.124,T3,False,none,0.321003,0.871619,0.610167,0.682853,0.51107,0.945186,0.848576,0.734645,0.686271,0.708845,0.295118,0.666667,23.0,0.285714,8.0,13.0,0.55555,2.984127
13b95eca-2bd2-49ff-a24b-56003304844d,0.0,0.0,0.0,0.0,0.0,0.0,103,0,0.0,0.0,0.0,0.0,0.0,0.0,0.0,0.0,0.0,0.0,0.0,0.0,0.0,0.0,0.0,0.0,0.0,0.0,0.0,0.0,0.0,0.0,0.0,0.0,0,0.0,0,0,0,0,0,0,0,1,0.0,0.0,0.0,0.0,T3,False,none,2.767811,2.428211,2.297128,2.075966,2.409508,1.747582,1.781581,2.050409,2.265693,2.165227,0.0,0.0,0.0,0.0,0.0,0.0,0.0,0.0
b66c7a62-eb7c-4f1f-bdb4-77c2bf9fe748,3.0,0.3333333333333333,3.0,9278.720000000001,3092.906666666667,1773.697414564653,46,0,2.0,1.5,11.0,2.0,1.0,0.6666666666666666,1.0,3.0,3.0,1.0,1.0,1.0,0.3333333333333333,3092.906666666667,4437.89,0.47828687577596907,90.43805555555555,9.0,0.3333333333333333,2.0,0.6666666666666666,22.0,3.0,36.666666666666664,5,9.0,2,1,2,2,1,57,57,129,0.1169,0.0,0.1879,0.1099,T3,False,none,0.677235,0.658352,0.463571,0.401021,0.675501,0.454037,0.360405,0.486597,0.524132,0.506616,0.114347,0.666667,14.666667,0.266667,7.666667,19.0,0.499993,2.866667
8eeba342-1755-4e17-b9bf-316f308b70f2,4.0,0.4444444444444444,3.0,13272.4,3318.1,846.6009435777084,98,1,1.0,4.0,7.0,1.0,1.0,1.0,3.0,1.3333333333333333,5.0,3.0,1.0,0.5,0.4444444444444444,3318.1,4429.48,0.33373617431662694,73.84472222222222,4.0,0.0,2.0,0.75,28.0,1.0,84.0,6,12.0,1,3,2,1,3,64,65,121,0.1789,0.0083,0.2434,0.1287,T3,False,none,0.570155,0.984182,0.647776,0.788464,0.804265,0.720725,0.654905,0.655765,0.810717,0.738406,0.702684,2.0,21.0,0.15,10.0,32.0,0.592585,4.05
e9ee300e-5e1a-4ca4-b3fd-2177dd13315b,3.0,0.3333333333333333,2.0,7698.280000000001,2566.0933333333337,1837.2220267657724,80,1,1.0,3.0,7.0,1.0,1.0,1.0,1.0,3.0,3.0,1.0,1.0,1.0,0.3333333333333333,2566.0933333333337,4301.09,0.5587079191715552,14.729722222222222,3.0,0.0,2.0,0.6666666666666666,21.0,1.0,37.0,4,9.0,1,1,2,1,1,47,47,40,0.459,0.0,0.0615,0.0469,T3,False,none,0.462248,0.658352,0.186317,0.42489,1.728531,0.54454,0.568268,0.528937,0.650826,0.593945,0.277738,1.0,14.0,0.166667,7.666667,23.5,0.499993,2.944444
053f6f67-12fe-403a-9204-88ab71c9d42a,6.0,0.6666666666666666,4.0,12110.95,2018.4916666666668,1688.4789229293526,47,0,2.0,3.0,9.0,2.0,1.0,0.8333333333333334,2.0,3.0,4.0,2.0,1.0,0.5,0.6666666666666666,2018.4916666666668,4830.95,0.3988910861658251,193.71055555555554,8.0,0.16666666666666666,4.0,0.5,29.0,2.0,70.83333333333333,8,18.0,2,2,4,2,2,96,99,89,0.2523,0.0,0.1667,0.1056,T3,False,none,0.440951,0.569643,1.146921,1.289225,0.277908,0.833274,0.709193,0.679821,0.91113,0.803186,0.848173,1.0,14.5,0.125,10.0,32.0,1.333307,3.708333
e6dcc8b5-1c47-42f4-b5f4-cf85c1dd4e43,3.0,0.3333333333333333,3.0,3705.05,1235.0166666666667,1364.9786555229841,60,1,1.0,3.0,5.0,1.0,1.0,1.0,1.0,3.0,3.0,1.0,1.0,1.0,0.3333333333333333,1235.0166666666667,2805.76,0.7572799287459009,224.35694444444445,6.0,0.3333333333333333,2.0,0.6666666666666666,20.0,0.0,53.333333333333336,4,9.0,1,1,2,1,1,38,38,129,0.1169,0.0,0.1879,0.1099,T3,False,none,0.581114,0.658352,0.352428,0.511722,0.675501,0.512414,0.6754,0.586371,0.54249,0.562968,0.078225,1.0,13.333333,0.166667,7.333333,19.0,0.499993,2.833333
27cb47f8-6ad7-4fdf-9696-35ee4e8b29e1,3.0,0.3333333333333333,2.0,10420.08,3473.36,231.21267287932105,61,1,2.0,1.5,7.0,2.0,1.0,0.6666666666666666,2.0,1.5,5.0,2.0,1.0,0.6666666666666666,0.3333333333333333,3473.36,3738.96,0.3588225810166525,211.61111111111111,2.0,0.0,1.0,1.0,29.0,0.0,51.0,5,9.0,2,2,1,2,2,44,46,89,0.2523,0.0,0.1667,0.1056,T3,False,none,0.488952,0.431056,0.946687,0.466293,0.277908,0.612087,0.746482,0.621704,0.526168,0.570751,0.454852,1.0,29.0,0.4,10.333333,14.666667,0.33333,3.911111
274c63ab-4da4-451e-8c5f-efe69e1a15c2,1.0,0.1111111111111111,1.0,4781.65,4781.65,0.0,66,1,1.0,1.0,8.0,1.0,1.0,1.0,1.0,1.0,2.0,1.0,1.0,1.0,0.1111111111111111,4781.65,4781.65,1.0,0.0,21.0,0.0,1.0,1.0,14.0,1.0,81.0,3,3.0,1,1,1,1,1,21,21,198,0.0889,0.0,0.2489,0.1724,T3,False,none,0.562159,0.796315,1.005684,0.944049,1.848264,1.217114,1.599129,1.157322,1.070659,1.111102,0.320767,1.0,14.0,0.5,5.333333,10.5,0.11111,2.277778
02155c22-1dc4-49c6-8fc1-bc3ed25ce14c,6.0,0.6666666666666666,3.0,4533.24,755.54,485.0174866538319,47,1,2.0,3.0,7.0,2.0,1.0,0.8333333333333334,3.0,2.0,5.0,2.0,0.6666666666666666,0.5,0.6666666666666666,755.54,1504.37,0.3318531558002665,185.27805555555557,14.0,0.0,2.0,0.8333333333333334,26.0,3.0,81.5,7,18.0,2,3,2,2,2,63,65,50,0.2482,0.04,0.0909,0.0909,T3,True,cluster_003,0.371533,0.811532,0.880483,0.828211,0.707334,0.906022,1.211462,0.855124,0.814785,0.83361,0.552163,0.888889,21.666667,0.138889,9.222222,21.0,0.79999,3.416667
d97fb324-f348-4d87-9f00-3a1cf37d795c,2.0,0.2222222222222222,2.0,2656.48,1328.24,109.177287015203,80,1,2.0,1.0,10.0,2.0,1.0,0.5,1.0,2.0,1.0,0.0,0.0,1.0,0.2222222222222222,1328.24,1405.44,0.5290610130699271,41.75472222222222,11.0,0.5,1.0,1.0,17.0,2.0,109.0,4,6.0,2,1,1,2,0,32,33,50,0.2482,0.04,0.0909,0.0909,T3,False,none,0.781766,1.531999,1.214739,0.870939,0.707334,0.946945,0.825329,0.859212,1.080562,0.977265,0.145078,0.0,17.0,0.0,6.0,10.666667,0.22222,2.0
6e0541f2-d018-4ad6-87d0-247feb344951,3.0,0.3333333333333333,3.0,6726.83,2242.2766666666666,1503.0427156382927,52,1,1.0,3.0,11.0,1.0,1.0,1.0,2.0,1.5,6.0,2.0,1.0,0.6666666666666666,0.3333333333333333,2242.2766666666666,3840.77,0.5709628457980951,43.41,6.0,0.0,3.0,0.3333333333333333,21.0,0.0,50.333333333333336,6,9.0,1,2,3,1,2,65,65,198,0.0889,0.0,0.2489,0.1724,T3,False,none,0.650531,0.512093,0.736962,0.606404,1.848264,0.316692,0.398596,0.439376,0.817003,0.640777,0.581492,1.5,7.0,0.083333,7.666667,32.5,0.99997,3.083333
ec510a36-f457-44d4-b96e-18029f516cfa,4.0,0.4444444444444444,3.0,7304.83,1826.2075,1597.547086888208,58,0,2.0,2.0,7.0,2.0,1.0,0.75,1.0,4.0,7.0,1.0,1.0,1.0,0.4444444444444444,1826.2075,4098.73,0.5610986155735315,133.8325,11.0,0.0,2.0,0.75,19.0,3.0,25.5,5,12.0,2,1,2,2,1,50,51,129,0.1169,0.0,0.1879,0.1099,T3,False,none,0.379993,0.83255,0.649061,0.360325,0.675501,0.426543,0.495458,0.436215,0.591064,0.518801,0.202272,0.666667,14.25,0.25,6.666667,16.666667,0.592585,2.527778
2cbe645e-822a-4234-8e9f-494607e9e2e0,5.0,0.5555555555555556,5.0,8909.09,1781.818,1235.4960906939368,73,1,1.0,5.0,6.0,1.0,1.0,1.0,2.0,2.5,4.0,2.0,1.0,0.8,0.5555555555555556,1781.818,3157.19,0.3543785055488271,152.52055555555555,9.0,0.2,3.0,0.6,21.0,3.0,56.6,6,15.0,1,2,3,1,2,64,65,40,0.459,0.0,0.0615,0.0469,T3,False,none,0.737495,0.344201,0.674658,0.673122,1.728531,0.724182,0.520496,0.66009,0.767113,0.717169,0.57416,1.5,12.6,0.1,7.666667,32.0,0.92591,3.088889
e505b241-995f-40e9-a579-456aac425395,1.0,0.1111111111111111,1.0,4747.2,4747.2,0.0,68,0,1.0,1.0,6.0,1.0,1.0,1.0,1.0,1.0,4.0,1.0,1.0,1.0,0.1111111111111111,4747.2,4747.2,1.0,0.0,10.0,0.0,1.0,1.0,19.0,0.0,33.0,3,3.0,1,1,1,1,1,25,26,198,0.0889,0.0,0.2489,0.1724,T3,False,none,0.611607,0.634241,0.862109,0.900684,1.848264,1.23251,1.336891,1.089903,0.983967,1.033404,0.320767,1.0,19.0,0.5,6.666667,12.5,0.11111,2.722222
2ee13de2-bf7a-4018-bf8e-e3468bf519a8,6.0,0.6666666666666666,6.0,7764.3,1294.05,1237.8540130241531,76,1,1.0,6.0,6.0,1.0,1.0,1.0,2.0,3.0,6.0,2.0,1.0,0.5,0.6666666666666666,1294.05,3326.79,0.42847262470538233,183.33166666666668,1.0,0.3333333333333333,2.0,0.8333333333333334,21.0,3.0,85.0,5,18.0,1,2,2,1,2,50,50,96,0.2355,0.0,0.1833,0.0828,T3,False,none,0.845402,0.623735,0.755917,0.437042,0.215092,1.014137,0.730415,0.871353,0.513156,0.680315,0.274905,1.5,17.5,0.119048,7.666667,25.0,0.79999,3.095238
c6fcaf81-8f20-45b3-8d19-3bb8236bfb84,8.0,0.8888888888888888,6.0,14923.17,1865.39625,1662.8144653047693,71,0,2.0,4.0,9.0,2.0,1.0,0.875,3.0,2.6666666666666665,2.0,3.0,1.0,0.5,0.8888888888888888,1865.39625,4370.74,0.2928828124319431,195.78472222222223,6.0,0.375,1.0,1.0,19.0,2.0,23.0,6,24.0,2,3,1,2,3,32,32,154,0.1225,0.0,0.2652,0.1509,T3,False,none,0.576361,1.116275,0.845393,1.174914,1.400021,1.390923,0.867997,0.983882,1.129122,1.061343,0.654924,1.333333,19.0,0.2,6.666667,10.666667,0.88888,2.733333
713d4b13-12b3-48b4-8ab3-84641658d50d,5.0,0.5555555555555556,5.0,19085.71,3817.142,615.039036297697,62,1,1.0,5.0,9.0,1.0,1.0,1.0,2.0,2.5,6.0,2.0,1.0,0.6,0.5555555555555556,3817.142,4623.57,0.24225297355979944,210.03472222222223,10.0,0.0,2.0,0.8,28.0,2.0,93.6,5,15.0,1,2,2,1,2,70,70,134,0.1691,0.0224,0.2258,0.1728,T3,False,none,0.74748,0.498573,0.846881,0.556612,1.123263,1.060884,1.008736,0.953958,0.697017,0.816922,0.609563,1.5,22.4,0.133333,10.0,35.0,0.694436,3.877778
044af9d8-67fb-496f-b540-bcffa359b750,1.0,0.1111111111111111,1.0,4956.35,4956.35,0.0,44,1,1.0,1.0,4.0,1.0,1.0,1.0,1.0,1.0,4.0,1.0,1.0,1.0,0.1111111111111111,4956.35,4956.35,1.0,0.0,16.0,1.0,1.0,1.0,18.0,1.0,54.0,3,3.0,1,1,1,1,1,23,23,134,0.1691,0.0224,0.2258,0.1728,T3,False,none,0.730473,0.634241,0.635605,0.924753,1.123263,1.222285,1.737838,1.253618,0.824971,1.025006,0.321688,1.0,18.0,0.5,6.666667,11.5,0.11111,2.722222
8f720e86-5539-4270-88ab-28ec534feeb3,1.0,0.1111111111111111,1.0,2487.38,2487.38,0.0,81,1,1.0,1.0,5.0,1.0,1.0,1.0,1.0,1.0,3.0,1.0,1.0,1.0,0.1111111111111111,2487.38,2487.38,1.0,0.0,23.0,1.0,1.0,1.0,19.0,3.0,37.0,3,3.0,1,1,1,1,1,24,24,110,0.1928,0.0091,0.1832,0.0943,T3,False,none,0.67104,0.715278,0.910219,0.915105,0.231917,1.06208,1.504294,1.097759,0.750266,0.912429,0.140947,1.0,19.0,0.5,7.0,12.0,0.11111,2.833333
3e2feda4-e317-42d5-bc49-f09ee6e58a0d,4.0,0.4444444444444444,4.0,12341.18,3085.295,433.2303413889659,105,0,2.0,2.0,9.0,2.0,1.0,0.75,1.0,4.0,3.0,1.0,1.0,1.0,0.4444444444444444,3085.295,3505.34,0.28403604841676405,164.98305555555555,4.0,0.25,3.0,0.5,20.0,3.0,67.25,6,12.0,2,1,3,2,1,61,63,121,0.174,0.0,0.2013,0.1186,T3,False,none,0.449411,0.778458,0.873624,0.633692,0.581664,0.871168,0.472806,0.617879,0.711198,0.667649,0.278599,0.666667,10.0,0.166667,7.0,20.333333,0.888871,2.611111
a92a46fe-5f5d-4040-b256-72d0fbc15135,1.0,0.1111111111111111,1.0,3196.92,3196.92,0.0,108,1,1.0,1.0,7.0,1.0,1.0,1.0,1.0,1.0,5.0,1.0,1.0,1.0,0.1111111111111111,3196.92,3196.92,1.0,0.0,1.0,1.0,1.0,1.0,29.0,0.0,51.0,3,3.0,1,1,1,1,1,37,38,89,0.2523,0.0,0.1667,0.1056,T3,False,none,0.552174,0.607297,0.946687,0.784908,0.277908,1.278849,1.289889,1.074908,0.689709,0.869469,0.350738,1.0,29.0,0.5,10.333333,18.5,0.11111,3.944444
2cd0b5ea-95ad-4c4f-8535-dbf82a4cf337,4.0,0.4444444444444444,4.0,9313.42,2328.355,1554.3791826213662,65,0,1.0,4.0,6.0,1.0,1.0,1.0,3.0,1.3333333333333333,4.0,3.0,1.0,0.5,0.4444444444444444,2328.355,4302.91,0.462011806618836,145.27972222222223,4.0,0.0,2.0,0.75,21.0,0.0,55.25,6,12.0,1,3,2,1,3,53,53,198,0.0889,0.0,0.2489,0.1724,T3,False,none,0.629588,1.011127,0.363132,0.677564,1.848264,0.474697,0.449417,0.510525,0.890565,0.713213,0.636315,2.0,15.75,0.15,7.333333,26.5,0.592585,3.161111
1ddcdcca-d7ca-467b-824f-aad137b2caab,3.0,0.3333333333333333,2.0,4639.61,1546.5366666666666,1179.962099278334,80,0,1.0,3.0,8.0,1.0,1.0,1.0,2.0,1.5,5.0,2.0,1.0,0.6666666666666666,0.3333333333333333,1546.5366666666666,2645.39,0.5701750793708954,45.83361111111111,4.0,0.3333333333333333,2.0,0.6666666666666666,19.0,2.0,65.0,5,9.0,1,2,2,1,2,45,45,121,0.174,0.0,0.2013,0.1186,T3,False,none,0.472232,0.431056,0.38557,0.357005,0.581664,0.596208,0.487977,0.524709,0.418912,0.468284,0.217122,1.5,12.666667,0.166667,6.666667,22.5,0.499993,2.777778
370b06ed-2d8b-4221-be66-42332681e9a5,1.0,0.1111111111111111,1.0,26.48,26.48,0.0,44,1,1.0,1.0,7.0,1.0,1.0,1.0,1.0,1.0,5.0,1.0,1.0,1.0,0.1111111111111111,26.48,26.48,1.0,0.0,17.0,1.0,1.0,1.0,27.0,2.0,54.0,3,3.0,1,1,1,1,1,36,36,89,0.2523,0.0,0.1667,0.1056,T3,False,none,0.552174,0.607297,0.799482,0.799329,0.277908,1.314001,1.963884,1.312964,0.664449,0.967089,0.318129,1.0,27.0,0.5,9.666667,18.0,0.11111,3.722222
397827e1-9e8e-4eb5-9233-b8d63ba0dd46,5.0,0.5555555555555556,4.0,16430.809999999998,3286.1619999999994,1505.7925264524324,52,1,2.0,2.5,6.0,2.0,1.0,0.6,4.0,1.25,5.0,4.0,1.0,0.4,0.5555555555555556,3286.1619999999994,4719.98,0.28726398759403826,201.07555555555555,11.0,0.6,2.0,0.6,28.0,0.0,96.4,8,15.0,2,4,2,2,4,70,72,134,0.1691,0.0224,0.2258,0.1728,T3,True,cluster_003,0.502462,1.483893,0.952817,1.320974,1.123263,0.801534,0.937881,0.761534,1.252053,1.023144,1.134781,1.666667,16.8,0.171429,10.0,23.333333,0.92591,3.946032
f279a324-4654-469c-903c-1abca6a450f0,4.0,0.4444444444444444,3.0,6101.09,1525.2725,433.09207853719363,31,1,2.0,2.0,5.0,2.0,1.0,0.75,2.0,2.0,6.0,2.0,1.0,0.75,0.4444444444444444,1525.2725,2065.94,0.3386181813413669,139.74388888888888,4.0,0.0,2.0,0.75,23.0,1.0,64.25,6,12.0,2,2,2,2,2,56,58,43,0.4131,0.0,0.082,0.0328,T3,False,none,0.498859,0.397782,0.302671,0.445855,1.59323,0.612452,0.699673,0.609071,0.595236,0.601692,0.513989,1.0,17.25,0.25,8.333333,18.666667,0.592585,3.194444
946d7ae7-6cfe-4c25-b1fa-a12af3555dcc,5.0,0.5555555555555556,3.0,8530.34,1706.068,1212.7415713869134,40,0,4.0,1.25,11.0,4.0,1.0,0.4,2.0,2.5,5.0,2.0,1.0,0.8,0.5555555555555556,1706.068,3191.41,0.37412459526818387,101.12,7.0,0.8,3.0,0.4,23.0,0.0,27.6,9,15.0,4,2,3,4,2,91,91,154,0.1225,0.0,0.2652,0.1509,T3,False,none,1.788237,0.317256,0.890292,1.722906,1.400021,0.533108,0.611295,0.917779,1.144218,1.038546,0.76221,0.6,9.2,0.177778,8.0,18.2,1.388854,2.925926
97b23961-1f86-471d-80a8-d8cad3d9b236,3.0,0.3333333333333333,2.0,8544.48,2848.16,1612.1013928100178,49,0,2.0,1.5,12.0,2.0,1.0,0.6666666666666666,2.0,1.5,4.0,2.0,1.0,0.6666666666666666,0.3333333333333333,2848.16,4565.65,0.5343391288878901,30.920555555555556,2.0,0.0,2.0,0.6666666666666666,22.0,1.0,63.333333333333336,6,9.0,2,2,2,2,2,59,60,110,0.1928,0.0091,0.1832,0.0943,T3,False,none,0.736668,0.458001,0.228618,0.455118,0.231917,0.42394,0.615078,0.577004,0.371451,0.467376,0.238469,1.0,14.666667,0.266667,7.666667,19.666667,0.499993,2.977778
841c2202-7a8b-4a22-abb4-a57730b7c828,4.0,0.4444444444444444,3.0,5307.8,1326.95,1370.9082564489865,99,1,1.0,4.0,10.0,1.0,1.0,1.0,1.0,4.0,4.0,1.0,1.0,1.0,0.4444444444444444,1326.95,3379.98,0.6367949056106108,187.37805555555556,0.0,0.0,2.0,0.75,26.0,1.0,56.75,4,12.0,1,1,2,1,1,61,61,96,0.2355,0.0,0.1833,0.0828,T3,False,none,0.699006,0.697421,0.34734,0.500277,0.215092,0.706495,0.73186,0.71281,0.47017,0.583402,0.201211,1.0,19.5,0.15,9.333333,30.5,0.592585,3.494444
61e82609-0b6e-4bb5-994f-0f72cbf13f8f,3.0,0.3333333333333333,2.0,4023.0699999999997,1341.0233333333333,1251.669245301383,42,1,2.0,1.5,10.0,2.0,1.0,0.6666666666666666,2.0,1.5,8.0,2.0,1.0,0.6666666666666666,0.3333333333333333,1341.0233333333333,2692.75,0.6693271556299045,94.59361111111112,0.0,0.0,2.0,0.6666666666666666,30.0,0.0,59.0,6,9.0,2,2,2,2,2,73,74,89,0.2321,0.0,0.0992,0.0863,T3,False,none,0.617802,0.674167,0.661537,0.59019,0.403244,0.563726,0.679001,0.617601,0.59489,0.605489,0.589558,1.0,20.0,0.266667,10.666667,24.333333,0.499993,3.977778
f34706cd-ddea-442f-8a8a-b92f1ff02481,6.0,0.6666666666666666,3.0,8626.720000000001,1437.7866666666669,1484.641098658752,75,1,1.0,6.0,4.0,1.0,1.0,1.0,2.0,3.0,4.0,2.0,1.0,0.8333333333333334,0.6666666666666666,1437.7866666666669,3659.69,0.4242272845299256,65.32527777777777,5.0,0.6666666666666666,3.0,0.5,19.0,2.0,56.333333333333336,6,18.0,1,2,3,1,2,54,54,198,0.0889,0.0,0.2489,0.1724,T3,False,none,0.964268,0.425957,0.635558,0.628554,1.848264,0.775011,0.71403,0.808758,0.782649,0.794833,0.478663,1.5,9.5,0.071429,7.0,27.0,1.333307,2.857143
b8f27a3f-5194-44ed-b7b7-11f15d539d6b,4.0,0.4444444444444444,3.0,12865.55,3216.3875,1713.8704130782467,97,0,3.0,1.3333333333333333,12.0,3.0,1.0,0.5,2.0,2.0,4.0,2.0,1.0,0.75,0.4444444444444444,3216.3875,4833.57,0.37569866814866054,133.55638888888888,15.0,0.5,2.0,0.75,29.0,0.0,46.0,7,12.0,3,2,2,3,2,81,82,154,0.1225,0.0,0.2652,0.1509,T3,False,none,1.318667,0.34369,0.585147,1.043571,1.400021,0.764402,0.727885,0.910591,0.832504,0.868945,0.639522,0.75,21.75,0.321429,10.0,20.25,0.592585,3.690476
a9960a39-a555-40df-9e72-1784a938e2f9,3.0,0.3333333333333333,3.0,9303.18,3101.06,1935.533379614002,34,0,1.0,3.0,3.0,1.0,1.0,1.0,2.0,1.5,7.0,2.0,1.0,0.6666666666666666,0.3333333333333333,3101.06,4531.9,0.48713450669555997,130.15055555555554,8.0,0.0,2.0,0.6666666666666666,22.0,2.0,62.333333333333336,5,9.0,1,2,2,1,2,44,44,198,0.0889,0.0,0.2489,0.1724,T3,False,none,0.699979,0.59313,0.301905,0.366653,1.848264,0.547807,0.462937,0.562995,0.656718,0.61298,0.439925,1.5,14.666667,0.166667,7.666667,22.0,0.499993,3.111111
54b880ed-29ef-4d96-83f1-57073dbcd463,2.0,0.2222222222222222,2.0,4065.57,2032.785,2399.8992021437066,76,1,2.0,1.0,13.0,2.0,1.0,0.5,2.0,1.0,4.0,2.0,1.0,0.5,0.2222222222222222,2032.785,3729.77,0.9174039556568944,183.31416666666667,1.0,0.0,2.0,0.5,21.0,1.0,36.5,6,6.0,2,2,2,2,2,57,59,89,0.2321,0.0,0.0992,0.0863,T3,False,none,0.960065,0.626569,0.313374,0.49728,0.403244,0.858553,0.814182,0.872766,0.475616,0.660952,0.237413,1.0,10.5,0.25,7.666667,19.0,0.444436,2.972222
72574473-6fa9-442d-b5db-a08750503148,1.0,0.1111111111111111,1.0,3245.12,3245.12,0.0,85,1,1.0,1.0,7.0,1.0,1.0,1.0,1.0,1.0,3.0,1.0,1.0,1.0,0.1111111111111111,3245.12,3245.12,1.0,0.0,22.0,0.0,1.0,1.0,12.0,0.0,87.0,3,3.0,1,1,1,1,1,19,19,154,0.1225,0.0,0.2652,0.1509,T3,False,none,0.552174,0.715278,1.3101,0.963345,1.400021,1.161062,1.297392,1.032538,1.046349,1.039903,0.271265,1.0,12.0,0.5,4.666667,9.5,0.11111,2.055556
f28b329e-8485-4117-ab82-406ae3322dbd,2.0,0.2222222222222222,2.0,8366.18,4183.09,787.3492587155971,46,0,2.0,1.0,10.0,2.0,1.0,0.5,2.0,1.0,6.0,2.0,1.0,0.5,0.2222222222222222,4183.09,4739.83,0.5665465003143609,178.12527777777777,4.0,0.0,1.0,1.0,24.0,1.0,32.0,5,6.0,2,2,1,2,2,42,43,129,0.1169,0.0,0.1879,0.1099,T3,False,none,0.781766,0.680661,0.698638,0.547046,0.675501,0.696071,0.851316,0.772303,0.633441,0.698243,0.383072,1.0,24.0,0.5,8.333333,14.0,0.22222,3.277778
0107d63a-e58a-442b-a42e-74a425601971,4.0,0.4444444444444444,4.0,14178.97,3544.7425,1395.0759603303566,103,1,2.0,2.0,10.0,2.0,1.0,0.5,2.0,2.0,6.0,2.0,1.0,0.75,0.4444444444444444,3544.7425,4693.3,0.33100429720917673,107.57722222222222,19.0,0.25,4.0,0.25,21.0,2.0,78.75,8,12.0,2,2,4,2,2,82,84,154,0.1225,0.0,0.2652,0.1509,T3,False,none,0.673859,0.397782,1.136099,1.036011,1.400021,0.888001,0.744791,0.779081,0.957974,0.87449,0.786566,1.0,5.25,0.083333,7.666667,27.333333,1.777707,2.916667
bc2251d5-cc8b-437b-8928-8637ba35a300,4.0,0.4444444444444444,4.0,9475.96,2368.99,1589.8725893815097,37,1,1.0,4.0,11.0,1.0,1.0,1.0,3.0,1.3333333333333333,8.0,3.0,1.0,0.5,0.4444444444444444,2368.99,4493.75,0.47422635806820634,196.29888888888888,3.0,0.0,3.0,0.5,19.0,2.0,60.75,7,12.0,1,3,3,1,3,68,69,89,0.2321,0.0,0.0992,0.0863,T3,False,none,0.758439,1.227293,0.672624,0.99671,0.403244,0.501229,0.58151,0.601478,0.887927,0.754251,0.79905,2.0,9.5,0.1,7.0,34.0,0.888871,3.033333
e6e35d23-86fe-4a60-bb5f-b7991fab44ab,3.0,0.3333333333333333,3.0,2622.0200000000004,874.0066666666668,1087.7342645303281,86,0,2.0,1.5,5.0,2.0,1.0,0.6666666666666666,1.0,3.0,5.0,1.0,1.0,1.0,0.3333333333333333,874.0066666666668,2129.34,0.8120990686569896,206.16333333333333,6.0,0.0,2.0,0.6666666666666666,24.0,1.0,56.666666666666664,5,9.0,2,1,2,2,1,51,52,108,0.1587,0.0,0.2348,0.071,T3,False,none,0.607818,0.550371,0.24441,0.347906,0.625422,0.685578,0.911278,0.738594,0.423213,0.570391,0.094358,0.666667,16.0,0.266667,8.333333,17.0,0.499993,3.088889
ec357102-0e99-4b9a-bd6c-7211b30b190a,4.0,0.4444444444444444,3.0,15900.54,3975.135,618.5789257375864,70,0,1.0,4.0,7.0,1.0,1.0,1.0,1.0,4.0,4.0,1.0,1.0,1.0,0.4444444444444444,3975.135,4858.71,0.30556886747242545,155.61916666666667,2.0,0.0,3.0,0.5,19.0,1.0,76.75,5,12.0,1,1,3,1,1,53,54,198,0.0889,0.0,0.2489,0.1724,T3,False,none,0.570155,0.697421,0.725224,0.480281,1.848264,0.762495,0.879147,0.746424,0.813593,0.782248,0.322611,1.0,9.5,0.1,6.666667,26.5,0.888871,2.588889
796a587d-9758-41a0-8c69-89144809d2bb,2.0,0.2222222222222222,2.0,4022.37,2011.185,2613.615155689529,71,1,1.0,2.0,9.0,1.0,1.0,1.0,1.0,2.0,1.0,0.0,0.0,1.0,0.2222222222222222,2011.185,3859.29,0.9594567381916631,26.920555555555556,2.0,0.0,2.0,0.5,22.0,1.0,74.0,4,6.0,1,1,2,1,0,44,44,198,0.0889,0.0,0.2489,0.1724,T3,False,none,0.513684,1.531999,0.440997,0.65075,1.848264,0.872758,0.848736,0.762158,1.02695,0.90338,0.203868,0.0,11.0,0.0,7.666667,22.0,0.444436,2.555556
20107384-285e-442b-b047-94ca94c3e69f,2.0,0.2222222222222222,2.0,1576.46,788.23,428.36528804281056,90,1,2.0,1.0,8.0,2.0,1.0,0.5,2.0,1.0,6.0,2.0,1.0,0.5,0.2222222222222222,788.23,1091.13,0.6921393501896655,80.59333333333333,0.0,0.5,2.0,0.5,22.0,3.0,43.0,6,6.0,2,2,2,2,2,60,60,198,0.0889,0.0,0.2489,0.1724,T3,False,none,0.6629,0.680661,0.533279,0.516678,1.848264,1.037562,1.012557,0.92218,0.783063,0.847985,0.481231,1.0,11.0,0.25,8.0,20.0,0.444436,3.083333
2dbb2f6f-6abe-41f7-a671-63a381e1b4ef,4.0,0.4444444444444444,3.0,15615.220000000001,3903.8050000000003,1374.344655232692,42,0,2.0,2.0,9.0,2.0,1.0,0.5,2.0,2.0,5.0,2.0,1.0,0.5,0.4444444444444444,3903.8050000000003,4855.78,0.31096455893672964,88.67583333333333,1.0,0.0,2.0,0.75,25.0,1.0,51.5,6,12.0,2,2,2,2,2,61,64,121,0.174,0.0,0.2013,0.1186,T3,False,none,0.614426,0.479518,0.267409,0.498868,0.581664,0.687758,0.838117,0.716926,0.459609,0.57969,0.386953,1.0,18.75,0.25,8.666667,20.333333,0.592585,3.305556
d1dc2b4a-318b-4d8d-bc6f-9a274bdd6a95,4.0,0.4444444444444444,4.0,10820.28,2705.07,1736.7589626274187,48,0,1.0,4.0,11.0,1.0,1.0,1.0,1.0,4.0,7.0,1.0,1.0,1.0,0.4444444444444444,2705.07,4598.64,0.4250019408000532,167.75166666666667,6.0,0.25,1.0,1.0,21.0,3.0,95.0,3,12.0,1,1,1,1,1,36,36,96,0.2355,0.0,0.1833,0.0828,T3,False,none,0.758439,0.83255,1.136082,0.700868,0.215092,0.541109,0.41148,0.559993,0.743495,0.657861,0.264821,1.0,21.0,0.2,7.333333,18.0,0.44444,2.844444
b79a0ac4-310e-46c5-b6fa-fb7c3b101aca,3.0,0.3333333333333333,3.0,3430.26,1143.42,774.0302798340643,73,0,2.0,1.5,5.0,2.0,1.0,0.6666666666666666,2.0,1.5,7.0,2.0,1.0,0.6666666666666666,0.3333333333333333,1143.42,1966.33,0.5732306005958732,193.37777777777777,6.0,0.0,2.0,0.6666666666666666,26.0,0.0,91.0,6,9.0,2,2,2,2,2,57,58,96,0.2355,0.0,0.1833,0.0828,T3,False,none,0.607818,0.59313,0.786612,0.435822,0.215092,0.618263,0.731556,0.653043,0.511442,0.577522,0.419585,1.0,17.333333,0.266667,9.0,19.0,0.499993,3.422222
2a54f77b-2beb-4e46-b510-ad24088735d3,3.0,0.3333333333333333,3.0,9366.99,3122.33,1325.3846600892891,74,0,1.0,3.0,8.0,1.0,1.0,1.0,2.0,1.5,3.0,2.0,1.0,0.6666666666666666,0.3333333333333333,3122.33,4616.51,0.492848823368019,105.32,0.0,0.3333333333333333,2.0,0.6666666666666666,19.0,3.0,74.66666666666667,5,9.0,1,2,2,1,2,43,43,110,0.1791,0.0,0.2044,0.1366,T3,False,none,0.472232,0.539038,0.649017,0.376301,0.622351,0.44788,0.453623,0.456752,0.514809,0.487716,0.243813,1.5,12.666667,0.166667,6.666667,21.5,0.499993,2.777778
a745edca-75ec-4f52-be64-f73600b89b2a,8.0,0.8888888888888888,5.0,20341.64,2542.705,1701.3736613773506,99,0,2.0,4.0,10.0,2.0,1.0,0.5,3.0,2.6666666666666665,4.0,3.0,1.0,0.5,0.8888888888888888,2542.705,4993.37,0.24547529107780888,164.69055555555556,4.0,0.125,6.0,0.25,22.0,1.0,55.875,11,24.0,2,3,6,2,3,131,135,67,0.2687,0.0,0.1443,0.07,T3,False,none,0.799747,0.9542,1.272623,2.426036,0.56421,1.538657,0.924264,1.122742,1.507479,1.327935,1.41305,1.333333,5.5,0.05,7.666667,43.666667,3.555413,3.016667
20b2bafd-1beb-4edd-9ef4-25a85b6acdf3,2.0,0.2222222222222222,2.0,7474.969999999999,3737.4849999999997,1551.3427804486018,35,1,1.0,2.0,7.0,1.0,1.0,1.0,2.0,1.0,4.0,1.0,0.5,0.5,0.2222222222222222,3737.4849999999997,4834.45,0.6467517595388343,91.67833333333333,10.0,0.0,1.0,1.0,18.0,2.0,84.0,4,6.0,1,2,1,1,1,26,26,198,0.0889,0.0,0.2489,0.1724,T3,False,none,0.444267,0.862096,0.969057,0.75601,1.848264,0.735203,0.749845,0.656959,1.008958,0.844692,0.34039,0.75,18.0,0.166667,6.5,13.0,0.22222,2.472222
b0d5770a-9239-4431-ba50-cdd0223ab4f4,4.0,0.4444444444444444,3.0,7135.38,1783.845,1593.475362815503,95,0,3.0,1.3333333333333333,8.0,3.0,1.0,0.5,1.0,4.0,3.0,1.0,1.0,1.0,0.4444444444444444,1783.845,3912.96,0.5483884530326345,128.07916666666668,2.0,0.5,4.0,0.25,21.0,2.0,35.0,8,12.0,3,1,4,3,1,89,90,110,0.1791,0.0,0.2044,0.1366,T3,False,none,1.080936,0.778458,0.991656,1.430006,0.622351,0.632499,0.44346,0.697611,1.041187,0.880851,0.618493,0.5,5.25,0.107143,7.333333,22.25,1.777707,2.646825
72c3bb9e-dafb-454d-841d-45da0a156943,6.0,0.6666666666666666,4.0,20792.47,3465.411666666667,1053.5082855567234,76,0,3.0,2.0,7.0,3.0,1.0,0.6666666666666666,2.0,3.0,6.0,2.0,1.0,0.5,0.6666666666666666,3465.411666666667,4917.84,0.23652024026005566,184.70111111111112,0.0,0.0,4.0,0.5,28.0,0.0,45.666666666666664,9,18.0,3,2,4,3,2,103,104,134,0.1691,0.0224,0.2258,0.1728,T3,False,none,0.889003,0.623735,1.044169,1.708504,1.123263,1.106699,1.100413,1.042405,1.201369,1.127185,1.07707,0.75,14.0,0.166667,9.666667,25.75,1.333307,3.527778
187bb3e1-0459-429b-b579-3e7581f3e6af,8.0,0.8888888888888888,5.0,12157.579999999998,1519.6974999999998,1485.0928870396335,98,1,4.0,2.0,10.0,4.0,1.0,0.5,3.0,2.6666666666666665,8.0,3.0,1.0,0.5,0.8888888888888888,1519.6974999999998,4230.57,0.34797796929981134,163.45277777777778,0.0,0.125,2.0,0.625,24.0,0.0,72.875,9,24.0,4,3,2,4,3,84,88,108,0.1587,0.0,0.2348,0.071,T3,False,none,1.581868,1.170367,0.593472,2.016544,0.625422,1.391613,0.979988,1.308764,1.276673,1.291648,0.886131,0.8,15.0,0.208333,8.666667,16.8,1.422199,3.225
db8dcfc2-4788-464b-9412-dc770589f159,3.0,0.3333333333333333,2.0,6799.61,2266.5366666666664,1929.6246346461617,84,0,1.0,3.0,5.0,1.0,1.0,1.0,2.0,1.5,6.0,2.0,1.0,0.6666666666666666,0.3333333333333333,2266.5366666666664,4494.04,0.6609261413522246,196.20388888888888,7.0,0.0,3.0,0.3333333333333333,22.0,0.0,43.0,6,9.0,1,2,3,1,2,67,68,95,0.2056,0.0211,0.1855,0.0916,T3,False,none,0.581114,0.512093,0.774322,0.630473,0.105784,0.607605,0.543236,0.57858,0.543398,0.559816,0.413962,1.5,7.333333,0.083333,7.666667,33.5,0.99997,3.083333
c705ca26-7f91-4741-9817-74911662f09d,0.0,0.0,0.0,0.0,0.0,0.0,73,1,0.0,0.0,0.0,0.0,0.0,0.0,0.0,0.0,0.0,0.0,0.0,0.0,0.0,0.0,0.0,0.0,0.0,0.0,0.0,0.0,0.0,0.0,0.0,0.0,0,0.0,0,0,0,0,0,0,0,1,0.0,0.0,0.0,0.0,T3,False,none,2.767811,2.428211,2.297128,2.075966,2.409508,1.579251,1.781581,1.986283,2.265693,2.135302,0.0,0.0,0.0,0.0,0.333333,0.0,0.0,0.111111
35092446-18a5-4355-8539-c196f5c19e98,3.0,0.3333333333333333,2.0,7482.05,2494.016666666667,748.01443330549,98,0,1.0,3.0,7.0,1.0,1.0,1.0,3.0,1.0,5.0,3.0,1.0,0.3333333333333333,0.3333333333333333,2494.016666666667,3346.2,0.44723037135544397,16.155,7.0,0.6666666666666666,2.0,0.6666666666666666,24.0,1.0,88.66666666666667,6,9.0,1,3,2,1,3,61,61,110,0.1928,0.0091,0.1832,0.0943,T3,False,none,0.462248,1.132732,0.512968,0.739839,0.231917,0.577544,0.477433,0.511232,0.706144,0.615185,0.525404,2.0,16.0,0.166667,8.333333,30.5,0.499993,3.5
9af2323c-63b6-4f7a-8bbb-8beba400482d,1.0,0.1111111111111111,1.0,4388.25,4388.25,0.0,108,0,1.0,1.0,7.0,1.0,1.0,1.0,1.0,1.0,5.0,1.0,1.0,1.0,0.1111111111111111,4388.25,4388.25,1.0,0.0,5.0,0.0,1.0,1.0,23.0,1.0,43.0,3,3.0,1,1,1,1,1,30,32,121,0.174,0.0,0.2013,0.1186,T3,False,none,0.552174,0.607297,0.57045,0.847671,0.581664,1.409168,1.214892,1.099554,0.685489,0.878719,0.238483,1.0,23.0,0.5,8.0,15.0,0.11111,3.166667
52cab669-d73e-4446-b7b6-327a1570dd21,1.0,0.1111111111111111,1.0,3447.59,3447.59,0.0,79,0,1.0,1.0,6.0,1.0,1.0,1.0,1.0,1.0,3.0,1.0,1.0,1.0,0.1111111111111111,3447.59,3447.59,1.0,0.0,22.0,1.0,1.0,1.0,21.0,0.0,21.0,3,3.0,1,1,1,1,1,27,27,108,0.1587,0.0,0.2348,0.071,T3,False,none,0.611607,0.715278,0.891076,0.886161,0.625422,1.158046,1.514105,1.120607,0.801008,0.950154,0.133446,1.0,21.0,0.5,7.333333,13.5,0.11111,2.944444
7b3e18c2-2663-44dc-b695-737484922031,10.0,1.1111111111111112,6.0,26137.65,2613.7650000000003,1548.7724887022985,44,0,2.0,5.0,10.0,2.0,1.0,0.9,1.0,10.0,5.0,1.0,1.0,1.0,1.1111111111111112,2613.7650000000003,4691.85,0.17950542608076855,213.70138888888889,0.0,0.3,4.0,0.7,24.0,0.0,38.6,7,30.0,2,1,4,2,1,93,95,108,0.1587,0.0,0.2348,0.071,T3,False,none,0.760202,1.391111,0.830763,1.45219,0.625422,1.804971,1.202508,1.305645,1.169662,1.23312,0.543621,0.666667,16.8,0.116667,8.333333,31.0,1.587279,3.038889
95f8ea30-27e7-4f02-85f4-937cbe574456,1.0,0.1111111111111111,1.0,1267.04,1267.04,0.0,91,1,1.0,1.0,7.0,1.0,1.0,1.0,1.0,1.0,2.0,1.0,1.0,1.0,0.1111111111111111,1267.04,1267.04,1.0,0.0,19.0,0.0,1.0,1.0,16.0,1.0,76.0,3,3.0,1,1,1,1,1,22,22,198,0.0889,0.0,0.2489,0.1724,T3,False,none,0.552174,0.796315,0.89198,0.934401,1.848264,1.275667,1.486571,1.139256,1.043352,1.088107,0.320767,1.0,16.0,0.5,6.0,11.0,0.11111,2.5
4b712508-e3d0-4bf3-8951-16cc4f0aff95,13.0,1.4444444444444444,7.0,35142.29,2703.253076923077,1565.328487412917,31,0,3.0,4.333333333333333,9.0,3.0,1.0,0.5384615384615384,4.0,3.25,8.0,4.0,1.0,0.5384615384615384,1.4444444444444444,2703.253076923077,4932.32,0.14035283414939662,212.21444444444444,9.0,0.38461538461538464,2.0,0.5384615384615384,23.0,2.0,44.61538461538461,9,39.0,3,4,2,3,4,72,74,50,0.2482,0.04,0.0909,0.0909,T3,True,cluster_005,1.204901,1.639979,0.34492,2.155038,0.707334,2.562909,1.413467,1.791759,1.407881,1.587024,1.093978,1.25,12.384615,0.100962,8.0,18.0,2.68249,3.116987
2f46a4d4-0ffb-4f9c-9868-1bc6c06f2ff3,3.0,0.3333333333333333,3.0,8470.19,2823.396666666667,2352.1847447072123,86,1,1.0,3.0,6.0,1.0,1.0,1.0,2.0,1.5,3.0,2.0,1.0,0.6666666666666666,0.3333333333333333,2823.396666666667,4723.88,0.5577064977290946,105.81527777777778,8.0,0.3333333333333333,3.0,0.3333333333333333,25.0,0.0,83.66666666666667,6,9.0,1,2,3,1,2,71,71,110,0.1791,0.0,0.2044,0.1366,T3,False,none,0.521681,0.539038,1.134779,0.664292,0.622351,0.62399,0.29441,0.484899,0.724006,0.612423,0.523486,1.5,8.333333,0.083333,9.0,35.5,0.99997,3.527778
e0367278-f1d7-445c-a5b8-82c9c12f3dfc,4.0,0.4444444444444444,3.0,11774.53,2943.6325,580.8906833116996,31,1,2.0,2.0,9.0,2.0,1.0,0.5,1.0,4.0,5.0,1.0,1.0,1.0,0.4444444444444444,2943.6325,3542.63,0.30087230658039005,55.92722222222222,2.0,0.0,4.0,0.25,24.0,3.0,86.0,7,12.0,2,1,4,2,1,90,92,134,0.1691,0.0224,0.2258,0.1728,T3,False,none,0.614426,0.670476,1.461462,1.083137,1.123263,0.571185,0.604131,0.594521,1.065477,0.845698,0.71576,0.666667,6.0,0.083333,8.666667,30.0,1.777707,3.138889
347dd4f4-6bbe-4c44-a56e-9b7e486c29e9,1.0,0.1111111111111111,1.0,3071.05,3071.05,0.0,65,0,1.0,1.0,7.0,1.0,1.0,1.0,1.0,1.0,3.0,1.0,1.0,1.0,0.1111111111111111,3071.05,3071.05,1.0,0.0,8.0,0.0,1.0,1.0,20.0,0.0,95.0,3,3.0,1,1,1,1,1,26,27,43,0.4131,0.0,0.082,0.0328,T3,False,none,0.552174,0.715278,1.090273,0.891036,1.59323,1.044764,0.968762,0.87869,1.005637,0.946395,0.332283,1.0,20.0,0.5,7.0,13.0,0.11111,2.833333
d8a5d452-db66-4049-8a03-7f0ac2554e72,8.0,0.8888888888888888,5.0,17733.62,2216.7025,1489.8313423121808,109,1,1.0,8.0,9.0,1.0,1.0,1.0,3.0,2.6666666666666665,6.0,2.0,0.6666666666666666,0.5,0.8888888888888888,2216.7025,3794.49,0.21397154106155428,205.70583333333335,0.0,0.0,6.0,0.25,23.0,3.0,61.375,10,24.0,1,3,6,1,2,129,134,96,0.2355,0.0,0.1833,0.0828,T3,False,none,1.071202,0.915713,1.618652,2.199799,0.215092,1.492497,1.05175,1.225211,1.426921,1.33279,1.256954,1.333333,5.75,0.018519,8.222222,64.5,3.555413,3.191358
83594cb5-71dc-42a1-b2fa-30677499333d,2.0,0.2222222222222222,2.0,5271.18,2635.59,212.82499900152723,66,1,1.0,2.0,6.0,1.0,1.0,1.0,1.0,2.0,1.0,0.0,0.0,1.0,0.2222222222222222,2635.59,2786.08,0.5285495847229652,81.62,3.0,0.0,1.0,1.0,21.0,0.0,43.0,3,6.0,1,1,1,1,0,25,25,134,0.1691,0.0224,0.2258,0.1728,T3,False,none,0.5037,1.531999,0.706443,0.989004,1.123263,0.688053,0.500451,0.572847,1.088262,0.847735,0.292901,0.0,21.0,0.0,7.333333,12.5,0.22222,2.444444
1f655042-ed12-4969-8841-a93c3ed5f225,3.0,0.3333333333333333,2.0,3287.63,1095.8766666666668,758.3302156932252,39,1,2.0,1.5,8.0,2.0,1.0,0.6666666666666666,1.0,3.0,3.0,1.0,1.0,1.0,0.3333333333333333,1095.8766666666668,1933.52,0.5881197093346879,49.437777777777775,2.0,0.0,3.0,0.3333333333333333,29.0,3.0,53.333333333333336,6,9.0,2,1,3,2,1,77,78,154,0.1225,0.0,0.2652,0.1509,T3,False,none,0.498937,0.658352,1.105371,0.768378,1.400021,0.660332,0.794907,0.659077,0.916353,0.796291,0.541449,0.666667,9.666667,0.133333,10.333333,25.666667,0.99997,3.711111
33bcc244-9710-4c99-b85c-24dfac61f36a,1.0,0.1111111111111111,1.0,2746.48,2746.48,0.0,80,0,1.0,1.0,7.0,1.0,1.0,1.0,1.0,1.0,3.0,1.0,1.0,1.0,0.1111111111111111,2746.48,2746.48,1.0,0.0,9.0,0.0,1.0,1.0,24.0,2.0,71.0,3,3.0,1,1,1,1,1,31,31,96,0.2355,0.0,0.1833,0.0828,T3,False,none,0.552174,0.715278,0.834541,0.847569,0.215092,1.091546,0.980703,0.900492,0.706369,0.79696,0.204803,1.0,24.0,0.5,8.333333,15.5,0.11111,3.277778
3e30fcc2-7a96-427c-afaa-7d4ca2f14d18,3.0,0.3333333333333333,3.0,10872.47,3624.1566666666663,1010.8225932542928,47,0,1.0,3.0,7.0,1.0,1.0,1.0,1.0,3.0,2.0,1.0,1.0,1.0,0.3333333333333333,3624.1566666666663,4581.41,0.42137711118080806,107.55527777777777,3.0,0.3333333333333333,2.0,0.6666666666666666,21.0,1.0,85.0,4,9.0,1,1,2,1,1,42,43,198,0.0889,0.0,0.2489,0.1724,T3,False,none,0.462248,0.739389,0.399997,0.468357,1.848264,0.450346,0.488218,0.46637,0.751858,0.61863,0.222126,1.0,14.0,0.166667,7.333333,21.0,0.499993,2.833333
5abc6283-bb41-46ea-afad-c4952f8a0c96,8.0,0.8888888888888888,6.0,25888.629999999997,3236.0787499999997,1816.4584493414454,78,1,2.0,4.0,9.0,2.0,1.0,0.625,2.0,4.0,8.0,2.0,1.0,0.625,0.8888888888888888,3236.0787499999997,4922.21,0.19013018456364822,208.22944444444445,5.0,0.125,2.0,0.5,19.0,0.0,72.0,6,24.0,2,2,2,2,2,56,56,198,0.0889,0.0,0.2489,0.1724,T3,False,none,0.657807,0.824528,0.667818,0.663048,1.848264,1.737354,1.109967,1.219783,0.901948,1.050271,0.543152,1.0,9.5,0.1,7.0,18.666667,1.777742,2.7
2855bb6f-2715-4b8b-807b-7abb44237e0e,7.0,0.7777777777777778,6.0,13494.68,1927.8114285714287,1400.9417615831212,57,1,2.0,3.5,10.0,2.0,1.0,0.5714285714285714,3.0,2.3333333333333335,4.0,3.0,1.0,0.42857142857142855,0.7777777777777778,1927.8114285714287,4772.66,0.35366974244665306,167.90444444444444,6.0,0.14285714285714285,3.0,0.5714285714285714,22.0,3.0,65.28571428571429,8,21.0,2,3,3,2,3,75,80,95,0.2056,0.0211,0.1855,0.0916,T3,True,cluster_002,0.698646,0.960672,0.77907,1.324876,0.105784,1.094021,0.766404,0.871851,0.916933,0.895895,0.714435,1.333333,12.571429,0.126984,8.0,25.0,1.361087,3.153439
87b14807-a1ba-407c-936d-5fd6399b37f0,6.0,0.6666666666666666,4.0,14584.92,2430.82,1665.5505203385455,50,0,3.0,2.0,12.0,3.0,1.0,0.5,1.0,6.0,4.0,1.0,1.0,1.0,0.6666666666666666,2430.82,4685.08,0.32122767899995336,90.645,7.0,0.3333333333333333,2.0,0.6666666666666666,23.0,0.0,69.66666666666667,6,18.0,3,1,2,3,1,65,65,84,0.204,0.0,0.1092,0.124,T3,False,none,1.246729,0.937633,0.499961,0.967743,0.51107,0.825708,0.498661,0.836984,0.786648,0.810138,0.242974,0.5,15.333333,0.222222,8.0,16.25,0.999985,2.907407
0d98b372-5d55-4af4-bbe6-d84c60a6e4b2,3.0,0.3333333333333333,2.0,6055.7300000000005,2018.5766666666668,2538.78765747223,35,1,1.0,3.0,3.0,1.0,1.0,1.0,1.0,3.0,2.0,1.0,1.0,1.0,0.3333333333333333,2018.5766666666668,4942.21,0.8161212603600226,218.56833333333333,1.0,0.0,1.0,1.0,19.0,1.0,46.0,3,9.0,1,1,1,1,1,21,21,198,0.0889,0.0,0.2489,0.1724,T3,False,none,0.699979,0.739389,0.570687,0.83068,1.848264,0.69289,0.888897,0.760251,0.923289,0.847205,0.320767,1.0,19.0,0.25,7.0,10.5,0.33333,2.75
84c1c969-5c86-467e-bb06-28e215e18319,2.0,0.2222222222222222,1.0,4670.82,2335.41,898.1670334631526,55,1,1.0,2.0,12.0,1.0,1.0,1.0,1.0,2.0,3.0,1.0,1.0,1.0,0.2222222222222222,2335.41,2970.51,0.6359718422032963,1.2336111111111112,19.0,0.0,1.0,1.0,21.0,0.0,21.0,3,6.0,1,1,1,1,1,33,33,108,0.1587,0.0,0.2348,0.071,T3,False,none,0.691983,0.595173,0.891076,0.771589,0.625422,0.586968,0.868148,0.710699,0.728017,0.719935,0.133446,1.0,21.0,0.333333,7.666667,16.5,0.22222,3.0
ba4bea29-af6c-48f3-b762-991cda01a04b,7.0,0.7777777777777778,6.0,15026.27,2146.61,1548.8893848066318,103,1,2.0,3.5,9.0,2.0,1.0,0.5714285714285714,4.0,1.75,5.0,4.0,1.0,0.5714285714285714,0.7777777777777778,2146.61,4226.62,0.2812820480398662,208.63805555555555,10.0,0.14285714285714285,2.0,0.5714285714285714,24.0,3.0,54.0,8,21.0,2,4,2,2,4,60,60,84,0.204,0.0,0.1092,0.124,T3,False,none,0.639213,1.312224,0.556235,1.328318,0.51107,1.373133,0.850632,0.989275,1.027236,1.009521,0.917317,1.666667,13.714286,0.126984,8.666667,20.0,1.361087,3.486772
2713a4fe-c5e5-4602-ae19-669df25a4af7,3.0,0.3333333333333333,2.0,8546.22,2848.74,1649.43093735385,92,1,1.0,3.0,7.0,1.0,1.0,1.0,1.0,3.0,5.0,1.0,1.0,1.0,0.3333333333333333,2848.74,4205.59,0.49209943109351273,124.53361111111111,3.0,0.0,1.0,1.0,19.0,1.0,68.0,3,9.0,1,1,1,1,1,28,28,110,0.1928,0.0091,0.1832,0.0943,T3,False,none,0.462248,0.550371,0.717228,0.763144,0.231917,0.600433,0.438121,0.506848,0.611847,0.562847,0.1557,1.0,19.0,0.25,7.0,14.0,0.33333,2.75
dac1ceee-dff8-427d-b076-17cc9f1fb840,7.0,0.7777777777777778,5.0,17051.47,2435.924285714286,1800.9514311501864,90,1,3.0,2.3333333333333335,11.0,3.0,1.0,0.42857142857142855,2.0,3.5,7.0,2.0,1.0,0.5714285714285714,0.7777777777777778,2435.924285714286,4920.23,0.2885516615283022,151.70527777777778,12.0,0.14285714285714285,3.0,0.7142857142857143,29.0,0.0,48.142857142857146,8,21.0,3,2,3,3,2,86,89,154,0.1225,0.0,0.2652,0.1509,T3,False,none,1.198474,0.718318,0.740698,1.441065,1.400021,1.2827,0.823897,1.105701,1.107628,1.106729,0.889463,0.75,20.714286,0.214286,10.333333,21.5,1.088874,3.765873
73783dd0-08fd-49f6-abd6-c992608e276b,4.0,0.4444444444444444,3.0,10327.56,2581.89,1341.8316949602884,96,1,1.0,4.0,6.0,1.0,1.0,1.0,3.0,1.3333333333333333,5.0,1.0,0.3333333333333333,0.5,0.4444444444444444,2581.89,3836.41,0.3714730294474203,85.49194444444444,12.0,0.5,2.0,0.75,21.0,2.0,43.0,6,12.0,1,3,2,1,1,43,43,89,0.2321,0.0,0.0992,0.0863,T3,False,none,0.629588,1.121021,0.248131,0.596696,0.403244,0.547756,0.460464,0.542039,0.622918,0.585174,0.279834,0.666667,15.75,0.05,7.444444,21.5,0.592585,2.72037
4513df1f-f617-4beb-8f15-0fa712fd1e94,0.0,0.0,0.0,0.0,0.0,0.0,108,0,0.0,0.0,0.0,0.0,0.0,0.0,0.0,0.0,0.0,0.0,0.0,0.0,0.0,0.0,0.0,0.0,0.0,0.0,0.0,0.0,0.0,0.0,0.0,0.0,0,0.0,0,0,0,0,0,0,0,1,0.0,0.0,0.0,0.0,T3,False,none,2.767811,2.428211,2.297128,2.075966,2.409508,1.774262,1.781581,2.060573,2.265693,2.16997,0.0,0.0,0.0,0.0,0.0,0.0,0.0,0.0
6c8b0bb6-b988-401c-8d82-28280a18af93,2.0,0.2222222222222222,2.0,3691.06,1845.53,1903.361749326701,64,0,1.0,2.0,7.0,1.0,1.0,1.0,1.0,2.0,6.0,1.0,1.0,1.0,0.2222222222222222,1845.53,3191.41,0.8646323820257595,137.26277777777779,9.0,0.0,2.0,0.5,22.0,2.0,51.0,4,6.0,1,1,2,1,1,43,43,121,0.1789,0.0083,0.2434,0.1287,T3,False,none,0.444267,0.568228,0.329651,0.520167,0.804265,0.74858,0.653087,0.629803,0.539841,0.581823,0.190994,1.0,11.0,0.166667,7.666667,21.5,0.444436,2.944444
17360d1b-7781-4b97-9f7e-e02622aa3f5c,3.0,0.3333333333333333,3.0,8429.09,2809.6966666666667,340.48791716202425,52,0,1.0,3.0,10.0,1.0,1.0,1.0,1.0,3.0,4.0,1.0,1.0,1.0,0.3333333333333333,2809.6966666666667,3196.05,0.37916904434523774,102.05027777777778,2.0,0.0,2.0,0.6666666666666666,21.0,1.0,101.33333333333333,4,9.0,1,1,2,1,1,48,48,121,0.1789,0.0083,0.2434,0.1287,T3,False,none,0.591098,0.577315,0.537074,0.415242,0.804265,0.381509,0.467289,0.469985,0.545979,0.510515,0.12151,1.0,14.0,0.166667,7.333333,24.0,0.499993,2.833333
7c20a777-a4df-4873-b266-67b7dfc85175,4.0,0.4444444444444444,4.0,4231.179999999999,1057.7949999999998,820.1201543879612,52,1,1.0,4.0,3.0,1.0,1.0,1.0,2.0,2.0,5.0,2.0,1.0,0.75,0.4444444444444444,1057.7949999999998,2244.18,0.5303910493053947,211.8438888888889,2.0,0.0,4.0,0.25,30.0,0.0,68.0,7,12.0,1,2,4,1,2,77,79,89,0.2321,0.0,0.0992,0.0863,T3,False,none,0.807887,0.316745,1.443944,0.916288,0.403244,0.618701,0.837378,0.745647,0.790823,0.769741,0.702561,1.5,7.5,0.05,10.666667,38.5,1.777707,4.072222
fc847fcc-1777-47fc-af75-9a11fea60cad,2.0,0.2222222222222222,2.0,5243.02,2621.51,3062.762312031412,30,0,1.0,2.0,9.0,1.0,1.0,1.0,2.0,1.0,3.0,2.0,1.0,0.5,0.2222222222222222,2621.51,4787.21,0.9130634634237519,80.93194444444444,6.0,0.5,2.0,0.5,23.0,0.0,73.5,5,6.0,1,2,2,1,2,56,56,84,0.204,0.0,0.1092,0.124,T3,False,none,0.513684,0.707606,0.654992,0.406632,0.51107,0.944488,0.666277,0.728664,0.551024,0.633922,0.263241,1.5,11.5,0.166667,8.0,28.0,0.444436,3.222222
bd1f6b3b-30e9-4e37-9f81-a89fc042d59d,2.0,0.2222222222222222,2.0,8089.17,4044.585,950.3868692537789,80,1,1.0,2.0,7.0,1.0,1.0,1.0,2.0,1.0,5.0,2.0,1.0,0.5,0.2222222222222222,4044.585,4716.61,0.5830771265778812,131.3125,9.0,0.0,2.0,0.5,18.0,1.0,79.0,5,6.0,1,2,2,1,2,44,44,30,0.8828,0.0333,0.0244,0.0217,T3,False,none,0.444267,0.599624,0.580115,0.423337,3.2248,0.74626,0.730767,0.654812,0.966982,0.821302,0.803744,1.5,9.0,0.166667,6.666667,22.0,0.444436,2.777778
e62efc62-a1bb-4a9c-a558-3af7d40d663e,6.0,0.6666666666666666,5.0,15523.78,2587.2966666666666,1436.9559587080835,78,1,3.0,2.0,9.0,3.0,1.0,0.5,2.0,3.0,5.0,2.0,1.0,0.8333333333333334,0.6666666666666666,2587.2966666666666,4857.27,0.31289222083796603,106.80916666666667,2.0,0.16666666666666666,1.0,1.0,23.0,1.0,30.0,6,18.0,3,2,1,3,2,47,47,40,0.459,0.0,0.0615,0.0469,T3,False,none,1.068431,0.399012,0.679552,0.936432,1.728531,1.011514,0.653818,0.908544,0.880577,0.893628,0.570028,0.75,23.0,0.333333,8.333333,11.75,0.66666,3.138889
80f4401a-815a-4278-84e3-1debaffd4fce,3.0,0.3333333333333333,2.0,9643.57,3214.523333333333,1009.9478221340613,46,0,1.0,3.0,8.0,1.0,1.0,1.0,2.0,1.5,4.0,2.0,1.0,0.6666666666666666,0.3333333333333333,3214.523333333333,4380.64,0.4542550113702706,58.29138888888889,11.0,0.3333333333333333,1.0,1.0,19.0,3.0,64.0,4,9.0,1,2,1,1,2,30,30,50,0.2482,0.04,0.0909,0.0909,T3,False,none,0.472232,0.458001,0.947658,0.656666,0.707334,0.437713,0.494684,0.466566,0.676068,0.5783,0.277979,1.5,19.0,0.25,6.666667,15.0,0.33333,2.805556
5d42cb51-8e44-477d-970f-9a7fb0d5eca1,2.0,0.2222222222222222,2.0,2419.76,1209.88,924.2309894176888,64,0,1.0,2.0,8.0,1.0,1.0,1.0,2.0,1.0,6.0,2.0,1.0,0.5,0.2222222222222222,1209.88,1863.41,0.7700805038516216,64.7825,5.0,0.5,2.0,0.5,22.0,1.0,49.5,5,6.0,1,2,2,1,2,55,55,198,0.0889,0.0,0.2489,0.1724,T3,False,none,0.454251,0.680661,0.235383,0.396984,1.848264,0.748389,0.827244,0.690635,0.676116,0.682892,0.413339,1.5,11.0,0.166667,7.666667,27.5,0.444436,3.111111
4079f2d3-0921-4427-85c6-1323adb69db3,5.0,0.5555555555555556,5.0,12646.99,2529.398,1761.1941450249035,39,1,1.0,5.0,11.0,1.0,1.0,1.0,1.0,5.0,4.0,1.0,1.0,1.0,0.5555555555555556,2529.398,4888.68,0.38654889424281985,144.73111111111112,0.0,0.2,2.0,0.6,22.0,2.0,66.4,4,15.0,1,1,2,1,1,45,46,43,0.4131,0.0,0.082,0.0328,T3,False,none,0.866346,0.817527,0.385178,0.511006,1.59323,0.816526,0.629528,0.768427,0.741793,0.754222,0.244171,1.0,13.2,0.1,8.0,22.5,0.92591,3.033333
5dec706d-99a2-48dc-8e17-fb1b476caf5e,2.0,0.2222222222222222,2.0,7759.01,3879.505,678.4760276163043,41,0,2.0,1.0,8.0,2.0,1.0,0.5,1.0,2.0,5.0,1.0,1.0,1.0,0.2222222222222222,3879.505,4359.26,0.561831986297221,15.437222222222223,11.0,0.0,2.0,0.5,23.0,0.0,59.5,5,6.0,2,1,2,2,1,58,59,43,0.4131,0.0,0.082,0.0328,T3,False,none,0.6629,0.487191,0.537498,0.472127,1.59323,0.717289,0.844551,0.74417,0.676362,0.708006,0.30481,0.666667,11.5,0.25,8.0,19.333333,0.444436,2.972222
09eeb71b-bdcf-46ad-9d67-1beb9e91c331,4.0,0.4444444444444444,4.0,10580.46,2645.115,1176.903605865833,90,0,1.0,4.0,7.0,1.0,1.0,1.0,1.0,4.0,3.0,1.0,1.0,1.0,0.4444444444444444,2645.115,3666.04,0.3464915514070277,143.0075,9.0,0.25,2.0,0.75,25.0,1.0,73.0,4,12.0,1,1,2,1,1,46,47,96,0.2355,0.0,0.1833,0.0828,T3,False,none,0.570155,0.778458,0.447846,0.444673,0.215092,0.592788,0.3272,0.497792,0.490517,0.493912,0.143358,1.0,18.75,0.15,8.666667,23.0,0.592585,3.272222
2c04d646-3349-4ad3-9edc-d08609674c45,4.0,0.4444444444444444,4.0,10427.900000000001,2606.9750000000004,1882.3824015061343,89,1,2.0,2.0,7.0,2.0,1.0,0.75,2.0,2.0,10.0,2.0,1.0,0.75,0.4444444444444444,2606.9750000000004,4335.56,0.41576539859415607,165.2386111111111,3.0,0.25,2.0,0.75,19.0,0.0,55.75,6,12.0,2,2,2,2,2,58,58,129,0.1169,0.0,0.1879,0.1099,T3,False,none,0.379993,0.72193,0.43907,0.455605,0.675501,0.693594,0.437992,0.518793,0.555391,0.538312,0.516522,1.0,14.25,0.25,7.0,19.333333,0.592585,2.75
5ea86768-8251-40ae-9e84-b719069b85e0,2.0,0.2222222222222222,2.0,5362.25,2681.125,2056.9241289969837,79,1,1.0,2.0,10.0,1.0,1.0,1.0,2.0,1.0,4.0,2.0,1.0,0.5,0.2222222222222222,2681.125,4135.59,0.7712415497225978,137.8177777777778,5.0,0.0,1.0,1.0,16.0,2.0,100.0,4,6.0,1,2,1,1,2,29,30,110,0.1791,0.0,0.2044,0.1366,T3,False,none,0.573117,0.626569,1.175078,0.718226,0.622351,0.7734,0.581483,0.652204,0.77451,0.717434,0.342454,1.5,16.0,0.333333,6.0,14.5,0.22222,2.611111
c43a701f-5929-4e39-a1ba-1e10acb09472,4.0,0.4444444444444444,3.0,10823.66,2705.915,1906.7656425213877,64,0,1.0,4.0,5.0,1.0,1.0,1.0,2.0,2.0,5.0,2.0,1.0,0.75,0.4444444444444444,2705.915,4298.87,0.3971734145381507,97.64888888888889,3.0,0.25,3.0,0.5,23.0,3.0,40.5,6,12.0,1,2,3,1,2,69,71,198,0.0889,0.0,0.2489,0.1724,T3,False,none,0.689021,0.316745,0.789993,0.66945,1.848264,0.510569,0.371325,0.515141,0.802856,0.668589,0.580078,1.5,11.5,0.1,8.0,34.5,0.888871,3.2
52c5e7d3-12d4-4f4b-993b-e9598200f661,7.0,0.7777777777777778,6.0,14131.84,2018.8342857142857,1573.143057097872,106,1,1.0,7.0,3.0,1.0,1.0,1.0,2.0,3.5,3.0,2.0,1.0,0.7142857142857143,0.7777777777777778,2018.8342857142857,4373.76,0.3094968524976224,141.69861111111112,3.0,0.2857142857142857,1.0,1.0,17.0,2.0,20.0,4,21.0,1,2,1,1,2,22,22,154,0.1225,0.0,0.2652,0.1509,T3,False,none,1.131609,0.571213,0.942311,0.918812,1.400021,1.38873,0.68281,1.07996,0.91701,0.993053,0.375378,1.5,17.0,0.125,6.333333,11.0,0.77777,2.652778
e647f870-d4b1-419f-a174-64dceefbd6c5,4.0,0.4444444444444444,2.0,8396.36,2099.09,1304.1035815455764,84,0,1.0,4.0,8.0,1.0,1.0,1.0,1.0,4.0,4.0,1.0,1.0,1.0,0.4444444444444444,2099.09,3974.0,0.4733003349070311,92.41444444444444,1.0,0.0,3.0,0.5,25.0,0.0,53.0,5,12.0,1,1,3,1,1,72,72,129,0.1169,0.0,0.1879,0.1099,T3,False,none,0.58014,0.697421,0.754551,0.65882,0.675501,0.518168,0.471748,0.520401,0.691194,0.611491,0.313937,1.0,12.5,0.1,8.666667,36.0,0.888871,3.255556
a09608e4-a4bb-472b-9af5-ee0803378fae,3.0,0.3333333333333333,3.0,6235.63,2078.5433333333335,558.894783061475,45,0,1.0,3.0,7.0,1.0,1.0,1.0,2.0,1.5,10.0,2.0,1.0,0.6666666666666666,0.3333333333333333,2078.5433333333335,2478.43,0.3974626461159498,135.7536111111111,7.0,0.0,2.0,0.6666666666666666,17.0,2.0,98.0,5,9.0,1,2,2,1,2,50,50,50,0.2482,0.04,0.0909,0.0909,T3,False,none,0.462248,0.836241,0.734262,0.308765,0.707334,0.417992,0.454283,0.442734,0.595707,0.524319,0.415101,1.5,11.333333,0.166667,6.0,25.0,0.499993,2.555556
feaffb9e-0f29-4d00-8f8f-dbb8290b986d,2.0,0.2222222222222222,2.0,8915.34,4457.67,580.7467993885115,63,1,1.0,2.0,8.0,1.0,1.0,1.0,1.0,2.0,4.0,1.0,1.0,1.0,0.2222222222222222,4457.67,4868.32,0.5460610588042631,35.937222222222225,7.0,0.0,2.0,0.5,19.0,1.0,39.0,4,6.0,1,1,2,1,1,43,43,110,0.1791,0.0,0.2044,0.1366,T3,False,none,0.454251,0.514136,0.364134,0.520167,0.622351,0.778321,0.841628,0.706832,0.503183,0.598219,0.139699,1.0,9.5,0.166667,7.0,21.5,0.444436,2.722222
76ded8a2-49c9-43ad-aac4-dbe8d11e63cd,2.0,0.2222222222222222,2.0,6017.8,3008.9,1539.80986884745,53,1,2.0,1.0,10.0,2.0,1.0,0.5,2.0,1.0,5.0,2.0,1.0,0.5,0.2222222222222222,3008.9,4097.71,0.680931569676626,59.95055555555555,8.0,0.5,2.0,0.5,28.0,1.0,89.5,6,6.0,2,2,2,2,2,65,68,121,0.1789,0.0083,0.2434,0.1287,T3,False,none,0.781766,0.599624,0.786305,0.579237,0.804265,0.579342,0.566362,0.632851,0.664977,0.649985,0.454186,1.0,14.0,0.25,10.0,21.666667,0.444436,3.75
ec28de36-9f84-457d-adc7-6d691d910898,6.0,0.6666666666666666,6.0,14753.06,2458.8433333333332,1632.3697074212894,49,0,2.0,3.0,7.0,2.0,1.0,0.6666666666666666,3.0,2.0,5.0,3.0,1.0,0.5,0.6666666666666666,2458.8433333333332,4580.48,0.3104766062091525,224.5536111111111,3.0,0.16666666666666666,4.0,0.3333333333333333,22.0,2.0,55.833333333333336,9,18.0,2,3,4,2,3,97,98,84,0.204,0.0,0.1092,0.124,T3,False,none,0.452979,0.904111,0.892798,1.631008,0.51107,1.000069,0.806046,0.779084,1.108834,0.95495,1.030344,1.333333,7.333333,0.083333,7.666667,32.333333,1.99994,3.027778
c999ce4e-9f3f-48f3-8821-e3d7a08d5fc5,5.0,0.5555555555555556,5.0,5648.37,1129.674,1117.3340544707298,88,1,1.0,5.0,7.0,1.0,1.0,1.0,3.0,1.6666666666666667,8.0,2.0,0.6666666666666666,0.6,0.5555555555555556,1129.674,3035.72,0.537450627349129,84.63027777777778,15.0,0.4,1.0,1.0,16.0,1.0,95.0,5,15.0,1,3,1,1,2,31,31,134,0.1691,0.0224,0.2258,0.1728,T3,False,none,0.678062,1.029569,1.051436,0.802822,1.123263,0.915523,0.658161,0.76189,0.96471,0.870061,0.661235,1.333333,16.0,0.111111,5.888889,15.5,0.55555,2.444444
628a990e-badb-4ea0-92ab-4c93fbb0f121,5.0,0.5555555555555556,4.0,17097.82,3419.564,927.1718464394828,75,0,1.0,5.0,4.0,1.0,1.0,1.0,1.0,5.0,6.0,1.0,1.0,1.0,0.5555555555555556,3419.564,4867.86,0.28470647135131844,116.0975,1.0,0.2,3.0,0.4,23.0,0.0,58.2,5,15.0,1,1,3,1,1,65,65,110,0.1928,0.0091,0.1832,0.0943,T3,False,none,0.856361,0.871619,0.800166,0.647969,0.231917,0.90464,0.732316,0.833405,0.666247,0.744254,0.276443,1.0,9.2,0.066667,8.0,32.5,1.388854,3.022222
9c2af2df-abca-426a-933d-3d8a6ef5a578,3.0,0.3333333333333333,3.0,9011.72,3003.9066666666663,1611.2602763778837,42,1,1.0,3.0,6.0,1.0,1.0,1.0,1.0,3.0,5.0,1.0,1.0,1.0,0.3333333333333333,3003.9066666666663,4818.79,0.5347247806190162,172.01055555555556,0.0,0.0,2.0,0.6666666666666666,23.0,0.0,98.66666666666667,4,9.0,1,1,2,1,1,49,50,154,0.1225,0.0,0.2652,0.1509,T3,False,none,0.521681,0.550371,0.743341,0.400821,1.400021,0.421524,0.680145,0.536347,0.6761,0.610882,0.21421,1.0,15.333333,0.166667,8.333333,24.5,0.499993,3.166667
495c7bd2-a96d-4286-906c-e652fc2cbdb0,3.0,0.3333333333333333,3.0,4646.72,1548.9066666666668,240.5147730043486,32,1,1.0,3.0,4.0,1.0,1.0,1.0,2.0,1.5,3.0,2.0,1.0,0.6666666666666666,0.3333333333333333,1548.9066666666668,1749.87,0.3765817608980097,103.2075,1.0,0.3333333333333333,2.0,0.6666666666666666,22.0,0.0,59.666666666666664,5,9.0,1,2,2,1,2,47,47,84,0.204,0.0,0.1092,0.124,T3,False,none,0.640547,0.539038,0.380166,0.337709,0.51107,0.637721,0.596281,0.624715,0.42578,0.518616,0.225331,1.5,14.666667,0.166667,8.0,23.5,0.499993,3.222222
523f18aa-0627-4653-9695-23c09887b849,2.0,0.2222222222222222,2.0,6474.530000000001,3237.2650000000003,563.3449015035104,59,0,1.0,2.0,6.0,1.0,1.0,1.0,2.0,1.0,4.0,2.0,1.0,0.5,0.2222222222222222,3237.2650000000003,3635.61,0.5615249292226617,66.14972222222222,3.0,0.0,2.0,0.5,25.0,0.0,88.5,5,6.0,1,2,2,1,2,52,52,96,0.2355,0.0,0.1833,0.0828,T3,False,none,0.5037,0.626569,0.85262,0.36804,0.215092,0.645726,0.564668,0.578128,0.508135,0.540798,0.232231,1.5,12.5,0.166667,8.666667,26.0,0.444436,3.444444
83b0edf7-971a-4375-a28b-060cffc11fba,1.0,0.1111111111111111,1.0,3549.74,3549.74,0.0,90,1,1.0,1.0,10.0,1.0,1.0,1.0,1.0,1.0,5.0,1.0,1.0,1.0,0.1111111111111111,3549.74,3549.74,1.0,0.0,10.0,0.0,1.0,1.0,22.0,2.0,70.0,3,3.0,1,1,1,1,1,34,34,121,0.1789,0.0083,0.2434,0.1287,T3,False,none,0.681025,0.607297,0.754407,0.818625,0.804265,1.218953,1.034162,1.003662,0.750021,0.868387,0.245432,1.0,22.0,0.5,8.0,17.0,0.11111,3.166667
17216686-5e8a-43aa-8bf1-0dad1aebee81,6.0,0.6666666666666666,4.0,20045.95,3340.991666666667,1695.210169287769,50,0,2.0,3.0,7.0,2.0,1.0,0.8333333333333334,1.0,6.0,5.0,1.0,1.0,1.0,0.6666666666666666,3340.991666666667,4839.64,0.2414273207306214,210.92138888888888,2.0,0.16666666666666666,1.0,1.0,20.0,1.0,31.0,4,18.0,2,1,1,2,1,33,33,134,0.1691,0.0224,0.2258,0.1728,T3,False,none,0.371533,0.910688,0.660703,0.797426,1.123263,1.071396,0.995693,0.846201,0.851564,0.849061,0.33644,0.666667,20.0,0.25,7.0,11.0,0.66666,2.638889
8476dbed-72b1-47d6-b055-0e0ccc7d2648,5.0,0.5555555555555556,5.0,12913.8,2582.7599999999998,1479.4602005799277,43,1,2.0,2.5,9.0,2.0,1.0,0.8,2.0,2.5,5.0,2.0,1.0,0.8,0.5555555555555556,2582.7599999999998,4036.61,0.31258111477644074,210.3661111111111,0.0,0.0,4.0,0.4,25.0,2.0,53.6,8,15.0,2,2,4,2,2,99,103,40,0.459,0.0,0.0615,0.0469,T3,False,none,0.380436,0.317256,0.932524,1.266257,1.728531,0.759046,0.812741,0.66877,1.036525,0.864906,0.974727,1.0,10.0,0.114286,9.0,33.0,1.388854,3.371429
28a7ffbf-3fd2-4e23-80ca-b6e1bbebbdc7,1.0,0.1111111111111111,1.0,1442.65,1442.65,0.0,83,0,1.0,1.0,6.0,1.0,1.0,1.0,1.0,1.0,1.0,0.0,0.0,1.0,0.1111111111111111,1442.65,1442.65,1.0,0.0,20.0,0.0,1.0,1.0,22.0,2.0,74.0,3,3.0,1,1,1,1,0,26,26,198,0.0889,0.0,0.2489,0.1724,T3,False,none,0.611607,1.652105,0.787977,1.036041,1.848264,1.215122,1.465224,1.126056,1.273747,1.204825,0.302509,0.0,22.0,0.0,7.333333,13.0,0.11111,2.444444
c1de2509-ef61-4ebb-8e07-b1eb70733b0b,6.0,0.6666666666666666,5.0,12335.77,2055.9616666666666,1135.3070268331237,103,0,3.0,2.0,12.0,3.0,1.0,0.5,1.0,6.0,2.0,1.0,1.0,1.0,0.6666666666666666,2055.9616666666666,3916.67,0.3175051091257376,150.5677777777778,1.0,0.0,5.0,0.3333333333333333,23.0,1.0,33.0,9,18.0,3,1,5,3,1,116,120,154,0.1225,0.0,0.2652,0.1509,T3,False,none,1.246729,1.099707,1.111521,1.987844,1.400021,1.047407,0.75247,1.006044,1.485272,1.261632,0.924752,0.5,7.666667,0.111111,8.0,29.0,1.99994,2.87037
cd000969-ef0b-41d0-bcd8-41810c3cdd27,2.0,0.2222222222222222,2.0,6564.46,3282.23,1219.264222799964,80,1,1.0,2.0,6.0,1.0,1.0,1.0,1.0,2.0,5.0,1.0,1.0,1.0,0.2222222222222222,3282.23,4144.38,0.6313360124061994,45.89277777777778,1.0,0.0,1.0,1.0,18.0,0.0,41.0,3,6.0,1,1,1,1,1,26,26,134,0.1691,0.0224,0.2258,0.1728,T3,False,none,0.5037,0.487191,0.83084,0.839125,1.123263,0.680727,0.751911,0.653876,0.796772,0.730087,0.33644,1.0,18.0,0.333333,6.666667,13.0,0.22222,2.666667
5831fd00-43d0-473c-9200-d68f0044e80d,1.0,0.1111111111111111,1.0,1244.27,1244.27,0.0,104,0,1.0,1.0,7.0,1.0,1.0,1.0,1.0,1.0,5.0,1.0,1.0,1.0,0.1111111111111111,1244.27,1244.27,1.0,0.0,22.0,0.0,1.0,1.0,13.0,3.0,102.0,3,3.0,1,1,1,1,1,22,22,108,0.1587,0.0,0.2348,0.071,T3,False,none,0.552174,0.607297,1.481795,0.934401,0.625422,1.356673,1.561472,1.195083,0.915169,1.045795,0.148198,1.0,13.0,0.5,4.666667,11.0,0.11111,2.055556
e13007ab-66f9-4c72-b310-fa3f6ba671c9,3.0,0.3333333333333333,3.0,5706.58,1902.1933333333334,220.86054883870347,99,1,2.0,1.5,10.0,2.0,1.0,0.6666666666666666,2.0,1.5,12.0,2.0,1.0,0.6666666666666666,0.3333333333333333,1902.1933333333334,2152.15,0.3771348162997803,87.925,2.0,0.3333333333333333,1.0,1.0,24.0,2.0,40.0,5,9.0,2,2,1,2,2,52,52,67,0.2469,0.0,0.1605,0.1111,T3,False,none,0.617802,0.998315,0.713177,0.420541,0.434357,0.697059,0.508465,0.61155,0.628253,0.620458,0.695867,1.0,24.0,0.4,8.666667,17.333333,0.33333,3.355556
a586c8db-c279-4b40-bd1e-d8615253a9d3,3.0,0.3333333333333333,2.0,7139.08,2379.693333333333,481.1364576015138,42,0,1.0,3.0,5.0,1.0,1.0,1.0,2.0,1.5,3.0,2.0,1.0,0.6666666666666666,0.3333333333333333,2379.693333333333,2845.91,0.3986381998800966,60.85583333333334,0.0,0.0,2.0,0.6666666666666666,25.0,0.0,99.33333333333333,5,9.0,1,2,2,1,2,49,49,110,0.1791,0.0,0.2044,0.1366,T3,False,none,0.581114,0.539038,0.820678,0.318413,0.622351,0.45055,0.567133,0.526715,0.528864,0.527861,0.303257,1.5,16.666667,0.166667,8.666667,24.5,0.499993,3.444444
4ad160cf-d445-4e3f-87a1-6fe00c77c37d,4.0,0.4444444444444444,3.0,13832.710000000001,3458.1775000000002,1306.077312473627,47,0,2.0,2.0,7.0,2.0,1.0,0.5,2.0,2.0,3.0,2.0,1.0,0.75,0.4444444444444444,3458.1775000000002,4850.78,0.35067459666254835,135.73805555555555,5.0,0.0,1.0,1.0,14.0,3.0,88.0,5,12.0,2,2,1,2,2,28,28,198,0.0889,0.0,0.2489,0.1724,T3,False,none,0.545008,0.424727,1.32843,0.645114,1.848264,0.552041,0.670417,0.58949,0.9329,0.772642,0.424881,1.0,14.0,0.333333,5.0,9.333333,0.44444,2.111111
85b02d51-848c-4f16-b263-5c8401a60435,5.0,0.5555555555555556,4.0,14478.91,2895.782,2084.786692115047,87,0,1.0,5.0,9.0,1.0,1.0,1.0,2.0,2.5,3.0,2.0,1.0,0.6,0.5555555555555556,2895.782,4564.8,0.3152723513026879,209.27083333333334,0.0,0.4,3.0,0.4,28.0,3.0,96.6,6,15.0,1,2,3,1,2,72,73,134,0.1691,0.0224,0.2258,0.1728,T3,False,none,0.74748,0.525518,1.383469,0.750306,1.123263,0.983828,0.828801,0.864624,0.888177,0.877186,0.659737,1.5,11.2,0.066667,9.666667,36.0,1.388854,3.744444
39394621-15c5-476f-b719-25ba3da4c945,4.0,0.4444444444444444,3.0,10556.32,2639.08,394.43141820431435,46,1,2.0,2.0,9.0,2.0,1.0,0.75,2.0,2.0,7.0,2.0,1.0,0.75,0.4444444444444444,2639.08,3101.62,0.29381640571714385,144.03222222222223,11.0,0.0,4.0,0.25,26.0,3.0,55.25,8,12.0,2,2,4,2,2,96,98,154,0.1225,0.0,0.2652,0.1509,T3,False,none,0.449411,0.478819,1.275137,1.171082,1.400021,0.457176,0.559221,0.488972,1.057851,0.792374,0.962357,1.0,6.5,0.083333,9.333333,32.0,1.777707,3.472222
ab6ed90d-1558-46f9-a21b-b71a48cde1af,6.0,0.6666666666666666,5.0,13599.0,2266.5,1349.801466127519,57,1,1.0,6.0,7.0,1.0,1.0,1.0,2.0,3.0,3.0,2.0,1.0,0.8333333333333334,0.6666666666666666,2266.5,4479.98,0.329434517243915,234.1613888888889,0.0,0.16666666666666666,2.0,0.6666666666666666,25.0,0.0,38.0,5,18.0,1,2,2,1,2,53,53,121,0.1789,0.0083,0.2434,0.1287,T3,False,none,0.78597,0.506994,0.478314,0.449281,0.804265,0.833772,0.884132,0.836901,0.528922,0.672645,0.294706,1.5,16.666667,0.095238,9.0,26.5,0.999985,3.531746
bdaa0b90-d82d-415f-b45b-9ec05d7a4c5f,2.0,0.2222222222222222,2.0,5740.45,2870.225,2623.203523642418,99,0,1.0,2.0,10.0,1.0,1.0,1.0,2.0,1.0,3.0,2.0,1.0,0.5,0.2222222222222222,2870.225,4725.11,0.823125364736214,141.82055555555556,17.0,0.0,2.0,0.5,21.0,0.0,75.5,5,6.0,1,2,2,1,2,49,49,50,0.2482,0.04,0.0909,0.0909,T3,False,none,0.573117,0.707606,0.62545,0.375097,0.707334,1.001875,0.902574,0.846273,0.565754,0.696663,0.179338,1.5,10.5,0.166667,7.333333,24.5,0.444436,3.0
03c0504d-f40c-4b8c-b6bb-b54ae2bfa32d,3.0,0.3333333333333333,2.0,7417.65,2472.5499999999997,1142.1589215603929,100,1,1.0,3.0,8.0,1.0,1.0,1.0,1.0,3.0,5.0,1.0,1.0,1.0,0.3333333333333333,2472.5499999999997,3408.7,0.4595390723477112,83.77027777777778,3.0,0.0,2.0,0.6666666666666666,25.0,1.0,90.0,4,9.0,1,1,2,1,1,56,56,43,0.4131,0.0,0.082,0.0328,T3,False,none,0.472232,0.550371,0.560028,0.437129,1.59323,0.525098,0.363797,0.456227,0.683727,0.57756,0.329443,1.0,16.666667,0.166667,9.0,28.0,0.499993,3.388889
d4a52cbb-85db-4ed5-800a-e50916003b3a,3.0,0.3333333333333333,2.0,7952.700000000001,2650.9,2142.777496451743,86,1,1.0,3.0,8.0,1.0,1.0,1.0,3.0,1.0,9.0,3.0,1.0,0.3333333333333333,0.3333333333333333,2650.9,4639.29,0.5833603681768456,67.22555555555556,4.0,0.0,2.0,0.6666666666666666,24.0,1.0,93.0,6,9.0,1,3,2,1,3,62,63,96,0.2355,0.0,0.1833,0.0828,T3,False,none,0.472232,1.45688,0.549335,0.75426,0.215092,0.634472,0.504373,0.544752,0.797361,0.679477,0.726918,2.0,16.0,0.166667,8.666667,31.0,0.499993,3.611111
12963e42-bae9-459c-a5c5-6dea389ef0d1,2.0,0.2222222222222222,2.0,5466.0,2733.0,2180.264764839353,50,0,1.0,2.0,7.0,1.0,1.0,1.0,1.0,2.0,5.0,1.0,1.0,1.0,0.2222222222222222,2733.0,4274.68,0.7820490303695573,41.596944444444446,2.0,0.5,2.0,0.5,22.0,0.0,50.5,4,6.0,1,1,2,1,1,51,51,95,0.2056,0.0211,0.1855,0.0916,T3,False,none,0.444267,0.487191,0.426095,0.447044,0.105784,0.693114,0.722931,0.631954,0.39584,0.506026,0.063033,1.0,11.0,0.166667,7.666667,25.5,0.444436,2.944444
bd2993cb-8c79-4964-ab3d-f5238f5eb09f,4.0,0.4444444444444444,2.0,11878.68,2969.67,1182.2153188259178,48,0,2.0,2.0,10.0,2.0,1.0,0.75,2.0,2.0,4.0,2.0,1.0,0.75,0.4444444444444444,2969.67,3926.97,0.33058976249886346,20.31,0.0,0.0,2.0,0.75,22.0,2.0,38.0,6,12.0,2,2,2,2,2,53,54,198,0.0889,0.0,0.2489,0.1724,T3,False,none,0.508844,0.34369,0.30055,0.412138,1.848264,0.480373,0.749754,0.578301,0.611133,0.595812,0.415248,1.0,16.5,0.25,7.666667,17.666667,0.592585,2.972222
5959797d-74c4-4420-8bdb-bf6ee7c088c4,1.0,0.1111111111111111,1.0,3519.26,3519.26,0.0,97,0,1.0,1.0,7.0,1.0,1.0,1.0,1.0,1.0,3.0,1.0,1.0,1.0,0.1111111111111111,3519.26,3519.26,1.0,0.0,18.0,0.0,1.0,1.0,18.0,2.0,73.0,3,3.0,1,1,1,1,1,25,25,129,0.1169,0.0,0.1879,0.1099,T3,False,none,0.552174,0.715278,0.87674,0.905457,0.675501,1.261436,1.214582,1.043171,0.813604,0.920735,0.176865,1.0,18.0,0.5,6.333333,12.5,0.11111,2.611111
6eed41d4-353c-4b89-9db5-e8d23c5eafe0,3.0,0.3333333333333333,3.0,4810.69,1603.5633333333333,1319.3356006086296,57,1,1.0,3.0,6.0,1.0,1.0,1.0,1.0,3.0,7.0,1.0,1.0,1.0,0.3333333333333333,1603.5633333333333,2657.27,0.5523677476619778,198.915,3.0,0.0,1.0,1.0,14.0,3.0,88.0,3,9.0,1,1,1,1,1,24,24,198,0.0889,0.0,0.2489,0.1724,T3,False,none,0.521681,0.712445,1.32843,0.801736,1.848264,0.41663,0.658424,0.527242,1.063562,0.81328,0.423923,1.0,14.0,0.25,5.333333,12.0,0.33333,2.194444
4f1315b1-131b-48c2-a7cf-298b17baec4c,7.0,0.7777777777777778,6.0,17431.87,2490.2671428571425,1534.9691306202685,91,0,1.0,7.0,5.0,1.0,1.0,1.0,1.0,7.0,4.0,1.0,1.0,1.0,0.7777777777777778,2490.2671428571425,4247.87,0.2436841256847372,211.19611111111112,0.0,0.14285714285714285,2.0,0.7142857142857143,25.0,2.0,42.285714285714285,4,21.0,1,1,2,1,1,53,53,121,0.1789,0.0083,0.2434,0.1287,T3,False,none,1.012743,1.057738,0.345868,0.593147,0.804265,1.349338,0.938794,1.11632,0.692965,0.89053,0.199516,1.0,17.857143,0.089286,8.666667,26.5,1.088874,3.251984
0f8c615e-04e3-4cfc-8a71-269e1dd505a1,4.0,0.4444444444444444,3.0,10863.13,2715.7825,1667.5691065415149,108,0,2.0,2.0,9.0,2.0,1.0,0.75,1.0,4.0,2.0,1.0,1.0,1.0,0.4444444444444444,2715.7825,4926.44,0.4535009707147019,78.17277777777778,9.0,0.5,3.0,0.5,22.0,3.0,60.25,6,12.0,2,1,3,2,1,64,65,198,0.0889,0.0,0.2489,0.1724,T3,False,none,0.449411,0.859495,0.789463,0.657863,1.848264,0.705893,0.498258,0.563401,0.934088,0.761101,0.424964,0.666667,11.0,0.166667,7.666667,21.333333,0.888871,2.833333
4c41af94-f9ef-4206-9536-c997c2993944,3.0,0.3333333333333333,3.0,4906.37,1635.4566666666667,2027.5370233200017,79,1,1.0,3.0,4.0,1.0,1.0,1.0,1.0,3.0,5.0,1.0,1.0,1.0,0.3333333333333333,1635.4566666666667,3968.33,0.8088118099531834,147.06472222222223,9.0,0.6666666666666666,2.0,0.6666666666666666,19.0,0.0,52.666666666666664,4,9.0,1,1,2,1,1,41,41,110,0.1791,0.0,0.2044,0.1366,T3,False,none,0.640547,0.550371,0.382704,0.482778,0.622351,0.650988,0.655193,0.649406,0.50209,0.570837,0.154452,1.0,12.666667,0.166667,7.0,20.5,0.499993,2.722222
dfa76720-8279-49ef-a7ed-6ce239a9b32d,3.0,0.3333333333333333,2.0,7324.860000000001,2441.6200000000003,2403.154963043374,51,0,2.0,1.5,5.0,2.0,1.0,0.6666666666666666,1.0,3.0,7.0,1.0,1.0,1.0,0.3333333333333333,2441.6200000000003,4864.34,0.664086412573073,60.18527777777778,2.0,0.0,3.0,0.3333333333333333,14.0,0.0,65.0,6,9.0,2,1,3,2,1,47,48,67,0.2469,0.0,0.1605,0.1111,T3,False,none,0.607818,0.712445,1.111147,0.543986,0.434357,0.519452,0.604098,0.572914,0.685988,0.63322,0.36211,0.666667,4.666667,0.133333,5.0,15.666667,0.99997,1.933333
6fb3a74e-0226-4d03-9f42-bf47c9a8f19c,5.0,0.5555555555555556,4.0,17659.36,3531.8720000000003,794.5777436915787,39,1,2.0,2.5,7.0,2.0,1.0,0.8,1.0,5.0,6.0,1.0,1.0,1.0,0.5555555555555556,3531.8720000000003,4374.74,0.24772924953112682,131.24277777777777,17.0,0.0,1.0,1.0,23.0,2.0,64.0,4,15.0,2,1,1,2,1,36,36,50,0.2482,0.04,0.0909,0.0909,T3,False,none,0.311018,0.871619,0.739923,0.711797,0.707334,0.91246,0.943124,0.750841,0.756868,0.754055,0.259653,0.666667,23.0,0.285714,8.333333,12.0,0.55555,3.095238
8044b739-1519-4972-87e3-2d39dc958d73,5.0,0.5555555555555556,4.0,12862.64,2572.528,1211.4079336746972,94,0,2.0,2.5,11.0,2.0,1.0,0.6,3.0,1.6666666666666667,4.0,3.0,1.0,0.6,0.5555555555555556,2572.528,4090.22,0.3179922628636112,149.58694444444444,8.0,0.0,3.0,0.4,28.0,1.0,52.0,8,15.0,2,3,3,2,3,90,94,121,0.1789,0.0083,0.2434,0.1287,T3,False,none,0.631313,0.905982,0.745167,1.351453,0.804265,0.791309,0.563878,0.669786,1.022577,0.857941,0.957514,1.333333,11.2,0.114286,9.666667,30.0,1.388854,3.704762
0e175c71-cf0c-4f12-8ca4-e51c8dc3ba96,2.0,0.2222222222222222,1.0,6500.98,3250.49,427.1207801079223,77,1,2.0,1.0,9.0,2.0,1.0,0.5,1.0,2.0,4.0,1.0,1.0,1.0,0.2222222222222222,3250.49,3552.51,0.5464576110063406,17.628888888888888,0.0,0.0,1.0,1.0,16.0,1.0,74.0,4,6.0,2,1,1,2,1,33,33,198,0.0889,0.0,0.2489,0.1724,T3,False,none,0.722333,0.514136,0.875195,0.725833,1.848264,0.841958,0.714113,0.765165,0.891098,0.832329,0.320767,0.666667,16.0,0.5,6.0,11.0,0.22222,2.388889
d0cd0cb9-abdd-479f-91c2-3104aef191fb,1.0,0.1111111111111111,1.0,560.91,560.91,0.0,76,0,1.0,1.0,5.0,1.0,1.0,1.0,1.0,1.0,1.0,0.0,0.0,1.0,0.1111111111111111,560.91,560.91,1.0,0.0,3.0,1.0,1.0,1.0,23.0,0.0,30.0,3,3.0,1,1,1,1,0,26,26,198,0.0889,0.0,0.2489,0.1724,T3,False,none,0.67104,1.652105,0.861872,1.036041,1.848264,1.308878,1.682281,1.251106,1.289142,1.271392,0.318814,0.0,23.0,0.0,7.666667,13.0,0.11111,2.555556
8bc6e53c-b0ba-4d58-b150-b625757009cb,2.0,0.2222222222222222,2.0,4301.02,2150.51,1599.9422295195536,75,0,1.0,2.0,8.0,1.0,1.0,1.0,1.0,2.0,3.0,1.0,1.0,1.0,0.2222222222222222,2150.51,3281.84,0.7630376050332246,56.89388888888889,0.0,0.0,2.0,0.5,25.0,2.0,66.0,4,6.0,1,1,2,1,1,55,56,121,0.174,0.0,0.2013,0.1186,T3,False,none,0.454251,0.595173,0.56315,0.488939,0.581664,0.7021,0.698255,0.630005,0.546412,0.585422,0.175315,1.0,12.5,0.166667,8.666667,27.5,0.444436,3.277778
639c653d-0598-4d66-adcb-08b759749f3c,5.0,0.5555555555555556,5.0,9641.43,1928.286,1658.5454248768708,74,0,1.0,5.0,5.0,1.0,1.0,1.0,3.0,1.6666666666666667,10.0,3.0,1.0,0.6,0.5555555555555556,1928.286,3982.66,0.41307772809635085,132.37694444444443,2.0,0.2,1.0,1.0,11.0,0.0,93.0,5,15.0,1,3,1,1,3,30,30,121,0.1789,0.0083,0.2434,0.1287,T3,False,none,0.796928,1.284222,1.396326,0.952702,0.804265,0.809893,0.4951,0.701258,1.103264,0.915661,0.791623,2.0,11.0,0.166667,4.0,15.0,0.55555,2.055556
47ab6889-4f0e-49c7-8865-95bedf0d10ad,3.0,0.3333333333333333,3.0,8988.97,2996.3233333333333,1994.1546920520816,105,1,1.0,3.0,5.0,1.0,1.0,1.0,3.0,1.0,4.0,3.0,1.0,0.3333333333333333,0.3333333333333333,2996.3233333333333,4956.44,0.5513913162464665,93.01527777777778,7.0,0.3333333333333333,3.0,0.3333333333333333,23.0,1.0,71.66666666666667,7,9.0,1,3,3,1,3,65,66,50,0.2482,0.04,0.0909,0.0909,T3,False,none,0.581114,1.159677,0.780008,0.952858,0.707334,0.696803,0.343367,0.545937,0.927632,0.749508,0.682027,2.0,7.666667,0.083333,8.333333,32.5,0.99997,3.472222
9014cc7a-2412-411f-b4d1-abfc12de02ea,1.0,0.1111111111111111,1.0,1494.71,1494.71,0.0,91,1,1.0,1.0,5.0,1.0,1.0,1.0,1.0,1.0,3.0,1.0,1.0,1.0,0.1111111111111111,1494.71,1494.71,1.0,0.0,3.0,0.0,1.0,1.0,17.0,2.0,109.0,3,3.0,1,1,1,1,1,22,22,50,0.2482,0.04,0.0909,0.0909,T3,False,none,0.67104,0.715278,1.214739,0.934401,0.707334,1.241814,1.236425,1.076939,0.90018,0.982667,0.173865,1.0,17.0,0.5,6.333333,11.0,0.11111,2.611111
444bcb31-f8c0-418d-8df3-cd02ceccee49,2.0,0.2222222222222222,2.0,5562.59,2781.295,1425.9161796017324,52,0,1.0,2.0,7.0,1.0,1.0,1.0,1.0,2.0,3.0,1.0,1.0,1.0,0.2222222222222222,2781.295,3789.57,0.6812599886024316,73.31722222222223,14.0,0.0,2.0,0.5,18.0,1.0,89.0,4,6.0,1,1,2,1,1,40,41,121,0.1789,0.0083,0.2434,0.1287,T3,False,none,0.444267,0.595173,0.66404,0.544338,0.804265,0.555062,0.646206,0.553788,0.625306,0.59193,0.12151,1.0,9.0,0.166667,6.333333,20.0,0.444436,2.5
e23b3886-8667-491f-a9d5-649cdc87a2ce,3.0,0.3333333333333333,3.0,9664.470000000001,3221.4900000000002,1120.0551938185904,103,0,2.0,1.5,11.0,2.0,1.0,0.6666666666666666,1.0,3.0,5.0,1.0,1.0,1.0,0.3333333333333333,3221.4900000000002,4434.47,0.45884254387462525,143.12805555555556,0.0,0.0,2.0,0.6666666666666666,21.0,2.0,48.333333333333336,5,9.0,2,1,2,2,1,48,49,108,0.1587,0.0,0.2348,0.071,T3,False,none,0.677235,0.550371,0.173954,0.364713,0.625422,0.586234,0.641132,0.630534,0.414838,0.515496,0.049558,0.666667,14.0,0.266667,7.333333,16.0,0.499993,2.755556
7d117273-c209-4815-b6d5-9c841a476e8a,2.0,0.2222222222222222,2.0,6508.68,3254.34,2069.8853962961334,60,1,2.0,1.0,7.0,2.0,1.0,0.5,1.0,2.0,4.0,1.0,1.0,1.0,0.2222222222222222,3254.34,4717.97,0.7248735534701353,83.37305555555555,8.0,0.5,2.0,0.5,19.0,1.0,70.5,5,6.0,2,1,2,2,1,47,47,110,0.1928,0.0091,0.1832,0.0943,T3,False,none,0.652915,0.514136,0.472909,0.435819,0.231917,0.719754,0.647654,0.676624,0.429142,0.544633,0.042307,0.666667,9.5,0.25,7.0,15.666667,0.444436,2.638889
fdedeb86-9297-4849-b66b-b5f8c03dfcd2,3.0,0.3333333333333333,3.0,7473.77,2491.2566666666667,244.85409213107556,53,0,2.0,1.5,7.0,2.0,1.0,0.6666666666666666,2.0,1.5,5.0,2.0,1.0,0.6666666666666666,0.3333333333333333,2491.2566666666667,2715.14,0.36328921013089777,88.89277777777778,2.0,0.0,3.0,0.3333333333333333,30.0,0.0,51.0,7,9.0,2,2,3,2,2,89,92,89,0.2321,0.0,0.0992,0.0863,T3,False,none,0.488952,0.431056,1.03998,0.923758,0.403244,0.371683,0.509039,0.450974,0.738043,0.604077,0.659578,1.0,10.0,0.133333,10.333333,29.666667,0.99997,3.822222
42dcac6c-6d4f-4e8e-8988-0360f7488da0,3.0,0.3333333333333333,3.0,5655.09,1885.03,1434.338491326228,55,0,1.0,3.0,6.0,1.0,1.0,1.0,2.0,1.5,4.0,2.0,1.0,0.6666666666666666,0.3333333333333333,1885.03,3529.47,0.6241226930075383,90.44944444444444,15.0,0.3333333333333333,3.0,0.3333333333333333,25.0,0.0,52.666666666666664,6,9.0,1,2,3,1,2,67,68,40,0.459,0.0,0.0615,0.0469,T3,False,none,0.521681,0.458001,0.874614,0.630473,1.728531,0.379352,0.408199,0.429633,0.821227,0.638483,0.64557,1.5,8.333333,0.083333,8.666667,33.5,0.99997,3.416667
9da0ba26-af5a-4bc9-8a6f-6b7c11d9dff3,3.0,0.3333333333333333,3.0,3118.2200000000003,1039.4066666666668,464.21531914978135,88,0,3.0,1.0,12.0,3.0,1.0,0.3333333333333333,2.0,1.5,8.0,2.0,1.0,0.6666666666666666,0.3333333333333333,1039.4066666666668,1465.9,0.4701079462000757,101.95083333333334,11.0,0.6666666666666666,2.0,0.6666666666666666,21.0,3.0,57.0,7,9.0,3,2,2,3,2,75,76,67,0.2687,0.0,0.1443,0.07,T3,False,none,1.464646,0.674167,0.429009,0.970775,0.56421,0.772465,0.775335,0.971188,0.715994,0.835085,0.53969,0.75,14.0,0.333333,7.333333,18.75,0.499993,2.805556
c253e93f-7dff-49fb-8bc1-f80e47bb84f1,3.0,0.3333333333333333,2.0,7454.130000000001,2484.7100000000005,494.57649226383575,46,1,1.0,3.0,6.0,1.0,1.0,1.0,3.0,1.0,7.0,3.0,1.0,0.3333333333333333,0.3333333333333333,2484.7100000000005,2791.05,0.3744300139654124,82.41222222222223,12.0,0.0,2.0,0.6666666666666666,17.0,1.0,77.0,6,9.0,1,3,2,1,3,46,46,84,0.204,0.0,0.1092,0.124,T3,False,none,0.521681,1.294806,0.476341,0.689009,0.51107,0.4187,0.514587,0.480086,0.766496,0.632838,0.597504,2.0,11.333333,0.166667,6.333333,23.0,0.499993,2.833333
93de90c7-6ac1-4c50-82d4-597bfaad8299,5.0,0.5555555555555556,4.0,16306.46,3261.292,1064.127881069752,85,1,1.0,5.0,5.0,1.0,1.0,1.0,1.0,5.0,3.0,1.0,1.0,1.0,0.5555555555555556,3261.292,4934.8,0.30262852881618696,123.63416666666667,21.0,0.4,3.0,0.4,25.0,2.0,53.0,5,15.0,1,1,3,1,1,74,74,67,0.2469,0.0,0.1605,0.1111,T3,False,none,0.796928,0.898564,0.727626,0.734801,0.434357,0.887755,0.92903,0.875563,0.724173,0.794821,0.363847,1.0,10.0,0.066667,9.0,37.0,1.388854,3.355556
6b944ef3-cc90-4993-a08d-bcea1a719e4f,4.0,0.4444444444444444,4.0,11076.93,2769.2325,1565.75776352059,108,0,3.0,1.3333333333333333,11.0,3.0,1.0,0.5,2.0,2.0,6.0,2.0,1.0,0.75,0.4444444444444444,2769.2325,4436.25,0.4004945413575783,156.80333333333334,11.0,0.25,4.0,0.25,26.0,0.0,53.75,9,12.0,3,2,4,3,2,103,107,129,0.1169,0.0,0.1879,0.1099,T3,False,none,1.259235,0.397782,1.180868,1.609454,0.675501,0.783534,0.472355,0.815722,1.061588,0.946851,0.899637,0.75,6.5,0.107143,9.0,25.75,1.777707,3.285714
3ad1f59b-e181-444a-aa7d-51f837db4e99,5.0,0.5555555555555556,4.0,11322.8,2264.56,1771.5014354637144,99,1,1.0,5.0,7.0,1.0,1.0,1.0,2.0,2.5,8.0,2.0,1.0,0.8,0.5555555555555556,2264.56,3886.63,0.34325696824107116,149.9638888888889,2.0,0.2,4.0,0.4,25.0,2.0,74.4,7,15.0,1,2,4,1,2,91,93,121,0.174,0.0,0.2013,0.1186,T3,False,none,0.678062,0.560367,1.107086,1.108044,0.581664,0.867626,0.51016,0.694309,0.883195,0.795049,0.847981,1.5,10.0,0.066667,9.0,45.5,1.388854,3.522222
65ca2c3a-0ac9-49a7-91e6-33cd2868e465,0.0,0.0,0.0,0.0,0.0,0.0,76,0,0.0,0.0,0.0,0.0,0.0,0.0,0.0,0.0,0.0,0.0,0.0,0.0,0.0,0.0,0.0,0.0,0.0,0.0,0.0,0.0,0.0,0.0,0.0,0.0,0,0.0,0,0,0,0,0,0,0,1,0.0,0.0,0.0,0.0,T3,False,none,2.767811,2.428211,2.297128,2.075966,2.409508,1.603513,1.781581,1.995526,2.265693,2.139615,0.0,0.0,0.0,0.0,0.0,0.0,0.0,0.0
5123055f-e837-438e-8057-17fa837227f8,5.0,0.5555555555555556,5.0,7188.49,1437.6979999999999,1499.8286904076745,55,1,2.0,2.5,10.0,2.0,1.0,0.8,3.0,1.6666666666666667,5.0,3.0,1.0,0.6,0.5555555555555556,1437.6979999999999,3923.76,0.5458392513587694,186.8188888888889,1.0,0.0,3.0,0.6,27.0,3.0,51.8,8,15.0,2,3,3,2,3,82,83,89,0.2523,0.0,0.1667,0.1056,T3,False,none,0.439868,0.879037,0.824185,1.25995,0.277908,0.73169,0.739065,0.650771,0.910264,0.789167,0.915225,1.333333,16.2,0.171429,9.666667,27.333333,0.92591,3.72381
af0ece21-b267-4b90-b33a-05e2649900fd,3.0,0.3333333333333333,2.0,4810.48,1603.493333333333,1261.6546104752017,78,0,2.0,1.5,5.0,2.0,1.0,0.6666666666666666,2.0,1.5,7.0,2.0,1.0,0.6666666666666666,0.3333333333333333,1603.493333333333,3059.62,0.636032163110542,87.13138888888889,1.0,0.6666666666666666,2.0,0.6666666666666666,25.0,1.0,67.33333333333333,6,9.0,2,2,2,2,2,58,58,89,0.2321,0.0,0.0992,0.0863,T3,False,none,0.607818,0.59313,0.3698,0.440697,0.403244,0.588644,0.621487,0.60507,0.457793,0.526522,0.404002,1.0,16.666667,0.266667,8.666667,19.333333,0.499993,3.311111
4e568b1a-a67a-4485-a9f1-3ea49c128e20,3.0,0.3333333333333333,3.0,12330.970000000001,4110.323333333334,1061.2007230648373,68,0,1.0,3.0,5.0,1.0,1.0,1.0,1.0,3.0,3.0,1.0,1.0,1.0,0.3333333333333333,4110.323333333334,4825.27,0.3913130921573891,40.403888888888886,0.0,0.0,2.0,0.6666666666666666,23.0,2.0,70.66666666666667,4,9.0,1,1,2,1,1,44,45,50,0.2482,0.04,0.0909,0.0909,T3,False,none,0.581114,0.658352,0.407712,0.449061,0.707334,0.575755,0.918784,0.691629,0.535815,0.608528,0.102058,1.0,15.333333,0.166667,8.0,22.0,0.499993,3.055556
6a0ec858-c4e6-41b9-9cab-46615a7f977a,5.0,0.5555555555555556,3.0,11816.51,2363.302,1397.7287143684216,104,1,2.0,2.5,8.0,2.0,1.0,0.8,1.0,5.0,3.0,1.0,1.0,1.0,0.5555555555555556,2363.302,4324.35,0.36595830748672836,198.66222222222223,5.0,0.2,3.0,0.4,30.0,0.0,56.2,6,15.0,2,1,3,2,1,78,80,89,0.2321,0.0,0.0992,0.0863,T3,False,none,0.321003,0.898564,1.034477,0.854392,0.403244,0.744608,0.558251,0.561459,0.827761,0.703487,0.448875,0.666667,12.0,0.114286,10.666667,26.0,1.388854,3.815873
c679eb06-ba9d-4dd7-a627-e101bcb9a99d,5.0,0.5555555555555556,5.0,14259.269999999999,2851.854,1693.6514906939976,101,0,1.0,5.0,7.0,1.0,1.0,1.0,3.0,1.6666666666666667,6.0,2.0,0.6666666666666666,0.6,0.5555555555555556,2851.854,4540.44,0.31842022768346484,222.75472222222223,0.0,0.0,1.0,1.0,17.0,0.0,106.0,5,15.0,1,3,1,1,2,29,29,50,0.2482,0.04,0.0909,0.0909,T3,False,none,0.678062,0.867495,1.290202,0.822118,0.707334,1.063598,0.927648,0.908128,0.911849,0.910113,0.425008,1.333333,17.0,0.111111,5.888889,14.5,0.55555,2.444444
257e76bd-d593-4dba-a487-329aaeae519a,1.0,0.1111111111111111,1.0,3436.61,3436.61,0.0,68,0,1.0,1.0,8.0,1.0,1.0,1.0,1.0,1.0,5.0,1.0,1.0,1.0,0.1111111111111111,3436.61,3436.61,1.0,0.0,1.0,1.0,1.0,1.0,23.0,0.0,61.0,3,3.0,1,1,1,1,1,32,33,43,0.4131,0.0,0.082,0.0328,T3,False,none,0.562159,0.607297,0.815387,0.833148,1.59323,1.098227,1.298092,1.011686,0.899665,0.951942,0.373869,1.0,23.0,0.5,8.0,16.0,0.11111,3.166667
d0c01e2c-1d02-416f-a90e-182989bed207,3.0,0.3333333333333333,3.0,11173.95,3724.65,728.9669266160158,102,1,2.0,1.5,6.0,2.0,1.0,0.6666666666666666,2.0,1.5,8.0,2.0,1.0,0.6666666666666666,0.3333333333333333,3724.65,4357.21,0.38994357411658365,133.83805555555554,6.0,0.3333333333333333,2.0,0.6666666666666666,19.0,1.0,22.0,6,9.0,2,2,2,2,2,47,48,110,0.1791,0.0,0.2044,0.1366,T3,False,none,0.548385,0.674167,0.383945,0.404389,0.622351,0.731534,0.47134,0.592474,0.503901,0.545235,0.439121,1.0,12.666667,0.266667,7.0,15.666667,0.499993,2.755556
f03db0e3-ed30-499b-b19a-1d97a606e66d,4.0,0.4444444444444444,4.0,9568.75,2392.1875,1174.0487208054867,76,1,1.0,4.0,7.0,1.0,1.0,1.0,3.0,1.3333333333333333,4.0,2.0,0.6666666666666666,0.5,0.4444444444444444,2392.1875,3250.04,0.3396514696276943,159.93416666666667,3.0,0.25,4.0,0.25,27.0,3.0,54.75,8,12.0,1,3,4,1,2,91,92,110,0.1928,0.0091,0.1832,0.0943,T3,False,none,0.570155,0.918547,1.306811,1.248037,0.231917,0.456869,0.386264,0.465701,1.008556,0.755224,0.813319,1.333333,6.75,0.033333,9.555556,45.5,1.777707,3.640741
0d085d86-37b3-46bf-b7f2-bae3895f318c,3.0,0.3333333333333333,3.0,11915.76,3971.92,250.657921678131,91,0,1.0,3.0,10.0,1.0,1.0,1.0,2.0,1.5,6.0,2.0,1.0,0.6666666666666666,0.3333333333333333,3971.92,4224.71,0.3545480942885724,119.36361111111111,6.0,0.0,2.0,0.6666666666666666,20.0,1.0,28.0,5,9.0,1,2,2,1,2,53,53,121,0.174,0.0,0.2013,0.1186,T3,False,none,0.591098,0.512093,0.29772,0.321003,0.581664,0.81249,0.598973,0.678063,0.407368,0.533692,0.270962,1.5,13.333333,0.166667,7.0,26.5,0.499993,2.888889
191c4055-b7a8-4be7-93d4-2df4fd9c8a88,4.0,0.4444444444444444,3.0,11178.97,2794.7425,1761.193698118315,33,1,1.0,4.0,3.0,1.0,1.0,1.0,2.0,2.0,6.0,2.0,1.0,0.5,0.4444444444444444,2794.7425,4615.22,0.4128484109001098,62.72944444444445,4.0,0.0,3.0,0.5,21.0,2.0,43.25,6,12.0,1,2,3,1,2,58,58,89,0.2321,0.0,0.0992,0.0863,T3,False,none,0.807887,0.560555,0.538266,0.553776,0.403244,0.552999,0.577819,0.634097,0.527151,0.577059,0.391203,1.5,10.5,0.1,7.666667,29.0,0.888871,3.088889
a05438ea-7d97-4f0d-ad4f-02ca687be9e5,1.0,0.1111111111111111,1.0,4430.95,4430.95,0.0,69,1,1.0,1.0,6.0,1.0,1.0,1.0,1.0,1.0,5.0,1.0,1.0,1.0,0.1111111111111111,4430.95,4430.95,1.0,0.0,14.0,0.0,1.0,1.0,21.0,1.0,30.0,3,3.0,1,1,1,1,1,29,29,198,0.0889,0.0,0.2489,0.1724,T3,False,none,0.611607,0.607297,0.633224,0.866865,1.848264,1.197189,1.349132,1.080527,0.916864,0.993241,0.335519,1.0,21.0,0.5,7.666667,14.5,0.11111,3.055556
b484e426-80fe-481e-b552-d290cf98d373,1.0,0.1111111111111111,1.0,650.91,650.91,0.0,42,1,1.0,1.0,9.0,1.0,1.0,1.0,1.0,1.0,4.0,1.0,1.0,1.0,0.1111111111111111,650.91,650.91,1.0,0.0,19.0,0.0,1.0,1.0,17.0,3.0,63.0,3,3.0,1,1,1,1,1,27,27,67,0.2469,0.0,0.1605,0.1111,T3,False,none,0.621592,0.634241,1.011007,0.886161,0.434357,1.231825,1.642335,1.194309,0.77389,0.970086,0.218798,1.0,17.0,0.5,6.333333,13.5,0.11111,2.611111
cb487861-3f8c-46a6-bfac-359243c79b3e,6.0,0.6666666666666666,5.0,17700.46,2950.0766666666664,1801.9915718744821,101,0,2.0,3.0,11.0,2.0,1.0,0.6666666666666666,2.0,3.0,8.0,2.0,1.0,0.8333333333333334,0.6666666666666666,2950.0766666666664,4842.09,0.27355729738097206,196.03972222222222,18.0,0.16666666666666666,2.0,0.8333333333333334,20.0,3.0,58.0,6,18.0,2,2,2,2,2,63,65,108,0.1587,0.0,0.2348,0.071,T3,False,none,0.641263,0.642123,0.565192,0.626761,0.625422,1.301859,1.038965,1.025486,0.617551,0.807921,0.432565,1.0,16.666667,0.208333,7.0,21.0,0.79999,2.736111
6d11c3a9-9367-4322-8ad2-32a23f30cf94,2.0,0.2222222222222222,2.0,6310.24,3155.12,1485.9566163922825,62,1,1.0,2.0,8.0,1.0,1.0,1.0,1.0,2.0,3.0,1.0,1.0,1.0,0.2222222222222222,3155.12,4205.85,0.6665118917822461,26.60638888888889,4.0,0.0,1.0,1.0,24.0,1.0,102.0,3,6.0,1,1,1,1,1,32,32,110,0.1928,0.0091,0.1832,0.0943,T3,False,none,0.454251,0.595173,1.013027,0.781237,0.231917,0.620985,0.729041,0.609365,0.691457,0.653148,0.184086,1.0,24.0,0.333333,8.666667,16.0,0.22222,3.333333
01e3ce8b-c77f-42e3-9686-6286cac99460,0.0,0.0,0.0,0.0,0.0,0.0,53,0,0.0,0.0,0.0,0.0,0.0,0.0,0.0,0.0,0.0,0.0,0.0,0.0,0.0,0.0,0.0,0.0,0.0,0.0,0.0,0.0,0.0,0.0,0.0,0.0,0,0.0,0,0,0,0,0,0,0,1,0.0,0.0,0.0,0.0,T3,False,none,2.767811,2.428211,2.297128,2.075966,2.409508,1.489403,1.781581,1.952055,2.265693,2.119329,0.0,0.0,0.0,0.0,0.0,0.0,0.0,0.0
375a6bb3-5ab3-436f-b9de-b8c9636e1c78,5.0,0.5555555555555556,4.0,13081.89,2616.3779999999997,1719.8804904614738,39,1,2.0,2.5,9.0,2.0,1.0,0.6,3.0,1.6666666666666667,8.0,3.0,1.0,0.6,0.5555555555555556,2616.3779999999997,4520.47,0.34555175131422144,194.29055555555556,7.0,0.0,2.0,0.8,21.0,1.0,92.8,7,15.0,2,3,2,2,3,55,56,154,0.1225,0.0,0.2652,0.1509,T3,False,none,0.512447,1.122148,0.532806,0.8298,1.400021,0.746619,0.667099,0.653206,0.93605,0.804056,0.806863,1.333333,16.8,0.228571,7.666667,18.333333,0.694436,3.07619
01529a51-9c9e-4ce0-896e-3d8e6082eeeb,3.0,0.3333333333333333,3.0,5741.96,1913.9866666666667,1069.523785164843,77,0,1.0,3.0,3.0,1.0,1.0,1.0,1.0,3.0,9.0,1.0,1.0,1.0,0.3333333333333333,1913.9866666666667,2805.61,0.4886153856871173,158.54805555555555,11.0,0.0,3.0,0.3333333333333333,29.0,0.0,54.0,5,9.0,1,1,3,1,1,68,69,89,0.2523,0.0,0.1667,0.1056,T3,False,none,0.699979,0.874519,1.029287,0.610093,0.277908,0.438008,0.528409,0.542991,0.708167,0.631085,0.58922,1.0,9.666667,0.083333,10.0,34.0,0.99997,3.694444
5caa3963-588c-41b0-bf62-ec1a23cd7c0a,4.0,0.4444444444444444,4.0,9131.82,2282.955,1840.307533040787,65,0,1.0,4.0,5.0,1.0,1.0,1.0,4.0,1.0,7.0,4.0,1.0,0.25,0.4444444444444444,2282.955,4945.55,0.5415733117823173,159.92333333333335,12.0,0.0,1.0,1.0,18.0,3.0,92.0,6,12.0,1,4,1,1,4,33,33,89,0.2523,0.0,0.1667,0.1056,T3,False,none,0.689021,1.773657,1.218517,1.208725,0.277908,0.525935,0.586162,0.592607,1.196862,0.914876,0.929734,2.5,18.0,0.2,6.333333,16.5,0.44444,3.011111
890727a2-8ce6-460d-aa68-bc1a74a390ac,4.0,0.4444444444444444,4.0,12459.380000000001,3114.8450000000003,1934.7483823053924,44,1,2.0,2.0,7.0,2.0,1.0,0.5,1.0,4.0,5.0,1.0,1.0,1.0,0.4444444444444444,3114.8450000000003,4892.19,0.39265115920695887,143.145,3.0,0.0,1.0,1.0,21.0,0.0,21.0,4,12.0,2,1,1,2,1,32,32,108,0.1587,0.0,0.2348,0.071,T3,False,none,0.545008,0.670476,0.891076,0.693704,0.625422,0.677982,0.66293,0.634972,0.717636,0.67906,0.148198,0.666667,21.0,0.333333,7.666667,10.666667,0.44444,2.888889
64d46cce-d9ac-46ce-b5bf-39f3851d7382,3.0,0.3333333333333333,3.0,10684.619999999999,3561.5399999999995,587.2611833758468,57,0,2.0,1.5,9.0,2.0,1.0,0.6666666666666666,1.0,3.0,3.0,1.0,1.0,1.0,0.3333333333333333,3561.5399999999995,4088.04,0.38260976993098494,154.31833333333333,7.0,0.0,2.0,0.6666666666666666,22.0,1.0,59.0,5,9.0,2,1,2,2,1,52,53,95,0.2056,0.0211,0.1855,0.0916,T3,False,none,0.55837,0.658352,0.19225,0.357554,0.105784,0.492528,0.563698,0.535063,0.356354,0.439752,0.052269,0.666667,14.666667,0.266667,7.666667,17.333333,0.499993,2.866667
361dece1-5c84-4b0b-a95b-0750aa20c14d,3.0,0.3333333333333333,3.0,8617.29,2872.4300000000003,1573.5343195494659,99,0,2.0,1.5,10.0,2.0,1.0,0.6666666666666666,1.0,3.0,5.0,1.0,1.0,1.0,0.3333333333333333,2872.4300000000003,3982.59,0.4621626984817732,137.22555555555556,2.0,0.3333333333333333,1.0,1.0,18.0,1.0,54.0,4,9.0,2,1,1,2,1,37,37,134,0.1691,0.0224,0.2258,0.1728,T3,False,none,0.617802,0.550371,0.635605,0.630556,1.123263,0.57573,0.366586,0.518036,0.693679,0.611712,0.33644,0.666667,18.0,0.4,6.333333,12.333333,0.33333,2.466667
14905522-890a-4acf-94ec-6a70ba1135be,3.0,0.3333333333333333,3.0,5487.85,1829.2833333333335,162.09505678253518,43,1,1.0,3.0,11.0,1.0,1.0,1.0,1.0,3.0,3.0,1.0,1.0,1.0,0.3333333333333333,1829.2833333333335,2014.84,0.36714560346948255,146.94444444444446,5.0,0.0,1.0,1.0,26.0,1.0,73.0,3,9.0,1,1,1,1,1,37,37,110,0.1791,0.0,0.2044,0.1366,T3,False,none,0.650531,0.658352,0.841388,0.676312,0.622351,0.538015,0.617692,0.596722,0.697219,0.65032,0.314089,1.0,26.0,0.25,9.333333,18.5,0.33333,3.527778
791c6c40-539a-4451-9db0-6d13d54550f6,3.0,0.3333333333333333,2.0,6310.56,2103.52,2148.564538965493,67,1,1.0,3.0,4.0,1.0,1.0,1.0,1.0,3.0,3.0,1.0,1.0,1.0,0.3333333333333333,2103.52,4490.51,0.7115866103800613,29.754166666666666,0.0,0.0,1.0,1.0,16.0,1.0,74.0,3,9.0,1,1,1,1,1,20,20,198,0.0889,0.0,0.2489,0.1724,T3,False,none,0.640547,0.658352,0.875195,0.840328,1.848264,0.578499,0.733456,0.647879,0.970087,0.819723,0.320767,1.0,16.0,0.25,6.0,10.0,0.33333,2.416667
c8270a06-f4cc-49c2-84c8-811fb60ead48,4.0,0.4444444444444444,4.0,14066.4,3516.6,1430.9017935786742,84,0,1.0,4.0,8.0,1.0,1.0,1.0,3.0,1.3333333333333333,6.0,1.0,0.3333333333333333,0.5,0.4444444444444444,3516.6,4466.2,0.3175083887846215,100.60972222222222,2.0,0.25,1.0,1.0,22.0,0.0,68.0,5,12.0,1,3,1,1,1,33,33,67,0.2687,0.0,0.1443,0.07,T3,False,none,0.58014,1.202058,0.838263,0.730908,0.56421,0.794969,0.567711,0.657837,0.843278,0.756739,0.399527,0.666667,22.0,0.066667,7.444444,16.5,0.44444,2.725926
ad961eab-48b0-4043-8a87-87a6a9feb0ba,5.0,0.5555555555555556,3.0,16166.880000000001,3233.376,1549.6535942042015,95,1,3.0,1.6666666666666667,12.0,3.0,1.0,0.6,2.0,2.5,7.0,2.0,1.0,0.8,0.5555555555555556,3233.376,4710.8,0.2913858456300783,60.280833333333334,2.0,0.6,2.0,0.8,21.0,3.0,98.8,7,15.0,3,2,2,3,2,65,65,67,0.2687,0.0,0.1443,0.07,T3,False,none,1.216693,0.47933,0.84716,0.941115,0.56421,0.922895,0.857612,0.985076,0.743277,0.856117,0.493246,0.75,16.8,0.3,7.666667,16.25,0.694436,2.905556
ea622a4c-2a21-461e-8b39-a69b2adb876b,2.0,0.2222222222222222,2.0,7932.99,3966.495,1119.654090534215,37,1,1.0,2.0,7.0,1.0,1.0,1.0,1.0,2.0,3.0,1.0,1.0,1.0,0.2222222222222222,3966.495,4758.21,0.5998003274931646,80.19222222222223,6.0,0.5,1.0,1.0,16.0,2.0,40.0,3,6.0,1,1,1,1,1,23,23,89,0.2523,0.0,0.1667,0.1056,T3,False,none,0.444267,0.595173,0.810334,0.868069,0.277908,0.667614,0.682386,0.608724,0.689456,0.651781,0.211323,1.0,16.0,0.333333,6.0,11.5,0.22222,2.444444
e1ae6b42-524f-4aa8-8b94-8e7c9ed6ed20,2.0,0.2222222222222222,2.0,2575.29,1287.645,128.41766253128898,41,0,2.0,1.0,9.0,2.0,1.0,0.5,1.0,2.0,4.0,1.0,1.0,1.0,0.2222222222222222,1287.645,1378.45,0.535260106628768,35.02972222222222,3.0,0.5,2.0,0.5,25.0,0.0,29.0,5,6.0,2,1,2,2,1,62,63,121,0.1789,0.0083,0.2434,0.1287,T3,False,none,0.722333,0.514136,0.676706,0.510719,0.804265,0.887404,0.84266,0.825326,0.595078,0.702527,0.22649,0.666667,12.5,0.25,8.666667,20.666667,0.444436,3.194444
210c0ea7-4902-4a41-8d72-c8cb05c94188,1.0,0.1111111111111111,1.0,4135.13,4135.13,0.0,65,0,1.0,1.0,6.0,1.0,1.0,1.0,1.0,1.0,2.0,1.0,1.0,1.0,0.1111111111111111,4135.13,4135.13,1.0,0.0,4.0,0.0,1.0,1.0,29.0,0.0,51.0,3,3.0,1,1,1,1,1,34,34,89,0.2523,0.0,0.1667,0.1056,T3,False,none,0.611607,0.796315,0.946687,0.818625,0.277908,1.15379,1.173949,1.0056,0.749608,0.869071,0.335986,1.0,29.0,0.5,10.0,17.0,0.11111,3.833333
e33c7ec1-492b-45f2-ae00-549fc9d48252,4.0,0.4444444444444444,2.0,7048.58,1762.145,1125.5560539129092,88,0,2.0,2.0,7.0,2.0,1.0,0.75,3.0,1.3333333333333333,4.0,3.0,1.0,0.5,0.4444444444444444,1762.145,2837.39,0.40254774720582015,135.77333333333334,19.0,0.5,1.0,1.0,23.0,0.0,61.0,6,12.0,2,3,1,2,3,39,39,43,0.4131,0.0,0.082,0.0328,T3,False,none,0.379993,1.011127,0.815387,0.880639,1.59323,0.580215,0.719261,0.569357,1.018432,0.808864,0.742776,1.333333,23.0,0.333333,8.0,13.0,0.44444,3.222222
15b73ab8-256b-4902-9cc7-81c71fd7c67f,2.0,0.2222222222222222,2.0,7044.450000000001,3522.2250000000004,1377.1540959711087,53,1,1.0,2.0,5.0,1.0,1.0,1.0,2.0,1.0,6.0,2.0,1.0,0.5,0.2222222222222222,3522.2250000000004,4496.02,0.6382357742620077,154.0663888888889,7.0,0.0,2.0,0.5,25.0,1.0,72.0,5,6.0,1,2,2,1,2,58,58,121,0.1789,0.0083,0.2434,0.1287,T3,False,none,0.563133,0.680661,0.531825,0.425928,0.804265,0.591779,0.661424,0.606809,0.574729,0.5897,0.373604,1.5,12.5,0.166667,9.0,29.0,0.444436,3.555556
1df9613b-d735-47b8-a290-7c1035e1c61d,3.0,0.3333333333333333,3.0,6277.76,2092.5866666666666,403.98161843496473,33,0,2.0,1.5,6.0,2.0,1.0,0.6666666666666666,1.0,3.0,1.0,0.0,0.0,1.0,0.3333333333333333,2092.5866666666666,2454.15,0.3909276557243348,173.29666666666665,5.0,0.0,2.0,0.6666666666666666,21.0,1.0,60.666666666666664,5,9.0,2,1,2,2,0,47,47,198,0.0889,0.0,0.2489,0.1724,T3,False,none,0.548385,1.595179,0.195781,0.519366,1.848264,0.506231,0.57068,0.539758,0.942389,0.754494,0.19334,0.0,14.0,0.0,7.0,15.666667,0.499993,2.333333
31e033eb-3a0e-45db-9ca0-6149a99c5710,3.0,0.3333333333333333,3.0,7340.69,2446.8966666666665,2002.8807377458431,52,1,2.0,1.5,7.0,2.0,1.0,0.6666666666666666,2.0,1.5,2.0,2.0,1.0,0.6666666666666666,0.3333333333333333,2446.8966666666665,4272.7,0.582057000091272,141.09472222222223,7.0,0.3333333333333333,2.0,0.6666666666666666,20.0,2.0,55.666666666666664,6,9.0,2,2,2,2,2,42,42,129,0.1169,0.0,0.1879,0.1099,T3,False,none,0.488952,0.620075,0.27137,0.457402,0.675501,0.374808,0.237309,0.361588,0.495663,0.433095,0.230288,1.0,13.333333,0.266667,7.333333,14.0,0.499993,2.866667
c0c45428-57b3-48ee-965b-cac7b95d3597,4.0,0.4444444444444444,4.0,12926.28,3231.57,1573.2151307222205,34,0,2.0,2.0,10.0,2.0,1.0,0.75,1.0,4.0,2.0,1.0,1.0,1.0,0.4444444444444444,3231.57,4918.42,0.38049771473308636,144.07,2.0,0.5,3.0,0.5,24.0,2.0,63.25,6,12.0,2,1,3,2,1,78,80,89,0.2523,0.0,0.1667,0.1056,T3,False,none,0.508844,0.859495,0.704062,0.797708,0.277908,0.702161,0.680086,0.639569,0.707012,0.675538,0.403971,0.666667,12.0,0.166667,8.333333,26.0,0.888871,3.055556
9b43c586-1014-4d9e-a11b-be8054c8b95c,4.0,0.4444444444444444,4.0,6235.51,1558.8775,1024.195590935475,66,0,2.0,2.0,10.0,2.0,1.0,0.75,3.0,1.3333333333333333,7.0,3.0,1.0,0.5,0.4444444444444444,1558.8775,2848.53,0.4568239005309911,184.19055555555556,2.0,0.25,1.0,1.0,18.0,2.0,31.0,6,12.0,2,3,1,2,3,41,41,89,0.2321,0.0,0.0992,0.0863,T3,False,none,0.508844,1.146256,0.814124,0.861343,0.403244,0.53762,0.5552,0.535258,0.846384,0.701192,0.645213,1.333333,18.0,0.333333,6.333333,13.666667,0.44444,2.666667
d54aa75b-4980-418e-980a-da0ca76862e2,3.0,0.3333333333333333,3.0,12934.7,4311.566666666667,623.624482548058,38,0,1.0,3.0,5.0,1.0,1.0,1.0,2.0,1.5,6.0,2.0,1.0,0.6666666666666666,0.3333333333333333,4311.566666666667,4987.28,0.3855736893781842,162.40666666666667,15.0,0.3333333333333333,1.0,1.0,18.0,0.0,75.0,4,9.0,1,2,1,1,2,27,27,95,0.2056,0.0211,0.1855,0.0916,T3,False,none,0.581114,0.512093,0.994166,0.68561,0.105784,0.699709,0.852892,0.716886,0.609876,0.659814,0.297799,1.5,18.0,0.25,6.333333,13.5,0.33333,2.694444
e1d856c6-6a42-4204-b62c-2e12ec4b3f63,6.0,0.6666666666666666,5.0,11673.710000000001,1945.6183333333336,1541.1177861333854,70,0,3.0,2.0,6.0,3.0,1.0,0.5,2.0,3.0,7.0,2.0,1.0,0.6666666666666666,0.6666666666666666,1945.6183333333336,4306.71,0.3689238468318983,200.23583333333335,0.0,0.16666666666666666,3.0,0.5,21.0,3.0,41.5,8,18.0,3,2,3,3,2,75,76,110,0.1791,0.0,0.2044,0.1366,T3,False,none,1.058446,0.596257,0.735273,1.268707,0.622351,0.940462,0.822098,0.934717,0.881736,0.906461,0.679076,0.75,10.5,0.166667,7.333333,18.75,1.333307,2.75
54c2fa69-37c9-4488-8060-a968a7c8a4dc,0.0,0.0,0.0,0.0,0.0,0.0,102,1,0.0,0.0,0.0,0.0,0.0,0.0,0.0,0.0,0.0,0.0,0.0,0.0,0.0,0.0,0.0,0.0,0.0,0.0,0.0,0.0,0.0,0.0,0.0,0.0,0,0.0,0,0,0,0,0,0,0,1,0.0,0.0,0.0,0.0,T3,False,none,2.767811,2.428211,2.297128,2.075966,2.409508,1.733992,1.781581,2.045232,2.265693,2.162811,0.0,0.0,0.0,0.0,0.333333,0.0,0.0,0.111111
2c77b552-7894-4ad8-987d-540b6ae8661c,6.0,0.6666666666666666,5.0,11789.34,1964.89,1860.4310673389648,105,1,2.0,3.0,7.0,2.0,1.0,0.8333333333333334,2.0,3.0,7.0,2.0,1.0,0.5,0.6666666666666666,1964.89,4706.35,0.3992038570437361,143.49166666666667,0.0,0.3333333333333333,2.0,0.8333333333333334,27.0,2.0,62.666666666666664,6,18.0,2,2,2,2,2,70,70,89,0.2523,0.0,0.1667,0.1056,T3,False,none,0.371533,0.704772,0.575976,0.68475,0.277908,1.174758,0.699771,0.786936,0.599287,0.686857,0.586214,1.0,22.5,0.208333,9.666667,23.333333,0.79999,3.625
d0c57e8f-dba8-4972-b48b-0a61b3a31e06,4.0,0.4444444444444444,3.0,10145.43,2536.3575,1127.075418960506,108,1,2.0,2.0,10.0,2.0,1.0,0.75,1.0,4.0,7.0,1.0,1.0,1.0,0.4444444444444444,2536.3575,3431.6,0.3382409616940829,113.74416666666667,6.0,0.0,1.0,1.0,23.0,2.0,44.0,4,12.0,2,1,1,2,1,46,46,89,0.2321,0.0,0.0992,0.0863,T3,False,none,0.508844,0.83255,0.643737,0.558632,0.403244,0.564504,0.346346,0.475882,0.618944,0.552182,0.288388,0.666667,23.0,0.333333,8.333333,15.333333,0.44444,3.111111
d38d32f6-6998-483f-9d38-febee557944f,2.0,0.2222222222222222,2.0,6191.16,3095.58,2610.242256343269,35,1,2.0,1.0,12.0,2.0,1.0,0.5,2.0,1.0,7.0,1.0,0.5,0.5,0.2222222222222222,3095.58,4941.3,0.798121838233869,49.839444444444446,5.0,0.0,2.0,0.5,20.0,0.0,101.5,6,6.0,2,2,2,2,1,53,54,95,0.2056,0.0211,0.1855,0.0916,T3,False,none,0.900632,0.997225,0.879524,0.457982,0.105784,0.868457,0.805512,0.856668,0.621914,0.731466,0.216458,0.5,10.0,0.125,7.166667,17.666667,0.444436,2.597222
23798a60-5462-442a-afa2-7473fee3c5e1,3.0,0.3333333333333333,3.0,11159.95,3719.9833333333336,897.6785763475326,74,1,2.0,1.5,10.0,2.0,1.0,0.6666666666666666,3.0,1.0,9.0,3.0,1.0,0.3333333333333333,0.3333333333333333,3719.9833333333336,4680.5,0.4194015206161318,205.52527777777777,8.0,0.0,2.0,0.6666666666666666,25.0,2.0,82.0,7,9.0,2,3,2,2,3,76,76,96,0.2355,0.0,0.1833,0.0828,T3,False,none,0.617802,1.45688,0.574568,0.956042,0.215092,0.551874,0.754881,0.63838,0.878286,0.76633,0.847025,1.333333,16.666667,0.266667,9.0,25.333333,0.499993,3.533333
2c22edbf-b70e-4d01-afc6-40794c3012b6,4.0,0.4444444444444444,3.0,11077.23,2769.3075,605.3178052546725,102,0,1.0,4.0,11.0,1.0,1.0,1.0,2.0,2.0,8.0,2.0,1.0,0.75,0.4444444444444444,2769.3075,3509.17,0.31679129168573733,93.69027777777778,1.0,0.25,2.0,0.75,28.0,3.0,99.0,5,12.0,1,2,2,1,2,66,66,30,0.8828,0.0333,0.0244,0.0217,T3,False,none,0.758439,0.559856,1.037662,0.461335,3.2248,0.672635,0.398938,0.605918,1.066611,0.851621,1.12709,1.5,21.0,0.15,9.666667,33.0,0.592585,3.772222
28e4e931-7fe5-45d9-a568-c3468d0a599d,3.0,0.3333333333333333,3.0,6597.1,2199.0333333333333,1897.5860043047676,58,0,1.0,3.0,12.0,1.0,1.0,1.0,1.0,3.0,5.0,1.0,1.0,1.0,0.3333333333333333,2199.0333333333333,3382.38,0.5127070985736156,112.42444444444445,3.0,0.3333333333333333,1.0,1.0,23.0,1.0,30.0,3,9.0,1,1,1,1,1,37,37,40,0.459,0.0,0.0615,0.0469,T3,False,none,0.709964,0.550371,0.679552,0.676312,1.728531,0.414731,0.196167,0.426229,0.820871,0.636705,0.417965,1.0,23.0,0.25,8.0,18.5,0.33333,3.083333
9bfcdd9c-4112-4e7e-b1d6-b8dbc0f2c74a,3.0,0.3333333333333333,3.0,7475.120000000001,2491.706666666667,1870.1313169222458,79,1,1.0,3.0,5.0,1.0,1.0,1.0,3.0,1.0,7.0,3.0,1.0,0.3333333333333333,0.3333333333333333,2491.706666666667,4132.38,0.552817881184516,217.7613888888889,5.0,0.0,2.0,0.6666666666666666,27.0,2.0,71.0,6,9.0,1,3,2,1,3,63,63,121,0.174,0.0,0.2013,0.1186,T3,False,none,0.581114,1.294806,0.553993,0.759135,0.581664,0.47902,0.516933,0.520827,0.820737,0.680779,0.726649,2.0,18.0,0.166667,9.666667,31.5,0.499993,3.944444
2f79f4df-a35b-49c0-a3a5-4586eb09e76f,4.0,0.4444444444444444,4.0,10451.4,2612.85,1261.4451293919471,56,1,1.0,4.0,5.0,1.0,1.0,1.0,3.0,1.3333333333333333,4.0,3.0,1.0,0.5,0.4444444444444444,2612.85,3710.29,0.3550041142813403,190.21277777777777,3.0,0.25,3.0,0.5,27.0,2.0,75.25,7,12.0,1,3,3,1,3,79,79,121,0.174,0.0,0.2013,0.1186,T3,False,none,0.689021,1.011127,0.912383,1.098065,0.581664,0.410784,0.453848,0.504635,0.95158,0.743006,0.826119,2.0,13.5,0.1,9.666667,39.5,0.888871,3.922222
693b4a17-0140-448d-84ef-7d4b6789fc80,1.0,0.1111111111111111,1.0,555.31,555.31,0.0,45,0,1.0,1.0,9.0,1.0,1.0,1.0,1.0,1.0,5.0,1.0,1.0,1.0,0.1111111111111111,555.31,555.31,1.0,0.0,16.0,0.0,1.0,1.0,14.0,0.0,35.0,3,3.0,1,1,1,1,1,24,25,129,0.1169,0.0,0.1879,0.1099,T3,False,none,0.621592,0.607297,1.024678,0.910332,0.675501,1.238287,1.597359,1.181779,0.819257,0.988434,0.191618,1.0,14.0,0.5,5.0,12.0,0.11111,2.166667
d1254b3f-b0df-431f-b263-cff43610446d,2.0,0.2222222222222222,2.0,6539.86,3269.93,1693.5490252130287,42,1,2.0,1.0,9.0,2.0,1.0,0.5,1.0,2.0,4.0,1.0,1.0,1.0,0.2222222222222222,3269.93,4467.45,0.6831109534454866,113.75888888888889,11.0,0.0,2.0,0.5,23.0,0.0,70.5,5,6.0,2,1,2,2,1,53,54,110,0.1791,0.0,0.2044,0.1366,T3,False,none,0.722333,0.514136,0.629815,0.423887,0.622351,0.685489,0.659708,0.687422,0.522428,0.599425,0.176172,0.666667,11.5,0.25,8.333333,17.666667,0.444436,3.083333
f5ae783d-e0f6-49fe-9c4b-637234d6991b,3.0,0.3333333333333333,2.0,6624.360000000001,2208.1200000000003,1348.1789928640778,53,1,1.0,3.0,5.0,1.0,1.0,1.0,2.0,1.5,4.0,2.0,1.0,0.6666666666666666,0.3333333333333333,2208.1200000000003,3438.16,0.5190176862368591,97.6836111111111,5.0,0.0,1.0,1.0,24.0,2.0,40.0,4,9.0,1,2,1,1,2,33,33,67,0.2469,0.0,0.1605,0.1111,T3,False,none,0.581114,0.458001,0.713177,0.627722,0.434357,0.352803,0.27166,0.390987,0.570867,0.486923,0.366051,1.5,24.0,0.25,8.666667,16.5,0.33333,3.472222
0f4340d2-76c0-4667-9b0d-b48778808d78,2.0,0.2222222222222222,2.0,2088.14,1044.07,545.9288614828858,93,0,2.0,1.0,9.0,2.0,1.0,0.5,2.0,1.0,3.0,2.0,1.0,0.5,0.2222222222222222,1044.07,1430.1,0.6848678728437748,59.136944444444445,10.0,0.0,1.0,1.0,19.0,2.0,42.0,5,6.0,2,2,1,2,2,36,36,154,0.1225,0.0,0.2652,0.1509,T3,False,none,0.722333,0.707606,0.685936,0.609707,1.400021,0.99742,0.927288,0.895446,0.781782,0.834825,0.375378,1.0,19.0,0.5,6.666667,12.0,0.22222,2.722222
b87fe8e5-7696-4acc-94fa-c06dd7f1e01f,1.0,0.1111111111111111,1.0,675.49,675.49,0.0,77,1,1.0,1.0,5.0,1.0,1.0,1.0,1.0,1.0,5.0,1.0,1.0,1.0,0.1111111111111111,675.49,675.49,1.0,0.0,10.0,0.0,1.0,1.0,19.0,0.0,33.0,3,3.0,1,1,1,1,1,26,26,198,0.0889,0.0,0.2489,0.1724,T3,False,none,0.67104,0.607297,0.862109,0.895809,1.848264,1.288922,1.428688,1.158973,0.975403,1.061069,0.335519,1.0,19.0,0.5,7.0,13.0,0.11111,2.833333
ffc78b74-3f97-4893-96cf-9eea22877164,7.0,0.7777777777777778,6.0,16301.859999999999,2328.8371428571427,1368.3319493177853,31,1,2.0,3.5,6.0,2.0,1.0,0.8571428571428571,3.0,2.3333333333333335,4.0,3.0,1.0,0.42857142857142855,0.7777777777777778,2328.8371428571427,4780.13,0.2932260490520714,141.73527777777778,16.0,0.14285714285714285,2.0,0.8571428571428571,20.0,1.0,51.57142857142857,7,21.0,2,3,2,2,3,48,48,84,0.204,0.0,0.1092,0.124,T3,False,none,0.500636,0.960672,0.264792,0.926158,0.51107,1.207539,0.884334,0.897832,0.727821,0.807159,0.599101,1.333333,17.142857,0.190476,7.333333,16.0,0.907397,2.952381
5f2429d9-3c7a-4259-bc76-8cf21d875b2e,0.0,0.0,0.0,0.0,0.0,0.0,54,1,0.0,0.0,0.0,0.0,0.0,0.0,0.0,0.0,0.0,0.0,0.0,0.0,0.0,0.0,0.0,0.0,0.0,0.0,0.0,0.0,0.0,0.0,0.0,0.0,0,0.0,0,0,0,0,0,0,0,1,0.0,0.0,0.0,0.0,T3,False,none,2.767811,2.428211,2.297128,2.075966,2.409508,1.477869,1.781581,1.947662,2.265693,2.117278,0.0,0.0,0.0,0.0,0.333333,0.0,0.0,0.111111
193545ac-3ed2-4b26-8c4c-eb4447e574f1,2.0,0.2222222222222222,2.0,5501.7,2750.85,2567.5754331664725,79,1,1.0,2.0,12.0,1.0,1.0,1.0,1.0,2.0,4.0,1.0,1.0,1.0,0.2222222222222222,2750.85,4566.4,0.8299980006179908,92.5988888888889,2.0,0.0,1.0,1.0,18.0,3.0,72.0,3,6.0,1,1,1,1,1,30,31,89,0.2321,0.0,0.0992,0.0863,T3,False,none,0.691983,0.514136,1.050668,0.79576,0.403244,0.867755,0.717513,0.767454,0.71304,0.738433,0.158398,1.0,18.0,0.333333,6.666667,15.0,0.22222,2.666667
016314b7-5e41-4d66-b8c5-4a795d3d8261,4.0,0.4444444444444444,4.0,13569.14,3392.285,1207.752414183746,30,1,3.0,1.3333333333333333,10.0,3.0,1.0,0.5,2.0,2.0,6.0,2.0,1.0,0.75,0.4444444444444444,3392.285,4444.49,0.3275439710991264,138.3225,6.0,0.25,2.0,0.75,23.0,2.0,99.0,7,12.0,3,2,2,3,2,65,67,108,0.1587,0.0,0.2348,0.071,T3,False,none,1.199802,0.397782,0.675988,0.893976,0.625422,0.686723,0.489593,0.767607,0.679754,0.720752,0.399011,0.75,17.25,0.321429,8.333333,16.25,0.592585,3.134921
db0336e4-7781-40ed-b447-0d893451c83c,4.0,0.4444444444444444,3.0,7011.04,1752.76,1723.336404439559,79,1,3.0,1.3333333333333333,8.0,3.0,1.0,0.5,2.0,2.0,6.0,2.0,1.0,0.75,0.4444444444444444,1752.76,4082.83,0.5823429904835802,73.32638888888889,16.0,0.25,2.0,0.75,21.0,3.0,80.5,7,12.0,3,2,2,3,2,60,60,67,0.2687,0.0,0.1443,0.07,T3,False,none,1.080936,0.397782,0.656721,0.83619,0.56421,0.568237,0.532329,0.702753,0.643869,0.671348,0.412347,0.75,15.75,0.321429,7.666667,15.0,0.592585,2.912698
2cea28c6-c0ab-42e7-9d96-3e70211ec04a,4.0,0.4444444444444444,3.0,9967.619999999999,2491.9049999999997,1639.301132078342,44,0,2.0,2.0,8.0,2.0,1.0,0.75,2.0,2.0,5.0,2.0,1.0,0.75,0.4444444444444444,2491.9049999999997,4645.72,0.46608117083115136,192.23472222222222,23.0,0.25,3.0,0.5,24.0,2.0,33.25,7,12.0,2,2,3,2,2,74,75,121,0.1789,0.0083,0.2434,0.1287,T3,False,none,0.389978,0.316745,0.704389,0.7844,0.804265,0.415327,0.76538,0.524769,0.654128,0.59376,0.563672,1.0,12.0,0.166667,8.333333,24.666667,0.888871,3.166667
841c6475-7e30-4f09-b3ba-7b89c12521f3,2.0,0.2222222222222222,2.0,7675.53,3837.765,1518.589594344041,93,1,2.0,1.0,12.0,2.0,1.0,0.5,2.0,1.0,6.0,2.0,1.0,0.5,0.2222222222222222,3837.765,4911.57,0.6398997854219839,125.87388888888889,1.0,0.0,2.0,0.5,28.0,3.0,93.0,6,6.0,2,2,2,2,2,68,68,30,0.8828,0.0333,0.0244,0.0217,T3,False,none,0.900632,0.680661,1.079678,0.593862,3.2248,0.846238,0.827411,0.855503,1.155263,1.015375,1.073722,1.0,14.0,0.25,10.0,22.666667,0.444436,3.75
c6d742a9-6452-4ec7-a7cf-d62d79dd4726,7.0,0.7777777777777778,5.0,14013.27,2001.8957142857143,1299.4307518147725,109,1,2.0,3.5,6.0,2.0,1.0,0.8571428571428571,2.0,3.5,10.0,2.0,1.0,0.5714285714285714,0.7777777777777778,2001.8957142857143,3761.6,0.2684312797798087,207.24972222222223,3.0,0.14285714285714285,4.0,0.42857142857142855,25.0,2.0,85.71428571428571,8,21.0,2,2,4,2,2,94,96,121,0.174,0.0,0.2013,0.1186,T3,False,none,0.500636,0.961429,1.180979,1.321841,0.581664,1.272819,0.839863,0.907876,1.079029,0.999158,0.996312,1.0,10.714286,0.095238,9.0,31.333333,1.814772,3.365079
47d01e36-e2b2-4097-b106-972aeef96cd9,3.0,0.3333333333333333,1.0,7775.9,2591.9666666666667,1897.1156794548228,79,1,1.0,3.0,3.0,1.0,1.0,1.0,1.0,3.0,3.0,1.0,1.0,1.0,0.3333333333333333,2591.9666666666667,4780.55,0.614790570866395,15.108888888888888,5.0,0.0,1.0,1.0,15.0,3.0,23.0,3,9.0,1,1,1,1,1,18,18,121,0.1789,0.0083,0.2434,0.1287,T3,False,none,0.699979,0.658352,1.171196,0.859624,0.804265,0.634773,0.608905,0.644781,0.86499,0.762226,0.220151,1.0,15.0,0.25,5.666667,9.0,0.33333,2.305556
c9498732-39d3-45be-9ebf-d4080fc3d17c,6.0,0.6666666666666666,5.0,12238.02,2039.67,1381.0581293196894,104,1,2.0,3.0,8.0,2.0,1.0,0.6666666666666666,2.0,3.0,5.0,2.0,1.0,0.8333333333333334,0.6666666666666666,2039.67,3926.86,0.3208738014809585,114.67611111111111,11.0,0.16666666666666666,4.0,0.5,29.0,0.0,71.0,8,18.0,2,2,4,2,2,102,105,89,0.2523,0.0,0.1667,0.1056,T3,False,none,0.462964,0.399012,1.24896,1.347113,0.277908,1.087021,0.563892,0.734343,0.911438,0.828794,0.886857,1.0,14.5,0.125,10.333333,34.0,1.333307,3.819444
ffc4d2fe-345e-4b5c-880e-caaa0847698d,1.0,0.1111111111111111,1.0,2470.89,2470.89,0.0,71,0,1.0,1.0,6.0,1.0,1.0,1.0,1.0,1.0,5.0,1.0,1.0,1.0,0.1111111111111111,2470.89,2470.89,1.0,0.0,5.0,0.0,1.0,1.0,23.0,0.0,89.0,3,3.0,1,1,1,1,1,31,31,110,0.1928,0.0091,0.1832,0.0943,T3,False,none,0.611607,0.607297,1.050375,0.847569,0.231917,1.015286,0.963067,0.882543,0.727144,0.799663,0.182534,1.0,23.0,0.5,8.0,15.5,0.11111,3.166667
c6e3cae5-170c-479a-b177-9d838745eefa,1.0,0.1111111111111111,1.0,66.32,66.32,0.0,91,1,1.0,1.0,11.0,1.0,1.0,1.0,1.0,1.0,7.0,1.0,1.0,1.0,0.1111111111111111,66.32,66.32,1.0,0.0,15.0,0.0,1.0,1.0,19.0,0.0,50.0,3,3.0,1,1,1,1,1,34,34,67,0.2687,0.0,0.1443,0.07,T3,False,none,0.740457,0.769371,0.748484,0.818625,0.56421,1.454203,1.697932,1.331518,0.749296,1.021,0.296716,1.0,19.0,0.5,7.0,17.0,0.11111,2.833333
75f43bf4-0865-44de-b0bb-1ba6104adc3b,3.0,0.3333333333333333,3.0,8801.01,2933.67,1454.3712058137016,92,0,1.0,3.0,11.0,1.0,1.0,1.0,1.0,3.0,6.0,1.0,1.0,1.0,0.3333333333333333,2933.67,4075.36,0.4630559447154361,76.82583333333334,7.0,0.3333333333333333,2.0,0.6666666666666666,18.0,2.0,84.0,4,9.0,1,1,2,1,1,47,47,129,0.1169,0.0,0.1879,0.1099,T3,False,none,0.650531,0.631408,0.580897,0.42489,0.675501,0.529588,0.28726,0.483367,0.550789,0.519326,0.137179,1.0,12.0,0.166667,6.333333,23.5,0.499993,2.5
f66a61fe-cb44-4dee-aa5d-60c0d50a7098,1.0,0.1111111111111111,1.0,1508.06,1508.06,0.0,31,1,1.0,1.0,9.0,1.0,1.0,1.0,1.0,1.0,4.0,1.0,1.0,1.0,0.1111111111111111,1508.06,1508.06,1.0,0.0,19.0,1.0,1.0,1.0,14.0,2.0,79.0,3,3.0,1,1,1,1,1,23,24,84,0.204,0.0,0.1092,0.124,T3,False,none,0.621592,0.634241,1.070578,0.91998,0.51107,1.16307,1.635423,1.165813,0.811768,0.976989,0.209329,1.0,14.0,0.5,5.333333,11.5,0.11111,2.277778
3223ce57-cd3f-4d44-a37d-6d355075afa3,4.0,0.4444444444444444,3.0,10290.45,2572.6125,1850.992941916581,98,0,2.0,2.0,12.0,2.0,1.0,0.75,3.0,1.3333333333333333,7.0,3.0,1.0,0.5,0.4444444444444444,2572.6125,4802.14,0.46665986424306033,224.1725,0.0,0.5,1.0,1.0,16.0,1.0,104.0,6,12.0,2,3,1,2,3,39,39,129,0.1169,0.0,0.1879,0.1099,T3,False,none,0.62771,1.146256,1.126968,0.880639,0.675501,0.653223,0.729053,0.67121,0.964172,0.827457,0.663681,1.333333,16.0,0.333333,5.666667,13.0,0.44444,2.444444
ca37d2ab-f7a8-456b-b629-11dbf9aa64b9,2.0,0.2222222222222222,2.0,3478.1499999999996,1739.0749999999998,240.77693006183137,91,1,2.0,1.0,6.0,2.0,1.0,0.5,2.0,1.0,5.0,2.0,1.0,0.5,0.2222222222222222,1739.0749999999998,1909.33,0.5489498727771948,75.42972222222222,1.0,0.5,2.0,0.5,21.0,1.0,60.5,6,6.0,2,2,2,2,2,50,51,89,0.2321,0.0,0.0992,0.0863,T3,False,none,0.712348,0.599624,0.317243,0.43213,0.403244,0.912166,0.693745,0.782268,0.445254,0.602527,0.226573,1.0,10.5,0.25,7.666667,16.666667,0.444436,2.972222
b0b66aac-8c91-4c1e-b086-d9e7b104a12a,3.0,0.3333333333333333,3.0,8919.75,2973.25,1192.432266545987,39,1,1.0,3.0,10.0,1.0,1.0,1.0,2.0,1.5,4.0,2.0,1.0,0.6666666666666666,0.3333333333333333,2973.25,4255.11,0.477043639115446,112.54472222222222,23.0,0.3333333333333333,2.0,0.6666666666666666,19.0,2.0,103.33333333333333,5,9.0,1,2,2,1,2,49,51,198,0.0889,0.0,0.2489,0.1724,T3,False,none,0.591098,0.458001,0.70728,0.308867,1.848264,0.358704,0.615464,0.510689,0.685719,0.604038,0.32624,1.5,12.666667,0.166667,7.0,24.5,0.499993,2.888889
c68a7ae2-8735-45cf-88e1-3f9058fbcdda,3.0,0.3333333333333333,3.0,10747.650000000001,3582.5500000000006,600.4070042895903,85,0,1.0,3.0,4.0,1.0,1.0,1.0,1.0,3.0,1.0,0.0,0.0,1.0,0.3333333333333333,3582.5500000000006,4148.01,0.3859457648881383,160.8175,3.0,0.3333333333333333,1.0,1.0,19.0,2.0,107.0,3,9.0,1,1,1,1,0,21,21,129,0.1169,0.0,0.1879,0.1099,T3,False,none,0.640547,1.595179,1.126212,0.970911,0.675501,0.643742,0.552793,0.612513,1.110097,0.877891,0.148078,0.0,19.0,0.0,6.333333,10.5,0.33333,2.111111
f23b57ac-0f99-4849-9bc9-5284ac099ec8,5.0,0.5555555555555556,4.0,9596.710000000001,1919.342,1107.0195170456573,90,0,1.0,5.0,5.0,1.0,1.0,1.0,2.0,2.5,4.0,2.0,1.0,0.8,0.5555555555555556,1919.342,3763.02,0.39211563129447485,160.16055555555556,5.0,0.2,1.0,1.0,14.0,2.0,79.0,4,15.0,1,2,1,1,2,22,22,84,0.204,0.0,0.1092,0.124,T3,False,none,0.796928,0.344201,1.070578,0.805443,0.51107,0.715728,0.469879,0.656978,0.696307,0.677954,0.313443,1.5,14.0,0.166667,5.0,11.0,0.55555,2.222222
de3d480d-909e-4ead-801f-2f7b69388df5,3.0,0.3333333333333333,3.0,10118.470000000001,3372.8233333333337,1063.885659332493,95,1,1.0,3.0,8.0,1.0,1.0,1.0,2.0,1.5,3.0,2.0,1.0,0.6666666666666666,0.3333333333333333,3372.8233333333337,4594.97,0.4541170750123289,167.56222222222223,8.0,0.0,1.0,1.0,18.0,2.0,31.0,4,9.0,1,2,1,1,2,27,27,89,0.2321,0.0,0.0992,0.0863,T3,False,none,0.472232,0.539038,0.814124,0.68561,0.403244,0.567349,0.601252,0.551474,0.62868,0.59265,0.262512,1.5,18.0,0.25,6.666667,13.5,0.33333,2.805556
d193c011-7f37-4128-930a-69565113356e,1.0,0.1111111111111111,1.0,2548.15,2548.15,0.0,81,1,1.0,1.0,9.0,1.0,1.0,1.0,1.0,1.0,3.0,1.0,1.0,1.0,0.1111111111111111,2548.15,2548.15,1.0,0.0,13.0,1.0,1.0,1.0,12.0,0.0,73.0,3,3.0,1,1,1,1,1,21,21,67,0.2469,0.0,0.1605,0.1111,T3,False,none,0.621592,0.715278,1.192606,0.944049,0.434357,1.068307,1.275892,1.009869,0.85369,0.926574,0.218798,1.0,12.0,0.5,4.666667,10.5,0.11111,2.055556
1827eda5-03d7-41d9-9a71-12a1648f2c21,1.0,0.1111111111111111,1.0,3199.36,3199.36,0.0,81,1,1.0,1.0,8.0,1.0,1.0,1.0,1.0,1.0,4.0,1.0,1.0,1.0,0.1111111111111111,3199.36,3199.36,1.0,0.0,18.0,1.0,1.0,1.0,18.0,0.0,41.0,3,3.0,1,1,1,1,1,27,27,134,0.1691,0.0224,0.2258,0.1728,T3,False,none,0.562159,0.634241,0.83084,0.886161,1.123263,1.13503,1.413418,1.064149,0.851173,0.950562,0.321688,1.0,18.0,0.5,6.666667,13.5,0.11111,2.722222
902b3cea-4aa2-428a-af2c-321398d1ae90,2.0,0.2222222222222222,2.0,3097.81,1548.905,2071.3915337400604,93,1,1.0,2.0,12.0,1.0,1.0,1.0,1.0,2.0,4.0,1.0,1.0,1.0,0.2222222222222222,1548.905,3013.6,0.97281627988805,119.4975,19.0,0.0,2.0,0.5,28.0,1.0,81.5,4,6.0,1,1,2,1,1,56,57,95,0.2056,0.0211,0.1855,0.0916,T3,False,none,0.691983,0.514136,0.719165,0.498587,0.105784,0.975256,0.970962,0.89289,0.482961,0.674261,0.166053,1.0,14.0,0.166667,10.0,28.0,0.444436,3.722222
0a1a8708-f3f0-4c01-86a3-ab8ef364f796,2.0,0.2222222222222222,2.0,5935.49,2967.745,1763.2343984989632,62,1,1.0,2.0,6.0,1.0,1.0,1.0,1.0,2.0,2.0,1.0,1.0,1.0,0.2222222222222222,2967.745,4214.54,0.7100576363535277,53.95666666666666,15.0,0.5,1.0,1.0,20.0,3.0,42.0,3,6.0,1,1,1,1,1,25,25,121,0.174,0.0,0.2013,0.1186,T3,False,none,0.5037,0.67621,0.832386,0.848773,0.581664,0.654347,0.7627,0.647423,0.7577,0.706237,0.196896,1.0,20.0,0.333333,7.333333,12.5,0.22222,2.888889
9d1de513-835a-4f2b-9ae9-68b21e6a9645,2.0,0.2222222222222222,2.0,6617.02,3308.51,1779.3635041778284,96,0,2.0,1.0,4.0,2.0,1.0,0.5,2.0,1.0,6.0,2.0,1.0,0.5,0.2222222222222222,3308.51,4566.71,0.6901460173915146,174.5638888888889,7.0,0.0,2.0,0.5,28.0,0.0,81.5,6,6.0,2,2,2,2,2,57,57,134,0.1691,0.0224,0.2258,0.1728,T3,False,none,0.831214,0.680661,0.901486,0.487734,1.123263,0.873865,0.70803,0.806401,0.728086,0.764633,0.568016,1.0,14.0,0.25,9.666667,19.0,0.444436,3.638889
716708c9-cf25-4bfc-b631-d65082a09878,1.0,0.1111111111111111,1.0,4145.88,4145.88,0.0,67,1,1.0,1.0,12.0,1.0,1.0,1.0,1.0,1.0,4.0,1.0,1.0,1.0,0.1111111111111111,4145.88,4145.88,1.0,0.0,1.0,0.0,1.0,1.0,19.0,2.0,23.0,3,3.0,1,1,1,1,1,31,32,154,0.1225,0.0,0.2652,0.1509,T3,False,none,0.79989,0.634241,0.845393,0.842796,1.400021,1.157308,1.245811,1.08469,0.884069,0.977692,0.271265,1.0,19.0,0.5,7.0,15.5,0.11111,2.833333
9cb0e27c-1268-4539-85ac-829c45520bc0,5.0,0.5555555555555556,5.0,8333.27,1666.654,1493.6739244326388,37,1,2.0,2.5,10.0,2.0,1.0,0.6,1.0,5.0,2.0,1.0,1.0,1.0,0.5555555555555556,1666.654,4059.4,0.4871317022009367,201.8322222222222,7.0,0.2,2.0,0.6,30.0,3.0,63.4,5,15.0,2,1,2,2,1,59,59,89,0.2321,0.0,0.0992,0.0863,T3,False,none,0.57188,0.979601,0.829288,0.49191,0.403244,0.758723,0.529876,0.629057,0.669342,0.650542,0.234296,0.666667,18.0,0.171429,10.666667,19.666667,0.92591,3.834921
b9fe10c0-71a1-4f70-bf89-a6a53fdd5a8d,6.0,0.6666666666666666,6.0,12652.64,2108.773333333333,1227.468221481382,43,1,3.0,2.0,8.0,3.0,1.0,0.6666666666666666,4.0,1.5,5.0,4.0,1.0,0.5,0.6666666666666666,2108.773333333333,3833.27,0.30296206957599364,178.90472222222223,10.0,0.3333333333333333,2.0,0.6666666666666666,26.0,1.0,49.333333333333336,9,18.0,3,4,2,3,4,76,78,96,0.2355,0.0,0.1833,0.0828,T3,False,none,0.898988,1.388757,0.254607,1.796836,0.215092,0.934751,0.623542,0.820797,1.109895,0.974982,1.014041,1.25,17.333333,0.222222,9.333333,19.0,0.999985,3.601852
2bb0b34a-d0f5-4adc-bb39-5fd616fad013,8.0,0.8888888888888888,5.0,15359.58,1919.9475,1408.8109366792773,85,0,1.0,8.0,7.0,1.0,1.0,1.0,2.0,4.0,5.0,2.0,1.0,0.875,0.8888888888888888,1919.9475,4178.89,0.27207059047187493,157.86,1.0,0.125,5.0,0.375,23.0,0.0,76.0,8,24.0,1,2,5,1,2,101,102,43,0.4131,0.0,0.082,0.0328,T3,False,none,1.001784,0.546247,1.367705,1.539459,1.59323,1.340986,0.92525,1.105492,1.264336,1.190209,0.996846,1.5,8.625,0.041667,8.0,50.5,2.370307,3.180556
1bcf7eca-d6a2-4b5d-8d39-3d634c23ea4b,1.0,0.1111111111111111,1.0,2605.99,2605.99,0.0,93,1,1.0,1.0,4.0,1.0,1.0,1.0,1.0,1.0,5.0,1.0,1.0,1.0,0.1111111111111111,2605.99,2605.99,1.0,0.0,0.0,0.0,1.0,1.0,23.0,0.0,61.0,3,3.0,1,1,1,1,1,29,29,43,0.4131,0.0,0.082,0.0328,T3,False,none,0.730473,0.607297,0.815387,0.866865,1.59323,1.138264,1.082931,1.003308,0.912309,0.954775,0.373869,1.0,23.0,0.5,8.333333,14.5,0.11111,3.277778
258fdca1-19a9-478a-b289-43248db2fcec,3.0,0.3333333333333333,2.0,8415.31,2805.103333333333,2088.2632250109978,83,1,3.0,1.0,6.0,3.0,1.0,0.3333333333333333,2.0,1.5,4.0,2.0,1.0,0.6666666666666666,0.3333333333333333,2805.103333333333,4861.61,0.5777101497152214,141.6038888888889,0.0,0.0,2.0,0.6666666666666666,23.0,0.0,95.66666666666667,7,9.0,3,2,2,3,2,54,55,110,0.1928,0.0091,0.1832,0.0943,T3,False,none,1.276363,0.458001,0.718164,0.768167,0.231917,0.620236,0.62023,0.807699,0.590833,0.692037,0.282792,0.75,15.333333,0.333333,8.333333,13.5,0.499993,3.138889
0d1afd0e-87a3-45c7-98e0-29a97149464c,1.0,0.1111111111111111,1.0,89.97,89.97,0.0,31,1,1.0,1.0,5.0,1.0,1.0,1.0,1.0,1.0,5.0,1.0,1.0,1.0,0.1111111111111111,89.97,89.97,1.0,0.0,9.0,0.0,1.0,1.0,23.0,3.0,46.0,3,3.0,1,1,1,1,1,30,30,96,0.2355,0.0,0.1833,0.0828,T3,False,none,0.67104,0.607297,0.809272,0.857217,0.215092,1.373927,1.553664,1.233014,0.677728,0.936861,0.203251,1.0,23.0,0.5,8.333333,15.0,0.11111,3.277778
229073ba-a464-4a63-86f9-ade66805b660,3.0,0.3333333333333333,3.0,4726.530000000001,1575.5100000000002,1055.1695611132839,73,0,3.0,1.0,6.0,3.0,1.0,0.3333333333333333,2.0,1.5,5.0,2.0,1.0,0.6666666666666666,0.3333333333333333,1575.5100000000002,2755.32,0.5829477439051481,119.47611111111111,1.0,0.3333333333333333,3.0,0.3333333333333333,21.0,3.0,59.333333333333336,8,9.0,3,2,3,3,2,71,72,67,0.2687,0.0,0.1443,0.07,T3,False,none,1.276363,0.431056,0.894174,1.101837,0.56421,0.485138,0.442462,0.696977,0.801274,0.752602,0.529937,0.75,7.0,0.166667,7.333333,17.75,0.99997,2.75
c068004c-f9f0-4bf2-8445-6dbd8337d025,2.0,0.2222222222222222,2.0,6460.84,3230.42,1734.3773707587404,38,0,1.0,2.0,8.0,1.0,1.0,1.0,1.0,2.0,1.0,0.0,0.0,1.0,0.2222222222222222,3230.42,4456.81,0.6898189709078077,75.04416666666667,5.0,0.5,2.0,0.5,27.0,0.0,68.5,4,6.0,1,1,2,1,0,50,50,110,0.1928,0.0091,0.1832,0.0943,T3,False,none,0.454251,1.531999,0.756513,0.592862,0.231917,0.719054,0.627379,0.612838,0.801583,0.713502,0.105573,0.0,13.5,0.0,9.0,25.0,0.444436,3.0
82b5527b-51c1-4f98-8d8b-a8e125436caf,1.0,0.1111111111111111,1.0,782.05,782.05,0.0,66,1,1.0,1.0,3.0,1.0,1.0,1.0,1.0,1.0,5.0,1.0,1.0,1.0,0.1111111111111111,782.05,782.05,1.0,0.0,6.0,0.0,1.0,1.0,17.0,2.0,26.0,3,3.0,1,1,1,1,1,22,22,89,0.2321,0.0,0.0992,0.0863,T3,False,none,0.789906,0.607297,0.891957,0.934401,0.403244,1.214383,1.347447,1.137458,0.755256,0.933617,0.17315,1.0,17.0,0.5,6.333333,11.0,0.11111,2.611111
390232c8-182c-488d-97b0-f1bfa84083a6,3.0,0.3333333333333333,3.0,6505.79,2168.596666666667,1034.3748538287912,61,1,3.0,1.0,7.0,3.0,1.0,0.3333333333333333,2.0,1.5,3.0,2.0,1.0,0.6666666666666666,0.3333333333333333,2168.596666666667,3362.96,0.5169180068830995,110.08888888888889,10.0,0.3333333333333333,1.0,1.0,19.0,2.0,42.0,6,9.0,3,2,1,3,2,35,35,154,0.1225,0.0,0.2652,0.1509,T3,False,none,1.21693,0.539038,0.685936,0.92393,1.400021,0.300864,0.180843,0.52259,0.857474,0.701195,0.423328,0.75,19.0,0.5,7.0,8.75,0.33333,2.75
210052b6-3a39-4cf4-b608-9dee38e86a23,3.0,0.3333333333333333,2.0,8395.75,2798.5833333333335,948.1617866341867,36,0,2.0,1.5,10.0,2.0,1.0,0.6666666666666666,2.0,1.5,2.0,2.0,1.0,0.6666666666666666,0.3333333333333333,2798.5833333333335,3818.99,0.45487181014203615,45.70916666666667,19.0,0.6666666666666666,2.0,0.6666666666666666,24.0,1.0,45.333333333333336,6,9.0,2,2,2,2,2,50,50,129,0.1169,0.0,0.1879,0.1099,T3,False,none,0.617802,0.620075,0.198578,0.380218,0.675501,0.420744,0.74513,0.585175,0.451555,0.513911,0.273426,1.0,16.0,0.266667,8.333333,16.666667,0.499993,3.2
60d00de3-30d8-4c20-81db-769831ac9281,3.0,0.3333333333333333,2.0,9778.31,3259.4366666666665,1512.8894796492355,107,0,1.0,3.0,6.0,1.0,1.0,1.0,1.0,3.0,5.0,1.0,1.0,1.0,0.3333333333333333,3259.4366666666665,4224.71,0.4320490964185018,68.94083333333333,1.0,0.0,1.0,1.0,23.0,2.0,28.0,3,9.0,1,1,1,1,1,31,31,154,0.1225,0.0,0.2652,0.1509,T3,False,none,0.521681,0.550371,0.778016,0.7342,1.400021,0.74503,0.62879,0.642469,0.808341,0.730934,0.312851,1.0,23.0,0.25,8.0,15.5,0.33333,3.083333
6704e910-1cbb-41c5-81a4-6a17e34def36,2.0,0.2222222222222222,2.0,3011.8,1505.9,1536.2460506702694,59,0,2.0,1.0,5.0,2.0,1.0,0.5,1.0,2.0,5.0,1.0,1.0,1.0,0.2222222222222222,1505.9,2592.19,0.8606779998671891,156.01527777777778,6.0,0.0,2.0,0.5,24.0,1.0,65.0,5,6.0,2,1,2,2,1,53,54,110,0.1928,0.0091,0.1832,0.0943,T3,False,none,0.771781,0.487191,0.437207,0.423887,0.231917,0.716395,0.770924,0.750396,0.410493,0.569114,0.109836,0.666667,12.0,0.25,8.333333,17.666667,0.444436,3.083333
ca0f146e-96ab-4475-b041-c55204ce4b3d,3.0,0.3333333333333333,2.0,6901.9,2300.633333333333,1403.652607532695,76,1,2.0,1.5,7.0,2.0,1.0,0.6666666666666666,1.0,3.0,6.0,1.0,1.0,1.0,0.3333333333333333,2300.633333333333,3370.69,0.48837131804285777,110.92388888888888,10.0,0.3333333333333333,3.0,0.3333333333333333,25.0,0.0,42.0,6,9.0,2,1,3,2,1,76,76,129,0.1169,0.0,0.1879,0.1099,T3,False,none,0.488952,0.631408,0.890327,0.753957,0.675501,0.45853,0.178666,0.373934,0.738654,0.568451,0.436795,0.666667,8.333333,0.133333,9.0,25.333333,0.99997,3.266667
bd20b976-22d2-4478-8f2c-5e10678d7b37,2.0,0.2222222222222222,2.0,5871.82,2935.91,509.79570496425333,37,0,1.0,2.0,7.0,1.0,1.0,1.0,2.0,1.0,10.0,2.0,1.0,0.5,0.2222222222222222,2935.91,3296.39,0.5613915276694449,46.93055555555556,0.0,0.0,2.0,0.5,17.0,2.0,21.5,5,6.0,1,2,2,1,2,51,53,154,0.1225,0.0,0.2652,0.1509,T3,False,none,0.444267,1.004809,0.664423,0.367938,1.400021,0.693103,0.643862,0.605593,0.760937,0.688444,0.514161,1.5,8.5,0.166667,6.0,25.5,0.444436,2.555556
cfd7e3b4-24ac-4b3f-b2b7-fd5d2f62a13a,3.0,0.3333333333333333,3.0,10783.04,3594.346666666667,1336.7811604871356,96,0,1.0,3.0,11.0,1.0,1.0,1.0,2.0,1.5,7.0,2.0,1.0,0.6666666666666666,0.3333333333333333,3594.346666666667,4702.96,0.4361441671365403,139.06916666666666,5.0,0.3333333333333333,2.0,0.6666666666666666,17.0,1.0,73.0,5,9.0,1,2,2,1,2,47,47,89,0.2523,0.0,0.1667,0.1056,T3,False,none,0.650531,0.59313,0.442771,0.337709,0.277908,0.659258,0.497976,0.603004,0.413485,0.501927,0.319952,1.5,11.333333,0.166667,6.0,23.5,0.499993,2.555556
350f89f4-b12b-4166-8a5f-d48e9c348c67,4.0,0.4444444444444444,3.0,13669.56,3417.39,1400.9717431839945,89,0,4.0,1.0,9.0,4.0,1.0,0.25,1.0,4.0,5.0,1.0,1.0,1.0,0.4444444444444444,3417.39,4715.62,0.34497233268664096,98.64138888888888,4.0,0.5,2.0,0.75,20.0,1.0,86.25,7,12.0,4,1,2,4,1,55,56,95,0.2056,0.0211,0.1855,0.0916,T3,False,none,1.795357,0.670476,0.476848,1.123956,0.105784,0.711115,0.610991,0.987524,0.706076,0.837419,0.18526,0.4,15.0,0.375,7.0,11.0,0.592585,2.591667
1372ff70-266b-469d-b7da-f171d5f0e6a6,5.0,0.5555555555555556,5.0,13590.939999999999,2718.1879999999996,1678.734152782983,96,0,2.0,2.5,7.0,2.0,1.0,0.8,2.0,2.5,4.0,2.0,1.0,0.8,0.5555555555555556,2718.1879999999996,4147.39,0.30515843642897406,184.77555555555554,16.0,0.2,1.0,1.0,18.0,1.0,51.0,5,15.0,2,2,1,2,2,31,31,154,0.1225,0.0,0.2652,0.1509,T3,False,none,0.311018,0.344201,0.610427,0.672855,1.400021,1.00209,0.754583,0.722139,0.69888,0.709734,0.375378,1.0,18.0,0.285714,6.333333,10.333333,0.55555,2.539683
1d46f289-dfe0-4e7c-ada0-207802043cc2,3.0,0.3333333333333333,3.0,7119.709999999999,2373.236666666666,2441.802514543986,55,1,1.0,3.0,7.0,1.0,1.0,1.0,1.0,3.0,1.0,0.0,0.0,1.0,0.3333333333333333,2373.236666666666,4943.98,0.6944074969345662,41.419444444444444,12.0,0.3333333333333333,3.0,0.3333333333333333,24.0,0.0,79.33333333333333,5,9.0,1,1,3,1,0,64,65,110,0.1928,0.0091,0.1832,0.0943,T3,False,none,0.462248,1.595179,1.062541,0.711732,0.231917,0.451175,0.558308,0.49005,0.92571,0.722402,0.201018,0.0,8.0,0.0,8.333333,32.0,0.99997,2.777778
3cd3f23d-6925-464a-aeaa-a76e8e0e2c77,2.0,0.2222222222222222,2.0,3556.48,1778.24,2349.5037018485414,58,1,1.0,2.0,7.0,1.0,1.0,1.0,1.0,2.0,2.0,1.0,1.0,1.0,0.2222222222222222,1778.24,3439.59,0.9671332328594566,66.315,1.0,0.0,1.0,1.0,22.0,3.0,44.0,3,6.0,1,1,1,1,1,28,28,108,0.1587,0.0,0.2348,0.071,T3,False,none,0.444267,0.67621,0.790186,0.819829,0.625422,0.797474,0.806921,0.699706,0.745347,0.724048,0.143975,1.0,22.0,0.333333,8.0,14.0,0.22222,3.111111
9f1e15d8-666b-4fc8-8e7a-acdbdef4b305,2.0,0.2222222222222222,2.0,4347.3,2173.65,1182.6643758057483,38,1,1.0,2.0,6.0,1.0,1.0,1.0,2.0,1.0,5.0,1.0,0.5,0.5,0.2222222222222222,2173.65,3009.92,0.6923653762105214,158.9177777777778,4.0,0.0,2.0,0.5,19.0,1.0,37.0,5,6.0,1,2,2,1,1,43,43,89,0.2321,0.0,0.0992,0.0863,T3,False,none,0.5037,0.835151,0.380919,0.437052,0.403244,0.588552,0.587133,0.563835,0.519248,0.540055,0.094133,0.75,9.5,0.083333,6.833333,21.5,0.444436,2.555556
02447eb1-31ce-421e-8e94-ca59cea0f178,2.0,0.2222222222222222,2.0,7125.79,3562.895,1546.5203122009098,45,0,2.0,1.0,6.0,2.0,1.0,0.5,1.0,2.0,3.0,1.0,1.0,1.0,0.2222222222222222,3562.895,4656.45,0.6534643878082289,135.12277777777777,10.0,0.0,1.0,1.0,24.0,3.0,55.0,4,6.0,2,1,1,2,1,32,32,84,0.204,0.0,0.1092,0.124,T3,False,none,0.712348,0.595173,0.882582,0.735481,0.51107,0.675407,0.72501,0.702496,0.693648,0.697777,0.252468,0.666667,24.0,0.5,8.333333,10.666667,0.22222,3.166667
fcfbd217-4147-40c4-b073-7695c3a278c1,5.0,0.5555555555555556,5.0,13817.6,2763.52,1334.9901568738248,90,0,1.0,5.0,12.0,1.0,1.0,1.0,1.0,5.0,5.0,1.0,1.0,1.0,0.5555555555555556,2763.52,4108.6,0.2973454145437703,179.17916666666667,17.0,0.2,1.0,1.0,16.0,1.0,84.0,3,15.0,1,1,1,1,1,30,30,154,0.1225,0.0,0.2652,0.1509,T3,False,none,0.925779,0.790582,0.959119,0.815441,1.400021,0.921216,0.773205,0.873183,0.936589,0.906999,0.286017,1.0,16.0,0.166667,5.666667,15.0,0.55555,2.277778
ab6c03d6-efc8-41d0-89c5-28ddf9ac3d8d,3.0,0.3333333333333333,3.0,6286.33,2095.443333333333,2010.3850707347915,86,1,2.0,1.5,7.0,2.0,1.0,0.6666666666666666,2.0,1.5,4.0,2.0,1.0,0.6666666666666666,0.3333333333333333,2095.443333333333,4385.82,0.6976757503980859,184.3761111111111,3.0,0.0,2.0,0.6666666666666666,23.0,1.0,55.666666666666664,6,9.0,2,2,2,2,2,58,58,121,0.174,0.0,0.2013,0.1186,T3,False,none,0.488952,0.458001,0.200146,0.440697,0.581664,0.595694,0.637123,0.579006,0.418403,0.493351,0.306734,1.0,15.333333,0.266667,8.333333,19.333333,0.499993,3.2
41a74173-0f09-4193-92c6-43be229d8fba,2.0,0.2222222222222222,1.0,4359.19,2179.595,2759.279152613957,96,1,1.0,2.0,7.0,1.0,1.0,1.0,2.0,1.0,4.0,2.0,1.0,0.5,0.2222222222222222,2179.595,4130.7,0.9475842989179183,0.4636111111111111,11.0,0.0,2.0,0.5,15.0,0.0,64.0,5,6.0,1,2,2,1,2,33,33,121,0.1789,0.0083,0.2434,0.1287,T3,False,none,0.444267,0.626569,0.744162,0.529465,0.804265,1.086255,0.885045,0.835759,0.644269,0.733631,0.225624,1.5,7.5,0.166667,5.666667,16.5,0.444436,2.444444
0a5913df-1f52-4947-9f76-67a99ef41c42,2.0,0.2222222222222222,1.0,4385.74,2192.87,2816.1517510247913,44,1,1.0,2.0,5.0,1.0,1.0,1.0,2.0,1.0,4.0,2.0,1.0,0.5,0.2222222222222222,2192.87,4184.19,0.9540442433888009,4.0275,10.0,1.0,2.0,0.5,22.0,0.0,70.0,5,6.0,1,2,2,1,2,45,45,110,0.1928,0.0091,0.1832,0.0943,T3,False,none,0.563133,0.626569,0.589748,0.413689,0.231917,0.921061,1.07229,0.869205,0.473293,0.658052,0.156949,1.5,11.0,0.166667,8.0,22.5,0.444436,3.222222
510eb288-26f3-4645-8ba7-9c971fba606d,4.0,0.4444444444444444,3.0,9048.58,2262.145,1464.5256885080573,58,1,1.0,4.0,10.0,1.0,1.0,1.0,2.0,2.0,6.0,2.0,1.0,0.5,0.4444444444444444,2262.145,3555.68,0.39295447462474775,181.8388888888889,0.0,0.0,3.0,0.5,23.0,0.0,70.25,6,12.0,1,2,3,1,2,76,78,110,0.1928,0.0091,0.1832,0.0943,T3,False,none,0.699006,0.560555,0.827579,0.736986,0.231917,0.331959,0.580335,0.519621,0.627574,0.577196,0.472381,1.5,11.5,0.1,8.333333,38.0,0.888871,3.311111
5a29d505-5593-4c8c-ae00-946a127d9641,2.0,0.2222222222222222,1.0,6569.32,3284.66,1862.4626931028713,30,0,1.0,2.0,7.0,1.0,1.0,1.0,1.0,2.0,4.0,1.0,1.0,1.0,0.2222222222222222,3284.66,4601.62,0.7004712816547223,7.271388888888889,15.0,1.0,1.0,1.0,18.0,3.0,73.0,3,6.0,1,1,1,1,1,26,26,121,0.174,0.0,0.2013,0.1186,T3,False,none,0.444267,0.514136,1.059061,0.839125,0.581664,0.87202,1.18133,0.852908,0.760787,0.803777,0.196896,1.0,18.0,0.333333,6.333333,13.0,0.22222,2.555556
845f1a1d-c0c8-4b0f-bbf5-05d2e10fcb00,4.0,0.4444444444444444,2.0,3796.22,949.055,896.7652668154951,61,0,1.0,4.0,5.0,1.0,1.0,1.0,3.0,1.3333333333333333,7.0,3.0,1.0,0.5,0.4444444444444444,949.055,2282.95,0.6013745251855793,120.81277777777778,10.0,0.0,3.0,0.5,23.0,0.0,52.25,7,12.0,1,3,3,1,3,73,73,121,0.1789,0.0083,0.2434,0.1287,T3,False,none,0.689021,1.146256,0.676515,1.040177,0.804265,0.6441,0.670613,0.665772,0.951615,0.818222,0.863378,2.0,11.5,0.1,8.0,36.5,0.888871,3.366667
00fbf28d-defe-4bca-b686-2ed27432e242,4.0,0.4444444444444444,4.0,7595.55,1898.8875,1962.2368609892637,70,1,2.0,2.0,10.0,2.0,1.0,0.5,3.0,1.3333333333333333,12.0,2.0,0.6666666666666666,0.5,0.4444444444444444,1898.8875,4741.62,0.6242628907715702,213.67444444444445,0.0,0.25,2.0,0.75,22.0,0.0,97.0,7,12.0,2,3,2,2,2,67,70,121,0.1789,0.0083,0.2434,0.1287,T3,False,none,0.673859,1.458861,0.723973,0.758206,0.804265,0.613603,0.687424,0.655426,0.933914,0.803953,0.830675,0.888889,16.5,0.166667,7.888889,22.333333,0.592585,2.981481
d2de8528-ce0d-4095-a78d-36618bf64f83,3.0,0.3333333333333333,3.0,14255.65,4751.883333333333,71.91818013084996,79,1,2.0,1.5,9.0,2.0,1.0,0.6666666666666666,2.0,1.5,5.0,2.0,1.0,0.6666666666666666,0.3333333333333333,4751.883333333333,4826.58,0.3385731271460789,39.67388888888889,12.0,0.6666666666666666,1.0,1.0,22.0,2.0,96.0,5,9.0,2,2,1,2,2,38,40,84,0.204,0.0,0.1092,0.124,T3,False,none,0.55837,0.431056,0.97261,0.52418,0.51107,0.923326,1.051221,0.861684,0.592137,0.717926,0.338724,1.0,22.0,0.4,8.0,12.666667,0.33333,3.133333
03bc4d64-7f49-4c1e-9ab7-5236f38d3802,2.0,0.2222222222222222,2.0,7106.209999999999,3553.1049999999996,1362.007868718092,79,1,2.0,1.0,5.0,2.0,1.0,0.5,1.0,2.0,4.0,1.0,1.0,1.0,0.2222222222222222,3553.1049999999996,4516.19,0.6355272360372125,88.23361111111112,12.0,0.0,1.0,1.0,20.0,1.0,33.0,4,6.0,2,1,1,2,1,29,29,108,0.1587,0.0,0.2348,0.071,T3,False,none,0.771781,0.514136,0.643918,0.764425,0.625422,0.721713,0.735227,0.740523,0.65358,0.694153,0.133446,0.666667,20.0,0.5,7.333333,9.666667,0.22222,2.833333
e12a8410-509a-4a64-bf64-316ccfb4a820,8.0,0.8888888888888888,7.0,23966.07,2995.75875,1410.6008420572066,109,1,1.0,8.0,12.0,1.0,1.0,1.0,3.0,2.6666666666666665,5.0,3.0,1.0,0.5,0.8888888888888888,2995.75875,4426.44,0.18469611413135317,212.93666666666667,2.0,0.375,3.0,0.625,22.0,1.0,97.375,7,24.0,1,3,3,1,3,73,74,110,0.1791,0.0,0.2044,0.1366,T3,False,none,1.249501,0.927256,0.744887,1.271689,0.622351,1.841248,1.068645,1.414643,0.967607,1.176224,0.776858,2.0,13.75,0.069444,8.0,36.5,1.422199,3.356481
9df132ba-0219-4816-aa7e-cf24467c65bb,0.0,0.0,0.0,0.0,0.0,0.0,88,0,0.0,0.0,0.0,0.0,0.0,0.0,0.0,0.0,0.0,0.0,0.0,0.0,0.0,0.0,0.0,0.0,0.0,0.0,0.0,0.0,0.0,0.0,0.0,0.0,0,0.0,0,0,0,0,0,0,0,1,0.0,0.0,0.0,0.0,T3,False,none,2.767811,2.428211,2.297128,2.075966,2.409508,1.667544,1.781581,2.019918,2.265693,2.150998,0.0,0.0,0.0,0.0,0.0,0.0,0.0,0.0
24dd0ed8-1859-4f18-a67e-066726191fa7,3.0,0.3333333333333333,2.0,5816.6900000000005,1938.8966666666668,1899.2423229365265,73,0,1.0,3.0,10.0,1.0,1.0,1.0,2.0,1.5,5.0,2.0,1.0,0.6666666666666666,0.3333333333333333,1938.8966666666668,4126.88,0.7094894175209612,180.75944444444445,5.0,0.0,1.0,1.0,17.0,0.0,26.0,4,9.0,1,2,1,1,2,31,31,110,0.1791,0.0,0.2044,0.1366,T3,False,none,0.591098,0.431056,0.992598,0.647018,0.622351,0.60749,0.584652,0.595194,0.660912,0.630244,0.357206,1.5,17.0,0.25,6.0,15.5,0.33333,2.583333
67285dd4-0d53-416e-9143-ffaa2da56018,3.0,0.3333333333333333,3.0,7876.13,2625.3766666666666,1403.5296340417374,56,0,2.0,1.5,11.0,2.0,1.0,0.6666666666666666,1.0,3.0,4.0,1.0,1.0,1.0,0.3333333333333333,2625.3766666666666,3636.25,0.4616797843611012,147.3161111111111,0.0,0.0,1.0,1.0,14.0,1.0,81.0,4,9.0,2,1,1,2,1,31,31,198,0.0889,0.0,0.2489,0.1724,T3,False,none,0.677235,0.577315,1.005684,0.688444,1.848264,0.290904,0.475032,0.462661,0.920057,0.706605,0.320767,0.666667,14.0,0.4,5.0,10.333333,0.33333,2.022222
c7ec7029-eede-449a-9144-2caf120b1729,6.0,0.6666666666666666,4.0,14367.710000000001,2394.6183333333333,1866.769990174651,67,0,1.0,6.0,2.0,1.0,1.0,1.0,2.0,3.0,4.0,2.0,1.0,0.5,0.6666666666666666,2394.6183333333333,4824.2,0.335766799302046,118.31416666666667,0.0,0.3333333333333333,3.0,0.5,22.0,1.0,96.66666666666667,6,18.0,1,2,3,1,2,60,64,198,0.0889,0.0,0.2489,0.1724,T3,False,none,1.083134,0.569643,0.831088,0.705534,1.848264,0.903292,0.63669,0.865808,0.888173,0.877736,0.513123,1.5,11.0,0.071429,7.666667,30.0,1.333307,3.079365
7c504cac-5fc3-4cb6-9936-014f6f2ccc04,1.0,0.1111111111111111,1.0,809.96,809.96,0.0,75,1,1.0,1.0,8.0,1.0,1.0,1.0,1.0,1.0,5.0,1.0,1.0,1.0,0.1111111111111111,809.96,809.96,1.0,0.0,9.0,0.0,1.0,1.0,28.0,1.0,87.0,3,3.0,1,1,1,1,1,38,38,121,0.1789,0.0083,0.2434,0.1287,T3,False,none,0.562159,0.607297,1.030624,0.780034,0.804265,1.258256,1.371644,1.097167,0.793094,0.934995,0.343262,1.0,28.0,0.5,10.0,19.0,0.11111,3.833333
7743642d-810d-4c51-8eac-6ad3049d8f07,3.0,0.3333333333333333,3.0,10724.89,3574.963333333333,617.944642045979,59,1,2.0,1.5,6.0,2.0,1.0,0.6666666666666666,1.0,3.0,3.0,1.0,1.0,1.0,0.3333333333333333,3574.963333333333,4287.71,0.3997905806026915,140.0536111111111,18.0,0.3333333333333333,3.0,0.3333333333333333,24.0,3.0,55.666666666666664,6,9.0,2,1,3,2,1,65,67,67,0.2469,0.0,0.1605,0.1111,T3,False,none,0.548385,0.658352,0.9456,0.657376,0.434357,0.492225,0.687726,0.573438,0.680497,0.630536,0.359594,0.666667,8.0,0.133333,8.666667,21.666667,0.99997,3.155556
91806ce9-197c-4819-b400-85a65009fb88,6.0,0.6666666666666666,5.0,10949.03,1824.8383333333334,1014.567302773289,37,0,3.0,2.0,9.0,3.0,1.0,0.6666666666666666,1.0,6.0,3.0,1.0,1.0,1.0,0.6666666666666666,1824.8383333333334,3023.63,0.27615505665798706,175.71777777777777,0.0,0.3333333333333333,2.0,0.6666666666666666,24.0,1.0,62.0,6,18.0,3,1,2,3,1,57,58,108,0.1587,0.0,0.2348,0.071,T3,False,none,0.958421,1.01867,0.289169,0.895332,0.625422,0.880054,0.780562,0.86928,0.754897,0.808276,0.151487,0.5,16.0,0.222222,8.333333,14.25,0.999985,3.018519
7c8bcb78-9e64-47cd-a6f8-288dde3e5ce6,4.0,0.4444444444444444,3.0,12589.07,3147.2675,1739.5244690887025,76,1,2.0,2.0,7.0,2.0,1.0,0.75,1.0,4.0,5.0,1.0,1.0,1.0,0.4444444444444444,3147.2675,4759.75,0.3780859110323479,75.855,2.0,0.25,3.0,0.5,23.0,2.0,72.0,6,12.0,2,1,3,2,1,72,74,154,0.1225,0.0,0.2652,0.1509,T3,False,none,0.379993,0.670476,0.741625,0.73982,1.400021,0.633486,0.561841,0.537178,0.832893,0.694893,0.438428,0.666667,11.5,0.166667,8.333333,24.0,0.888871,3.055556
1b28ddbb-92c1-4127-8a15-e8ec96889f86,2.0,0.2222222222222222,2.0,6894.139999999999,3447.0699999999997,452.4069186031531,89,1,2.0,1.0,9.0,2.0,1.0,0.5,1.0,2.0,3.0,1.0,1.0,1.0,0.2222222222222222,3447.0699999999997,3766.97,0.5464017266838214,81.78694444444444,7.0,0.0,2.0,0.5,28.0,2.0,83.5,5,6.0,2,1,2,2,1,62,62,30,0.8828,0.0333,0.0244,0.0217,T3,False,none,0.722333,0.595173,0.81763,0.505946,3.2248,0.833492,0.485779,0.685828,1.046329,0.878095,0.838773,0.666667,14.0,0.25,10.0,20.666667,0.444436,3.638889
c870bcbe-e361-4ab4-b388-1ab45ba4a01e,2.0,0.2222222222222222,2.0,5296.99,2648.495,2758.897314952117,47,1,1.0,2.0,5.0,1.0,1.0,1.0,1.0,2.0,4.0,1.0,1.0,1.0,0.2222222222222222,2648.495,4599.33,0.8682912370988052,26.95638888888889,19.0,1.0,1.0,1.0,16.0,2.0,40.0,3,6.0,1,1,1,1,1,22,22,89,0.2523,0.0,0.1667,0.1056,T3,False,none,0.563133,0.514136,0.810334,0.877716,0.277908,0.79481,1.236923,0.875987,0.672815,0.767629,0.211323,1.0,16.0,0.333333,6.0,11.0,0.22222,2.444444
4077aa84-1b47-4a3a-aa2f-1d54403fc91d,4.0,0.4444444444444444,3.0,12988.46,3247.115,1595.9077400338654,73,0,2.0,2.0,5.0,2.0,1.0,0.75,2.0,2.0,5.0,2.0,1.0,0.75,0.4444444444444444,3247.115,4768.18,0.3671089567200423,183.60083333333333,4.0,0.0,1.0,1.0,15.0,0.0,88.0,5,12.0,2,2,1,2,2,29,29,108,0.1587,0.0,0.2348,0.071,T3,False,none,0.498859,0.316745,1.21088,0.635466,0.625422,0.622522,0.739567,0.626205,0.67399,0.65169,0.252312,1.0,15.0,0.333333,5.333333,9.666667,0.44444,2.222222
4a5bed19-76a6-4f1e-bbe1-2510828a3e86,4.0,0.4444444444444444,4.0,10989.27,2747.3175,1473.231320428556,30,1,2.0,2.0,9.0,2.0,1.0,0.75,2.0,2.0,5.0,1.0,0.5,0.5,0.4444444444444444,2747.3175,4023.26,0.36610803083371324,132.3411111111111,2.0,0.0,3.0,0.5,22.0,1.0,60.5,7,12.0,2,2,3,2,1,73,74,129,0.1169,0.0,0.1879,0.1099,T3,False,none,0.449411,0.715045,0.527561,0.778819,0.675501,0.592274,0.531753,0.531282,0.69331,0.617697,0.399297,0.5,11.0,0.083333,7.833333,24.333333,0.888871,2.805556
e49ffbe7-a493-409a-93fd-cf23b0b9342d,3.0,0.3333333333333333,3.0,7116.66,2372.22,1796.360753829809,87,1,1.0,3.0,5.0,1.0,1.0,1.0,2.0,1.5,5.0,2.0,1.0,0.6666666666666666,0.3333333333333333,2372.22,4171.2,0.5861176450750774,64.93833333333333,1.0,0.0,2.0,0.6666666666666666,18.0,3.0,75.66666666666667,5,9.0,1,2,2,1,2,40,40,121,0.174,0.0,0.2013,0.1186,T3,False,none,0.581114,0.431056,0.69328,0.405245,0.581664,0.509853,0.497222,0.526003,0.501108,0.512726,0.217122,1.5,12.0,0.166667,6.666667,20.0,0.499993,2.777778
19df628f-239c-4dcc-a9ae-a686f869551d,3.0,0.3333333333333333,3.0,9080.43,3026.81,225.61196532985554,50,0,2.0,1.5,12.0,2.0,1.0,0.6666666666666666,1.0,3.0,2.0,1.0,1.0,1.0,0.3333333333333333,3026.81,3283.54,0.3616062234938213,213.0611111111111,2.0,0.3333333333333333,1.0,1.0,21.0,1.0,45.0,4,9.0,2,1,1,2,1,41,41,154,0.1225,0.0,0.2652,0.1509,T3,False,none,0.736668,0.739389,0.507338,0.591964,1.400021,0.454483,0.573753,0.574864,0.745866,0.666065,0.271265,0.666667,21.0,0.4,7.333333,13.666667,0.33333,2.8
a9620978-8bc7-43e9-b4ab-f0b87ec36423,3.0,0.3333333333333333,2.0,10183.75,3394.5833333333335,1237.6203873697834,79,0,1.0,3.0,6.0,1.0,1.0,1.0,2.0,1.5,10.0,2.0,1.0,0.6666666666666666,0.3333333333333333,3394.5833333333335,4255.38,0.4178598257027127,17.543055555555554,5.0,0.0,2.0,0.6666666666666666,22.0,3.0,51.0,5,9.0,1,2,2,1,2,53,54,198,0.0889,0.0,0.2489,0.1724,T3,False,none,0.521681,0.836241,0.389111,0.325776,1.848264,0.574087,0.668881,0.590712,0.720335,0.659844,0.58217,1.5,14.666667,0.166667,7.666667,26.5,0.499993,3.111111
0cd6601a-185b-4b4c-9819-260e8f6d75cf,6.0,0.6666666666666666,5.0,9186.48,1531.08,1091.0474404167767,101,0,3.0,2.0,8.0,3.0,1.0,0.5,2.0,3.0,7.0,2.0,1.0,0.8333333333333334,0.6666666666666666,1531.08,2866.94,0.3120825386872883,126.88888888888889,0.0,0.5,2.0,0.8333333333333334,29.0,3.0,69.33333333333333,7,18.0,3,2,2,3,2,72,72,89,0.2523,0.0,0.1667,0.1056,T3,False,none,1.008998,0.561086,0.885987,1.065336,0.277908,1.025031,0.804537,0.946952,0.770671,0.852936,0.674762,0.75,24.166667,0.277778,10.0,18.0,0.79999,3.675926
267a03c8-8049-4fb3-98fa-953784fdbe39,1.0,0.1111111111111111,1.0,4960.51,4960.51,0.0,68,0,1.0,1.0,7.0,1.0,1.0,1.0,1.0,1.0,1.0,0.0,0.0,1.0,0.1111111111111111,4960.51,4960.51,1.0,0.0,15.0,0.0,1.0,1.0,23.0,0.0,55.0,3,3.0,1,1,1,1,0,28,28,121,0.1789,0.0083,0.2434,0.1287,T3,False,none,0.552174,1.652105,0.765032,1.016745,0.804265,1.254366,1.506058,1.137637,1.087731,1.111021,0.218198,0.0,23.0,0.0,7.666667,14.0,0.11111,2.555556
6f162145-3f8d-421a-ba3f-a27c07dc0e5f,2.0,0.2222222222222222,2.0,3142.69,1571.345,1723.7354137018826,68,1,2.0,1.0,9.0,2.0,1.0,0.5,2.0,1.0,7.0,2.0,1.0,0.5,0.2222222222222222,1571.345,2790.21,0.8878413079241032,43.39194444444445,3.0,0.5,2.0,0.5,24.0,2.0,70.0,6,6.0,2,2,2,2,2,58,58,67,0.2469,0.0,0.1605,0.1111,T3,False,none,0.722333,0.761698,0.560849,0.497382,0.434357,0.777532,0.828318,0.77869,0.566179,0.665351,0.448097,1.0,12.0,0.25,8.666667,19.333333,0.444436,3.305556
2d3a3a99-626f-44a0-a7e3-70075dfccbd9,5.0,0.5555555555555556,4.0,14064.14,2812.828,1975.9417196542006,71,0,1.0,5.0,6.0,1.0,1.0,1.0,3.0,1.6666666666666667,6.0,2.0,0.6666666666666666,0.6,0.5555555555555556,2812.828,4486.83,0.3190262611151482,209.17694444444444,12.0,0.2,3.0,0.6,28.0,0.0,55.4,7,15.0,1,3,3,1,2,74,77,134,0.1691,0.0224,0.2258,0.1728,T3,False,none,0.737495,0.867495,0.808589,0.980598,1.123263,0.859516,0.753551,0.789331,0.940264,0.869829,0.862705,1.333333,16.8,0.066667,9.555556,37.0,0.92591,3.651852
a90c8a5d-eb3b-44c8-9c52-d51e7fc498f4,5.0,0.5555555555555556,5.0,13193.04,2638.608,1532.040008704081,109,1,2.0,2.5,9.0,2.0,1.0,0.8,3.0,1.6666666666666667,5.0,3.0,1.0,0.6,0.5555555555555556,2638.608,4660.26,0.35323625184188023,193.48083333333332,1.0,0.0,5.0,0.2,27.0,2.0,52.8,10,15.0,2,3,5,2,3,116,119,89,0.2523,0.0,0.1667,0.1056,T3,False,none,0.380436,0.879037,1.344846,1.936835,0.277908,1.018495,0.809752,0.766612,1.272567,1.036454,1.328453,1.333333,5.4,0.057143,9.666667,38.666667,2.777639,3.685714
bca9c3c3-4b74-4db0-a475-4dacaa1cfda4,3.0,0.3333333333333333,3.0,4550.889999999999,1516.9633333333331,1172.1215571063153,58,0,2.0,1.5,8.0,2.0,1.0,0.6666666666666666,2.0,1.5,7.0,2.0,1.0,0.6666666666666666,0.3333333333333333,1516.9633333333331,2729.74,0.5998255286328609,113.38972222222222,6.0,0.0,3.0,0.3333333333333333,26.0,3.0,77.66666666666667,7,9.0,2,2,3,2,2,80,81,154,0.1225,0.0,0.2652,0.1509,T3,False,none,0.498937,0.59313,1.201975,0.82738,1.400021,0.421494,0.451271,0.453546,0.942298,0.714214,0.759731,1.0,8.666667,0.133333,9.0,26.666667,0.99997,3.377778
08685df3-7b89-4349-956f-0d5ae3ebb530,5.0,0.5555555555555556,4.0,6730.66,1346.132,1234.0276678502796,54,1,1.0,5.0,4.0,1.0,1.0,1.0,2.0,2.5,4.0,1.0,0.5,0.8,0.5555555555555556,1346.132,3387.99,0.5033666832078875,211.63222222222223,1.0,0.2,2.0,0.8,16.0,3.0,62.8,5,15.0,1,2,2,1,1,34,34,67,0.2469,0.0,0.1605,0.1111,T3,False,none,0.856361,0.579728,0.724387,0.538792,0.434357,0.618506,0.675303,0.705397,0.570286,0.633338,0.177425,0.75,12.8,0.066667,5.833333,17.0,0.694436,2.216667
b2fae75d-a672-448a-a226-2c560d650128,2.0,0.2222222222222222,2.0,4474.48,2237.24,2910.3949428213346,93,1,2.0,1.0,12.0,2.0,1.0,0.5,1.0,2.0,4.0,1.0,1.0,1.0,0.2222222222222222,2237.24,4295.2,0.9599327743112049,18.003055555555555,17.0,0.5,1.0,1.0,18.0,2.0,84.0,4,6.0,2,1,1,2,1,36,36,198,0.0889,0.0,0.2489,0.1724,T3,False,none,0.900632,0.514136,0.969057,0.696889,1.848264,1.002932,0.971139,0.963106,0.899798,0.929342,0.320767,0.666667,18.0,0.5,6.666667,12.0,0.22222,2.611111
d51c3331-6663-4169-9193-54112bfcfe6e,3.0,0.3333333333333333,2.0,7593.15,2531.0499999999997,663.7064619242457,88,0,2.0,1.5,9.0,2.0,1.0,0.6666666666666666,2.0,1.5,4.0,2.0,1.0,0.6666666666666666,0.3333333333333333,2531.0499999999997,3230.31,0.4254242310503546,141.51833333333335,7.0,0.0,3.0,0.3333333333333333,24.0,0.0,39.0,7,9.0,2,2,3,2,2,86,86,121,0.1789,0.0083,0.2434,0.1287,T3,False,none,0.55837,0.458001,0.879633,0.880495,0.804265,0.540932,0.339715,0.478842,0.761987,0.629852,0.596783,1.0,8.0,0.133333,8.333333,28.666667,0.99997,3.155556
0b0cfff5-5600-433a-a491-3280d8606c62,3.0,0.3333333333333333,2.0,5268.8099999999995,1756.2699999999998,497.7224293720347,109,1,2.0,1.5,7.0,2.0,1.0,0.6666666666666666,1.0,3.0,3.0,1.0,1.0,1.0,0.3333333333333333,1756.2699999999998,2084.61,0.39565101037995304,18.796666666666667,11.0,0.0,3.0,0.3333333333333333,23.0,0.0,83.33333333333333,6,9.0,2,1,3,2,1,72,73,40,0.459,0.0,0.0615,0.0469,T3,False,none,0.488952,0.658352,1.06024,0.720139,1.728531,0.79243,0.76368,0.696139,0.943612,0.828124,0.52879,0.666667,7.666667,0.133333,8.333333,24.0,0.99997,3.044444
873cbe7a-6bd8-4dd5-8b85-c734205e63ae,4.0,0.4444444444444444,4.0,16369.189999999999,4092.2974999999997,608.2363447638313,59,1,1.0,4.0,6.0,1.0,1.0,1.0,1.0,4.0,4.0,1.0,1.0,1.0,0.4444444444444444,4092.2974999999997,4538.82,0.277278228183557,188.65083333333334,1.0,0.25,2.0,0.75,25.0,3.0,33.75,4,12.0,1,1,2,1,1,44,44,129,0.1169,0.0,0.1879,0.1099,T3,False,none,0.629588,0.697421,0.626151,0.468742,0.675501,0.806586,0.843205,0.768221,0.593165,0.674858,0.158559,1.0,18.75,0.15,9.0,22.0,0.592585,3.383333
0569f06e-f3ab-44cf-86e4-7c1d0333f44c,3.0,0.3333333333333333,2.0,8375.46,2791.8199999999997,1481.6266493621126,60,0,3.0,1.0,7.0,3.0,1.0,0.3333333333333333,2.0,1.5,8.0,2.0,1.0,0.6666666666666666,0.3333333333333333,2791.8199999999997,3971.26,0.4741542554080612,74.0363888888889,2.0,0.6666666666666666,2.0,0.6666666666666666,23.0,0.0,61.666666666666664,7,9.0,3,2,2,3,2,68,70,134,0.1691,0.0224,0.2258,0.1728,T3,False,none,1.21693,0.674167,0.432821,0.908012,1.123263,0.397656,0.52448,0.674009,0.786428,0.733966,0.666732,0.75,15.333333,0.333333,8.0,17.0,0.499993,3.027778
68f43d2c-2bbd-44e1-a520-093d646f3ef5,3.0,0.3333333333333333,3.0,7963.959999999999,2654.653333333333,1417.0520713556484,80,0,2.0,1.5,9.0,2.0,1.0,0.6666666666666666,1.0,3.0,4.0,1.0,1.0,1.0,0.3333333333333333,2654.653333333333,4217.62,0.5295882952701922,97.96027777777778,13.0,0.3333333333333333,2.0,0.6666666666666666,16.0,2.0,77.33333333333333,5,9.0,2,1,2,2,1,43,44,110,0.1791,0.0,0.2044,0.1366,T3,False,none,0.55837,0.577315,0.596689,0.412953,0.622351,0.422964,0.329903,0.430631,0.527222,0.482146,0.139699,0.666667,10.666667,0.266667,5.666667,14.333333,0.499993,2.2
c2dd14ca-3ce5-4aec-9130-7481a1dd0376,3.0,0.3333333333333333,3.0,8746.95,2915.65,1501.316125038294,91,1,1.0,3.0,5.0,1.0,1.0,1.0,1.0,3.0,2.0,1.0,1.0,1.0,0.3333333333333333,2915.65,4626.48,0.5289249395503575,101.88888888888889,2.0,0.3333333333333333,2.0,0.6666666666666666,21.0,3.0,83.0,4,9.0,1,1,2,1,1,37,37,108,0.1587,0.0,0.2348,0.071,T3,False,none,0.581114,0.739389,0.647212,0.52137,0.625422,0.520651,0.372656,0.488594,0.619434,0.558375,0.034805,1.0,14.0,0.166667,7.666667,18.5,0.499993,2.944444
068d15fb-61dd-4dc4-a364-ad6f79735271,4.0,0.4444444444444444,4.0,13893.310000000001,3473.3275000000003,1232.810345764911,84,0,1.0,4.0,3.0,1.0,1.0,1.0,1.0,4.0,8.0,1.0,1.0,1.0,0.4444444444444444,3473.3275000000003,4280.66,0.30810944260223083,162.1761111111111,4.0,0.25,1.0,1.0,20.0,2.0,82.0,3,12.0,1,1,1,1,1,28,28,154,0.1225,0.0,0.2652,0.1509,T3,False,none,0.807887,0.913587,0.880531,0.778052,1.400021,0.751078,0.587437,0.712762,0.936947,0.832327,0.418623,1.0,20.0,0.2,7.0,14.0,0.44444,2.733333
cfd458de-e2d5-4778-a809-9ef318047e76,7.0,0.7777777777777778,6.0,16412.46,2344.637142857143,1401.331052270356,41,0,1.0,7.0,4.0,1.0,1.0,1.0,3.0,2.3333333333333335,5.0,3.0,1.0,0.5714285714285714,0.7777777777777778,2344.637142857143,4753.39,0.28962081248027416,200.33388888888888,7.0,0.2857142857142857,4.0,0.42857142857142855,20.0,0.0,56.714285714285715,8,21.0,1,3,4,1,3,80,80,129,0.1169,0.0,0.1879,0.1099,T3,False,none,1.072176,0.840714,0.956041,1.447421,0.675501,1.168747,0.720579,0.991766,1.06472,1.030675,0.871583,2.0,8.571429,0.053571,7.0,40.0,1.814772,3.017857
d11c0684-d397-4c3a-9cbd-835c2b371767,4.0,0.4444444444444444,3.0,12783.26,3195.815,894.4181910978036,62,0,2.0,2.0,12.0,2.0,1.0,0.75,2.0,2.0,4.0,2.0,1.0,0.75,0.4444444444444444,3195.815,4377.88,0.34246976123461464,189.57305555555556,0.0,0.25,1.0,1.0,16.0,2.0,40.0,5,12.0,2,2,1,2,2,40,40,89,0.2523,0.0,0.1667,0.1056,T3,False,none,0.62771,0.34369,0.810334,0.529339,0.277908,0.501907,0.685366,0.599004,0.499562,0.545968,0.315436,1.0,16.0,0.333333,5.666667,13.333333,0.44444,2.333333
3d2f1378-5397-4490-8474-27c6cf4e22cf,2.0,0.2222222222222222,2.0,7059.04,3529.52,1367.0919664748233,83,0,1.0,2.0,8.0,1.0,1.0,1.0,2.0,1.0,5.0,2.0,1.0,0.5,0.2222222222222222,3529.52,4496.2,0.6369421337745642,64.75361111111111,5.0,0.5,2.0,0.5,25.0,0.0,84.5,5,6.0,1,2,2,1,2,57,58,154,0.1225,0.0,0.2652,0.1509,T3,False,none,0.454251,0.599624,0.81905,0.421053,1.400021,0.750324,0.665377,0.637416,0.711773,0.677073,0.376527,1.5,12.5,0.166667,8.666667,28.5,0.444436,3.444444
b4985870-fddb-4c4c-a8c7-ec1806f49d3a,0.0,0.0,0.0,0.0,0.0,0.0,47,0,0.0,0.0,0.0,0.0,0.0,0.0,0.0,0.0,0.0,0.0,0.0,0.0,0.0,0.0,0.0,0.0,0.0,0.0,0.0,0.0,0.0,0.0,0.0,0.0,0,0.0,0,0,0,0,0,0,0,1,0.0,0.0,0.0,0.0,T3,False,none,2.767811,2.428211,2.297128,2.075966,2.409508,1.521418,1.781581,1.964251,2.265693,2.12502,0.0,0.0,0.0,0.0,0.0,0.0,0.0,0.0
499155e3-1ad1-4f5f-a821-539d2e0c251e,3.0,0.3333333333333333,3.0,7810.889999999999,2603.6299999999997,2085.0734076525937,78,1,1.0,3.0,6.0,1.0,1.0,1.0,2.0,1.5,5.0,2.0,1.0,0.6666666666666666,0.3333333333333333,2603.6299999999997,4077.12,0.5219789294177745,93.39666666666666,8.0,0.3333333333333333,1.0,1.0,27.0,2.0,54.0,4,9.0,1,2,1,1,2,37,37,89,0.2523,0.0,0.1667,0.1056,T3,False,none,0.521681,0.431056,0.799482,0.58913,0.277908,0.517365,0.197423,0.411951,0.541565,0.481078,0.422242,1.5,27.0,0.25,9.666667,18.5,0.33333,3.805556
ed580229-6872-4b41-95de-7038f58a8772,8.0,0.8888888888888888,6.0,27239.219999999998,3404.9024999999997,1878.2606887509364,101,0,2.0,4.0,8.0,2.0,1.0,0.875,3.0,2.6666666666666665,4.0,3.0,1.0,0.75,0.8888888888888888,3404.9024999999997,4904.61,0.18005691792936804,220.40722222222223,9.0,0.125,6.0,0.375,25.0,0.0,45.5,11,24.0,2,3,6,2,3,121,127,96,0.2355,0.0,0.1833,0.0828,T3,False,none,0.516928,0.791427,1.429824,2.339102,0.215092,1.931503,1.170183,1.273565,1.408749,1.345663,1.390183,1.333333,9.375,0.075,8.666667,40.333333,2.370307,3.358333
959ef634-b468-4f34-9207-352b58be4b69,7.0,0.7777777777777778,5.0,20086.08,2869.44,1914.1770784943938,38,1,3.0,2.3333333333333335,8.0,3.0,1.0,0.42857142857142855,2.0,3.5,4.0,2.0,1.0,0.5714285714285714,0.7777777777777778,2869.44,4930.7,0.2454784607051251,208.12722222222223,13.0,0.2857142857142857,6.0,0.2857142857142857,29.0,3.0,61.142857142857146,11,21.0,3,2,6,3,2,156,161,89,0.2523,0.0,0.1667,0.1056,T3,False,none,1.020176,0.583189,1.805602,2.634932,0.277908,1.318205,0.976945,1.1193,1.556382,1.35241,1.413067,0.75,8.285714,0.085714,10.333333,39.0,2.722127,3.723016
8e501155-9098-4d07-8204-defa3df8548c,1.0,0.1111111111111111,1.0,2215.04,2215.04,0.0,62,1,1.0,1.0,3.0,1.0,1.0,1.0,1.0,1.0,2.0,1.0,1.0,1.0,0.1111111111111111,2215.04,2215.04,1.0,0.0,20.0,0.0,1.0,1.0,21.0,2.0,44.0,3,3.0,1,1,1,1,1,23,23,95,0.2056,0.0211,0.1855,0.0916,T3,False,none,0.789906,0.796315,0.59741,0.924753,0.105784,0.979967,1.269957,1.022327,0.687952,0.843994,0.134731,1.0,21.0,0.5,7.666667,11.5,0.11111,3.055556
c61bd367-d003-42a0-ab06-a80821e1a170,5.0,0.5555555555555556,5.0,10664.88,2132.9759999999997,2042.3998598658393,54,1,2.0,2.5,11.0,2.0,1.0,0.8,2.0,2.5,5.0,2.0,1.0,0.6,0.5555555555555556,2132.9759999999997,4999.97,0.4688257158073978,183.46166666666667,1.0,0.2,3.0,0.4,22.0,1.0,48.4,7,15.0,2,2,3,2,2,74,76,67,0.2687,0.0,0.1443,0.07,T3,False,none,0.499301,0.417536,0.499729,0.845858,0.56421,0.759642,0.669758,0.655298,0.619726,0.636326,0.50447,1.0,8.8,0.114286,8.0,24.666667,1.388854,3.038095
52a8fbdc-ac76-4070-bd87-6c3c1f7184f3,3.0,0.3333333333333333,3.0,10410.24,3470.08,1205.72571657073,31,0,1.0,3.0,8.0,1.0,1.0,1.0,2.0,1.5,3.0,2.0,1.0,0.6666666666666666,0.3333333333333333,3470.08,4191.58,0.40264009283167346,158.91,0.0,0.0,3.0,0.3333333333333333,24.0,1.0,65.0,6,9.0,1,2,3,1,2,69,69,134,0.1691,0.0224,0.2258,0.1728,T3,False,none,0.472232,0.539038,0.759929,0.644996,1.123263,0.508801,0.712893,0.566384,0.722162,0.649465,0.582552,1.5,8.0,0.083333,8.333333,34.5,0.99997,3.305556
afbd7a81-c4da-4f5f-aa93-685a8c716ab2,3.0,0.3333333333333333,2.0,5354.75,1784.9166666666667,1061.5901991509404,48,0,2.0,1.5,5.0,2.0,1.0,0.6666666666666666,1.0,3.0,3.0,1.0,1.0,1.0,0.3333333333333333,1784.9166666666667,3009.61,0.5620449133946497,57.87583333333333,2.0,0.0,1.0,1.0,19.0,0.0,50.0,4,9.0,2,1,1,2,1,26,26,89,0.2321,0.0,0.0992,0.0863,T3,False,none,0.607818,0.658352,0.748484,0.736684,0.403244,0.433505,0.547146,0.521189,0.663986,0.597347,0.158398,0.666667,19.0,0.4,6.666667,8.666667,0.33333,2.577778
1e9ce5d7-887e-4108-8ff8-edb9c0ca4aad,1.0,0.1111111111111111,1.0,804.43,804.43,0.0,59,0,1.0,1.0,3.0,1.0,1.0,1.0,1.0,1.0,3.0,1.0,1.0,1.0,0.1111111111111111,804.43,804.43,1.0,0.0,13.0,0.0,1.0,1.0,24.0,1.0,30.0,3,3.0,1,1,1,1,1,27,27,84,0.204,0.0,0.1092,0.124,T3,False,none,0.789906,0.715278,0.715422,0.886161,0.51107,1.181958,1.465235,1.164369,0.745355,0.940895,0.252468,1.0,24.0,0.5,8.333333,13.5,0.11111,3.277778
4ccb370c-f246-495b-aeee-d982af9febc5,2.0,0.2222222222222222,2.0,8647.95,4323.975,834.2657936473248,46,1,1.0,2.0,5.0,1.0,1.0,1.0,2.0,1.0,6.0,2.0,1.0,0.5,0.2222222222222222,4323.975,4913.89,0.568214432322111,95.20555555555555,8.0,0.0,2.0,0.5,21.0,1.0,33.5,5,6.0,1,2,2,1,2,46,48,129,0.1169,0.0,0.1879,0.1099,T3,False,none,0.563133,0.680661,0.338551,0.394495,0.675501,0.703861,0.745702,0.6776,0.501216,0.583528,0.241293,1.5,10.5,0.166667,7.666667,23.0,0.444436,3.111111
f48b5e62-c9db-424c-b7d7-5715f9266c00,1.0,0.1111111111111111,1.0,1781.89,1781.89,0.0,37,1,1.0,1.0,12.0,1.0,1.0,1.0,1.0,1.0,5.0,1.0,1.0,1.0,0.1111111111111111,1781.89,1781.89,1.0,0.0,5.0,0.0,1.0,1.0,19.0,2.0,42.0,3,3.0,1,1,1,1,1,33,33,154,0.1225,0.0,0.2652,0.1509,T3,False,none,0.79989,0.607297,0.685936,0.828273,1.400021,1.090338,1.117727,1.016483,0.838667,0.921648,0.286017,1.0,19.0,0.5,7.0,16.5,0.11111,2.833333
c24339c5-9761-4e56-8494-4b93e4428fad,6.0,0.6666666666666666,6.0,15698.25,2616.375,1450.1281262391956,52,1,3.0,2.0,7.0,3.0,1.0,0.6666666666666666,1.0,6.0,3.0,1.0,1.0,1.0,0.6666666666666666,2616.375,4979.68,0.31721242813689426,201.9113888888889,0.0,0.0,1.0,1.0,28.0,2.0,91.0,5,18.0,3,1,1,3,1,40,40,95,0.2056,0.0211,0.1855,0.0916,T3,False,none,0.889003,1.01867,1.145873,0.97394,0.105784,0.985739,0.974211,0.954257,0.876249,0.912653,0.243089,0.5,28.0,0.333333,10.0,10.0,0.66666,3.611111
73307e16-64c8-49c1-83de-46c6495ab77c,4.0,0.4444444444444444,3.0,5903.47,1475.8675,1295.2778219201984,99,1,2.0,2.0,9.0,2.0,1.0,0.75,2.0,2.0,6.0,2.0,1.0,0.5,0.4444444444444444,1475.8675,2711.0,0.4592214409491367,86.29666666666667,1.0,0.25,2.0,0.75,24.0,2.0,74.25,6,12.0,2,2,2,2,2,60,60,96,0.2355,0.0,0.1833,0.0828,T3,False,none,0.449411,0.560555,0.504146,0.474901,0.215092,0.66087,0.501575,0.547355,0.459106,0.500289,0.37563,1.0,18.0,0.25,8.666667,20.0,0.592585,3.305556
c11113dc-c34a-4dba-a20c-d1660900e02f,2.0,0.2222222222222222,2.0,5387.29,2693.645,2522.6387972220678,59,1,1.0,2.0,9.0,1.0,1.0,1.0,2.0,1.0,6.0,2.0,1.0,0.5,0.2222222222222222,2693.645,4477.42,0.8311080339094424,26.711111111111112,3.0,0.5,2.0,0.5,20.0,0.0,70.5,5,6.0,1,2,2,1,2,55,55,110,0.1791,0.0,0.2044,0.1366,T3,False,none,0.513684,0.680661,0.619358,0.396984,0.622351,0.748682,0.773257,0.689732,0.551792,0.616164,0.320383,1.5,10.0,0.166667,7.333333,27.5,0.444436,3.0
14085002-a33d-4c51-9130-310ded5bf645,3.0,0.3333333333333333,3.0,2862.2799999999997,954.0933333333332,702.3845307474627,38,0,2.0,1.5,6.0,2.0,1.0,0.6666666666666666,1.0,3.0,3.0,1.0,1.0,1.0,0.3333333333333333,954.0933333333332,1436.0,0.5016979470911302,56.945277777777775,13.0,0.3333333333333333,2.0,0.6666666666666666,22.0,0.0,93.0,5,9.0,2,1,2,2,1,39,39,84,0.204,0.0,0.1092,0.124,T3,False,none,0.548385,0.658352,0.659913,0.456318,0.51107,0.649564,0.745625,0.652676,0.558368,0.602378,0.121218,0.666667,14.666667,0.266667,7.666667,13.0,0.499993,2.866667
89b69c06-7f28-41ec-aa80-523a0094f491,1.0,0.1111111111111111,1.0,885.43,885.43,0.0,75,0,1.0,1.0,4.0,1.0,1.0,1.0,1.0,1.0,3.0,1.0,1.0,1.0,0.1111111111111111,885.43,885.43,1.0,0.0,21.0,0.0,1.0,1.0,20.0,3.0,108.0,3,3.0,1,1,1,1,1,24,24,134,0.1691,0.0224,0.2258,0.1728,T3,False,none,0.730473,0.715278,1.281054,0.915105,1.123263,1.255289,1.629142,1.229959,0.976081,1.094557,0.321688,1.0,20.0,0.5,7.0,12.0,0.11111,2.833333
5d086b8a-b437-4a1d-9dc7-839d3871f986,2.0,0.2222222222222222,2.0,2951.68,1475.84,1641.237265540848,97,1,1.0,2.0,8.0,1.0,1.0,1.0,1.0,2.0,6.0,1.0,1.0,1.0,0.2222222222222222,1475.84,2636.37,0.8931760895490026,42.468333333333334,7.0,0.0,2.0,0.5,26.0,1.0,51.5,4,6.0,1,1,2,1,1,57,57,96,0.2355,0.0,0.1833,0.0828,T3,False,none,0.454251,0.568228,0.395651,0.503462,0.215092,0.934331,0.813797,0.756987,0.449131,0.592797,0.22332,1.0,13.0,0.166667,9.333333,28.5,0.444436,3.5
5407f959-2065-4cde-b0f5-3c86b94f181a,9.0,1.0,6.0,15686.1,1742.9,1245.4401187933524,40,0,1.0,9.0,8.0,1.0,1.0,1.0,3.0,3.0,7.0,3.0,1.0,0.5555555555555556,1.0,1742.9,3443.46,0.2195230171935663,191.45666666666668,11.0,0.0,3.0,0.5555555555555556,23.0,1.0,72.22222222222223,7,27.0,1,3,3,1,3,76,77,84,0.204,0.0,0.1092,0.124,T3,False,none,1.119676,1.093193,0.620857,1.357318,0.51107,1.460816,1.082357,1.237195,0.996816,1.108993,0.864523,2.0,12.777778,0.055556,8.0,38.0,1.799968,3.351852
718c0f98-cb9a-4137-8267-19115321a8c6,4.0,0.4444444444444444,3.0,6788.7,1697.175,1482.0222156117184,82,1,2.0,2.0,9.0,2.0,1.0,0.5,3.0,1.3333333333333333,4.0,3.0,1.0,0.5,0.4444444444444444,1697.175,3633.45,0.5352202925449644,164.4125,3.0,0.25,2.0,0.75,19.0,2.0,83.75,7,12.0,2,3,2,2,3,51,51,198,0.0889,0.0,0.2489,0.1724,T3,False,none,0.614426,1.011127,0.573417,0.731221,1.848264,0.554389,0.378933,0.513057,0.954495,0.748491,0.676299,1.333333,14.25,0.25,7.0,17.0,0.592585,2.861111
5c030a6b-08be-4225-82cc-94b9c54761f0,3.0,0.3333333333333333,2.0,4232.009999999999,1410.6699999999998,1087.932762490403,38,1,2.0,1.5,5.0,2.0,1.0,0.6666666666666666,1.0,3.0,6.0,1.0,1.0,1.0,0.3333333333333333,1410.6699999999998,2409.18,0.5692755924489782,91.05666666666667,4.0,0.3333333333333333,2.0,0.6666666666666666,24.0,2.0,81.66666666666667,5,9.0,2,1,2,2,1,56,56,134,0.1691,0.0224,0.2258,0.1728,T3,False,none,0.607818,0.631408,0.5359,0.391373,1.123263,0.546976,0.443395,0.529833,0.603473,0.569108,0.346745,0.666667,16.0,0.266667,8.666667,18.666667,0.499993,3.2
f1e08bce-df81-4298-af2f-a79361e8c85e,3.0,0.3333333333333333,3.0,7142.74,2380.9133333333334,2135.907405351021,39,1,3.0,1.0,11.0,3.0,1.0,0.3333333333333333,2.0,1.5,8.0,2.0,1.0,0.6666666666666666,0.3333333333333333,2380.9133333333334,4784.41,0.669828385185517,190.67666666666668,14.0,0.0,1.0,1.0,20.0,0.0,35.0,6,9.0,3,2,1,3,2,43,43,134,0.1691,0.0224,0.2258,0.1728,T3,False,none,1.405213,0.674167,0.809453,0.846747,1.123263,0.469116,0.713946,0.818183,0.841918,0.830842,0.621109,0.75,20.0,0.5,7.333333,10.75,0.33333,2.861111
21a76043-c5b7-4e71-9b0b-3f645950106d,3.0,0.3333333333333333,3.0,9672.24,3224.08,1275.0964093353882,63,0,1.0,3.0,6.0,1.0,1.0,1.0,1.0,3.0,5.0,1.0,1.0,1.0,0.3333333333333333,3224.08,4105.63,0.42447561268124034,91.92722222222223,8.0,0.0,3.0,0.3333333333333333,22.0,1.0,80.33333333333333,5,9.0,1,1,3,1,1,60,61,110,0.1928,0.0091,0.1832,0.0943,T3,False,none,0.521681,0.550371,0.816872,0.532909,0.231917,0.400271,0.462464,0.455691,0.546268,0.503999,0.195993,1.0,7.333333,0.083333,7.666667,30.0,0.99997,2.916667
90ed99cb-e1b2-47c7-8404-49ee65f4ee5a,3.0,0.3333333333333333,2.0,10466.84,3488.9466666666667,2139.5998104863756,94,0,1.0,3.0,6.0,1.0,1.0,1.0,3.0,1.0,5.0,3.0,1.0,0.3333333333333333,0.3333333333333333,3488.9466666666667,4818.29,0.4603385549029124,58.403888888888886,4.0,0.0,2.0,0.6666666666666666,27.0,0.0,80.0,6,9.0,1,3,2,1,3,61,61,110,0.1928,0.0091,0.1832,0.0943,T3,False,none,0.521681,1.132732,0.730166,0.739839,0.231917,0.82941,0.662465,0.685839,0.751394,0.720801,0.574319,2.0,18.0,0.166667,9.333333,30.5,0.499993,3.833333
cad56919-5f47-4fef-8fd0-261db72047ce,0.0,0.0,0.0,0.0,0.0,0.0,63,0,0.0,0.0,0.0,0.0,0.0,0.0,0.0,0.0,0.0,0.0,0.0,0.0,0.0,0.0,0.0,0.0,0.0,0.0,0.0,0.0,0.0,0.0,0.0,0.0,0,0.0,0,0,0,0,0,0,0,1,0.0,0.0,0.0,0.0,T3,False,none,2.767811,2.428211,2.297128,2.075966,2.409508,1.534147,1.781581,1.969101,2.265693,2.127283,0.0,0.0,0.0,0.0,0.0,0.0,0.0,0.0
40d93d9c-00ce-43d1-a714-658714531227,4.0,0.4444444444444444,2.0,16956.940000000002,4239.235000000001,633.9529463348733,86,1,1.0,4.0,7.0,1.0,1.0,1.0,2.0,2.0,5.0,2.0,1.0,0.75,0.4444444444444444,4239.235000000001,4967.84,0.29296795294434014,79.71555555555555,5.0,0.0,1.0,1.0,19.0,3.0,64.0,4,12.0,1,2,1,1,2,30,30,50,0.2482,0.04,0.0909,0.0909,T3,False,none,0.570155,0.316745,0.947658,0.671574,0.707334,0.95625,0.834089,0.805217,0.646344,0.720485,0.292731,1.5,19.0,0.2,7.0,15.0,0.44444,2.9
8b997a34-6e73-43aa-8642-22f7ae6d3eb7,4.0,0.4444444444444444,3.0,5538.27,1384.5675,447.1545413966705,68,0,2.0,2.0,10.0,2.0,1.0,0.5,2.0,2.0,5.0,2.0,1.0,0.75,0.4444444444444444,1384.5675,1758.38,0.31749625785669533,135.4572222222222,7.0,0.5,4.0,0.25,26.0,1.0,76.5,8,12.0,2,2,4,2,2,107,108,110,0.1791,0.0,0.2044,0.1366,T3,False,none,0.673859,0.316745,1.189476,1.272437,0.622351,0.602973,0.661746,0.642817,0.907883,0.784185,0.884903,1.0,6.5,0.083333,9.0,35.666667,1.777707,3.361111
aa6ed73b-78b5-476c-bb0e-cd5cef96c812,4.0,0.4444444444444444,4.0,10560.43,2640.1075,269.2442058027124,49,0,2.0,2.0,10.0,2.0,1.0,0.75,3.0,1.3333333333333333,5.0,3.0,1.0,0.5,0.4444444444444444,2640.1075,3035.73,0.2874627264230718,214.75055555555556,2.0,0.0,4.0,0.25,30.0,1.0,72.5,9,12.0,2,3,4,2,3,112,112,89,0.2321,0.0,0.0992,0.0863,T3,False,none,0.508844,0.984182,1.29939,1.657586,0.403244,0.555117,0.724757,0.598443,1.205553,0.922235,1.169681,1.333333,7.5,0.083333,10.333333,37.333333,1.777707,3.916667
6dc14466-6455-4a61-a6f4-8506395e81a6,3.0,0.3333333333333333,1.0,6842.73,2280.91,1707.0903415753953,38,0,2.0,1.5,3.0,2.0,1.0,0.6666666666666666,3.0,1.0,7.0,3.0,1.0,0.3333333333333333,0.3333333333333333,2280.91,3775.84,0.5518031545888848,2.893611111111111,11.0,0.0,1.0,1.0,23.0,2.0,34.0,6,9.0,2,3,1,2,3,42,42,198,0.0889,0.0,0.2489,0.1724,T3,False,none,0.726684,1.294806,0.727661,0.836787,1.848264,0.573032,0.532678,0.603481,1.097137,0.866764,0.834416,1.333333,23.0,0.4,8.0,14.0,0.33333,3.244444
db4a0fc9-979a-4e51-8ce6-7860c785273a,2.0,0.2222222222222222,2.0,5038.860000000001,2519.4300000000003,1279.6794261845425,61,1,1.0,2.0,9.0,1.0,1.0,1.0,2.0,1.0,4.0,2.0,1.0,0.5,0.2222222222222222,2519.4300000000003,3424.3,0.6795783173178059,53.59166666666667,13.0,0.5,2.0,0.5,29.0,0.0,65.5,5,6.0,1,2,2,1,2,52,53,154,0.1225,0.0,0.2652,0.1509,T3,False,none,0.513684,0.626569,0.803078,0.372813,1.400021,0.52933,0.574067,0.539772,0.697092,0.623676,0.407051,1.5,14.5,0.166667,10.333333,26.0,0.444436,4.0
2fd015bc-0f77-4e1d-a589-692055ae4f47,3.0,0.3333333333333333,3.0,8947.39,2982.463333333333,2093.495747889958,44,0,1.0,3.0,9.0,1.0,1.0,1.0,2.0,1.5,6.0,2.0,1.0,0.6666666666666666,0.3333333333333333,2982.463333333333,4499.63,0.502898610656292,107.88722222222222,0.0,0.3333333333333333,2.0,0.6666666666666666,24.0,2.0,82.0,5,9.0,1,2,2,1,2,61,61,108,0.1587,0.0,0.2348,0.071,T3,False,none,0.531665,0.512093,0.538698,0.398187,0.625422,0.498807,0.41008,0.478619,0.493809,0.486721,0.28256,1.5,16.0,0.166667,8.333333,30.5,0.499993,3.333333
a23e4fe1-de37-4541-8352-55c620b103cc,5.0,0.5555555555555556,3.0,11704.25,2340.85,842.4320112626298,108,0,1.0,5.0,8.0,1.0,1.0,1.0,3.0,1.6666666666666667,4.0,2.0,0.6666666666666666,0.6,0.5555555555555556,2340.85,3609.14,0.30836149262020207,94.11583333333333,18.0,0.0,2.0,0.8,28.0,3.0,91.2,6,15.0,1,3,2,1,2,54,54,30,0.8828,0.0333,0.0244,0.0217,T3,False,none,0.688047,0.813402,1.009059,0.603665,3.2248,0.767209,0.682385,0.716317,1.177412,0.962234,1.084646,1.333333,22.4,0.088889,9.555556,27.0,0.694436,3.659259
1d85ff58-2221-4c31-95f9-459e86b61b0c,4.0,0.4444444444444444,4.0,5936.6,1484.15,1199.5565265824978,45,1,2.0,2.0,12.0,2.0,1.0,0.75,1.0,4.0,4.0,1.0,1.0,1.0,0.4444444444444444,1484.15,3190.81,0.5374810497591214,181.295,5.0,0.0,2.0,0.75,18.0,2.0,46.0,5,12.0,2,1,2,2,1,51,51,129,0.1169,0.0,0.1879,0.1099,T3,False,none,0.62771,0.697421,0.330567,0.359511,0.675501,0.531961,0.547163,0.564385,0.490624,0.525046,0.100777,0.666667,13.5,0.25,6.666667,17.0,0.592585,2.527778
10341514-6650-47c4-b407-f8313511f5ff,3.0,0.3333333333333333,2.0,6709.52,2236.5066666666667,1339.8635766873183,105,0,2.0,1.5,8.0,2.0,1.0,0.6666666666666666,2.0,1.5,7.0,2.0,1.0,0.6666666666666666,0.3333333333333333,2236.5066666666667,3778.5,0.5631550394066938,47.27638888888889,0.0,0.3333333333333333,2.0,0.6666666666666666,19.0,2.0,81.33333333333333,6,9.0,2,2,2,2,2,54,54,121,0.174,0.0,0.2013,0.1186,T3,False,none,0.498937,0.59313,0.522646,0.402105,0.581664,0.622929,0.403454,0.514344,0.504901,0.509308,0.367102,1.0,12.666667,0.266667,6.666667,18.0,0.499993,2.644444
8514522a-15a5-48b6-b346-4a8094005105,4.0,0.4444444444444444,4.0,7948.38,1987.095,1800.6997563262269,106,1,1.0,4.0,6.0,1.0,1.0,1.0,1.0,4.0,4.0,1.0,1.0,1.0,0.4444444444444444,1987.095,4617.5,0.5809359894720685,94.39,0.0,0.5,3.0,0.5,23.0,2.0,43.25,5,12.0,1,1,3,1,1,58,58,154,0.1225,0.0,0.2652,0.1509,T3,False,none,0.629588,0.697421,0.584593,0.523748,1.400021,0.758364,0.548234,0.651527,0.725888,0.691186,0.319886,1.0,11.5,0.1,8.333333,29.0,0.888871,3.144444
ce363dd2-9129-4488-8402-d98eebda6f8a,6.0,0.6666666666666666,5.0,18567.0,3094.5,1660.2406340407406,35,1,2.0,3.0,7.0,2.0,1.0,0.8333333333333334,2.0,3.0,3.0,2.0,1.0,0.5,0.6666666666666666,3094.5,4868.5,0.26221252760273606,162.91722222222222,6.0,0.0,2.0,0.8333333333333334,30.0,0.0,73.33333333333333,6,18.0,2,2,2,2,2,58,59,89,0.2321,0.0,0.0992,0.0863,T3,False,none,0.371533,0.65068,0.873748,0.573748,0.403244,1.155653,0.84607,0.828424,0.627064,0.721032,0.431184,1.0,25.0,0.208333,10.666667,19.333333,0.79999,3.958333
4723def8-4fa9-4970-a301-2027cf2521cc,4.0,0.4444444444444444,4.0,12158.44,3039.61,1118.223866346389,75,0,1.0,4.0,10.0,1.0,1.0,1.0,3.0,1.3333333333333333,8.0,3.0,1.0,0.5,0.4444444444444444,3039.61,4666.09,0.3837737407101569,200.0572222222222,4.0,0.0,4.0,0.25,24.0,3.0,57.25,8,12.0,1,3,4,1,3,85,90,89,0.2523,0.0,0.1667,0.1056,T3,False,none,0.699006,1.227293,1.22018,1.349472,0.277908,0.588558,0.721838,0.664541,1.113397,0.903931,1.101728,2.0,6.0,0.05,8.333333,42.5,1.777707,3.461111
f2169c95-8849-43e4-ac22-bb93d9817a65,3.0,0.3333333333333333,3.0,9284.32,3094.773333333333,1734.4570074906246,76,1,1.0,3.0,5.0,1.0,1.0,1.0,2.0,1.5,2.0,2.0,1.0,0.6666666666666666,0.3333333333333333,3094.773333333333,4722.69,0.5086737639374773,141.37972222222223,8.0,0.3333333333333333,2.0,0.6666666666666666,20.0,0.0,55.0,5,9.0,1,2,2,1,2,40,40,134,0.1691,0.0224,0.2258,0.1728,T3,False,none,0.581114,0.620075,0.366415,0.405245,1.123263,0.51608,0.377594,0.488499,0.570532,0.53225,0.327161,1.5,13.333333,0.166667,7.333333,20.0,0.499993,3.0
48f34f1f-c547-4d6b-b05c-88bdb3a9eb0c,2.0,0.2222222222222222,2.0,7092.400000000001,3546.2000000000003,1970.5651778106708,74,0,1.0,2.0,11.0,1.0,1.0,1.0,2.0,1.0,7.0,2.0,1.0,0.5,0.2222222222222222,3546.2000000000003,4939.6,0.6964638204274999,118.33694444444444,16.0,0.0,1.0,1.0,20.0,0.0,107.0,4,6.0,1,2,1,1,2,38,38,96,0.2355,0.0,0.1833,0.0828,T3,False,none,0.63255,0.761698,1.190982,0.636167,0.215092,0.808593,0.882718,0.783003,0.712957,0.745645,0.368934,1.5,20.0,0.333333,7.0,19.0,0.22222,2.944444
5618fb39-6ebf-4230-bebe-5eb6f430337b,0.0,0.0,0.0,0.0,0.0,0.0,95,1,0.0,0.0,0.0,0.0,0.0,0.0,0.0,0.0,0.0,0.0,0.0,0.0,0.0,0.0,0.0,0.0,0.0,0.0,0.0,0.0,0.0,0.0,0.0,0.0,0,0.0,0,0,0,0,0,0,0,1,0.0,0.0,0.0,0.0,T3,False,none,2.767811,2.428211,2.297128,2.075966,2.409508,1.696641,1.781581,2.031003,2.265693,2.156171,0.0,0.0,0.0,0.0,0.333333,0.0,0.0,0.111111
86182bf9-d44a-4bbd-810e-b4b85ce40cb1,0.0,0.0,0.0,0.0,0.0,0.0,48,0,0.0,0.0,0.0,0.0,0.0,0.0,0.0,0.0,0.0,0.0,0.0,0.0,0.0,0.0,0.0,0.0,0.0,0.0,0.0,0.0,0.0,0.0,0.0,0.0,0,0.0,0,0,0,0,0,0,0,1,0.0,0.0,0.0,0.0,T3,False,none,2.767811,2.428211,2.297128,2.075966,2.409508,1.516082,1.781581,1.962219,2.265693,2.124072,0.0,0.0,0.0,0.0,0.0,0.0,0.0,0.0
cab3a3a4-6c7d-4902-abc4-6db67eff1f3e,6.0,0.6666666666666666,5.0,18352.3,3058.7166666666667,1365.7851251008215,31,1,4.0,1.5,12.0,4.0,1.0,0.5,1.0,6.0,10.0,1.0,1.0,1.0,0.6666666666666666,3058.7166666666667,4961.88,0.2703682917127554,126.95166666666667,3.0,0.16666666666666666,1.0,1.0,22.0,3.0,34.0,6,18.0,4,1,1,4,1,56,57,110,0.1928,0.0091,0.1832,0.0943,T3,False,none,1.754688,1.315873,0.874111,1.284676,0.231917,1.116322,0.763322,1.181046,1.031481,1.101278,0.456792,0.4,22.0,0.4,8.0,11.2,0.66666,2.933333
0fe73040-3321-4806-8fc8-d8e6057de199,5.0,0.5555555555555556,5.0,20359.559999999998,4071.9119999999994,1035.3109906786462,87,0,2.0,2.5,9.0,2.0,1.0,0.8,1.0,5.0,4.0,1.0,1.0,1.0,0.5555555555555556,4071.9119999999994,4949.45,0.24310201202776485,137.58694444444444,4.0,0.4,3.0,0.6,24.0,0.0,46.2,6,15.0,2,1,3,2,1,80,81,84,0.204,0.0,0.1092,0.124,T3,False,none,0.380436,0.817527,0.622631,0.868915,0.51107,1.190872,0.846107,0.844397,0.745118,0.791448,0.409955,0.666667,14.4,0.171429,8.333333,26.666667,0.92591,3.057143
6b776e01-0edb-4c27-becf-12fe9ca632ac,6.0,0.6666666666666666,4.0,18229.73,3038.2883333333334,1196.462575819514,48,0,1.0,6.0,7.0,1.0,1.0,1.0,2.0,3.0,8.0,2.0,1.0,0.8333333333333334,0.6666666666666666,3038.2883333333334,4172.98,0.22891068600577189,126.13722222222222,2.0,0.3333333333333333,2.0,0.8333333333333334,17.0,1.0,101.83333333333333,5,18.0,1,2,2,1,2,46,46,121,0.1789,0.0083,0.2434,0.1287,T3,False,none,0.78597,0.642123,0.776673,0.475634,0.804265,0.91532,0.684658,0.801475,0.634745,0.712552,0.421796,1.5,14.166667,0.119048,6.0,23.0,0.79999,2.539683
248592fc-dc85-41dc-bc8e-d56676bed5f8,2.0,0.2222222222222222,2.0,3740.0200000000004,1870.0100000000002,1721.8898650029855,45,0,2.0,1.0,5.0,2.0,1.0,0.5,1.0,2.0,3.0,1.0,1.0,1.0,0.2222222222222222,1870.0100000000002,3087.57,0.8255490612349666,83.16083333333333,3.0,0.0,2.0,0.5,30.0,0.0,50.5,5,6.0,2,1,2,2,1,57,57,89,0.2321,0.0,0.0992,0.0863,T3,False,none,0.771781,0.595173,0.713062,0.457706,0.403244,0.705416,0.67364,0.713785,0.536195,0.61907,0.226319,0.666667,15.0,0.25,10.333333,19.0,0.444436,3.75
b41dca2b-79b0-41cb-961c-5c1ef719ff93,4.0,0.4444444444444444,3.0,13379.83,3344.9575,1482.0471021838903,59,0,1.0,4.0,8.0,1.0,1.0,1.0,2.0,2.0,8.0,2.0,1.0,0.5,0.4444444444444444,3344.9575,4538.95,0.3392382414425295,40.283611111111114,6.0,0.0,3.0,0.5,28.0,0.0,87.0,6,12.0,1,2,3,1,2,79,81,134,0.1691,0.0224,0.2258,0.1728,T3,False,none,0.58014,0.722629,1.147506,0.76593,1.123263,0.549348,0.687891,0.604327,0.894155,0.758902,0.835016,1.5,14.0,0.1,9.666667,39.5,0.888871,3.755556
133bab54-8b40-4e67-9127-6eef7bea15b2,7.0,0.7777777777777778,5.0,11123.33,1589.047142857143,866.9152734786002,43,1,3.0,2.3333333333333335,10.0,3.0,1.0,0.7142857142857143,2.0,3.5,8.0,2.0,1.0,0.5714285714285714,0.7777777777777778,1589.047142857143,3316.09,0.2981202571532086,162.47277777777776,11.0,0.5714285714285714,1.0,1.0,20.0,3.0,63.0,6,21.0,3,2,1,3,2,52,52,108,0.1587,0.0,0.2348,0.071,T3,False,none,0.950453,0.799355,0.903395,0.966764,0.625422,1.026643,0.872061,0.953347,0.85482,0.900799,0.438517,0.75,20.0,0.3,7.333333,13.0,0.77777,2.794444
e0848dde-0dff-472a-a209-89bf3cba6964,4.0,0.4444444444444444,3.0,7683.16,1920.79,1088.5483265646346,102,0,3.0,1.3333333333333333,9.0,3.0,1.0,0.5,2.0,2.0,5.0,2.0,1.0,0.75,0.4444444444444444,1920.79,2678.06,0.34856231029940804,199.88305555555556,9.0,0.0,3.0,0.5,24.0,0.0,74.5,8,12.0,3,2,3,3,2,87,88,121,0.1789,0.0083,0.2434,0.1287,T3,False,none,1.140369,0.316745,0.899117,1.271113,0.804265,0.555913,0.674484,0.762424,0.877214,0.823645,0.663485,0.75,12.0,0.214286,8.333333,21.75,0.888871,3.099206
06dc59a3-ba12-48eb-92fe-c4ee21e9357e,4.0,0.4444444444444444,3.0,7860.42,1965.105,1961.7401267667099,98,0,2.0,2.0,8.0,2.0,1.0,0.75,2.0,2.0,7.0,2.0,1.0,0.75,0.4444444444444444,1965.105,3911.83,0.4976617025553342,156.975,0.0,0.25,4.0,0.25,19.0,0.0,58.5,8,12.0,2,2,4,2,2,88,90,198,0.0889,0.0,0.2489,0.1724,T3,False,none,0.389978,0.478819,1.138535,1.093899,1.848264,0.673042,0.432217,0.511892,1.075155,0.812299,0.904201,1.0,4.75,0.083333,6.666667,29.333333,1.777707,2.583333
8b008ce2-3985-46ba-a739-9843d8b9a52a,2.0,0.2222222222222222,1.0,4311.56,2155.78,2033.0451329963144,73,0,1.0,2.0,5.0,1.0,1.0,1.0,2.0,1.0,5.0,2.0,1.0,0.5,0.2222222222222222,2155.78,3593.36,0.8334245609477775,1.263611111111111,18.0,0.0,2.0,0.5,23.0,0.0,69.5,5,6.0,1,2,2,1,2,49,50,154,0.1225,0.0,0.2652,0.1509,T3,False,none,0.563133,0.599624,0.621422,0.370324,1.400021,0.849553,0.92564,0.793081,0.651578,0.717612,0.318324,1.5,11.5,0.166667,8.0,24.5,0.444436,3.222222
291ac2fc-e76c-42b7-aa05-ebd0a43059cb,1.0,0.1111111111111111,1.0,2832.43,2832.43,0.0,32,0,1.0,1.0,12.0,1.0,1.0,1.0,1.0,1.0,7.0,1.0,1.0,1.0,0.1111111111111111,2832.43,2832.43,1.0,0.0,21.0,0.0,1.0,1.0,17.0,3.0,63.0,3,3.0,1,1,1,1,1,33,33,67,0.2469,0.0,0.1605,0.1111,T3,False,none,0.79989,0.769371,1.011007,0.828273,0.434357,1.076952,1.260222,1.058882,0.785964,0.913326,0.321955,1.0,17.0,0.5,6.0,16.5,0.11111,2.5
eaaa11c2-b1a6-48d0-8e1a-5a585316fd5b,5.0,0.5555555555555556,4.0,13735.31,2747.062,918.019201525763,78,1,2.0,2.5,6.0,2.0,1.0,0.8,2.0,2.5,4.0,2.0,1.0,0.8,0.5555555555555556,2747.062,3849.74,0.2802805324379282,154.4325,0.0,0.2,3.0,0.6,23.0,2.0,33.4,7,15.0,2,2,3,2,2,63,63,89,0.2321,0.0,0.0992,0.0863,T3,False,none,0.370451,0.344201,0.593543,0.730184,0.403244,0.75181,0.625829,0.600857,0.550731,0.574123,0.426987,1.0,13.8,0.171429,8.333333,21.0,0.92591,3.168254
bd3564df-5d95-4390-9b91-61ca62958506,4.0,0.4444444444444444,4.0,7618.629999999999,1904.6574999999998,2003.1189697465134,80,0,1.0,4.0,5.0,1.0,1.0,1.0,1.0,4.0,3.0,1.0,1.0,1.0,0.4444444444444444,1904.6574999999998,4899.78,0.643131376638582,157.1236111111111,3.0,0.25,3.0,0.5,21.0,1.0,70.25,5,12.0,1,1,3,1,1,59,60,198,0.0889,0.0,0.2489,0.1724,T3,False,none,0.689021,0.778458,0.598931,0.538169,1.848264,0.681069,0.533505,0.634153,0.829249,0.738204,0.346543,1.0,10.5,0.1,7.333333,29.5,0.888871,2.811111
de9f65c8-defc-49c8-acbc-bfba1c4690ef,3.0,0.3333333333333333,3.0,9796.25,3265.4166666666665,2728.390801669243,108,1,1.0,3.0,7.0,1.0,1.0,1.0,2.0,1.5,3.0,2.0,1.0,0.6666666666666666,0.3333333333333333,3265.4166666666665,4869.54,0.49708204670154393,147.59472222222223,17.0,0.0,3.0,0.3333333333333333,29.0,0.0,53.0,6,9.0,1,2,3,1,2,79,80,89,0.2523,0.0,0.1667,0.1056,T3,False,none,0.462248,0.539038,1.020894,0.746249,0.277908,0.892976,0.759778,0.725512,0.673607,0.697829,0.593597,1.5,9.666667,0.083333,10.333333,39.5,0.99997,3.972222
daa86530-fbce-4ff6-b492-5deb1a603db6,6.0,0.6666666666666666,5.0,14377.630000000001,2396.271666666667,1601.6783419827673,81,0,1.0,6.0,3.0,1.0,1.0,1.0,3.0,2.0,6.0,3.0,1.0,0.6666666666666666,0.6666666666666666,2396.271666666667,4055.06,0.282039529463479,222.89555555555555,0.0,0.0,3.0,0.5,27.0,2.0,77.83333333333333,7,18.0,1,3,3,1,3,81,81,121,0.174,0.0,0.2013,0.1186,T3,False,none,1.023701,0.876633,0.934064,1.230731,0.581664,1.015602,0.904612,0.980919,0.972223,0.976281,0.89305,2.0,13.5,0.071429,9.333333,40.5,1.333307,3.801587
1498f600-acca-4916-8f2f-445eaeea718d,6.0,0.6666666666666666,5.0,18016.64,3002.773333333333,1621.3583639857868,107,1,2.0,3.0,8.0,2.0,1.0,0.8333333333333334,2.0,3.0,4.0,2.0,1.0,0.8333333333333334,0.6666666666666666,3002.773333333333,4666.17,0.2589922427267238,208.54194444444445,0.0,0.16666666666666666,2.0,0.8333333333333334,19.0,3.0,36.5,6,18.0,2,2,2,2,2,54,54,50,0.2482,0.04,0.0909,0.0909,T3,False,none,0.381518,0.425957,0.618174,0.530383,0.707334,1.308127,0.959763,0.92726,0.552058,0.727152,0.289728,1.0,15.833333,0.208333,7.0,18.0,0.79999,2.736111
7cb2802f-5584-427b-a14f-a1edf2f30cda,2.0,0.2222222222222222,2.0,3894.3,1947.15,2268.638970352048,97,1,2.0,1.0,8.0,2.0,1.0,0.5,2.0,1.0,5.0,2.0,1.0,0.5,0.2222222222222222,1947.15,3551.32,0.9119276891867601,39.74611111111111,1.0,0.0,2.0,0.5,29.0,0.0,52.0,6,6.0,2,2,2,2,2,62,62,89,0.2523,0.0,0.1667,0.1056,T3,False,none,0.6629,0.599624,0.68978,0.535974,0.277908,0.962488,0.795379,0.821188,0.540918,0.671711,0.449697,1.0,14.5,0.25,10.333333,20.666667,0.444436,3.861111
8bed994f-82f7-4dfa-9c4e-750748f86f14,6.0,0.6666666666666666,5.0,12877.36,2146.226666666667,1526.9853861208583,54,1,2.0,3.0,8.0,2.0,1.0,0.5,2.0,3.0,4.0,2.0,1.0,0.8333333333333334,0.6666666666666666,2146.226666666667,4017.88,0.3120111575664577,175.74944444444444,8.0,0.16666666666666666,4.0,0.5,18.0,1.0,67.5,8,18.0,2,2,4,2,2,85,85,108,0.1587,0.0,0.2348,0.071,T3,False,none,0.572974,0.425957,0.883327,1.168778,0.625422,0.847007,0.615085,0.691404,0.833044,0.766946,0.601758,1.0,9.0,0.125,6.666667,28.333333,1.333307,2.597222
d2a13f6c-56f5-44b6-ad74-fc18e1a8da95,7.0,0.7777777777777778,5.0,25382.3,3626.042857142857,1745.9204011801746,61,1,2.0,3.5,5.0,2.0,1.0,0.8571428571428571,1.0,7.0,4.0,1.0,1.0,1.0,0.7777777777777778,3626.042857142857,4991.57,0.1966555434298704,205.36694444444444,18.0,0.0,2.0,0.8571428571428571,23.0,0.0,33.42857142857143,5,21.0,2,1,2,2,1,50,50,84,0.204,0.0,0.1092,0.124,T3,False,none,0.560069,1.057738,0.554409,0.535153,0.51107,1.460407,1.367946,1.172347,0.665797,0.902187,0.194314,0.666667,19.714286,0.190476,8.333333,16.666667,0.907397,3.063492
25ddf94c-9e7a-40c4-88e2-84a453a3162b,4.0,0.4444444444444444,4.0,8530.25,2132.5625,2082.9919064873166,102,0,1.0,4.0,12.0,1.0,1.0,1.0,1.0,4.0,5.0,1.0,1.0,1.0,0.4444444444444444,2132.5625,4812.55,0.5641745552592246,160.21777777777777,2.0,0.25,2.0,0.75,20.0,2.0,29.0,4,12.0,1,1,2,1,1,52,52,154,0.1225,0.0,0.2652,0.1509,T3,False,none,0.817871,0.670476,0.401496,0.413445,1.400021,0.770556,0.476268,0.685979,0.639643,0.661266,0.213917,1.0,15.0,0.15,7.0,26.0,0.592585,2.716667
cccb6a12-fde6-47df-8025-e9341bf0a92d,5.0,0.5555555555555556,4.0,11288.55,2257.71,1618.3325703173623,44,1,3.0,1.6666666666666667,7.0,3.0,1.0,0.6,3.0,1.6666666666666667,5.0,3.0,1.0,0.6,0.5555555555555556,2257.71,4700.89,0.41642992235495263,180.07722222222222,4.0,0.2,3.0,0.6,23.0,2.0,63.8,9,15.0,3,3,3,3,3,75,78,50,0.2482,0.04,0.0909,0.0909,T3,False,none,0.968976,0.879037,0.599091,1.563249,0.707334,0.652239,0.57264,0.716202,1.048677,0.893522,0.832588,1.0,13.8,0.225,8.333333,18.75,0.92591,3.186111
5d82a79d-a43e-47f1-950b-7b606465745d,3.0,0.3333333333333333,3.0,8958.85,2986.2833333333333,1261.1260071195634,100,1,3.0,1.0,6.0,3.0,1.0,0.3333333333333333,2.0,1.5,7.0,2.0,1.0,0.6666666666666666,0.3333333333333333,2986.2833333333333,4432.2,0.49472867611356364,134.235,9.0,0.3333333333333333,3.0,0.3333333333333333,19.0,1.0,44.333333333333336,8,9.0,3,2,3,3,2,65,65,110,0.1791,0.0,0.2044,0.1366,T3,False,none,1.276363,0.59313,0.642097,1.039176,0.622351,0.540663,0.347,0.686309,0.775469,0.733861,0.63919,0.75,6.333333,0.166667,7.0,16.25,0.99997,2.638889
0083e8b7-20cc-4da2-8c32-44e2543b775e,4.0,0.4444444444444444,3.0,10846.04,2711.51,1914.265520053753,56,1,2.0,2.0,10.0,2.0,1.0,0.75,3.0,1.3333333333333333,5.0,2.0,0.6666666666666666,0.5,0.4444444444444444,2711.51,4709.98,0.4342580333467329,78.95666666666666,3.0,0.0,4.0,0.25,26.0,0.0,86.0,9,12.0,2,3,4,2,2,102,108,96,0.2355,0.0,0.1833,0.0828,T3,False,none,0.508844,0.891602,1.451524,1.449513,0.215092,0.462152,0.555228,0.506518,1.104717,0.825557,0.92432,0.888889,6.5,0.055556,9.222222,34.0,1.777707,3.388889
562a198a-5384-46ed-8fef-97f11a816c8f,4.0,0.4444444444444444,4.0,6514.44,1628.61,747.9076892683125,40,0,1.0,4.0,5.0,1.0,1.0,1.0,1.0,4.0,6.0,1.0,1.0,1.0,0.4444444444444444,1628.61,2485.23,0.3814955698417669,196.795,0.0,0.0,2.0,0.75,17.0,1.0,74.25,4,12.0,1,1,2,1,1,38,38,198,0.0889,0.0,0.2489,0.1724,T3,False,none,0.689021,0.751513,0.483752,0.52663,1.848264,0.579088,0.820002,0.690802,0.79419,0.745943,0.301972,1.0,12.75,0.15,6.0,19.0,0.592585,2.383333
4f8af0f9-5068-43b3-8d51-f6da737811fc,3.0,0.3333333333333333,1.0,10001.16,3333.72,2172.341125237931,66,0,1.0,3.0,5.0,1.0,1.0,1.0,1.0,3.0,4.0,1.0,1.0,1.0,0.3333333333333333,3333.72,4721.5,0.47209523695251354,13.27138888888889,6.0,0.0,2.0,0.6666666666666666,21.0,2.0,46.666666666666664,4,9.0,1,1,2,1,1,40,42,89,0.2321,0.0,0.0992,0.0863,T3,False,none,0.581114,0.577315,0.18687,0.48288,0.403244,0.739139,0.666152,0.66966,0.431547,0.542666,0.059757,1.0,14.0,0.166667,7.333333,20.0,0.499993,2.833333
fc24e705-3e9d-4930-add6-349821825d41,2.0,0.2222222222222222,2.0,7811.15,3905.575,1203.5028126473155,32,0,2.0,1.0,8.0,2.0,1.0,0.5,2.0,1.0,5.0,2.0,1.0,0.5,0.2222222222222222,3905.575,4756.58,0.6089474661221459,69.2936111111111,8.0,0.5,2.0,0.5,23.0,0.0,79.5,6,6.0,2,2,2,2,2,59,59,84,0.204,0.0,0.1092,0.124,T3,False,none,0.6629,0.599624,0.705347,0.50703,0.51107,0.712299,0.708329,0.696862,0.572168,0.630358,0.337908,1.0,11.5,0.25,8.0,19.666667,0.444436,3.083333
96125dee-3f24-47df-9dd2-ed53c9b7f396,4.0,0.4444444444444444,4.0,12160.689999999999,3040.1724999999997,1288.389140086048,53,1,2.0,2.0,10.0,2.0,1.0,0.75,1.0,4.0,3.0,1.0,1.0,1.0,0.4444444444444444,3040.1724999999997,4263.19,0.3505713902747295,158.49694444444444,10.0,0.25,2.0,0.5,21.0,0.0,89.0,5,12.0,2,1,2,2,1,58,58,96,0.2355,0.0,0.1833,0.0828,T3,False,none,0.508844,0.778458,0.738748,0.425577,0.215092,0.50125,0.500546,0.503185,0.54396,0.524932,0.092605,0.666667,10.5,0.166667,7.666667,19.333333,0.888871,2.833333
23212c61-be1b-433c-982c-2665f01ef786,6.0,0.6666666666666666,5.0,16300.77,2716.795,884.5999655154865,58,1,2.0,3.0,5.0,2.0,1.0,0.8333333333333334,2.0,3.0,3.0,2.0,1.0,0.6666666666666666,0.6666666666666666,2716.795,3956.57,0.24272288977759945,218.61555555555555,2.0,0.0,3.0,0.6666666666666666,29.0,0.0,83.16666666666667,7,18.0,2,2,3,2,2,79,82,154,0.1225,0.0,0.2652,0.1509,T3,False,none,0.490399,0.542164,1.028346,0.955555,1.400021,0.917639,0.905389,0.791487,0.94145,0.871467,0.701501,1.0,19.333333,0.166667,10.333333,26.333333,0.999985,3.833333
86c4e6cc-d982-4d53-83ae-4cabf732d600,4.0,0.4444444444444444,3.0,3076.2799999999997,769.0699999999999,713.4339596159783,48,1,2.0,2.0,5.0,2.0,1.0,0.5,1.0,4.0,6.0,1.0,1.0,1.0,0.4444444444444444,769.0699999999999,1806.96,0.5873847634155539,72.01305555555555,19.0,0.5,3.0,0.5,25.0,2.0,59.0,6,12.0,2,1,3,2,1,74,74,121,0.1789,0.0083,0.2434,0.1287,T3,False,none,0.663874,0.751513,0.704265,0.74957,0.804265,0.637859,0.965177,0.754398,0.749733,0.75191,0.472104,0.666667,12.5,0.166667,9.0,24.666667,0.888871,3.277778
e7ed7003-482d-49f6-8fed-353a82d31e81,2.0,0.2222222222222222,2.0,4905.4,2452.7,30.67429216787203,52,1,1.0,2.0,12.0,1.0,1.0,1.0,2.0,1.0,7.0,2.0,1.0,0.5,0.2222222222222222,2452.7,2474.39,0.5044216577649121,19.91722222222222,2.0,0.5,2.0,0.5,25.0,1.0,90.5,5,6.0,1,2,2,1,2,61,61,43,0.4131,0.0,0.082,0.0328,T3,False,none,0.691983,0.761698,0.687085,0.454872,1.59323,0.649809,0.625969,0.653912,0.769683,0.715656,0.541903,1.5,12.5,0.166667,9.0,30.5,0.444436,3.555556
585cb4af-a517-4b11-9d46-bfde2cafe0cb,7.0,0.7777777777777778,5.0,19319.85,2759.9785714285713,2293.0399696576633,104,0,3.0,2.3333333333333335,9.0,3.0,1.0,0.7142857142857143,2.0,3.5,7.0,2.0,1.0,0.7142857142857143,0.7777777777777778,2759.9785714285713,4784.63,0.247653579090935,125.62805555555556,8.0,0.42857142857142855,1.0,1.0,19.0,2.0,42.0,6,21.0,3,2,1,3,2,44,44,154,0.1225,0.0,0.2652,0.1509,T3,False,none,0.89102,0.625305,0.685936,1.022061,1.400021,1.544379,0.735427,1.088055,0.915839,0.996206,0.526484,0.75,19.0,0.3,6.666667,11.0,0.77777,2.572222
6ace8370-58a9-41fc-a758-f08cb1471bf3,3.0,0.3333333333333333,3.0,5072.26,1690.7533333333333,582.0875357137733,30,1,2.0,1.5,11.0,2.0,1.0,0.6666666666666666,2.0,1.5,5.0,2.0,1.0,0.6666666666666666,0.3333333333333333,1690.7533333333333,2303.6,0.454156529830884,171.59972222222223,1.0,0.3333333333333333,2.0,0.6666666666666666,20.0,3.0,102.33333333333333,6,9.0,2,2,2,2,2,56,56,95,0.2056,0.0211,0.1855,0.0916,T3,False,none,0.677235,0.431056,0.845337,0.421401,0.105784,0.561331,0.582834,0.601614,0.459532,0.525837,0.22451,1.0,13.333333,0.266667,7.333333,18.666667,0.499993,2.866667
c32afa94-cf4d-4a6f-bb61-946896784234,4.0,0.4444444444444444,4.0,12754.039999999999,3188.5099999999998,982.9912868043812,88,0,1.0,4.0,9.0,1.0,1.0,1.0,1.0,4.0,5.0,1.0,1.0,1.0,0.4444444444444444,3188.5099999999998,4571.95,0.35847072770667177,162.51611111111112,2.0,0.0,3.0,0.5,25.0,2.0,43.5,5,12.0,1,1,3,1,1,82,83,121,0.1789,0.0083,0.2434,0.1287,T3,False,none,0.639573,0.670476,0.654237,0.760073,0.804265,0.707337,0.718958,0.69185,0.72299,0.708458,0.411861,1.0,12.5,0.1,8.666667,41.0,0.888871,3.255556
795abb6b-284a-4b39-aa00-dd9d841fef12,3.0,0.3333333333333333,3.0,10299.52,3433.1733333333336,1508.152872103267,52,1,2.0,1.5,12.0,2.0,1.0,0.6666666666666666,1.0,3.0,3.0,1.0,1.0,1.0,0.3333333333333333,3433.1733333333336,4875.5,0.4733715745976511,169.7722222222222,13.0,0.0,2.0,0.6666666666666666,23.0,2.0,54.0,5,9.0,2,1,2,2,1,58,59,154,0.1225,0.0,0.2652,0.1509,T3,False,none,0.736668,0.658352,0.267839,0.415442,1.400021,0.433903,0.749413,0.625578,0.609515,0.617011,0.22904,0.666667,15.333333,0.266667,8.333333,19.333333,0.499993,3.088889
2dacfe01-1475-4ca5-a845-238e65c8c976,1.0,0.1111111111111111,1.0,3446.26,3446.26,0.0,47,1,1.0,1.0,11.0,1.0,1.0,1.0,1.0,1.0,3.0,1.0,1.0,1.0,0.1111111111111111,3446.26,3446.26,1.0,0.0,23.0,1.0,1.0,1.0,17.0,1.0,73.0,3,3.0,1,1,1,1,1,28,28,89,0.2523,0.0,0.1667,0.1056,T3,False,none,0.740457,0.715278,0.830932,0.876513,0.277908,1.051553,1.537108,1.12452,0.726941,0.912478,0.211323,1.0,17.0,0.5,6.333333,14.0,0.11111,2.611111
a5ae60db-72f4-469a-a017-e31d7e9fdeed,1.0,0.1111111111111111,1.0,368.55,368.55,0.0,83,1,1.0,1.0,7.0,1.0,1.0,1.0,1.0,1.0,4.0,1.0,1.0,1.0,0.1111111111111111,368.55,368.55,1.0,0.0,3.0,0.0,1.0,1.0,21.0,0.0,49.0,3,3.0,1,1,1,1,1,29,29,40,0.459,0.0,0.0615,0.0469,T3,False,none,0.552174,0.634241,0.66835,0.866865,1.728531,1.366577,1.521128,1.185407,0.910963,1.039037,0.376378,1.0,21.0,0.5,7.666667,14.5,0.11111,3.055556
19ec9c4e-ae17-4911-be4f-a28f41cb1506,2.0,0.2222222222222222,2.0,4241.19,2120.595,1891.687416369311,86,1,2.0,1.0,11.0,2.0,1.0,0.5,2.0,1.0,6.0,2.0,1.0,0.5,0.2222222222222222,2120.595,3458.22,0.8153890771222227,21.63111111111111,19.0,0.0,2.0,0.5,25.0,0.0,68.5,6,6.0,2,2,2,2,2,66,67,110,0.1791,0.0,0.2044,0.1366,T3,False,none,0.841199,0.680661,0.684771,0.579339,0.622351,0.808427,0.905702,0.850215,0.633803,0.734795,0.471651,1.0,12.5,0.25,9.0,22.0,0.444436,3.416667
3d526f32-4385-4bed-9e03-e8efa2d09918,4.0,0.4444444444444444,3.0,13083.32,3270.83,1273.9564709204158,56,0,2.0,2.0,10.0,2.0,1.0,0.75,2.0,2.0,5.0,2.0,1.0,0.75,0.4444444444444444,3270.83,4393.98,0.3358459473589272,157.23888888888888,3.0,0.25,3.0,0.5,22.0,2.0,77.75,7,12.0,2,2,3,2,2,66,69,198,0.0889,0.0,0.2489,0.1724,T3,False,none,0.508844,0.316745,0.75401,0.716762,1.848264,0.480983,0.568536,0.518127,0.813102,0.675447,0.599769,1.0,11.0,0.166667,7.666667,22.0,0.888871,2.944444
0757a8a6-7265-46b4-8043-28cece653508,8.0,0.8888888888888888,5.0,17543.96,2192.995,1194.6497076908,30,1,3.0,2.6666666666666665,11.0,3.0,1.0,0.5,2.0,4.0,3.0,2.0,1.0,0.875,0.8888888888888888,2192.995,3755.99,0.2140902054040251,170.10194444444446,0.0,0.0,4.0,0.5,21.0,1.0,74.75,9,24.0,3,2,4,3,2,88,92,110,0.1791,0.0,0.2044,0.1366,T3,False,none,1.169308,0.654228,0.836559,1.691473,0.622351,1.272277,0.980499,1.145598,1.075868,1.108408,0.766579,0.75,10.5,0.136364,7.666667,22.0,1.777742,2.85101
7d9b07a6-8fd2-4bc8-aa0d-2fef532e1bc6,3.0,0.3333333333333333,3.0,3434.69,1144.8966666666668,438.69220694392703,88,0,1.0,3.0,7.0,1.0,1.0,1.0,1.0,3.0,4.0,1.0,1.0,1.0,0.3333333333333333,1144.8966666666668,1646.22,0.4792921631937671,138.25277777777777,14.0,0.0,3.0,0.3333333333333333,24.0,0.0,75.33333333333333,5,9.0,1,1,3,1,1,66,67,108,0.1587,0.0,0.2348,0.071,T3,False,none,0.462248,0.577315,1.028971,0.590797,0.625422,0.756342,0.79974,0.686781,0.684484,0.685556,0.230281,1.0,8.0,0.083333,8.333333,33.0,0.99997,3.138889
c638f1c6-a97e-4b65-876c-335e0a304b69,1.0,0.1111111111111111,1.0,4478.36,4478.36,0.0,96,1,1.0,1.0,7.0,1.0,1.0,1.0,1.0,1.0,2.0,1.0,1.0,1.0,0.1111111111111111,4478.36,4478.36,1.0,0.0,1.0,0.0,1.0,1.0,14.0,1.0,81.0,3,3.0,1,1,1,1,1,20,20,198,0.0889,0.0,0.2489,0.1724,T3,False,none,0.552174,0.796315,1.005684,0.953697,1.848264,1.346115,1.329865,1.113858,1.074277,1.092748,0.320767,1.0,14.0,0.5,5.333333,10.0,0.11111,2.277778
46d7203f-7352-4c3a-8494-4745d2e6f8eb,4.0,0.4444444444444444,3.0,10843.97,2710.9925,1585.7101206373336,41,0,2.0,2.0,5.0,2.0,1.0,0.75,3.0,1.3333333333333333,4.0,3.0,1.0,0.5,0.4444444444444444,2710.9925,4012.29,0.3700019457818493,195.90527777777777,6.0,0.0,2.0,0.75,17.0,0.0,45.0,7,12.0,2,3,2,2,3,48,48,134,0.1691,0.0224,0.2258,0.1728,T3,False,none,0.498859,1.011127,0.475471,0.756104,1.123263,0.469782,0.556619,0.507036,0.822588,0.67533,0.675559,1.333333,12.75,0.25,6.0,16.0,0.592585,2.527778
cef7d787-c80e-4317-b0cb-ce56ea5cf0e0,3.0,0.3333333333333333,3.0,6083.35,2027.7833333333335,1115.3267240738626,80,1,1.0,3.0,4.0,1.0,1.0,1.0,2.0,1.5,5.0,2.0,1.0,0.6666666666666666,0.3333333333333333,2027.7833333333335,2754.84,0.4528491702762458,128.4438888888889,6.0,0.3333333333333333,3.0,0.3333333333333333,22.0,0.0,60.0,6,9.0,1,2,3,1,2,69,70,67,0.2687,0.0,0.1443,0.07,T3,False,none,0.640547,0.431056,0.828546,0.649769,0.56421,0.42118,0.285331,0.438573,0.618076,0.534308,0.436566,1.5,7.333333,0.083333,8.0,34.5,0.99997,3.194444
84a657dd-c494-4ace-9ba6-795ab0ebcab6,1.0,0.1111111111111111,1.0,2969.65,2969.65,0.0,84,0,1.0,1.0,7.0,1.0,1.0,1.0,1.0,1.0,5.0,1.0,1.0,1.0,0.1111111111111111,2969.65,2969.65,1.0,0.0,14.0,0.0,1.0,1.0,19.0,1.0,67.0,3,3.0,1,1,1,1,1,28,28,198,0.0889,0.0,0.2489,0.1724,T3,False,none,0.552174,0.607297,0.708835,0.876513,1.848264,1.135756,1.103581,0.958293,0.936235,0.946529,0.335519,1.0,19.0,0.5,6.666667,14.0,0.11111,2.722222
cd4acef0-b458-4024-937e-4e7f54633f15,7.0,0.7777777777777778,5.0,19447.77,2778.252857142857,1330.8324824924973,55,1,2.0,3.5,7.0,2.0,1.0,0.8571428571428571,2.0,3.5,6.0,2.0,1.0,0.5714285714285714,0.7777777777777778,2778.252857142857,4764.83,0.24500649688884638,201.3361111111111,5.0,0.5714285714285714,5.0,0.42857142857142855,27.0,2.0,73.0,9,21.0,2,2,5,2,2,117,118,110,0.1928,0.0091,0.1832,0.0943,T3,False,none,0.441203,0.637281,1.345879,1.708625,0.231917,1.11255,0.971555,0.873738,1.119099,1.004597,1.026711,1.0,11.571429,0.095238,9.666667,39.0,1.814772,3.587302
d547e632-30b6-46e0-8abb-0fe347390cd3,5.0,0.5555555555555556,5.0,9980.24,1996.048,1065.090327516873,100,1,2.0,2.5,6.0,2.0,1.0,0.6,1.0,5.0,2.0,1.0,1.0,1.0,0.5555555555555556,1996.048,2972.71,0.2978595705113304,116.54777777777778,1.0,0.2,3.0,0.6,23.0,1.0,66.8,6,15.0,2,1,3,2,1,64,66,89,0.2321,0.0,0.0992,0.0863,T3,False,none,0.502462,0.979601,0.542588,0.71932,0.403244,0.848378,0.554403,0.651553,0.694892,0.674667,0.2789,0.666667,13.8,0.171429,8.333333,21.333333,0.92591,3.057143
58542ca8-dcee-42e1-b3be-63c84dd331d9,5.0,0.5555555555555556,3.0,14647.57,2929.514,1286.0224621405334,32,0,2.0,2.5,12.0,2.0,1.0,0.8,3.0,1.6666666666666667,4.0,3.0,1.0,0.6,0.5555555555555556,2929.514,4372.11,0.2984870528012496,48.8275,0.0,0.8,3.0,0.6,23.0,0.0,59.2,8,15.0,2,3,3,2,3,74,74,89,0.2321,0.0,0.0992,0.0863,T3,False,none,0.558734,0.905982,0.661126,1.177993,0.403244,0.708577,0.939319,0.742679,0.873185,0.812282,0.750419,1.333333,13.8,0.171429,8.0,24.666667,0.92591,3.168254
b73ca5e7-e684-4aa9-84b0-f7277c885b08,3.0,0.3333333333333333,3.0,4722.65,1574.2166666666665,1802.6435942896014,50,0,1.0,3.0,9.0,1.0,1.0,1.0,2.0,1.5,4.0,2.0,1.0,0.6666666666666666,0.3333333333333333,1574.2166666666665,3637.02,0.7701227065312908,197.74027777777778,4.0,0.3333333333333333,2.0,0.6666666666666666,25.0,0.0,69.33333333333333,5,9.0,1,2,2,1,2,57,57,95,0.2056,0.0211,0.1855,0.0916,T3,False,none,0.531665,0.458001,0.568905,0.359595,0.105784,0.51795,0.558534,0.535397,0.385501,0.455452,0.22524,1.5,16.666667,0.166667,8.666667,28.5,0.499993,3.444444
cc831b83-a2a1-45db-bd0d-3f8d477566c2,5.0,0.5555555555555556,4.0,9889.08,1977.816,1738.0363589206065,81,0,2.0,2.5,10.0,2.0,1.0,0.8,2.0,2.5,5.0,2.0,1.0,0.6,0.5555555555555556,1977.816,4466.58,0.4516679003506898,184.94722222222222,3.0,0.2,2.0,0.8,29.0,3.0,33.4,6,15.0,2,2,2,2,2,70,70,154,0.1225,0.0,0.2652,0.1509,T3,False,none,0.439868,0.417536,0.809429,0.628066,1.400021,0.77688,0.600167,0.621687,0.741877,0.685788,0.579192,1.0,23.2,0.228571,10.0,23.333333,0.694436,3.742857
bd257811-7175-4a30-87bd-559ccfd64ad7,3.0,0.3333333333333333,3.0,6451.49,2150.4966666666664,1148.224615192225,75,0,1.0,3.0,9.0,1.0,1.0,1.0,2.0,1.5,7.0,2.0,1.0,0.6666666666666666,0.3333333333333333,2150.4966666666664,3279.83,0.5083833347025261,131.9125,3.0,0.0,2.0,0.6666666666666666,25.0,3.0,95.0,5,9.0,1,2,2,1,2,52,53,121,0.174,0.0,0.2013,0.1186,T3,False,none,0.531665,0.59313,0.86599,0.316128,0.581664,0.384558,0.370725,0.421978,0.544189,0.487157,0.370619,1.5,16.666667,0.166667,8.666667,26.0,0.499993,3.444444
e99d9915-db0f-4f6d-8cd5-5e313129393e,2.0,0.2222222222222222,2.0,3587.2,1793.6,276.5070357151875,74,1,1.0,2.0,3.0,1.0,1.0,1.0,2.0,1.0,3.0,2.0,1.0,0.5,0.2222222222222222,1793.6,1989.12,0.5545049063336307,109.01472222222222,3.0,0.5,2.0,0.5,23.0,0.0,78.0,5,6.0,1,2,2,1,2,47,47,43,0.4131,0.0,0.082,0.0328,T3,False,none,0.681998,0.707606,0.692758,0.394393,1.59323,0.805873,0.567821,0.69113,0.734662,0.714347,0.36459,1.5,11.5,0.166667,8.333333,23.5,0.444436,3.333333
aa98606d-5085-4bf9-afca-32c399cc4c5f,2.0,0.2222222222222222,2.0,6913.01,3456.505,1974.9138845149673,95,1,2.0,1.0,12.0,2.0,1.0,0.5,1.0,2.0,7.0,1.0,1.0,1.0,0.2222222222222222,3456.505,4852.98,0.7020067958819673,95.23777777777778,20.0,0.0,2.0,0.5,24.0,2.0,52.0,5,6.0,2,1,2,2,1,58,61,67,0.2469,0.0,0.1605,0.1111,T3,False,none,0.900632,0.649265,0.409785,0.481673,0.434357,0.906032,0.965894,0.924443,0.500708,0.698451,0.296035,0.666667,12.0,0.25,8.666667,19.333333,0.444436,3.194444
ce5299ab-8d08-4ae9-aba9-9c4299e0c7ef,3.0,0.3333333333333333,2.0,9340.95,3113.65,527.3336477980517,44,1,1.0,3.0,8.0,1.0,1.0,1.0,2.0,1.5,5.0,2.0,1.0,0.6666666666666666,0.3333333333333333,3113.65,3709.7,0.39714375946772007,107.85888888888888,0.0,0.3333333333333333,1.0,1.0,18.0,1.0,51.0,4,9.0,1,2,1,1,2,31,31,154,0.1225,0.0,0.2652,0.1509,T3,False,none,0.472232,0.431056,0.610427,0.647018,1.400021,0.504415,0.401778,0.461007,0.710905,0.594286,0.390131,1.5,18.0,0.25,6.666667,15.5,0.33333,2.805556
361f8535-6277-4316-8818-24b84286517f,7.0,0.7777777777777778,7.0,19058.83,2722.69,1332.0514231189925,35,0,2.0,3.5,10.0,2.0,1.0,0.8571428571428571,4.0,1.75,9.0,3.0,0.75,0.5714285714285714,0.7777777777777778,2722.69,4793.53,0.2515122911532344,184.2238888888889,0.0,0.2857142857142857,1.0,1.0,21.0,0.0,21.0,7,21.0,2,4,1,2,3,48,48,108,0.1587,0.0,0.2348,0.071,T3,False,none,0.570053,1.487963,0.891076,1.165311,0.625422,1.36643,0.90511,0.98512,1.09886,1.045782,0.844701,1.25,21.0,0.166667,7.25,16.0,0.77777,2.888889
38c4e514-74d8-418a-8642-be3f8f7108ab,4.0,0.4444444444444444,3.0,5768.849999999999,1442.2124999999999,773.548963904893,48,0,2.0,2.0,10.0,2.0,1.0,0.75,1.0,4.0,6.0,1.0,1.0,1.0,0.4444444444444444,1442.2124999999999,2462.0,0.42677483380569786,177.30444444444444,0.0,0.0,4.0,0.25,28.0,0.0,75.75,7,12.0,2,1,4,2,1,100,104,134,0.1691,0.0224,0.2258,0.1728,T3,False,none,0.508844,0.751513,1.437244,1.189163,1.123263,0.488887,0.78544,0.59344,1.120451,0.874512,0.865067,0.666667,7.0,0.083333,9.666667,33.333333,1.777707,3.472222
f4108490-b034-4296-81fd-ec30ba816350,6.0,0.6666666666666666,6.0,13675.98,2279.33,861.087953951279,102,1,4.0,1.5,9.0,4.0,1.0,0.5,4.0,1.5,7.0,4.0,1.0,0.5,0.6666666666666666,2279.33,3772.37,0.27583909891649444,196.26055555555556,8.0,0.3333333333333333,3.0,0.5,25.0,1.0,85.0,11,18.0,4,4,3,4,4,101,105,134,0.1691,0.0224,0.2258,0.1728,T3,False,none,1.576389,1.550831,0.840789,2.578525,1.123263,1.155622,0.59579,1.089231,1.71703,1.424057,1.532648,1.0,12.5,0.2,9.0,20.2,1.333307,3.4
d1515df0-919a-4248-a895-8b0344b1e812,2.0,0.2222222222222222,2.0,5061.1900000000005,2530.5950000000003,2520.135639216667,50,1,1.0,2.0,6.0,1.0,1.0,1.0,1.0,2.0,2.0,1.0,1.0,1.0,0.2222222222222222,2530.5950000000003,4312.6,0.8520920969179185,112.24777777777778,1.0,0.5,2.0,0.5,23.0,2.0,49.5,4,6.0,1,1,2,1,1,45,45,198,0.0889,0.0,0.2489,0.1724,T3,False,none,0.5037,0.67621,0.352933,0.500871,1.848264,0.727917,0.631958,0.631868,0.738451,0.688712,0.24896,1.0,11.5,0.166667,8.333333,22.5,0.444436,3.166667
083a1fa9-56d6-4cba-a1ca-0d68a78d81b3,2.0,0.2222222222222222,2.0,4515.93,2257.965,210.35719633518633,78,0,2.0,1.0,12.0,2.0,1.0,0.5,2.0,1.0,3.0,2.0,1.0,0.5,0.2222222222222222,2257.965,2406.71,0.5329378444750029,103.95861111111111,4.0,0.0,2.0,0.5,22.0,3.0,70.5,6,6.0,2,2,2,2,2,63,63,67,0.2687,0.0,0.1443,0.07,T3,False,none,0.900632,0.707606,0.675623,0.545622,0.56421,0.767196,0.464558,0.704441,0.6163,0.657432,0.307035,1.0,11.0,0.25,7.666667,21.0,0.444436,2.972222
2eb53e36-3191-453a-91c6-022843e4d977,6.0,0.6666666666666666,4.0,7629.86,1271.6433333333332,1422.813452771187,58,0,1.0,6.0,7.0,1.0,1.0,1.0,3.0,2.0,6.0,3.0,1.0,0.5,0.6666666666666666,1271.6433333333332,4051.04,0.5309455219361824,182.20472222222222,5.0,0.3333333333333333,5.0,0.3333333333333333,28.0,0.0,71.66666666666667,9,18.0,1,3,5,1,3,119,122,134,0.1691,0.0224,0.2258,0.1728,T3,False,none,0.78597,0.985148,1.541407,1.950981,1.123263,0.797047,0.624598,0.736399,1.486242,1.136315,1.46333,2.0,9.333333,0.047619,9.666667,59.5,1.99994,3.904762
11aa0949-6f69-46b4-a2bc-aab8959528a8,3.0,0.3333333333333333,2.0,9387.8,3129.2666666666664,1712.2361474496834,95,1,1.0,3.0,11.0,1.0,1.0,1.0,2.0,1.5,4.0,2.0,1.0,0.6666666666666666,0.3333333333333333,3129.2666666666664,4969.21,0.529326359743497,75.47666666666667,9.0,0.3333333333333333,2.0,0.6666666666666666,28.0,2.0,108.0,5,9.0,1,2,2,1,2,56,57,134,0.1691,0.0224,0.2258,0.1728,T3,False,none,0.650531,0.458001,0.900384,0.35472,1.123263,0.682046,0.432266,0.589782,0.622311,0.607131,0.457124,1.5,18.666667,0.166667,10.0,28.0,0.499993,3.888889
a7c80a30-fdb3-4112-adeb-8b6472b32abe,2.0,0.2222222222222222,2.0,3199.0699999999997,1599.5349999999999,2225.201400783758,90,1,2.0,1.0,12.0,2.0,1.0,0.5,1.0,2.0,3.0,1.0,1.0,1.0,0.2222222222222222,1599.5349999999999,3172.99,0.9918476307176773,20.350555555555555,0.0,1.0,1.0,1.0,28.0,3.0,108.0,4,6.0,2,1,1,2,1,45,45,30,0.8828,0.0333,0.0244,0.0217,T3,False,none,0.900632,0.595173,1.470865,0.610057,3.2248,0.977303,1.199219,1.029369,1.221461,1.131818,0.891877,0.666667,28.0,0.5,10.0,15.0,0.22222,3.722222
893fca4e-238b-4709-940d-4b3321eb470a,2.0,0.2222222222222222,2.0,7039.77,3519.885,2017.3261492505374,38,1,2.0,1.0,3.0,2.0,1.0,0.5,1.0,2.0,2.0,1.0,1.0,1.0,0.2222222222222222,3519.885,4946.35,0.7026294893157021,138.89277777777778,5.0,0.0,1.0,1.0,24.0,2.0,38.0,4,6.0,2,1,1,2,1,28,28,121,0.1789,0.0083,0.2434,0.1287,T3,False,none,0.890647,0.67621,0.729962,0.774073,0.804265,0.782984,0.754219,0.804156,0.745449,0.772846,0.26329,0.666667,24.0,0.5,8.666667,9.333333,0.22222,3.277778
4e9bb511-075c-49c4-9a6b-9520e17f57a0,2.0,0.2222222222222222,2.0,1891.81,945.905,161.36883853458204,58,1,1.0,2.0,5.0,1.0,1.0,1.0,2.0,1.0,7.0,1.0,0.5,0.5,0.2222222222222222,945.905,1060.01,0.5603152536459792,138.95361111111112,18.0,0.0,2.0,0.5,21.0,1.0,68.0,5,6.0,1,2,2,1,1,48,48,129,0.1169,0.0,0.1879,0.1099,T3,False,none,0.563133,0.997225,0.380186,0.388812,0.675501,0.886165,1.055715,0.850387,0.5869,0.70986,0.201004,0.75,10.5,0.083333,7.5,24.0,0.444436,2.777778
486bc056-e403-49ff-b64e-cec8e9a6a732,6.0,0.6666666666666666,5.0,22475.72,3745.9533333333334,881.6423040591159,56,1,2.0,3.0,9.0,2.0,1.0,0.5,2.0,3.0,6.0,2.0,1.0,0.8333333333333334,0.6666666666666666,3745.9533333333334,4782.75,0.21279629751571918,116.89722222222223,19.0,0.3333333333333333,3.0,0.5,29.0,2.0,68.0,7,18.0,2,2,3,2,2,90,91,154,0.1225,0.0,0.2652,0.1509,T3,False,none,0.632407,0.480049,0.92328,1.052137,1.400021,1.179455,1.013152,0.967721,0.940251,0.95307,0.80433,1.0,14.5,0.125,10.333333,30.0,1.333307,3.819444
0d69e423-2164-48f8-96a2-c0dcc400b67e,6.0,0.6666666666666666,5.0,17672.04,2945.34,1255.0381948132097,64,0,2.0,3.0,5.0,2.0,1.0,0.8333333333333334,3.0,2.0,6.0,3.0,1.0,0.6666666666666666,0.6666666666666666,2945.34,4356.34,0.24651030667653537,180.36,7.0,0.16666666666666666,3.0,0.6666666666666666,19.0,2.0,42.833333333333336,8,18.0,2,3,3,2,3,68,69,198,0.0889,0.0,0.2489,0.1724,T3,False,none,0.490399,0.876633,0.490644,1.181563,1.848264,1.008042,0.7158,0.76273,1.072506,0.927944,0.920977,1.333333,12.666667,0.166667,6.666667,22.666667,0.999985,2.722222
31590093-47a5-4530-8430-bf757833f0cb,3.0,0.3333333333333333,3.0,2604.8500000000004,868.2833333333334,1036.7558741735363,56,0,1.0,3.0,9.0,1.0,1.0,1.0,2.0,1.5,5.0,2.0,1.0,0.6666666666666666,0.3333333333333333,868.2833333333334,2050.96,0.7873620362017005,128.91861111111112,6.0,0.3333333333333333,1.0,1.0,27.0,2.0,91.0,4,9.0,1,2,1,1,2,40,40,121,0.174,0.0,0.2013,0.1186,T3,False,none,0.531665,0.431056,1.110002,0.560186,0.581664,0.535484,0.638696,0.568797,0.646028,0.609987,0.407816,1.5,27.0,0.25,9.333333,20.0,0.33333,3.694444
8429809d-0253-45c6-b497-621f10f5383f,3.0,0.3333333333333333,3.0,7043.040000000001,2347.6800000000003,2271.3579399117175,108,1,1.0,3.0,4.0,1.0,1.0,1.0,2.0,1.5,3.0,2.0,1.0,0.6666666666666666,0.3333333333333333,2347.6800000000003,4945.56,0.7021910992980304,116.15611111111112,7.0,0.6666666666666666,1.0,1.0,18.0,0.0,41.0,4,9.0,1,2,1,1,2,23,23,134,0.1691,0.0224,0.2258,0.1728,T3,False,none,0.640547,0.539038,0.83084,0.724202,1.123263,0.709311,0.492956,0.617546,0.766637,0.697061,0.425802,1.5,18.0,0.25,6.666667,11.5,0.33333,2.805556
a4c1cd12-39c9-4812-805c-9f657ff5fb64,5.0,0.5555555555555556,5.0,12665.310000000001,2533.0620000000004,1634.239727295234,101,1,1.0,5.0,5.0,1.0,1.0,1.0,2.0,2.5,5.0,2.0,1.0,0.8,0.5555555555555556,2533.0620000000004,4769.8,0.3766034941110798,190.0175,1.0,0.4,4.0,0.4,28.0,0.0,72.4,7,15.0,1,2,4,1,2,92,92,134,0.1691,0.0224,0.2258,0.1728,T3,False,none,0.796928,0.317256,1.298555,1.108146,1.123263,0.968132,0.703742,0.831087,0.952612,0.8959,0.89307,1.5,11.2,0.066667,10.0,46.0,1.388854,3.855556
9fc69452-b349-4dda-a8fb-cc8c1fdc7e46,6.0,0.6666666666666666,3.0,17307.6,2884.6,1482.037053679833,81,0,2.0,3.0,11.0,2.0,1.0,0.8333333333333334,1.0,6.0,5.0,1.0,1.0,1.0,0.6666666666666666,2884.6,4284.88,0.24757216482932357,129.65055555555554,7.0,0.3333333333333333,3.0,0.6666666666666666,24.0,3.0,36.666666666666664,6,18.0,2,1,3,2,1,83,85,129,0.1169,0.0,0.1879,0.1099,T3,False,none,0.559817,0.910688,0.735174,0.959317,0.675501,0.954793,0.564304,0.71178,0.853161,0.787183,0.404209,0.666667,16.0,0.166667,8.333333,27.666667,0.999985,3.055556
028df350-6082-4564-a14d-8b1a0733ecb9,3.0,0.3333333333333333,3.0,8490.74,2830.2466666666664,854.2270255812173,73,0,2.0,1.5,11.0,2.0,1.0,0.6666666666666666,1.0,3.0,6.0,1.0,1.0,1.0,0.3333333333333333,2830.2466666666664,3782.88,0.4455300715838667,133.09194444444444,5.0,0.0,2.0,0.6666666666666666,20.0,3.0,83.66666666666667,5,9.0,2,1,2,2,1,48,49,108,0.1587,0.0,0.2348,0.071,T3,False,none,0.677235,0.631408,0.688678,0.364713,0.625422,0.388922,0.386135,0.470368,0.542331,0.508748,0.09376,0.666667,13.333333,0.266667,7.0,16.0,0.499993,2.644444
e76a17ed-ede5-4371-a69d-adaa9069b2e1,3.0,0.3333333333333333,3.0,5711.84,1903.9466666666667,1415.9629624158017,105,1,2.0,1.5,12.0,2.0,1.0,0.6666666666666666,1.0,3.0,6.0,1.0,1.0,1.0,0.3333333333333333,1903.9466666666667,3226.92,0.5649527997983137,157.25416666666666,11.0,0.0,1.0,1.0,21.0,0.0,43.0,4,9.0,2,1,1,2,1,39,39,198,0.0889,0.0,0.2489,0.1724,T3,False,none,0.736668,0.631408,0.706443,0.61126,1.848264,0.631009,0.485948,0.612843,0.842294,0.735217,0.379721,0.666667,21.0,0.4,7.666667,13.0,0.33333,2.911111
a146dda8-17a4-4b00-be37-ebd093a6a060,2.0,0.2222222222222222,2.0,4413.42,2206.71,2827.8190129143695,103,0,1.0,2.0,10.0,1.0,1.0,1.0,1.0,2.0,4.0,1.0,1.0,1.0,0.2222222222222222,2206.71,4206.28,0.9530658763498602,82.2775,1.0,0.5,2.0,0.5,25.0,0.0,29.5,4,6.0,1,1,2,1,1,54,55,129,0.1169,0.0,0.1879,0.1099,T3,False,none,0.573117,0.514136,0.67251,0.479291,0.675501,1.055428,0.734511,0.810652,0.560958,0.677482,0.151295,1.0,12.5,0.166667,8.666667,27.0,0.444436,3.277778
9206b15e-2745-40cd-a96c-d466d0574589,3.0,0.3333333333333333,3.0,7484.97,2494.9900000000002,1269.9435301225012,35,0,2.0,1.5,9.0,2.0,1.0,0.6666666666666666,3.0,1.0,5.0,2.0,0.6666666666666666,0.3333333333333333,0.3333333333333333,2494.9900000000002,3667.82,0.49002467611760636,37.62888888888889,3.0,0.0,3.0,0.3333333333333333,27.0,3.0,99.0,8,9.0,2,3,3,2,2,72,73,121,0.174,0.0,0.2013,0.1186,T3,False,none,0.55837,1.040153,1.416884,0.951646,0.581664,0.348989,0.441589,0.439679,1.009034,0.743335,0.717391,0.888889,9.0,0.088889,9.222222,24.0,0.99997,3.4
a109dc6a-df1c-40ee-8f10-e149f536eb44,0.0,0.0,0.0,0.0,0.0,0.0,63,1,0.0,0.0,0.0,0.0,0.0,0.0,0.0,0.0,0.0,0.0,0.0,0.0,0.0,0.0,0.0,0.0,0.0,0.0,0.0,0.0,0.0,0.0,0.0,0.0,0,0.0,0,0,0,0,0,0,0,1,0.0,0.0,0.0,0.0,T3,False,none,2.767811,2.428211,2.297128,2.075966,2.409508,1.525892,1.781581,1.965956,2.265693,2.125816,0.0,0.0,0.0,0.0,0.333333,0.0,0.0,0.111111
baff2229-1ba7-42f2-b759-20c91dc07b3e,0.0,0.0,0.0,0.0,0.0,0.0,75,1,0.0,0.0,0.0,0.0,0.0,0.0,0.0,0.0,0.0,0.0,0.0,0.0,0.0,0.0,0.0,0.0,0.0,0.0,0.0,0.0,0.0,0.0,0.0,0.0,0,0.0,0,0,0,0,0,0,0,1,0.0,0.0,0.0,0.0,T3,False,none,2.767811,2.428211,2.297128,2.075966,2.409508,1.589923,1.781581,1.990349,2.265693,2.137199,0.0,0.0,0.0,0.0,0.333333,0.0,0.0,0.111111
8f4af6ca-9dd4-4497-9c96-79c025d4a09b,5.0,0.5555555555555556,5.0,14324.6,2864.92,1579.8704686935573,71,1,2.0,2.5,9.0,2.0,1.0,0.8,1.0,5.0,5.0,1.0,1.0,1.0,0.5555555555555556,2864.92,4404.12,0.30745151697080547,192.965,0.0,0.2,2.0,0.8,25.0,2.0,39.8,5,15.0,2,1,2,2,1,58,59,110,0.1791,0.0,0.2044,0.1366,T3,False,none,0.380436,0.790582,0.429914,0.487035,0.622351,0.878627,0.764305,0.698179,0.573574,0.631723,0.281122,0.666667,20.0,0.228571,9.0,19.333333,0.694436,3.298413
ddca5206-3037-4cb7-a5ef-6afe07349e26,8.0,0.8888888888888888,4.0,27122.79,3390.34875,1248.8056628456475,85,1,2.0,4.0,8.0,2.0,1.0,0.875,2.0,4.0,4.0,1.0,0.5,0.875,0.8888888888888888,3390.34875,4850.7,0.17884222087771942,192.58416666666668,1.0,0.125,3.0,0.625,29.0,2.0,33.875,7,24.0,2,2,3,2,1,82,84,154,0.1225,0.0,0.2652,0.1509,T3,False,none,0.516928,0.808718,0.786352,1.097162,1.400021,1.556476,1.191871,1.137927,1.010776,1.070113,0.628976,0.5,18.125,0.0625,10.166667,27.333333,1.422199,3.576389
7dbfa658-6ce4-4921-870a-d285ad67834f,2.0,0.2222222222222222,2.0,8243.050000000001,4121.525000000001,468.80472485886946,60,0,1.0,2.0,6.0,1.0,1.0,1.0,2.0,1.0,4.0,2.0,1.0,0.5,0.2222222222222222,4121.525000000001,4453.02,0.5402150902881822,73.60861111111112,0.0,0.5,1.0,1.0,25.0,3.0,36.0,4,6.0,1,2,1,1,2,34,34,129,0.1169,0.0,0.1879,0.1099,T3,False,none,0.5037,0.626569,0.964938,0.674759,0.675501,0.737668,0.789256,0.688016,0.723289,0.706828,0.340422,1.5,25.0,0.333333,8.666667,17.0,0.22222,3.5
a200238d-bd57-46d8-8ea2-9570b9b75ca0,3.0,0.3333333333333333,2.0,6482.89,2160.9633333333336,2342.4144378254955,65,0,1.0,3.0,7.0,1.0,1.0,1.0,2.0,1.5,6.0,2.0,1.0,0.6666666666666666,0.3333333333333333,2160.9633333333336,4715.45,0.7273685038617036,146.77027777777778,3.0,0.0,1.0,1.0,21.0,3.0,95.0,4,9.0,1,2,1,1,2,33,33,96,0.2355,0.0,0.1833,0.0828,T3,False,none,0.462248,0.512093,1.136082,0.627722,0.215092,0.598603,0.606018,0.562116,0.635951,0.601495,0.324732,1.5,21.0,0.25,7.333333,16.5,0.33333,3.027778
004bb8a1-10bb-4150-94b9-11e8950e28c7,2.0,0.2222222222222222,2.0,5272.77,2636.385,1180.422847309387,61,1,2.0,1.0,9.0,2.0,1.0,0.5,1.0,2.0,5.0,1.0,1.0,1.0,0.2222222222222222,2636.385,3471.07,0.6583010448018783,110.3925,8.0,0.0,1.0,1.0,23.0,0.0,91.0,4,6.0,2,1,1,2,1,40,40,84,0.204,0.0,0.1092,0.124,T3,False,none,0.722333,0.487191,1.06716,0.658297,0.51107,0.521345,0.384485,0.53315,0.676162,0.609423,0.250916,0.666667,23.0,0.5,8.333333,13.333333,0.22222,3.166667
7d9cb825-6478-4c79-96a0-87647dd9d0a9,4.0,0.4444444444444444,3.0,6130.7,1532.675,877.0192263380926,88,0,1.0,4.0,7.0,1.0,1.0,1.0,2.0,2.0,5.0,2.0,1.0,0.75,0.4444444444444444,1532.675,2276.63,0.3713491118469343,158.89666666666668,0.0,0.5,1.0,1.0,22.0,3.0,34.0,4,12.0,1,2,1,1,2,33,33,110,0.1928,0.0091,0.1832,0.0943,T3,False,none,0.570155,0.316745,0.874111,0.64263,0.231917,0.602627,0.753193,0.643538,0.540932,0.588815,0.270342,1.5,22.0,0.2,7.666667,16.5,0.44444,3.122222
dab23082-d6fc-406b-8e2a-df0373c89eca,3.0,0.3333333333333333,2.0,4190.67,1396.89,298.7622671958425,74,1,2.0,1.5,11.0,2.0,1.0,0.6666666666666666,2.0,1.5,3.0,2.0,1.0,0.6666666666666666,0.3333333333333333,1396.89,1741.47,0.41555884858507114,19.692222222222224,1.0,0.0,1.0,1.0,17.0,1.0,106.0,5,9.0,2,2,1,2,2,32,32,121,0.1789,0.0083,0.2434,0.1287,T3,False,none,0.677235,0.539038,1.107882,0.591614,0.804265,0.710332,0.877746,0.75668,0.721468,0.7379,0.324264,1.0,17.0,0.4,6.333333,10.666667,0.33333,2.577778
78251fb8-31b4-4e00-b476-be0335cab677,4.0,0.4444444444444444,2.0,10454.15,2613.5375,1636.7010382957342,95,1,2.0,2.0,6.0,2.0,1.0,0.5,1.0,4.0,3.0,1.0,1.0,1.0,0.4444444444444444,2613.5375,4688.85,0.4485156612445776,84.3488888888889,3.0,0.0,1.0,1.0,19.0,1.0,21.0,4,12.0,2,1,1,2,1,29,29,110,0.1791,0.0,0.2044,0.1366,T3,False,none,0.604441,0.778458,0.780498,0.722648,0.622351,0.662336,0.520225,0.598424,0.731936,0.669631,0.23834,0.666667,19.0,0.333333,7.0,9.666667,0.44444,2.666667
818441de-0e5a-4fef-b5d8-2bd78accb0c1,3.0,0.3333333333333333,3.0,3961.66,1320.5533333333333,664.6384787486603,50,1,1.0,3.0,7.0,1.0,1.0,1.0,1.0,3.0,6.0,1.0,1.0,1.0,0.3333333333333333,1320.5533333333333,2075.43,0.5238788790557494,194.98305555555555,6.0,0.0,2.0,0.6666666666666666,28.0,2.0,78.0,4,9.0,1,1,2,1,1,60,60,134,0.1691,0.0224,0.2258,0.1728,T3,False,none,0.462248,0.631408,0.648611,0.475721,1.123263,0.512414,0.669781,0.550537,0.658585,0.608162,0.427919,1.0,18.666667,0.166667,10.0,30.0,0.499993,3.722222
ff6a9952-400e-4e44-b75c-71184c3736df,4.0,0.4444444444444444,4.0,10065.26,2516.315,1136.9466352325717,40,1,1.0,4.0,5.0,1.0,1.0,1.0,2.0,2.0,6.0,2.0,1.0,0.75,0.4444444444444444,2516.315,3746.54,0.37222486055998555,125.94361111111111,4.0,0.25,2.0,0.75,21.0,3.0,82.0,5,12.0,1,2,2,1,2,51,51,96,0.2355,0.0,0.1833,0.0828,T3,False,none,0.689021,0.397782,0.669309,0.318086,0.215092,0.430054,0.284233,0.455438,0.394016,0.422679,0.248644,1.5,15.75,0.15,7.666667,25.5,0.592585,3.105556
7a11e62c-6b37-43ca-ba11-ca221bf3a4a4,3.0,0.3333333333333333,3.0,9643.07,3214.3566666666666,1739.3361975861178,67,0,1.0,3.0,8.0,1.0,1.0,1.0,1.0,3.0,2.0,1.0,1.0,1.0,0.3333333333333333,3214.3566666666666,4293.17,0.4452078020796282,195.1302777777778,3.0,0.0,2.0,0.6666666666666666,25.0,1.0,96.0,4,9.0,1,1,2,1,1,47,47,43,0.4131,0.0,0.082,0.0328,T3,False,none,0.472232,0.739389,0.610383,0.42489,1.59323,0.50047,0.665941,0.547559,0.736883,0.648532,0.293086,1.0,16.666667,0.166667,8.666667,23.5,0.499993,3.277778
a56071a4-e2bb-4fb8-91c2-7758671f626a,6.0,0.6666666666666666,6.0,13024.87,2170.811666666667,1137.5806425114074,53,1,1.0,6.0,5.0,1.0,1.0,1.0,3.0,2.0,7.0,3.0,1.0,0.6666666666666666,0.6666666666666666,2170.811666666667,3778.71,0.2901149877119695,163.89111111111112,2.0,0.3333333333333333,5.0,0.3333333333333333,27.0,1.0,58.5,9,18.0,1,3,5,1,3,122,124,110,0.1928,0.0091,0.1832,0.0943,T3,False,none,0.904835,0.95767,1.212715,1.975152,0.231917,0.866571,0.624074,0.796671,1.271401,1.049861,1.322452,2.0,9.0,0.047619,9.666667,61.0,1.99994,3.904762
923abf00-f66d-4500-8690-c620bcfed9f3,3.0,0.3333333333333333,2.0,6295.8,2098.6,1470.80182298636,67,0,1.0,3.0,6.0,1.0,1.0,1.0,3.0,1.0,6.0,3.0,1.0,0.3333333333333333,0.3333333333333333,2098.6,3095.55,0.4916849328123511,92.62916666666666,2.0,0.0,1.0,1.0,18.0,2.0,106.0,5,9.0,1,3,1,1,3,34,34,108,0.1587,0.0,0.2348,0.071,T3,False,none,0.521681,1.213769,1.153691,0.842517,0.625422,0.469822,0.419245,0.46778,0.963975,0.732417,0.52811,2.0,18.0,0.25,6.333333,17.0,0.33333,2.861111
13899bd4-0200-427c-883d-ad9c318a22ba,2.0,0.2222222222222222,2.0,8572.880000000001,4286.4400000000005,987.1493508076682,45,0,1.0,2.0,9.0,1.0,1.0,1.0,2.0,1.0,5.0,2.0,1.0,0.5,0.2222222222222222,4286.4400000000005,4984.46,0.5814218792284506,35.41694444444445,11.0,0.5,2.0,0.5,23.0,0.0,64.5,5,6.0,1,2,2,1,2,59,59,40,0.459,0.0,0.0615,0.0469,T3,False,none,0.513684,0.599624,0.57946,0.435576,1.728531,0.68441,0.908609,0.710364,0.722056,0.7166,0.457008,1.5,11.5,0.166667,8.0,29.5,0.444436,3.222222
5e73a39b-bdc6-4f2b-b04f-27e425fd20c1,2.0,0.2222222222222222,2.0,2001.3899999999999,1000.6949999999999,458.63652934540664,100,1,1.0,2.0,7.0,1.0,1.0,1.0,2.0,1.0,10.0,2.0,1.0,0.5,0.2222222222222222,1000.6949999999999,1325.0,0.6620398822818142,93.76277777777777,12.0,0.5,2.0,0.5,21.0,2.0,33.5,5,6.0,1,2,2,1,2,51,53,95,0.2056,0.0211,0.1855,0.0916,T3,False,none,0.444267,1.004809,0.42023,0.367938,0.105784,1.049152,0.875746,0.818526,0.494358,0.645636,0.377627,1.5,10.5,0.166667,7.666667,25.5,0.444436,3.111111
e024f807-6ea1-4cad-b11f-e169f1270ca6,6.0,0.6666666666666666,5.0,14288.76,2381.46,1731.503619308952,82,1,1.0,6.0,7.0,1.0,1.0,1.0,3.0,2.0,4.0,2.0,0.6666666666666666,0.6666666666666666,0.6666666666666666,2381.46,4906.51,0.34338249085295014,204.55944444444444,23.0,0.3333333333333333,5.0,0.3333333333333333,28.0,0.0,63.0,9,18.0,1,3,5,1,2,119,124,134,0.1691,0.0224,0.2258,0.1728,T3,False,none,0.78597,0.729961,1.468672,1.820296,1.123263,1.035071,1.029436,0.962021,1.358285,1.173362,1.260854,1.333333,9.333333,0.031746,9.888889,59.5,1.99994,3.751323
d08b211d-a51f-405c-8642-97c8ba0c5b60,5.0,0.5555555555555556,4.0,15971.810000000001,3194.362,1131.0224506038771,89,0,1.0,5.0,8.0,1.0,1.0,1.0,2.0,2.5,5.0,2.0,1.0,0.6,0.5555555555555556,3194.362,4874.45,0.30519083309906636,198.7397222222222,0.0,0.0,2.0,0.8,23.0,2.0,88.8,5,15.0,1,2,2,1,2,57,58,108,0.1587,0.0,0.2348,0.071,T3,False,none,0.688047,0.417536,0.627243,0.435961,0.625422,0.900604,0.973237,0.864084,0.502782,0.67139,0.243743,1.5,18.4,0.133333,8.0,28.5,0.694436,3.211111
772054a7-ce54-4786-9965-69993ff9d8d8,2.0,0.2222222222222222,2.0,7619.9400000000005,3809.9700000000003,508.5229127581179,37,1,2.0,1.0,6.0,2.0,1.0,0.5,1.0,2.0,3.0,1.0,1.0,1.0,0.2222222222222222,3809.9700000000003,4169.55,0.5471893479476216,48.38472222222222,11.0,0.0,1.0,1.0,16.0,2.0,40.0,4,6.0,2,1,1,2,1,23,23,89,0.2523,0.0,0.1667,0.1056,T3,False,none,0.712348,0.595173,0.810334,0.822313,0.277908,0.754423,0.74052,0.737767,0.672298,0.70285,0.211323,0.666667,16.0,0.5,6.0,7.666667,0.22222,2.388889
064b9a6e-80f4-4db6-aad0-a56efb7f9d59,3.0,0.3333333333333333,3.0,10388.5,3462.8333333333335,1926.472012730352,37,1,2.0,1.5,9.0,2.0,1.0,0.6666666666666666,2.0,1.5,4.0,2.0,1.0,0.6666666666666666,0.3333333333333333,3462.8333333333335,4985.1,0.47986716080281083,38.715555555555554,9.0,0.3333333333333333,1.0,1.0,27.0,2.0,54.0,5,9.0,2,2,1,2,2,44,45,89,0.2523,0.0,0.1667,0.1056,T3,False,none,0.55837,0.458001,0.799482,0.471066,0.277908,0.592486,0.574659,0.576796,0.504026,0.537986,0.40749,1.0,27.0,0.4,9.666667,14.666667,0.33333,3.688889
4b9b1ed7-d6a2-47f9-baeb-064d7873eeae,5.0,0.5555555555555556,4.0,11773.13,2354.6259999999997,1546.794551558157,43,1,2.0,2.5,8.0,2.0,1.0,0.6,1.0,5.0,4.0,1.0,1.0,1.0,0.5555555555555556,2354.6259999999997,3811.5,0.32374568190447234,173.15555555555557,12.0,0.0,3.0,0.4,28.0,0.0,77.6,6,15.0,2,1,3,2,1,74,76,134,0.1691,0.0224,0.2258,0.1728,T3,False,none,0.453014,0.817527,1.142333,0.8158,1.123263,0.644162,0.651552,0.592012,0.935504,0.775207,0.563601,0.666667,11.2,0.114286,10.0,24.666667,1.388854,3.593651
a1dabb3d-94e4-47bb-9c13-e8bde843e141,4.0,0.4444444444444444,4.0,8335.769999999999,2083.9424999999997,1979.6992805705786,105,0,2.0,2.0,10.0,2.0,1.0,0.75,1.0,4.0,3.0,1.0,1.0,1.0,0.4444444444444444,2083.9424999999997,4920.28,0.590261007681354,111.70444444444445,0.0,0.25,4.0,0.25,20.0,2.0,80.75,7,12.0,2,1,4,2,1,87,89,50,0.2482,0.04,0.0909,0.0909,T3,False,none,0.508844,0.778458,1.188755,1.054193,0.707334,0.771302,0.459808,0.592483,0.955483,0.786083,0.49808,0.666667,5.0,0.083333,7.0,29.0,1.777707,2.583333
f318d588-145b-4b56-aa64-19a489aa656a,1.0,0.1111111111111111,1.0,405.9,405.9,0.0,103,0,1.0,1.0,4.0,1.0,1.0,1.0,1.0,1.0,4.0,1.0,1.0,1.0,0.1111111111111111,405.9,405.9,1.0,0.0,1.0,0.0,1.0,1.0,21.0,0.0,83.0,3,3.0,1,1,1,1,1,26,26,110,0.1928,0.0091,0.1832,0.0943,T3,False,none,0.730473,0.634241,0.953693,0.895809,0.231917,1.475995,1.557782,1.290251,0.731828,0.992425,0.140947,1.0,21.0,0.5,7.333333,13.0,0.11111,2.944444
428f2ee5-d320-4346-90e5-aaf875efc186,4.0,0.4444444444444444,3.0,13322.41,3330.6025,1623.2618039896295,55,0,1.0,4.0,10.0,1.0,1.0,1.0,3.0,1.3333333333333333,5.0,3.0,1.0,0.5,0.4444444444444444,3330.6025,4822.9,0.3620140800350687,214.97555555555556,6.0,0.0,1.0,1.0,21.0,0.0,49.0,5,12.0,1,3,1,1,3,38,38,40,0.459,0.0,0.0615,0.0469,T3,False,none,0.699006,0.984182,0.66835,0.818833,1.728531,0.549438,0.776302,0.667793,0.980436,0.834536,0.726841,2.0,21.0,0.2,7.333333,19.0,0.44444,3.177778
ec3df2aa-2e88-4fe6-a62b-bd861e07296c,5.0,0.5555555555555556,5.0,14703.98,2940.796,1464.0756520002644,45,1,2.0,2.5,8.0,2.0,1.0,0.8,1.0,5.0,5.0,1.0,1.0,1.0,0.5555555555555556,2940.796,4659.23,0.3168686301259931,173.0963888888889,20.0,0.4,1.0,1.0,28.0,0.0,106.0,4,15.0,2,1,1,2,1,42,43,134,0.1691,0.0224,0.2258,0.1728,T3,False,none,0.321003,0.790582,1.3724,0.649136,1.123263,0.832039,0.919676,0.715241,0.914199,0.821352,0.444799,0.666667,28.0,0.285714,10.0,14.0,0.55555,3.650794
7a3d3b9d-8831-4d84-88a6-83f2b4f61616,5.0,0.5555555555555556,4.0,11592.289999999999,2318.4579999999996,1845.5736726205212,102,1,3.0,1.6666666666666667,10.0,3.0,1.0,0.4,2.0,2.5,3.0,2.0,1.0,0.8,0.5555555555555556,2318.4579999999996,4687.53,0.40436617786477047,97.99805555555555,8.0,0.2,2.0,0.6,20.0,1.0,97.2,7,15.0,3,2,2,3,2,65,66,134,0.1691,0.0224,0.2258,0.1728,T3,False,none,1.229838,0.425238,0.5874,0.945888,1.123263,0.895979,0.414041,0.830721,0.770603,0.798658,0.480574,0.75,12.0,0.225,7.333333,16.25,0.92591,2.769444
0abf8dcc-5f81-4205-8624-d9e48e57f470,2.0,0.2222222222222222,2.0,7891.83,3945.915,733.4040823788752,79,1,2.0,1.0,6.0,2.0,1.0,0.5,1.0,2.0,3.0,1.0,1.0,1.0,0.2222222222222222,3945.915,4464.51,0.5657128954881188,125.27722222222222,5.0,0.0,2.0,0.5,25.0,0.0,78.0,5,6.0,2,1,2,2,1,57,57,95,0.2056,0.0211,0.1855,0.0916,T3,False,none,0.712348,0.595173,0.7645,0.457706,0.105784,0.770837,0.659207,0.716916,0.497334,0.599806,0.121127,0.666667,12.5,0.25,9.0,19.0,0.444436,3.305556
397be4bb-e926-4a26-a967-02ea176e24cc,7.0,0.7777777777777778,6.0,18307.27,2615.324285714286,1903.848216874244,80,1,2.0,3.5,7.0,2.0,1.0,0.8571428571428571,2.0,3.5,7.0,2.0,1.0,0.8571428571428571,0.7777777777777778,2615.324285714286,4909.88,0.2681929091557616,217.94333333333333,14.0,0.2857142857142857,4.0,0.5714285714285714,21.0,0.0,57.857142857142854,8,21.0,2,2,4,2,2,86,87,50,0.2482,0.04,0.0909,0.0909,T3,False,none,0.441203,0.636641,0.824453,1.239884,0.707334,1.382491,0.967948,0.975371,0.913767,0.942515,0.749322,1.0,12.0,0.126984,7.666667,28.666667,1.361087,2.931217
4c278a66-bdf7-45f6-a3cb-bc7cd4603aeb,4.0,0.4444444444444444,3.0,8295.66,2073.915,970.5928825036102,55,0,1.0,4.0,4.0,1.0,1.0,1.0,2.0,2.0,6.0,2.0,1.0,0.75,0.4444444444444444,2073.915,3113.78,0.37535048447019287,152.6627777777778,0.0,0.0,2.0,0.75,16.0,2.0,45.5,5,12.0,1,2,2,1,2,41,41,198,0.0889,0.0,0.2489,0.1724,T3,False,none,0.748454,0.397782,0.406505,0.410505,1.848264,0.292256,0.603597,0.526379,0.646117,0.590239,0.406085,1.5,12.0,0.15,5.666667,20.5,0.592585,2.438889
af1d0dd2-23c5-4bdb-8594-c4dfefa7ca8f,3.0,0.3333333333333333,3.0,9196.82,3065.6066666666666,1690.8033743854824,32,0,1.0,3.0,5.0,1.0,1.0,1.0,2.0,1.5,8.0,2.0,1.0,0.6666666666666666,0.3333333333333333,3065.6066666666666,4564.04,0.496262838676847,70.39527777777778,13.0,0.0,3.0,0.3333333333333333,24.0,1.0,57.333333333333336,6,9.0,1,2,3,1,2,66,68,67,0.2469,0.0,0.1605,0.1111,T3,False,none,0.581114,0.674167,0.695587,0.625598,0.434357,0.508999,0.607474,0.562428,0.620448,0.593372,0.615055,1.5,8.0,0.083333,8.333333,33.0,0.99997,3.305556
5a5339e8-152f-4cef-b82b-7cd925a0b932,5.0,0.5555555555555556,4.0,10706.81,2141.362,2263.77713003511,66,1,3.0,1.6666666666666667,11.0,3.0,1.0,0.4,3.0,1.6666666666666667,8.0,3.0,1.0,0.6,0.5555555555555556,2141.362,4836.33,0.4517059703123526,211.4325,0.0,0.0,2.0,0.8,21.0,0.0,83.8,8,15.0,3,3,2,3,3,66,67,198,0.0889,0.0,0.2489,0.1724,T3,False,none,1.289271,1.122148,0.639594,1.297218,1.848264,0.7784,0.836152,0.943614,1.208286,1.084773,0.948202,1.0,16.8,0.3,7.666667,16.5,0.694436,2.988889
c4758712-b303-4629-9e7b-14f0f4514427,3.0,0.3333333333333333,3.0,7578.290000000001,2526.096666666667,906.9322870166953,77,0,1.0,3.0,9.0,1.0,1.0,1.0,2.0,1.5,5.0,2.0,1.0,0.6666666666666666,0.3333333333333333,2526.096666666667,3340.76,0.44083295835867986,228.18777777777777,0.0,0.0,2.0,0.6666666666666666,23.0,0.0,74.33333333333333,5,9.0,1,2,2,1,2,58,58,67,0.2687,0.0,0.1443,0.07,T3,False,none,0.531665,0.431056,0.539125,0.369243,0.56421,0.377926,0.642768,0.510132,0.452583,0.479439,0.2702,1.5,15.333333,0.166667,8.0,29.0,0.499993,3.222222
d333a1aa-407c-416d-975f-2639f237189f,2.0,0.2222222222222222,2.0,6042.22,3021.11,836.9174440767739,92,0,1.0,2.0,8.0,1.0,1.0,1.0,2.0,1.0,4.0,2.0,1.0,0.5,0.2222222222222222,3021.11,3612.9,0.5979424780957993,137.86583333333334,6.0,0.0,1.0,1.0,23.0,2.0,100.0,4,6.0,1,2,1,1,2,35,35,108,0.1587,0.0,0.2348,0.071,T3,False,none,0.454251,0.626569,1.042051,0.665111,0.625422,0.757074,0.45327,0.569285,0.72739,0.653608,0.264393,1.5,23.0,0.333333,8.0,17.5,0.22222,3.277778
e04c0848-65bd-44b0-ad75-56371588c9f1,3.0,0.3333333333333333,3.0,5717.55,1905.8500000000001,1742.3971013520427,72,0,3.0,1.0,6.0,3.0,1.0,0.3333333333333333,3.0,1.0,5.0,3.0,1.0,0.3333333333333333,0.3333333333333333,1905.8500000000001,3798.63,0.6643807225122649,183.37083333333334,22.0,0.0,1.0,1.0,25.0,1.0,77.0,7,9.0,3,3,1,3,3,46,46,129,0.1169,0.0,0.1879,0.1099,T3,False,none,1.276363,1.132732,0.839087,1.159484,0.675501,0.519588,0.841282,0.843041,1.005383,0.929623,0.682682,1.0,25.0,0.5,8.666667,11.5,0.33333,3.388889
cbcceb69-57b5-44b5-bcbc-3da426dcd310,3.0,0.3333333333333333,2.0,9948.779999999999,3316.2599999999998,1735.5688491385179,46,0,2.0,1.5,7.0,2.0,1.0,0.6666666666666666,2.0,1.5,5.0,2.0,1.0,0.6666666666666666,0.3333333333333333,3316.2599999999998,4637.61,0.466148613196794,46.515,12.0,0.0,1.0,1.0,24.0,3.0,55.0,5,9.0,2,2,1,2,2,36,36,89,0.2523,0.0,0.1667,0.1056,T3,False,none,0.488952,0.431056,0.882582,0.553022,0.277908,0.552667,0.692487,0.581069,0.545337,0.562012,0.373327,1.0,24.0,0.4,8.333333,12.0,0.33333,3.244444
9e69470b-69e8-41b7-a358-2b7712f43ab9,3.0,0.3333333333333333,3.0,2393.63,797.8766666666667,113.34230866421126,49,1,2.0,1.5,7.0,2.0,1.0,0.6666666666666666,2.0,1.5,5.0,1.0,0.5,0.6666666666666666,0.3333333333333333,797.8766666666667,922.97,0.3855942647777643,198.49166666666667,1.0,0.0,2.0,0.6666666666666666,20.0,3.0,32.333333333333336,6,9.0,2,2,2,2,1,52,53,129,0.1169,0.0,0.1879,0.1099,T3,False,none,0.488952,0.666583,0.525352,0.391649,0.675501,0.715524,1.068817,0.768553,0.535546,0.644283,0.166199,0.5,13.333333,0.133333,7.166667,17.333333,0.499993,2.6
5dab042c-b44e-45bb-89aa-35d20f6f4752,5.0,0.5555555555555556,5.0,15786.33,3157.266,1582.3544508832401,56,1,1.0,5.0,5.0,1.0,1.0,1.0,1.0,5.0,4.0,1.0,1.0,1.0,0.5555555555555556,3157.266,4998.8,0.31665371242080964,130.01472222222222,21.0,0.0,3.0,0.4,21.0,1.0,60.8,5,15.0,1,1,3,1,1,60,61,154,0.1225,0.0,0.2652,0.1509,T3,False,none,0.796928,0.817527,0.593339,0.604502,1.400021,0.86952,1.008784,0.895201,0.788019,0.838037,0.301029,1.0,8.4,0.066667,7.666667,30.0,1.388854,2.911111
5262866f-ccfc-48f0-9ffd-5561b95c0a1a,3.0,0.3333333333333333,2.0,10212.41,3404.1366666666668,682.531987113669,72,1,3.0,1.0,9.0,3.0,1.0,0.3333333333333333,1.0,3.0,2.0,1.0,1.0,1.0,0.3333333333333333,3404.1366666666668,3931.46,0.38496887610270253,51.61944444444445,3.0,0.3333333333333333,2.0,0.6666666666666666,24.0,1.0,65.33333333333333,6,9.0,3,1,2,3,1,61,61,129,0.1169,0.0,0.1879,0.1099,T3,False,none,1.286347,0.739389,0.317144,0.800873,0.675501,0.578785,0.516539,0.760197,0.66383,0.708801,0.21086,0.5,16.0,0.333333,8.666667,15.25,0.499993,3.166667
c5864cb2-0a7b-49e0-b7ca-6555760cdda5,7.0,0.7777777777777778,6.0,17515.87,2502.2671428571425,1930.525152566129,106,0,1.0,7.0,7.0,1.0,1.0,1.0,3.0,2.3333333333333335,5.0,3.0,1.0,0.5714285714285714,0.7777777777777778,2502.2671428571425,4890.72,0.2792165048039293,174.79638888888888,3.0,0.14285714285714285,2.0,0.8571428571428571,21.0,3.0,36.285714285714285,6,21.0,1,3,2,1,3,53,53,110,0.1791,0.0,0.2044,0.1366,T3,False,none,0.893877,0.840714,0.565782,0.847618,0.622351,1.501628,0.849806,1.110711,0.749632,0.918135,0.604541,2.0,18.0,0.107143,7.333333,26.5,0.907397,3.146825
d580653c-de50-4a71-8b44-f23ddbd8f9c6,4.0,0.4444444444444444,4.0,11225.99,2806.4975,1550.1622759219974,30,0,2.0,2.0,9.0,2.0,1.0,0.5,2.0,2.0,5.0,2.0,1.0,0.75,0.4444444444444444,2806.4975,4358.91,0.3882873581750919,165.6811111111111,4.0,0.0,2.0,0.75,22.0,1.0,61.5,6,12.0,2,2,2,2,2,55,55,43,0.4131,0.0,0.082,0.0328,T3,False,none,0.614426,0.316745,0.243721,0.426661,1.59323,0.626813,0.584333,0.609114,0.555498,0.580519,0.449493,1.0,16.5,0.25,7.666667,18.333333,0.592585,2.972222
68476070-009c-4a22-bc68-173d7daad707,4.0,0.4444444444444444,4.0,7523.91,1880.9775,560.6152248720448,64,1,2.0,2.0,12.0,2.0,1.0,0.75,3.0,1.3333333333333333,7.0,3.0,1.0,0.5,0.4444444444444444,1880.9775,2496.19,0.3317676580395034,190.97055555555556,1.0,0.0,1.0,1.0,16.0,2.0,58.0,6,12.0,2,3,1,2,3,47,47,67,0.2469,0.0,0.1605,0.1111,T3,False,none,0.62771,1.146256,0.822595,0.803455,0.434357,0.5291,0.775837,0.63952,0.831626,0.741977,0.705614,1.333333,16.0,0.333333,6.0,15.666667,0.44444,2.555556
26cce9ee-ba29-4724-959b-986e3484cb12,2.0,0.2222222222222222,2.0,1825.1899999999998,912.5949999999999,1240.6542029308569,81,1,1.0,2.0,4.0,1.0,1.0,1.0,1.0,2.0,2.0,1.0,1.0,1.0,0.2222222222222222,912.5949999999999,1789.87,0.9806485900098072,91.67805555555556,0.0,0.0,1.0,1.0,22.0,2.0,80.0,3,6.0,1,1,1,1,1,25,25,198,0.0889,0.0,0.2489,0.1724,T3,False,none,0.622565,0.67621,0.838331,0.848773,1.848264,0.876048,1.091929,0.875585,0.970038,0.92596,0.331296,1.0,22.0,0.333333,8.0,12.5,0.22222,3.111111
743a9496-370c-4583-9268-ba51bce1db3b,5.0,0.5555555555555556,5.0,14142.68,2828.536,1418.9681028937896,83,0,3.0,1.6666666666666667,7.0,3.0,1.0,0.4,3.0,1.6666666666666667,5.0,2.0,0.6666666666666666,0.4,0.5555555555555556,2828.536,4858.45,0.34353107049017584,183.94472222222223,3.0,0.0,2.0,0.8,28.0,3.0,107.8,8,15.0,3,3,2,3,2,62,63,30,0.8828,0.0333,0.0244,0.0217,T3,False,none,1.100988,0.916676,1.148373,1.118394,3.2248,0.91415,0.799153,0.9292,1.425278,1.193775,1.22723,0.666667,22.4,0.2,9.555556,15.5,0.694436,3.474074
86c8ff34-5277-4e05-a7c3-22c8254bf798,3.0,0.3333333333333333,3.0,6034.59,2011.53,1679.2724428454128,35,1,2.0,1.5,10.0,2.0,1.0,0.6666666666666666,2.0,1.5,3.0,2.0,1.0,0.6666666666666666,0.3333333333333333,2011.53,3331.74,0.5521071025537774,90.63,4.0,0.0,2.0,0.6666666666666666,24.0,2.0,90.33333333333333,6,9.0,2,2,2,2,2,56,58,96,0.2355,0.0,0.1833,0.0828,T3,False,none,0.617802,0.539038,0.608634,0.430947,0.215092,0.483033,0.363017,0.481533,0.459012,0.469522,0.27983,1.0,16.0,0.266667,8.666667,18.666667,0.499993,3.311111
2d82bbf6-1360-457a-9057-068e99413c6d,1.0,0.1111111111111111,1.0,3347.52,3347.52,0.0,59,1,1.0,1.0,6.0,1.0,1.0,1.0,1.0,1.0,3.0,1.0,1.0,1.0,0.1111111111111111,3347.52,3347.52,1.0,0.0,5.0,0.0,1.0,1.0,28.0,0.0,104.0,3,3.0,1,1,1,1,1,34,34,134,0.1691,0.0224,0.2258,0.1728,T3,False,none,0.611607,0.715278,1.355615,0.818625,1.123263,1.032821,0.993066,0.899223,0.955435,0.929202,0.430046,1.0,28.0,0.5,10.0,17.0,0.11111,3.833333
2f41a634-79e7-42da-a7c5-16012e3880d3,3.0,0.3333333333333333,3.0,9375.599999999999,3125.1999999999994,1102.9649191610763,62,1,1.0,3.0,5.0,1.0,1.0,1.0,2.0,1.5,6.0,2.0,1.0,0.6666666666666666,0.3333333333333333,3125.1999999999994,4284.48,0.4569819531549981,65.94194444444445,0.0,0.0,2.0,0.6666666666666666,20.0,0.0,101.33333333333333,5,9.0,1,2,2,1,2,48,49,95,0.2056,0.0211,0.1855,0.0916,T3,False,none,0.581114,0.512093,0.755265,0.323288,0.105784,0.337466,0.631089,0.504954,0.424234,0.461903,0.199158,1.5,13.333333,0.166667,7.333333,24.0,0.499993,3.0
2e24cd29-393b-4f01-b17b-adaa919e4f00,3.0,0.3333333333333333,2.0,8395.33,2798.443333333333,1315.9099724651887,82,1,1.0,3.0,6.0,1.0,1.0,1.0,1.0,3.0,4.0,1.0,1.0,1.0,0.3333333333333333,2798.443333333333,3907.2,0.4654015982695141,50.95027777777778,5.0,0.0,3.0,0.3333333333333333,23.0,0.0,60.333333333333336,5,9.0,1,1,3,1,1,67,67,43,0.4131,0.0,0.082,0.0328,T3,False,none,0.521681,0.577315,0.867214,0.595672,1.59323,0.479258,0.452645,0.482508,0.813914,0.659258,0.416802,1.0,7.666667,0.083333,8.333333,33.5,0.99997,3.138889
3bc44cd1-6a12-4bcc-8881-8ec8f6495671,6.0,0.6666666666666666,5.0,12379.84,2063.306666666667,1770.9984977256945,63,1,2.0,3.0,9.0,2.0,1.0,0.8333333333333334,1.0,6.0,3.0,1.0,1.0,1.0,0.6666666666666666,2063.306666666667,4358.4,0.3520562462842815,188.63833333333332,3.0,0.3333333333333333,4.0,0.3333333333333333,24.0,1.0,75.5,7,18.0,2,1,4,2,1,101,102,110,0.1928,0.0091,0.1832,0.0943,T3,False,none,0.440951,1.01867,1.047912,1.297862,0.231917,0.936386,0.694086,0.714066,0.998333,0.865675,0.564141,0.666667,8.0,0.083333,8.666667,33.666667,1.99994,3.138889
1036d859-5f41-4b42-93ec-5b7aa50838f8,5.0,0.5555555555555556,5.0,10545.21,2109.042,1732.842952670553,55,1,4.0,1.25,12.0,4.0,1.0,0.4,2.0,2.5,7.0,2.0,1.0,0.6,0.5555555555555556,2109.042,4716.7,0.4472836482156354,203.34527777777777,7.0,0.0,2.0,0.6,27.0,0.0,77.8,8,15.0,4,2,2,4,2,83,85,110,0.1928,0.0091,0.1832,0.0943,T3,False,none,1.84767,0.57961,0.760847,1.485614,0.231917,0.711373,0.661071,1.019262,0.89917,0.955213,0.614799,0.6,16.2,0.266667,9.666667,16.6,0.92591,3.511111
f667ad47-3713-4cc5-9aaa-5407b7359519,7.0,0.7777777777777778,5.0,25636.05,3662.292857142857,1584.749692934863,57,0,2.0,3.5,8.0,2.0,1.0,0.8571428571428571,2.0,3.5,5.0,1.0,0.5,0.7142857142857143,0.7777777777777778,3662.292857142857,4615.11,0.18002422370060908,216.66472222222222,3.0,0.42857142857142855,2.0,0.5714285714285714,26.0,1.0,47.42857142857143,6,21.0,2,2,2,2,1,66,66,96,0.2355,0.0,0.1833,0.0828,T3,False,none,0.451187,0.698758,0.322942,0.70691,0.215092,1.429701,1.125114,1.048597,0.542909,0.778897,0.282588,0.5,14.857143,0.063492,8.833333,22.0,1.361087,3.132275
f3988f09-4024-4eb6-af6a-03145856f431,3.0,0.3333333333333333,3.0,5661.69,1887.2299999999998,386.14143691139884,95,1,1.0,3.0,5.0,1.0,1.0,1.0,3.0,1.0,7.0,3.0,1.0,0.3333333333333333,0.3333333333333333,1887.2299999999998,2323.99,0.4104763771947952,83.39083333333333,0.0,0.0,1.0,1.0,22.0,3.0,34.0,5,9.0,1,3,1,1,3,36,36,110,0.1928,0.0091,0.1832,0.0943,T3,False,none,0.581114,1.294806,0.874111,0.823221,0.231917,0.649883,0.643685,0.628169,0.853169,0.748169,0.590342,2.0,22.0,0.25,8.0,18.0,0.33333,3.416667
e1db6dc3-307b-4853-a25b-8771e2b30cec,3.0,0.3333333333333333,3.0,9522.64,3174.213333333333,1066.7290145736797,96,1,1.0,3.0,5.0,1.0,1.0,1.0,2.0,1.5,5.0,2.0,1.0,0.6666666666666666,0.3333333333333333,3174.213333333333,4405.46,0.4626301109776281,54.376666666666665,1.0,0.0,3.0,0.3333333333333333,23.0,2.0,49.333333333333336,6,9.0,1,2,3,1,2,68,70,198,0.0889,0.0,0.2489,0.1724,T3,False,none,0.581114,0.431056,0.674256,0.644894,1.848264,0.533477,0.648,0.585261,0.798113,0.698782,0.57609,1.5,7.666667,0.083333,8.333333,34.0,0.99997,3.305556
52ef1c1e-9d2e-47c7-a0f4-e594018662ea,3.0,0.3333333333333333,3.0,6299.549999999999,2099.85,2023.610255879328,105,0,1.0,3.0,6.0,1.0,1.0,1.0,1.0,3.0,4.0,1.0,1.0,1.0,0.3333333333333333,2099.85,4353.73,0.6911176195125048,169.32,0.0,0.0,1.0,1.0,18.0,0.0,41.0,3,9.0,1,1,1,1,1,25,25,134,0.1691,0.0224,0.2258,0.1728,T3,False,none,0.521681,0.577315,0.83084,0.792088,1.123263,0.706772,0.668698,0.641197,0.801664,0.72678,0.321688,1.0,18.0,0.25,6.333333,12.5,0.33333,2.527778
c91f2014-ac75-4409-a6e3-5f7a0b5d8d39,1.0,0.1111111111111111,1.0,4226.7,4226.7,0.0,65,1,1.0,1.0,9.0,1.0,1.0,1.0,1.0,1.0,5.0,1.0,1.0,1.0,0.1111111111111111,4226.7,4226.7,1.0,0.0,13.0,1.0,1.0,1.0,21.0,3.0,95.0,3,3.0,1,1,1,1,1,32,32,96,0.2355,0.0,0.1833,0.0828,T3,False,none,0.621592,0.607297,1.136082,0.837921,0.215092,1.154918,1.484232,1.11231,0.738577,0.912986,0.176417,1.0,21.0,0.5,7.666667,16.0,0.11111,3.055556
5c353d6b-cc42-4962-a0d9-813b307ef526,4.0,0.4444444444444444,4.0,11286.869999999999,2821.7174999999997,1934.295550605353,81,1,2.0,2.0,5.0,2.0,1.0,0.75,1.0,4.0,3.0,1.0,1.0,1.0,0.4444444444444444,2821.7174999999997,4787.82,0.42419377559943544,165.7125,2.0,0.25,3.0,0.5,24.0,2.0,82.0,6,12.0,2,1,3,2,1,63,64,121,0.174,0.0,0.2013,0.1186,T3,False,none,0.498859,0.778458,0.86142,0.648215,0.581664,0.706758,0.537511,0.590943,0.714102,0.656627,0.329715,0.666667,12.0,0.166667,8.666667,21.0,0.888871,3.166667
984905fa-bc01-4983-b5d5-a2e75a79242d,2.0,0.2222222222222222,2.0,8091.99,4045.995,985.6290712281163,63,0,1.0,2.0,10.0,1.0,1.0,1.0,1.0,2.0,6.0,1.0,1.0,1.0,0.2222222222222222,4045.995,4742.94,0.5861277633808247,68.7975,20.0,0.5,2.0,0.5,23.0,0.0,79.0,4,6.0,1,1,2,1,1,53,53,198,0.0889,0.0,0.2489,0.1724,T3,False,none,0.573117,0.568228,0.70115,0.46487,1.848264,0.657786,0.991786,0.744928,0.7705,0.758567,0.317553,1.0,11.5,0.166667,8.0,26.5,0.444436,3.055556
bf202d43-f2bf-4b0b-ae79-49bff12e4c47,5.0,0.5555555555555556,3.0,12295.75,2459.15,1653.6959375139072,38,1,1.0,5.0,5.0,1.0,1.0,1.0,3.0,1.6666666666666667,5.0,3.0,1.0,0.6,0.5555555555555556,2459.15,4903.68,0.398810971270561,69.15444444444445,15.0,0.2,2.0,0.8,16.0,3.0,27.4,6,15.0,1,3,2,1,3,42,42,50,0.2482,0.04,0.0909,0.0909,T3,False,none,0.796928,0.879037,0.777586,0.799193,0.707334,0.618831,0.655089,0.681802,0.799343,0.744491,0.51128,2.0,12.8,0.133333,6.0,21.0,0.694436,2.711111
a81f7a61-12cc-4c4f-b738-6857cfe943c5,5.0,0.5555555555555556,4.0,18789.940000000002,3757.9880000000003,1298.602578339501,37,1,1.0,5.0,5.0,1.0,1.0,1.0,2.0,2.5,6.0,2.0,1.0,0.8,0.5555555555555556,3757.9880000000003,4884.72,0.25996464065345604,86.45805555555556,6.0,0.2,4.0,0.4,23.0,1.0,49.0,7,15.0,1,2,4,1,2,91,93,198,0.0889,0.0,0.2489,0.1724,T3,False,none,0.796928,0.398293,0.740497,1.108044,1.848264,0.959315,0.71333,0.830924,0.977404,0.909047,0.850838,1.5,9.2,0.066667,8.333333,45.5,1.388854,3.3
574bd314-5226-4bb1-becb-4b36b5d2e8c3,2.0,0.2222222222222222,1.0,2907.74,1453.87,1652.6499689891987,36,0,1.0,2.0,7.0,1.0,1.0,1.0,1.0,2.0,2.0,1.0,1.0,1.0,0.2222222222222222,1453.87,2622.47,0.9018928790056883,1.9894444444444443,16.0,0.0,2.0,0.5,29.0,0.0,69.0,4,6.0,1,1,2,1,1,62,62,89,0.2523,0.0,0.1667,0.1056,T3,False,none,0.444267,0.67621,0.832451,0.551702,0.277908,0.896587,1.110793,0.838754,0.595686,0.709118,0.282882,1.0,14.5,0.166667,10.0,31.0,0.444436,3.722222
8ab30ec0-04ce-4bef-8421-5b4e307bf38b,1.0,0.1111111111111111,1.0,4605.72,4605.72,0.0,103,0,1.0,1.0,8.0,1.0,1.0,1.0,1.0,1.0,4.0,1.0,1.0,1.0,0.1111111111111111,4605.72,4605.72,1.0,0.0,10.0,0.0,1.0,1.0,23.0,0.0,55.0,3,3.0,1,1,1,1,1,31,32,121,0.1789,0.0083,0.2434,0.1287,T3,False,none,0.562159,0.634241,0.765032,0.842796,0.804265,1.40477,1.301123,1.129475,0.768035,0.936707,0.246985,1.0,23.0,0.5,8.0,15.5,0.11111,3.166667
2fd1b820-269d-4ff6-b2a5-ea740c161c0d,0.0,0.0,0.0,0.0,0.0,0.0,33,1,0.0,0.0,0.0,0.0,0.0,0.0,0.0,0.0,0.0,0.0,0.0,0.0,0.0,0.0,0.0,0.0,0.0,0.0,0.0,0.0,0.0,0.0,0.0,0.0,0,0.0,0,0,0,0,0,0,0,1,0.0,0.0,0.0,0.0,T3,False,none,2.767811,2.428211,2.297128,2.075966,2.409508,1.587866,1.781581,1.989565,2.265693,2.136833,0.0,0.0,0.0,0.0,0.333333,0.0,0.0,0.111111
85fd1df2-24c7-407b-a5e4-f304b6269d08,3.0,0.3333333333333333,3.0,3664.71,1221.57,1947.0600809682273,98,0,1.0,3.0,5.0,1.0,1.0,1.0,3.0,1.0,7.0,2.0,0.6666666666666666,0.3333333333333333,0.3333333333333333,1221.57,3469.69,0.9467843294558096,51.83972222222222,5.0,0.6666666666666666,2.0,0.6666666666666666,21.0,2.0,101.33333333333333,6,9.0,1,3,2,1,2,50,51,108,0.1587,0.0,0.2348,0.071,T3,False,none,0.581114,1.202227,0.618753,0.505412,0.625422,0.827301,0.782855,0.742146,0.72323,0.732058,0.378099,1.333333,14.0,0.111111,7.222222,25.0,0.499993,2.888889
bce290fa-ab57-45b2-91bf-6d7e88e4bada,1.0,0.1111111111111111,1.0,3766.0,3766.0,0.0,79,1,1.0,1.0,8.0,1.0,1.0,1.0,1.0,1.0,4.0,1.0,1.0,1.0,0.1111111111111111,3766.0,3766.0,1.0,0.0,23.0,0.0,1.0,1.0,25.0,2.0,28.0,3,3.0,1,1,1,1,1,34,34,121,0.1789,0.0083,0.2434,0.1287,T3,False,none,0.562159,0.634241,0.849758,0.818625,0.804265,1.182417,1.38846,1.073881,0.776622,0.915343,0.279595,1.0,25.0,0.5,9.0,17.0,0.11111,3.5
5b9b82fc-8e08-48b8-8d6a-0637e59d8135,4.0,0.4444444444444444,3.0,13337.9,3334.475,1608.1774046105734,58,0,1.0,4.0,6.0,1.0,1.0,1.0,1.0,4.0,3.0,1.0,1.0,1.0,0.4444444444444444,3334.475,4952.62,0.37131932313182736,152.20194444444445,3.0,0.0,2.0,0.75,17.0,0.0,35.25,4,12.0,1,1,2,1,1,39,39,110,0.1791,0.0,0.2044,0.1366,T3,False,none,0.629588,0.778458,0.557297,0.516982,0.622351,0.563666,0.730889,0.638242,0.608312,0.622279,0.16059,1.0,12.75,0.15,6.0,19.5,0.592585,2.383333
499a2a0d-dac1-41ee-8276-a8ab5130e1b1,4.0,0.4444444444444444,2.0,11791.92,2947.98,1262.9142250894688,52,0,2.0,2.0,7.0,2.0,1.0,0.5,2.0,2.0,10.0,2.0,1.0,0.75,0.4444444444444444,2947.98,4196.11,0.35584620655499694,195.0861111111111,21.0,0.0,2.0,0.75,24.0,0.0,84.25,6,12.0,2,2,2,2,2,67,68,67,0.2469,0.0,0.1605,0.1111,T3,False,none,0.545008,0.72193,0.688711,0.54721,0.434357,0.468337,0.924849,0.642414,0.601561,0.620625,0.637492,1.0,18.0,0.25,8.333333,22.333333,0.592585,3.194444
f1c53126-4f0e-4883-ac85-0a0af1370168,2.0,0.2222222222222222,2.0,2952.74,1476.37,1941.1212514420627,102,0,1.0,2.0,5.0,1.0,1.0,1.0,2.0,1.0,4.0,2.0,1.0,0.5,0.2222222222222222,1476.37,2848.95,0.9648495973231642,88.47555555555556,15.0,0.0,2.0,0.5,20.0,0.0,47.0,5,6.0,1,2,2,1,2,44,44,198,0.0889,0.0,0.2489,0.1724,T3,False,none,0.563133,0.626569,0.443444,0.423337,1.848264,1.021336,0.924016,0.85798,0.715822,0.782163,0.32624,1.5,10.0,0.166667,7.0,22.0,0.444436,2.888889
539be422-3bfe-4a69-bf5d-84bea7718b69,8.0,0.8888888888888888,6.0,23635.71,2954.46375,1531.6225596493364,74,0,2.0,4.0,7.0,2.0,1.0,0.625,5.0,1.6,5.0,5.0,1.0,0.25,0.8888888888888888,2954.46375,4892.92,0.2070138785761037,198.9363888888889,0.0,0.0,3.0,0.375,24.0,1.0,79.125,10,24.0,2,5,3,2,5,78,82,110,0.1928,0.0091,0.1832,0.0943,T3,True,cluster_004,0.588389,1.964112,0.847757,2.089094,0.231917,1.587279,1.214757,1.177708,1.489707,1.344108,1.339095,2.0,9.0,0.075,8.333333,26.0,2.370307,3.469444
72259ffb-eff8-4a96-b24b-59c8b122484c,1.0,0.1111111111111111,1.0,4018.24,4018.24,0.0,106,0,1.0,1.0,9.0,1.0,1.0,1.0,1.0,1.0,4.0,1.0,1.0,1.0,0.1111111111111111,4018.24,4018.24,1.0,0.0,18.0,0.0,1.0,1.0,22.0,3.0,93.0,3,3.0,1,1,1,1,1,32,32,84,0.204,0.0,0.1092,0.124,T3,False,none,0.621592,0.634241,1.129753,0.837921,0.51107,1.360584,1.336988,1.141578,0.793324,0.955843,0.219858,1.0,22.0,0.5,7.666667,16.0,0.11111,3.055556
2e0da2fc-bb6f-41c1-9649-0f9aa6114fee,2.0,0.2222222222222222,2.0,1411.23,705.615,55.953359595291545,92,0,1.0,2.0,6.0,1.0,1.0,1.0,1.0,2.0,5.0,1.0,1.0,1.0,0.2222222222222222,705.615,745.18,0.5280358269027727,30.56222222222222,1.0,0.5,1.0,1.0,14.0,1.0,70.0,3,6.0,1,1,1,1,1,22,22,154,0.1225,0.0,0.2652,0.1509,T3,False,none,0.5037,0.487191,0.913367,0.877716,1.400021,1.135459,1.046289,0.925233,0.874563,0.898209,0.286017,1.0,14.0,0.333333,5.0,11.0,0.22222,2.111111
8d6da392-afb0-4b4d-a3b0-bd922edcd84a,5.0,0.5555555555555556,4.0,17767.11,3553.422,1635.7609358399534,72,1,2.0,2.5,5.0,2.0,1.0,0.8,2.0,2.5,5.0,2.0,1.0,0.6,0.5555555555555556,3553.422,4942.3,0.27817129516280364,124.86305555555556,12.0,0.2,1.0,1.0,24.0,2.0,38.0,5,15.0,2,2,1,2,2,36,36,121,0.1789,0.0083,0.2434,0.1287,T3,False,none,0.429884,0.417536,0.729962,0.624615,0.804265,0.976022,0.765802,0.749909,0.624734,0.683149,0.382156,1.0,24.0,0.285714,8.666667,12.0,0.55555,3.31746
ec1cd79d-309d-4063-a3a4-02f148f74d8d,4.0,0.4444444444444444,4.0,9378.619999999999,2344.6549999999997,1662.2327883001226,59,1,1.0,4.0,8.0,1.0,1.0,1.0,2.0,2.0,3.0,2.0,1.0,0.5,0.4444444444444444,2344.6549999999997,4738.24,0.5052171854707835,137.65527777777777,8.0,0.0,2.0,0.75,23.0,1.0,45.25,5,12.0,1,2,2,1,2,48,49,154,0.1225,0.0,0.2652,0.1509,T3,False,none,0.58014,0.5875,0.193896,0.338196,1.400021,0.452648,0.417529,0.477368,0.54743,0.514734,0.324462,1.5,17.25,0.15,8.333333,24.0,0.592585,3.327778
f2a3c66c-e270-4ed0-8cdb-c2d7a10d0428,3.0,0.3333333333333333,3.0,11260.6,3753.5333333333333,1209.3227720643213,34,1,1.0,3.0,10.0,1.0,1.0,1.0,3.0,1.0,5.0,3.0,1.0,0.3333333333333333,0.3333333333333333,3753.5333333333333,4672.43,0.4149361490506723,124.78138888888888,10.0,0.3333333333333333,2.0,0.6666666666666666,23.0,0.0,76.66666666666667,6,9.0,1,3,2,1,3,58,58,89,0.2321,0.0,0.0992,0.0863,T3,False,none,0.591098,1.132732,0.558708,0.710895,0.403244,0.540416,0.532357,0.55221,0.733374,0.648831,0.514584,2.0,15.333333,0.166667,8.333333,29.0,0.499993,3.5
5809dbfa-8b47-477e-ae95-6228485e8177,4.0,0.4444444444444444,4.0,9043.09,2260.7725,2008.3399097658578,50,0,2.0,2.0,8.0,2.0,1.0,0.75,1.0,4.0,8.0,1.0,1.0,1.0,0.4444444444444444,2260.7725,4047.3,0.4475571956045998,235.77,13.0,0.0,3.0,0.5,22.0,1.0,86.75,6,12.0,2,1,3,2,1,74,75,121,0.1789,0.0083,0.2434,0.1287,T3,False,none,0.389978,0.913587,0.747863,0.754343,0.804265,0.516489,0.695487,0.540009,0.801124,0.679271,0.511593,0.666667,11.0,0.166667,7.666667,24.666667,0.888871,2.833333
da1072fd-efb4-450a-8f3f-1e85548ba039,2.0,0.2222222222222222,2.0,3889.5899999999997,1944.7949999999998,1370.1820231086085,65,1,1.0,2.0,4.0,1.0,1.0,1.0,1.0,2.0,4.0,1.0,1.0,1.0,0.2222222222222222,1944.7949999999998,2913.66,0.7490918065914403,33.17861111111111,1.0,0.0,2.0,0.5,16.0,1.0,88.0,4,6.0,1,1,2,1,1,33,33,108,0.1587,0.0,0.2348,0.071,T3,False,none,0.622565,0.514136,0.727389,0.616647,0.625422,0.635866,0.784049,0.68146,0.615553,0.64631,0.034805,1.0,8.0,0.166667,6.0,16.5,0.444436,2.388889
bc18545e-9898-489c-9799-c7d1d9bf8525,2.0,0.2222222222222222,2.0,4460.35,2230.175,975.4467335790306,34,0,2.0,1.0,11.0,2.0,1.0,0.5,1.0,2.0,1.0,0.0,0.0,1.0,0.2222222222222222,2230.175,2919.92,0.654639209927472,32.38722222222222,11.0,1.0,1.0,1.0,23.0,0.0,89.0,4,6.0,2,1,1,2,0,34,34,110,0.1928,0.0091,0.1832,0.0943,T3,False,none,0.841199,1.531999,1.050375,0.856416,0.231917,0.61549,0.863038,0.762494,0.961637,0.868704,0.138994,0.0,23.0,0.0,7.666667,11.333333,0.22222,2.555556
078fefe8-59a8-4df2-a651-a2adadbe0db7,4.0,0.4444444444444444,3.0,10096.43,2524.1075,1757.5629519190297,79,1,1.0,4.0,7.0,1.0,1.0,1.0,1.0,4.0,5.0,1.0,1.0,1.0,0.4444444444444444,2524.1075,4684.66,0.46399172776912234,160.81444444444443,2.0,0.0,1.0,1.0,24.0,2.0,95.0,3,12.0,1,1,1,1,1,33,33,134,0.1691,0.0224,0.2258,0.1728,T3,False,none,0.570155,0.670476,1.035959,0.729812,1.123263,0.51676,0.573543,0.550943,0.844334,0.707418,0.379579,1.0,24.0,0.2,8.666667,16.5,0.44444,3.288889
33a78ae7-d98c-40c4-91fd-852a93f06e52,4.0,0.4444444444444444,2.0,12095.61,3023.9025,1438.5802783155111,44,1,2.0,2.0,9.0,2.0,1.0,0.75,1.0,4.0,6.0,1.0,1.0,1.0,0.4444444444444444,3023.9025,4999.75,0.4133524477062339,39.38638888888889,0.0,0.0,2.0,0.75,18.0,3.0,88.5,5,12.0,2,1,2,2,1,52,52,67,0.2687,0.0,0.1443,0.07,T3,False,none,0.449411,0.751513,0.831473,0.367689,0.56421,0.54988,0.790787,0.601477,0.59302,0.596967,0.180414,0.666667,13.5,0.25,6.666667,17.333333,0.592585,2.527778
e9c0e61d-3589-41bc-be31-49f16150d44a,3.0,0.3333333333333333,2.0,10377.919999999998,3459.306666666666,1460.0719862162046,102,0,1.0,3.0,4.0,1.0,1.0,1.0,2.0,1.5,6.0,2.0,1.0,0.6666666666666666,0.3333333333333333,3459.306666666666,4323.48,0.416603712497302,12.612777777777778,10.0,0.0,2.0,0.6666666666666666,24.0,0.0,49.0,5,9.0,1,2,2,1,2,57,57,108,0.1587,0.0,0.2348,0.071,T3,False,none,0.640547,0.512093,0.362388,0.359595,0.625422,0.748122,0.727314,0.71045,0.442606,0.5676,0.266605,1.5,16.0,0.166667,8.333333,28.5,0.499993,3.333333
309f9635-ee81-4476-89bf-26e45ede2fcb,4.0,0.4444444444444444,3.0,9589.78,2397.445,1887.504047333409,86,0,1.0,4.0,10.0,1.0,1.0,1.0,1.0,4.0,1.0,0.0,0.0,1.0,0.4444444444444444,2397.445,4402.65,0.4590981232103343,186.99083333333334,4.0,0.0,3.0,0.5,27.0,0.0,81.5,5,12.0,1,1,3,1,0,71,71,110,0.1928,0.0091,0.1832,0.0943,T3,False,none,0.699006,1.715285,1.065477,0.789403,0.231917,0.558711,0.534483,0.590719,0.985475,0.801255,0.277853,0.0,13.5,0.0,9.0,35.5,0.888871,3.0
915bcbee-862d-4fd2-8da6-8f7c7fd859eb,4.0,0.4444444444444444,3.0,14338.05,3584.5125,1018.1576512955479,33,0,1.0,4.0,3.0,1.0,1.0,1.0,1.0,4.0,2.0,1.0,1.0,1.0,0.4444444444444444,3584.5125,4362.2,0.3042394188889005,69.2611111111111,1.0,0.0,3.0,0.5,24.0,2.0,58.25,5,12.0,1,1,3,1,1,59,60,134,0.1691,0.0224,0.2258,0.1728,T3,False,none,0.807887,0.859495,0.6621,0.538169,1.123263,0.632444,0.780488,0.731918,0.741835,0.737207,0.390603,1.0,12.0,0.1,8.333333,29.5,0.888871,3.144444
f6ae2a0d-a773-4500-a94d-4d9f1905ac2b,3.0,0.3333333333333333,2.0,10212.019999999999,3404.006666666666,1601.1115047470403,84,1,1.0,3.0,6.0,1.0,1.0,1.0,2.0,1.5,4.0,2.0,1.0,0.6666666666666666,0.3333333333333333,3404.006666666666,4444.23,0.4351959749393362,129.53666666666666,0.0,0.6666666666666666,2.0,0.6666666666666666,22.0,0.0,69.0,5,9.0,1,2,2,1,2,46,48,95,0.2056,0.0211,0.1855,0.0916,T3,False,none,0.521681,0.458001,0.458495,0.337811,0.105784,0.657575,0.701923,0.633531,0.35433,0.484623,0.150733,1.5,14.666667,0.166667,8.0,23.0,0.499993,3.222222
b96d1f70-5223-47e1-be13-d9160c7d8ee7,1.0,0.1111111111111111,1.0,2409.53,2409.53,0.0,63,1,1.0,1.0,3.0,1.0,1.0,1.0,1.0,1.0,4.0,1.0,1.0,1.0,0.1111111111111111,2409.53,2409.53,1.0,0.0,20.0,0.0,1.0,1.0,27.0,1.0,106.0,3,3.0,1,1,1,1,1,31,31,67,0.2469,0.0,0.1605,0.1111,T3,False,none,0.789906,0.634241,1.154209,0.847569,0.434357,0.958058,1.222701,0.998229,0.789252,0.886775,0.310852,1.0,27.0,0.5,9.666667,15.5,0.11111,3.722222
484c5972-535a-497b-9511-b9a4be0bd1c1,2.0,0.2222222222222222,2.0,5478.96,2739.48,1961.6697745033441,45,1,1.0,2.0,6.0,1.0,1.0,1.0,1.0,2.0,3.0,1.0,1.0,1.0,0.2222222222222222,2739.48,4126.59,0.7531703096938105,35.1725,0.0,0.0,1.0,1.0,22.0,2.0,70.0,3,6.0,1,1,1,1,1,28,28,121,0.1789,0.0083,0.2434,0.1287,T3,False,none,0.5037,0.595173,0.754407,0.819829,0.804265,0.67403,0.784455,0.662173,0.747441,0.707649,0.23068,1.0,22.0,0.333333,8.0,14.0,0.22222,3.111111
d14d787b-57b5-49a8-8106-4d62e3e9e326,2.0,0.2222222222222222,2.0,5329.28,2664.64,2558.3264764685523,73,1,2.0,1.0,11.0,2.0,1.0,0.5,1.0,2.0,1.0,0.0,0.0,1.0,0.2222222222222222,2664.64,4473.65,0.8394473549897922,101.84555555555555,16.0,0.5,1.0,1.0,22.0,0.0,41.0,4,6.0,2,1,1,2,0,36,36,67,0.2687,0.0,0.1443,0.07,T3,False,none,0.841199,1.531999,0.733684,0.83712,0.56421,0.827291,0.748272,0.804925,0.943806,0.878995,0.175301,0.0,22.0,0.0,7.666667,12.0,0.22222,2.555556
e23246a3-4921-4262-b499-e5661b744dc4,4.0,0.4444444444444444,3.0,11660.52,2915.13,2053.58967579537,68,0,3.0,1.3333333333333333,8.0,3.0,1.0,0.5,4.0,1.0,7.0,4.0,1.0,0.25,0.4444444444444444,2915.13,4698.89,0.40297430989355537,114.09805555555556,1.0,0.25,1.0,1.0,19.0,0.0,31.0,8,12.0,3,4,1,3,4,49,50,110,0.1791,0.0,0.2044,0.1366,T3,False,none,1.080936,1.773657,0.878894,1.482357,0.622351,0.603068,0.474086,0.696607,1.286126,1.011017,1.052674,1.25,19.0,0.428571,6.666667,12.25,0.44444,2.781746
ec634e4b-e37c-44d5-ab5c-2237fea68524,2.0,0.2222222222222222,2.0,1015.9499999999999,507.97499999999997,593.1848076695828,41,1,2.0,1.0,7.0,2.0,1.0,0.5,1.0,2.0,5.0,1.0,1.0,1.0,0.2222222222222222,507.97499999999997,927.42,0.9128598848368522,37.67472222222222,4.0,1.0,2.0,0.5,19.0,3.0,49.0,5,6.0,2,1,2,2,1,44,44,129,0.1169,0.0,0.1879,0.1099,T3,False,none,0.652915,0.487191,0.556471,0.464763,0.675501,0.93226,1.430686,1.018589,0.524599,0.755128,0.092977,0.666667,9.5,0.25,7.0,14.666667,0.444436,2.638889
731d1f18-aecd-461f-a2a2-fe36f6b8f043,3.0,0.3333333333333333,2.0,10194.49,3398.1633333333334,1894.0096036275354,108,1,2.0,1.5,6.0,2.0,1.0,0.6666666666666666,1.0,3.0,2.0,1.0,1.0,1.0,0.3333333333333333,3398.1633333333334,4770.31,0.4679302250529453,95.17555555555556,18.0,0.0,1.0,1.0,19.0,2.0,107.0,4,9.0,2,1,1,2,1,28,28,129,0.1169,0.0,0.1879,0.1099,T3,False,none,0.548385,0.739389,1.126212,0.717388,0.675501,0.835444,0.759849,0.728229,0.801079,0.767082,0.176865,0.666667,19.0,0.4,7.0,9.333333,0.33333,2.688889
e94f1efe-f9d6-40eb-8d15-d325695a6f96,2.0,0.2222222222222222,2.0,8840.380000000001,4420.1900000000005,48.564093731891326,66,1,2.0,1.0,11.0,2.0,1.0,0.5,1.0,2.0,2.0,1.0,1.0,1.0,0.2222222222222222,4420.1900000000005,4454.53,0.503884448406064,76.55972222222222,11.0,0.0,2.0,0.5,20.0,3.0,73.5,5,6.0,2,1,2,2,1,52,52,108,0.1587,0.0,0.2348,0.071,T3,False,none,0.841199,0.67621,0.726215,0.409466,0.625422,0.880457,0.800242,0.842502,0.578134,0.701506,0.040455,0.666667,10.0,0.25,7.333333,17.333333,0.444436,2.75
0ae83b87-6e3c-4c86-be3d-8e740e274d5c,4.0,0.4444444444444444,3.0,12773.15,3193.2875,1894.903917957759,67,1,1.0,4.0,5.0,1.0,1.0,1.0,2.0,2.0,4.0,1.0,0.5,0.75,0.4444444444444444,3193.2875,4783.46,0.374493370859968,58.471944444444446,0.0,0.5,2.0,0.75,21.0,3.0,101.75,5,12.0,1,2,2,1,1,39,40,96,0.2355,0.0,0.1833,0.0828,T3,False,none,0.689021,0.579217,0.83506,0.429094,0.215092,0.622524,0.741328,0.681125,0.515534,0.59281,0.103538,0.75,15.75,0.075,7.5,19.5,0.592585,2.775
205489bc-b0ab-42e3-9162-1ea914f46c06,0.0,0.0,0.0,0.0,0.0,0.0,109,1,0.0,0.0,0.0,0.0,0.0,0.0,0.0,0.0,0.0,0.0,0.0,0.0,0.0,0.0,0.0,0.0,0.0,0.0,0.0,0.0,0.0,0.0,0.0,0.0,0,0.0,0,0,0,0,0,0,0,1,0.0,0.0,0.0,0.0,T3,False,none,2.767811,2.428211,2.297128,2.075966,2.409508,1.771343,1.781581,2.059461,2.265693,2.169452,0.0,0.0,0.0,0.0,0.333333,0.0,0.0,0.111111
6f278266-59de-432b-8d99-7ada6fcf175d,2.0,0.2222222222222222,2.0,3958.88,1979.44,1823.472825188245,95,0,1.0,2.0,5.0,1.0,1.0,1.0,2.0,1.0,5.0,2.0,1.0,0.5,0.2222222222222222,1979.44,3268.83,0.8256956512953159,81.41805555555555,2.0,0.5,2.0,0.5,23.0,0.0,87.5,5,6.0,1,2,2,1,2,51,52,154,0.1225,0.0,0.2652,0.1509,T3,False,none,0.563133,0.599624,0.772486,0.363165,1.400021,0.87709,0.630563,0.705212,0.680364,0.69196,0.319985,1.5,11.5,0.166667,8.0,25.5,0.444436,3.222222
da2143d0-5602-46ea-a79a-d2c8f54abb00,5.0,0.5555555555555556,5.0,11677.91,2335.582,1488.4362111860892,89,0,2.0,2.5,8.0,2.0,1.0,0.8,1.0,5.0,4.0,1.0,1.0,1.0,0.5555555555555556,2335.582,4064.17,0.3480220347647824,184.10416666666666,3.0,0.2,2.0,0.8,22.0,0.0,47.6,5,15.0,2,1,2,2,1,55,55,67,0.2687,0.0,0.1443,0.07,T3,False,none,0.321003,0.817527,0.357481,0.453318,0.56421,0.85627,0.561144,0.604961,0.542886,0.571855,0.160708,0.666667,17.6,0.228571,7.666667,18.333333,0.694436,2.853968
e4d76736-e3cd-48f7-b7ce-3255109e3802,2.0,0.2222222222222222,1.0,8360.460000000001,4180.2300000000005,675.456681660638,105,1,2.0,1.0,7.0,2.0,1.0,0.5,1.0,2.0,10.0,1.0,1.0,1.0,0.2222222222222222,4180.2300000000005,4657.85,0.557128435516706,7.6475,6.0,0.0,1.0,1.0,12.0,3.0,32.0,4,6.0,2,1,1,2,1,30,30,154,0.1225,0.0,0.2652,0.1509,T3,False,none,0.652915,0.892376,1.203277,0.754777,1.400021,1.021984,0.855762,0.861128,0.990155,0.929942,0.507027,0.666667,12.0,0.5,4.666667,10.0,0.22222,1.944444
a39a5bb5-203f-413e-a650-e444863e3260,5.0,0.5555555555555556,5.0,10472.36,2094.472,745.0256863155793,99,1,1.0,5.0,6.0,1.0,1.0,1.0,2.0,2.5,6.0,2.0,1.0,0.6,0.5555555555555556,2094.472,3023.52,0.28871429171648033,146.73611111111111,9.0,0.2,3.0,0.6,24.0,2.0,59.8,6,15.0,1,2,3,1,2,70,70,67,0.2469,0.0,0.1605,0.1111,T3,False,none,0.737495,0.498573,0.601392,0.726237,0.434357,0.89773,0.515526,0.724547,0.594665,0.655277,0.542605,1.5,14.4,0.1,8.666667,35.0,0.92591,3.422222
37c4923f-81fa-418c-be5f-a2790126e3db,2.0,0.2222222222222222,2.0,5482.92,2741.46,3068.009044347816,91,0,2.0,1.0,8.0,2.0,1.0,0.5,1.0,2.0,5.0,1.0,1.0,1.0,0.2222222222222222,2741.46,4910.87,0.8956669074142974,54.26444444444444,6.0,0.0,1.0,1.0,28.0,3.0,108.0,4,6.0,2,1,1,2,1,40,40,30,0.8828,0.0333,0.0244,0.0217,T3,False,none,0.6629,0.487191,1.470865,0.658297,3.2248,1.026341,0.774127,0.838429,1.212556,1.037964,0.90663,0.666667,28.0,0.5,9.666667,13.333333,0.22222,3.611111
ee2eeea5-458e-48fb-80d3-9ade63a67dbc,6.0,0.6666666666666666,4.0,6387.17,1064.5283333333334,1432.8736415806757,53,1,1.0,6.0,8.0,1.0,1.0,1.0,2.0,3.0,5.0,2.0,1.0,0.6666666666666666,0.6666666666666666,1064.5283333333334,3957.25,0.6195623413812377,105.3963888888889,0.0,0.16666666666666666,2.0,0.6666666666666666,20.0,2.0,49.666666666666664,5,18.0,1,2,2,1,2,48,48,67,0.2469,0.0,0.1605,0.1111,T3,False,none,0.795954,0.434183,0.221015,0.456338,0.434357,0.827212,0.706906,0.778179,0.39811,0.575476,0.239024,1.5,13.333333,0.095238,7.333333,24.0,0.999985,2.97619
1e35ed88-4fb2-4350-8ae1-567bfcf8f6c3,4.0,0.4444444444444444,4.0,8696.56,2174.14,2104.8935656702456,82,1,3.0,1.3333333333333333,12.0,3.0,1.0,0.5,3.0,1.3333333333333333,5.0,2.0,0.6666666666666666,0.5,0.4444444444444444,2174.14,4776.53,0.5492436089672238,237.0425,1.0,0.0,2.0,0.75,21.0,2.0,42.75,8,12.0,3,3,2,3,2,63,65,154,0.1225,0.0,0.2652,0.1509,T3,False,none,1.318667,0.891602,0.25023,1.076131,1.400021,0.658017,0.754882,0.879063,0.911918,0.896585,0.593852,0.666667,15.75,0.214286,7.555556,15.75,0.592585,2.812169
6edb55b7-2977-498d-9c08-a577d87ae47b,3.0,0.3333333333333333,3.0,8732.69,2910.896666666667,1601.6389931671038,92,0,2.0,1.5,12.0,2.0,1.0,0.6666666666666666,2.0,1.5,4.0,2.0,1.0,0.6666666666666666,0.3333333333333333,2910.896666666667,4517.02,0.5172541336060252,116.30111111111111,4.0,0.6666666666666666,2.0,0.6666666666666666,23.0,1.0,60.666666666666664,6,9.0,2,2,2,2,2,57,59,198,0.0889,0.0,0.2489,0.1724,T3,False,none,0.736668,0.458001,0.242109,0.440595,1.848264,0.550765,0.474859,0.578578,0.638207,0.61038,0.426616,1.0,15.333333,0.266667,8.0,19.0,0.499993,3.088889
a21e85f5-1642-4077-980b-b6053e4e0e53,3.0,0.3333333333333333,3.0,4033.7299999999996,1344.5766666666666,1479.0661629668002,74,1,1.0,3.0,8.0,1.0,1.0,1.0,2.0,1.5,5.0,2.0,1.0,0.6666666666666666,0.3333333333333333,1344.5766666666666,2946.2,0.7303909780773626,160.93055555555554,12.0,0.0,2.0,0.6666666666666666,18.0,2.0,27.666666666666668,5,9.0,1,2,2,1,2,42,43,89,0.2321,0.0,0.0992,0.0863,T3,False,none,0.472232,0.431056,0.453938,0.381176,0.403244,0.585606,0.719752,0.597929,0.412483,0.499024,0.178623,1.5,12.0,0.166667,6.666667,21.0,0.499993,2.777778
4edb4193-2674-4a10-9a0d-ac1fd2f4fad2,1.0,0.1111111111111111,1.0,4615.54,4615.54,0.0,89,1,1.0,1.0,8.0,1.0,1.0,1.0,1.0,1.0,4.0,1.0,1.0,1.0,0.1111111111111111,4615.54,4615.54,1.0,0.0,21.0,0.0,1.0,1.0,21.0,3.0,24.0,3,3.0,1,1,1,1,1,29,30,110,0.1928,0.0091,0.1832,0.0943,T3,False,none,0.562159,0.634241,0.947579,0.862092,0.231917,1.32282,1.557135,1.183593,0.71791,0.935229,0.140947,1.0,21.0,0.5,7.666667,14.5,0.11111,3.055556
8b837e95-5294-45a4-a566-16b0b878f04a,5.0,0.5555555555555556,5.0,17997.1,3599.4199999999996,903.056044523262,63,1,2.0,2.5,6.0,2.0,1.0,0.8,2.0,2.5,9.0,2.0,1.0,0.8,0.5555555555555556,3599.4199999999996,4452.62,0.2474076378972168,237.8011111111111,5.0,0.0,3.0,0.4,28.0,1.0,56.4,7,15.0,2,2,3,2,2,95,95,121,0.1789,0.0083,0.2434,0.1287,T3,False,none,0.370451,0.641404,0.782094,1.038919,0.804265,0.963618,0.979557,0.799455,0.846926,0.824773,0.88946,1.0,11.2,0.114286,10.0,31.666667,1.388854,3.704762
b5b3d94f-9ce7-49f8-817d-bc1e2b8a7019,4.0,0.4444444444444444,3.0,9339.69,2334.9225,1916.447915865443,86,1,1.0,4.0,5.0,1.0,1.0,1.0,2.0,2.0,5.0,2.0,1.0,0.75,0.4444444444444444,2334.9225,4338.29,0.46450042774438977,211.0425,2.0,0.0,3.0,0.5,28.0,0.0,100.25,6,12.0,1,2,3,1,2,71,72,30,0.8828,0.0333,0.0244,0.0217,T3,False,none,0.689021,0.316745,1.258706,0.683973,3.2248,0.557562,0.62704,0.618281,1.135373,0.894063,1.132332,1.5,14.0,0.1,10.0,35.5,0.888871,3.866667
a1697bda-0285-4f38-9c94-2bb989283bf1,5.0,0.5555555555555556,3.0,14144.66,2828.932,1718.9715055288148,57,1,1.0,5.0,12.0,1.0,1.0,1.0,2.0,2.5,5.0,2.0,1.0,0.6,0.5555555555555556,2828.932,4737.47,0.33492993115423064,148.03833333333333,10.0,0.4,2.0,0.8,18.0,3.0,82.4,5,15.0,1,2,2,1,2,50,51,154,0.1225,0.0,0.2652,0.1509,T3,False,none,0.925779,0.417536,0.817137,0.375585,1.400021,0.65205,0.622058,0.720261,0.648802,0.682149,0.329135,1.5,14.4,0.133333,6.666667,25.0,0.694436,2.766667
44a23e97-f102-4617-8620-afb786dc8108,2.0,0.2222222222222222,2.0,7255.92,3627.96,1278.2793547577933,32,1,1.0,2.0,5.0,1.0,1.0,1.0,1.0,2.0,1.0,0.0,0.0,1.0,0.2222222222222222,3627.96,4531.84,0.624571384469509,186.75055555555556,14.0,0.0,2.0,0.5,19.0,0.0,37.5,4,6.0,1,1,2,1,0,37,37,198,0.0889,0.0,0.2489,0.1724,T3,False,none,0.563133,1.531999,0.559043,0.718286,1.848264,0.695024,0.898815,0.725271,1.076868,0.91279,0.19334,0.0,9.5,0.0,6.666667,18.5,0.444436,2.222222
80f5efb7-ef96-4aaa-a612-4f2daf544191,3.0,0.3333333333333333,3.0,10226.37,3408.7900000000004,1141.864023472147,87,0,1.0,3.0,8.0,1.0,1.0,1.0,2.0,1.5,3.0,2.0,1.0,0.6666666666666666,0.3333333333333333,3408.7900000000004,4074.48,0.3984287679792536,131.15944444444443,0.0,0.3333333333333333,1.0,1.0,20.0,2.0,82.0,4,9.0,1,2,1,1,2,30,30,154,0.1225,0.0,0.2652,0.1509,T3,False,none,0.472232,0.539038,0.880531,0.656666,1.400021,0.541162,0.523356,0.515533,0.79779,0.66607,0.375378,1.5,20.0,0.25,7.0,15.0,0.33333,2.916667
9e2d49f3-af8a-4c64-8459-6039bc88e1f5,6.0,0.6666666666666666,5.0,13174.07,2195.6783333333333,1750.4336041725967,35,1,2.0,3.0,9.0,2.0,1.0,0.8333333333333334,1.0,6.0,4.0,1.0,1.0,1.0,0.6666666666666666,2195.6783333333333,4606.53,0.3496664280666491,184.715,3.0,0.16666666666666666,4.0,0.3333333333333333,21.0,1.0,66.33333333333333,7,18.0,2,1,4,2,1,82,83,50,0.2482,0.04,0.0909,0.0909,T3,False,none,0.440951,0.937633,0.888783,1.11455,0.707334,0.985847,0.729925,0.744855,0.955417,0.857155,0.478137,0.666667,7.0,0.083333,7.666667,27.333333,1.99994,2.805556
29d771b3-0138-4d76-a492-e6c01e5cad55,4.0,0.4444444444444444,3.0,11507.77,2876.9425,1726.416889347703,96,1,2.0,2.0,9.0,2.0,1.0,0.75,3.0,1.3333333333333333,4.0,3.0,1.0,0.5,0.4444444444444444,2876.9425,4722.19,0.410347964896761,175.6725,3.0,0.0,3.0,0.5,19.0,2.0,78.25,8,12.0,2,3,3,2,3,68,69,129,0.1169,0.0,0.1879,0.1099,T3,False,none,0.449411,1.011127,0.819492,1.068193,0.675501,0.678983,0.664607,0.608599,0.936665,0.783568,0.718121,1.333333,9.5,0.166667,7.0,22.666667,0.888871,2.833333
12c5a55a-146f-45e3-9088-43881a3b497e,4.0,0.4444444444444444,3.0,4591.4,1147.85,1358.0424709853517,54,1,2.0,2.0,9.0,2.0,1.0,0.75,2.0,2.0,5.0,2.0,1.0,0.75,0.4444444444444444,1147.85,3171.06,0.6906520886875464,190.86666666666667,16.0,0.0,2.0,0.75,21.0,0.0,91.0,6,12.0,2,2,2,2,2,60,60,198,0.0889,0.0,0.2489,0.1724,T3,False,none,0.449411,0.316745,0.663162,0.474901,1.848264,0.503192,0.871717,0.610668,0.703477,0.660166,0.447391,1.0,15.75,0.25,7.666667,20.0,0.592585,2.972222
739364c3-2dce-4c5b-b0a3-e45480308023,2.0,0.2222222222222222,2.0,3138.8,1569.4,467.7794200261486,74,0,1.0,2.0,6.0,1.0,1.0,1.0,2.0,1.0,5.0,2.0,1.0,0.5,0.2222222222222222,1569.4,1900.17,0.6053810373391105,85.15972222222223,12.0,0.5,1.0,1.0,16.0,3.0,78.0,4,6.0,1,2,1,1,2,25,25,67,0.2687,0.0,0.1443,0.07,T3,False,none,0.5037,0.599624,1.172764,0.761591,0.56421,0.819376,0.716582,0.694918,0.773864,0.737022,0.312425,1.5,16.0,0.333333,5.666667,12.5,0.22222,2.5
615b69c4-9dc5-49ef-85d3-920448a989cd,4.0,0.4444444444444444,3.0,11891.859999999999,2972.9649999999997,1353.8484855773188,106,1,1.0,4.0,5.0,1.0,1.0,1.0,3.0,1.3333333333333333,4.0,3.0,1.0,0.5,0.4444444444444444,2972.9649999999997,4148.73,0.34887141288242546,116.26,16.0,0.0,2.0,0.5,25.0,1.0,70.0,6,12.0,1,3,2,1,3,51,51,129,0.1169,0.0,0.1879,0.1099,T3,False,none,0.689021,1.011127,0.51504,0.659738,0.675501,0.688474,0.6561,0.677839,0.720067,0.70036,0.522989,2.0,12.5,0.1,9.0,25.5,0.888871,3.7
8168b348-6688-4230-a63b-23fef8e88af6,5.0,0.5555555555555556,4.0,14031.7,2806.34,1996.488213526441,77,0,1.0,5.0,9.0,1.0,1.0,1.0,2.0,2.5,4.0,2.0,1.0,0.8,0.5555555555555556,2806.34,4878.82,0.34769985105154755,102.10083333333333,12.0,0.6,3.0,0.4,20.0,2.0,70.8,6,15.0,1,2,3,1,2,59,59,154,0.1225,0.0,0.2652,0.1509,T3,False,none,0.74748,0.344201,0.794814,0.620109,1.400021,0.893541,0.708731,0.790206,0.717514,0.751437,0.449104,1.5,8.0,0.066667,7.0,29.5,1.388854,2.855556
802f6cc8-64b6-4625-b60c-09d67ff3e2f1,4.0,0.4444444444444444,4.0,10867.78,2716.945,1629.2870601482925,80,1,3.0,1.3333333333333333,12.0,3.0,1.0,0.5,1.0,4.0,4.0,1.0,1.0,1.0,0.4444444444444444,2716.945,4374.5,0.4025201099028504,206.9488888888889,4.0,0.25,1.0,1.0,17.0,1.0,104.0,5,12.0,3,1,1,3,1,41,41,84,0.204,0.0,0.1092,0.124,T3,False,none,1.318667,0.697421,1.091097,0.850923,0.51107,0.625525,0.52484,0.790004,0.805942,0.798504,0.209329,0.5,17.0,0.428571,6.333333,10.25,0.44444,2.420635
12f34f5f-3611-4466-9552-759f28cd184e,4.0,0.4444444444444444,4.0,3525.3799999999997,881.3449999999999,615.4552766042387,57,0,1.0,4.0,4.0,1.0,1.0,1.0,1.0,4.0,5.0,1.0,1.0,1.0,0.4444444444444444,881.3449999999999,1774.1,0.5032365305300421,80.3236111111111,5.0,0.5,3.0,0.5,19.0,1.0,77.75,5,12.0,1,1,3,1,1,57,57,110,0.1791,0.0,0.2044,0.1366,T3,False,none,0.748454,0.670476,0.733616,0.5141,0.622351,0.708421,0.672116,0.707757,0.616968,0.659337,0.270891,1.0,9.5,0.1,6.666667,28.5,0.888871,2.588889
fdf8cd1a-f10e-4829-aa86-58d5162bcbd2,5.0,0.5555555555555556,5.0,9349.95,1869.9900000000002,1243.6606758276148,43,1,2.0,2.5,7.0,2.0,1.0,0.8,3.0,1.6666666666666667,5.0,3.0,1.0,0.6,0.5555555555555556,1869.9900000000002,3234.81,0.3459708340686313,230.60694444444445,9.0,0.0,2.0,0.6,26.0,0.0,87.8,7,15.0,2,3,2,2,3,59,61,96,0.2355,0.0,0.1833,0.0828,T3,False,none,0.311018,0.879037,0.8089,0.873165,0.215092,0.679977,0.755984,0.599896,0.751566,0.680786,0.618715,1.333333,15.6,0.171429,9.333333,19.666667,0.92591,3.612698
f0a7c061-574b-4b7e-bec7-19dbd7b7a559,2.0,0.2222222222222222,2.0,4066.66,2033.33,2399.679999041539,95,1,1.0,2.0,4.0,1.0,1.0,1.0,1.0,2.0,3.0,1.0,1.0,1.0,0.2222222222222222,2033.33,3730.16,0.9172539627114142,49.37388888888889,18.0,0.0,2.0,0.5,18.0,0.0,83.5,4,6.0,1,1,2,1,1,37,38,134,0.1691,0.0224,0.2258,0.1728,T3,False,none,0.622565,0.595173,0.800202,0.573282,1.123263,0.959803,0.90995,0.846832,0.717693,0.777958,0.223047,1.0,9.0,0.166667,6.666667,18.5,0.444436,2.611111
7aff71b0-065a-4fc0-8b5b-260d1eb380ed,4.0,0.4444444444444444,3.0,11231.07,2807.7675,320.53167928459123,62,1,2.0,2.0,11.0,2.0,1.0,0.75,2.0,2.0,3.0,2.0,1.0,0.75,0.4444444444444444,2807.7675,3085.33,0.2747138073220094,141.19972222222222,2.0,0.25,2.0,0.75,27.0,3.0,55.75,6,12.0,2,2,2,2,2,65,66,121,0.174,0.0,0.2013,0.1186,T3,False,none,0.568277,0.424727,0.638818,0.527914,0.581664,0.508867,0.483178,0.517278,0.534181,0.526293,0.420765,1.0,20.25,0.25,9.666667,21.666667,0.592585,3.638889
775f2432-5179-4bbb-a956-6193a0b51902,7.0,0.7777777777777778,4.0,18758.469999999998,2679.781428571428,1767.2802684485614,65,1,2.0,3.5,10.0,2.0,1.0,0.8571428571428571,1.0,7.0,6.0,1.0,1.0,1.0,0.7777777777777778,2679.781428571428,4705.66,0.2508552136714775,153.0475,19.0,0.14285714285714285,3.0,0.42857142857142855,23.0,0.0,89.42857142857143,6,21.0,2,1,3,2,1,74,74,110,0.1928,0.0091,0.1832,0.0943,T3,False,none,0.570053,1.111831,1.041188,0.919624,0.231917,1.129831,1.020516,0.933456,0.878384,0.904084,0.36029,0.666667,9.857143,0.095238,8.333333,24.666667,1.814772,3.031746
ada5edff-9400-4eaf-b0da-612754428d5d,3.0,0.3333333333333333,2.0,2499.9700000000003,833.3233333333334,672.6983506991327,90,0,2.0,1.5,10.0,2.0,1.0,0.6666666666666666,2.0,1.5,6.0,2.0,1.0,0.6666666666666666,0.3333333333333333,833.3233333333334,1597.51,0.6390116681400176,87.78333333333333,0.0,0.0,3.0,0.3333333333333333,26.0,3.0,56.0,7,9.0,2,2,3,2,2,93,93,96,0.2355,0.0,0.1833,0.0828,T3,False,none,0.617802,0.512093,1.020139,0.94803,0.215092,0.848769,0.868073,0.789213,0.731912,0.758653,0.657781,1.0,8.666667,0.133333,9.0,31.0,0.99997,3.377778
43970d1a-cbcc-4bf0-97db-0e5db898e3a9,1.0,0.1111111111111111,1.0,3996.36,3996.36,0.0,91,0,1.0,1.0,7.0,1.0,1.0,1.0,1.0,1.0,4.0,1.0,1.0,1.0,0.1111111111111111,3996.36,3996.36,1.0,0.0,21.0,0.0,1.0,1.0,20.0,1.0,33.0,3,3.0,1,1,1,1,1,28,28,108,0.1587,0.0,0.2348,0.071,T3,False,none,0.552174,0.634241,0.643918,0.876513,0.625422,1.278304,1.400601,1.111604,0.725639,0.905756,0.133446,1.0,20.0,0.5,7.0,14.0,0.11111,2.833333
5f130085-f6a9-49c5-bbf9-ed787f9af07a,1.0,0.1111111111111111,1.0,743.93,743.93,0.0,56,1,1.0,1.0,9.0,1.0,1.0,1.0,1.0,1.0,2.0,1.0,1.0,1.0,0.1111111111111111,743.93,743.93,1.0,0.0,0.0,0.0,1.0,1.0,18.0,2.0,106.0,3,3.0,1,1,1,1,1,25,26,108,0.1587,0.0,0.2348,0.071,T3,False,none,0.621592,0.796315,1.153691,0.900684,0.625422,1.166692,1.495373,1.120509,0.881425,0.992998,0.133446,1.0,18.0,0.5,6.666667,12.5,0.11111,2.722222
1bf6c739-b7d0-474c-9f50-075a44560409,2.0,0.2222222222222222,2.0,1514.8000000000002,757.4000000000001,161.1213511611667,49,1,1.0,2.0,8.0,1.0,1.0,1.0,2.0,1.0,3.0,2.0,1.0,0.5,0.2222222222222222,757.4000000000001,871.33,0.5752112490097703,21.323333333333334,10.0,0.5,2.0,0.5,19.0,0.0,70.0,5,6.0,1,2,2,1,2,43,43,198,0.0889,0.0,0.2489,0.1724,T3,False,none,0.454251,0.707606,0.651033,0.432985,1.848264,0.921873,1.008779,0.817236,0.782947,0.798948,0.32624,1.5,9.5,0.166667,7.0,21.5,0.444436,2.888889
54934494-ceb2-4308-998d-6296eda50e9c,2.0,0.2222222222222222,2.0,5572.56,2786.28,1212.475997700573,62,0,2.0,1.0,7.0,2.0,1.0,0.5,1.0,2.0,4.0,1.0,1.0,1.0,0.2222222222222222,2786.28,3643.63,0.6538520895243838,61.096666666666664,0.0,0.5,2.0,0.5,23.0,1.0,102.0,5,6.0,2,1,2,2,1,50,50,108,0.1587,0.0,0.2348,0.071,T3,False,none,0.652915,0.514136,0.711856,0.406875,0.625422,0.552404,0.597457,0.596139,0.533652,0.562813,0.061639,0.666667,11.5,0.25,8.0,16.666667,0.444436,2.972222
14cab3a3-8f39-41e0-9bc8-d269fce7a33f,6.0,0.6666666666666666,4.0,15493.57,2582.2616666666668,1806.1162233302337,106,0,1.0,6.0,6.0,1.0,1.0,1.0,1.0,6.0,4.0,1.0,1.0,1.0,0.6666666666666666,2582.2616666666668,4427.76,0.2857804882928854,143.47861111111112,4.0,0.5,3.0,0.5,26.0,2.0,75.5,5,18.0,1,1,3,1,1,75,76,96,0.2355,0.0,0.1833,0.0828,T3,False,none,0.845402,0.937633,0.878611,0.805906,0.215092,1.148359,0.68474,0.90726,0.755516,0.82633,0.327007,1.0,13.0,0.071429,9.0,37.5,1.333307,3.357143
13813139-f0b6-4362-963f-562c687b1eff,5.0,0.5555555555555556,4.0,4360.93,872.186,369.60386866211235,100,0,3.0,1.6666666666666667,12.0,3.0,1.0,0.6,1.0,5.0,5.0,1.0,1.0,1.0,0.5555555555555556,872.186,1256.73,0.2881793562382336,192.37,5.0,0.0,3.0,0.6,20.0,2.0,56.4,7,15.0,3,1,3,3,1,76,76,89,0.2523,0.0,0.1667,0.1056,T3,False,none,1.216693,0.790582,0.52653,1.18684,0.277908,1.090001,1.06391,1.117502,0.798722,0.947486,0.415568,0.5,12.0,0.225,7.0,19.0,0.92591,2.575
e555f1c9-07af-4dbf-83f8-d4bbeb0b65c7,4.0,0.4444444444444444,4.0,11091.64,2772.91,1344.75085447082,95,0,1.0,4.0,9.0,1.0,1.0,1.0,1.0,4.0,4.0,1.0,1.0,1.0,0.4444444444444444,2772.91,4301.39,0.38780468893689307,173.44444444444446,0.0,0.25,2.0,0.75,25.0,3.0,60.5,4,12.0,1,1,2,1,1,53,53,95,0.2056,0.0211,0.1855,0.0916,T3,False,none,0.639573,0.697421,0.606941,0.423093,0.105784,0.676527,0.559075,0.626818,0.477092,0.546964,0.126063,1.0,18.75,0.15,8.666667,26.5,0.592585,3.272222
4c34a4e3-63ea-47ce-8b6a-39bb193e536f,3.0,0.3333333333333333,2.0,8824.79,2941.596666666667,1625.0932059526106,65,0,2.0,1.5,12.0,2.0,1.0,0.6666666666666666,2.0,1.5,5.0,2.0,1.0,0.6666666666666666,0.3333333333333333,2941.596666666667,4546.35,0.5151793980366671,21.380555555555556,7.0,0.0,2.0,0.6666666666666666,26.0,1.0,57.666666666666664,6,9.0,2,2,2,2,2,68,71,96,0.2355,0.0,0.1833,0.0828,T3,False,none,0.736668,0.431056,0.324544,0.551496,0.215092,0.478485,0.535764,0.571345,0.418037,0.48958,0.375055,1.0,17.333333,0.266667,9.0,22.666667,0.499993,3.422222
04e8fd76-32e7-40b4-a4a5-ecaee1ef4171,1.0,0.1111111111111111,1.0,2674.87,2674.87,0.0,80,0,1.0,1.0,8.0,1.0,1.0,1.0,1.0,1.0,6.0,1.0,1.0,1.0,0.1111111111111111,2674.87,2674.87,1.0,0.0,21.0,0.0,1.0,1.0,19.0,1.0,67.0,3,3.0,1,1,1,1,1,30,30,198,0.0889,0.0,0.2489,0.1724,T3,False,none,0.562159,0.688334,0.708835,0.857217,1.848264,1.084209,1.25483,0.991925,0.949258,0.969169,0.379721,1.0,19.0,0.5,6.666667,15.0,0.11111,2.722222
be322b0f-d9d5-439c-85fb-79dc076d1b3e,5.0,0.5555555555555556,4.0,8636.67,1727.334,1612.1585030883289,70,0,1.0,5.0,12.0,1.0,1.0,1.0,2.0,2.5,4.0,2.0,1.0,0.8,0.5555555555555556,1727.334,4476.13,0.5182703518833068,189.16666666666666,5.0,0.2,2.0,0.8,22.0,2.0,73.6,5,15.0,1,2,2,1,2,50,50,121,0.1789,0.0083,0.2434,0.1287,T3,False,none,0.925779,0.344201,0.463807,0.380358,0.804265,0.698795,0.562152,0.7181,0.459355,0.580102,0.273797,1.5,17.6,0.133333,7.666667,25.0,0.694436,3.1
8b259f03-d72f-4b45-9c6b-01d54facf375,4.0,0.4444444444444444,4.0,7017.24,1754.31,1099.143646572185,49,0,3.0,1.3333333333333333,11.0,3.0,1.0,0.5,2.0,2.0,7.0,2.0,1.0,0.5,0.4444444444444444,1754.31,3060.75,0.4361757614104691,136.49972222222223,2.0,0.5,2.0,0.75,23.0,2.0,69.25,7,12.0,3,2,2,3,2,76,77,121,0.1789,0.0083,0.2434,0.1287,T3,False,none,1.259235,0.641592,0.426313,0.995331,0.804265,0.442564,0.509059,0.698064,0.756507,0.729233,0.573792,0.75,17.25,0.321429,8.0,19.0,0.592585,3.02381
b379efe6-f8ba-4f2f-a10b-86d750f9a3a0,3.0,0.3333333333333333,3.0,9274.22,3091.4066666666663,2319.4603813890276,55,0,1.0,3.0,9.0,1.0,1.0,1.0,2.0,1.5,4.0,2.0,1.0,0.6666666666666666,0.3333333333333333,3091.4066666666663,4465.99,0.4815488526258812,195.61916666666667,0.0,0.3333333333333333,2.0,0.6666666666666666,23.0,0.0,37.333333333333336,5,9.0,1,2,2,1,2,50,52,134,0.1691,0.0224,0.2258,0.1728,T3,False,none,0.531665,0.458001,0.412167,0.307295,1.123263,0.513381,0.601526,0.547987,0.502814,0.523895,0.353995,1.5,15.333333,0.166667,8.0,25.0,0.499993,3.222222
cdb438c2-0dad-49b5-92fa-ac773cb8e3fc,0.0,0.0,0.0,0.0,0.0,0.0,36,1,0.0,0.0,0.0,0.0,0.0,0.0,0.0,0.0,0.0,0.0,0.0,0.0,0.0,0.0,0.0,0.0,0.0,0.0,0.0,0.0,0.0,0.0,0.0,0.0,0,0.0,0,0,0,0,0,0,0,1,0.0,0.0,0.0,0.0,T3,False,none,2.767811,2.428211,2.297128,2.075966,2.409508,1.571858,1.781581,1.983467,2.265693,2.133988,0.0,0.0,0.0,0.0,0.333333,0.0,0.0,0.111111
1de47df3-f345-49c8-8f4d-0afaeb8652cd,1.0,0.1111111111111111,1.0,2922.55,2922.55,0.0,50,1,1.0,1.0,12.0,1.0,1.0,1.0,1.0,1.0,2.0,1.0,1.0,1.0,0.1111111111111111,2922.55,2922.55,1.0,0.0,1.0,0.0,1.0,1.0,28.0,1.0,87.0,3,3.0,1,1,1,1,1,39,39,121,0.1789,0.0083,0.2434,0.1287,T3,False,none,0.79989,0.796315,1.030624,0.770386,0.804265,0.981886,1.070716,0.959497,0.836731,0.894022,0.328509,1.0,28.0,0.5,10.0,19.5,0.11111,3.833333
8333362c-8122-4501-b54e-cb40791acf57,3.0,0.3333333333333333,3.0,5529.2699999999995,1843.09,2057.105912270926,50,1,3.0,1.0,10.0,3.0,1.0,0.3333333333333333,1.0,3.0,4.0,1.0,1.0,1.0,0.3333333333333333,1843.09,4211.95,0.7617551684037857,152.62972222222223,6.0,0.0,3.0,0.3333333333333333,25.0,1.0,54.666666666666664,7,9.0,3,1,3,3,1,72,74,121,0.1789,0.0083,0.2434,0.1287,T3,False,none,1.34578,0.577315,0.709078,1.086201,0.804265,0.501548,0.558279,0.761668,0.833423,0.799937,0.453133,0.5,8.333333,0.166667,9.0,18.0,0.99997,3.222222
88ac3f7b-60ee-4560-ab94-4fb24cad4b77,5.0,0.5555555555555556,4.0,8017.07,1603.414,947.8455161733899,64,0,2.0,2.5,11.0,2.0,1.0,0.8,1.0,5.0,6.0,1.0,1.0,1.0,0.5555555555555556,1603.414,2922.66,0.3645546315549197,191.73166666666665,17.0,0.0,4.0,0.4,22.0,3.0,41.0,7,15.0,2,1,4,2,1,97,97,198,0.0889,0.0,0.2489,0.1724,T3,False,none,0.499301,0.871619,1.023504,1.197812,1.848264,0.620992,0.925503,0.687727,1.188358,0.95473,0.754351,0.666667,8.8,0.114286,7.666667,32.333333,1.388854,2.815873
1c29ddba-a5ae-4172-92c4-ad34f08483bc,3.0,0.3333333333333333,3.0,12044.359999999999,4014.7866666666664,896.6422078696347,60,0,2.0,1.5,6.0,2.0,1.0,0.6666666666666666,1.0,3.0,3.0,1.0,1.0,1.0,0.3333333333333333,4014.7866666666664,4797.86,0.39834910281658803,133.8088888888889,11.0,0.3333333333333333,1.0,1.0,19.0,1.0,106.0,4,9.0,2,1,1,2,1,29,29,198,0.0889,0.0,0.2489,0.1724,T3,False,none,0.548385,0.658352,1.03614,0.70774,1.848264,0.54307,0.633729,0.574808,0.953897,0.776989,0.320767,0.666667,19.0,0.4,6.666667,9.666667,0.33333,2.577778
9b8fb018-8fec-48e5-8f58-e2ebac1b248a,3.0,0.3333333333333333,3.0,11554.96,3851.653333333333,1446.441022141357,56,0,1.0,3.0,5.0,1.0,1.0,1.0,1.0,3.0,3.0,1.0,1.0,1.0,0.3333333333333333,3851.653333333333,4711.8,0.40777293906685963,126.6425,7.0,0.0,1.0,1.0,18.0,3.0,73.0,3,9.0,1,1,1,1,1,23,23,121,0.174,0.0,0.2013,0.1186,T3,False,none,0.581114,0.658352,1.059061,0.811384,0.581664,0.515051,0.604725,0.563818,0.786439,0.682549,0.196896,1.0,18.0,0.25,6.333333,11.5,0.33333,2.527778
5ef125d3-2d80-47aa-8fc9-ac8079947395,2.0,0.2222222222222222,2.0,1872.35,936.175,955.0113476027392,104,0,1.0,2.0,9.0,1.0,1.0,1.0,1.0,2.0,3.0,1.0,1.0,1.0,0.2222222222222222,936.175,1611.47,0.8606670761342698,53.97944444444445,16.0,0.0,2.0,0.5,21.0,0.0,39.0,4,6.0,1,1,2,1,1,44,45,108,0.1587,0.0,0.2348,0.071,T3,False,none,0.513684,0.595173,0.474713,0.505746,0.625422,1.003495,1.169758,0.91897,0.541583,0.717697,0.034805,1.0,10.5,0.166667,7.333333,22.0,0.444436,2.833333
e036aa49-e8f9-4065-9d28-6745db7fd42d,3.0,0.3333333333333333,3.0,5973.670000000001,1991.2233333333336,2442.4459136761525,106,1,1.0,3.0,4.0,1.0,1.0,1.0,1.0,3.0,8.0,1.0,1.0,1.0,0.3333333333333333,1991.2233333333336,4811.06,0.8053775986956092,77.64305555555555,0.0,0.0,2.0,0.6666666666666666,26.0,1.0,79.33333333333333,4,9.0,1,1,2,1,1,52,52,110,0.1791,0.0,0.2044,0.1366,T3,False,none,0.640547,0.793482,0.50638,0.398537,0.622351,0.79788,0.742401,0.734434,0.557043,0.639825,0.368456,1.0,17.333333,0.166667,9.333333,26.0,0.499993,3.5
5c8bff76-88ff-4679-ba9f-f53ba66d868a,3.0,0.3333333333333333,3.0,1763.8400000000001,587.9466666666667,492.56071040363474,63,1,2.0,1.5,9.0,2.0,1.0,0.6666666666666666,2.0,1.5,6.0,2.0,1.0,0.6666666666666666,0.3333333333333333,587.9466666666667,1065.49,0.6040740656748911,52.080555555555556,5.0,0.3333333333333333,1.0,1.0,29.0,0.0,43.0,5,9.0,2,2,1,2,2,48,49,154,0.1225,0.0,0.2652,0.1509,T3,False,none,0.55837,0.512093,0.967995,0.432474,1.400021,0.713882,0.781785,0.692084,0.725203,0.709748,0.558996,1.0,29.0,0.4,10.333333,16.0,0.33333,3.911111
c1de1822-69b6-4ffa-a231-26c01e17a75e,6.0,0.6666666666666666,5.0,19377.85,3229.6416666666664,1476.2482522450846,30,1,4.0,1.5,11.0,4.0,1.0,0.3333333333333333,2.0,3.0,7.0,2.0,1.0,0.6666666666666666,0.6666666666666666,3229.6416666666664,4787.73,0.24707230162272903,212.97222222222223,3.0,0.16666666666666666,3.0,0.5,23.0,0.0,78.33333333333333,9,18.0,4,2,3,4,2,94,94,198,0.0889,0.0,0.2489,0.1724,T3,False,none,1.805265,0.596257,0.895418,1.808535,1.848264,1.186042,0.951888,1.284911,1.321854,1.304614,0.912082,0.6,11.5,0.2,8.333333,18.8,1.333307,3.044444
5e36d451-1aed-4b7b-aaa0-2a641db7231e,5.0,0.5555555555555556,3.0,14665.060000000001,2933.012,1688.2530867941573,42,0,1.0,5.0,4.0,1.0,1.0,1.0,2.0,2.5,6.0,2.0,1.0,0.8,0.5555555555555556,2933.012,4503.13,0.30706522850912304,108.095,2.0,0.4,2.0,0.8,21.0,1.0,45.6,5,15.0,1,2,2,1,2,51,51,154,0.1225,0.0,0.2652,0.1509,T3,False,none,0.856361,0.398293,0.18149,0.37477,1.400021,0.726026,0.590955,0.718241,0.511259,0.607851,0.374998,1.5,16.8,0.133333,7.333333,25.5,0.694436,2.988889
99576a0c-ae80-4e03-81c8-621395093391,3.0,0.3333333333333333,3.0,9902.69,3300.896666666667,798.3689712365664,83,1,2.0,1.5,6.0,2.0,1.0,0.6666666666666666,2.0,1.5,5.0,2.0,1.0,0.6666666666666666,0.3333333333333333,3300.896666666667,3817.75,0.3855265589450947,168.4286111111111,6.0,0.0,2.0,0.6666666666666666,22.0,0.0,76.0,6,9.0,2,2,2,2,2,57,57,67,0.2687,0.0,0.1443,0.07,T3,False,none,0.548385,0.431056,0.517242,0.431049,0.56421,0.535482,0.537854,0.539959,0.471201,0.503288,0.297856,1.0,14.666667,0.266667,8.0,19.0,0.499993,3.088889
dd0758b4-6333-4dd2-9cf0-6dc343a66f76,1.0,0.1111111111111111,1.0,1287.95,1287.95,0.0,65,1,1.0,1.0,12.0,1.0,1.0,1.0,1.0,1.0,8.0,1.0,1.0,1.0,0.1111111111111111,1287.95,1287.95,1.0,0.0,7.0,1.0,1.0,1.0,21.0,0.0,43.0,3,3.0,1,1,1,1,1,38,38,198,0.0889,0.0,0.2489,0.1724,T3,False,none,0.79989,0.850408,0.706443,0.780034,1.848264,1.133824,1.414492,1.131971,0.960334,1.040431,0.468125,1.0,21.0,0.5,7.666667,19.0,0.11111,3.055556
1d885b6d-db0d-45c9-9e6a-e7c9425b1b1e,6.0,0.6666666666666666,4.0,17683.96,2947.3266666666664,1400.507095628818,33,1,1.0,6.0,6.0,1.0,1.0,1.0,3.0,2.0,5.0,3.0,1.0,0.5,0.6666666666666666,2947.3266666666664,4931.09,0.27884534911863634,138.98638888888888,1.0,0.16666666666666666,3.0,0.6666666666666666,21.0,3.0,87.66666666666667,7,18.0,1,3,3,1,3,63,63,96,0.2355,0.0,0.1833,0.0828,T3,False,none,0.845402,0.904111,0.886239,1.057067,0.215092,0.998558,0.809115,0.891652,0.84291,0.865656,0.649768,2.0,14.0,0.095238,7.666667,31.5,0.999985,3.253968
bc3c5b04-4645-4d3b-a068-3d5c68d17509,3.0,0.3333333333333333,3.0,9287.58,3095.86,1710.796828498346,99,0,2.0,1.5,11.0,2.0,1.0,0.6666666666666666,2.0,1.5,6.0,2.0,1.0,0.6666666666666666,0.3333333333333333,3095.86,4336.24,0.46688588415927507,138.04305555555555,3.0,0.3333333333333333,2.0,0.6666666666666666,21.0,0.0,31.333333333333332,6,9.0,2,2,2,2,2,68,68,134,0.1691,0.0224,0.2258,0.1728,T3,False,none,0.677235,0.512093,0.416194,0.537177,1.123263,0.643156,0.413229,0.576251,0.603382,0.590721,0.503533,1.0,14.0,0.266667,7.333333,22.666667,0.499993,2.866667
298436e6-b866-4d19-a79b-346d06840f26,2.0,0.2222222222222222,2.0,5177.349999999999,2588.6749999999997,3175.651909647844,67,0,1.0,2.0,3.0,1.0,1.0,1.0,1.0,2.0,5.0,1.0,1.0,1.0,0.2222222222222222,2588.6749999999997,4834.2,0.9337209190029649,21.32777777777778,6.0,0.0,2.0,0.5,23.0,0.0,83.0,4,6.0,1,1,2,1,1,46,46,198,0.0889,0.0,0.2489,0.1724,T3,False,none,0.681998,0.487191,0.73472,0.491223,1.848264,0.904881,0.830211,0.81631,0.767117,0.790074,0.263713,1.0,11.5,0.166667,8.0,23.0,0.444436,3.055556
917745d6-d367-4120-abdc-813111152f4e,6.0,0.6666666666666666,5.0,11849.68,1974.9466666666667,848.6172486502184,44,0,2.0,3.0,8.0,2.0,1.0,0.6666666666666666,3.0,2.0,9.0,3.0,1.0,0.6666666666666666,0.6666666666666666,1974.9466666666667,2994.18,0.25268024115419147,200.10916666666665,2.0,0.16666666666666666,2.0,0.8333333333333334,20.0,0.0,92.0,7,18.0,2,3,2,2,3,66,66,95,0.2056,0.0211,0.1855,0.0916,T3,False,none,0.462964,1.119744,0.768855,0.98784,0.105784,0.873537,0.811622,0.735592,0.828185,0.784975,0.769575,1.333333,16.666667,0.208333,7.0,22.0,0.79999,2.847222
a313ecd6-a6ad-4226-966a-55838f9afd0f,2.0,0.2222222222222222,2.0,2223.1400000000003,1111.5700000000002,916.9053631645962,47,0,2.0,1.0,8.0,2.0,1.0,0.5,2.0,1.0,5.0,2.0,1.0,0.5,0.2222222222222222,1111.5700000000002,1759.92,0.7916370538967406,47.420833333333334,0.0,0.5,2.0,0.5,22.0,0.0,58.5,6,6.0,2,2,2,2,2,57,58,110,0.1928,0.0091,0.1832,0.0943,T3,False,none,0.6629,0.599624,0.493235,0.492507,0.231917,0.748489,1.01428,0.812632,0.476006,0.633098,0.245244,1.0,11.0,0.25,7.666667,19.0,0.444436,2.972222
af558b72-639c-40c3-91f1-173cdcfd9558,4.0,0.4444444444444444,4.0,4797.54,1199.385,593.3993144867403,86,0,1.0,4.0,6.0,1.0,1.0,1.0,2.0,2.0,5.0,2.0,1.0,0.75,0.4444444444444444,1199.385,1729.21,0.3604368071970218,154.255,4.0,0.5,3.0,0.5,26.0,0.0,74.25,6,12.0,1,2,3,1,2,77,77,96,0.2355,0.0,0.1833,0.0828,T3,False,none,0.629588,0.316745,0.968761,0.737088,0.215092,0.797654,0.765591,0.738947,0.593268,0.661252,0.501799,1.5,13.0,0.1,9.0,38.5,0.888871,3.533333
522978b0-2b5b-4e2d-88a1-c8cec4d2ede0,4.0,0.4444444444444444,3.0,7228.849999999999,1807.2124999999999,1151.0494956741288,58,1,3.0,1.3333333333333333,9.0,3.0,1.0,0.5,2.0,2.0,4.0,1.0,0.5,0.75,0.4444444444444444,1807.2124999999999,3091.85,0.42770980169736544,37.00805555555556,11.0,0.25,3.0,0.5,26.0,2.0,97.25,8,12.0,3,2,3,3,1,89,90,110,0.1791,0.0,0.2044,0.1366,T3,False,none,1.140369,0.579217,1.061146,1.294476,0.622351,0.344766,0.489561,0.620346,0.95503,0.798844,0.623018,0.375,13.0,0.107143,9.166667,22.25,0.888871,3.21627
2cb0ddd1-a1cb-4569-a31f-cfc0f8009a31,2.0,0.2222222222222222,2.0,6781.27,3390.635,799.1791551648477,75,0,1.0,2.0,9.0,1.0,1.0,1.0,2.0,1.0,3.0,2.0,1.0,0.5,0.2222222222222222,3390.635,3955.74,0.5833332104458309,72.74333333333334,0.0,0.5,1.0,1.0,28.0,2.0,91.0,4,6.0,1,2,1,1,2,38,38,95,0.2056,0.0211,0.1855,0.0916,T3,False,none,0.513684,0.707606,1.145873,0.636167,0.105784,0.702248,0.655839,0.632903,0.671818,0.653658,0.347203,1.5,28.0,0.333333,9.666667,19.0,0.22222,3.833333
57f13cec-1ab6-4d59-81a9-c4cff85dc997,5.0,0.5555555555555556,2.0,11976.27,2395.254,1319.2193210114838,50,0,2.0,2.5,12.0,2.0,1.0,0.8,2.0,2.5,5.0,2.0,1.0,0.6,0.5555555555555556,2395.254,4090.01,0.34150950170629085,205.1952777777778,4.0,0.0,3.0,0.4,23.0,0.0,50.8,7,15.0,2,2,3,2,2,76,78,198,0.0889,0.0,0.2489,0.1724,T3,False,none,0.558734,0.417536,0.738062,0.865154,1.848264,0.553104,0.675258,0.595431,0.890624,0.752867,0.65596,1.0,9.2,0.114286,8.0,25.333333,1.388854,3.038095
3f2a23c2-8958-49e7-8df7-46b1dfe739ba,2.0,0.2222222222222222,2.0,5912.67,2956.335,2516.826379480714,102,1,1.0,2.0,10.0,1.0,1.0,1.0,2.0,1.0,6.0,2.0,1.0,0.5,0.2222222222222222,2956.335,4736.0,0.8009917685242031,67.81777777777778,12.0,0.5,1.0,1.0,22.0,2.0,80.0,4,6.0,1,2,1,1,2,38,39,198,0.0889,0.0,0.2489,0.1724,T3,False,none,0.573117,0.680661,0.838331,0.631394,1.848264,0.997958,0.772371,0.801379,0.889634,0.848449,0.494364,1.5,22.0,0.333333,8.0,19.0,0.22222,3.277778
c255b763-762a-4452-9662-5aa90121adda,1.0,0.1111111111111111,1.0,2676.2,2676.2,0.0,103,1,1.0,1.0,5.0,1.0,1.0,1.0,1.0,1.0,6.0,1.0,1.0,1.0,0.1111111111111111,2676.2,2676.2,1.0,0.0,4.0,0.0,1.0,1.0,15.0,1.0,45.0,3,3.0,1,1,1,1,1,23,23,129,0.1169,0.0,0.1879,0.1099,T3,False,none,0.67104,0.688334,0.722563,0.924753,0.675501,1.198817,0.993141,0.979465,0.781983,0.874141,0.23582,1.0,15.0,0.5,5.666667,11.5,0.11111,2.388889
c9d734c2-1b74-411b-b48d-92e626ac6ee3,3.0,0.3333333333333333,3.0,10569.87,3523.2900000000004,875.8935640818468,105,0,3.0,1.0,6.0,3.0,1.0,0.3333333333333333,2.0,1.5,5.0,2.0,1.0,0.6666666666666666,0.3333333333333333,3523.2900000000004,4492.43,0.42502225665973187,106.3013888888889,4.0,0.3333333333333333,1.0,1.0,23.0,1.0,30.0,6,9.0,3,2,1,3,2,39,39,40,0.459,0.0,0.0615,0.0469,T3,False,none,1.276363,0.431056,0.679552,0.885339,1.728531,0.69099,0.441409,0.775046,0.869428,0.825383,0.570028,0.75,23.0,0.5,8.0,9.75,0.33333,3.083333
0ae057d8-1048-4c39-8851-029d9fb7b934,1.0,0.1111111111111111,1.0,3136.11,3136.11,0.0,46,1,1.0,1.0,6.0,1.0,1.0,1.0,1.0,1.0,5.0,1.0,1.0,1.0,0.1111111111111111,3136.11,3136.11,1.0,0.0,13.0,0.0,1.0,1.0,28.0,0.0,104.0,3,3.0,1,1,1,1,1,36,36,134,0.1691,0.0224,0.2258,0.1728,T3,False,none,0.611607,0.607297,1.355615,0.799329,1.123263,1.025111,1.086229,0.92734,0.921203,0.924067,0.444799,1.0,28.0,0.5,10.0,18.0,0.11111,3.833333
f845760b-7054-4b10-92ac-d74c091035ae,2.0,0.2222222222222222,1.0,8307.279999999999,4153.639999999999,191.93706468527586,70,0,2.0,1.0,7.0,2.0,1.0,0.5,1.0,2.0,2.0,1.0,1.0,1.0,0.2222222222222222,4153.639999999999,4289.36,0.5163374774896236,4.035833333333334,9.0,0.0,1.0,1.0,30.0,0.0,73.0,4,6.0,2,1,1,2,1,41,41,89,0.2321,0.0,0.0992,0.0863,T3,False,none,0.652915,0.67621,1.167192,0.648649,0.403244,0.92543,0.834234,0.81717,0.722668,0.766769,0.299366,0.666667,30.0,0.5,10.333333,13.666667,0.22222,3.833333
02b70608-91ae-4c2c-ab17-dfb4802c01d0,2.0,0.2222222222222222,2.0,3931.56,1965.78,340.1607881576005,73,0,1.0,2.0,9.0,1.0,1.0,1.0,1.0,2.0,4.0,1.0,1.0,1.0,0.2222222222222222,1965.78,2206.31,0.5611792774369462,89.67972222222222,9.0,0.5,1.0,1.0,16.0,0.0,29.0,3,6.0,1,1,1,1,1,26,26,108,0.1587,0.0,0.2348,0.071,T3,False,none,0.513684,0.514136,1.003291,0.839125,0.625422,0.768138,0.523435,0.613869,0.756462,0.689919,0.133446,1.0,16.0,0.333333,5.666667,13.0,0.22222,2.333333
f8a8285d-199e-4911-a428-c6872a21099f,1.0,0.1111111111111111,1.0,4725.14,4725.14,0.0,79,1,1.0,1.0,6.0,1.0,1.0,1.0,1.0,1.0,2.0,1.0,1.0,1.0,0.1111111111111111,4725.14,4725.14,1.0,0.0,19.0,1.0,1.0,1.0,18.0,3.0,72.0,3,3.0,1,1,1,1,1,23,23,89,0.2321,0.0,0.0992,0.0863,T3,False,none,0.611607,0.796315,1.050668,0.924753,0.403244,1.28069,1.748531,1.24547,0.831958,1.02493,0.158398,1.0,18.0,0.5,6.666667,11.5,0.11111,2.722222
d6887aac-e7b6-4b2e-8a7c-a0fbd2799b31,6.0,0.6666666666666666,4.0,9929.84,1654.9733333333334,1382.8904351924148,99,0,3.0,2.0,12.0,3.0,1.0,0.6666666666666666,2.0,3.0,5.0,1.0,0.5,0.6666666666666666,0.6666666666666666,1654.9733333333334,3452.02,0.3476410496040218,145.00555555555556,2.0,0.3333333333333333,3.0,0.5,22.0,3.0,86.66666666666667,8,18.0,3,2,3,3,1,78,79,67,0.2687,0.0,0.1443,0.07,T3,False,none,1.13672,0.66971,1.011163,1.301717,0.56421,0.980173,0.611331,0.901953,0.960265,0.933053,0.483895,0.375,11.0,0.083333,7.5,19.5,1.333307,2.652778
e869f4e3-178f-4c73-ac6f-6f990fb8e108,6.0,0.6666666666666666,5.0,11574.02,1929.0033333333333,1795.6926448105385,42,1,2.0,3.0,6.0,2.0,1.0,0.5,2.0,3.0,5.0,2.0,1.0,0.6666666666666666,0.6666666666666666,1929.0033333333333,4957.45,0.42832568113758224,172.24916666666667,5.0,0.16666666666666666,2.0,0.8333333333333334,20.0,2.0,82.33333333333333,6,18.0,2,2,2,2,2,48,48,154,0.1225,0.0,0.2652,0.1509,T3,False,none,0.622422,0.434183,0.587087,0.527792,1.400021,0.95287,0.691818,0.771439,0.662114,0.713133,0.388253,1.0,16.666667,0.208333,7.333333,16.0,0.79999,2.847222
74849e07-ce7b-4104-8cf7-d1f2c66e2d35,8.0,0.8888888888888888,3.0,15825.35,1978.16875,1459.6827069160074,37,1,3.0,2.6666666666666665,5.0,3.0,1.0,0.75,2.0,4.0,5.0,2.0,1.0,0.875,0.8888888888888888,1978.16875,3701.53,0.23389877633038134,91.82972222222222,21.0,0.25,3.0,0.625,23.0,0.0,75.0,8,24.0,3,2,3,3,2,70,72,43,0.4131,0.0,0.082,0.0328,T3,False,none,0.934876,0.546247,0.775298,1.338609,1.59323,1.100885,0.956515,1.00533,1.065599,1.037474,0.691506,0.75,14.375,0.170455,8.333333,17.5,1.422199,3.084596
be247422-f8af-42c5-b542-e50a813ee8e3,2.0,0.2222222222222222,2.0,6822.43,3411.215,1139.2409483730821,58,1,2.0,1.0,7.0,2.0,1.0,0.5,2.0,1.0,5.0,2.0,1.0,0.5,0.2222222222222222,3411.215,4216.78,0.6180759641359457,133.76166666666666,10.0,0.5,1.0,1.0,30.0,0.0,73.0,5,6.0,2,2,1,2,2,46,46,89,0.2321,0.0,0.0992,0.0863,T3,False,none,0.652915,0.599624,1.167192,0.513227,0.403244,0.559653,0.598569,0.599271,0.652738,0.627787,0.418232,1.0,30.0,0.5,10.666667,15.333333,0.22222,4.055556
ce146bff-d900-453b-a00e-9b9b93d75aaa,1.0,0.1111111111111111,1.0,4417.11,4417.11,0.0,70,1,1.0,1.0,11.0,1.0,1.0,1.0,1.0,1.0,4.0,1.0,1.0,1.0,0.1111111111111111,4417.11,4417.11,1.0,0.0,11.0,0.0,1.0,1.0,23.0,1.0,30.0,3,3.0,1,1,1,1,1,35,35,40,0.459,0.0,0.0615,0.0469,T3,False,none,0.740457,0.634241,0.679552,0.808977,1.728531,1.201106,1.276489,1.09462,0.891589,0.986337,0.403212,1.0,23.0,0.5,8.333333,17.5,0.11111,3.277778
1d829a24-2a25-4c3c-8a74-0007350a3173,1.0,0.1111111111111111,1.0,2372.08,2372.08,0.0,64,0,1.0,1.0,5.0,1.0,1.0,1.0,1.0,1.0,4.0,1.0,1.0,1.0,0.1111111111111111,2372.08,2372.08,1.0,0.0,8.0,1.0,1.0,1.0,19.0,3.0,37.0,3,3.0,1,1,1,1,1,25,25,110,0.1928,0.0091,0.1832,0.0943,T3,False,none,0.67104,0.634241,0.910219,0.905457,0.231917,0.975543,1.163463,0.951182,0.726389,0.831292,0.140947,1.0,19.0,0.5,6.666667,12.5,0.11111,2.722222
1549dbd8-206a-4e9b-b138-4c77131ccb75,1.0,0.1111111111111111,1.0,1571.23,1571.23,0.0,86,1,1.0,1.0,8.0,1.0,1.0,1.0,1.0,1.0,3.0,1.0,1.0,1.0,0.1111111111111111,1571.23,1571.23,1.0,0.0,6.0,0.0,1.0,1.0,24.0,1.0,32.0,3,3.0,1,1,1,1,1,32,32,129,0.1169,0.0,0.1879,0.1099,T3,False,none,0.562159,0.715278,0.698638,0.837921,0.675501,1.203757,1.147936,1.001836,0.751173,0.868149,0.220004,1.0,24.0,0.5,8.666667,16.0,0.11111,3.388889
e46ef875-7271-40c8-9b8a-f7c38661f6fb,6.0,0.6666666666666666,5.0,15234.640000000001,2539.106666666667,1583.4295651864868,73,1,1.0,6.0,5.0,1.0,1.0,1.0,3.0,2.0,8.0,3.0,1.0,0.5,0.6666666666666666,2539.106666666667,4410.67,0.28951586647272265,222.7711111111111,1.0,0.0,2.0,0.8333333333333334,22.0,1.0,43.5,6,18.0,1,3,2,1,3,54,54,198,0.0889,0.0,0.2489,0.1724,T3,False,none,0.904835,1.147222,0.234142,0.800581,1.848264,0.997577,0.934609,0.95009,0.943847,0.946761,0.826114,2.0,18.333333,0.119048,8.0,27.0,0.79999,3.373016
077f7f17-e2c4-4a86-a346-3a35051367a2,4.0,0.4444444444444444,4.0,10271.86,2567.965,1104.9813448953187,30,0,1.0,4.0,7.0,1.0,1.0,1.0,2.0,2.0,7.0,2.0,1.0,0.75,0.4444444444444444,2567.965,4214.14,0.4102606538640519,182.14166666666668,18.0,0.0,2.0,0.5,25.0,1.0,56.5,5,12.0,1,2,2,1,2,52,52,129,0.1169,0.0,0.1879,0.1099,T3,False,none,0.570155,0.478819,0.401742,0.326264,0.675501,0.497369,0.747116,0.601414,0.438333,0.514438,0.350588,1.5,12.5,0.1,8.666667,26.0,0.888871,3.422222
96dc90e9-b71e-4ccb-9e72-2f8bc77d9f72,3.0,0.3333333333333333,3.0,8540.21,2846.736666666666,2030.577831611813,50,0,1.0,3.0,7.0,1.0,1.0,1.0,1.0,3.0,7.0,1.0,1.0,1.0,0.3333333333333333,2846.736666666666,4696.0,0.549869382603004,126.60222222222222,4.0,0.0,2.0,0.6666666666666666,23.0,2.0,64.33333333333333,4,9.0,1,1,2,1,1,51,52,121,0.174,0.0,0.2013,0.1186,T3,False,none,0.462248,0.712445,0.35456,0.393662,0.581664,0.429391,0.470687,0.452544,0.496545,0.476011,0.229907,1.0,15.333333,0.166667,8.0,25.5,0.499993,3.055556
27769dea-4a61-477c-a18c-3a0db3c3506f,5.0,0.5555555555555556,4.0,10696.68,2139.3360000000002,1468.230667242038,104,1,1.0,5.0,6.0,1.0,1.0,1.0,3.0,1.6666666666666667,6.0,3.0,1.0,0.6,0.5555555555555556,2139.3360000000002,4057.23,0.37929806257642557,143.8936111111111,6.0,0.4,3.0,0.6,27.0,3.0,70.4,7,15.0,1,3,3,1,3,71,74,67,0.2469,0.0,0.1605,0.1111,T3,False,none,0.737495,0.960074,0.980284,1.091885,0.434357,0.842806,0.437075,0.677474,0.926094,0.810071,0.875066,2.0,16.2,0.1,9.666667,35.5,0.92591,3.922222
602d8eab-042f-4a00-bea6-a5e02b234899,3.0,0.3333333333333333,3.0,4101.79,1367.2633333333333,1100.540656647147,92,0,1.0,3.0,5.0,1.0,1.0,1.0,2.0,1.5,5.0,2.0,1.0,0.6666666666666666,0.3333333333333333,1367.2633333333333,2119.79,0.516796325506669,129.03055555555557,8.0,0.0,2.0,0.6666666666666666,22.0,3.0,74.33333333333333,5,9.0,1,2,2,1,2,50,50,84,0.204,0.0,0.1092,0.124,T3,False,none,0.581114,0.431056,0.584934,0.308765,0.51107,0.619643,0.538574,0.581612,0.43059,0.501067,0.240084,1.5,14.666667,0.166667,7.666667,25.0,0.499993,3.111111
21b44b8c-1937-4f57-a737-aa9ce6ef6f39,3.0,0.3333333333333333,3.0,10322.99,3440.9966666666664,1467.5539480827729,99,1,1.0,3.0,11.0,1.0,1.0,1.0,1.0,3.0,5.0,1.0,1.0,1.0,0.3333333333333333,3440.9966666666664,4997.31,0.4840952088493741,192.40444444444444,2.0,0.0,3.0,0.3333333333333333,23.0,0.0,38.333333333333336,5,9.0,1,1,3,1,1,67,68,121,0.1789,0.0083,0.2434,0.1287,T3,False,none,0.650531,0.550371,0.849357,0.600445,0.804265,0.659867,0.771336,0.694356,0.673753,0.683368,0.319422,1.0,7.666667,0.083333,8.333333,33.5,0.99997,3.138889
8cb3dd4a-9e02-45c6-b199-5c59ad6be6c6,2.0,0.2222222222222222,2.0,4745.030000000001,2372.5150000000003,1277.1691971113305,81,1,1.0,2.0,9.0,1.0,1.0,1.0,1.0,2.0,8.0,1.0,1.0,1.0,0.2222222222222222,2372.5150000000003,3275.61,0.6903244025854419,214.2411111111111,9.0,0.0,2.0,0.5,16.0,0.0,85.5,4,6.0,1,1,2,1,1,41,41,154,0.1225,0.0,0.2652,0.1509,T3,False,none,0.513684,0.730302,0.888728,0.539463,1.400021,0.631576,0.622929,0.59501,0.803363,0.706132,0.319983,1.0,8.0,0.166667,6.0,20.5,0.444436,2.388889
4c5bc433-57f1-42bb-b361-efa5d0051954,2.0,0.2222222222222222,2.0,1267.13,633.565,640.5185356022104,37,0,2.0,1.0,9.0,2.0,1.0,0.5,1.0,2.0,7.0,1.0,1.0,1.0,0.2222222222222222,633.565,1086.48,0.8574337281888993,158.28166666666667,0.0,0.0,2.0,0.5,27.0,2.0,95.5,5,6.0,2,1,2,2,1,63,64,121,0.174,0.0,0.2013,0.1186,T3,False,none,0.722333,0.649265,0.882468,0.520367,0.581664,0.932047,1.201636,0.961992,0.638245,0.789327,0.34299,0.666667,13.5,0.25,9.333333,21.0,0.444436,3.416667
60763797-b7f3-470a-9351-b6791034c442,6.0,0.6666666666666666,4.0,16759.81,2793.3016666666667,1765.3508816030503,89,0,1.0,6.0,12.0,1.0,1.0,1.0,2.0,3.0,5.0,2.0,1.0,0.8333333333333334,0.6666666666666666,2793.3016666666667,4871.52,0.29066677963533,62.17527777777778,20.0,0.5,3.0,0.5,28.0,0.0,89.5,6,18.0,1,2,3,1,2,79,82,134,0.1691,0.0224,0.2258,0.1728,T3,False,none,1.033686,0.399012,1.168487,0.884072,1.123263,1.106329,1.025361,1.058584,0.861925,0.9537,0.70241,1.5,14.0,0.071429,9.666667,39.5,1.333307,3.746032
cbd9f91f-5b89-4c72-baab-523c6b6d843a,4.0,0.4444444444444444,3.0,13644.09,3411.0225,1992.2510479250182,97,1,1.0,4.0,6.0,1.0,1.0,1.0,1.0,4.0,8.0,1.0,1.0,1.0,0.4444444444444444,3411.0225,4883.47,0.3579183368037004,113.53111111111112,23.0,0.0,3.0,0.5,24.0,1.0,63.25,5,12.0,1,1,3,1,1,75,76,110,0.1928,0.0091,0.1832,0.0943,T3,False,none,0.629588,0.913587,0.622382,0.692537,0.231917,0.847007,0.950153,0.819269,0.656414,0.732413,0.421038,1.0,12.0,0.1,8.666667,37.5,0.888871,3.255556
2d96aeee-6599-495a-9aef-598501d49480,5.0,0.5555555555555556,4.0,10860.99,2172.198,907.6672222075666,96,1,2.0,2.5,12.0,2.0,1.0,0.6,2.0,2.5,4.0,2.0,1.0,0.6,0.5555555555555556,2172.198,3374.96,0.31074147016063913,215.74666666666667,1.0,0.0,2.0,0.8,28.0,1.0,96.8,6,15.0,2,2,2,2,2,64,64,134,0.1691,0.0224,0.2258,0.1728,T3,False,none,0.690746,0.444481,0.792057,0.570178,1.123263,0.768959,0.771612,0.747497,0.677159,0.709983,0.574627,1.0,22.4,0.228571,10.0,21.333333,0.694436,3.742857
e23b7035-8ed2-4c70-a4f5-6595e5cbaaf8,3.0,0.3333333333333333,3.0,5296.8099999999995,1765.6033333333332,2173.2829669726243,34,0,2.0,1.5,8.0,2.0,1.0,0.6666666666666666,1.0,3.0,4.0,1.0,1.0,1.0,0.3333333333333333,1765.6033333333332,4251.45,0.8026434778668671,31.644444444444446,5.0,0.0,2.0,0.6666666666666666,23.0,1.0,35.0,5,9.0,2,1,2,2,1,52,52,40,0.459,0.0,0.0615,0.0469,T3,False,none,0.498937,0.577315,0.249429,0.352781,1.728531,0.630488,0.687776,0.611998,0.616675,0.614492,0.310222,0.666667,15.333333,0.266667,8.0,17.333333,0.499993,2.977778
621fd7c7-01f7-4bda-86ac-c471f83d0898,6.0,0.6666666666666666,5.0,15263.2,2543.866666666667,1508.839818385857,37,0,2.0,3.0,8.0,2.0,1.0,0.6666666666666666,3.0,2.0,5.0,3.0,1.0,0.6666666666666666,0.6666666666666666,2543.866666666667,4945.12,0.3239897269248912,169.95805555555555,20.0,0.3333333333333333,3.0,0.6666666666666666,25.0,1.0,82.33333333333333,8,18.0,2,3,3,2,3,87,87,110,0.1791,0.0,0.2044,0.1366,T3,False,none,0.462964,0.795596,0.695548,1.360102,0.622351,0.981386,0.924125,0.814179,0.957568,0.890653,0.929575,1.333333,16.666667,0.166667,8.666667,29.0,0.999985,3.388889
c20a90b4-582d-4404-89e3-da5015ac8da0,4.0,0.4444444444444444,4.0,8443.48,2110.87,731.2261345165393,59,1,2.0,2.0,10.0,2.0,1.0,0.5,2.0,2.0,4.0,2.0,1.0,0.75,0.4444444444444444,2110.87,3046.44,0.3608038391753164,83.37222222222222,8.0,0.5,2.0,0.5,30.0,0.0,48.0,6,12.0,2,2,2,2,2,66,67,89,0.2321,0.0,0.0992,0.0863,T3,False,none,0.673859,0.34369,0.696604,0.537562,0.403244,0.426504,0.415396,0.493474,0.499841,0.49687,0.414279,1.0,15.0,0.166667,10.666667,22.0,0.888871,3.944444
4536ba56-ae7b-4d60-afcc-0d6cab5c7767,5.0,0.5555555555555556,4.0,9222.4,1844.48,1587.8559487560576,72,1,1.0,5.0,8.0,1.0,1.0,1.0,3.0,1.6666666666666667,4.0,3.0,1.0,0.6,0.5555555555555556,1844.48,4167.11,0.4518465909090909,122.76,10.0,0.2,1.0,1.0,24.0,2.0,71.0,5,15.0,1,3,1,1,3,37,37,96,0.2355,0.0,0.1833,0.0828,T3,False,none,0.688047,0.905982,0.834541,0.885166,0.215092,0.695814,0.448702,0.611224,0.768144,0.694915,0.540513,2.0,24.0,0.166667,8.666667,18.5,0.55555,3.611111
5ecec1bc-efb0-4ac2-9ca0-fdca84d58467,0.0,0.0,0.0,0.0,0.0,0.0,94,1,0.0,0.0,0.0,0.0,0.0,0.0,0.0,0.0,0.0,0.0,0.0,0.0,0.0,0.0,0.0,0.0,0.0,0.0,0.0,0.0,0.0,0.0,0.0,0.0,0,0.0,0,0,0,0,0,0,0,1,0.0,0.0,0.0,0.0,T3,False,none,2.767811,2.428211,2.297128,2.075966,2.409508,1.691305,1.781581,2.02897,2.265693,2.155222,0.0,0.0,0.0,0.0,0.333333,0.0,0.0,0.111111
e1f320f5-a528-426d-9a78-2b301135091e,3.0,0.3333333333333333,2.0,8730.2,2910.066666666667,1795.783280057294,83,0,1.0,3.0,5.0,1.0,1.0,1.0,1.0,3.0,4.0,1.0,1.0,1.0,0.3333333333333333,2910.066666666667,4980.14,0.5704497033286752,139.42361111111111,2.0,0.0,2.0,0.6666666666666666,19.0,2.0,23.0,4,9.0,1,1,2,1,1,39,41,154,0.1225,0.0,0.2652,0.1509,T3,False,none,0.581114,0.577315,0.457232,0.492528,1.400021,0.598075,0.593782,0.591798,0.657621,0.626903,0.172624,1.0,12.666667,0.166667,6.666667,19.5,0.499993,2.611111
21bbf414-7240-482a-8cee-f648a5a1ef4c,2.0,0.2222222222222222,2.0,3967.21,1983.605,220.3556862211639,69,1,2.0,1.0,9.0,2.0,1.0,0.5,1.0,2.0,3.0,1.0,1.0,1.0,0.2222222222222222,1983.605,2139.42,0.5392757126544852,31.8325,8.0,1.0,2.0,0.5,30.0,0.0,48.0,5,6.0,2,1,2,2,1,62,64,89,0.2321,0.0,0.0992,0.0863,T3,False,none,0.722333,0.595173,0.696604,0.515492,0.403244,0.756316,0.851157,0.77822,0.554436,0.658869,0.246262,0.666667,15.0,0.25,10.666667,20.666667,0.444436,3.861111
4a06844b-cbbf-4071-a2b7-a4b0711dc153,2.0,0.2222222222222222,2.0,5350.03,2675.015,1273.0114092379536,51,0,1.0,2.0,9.0,1.0,1.0,1.0,2.0,1.0,5.0,2.0,1.0,0.5,0.2222222222222222,2675.015,3575.17,0.6682523275570418,37.43527777777778,10.0,0.0,1.0,1.0,25.0,2.0,77.0,4,6.0,1,2,1,1,2,35,37,121,0.174,0.0,0.2013,0.1186,T3,False,none,0.513684,0.599624,0.920766,0.655565,0.581664,0.525369,0.578982,0.539901,0.684513,0.617028,0.375206,1.5,25.0,0.333333,8.666667,17.5,0.22222,3.5
d4d6df95-65b8-405b-a5ed-ddadcb87963a,1.0,0.1111111111111111,1.0,3482.21,3482.21,0.0,38,0,1.0,1.0,4.0,1.0,1.0,1.0,1.0,1.0,2.0,1.0,1.0,1.0,0.1111111111111111,3482.21,3482.21,1.0,0.0,23.0,0.0,1.0,1.0,18.0,1.0,64.0,3,3.0,1,1,1,1,1,21,21,121,0.1789,0.0083,0.2434,0.1287,T3,False,none,0.730473,0.796315,0.719529,0.944049,0.804265,1.111514,1.328554,1.074992,0.837043,0.948086,0.220151,1.0,18.0,0.5,6.333333,10.5,0.11111,2.611111
ee59e4dc-9ded-42f9-9877-159aa94449c8,3.0,0.3333333333333333,3.0,9019.630000000001,3006.5433333333335,1482.5864664272817,31,0,2.0,1.5,7.0,2.0,1.0,0.6666666666666666,1.0,3.0,6.0,1.0,1.0,1.0,0.3333333333333333,3006.5433333333335,4135.52,0.45850217802725834,73.80777777777777,9.0,0.3333333333333333,2.0,0.6666666666666666,25.0,2.0,74.66666666666667,5,9.0,2,1,2,2,1,52,54,96,0.2355,0.0,0.1833,0.0828,T3,False,none,0.488952,0.631408,0.513024,0.362327,0.215092,0.466605,0.358902,0.437089,0.436453,0.43675,0.187072,0.666667,16.666667,0.266667,8.666667,17.333333,0.499993,3.2
719169fc-adb2-4f70-95e7-96bd34f254fb,4.0,0.4444444444444444,4.0,11435.07,2858.7675,963.1127664115972,60,1,1.0,4.0,8.0,1.0,1.0,1.0,1.0,4.0,4.0,1.0,1.0,1.0,0.4444444444444444,2858.7675,4059.0,0.35496066049442637,177.11194444444445,4.0,0.0,2.0,0.75,21.0,2.0,51.75,4,12.0,1,1,2,1,1,47,47,95,0.2056,0.0211,0.1855,0.0916,T3,False,none,0.58014,0.697421,0.233118,0.439798,0.105784,0.48124,0.600292,0.549181,0.405477,0.472539,0.056981,1.0,15.75,0.15,7.666667,23.5,0.592585,2.938889
5299fcc5-2191-4995-99ab-faed5a7adc28,4.0,0.4444444444444444,3.0,11775.78,2943.945,1282.5454237699857,39,1,1.0,4.0,5.0,1.0,1.0,1.0,2.0,2.0,5.0,2.0,1.0,0.5,0.4444444444444444,2943.945,4288.69,0.3641958324629026,109.11305555555556,0.0,0.25,1.0,1.0,25.0,0.0,107.0,4,12.0,1,2,1,1,2,34,34,110,0.1791,0.0,0.2044,0.1366,T3,False,none,0.689021,0.479518,1.27318,0.632982,0.622351,0.470259,0.469301,0.532443,0.726219,0.63579,0.41665,1.5,25.0,0.2,9.0,17.0,0.44444,3.566667
6035ee3e-9740-4c08-9e87-c4874bcc7bff,5.0,0.5555555555555556,5.0,15391.45,3078.29,1377.8943653451813,42,0,2.0,2.5,5.0,2.0,1.0,0.6,2.0,2.5,5.0,2.0,1.0,0.8,0.5555555555555556,3078.29,3955.55,0.25699657926965946,146.73166666666665,1.0,0.2,2.0,0.8,25.0,2.0,68.2,6,15.0,2,2,2,2,2,56,57,121,0.174,0.0,0.2013,0.1186,T3,False,none,0.561895,0.317256,0.5261,0.497767,0.581664,0.874468,0.659682,0.713566,0.472525,0.585011,0.383764,1.0,20.0,0.228571,8.666667,18.666667,0.694436,3.298413
e4d7173f-0ac0-4677-986f-959f40fd4728,2.0,0.2222222222222222,2.0,2358.67,1179.335,796.4072965825966,100,0,1.0,2.0,6.0,1.0,1.0,1.0,1.0,2.0,3.0,1.0,1.0,1.0,0.2222222222222222,1179.335,1742.48,0.738755315495597,89.28472222222223,1.0,0.0,1.0,1.0,22.0,3.0,54.0,3,6.0,1,1,1,1,1,28,28,198,0.0889,0.0,0.2489,0.1724,T3,False,none,0.5037,0.595173,0.802448,0.819829,1.848264,0.967963,0.905219,0.814402,0.93145,0.876827,0.331296,1.0,22.0,0.333333,7.666667,14.0,0.22222,3.0
121a4815-7f35-4ac8-81c8-2882cd47c916,4.0,0.4444444444444444,3.0,11098.02,2774.505,1450.967461029594,103,1,1.0,4.0,6.0,1.0,1.0,1.0,1.0,4.0,7.0,1.0,1.0,1.0,0.4444444444444444,2774.505,3943.66,0.3553480710973669,45.286944444444444,6.0,0.5,3.0,0.5,27.0,2.0,62.0,5,12.0,1,1,3,1,1,77,78,110,0.1928,0.0091,0.1832,0.0943,T3,False,none,0.629588,0.83255,0.801184,0.711833,0.231917,0.646087,0.487924,0.588652,0.680641,0.637713,0.433728,1.0,13.5,0.1,9.666667,38.5,0.888871,3.588889
c5c1411f-371e-4110-9e94-b2c28f6c435c,6.0,0.6666666666666666,4.0,12728.54,2121.4233333333336,1325.3881333958996,45,1,2.0,3.0,7.0,2.0,1.0,0.8333333333333334,2.0,3.0,7.0,2.0,1.0,0.6666666666666666,0.6666666666666666,2121.4233333333336,4150.53,0.3260806031170896,153.1425,22.0,0.3333333333333333,3.0,0.5,22.0,2.0,85.0,7,18.0,2,2,3,2,2,75,78,198,0.0889,0.0,0.2489,0.1724,T3,False,none,0.371533,0.596257,0.814855,0.916963,1.848264,0.773886,0.869123,0.690674,0.970731,0.840038,0.724071,1.0,11.0,0.125,8.0,25.0,1.333307,3.041667
84d2a75e-646b-4042-9b07-3948059e0796,2.0,0.2222222222222222,1.0,1036.54,518.27,228.94703361258036,90,0,2.0,1.0,8.0,2.0,1.0,0.5,1.0,2.0,4.0,1.0,1.0,1.0,0.2222222222222222,518.27,680.16,0.6561830706002663,4.7027777777777775,17.0,0.0,1.0,1.0,21.0,1.0,30.0,4,6.0,2,1,1,2,1,36,36,198,0.0889,0.0,0.2489,0.1724,T3,False,none,0.6629,0.514136,0.633224,0.696889,1.848264,1.210579,1.337606,1.096442,0.829833,0.95425,0.320767,0.666667,21.0,0.5,7.333333,12.0,0.22222,2.833333
f347505f-67c3-46fd-b862-d7a6f3b965a7,1.0,0.1111111111111111,1.0,1103.79,1103.79,0.0,102,1,1.0,1.0,9.0,1.0,1.0,1.0,1.0,1.0,4.0,1.0,1.0,1.0,0.1111111111111111,1103.79,1103.79,1.0,0.0,0.0,1.0,1.0,1.0,18.0,2.0,84.0,3,3.0,1,1,1,1,1,28,28,198,0.0889,0.0,0.2489,0.1724,T3,False,none,0.621592,0.634241,0.969057,0.876513,1.848264,1.358635,1.614181,1.233233,0.997184,1.10734,0.320767,1.0,18.0,0.5,6.666667,14.0,0.11111,2.722222
7bf95606-1587-4a16-8089-843e85d1e0fb,3.0,0.3333333333333333,2.0,5924.67,1974.89,758.3452702430473,63,1,1.0,3.0,12.0,1.0,1.0,1.0,2.0,1.5,4.0,2.0,1.0,0.6666666666666666,0.3333333333333333,1974.89,2800.01,0.47260184955448997,54.158611111111114,4.0,0.0,1.0,1.0,28.0,0.0,106.0,4,9.0,1,2,1,1,2,41,42,134,0.1691,0.0224,0.2258,0.1728,T3,True,cluster_001,0.709964,0.458001,1.3724,0.545765,1.123263,0.459032,0.509923,0.547691,0.792289,0.678143,0.53416,1.5,28.0,0.25,10.0,20.5,0.33333,3.916667
2d6d5567-0810-4488-b90f-fa10ac0ea3c4,4.0,0.4444444444444444,4.0,11173.25,2793.3125,1756.273603976613,57,1,2.0,2.0,9.0,2.0,1.0,0.5,1.0,4.0,5.0,1.0,1.0,1.0,0.4444444444444444,2793.3125,4610.35,0.4126239008345826,133.50833333333333,18.0,0.25,3.0,0.5,23.0,2.0,31.5,6,12.0,2,1,3,2,1,70,70,198,0.0889,0.0,0.2489,0.1724,T3,False,none,0.614426,0.670476,0.683204,0.710978,1.848264,0.541538,0.603344,0.582965,0.884614,0.743844,0.479953,0.666667,11.5,0.166667,8.333333,23.333333,0.888871,3.055556
05e94ffe-2fd9-4b8b-bb12-5ec502085d33,4.0,0.4444444444444444,4.0,5890.31,1472.5775,1146.1381355193041,94,1,2.0,2.0,7.0,2.0,1.0,0.75,1.0,4.0,3.0,1.0,1.0,1.0,0.4444444444444444,1472.5775,3167.3,0.5377136347662517,201.79916666666668,19.0,0.0,3.0,0.5,26.0,0.0,77.5,6,12.0,2,1,3,2,1,80,80,110,0.1791,0.0,0.2044,0.1366,T3,False,none,0.379993,0.778458,0.996036,0.807457,0.622351,0.692662,0.830741,0.649355,0.808644,0.734309,0.471575,0.666667,13.0,0.166667,9.333333,26.666667,0.888871,3.388889
8a8c7b46-7dbd-445d-bcd0-8820f905efb9,5.0,0.5555555555555556,4.0,12522.96,2504.5919999999996,2104.3975393613255,86,0,2.0,2.5,10.0,2.0,1.0,0.8,2.0,2.5,3.0,2.0,1.0,0.8,0.5555555555555556,2504.5919999999996,4922.92,0.3931115327366693,104.65222222222222,5.0,0.2,4.0,0.4,24.0,0.0,67.2,8,15.0,2,2,4,2,2,97,97,121,0.1789,0.0083,0.2434,0.1287,T3,False,none,0.439868,0.425238,1.111431,1.227869,0.804265,0.887567,0.450238,0.613877,0.932353,0.783731,0.779465,1.0,9.6,0.114286,8.333333,32.333333,1.388854,3.149206
cf972c78-d288-4195-8053-aadd2fe4a21b,4.0,0.4444444444444444,4.0,5332.04,1333.01,1284.17739553381,62,1,2.0,2.0,4.0,2.0,1.0,0.5,2.0,2.0,4.0,2.0,1.0,0.5,0.4444444444444444,1333.01,3224.23,0.6046897622673498,128.04166666666666,1.0,0.25,3.0,0.5,28.0,0.0,80.75,7,12.0,2,2,3,2,2,75,76,134,0.1691,0.0224,0.2258,0.1728,T3,False,none,0.723307,0.506463,1.095053,0.794048,1.123263,0.576356,0.467757,0.582142,0.83973,0.719522,0.719665,1.0,14.0,0.166667,10.0,25.0,0.888871,3.722222
3b0e617d-0461-4ec7-9f2b-cc4ae135e077,4.0,0.4444444444444444,4.0,9720.380000000001,2430.0950000000003,1788.3219107215195,85,1,2.0,2.0,7.0,2.0,1.0,0.5,2.0,2.0,7.0,2.0,1.0,0.75,0.4444444444444444,2430.0950000000003,4886.87,0.5027447486620893,127.28472222222223,1.0,0.25,3.0,0.5,20.0,0.0,49.25,7,12.0,2,2,3,2,2,60,63,129,0.1169,0.0,0.1879,0.1099,T3,False,none,0.545008,0.478819,0.640881,0.658874,0.675501,0.617323,0.395286,0.522649,0.612883,0.570774,0.509811,1.0,10.0,0.166667,7.333333,20.0,0.888871,2.833333
49ef8399-92b8-43ce-9450-31fcfdf10b25,5.0,0.5555555555555556,5.0,14139.859999999999,2827.9719999999998,1899.5097168006273,72,0,1.0,5.0,8.0,1.0,1.0,1.0,2.0,2.5,5.0,2.0,1.0,0.8,0.5555555555555556,2827.9719999999998,4752.73,0.33612284704374723,177.70194444444445,7.0,0.2,1.0,1.0,19.0,1.0,68.0,4,15.0,1,2,1,1,2,31,31,110,0.1928,0.0091,0.1832,0.0943,T3,False,none,0.688047,0.317256,0.717228,0.718611,0.231917,0.938905,0.597765,0.753518,0.536869,0.637972,0.259813,1.5,19.0,0.166667,6.666667,15.5,0.55555,2.777778
117103a5-a62b-4ea1-a995-965c4f5f1af8,6.0,0.6666666666666666,4.0,8964.23,1494.0383333333332,1245.52032478666,82,0,1.0,6.0,7.0,1.0,1.0,1.0,3.0,2.0,8.0,3.0,1.0,0.6666666666666666,0.6666666666666666,1494.0383333333332,3637.53,0.40578276104026784,147.9975,3.0,0.16666666666666666,4.0,0.3333333333333333,30.0,0.0,64.83333333333333,8,18.0,1,3,4,1,3,112,113,89,0.2321,0.0,0.0992,0.0863,T3,False,none,0.78597,1.038707,1.355938,1.704245,0.403244,0.863458,0.620749,0.760415,1.248463,1.020707,1.254326,2.0,10.0,0.047619,10.333333,56.0,1.99994,4.126984
91f94852-c9ca-4c17-87f0-5b936f88c0f3,5.0,0.5555555555555556,3.0,14551.55,2910.31,1245.7389392846321,38,0,1.0,5.0,8.0,1.0,1.0,1.0,1.0,5.0,3.0,1.0,1.0,1.0,0.5555555555555556,2910.31,3890.27,0.26734402864299683,163.5286111111111,9.0,0.0,3.0,0.6,22.0,1.0,46.2,5,15.0,1,1,3,1,1,65,65,129,0.1169,0.0,0.1879,0.1099,T3,False,none,0.688047,0.898564,0.368569,0.647969,0.675501,0.664924,0.669436,0.673034,0.656998,0.664482,0.237102,1.0,13.2,0.1,7.666667,32.5,0.92591,2.922222
07cbd48e-de31-48b4-a2d5-5d5d5ea54a89,6.0,0.6666666666666666,4.0,11353.8,1892.3,1552.820113921764,39,1,2.0,3.0,10.0,2.0,1.0,0.8333333333333334,2.0,3.0,5.0,2.0,1.0,0.8333333333333334,0.6666666666666666,1892.3,4285.63,0.37746217125543874,191.60055555555556,11.0,0.0,5.0,0.3333333333333333,24.0,2.0,67.66666666666667,9,18.0,2,2,5,2,2,114,119,134,0.1691,0.0224,0.2258,0.1728,T3,False,none,0.500384,0.399012,1.263713,1.642089,1.123263,0.842455,0.825968,0.739225,1.16602,0.966849,1.102369,1.0,8.0,0.083333,8.666667,38.0,1.99994,3.25
c20aff36-ef75-46b0-8f4e-1d8a7fb8ca5a,3.0,0.3333333333333333,3.0,12010.730000000001,4003.5766666666673,1037.9837717581781,82,1,2.0,1.5,6.0,2.0,1.0,0.6666666666666666,2.0,1.5,3.0,2.0,1.0,0.6666666666666666,0.3333333333333333,4003.5766666666673,4866.06,0.405142734871236,87.75805555555556,11.0,0.3333333333333333,1.0,1.0,23.0,2.0,44.0,5,9.0,2,2,1,2,2,34,34,89,0.2321,0.0,0.0992,0.0863,T3,False,none,0.548385,0.539038,0.643737,0.572318,0.403244,0.625435,0.630199,0.605009,0.550698,0.576043,0.289345,1.0,23.0,0.4,8.333333,11.333333,0.33333,3.244444
62582297-f229-4671-8ff0-ce98730b68c8,2.0,0.2222222222222222,2.0,8153.8099999999995,4076.9049999999997,848.945330424757,83,0,2.0,1.0,6.0,2.0,1.0,0.5,1.0,2.0,2.0,1.0,1.0,1.0,0.2222222222222222,4076.9049999999997,4677.2,0.5736214113402202,115.50638888888889,7.0,0.0,1.0,1.0,19.0,2.0,102.0,4,6.0,2,1,1,2,1,27,28,198,0.0889,0.0,0.2489,0.1724,T3,False,none,0.712348,0.67621,1.08425,0.778948,1.848264,0.790731,0.648469,0.720915,0.995087,0.86714,0.320767,0.666667,19.0,0.5,6.666667,9.0,0.22222,2.611111
509fcfc9-43df-4520-9869-f1e847c61ff0,3.0,0.3333333333333333,2.0,6016.45,2005.4833333333333,1062.047098594659,83,1,2.0,1.5,8.0,2.0,1.0,0.6666666666666666,1.0,3.0,3.0,1.0,1.0,1.0,0.3333333333333333,2005.4833333333333,2888.84,0.48015690315717746,110.63777777777777,7.0,0.6666666666666666,3.0,0.3333333333333333,28.0,1.0,55.666666666666664,6,9.0,2,1,3,2,1,70,70,121,0.1789,0.0083,0.2434,0.1287,T3,False,none,0.498937,0.658352,0.825083,0.69607,0.804265,0.506961,0.371185,0.45941,0.731551,0.604551,0.44611,0.666667,9.333333,0.133333,10.0,23.333333,0.99997,3.6
52b48735-29d8-4471-abda-fece2a37b1b1,9.0,1.0,7.0,30361.53,3373.503333333333,1229.4403890896865,106,1,2.0,4.5,6.0,2.0,1.0,0.8888888888888888,1.0,9.0,5.0,1.0,1.0,1.0,1.0,3373.503333333333,4751.89,0.15651022856885013,237.91472222222222,20.0,0.0,2.0,0.5555555555555556,27.0,2.0,64.33333333333333,5,27.0,2,1,2,2,1,57,57,121,0.174,0.0,0.2013,0.1186,T3,False,none,0.629497,1.271005,0.579951,0.699353,0.581664,2.116535,1.584149,1.514205,0.797776,1.132109,0.230655,0.666667,15.0,0.10101,9.666667,19.0,1.799968,3.478114
2445d8aa-1203-4575-96a0-65ae1eaed4a9,1.0,0.1111111111111111,1.0,3094.21,3094.21,0.0,30,0,1.0,1.0,5.0,1.0,1.0,1.0,1.0,1.0,4.0,1.0,1.0,1.0,0.1111111111111111,3094.21,3094.21,1.0,0.0,17.0,0.0,1.0,1.0,21.0,3.0,48.0,3,3.0,1,1,1,1,1,27,27,154,0.1225,0.0,0.2652,0.1509,T3,False,none,0.67104,0.634241,0.74616,0.886161,1.400021,1.114446,1.176988,1.008606,0.879658,0.939834,0.271265,1.0,21.0,0.5,7.333333,13.5,0.11111,2.944444
e14228f4-ab77-4a92-a0bc-841bfc8970b2,2.0,0.2222222222222222,2.0,9563.68,4781.84,196.34941099988072,47,1,1.0,2.0,12.0,1.0,1.0,1.0,1.0,2.0,3.0,1.0,1.0,1.0,0.2222222222222222,4781.84,4920.68,0.5145174242550985,97.82416666666667,2.0,0.0,1.0,1.0,21.0,3.0,48.0,3,6.0,1,1,1,1,1,33,33,154,0.1225,0.0,0.2652,0.1509,T3,False,none,0.691983,0.595173,0.74616,0.771589,1.400021,0.888149,0.869953,0.826036,0.826926,0.826511,0.271265,1.0,21.0,0.333333,7.666667,16.5,0.22222,3.0
9d062907-0b3b-412e-8731-8b215b52158e,2.0,0.2222222222222222,2.0,8813.9,4406.95,817.2881598310352,41,1,1.0,2.0,7.0,1.0,1.0,1.0,1.0,2.0,2.0,1.0,1.0,1.0,0.2222222222222222,4406.95,4984.86,0.565568023236025,54.348333333333336,16.0,0.5,2.0,0.5,24.0,1.0,69.5,4,6.0,1,1,2,1,1,46,47,110,0.1928,0.0091,0.1832,0.0943,T3,False,none,0.444267,0.67621,0.474973,0.48645,0.231917,0.747749,0.994899,0.743423,0.489077,0.607772,0.085445,1.0,12.0,0.166667,8.666667,23.0,0.444436,3.277778
40825b2a-cab3-4cef-b01f-4eac8891d96a,2.0,0.2222222222222222,1.0,4441.52,2220.76,36.18972506112755,50,0,2.0,1.0,7.0,2.0,1.0,0.5,1.0,2.0,4.0,1.0,1.0,1.0,0.2222222222222222,2220.76,2246.35,0.5057615410940398,4.669722222222222,0.0,1.0,1.0,1.0,15.0,2.0,104.0,4,6.0,2,1,1,2,1,27,27,198,0.0889,0.0,0.2489,0.1724,T3,False,none,0.652915,0.514136,1.244518,0.783721,1.848264,0.778804,0.989282,0.812995,0.989748,0.907263,0.320767,0.666667,15.0,0.5,5.333333,9.0,0.22222,2.166667
5df8a612-cc14-4119-bd08-a5d5e399c9ac,4.0,0.4444444444444444,4.0,11918.21,2979.5525,1522.271707949997,31,0,1.0,4.0,6.0,1.0,1.0,1.0,2.0,2.0,5.0,2.0,1.0,0.5,0.4444444444444444,2979.5525,4738.31,0.3975689302336509,129.85444444444445,0.0,0.25,3.0,0.5,23.0,0.0,53.75,6,12.0,1,2,3,1,2,66,67,43,0.4131,0.0,0.082,0.0328,T3,False,none,0.629588,0.479518,0.689104,0.635733,1.59323,0.654358,0.544857,0.610781,0.767381,0.694301,0.579628,1.5,11.5,0.1,8.0,33.0,0.888871,3.2
3dbfb3c6-e414-4dfe-a15f-7a5551041581,3.0,0.3333333333333333,3.0,7410.030000000001,2470.01,1477.152660120138,88,0,1.0,3.0,2.0,1.0,1.0,1.0,3.0,1.0,4.0,3.0,1.0,0.3333333333333333,0.3333333333333333,2470.01,4073.8,0.5497683545140842,61.48416666666667,0.0,0.3333333333333333,1.0,1.0,23.0,1.0,30.0,5,9.0,1,3,1,1,3,30,30,40,0.459,0.0,0.0615,0.0469,T3,False,none,0.759412,1.159677,0.679552,0.881109,1.728531,0.465722,0.385918,0.523032,1.049997,0.80408,0.738922,2.0,23.0,0.25,8.0,15.0,0.33333,3.416667
9ec5cf82-9110-43eb-91d5-cb6982a8e4ab,9.0,1.0,7.0,20342.04,2260.226666666667,717.0826241445264,108,1,1.0,9.0,4.0,1.0,1.0,1.0,2.0,4.5,6.0,2.0,1.0,0.8888888888888888,1.0,2260.226666666667,3138.61,0.15429180160888484,237.5225,15.0,0.3333333333333333,3.0,0.5555555555555556,22.0,1.0,81.44444444444444,6,27.0,1,2,3,1,2,66,67,95,0.2056,0.0211,0.1855,0.0916,T3,False,none,1.28799,0.696379,0.662383,0.919157,0.105784,1.835481,1.145725,1.449136,0.674406,1.035947,0.409973,1.5,12.222222,0.055556,8.0,33.0,1.799968,3.185185
759811c1-1945-4217-8f69-c68d79694afe,4.0,0.4444444444444444,3.0,11265.18,2816.295,1389.082513615852,62,0,1.0,4.0,7.0,1.0,1.0,1.0,1.0,4.0,1.0,0.0,0.0,1.0,0.4444444444444444,2816.295,3977.63,0.3530906740948658,130.935,3.0,0.25,2.0,0.75,23.0,0.0,85.0,4,12.0,1,1,2,1,0,45,45,110,0.1928,0.0091,0.1832,0.0943,T3,False,none,0.570155,1.715285,0.659134,0.599326,0.231917,0.433918,0.396158,0.460256,0.829541,0.657208,0.061245,0.0,17.25,0.0,7.666667,22.5,0.592585,2.555556
0848e49d-fcad-44d3-ba81-4c598a87ec0f,4.0,0.4444444444444444,4.0,13731.48,3432.87,1276.383275744398,32,1,3.0,1.3333333333333333,8.0,3.0,1.0,0.5,1.0,4.0,5.0,1.0,1.0,1.0,0.4444444444444444,3432.87,4452.24,0.32423598912863,147.97027777777777,5.0,0.0,3.0,0.5,23.0,0.0,71.5,7,12.0,3,1,3,3,1,86,87,89,0.2321,0.0,0.0992,0.0863,T3,False,none,1.080936,0.670476,0.838069,1.231408,0.403244,0.696838,0.662194,0.795032,0.871202,0.835656,0.429364,0.5,11.5,0.214286,8.333333,21.5,0.888871,3.015873
2bc52561-d496-4bd9-a0c6-cf2a2e898c43,2.0,0.2222222222222222,2.0,1491.95,745.975,165.32863650922664,107,1,1.0,2.0,6.0,1.0,1.0,1.0,1.0,2.0,4.0,1.0,1.0,1.0,0.2222222222222222,745.975,862.88,0.5783571835517276,63.896388888888886,3.0,0.5,2.0,0.5,16.0,1.0,65.5,4,6.0,1,1,2,1,1,35,35,129,0.1169,0.0,0.1879,0.1099,T3,False,none,0.5037,0.514136,0.538559,0.597351,0.675501,1.181284,0.94379,0.908524,0.577324,0.731884,0.078225,1.0,8.0,0.166667,6.0,17.5,0.444436,2.388889
49d0f456-3dc3-4375-b6ee-ed21eec80450,4.0,0.4444444444444444,4.0,11974.87,2993.7175,1450.529535247387,59,1,2.0,2.0,9.0,2.0,1.0,0.75,1.0,4.0,5.0,1.0,1.0,1.0,0.4444444444444444,2993.7175,4486.97,0.3746988485052447,177.44416666666666,2.0,0.25,2.0,0.75,21.0,0.0,25.75,5,12.0,2,1,2,2,1,55,55,108,0.1587,0.0,0.2348,0.071,T3,False,none,0.449411,0.670476,0.493542,0.396633,0.625422,0.542724,0.580187,0.528551,0.523415,0.525812,0.088064,0.666667,15.75,0.25,7.666667,18.333333,0.592585,2.861111
66b332b2-c726-40a4-9649-21997685d2ff,5.0,0.5555555555555556,4.0,10132.400000000001,2026.4800000000002,2085.0105676830512,88,1,2.0,2.5,6.0,2.0,1.0,0.6,2.0,2.5,6.0,2.0,1.0,0.8,0.5555555555555556,2026.4800000000002,4918.46,0.4854190517547668,131.87027777777777,7.0,0.2,3.0,0.6,19.0,3.0,47.8,7,15.0,2,2,3,2,2,66,66,108,0.1587,0.0,0.2348,0.071,T3,False,none,0.502462,0.398293,0.680426,0.759128,0.625422,0.865843,0.434787,0.618335,0.630239,0.624684,0.446121,1.0,11.4,0.171429,7.0,22.0,0.92591,2.72381
453aec4b-1b98-4d4f-981b-77041b5bda6b,5.0,0.5555555555555556,5.0,8274.619999999999,1654.9239999999998,1405.0909106104132,92,0,1.0,5.0,4.0,1.0,1.0,1.0,1.0,5.0,2.0,1.0,1.0,1.0,0.5555555555555556,1654.9239999999998,3551.23,0.4291713698030847,110.96861111111112,8.0,0.2,4.0,0.4,24.0,0.0,65.8,6,15.0,1,1,4,1,1,81,81,134,0.1691,0.0224,0.2258,0.1728,T3,False,none,0.856361,0.979601,1.099681,0.971961,1.123263,0.868509,0.351872,0.692826,1.025697,0.870357,0.617148,1.0,9.6,0.066667,8.333333,40.5,1.388854,3.133333
8ea8a61e-a161-4b9c-a8d3-47d3056edde0,2.0,0.2222222222222222,1.0,7649.93,3824.965,303.99227629990855,71,0,1.0,2.0,8.0,1.0,1.0,1.0,1.0,2.0,3.0,1.0,1.0,1.0,0.2222222222222222,3824.965,4039.92,0.528098949925032,9.793333333333333,7.0,0.0,2.0,0.5,21.0,1.0,54.5,4,6.0,1,1,2,1,1,41,42,129,0.1169,0.0,0.1879,0.1099,T3,False,none,0.454251,0.595173,0.266888,0.53469,0.675501,0.885196,0.701919,0.700977,0.517487,0.603116,0.078225,1.0,10.5,0.166667,7.333333,20.5,0.444436,2.833333
de622bc4-79ac-47c9-aa54-51bf6745b4a9,2.0,0.2222222222222222,2.0,2795.06,1397.53,746.7330452042415,63,0,1.0,2.0,6.0,1.0,1.0,1.0,2.0,1.0,5.0,2.0,1.0,0.5,0.2222222222222222,1397.53,1925.55,0.6889118659348994,16.49416666666667,11.0,0.0,1.0,1.0,19.0,2.0,107.0,4,6.0,1,2,1,1,2,30,30,129,0.1169,0.0,0.1879,0.1099,T3,False,none,0.5037,0.599624,1.126212,0.713351,0.675501,0.741688,0.932014,0.737134,0.764624,0.751795,0.295731,1.5,19.0,0.333333,6.666667,15.0,0.22222,2.833333
47fee54e-2363-4e91-837c-7d66f2342e24,4.0,0.4444444444444444,4.0,12173.869999999999,3043.4674999999997,1177.6121365252936,104,1,3.0,1.3333333333333333,12.0,3.0,1.0,0.5,1.0,4.0,5.0,1.0,1.0,1.0,0.4444444444444444,3043.4674999999997,4552.36,0.3739451793061697,176.3697222222222,9.0,0.25,3.0,0.5,23.0,2.0,48.5,7,12.0,3,1,3,3,1,79,80,96,0.2355,0.0,0.1833,0.0828,T3,False,none,1.318667,0.670476,0.544402,1.163872,0.215092,0.746215,0.531832,0.838312,0.753337,0.792992,0.40471,0.5,11.5,0.214286,8.333333,19.75,0.888871,3.015873
855f1ea7-2278-4abf-abfa-5906b780b466,0.0,0.0,0.0,0.0,0.0,0.0,68,1,0.0,0.0,0.0,0.0,0.0,0.0,0.0,0.0,0.0,0.0,0.0,0.0,0.0,0.0,0.0,0.0,0.0,0.0,0.0,0.0,0.0,0.0,0.0,0.0,0,0.0,0,0,0,0,0,0,0,1,0.0,0.0,0.0,0.0,T3,False,none,2.767811,2.428211,2.297128,2.075966,2.409508,1.552572,1.781581,1.97612,2.265693,2.130559,0.0,0.0,0.0,0.0,0.333333,0.0,0.0,0.111111
cef60479-c5d4-4c3b-87d4-135a4516edd8,1.0,0.1111111111111111,1.0,3656.78,3656.78,0.0,38,0,1.0,1.0,4.0,1.0,1.0,1.0,1.0,1.0,5.0,1.0,1.0,1.0,0.1111111111111111,3656.78,3656.78,1.0,0.0,7.0,0.0,1.0,1.0,23.0,0.0,91.0,3,3.0,1,1,1,1,1,29,29,84,0.204,0.0,0.1092,0.124,T3,False,none,0.730473,0.607297,1.06716,0.866865,0.51107,1.1294,0.992079,0.969647,0.784402,0.87085,0.250916,1.0,23.0,0.5,8.0,14.5,0.11111,3.166667
16a7ece5-f198-45a1-aa92-1aeae56d595a,6.0,0.6666666666666666,6.0,12779.76,2129.96,1053.3398218808593,99,0,1.0,6.0,6.0,1.0,1.0,1.0,2.0,3.0,10.0,2.0,1.0,0.8333333333333334,0.6666666666666666,2129.96,3303.19,0.2584704251097047,151.79944444444445,19.0,0.16666666666666666,6.0,0.16666666666666666,26.0,1.0,56.333333333333336,9,18.0,1,2,6,1,2,142,145,84,0.204,0.0,0.1092,0.124,T3,False,none,0.845402,0.804197,1.481383,2.000857,0.51107,1.112469,0.826411,0.940812,1.345171,1.15647,1.446158,1.5,4.333333,0.02381,9.0,71.0,3.99976,3.507937
50070873-5d7d-4a98-a68b-e9208f87d2fc,5.0,0.5555555555555556,4.0,10190.12,2038.0240000000001,1202.079302970482,63,0,3.0,1.6666666666666667,12.0,2.0,0.6666666666666666,0.6,2.0,2.5,6.0,2.0,1.0,0.6,0.5555555555555556,2038.0240000000001,3765.02,0.36947749388623485,115.825,7.0,0.4,3.0,0.6,27.0,1.0,36.4,8,15.0,3,2,3,2,2,94,94,89,0.2523,0.0,0.1667,0.1056,T3,False,none,1.221168,0.498573,0.630169,1.239214,0.277908,0.587007,0.354844,0.690808,0.766952,0.731418,0.775694,0.75,16.2,0.225,9.333333,23.5,0.92591,3.436111
b22080bd-937a-4c1a-a588-326e52d458f7,4.0,0.4444444444444444,4.0,11254.07,2813.5175,1359.6066402793372,60,0,2.0,2.0,10.0,2.0,1.0,0.75,1.0,4.0,2.0,1.0,1.0,1.0,0.4444444444444444,2813.5175,4117.92,0.36590495705109355,87.97888888888889,10.0,0.25,2.0,0.75,25.0,1.0,75.5,5,12.0,2,1,2,2,1,64,65,96,0.2355,0.0,0.1833,0.0828,T3,False,none,0.508844,0.859495,0.468828,0.488238,0.215092,0.501209,0.388751,0.465905,0.531484,0.50088,0.196872,0.666667,18.75,0.25,8.666667,21.333333,0.592585,3.194444
cbd7d757-8877-4db6-870e-46e55fc83924,2.0,0.2222222222222222,2.0,5689.17,2844.585,1489.3578000097891,38,0,1.0,2.0,5.0,1.0,1.0,1.0,2.0,1.0,5.0,2.0,1.0,0.5,0.2222222222222222,2844.585,3897.72,0.6851122395709743,83.19361111111111,0.0,0.5,2.0,0.5,30.0,0.0,52.5,5,6.0,1,2,2,1,2,60,60,89,0.2321,0.0,0.0992,0.0863,T3,False,none,0.563133,0.599624,0.729847,0.445224,0.403244,0.645821,0.6074,0.609389,0.536124,0.570314,0.357151,1.5,15.0,0.166667,10.333333,30.0,0.444436,4.0
a15663d4-cbfe-4993-b97c-067b5538b3e8,6.0,0.6666666666666666,3.0,17972.93,2995.4883333333332,1075.6221801806926,49,0,2.0,3.0,8.0,2.0,1.0,0.6666666666666666,3.0,2.0,10.0,3.0,1.0,0.5,0.6666666666666666,2995.4883333333332,4677.04,0.26022690791095276,144.62194444444444,0.0,0.0,4.0,0.3333333333333333,23.0,0.0,45.833333333333336,9,18.0,2,3,4,2,3,98,99,96,0.2355,0.0,0.1833,0.0828,T3,False,none,0.462964,1.309296,0.986276,1.640656,0.215092,0.802204,0.914169,0.7426,1.183893,0.977956,1.223982,1.333333,7.666667,0.083333,8.0,32.666667,1.99994,3.138889
17596b8a-8c85-427f-85fb-9ca1c8375aa3,6.0,0.6666666666666666,5.0,13941.36,2323.56,1620.6284948130465,98,1,1.0,6.0,8.0,1.0,1.0,1.0,1.0,6.0,2.0,1.0,1.0,1.0,0.6666666666666666,2323.56,4778.52,0.3427585257105476,178.1838888888889,8.0,0.16666666666666666,2.0,0.8333333333333334,20.0,3.0,70.33333333333333,4,18.0,1,1,2,1,1,46,46,108,0.1587,0.0,0.2348,0.071,T3,False,none,0.795954,1.099707,0.668698,0.562816,0.625422,1.1004,0.660384,0.866743,0.729532,0.793564,0.083619,1.0,16.666667,0.119048,7.333333,23.0,0.79999,2.81746
bce18f36-de44-4716-b53e-f262464cefb1,2.0,0.2222222222222222,2.0,2521.57,1260.785,1543.8050221611536,88,1,1.0,2.0,7.0,1.0,1.0,1.0,2.0,1.0,4.0,2.0,1.0,0.5,0.2222222222222222,1260.785,2352.42,0.9329187767938228,121.11944444444444,19.0,0.0,1.0,1.0,27.0,0.0,83.0,4,6.0,1,2,1,1,2,36,36,110,0.1928,0.0091,0.1832,0.0943,T3,False,none,0.444267,0.626569,1.143503,0.655463,0.231917,0.906308,1.065466,0.827349,0.679324,0.748402,0.337114,1.5,27.0,0.333333,9.666667,18.0,0.22222,3.833333
1d7cf39c-1f3d-4bd7-b05a-39204ec50fd9,5.0,0.5555555555555556,3.0,16160.32,3232.064,1497.0018037497484,73,0,1.0,5.0,11.0,1.0,1.0,1.0,1.0,5.0,1.0,0.0,0.0,1.0,0.5555555555555556,3232.064,4411.39,0.272976648977248,140.15944444444443,10.0,0.2,3.0,0.6,26.0,3.0,69.0,5,15.0,1,1,3,1,0,73,74,95,0.2056,0.0211,0.1855,0.0916,T3,False,none,0.866346,1.835391,0.932664,0.870157,0.105784,0.804285,0.648703,0.770156,0.997092,0.891189,0.263309,0.0,15.6,0.0,8.666667,36.5,0.92591,2.888889
44c3dcb5-fe61-4c6f-98a9-2e74ddb2177c,2.0,0.2222222222222222,2.0,1789.22,894.61,900.6701914685531,107,0,1.0,2.0,6.0,1.0,1.0,1.0,1.0,2.0,5.0,1.0,1.0,1.0,0.2222222222222222,894.61,1531.48,0.8559484020970032,162.75,3.0,0.0,1.0,1.0,19.0,2.0,42.0,3,6.0,1,1,1,1,1,27,27,154,0.1225,0.0,0.2652,0.1509,T3,False,none,0.5037,0.487191,0.685936,0.829477,1.400021,1.036096,1.054394,0.890082,0.809092,0.846887,0.286017,1.0,19.0,0.333333,6.666667,13.5,0.22222,2.666667
a9b14c99-c6ad-4f08-9aee-dd8f892680e4,2.0,0.2222222222222222,2.0,6887.299999999999,3443.6499999999996,1562.465570116666,57,1,1.0,2.0,3.0,1.0,1.0,1.0,1.0,2.0,7.0,1.0,1.0,1.0,0.2222222222222222,3443.6499999999996,4548.48,0.6604155474569134,83.09833333333333,1.0,0.0,2.0,0.5,24.0,2.0,31.5,4,6.0,1,1,2,1,1,49,49,67,0.2469,0.0,0.1605,0.1111,T3,False,none,0.681998,0.649265,0.519213,0.462279,0.434357,0.630507,0.761962,0.689037,0.516233,0.596875,0.266453,1.0,12.0,0.166667,8.666667,24.5,0.444436,3.277778
a75af7c5-6ec9-4f17-859d-4701fa0dfcc2,4.0,0.4444444444444444,4.0,8076.38,2019.095,1047.2032800591614,89,0,1.0,4.0,6.0,1.0,1.0,1.0,3.0,1.3333333333333333,4.0,3.0,1.0,0.5,0.4444444444444444,2019.095,3159.37,0.3911863978663708,134.26416666666665,3.0,0.0,3.0,0.5,23.0,2.0,46.5,7,12.0,1,3,3,1,3,68,68,89,0.2321,0.0,0.0992,0.0863,T3,False,none,0.629588,1.011127,0.557318,0.991937,0.403244,0.555999,0.492112,0.555729,0.808073,0.690313,0.678526,2.0,11.5,0.1,8.0,34.0,0.888871,3.366667
5ed99f89-a904-40db-9747-4e2d94cf2c1f,3.0,0.3333333333333333,3.0,3816.16,1272.0533333333333,530.1921974466744,109,1,2.0,1.5,9.0,2.0,1.0,0.6666666666666666,2.0,1.5,5.0,2.0,1.0,0.6666666666666666,0.3333333333333333,1272.0533333333333,1694.69,0.4440825332271184,108.03138888888888,16.0,0.0,2.0,0.6666666666666666,19.0,1.0,66.33333333333333,6,9.0,2,2,2,2,2,54,54,121,0.174,0.0,0.2013,0.1186,T3,False,none,0.55837,0.431056,0.31508,0.402105,0.581664,0.819441,0.787548,0.734218,0.421139,0.567243,0.278698,1.0,12.666667,0.266667,7.0,18.0,0.499993,2.755556
99ed8894-269b-44a1-b9d1-cb11c54cd0e3,3.0,0.3333333333333333,3.0,8835.81,2945.27,2277.914336668524,95,0,2.0,1.5,7.0,2.0,1.0,0.6666666666666666,1.0,3.0,1.0,0.0,0.0,1.0,0.3333333333333333,2945.27,4993.85,0.5651830449047683,86.81666666666666,4.0,0.3333333333333333,1.0,1.0,18.0,2.0,59.0,4,9.0,2,1,1,2,0,25,25,198,0.0889,0.0,0.2489,0.1724,T3,False,none,0.488952,1.595179,0.759246,0.886563,1.848264,0.691104,0.421035,0.543323,1.197476,0.892205,0.29198,0.0,18.0,0.0,6.0,8.333333,0.33333,2.0
ade4021e-6375-42c4-90c6-262cf2624ad7,6.0,0.6666666666666666,4.0,16717.71,2786.285,1446.38652229271,69,1,2.0,3.0,9.0,2.0,1.0,0.8333333333333334,1.0,6.0,4.0,1.0,1.0,1.0,0.6666666666666666,2786.285,4133.65,0.24726173620669337,159.8972222222222,7.0,0.0,1.0,1.0,18.0,2.0,73.0,4,18.0,2,1,1,2,1,34,34,129,0.1169,0.0,0.1879,0.1099,T3,False,none,0.440951,0.937633,0.87674,0.787778,0.675501,0.934022,0.709071,0.718161,0.825063,0.775175,0.176865,0.666667,18.0,0.25,6.666667,11.333333,0.66666,2.527778
bd22d62f-c0fa-46e8-ba1f-df352c0caf4e,1.0,0.1111111111111111,1.0,1887.4,1887.4,0.0,36,0,1.0,1.0,6.0,1.0,1.0,1.0,1.0,1.0,2.0,1.0,1.0,1.0,0.1111111111111111,1887.4,1887.4,1.0,0.0,21.0,0.0,1.0,1.0,20.0,2.0,82.0,3,3.0,1,1,1,1,1,25,25,154,0.1225,0.0,0.2652,0.1509,T3,False,none,0.611607,0.796315,0.880531,0.905457,1.400021,1.08824,1.375835,1.047924,0.955406,0.998581,0.271265,1.0,20.0,0.5,7.0,12.5,0.11111,2.833333
d0e2dc05-f620-4d10-b2d9-c64ae4d0b6f1,2.0,0.2222222222222222,2.0,7655.38,3827.69,141.23750847420087,73,1,1.0,2.0,6.0,1.0,1.0,1.0,1.0,2.0,4.0,1.0,1.0,1.0,0.2222222222222222,3827.69,3927.56,0.5130457273185655,25.454166666666666,10.0,0.0,2.0,0.5,28.0,0.0,69.5,4,6.0,1,1,2,1,1,53,53,134,0.1691,0.0224,0.2258,0.1728,T3,False,none,0.5037,0.514136,0.800776,0.46487,1.123263,0.832443,0.730464,0.704523,0.656899,0.679124,0.341044,1.0,14.0,0.166667,10.0,26.5,0.444436,3.722222
6bdfd8f4-bf11-4782-a7fc-84086b128e6f,3.0,0.3333333333333333,3.0,8155.33,2718.443333333333,804.3446004252986,94,1,1.0,3.0,7.0,1.0,1.0,1.0,1.0,3.0,5.0,1.0,1.0,1.0,0.3333333333333333,2718.443333333333,3611.48,0.44283677055373605,156.37777777777777,9.0,0.0,1.0,1.0,23.0,0.0,91.0,3,9.0,1,1,1,1,1,32,32,84,0.204,0.0,0.1092,0.124,T3,False,none,0.462248,0.550371,1.06716,0.724552,0.51107,0.489042,0.407098,0.454072,0.716803,0.594195,0.250916,1.0,23.0,0.25,8.333333,16.0,0.33333,3.194444
9a7ce0b6-8105-46e8-bd4b-bcea06bf1ce0,3.0,0.3333333333333333,3.0,4164.72,1388.24,644.3498002638008,85,0,1.0,3.0,6.0,1.0,1.0,1.0,2.0,1.5,5.0,2.0,1.0,0.6666666666666666,0.3333333333333333,1388.24,1986.53,0.47699004975124376,153.35888888888888,7.0,0.0,2.0,0.6666666666666666,21.0,2.0,59.666666666666664,5,9.0,1,2,2,1,2,51,51,96,0.2355,0.0,0.1833,0.0828,T3,False,none,0.521681,0.431056,0.269068,0.303178,0.215092,0.65713,0.597434,0.598531,0.31336,0.44644,0.183551,1.5,14.0,0.166667,7.333333,25.5,0.499993,3.0
f1c8e07a-d09a-47c0-af41-ba03cd12c068,3.0,0.3333333333333333,3.0,7584.780000000001,2528.26,2192.4701906069326,96,1,1.0,3.0,12.0,1.0,1.0,1.0,1.0,3.0,3.0,1.0,1.0,1.0,0.3333333333333333,2528.26,4558.09,0.6009521700036125,137.2825,18.0,0.0,2.0,0.6666666666666666,17.0,1.0,74.0,4,9.0,1,1,2,1,1,43,44,67,0.2687,0.0,0.1443,0.07,T3,False,none,0.709964,0.658352,0.451164,0.458709,0.56421,0.627853,0.652181,0.659423,0.524632,0.587534,0.094919,1.0,11.333333,0.166667,6.333333,21.5,0.499993,2.5
781e11d6-7a37-4d27-8d59-93cf3404d175,8.0,0.8888888888888888,7.0,15160.42,1895.0525,1145.2310341430177,80,1,2.0,4.0,10.0,2.0,1.0,0.875,4.0,2.0,5.0,4.0,1.0,0.625,0.8888888888888888,1895.0525,3556.09,0.2345640819977283,219.3975,21.0,0.25,4.0,0.375,29.0,1.0,79.75,10,24.0,2,4,4,2,4,123,124,89,0.2523,0.0,0.1667,0.1056,T3,False,none,0.635794,1.247317,1.232219,2.336907,0.277908,1.426119,1.134985,1.103267,1.4912,1.310164,1.529733,1.666667,10.875,0.075,10.333333,41.0,2.370307,4.025
8ae695a9-4a06-4720-a374-323e830b4854,0.0,0.0,0.0,0.0,0.0,0.0,61,0,0.0,0.0,0.0,0.0,0.0,0.0,0.0,0.0,0.0,0.0,0.0,0.0,0.0,0.0,0.0,0.0,0.0,0.0,0.0,0.0,0.0,0.0,0.0,0.0,0,0.0,0,0,0,0,0,0,0,1,0.0,0.0,0.0,0.0,T3,False,none,2.767811,2.428211,2.297128,2.075966,2.409508,1.523475,1.781581,1.965035,2.265693,2.125386,0.0,0.0,0.0,0.0,0.0,0.0,0.0,0.0
24cb48d7-f1a6-4403-a249-9dc9b12be76d,1.0,0.1111111111111111,1.0,589.64,589.64,0.0,107,1,1.0,1.0,7.0,1.0,1.0,1.0,1.0,1.0,4.0,1.0,1.0,1.0,0.1111111111111111,589.64,589.64,1.0,0.0,12.0,1.0,1.0,1.0,20.0,1.0,31.0,3,3.0,1,1,1,1,1,27,28,134,0.1691,0.0224,0.2258,0.1728,T3,False,none,0.552174,0.634241,0.660703,0.881388,1.123263,1.461764,1.706271,1.283384,0.813938,1.033013,0.321688,1.0,20.0,0.5,7.333333,13.5,0.11111,2.944444
80c7cf37-adc7-4f90-ab88-a24796a7432d,4.0,0.4444444444444444,4.0,7870.87,1967.7175,428.8547445134152,109,1,3.0,1.3333333333333333,9.0,3.0,1.0,0.5,1.0,4.0,5.0,1.0,1.0,1.0,0.4444444444444444,1967.7175,2371.21,0.301264027991823,196.01666666666668,7.0,0.25,2.0,0.75,17.0,2.0,88.25,6,12.0,3,1,2,3,1,51,52,50,0.2482,0.04,0.0909,0.0909,T3,False,none,1.140369,0.670476,0.682925,0.724074,0.707334,0.773221,0.552041,0.804394,0.699312,0.74835,0.160478,0.5,12.75,0.321429,6.333333,12.75,0.592585,2.384921
a7872b82-6f9a-42da-8ac5-e23f0e2c0dfb,10.0,1.1111111111111112,7.0,34330.25,3433.025,1190.5800664032076,93,0,1.0,10.0,6.0,1.0,1.0,1.0,2.0,5.0,3.0,1.0,0.5,0.9,1.1111111111111112,3433.025,4705.89,0.13707706760073116,202.24444444444444,2.0,0.2,2.0,0.6,17.0,2.0,72.0,5,30.0,1,2,2,1,1,37,37,198,0.0889,0.0,0.2489,0.1724,T3,False,none,1.277032,1.026138,0.565203,0.793272,1.848264,2.275414,1.310742,1.668604,0.979806,1.301245,0.241749,0.75,10.2,0.027273,5.833333,18.5,1.851821,2.203535
27a13212-44cd-4de7-b100-94cb3a41087e,5.0,0.5555555555555556,5.0,13592.82,2718.564,1682.4749646666367,70,0,1.0,5.0,5.0,1.0,1.0,1.0,1.0,5.0,2.0,1.0,1.0,1.0,0.5555555555555556,2718.564,4884.46,0.3593411815944006,153.01916666666668,2.0,0.2,2.0,0.6,25.0,0.0,81.8,4,15.0,1,1,2,1,1,47,49,110,0.1791,0.0,0.2044,0.1366,T3,False,none,0.796928,0.979601,0.722675,0.486937,0.622351,0.864098,0.641719,0.77078,0.681784,0.723316,0.199143,1.0,15.0,0.1,8.666667,23.5,0.92591,3.255556
1037cb03-d0ec-4b20-b17c-9c6687c9df7e,4.0,0.4444444444444444,4.0,10286.970000000001,2571.7425000000003,1004.8709731892615,86,0,2.0,2.0,8.0,2.0,1.0,0.75,1.0,4.0,3.0,1.0,1.0,1.0,0.4444444444444444,2571.7425000000003,3931.57,0.382189313276893,208.38444444444445,7.0,0.25,3.0,0.5,18.0,0.0,75.5,6,12.0,2,1,3,2,1,58,58,198,0.0889,0.0,0.2489,0.1724,T3,False,none,0.389978,0.778458,0.932924,0.595202,1.848264,0.558382,0.408861,0.460426,0.920218,0.705649,0.390504,0.666667,9.0,0.166667,6.333333,19.333333,0.888871,2.388889
174242b7-60c4-4255-9180-3bd06dd12892,4.0,0.4444444444444444,3.0,6183.43,1545.8575,998.5210172174644,34,0,2.0,2.0,12.0,2.0,1.0,0.75,2.0,2.0,10.0,2.0,1.0,0.75,0.4444444444444444,1545.8575,2781.93,0.44990078322225685,198.01,6.0,0.25,3.0,0.5,25.0,1.0,38.25,7,12.0,2,2,3,2,2,91,91,40,0.459,0.0,0.0615,0.0469,T3,False,none,0.62771,0.72193,0.616618,0.943643,1.728531,0.501859,0.503345,0.538312,0.950899,0.758358,1.025021,1.0,12.5,0.166667,8.666667,30.333333,0.888871,3.277778
3ad6a52d-3bc0-48fc-b491-265a73aeca02,2.0,0.2222222222222222,2.0,5355.76,2677.88,569.7159336020012,36,1,1.0,2.0,6.0,1.0,1.0,1.0,1.0,2.0,1.0,0.0,0.0,1.0,0.2222222222222222,2677.88,3080.73,0.5752180829611484,45.33,8.0,0.0,2.0,0.5,23.0,1.0,73.5,4,6.0,1,1,2,1,0,41,41,121,0.174,0.0,0.2013,0.1186,T3,False,none,0.5037,1.531999,0.472672,0.679694,0.581664,0.659289,0.511215,0.565477,0.833302,0.708317,0.096303,0.0,11.5,0.0,8.0,20.5,0.444436,2.666667
7b707a55-a3dd-4b7b-9e6a-ffa64b2439af,6.0,0.6666666666666666,5.0,18051.03,3008.5049999999997,1588.395177677772,88,1,2.0,3.0,12.0,2.0,1.0,0.8333333333333334,3.0,2.0,5.0,3.0,1.0,0.5,0.6666666666666666,3008.5049999999997,4814.54,0.26671829806941766,179.3072222222222,5.0,0.5,1.0,1.0,23.0,1.0,30.0,6,18.0,2,3,1,2,3,51,51,40,0.459,0.0,0.0615,0.0469,T3,False,none,0.61925,0.904111,0.679552,0.882293,1.728531,1.202526,0.846621,0.917241,0.986549,0.954205,0.803285,1.333333,23.0,0.25,8.333333,17.0,0.66666,3.305556
e17745d0-371b-4307-b51b-62fda93164cb,3.0,0.3333333333333333,3.0,2217.51,739.1700000000001,435.77746603054175,53,0,3.0,1.0,12.0,3.0,1.0,0.3333333333333333,2.0,1.5,3.0,2.0,1.0,0.6666666666666666,0.3333333333333333,739.1700000000001,1216.74,0.5486965109514725,132.10416666666666,2.0,0.3333333333333333,2.0,0.6666666666666666,25.0,2.0,72.66666666666667,7,9.0,3,2,2,3,2,71,71,96,0.2355,0.0,0.1833,0.0828,T3,False,none,1.464646,0.539038,0.496239,0.92741,0.215092,0.657793,0.713404,0.906859,0.62177,0.754812,0.403925,0.75,16.666667,0.333333,8.666667,17.75,0.499993,3.25
123e16c6-b0e1-4619-a8fa-f8fe4ca15be3,6.0,0.6666666666666666,5.0,11627.07,1937.845,925.6786135749276,103,0,3.0,2.0,12.0,3.0,1.0,0.5,2.0,3.0,12.0,2.0,1.0,0.8333333333333334,0.6666666666666666,1937.845,3363.88,0.2893145048580597,186.04555555555555,16.0,0.16666666666666666,1.0,1.0,22.0,3.0,93.0,6,18.0,3,2,1,3,2,53,54,84,0.204,0.0,0.1092,0.124,T3,False,none,1.246729,0.966271,1.129753,0.9245,0.51107,1.069803,0.828649,1.039968,0.908799,0.970011,0.705726,0.75,22.0,0.333333,7.666667,13.25,0.66666,2.916667
c53e71a2-4698-4aa4-b2bb-8f66e94ae767,4.0,0.4444444444444444,4.0,3911.46,977.865,1080.1185517803126,101,0,2.0,2.0,7.0,2.0,1.0,0.75,2.0,2.0,5.0,2.0,1.0,0.75,0.4444444444444444,977.865,2431.68,0.6216809068736482,73.51083333333334,1.0,0.0,2.0,0.5,18.0,1.0,93.5,6,12.0,2,2,2,2,2,48,48,134,0.1691,0.0224,0.2258,0.1728,T3,False,none,0.379993,0.316745,0.701806,0.414422,1.123263,0.841331,0.770797,0.686009,0.568015,0.623079,0.389863,1.0,9.0,0.166667,6.333333,16.0,0.888871,2.5
7c8f6db9-01fa-4697-bf3c-1d71b9ac14f3,4.0,0.4444444444444444,3.0,10328.150000000001,2582.0375000000004,1006.6937829474263,103,1,1.0,4.0,7.0,1.0,1.0,1.0,3.0,1.3333333333333333,12.0,3.0,1.0,0.5,0.4444444444444444,2582.0375000000004,3856.13,0.37336115374002116,143.62305555555557,4.0,0.5,4.0,0.25,23.0,2.0,79.0,8,12.0,1,3,4,1,3,93,96,96,0.2355,0.0,0.1833,0.0828,T3,False,none,0.570155,1.551441,1.184524,1.41711,0.215092,0.559069,0.427779,0.518473,1.201901,0.882968,1.244482,2.0,5.75,0.05,8.333333,46.5,1.777707,3.461111
46656b57-05f5-4d13-9440-24b1aa62a423,4.0,0.4444444444444444,3.0,9931.31,2482.8275,1615.9982515744462,34,0,2.0,2.0,9.0,2.0,1.0,0.5,2.0,2.0,7.0,2.0,1.0,0.75,0.4444444444444444,2482.8275,3893.82,0.39207516430360145,129.8138888888889,1.0,0.0,3.0,0.5,21.0,1.0,56.25,7,12.0,2,2,3,2,2,79,79,129,0.1169,0.0,0.1879,0.1099,T3,False,none,0.614426,0.478819,0.481437,0.827867,0.675501,0.462653,0.483177,0.512858,0.643038,0.582287,0.585594,1.0,10.5,0.166667,7.333333,26.333333,0.888871,2.833333
d8db0c84-3f1c-42b6-9e37-c33eb1e71aac,2.0,0.2222222222222222,2.0,5039.24,2519.62,3404.888857040711,74,1,2.0,1.0,7.0,2.0,1.0,0.5,1.0,2.0,3.0,1.0,1.0,1.0,0.2222222222222222,2519.62,4927.24,0.9777744263023789,49.970555555555556,21.0,0.0,1.0,1.0,22.0,3.0,44.0,4,6.0,2,1,1,2,1,31,31,108,0.1587,0.0,0.2348,0.071,T3,False,none,0.652915,0.595173,0.790186,0.745129,0.625422,0.968372,1.10632,0.924224,0.697076,0.803078,0.143975,0.666667,22.0,0.5,8.0,10.333333,0.22222,3.055556
9ef5b67d-e0ba-40a5-99ca-919b735246e5,2.0,0.2222222222222222,2.0,1983.46,991.73,736.0557328083248,64,1,2.0,1.0,5.0,2.0,1.0,0.5,1.0,2.0,5.0,1.0,1.0,1.0,0.2222222222222222,991.73,1512.2,0.7624050900950864,71.07416666666667,8.0,0.0,1.0,1.0,19.0,2.0,42.0,4,6.0,2,1,1,2,1,28,28,154,0.1225,0.0,0.2652,0.1509,T3,False,none,0.771781,0.487191,0.685936,0.774073,1.400021,0.810346,0.8995,0.829046,0.788315,0.807323,0.286017,0.666667,19.0,0.5,7.0,9.333333,0.22222,2.722222
85f4d411-f895-4118-96e6-0207d77ade16,3.0,0.3333333333333333,3.0,7078.370000000001,2359.456666666667,1605.7683181995258,73,0,2.0,1.5,10.0,2.0,1.0,0.6666666666666666,1.0,3.0,7.0,1.0,1.0,1.0,0.3333333333333333,2359.456666666667,3623.59,0.5119243554660182,178.12472222222223,6.0,0.0,2.0,0.6666666666666666,20.0,0.0,63.0,5,9.0,2,1,2,2,1,58,58,134,0.1691,0.0224,0.2258,0.1728,T3,False,none,0.617802,0.712445,0.433555,0.410669,1.123263,0.412741,0.342454,0.447901,0.609647,0.534165,0.355785,0.666667,13.333333,0.266667,7.0,19.333333,0.499993,2.644444
d06cb382-fdf3-4633-97a3-2e12c4e790e8,2.0,0.2222222222222222,2.0,1470.17,735.085,596.4233567274173,66,0,1.0,2.0,4.0,1.0,1.0,1.0,2.0,1.0,3.0,2.0,1.0,0.5,0.2222222222222222,735.085,1156.82,0.7868613833774325,167.1461111111111,1.0,0.0,1.0,1.0,21.0,0.0,44.0,4,6.0,1,2,1,1,2,27,27,110,0.1791,0.0,0.2044,0.1366,T3,False,none,0.622565,0.707606,0.698051,0.742295,0.622351,0.897653,1.134382,0.897966,0.704414,0.794739,0.342454,1.5,21.0,0.333333,7.333333,13.5,0.22222,3.055556
4e25835e-b8fb-440e-afcd-fd6239345643,3.0,0.3333333333333333,3.0,3828.11,1276.0366666666666,323.8219946719699,31,1,1.0,3.0,10.0,1.0,1.0,1.0,2.0,1.5,7.0,2.0,1.0,0.6666666666666666,0.3333333333333333,1276.0366666666666,1463.65,0.3823427226490357,85.1625,12.0,0.3333333333333333,1.0,1.0,28.0,0.0,104.0,4,9.0,1,2,1,1,2,46,46,134,0.1691,0.0224,0.2258,0.1728,T3,False,none,0.591098,0.59313,1.355615,0.502298,1.123263,0.681755,0.684329,0.656711,0.806275,0.736478,0.637316,1.5,28.0,0.25,10.0,23.0,0.33333,3.916667
6ae4b924-9625-490e-9e2f-bb9d8bba74e3,2.0,0.2222222222222222,2.0,5286.6900000000005,2643.3450000000003,225.5741342663202,57,1,1.0,2.0,9.0,1.0,1.0,1.0,1.0,2.0,3.0,1.0,1.0,1.0,0.2222222222222222,2643.3450000000003,2802.85,0.5301710522084706,61.014722222222225,1.0,0.5,1.0,1.0,22.0,0.0,57.0,3,6.0,1,1,1,1,1,31,31,95,0.2056,0.0211,0.1855,0.0916,T3,False,none,0.513684,0.595173,0.745946,0.790885,0.105784,0.638428,0.553329,0.57442,0.618411,0.597882,0.14526,1.0,22.0,0.333333,8.0,15.5,0.22222,3.111111
6252fec6-5374-4251-8638-5a7a0d449405,6.0,0.6666666666666666,5.0,20980.23,3496.705,1726.7085891690003,84,1,3.0,2.0,5.0,3.0,1.0,0.5,2.0,3.0,8.0,2.0,1.0,0.6666666666666666,0.6666666666666666,3496.705,4973.36,0.23704983215150643,180.93138888888888,19.0,0.16666666666666666,2.0,0.8333333333333334,28.0,0.0,56.833333333333336,7,18.0,3,2,2,3,2,68,69,95,0.2056,0.0211,0.1855,0.0916,T3,False,none,1.117879,0.677294,0.663532,1.031517,0.105784,1.334256,1.145363,1.209469,0.712009,0.944157,0.610113,0.75,23.333333,0.277778,10.0,17.0,0.79999,3.675926
e90f8ff5-eadb-451b-b2c2-fdf93ec664dd,2.0,0.2222222222222222,2.0,3265.49,1632.745,355.2999443428046,36,1,2.0,1.0,6.0,2.0,1.0,0.5,2.0,1.0,7.0,2.0,1.0,0.5,0.2222222222222222,1632.745,1883.98,0.5769363862697482,95.04388888888889,18.0,0.5,2.0,0.5,20.0,1.0,101.5,6,6.0,2,2,2,2,2,53,54,134,0.1691,0.0224,0.2258,0.1728,T3,False,none,0.712348,0.761698,0.697204,0.453915,1.123263,0.807075,0.812102,0.781686,0.693104,0.734442,0.487905,1.0,10.0,0.25,7.333333,17.666667,0.444436,2.861111
bac72cf7-e8c7-4fef-b5ef-8e524355257f,2.0,0.2222222222222222,2.0,1836.97,918.485,338.34352372995113,50,1,1.0,2.0,5.0,1.0,1.0,1.0,2.0,1.0,8.0,2.0,1.0,0.5,0.2222222222222222,918.485,1157.73,0.6302389260575839,58.77194444444444,2.0,0.5,2.0,0.5,21.0,1.0,33.5,5,6.0,1,2,2,1,2,52,53,129,0.1169,0.0,0.1879,0.1099,T3,False,none,0.563133,0.842735,0.338551,0.372813,0.675501,0.858036,0.949002,0.8041,0.533604,0.659835,0.335347,1.5,10.5,0.166667,7.666667,26.0,0.444436,3.111111
88766c9b-f42c-4157-b6b6-2a7ef0c520c2,4.0,0.4444444444444444,4.0,11426.01,2856.5025,1884.7363834654261,51,1,1.0,4.0,11.0,1.0,1.0,1.0,3.0,1.3333333333333333,4.0,3.0,1.0,0.5,0.4444444444444444,2856.5025,4642.24,0.4062870590871179,137.36027777777778,1.0,0.25,2.0,0.75,23.0,3.0,85.0,6,12.0,1,3,2,1,3,55,55,154,0.1225,0.0,0.2652,0.1509,T3,False,none,0.758439,1.011127,0.740814,0.69686,1.400021,0.575604,0.503611,0.603845,0.901777,0.762742,0.621624,2.0,17.25,0.15,8.333333,27.5,0.592585,3.494444
2405ad0d-7102-452d-af2a-e4b12c829e01,0.0,0.0,0.0,0.0,0.0,0.0,86,0,0.0,0.0,0.0,0.0,0.0,0.0,0.0,0.0,0.0,0.0,0.0,0.0,0.0,0.0,0.0,0.0,0.0,0.0,0.0,0.0,0.0,0.0,0.0,0.0,0,0.0,0,0,0,0,0,0,0,1,0.0,0.0,0.0,0.0,T3,False,none,2.767811,2.428211,2.297128,2.075966,2.409508,1.656872,1.781581,2.015853,2.265693,2.149101,0.0,0.0,0.0,0.0,0.0,0.0,0.0,0.0
bb092fcb-a032-468f-8759-38a4f7cf60b6,4.0,0.4444444444444444,3.0,5890.82,1472.705,1240.3039677030788,44,0,2.0,2.0,8.0,2.0,1.0,0.5,2.0,2.0,4.0,2.0,1.0,0.75,0.4444444444444444,1472.705,3095.04,0.5254005384649336,172.235,13.0,0.0,3.0,0.5,16.0,1.0,36.25,7,12.0,2,2,3,2,2,57,57,50,0.2482,0.04,0.0909,0.0909,T3,False,none,0.554993,0.34369,0.694688,0.615611,0.707334,0.471439,0.635005,0.549833,0.579392,0.565598,0.391688,1.0,8.0,0.166667,5.666667,19.0,0.888871,2.277778
f6451062-e5e7-4647-a30b-afe56a47ba94,4.0,0.4444444444444444,3.0,11068.39,2767.0975,1219.314682335259,67,1,1.0,4.0,6.0,1.0,1.0,1.0,3.0,1.3333333333333333,7.0,3.0,1.0,0.5,0.4444444444444444,2767.0975,3835.26,0.3465056796878318,170.2686111111111,0.0,0.0,1.0,1.0,22.0,1.0,82.0,5,12.0,1,3,1,1,3,37,37,121,0.174,0.0,0.2013,0.1186,T3,False,none,0.629588,1.146256,0.773437,0.828481,0.581664,0.412086,0.646076,0.552226,0.855321,0.713877,0.646291,2.0,22.0,0.2,8.0,18.5,0.44444,3.4
38b31c2d-11a1-4222-bb19-e7c5dfa4019b,3.0,0.3333333333333333,1.0,4312.98,1437.6599999999999,1128.8647559384606,102,0,1.0,3.0,9.0,1.0,1.0,1.0,1.0,3.0,2.0,1.0,1.0,1.0,0.3333333333333333,1437.6599999999999,2640.52,0.6122263492990926,12.211388888888889,6.0,0.0,2.0,0.6666666666666666,21.0,3.0,30.0,4,9.0,1,1,2,1,1,46,48,121,0.174,0.0,0.2013,0.1186,T3,False,none,0.531665,0.739389,0.509064,0.424992,0.581664,0.809628,0.663462,0.681488,0.547218,0.609878,0.098256,1.0,14.0,0.166667,7.333333,23.0,0.499993,2.833333
71e7223e-cec5-471f-8657-0a3522dd3d2c,6.0,0.6666666666666666,4.0,16148.77,2691.4616666666666,1881.887439220706,37,0,2.0,3.0,12.0,2.0,1.0,0.8333333333333334,2.0,3.0,4.0,1.0,0.5,0.8333333333333334,0.6666666666666666,2691.4616666666666,4959.94,0.3071404199824506,109.0475,1.0,0.3333333333333333,1.0,1.0,21.0,0.0,43.0,5,18.0,2,2,1,2,1,42,42,198,0.0889,0.0,0.2489,0.1724,T3,False,none,0.61925,0.661484,0.706443,0.627479,1.848264,1.001583,0.667693,0.781048,0.855895,0.820967,0.34039,0.5,21.0,0.125,7.166667,14.0,0.66666,2.597222
35899e5f-51b5-4ba9-a6e4-994ebf98a5aa,4.0,0.4444444444444444,2.0,9991.93,2497.9825,1418.0950162659528,70,1,2.0,2.0,10.0,2.0,1.0,0.75,2.0,2.0,4.0,2.0,1.0,0.75,0.4444444444444444,2497.9825,3907.23,0.39103856812447646,145.68916666666667,21.0,0.0,3.0,0.5,20.0,3.0,71.75,7,12.0,2,2,3,2,2,70,72,108,0.1587,0.0,0.2348,0.071,T3,False,none,0.508844,0.34369,0.91139,0.750581,0.625422,0.465719,0.711368,0.559923,0.6615,0.614098,0.403121,1.0,10.0,0.166667,7.333333,23.333333,0.888871,2.833333
9b322d68-16ed-4887-81b8-e556d291a570,0.0,0.0,0.0,0.0,0.0,0.0,40,0,0.0,0.0,0.0,0.0,0.0,0.0,0.0,0.0,0.0,0.0,0.0,0.0,0.0,0.0,0.0,0.0,0.0,0.0,0.0,0.0,0.0,0.0,0.0,0.0,0,0.0,0,0,0,0,0,0,0,1,0.0,0.0,0.0,0.0,T3,False,none,2.767811,2.428211,2.297128,2.075966,2.409508,1.558769,1.781581,1.97848,2.265693,2.131661,0.0,0.0,0.0,0.0,0.0,0.0,0.0,0.0
0dcb0a1e-42be-4f25-8268-0a81c4b6d529,4.0,0.4444444444444444,4.0,8104.82,2026.205,1914.8479128902118,68,0,3.0,1.3333333333333333,13.0,3.0,1.0,0.5,1.0,4.0,3.0,1.0,1.0,1.0,0.4444444444444444,2026.205,4896.12,0.6040997825985032,229.03944444444446,8.0,0.25,3.0,0.5,20.0,3.0,62.75,7,12.0,3,1,3,3,1,73,73,108,0.1587,0.0,0.2348,0.071,T3,False,none,1.3781,0.778458,0.835859,1.101211,0.625422,0.575182,0.57505,0.804543,0.885943,0.847956,0.310973,0.5,10.0,0.214286,7.0,18.25,0.888871,2.571429
426aa985-403f-4c1e-a62c-46c48e0f0e96,3.0,0.3333333333333333,3.0,8035.110000000001,2678.3700000000003,728.4369074257565,42,0,1.0,3.0,7.0,1.0,1.0,1.0,1.0,3.0,4.0,1.0,1.0,1.0,0.3333333333333333,2678.3700000000003,3125.38,0.3889654279779617,124.91833333333334,11.0,0.0,1.0,1.0,24.0,2.0,40.0,3,9.0,1,1,1,1,1,32,32,67,0.2469,0.0,0.1605,0.1111,T3,False,none,0.462248,0.577315,0.713177,0.724552,0.434357,0.356784,0.452096,0.418687,0.637007,0.535125,0.261937,1.0,24.0,0.25,8.333333,16.0,0.33333,3.194444
1a50121c-1030-4a73-98ed-8db244687b95,2.0,0.2222222222222222,1.0,6054.8,3027.4,2434.116099285324,87,0,2.0,1.0,6.0,2.0,1.0,0.5,1.0,2.0,3.0,1.0,1.0,1.0,0.2222222222222222,3027.4,4748.58,0.7842670278126445,4.0697222222222225,0.0,0.0,2.0,0.5,27.0,2.0,83.0,5,6.0,2,1,2,2,1,56,56,121,0.174,0.0,0.2013,0.1186,T3,False,none,0.712348,0.595173,0.777563,0.448058,0.581664,1.001121,0.97263,0.909118,0.575751,0.731322,0.211914,0.666667,13.5,0.25,9.333333,18.666667,0.444436,3.416667
9ac31416-ff3d-44fb-8ee8-e5dc040b0538,3.0,0.3333333333333333,2.0,6547.15,2182.383333333333,2454.007176361417,55,1,1.0,3.0,3.0,1.0,1.0,1.0,2.0,1.5,4.0,2.0,1.0,0.6666666666666666,0.3333333333333333,2182.383333333333,4995.79,0.7630480438053199,27.635,7.0,0.0,1.0,1.0,23.0,2.0,48.0,4,9.0,1,2,1,1,2,29,29,84,0.204,0.0,0.1092,0.124,T3,False,none,0.699979,0.458001,0.610167,0.666314,0.51107,0.552225,0.657202,0.629433,0.576664,0.60129,0.340277,1.5,23.0,0.25,8.333333,14.5,0.33333,3.361111
347c4c76-a90e-44cc-8ce7-dfe75a8b7d60,2.0,0.2222222222222222,2.0,5295.79,2647.895,592.4494166171492,101,1,1.0,2.0,9.0,1.0,1.0,1.0,2.0,1.0,5.0,1.0,0.5,0.5,0.2222222222222222,2647.895,3066.82,0.5791052892958369,16.123055555555556,3.0,0.0,2.0,0.5,19.0,0.0,71.0,5,6.0,1,2,2,1,1,43,43,129,0.1169,0.0,0.1879,0.1099,T3,False,none,0.513684,0.835151,0.659425,0.437052,0.675501,0.809753,0.629279,0.665004,0.622646,0.642413,0.1126,0.75,9.5,0.083333,6.833333,21.5,0.444436,2.555556
610a1116-e9a1-4295-91b3-c2b335c94907,6.0,0.6666666666666666,5.0,20362.83,3393.8050000000003,863.2004465418216,103,1,1.0,6.0,8.0,1.0,1.0,1.0,1.0,6.0,1.0,0.0,0.0,1.0,0.6666666666666666,3393.8050000000003,4689.27,0.23028577069100906,182.5475,21.0,0.0,3.0,0.5,22.0,3.0,65.0,5,18.0,1,1,3,1,0,60,62,110,0.1928,0.0091,0.1832,0.0943,T3,False,none,0.795954,1.955496,0.829327,0.806191,0.231917,1.340388,1.233927,1.149348,1.002625,1.071096,0.152454,0.0,11.0,0.0,7.666667,30.0,1.333307,2.555556
98b4ba7b-7cd8-4266-aeeb-da40d75032f0,1.0,0.1111111111111111,1.0,1958.67,1958.67,0.0,32,1,1.0,1.0,5.0,1.0,1.0,1.0,1.0,1.0,1.0,0.0,0.0,1.0,0.1111111111111111,1958.67,1958.67,1.0,0.0,13.0,0.0,1.0,1.0,28.0,2.0,91.0,3,3.0,1,1,1,1,0,31,31,95,0.2056,0.0211,0.1855,0.0916,T3,False,none,0.67104,1.652105,1.145873,0.987801,0.105784,1.090732,1.173433,0.998387,1.039806,1.020477,0.214302,0.0,28.0,0.0,9.666667,15.5,0.11111,3.222222
ef86ee94-12a1-4d25-8a55-25558d057738,3.0,0.3333333333333333,3.0,10641.77,3547.2566666666667,491.4320417243196,82,0,2.0,1.5,8.0,2.0,1.0,0.6666666666666666,1.0,3.0,5.0,1.0,1.0,1.0,0.3333333333333333,3547.2566666666667,3983.22,0.37430051579765394,82.14,2.0,0.0,2.0,0.6666666666666666,20.0,1.0,70.33333333333333,5,9.0,2,1,2,2,1,49,49,108,0.1587,0.0,0.2348,0.071,T3,False,none,0.498937,0.550371,0.312779,0.359838,0.625422,0.63981,0.626863,0.595245,0.441931,0.513478,0.049558,0.666667,13.333333,0.266667,7.0,16.333333,0.499993,2.644444
65ff03f2-d01b-439c-aeac-24e278746b2b,2.0,0.2222222222222222,2.0,4667.23,2333.615,2571.5140179376817,74,0,1.0,2.0,5.0,1.0,1.0,1.0,2.0,1.0,8.0,2.0,1.0,0.5,0.2222222222222222,2333.615,4151.95,0.8895961844605902,83.46944444444445,5.0,0.0,2.0,0.5,23.0,0.0,97.5,5,6.0,1,2,2,1,2,59,59,110,0.1928,0.0091,0.1832,0.0943,T3,False,none,0.563133,0.842735,0.85641,0.435576,0.231917,0.834302,0.614449,0.683541,0.591097,0.634237,0.354183,1.5,11.5,0.166667,8.0,29.5,0.444436,3.222222
a88437f2-186b-4905-bae1-29dfe5d62275,4.0,0.4444444444444444,3.0,9375.61,2343.9025,721.0825707862219,94,1,1.0,4.0,5.0,1.0,1.0,1.0,1.0,4.0,3.0,1.0,1.0,1.0,0.4444444444444444,2343.9025,3228.47,0.3443477277745128,113.42833333333333,2.0,0.25,4.0,0.25,19.0,3.0,58.25,6,12.0,1,1,4,1,1,68,69,129,0.1169,0.0,0.1879,0.1099,T3,False,none,0.689021,0.778458,1.218116,0.794626,0.675501,0.523612,0.324043,0.504349,0.858957,0.693473,0.377335,1.0,4.75,0.05,7.0,34.0,1.777707,2.683333
24fbeb0c-06b0-4e54-9533-a56e3b56a7d5,3.0,0.3333333333333333,3.0,7253.49,2417.83,909.5311343214149,106,1,1.0,3.0,7.0,1.0,1.0,1.0,1.0,3.0,5.0,1.0,1.0,1.0,0.3333333333333333,2417.83,3404.44,0.4693519946949675,130.7277777777778,0.0,0.3333333333333333,2.0,0.6666666666666666,21.0,3.0,76.33333333333333,4,9.0,1,1,2,1,1,49,49,67,0.2687,0.0,0.1443,0.07,T3,False,none,0.462248,0.550371,0.591263,0.405594,0.56421,0.517873,0.296225,0.428097,0.506905,0.470128,0.109671,1.0,14.0,0.166667,7.666667,24.5,0.499993,2.944444
71d7906e-0dda-4a54-9540-8cc7286df879,5.0,0.5555555555555556,3.0,8034.27,1606.854,1555.2387452188811,108,0,2.0,2.5,9.0,2.0,1.0,0.8,3.0,1.6666666666666667,9.0,3.0,1.0,0.6,0.5555555555555556,1606.854,3940.39,0.49044779426133295,166.86416666666668,1.0,0.2,2.0,0.6,25.0,3.0,64.0,7,15.0,2,3,2,2,3,65,65,129,0.1169,0.0,0.1879,0.1099,T3,False,none,0.380436,1.203185,0.654969,0.921507,0.675501,0.8242,0.584557,0.617529,0.895397,0.765725,0.818351,1.333333,15.0,0.171429,8.666667,21.666667,0.92591,3.390476
56df0bde-b329-41b6-b43d-cc8302c2a45b,6.0,0.6666666666666666,5.0,14978.61,2496.435,1659.6908194811467,90,1,2.0,3.0,7.0,2.0,1.0,0.8333333333333334,1.0,6.0,4.0,1.0,1.0,1.0,0.6666666666666666,2496.435,4876.22,0.3255455613037525,213.12666666666667,3.0,0.16666666666666666,4.0,0.5,25.0,3.0,60.666666666666664,7,18.0,2,1,4,2,1,95,99,96,0.2355,0.0,0.1833,0.0828,T3,False,none,0.371533,0.937633,1.100434,1.254293,0.215092,1.090275,0.812748,0.792411,0.969874,0.887058,0.577231,0.666667,12.5,0.125,9.0,31.666667,1.333307,3.263889
2c7fefe1-1ec9-4de4-a092-c4d390301bde,2.0,0.2222222222222222,2.0,7827.4,3913.7,772.0050415638492,93,0,1.0,2.0,2.0,1.0,1.0,1.0,1.0,2.0,4.0,1.0,1.0,1.0,0.2222222222222222,3913.7,4459.59,0.5697409101361883,60.94583333333333,3.0,0.5,1.0,1.0,18.0,3.0,84.0,3,6.0,1,1,1,1,1,21,21,154,0.1225,0.0,0.2652,0.1509,T3,False,none,0.741431,0.514136,1.151377,0.887364,1.400021,0.844524,0.732548,0.777744,0.934503,0.861349,0.271265,1.0,18.0,0.333333,6.333333,10.5,0.22222,2.555556
ea5dd688-936a-4aee-b263-269ae00c3742,4.0,0.4444444444444444,3.0,12045.0,3011.25,1474.0404938128395,75,0,2.0,2.0,11.0,2.0,1.0,0.5,2.0,2.0,3.0,2.0,1.0,0.75,0.4444444444444444,3011.25,4491.09,0.3728592777085928,85.78444444444445,5.0,0.75,4.0,0.25,27.0,1.0,59.25,8,12.0,2,2,4,2,2,108,108,89,0.2523,0.0,0.1667,0.1056,T3,False,none,0.733291,0.424727,1.080577,1.277312,0.277908,0.560569,0.636893,0.63536,0.856612,0.753361,0.863427,1.0,6.75,0.083333,9.333333,36.0,1.777707,3.472222
6ab19146-5f58-4313-99c1-7a2315813785,5.0,0.5555555555555556,5.0,9241.02,1848.2040000000002,1803.080141793481,31,0,1.0,5.0,6.0,1.0,1.0,1.0,2.0,2.5,3.0,2.0,1.0,0.6,0.5555555555555556,1848.2040000000002,3808.77,0.41215904737788683,183.29527777777778,4.0,0.2,1.0,1.0,13.0,1.0,88.0,4,15.0,1,2,1,1,2,20,20,108,0.1587,0.0,0.2348,0.071,T3,False,none,0.737495,0.525518,1.100302,0.824739,0.625422,0.849785,0.542657,0.715326,0.774123,0.746685,0.23756,1.5,13.0,0.166667,4.666667,10.0,0.55555,2.111111
74dfee9e-c121-42ce-9123-0fb6d6821db1,1.0,0.1111111111111111,1.0,3871.73,3871.73,0.0,67,1,1.0,1.0,11.0,1.0,1.0,1.0,1.0,1.0,2.0,1.0,1.0,1.0,0.1111111111111111,3871.73,3871.73,1.0,0.0,6.0,0.0,1.0,1.0,21.0,3.0,35.0,3,3.0,1,1,1,1,1,31,31,134,0.1691,0.0224,0.2258,0.1728,T3,False,none,0.740457,0.796315,0.855262,0.847569,1.123263,1.129219,1.061263,0.995492,0.882308,0.935127,0.321688,1.0,21.0,0.5,7.666667,15.5,0.11111,3.055556
52a17d46-dd5e-45ad-adee-87ed1c854b2c,2.0,0.2222222222222222,2.0,2534.65,1267.325,939.3277191960217,84,0,1.0,2.0,6.0,1.0,1.0,1.0,1.0,2.0,6.0,1.0,1.0,1.0,0.2222222222222222,1267.325,1931.53,0.7620499871777168,177.71722222222223,2.0,0.0,2.0,0.5,19.0,1.0,105.0,4,6.0,1,1,2,1,1,41,42,198,0.0889,0.0,0.2489,0.1724,T3,False,none,0.5037,0.568228,0.762448,0.53469,1.848264,0.842612,0.957297,0.784008,0.809453,0.797579,0.281081,1.0,9.5,0.166667,6.666667,20.5,0.444436,2.611111
9ad6c2df-5597-4fd3-891e-45fdb1d2000d,4.0,0.4444444444444444,4.0,9207.92,2301.98,1891.1786440383328,84,0,1.0,4.0,5.0,1.0,1.0,1.0,3.0,1.3333333333333333,6.0,3.0,1.0,0.5,0.4444444444444444,2301.98,3977.21,0.4319335962953631,148.52833333333334,8.0,0.0,2.0,0.5,21.0,0.0,57.5,6,12.0,1,3,2,1,3,50,50,198,0.0889,0.0,0.2489,0.1724,T3,False,none,0.689021,1.065219,0.474386,0.665325,1.848264,0.635536,0.402958,0.573291,0.922676,0.75963,0.66474,2.0,10.5,0.1,7.333333,25.0,0.888871,3.144444
951dab70-3c91-4b8c-86d7-ee97e36380fa,3.0,0.3333333333333333,3.0,7483.42,2494.4733333333334,1734.7524484586652,38,0,1.0,3.0,4.0,1.0,1.0,1.0,2.0,1.5,7.0,2.0,1.0,0.6666666666666666,0.3333333333333333,2494.4733333333334,3652.1,0.48802552843485997,199.0572222222222,0.0,0.0,2.0,0.6666666666666666,16.0,1.0,49.0,5,9.0,1,2,2,1,2,41,42,129,0.1169,0.0,0.1879,0.1099,T3,False,none,0.640547,0.59313,0.277224,0.390824,0.675501,0.413802,0.545521,0.522492,0.46518,0.491926,0.285495,1.5,10.666667,0.166667,5.666667,20.5,0.499993,2.444444
213e12a0-2af1-4c93-a646-93f5562235fc,4.0,0.4444444444444444,4.0,13863.5,3465.875,1908.7505803622782,87,0,3.0,1.3333333333333333,8.0,3.0,1.0,0.5,1.0,4.0,5.0,1.0,1.0,1.0,0.4444444444444444,3465.875,4859.8,0.35054639881703753,183.68083333333334,4.0,0.0,2.0,0.75,21.0,3.0,42.5,6,12.0,3,1,2,3,1,58,60,129,0.1169,0.0,0.1879,0.1099,T3,False,none,1.080936,0.670476,0.434648,0.796383,0.675501,0.883034,0.790397,0.908699,0.669398,0.781072,0.191399,0.5,15.75,0.321429,7.333333,14.5,0.592585,2.718254
f1bc7323-c87b-4a60-9644-15d60edf9076,4.0,0.4444444444444444,3.0,9051.32,2262.83,1482.9753514696954,47,0,1.0,4.0,8.0,1.0,1.0,1.0,1.0,4.0,5.0,1.0,1.0,1.0,0.4444444444444444,2262.83,3476.21,0.384055585262702,221.30027777777778,1.0,0.0,3.0,0.5,28.0,2.0,99.0,5,12.0,1,1,3,1,1,92,92,30,0.8828,0.0333,0.0244,0.0217,T3,False,none,0.58014,0.670476,1.147575,0.85178,3.2248,0.357351,0.644635,0.516766,1.263581,0.915067,1.06403,1.0,14.0,0.1,9.666667,46.0,0.888871,3.588889
209e12fd-2f9e-4cb2-9dd5-d582d2147be8,3.0,0.3333333333333333,3.0,7338.11,2446.0366666666664,1268.7849187444392,88,0,2.0,1.5,8.0,2.0,1.0,0.6666666666666666,2.0,1.5,5.0,2.0,1.0,0.6666666666666666,0.3333333333333333,2446.0366666666664,3828.24,0.5216929154782363,144.41583333333332,2.0,0.3333333333333333,1.0,1.0,15.0,0.0,94.0,5,9.0,2,2,1,2,2,32,32,121,0.174,0.0,0.2013,0.1186,T3,False,none,0.498937,0.431056,1.261235,0.591614,0.581664,0.428131,0.26944,0.395464,0.689321,0.552188,0.315762,1.0,15.0,0.4,5.333333,10.666667,0.33333,2.244444
d9fb5971-2616-4c1f-8014-b49ea7e6e6f9,3.0,0.3333333333333333,3.0,8214.67,2738.2233333333334,2088.2289684403227,85,1,2.0,1.5,8.0,2.0,1.0,0.6666666666666666,2.0,1.5,7.0,2.0,1.0,0.6666666666666666,0.3333333333333333,2738.2233333333334,4979.45,0.6061655550375121,118.98027777777777,17.0,0.3333333333333333,1.0,1.0,17.0,2.0,109.0,5,9.0,2,2,1,2,2,35,35,50,0.2482,0.04,0.0909,0.0909,T3,False,none,0.498937,0.59313,1.214739,0.56267,0.707334,0.562833,0.556612,0.542503,0.730243,0.642631,0.381135,1.0,17.0,0.4,6.333333,11.666667,0.33333,2.577778
82d6e7f3-4e4a-4f60-9a3a-ba28188a5ee4,3.0,0.3333333333333333,2.0,6225.59,2075.1966666666667,1906.4078804477629,44,0,2.0,1.5,9.0,2.0,1.0,0.6666666666666666,3.0,1.0,7.0,3.0,1.0,0.3333333333333333,0.3333333333333333,2075.1966666666667,4250.65,0.6827706289684993,104.0736111111111,2.0,0.0,2.0,0.6666666666666666,17.0,3.0,39.333333333333336,7,9.0,2,3,2,2,3,55,55,40,0.459,0.0,0.0615,0.0469,T3,False,none,0.55837,1.294806,0.574218,0.753434,1.728531,0.532088,0.502183,0.529629,1.013957,0.787937,0.83013,1.333333,11.333333,0.266667,6.0,18.333333,0.499993,2.533333
92dcd9d3-bd11-45e7-98b1-62ae8e3a67ff,1.0,0.1111111111111111,1.0,1867.6,1867.6,0.0,53,0,1.0,1.0,5.0,1.0,1.0,1.0,1.0,1.0,2.0,1.0,1.0,1.0,0.1111111111111111,1867.6,1867.6,1.0,0.0,12.0,1.0,1.0,1.0,25.0,2.0,28.0,3,3.0,1,1,1,1,1,29,29,121,0.1789,0.0083,0.2434,0.1287,T3,False,none,0.67104,0.796315,0.849758,0.866865,0.804265,1.000474,1.383192,1.033923,0.83523,0.927953,0.279595,1.0,25.0,0.5,8.666667,14.5,0.11111,3.388889
e1e61244-fb22-4cb8-b654-416a5c3f323e,5.0,0.5555555555555556,4.0,14414.67,2882.934,1521.3403184133392,45,0,3.0,1.6666666666666667,8.0,3.0,1.0,0.6,1.0,5.0,4.0,1.0,1.0,1.0,0.5555555555555556,2882.934,4700.67,0.32610319903265217,151.98527777777778,4.0,0.4,2.0,0.6,17.0,0.0,60.2,6,15.0,3,1,2,3,1,47,47,154,0.1225,0.0,0.2652,0.1509,T3,False,none,0.978961,0.817527,0.566813,0.811987,1.400021,0.752605,0.630319,0.776516,0.8603,0.821201,0.220574,0.5,10.2,0.225,6.0,11.75,0.92591,2.241667
c00df902-b137-4241-a184-a7c49e70b604,8.0,0.8888888888888888,4.0,16055.98,2006.9975,1462.2094007333071,88,1,2.0,4.0,9.0,2.0,1.0,0.875,2.0,4.0,6.0,2.0,1.0,0.875,0.8888888888888888,2006.9975,4492.49,0.27980166891089797,202.71277777777777,5.0,0.25,3.0,0.5,27.0,1.0,104.375,7,24.0,2,2,3,2,2,70,71,67,0.2469,0.0,0.1605,0.1111,T3,False,none,0.576361,0.627284,1.075134,0.972547,0.434357,1.279498,0.878197,0.944834,0.817905,0.877139,0.639481,1.0,13.5,0.1,9.666667,23.333333,1.777742,3.588889
ca89b333-d759-4720-a819-71f0e517b1da,3.0,0.3333333333333333,2.0,6268.469999999999,2089.49,1525.2930158825225,100,1,2.0,1.5,6.0,2.0,1.0,0.6666666666666666,1.0,3.0,3.0,1.0,1.0,1.0,0.3333333333333333,2089.49,3611.92,0.5762044007548892,152.26444444444445,2.0,0.0,1.0,1.0,23.0,2.0,48.0,4,9.0,2,1,1,2,1,33,33,84,0.204,0.0,0.1092,0.124,T3,False,none,0.548385,0.658352,0.610167,0.669148,0.51107,0.648906,0.445028,0.552226,0.627815,0.59254,0.236163,0.666667,23.0,0.4,8.333333,11.0,0.33333,3.133333
3f52f7b1-f285-4f64-827e-ac814fafec38,4.0,0.4444444444444444,4.0,14640.01,3660.0025,801.6304975226013,33,0,1.0,4.0,9.0,1.0,1.0,1.0,2.0,2.0,4.0,2.0,1.0,0.75,0.4444444444444444,3660.0025,4829.43,0.3298788730335567,178.92416666666668,0.0,0.25,1.0,1.0,24.0,2.0,105.0,4,12.0,1,2,1,1,2,36,36,121,0.1789,0.0083,0.2434,0.1287,T3,False,none,0.639573,0.34369,1.119884,0.613686,0.804265,0.770262,0.787327,0.738611,0.683408,0.709169,0.367403,1.5,24.0,0.2,8.333333,18.0,0.44444,3.344444
ac49fa56-dc00-4295-b9c0-33a48c8dec95,4.0,0.4444444444444444,4.0,9615.46,2403.865,1725.7289360054974,31,0,2.0,2.0,12.0,2.0,1.0,0.75,2.0,2.0,4.0,2.0,1.0,0.5,0.4444444444444444,2403.865,3888.49,0.4043997895056503,128.9225,1.0,0.25,1.0,1.0,22.0,1.0,58.0,5,12.0,2,2,1,2,2,42,42,43,0.4131,0.0,0.082,0.0328,T3,False,none,0.62771,0.506463,0.572018,0.510043,1.59323,0.564226,0.340647,0.507838,0.702591,0.611706,0.446925,1.0,22.0,0.333333,7.666667,14.0,0.44444,3.0
35144796-1289-473b-bbcb-8e76cfdd09f2,3.0,0.3333333333333333,2.0,9338.24,3112.7466666666664,807.6772288688924,58,0,2.0,1.5,7.0,2.0,1.0,0.6666666666666666,1.0,3.0,3.0,1.0,1.0,1.0,0.3333333333333333,3112.7466666666664,4009.06,0.42931644506887806,116.36916666666667,10.0,0.0,3.0,0.3333333333333333,28.0,1.0,64.0,6,9.0,2,1,3,2,1,77,77,121,0.1789,0.0083,0.2434,0.1287,T3,False,none,0.488952,0.658352,0.89502,0.763605,0.804265,0.433771,0.458663,0.457834,0.771447,0.625094,0.47403,0.666667,9.333333,0.133333,9.666667,25.666667,0.99997,3.488889
b4954225-9016-4494-8f20-07c9ed0b9659,3.0,0.3333333333333333,2.0,7814.0,2604.6666666666665,1384.3117167146036,60,0,1.0,3.0,12.0,1.0,1.0,1.0,1.0,3.0,4.0,1.0,1.0,1.0,0.3333333333333333,2604.6666666666665,4197.24,0.5371435884310212,105.21333333333334,5.0,0.3333333333333333,2.0,0.6666666666666666,23.0,1.0,65.33333333333333,4,9.0,1,1,2,1,1,49,49,198,0.0889,0.0,0.2489,0.1724,T3,False,none,0.709964,0.577315,0.281273,0.405594,1.848264,0.369466,0.209993,0.413593,0.663069,0.546647,0.24896,1.0,15.333333,0.166667,8.0,24.5,0.499993,3.055556
17b64661-d379-466e-866c-77224603e43b,2.0,0.2222222222222222,1.0,3741.18,1870.59,2554.875795376362,100,1,1.0,2.0,5.0,1.0,1.0,1.0,1.0,2.0,4.0,1.0,1.0,1.0,0.2222222222222222,1870.59,3677.16,0.9828877519926869,4.052222222222222,5.0,0.0,1.0,1.0,23.0,2.0,100.0,3,6.0,1,1,1,1,1,29,29,108,0.1587,0.0,0.2348,0.071,T3,False,none,0.563133,0.514136,1.042051,0.810181,0.625422,1.125133,0.838173,0.868908,0.753683,0.807454,0.16028,1.0,23.0,0.333333,8.333333,14.5,0.22222,3.222222
90fb3a4a-6287-45d6-b91c-547cfe0fb75a,7.0,0.7777777777777778,5.0,17547.52,2506.7885714285717,1733.9462316579927,108,0,3.0,2.3333333333333335,7.0,3.0,1.0,0.42857142857142855,2.0,3.5,5.0,2.0,1.0,0.7142857142857143,0.7777777777777778,2506.7885714285717,4515.68,0.25734006856809394,186.09555555555556,0.0,0.5714285714285714,4.0,0.42857142857142855,25.0,1.0,57.142857142857146,9,21.0,3,2,4,3,2,110,112,89,0.2523,0.0,0.1667,0.1056,T3,False,none,1.010191,0.463231,0.859516,1.837498,0.277908,1.395711,0.983581,1.148186,1.030253,1.085288,0.901508,0.75,10.714286,0.128571,8.666667,27.5,1.814772,3.181746
0a573118-5ec5-41c4-b57e-7e4683119b4d,4.0,0.4444444444444444,4.0,7073.24,1768.31,1720.8487515758031,50,1,1.0,4.0,7.0,1.0,1.0,1.0,2.0,2.0,5.0,2.0,1.0,0.75,0.4444444444444444,1768.31,4233.38,0.598506483591678,219.53472222222223,0.0,0.5,3.0,0.5,29.0,1.0,48.25,6,12.0,1,2,3,1,2,73,74,89,0.2523,0.0,0.1667,0.1056,T3,False,none,0.570155,0.316745,0.676177,0.703269,0.277908,0.533999,0.735619,0.611536,0.5301,0.568103,0.584418,1.5,14.5,0.1,10.333333,36.5,0.888871,3.977778
3510b686-724d-4693-ba5e-98a3aedeb9a4,4.0,0.4444444444444444,3.0,6676.0,1669.0,650.2761673832639,49,1,1.0,4.0,10.0,1.0,1.0,1.0,2.0,2.0,5.0,2.0,1.0,0.5,0.4444444444444444,1669.0,2286.74,0.34253145596165363,61.66722222222222,4.0,0.5,1.0,1.0,17.0,1.0,104.0,4,12.0,1,2,1,1,2,32,32,84,0.204,0.0,0.1092,0.124,T3,False,none,0.699006,0.479518,1.091097,0.652278,0.51107,0.447291,0.652857,0.587731,0.676974,0.635328,0.328195,1.5,17.0,0.2,6.333333,16.0,0.44444,2.677778
a8d2ef34-3421-4bc3-a252-e18c122e0d17,1.0,0.1111111111111111,1.0,874.07,874.07,0.0,35,0,1.0,1.0,7.0,1.0,1.0,1.0,1.0,1.0,3.0,1.0,1.0,1.0,0.1111111111111111,874.07,874.07,1.0,0.0,11.0,0.0,1.0,1.0,19.0,1.0,106.0,3,3.0,1,1,1,1,1,26,26,198,0.0889,0.0,0.2489,0.1724,T3,False,none,0.552174,0.715278,1.03614,0.895809,1.848264,1.244249,1.401533,1.098941,1.038655,1.066788,0.320767,1.0,19.0,0.5,6.666667,13.0,0.11111,2.722222
a47dc75d-98d9-4e37-a32f-d07ed1d18e89,1.0,0.1111111111111111,1.0,2274.77,2274.77,0.0,41,1,1.0,1.0,9.0,1.0,1.0,1.0,1.0,1.0,4.0,1.0,1.0,1.0,0.1111111111111111,2274.77,2274.77,1.0,0.0,8.0,0.0,1.0,1.0,23.0,2.0,28.0,3,3.0,1,1,1,1,1,33,33,154,0.1225,0.0,0.2652,0.1509,T3,False,none,0.621592,0.634241,0.778016,0.828273,1.400021,0.995708,0.97828,0.883008,0.864586,0.873183,0.298099,1.0,23.0,0.5,8.333333,16.5,0.11111,3.277778
197d81c6-866e-460d-9254-2bb9ba8b4267,5.0,0.5555555555555556,4.0,14506.26,2901.252,1377.1457524241946,51,0,1.0,5.0,8.0,1.0,1.0,1.0,1.0,5.0,3.0,1.0,1.0,1.0,0.5555555555555556,2901.252,4693.31,0.32353687304653306,193.42638888888888,6.0,0.2,5.0,0.2,25.0,0.0,65.2,7,15.0,1,1,5,1,1,117,121,67,0.2687,0.0,0.1443,0.07,T3,False,none,0.688047,0.898564,1.477811,1.508035,0.56421,0.699925,0.654753,0.681474,1.192066,0.95379,0.787722,1.0,5.0,0.033333,8.666667,58.5,2.777639,3.233333
027950f7-526c-461a-8594-79b6ff8ed05a,8.0,0.8888888888888888,6.0,12716.4,1589.55,1521.9004873418723,72,0,2.0,4.0,8.0,2.0,1.0,0.875,2.0,4.0,6.0,2.0,1.0,0.875,0.8888888888888888,1589.55,3946.92,0.3103802963102765,214.1013888888889,4.0,0.125,5.0,0.375,29.0,1.0,35.375,9,24.0,2,2,5,2,2,126,129,89,0.2523,0.0,0.1667,0.1056,T3,False,none,0.516928,0.627284,1.276099,1.861688,0.277908,1.355378,0.967917,0.986667,1.167126,1.082912,1.165594,1.0,10.875,0.075,10.0,42.0,2.370307,3.691667
40533762-b8d4-4af4-9f94-53a529873857,4.0,0.4444444444444444,4.0,9837.86,2459.465,1255.1203819156153,92,1,3.0,1.3333333333333333,9.0,3.0,1.0,0.5,3.0,1.3333333333333333,5.0,3.0,1.0,0.5,0.4444444444444444,2459.465,4202.62,0.42718843325682615,203.87083333333334,1.0,0.25,3.0,0.5,23.0,2.0,66.25,9,12.0,3,3,3,3,3,81,83,108,0.1587,0.0,0.2348,0.071,T3,False,none,1.140369,0.984182,0.693368,1.559679,0.625422,0.568332,0.518365,0.715115,1.079614,0.909515,0.816101,1.0,11.5,0.214286,8.333333,20.25,0.888871,3.18254
c199548e-7e86-470b-8f12-6e2d6ceb52ae,3.0,0.3333333333333333,2.0,8427.08,2809.0266666666666,1131.156188611163,81,1,1.0,3.0,7.0,1.0,1.0,1.0,2.0,1.5,5.0,2.0,1.0,0.6666666666666666,0.3333333333333333,2809.0266666666666,3920.04,0.4651718032818011,101.97333333333333,1.0,0.0,2.0,0.6666666666666666,23.0,3.0,80.66666666666667,5,9.0,1,2,2,1,2,48,49,198,0.0889,0.0,0.2489,0.1724,T3,False,none,0.462248,0.431056,0.673957,0.323288,1.848264,0.443849,0.447029,0.450166,0.677449,0.571383,0.367826,1.5,15.333333,0.166667,8.333333,24.0,0.499993,3.333333
c7ffe3fa-ddf9-4c57-97da-5531df6f741b,4.0,0.4444444444444444,2.0,10744.789999999999,2686.1974999999998,1774.852860218277,56,1,1.0,4.0,7.0,1.0,1.0,1.0,1.0,4.0,4.0,1.0,1.0,1.0,0.4444444444444444,2686.1974999999998,4688.61,0.4363612504292778,41.32666666666667,20.0,1.0,2.0,0.5,25.0,2.0,60.5,4,12.0,1,1,2,1,1,53,54,121,0.1789,0.0083,0.2434,0.1287,T3,False,none,0.570155,0.697421,0.516991,0.427866,0.804265,0.494109,1.047889,0.70043,0.576556,0.634364,0.190592,1.0,12.5,0.1,9.0,26.5,0.888871,3.366667
bfd4cab2-4d02-408a-9171-1be83e1d4cfd,2.0,0.2222222222222222,2.0,4883.64,2441.82,2512.675662675149,97,0,1.0,2.0,6.0,1.0,1.0,1.0,1.0,2.0,2.0,1.0,1.0,1.0,0.2222222222222222,2441.82,4218.55,0.8638126479429278,154.98777777777778,7.0,0.0,2.0,0.5,23.0,0.0,55.5,4,6.0,1,1,2,1,1,48,48,154,0.1225,0.0,0.2652,0.1509,T3,False,none,0.5037,0.67621,0.503928,0.471927,1.400021,0.937986,0.604031,0.702586,0.684347,0.692859,0.199458,1.0,11.5,0.166667,8.0,24.0,0.444436,3.055556
3b86847d-7a69-4953-bdc5-46a0f7127858,5.0,0.5555555555555556,4.0,18527.920000000002,3705.5840000000003,1553.660143541695,43,0,2.0,2.5,9.0,2.0,1.0,0.6,2.0,2.5,4.0,2.0,1.0,0.8,0.5555555555555556,3705.5840000000003,4820.06,0.2601511664558137,188.81916666666666,16.0,0.2,4.0,0.4,27.0,1.0,76.2,8,15.0,2,2,4,2,2,96,98,43,0.4131,0.0,0.082,0.0328,T3,False,none,0.512447,0.344201,1.112255,1.227767,1.59323,0.967282,1.002974,0.849226,1.043721,0.952957,0.936523,1.0,10.8,0.114286,9.333333,32.0,1.388854,3.48254
fe688b4d-6d86-44f5-8570-84cecb312a47,1.0,0.1111111111111111,1.0,238.44,238.44,0.0,99,1,1.0,1.0,10.0,1.0,1.0,1.0,1.0,1.0,2.0,1.0,1.0,1.0,0.1111111111111111,238.44,238.44,1.0,0.0,6.0,1.0,1.0,1.0,27.0,2.0,91.0,3,3.0,1,1,1,1,1,36,36,121,0.174,0.0,0.2013,0.1186,T3,False,none,0.681025,0.796315,1.110002,0.799329,0.581664,1.471297,1.69466,1.319959,0.827022,1.057059,0.28895,1.0,27.0,0.5,9.666667,18.0,0.11111,3.722222
8b9781fd-ec1e-44a4-9c0d-9962a025c651,2.0,0.2222222222222222,1.0,6423.56,3211.78,463.8337641871277,64,1,1.0,2.0,7.0,1.0,1.0,1.0,2.0,1.0,8.0,1.0,0.5,0.5,0.2222222222222222,3211.78,3539.76,0.55105891437147,7.158888888888889,13.0,0.0,2.0,0.5,25.0,0.0,53.5,5,6.0,1,2,2,1,1,57,58,95,0.2056,0.0211,0.1855,0.0916,T3,False,none,0.444267,1.078262,0.558885,0.42512,0.105784,0.763134,0.715591,0.656182,0.563051,0.606512,0.288108,0.75,12.5,0.083333,8.833333,28.5,0.444436,3.222222
b4f55395-a19b-4908-9135-8506d9e28490,2.0,0.2222222222222222,2.0,6413.25,3206.625,825.398674611245,64,0,1.0,2.0,6.0,1.0,1.0,1.0,2.0,1.0,2.0,1.0,0.5,0.5,0.2222222222222222,3206.625,3790.27,0.5910061201418937,46.646388888888886,8.0,0.5,2.0,0.5,27.0,0.0,98.5,5,6.0,1,2,2,1,1,54,54,67,0.2469,0.0,0.1605,0.1111,T3,False,none,0.5037,1.02417,1.008286,0.391403,0.434357,0.624393,0.537141,0.560825,0.685271,0.627196,0.245461,0.75,13.5,0.083333,9.166667,27.0,0.444436,3.333333
b6a54446-d969-4af6-8a25-87414983495b,5.0,0.5555555555555556,4.0,13234.72,2646.944,1190.5628663493583,51,1,4.0,1.25,10.0,4.0,1.0,0.4,1.0,5.0,4.0,1.0,1.0,1.0,0.5555555555555556,2646.944,4060.33,0.3067937969220354,236.31027777777777,6.0,0.2,3.0,0.6,23.0,1.0,90.4,8,15.0,4,1,3,4,1,94,95,154,0.1225,0.0,0.2652,0.1509,T3,False,none,1.728805,0.817527,0.74065,1.726566,1.400021,0.59789,0.643209,0.936115,1.239483,1.097911,0.607348,0.4,13.8,0.266667,8.333333,18.8,0.92591,3.0
88328dc9-1f47-4f88-ade1-4514d1b2de1b,2.0,0.2222222222222222,2.0,4818.67,2409.335,1873.7269041271732,96,1,2.0,1.0,9.0,2.0,1.0,0.5,1.0,2.0,5.0,1.0,1.0,1.0,0.2222222222222222,2409.335,3734.26,0.7749565751545552,158.76194444444445,8.0,0.0,2.0,0.5,24.0,1.0,32.5,5,6.0,2,1,2,2,1,59,59,84,0.204,0.0,0.1092,0.124,T3,False,none,0.722333,0.487191,0.429141,0.477002,0.51107,0.810679,0.52725,0.690961,0.475256,0.575919,0.20215,0.666667,12.0,0.25,8.666667,19.666667,0.444436,3.194444
d219c72e-a265-4ee5-9ec8-5155faefa618,3.0,0.3333333333333333,3.0,11193.24,3731.08,859.006438101601,96,1,1.0,3.0,5.0,1.0,1.0,1.0,2.0,1.5,4.0,2.0,1.0,0.6666666666666666,0.3333333333333333,3731.08,4695.5,0.41949426618208846,138.61944444444444,2.0,0.0,1.0,1.0,20.0,3.0,42.0,4,9.0,1,2,1,1,2,28,28,121,0.174,0.0,0.2013,0.1186,T3,False,none,0.581114,0.458001,0.832386,0.675962,0.581664,0.678153,0.709794,0.660975,0.638344,0.648905,0.30101,1.5,20.0,0.25,7.333333,14.0,0.33333,3.027778
802cb9f7-36d9-4108-8366-f8b5b2840400,8.0,0.8888888888888888,6.0,15866.970000000001,1983.3712500000001,1806.1442029001014,76,1,1.0,8.0,10.0,1.0,1.0,1.0,2.0,4.0,5.0,2.0,1.0,0.625,0.8888888888888888,1983.3712500000001,4703.04,0.2964044174785734,178.58388888888888,20.0,0.25,6.0,0.25,24.0,3.0,75.25,9,24.0,1,2,6,1,2,123,126,121,0.174,0.0,0.2013,0.1186,T3,False,none,1.130635,0.581417,1.770968,1.930915,0.581664,1.441281,1.109351,1.241882,1.335343,1.291728,1.104321,1.5,6.0,0.027778,8.666667,61.5,3.555413,3.398148
6d98782b-7f1b-43a2-a446-8a6a6fe530c0,3.0,0.3333333333333333,3.0,10167.37,3389.1233333333334,1575.0784945942642,72,1,1.0,3.0,11.0,1.0,1.0,1.0,1.0,3.0,3.0,1.0,1.0,1.0,0.3333333333333333,3389.1233333333334,4982.17,0.49001560875624667,91.36972222222222,14.0,0.3333333333333333,3.0,0.3333333333333333,24.0,2.0,82.66666666666667,5,9.0,1,1,3,1,1,75,76,110,0.1928,0.0091,0.1832,0.0943,T3,False,none,0.650531,0.658352,0.989875,0.677629,0.231917,0.524389,0.569242,0.575381,0.663576,0.622418,0.27368,1.0,8.0,0.083333,8.666667,37.5,0.99997,3.25
79538b39-eb50-4164-b4fb-de61f5771d27,2.0,0.2222222222222222,2.0,5031.88,2515.94,1533.8277454786114,36,0,1.0,2.0,8.0,1.0,1.0,1.0,1.0,2.0,7.0,1.0,1.0,1.0,0.2222222222222222,2515.94,3600.52,0.7155417060820211,111.93888888888888,14.0,0.0,1.0,1.0,18.0,2.0,84.0,3,6.0,1,1,1,1,1,28,30,198,0.0889,0.0,0.2489,0.1724,T3,False,none,0.454251,0.649265,0.969057,0.810283,1.848264,0.638152,0.540434,0.553036,0.976103,0.778672,0.423923,1.0,18.0,0.333333,6.333333,14.0,0.22222,2.555556
e8b18eed-fb99-4e2d-88fc-4ac5657cad89,5.0,0.5555555555555556,3.0,10260.88,2052.176,1646.6931802342538,85,1,2.0,2.5,12.0,2.0,1.0,0.6,2.0,2.5,7.0,2.0,1.0,0.8,0.5555555555555556,2052.176,4191.87,0.4085292879363174,218.40277777777777,0.0,0.2,3.0,0.6,29.0,3.0,44.4,7,15.0,2,2,3,2,2,93,94,154,0.1225,0.0,0.2652,0.1509,T3,False,none,0.690746,0.47933,0.898771,1.024396,1.400021,0.689642,0.718875,0.699702,0.924562,0.819627,0.860498,1.0,17.4,0.171429,10.333333,31.0,0.92591,3.834921
67e177c7-bf75-4fe8-8d38-310ef85cdb3a,4.0,0.4444444444444444,4.0,10186.63,2546.6575,1095.4507849701265,30,1,1.0,4.0,5.0,1.0,1.0,1.0,1.0,4.0,5.0,1.0,1.0,1.0,0.4444444444444444,2546.6575,3954.66,0.3882206382287371,110.36944444444444,11.0,0.25,3.0,0.5,24.0,1.0,66.0,5,12.0,1,1,3,1,1,64,67,89,0.2523,0.0,0.1667,0.1056,T3,False,none,0.689021,0.670476,0.645461,0.595955,0.277908,0.484158,0.302855,0.482256,0.571891,0.530062,0.314933,1.0,12.0,0.1,8.666667,32.0,0.888871,3.255556
