account_id,acct_tx_count,acct_tx_velocity,acct_active_days,acct_amount_total,acct_amount_avg,acct_amount_std,acct_age_days,acct_kyc_unverified,dev_unique_count,dev_tx_per_device,dev_max_accts_per_device,dev_shared_count,dev_shared_ratio,dev_concentration,net_unique_ip_count,net_tx_per_ip,net_max_accts_per_ip,net_shared_ip_count,net_shared_ip_ratio,net_ip_concentration,tx_velocity,tx_amount_mean,tx_amount_max,tx_amount_concentration,tx_time_spread_hours,tx_hour_mode,tx_weekend_ratio,merch_unique_count,merch_concentration,merch_max_accts_per_merchant,merch_top_category,merch_avg_age_days,graph_degree,graph_weighted_degree,graph_connected_devices,graph_connected_ips,graph_connected_merchants,graph_shared_devices,graph_shared_ips,graph_proj_degree,graph_proj_weighted_degree,graph_community_size,graph_community_density,graph_community_fraud_ratio,graph_community_shared_device_ratio,graph_community_shared_ip_ratio,phase,is_fraud_account,fraud_cluster_id
c9b3d8d4-8bcc-40cf-b884-7a38127a4b55,6.0,0.6666666666666666,4.0,13056.94,2176.1566666666668,2074.8623109466007,65,0,2.0,3.0,10.0,2.0,1.0,0.8333333333333334,3.0,2.0,4.0,3.0,1.0,0.5,0.6666666666666666,2176.1566666666668,4632.77,0.3548128428253481,209.78277777777777,20.0,0.0,2.0,0.5,20.0,3.0,25.5,7,18.0,2,3,2,2,3,58,58,121,0.1362,0.0,0.2722,0.12,T1,False,none
73712997-f00f-4a70-932f-3ef56ab0655c,3.0,0.3333333333333333,3.0,4669.3,1556.4333333333334,2516.159138972202,89,0,1.0,3.0,11.0,1.0,1.0,1.0,2.0,1.5,2.0,2.0,1.0,0.6666666666666666,0.3333333333333333,1556.4333333333334,4461.66,0.9555308076157025,120.91083333333333,15.0,0.0,2.0,0.6666666666666666,30.0,0.0,57.0,5,9.0,1,2,2,1,2,58,58,66,0.3865,0.0,0.1807,0.0805,T1,False,none
3b8632ff-f096-443d-a2bd-7410ac630a54,2.0,0.2222222222222222,2.0,1161.92,580.96,321.7053011686317,36,1,1.0,2.0,7.0,1.0,1.0,1.0,2.0,1.0,3.0,2.0,1.0,0.5,0.2222222222222222,580.96,808.44,0.6957793996144312,37.756388888888885,9.0,1.0,2.0,0.5,25.0,0.0,36.0,5,6.0,1,2,2,1,2,52,52,103,0.2271,0.0,0.2014,0.1192,T1,False,none
20d8023d-3a9f-45a8-be32-d0f9c8f9a7de,3.0,0.3333333333333333,2.0,4370.39,1456.7966666666669,681.2881550660729,71,0,1.0,3.0,11.0,1.0,1.0,1.0,1.0,3.0,6.0,1.0,1.0,1.0,0.3333333333333333,1456.7966666666669,1907.01,0.4363477858955379,127.19222222222223,20.0,0.3333333333333333,1.0,1.0,24.0,0.0,83.0,3,9.0,1,1,1,1,1,37,38,121,0.1362,0.0,0.2722,0.12,T1,False,none
da5a3617-08be-4e8d-876a-65c0b1db76c1,6.0,0.6666666666666666,4.0,10037.75,1672.9583333333333,1239.955199923234,71,0,2.0,3.0,10.0,2.0,1.0,0.5,1.0,6.0,4.0,1.0,1.0,1.0,0.6666666666666666,1672.9583333333333,3372.83,0.33601454509227663,149.6447222222222,13.0,0.0,3.0,0.5,26.0,2.0,45.833333333333336,6,18.0,2,1,3,2,1,73,73,65,0.3611,0.0,0.0889,0.0707,T1,False,none
3e521ea3-9140-4e04-b8e7-f86a4cabc9f2,5.0,0.5555555555555556,5.0,10157.5,2031.5,1482.161857574941,53,0,1.0,5.0,6.0,1.0,1.0,1.0,2.0,2.5,7.0,2.0,1.0,0.6,0.5555555555555556,2031.5,3320.69,0.3269200098449422,187.4575,3.0,0.0,2.0,0.6,25.0,2.0,30.4,5,15.0,1,2,2,1,2,61,61,104,0.1637,0.0,0.1654,0.1067,T1,False,none
68c4d13e-bbfb-47af-940d-3de51be889bb,6.0,0.6666666666666666,3.0,11842.89,1973.8149999999998,905.1392013773352,59,0,3.0,2.0,9.0,3.0,1.0,0.6666666666666666,4.0,1.5,7.0,4.0,1.0,0.5,0.6666666666666666,1973.8149999999998,2918.33,0.24642042609531964,125.48222222222222,3.0,0.3333333333333333,4.0,0.3333333333333333,25.0,1.0,38.333333333333336,11,18.0,3,4,4,3,4,91,94,143,0.1277,0.0,0.241,0.0927,T1,False,none
18fbd8e9-ade9-4dca-8dad-4151ecf42511,6.0,0.6666666666666666,5.0,14120.56,2353.4266666666667,1421.9924136881557,71,0,2.0,3.0,7.0,2.0,1.0,0.5,3.0,2.0,3.0,2.0,0.6666666666666666,0.6666666666666666,0.6666666666666666,2353.4266666666667,4973.32,0.35220416187459985,153.18333333333334,1.0,0.5,5.0,0.3333333333333333,29.0,0.0,33.833333333333336,10,18.0,2,3,5,2,2,117,117,143,0.1277,0.0,0.241,0.0927,T1,False,none
d5d87391-755e-404e-9562-9ee2ed6e8bd4,4.0,0.4444444444444444,3.0,12364.86,3091.215,1646.11187656449,47,1,2.0,2.0,11.0,2.0,1.0,0.5,1.0,4.0,5.0,1.0,1.0,1.0,0.4444444444444444,3091.215,4555.18,0.36839721598141834,177.70083333333332,4.0,0.0,1.0,1.0,25.0,2.0,16.0,4,12.0,2,1,1,2,1,43,44,104,0.1637,0.0,0.1654,0.1067,T1,False,none
6459543b-a5aa-4584-ba60-46239d0e88ae,5.0,0.5555555555555556,4.0,11209.279999999999,2241.8559999999998,1229.3433757620367,27,0,1.0,5.0,4.0,1.0,1.0,1.0,2.0,2.5,9.0,2.0,1.0,0.6,0.5555555555555556,2241.8559999999998,4368.65,0.38973511233549346,182.80916666666667,5.0,0.0,4.0,0.4,25.0,2.0,51.0,7,15.0,1,2,4,1,2,91,94,104,0.1637,0.0,0.1654,0.1067,T1,False,none
c1c66ad6-6e8f-42fd-aca6-2502f19a2a2a,2.0,0.2222222222222222,2.0,4094.8799999999997,2047.4399999999998,2874.459776201434,10,0,1.0,2.0,9.0,1.0,1.0,1.0,1.0,2.0,7.0,1.0,1.0,1.0,0.2222222222222222,2047.4399999999998,4079.99,0.9963637518071348,95.9525,16.0,0.0,2.0,0.5,19.0,1.0,73.0,4,6.0,1,1,2,1,1,49,49,121,0.1362,0.0,0.2722,0.12,T1,False,none
4cd60f90-27df-4362-8a57-496a2836d972,4.0,0.4444444444444444,3.0,9437.14,2359.285,1842.348154982295,40,0,2.0,2.0,12.0,2.0,1.0,0.75,1.0,4.0,2.0,1.0,1.0,1.0,0.4444444444444444,2359.285,4293.88,0.45499801846745946,181.61888888888888,0.0,0.0,4.0,0.25,25.0,1.0,65.0,7,12.0,2,1,4,2,1,101,102,103,0.2271,0.0,0.2014,0.1192,T1,False,none
0bf38796-1334-48e2-84f8-ea76b573fc9d,1.0,0.1111111111111111,1.0,743.34,743.34,0.0,86,0,1.0,1.0,8.0,1.0,1.0,1.0,1.0,1.0,5.0,1.0,1.0,1.0,0.1111111111111111,743.34,743.34,1.0,0.0,18.0,0.0,1.0,1.0,13.0,2.0,51.0,3,3.0,1,1,1,1,1,23,23,59,0.2957,0.0,0.0649,0.0215,T1,False,none
bf673e06-86ab-4f6a-8993-79349624f02d,0.0,0.0,0.0,0.0,0.0,0.0,56,0,0.0,0.0,0.0,0.0,0.0,0.0,0.0,0.0,0.0,0.0,0.0,0.0,0.0,0.0,0.0,0.0,0.0,0.0,0.0,0.0,0.0,0.0,0.0,0.0,0,0.0,0,0,0,0,0,0,0,1,0.0,0.0,0.0,0.0,T1,False,none
17bf7dce-03b8-4605-b266-e7f7e9bd31d1,5.0,0.5555555555555556,5.0,14238.57,2847.714,1780.0885561623052,25,0,1.0,5.0,4.0,1.0,1.0,1.0,1.0,5.0,5.0,1.0,1.0,1.0,0.5555555555555556,2847.714,4975.38,0.3494297531282987,185.3036111111111,3.0,0.0,2.0,0.6,22.0,1.0,28.6,4,15.0,1,1,2,1,1,49,49,57,0.2807,0.0,0.0921,0.0244,T1,False,none
46a847b7-22a5-4d55-b8a0-5dd8d420d9ac,2.0,0.2222222222222222,2.0,5221.86,2610.93,3190.0698169162374,77,0,2.0,1.0,9.0,2.0,1.0,0.5,1.0,2.0,5.0,1.0,1.0,1.0,0.2222222222222222,2610.93,4866.65,0.9319763455933326,14.795833333333333,13.0,0.0,2.0,0.5,28.0,3.0,35.0,5,6.0,2,1,2,2,1,65,65,103,0.2271,0.0,0.2014,0.1192,T1,False,none
d2b6cfa7-ecd5-4635-ad87-41dbb856b5f9,2.0,0.2222222222222222,2.0,201.92,100.96,92.39057202983429,25,1,1.0,2.0,10.0,1.0,1.0,1.0,1.0,2.0,4.0,1.0,1.0,1.0,0.2222222222222222,100.96,166.29,0.8235439778129953,67.58361111111111,15.0,0.5,2.0,0.5,17.0,1.0,53.5,4,6.0,1,1,2,1,1,40,40,143,0.1277,0.0,0.241,0.0927,T1,False,none
58a0b525-cfb7-40f6-bc85-82910d48bc67,6.0,0.6666666666666666,5.0,18370.07,3061.6783333333333,981.3456624740678,24,0,2.0,3.0,14.0,2.0,1.0,0.8333333333333334,2.0,3.0,4.0,2.0,1.0,0.8333333333333334,0.6666666666666666,3061.6783333333333,4420.55,0.24063871286282526,167.15027777777777,22.0,0.5,3.0,0.5,29.0,1.0,40.0,7,18.0,2,2,3,2,2,92,93,64,0.3686,0.0,0.1444,0.0659,T1,False,none
29f5f1b3-ee07-4962-b77c-890f28e68693,2.0,0.2222222222222222,2.0,5215.28,2607.64,670.1958072086098,18,1,1.0,2.0,12.0,1.0,1.0,1.0,2.0,1.0,4.0,2.0,1.0,0.5,0.2222222222222222,2607.64,3081.54,0.5908676044239236,14.131944444444445,8.0,0.5,2.0,0.5,21.0,0.0,35.5,5,6.0,1,2,2,1,2,52,52,78,0.2521,0.0,0.1237,0.0763,T1,False,none
a0f5c0b7-6c82-4e0f-95d5-d8e4f90947bb,1.0,0.1111111111111111,1.0,1564.17,1564.17,0.0,48,1,1.0,1.0,10.0,1.0,1.0,1.0,1.0,1.0,3.0,1.0,1.0,1.0,0.1111111111111111,1564.17,1564.17,1.0,0.0,15.0,0.0,1.0,1.0,17.0,0.0,18.0,3,3.0,1,1,1,1,1,27,27,121,0.1362,0.0,0.2722,0.12,T1,False,none
f1035a86-015d-4464-ad45-11e510471f90,5.0,0.5555555555555556,5.0,16783.46,3356.692,1690.4246083957723,20,0,2.0,2.5,7.0,2.0,1.0,0.8,1.0,5.0,1.0,0.0,0.0,1.0,0.5555555555555556,3356.692,4824.3,0.2874437094615771,179.32972222222222,2.0,0.0,2.0,0.8,18.0,2.0,56.6,5,15.0,2,1,2,2,0,39,39,59,0.2957,0.0,0.0649,0.0215,T1,False,none
1ec7b0ea-bc31-4ffb-b88a-25b43897c377,2.0,0.2222222222222222,2.0,4502.17,2251.085,710.8190917877769,61,0,1.0,2.0,6.0,1.0,1.0,1.0,1.0,2.0,5.0,1.0,1.0,1.0,0.2222222222222222,2251.085,2753.71,0.6116406088619488,89.82444444444444,14.0,0.0,2.0,0.5,23.0,1.0,18.5,4,6.0,1,1,2,1,1,49,50,66,0.3865,0.0,0.1807,0.0805,T1,False,none
0bae9e01-77b5-49ef-af9b-fe6f0ba5ea07,4.0,0.4444444444444444,4.0,5079.33,1269.8325,1493.9918752205447,69,1,2.0,2.0,11.0,2.0,1.0,0.75,3.0,1.3333333333333333,5.0,3.0,1.0,0.5,0.4444444444444444,1269.8325,3453.49,0.6799105393821626,167.555,5.0,0.0,3.0,0.5,29.0,0.0,56.5,8,12.0,2,3,3,2,3,84,85,167,0.1063,0.0,0.25,0.1704,T1,False,none
ba253ee7-1e07-4408-b08c-7cd95c6dcbe6,3.0,0.3333333333333333,3.0,6435.91,2145.3033333333333,1829.5276013860337,60,1,1.0,3.0,6.0,1.0,1.0,1.0,1.0,3.0,4.0,1.0,1.0,1.0,0.3333333333333333,2145.3033333333333,4219.85,0.6556726243841198,144.2163888888889,22.0,0.3333333333333333,3.0,0.3333333333333333,26.0,3.0,42.666666666666664,5,9.0,1,1,3,1,1,60,60,121,0.1433,0.0,0.2418,0.1111,T1,False,none
b953f5d2-4a24-49f2-a4a5-300002bda490,5.0,0.5555555555555556,4.0,6513.83,1302.766,1288.5014311711107,11,1,1.0,5.0,9.0,1.0,1.0,1.0,3.0,1.6666666666666667,7.0,3.0,1.0,0.4,0.5555555555555556,1302.766,3324.05,0.5103065324087365,152.24416666666667,23.0,0.2,2.0,0.8,23.0,1.0,44.6,6,15.0,1,3,2,1,3,61,63,59,0.3197,0.0,0.1098,0.0978,T1,False,none
c884d6c5-982b-4e4e-902e-83984bcdee09,5.0,0.5555555555555556,3.0,14321.500000000002,2864.3,1352.300427845085,50,0,1.0,5.0,8.0,1.0,1.0,1.0,3.0,1.6666666666666667,5.0,3.0,1.0,0.4,0.5555555555555556,2864.3,4972.31,0.3471919840798799,184.50027777777777,6.0,0.4,1.0,1.0,13.0,2.0,68.0,5,15.0,1,3,1,1,3,26,26,143,0.1277,0.0,0.241,0.0927,T1,False,none
a17846ae-0448-42b1-bc5e-2dfa453a0a29,5.0,0.5555555555555556,5.0,10488.75,2097.75,1660.181132783408,47,0,2.0,2.5,9.0,2.0,1.0,0.8,3.0,1.6666666666666667,6.0,3.0,1.0,0.6,0.5555555555555556,2097.75,4879.7,0.4652317959718746,133.86166666666668,2.0,0.0,2.0,0.8,23.0,3.0,68.0,7,15.0,2,3,2,2,3,64,65,121,0.1433,0.0,0.2418,0.1111,T1,False,none
9fc22380-6441-405b-88e6-b2a9a21b3241,1.0,0.1111111111111111,1.0,1329.21,1329.21,0.0,78,1,1.0,1.0,8.0,1.0,1.0,1.0,1.0,1.0,4.0,1.0,1.0,1.0,0.1111111111111111,1329.21,1329.21,1.0,0.0,19.0,0.0,1.0,1.0,17.0,1.0,55.0,3,3.0,1,1,1,1,1,26,26,143,0.1277,0.0,0.241,0.0927,T1,False,none
7a7a609f-f5f9-480d-8e45-6276100e3a65,4.0,0.4444444444444444,4.0,9474.76,2368.69,1730.8184436464348,62,0,1.0,4.0,5.0,1.0,1.0,1.0,1.0,4.0,7.0,1.0,1.0,1.0,0.4444444444444444,2368.69,4464.85,0.47123621073251465,224.7761111111111,1.0,0.25,1.0,1.0,17.0,1.0,2.0,3,12.0,1,1,1,1,1,26,26,143,0.1277,0.0,0.241,0.0927,T1,False,none
919a5b73-d8c5-458f-a601-88d5a668f98a,0.0,0.0,0.0,0.0,0.0,0.0,49,0,0.0,0.0,0.0,0.0,0.0,0.0,0.0,0.0,0.0,0.0,0.0,0.0,0.0,0.0,0.0,0.0,0.0,0.0,0.0,0.0,0.0,0.0,0.0,0.0,0,0.0,0,0,0,0,0,0,0,1,0.0,0.0,0.0,0.0,T1,False,none
295b3e84-75d9-4d0a-9a9c-9512a32c6829,8.0,0.8888888888888888,4.0,19560.04,2445.005,1368.7595100882927,86,1,1.0,8.0,6.0,1.0,1.0,1.0,1.0,8.0,9.0,1.0,1.0,1.0,0.8888888888888888,2445.005,4967.12,0.2539422209770532,200.7211111111111,7.0,0.125,2.0,0.75,26.0,0.0,53.75,4,24.0,1,1,2,1,1,54,55,89,0.2028,0.0,0.1043,0.0515,T1,False,none
1e0fadfc-bc65-4cea-a314-b5cae328f7de,2.0,0.2222222222222222,2.0,9105.05,4552.525,310.0875367537362,72,0,1.0,2.0,12.0,1.0,1.0,1.0,2.0,1.0,7.0,2.0,1.0,0.5,0.2222222222222222,4552.525,4771.79,0.5240816909297588,80.73694444444445,8.0,0.0,1.0,1.0,15.0,3.0,42.0,4,6.0,1,2,1,1,2,34,34,59,0.3197,0.0,0.1098,0.0978,T1,False,none
d3db57e4-b17d-428e-80e5-e7a1733ac7b7,5.0,0.5555555555555556,3.0,7037.62,1407.524,865.9464414038549,66,1,2.0,2.5,11.0,2.0,1.0,0.8,1.0,5.0,4.0,1.0,1.0,1.0,0.5555555555555556,1407.524,2504.91,0.3559314086296219,173.9013888888889,19.0,0.2,3.0,0.6,25.0,0.0,51.0,6,15.0,2,1,3,2,1,83,86,118,0.1482,0.0,0.2319,0.119,T1,False,none
18362f35-69b5-4fcb-878c-74b60395b9c6,2.0,0.2222222222222222,2.0,5862.860000000001,2931.4300000000003,2695.26477571314,26,1,1.0,2.0,5.0,1.0,1.0,1.0,1.0,2.0,8.0,1.0,1.0,1.0,0.2222222222222222,2931.4300000000003,4837.27,0.8250700170224089,92.72583333333333,17.0,0.5,2.0,0.5,25.0,0.0,74.5,4,6.0,1,1,2,1,1,55,55,103,0.2271,0.0,0.2014,0.1192,T1,False,none
374ccfa9-3f67-4ab9-ba4f-6c6ce7ee2e40,5.0,0.5555555555555556,3.0,13608.21,2721.642,758.7567500655267,29,1,1.0,5.0,7.0,1.0,1.0,1.0,2.0,2.5,6.0,2.0,1.0,0.6,0.5555555555555556,2721.642,3587.06,0.26359528549309574,137.77,1.0,0.4,2.0,0.6,23.0,2.0,18.2,5,15.0,1,2,2,1,2,54,54,89,0.2028,0.0,0.1043,0.0515,T1,False,none
a13cdd79-5cdc-4a07-9d23-d2408dc6d5f4,3.0,0.3333333333333333,3.0,8501.119999999999,2833.7066666666665,2108.3642836173576,79,0,1.0,3.0,7.0,1.0,1.0,1.0,1.0,3.0,7.0,1.0,1.0,1.0,0.3333333333333333,2833.7066666666665,4847.95,0.5702719171120982,43.28333333333333,2.0,0.0,3.0,0.3333333333333333,23.0,1.0,33.666666666666664,5,9.0,1,1,3,1,1,63,64,59,0.3197,0.0,0.1098,0.0978,T1,False,none
0263f49b-51d4-457e-b0c9-d67536ddc51b,5.0,0.5555555555555556,3.0,6526.55,1305.31,1280.6986738300309,57,1,1.0,5.0,8.0,1.0,1.0,1.0,2.0,2.5,2.0,1.0,0.5,0.6,0.5555555555555556,1305.31,3276.46,0.5020202097586014,83.2525,3.0,0.6,1.0,1.0,13.0,0.0,74.0,4,15.0,1,2,1,1,1,19,20,173,0.0954,0.0,0.2136,0.1548,T1,False,none
0b0e1b15-cc11-4f3b-aeb3-dda98663f9e2,5.0,0.5555555555555556,4.0,9247.76,1849.5520000000001,1221.908192406451,50,0,1.0,5.0,3.0,1.0,1.0,1.0,2.0,2.5,8.0,2.0,1.0,0.6,0.5555555555555556,1849.5520000000001,3550.32,0.38391134718029013,213.15027777777777,0.0,0.2,3.0,0.6,26.0,2.0,15.4,6,15.0,1,2,3,1,2,74,75,65,0.3611,0.0,0.0889,0.0707,T1,False,none
228a6007-eeb6-48ba-8a02-d2a8adb94bd9,1.0,0.1111111111111111,1.0,4052.54,4052.54,0.0,34,1,1.0,1.0,10.0,1.0,1.0,1.0,1.0,1.0,3.0,1.0,1.0,1.0,0.1111111111111111,4052.54,4052.54,1.0,0.0,2.0,0.0,1.0,1.0,21.0,0.0,25.0,3,3.0,1,1,1,1,1,31,31,118,0.1482,0.0,0.2319,0.119,T1,False,none
1bf014bc-7202-4f24-b050-bd7245f4f19f,2.0,0.2222222222222222,2.0,5988.31,2994.155,2046.1053952448297,17,0,1.0,2.0,7.0,1.0,1.0,1.0,2.0,1.0,5.0,2.0,1.0,0.5,0.2222222222222222,2994.155,4440.97,0.7416065634544637,81.765,3.0,0.5,2.0,0.5,21.0,1.0,40.0,5,6.0,1,2,2,1,2,46,46,167,0.1063,0.0,0.25,0.1704,T1,False,none
6f6d3635-584b-40cf-ab79-d459e47353a7,3.0,0.3333333333333333,3.0,9598.17,3199.39,1480.1542774994775,37,1,2.0,1.5,7.0,2.0,1.0,0.6666666666666666,2.0,1.5,4.0,2.0,1.0,0.6666666666666666,0.3333333333333333,3199.39,4485.31,0.46730887242047187,71.01277777777777,13.0,0.6666666666666666,3.0,0.3333333333333333,20.0,2.0,39.333333333333336,7,9.0,2,2,3,2,2,68,68,104,0.1637,0.0,0.1654,0.1067,T1,False,none
c0df909e-d68d-46be-92cf-70704494bd4f,4.0,0.4444444444444444,4.0,9237.29,2309.3225,1426.0786576804473,35,1,2.0,2.0,5.0,2.0,1.0,0.75,1.0,4.0,6.0,1.0,1.0,1.0,0.4444444444444444,2309.3225,4321.16,0.467795208334912,149.94555555555556,10.0,0.25,3.0,0.5,30.0,0.0,21.0,6,12.0,2,1,3,2,1,82,82,66,0.3865,0.0,0.1807,0.0805,T1,False,none
9416d48a-302a-4e4f-9ba6-7f17518a0b44,5.0,0.5555555555555556,5.0,11394.18,2278.8360000000002,1691.0031723299633,36,0,2.0,2.5,7.0,2.0,1.0,0.8,2.0,2.5,5.0,2.0,1.0,0.6,0.5555555555555556,2278.8360000000002,4130.28,0.36249032400751957,212.4625,20.0,0.2,2.0,0.6,23.0,0.0,25.2,6,15.0,2,2,2,2,2,53,54,143,0.1277,0.0,0.241,0.0927,T1,False,none
cbef2227-bdda-4bfa-a0c2-72c7517fa2b0,2.0,0.2222222222222222,2.0,5501.55,2750.775,1395.8358571300569,15,0,2.0,1.0,5.0,2.0,1.0,0.5,1.0,2.0,4.0,1.0,1.0,1.0,0.2222222222222222,2750.775,3737.78,0.6794048949841408,57.57694444444444,4.0,0.0,2.0,0.5,27.0,1.0,64.0,5,6.0,2,1,2,2,1,53,53,126,0.1498,0.0,0.1572,0.1186,T1,False,none
ec5b893c-d818-4700-a42d-a7a2ba2d4275,1.0,0.1111111111111111,1.0,2889.66,2889.66,0.0,39,0,1.0,1.0,5.0,1.0,1.0,1.0,1.0,1.0,5.0,1.0,1.0,1.0,0.1111111111111111,2889.66,2889.66,1.0,0.0,11.0,0.0,1.0,1.0,23.0,2.0,8.0,3,3.0,1,1,1,1,1,30,30,66,0.3865,0.0,0.1807,0.0805,T1,False,none
2f3075bf-fdb8-488c-acf3-76ec22e075a5,1.0,0.1111111111111111,1.0,1712.61,1712.61,0.0,23,0,1.0,1.0,6.0,1.0,1.0,1.0,1.0,1.0,4.0,1.0,1.0,1.0,0.1111111111111111,1712.61,1712.61,1.0,0.0,2.0,0.0,1.0,1.0,22.0,3.0,3.0,3,3.0,1,1,1,1,1,29,29,173,0.0954,0.0,0.2136,0.1548,T1,False,none
b65571dd-8cb9-48d3-935c-a5a83ecec7c1,2.0,0.2222222222222222,2.0,2175.37,1087.685,1081.8380198763584,38,1,1.0,2.0,8.0,1.0,1.0,1.0,2.0,1.0,3.0,2.0,1.0,0.5,0.2222222222222222,1087.685,1852.66,0.851652822278509,133.04583333333332,8.0,0.0,1.0,1.0,22.0,2.0,27.0,4,6.0,1,2,1,1,2,32,32,167,0.1063,0.0,0.25,0.1704,T1,False,none
55be5981-e62f-46bf-92c3-99bad0290456,7.0,0.7777777777777778,5.0,17383.07,2483.2957142857144,1413.79471373861,59,0,4.0,1.75,9.0,4.0,1.0,0.5714285714285714,1.0,7.0,5.0,1.0,1.0,1.0,0.7777777777777778,2483.2957142857144,4376.6,0.25177370855665887,162.58694444444444,1.0,0.2857142857142857,1.0,1.0,17.0,3.0,40.0,6,21.0,4,1,1,4,1,42,44,86,0.1967,0.0,0.161,0.0515,T1,False,none
a2fae4b9-f4b8-41e4-a59c-e7feda2dd9d0,3.0,0.3333333333333333,3.0,7280.1900000000005,2426.73,1931.9423975884995,37,0,2.0,1.5,6.0,2.0,1.0,0.6666666666666666,2.0,1.5,9.0,2.0,1.0,0.6666666666666666,0.3333333333333333,2426.73,4025.59,0.5529512279212493,109.95666666666666,3.0,0.3333333333333333,3.0,0.3333333333333333,23.0,0.0,46.0,7,9.0,2,2,3,2,2,67,67,143,0.1277,0.0,0.241,0.0927,T1,False,none
070d2eeb-766e-48a2-8b51-ec5319e55379,3.0,0.3333333333333333,3.0,14107.89,4702.63,278.77493502824075,48,0,2.0,1.5,6.0,2.0,1.0,0.6666666666666666,2.0,1.5,5.0,2.0,1.0,0.6666666666666666,0.3333333333333333,4702.63,4902.73,0.3475168859411294,117.98138888888889,10.0,0.0,2.0,0.6666666666666666,30.0,0.0,14.333333333333334,6,9.0,2,2,2,2,2,65,66,66,0.3865,0.0,0.1807,0.0805,T1,False,none
5f135f7b-1ed5-41b3-8b1b-87018d00c98d,4.0,0.4444444444444444,3.0,12671.08,3167.77,1351.2419594087014,80,1,2.0,2.0,9.0,2.0,1.0,0.75,3.0,1.3333333333333333,6.0,3.0,1.0,0.5,0.4444444444444444,3167.77,4464.84,0.35236459717719404,97.76444444444445,7.0,0.25,3.0,0.5,22.0,1.0,47.25,8,12.0,2,3,3,2,3,76,77,118,0.1482,0.0,0.2319,0.119,T1,False,none
a39fdc41-51cc-41bd-8b2e-5cdc2a58e2ea,2.0,0.2222222222222222,2.0,3599.2999999999997,1799.6499999999999,2347.990493336802,58,1,2.0,1.0,9.0,2.0,1.0,0.5,1.0,2.0,6.0,1.0,1.0,1.0,0.2222222222222222,1799.6499999999999,3459.93,0.9612785819464896,165.2788888888889,10.0,0.0,1.0,1.0,25.0,2.0,28.0,4,6.0,2,1,1,2,1,43,44,57,0.2807,0.0,0.0921,0.0244,T1,False,none
1173c45e-b33b-4a5b-859b-47052d8299e3,4.0,0.4444444444444444,4.0,13940.02,3485.005,1046.9941936960938,54,1,1.0,4.0,4.0,1.0,1.0,1.0,1.0,4.0,3.0,1.0,1.0,1.0,0.4444444444444444,3485.005,4524.72,0.3245849001651361,182.89916666666667,12.0,0.25,3.0,0.5,23.0,0.0,46.25,5,12.0,1,1,3,1,1,58,58,59,0.3197,0.0,0.1098,0.0978,T1,False,none
c5be06c6-0cac-4238-9d6a-05088710b06d,4.0,0.4444444444444444,4.0,11403.31,2850.8275,498.85614194708813,36,1,2.0,2.0,9.0,2.0,1.0,0.75,1.0,4.0,3.0,1.0,1.0,1.0,0.4444444444444444,2850.8275,3514.5,0.30819998754747524,144.0738888888889,7.0,0.25,3.0,0.5,23.0,0.0,63.75,6,12.0,2,1,3,2,1,76,79,143,0.1277,0.0,0.241,0.0927,T1,False,none
88f32942-31b8-41a1-aadc-e2783723f7ef,2.0,0.2222222222222222,2.0,5831.62,2915.81,2426.620767404746,42,0,1.0,2.0,8.0,1.0,1.0,1.0,1.0,2.0,4.0,1.0,1.0,1.0,0.2222222222222222,2915.81,4631.69,0.7942372788350406,70.82111111111111,2.0,0.5,1.0,1.0,17.0,3.0,26.0,3,6.0,1,1,1,1,1,26,26,173,0.0954,0.0,0.2136,0.1548,T1,False,none
4a4f27c3-0875-4eed-989f-af1f4124a512,3.0,0.3333333333333333,3.0,6676.32,2225.44,1398.4043604408562,43,1,1.0,3.0,9.0,1.0,1.0,1.0,1.0,3.0,7.0,1.0,1.0,1.0,0.3333333333333333,2225.44,3838.21,0.5748990461811297,198.31194444444444,4.0,0.0,1.0,1.0,18.0,0.0,5.0,3,9.0,1,1,1,1,1,30,31,104,0.1637,0.0,0.1654,0.1067,T1,False,none
66ab3779-53f8-4464-b3fb-0e534ee6462a,4.0,0.4444444444444444,4.0,11247.4,2811.85,1564.3836422054535,55,1,1.0,4.0,11.0,1.0,1.0,1.0,1.0,4.0,3.0,1.0,1.0,1.0,0.4444444444444444,2811.85,4100.41,0.3645651439443783,156.16222222222223,1.0,0.25,2.0,0.5,25.0,1.0,51.0,4,12.0,1,1,2,1,1,58,58,118,0.1482,0.0,0.2319,0.119,T1,False,none
1cbfe86c-5303-420e-a188-370d643771e2,7.0,0.7777777777777778,5.0,16721.96,2388.8514285714286,1448.5850313027142,13,0,2.0,3.5,6.0,2.0,1.0,0.8571428571428571,3.0,2.3333333333333335,4.0,3.0,1.0,0.5714285714285714,0.7777777777777778,2388.8514285714286,4612.69,0.27584625247279626,224.4013888888889,15.0,0.14285714285714285,3.0,0.7142857142857143,21.0,2.0,53.57142857142857,8,21.0,2,3,3,2,3,62,63,118,0.1482,0.0,0.2319,0.119,T1,False,none
e8861dae-500b-426b-b957-619600a55b17,1.0,0.1111111111111111,1.0,2999.18,2999.18,0.0,13,1,1.0,1.0,7.0,1.0,1.0,1.0,1.0,1.0,5.0,1.0,1.0,1.0,0.1111111111111111,2999.18,2999.18,1.0,0.0,14.0,1.0,1.0,1.0,21.0,2.0,27.0,3,3.0,1,1,1,1,1,30,30,50,0.3086,0.0,0.0411,0.037,T1,False,none
93ddf449-0f20-4eb0-a09c-2153676cf0b4,5.0,0.5555555555555556,5.0,14637.94,2927.588,1243.1092112803283,56,0,1.0,5.0,7.0,1.0,1.0,1.0,2.0,2.5,6.0,2.0,1.0,0.6,0.5555555555555556,2927.588,4833.15,0.33017965642706554,208.16416666666666,9.0,0.2,2.0,0.8,21.0,1.0,54.4,5,15.0,1,2,2,1,2,52,53,118,0.1482,0.0,0.2319,0.119,T1,False,none
bf7c088b-8135-43f9-a127-2bff1555683b,3.0,0.3333333333333333,3.0,11760.61,3920.2033333333334,293.66024285444803,16,0,1.0,3.0,10.0,1.0,1.0,1.0,1.0,3.0,3.0,1.0,1.0,1.0,0.3333333333333333,3920.2033333333334,4113.1,0.3497352603308842,82.29444444444445,8.0,0.3333333333333333,2.0,0.6666666666666666,20.0,1.0,9.0,4,9.0,1,1,2,1,1,46,46,173,0.0954,0.0,0.2136,0.1548,T1,False,none
239a1d7e-9072-456f-a615-407ecfe0f21e,0.0,0.0,0.0,0.0,0.0,0.0,34,0,0.0,0.0,0.0,0.0,0.0,0.0,0.0,0.0,0.0,0.0,0.0,0.0,0.0,0.0,0.0,0.0,0.0,0.0,0.0,0.0,0.0,0.0,0.0,0.0,0,0.0,0,0,0,0,0,0,0,1,0.0,0.0,0.0,0.0,T1,False,none
57678abd-ee6e-4f39-8330-010063e613c1,4.0,0.4444444444444444,3.0,13689.46,3422.365,781.6298543215112,14,0,2.0,2.0,9.0,2.0,1.0,0.5,1.0,4.0,4.0,1.0,1.0,1.0,0.4444444444444444,3422.365,4322.58,0.31575971586899704,53.088055555555556,12.0,0.5,2.0,0.75,25.0,2.0,63.25,5,12.0,2,1,2,2,1,55,56,104,0.1637,0.0,0.1654,0.1067,T1,False,none
e21eaa6a-d403-4d94-b46b-e98f2f3a9d8e,2.0,0.2222222222222222,2.0,1258.48,629.24,283.3094029502021,43,1,1.0,2.0,9.0,1.0,1.0,1.0,1.0,2.0,2.0,1.0,1.0,1.0,0.2222222222222222,629.24,829.57,0.6591840950988495,74.67444444444445,0.0,0.5,2.0,0.5,21.0,1.0,60.0,4,6.0,1,1,2,1,1,47,47,65,0.3611,0.0,0.0889,0.0707,T1,False,none
682e535b-b7fa-403e-8cd6-ff4b25c2a439,6.0,0.6666666666666666,5.0,8704.54,1450.756666666667,1285.5513820873387,71,1,1.0,6.0,3.0,1.0,1.0,1.0,3.0,2.0,8.0,3.0,1.0,0.5,0.6666666666666666,1450.756666666667,3118.75,0.358290041748329,179.87055555555557,13.0,0.3333333333333333,2.0,0.6666666666666666,29.0,0.0,43.333333333333336,6,18.0,1,3,2,1,3,66,67,64,0.3686,0.0,0.1444,0.0659,T1,False,none
0c0e5320-e15e-4705-8c4a-96b7782444fb,5.0,0.5555555555555556,3.0,13434.39,2686.8779999999997,1748.8910755304344,27,1,1.0,5.0,9.0,1.0,1.0,1.0,2.0,2.5,4.0,2.0,1.0,0.8,0.5555555555555556,2686.8779999999997,4959.98,0.36920023908789307,203.13111111111112,4.0,0.0,2.0,0.8,18.0,3.0,55.4,5,15.0,1,2,2,1,2,44,46,57,0.2807,0.0,0.0921,0.0244,T1,False,none
72fae593-ab96-4425-bb70-fa655bc4d79a,0.0,0.0,0.0,0.0,0.0,0.0,38,0,0.0,0.0,0.0,0.0,0.0,0.0,0.0,0.0,0.0,0.0,0.0,0.0,0.0,0.0,0.0,0.0,0.0,0.0,0.0,0.0,0.0,0.0,0.0,0.0,0,0.0,0,0,0,0,0,0,0,1,0.0,0.0,0.0,0.0,T1,False,none
c5852947-15bb-42bd-b5a5-77dfe2f53c93,3.0,0.3333333333333333,2.0,5481.4400000000005,1827.1466666666668,842.3616316840017,84,1,1.0,3.0,9.0,1.0,1.0,1.0,1.0,3.0,2.0,1.0,1.0,1.0,0.3333333333333333,1827.1466666666668,2785.4,0.5081511427654046,60.705555555555556,6.0,0.3333333333333333,3.0,0.3333333333333333,21.0,2.0,70.33333333333333,5,9.0,1,1,3,1,1,65,65,59,0.2957,0.0,0.0649,0.0215,T1,False,none
ce6ffef2-5641-4db3-9e01-3a815780fa40,3.0,0.3333333333333333,3.0,2281.14,760.38,386.0156008505355,43,0,1.0,3.0,6.0,1.0,1.0,1.0,2.0,1.5,5.0,2.0,1.0,0.6666666666666666,0.3333333333333333,760.38,1196.54,0.5245359776252225,180.25416666666666,5.0,0.3333333333333333,1.0,1.0,25.0,3.0,59.0,4,9.0,1,2,1,1,2,34,35,103,0.2271,0.0,0.2014,0.1192,T1,False,none
14d69034-b15e-4277-8048-8cf964f8371b,3.0,0.3333333333333333,3.0,8082.0,2694.0,1678.916877722063,74,0,1.0,3.0,7.0,1.0,1.0,1.0,2.0,1.5,7.0,2.0,1.0,0.6666666666666666,0.3333333333333333,2694.0,4616.58,0.5712175204157387,97.64083333333333,17.0,0.3333333333333333,3.0,0.3333333333333333,25.0,2.0,23.0,6,9.0,1,2,3,1,2,76,76,74,0.2714,0.0,0.1287,0.0855,T1,False,none
efcd35bd-d7e2-4166-a1c3-2fff15e23b32,4.0,0.4444444444444444,2.0,13930.26,3482.565,798.6633224957812,44,0,2.0,2.0,9.0,2.0,1.0,0.5,1.0,4.0,6.0,1.0,1.0,1.0,0.4444444444444444,3482.565,4612.6,0.33112088360159825,84.42611111111111,5.0,0.75,2.0,0.75,30.0,2.0,24.0,5,12.0,2,1,2,2,1,58,58,66,0.3865,0.0,0.1807,0.0805,T1,False,none
4e0f9cc9-e3a8-4138-8eee-0178cdd714a4,2.0,0.2222222222222222,2.0,3767.75,1883.875,2199.6889881185475,75,1,1.0,2.0,6.0,1.0,1.0,1.0,2.0,1.0,4.0,1.0,0.5,0.5,0.2222222222222222,1883.875,3439.29,0.9128233030323137,10.03,3.0,0.0,1.0,1.0,12.0,1.0,87.0,4,6.0,1,2,1,1,1,19,19,167,0.1063,0.0,0.25,0.1704,T1,False,none
62aff87c-a176-4b1f-9d63-b5b583269489,2.0,0.2222222222222222,2.0,6421.62,3210.81,1855.533046647243,46,1,2.0,1.0,11.0,2.0,1.0,0.5,1.0,2.0,6.0,1.0,1.0,1.0,0.2222222222222222,3210.81,4522.87,0.704319159339855,187.38361111111112,3.0,0.0,1.0,1.0,22.0,2.0,27.0,4,6.0,2,1,1,2,1,40,40,167,0.1063,0.0,0.25,0.1704,T1,False,none
c1a9b7c3-f514-4888-aa08-f78fddbefb36,5.0,0.5555555555555556,4.0,15513.75,3102.75,1187.3699335295635,38,1,3.0,1.6666666666666667,10.0,3.0,1.0,0.6,2.0,2.5,6.0,2.0,1.0,0.6,0.5555555555555556,3102.75,4431.0,0.2856175972927242,160.23222222222222,8.0,0.6,3.0,0.6,23.0,1.0,53.4,8,15.0,3,2,3,3,2,85,88,59,0.3197,0.0,0.1098,0.0978,T1,False,none
afb33ffc-1670-4272-a834-195ac58c0b65,4.0,0.4444444444444444,3.0,10570.289999999999,2642.5724999999998,2411.1160142331737,71,0,2.0,2.0,7.0,2.0,1.0,0.75,1.0,4.0,2.0,1.0,1.0,1.0,0.4444444444444444,2642.5724999999998,4964.15,0.4696323374287744,212.13333333333333,0.0,0.0,3.0,0.5,20.0,2.0,48.0,6,12.0,2,1,3,2,1,60,60,104,0.1637,0.0,0.1654,0.1067,T1,False,none
85a70bfd-7459-4ea6-8a5e-ce4fe74d6313,1.0,0.1111111111111111,1.0,4444.86,4444.86,0.0,76,0,1.0,1.0,6.0,1.0,1.0,1.0,1.0,1.0,4.0,1.0,1.0,1.0,0.1111111111111111,4444.86,4444.86,1.0,0.0,7.0,0.0,1.0,1.0,25.0,1.0,72.0,3,3.0,1,1,1,1,1,31,32,167,0.1063,0.0,0.25,0.1704,T1,False,none
e336c14c-b2e6-4ae3-a539-68a1b3005c3f,5.0,0.5555555555555556,5.0,6916.18,1383.236,950.2391856422255,83,1,1.0,5.0,7.0,1.0,1.0,1.0,1.0,5.0,4.0,1.0,1.0,1.0,0.5555555555555556,1383.236,2419.18,0.349785575274212,173.16027777777776,3.0,0.0,4.0,0.4,27.0,1.0,49.4,6,15.0,1,1,4,1,1,92,93,126,0.1498,0.0,0.1572,0.1186,T1,False,none
35cc7a4d-bd1b-4776-bb5e-8a1d26020da5,1.0,0.1111111111111111,1.0,3225.24,3225.24,0.0,19,0,1.0,1.0,8.0,1.0,1.0,1.0,1.0,1.0,4.0,1.0,1.0,1.0,0.1111111111111111,3225.24,3225.24,1.0,0.0,0.0,0.0,1.0,1.0,25.0,2.0,39.0,3,3.0,1,1,1,1,1,34,34,143,0.1277,0.0,0.241,0.0927,T1,False,none
213c9263-0a23-4783-a53e-2b227167efdd,3.0,0.3333333333333333,3.0,8188.11,2729.37,1470.8202102568484,61,1,2.0,1.5,10.0,2.0,1.0,0.6666666666666666,2.0,1.5,4.0,2.0,1.0,0.6666666666666666,0.3333333333333333,2729.37,4253.82,0.5195118287370345,111.15638888888888,0.0,0.0,2.0,0.6666666666666666,23.0,3.0,25.0,6,9.0,2,2,2,2,2,62,63,173,0.0954,0.0,0.2136,0.1548,T1,False,none
9e393c10-847e-49a2-8371-9511f6a9043f,5.0,0.5555555555555556,5.0,17605.45,3521.09,416.1281606668792,38,1,2.0,2.5,6.0,2.0,1.0,0.8,2.0,2.5,7.0,2.0,1.0,0.8,0.5555555555555556,3521.09,4032.05,0.22902283099835563,132.93777777777777,14.0,0.2,3.0,0.6,28.0,3.0,32.0,7,15.0,2,2,3,2,2,90,93,103,0.2271,0.0,0.2014,0.1192,T1,False,none
5a7e2336-0901-4319-9a93-d4f684eab459,1.0,0.1111111111111111,1.0,700.42,700.42,0.0,85,1,1.0,1.0,8.0,1.0,1.0,1.0,1.0,1.0,3.0,1.0,1.0,1.0,0.1111111111111111,700.42,700.42,1.0,0.0,19.0,1.0,1.0,1.0,19.0,1.0,54.0,3,3.0,1,1,1,1,1,27,27,57,0.2807,0.0,0.0921,0.0244,T1,False,none
46ac8ee5-910d-4b18-bfa9-c6ab0712ac23,2.0,0.2222222222222222,2.0,5460.59,2730.295,2452.0695404596504,17,0,1.0,2.0,11.0,1.0,1.0,1.0,2.0,1.0,6.0,2.0,1.0,0.5,0.2222222222222222,2730.295,4464.17,0.81752521247704,184.4752777777778,13.0,0.0,2.0,0.5,27.0,1.0,80.5,5,6.0,1,2,2,1,2,61,63,126,0.1498,0.0,0.1572,0.1186,T1,False,none
58843389-c30f-47f8-8588-73ad463ce7a7,2.0,0.2222222222222222,2.0,8190.49,4095.245,12.056170619230924,71,1,1.0,2.0,10.0,1.0,1.0,1.0,1.0,2.0,4.0,1.0,1.0,1.0,0.2222222222222222,4095.245,4103.77,0.5010408412683491,6.3825,2.0,0.0,1.0,1.0,22.0,0.0,81.0,3,6.0,1,1,1,1,1,32,33,104,0.1637,0.0,0.1654,0.1067,T1,False,none
d770b9c2-27d8-4831-94aa-d807c1d05fe4,4.0,0.4444444444444444,4.0,15796.75,3949.1875,800.996479075699,10,0,2.0,2.0,8.0,2.0,1.0,0.5,2.0,2.0,3.0,2.0,1.0,0.75,0.4444444444444444,3949.1875,4586.77,0.2903616250178043,214.2888888888889,10.0,0.0,1.0,1.0,13.0,1.0,76.0,5,12.0,2,2,1,2,2,26,26,173,0.0954,0.0,0.2136,0.1548,T1,False,none
a3faec97-41f2-4400-bfd5-a1a6a9fb7cd5,4.0,0.4444444444444444,3.0,10923.76,2730.94,1782.1795388605865,48,0,1.0,4.0,6.0,1.0,1.0,1.0,2.0,2.0,2.0,2.0,1.0,0.75,0.4444444444444444,2730.94,4430.3,0.4055654829472636,143.63444444444445,10.0,0.0,2.0,0.5,18.0,2.0,30.0,5,12.0,1,2,2,1,2,37,37,121,0.1362,0.0,0.2722,0.12,T1,False,none
94e7f710-77cf-450e-b46a-b4a4443adb1d,4.0,0.4444444444444444,3.0,11157.59,2789.3975,2046.3686624746608,20,1,2.0,2.0,13.0,2.0,1.0,0.75,3.0,1.3333333333333333,5.0,3.0,1.0,0.5,0.4444444444444444,2789.3975,4576.45,0.41016473987662205,114.07388888888889,3.0,0.0,2.0,0.75,20.0,2.0,9.75,7,12.0,2,3,2,2,3,55,56,126,0.1498,0.0,0.1572,0.1186,T1,False,none
f13de6c7-bdc4-4fc3-b819-4b4b93ec3fe6,1.0,0.1111111111111111,1.0,3771.8,3771.8,0.0,27,1,1.0,1.0,6.0,1.0,1.0,1.0,1.0,1.0,3.0,1.0,1.0,1.0,0.1111111111111111,3771.8,3771.8,1.0,0.0,1.0,1.0,1.0,1.0,21.0,0.0,79.0,3,3.0,1,1,1,1,1,27,27,74,0.2714,0.0,0.1287,0.0855,T1,False,none
09206932-e7ab-4ddc-a165-105b78989438,4.0,0.4444444444444444,4.0,9204.439999999999,2301.1099999999997,196.79773220238093,60,1,1.0,4.0,6.0,1.0,1.0,1.0,3.0,1.3333333333333333,5.0,2.0,0.6666666666666666,0.5,0.4444444444444444,2301.1099999999997,2546.71,0.27668277483475373,143.5338888888889,23.0,0.0,1.0,1.0,19.0,2.0,63.0,5,12.0,1,3,1,1,2,30,30,74,0.2714,0.0,0.1287,0.0855,T1,False,none
8dfccfb2-e50d-4472-b28f-1604bc9dd73c,4.0,0.4444444444444444,4.0,8335.99,2083.9975,1251.428850351336,65,1,1.0,4.0,6.0,1.0,1.0,1.0,2.0,2.0,4.0,2.0,1.0,0.75,0.4444444444444444,2083.9975,3573.5,0.42868333575256207,137.45555555555555,5.0,0.5,1.0,1.0,21.0,2.0,77.0,4,12.0,1,2,1,1,2,30,30,143,0.1277,0.0,0.241,0.0927,T1,False,none
f325b9b8-2f00-4e2d-9128-298bf9832b7d,2.0,0.2222222222222222,1.0,7090.290000000001,3545.1450000000004,1913.5935844504706,55,0,1.0,2.0,7.0,1.0,1.0,1.0,2.0,1.0,3.0,2.0,1.0,0.5,0.2222222222222222,3545.1450000000004,4898.26,0.6908405721063595,8.583055555555555,4.0,0.0,1.0,1.0,15.0,2.0,54.0,4,6.0,1,2,1,1,2,24,24,118,0.1482,0.0,0.2319,0.119,T1,False,none
c074552c-7ff9-46d2-9503-c13e1293b185,5.0,0.5555555555555556,5.0,9864.73,1972.946,1181.257931964903,22,0,2.0,2.5,11.0,2.0,1.0,0.6,1.0,5.0,6.0,1.0,1.0,1.0,0.5555555555555556,1972.946,3332.39,0.3378085360673835,119.30777777777777,3.0,0.4,1.0,1.0,17.0,2.0,57.0,4,15.0,2,1,1,2,1,37,37,118,0.1482,0.0,0.2319,0.119,T1,False,none
6ee03981-6262-4495-99d6-6d2d25382b89,0.0,0.0,0.0,0.0,0.0,0.0,20,1,0.0,0.0,0.0,0.0,0.0,0.0,0.0,0.0,0.0,0.0,0.0,0.0,0.0,0.0,0.0,0.0,0.0,0.0,0.0,0.0,0.0,0.0,0.0,0.0,0,0.0,0,0,0,0,0,0,0,1,0.0,0.0,0.0,0.0,T1,False,none
f86c0adf-962f-4150-b039-39471853a446,1.0,0.1111111111111111,1.0,943.02,943.02,0.0,45,0,1.0,1.0,6.0,1.0,1.0,1.0,1.0,1.0,2.0,1.0,1.0,1.0,0.1111111111111111,943.02,943.02,1.0,0.0,9.0,1.0,1.0,1.0,18.0,1.0,80.0,3,3.0,1,1,1,1,1,23,23,167,0.1063,0.0,0.25,0.1704,T1,False,none
ceec167c-4c4e-40b0-a5ba-3831a6dceab6,2.0,0.2222222222222222,2.0,2832.0,1416.0,1622.7959206875025,16,0,1.0,2.0,7.0,1.0,1.0,1.0,1.0,2.0,6.0,1.0,1.0,1.0,0.2222222222222222,1416.0,2563.49,0.9051871468926553,116.41666666666667,5.0,0.0,2.0,0.5,26.0,1.0,55.5,4,6.0,1,1,2,1,1,48,48,74,0.2714,0.0,0.1287,0.0855,T1,False,none
52dc1ec5-3120-484c-abd4-c91cde0ca0d5,7.0,0.7777777777777778,6.0,16259.759999999998,2322.8228571428567,1411.0113552663124,79,0,1.0,7.0,6.0,1.0,1.0,1.0,2.0,3.5,5.0,2.0,1.0,0.7142857142857143,0.7777777777777778,2322.8228571428567,4901.62,0.30145709407764937,113.04805555555555,22.0,0.14285714285714285,2.0,0.8571428571428571,19.0,0.0,11.571428571428571,5,21.0,1,2,2,1,2,45,47,121,0.1362,0.0,0.2722,0.12,T1,False,none
9808f00b-664b-49bd-9f69-9d31b18faa03,4.0,0.4444444444444444,4.0,6054.95,1513.7375,1083.317538532293,45,0,2.0,2.0,8.0,2.0,1.0,0.75,2.0,2.0,4.0,2.0,1.0,0.75,0.4444444444444444,1513.7375,2356.97,0.389263330002725,189.08277777777778,15.0,0.0,1.0,1.0,19.0,3.0,22.0,5,12.0,2,2,1,2,2,34,36,121,0.1433,0.0,0.2418,0.1111,T1,False,none
c7476429-9c60-4418-bbbf-e9c0d4065583,2.0,0.2222222222222222,2.0,1988.68,994.34,1176.102424876337,30,0,1.0,2.0,9.0,1.0,1.0,1.0,2.0,1.0,3.0,1.0,0.5,0.5,0.2222222222222222,994.34,1825.97,0.9181819096083834,35.25277777777778,6.0,1.0,2.0,0.5,30.0,0.0,22.5,5,6.0,1,2,2,1,1,55,55,66,0.3865,0.0,0.1807,0.0805,T1,False,none
8389998e-9da8-484d-8847-02d3a64964fb,4.0,0.4444444444444444,4.0,8292.68,2073.17,1208.3027603764435,66,1,2.0,2.0,11.0,2.0,1.0,0.75,3.0,1.3333333333333333,9.0,3.0,1.0,0.5,0.4444444444444444,2073.17,3191.11,0.384810459344868,195.81083333333333,8.0,0.0,3.0,0.5,20.0,1.0,23.75,8,12.0,2,3,3,2,3,80,81,86,0.1967,0.0,0.161,0.0515,T1,False,none
9455d64c-04b9-42e2-b02c-07bf3e7c96fc,2.0,0.2222222222222222,2.0,4830.74,2415.37,320.91334157370284,39,0,1.0,2.0,4.0,1.0,1.0,1.0,1.0,2.0,3.0,1.0,1.0,1.0,0.2222222222222222,2415.37,2642.29,0.5469741695889243,44.88027777777778,9.0,0.5,1.0,1.0,17.0,1.0,75.0,3,6.0,1,1,1,1,1,21,21,167,0.1063,0.0,0.25,0.1704,T1,False,none
c2da8706-9b50-45fb-89d0-82106d4fd5fc,4.0,0.4444444444444444,4.0,9402.640000000001,2350.6600000000003,1905.042974965832,18,1,2.0,2.0,9.0,2.0,1.0,0.75,2.0,2.0,6.0,2.0,1.0,0.75,0.4444444444444444,2350.6600000000003,4559.77,0.4849457173729931,84.67277777777778,7.0,0.0,4.0,0.25,21.0,0.0,39.75,8,12.0,2,2,4,2,2,87,87,118,0.1482,0.0,0.2319,0.119,T1,False,none
9e45e268-478f-4a20-a8bb-e9f084f728f6,4.0,0.4444444444444444,4.0,11079.27,2769.8175,1597.2965993071962,75,1,2.0,2.0,8.0,2.0,1.0,0.75,1.0,4.0,8.0,1.0,1.0,1.0,0.4444444444444444,2769.8175,4690.09,0.42332121159607083,181.78083333333333,0.0,0.5,3.0,0.5,22.0,2.0,63.75,6,12.0,2,1,3,2,1,77,79,121,0.1362,0.0,0.2722,0.12,T1,False,none
75e0c380-ef2a-4b79-bcb7-2fe1c86d5188,2.0,0.2222222222222222,1.0,6955.44,3477.72,251.70172983116348,50,1,2.0,1.0,11.0,2.0,1.0,0.5,2.0,1.0,7.0,2.0,1.0,0.5,0.2222222222222222,3477.72,3655.7,0.5255886040279264,8.470833333333333,12.0,1.0,1.0,1.0,28.0,0.0,2.0,5,6.0,2,2,1,2,2,52,52,65,0.3611,0.0,0.0889,0.0707,T1,False,none
890525f9-dc52-4889-80d1-983dfb89d3d6,3.0,0.3333333333333333,3.0,11471.7,3823.9,1948.6500770790014,25,1,1.0,3.0,6.0,1.0,1.0,1.0,2.0,1.5,6.0,2.0,1.0,0.6666666666666666,0.3333333333333333,3823.9,4994.65,0.4353888264163114,107.84694444444445,2.0,0.3333333333333333,2.0,0.6666666666666666,29.0,0.0,42.666666666666664,5,9.0,1,2,2,1,2,59,59,64,0.3686,0.0,0.1444,0.0659,T1,False,none
adc1c2cb-2031-4aef-b21b-be3dfd4579bf,2.0,0.2222222222222222,2.0,2425.44,1212.72,461.6417331654495,20,0,1.0,2.0,2.0,1.0,1.0,1.0,1.0,2.0,9.0,1.0,1.0,1.0,0.2222222222222222,1212.72,1539.15,0.6345858895705522,71.02555555555556,13.0,0.0,1.0,1.0,22.0,0.0,65.0,3,6.0,1,1,1,1,1,30,30,167,0.1063,0.0,0.25,0.1704,T1,False,none
e767ff84-fafe-4fda-96f2-93c0f07b6086,1.0,0.1111111111111111,1.0,4425.22,4425.22,0.0,63,0,1.0,1.0,9.0,1.0,1.0,1.0,1.0,1.0,4.0,1.0,1.0,1.0,0.1111111111111111,4425.22,4425.22,1.0,0.0,22.0,1.0,1.0,1.0,24.0,0.0,83.0,3,3.0,1,1,1,1,1,34,34,121,0.1362,0.0,0.2722,0.12,T1,False,none
a0c84516-a0be-44b7-ac10-9fa48c390a28,4.0,0.4444444444444444,4.0,10869.05,2717.2625,1247.7315208375826,16,1,1.0,4.0,7.0,1.0,1.0,1.0,3.0,1.3333333333333333,7.0,3.0,1.0,0.5,0.4444444444444444,2717.2625,4270.7,0.39292302455136374,102.33361111111111,20.0,0.25,2.0,0.5,23.0,1.0,43.0,6,12.0,1,3,2,1,3,55,55,59,0.3197,0.0,0.1098,0.0978,T1,False,none
4afe7590-4cda-43af-9eed-efac559df526,0.0,0.0,0.0,0.0,0.0,0.0,34,1,0.0,0.0,0.0,0.0,0.0,0.0,0.0,0.0,0.0,0.0,0.0,0.0,0.0,0.0,0.0,0.0,0.0,0.0,0.0,0.0,0.0,0.0,0.0,0.0,0,0.0,0,0,0,0,0,0,0,1,0.0,0.0,0.0,0.0,T1,False,none
1972e38d-4007-4b4e-87f0-d35bba3be841,7.0,0.7777777777777778,6.0,20491.15,2927.307142857143,1734.947111861668,78,0,2.0,3.5,7.0,2.0,1.0,0.5714285714285714,2.0,3.5,7.0,2.0,1.0,0.5714285714285714,0.7777777777777778,2927.307142857143,4983.85,0.24321963384192688,202.25972222222222,1.0,0.14285714285714285,2.0,0.8571428571428571,22.0,3.0,3.0,6,21.0,2,2,2,2,2,52,52,173,0.0954,0.0,0.2136,0.1548,T1,False,none
3b4c2c99-162f-4621-aba0-0c42b18c81a5,3.0,0.3333333333333333,2.0,8325.06,2775.02,2016.5671024540688,63,1,2.0,1.5,10.0,2.0,1.0,0.6666666666666666,2.0,1.5,5.0,2.0,1.0,0.6666666666666666,0.3333333333333333,2775.02,4638.49,0.557171960322208,36.31583333333333,3.0,0.0,1.0,1.0,18.0,1.0,62.0,5,9.0,2,2,1,2,2,32,32,121,0.1433,0.0,0.2418,0.1111,T1,False,none
535f5dd6-c471-4164-a0d2-f3ce411b8d86,3.0,0.3333333333333333,3.0,6502.379999999999,2167.4599999999996,1756.0027607894015,67,1,2.0,1.5,6.0,2.0,1.0,0.6666666666666666,1.0,3.0,4.0,1.0,1.0,1.0,0.3333333333333333,2167.4599999999996,3708.96,0.5704003764775359,158.9038888888889,0.0,0.0,2.0,0.6666666666666666,17.0,0.0,54.666666666666664,5,9.0,2,1,2,2,1,39,39,173,0.0954,0.0,0.2136,0.1548,T1,False,none
5b264de8-cbc1-449a-84ff-9edd63772b2c,2.0,0.2222222222222222,1.0,1110.59,555.295,594.7687268594408,12,0,1.0,2.0,7.0,1.0,1.0,1.0,1.0,2.0,1.0,0.0,0.0,1.0,0.2222222222222222,555.295,975.86,0.8786861037826742,13.04111111111111,7.0,0.0,1.0,1.0,22.0,3.0,74.0,3,6.0,1,1,1,1,0,27,27,121,0.1433,0.0,0.2418,0.1111,T1,False,none
e6718b80-2c31-4919-89cd-4f413859e9fe,2.0,0.2222222222222222,2.0,4109.82,2054.91,291.0734354076306,77,1,2.0,1.0,7.0,2.0,1.0,0.5,1.0,2.0,10.0,1.0,1.0,1.0,0.2222222222222222,2054.91,2260.73,0.5500800521677349,94.31027777777778,8.0,0.0,2.0,0.5,22.0,0.0,51.5,5,6.0,2,1,2,2,1,59,59,167,0.1063,0.0,0.25,0.1704,T1,False,none
9bca2711-dacf-44ee-8687-b928961ac631,5.0,0.5555555555555556,4.0,4107.16,821.432,888.537151485519,12,0,2.0,2.5,9.0,2.0,1.0,0.8,2.0,2.5,7.0,2.0,1.0,0.8,0.5555555555555556,821.432,2206.13,0.5371424536662804,106.01611111111112,6.0,0.4,3.0,0.6,20.0,0.0,15.4,7,15.0,2,2,3,2,2,70,71,65,0.3611,0.0,0.0889,0.0707,T1,False,none
67907f63-8152-44bd-900c-07c07739e081,1.0,0.1111111111111111,1.0,3521.58,3521.58,0.0,16,1,1.0,1.0,6.0,1.0,1.0,1.0,1.0,1.0,4.0,1.0,1.0,1.0,0.1111111111111111,3521.58,3521.58,1.0,0.0,1.0,0.0,1.0,1.0,18.0,1.0,65.0,3,3.0,1,1,1,1,1,25,25,173,0.0954,0.0,0.2136,0.1548,T1,False,none
531a9591-279a-4ad2-be84-503cd604b82a,0.0,0.0,0.0,0.0,0.0,0.0,51,0,0.0,0.0,0.0,0.0,0.0,0.0,0.0,0.0,0.0,0.0,0.0,0.0,0.0,0.0,0.0,0.0,0.0,0.0,0.0,0.0,0.0,0.0,0.0,0.0,0,0.0,0,0,0,0,0,0,0,1,0.0,0.0,0.0,0.0,T1,False,none
922e0bbe-90e7-4205-aa8b-2417792f17ec,4.0,0.4444444444444444,3.0,12022.98,3005.745,1087.2672194850106,87,0,1.0,4.0,13.0,1.0,1.0,1.0,2.0,2.0,7.0,2.0,1.0,0.75,0.4444444444444444,3005.745,4484.57,0.37299987191195527,160.15055555555554,16.0,0.25,2.0,0.75,22.0,2.0,7.0,5,12.0,1,2,2,1,2,53,53,86,0.1967,0.0,0.161,0.0515,T1,False,none
077bc88f-2655-457d-b1a9-a0259a8fda4d,4.0,0.4444444444444444,4.0,8037.57,2009.3925,554.8284214887218,68,1,2.0,2.0,6.0,2.0,1.0,0.75,2.0,2.0,2.0,1.0,0.5,0.75,0.4444444444444444,2009.3925,2816.34,0.35039694833139867,184.32861111111112,4.0,0.0,1.0,1.0,19.0,1.0,73.0,5,12.0,2,2,1,2,1,28,28,126,0.1498,0.0,0.1572,0.1186,T1,False,none
1339fa3a-d2f6-4094-939a-b5629d1019b3,2.0,0.2222222222222222,2.0,3346.4,1673.2,1927.8842124982507,30,0,1.0,2.0,1.0,0.0,0.0,1.0,2.0,1.0,12.0,1.0,0.5,0.5,0.2222222222222222,1673.2,3036.42,0.9073691130767392,142.24666666666667,14.0,0.0,2.0,0.5,22.0,1.0,8.5,5,6.0,1,2,2,0,1,49,50,78,0.2521,0.0,0.1237,0.0763,T1,False,none
4eb7b874-344f-49fc-8540-8ec8cfad1cb2,1.0,0.1111111111111111,1.0,3879.65,3879.65,0.0,62,0,1.0,1.0,6.0,1.0,1.0,1.0,1.0,1.0,4.0,1.0,1.0,1.0,0.1111111111111111,3879.65,3879.65,1.0,0.0,18.0,0.0,1.0,1.0,14.0,1.0,28.0,3,3.0,1,1,1,1,1,21,21,118,0.1482,0.0,0.2319,0.119,T1,False,none
0c9912fe-2388-4e42-b534-f7379468abad,2.0,0.2222222222222222,2.0,4729.75,2364.875,2197.836368351839,40,1,1.0,2.0,4.0,1.0,1.0,1.0,2.0,1.0,5.0,2.0,1.0,0.5,0.2222222222222222,2364.875,3918.98,0.8285807917966066,6.246111111111111,0.0,0.0,1.0,1.0,22.0,0.0,65.0,4,6.0,1,2,1,1,2,31,31,167,0.1063,0.0,0.25,0.1704,T1,False,none
25dad8eb-ce66-435a-a747-8a181be22179,4.0,0.4444444444444444,3.0,10261.31,2565.3275,1746.0125108634434,58,0,1.0,4.0,7.0,1.0,1.0,1.0,2.0,2.0,5.0,2.0,1.0,0.75,0.4444444444444444,2565.3275,4980.58,0.4853746743836801,140.2725,11.0,0.25,1.0,1.0,22.0,0.0,81.0,4,12.0,1,2,1,1,2,34,34,104,0.1637,0.0,0.1654,0.1067,T1,False,none
b34bf166-5ffd-48e3-af7b-751bcb7205cd,3.0,0.3333333333333333,3.0,6036.38,2012.1266666666668,869.5742296281171,71,0,1.0,3.0,4.0,1.0,1.0,1.0,1.0,3.0,5.0,1.0,1.0,1.0,0.3333333333333333,2012.1266666666668,3000.56,0.4970793753872354,156.60472222222222,0.0,0.3333333333333333,1.0,1.0,18.0,0.0,81.0,3,9.0,1,1,1,1,1,24,24,173,0.0954,0.0,0.2136,0.1548,T1,False,none
7fc319a4-5e58-4ce8-abf6-3a56c85006e3,6.0,0.6666666666666666,4.0,8414.970000000001,1402.4950000000001,1564.4253723428292,41,1,2.0,3.0,9.0,2.0,1.0,0.8333333333333334,2.0,3.0,4.0,2.0,1.0,0.8333333333333334,0.6666666666666666,1402.4950000000001,3469.27,0.4122736028767779,170.47416666666666,23.0,0.0,3.0,0.5,28.0,3.0,18.166666666666668,7,18.0,2,2,3,2,2,75,76,65,0.3611,0.0,0.0889,0.0707,T1,False,none
c1808b15-c12b-428a-adc4-54322ebaa034,3.0,0.3333333333333333,3.0,5409.8099999999995,1803.2699999999998,210.45016037057323,63,1,1.0,3.0,5.0,1.0,1.0,1.0,2.0,1.5,8.0,2.0,1.0,0.6666666666666666,0.3333333333333333,1803.2699999999998,2013.57,0.3722071569981201,153.54083333333332,0.0,0.0,1.0,1.0,28.0,0.0,2.0,4,9.0,1,2,1,1,2,40,40,65,0.3611,0.0,0.0889,0.0707,T1,False,none
f0f181c0-cd7c-4965-9624-4ca24e887805,3.0,0.3333333333333333,2.0,3425.1,1141.7,763.2331209401227,23,0,2.0,1.5,11.0,2.0,1.0,0.6666666666666666,2.0,1.5,5.0,2.0,1.0,0.6666666666666666,0.3333333333333333,1141.7,1923.57,0.5616098800035035,10.154722222222222,4.0,0.0,2.0,0.6666666666666666,23.0,0.0,61.333333333333336,6,9.0,2,2,2,2,2,66,66,143,0.1277,0.0,0.241,0.0927,T1,False,none
ed87f018-32f8-4f3e-a4ad-8806072a03d9,4.0,0.4444444444444444,4.0,8720.95,2180.2375,2029.8061403062609,40,0,1.0,4.0,7.0,1.0,1.0,1.0,2.0,2.0,10.0,2.0,1.0,0.75,0.4444444444444444,2180.2375,4283.3,0.4911506200585945,233.02194444444444,5.0,0.25,1.0,1.0,26.0,3.0,25.0,4,12.0,1,2,1,1,2,42,42,121,0.1433,0.0,0.2418,0.1111,T1,False,none
a1ea9494-40c9-4efb-93e0-62d6e72c8eae,4.0,0.4444444444444444,4.0,11673.27,2918.3175,1664.026041330183,35,1,2.0,2.0,8.0,2.0,1.0,0.5,2.0,2.0,6.0,1.0,0.5,0.75,0.4444444444444444,2918.3175,4438.03,0.38018738536845287,198.26277777777779,2.0,0.5,1.0,1.0,19.0,3.0,75.0,5,12.0,2,2,1,2,1,36,36,121,0.1433,0.0,0.2418,0.1111,T1,False,none
f1b0cea2-e030-4ff3-97ff-0ce2bea0e078,2.0,0.2222222222222222,1.0,5215.66,2607.83,1438.1844822553192,70,1,2.0,1.0,9.0,2.0,1.0,0.5,1.0,2.0,1.0,0.0,0.0,1.0,0.2222222222222222,2607.83,3624.78,0.6949801175690133,12.218333333333334,11.0,1.0,2.0,0.5,19.0,0.0,6.5,5,6.0,2,1,2,2,0,48,48,78,0.2521,0.0,0.1237,0.0763,T1,False,none
07b964a5-e084-4569-bb14-6d01403efd6e,5.0,0.5555555555555556,4.0,13680.11,2736.022,1893.8933406794586,66,0,3.0,1.6666666666666667,11.0,3.0,1.0,0.4,2.0,2.5,5.0,2.0,1.0,0.8,0.5555555555555556,2736.022,4824.27,0.3526484801657297,127.13944444444445,15.0,0.6,3.0,0.6,24.0,1.0,65.4,8,15.0,3,2,3,3,2,92,95,121,0.1362,0.0,0.2722,0.12,T1,False,none
274f3f77-e3b6-46dd-806b-ea4f06535f22,4.0,0.4444444444444444,4.0,7064.91,1766.2275,1521.9001385849863,28,0,1.0,4.0,6.0,1.0,1.0,1.0,2.0,2.0,3.0,2.0,1.0,0.75,0.4444444444444444,1766.2275,3801.9,0.5381384900869226,211.43444444444444,8.0,0.25,3.0,0.5,22.0,1.0,57.75,6,12.0,1,2,3,1,2,60,61,143,0.1277,0.0,0.241,0.0927,T1,False,none
1effc0b6-0788-48ea-9e8e-f57ed6bf42eb,5.0,0.5555555555555556,5.0,11492.84,2298.568,1531.8467674411822,51,0,3.0,1.6666666666666667,12.0,3.0,1.0,0.4,2.0,2.5,5.0,2.0,1.0,0.6,0.5555555555555556,2298.568,4524.25,0.3936581384583793,171.3111111111111,21.0,0.0,2.0,0.8,17.0,3.0,27.2,7,15.0,3,2,2,3,2,54,54,143,0.1277,0.0,0.241,0.0927,T1,False,none
3fabdb5f-f83c-4400-91a1-2450b3eb6eaa,3.0,0.3333333333333333,3.0,8245.9,2748.633333333333,1862.3936270921174,38,0,2.0,1.5,5.0,2.0,1.0,0.6666666666666666,2.0,1.5,6.0,2.0,1.0,0.6666666666666666,0.3333333333333333,2748.633333333333,4261.38,0.5167877369359318,144.7086111111111,14.0,0.3333333333333333,1.0,1.0,14.0,0.0,20.0,5,9.0,2,2,1,2,2,27,27,78,0.2521,0.0,0.1237,0.0763,T1,False,none
af28fec0-2ae7-4169-a4d5-7be7e09f6e5c,5.0,0.5555555555555556,4.0,3394.14,678.828,463.72132835357047,46,0,3.0,1.6666666666666667,7.0,3.0,1.0,0.4,2.0,2.5,6.0,2.0,1.0,0.6,0.5555555555555556,678.828,1255.62,0.36993759833124146,169.12194444444444,0.0,0.2,3.0,0.4,23.0,3.0,59.2,8,15.0,3,2,3,3,2,85,86,89,0.2028,0.0,0.1043,0.0515,T1,False,none
54637c6c-29ec-497b-8cf2-8b78c11841ba,5.0,0.5555555555555556,4.0,11929.1,2385.82,1970.3991129083468,87,1,2.0,2.5,10.0,2.0,1.0,0.8,1.0,5.0,4.0,1.0,1.0,1.0,0.5555555555555556,2385.82,4776.65,0.40041998139004614,100.12694444444445,1.0,0.4,3.0,0.6,27.0,1.0,56.2,6,15.0,2,1,3,2,1,80,81,126,0.1498,0.0,0.1572,0.1186,T1,False,none
39209c07-70a2-4120-a69d-492ecda98b55,3.0,0.3333333333333333,3.0,9129.92,3043.306666666667,764.583616508576,41,0,1.0,3.0,7.0,1.0,1.0,1.0,2.0,1.5,12.0,2.0,1.0,0.6666666666666666,0.3333333333333333,3043.306666666667,3695.0,0.4047132943114507,84.45361111111112,5.0,0.0,2.0,0.6666666666666666,21.0,3.0,75.0,5,9.0,1,2,2,1,2,51,51,59,0.2957,0.0,0.0649,0.0215,T1,False,none
1286119f-9d7a-4502-9763-4a2ff16a23d4,4.0,0.4444444444444444,4.0,11529.140000000001,2882.2850000000003,1891.7555645220132,43,0,2.0,2.0,6.0,2.0,1.0,0.75,2.0,2.0,5.0,2.0,1.0,0.75,0.4444444444444444,2882.2850000000003,4891.81,0.4242996442058991,161.12416666666667,5.0,0.25,3.0,0.5,20.0,2.0,39.5,7,12.0,2,2,3,2,2,59,61,50,0.3086,0.0,0.0411,0.037,T1,False,none
618c8f87-9887-4f5b-bdfe-98aca4c492dd,4.0,0.4444444444444444,2.0,6543.36,1635.84,1098.7056488735582,83,0,1.0,4.0,9.0,1.0,1.0,1.0,2.0,2.0,3.0,1.0,0.5,0.75,0.4444444444444444,1635.84,3145.29,0.48068423562206575,138.05388888888888,1.0,0.0,3.0,0.5,23.0,0.0,27.25,6,12.0,1,2,3,1,1,72,73,66,0.3865,0.0,0.1807,0.0805,T1,False,none
2e9b7b93-6538-419e-895c-7d206680ddc7,4.0,0.4444444444444444,4.0,12792.27,3198.0675,746.3683470143947,41,1,4.0,1.0,7.0,4.0,1.0,0.25,2.0,2.0,6.0,2.0,1.0,0.5,0.4444444444444444,3198.0675,4079.35,0.3188917995007923,159.76,5.0,0.25,2.0,0.75,24.0,3.0,23.75,8,12.0,4,2,2,4,2,66,66,126,0.1498,0.0,0.1572,0.1186,T1,False,none
920753d6-e73d-4fe1-8464-c5b3c81a266c,5.0,0.5555555555555556,3.0,9328.750000000002,1865.7500000000005,1676.7003306345473,18,0,2.0,2.5,12.0,2.0,1.0,0.6,2.0,2.5,6.0,2.0,1.0,0.8,0.5555555555555556,1865.7500000000005,4460.38,0.47813265442851394,110.4786111111111,0.0,0.4,3.0,0.6,25.0,2.0,32.6,7,15.0,2,2,3,2,2,80,83,167,0.1063,0.0,0.25,0.1704,T1,False,none
21bd150c-630e-4d12-964e-c7b44f446eb9,5.0,0.5555555555555556,4.0,14207.92,2841.584,1752.6427008748817,50,1,1.0,5.0,4.0,1.0,1.0,1.0,1.0,5.0,5.0,1.0,1.0,1.0,0.5555555555555556,2841.584,4468.23,0.31448867955337584,215.39583333333334,2.0,0.0,1.0,1.0,21.0,3.0,83.0,3,15.0,1,1,1,1,1,27,27,121,0.1362,0.0,0.2722,0.12,T1,False,none
886daa57-dc54-4a30-bb8e-57a6ff2912f2,5.0,0.5555555555555556,5.0,13206.630000000001,2641.326,1898.8069998633352,42,1,2.0,2.5,10.0,2.0,1.0,0.8,2.0,2.5,7.0,1.0,0.5,0.8,0.5555555555555556,2641.326,4730.09,0.3581602573858736,174.34666666666666,1.0,0.2,3.0,0.4,21.0,2.0,46.4,7,15.0,2,2,3,2,1,74,75,59,0.2957,0.0,0.0649,0.0215,T1,False,none
50ea92bc-62cb-441b-b74c-13561feb61d4,0.0,0.0,0.0,0.0,0.0,0.0,64,0,0.0,0.0,0.0,0.0,0.0,0.0,0.0,0.0,0.0,0.0,0.0,0.0,0.0,0.0,0.0,0.0,0.0,0.0,0.0,0.0,0.0,0.0,0.0,0.0,0,0.0,0,0,0,0,0,0,0,1,0.0,0.0,0.0,0.0,T1,False,none
58a0fca8-9106-48ea-ae99-7ad10c7a1adf,1.0,0.1111111111111111,1.0,4029.31,4029.31,0.0,34,0,1.0,1.0,9.0,1.0,1.0,1.0,1.0,1.0,6.0,1.0,1.0,1.0,0.1111111111111111,4029.31,4029.31,1.0,0.0,16.0,0.0,1.0,1.0,13.0,0.0,74.0,3,3.0,1,1,1,1,1,25,25,173,0.0954,0.0,0.2136,0.1548,T1,False,none
5ec02e95-3e53-4ed6-8c7d-d199736860db,4.0,0.4444444444444444,2.0,9305.689999999999,2326.4224999999997,1965.8842324235845,45,1,2.0,2.0,11.0,2.0,1.0,0.75,1.0,4.0,9.0,1.0,1.0,1.0,0.4444444444444444,2326.4224999999997,4565.03,0.4905633005182851,118.53916666666667,0.0,0.75,1.0,1.0,29.0,2.0,14.0,4,12.0,2,1,1,2,1,50,53,64,0.3686,0.0,0.1444,0.0659,T1,False,none
7b1955b9-0a1c-4275-a6d0-27dac9a80fb1,3.0,0.3333333333333333,3.0,5760.39,1920.13,1255.52121658696,79,1,1.0,3.0,6.0,1.0,1.0,1.0,2.0,1.5,8.0,2.0,1.0,0.6666666666666666,0.3333333333333333,1920.13,3206.09,0.5565751624455983,87.80694444444444,7.0,0.0,3.0,0.3333333333333333,20.0,1.0,5.666666666666667,6,9.0,1,2,3,1,2,65,65,104,0.1637,0.0,0.1654,0.1067,T1,False,none
b7a5b91d-004a-462d-961f-c5a47bff7143,0.0,0.0,0.0,0.0,0.0,0.0,26,1,0.0,0.0,0.0,0.0,0.0,0.0,0.0,0.0,0.0,0.0,0.0,0.0,0.0,0.0,0.0,0.0,0.0,0.0,0.0,0.0,0.0,0.0,0.0,0.0,0,0.0,0,0,0,0,0,0,0,1,0.0,0.0,0.0,0.0,T1,False,none
688ed4e8-4244-40a9-ba07-13747facbf9d,7.0,0.7777777777777778,7.0,16687.0,2383.8571428571427,1768.9420840219188,63,1,2.0,3.5,9.0,2.0,1.0,0.5714285714285714,1.0,7.0,4.0,1.0,1.0,1.0,0.7777777777777778,2383.8571428571427,4748.37,0.28455504284772576,181.41972222222222,1.0,0.2857142857142857,3.0,0.5714285714285714,25.0,3.0,50.142857142857146,6,21.0,2,1,3,2,1,73,76,74,0.2714,0.0,0.1287,0.0855,T1,False,none
114de1c1-d1b2-4e73-980a-ee821139c7a3,2.0,0.2222222222222222,1.0,6342.34,3171.17,409.5421055276248,73,1,1.0,2.0,9.0,1.0,1.0,1.0,1.0,2.0,2.0,1.0,1.0,1.0,0.2222222222222222,3171.17,3460.76,0.5456598037948139,3.7894444444444444,0.0,0.0,2.0,0.5,24.0,0.0,29.5,4,6.0,1,1,2,1,1,54,54,143,0.1277,0.0,0.241,0.0927,T1,False,none
f9d0497c-82e9-4e54-8c39-d8d4eb8c14ad,2.0,0.2222222222222222,2.0,7039.469999999999,3519.7349999999997,1664.7627081509243,86,0,1.0,2.0,8.0,1.0,1.0,1.0,1.0,2.0,3.0,1.0,1.0,1.0,0.2222222222222222,3519.7349999999997,4696.9,0.6672235267711916,139.07333333333332,7.0,0.0,1.0,1.0,22.0,1.0,9.0,3,6.0,1,1,1,1,1,29,30,57,0.2807,0.0,0.0921,0.0244,T1,False,none
15063939-bd9c-4f2f-acdb-299024edffa4,6.0,0.6666666666666666,6.0,13842.0,2307.0,1908.9906210874897,69,0,3.0,2.0,11.0,3.0,1.0,0.6666666666666666,3.0,2.0,4.0,2.0,0.6666666666666666,0.5,0.6666666666666666,2307.0,4802.7,0.34696575639358473,224.48222222222222,9.0,0.16666666666666666,3.0,0.5,26.0,0.0,53.833333333333336,9,18.0,3,3,3,3,2,86,91,89,0.2028,0.0,0.1043,0.0515,T1,False,none
6c7946e6-d715-4507-9f13-baf6c82608e6,5.0,0.5555555555555556,3.0,13334.64,2666.928,1857.4348953785702,60,0,1.0,5.0,5.0,1.0,1.0,1.0,1.0,5.0,3.0,1.0,1.0,1.0,0.5555555555555556,2666.928,4743.49,0.35572688876490105,90.15055555555556,1.0,0.6,2.0,0.8,23.0,1.0,72.2,4,15.0,1,1,2,1,1,46,47,121,0.1433,0.0,0.2418,0.1111,T1,False,none
1bf63294-6520-4ff2-b158-867c4aa28019,2.0,0.2222222222222222,2.0,4872.05,2436.025,1568.440622417693,66,0,2.0,1.0,7.0,2.0,1.0,0.5,1.0,2.0,8.0,1.0,1.0,1.0,0.2222222222222222,2436.025,3545.08,0.7276362106300223,67.13972222222222,0.0,0.0,2.0,0.5,19.0,0.0,32.5,5,6.0,2,1,2,2,1,46,47,65,0.3611,0.0,0.0889,0.0707,T1,False,none
ee81a666-38df-4f6f-ba04-e5ed65b8da78,2.0,0.2222222222222222,2.0,2432.49,1216.245,60.39399018114316,77,1,2.0,1.0,13.0,2.0,1.0,0.5,1.0,2.0,4.0,1.0,1.0,1.0,0.2222222222222222,1216.245,1258.95,0.5175560845060001,57.84166666666667,3.0,0.0,2.0,0.5,29.0,1.0,43.0,5,6.0,2,1,2,2,1,71,72,64,0.3686,0.0,0.1444,0.0659,T1,False,none
28b63cae-8b63-456b-b552-0247273eb5e6,4.0,0.4444444444444444,4.0,9469.33,2367.3325,2067.7312084565056,74,0,1.0,4.0,11.0,1.0,1.0,1.0,2.0,2.0,5.0,2.0,1.0,0.75,0.4444444444444444,2367.3325,4967.03,0.5245386949235057,173.94611111111112,1.0,0.25,1.0,1.0,17.0,0.0,78.0,4,12.0,1,2,1,1,2,33,33,173,0.0954,0.0,0.2136,0.1548,T1,False,none
a24495b2-41ba-41ba-9376-9949f14480ed,2.0,0.2222222222222222,2.0,3311.81,1655.905,697.3699208096087,24,0,1.0,2.0,4.0,1.0,1.0,1.0,2.0,1.0,3.0,2.0,1.0,0.5,0.2222222222222222,1655.905,2149.02,0.6488959209616494,20.692777777777778,4.0,0.5,1.0,1.0,20.0,1.0,75.0,4,6.0,1,2,1,1,2,25,25,126,0.1498,0.0,0.1572,0.1186,T1,False,none
8a66311e-76a5-43e6-9d5a-20e8f29631f6,4.0,0.4444444444444444,3.0,11790.56,2947.64,916.9331808079947,46,0,2.0,2.0,7.0,2.0,1.0,0.75,2.0,2.0,6.0,2.0,1.0,0.75,0.4444444444444444,2947.64,4047.05,0.34324493493099567,207.87333333333333,0.0,0.0,2.0,0.5,14.0,2.0,20.5,6,12.0,2,2,2,2,2,42,43,104,0.1637,0.0,0.1654,0.1067,T1,False,none
1a3ec016-e880-47e1-aca8-3d80746980f4,4.0,0.4444444444444444,3.0,10216.210000000001,2554.0525000000002,1141.9397913601517,87,0,1.0,4.0,7.0,1.0,1.0,1.0,1.0,4.0,4.0,1.0,1.0,1.0,0.4444444444444444,2554.0525000000002,3925.67,0.3842589375120519,101.84944444444444,6.0,0.0,4.0,0.25,26.0,1.0,63.5,6,12.0,1,1,4,1,1,93,94,78,0.2521,0.0,0.1237,0.0763,T1,False,none
7850360a-736c-4657-b26b-a30e8d30e0a5,6.0,0.6666666666666666,5.0,15145.18,2524.1966666666667,1109.630175304667,54,0,1.0,6.0,7.0,1.0,1.0,1.0,2.0,3.0,6.0,2.0,1.0,0.5,0.6666666666666666,2524.1966666666667,4119.61,0.2720079919816073,186.7825,3.0,0.5,1.0,1.0,18.0,3.0,31.0,4,18.0,1,2,1,1,2,32,32,121,0.1362,0.0,0.2722,0.12,T1,False,none
bc2a7f96-91b6-48f7-9a69-e3239cced6f4,4.0,0.4444444444444444,3.0,12193.28,3048.32,1295.1654149438468,41,0,1.0,4.0,5.0,1.0,1.0,1.0,2.0,2.0,3.0,2.0,1.0,0.75,0.4444444444444444,3048.32,4900.71,0.401918925834558,202.8936111111111,7.0,0.0,1.0,1.0,21.0,1.0,67.0,4,12.0,1,2,1,1,2,28,28,89,0.2028,0.0,0.1043,0.0515,T1,False,none
8ceea694-7335-4e8a-8e61-6acf2b0b4d3b,2.0,0.2222222222222222,2.0,6326.26,3163.13,1753.8228072413706,83,0,1.0,2.0,5.0,1.0,1.0,1.0,1.0,2.0,1.0,0.0,0.0,1.0,0.2222222222222222,3163.13,4403.27,0.6960305140794087,29.05361111111111,4.0,0.0,2.0,0.5,26.0,2.0,45.0,4,6.0,1,1,2,1,0,46,46,86,0.1967,0.0,0.161,0.0515,T1,False,none
06e30880-504d-401a-ba54-c769af0512b2,5.0,0.5555555555555556,3.0,12763.65,2552.73,1235.2242345015743,66,0,1.0,5.0,7.0,1.0,1.0,1.0,3.0,1.6666666666666667,8.0,2.0,0.6666666666666666,0.4,0.5555555555555556,2552.73,4538.6,0.3555879391866747,137.46194444444444,5.0,0.2,2.0,0.8,21.0,0.0,18.4,6,15.0,1,3,2,1,2,53,54,121,0.1362,0.0,0.2722,0.12,T1,False,none
42e0b7ce-d05a-4c1e-92fc-cec8533a7bec,6.0,0.6666666666666666,4.0,9917.03,1652.8383333333334,1193.4866758102776,80,0,2.0,3.0,11.0,2.0,1.0,0.5,2.0,3.0,4.0,2.0,1.0,0.8333333333333334,0.6666666666666666,1652.8383333333334,3414.55,0.3443117546281498,126.14055555555555,0.0,0.5,3.0,0.5,22.0,2.0,36.0,7,18.0,2,2,3,2,2,77,78,86,0.1967,0.0,0.161,0.0515,T1,False,none
cf1350d2-3a9c-4090-9781-29349fdc18b8,6.0,0.6666666666666666,6.0,14202.06,2367.0099999999998,1080.1206620373484,86,1,2.0,3.0,8.0,2.0,1.0,0.8333333333333334,1.0,6.0,4.0,1.0,1.0,1.0,0.6666666666666666,2367.0099999999998,3259.97,0.22954205235015201,173.81083333333333,8.0,0.16666666666666666,3.0,0.6666666666666666,21.0,0.0,31.5,6,18.0,2,1,3,2,1,62,62,143,0.1277,0.0,0.241,0.0927,T1,False,none
2cae248a-b61e-45ae-b75d-ca523c15fee3,5.0,0.5555555555555556,3.0,9296.380000000001,1859.2760000000003,1390.5931460819158,53,0,2.0,2.5,9.0,2.0,1.0,0.6,2.0,2.5,4.0,1.0,0.5,0.6,0.5555555555555556,1859.2760000000003,3139.26,0.33768628218726,165.61638888888888,0.0,0.4,1.0,1.0,20.0,2.0,18.0,5,15.0,2,2,1,2,1,38,38,50,0.3086,0.0,0.0411,0.037,T1,False,none
d6e13229-0918-487c-bafa-a9dd8ef04c14,2.0,0.2222222222222222,2.0,4997.93,2498.965,1936.8149711446365,62,0,1.0,2.0,6.0,1.0,1.0,1.0,1.0,2.0,4.0,1.0,1.0,1.0,0.2222222222222222,2498.965,3868.5,0.7740204444640081,74.28222222222222,7.0,0.5,2.0,0.5,22.0,2.0,16.0,4,6.0,1,1,2,1,1,50,50,167,0.1063,0.0,0.25,0.1704,T1,False,none
28564569-9f2a-4bf4-978d-484d8bf94cca,1.0,0.1111111111111111,1.0,3433.97,3433.97,0.0,13,1,1.0,1.0,8.0,1.0,1.0,1.0,1.0,1.0,2.0,1.0,1.0,1.0,0.1111111111111111,3433.97,3433.97,1.0,0.0,22.0,0.0,1.0,1.0,21.0,2.0,77.0,3,3.0,1,1,1,1,1,28,28,143,0.1277,0.0,0.241,0.0927,T1,False,none
5e706943-f114-4439-854a-3c7139142dbb,2.0,0.2222222222222222,2.0,8016.05,4008.025,252.11892283206365,64,1,1.0,2.0,7.0,1.0,1.0,1.0,1.0,2.0,2.0,1.0,1.0,1.0,0.2222222222222222,4008.025,4186.3,0.5222397564885448,98.04166666666667,4.0,0.5,2.0,0.5,20.0,1.0,29.0,4,6.0,1,1,2,1,1,43,44,121,0.1362,0.0,0.2722,0.12,T1,False,none
f604921f-2421-4163-986f-b65981e3e7b8,1.0,0.1111111111111111,1.0,3539.43,3539.43,0.0,55,0,1.0,1.0,9.0,1.0,1.0,1.0,1.0,1.0,5.0,1.0,1.0,1.0,0.1111111111111111,3539.43,3539.43,1.0,0.0,14.0,0.0,1.0,1.0,23.0,2.0,69.0,3,3.0,1,1,1,1,1,34,34,173,0.0954,0.0,0.2136,0.1548,T1,False,none
0c309111-9a6a-4db0-b83d-a2e29e994087,5.0,0.5555555555555556,5.0,10224.74,2044.9479999999999,1801.0504886232366,66,0,2.0,2.5,9.0,2.0,1.0,0.6,2.0,2.5,6.0,2.0,1.0,0.8,0.5555555555555556,2044.9479999999999,4963.9,0.4854793373719038,224.99027777777778,0.0,0.0,3.0,0.6,25.0,2.0,46.6,7,15.0,2,2,3,2,2,85,86,118,0.1482,0.0,0.2319,0.119,T1,False,none
7dab0e18-24bf-47e6-9970-1db745004c6c,3.0,0.3333333333333333,3.0,8334.64,2778.213333333333,477.51292656150525,69,1,3.0,1.0,11.0,3.0,1.0,0.3333333333333333,2.0,1.5,4.0,2.0,1.0,0.6666666666666666,0.3333333333333333,2778.213333333333,3319.75,0.39830754537688495,206.305,0.0,0.3333333333333333,3.0,0.3333333333333333,22.0,0.0,49.666666666666664,8,9.0,3,2,3,3,2,79,80,121,0.1433,0.0,0.2418,0.1111,T1,False,none
ef69e671-005e-4c03-954d-26464efa8f03,4.0,0.4444444444444444,3.0,5948.57,1487.1425,1713.7073336945064,40,0,2.0,2.0,6.0,2.0,1.0,0.75,3.0,1.3333333333333333,5.0,3.0,1.0,0.5,0.4444444444444444,1487.1425,3973.53,0.6679807079684698,202.99833333333333,15.0,0.5,2.0,0.75,29.0,0.0,41.5,7,12.0,2,3,2,2,3,59,62,167,0.1063,0.0,0.25,0.1704,T1,False,none
ffce1e25-e861-4300-9705-be519bd0680f,6.0,0.6666666666666666,5.0,15879.21,2646.535,1507.9741661281867,89,1,1.0,6.0,4.0,1.0,1.0,1.0,3.0,2.0,6.0,3.0,1.0,0.5,0.6666666666666666,2646.535,4363.54,0.27479578644025743,118.93305555555555,17.0,0.16666666666666666,1.0,1.0,20.0,2.0,14.0,5,18.0,1,3,1,1,3,34,34,118,0.1482,0.0,0.2319,0.119,T1,False,none
c65e0f29-9855-4a85-a76c-3c5984d8a45d,3.0,0.3333333333333333,3.0,11883.8,3961.2666666666664,329.9368682541151,62,1,1.0,3.0,11.0,1.0,1.0,1.0,1.0,3.0,3.0,1.0,1.0,1.0,0.3333333333333333,3961.2666666666664,4319.87,0.3635091469058719,152.07194444444445,1.0,0.0,3.0,0.3333333333333333,25.0,2.0,42.0,5,9.0,1,1,3,1,1,62,62,57,0.2807,0.0,0.0921,0.0244,T1,False,none
acf6b2dc-c9d0-49db-ab85-90aff58b55ed,7.0,0.7777777777777778,5.0,14453.86,2064.837142857143,1254.3449320357659,70,0,1.0,7.0,6.0,1.0,1.0,1.0,3.0,2.3333333333333335,5.0,3.0,1.0,0.5714285714285714,0.7777777777777778,2064.837142857143,3975.65,0.2750580121849803,219.89444444444445,8.0,0.2857142857142857,1.0,1.0,23.0,0.0,39.0,5,21.0,1,3,1,1,3,34,34,59,0.3197,0.0,0.1098,0.0978,T1,False,none
2db44e7a-267f-4e39-adc5-f519987fe361,5.0,0.5555555555555556,4.0,9949.18,1989.836,993.4714849858551,18,0,1.0,5.0,10.0,1.0,1.0,1.0,2.0,2.5,2.0,2.0,1.0,0.8,0.5555555555555556,1989.836,2677.04,0.26907142096132547,161.12777777777777,10.0,0.2,2.0,0.8,20.0,3.0,23.6,5,15.0,1,2,2,1,2,48,48,126,0.1498,0.0,0.1572,0.1186,T1,False,none
c1dd0a7c-f00e-40ba-be89-535e4a96f184,2.0,0.2222222222222222,2.0,7386.780000000001,3693.3900000000003,1283.4412342604546,16,0,2.0,1.0,9.0,2.0,1.0,0.5,2.0,1.0,5.0,2.0,1.0,0.5,0.2222222222222222,3693.3900000000003,4600.92,0.6228586745510222,100.29861111111111,3.0,0.5,2.0,0.5,25.0,1.0,18.5,6,6.0,2,2,2,2,2,63,63,57,0.2807,0.0,0.0921,0.0244,T1,False,none
10cdb25c-0441-4c63-ab51-656eb8a18c72,4.0,0.4444444444444444,2.0,5342.91,1335.7275,1376.962756876525,33,1,1.0,4.0,3.0,1.0,1.0,1.0,1.0,4.0,3.0,1.0,1.0,1.0,0.4444444444444444,1335.7275,3242.84,0.6069426585886718,32.82805555555556,6.0,0.0,3.0,0.5,23.0,1.0,5.25,5,12.0,1,1,3,1,1,59,59,74,0.2714,0.0,0.1287,0.0855,T1,False,none
56a2d2e1-062a-40d8-8dcc-5bf21be17f98,5.0,0.5555555555555556,3.0,9981.4,1996.28,1356.5675857103472,59,1,2.0,2.5,6.0,2.0,1.0,0.6,1.0,5.0,5.0,1.0,1.0,1.0,0.5555555555555556,1996.28,4247.72,0.4255635481996514,72.24972222222222,15.0,0.2,3.0,0.6,25.0,3.0,45.8,6,15.0,2,1,3,2,1,66,67,57,0.2807,0.0,0.0921,0.0244,T1,False,none
3916bce2-1755-4443-84c2-3cadccd478ad,2.0,0.2222222222222222,2.0,4808.84,2404.42,1558.4350614639031,16,1,2.0,1.0,8.0,2.0,1.0,0.5,2.0,1.0,5.0,1.0,0.5,0.5,0.2222222222222222,2404.42,3506.4,0.7291571356085875,119.86027777777778,11.0,0.0,1.0,1.0,21.0,0.0,72.0,5,6.0,2,2,1,2,1,36,36,118,0.1482,0.0,0.2319,0.119,T1,False,none
18a7aa9b-b608-4081-9c19-136291a5392e,3.0,0.3333333333333333,3.0,6311.54,2103.846666666667,1018.2603743804101,61,1,1.0,3.0,8.0,1.0,1.0,1.0,1.0,3.0,6.0,1.0,1.0,1.0,0.3333333333333333,2103.846666666667,3256.77,0.5160024336374324,110.41194444444444,8.0,0.3333333333333333,3.0,0.3333333333333333,20.0,1.0,79.33333333333333,5,9.0,1,1,3,1,1,65,66,173,0.0954,0.0,0.2136,0.1548,T1,False,none
0b1d8b4e-48f4-45aa-ab30-fd9bf83bf33c,4.0,0.4444444444444444,4.0,11717.86,2929.465,697.6761492507345,46,1,2.0,2.0,11.0,2.0,1.0,0.75,1.0,4.0,3.0,1.0,1.0,1.0,0.4444444444444444,2929.465,3944.04,0.3365836424056952,180.79638888888888,0.0,0.25,2.0,0.75,25.0,0.0,70.5,5,12.0,2,1,2,2,1,53,53,103,0.2271,0.0,0.2014,0.1192,T1,False,none
f50935ec-0d2e-4fa5-9c84-7dda53540a0f,3.0,0.3333333333333333,3.0,11477.5,3825.8333333333335,808.806872765887,54,0,2.0,1.5,9.0,2.0,1.0,0.6666666666666666,1.0,3.0,4.0,1.0,1.0,1.0,0.3333333333333333,3825.8333333333335,4461.3,0.3886996297103028,78.56166666666667,8.0,0.6666666666666666,2.0,0.6666666666666666,19.0,1.0,49.333333333333336,5,9.0,2,1,2,2,1,48,49,126,0.1498,0.0,0.1572,0.1186,T1,False,none
3788470e-3e80-463c-bd24-d31fba9350f6,2.0,0.2222222222222222,2.0,3131.3900000000003,1565.6950000000002,2047.9014464690435,31,0,2.0,1.0,11.0,2.0,1.0,0.5,1.0,2.0,6.0,1.0,1.0,1.0,0.2222222222222222,1565.6950000000002,3013.78,0.9624415994175111,73.54027777777777,8.0,0.5,2.0,0.5,25.0,1.0,35.0,5,6.0,2,1,2,2,1,56,58,143,0.1277,0.0,0.241,0.0927,T1,False,none
c3e8822d-08e1-4813-91a3-c691c7f17884,0.0,0.0,0.0,0.0,0.0,0.0,57,0,0.0,0.0,0.0,0.0,0.0,0.0,0.0,0.0,0.0,0.0,0.0,0.0,0.0,0.0,0.0,0.0,0.0,0.0,0.0,0.0,0.0,0.0,0.0,0.0,0,0.0,0,0,0,0,0,0,0,1,0.0,0.0,0.0,0.0,T1,False,none
3b8719c4-cf8e-4f99-9215-f32301daa820,3.0,0.3333333333333333,3.0,10059.27,3353.09,2673.1920115846524,33,1,1.0,3.0,8.0,1.0,1.0,1.0,1.0,3.0,6.0,1.0,1.0,1.0,0.3333333333333333,3353.09,4915.21,0.4886249200985757,129.7686111111111,0.0,0.3333333333333333,2.0,0.6666666666666666,21.0,0.0,60.666666666666664,4,9.0,1,1,2,1,1,48,49,167,0.1063,0.0,0.25,0.1704,T1,False,none
7c896208-9fab-4429-8946-f8b3dccd3f03,5.0,0.5555555555555556,4.0,19191.67,3838.334,1011.5267965456972,66,1,2.0,2.5,5.0,2.0,1.0,0.8,3.0,1.6666666666666667,9.0,3.0,1.0,0.6,0.5555555555555556,3838.334,4810.84,0.25067333900593336,132.55805555555557,1.0,0.4,1.0,1.0,21.0,1.0,8.0,6,15.0,2,3,1,2,3,40,40,104,0.1637,0.0,0.1654,0.1067,T1,False,none
eba08bb0-94f2-44e4-8db6-ef326550c7f5,2.0,0.2222222222222222,2.0,4075.8999999999996,2037.9499999999998,7.311484117468924,41,0,1.0,2.0,6.0,1.0,1.0,1.0,1.0,2.0,3.0,1.0,1.0,1.0,0.2222222222222222,2037.9499999999998,2043.12,0.5012684315120587,41.29222222222222,16.0,0.5,1.0,1.0,20.0,1.0,6.0,3,6.0,1,1,1,1,1,25,26,104,0.1637,0.0,0.1654,0.1067,T1,False,none
b0327d0e-109a-477f-b251-d139cebfabf6,1.0,0.1111111111111111,1.0,275.79,275.79,0.0,83,0,1.0,1.0,9.0,1.0,1.0,1.0,1.0,1.0,4.0,1.0,1.0,1.0,0.1111111111111111,275.79,275.79,1.0,0.0,12.0,0.0,1.0,1.0,20.0,0.0,38.0,3,3.0,1,1,1,1,1,30,30,143,0.1277,0.0,0.241,0.0927,T1,False,none
a69eaee6-6f7e-468c-aa1b-a040f12617d4,6.0,0.6666666666666666,6.0,15420.24,2570.04,1323.8085812080233,85,0,3.0,2.0,6.0,3.0,1.0,0.5,1.0,6.0,4.0,1.0,1.0,1.0,0.6666666666666666,2570.04,4624.54,0.29990065005473326,186.76444444444445,12.0,0.16666666666666666,3.0,0.6666666666666666,25.0,1.0,58.5,7,18.0,3,1,3,3,1,70,72,167,0.1063,0.0,0.25,0.1704,T1,False,none
5d2d603a-73c9-4d1b-8fb7-7d599cbce9cb,1.0,0.1111111111111111,1.0,2418.76,2418.76,0.0,14,0,1.0,1.0,5.0,1.0,1.0,1.0,1.0,1.0,5.0,1.0,1.0,1.0,0.1111111111111111,2418.76,2418.76,1.0,0.0,11.0,1.0,1.0,1.0,22.0,0.0,58.0,3,3.0,1,1,1,1,1,29,29,64,0.3686,0.0,0.1444,0.0659,T1,False,none
5ebe6237-5313-4596-94f3-6d4d37f1b045,2.0,0.2222222222222222,2.0,5022.51,2511.255,3340.3229368505677,30,1,1.0,2.0,8.0,1.0,1.0,1.0,2.0,1.0,3.0,1.0,0.5,0.5,0.2222222222222222,2511.255,4873.22,0.9702758182661657,33.41888888888889,3.0,0.0,2.0,0.5,21.0,1.0,39.5,5,6.0,1,2,2,1,1,45,46,121,0.1433,0.0,0.2418,0.1111,T1,False,none
3b85dc6b-2a83-4952-b000-95b3e80ca325,6.0,0.6666666666666666,5.0,23969.15,3994.8583333333336,1163.3205780079138,78,0,1.0,6.0,5.0,1.0,1.0,1.0,2.0,3.0,4.0,2.0,1.0,0.8333333333333334,0.6666666666666666,3994.8583333333336,4970.01,0.207350281507688,169.58138888888888,17.0,0.3333333333333333,3.0,0.6666666666666666,21.0,1.0,61.333333333333336,6,18.0,1,2,3,1,2,64,65,121,0.1433,0.0,0.2418,0.1111,T1,False,none
181b29e7-d2db-4f2c-a38a-f27ad5f48d16,0.0,0.0,0.0,0.0,0.0,0.0,54,1,0.0,0.0,0.0,0.0,0.0,0.0,0.0,0.0,0.0,0.0,0.0,0.0,0.0,0.0,0.0,0.0,0.0,0.0,0.0,0.0,0.0,0.0,0.0,0.0,0,0.0,0,0,0,0,0,0,0,1,0.0,0.0,0.0,0.0,T1,False,none
494d950f-1fad-40f5-95ef-896ba30ee4bc,3.0,0.3333333333333333,3.0,9347.45,3115.816666666667,583.8575498641202,43,0,2.0,1.5,6.0,2.0,1.0,0.6666666666666666,2.0,1.5,3.0,2.0,1.0,0.6666666666666666,0.3333333333333333,3115.816666666667,3752.63,0.40146029130939453,81.39027777777778,2.0,0.6666666666666666,3.0,0.3333333333333333,30.0,3.0,35.0,7,9.0,2,2,3,2,2,68,68,66,0.3865,0.0,0.1807,0.0805,T1,False,none
c254449f-9873-4990-82ed-545b417e8a9a,2.0,0.2222222222222222,2.0,7426.47,3713.235,1712.7752585934913,69,1,1.0,2.0,8.0,1.0,1.0,1.0,2.0,1.0,7.0,2.0,1.0,0.5,0.2222222222222222,3713.235,4924.35,0.663080844600463,111.9113888888889,8.0,0.5,1.0,1.0,14.0,0.0,19.0,4,6.0,1,2,1,1,2,30,30,74,0.2714,0.0,0.1287,0.0855,T1,False,none
499f474d-821c-41df-be0e-c047ccf43ad5,1.0,0.1111111111111111,1.0,1575.87,1575.87,0.0,29,1,1.0,1.0,10.0,1.0,1.0,1.0,1.0,1.0,4.0,1.0,1.0,1.0,0.1111111111111111,1575.87,1575.87,1.0,0.0,21.0,0.0,1.0,1.0,16.0,0.0,3.0,3,3.0,1,1,1,1,1,27,27,59,0.3197,0.0,0.1098,0.0978,T1,False,none
d75459e1-9642-4399-bfff-d6673799e75b,6.0,0.6666666666666666,4.0,14682.67,2447.1116666666667,1286.9950712946288,81,0,2.0,3.0,5.0,2.0,1.0,0.8333333333333334,1.0,6.0,9.0,1.0,1.0,1.0,0.6666666666666666,2447.1116666666667,4159.26,0.28327681545658934,171.26416666666665,20.0,0.3333333333333333,3.0,0.5,25.0,0.0,29.5,6,18.0,2,1,3,2,1,75,79,104,0.1637,0.0,0.1654,0.1067,T1,False,none
dbe06820-86e6-4e28-b1e2-dbb3cd72f125,1.0,0.1111111111111111,1.0,2460.94,2460.94,0.0,60,0,1.0,1.0,9.0,1.0,1.0,1.0,1.0,1.0,3.0,1.0,1.0,1.0,0.1111111111111111,2460.94,2460.94,1.0,0.0,17.0,0.0,1.0,1.0,26.0,1.0,35.0,3,3.0,1,1,1,1,1,35,35,74,0.2714,0.0,0.1287,0.0855,T1,False,none
63da19a5-9697-47c5-94c9-d989b16982e1,5.0,0.5555555555555556,5.0,14180.77,2836.154,895.8508952833614,13,1,2.0,2.5,7.0,2.0,1.0,0.8,1.0,5.0,3.0,1.0,1.0,1.0,0.5555555555555556,2836.154,3613.69,0.2548303089324487,171.105,12.0,0.4,2.0,0.8,29.0,1.0,17.2,5,15.0,2,1,2,2,1,60,60,167,0.1063,0.0,0.25,0.1704,T1,False,none
59b21299-5e5a-452d-9e04-67a1c85f2c31,6.0,0.6666666666666666,3.0,20632.36,3438.726666666667,890.2056809674193,88,0,1.0,6.0,9.0,1.0,1.0,1.0,3.0,2.0,7.0,3.0,1.0,0.6666666666666666,0.6666666666666666,3438.726666666667,4763.7,0.23088488180702546,188.99527777777777,0.0,0.16666666666666666,2.0,0.8333333333333334,22.0,0.0,84.83333333333333,6,18.0,1,3,2,1,3,55,56,104,0.1637,0.0,0.1654,0.1067,T1,False,none
65de6784-06f9-4564-9fa1-d57c124f3d4a,3.0,0.3333333333333333,3.0,10548.18,3516.06,1206.1218777138567,73,0,2.0,1.5,9.0,2.0,1.0,0.6666666666666666,2.0,1.5,9.0,2.0,1.0,0.6666666666666666,0.3333333333333333,3516.06,4887.71,0.4633699842058061,183.79777777777778,2.0,0.0,1.0,1.0,21.0,0.0,79.0,5,9.0,2,2,1,2,2,45,45,74,0.2714,0.0,0.1287,0.0855,T1,False,none
fa73e6d3-482f-40cc-a76a-239422058285,5.0,0.5555555555555556,4.0,11104.35,2220.87,1781.7723253827915,65,0,1.0,5.0,4.0,1.0,1.0,1.0,2.0,2.5,3.0,2.0,1.0,0.8,0.5555555555555556,2220.87,4865.39,0.4381517153187715,157.70333333333335,2.0,0.2,4.0,0.4,22.0,0.0,33.0,7,15.0,1,2,4,1,2,76,77,173,0.0954,0.0,0.2136,0.1548,T1,False,none
e466c89e-93e2-48ea-a2c8-c9690ef84c64,2.0,0.2222222222222222,2.0,1348.67,674.335,753.1465037096037,50,0,2.0,1.0,9.0,2.0,1.0,0.5,1.0,2.0,2.0,1.0,1.0,1.0,0.2222222222222222,674.335,1206.89,0.894874209406304,110.7825,6.0,0.0,2.0,0.5,26.0,0.0,40.5,5,6.0,2,1,2,2,1,59,59,78,0.2521,0.0,0.1237,0.0763,T1,False,none
78e43010-9c48-423b-a377-317016f1df1b,5.0,0.5555555555555556,3.0,11022.810000000001,2204.5620000000004,2001.3585901007348,86,0,3.0,1.6666666666666667,11.0,3.0,1.0,0.4,2.0,2.5,7.0,2.0,1.0,0.6,0.5555555555555556,2204.5620000000004,4846.47,0.43967645273755057,170.72694444444446,0.0,0.4,4.0,0.4,22.0,0.0,44.2,9,15.0,3,2,4,3,2,100,103,118,0.1482,0.0,0.2319,0.119,T1,False,none
8ba3a918-548f-4ab5-920d-64226479461d,4.0,0.4444444444444444,4.0,8761.54,2190.385,510.1387465190229,23,0,2.0,2.0,7.0,2.0,1.0,0.75,1.0,4.0,3.0,1.0,1.0,1.0,0.4444444444444444,2190.385,2911.9,0.33235024892884124,147.68722222222223,9.0,0.25,3.0,0.5,27.0,0.0,64.25,6,12.0,2,1,3,2,1,75,76,126,0.1498,0.0,0.1572,0.1186,T1,False,none
b244f6eb-67b9-41b5-a14b-15082f7555ac,3.0,0.3333333333333333,3.0,5324.15,1774.7166666666665,1115.225772358823,39,1,2.0,1.5,10.0,2.0,1.0,0.6666666666666666,3.0,1.0,5.0,3.0,1.0,0.3333333333333333,0.3333333333333333,1774.7166666666665,2604.75,0.48923302311167044,169.66555555555556,16.0,0.3333333333333333,3.0,0.3333333333333333,24.0,2.0,54.0,8,9.0,2,3,3,2,3,87,87,173,0.0954,0.0,0.2136,0.1548,T1,False,none
21649e68-1dce-441a-a217-460561a863a0,5.0,0.5555555555555556,3.0,16474.27,3294.8540000000003,1087.6508323354512,15,1,1.0,5.0,9.0,1.0,1.0,1.0,3.0,1.6666666666666667,7.0,3.0,1.0,0.4,0.5555555555555556,3294.8540000000003,4671.94,0.2835901074827594,183.80027777777778,3.0,0.2,2.0,0.8,22.0,2.0,19.6,6,15.0,1,3,2,1,3,61,63,167,0.1063,0.0,0.25,0.1704,T1,False,none
e5d27753-7d76-407a-a864-8f95570a6150,3.0,0.3333333333333333,3.0,4470.98,1490.3266666666666,1110.19868268402,28,1,1.0,3.0,8.0,1.0,1.0,1.0,2.0,1.5,6.0,2.0,1.0,0.6666666666666666,0.3333333333333333,1490.3266666666666,2547.43,0.569769938581698,129.3925,2.0,0.3333333333333333,3.0,0.3333333333333333,22.0,1.0,52.0,6,9.0,1,2,3,1,2,71,72,167,0.1063,0.0,0.25,0.1704,T1,False,none
90934697-ce63-4169-afee-5c77bc3d945c,2.0,0.2222222222222222,2.0,6839.65,3419.825,2061.1526275484794,59,0,2.0,1.0,5.0,2.0,1.0,0.5,2.0,1.0,6.0,2.0,1.0,0.5,0.2222222222222222,3419.825,4877.28,0.7130891200573128,194.77972222222223,16.0,0.0,1.0,1.0,21.0,0.0,84.0,5,6.0,2,2,1,2,2,32,33,143,0.1277,0.0,0.241,0.0927,T1,False,none
d4387186-6e69-46a7-8c77-413094a6725c,5.0,0.5555555555555556,4.0,11116.720000000001,2223.344,1198.6460980331103,55,1,2.0,2.5,6.0,2.0,1.0,0.8,1.0,5.0,5.0,1.0,1.0,1.0,0.5555555555555556,2223.344,3257.02,0.2929839017264085,223.62277777777777,0.0,0.2,3.0,0.4,21.0,1.0,8.2,6,15.0,2,1,3,2,1,68,68,78,0.2521,0.0,0.1237,0.0763,T1,False,none
2a50427f-6254-4a99-b1c9-29c3afaa39b0,3.0,0.3333333333333333,2.0,7220.969999999999,2406.99,1980.4232037370195,68,0,1.0,3.0,7.0,1.0,1.0,1.0,2.0,1.5,7.0,2.0,1.0,0.6666666666666666,0.3333333333333333,2406.99,4164.29,0.5766939898656275,54.2425,5.0,0.0,2.0,0.6666666666666666,22.0,1.0,38.0,5,9.0,1,2,2,1,2,48,48,64,0.3686,0.0,0.1444,0.0659,T1,False,none
a843d52a-b2dd-4546-99a2-7c064458bdb1,5.0,0.5555555555555556,5.0,11819.5,2363.9,1259.683922418636,12,0,2.0,2.5,12.0,2.0,1.0,0.6,4.0,1.25,5.0,4.0,1.0,0.4,0.5555555555555556,2363.9,3879.16,0.32820000846059477,144.51722222222222,18.0,0.2,2.0,0.8,21.0,2.0,59.0,8,15.0,2,4,2,2,4,63,64,59,0.2957,0.0,0.0649,0.0215,T1,False,none
662387bf-3e14-4d68-8a3c-385cfafa19f0,4.0,0.4444444444444444,4.0,12996.95,3249.2375,1797.3234390870407,75,1,1.0,4.0,4.0,1.0,1.0,1.0,2.0,2.0,4.0,2.0,1.0,0.5,0.4444444444444444,3249.2375,4467.01,0.3436967904008248,191.64277777777778,19.0,0.25,2.0,0.75,20.0,1.0,74.75,5,12.0,1,2,2,1,2,38,38,173,0.0954,0.0,0.2136,0.1548,T1,False,none
5c9c8afc-c106-4bc1-967c-835fab31b7b1,3.0,0.3333333333333333,3.0,6948.49,2316.1633333333334,513.0685105649474,22,0,3.0,1.0,6.0,3.0,1.0,0.3333333333333333,2.0,1.5,4.0,2.0,1.0,0.6666666666666666,0.3333333333333333,2316.1633333333334,2825.11,0.4065789833474611,130.87027777777777,4.0,0.0,2.0,0.6666666666666666,22.0,0.0,62.333333333333336,7,9.0,3,2,2,3,2,53,53,143,0.1277,0.0,0.241,0.0927,T1,False,none
cdc81945-30e7-4fd8-bfbc-98d467404014,4.0,0.4444444444444444,3.0,9558.57,2389.6425,2245.592895835084,20,1,2.0,2.0,8.0,2.0,1.0,0.75,1.0,4.0,8.0,1.0,1.0,1.0,0.4444444444444444,2389.6425,4808.37,0.5030428191664653,70.15333333333334,0.0,0.5,2.0,0.75,21.0,1.0,11.25,5,12.0,2,1,2,2,1,55,55,104,0.1637,0.0,0.1654,0.1067,T1,False,none
9d13355e-56d5-4c74-b1c3-01f210acf83c,2.0,0.2222222222222222,1.0,3001.6499999999996,1500.8249999999998,637.4638343074845,46,1,2.0,1.0,7.0,2.0,1.0,0.5,1.0,2.0,3.0,1.0,1.0,1.0,0.2222222222222222,1500.8249999999998,1951.58,0.6501690736761448,12.520833333333334,8.0,0.0,2.0,0.5,19.0,2.0,54.5,5,6.0,2,1,2,2,1,44,46,121,0.1362,0.0,0.2722,0.12,T1,False,none
b166f865-07b1-450d-8fbc-ade76be6667b,5.0,0.5555555555555556,5.0,14805.769999999999,2961.1539999999995,1612.2078452482483,43,1,2.0,2.5,5.0,2.0,1.0,0.6,1.0,5.0,8.0,1.0,1.0,1.0,0.5555555555555556,2961.1539999999995,4627.91,0.312574759705169,231.76916666666668,22.0,0.2,3.0,0.4,23.0,1.0,77.4,6,15.0,2,1,3,2,1,73,75,173,0.0954,0.0,0.2136,0.1548,T1,False,none
cc17a7a1-a263-4d90-8da1-ba5482b7b9f3,1.0,0.1111111111111111,1.0,2443.01,2443.01,0.0,51,1,1.0,1.0,8.0,1.0,1.0,1.0,1.0,1.0,6.0,1.0,1.0,1.0,0.1111111111111111,2443.01,2443.01,1.0,0.0,16.0,1.0,1.0,1.0,22.0,0.0,56.0,3,3.0,1,1,1,1,1,33,33,143,0.1277,0.0,0.241,0.0927,T1,False,none
50c6df1f-278f-4f9f-bb3e-75549ab83f02,2.0,0.2222222222222222,2.0,8325.16,4162.58,835.0223979031937,33,1,2.0,1.0,10.0,2.0,1.0,0.5,1.0,2.0,6.0,1.0,1.0,1.0,0.2222222222222222,4162.58,4753.03,0.5709235618294423,91.51527777777778,5.0,0.0,2.0,0.5,25.0,1.0,38.5,5,6.0,2,1,2,2,1,63,63,78,0.2521,0.0,0.1237,0.0763,T1,False,none
c5d3e7f7-f568-480a-8e65-9063e3179a42,5.0,0.5555555555555556,3.0,9259.84,1851.968,1822.891152762556,32,1,1.0,5.0,11.0,1.0,1.0,1.0,3.0,1.6666666666666667,5.0,3.0,1.0,0.6,0.5555555555555556,1851.968,4447.53,0.4803031153886028,115.50416666666666,20.0,0.0,3.0,0.4,28.0,2.0,25.8,7,15.0,1,3,3,1,3,87,89,103,0.2271,0.0,0.2014,0.1192,T1,False,none
e0b46158-adea-4bd3-93b7-a6f14f4d4b35,5.0,0.5555555555555556,5.0,7043.0199999999995,1408.6039999999998,807.5983600342437,89,0,1.0,5.0,6.0,1.0,1.0,1.0,1.0,5.0,3.0,1.0,1.0,1.0,0.5555555555555556,1408.6039999999998,2227.08,0.31621094360089846,132.24916666666667,1.0,0.4,2.0,0.6,23.0,3.0,61.4,4,15.0,1,1,2,1,1,46,46,86,0.1967,0.0,0.161,0.0515,T1,False,none
f80595b6-d9ba-46da-b11a-0fa039b0e747,1.0,0.1111111111111111,1.0,2043.53,2043.53,0.0,44,0,1.0,1.0,4.0,1.0,1.0,1.0,1.0,1.0,4.0,1.0,1.0,1.0,0.1111111111111111,2043.53,2043.53,1.0,0.0,15.0,0.0,1.0,1.0,18.0,0.0,81.0,3,3.0,1,1,1,1,1,23,23,173,0.0954,0.0,0.2136,0.1548,T1,False,none
8d05c5c4-8042-4779-b413-42984ca1ae50,11.0,1.2222222222222223,7.0,28386.89,2580.6263636363637,1485.606068197574,21,1,1.0,11.0,8.0,1.0,1.0,1.0,2.0,5.5,5.0,2.0,1.0,0.5454545454545454,1.2222222222222223,2580.6263636363637,4909.02,0.17293264602075115,231.56083333333333,0.0,0.18181818181818182,4.0,0.45454545454545453,28.0,1.0,21.363636363636363,7,33.0,1,2,4,1,2,86,87,65,0.3611,0.0,0.0889,0.0707,T1,False,none
ecb0cf65-d02c-428d-8109-c92119c13d1d,5.0,0.5555555555555556,4.0,9961.449999999999,1992.2899999999997,1780.9139871846703,74,0,2.0,2.5,13.0,2.0,1.0,0.6,2.0,2.5,8.0,2.0,1.0,0.6,0.5555555555555556,1992.2899999999997,4279.03,0.4295589497512913,120.36944444444444,23.0,0.4,3.0,0.4,26.0,3.0,32.0,7,15.0,2,2,3,2,2,95,95,78,0.2521,0.0,0.1237,0.0763,T1,False,none
e02f3caa-06a5-4c06-8181-b025db614b15,2.0,0.2222222222222222,2.0,2314.36,1157.18,295.7120558922141,46,0,1.0,2.0,7.0,1.0,1.0,1.0,2.0,1.0,9.0,2.0,1.0,0.5,0.2222222222222222,1157.18,1366.28,0.5903489517620422,6.662222222222222,1.0,1.0,2.0,0.5,26.0,0.0,62.5,5,6.0,1,2,2,1,2,64,64,118,0.1482,0.0,0.2319,0.119,T1,False,none
7e4bf138-4737-4d5a-b54a-abe5e3def39a,6.0,0.6666666666666666,3.0,17250.87,2875.145,1867.372222731719,73,0,1.0,6.0,13.0,1.0,1.0,1.0,2.0,3.0,2.0,1.0,0.5,0.6666666666666666,0.6666666666666666,2875.145,4567.61,0.26477563160582623,132.3086111111111,0.0,0.3333333333333333,3.0,0.5,23.0,0.0,24.333333333333332,6,18.0,1,2,3,1,1,64,64,59,0.3197,0.0,0.1098,0.0978,T1,False,none
b1269208-f16c-4261-8b5e-028c042a2660,2.0,0.2222222222222222,2.0,5174.35,2587.175,2041.4243483533746,38,1,2.0,1.0,10.0,2.0,1.0,0.5,1.0,2.0,3.0,1.0,1.0,1.0,0.2222222222222222,2587.175,4030.68,0.7789732043638331,103.6875,6.0,0.5,1.0,1.0,21.0,0.0,27.0,4,6.0,2,1,1,2,1,37,37,126,0.1498,0.0,0.1572,0.1186,T1,False,none
b7f241c8-92f2-49e7-aca3-865b49aabaee,3.0,0.3333333333333333,3.0,6296.64,2098.88,1734.1010657686593,60,0,1.0,3.0,9.0,1.0,1.0,1.0,1.0,3.0,5.0,1.0,1.0,1.0,0.3333333333333333,2098.88,3993.94,0.6342970219037455,84.76666666666667,1.0,0.6666666666666666,3.0,0.3333333333333333,24.0,0.0,39.666666666666664,5,9.0,1,1,3,1,1,75,75,59,0.2957,0.0,0.0649,0.0215,T1,False,none
740544f4-3bf4-4da7-8df2-a34e22077f85,4.0,0.4444444444444444,4.0,14057.65,3514.4125,967.524929993193,68,0,1.0,4.0,7.0,1.0,1.0,1.0,1.0,4.0,7.0,1.0,1.0,1.0,0.4444444444444444,3514.4125,4958.15,0.35270119827994006,156.34722222222223,16.0,0.25,3.0,0.5,24.0,0.0,27.25,5,12.0,1,1,3,1,1,72,73,121,0.1362,0.0,0.2722,0.12,T1,False,none
6b8ca3bb-4d92-4d14-b3bc-05e0adb4667b,7.0,0.7777777777777778,6.0,13293.71,1899.1014285714284,1861.7406868343094,70,1,2.0,3.5,11.0,2.0,1.0,0.7142857142857143,1.0,7.0,3.0,1.0,1.0,1.0,0.7777777777777778,1899.1014285714284,4879.76,0.3670728487382379,234.8827777777778,1.0,0.42857142857142855,2.0,0.8571428571428571,23.0,0.0,25.714285714285715,5,21.0,2,1,2,2,1,54,54,143,0.1277,0.0,0.241,0.0927,T1,False,none
6cad37a5-d21b-4451-9012-0068f266e6f1,2.0,0.2222222222222222,2.0,2277.56,1138.78,674.4384478957292,15,0,2.0,1.0,10.0,2.0,1.0,0.5,1.0,2.0,2.0,1.0,1.0,1.0,0.2222222222222222,1138.78,1615.68,0.7093907515059977,15.573611111111111,12.0,0.0,1.0,1.0,19.0,3.0,79.0,4,6.0,2,1,1,2,1,34,34,57,0.2807,0.0,0.0921,0.0244,T1,False,none
566db2d9-34b1-4e5a-bda7-38a3ebc7a824,3.0,0.3333333333333333,3.0,12945.74,4315.246666666667,108.75457982693585,75,0,1.0,3.0,8.0,1.0,1.0,1.0,1.0,3.0,2.0,1.0,1.0,1.0,0.3333333333333333,4315.246666666667,4381.69,0.3384657810214016,58.135555555555555,7.0,0.3333333333333333,3.0,0.3333333333333333,22.0,1.0,52.0,5,9.0,1,1,3,1,1,64,65,167,0.1063,0.0,0.25,0.1704,T1,False,none
80c1c761-d10c-46ee-9d8f-f11fb6ba2eb5,4.0,0.4444444444444444,4.0,11053.24,2763.31,1890.3750517644198,83,0,1.0,4.0,7.0,1.0,1.0,1.0,2.0,2.0,3.0,2.0,1.0,0.75,0.4444444444444444,2763.31,4540.58,0.4107917678436368,209.6861111111111,6.0,0.25,2.0,0.75,19.0,3.0,35.0,5,12.0,1,2,2,1,2,44,44,121,0.1433,0.0,0.2418,0.1111,T1,False,none
bbd03b49-9f4d-4857-8863-6b3de874ad3b,2.0,0.2222222222222222,1.0,7470.82,3735.41,732.1525033761751,38,0,1.0,2.0,4.0,1.0,1.0,1.0,1.0,2.0,2.0,1.0,1.0,1.0,0.2222222222222222,3735.41,4253.12,0.5692976139165447,2.7483333333333335,18.0,1.0,1.0,1.0,22.0,2.0,57.0,3,6.0,1,1,1,1,1,25,25,59,0.2957,0.0,0.0649,0.0215,T1,False,none
1e1a7636-e629-4970-ab51-29e760a67ae4,3.0,0.3333333333333333,3.0,5272.28,1757.4266666666665,2250.754156773532,88,0,2.0,1.5,9.0,2.0,1.0,0.6666666666666666,2.0,1.5,8.0,2.0,1.0,0.6666666666666666,0.3333333333333333,1757.4266666666665,4309.79,0.8174433072598573,113.56472222222222,5.0,0.3333333333333333,3.0,0.3333333333333333,23.0,2.0,32.333333333333336,7,9.0,2,2,3,2,2,73,73,66,0.3865,0.0,0.1807,0.0805,T1,False,none
ebc1654e-2ac0-4fd3-ab6f-d84fe09c5acd,3.0,0.3333333333333333,3.0,9349.029999999999,3116.343333333333,1982.1139046062244,57,0,2.0,1.5,6.0,2.0,1.0,0.6666666666666666,2.0,1.5,5.0,2.0,1.0,0.6666666666666666,0.3333333333333333,3116.343333333333,4323.36,0.46243941884880035,77.02027777777778,2.0,0.3333333333333333,3.0,0.3333333333333333,25.0,0.0,79.0,7,9.0,2,2,3,2,2,76,79,57,0.2807,0.0,0.0921,0.0244,T1,False,none
db2ea8cd-c25c-47f0-94bd-783d8f7aa23d,3.0,0.3333333333333333,3.0,7708.84,2569.6133333333332,1067.7012300420627,37,0,1.0,3.0,4.0,1.0,1.0,1.0,2.0,1.5,9.0,2.0,1.0,0.6666666666666666,0.3333333333333333,2569.6133333333332,3757.99,0.4874909843763783,176.52055555555555,6.0,0.0,2.0,0.6666666666666666,15.0,2.0,35.666666666666664,5,9.0,1,2,2,1,2,40,40,118,0.1482,0.0,0.2319,0.119,T1,False,none
818d08d5-72a6-4cc2-931d-245e42e4927f,7.0,0.7777777777777778,6.0,23853.05,3407.578571428571,897.9379009231573,51,1,4.0,1.75,7.0,4.0,1.0,0.42857142857142855,3.0,2.3333333333333335,5.0,3.0,1.0,0.5714285714285714,0.7777777777777778,3407.578571428571,4592.4,0.19252883803119517,217.50194444444443,1.0,0.14285714285714285,3.0,0.42857142857142855,23.0,0.0,47.285714285714285,10,21.0,4,3,3,4,3,89,90,121,0.1433,0.0,0.2418,0.1111,T1,False,none
b337f071-bd53-4122-bf39-93f69be86f24,4.0,0.4444444444444444,2.0,10707.07,2676.7675,1258.709881250772,29,0,3.0,1.3333333333333333,11.0,3.0,1.0,0.5,2.0,2.0,2.0,2.0,1.0,0.5,0.4444444444444444,2676.7675,4471.74,0.41764366908967626,69.54305555555555,12.0,0.0,1.0,1.0,21.0,2.0,73.0,6,12.0,3,2,1,3,2,46,47,167,0.1063,0.0,0.25,0.1704,T1,False,none
65c53211-d557-459d-b6de-0a1fb8448958,3.0,0.3333333333333333,3.0,7414.93,2471.6433333333334,1139.8704821309013,79,0,2.0,1.5,7.0,2.0,1.0,0.6666666666666666,1.0,3.0,5.0,1.0,1.0,1.0,0.3333333333333333,2471.6433333333334,3787.5,0.5107937633935856,115.60305555555556,9.0,0.3333333333333333,2.0,0.6666666666666666,20.0,2.0,59.333333333333336,5,9.0,2,1,2,2,1,49,49,89,0.2028,0.0,0.1043,0.0515,T1,False,none
f2f5ded7-4065-41a0-9a8b-a53525895dd2,5.0,0.5555555555555556,4.0,12629.859999999999,2525.9719999999998,2013.563795207393,40,0,3.0,1.6666666666666667,6.0,3.0,1.0,0.6,2.0,2.5,5.0,2.0,1.0,0.6,0.5555555555555556,2525.9719999999998,4700.48,0.3721719797369092,148.02833333333334,2.0,0.2,3.0,0.4,23.0,0.0,24.4,8,15.0,3,2,3,3,2,77,79,118,0.1482,0.0,0.2319,0.119,T1,False,none
f07584cd-68aa-4b6b-beb0-7fee65fa9335,8.0,0.8888888888888888,3.0,16144.28,2018.035,1682.0540004496206,40,0,3.0,2.6666666666666665,7.0,3.0,1.0,0.75,1.0,8.0,3.0,1.0,1.0,1.0,0.8888888888888888,2018.035,4063.62,0.25170648675568064,166.81722222222223,0.0,0.0,6.0,0.375,28.0,3.0,41.25,10,24.0,3,1,6,3,1,132,138,103,0.2271,0.0,0.2014,0.1192,T1,False,none
7cc6008c-90b4-423e-b41b-5dcb09613f61,4.0,0.4444444444444444,3.0,9598.47,2399.6175,1737.5100087649375,59,1,3.0,1.3333333333333333,8.0,3.0,1.0,0.5,1.0,4.0,7.0,1.0,1.0,1.0,0.4444444444444444,2399.6175,4612.99,0.4805963867157995,161.16416666666666,6.0,0.5,1.0,1.0,13.0,3.0,82.0,5,12.0,3,1,1,3,1,34,34,121,0.1362,0.0,0.2722,0.12,T1,False,none
e57d4cf8-606c-4d35-b3e8-40e061a20fa5,2.0,0.2222222222222222,2.0,6853.26,3426.63,1113.848743860673,88,1,2.0,1.0,8.0,2.0,1.0,0.5,2.0,1.0,4.0,1.0,0.5,0.5,0.2222222222222222,3426.63,4214.24,0.6149248678730997,94.44833333333334,6.0,0.0,2.0,0.5,29.0,0.0,44.5,6,6.0,2,2,2,2,1,69,69,74,0.2714,0.0,0.1287,0.0855,T1,False,none
ee6d0884-545d-4314-9c52-b115910f5a46,4.0,0.4444444444444444,3.0,15157.83,3789.4575,1180.98874937839,24,1,2.0,2.0,6.0,2.0,1.0,0.75,3.0,1.3333333333333333,7.0,3.0,1.0,0.5,0.4444444444444444,3789.4575,4839.22,0.31925546070908567,94.00083333333333,1.0,0.0,2.0,0.75,17.0,1.0,40.5,7,12.0,2,3,2,2,3,53,53,104,0.1637,0.0,0.1654,0.1067,T1,False,none
88ef5063-9a88-4c4d-be7b-e4ee104dd2fa,4.0,0.4444444444444444,4.0,13479.95,3369.9875,1682.5773767720164,33,0,1.0,4.0,14.0,1.0,1.0,1.0,3.0,1.3333333333333333,5.0,3.0,1.0,0.5,0.4444444444444444,3369.9875,4596.82,0.3410116506366863,138.1638888888889,9.0,0.0,4.0,0.25,18.0,0.0,22.0,8,12.0,1,3,4,1,3,83,83,167,0.1063,0.0,0.25,0.1704,T1,False,none
82864cb8-c2ad-49d9-a3b8-e8ccfe0a5cfc,1.0,0.1111111111111111,1.0,4029.01,4029.01,0.0,33,1,1.0,1.0,8.0,1.0,1.0,1.0,1.0,1.0,4.0,1.0,1.0,1.0,0.1111111111111111,4029.01,4029.01,1.0,0.0,11.0,1.0,1.0,1.0,24.0,0.0,83.0,3,3.0,1,1,1,1,1,33,33,121,0.1362,0.0,0.2722,0.12,T1,False,none
08cd7559-608b-4a62-94f3-991930027307,4.0,0.4444444444444444,3.0,12409.859999999999,3102.4649999999997,1480.6199192117695,55,0,2.0,2.0,10.0,2.0,1.0,0.75,3.0,1.3333333333333333,7.0,3.0,1.0,0.5,0.4444444444444444,3102.4649999999997,4662.08,0.3756754709561591,184.67222222222222,1.0,0.0,2.0,0.5,24.0,0.0,35.5,7,12.0,2,3,2,2,3,73,74,89,0.2028,0.0,0.1043,0.0515,T1,False,none
302f85bd-ea91-4e0c-837f-6950926d066e,3.0,0.3333333333333333,2.0,4946.25,1648.75,1774.747190249924,14,1,1.0,3.0,4.0,1.0,1.0,1.0,1.0,3.0,2.0,1.0,1.0,1.0,0.3333333333333333,1648.75,3596.68,0.7271528936062673,75.90222222222222,7.0,0.6666666666666666,2.0,0.6666666666666666,20.0,2.0,26.333333333333332,4,9.0,1,1,2,1,1,39,39,59,0.3197,0.0,0.1098,0.0978,T1,False,none
ae2d54bf-095a-41e6-b290-4ab6089c66a5,1.0,0.1111111111111111,1.0,2795.6,2795.6,0.0,77,1,1.0,1.0,6.0,1.0,1.0,1.0,1.0,1.0,6.0,1.0,1.0,1.0,0.1111111111111111,2795.6,2795.6,1.0,0.0,14.0,1.0,1.0,1.0,20.0,1.0,6.0,3,3.0,1,1,1,1,1,29,29,104,0.1637,0.0,0.1654,0.1067,T1,False,none
0f30ed44-1d94-4812-9311-97c16f9201ba,6.0,0.6666666666666666,4.0,13113.18,2185.53,1315.561750112856,27,0,1.0,6.0,7.0,1.0,1.0,1.0,1.0,6.0,5.0,1.0,1.0,1.0,0.6666666666666666,2185.53,4385.02,0.3343979111092809,201.3025,12.0,0.0,4.0,0.3333333333333333,22.0,0.0,33.333333333333336,6,18.0,1,1,4,1,1,87,87,126,0.1498,0.0,0.1572,0.1186,T1,False,none
52a3cadf-a7a7-4c0e-b44e-4a95ddd54c52,2.0,0.2222222222222222,1.0,1692.21,846.105,265.3135353690045,29,1,2.0,1.0,11.0,2.0,1.0,0.5,2.0,1.0,6.0,2.0,1.0,0.5,0.2222222222222222,846.105,1033.71,0.6108638998705834,8.518611111111111,6.0,0.0,1.0,1.0,25.0,2.0,56.0,5,6.0,2,2,1,2,2,47,47,118,0.1482,0.0,0.2319,0.119,T1,False,none
e814dea6-c127-44da-96f4-b92a2b45f9e5,2.0,0.2222222222222222,2.0,8177.610000000001,4088.8050000000003,97.70094395654549,33,1,2.0,1.0,11.0,2.0,1.0,0.5,1.0,2.0,1.0,0.0,0.0,1.0,0.2222222222222222,4088.8050000000003,4157.89,0.5084480673448599,62.215833333333336,3.0,0.0,2.0,0.5,19.0,2.0,26.5,5,6.0,2,1,2,2,0,44,45,57,0.2807,0.0,0.0921,0.0244,T1,False,none
c3533a4b-5b99-46c2-b055-2e2eac51b16b,1.0,0.1111111111111111,1.0,2751.09,2751.09,0.0,28,1,1.0,1.0,11.0,1.0,1.0,1.0,1.0,1.0,6.0,1.0,1.0,1.0,0.1111111111111111,2751.09,2751.09,1.0,0.0,2.0,0.0,1.0,1.0,21.0,2.0,73.0,3,3.0,1,1,1,1,1,35,35,167,0.1063,0.0,0.25,0.1704,T1,False,none
7362a35d-e008-4eef-89d3-8627872cd6bb,1.0,0.1111111111111111,1.0,3380.15,3380.15,0.0,29,0,1.0,1.0,4.0,1.0,1.0,1.0,1.0,1.0,4.0,1.0,1.0,1.0,0.1111111111111111,3380.15,3380.15,1.0,0.0,11.0,0.0,1.0,1.0,13.0,2.0,25.0,3,3.0,1,1,1,1,1,18,18,143,0.1277,0.0,0.241,0.0927,T1,False,none
1e82e335-f27b-498f-b3b9-74ff23ee7c17,3.0,0.3333333333333333,3.0,10732.96,3577.653333333333,1983.4028687418331,70,0,2.0,1.5,6.0,2.0,1.0,0.6666666666666666,2.0,1.5,3.0,2.0,1.0,0.6666666666666666,0.3333333333333333,3577.653333333333,4868.0,0.45355614853684356,219.00861111111112,2.0,0.0,2.0,0.6666666666666666,30.0,0.0,12.666666666666666,6,9.0,2,2,2,2,2,52,52,66,0.3865,0.0,0.1807,0.0805,T1,False,none
5f0ba11c-f9cb-42cc-bca5-136d0aa50080,1.0,0.1111111111111111,1.0,3677.41,3677.41,0.0,56,1,1.0,1.0,6.0,1.0,1.0,1.0,1.0,1.0,3.0,1.0,1.0,1.0,0.1111111111111111,3677.41,3677.41,1.0,0.0,0.0,0.0,1.0,1.0,21.0,3.0,5.0,3,3.0,1,1,1,1,1,27,27,78,0.2521,0.0,0.1237,0.0763,T1,False,none
1349339d-d16b-40d0-9146-189a3fd3d978,2.0,0.2222222222222222,2.0,7328.07,3664.035,1031.8314283108455,61,0,1.0,2.0,5.0,1.0,1.0,1.0,1.0,2.0,8.0,1.0,1.0,1.0,0.2222222222222222,3664.035,4393.65,0.5995644146412357,46.91222222222222,15.0,0.0,1.0,1.0,25.0,3.0,59.0,3,6.0,1,1,1,1,1,35,35,103,0.2271,0.0,0.2014,0.1192,T1,False,none
a420793b-5f47-4b41-91f0-335ede0ee2a4,7.0,0.7777777777777778,5.0,18472.15,2638.878571428572,854.0154877875179,20,0,2.0,3.5,9.0,2.0,1.0,0.8571428571428571,2.0,3.5,5.0,2.0,1.0,0.8571428571428571,0.7777777777777778,2638.878571428572,3593.48,0.1945350162271311,143.25333333333333,22.0,0.14285714285714285,5.0,0.42857142857142855,25.0,1.0,22.857142857142858,9,21.0,2,2,5,2,2,117,121,57,0.2807,0.0,0.0921,0.0244,T1,False,none
76df068f-02e0-4001-a28d-82b20e016326,5.0,0.5555555555555556,3.0,17846.32,3569.264,1045.2077734737718,68,0,1.0,5.0,10.0,1.0,1.0,1.0,2.0,2.5,5.0,2.0,1.0,0.8,0.5555555555555556,3569.264,4645.57,0.26030968849600367,157.12722222222223,7.0,0.0,2.0,0.6,17.0,1.0,64.6,5,15.0,1,2,2,1,2,44,44,167,0.1063,0.0,0.25,0.1704,T1,False,none
50b774fd-2b9f-481a-9446-21db876ae0c3,1.0,0.1111111111111111,1.0,3741.08,3741.08,0.0,40,1,1.0,1.0,10.0,1.0,1.0,1.0,1.0,1.0,2.0,1.0,1.0,1.0,0.1111111111111111,3741.08,3741.08,1.0,0.0,14.0,0.0,1.0,1.0,21.0,3.0,83.0,3,3.0,1,1,1,1,1,28,30,121,0.1362,0.0,0.2722,0.12,T1,False,none
1dd5dbd8-61f3-4cfb-8939-913de794ee2e,3.0,0.3333333333333333,2.0,1996.52,665.5066666666667,163.91904109447853,89,0,1.0,3.0,3.0,1.0,1.0,1.0,2.0,1.5,6.0,2.0,1.0,0.6666666666666666,0.3333333333333333,665.5066666666667,845.71,0.4235920501672911,67.30388888888889,2.0,0.6666666666666666,2.0,0.6666666666666666,21.0,0.0,56.666666666666664,5,9.0,1,2,2,1,2,46,46,86,0.1967,0.0,0.161,0.0515,T1,False,none
470db3a9-d529-4ce6-8257-cfbd5d69ffd4,0.0,0.0,0.0,0.0,0.0,0.0,80,1,0.0,0.0,0.0,0.0,0.0,0.0,0.0,0.0,0.0,0.0,0.0,0.0,0.0,0.0,0.0,0.0,0.0,0.0,0.0,0.0,0.0,0.0,0.0,0.0,0,0.0,0,0,0,0,0,0,0,1,0.0,0.0,0.0,0.0,T1,False,none
d676052c-6d27-4ebe-bc1b-b58f41a24d5b,4.0,0.4444444444444444,3.0,5458.429999999999,1364.6074999999998,778.1456833342113,31,0,2.0,2.0,6.0,2.0,1.0,0.75,2.0,2.0,5.0,2.0,1.0,0.5,0.4444444444444444,1364.6074999999998,2122.31,0.38881326681848083,181.65,3.0,0.25,3.0,0.5,25.0,3.0,47.25,7,12.0,2,2,3,2,2,77,77,103,0.2271,0.0,0.2014,0.1192,T1,False,none
29fb1aa7-2ac8-4dc0-a8b0-24422f79439c,7.0,0.7777777777777778,6.0,25387.08,3626.7257142857147,1502.7885864602638,37,0,1.0,7.0,4.0,1.0,1.0,1.0,1.0,7.0,4.0,1.0,1.0,1.0,0.7777777777777778,3626.7257142857147,4979.08,0.1961265336541264,199.25833333333333,16.0,0.14285714285714285,3.0,0.5714285714285714,24.0,1.0,46.142857142857146,5,21.0,1,1,3,1,1,68,69,118,0.1482,0.0,0.2319,0.119,T1,False,none
5cb28701-47a2-4763-bb58-347fddb59cef,6.0,0.6666666666666666,5.0,16373.189999999999,2728.865,1615.6482197650575,81,1,1.0,6.0,6.0,1.0,1.0,1.0,3.0,2.0,6.0,3.0,1.0,0.5,0.6666666666666666,2728.865,4439.82,0.2711640187403921,150.40222222222224,1.0,0.0,2.0,0.8333333333333334,29.0,2.0,21.833333333333332,6,18.0,1,3,2,1,3,60,61,64,0.3686,0.0,0.1444,0.0659,T1,False,none
b9059053-639c-4fb4-9e72-58fcfdafa68a,2.0,0.2222222222222222,2.0,4139.46,2069.73,2309.269325999027,50,1,1.0,2.0,7.0,1.0,1.0,1.0,1.0,2.0,2.0,1.0,1.0,1.0,0.2222222222222222,2069.73,3702.63,0.8944717426910757,61.969722222222224,8.0,0.0,1.0,1.0,18.0,0.0,0.0,3,6.0,1,1,1,1,1,24,24,78,0.2521,0.0,0.1237,0.0763,T1,False,none
baefd4c5-1884-4ebe-994f-2f21abb218b1,5.0,0.5555555555555556,3.0,9872.92,1974.584,1061.5983614248846,18,0,3.0,1.6666666666666667,8.0,3.0,1.0,0.6,2.0,2.5,6.0,2.0,1.0,0.8,0.5555555555555556,1974.584,2812.36,0.2848559494050393,141.4636111111111,0.0,0.4,1.0,1.0,17.0,1.0,55.0,6,15.0,3,2,1,3,2,34,34,143,0.1277,0.0,0.241,0.0927,T1,False,none
26b5cf7f-c6ae-4801-9481-4a398aeffdce,8.0,0.8888888888888888,7.0,15980.42,1997.5525,1458.5016334360803,44,1,2.0,4.0,8.0,2.0,1.0,0.625,4.0,2.0,8.0,4.0,1.0,0.625,0.8888888888888888,1997.5525,4529.71,0.28345375152843294,203.34055555555557,19.0,0.25,2.0,0.875,18.0,3.0,36.75,8,24.0,2,4,2,2,4,57,57,86,0.1967,0.0,0.161,0.0515,T1,False,none
fa0fa601-a3d0-49b7-9112-ae321bfd94a6,3.0,0.3333333333333333,3.0,7998.68,2666.226666666667,1385.5382645864865,29,1,1.0,3.0,7.0,1.0,1.0,1.0,3.0,1.0,4.0,2.0,0.6666666666666666,0.3333333333333333,0.3333333333333333,2666.226666666667,3915.2,0.48948076432611376,202.35694444444445,8.0,0.0,3.0,0.3333333333333333,23.0,3.0,40.333333333333336,7,9.0,1,3,3,1,2,75,76,74,0.2714,0.0,0.1287,0.0855,T1,False,none
702ac763-a2af-42c5-a1a8-9216c3a93970,3.0,0.3333333333333333,3.0,3542.67,1180.89,1005.1445054319304,19,0,2.0,1.5,6.0,2.0,1.0,0.6666666666666666,3.0,1.0,6.0,3.0,1.0,0.3333333333333333,0.3333333333333333,1180.89,2195.73,0.6197952391840053,32.397777777777776,5.0,0.6666666666666666,3.0,0.3333333333333333,21.0,2.0,78.33333333333333,8,9.0,2,3,3,2,3,77,77,143,0.1277,0.0,0.241,0.0927,T1,False,none
669599ac-5999-4d22-a834-9a8d4dcf2c4f,1.0,0.1111111111111111,1.0,1601.36,1601.36,0.0,23,1,1.0,1.0,7.0,1.0,1.0,1.0,1.0,1.0,5.0,1.0,1.0,1.0,0.1111111111111111,1601.36,1601.36,1.0,0.0,17.0,0.0,1.0,1.0,22.0,1.0,63.0,3,3.0,1,1,1,1,1,30,31,104,0.1637,0.0,0.1654,0.1067,T1,False,none
284f050a-c4b0-4211-8e3a-e524500d30f1,3.0,0.3333333333333333,3.0,6642.67,2214.2233333333334,1985.133017440729,15,0,1.0,3.0,11.0,1.0,1.0,1.0,3.0,1.0,7.0,3.0,1.0,0.3333333333333333,0.3333333333333333,2214.2233333333334,4343.45,0.6538711090570508,173.65277777777777,10.0,0.3333333333333333,2.0,0.6666666666666666,13.0,2.0,75.0,6,9.0,1,3,2,1,3,43,43,143,0.1277,0.0,0.241,0.0927,T1,False,none
9675ce85-9b83-419e-bec9-3b05216a7c96,8.0,0.8888888888888888,7.0,14113.26,1764.1575,1308.48736400635,52,0,2.0,4.0,7.0,2.0,1.0,0.75,3.0,2.6666666666666665,6.0,3.0,1.0,0.625,0.8888888888888888,1764.1575,3626.26,0.2569399274157778,207.04222222222222,18.0,0.25,1.0,1.0,20.0,1.0,6.0,6,24.0,2,3,1,2,3,44,44,104,0.1637,0.0,0.1654,0.1067,T1,False,none
d2929581-94bf-4de8-b198-595a162179f8,6.0,0.6666666666666666,4.0,10374.56,1729.0933333333332,1511.6614127993962,65,1,3.0,2.0,9.0,3.0,1.0,0.6666666666666666,2.0,3.0,5.0,2.0,1.0,0.5,0.6666666666666666,1729.0933333333332,4487.96,0.4325928039357814,159.45805555555555,14.0,0.0,2.0,0.5,23.0,0.0,38.0,7,18.0,3,2,2,3,2,65,66,121,0.1433,0.0,0.2418,0.1111,T1,False,none
b134f01c-f773-44e6-887d-15a57653feb3,5.0,0.5555555555555556,3.0,9512.93,1902.586,1687.8021221784263,80,0,3.0,1.6666666666666667,11.0,3.0,1.0,0.6,1.0,5.0,4.0,1.0,1.0,1.0,0.5555555555555556,1902.586,4566.61,0.48004242646587325,196.18777777777777,1.0,0.0,2.0,0.6,17.0,0.0,28.0,6,15.0,3,1,2,3,1,58,59,86,0.1967,0.0,0.161,0.0515,T1,False,none
27dd80b4-f7cd-4d87-b1ce-823a709ea6bc,3.0,0.3333333333333333,2.0,6579.5,2193.1666666666665,2036.615691737971,79,0,2.0,1.5,11.0,2.0,1.0,0.6666666666666666,2.0,1.5,6.0,1.0,0.5,0.6666666666666666,0.3333333333333333,2193.1666666666665,4540.1,0.6900372368721028,67.26305555555555,0.0,0.0,1.0,1.0,14.0,2.0,25.0,5,9.0,2,2,1,2,1,33,33,104,0.1637,0.0,0.1654,0.1067,T1,False,none
ba5edcc9-bec0-4417-a3ef-97cd7d11f161,3.0,0.3333333333333333,3.0,9111.119999999999,3037.0399999999995,1036.8649095711553,31,0,1.0,3.0,5.0,1.0,1.0,1.0,1.0,3.0,3.0,1.0,1.0,1.0,0.3333333333333333,3037.0399999999995,3980.53,0.43688701279315834,66.34055555555555,3.0,0.3333333333333333,1.0,1.0,22.0,2.0,27.0,3,9.0,1,1,1,1,1,27,27,167,0.1063,0.0,0.25,0.1704,T1,False,none
0e1f70b2-b5ad-4955-ad3f-57ef27f10c5c,1.0,0.1111111111111111,1.0,3923.03,3923.03,0.0,38,1,1.0,1.0,10.0,1.0,1.0,1.0,1.0,1.0,8.0,1.0,1.0,1.0,0.1111111111111111,3923.03,3923.03,1.0,0.0,8.0,0.0,1.0,1.0,20.0,2.0,14.0,3,3.0,1,1,1,1,1,35,35,118,0.1482,0.0,0.2319,0.119,T1,False,none
dacde9a9-c4f1-4ca7-b939-4d2c8931403a,5.0,0.5555555555555556,3.0,16431.42,3286.2839999999997,1379.3181651924983,83,1,3.0,1.6666666666666667,7.0,3.0,1.0,0.4,1.0,5.0,3.0,1.0,1.0,1.0,0.5555555555555556,3286.2839999999997,4677.46,0.28466559798240204,57.75472222222222,0.0,0.0,3.0,0.4,22.0,0.0,19.6,7,15.0,3,1,3,3,1,69,71,57,0.2807,0.0,0.0921,0.0244,T1,False,none
66c7c97a-70eb-405e-8ed4-accdd54d11df,3.0,0.3333333333333333,3.0,7873.699999999999,2624.566666666666,1458.3851735852681,54,0,2.0,1.5,13.0,2.0,1.0,0.6666666666666666,1.0,3.0,7.0,1.0,1.0,1.0,0.3333333333333333,2624.566666666666,4249.44,0.5397005219909319,192.14305555555555,11.0,0.0,2.0,0.6666666666666666,21.0,2.0,20.0,5,9.0,2,1,2,2,1,55,55,50,0.3086,0.0,0.0411,0.037,T1,False,none
ee4006fb-480f-47cf-ba03-527837ff71c7,6.0,0.6666666666666666,5.0,11242.5,1873.75,759.8608302051107,19,1,2.0,3.0,8.0,2.0,1.0,0.6666666666666666,3.0,2.0,7.0,3.0,1.0,0.6666666666666666,0.6666666666666666,1873.75,2650.64,0.23576962419390704,169.88416666666666,0.0,0.3333333333333333,5.0,0.3333333333333333,26.0,1.0,32.833333333333336,10,18.0,2,3,5,2,3,103,107,74,0.2714,0.0,0.1287,0.0855,T1,False,none
a99e6169-2b85-425a-850e-bfc5598d7f31,3.0,0.3333333333333333,3.0,8513.86,2837.9533333333334,969.7875483492936,28,0,2.0,1.5,8.0,2.0,1.0,0.6666666666666666,2.0,1.5,4.0,2.0,1.0,0.6666666666666666,0.3333333333333333,2837.9533333333334,3944.86,0.46334565050400167,175.79861111111111,1.0,0.0,1.0,1.0,17.0,1.0,2.0,5,9.0,2,2,1,2,2,34,35,143,0.1277,0.0,0.241,0.0927,T1,False,none
3ac92b01-26b1-4c2f-8bf4-e3e3f8493365,7.0,0.7777777777777778,7.0,19446.89,2778.1271428571426,1381.4516448373463,48,1,1.0,7.0,11.0,1.0,1.0,1.0,1.0,7.0,4.0,1.0,1.0,1.0,0.7777777777777778,2778.1271428571426,4800.14,0.24683329828059913,184.6811111111111,11.0,0.2857142857142857,3.0,0.7142857142857143,29.0,3.0,48.42857142857143,5,21.0,1,1,3,1,1,77,80,89,0.2028,0.0,0.1043,0.0515,T1,False,none
63736aaf-bb5e-437b-aaf8-ed67277e8630,3.0,0.3333333333333333,3.0,10950.32,3650.1066666666666,576.0887541285052,85,1,1.0,3.0,4.0,1.0,1.0,1.0,2.0,1.5,7.0,2.0,1.0,0.6666666666666666,0.3333333333333333,3650.1066666666666,4282.87,0.39111825042555837,76.83166666666666,19.0,0.3333333333333333,3.0,0.3333333333333333,22.0,0.0,33.0,6,9.0,1,2,3,1,2,63,64,143,0.1277,0.0,0.241,0.0927,T1,False,none
c5ead5a2-de07-40d9-9270-dcced7f4b18a,6.0,0.6666666666666666,5.0,11719.14,1953.1899999999998,1057.1603463051385,26,1,3.0,2.0,11.0,3.0,1.0,0.5,3.0,2.0,5.0,3.0,1.0,0.6666666666666666,0.6666666666666666,1953.1899999999998,3100.23,0.2645441559704893,185.7072222222222,17.0,0.16666666666666666,3.0,0.6666666666666666,20.0,3.0,24.5,9,18.0,3,3,3,3,3,74,77,50,0.3086,0.0,0.0411,0.037,T1,False,none
47c19937-71ea-462b-b7e6-5c0369131882,3.0,0.3333333333333333,3.0,9934.07,3311.3566666666666,1293.1956506396598,45,0,2.0,1.5,10.0,2.0,1.0,0.6666666666666666,1.0,3.0,4.0,1.0,1.0,1.0,0.3333333333333333,3311.3566666666666,4798.24,0.4830084748748499,74.7538888888889,15.0,0.0,2.0,0.6666666666666666,18.0,0.0,22.333333333333332,5,9.0,2,1,2,2,1,49,49,121,0.1362,0.0,0.2722,0.12,T1,False,none
dcc64f6b-b052-44f8-86c9-f5284f664ab6,4.0,0.4444444444444444,2.0,2799.37,699.8425,615.2773069315981,85,0,2.0,2.0,7.0,2.0,1.0,0.75,2.0,2.0,6.0,2.0,1.0,0.75,0.4444444444444444,699.8425,1613.56,0.5764011188231638,56.429722222222225,4.0,0.75,3.0,0.5,26.0,2.0,42.0,7,12.0,2,2,3,2,2,77,77,74,0.2714,0.0,0.1287,0.0855,T1,False,none
65eb0cb6-781d-492b-bf53-eeeab273d7e4,7.0,0.7777777777777778,6.0,19978.12,2854.0171428571425,1584.1668387169568,11,1,2.0,3.5,9.0,2.0,1.0,0.5714285714285714,3.0,2.3333333333333335,6.0,3.0,1.0,0.5714285714285714,0.7777777777777778,2854.0171428571425,4342.01,0.2173382680652634,196.96777777777777,5.0,0.2857142857142857,2.0,0.7142857142857143,21.0,1.0,81.57142857142857,7,21.0,2,3,2,2,3,61,61,173,0.0954,0.0,0.2136,0.1548,T1,False,none
3530d512-886b-4a96-b8c7-ef54e76c970d,4.0,0.4444444444444444,4.0,5369.71,1342.4275,1443.2543715823856,64,1,1.0,4.0,4.0,1.0,1.0,1.0,2.0,2.0,7.0,2.0,1.0,0.75,0.4444444444444444,1342.4275,3422.03,0.6372839501574573,220.42666666666668,2.0,0.25,2.0,0.5,19.0,3.0,21.5,5,12.0,1,2,2,1,2,46,46,103,0.2271,0.0,0.2014,0.1192,T1,False,none
7755408c-efc6-4176-94e0-c6313abcbeec,3.0,0.3333333333333333,3.0,4052.19,1350.73,706.7487182160291,27,0,2.0,1.5,5.0,2.0,1.0,0.6666666666666666,2.0,1.5,5.0,2.0,1.0,0.6666666666666666,0.3333333333333333,1350.73,2131.8,0.5260858942941965,191.9661111111111,22.0,0.3333333333333333,2.0,0.6666666666666666,21.0,3.0,37.333333333333336,6,9.0,2,2,2,2,2,49,49,143,0.1277,0.0,0.241,0.0927,T1,False,none
5f2e06f8-588c-4d14-b2d9-abdc0c55cdc9,3.0,0.3333333333333333,3.0,8746.07,2915.3566666666666,1084.5451680005463,74,0,1.0,3.0,7.0,1.0,1.0,1.0,1.0,3.0,3.0,1.0,1.0,1.0,0.3333333333333333,2915.3566666666666,4020.93,0.4597413466848539,189.07333333333332,4.0,0.0,2.0,0.6666666666666666,27.0,0.0,42.666666666666664,4,9.0,1,1,2,1,1,46,47,126,0.1498,0.0,0.1572,0.1186,T1,False,none
edfef20a-f227-4b06-9ffc-88646d29e001,4.0,0.4444444444444444,3.0,13573.08,3393.27,997.5465133015103,63,1,1.0,4.0,7.0,1.0,1.0,1.0,2.0,2.0,7.0,2.0,1.0,0.75,0.4444444444444444,3393.27,4688.37,0.3454168103333952,81.96027777777778,0.0,0.25,2.0,0.75,29.0,0.0,64.5,5,12.0,1,2,2,1,2,60,61,103,0.2271,0.0,0.2014,0.1192,T1,False,none
c8af207b-a3ec-40c9-b0cd-8e7775f2aef6,1.0,0.1111111111111111,1.0,4514.53,4514.53,0.0,46,0,1.0,1.0,8.0,1.0,1.0,1.0,1.0,1.0,3.0,1.0,1.0,1.0,0.1111111111111111,4514.53,4514.53,1.0,0.0,1.0,0.0,1.0,1.0,30.0,0.0,9.0,3,3.0,1,1,1,1,1,38,38,66,0.3865,0.0,0.1807,0.0805,T1,False,none
e55bab1c-33c0-4503-89b6-054e053a4cb5,4.0,0.4444444444444444,4.0,8892.529999999999,2223.1324999999997,1831.5020679645254,55,1,1.0,4.0,9.0,1.0,1.0,1.0,3.0,1.3333333333333333,8.0,3.0,1.0,0.5,0.4444444444444444,2223.1324999999997,4248.45,0.47775492463899477,236.64055555555555,15.0,0.5,2.0,0.5,28.0,1.0,28.5,6,12.0,1,3,2,1,3,65,65,103,0.2271,0.0,0.2014,0.1192,T1,False,none
70d6009e-836b-4fea-9c88-96283f193c99,2.0,0.2222222222222222,2.0,8304.779999999999,4152.389999999999,435.3515030409335,27,0,2.0,1.0,6.0,2.0,1.0,0.5,1.0,2.0,6.0,1.0,1.0,1.0,0.2222222222222222,4152.389999999999,4460.23,0.5370678091412415,34.735,0.0,0.5,2.0,0.5,18.0,0.0,43.0,5,6.0,2,1,2,2,1,49,49,104,0.1637,0.0,0.1654,0.1067,T1,False,none
e98b9768-1063-4f86-af58-d290a2f4e216,4.0,0.4444444444444444,4.0,8101.59,2025.3975,1450.1098746043351,67,1,2.0,2.0,6.0,2.0,1.0,0.5,1.0,4.0,3.0,1.0,1.0,1.0,0.4444444444444444,2025.3975,3835.78,0.47346014794626734,182.25666666666666,3.0,0.25,1.0,1.0,27.0,1.0,88.0,4,12.0,2,1,1,2,1,36,36,126,0.1498,0.0,0.1572,0.1186,T1,False,none
940e56b4-ec8f-4ad2-84f8-1505d1ec2a91,3.0,0.3333333333333333,3.0,10947.43,3649.1433333333334,826.951018037546,33,1,2.0,1.5,10.0,2.0,1.0,0.6666666666666666,1.0,3.0,6.0,1.0,1.0,1.0,0.3333333333333333,3649.1433333333334,4598.29,0.4200337430794259,169.59694444444443,12.0,0.3333333333333333,3.0,0.3333333333333333,25.0,0.0,55.0,6,9.0,2,1,3,2,1,83,83,126,0.1498,0.0,0.1572,0.1186,T1,False,none
9799d9f0-5432-4528-b214-b3d7bf565db0,3.0,0.3333333333333333,2.0,9388.11,3129.3700000000003,796.0340245868892,23,0,2.0,1.5,12.0,2.0,1.0,0.6666666666666666,1.0,3.0,2.0,1.0,1.0,1.0,0.3333333333333333,3129.3700000000003,4042.96,0.43064685011147075,39.937777777777775,4.0,0.0,1.0,1.0,16.0,0.0,3.0,4,9.0,2,1,1,2,1,30,30,167,0.1063,0.0,0.25,0.1704,T1,False,none
db7857e3-a55d-4f19-9e6b-c9218d115ec9,1.0,0.1111111111111111,1.0,2571.1,2571.1,0.0,49,0,1.0,1.0,10.0,1.0,1.0,1.0,1.0,1.0,3.0,1.0,1.0,1.0,0.1111111111111111,2571.1,2571.1,1.0,0.0,11.0,0.0,1.0,1.0,15.0,1.0,53.0,3,3.0,1,1,1,1,1,25,25,118,0.1482,0.0,0.2319,0.119,T1,False,none
e620b2a9-ec4b-4d6a-bc2b-a92633ff1a50,5.0,0.5555555555555556,5.0,11060.15,2212.0299999999997,1315.3542175018865,30,0,1.0,5.0,9.0,1.0,1.0,1.0,2.0,2.5,4.0,2.0,1.0,0.8,0.5555555555555556,2212.0299999999997,4094.76,0.3702264435834957,148.38888888888889,4.0,0.2,3.0,0.6,20.0,2.0,76.8,6,15.0,1,2,3,1,2,61,62,173,0.0954,0.0,0.2136,0.1548,T1,False,none
b38e2c8e-c4cc-40fe-8c82-2c7b70e22e16,3.0,0.3333333333333333,3.0,3469.98,1156.66,715.9717736754712,80,0,1.0,3.0,5.0,1.0,1.0,1.0,1.0,3.0,3.0,1.0,1.0,1.0,0.3333333333333333,1156.66,1929.4,0.556026259517346,91.18611111111112,7.0,0.3333333333333333,2.0,0.6666666666666666,21.0,0.0,46.333333333333336,4,9.0,1,1,2,1,1,42,42,143,0.1277,0.0,0.241,0.0927,T1,False,none
54a7317a-b2d9-45c8-9cbd-9d2241735d07,4.0,0.4444444444444444,3.0,9778.09,2444.5225,1878.7887442600706,37,0,2.0,2.0,11.0,2.0,1.0,0.75,2.0,2.0,9.0,2.0,1.0,0.5,0.4444444444444444,2444.5225,4966.29,0.5078998045630588,194.4713888888889,10.0,0.25,3.0,0.5,22.0,0.0,57.0,7,12.0,2,2,3,2,2,81,83,89,0.2028,0.0,0.1043,0.0515,T1,False,none
9e56eccb-9d38-4efc-b64b-e908e518a71b,1.0,0.1111111111111111,1.0,1012.07,1012.07,0.0,38,1,1.0,1.0,9.0,1.0,1.0,1.0,1.0,1.0,4.0,1.0,1.0,1.0,0.1111111111111111,1012.07,1012.07,1.0,0.0,23.0,0.0,1.0,1.0,22.0,0.0,65.0,3,3.0,1,1,1,1,1,32,32,167,0.1063,0.0,0.25,0.1704,T1,False,none
9e1efaa6-9b76-4d71-9fff-301832a1030a,2.0,0.2222222222222222,2.0,6197.48,3098.74,944.6946596652275,78,0,2.0,1.0,9.0,2.0,1.0,0.5,1.0,2.0,3.0,1.0,1.0,1.0,0.2222222222222222,3098.74,3766.74,0.6077857451738449,20.290277777777778,11.0,0.5,2.0,0.5,23.0,1.0,44.0,5,6.0,2,1,2,2,1,54,55,66,0.3865,0.0,0.1807,0.0805,T1,False,none
4ff2c32e-6ade-4828-9f09-7786b50d8ca0,4.0,0.4444444444444444,4.0,3579.13,894.7825,768.7516477760119,15,1,3.0,1.3333333333333333,6.0,3.0,1.0,0.5,3.0,1.3333333333333333,8.0,3.0,1.0,0.5,0.4444444444444444,894.7825,1903.29,0.5317744815080759,140.21055555555554,1.0,0.25,4.0,0.25,23.0,0.0,50.75,10,12.0,3,3,4,3,3,85,89,173,0.0954,0.0,0.2136,0.1548,T1,False,none
9bf176bb-3835-46e8-b9af-869db01fe5c8,4.0,0.4444444444444444,4.0,13667.369999999999,3416.8424999999997,996.1740262081054,27,0,2.0,2.0,11.0,2.0,1.0,0.75,2.0,2.0,8.0,2.0,1.0,0.75,0.4444444444444444,3416.8424999999997,4700.13,0.3438942532469671,79.75666666666666,7.0,0.0,3.0,0.5,20.0,2.0,15.25,7,12.0,2,2,3,2,2,75,75,143,0.1277,0.0,0.241,0.0927,T1,False,none
47fe1396-b6c0-48aa-84e1-a7bfbe549dd0,4.0,0.4444444444444444,3.0,15429.72,3857.43,737.7549460807877,15,0,2.0,2.0,8.0,2.0,1.0,0.5,2.0,2.0,4.0,2.0,1.0,0.75,0.4444444444444444,3857.43,4844.61,0.3139791259983979,54.10472222222222,19.0,0.25,1.0,1.0,21.0,2.0,52.0,5,12.0,2,2,1,2,2,36,36,167,0.1063,0.0,0.25,0.1704,T1,False,none
eb70cc4c-5196-417a-aaa8-639ec0e580f6,2.0,0.2222222222222222,2.0,8247.98,4123.99,542.7610231031701,56,1,2.0,1.0,11.0,2.0,1.0,0.5,1.0,2.0,5.0,1.0,1.0,1.0,0.2222222222222222,4123.99,4507.78,0.5465313931411084,45.106944444444444,6.0,0.0,2.0,0.5,21.0,1.0,73.5,5,6.0,2,1,2,2,1,56,56,118,0.1482,0.0,0.2319,0.119,T1,False,none
eb65fe3a-f938-4287-89c6-59be57ffac56,4.0,0.4444444444444444,3.0,3920.48,980.12,434.91746243779784,78,1,2.0,2.0,11.0,2.0,1.0,0.75,2.0,2.0,7.0,2.0,1.0,0.5,0.4444444444444444,980.12,1627.12,0.41503081255356483,40.56055555555555,4.0,0.0,1.0,1.0,18.0,0.0,5.0,5,12.0,2,2,1,2,2,36,37,104,0.1637,0.0,0.1654,0.1067,T1,False,none
883f1aca-e541-44a5-bc30-6a65ef4cb1a2,3.0,0.3333333333333333,3.0,4219.87,1406.6233333333332,784.6882410443866,74,0,2.0,1.5,11.0,2.0,1.0,0.6666666666666666,2.0,1.5,3.0,2.0,1.0,0.6666666666666666,0.3333333333333333,1406.6233333333332,2197.0,0.520632152175304,96.3488888888889,16.0,0.3333333333333333,1.0,1.0,28.0,0.0,2.0,5,9.0,2,2,1,2,2,47,48,65,0.3611,0.0,0.0889,0.0707,T1,False,none
b5f1c2b0-9653-4984-99a8-a3efaa7b0444,2.0,0.2222222222222222,2.0,2867.66,1433.83,1699.729138480599,11,1,1.0,2.0,10.0,1.0,1.0,1.0,1.0,2.0,3.0,1.0,1.0,1.0,0.2222222222222222,1433.83,2635.72,0.9191187239770405,79.18222222222222,12.0,0.0,2.0,0.5,23.0,0.0,43.0,4,6.0,1,1,2,1,1,51,51,143,0.1277,0.0,0.241,0.0927,T1,False,none
ea202750-da4b-4959-afa7-edc876ce08f7,2.0,0.2222222222222222,2.0,5797.85,2898.925,2717.361862625219,59,0,1.0,2.0,10.0,1.0,1.0,1.0,1.0,2.0,4.0,1.0,1.0,1.0,0.2222222222222222,2898.925,4820.39,0.831409919194184,183.84972222222223,0.0,0.0,2.0,0.5,22.0,1.0,37.0,4,6.0,1,1,2,1,1,51,51,167,0.1063,0.0,0.25,0.1704,T1,False,none
c56d389a-5618-46d4-9539-746babaca4cd,5.0,0.5555555555555556,4.0,17185.94,3437.1879999999996,892.1956297079694,49,0,1.0,5.0,6.0,1.0,1.0,1.0,3.0,1.6666666666666667,6.0,3.0,1.0,0.4,0.5555555555555556,3437.1879999999996,4152.43,0.24161785738807423,107.94722222222222,7.0,0.2,2.0,0.8,25.0,0.0,68.0,6,15.0,1,3,2,1,3,60,61,104,0.1637,0.0,0.1654,0.1067,T1,False,none
5ea0da17-5074-4f84-82d1-513a3d8e3cdf,4.0,0.4444444444444444,4.0,7235.32,1808.83,548.0289310489609,88,0,2.0,2.0,10.0,2.0,1.0,0.75,2.0,2.0,5.0,1.0,0.5,0.75,0.4444444444444444,1808.83,2575.33,0.35593864542273185,147.68444444444444,1.0,0.0,2.0,0.75,28.0,3.0,52.25,6,12.0,2,2,2,2,1,59,59,103,0.2271,0.0,0.2014,0.1192,T1,False,none
b0963352-109f-456b-82f0-5b03b08064a5,3.0,0.3333333333333333,3.0,7236.110000000001,2412.036666666667,383.0880923930335,47,1,2.0,1.5,9.0,2.0,1.0,0.6666666666666666,2.0,1.5,6.0,2.0,1.0,0.6666666666666666,0.3333333333333333,2412.036666666667,2787.09,0.3851641282401732,181.03472222222223,2.0,0.0,3.0,0.3333333333333333,23.0,0.0,57.333333333333336,7,9.0,2,2,3,2,2,78,78,59,0.3197,0.0,0.1098,0.0978,T1,False,none
bd53a8c3-54d8-477d-9934-631fc86a8fde,2.0,0.2222222222222222,2.0,5532.51,2766.255,1965.0851002564748,52,1,1.0,2.0,4.0,1.0,1.0,1.0,2.0,1.0,2.0,2.0,1.0,0.5,0.2222222222222222,2766.255,4155.78,0.7511563467576199,22.033055555555556,13.0,0.0,2.0,0.5,17.0,0.0,16.5,5,6.0,1,2,2,1,2,36,37,173,0.0954,0.0,0.2136,0.1548,T1,False,none
b36a4f93-fbf2-4c7c-bd12-fa2730522763,1.0,0.1111111111111111,1.0,3210.04,3210.04,0.0,83,0,1.0,1.0,8.0,1.0,1.0,1.0,1.0,1.0,3.0,1.0,1.0,1.0,0.1111111111111111,3210.04,3210.04,1.0,0.0,15.0,1.0,1.0,1.0,20.0,0.0,57.0,3,3.0,1,1,1,1,1,28,28,143,0.1277,0.0,0.241,0.0927,T1,False,none
8aa1d006-1fcd-4794-827f-055a7f970c8d,2.0,0.2222222222222222,2.0,7566.389999999999,3783.1949999999997,942.976390186944,13,0,1.0,2.0,4.0,1.0,1.0,1.0,1.0,2.0,5.0,1.0,1.0,1.0,0.2222222222222222,3783.1949999999997,4449.98,0.5881245878153254,164.00722222222223,5.0,0.0,1.0,1.0,29.0,1.0,15.0,3,6.0,1,1,1,1,1,35,35,103,0.2271,0.0,0.2014,0.1192,T1,False,none
8798a975-4a95-44e3-9228-3b60a4cf1ea1,6.0,0.6666666666666666,5.0,13524.060000000001,2254.01,1104.5784226029405,53,0,2.0,3.0,12.0,2.0,1.0,0.8333333333333334,1.0,6.0,4.0,1.0,1.0,1.0,0.6666666666666666,2254.01,3985.3,0.2946822182096205,209.08416666666668,5.0,0.0,3.0,0.6666666666666666,23.0,2.0,47.833333333333336,6,18.0,2,1,3,2,1,77,78,143,0.1277,0.0,0.241,0.0927,T1,False,none
dc81b132-ea4a-4ddb-a9f0-1b0c53ee078e,1.0,0.1111111111111111,1.0,3819.77,3819.77,0.0,54,0,1.0,1.0,7.0,1.0,1.0,1.0,1.0,1.0,1.0,0.0,0.0,1.0,0.1111111111111111,3819.77,3819.77,1.0,0.0,18.0,0.0,1.0,1.0,15.0,3.0,45.0,3,3.0,1,1,1,1,0,20,20,86,0.1967,0.0,0.161,0.0515,T1,False,none
449589c0-89b1-48bf-ab9c-7909d9a78104,3.0,0.3333333333333333,2.0,4041.94,1347.3133333333333,1023.5699549289895,56,1,1.0,3.0,4.0,1.0,1.0,1.0,2.0,1.5,6.0,2.0,1.0,0.6666666666666666,0.3333333333333333,1347.3133333333333,2232.3,0.5522842991236881,27.37361111111111,0.0,0.3333333333333333,2.0,0.6666666666666666,19.0,2.0,37.666666666666664,5,9.0,1,2,2,1,2,42,42,74,0.2714,0.0,0.1287,0.0855,T1,False,none
6f94daa3-9371-4a39-aae2-0e97dab79d81,4.0,0.4444444444444444,3.0,7804.76,1951.19,1276.8168743141412,36,0,2.0,2.0,7.0,2.0,1.0,0.75,1.0,4.0,7.0,1.0,1.0,1.0,0.4444444444444444,1951.19,3546.76,0.4544354983369124,71.55333333333333,16.0,0.25,3.0,0.5,23.0,2.0,32.75,6,12.0,2,1,3,2,1,63,64,59,0.3197,0.0,0.1098,0.0978,T1,False,none
cdda574c-7d54-4a04-afd9-73a318cea8fe,8.0,0.8888888888888888,5.0,24155.71,3019.46375,884.6986328839814,70,0,3.0,2.6666666666666665,8.0,3.0,1.0,0.75,2.0,4.0,10.0,2.0,1.0,0.625,0.8888888888888888,3019.46375,4111.41,0.17020447753346932,178.87222222222223,8.0,0.0,3.0,0.75,26.0,2.0,23.75,8,24.0,3,2,3,3,2,83,83,74,0.2714,0.0,0.1287,0.0855,T1,False,none
b4890ab4-aa3a-4edf-957a-9d25462ebcb9,1.0,0.1111111111111111,1.0,673.37,673.37,0.0,29,1,1.0,1.0,5.0,1.0,1.0,1.0,1.0,1.0,4.0,1.0,1.0,1.0,0.1111111111111111,673.37,673.37,1.0,0.0,17.0,0.0,1.0,1.0,19.0,1.0,85.0,3,3.0,1,1,1,1,1,25,25,173,0.0954,0.0,0.2136,0.1548,T1,False,none
9db3b820-4cfd-40c4-97ec-ec7a9f034bfd,2.0,0.2222222222222222,2.0,5449.36,2724.68,1157.6327957517444,42,1,1.0,2.0,6.0,1.0,1.0,1.0,1.0,2.0,2.0,1.0,1.0,1.0,0.2222222222222222,2724.68,3543.25,0.6502139700808903,32.075833333333335,7.0,0.5,2.0,0.5,28.0,0.0,16.5,4,6.0,1,1,2,1,1,46,47,65,0.3611,0.0,0.0889,0.0707,T1,False,none
9b44b0f8-9ab2-483b-b755-b450a88c3e49,6.0,0.6666666666666666,6.0,20724.7,3454.116666666667,823.316728353473,73,0,3.0,2.0,9.0,3.0,1.0,0.6666666666666666,2.0,3.0,3.0,2.0,1.0,0.5,0.6666666666666666,3454.116666666667,4691.07,0.22635164803350588,186.08805555555554,3.0,0.16666666666666666,4.0,0.3333333333333333,25.0,2.0,68.83333333333333,9,18.0,3,2,4,3,2,97,100,59,0.2957,0.0,0.0649,0.0215,T1,False,none
5872d626-0220-46ed-931d-b34ceb00902e,5.0,0.5555555555555556,5.0,7468.8,1493.76,1025.8633506710337,72,1,1.0,5.0,7.0,1.0,1.0,1.0,2.0,2.5,5.0,2.0,1.0,0.6,0.5555555555555556,1493.76,2732.03,0.36579236289631534,158.3,13.0,0.2,3.0,0.6,20.0,3.0,79.0,6,15.0,1,2,3,1,2,58,58,167,0.1063,0.0,0.25,0.1704,T1,False,none
fd8db500-b23c-40b2-86b5-17fa3d35b89a,0.0,0.0,0.0,0.0,0.0,0.0,23,0,0.0,0.0,0.0,0.0,0.0,0.0,0.0,0.0,0.0,0.0,0.0,0.0,0.0,0.0,0.0,0.0,0.0,0.0,0.0,0.0,0.0,0.0,0.0,0.0,0,0.0,0,0,0,0,0,0,0,1,0.0,0.0,0.0,0.0,T1,False,none
b0889726-f9d0-4fc1-a0b4-12a9f17f21bb,4.0,0.4444444444444444,3.0,10086.62,2521.655,1480.278419228401,82,0,1.0,4.0,4.0,1.0,1.0,1.0,1.0,4.0,5.0,1.0,1.0,1.0,0.4444444444444444,2521.655,3781.26,0.3748787998358221,168.9611111111111,17.0,0.0,4.0,0.25,23.0,1.0,37.25,6,12.0,1,1,4,1,1,68,72,59,0.3197,0.0,0.1098,0.0978,T1,False,none
536623a0-35c1-49d4-afa2-03382b1d8df6,4.0,0.4444444444444444,4.0,5906.24,1476.56,1543.2528148902456,59,1,1.0,4.0,6.0,1.0,1.0,1.0,2.0,2.0,5.0,2.0,1.0,0.75,0.4444444444444444,1476.56,3607.58,0.6108082299398603,118.73583333333333,13.0,0.25,1.0,1.0,15.0,1.0,25.0,4,12.0,1,2,1,1,2,26,26,118,0.1482,0.0,0.2319,0.119,T1,False,none
6d87bd46-6c86-49f3-baff-7a3d7a61216a,2.0,0.2222222222222222,2.0,5892.05,2946.025,1951.6924978208017,88,0,2.0,1.0,10.0,2.0,1.0,0.5,1.0,2.0,2.0,1.0,1.0,1.0,0.2222222222222222,2946.025,4326.08,0.7342232330003988,163.48916666666668,0.0,0.0,2.0,0.5,19.0,1.0,66.5,5,6.0,2,1,2,2,1,49,50,57,0.2807,0.0,0.0921,0.0244,T1,False,none
417afa81-1b52-4027-9273-7432da04da67,2.0,0.2222222222222222,2.0,8005.58,4002.79,169.32378982293085,43,1,1.0,2.0,10.0,1.0,1.0,1.0,1.0,2.0,1.0,0.0,0.0,1.0,0.2222222222222222,4002.79,4122.52,0.5149558183167241,126.84333333333333,16.0,0.0,2.0,0.5,20.0,2.0,26.0,4,6.0,1,1,2,1,0,46,46,121,0.1362,0.0,0.2722,0.12,T1,False,none
804c2993-71e7-4950-8b9e-deb536b36046,6.0,0.6666666666666666,5.0,12742.83,2123.805,1921.6507365153532,56,0,1.0,6.0,11.0,1.0,1.0,1.0,1.0,6.0,9.0,1.0,1.0,1.0,0.6666666666666666,2123.805,4785.38,0.3755351048393489,190.0575,12.0,0.0,4.0,0.5,21.0,3.0,61.833333333333336,6,18.0,1,1,4,1,1,87,88,126,0.1498,0.0,0.1572,0.1186,T1,False,none
25f50238-3073-4691-984c-a70392c93bce,5.0,0.5555555555555556,4.0,14466.61,2893.322,2014.9865727021606,31,0,2.0,2.5,11.0,2.0,1.0,0.8,1.0,5.0,4.0,1.0,1.0,1.0,0.5555555555555556,2893.322,4718.4,0.32615795960491084,128.58194444444445,1.0,0.2,4.0,0.4,22.0,2.0,64.2,7,15.0,2,1,4,2,1,94,97,104,0.1637,0.0,0.1654,0.1067,T1,False,none
a25c5e9d-7bb8-48d7-b5bc-790313740c5d,2.0,0.2222222222222222,2.0,1509.4299999999998,754.7149999999999,994.7366065697994,66,1,1.0,2.0,7.0,1.0,1.0,1.0,1.0,2.0,2.0,1.0,1.0,1.0,0.2222222222222222,754.7149999999999,1458.1,0.9659937857336875,51.37888888888889,13.0,0.5,1.0,1.0,19.0,2.0,63.0,3,6.0,1,1,1,1,1,25,25,74,0.2714,0.0,0.1287,0.0855,T1,False,none
2febf613-8ba0-43c2-9ce4-df3937fb70ca,1.0,0.1111111111111111,1.0,4031.79,4031.79,0.0,85,1,1.0,1.0,9.0,1.0,1.0,1.0,1.0,1.0,4.0,1.0,1.0,1.0,0.1111111111111111,4031.79,4031.79,1.0,0.0,10.0,0.0,1.0,1.0,17.0,1.0,75.0,3,3.0,1,1,1,1,1,27,27,167,0.1063,0.0,0.25,0.1704,T1,False,none
ca0db288-7eed-4b62-8f51-09816bfa839f,7.0,0.7777777777777778,5.0,14985.69,2140.8128571428574,1139.192946559307,10,1,1.0,7.0,8.0,1.0,1.0,1.0,2.0,3.5,4.0,2.0,1.0,0.5714285714285714,0.7777777777777778,2140.8128571428574,3376.13,0.2252902602416038,202.82944444444445,20.0,0.5714285714285714,4.0,0.5714285714285714,23.0,1.0,55.285714285714285,7,21.0,1,2,4,1,2,81,81,143,0.1277,0.0,0.241,0.0927,T1,False,none
6d8a4bf3-315d-4dfc-8843-1108f66884a9,1.0,0.1111111111111111,1.0,3393.95,3393.95,0.0,51,0,1.0,1.0,3.0,1.0,1.0,1.0,1.0,1.0,5.0,1.0,1.0,1.0,0.1111111111111111,3393.95,3393.95,1.0,0.0,20.0,0.0,1.0,1.0,22.0,2.0,5.0,3,3.0,1,1,1,1,1,26,27,167,0.1063,0.0,0.25,0.1704,T1,False,none
ef13d584-214e-44ae-abb4-80976c9a9918,2.0,0.2222222222222222,2.0,3087.21,1543.605,789.916056331304,18,0,2.0,1.0,6.0,2.0,1.0,0.5,1.0,2.0,4.0,1.0,1.0,1.0,0.2222222222222222,1543.605,2102.16,0.6809254958360461,80.73916666666666,5.0,0.5,2.0,0.5,23.0,0.0,12.0,5,6.0,2,1,2,2,1,52,52,143,0.1277,0.0,0.241,0.0927,T1,False,none
959f6579-9aa0-4ce1-99dc-abc73e1e1b45,4.0,0.4444444444444444,4.0,10169.84,2542.46,2049.758360961929,29,0,2.0,2.0,9.0,2.0,1.0,0.75,2.0,2.0,7.0,2.0,1.0,0.75,0.4444444444444444,2542.46,4768.14,0.46885103403790035,146.22444444444446,0.0,0.25,1.0,1.0,28.0,0.0,2.0,5,12.0,2,2,1,2,2,46,47,65,0.3611,0.0,0.0889,0.0707,T1,False,none
1c7cb6cc-ba3a-44e3-844b-83f3c5fff53e,4.0,0.4444444444444444,2.0,8029.780000000001,2007.4450000000002,469.7602191544108,16,0,2.0,2.0,8.0,2.0,1.0,0.75,2.0,2.0,4.0,2.0,1.0,0.5,0.4444444444444444,2007.4450000000002,2568.96,0.3199290640590402,133.5025,0.0,0.0,2.0,0.75,21.0,1.0,16.0,6,12.0,2,2,2,2,2,54,54,86,0.1967,0.0,0.161,0.0515,T1,False,none
dd754e96-3758-4e9c-970a-f0175c47a5b6,2.0,0.2222222222222222,2.0,6592.860000000001,3296.4300000000003,1823.6142465444823,53,1,1.0,2.0,9.0,1.0,1.0,1.0,2.0,1.0,5.0,2.0,1.0,0.5,0.2222222222222222,3296.4300000000003,4585.92,0.6955888643168519,101.06833333333333,14.0,0.5,2.0,0.5,22.0,0.0,52.0,5,6.0,1,2,2,1,2,53,53,64,0.3686,0.0,0.1444,0.0659,T1,False,none
6c26c92f-eddd-4917-acee-6d6ef4c1cc03,3.0,0.3333333333333333,3.0,9140.23,3046.7433333333333,1257.0403100272217,77,1,1.0,3.0,6.0,1.0,1.0,1.0,2.0,1.5,8.0,2.0,1.0,0.6666666666666666,0.3333333333333333,3046.7433333333333,4431.13,0.48479414631798107,139.45166666666665,5.0,0.3333333333333333,1.0,1.0,22.0,1.0,9.0,4,9.0,1,2,1,1,2,34,34,57,0.2807,0.0,0.0921,0.0244,T1,False,none
1b7b582f-9b44-4b6b-86b0-a938841380dd,1.0,0.1111111111111111,1.0,517.68,517.68,0.0,57,1,1.0,1.0,5.0,1.0,1.0,1.0,1.0,1.0,4.0,1.0,1.0,1.0,0.1111111111111111,517.68,517.68,1.0,0.0,1.0,0.0,1.0,1.0,18.0,2.0,12.0,3,3.0,1,1,1,1,1,24,24,173,0.0954,0.0,0.2136,0.1548,T1,False,none
af6ba481-5f61-4bef-8802-71f0e64c0b8c,5.0,0.5555555555555556,5.0,12342.65,2468.5299999999997,1101.7264470139582,19,0,2.0,2.5,7.0,2.0,1.0,0.8,3.0,1.6666666666666667,7.0,3.0,1.0,0.6,0.5555555555555556,2468.5299999999997,3890.47,0.3152054056462753,166.21833333333333,1.0,0.2,1.0,1.0,29.0,1.0,15.0,6,15.0,2,3,1,2,3,48,48,103,0.2271,0.0,0.2014,0.1192,T1,False,none
93c26c8a-1655-4fef-857e-f54506d3d8e6,2.0,0.2222222222222222,2.0,5714.04,2857.02,623.7247495490298,64,1,1.0,2.0,3.0,1.0,1.0,1.0,2.0,1.0,6.0,2.0,1.0,0.5,0.2222222222222222,2857.02,3298.06,0.5771853189687156,36.386944444444445,6.0,0.5,1.0,1.0,18.0,2.0,58.0,4,6.0,1,2,1,1,2,28,28,103,0.2271,0.0,0.2014,0.1192,T1,False,none
b7faf2a3-ff2a-4d36-a589-23b2cc60d155,3.0,0.3333333333333333,3.0,7375.18,2458.3933333333334,717.348299944548,34,1,1.0,3.0,5.0,1.0,1.0,1.0,2.0,1.5,4.0,2.0,1.0,0.6666666666666666,0.3333333333333333,2458.3933333333334,2975.51,0.4034491361566769,218.79055555555556,3.0,0.3333333333333333,2.0,0.6666666666666666,13.0,0.0,37.666666666666664,5,9.0,1,2,2,1,2,30,30,126,0.1498,0.0,0.1572,0.1186,T1,False,none
7a7d695b-70ba-40f6-8aa6-f5181efe1a67,3.0,0.3333333333333333,3.0,4566.1,1522.0333333333335,1195.6981208621737,35,1,1.0,3.0,7.0,1.0,1.0,1.0,3.0,1.0,6.0,3.0,1.0,0.3333333333333333,0.3333333333333333,1522.0333333333335,2865.17,0.6274873524451939,91.82805555555555,5.0,0.3333333333333333,2.0,0.6666666666666666,19.0,0.0,27.666666666666668,6,9.0,1,3,2,1,3,51,52,121,0.1362,0.0,0.2722,0.12,T1,False,none
974fda3f-8df4-459c-9a19-3bbd3c1755fb,4.0,0.4444444444444444,2.0,6243.469999999999,1560.8674999999998,2264.941556528924,84,1,3.0,1.3333333333333333,11.0,3.0,1.0,0.5,1.0,4.0,4.0,1.0,1.0,1.0,0.4444444444444444,1560.8674999999998,4847.28,0.776375957600501,68.54722222222222,19.0,0.0,2.0,0.5,22.0,2.0,70.0,6,12.0,3,1,2,3,1,58,61,59,0.2957,0.0,0.0649,0.0215,T1,False,none
cea39f54-e088-4501-93b2-9a38f9cf68a2,2.0,0.2222222222222222,2.0,4937.29,2468.645,2410.1239661996638,59,0,1.0,2.0,10.0,1.0,1.0,1.0,2.0,1.0,6.0,2.0,1.0,0.5,0.2222222222222222,2468.645,4172.86,0.8451721490939361,118.89805555555556,12.0,0.5,2.0,0.5,19.0,0.0,78.5,5,6.0,1,2,2,1,2,52,52,173,0.0954,0.0,0.2136,0.1548,T1,False,none
d6e8162e-4e85-4c14-a388-c85c263af0ad,5.0,0.5555555555555556,4.0,10555.68,2111.136,1643.7650805178944,64,0,2.0,2.5,7.0,2.0,1.0,0.8,2.0,2.5,3.0,2.0,1.0,0.8,0.5555555555555556,2111.136,4359.94,0.4130420778197141,138.44472222222223,1.0,0.2,1.0,1.0,21.0,2.0,77.0,5,15.0,2,2,1,2,2,35,35,143,0.1277,0.0,0.241,0.0927,T1,False,none
4143e7e4-bab8-40f1-8bc6-6cbc591f9378,4.0,0.4444444444444444,3.0,3008.6,752.15,819.9833416600608,29,1,1.0,4.0,8.0,1.0,1.0,1.0,2.0,2.0,6.0,2.0,1.0,0.75,0.4444444444444444,752.15,1812.7,0.6025061490394203,159.19833333333332,11.0,0.5,2.0,0.5,22.0,0.0,75.0,5,12.0,1,2,2,1,2,45,45,104,0.1637,0.0,0.1654,0.1067,T1,False,none
c448ffdd-088b-483b-ae33-7940d88d57e0,4.0,0.4444444444444444,4.0,10983.93,2745.9825,1455.7578692528734,85,0,3.0,1.3333333333333333,9.0,3.0,1.0,0.5,2.0,2.0,5.0,2.0,1.0,0.75,0.4444444444444444,2745.9825,4320.9,0.3933837888624563,170.68333333333334,0.0,0.25,3.0,0.5,22.0,3.0,55.5,8,12.0,3,2,3,3,2,82,83,78,0.2521,0.0,0.1237,0.0763,T1,False,none
0d4a6a75-e09a-4a18-b381-403f3973f7e0,2.0,0.2222222222222222,2.0,1223.3400000000001,611.6700000000001,380.8335702114508,60,1,2.0,1.0,12.0,2.0,1.0,0.5,1.0,2.0,4.0,1.0,1.0,1.0,0.2222222222222222,611.6700000000001,880.96,0.7201268657936468,61.36277777777778,10.0,0.5,1.0,1.0,24.0,3.0,29.0,4,6.0,2,1,1,2,1,40,40,126,0.1498,0.0,0.1572,0.1186,T1,False,none
91910e6e-0155-4c9d-9281-7472bc088ea7,2.0,0.2222222222222222,2.0,1297.8600000000001,648.9300000000001,10.762165209659152,81,0,1.0,2.0,4.0,1.0,1.0,1.0,1.0,2.0,12.0,1.0,1.0,1.0,0.2222222222222222,648.9300000000001,656.54,0.5058634983742467,141.3488888888889,8.0,0.0,1.0,1.0,19.0,3.0,70.0,3,6.0,1,1,1,1,1,32,32,59,0.2957,0.0,0.0649,0.0215,T1,False,none
c4d800bc-55c3-4909-990c-1749a4475374,3.0,0.3333333333333333,3.0,8412.119999999999,2804.0399999999995,255.3203989108586,89,0,2.0,1.5,9.0,2.0,1.0,0.6666666666666666,1.0,3.0,4.0,1.0,1.0,1.0,0.3333333333333333,2804.0399999999995,3077.85,0.3658827976776366,109.48694444444445,4.0,0.3333333333333333,1.0,1.0,18.0,1.0,42.0,4,9.0,2,1,1,2,1,30,31,167,0.1063,0.0,0.25,0.1704,T1,False,none
a460ff2c-85ac-4ae7-bdad-2e6f9b40298b,2.0,0.2222222222222222,2.0,1609.21,804.605,114.14824768694442,62,1,2.0,1.0,13.0,2.0,1.0,0.5,2.0,1.0,12.0,2.0,1.0,0.5,0.2222222222222222,804.605,885.32,0.5501581521367628,27.41583333333333,20.0,0.0,1.0,1.0,18.0,1.0,8.0,5,6.0,2,2,1,2,2,49,49,121,0.1433,0.0,0.2418,0.1111,T1,False,none
c294279f-c960-460e-9c2f-d48c7090de44,3.0,0.3333333333333333,3.0,8528.22,2842.74,1306.2026294185753,81,1,2.0,1.5,11.0,2.0,1.0,0.6666666666666666,2.0,1.5,5.0,2.0,1.0,0.6666666666666666,0.3333333333333333,2842.74,3956.0,0.4638717106266021,111.6061111111111,1.0,0.3333333333333333,2.0,0.6666666666666666,23.0,3.0,36.333333333333336,6,9.0,2,2,2,2,2,63,63,89,0.2028,0.0,0.1043,0.0515,T1,False,none
22782af5-7311-4ac4-b6c3-3764d288baf7,0.0,0.0,0.0,0.0,0.0,0.0,44,1,0.0,0.0,0.0,0.0,0.0,0.0,0.0,0.0,0.0,0.0,0.0,0.0,0.0,0.0,0.0,0.0,0.0,0.0,0.0,0.0,0.0,0.0,0.0,0.0,0,0.0,0,0,0,0,0,0,0,1,0.0,0.0,0.0,0.0,T1,False,none
9cf75386-faa7-4839-940d-bb5cf258593f,4.0,0.4444444444444444,3.0,11767.31,2941.8275,1689.6754909621948,49,1,1.0,4.0,4.0,1.0,1.0,1.0,3.0,1.3333333333333333,4.0,3.0,1.0,0.5,0.4444444444444444,2941.8275,4661.02,0.3960990234811525,105.13277777777778,11.0,0.25,4.0,0.25,24.0,0.0,29.0,8,12.0,1,3,4,1,3,79,81,50,0.3086,0.0,0.0411,0.037,T1,False,none
3604e3c8-2054-48a0-aa15-d95489bad844,5.0,0.5555555555555556,3.0,11297.07,2259.4139999999998,1637.3179113660242,56,0,1.0,5.0,3.0,1.0,1.0,1.0,2.0,2.5,6.0,2.0,1.0,0.8,0.5555555555555556,2259.4139999999998,4429.64,0.39210520958089135,97.92666666666666,6.0,0.0,2.0,0.8,18.0,1.0,10.8,5,15.0,1,2,2,1,2,43,43,126,0.1498,0.0,0.1572,0.1186,T1,False,none
367488ca-4600-4db7-8444-65fbdc12280a,3.0,0.3333333333333333,3.0,9861.51,3287.17,1454.918645801201,34,1,1.0,3.0,11.0,1.0,1.0,1.0,2.0,1.5,8.0,2.0,1.0,0.6666666666666666,0.3333333333333333,3287.17,4966.87,0.5036622180578836,187.61111111111111,1.0,0.0,1.0,1.0,23.0,3.0,77.0,4,9.0,1,2,1,1,2,39,40,86,0.1967,0.0,0.161,0.0515,T1,False,none
042b72d7-8657-49ba-a68a-8a7f7d879a47,4.0,0.4444444444444444,4.0,10254.76,2563.69,1486.0579538272839,72,0,2.0,2.0,9.0,2.0,1.0,0.75,1.0,4.0,5.0,1.0,1.0,1.0,0.4444444444444444,2563.69,4536.09,0.44233994749755234,200.59916666666666,8.0,0.5,3.0,0.5,21.0,1.0,54.0,6,12.0,2,1,3,2,1,73,75,173,0.0954,0.0,0.2136,0.1548,T1,False,none
e217dad9-6709-43b1-a320-74dd0880bb3e,1.0,0.1111111111111111,1.0,1884.98,1884.98,0.0,42,1,1.0,1.0,11.0,1.0,1.0,1.0,1.0,1.0,4.0,1.0,1.0,1.0,0.1111111111111111,1884.98,1884.98,1.0,0.0,22.0,1.0,1.0,1.0,22.0,0.0,81.0,3,3.0,1,1,1,1,1,34,34,104,0.1637,0.0,0.1654,0.1067,T1,False,none
09e1dd33-c0fd-47d0-b600-91ec0d13dadb,3.0,0.3333333333333333,3.0,5664.45,1888.1499999999999,1871.5749906429078,42,0,1.0,3.0,4.0,1.0,1.0,1.0,3.0,1.0,6.0,3.0,1.0,0.3333333333333333,0.3333333333333333,1888.1499999999999,3902.19,0.6888912427508408,217.09666666666666,0.0,0.3333333333333333,2.0,0.6666666666666666,22.0,2.0,30.0,6,9.0,1,3,2,1,3,51,51,167,0.1063,0.0,0.25,0.1704,T1,False,none
b573e26d-0c98-4972-a62d-b965ec920573,3.0,0.3333333333333333,3.0,7745.21,2581.7366666666667,1866.1789586299953,75,1,2.0,1.5,10.0,2.0,1.0,0.6666666666666666,2.0,1.5,6.0,2.0,1.0,0.6666666666666666,0.3333333333333333,2581.7366666666667,4602.21,0.5942008028187744,211.365,16.0,0.0,1.0,1.0,23.0,1.0,49.0,5,9.0,2,2,1,2,2,47,48,121,0.1433,0.0,0.2418,0.1111,T1,False,none
efd89e20-3f8f-4227-a9b1-d97de591cbb5,3.0,0.3333333333333333,2.0,4691.6900000000005,1563.8966666666668,847.2174962979302,25,0,2.0,1.5,7.0,2.0,1.0,0.6666666666666666,2.0,1.5,4.0,1.0,0.5,0.6666666666666666,0.3333333333333333,1563.8966666666668,2540.25,0.5414360283820968,192.82166666666666,18.0,0.0,2.0,0.6666666666666666,28.0,1.0,59.333333333333336,6,9.0,2,2,2,2,1,68,68,65,0.3611,0.0,0.0889,0.0707,T1,False,none
384e3d7a-dcc9-4a01-8a86-95528e6829e2,2.0,0.2222222222222222,2.0,5865.6,2932.8,160.65466068558396,52,0,1.0,2.0,10.0,1.0,1.0,1.0,1.0,2.0,2.0,1.0,1.0,1.0,0.2222222222222222,2932.8,3046.4,0.5193671576650299,149.16694444444445,0.0,0.0,2.0,0.5,22.0,1.0,24.0,4,6.0,1,1,2,1,1,48,49,86,0.1967,0.0,0.161,0.0515,T1,False,none
1d3b39e9-fa08-4d47-a1f2-cd8fc314a767,4.0,0.4444444444444444,3.0,13318.2,3329.55,356.85910665135054,77,1,2.0,2.0,7.0,2.0,1.0,0.75,1.0,4.0,5.0,1.0,1.0,1.0,0.4444444444444444,3329.55,3808.12,0.28593353456172754,137.7097222222222,4.0,0.25,3.0,0.5,23.0,2.0,16.5,6,12.0,2,1,3,2,1,71,73,66,0.3865,0.0,0.1807,0.0805,T1,False,none
2ad0e7a8-f266-4dfd-b1e2-d8260c9e2927,1.0,0.1111111111111111,1.0,601.87,601.87,0.0,51,1,1.0,1.0,11.0,1.0,1.0,1.0,1.0,1.0,2.0,1.0,1.0,1.0,0.1111111111111111,601.87,601.87,1.0,0.0,20.0,0.0,1.0,1.0,19.0,3.0,40.0,3,3.0,1,1,1,1,1,28,29,121,0.1362,0.0,0.2722,0.12,T1,False,none
d0b509b2-9f3a-471a-9bd3-0191cf754e76,2.0,0.2222222222222222,2.0,4610.09,2305.045,444.12669819545874,43,0,2.0,1.0,9.0,2.0,1.0,0.5,1.0,2.0,6.0,1.0,1.0,1.0,0.2222222222222222,2305.045,2619.09,0.5681212297373804,36.13,10.0,0.5,1.0,1.0,22.0,0.0,81.0,4,6.0,2,1,1,2,1,38,38,104,0.1637,0.0,0.1654,0.1067,T1,False,none
500e1e6c-34ff-4b48-85af-6ed4820bca3b,5.0,0.5555555555555556,5.0,15112.720000000001,3022.5440000000003,1221.302558349077,49,1,2.0,2.5,5.0,2.0,1.0,0.8,1.0,5.0,4.0,1.0,1.0,1.0,0.5555555555555556,3022.5440000000003,4335.79,0.28689673334780236,149.8072222222222,5.0,0.6,3.0,0.4,14.0,0.0,21.0,6,15.0,2,1,3,2,1,49,49,167,0.1063,0.0,0.25,0.1704,T1,False,none
218f72ba-8f7d-4c28-97ae-463a7674ae84,2.0,0.2222222222222222,2.0,1617.0,808.5,32.838038918303305,54,1,2.0,1.0,10.0,2.0,1.0,0.5,1.0,2.0,5.0,1.0,1.0,1.0,0.2222222222222222,808.5,831.72,0.5143599257884972,121.01666666666667,20.0,0.0,2.0,0.5,20.0,0.0,77.0,5,6.0,2,1,2,2,1,51,51,173,0.0954,0.0,0.2136,0.1548,T1,False,none
fb15d397-a0e0-4580-879a-aef6a1ff15d7,3.0,0.3333333333333333,3.0,7912.74,2637.58,1379.74856887043,80,0,2.0,1.5,10.0,2.0,1.0,0.6666666666666666,1.0,3.0,2.0,1.0,1.0,1.0,0.3333333333333333,2637.58,3857.71,0.4875314998344442,75.85833333333333,5.0,0.6666666666666666,2.0,0.6666666666666666,20.0,1.0,37.0,5,9.0,2,1,2,2,1,49,51,126,0.1498,0.0,0.1572,0.1186,T1,False,none
c7a355cf-4e8c-45f6-bdd5-23306c3a74f1,3.0,0.3333333333333333,3.0,6795.639999999999,2265.213333333333,1075.145150495194,39,1,3.0,1.0,11.0,3.0,1.0,0.3333333333333333,2.0,1.5,6.0,1.0,0.5,0.6666666666666666,0.3333333333333333,2265.213333333333,3489.6,0.5135057183723682,134.8086111111111,1.0,0.3333333333333333,1.0,1.0,17.0,3.0,21.0,6,9.0,3,2,1,3,1,42,43,103,0.2271,0.0,0.2014,0.1192,T1,False,none
c90fd6d6-b077-46f2-8466-5ac94d5faba6,3.0,0.3333333333333333,3.0,3954.59,1318.1966666666667,1076.8822528175183,28,1,3.0,1.0,9.0,3.0,1.0,0.3333333333333333,2.0,1.5,7.0,2.0,1.0,0.6666666666666666,0.3333333333333333,1318.1966666666667,2427.38,0.6138133156660994,116.64694444444444,1.0,0.0,3.0,0.3333333333333333,21.0,3.0,77.0,8,9.0,3,2,3,3,2,66,68,143,0.1277,0.0,0.241,0.0927,T1,False,none
d7066456-f1b0-4f53-ace0-8187dd01f392,1.0,0.1111111111111111,1.0,4469.09,4469.09,0.0,61,1,1.0,1.0,11.0,1.0,1.0,1.0,1.0,1.0,3.0,1.0,1.0,1.0,0.1111111111111111,4469.09,4469.09,1.0,0.0,17.0,0.0,1.0,1.0,18.0,1.0,73.0,3,3.0,1,1,1,1,1,29,29,121,0.1362,0.0,0.2722,0.12,T1,False,none
16d1e353-0489-40bd-8ffe-cd93dee767cf,5.0,0.5555555555555556,5.0,15449.330000000002,3089.8660000000004,749.2959750192176,73,1,3.0,1.6666666666666667,9.0,3.0,1.0,0.4,1.0,5.0,5.0,1.0,1.0,1.0,0.5555555555555556,3089.8660000000004,3800.84,0.2460197303054566,145.4638888888889,21.0,0.0,4.0,0.4,22.0,0.0,45.0,8,15.0,3,1,4,3,1,88,88,86,0.1967,0.0,0.161,0.0515,T1,False,none
305de59e-9140-4bbe-834b-4646ba1f59d6,3.0,0.3333333333333333,3.0,4778.8099999999995,1592.9366666666665,1410.706601683473,42,1,1.0,3.0,9.0,1.0,1.0,1.0,2.0,1.5,8.0,2.0,1.0,0.6666666666666666,0.3333333333333333,1592.9366666666665,3053.94,0.639058677787985,212.62055555555557,8.0,0.0,2.0,0.6666666666666666,21.0,2.0,51.666666666666664,5,9.0,1,2,2,1,2,59,59,167,0.1063,0.0,0.25,0.1704,T1,False,none
5f643c11-427b-4cda-93cb-9d241fc93e91,2.0,0.2222222222222222,2.0,8267.09,4133.545,835.6375808028265,21,1,2.0,1.0,11.0,2.0,1.0,0.5,2.0,1.0,4.0,1.0,0.5,0.5,0.2222222222222222,4133.545,4724.43,0.5714743640144235,85.33888888888889,10.0,0.5,1.0,1.0,20.0,2.0,1.0,5,6.0,2,2,1,2,1,36,36,89,0.2028,0.0,0.1043,0.0515,T1,False,none
a382015f-8708-4203-aa1f-66c40947a899,4.0,0.4444444444444444,4.0,10486.93,2621.7325,1495.057825333745,13,0,1.0,4.0,8.0,1.0,1.0,1.0,1.0,4.0,3.0,1.0,1.0,1.0,0.4444444444444444,2621.7325,4470.31,0.4262744196824047,140.66416666666666,9.0,0.25,4.0,0.25,22.0,3.0,74.25,6,12.0,1,1,4,1,1,74,74,64,0.3686,0.0,0.1444,0.0659,T1,False,none
9e02f7b9-29a8-4087-87aa-a77c20713864,2.0,0.2222222222222222,2.0,7672.379999999999,3836.1899999999996,1195.844846207065,38,0,1.0,2.0,11.0,1.0,1.0,1.0,1.0,2.0,2.0,1.0,1.0,1.0,0.2222222222222222,3836.1899999999996,4681.78,0.6102122157661638,179.12694444444443,2.0,0.0,2.0,0.5,20.0,0.0,35.0,4,6.0,1,1,2,1,1,48,48,78,0.2521,0.0,0.1237,0.0763,T1,False,none
5f1b2725-72cb-4f03-b4da-8e57ef270fb1,1.0,0.1111111111111111,1.0,3035.35,3035.35,0.0,14,1,1.0,1.0,4.0,1.0,1.0,1.0,1.0,1.0,7.0,1.0,1.0,1.0,0.1111111111111111,3035.35,3035.35,1.0,0.0,4.0,0.0,1.0,1.0,9.0,0.0,10.0,3,3.0,1,1,1,1,1,17,17,173,0.0954,0.0,0.2136,0.1548,T1,False,none
80fecd74-6eb7-4563-b709-557eb74a502e,5.0,0.5555555555555556,5.0,16069.07,3213.814,1706.7544210811348,55,1,1.0,5.0,7.0,1.0,1.0,1.0,1.0,5.0,6.0,1.0,1.0,1.0,0.5555555555555556,3213.814,4896.65,0.3047251645552605,175.84277777777777,4.0,0.4,1.0,1.0,17.0,1.0,35.0,3,15.0,1,1,1,1,1,27,27,104,0.1637,0.0,0.1654,0.1067,T1,False,none
678b504e-0801-4fbe-8593-c6b435207893,4.0,0.4444444444444444,3.0,14054.16,3513.54,2180.0235457444032,58,0,1.0,4.0,7.0,1.0,1.0,1.0,2.0,2.0,4.0,2.0,1.0,0.75,0.4444444444444444,3513.54,4685.8,0.3334101789078821,133.25861111111112,2.0,0.0,4.0,0.25,22.0,0.0,45.0,7,12.0,1,2,4,1,2,82,87,64,0.3686,0.0,0.1444,0.0659,T1,False,none
c4b9a09b-b087-465b-bb8c-9e1d3b72729d,0.0,0.0,0.0,0.0,0.0,0.0,21,1,0.0,0.0,0.0,0.0,0.0,0.0,0.0,0.0,0.0,0.0,0.0,0.0,0.0,0.0,0.0,0.0,0.0,0.0,0.0,0.0,0.0,0.0,0.0,0.0,0,0.0,0,0,0,0,0,0,0,1,0.0,0.0,0.0,0.0,T1,False,none
f8f4684f-b99c-4666-9f77-6cd84302344e,5.0,0.5555555555555556,4.0,6915.0599999999995,1383.012,1271.6057215269202,27,1,3.0,1.6666666666666667,9.0,3.0,1.0,0.4,3.0,1.6666666666666667,12.0,2.0,0.6666666666666666,0.6,0.5555555555555556,1383.012,3316.45,0.47959815243830134,161.12944444444443,4.0,0.0,3.0,0.6,22.0,2.0,6.8,9,15.0,3,3,3,3,2,82,83,167,0.1063,0.0,0.25,0.1704,T1,False,none
951c4657-a8b2-4971-873a-38026fee24fe,4.0,0.4444444444444444,3.0,7699.43,1924.8575,695.5293196491912,13,0,2.0,2.0,10.0,2.0,1.0,0.5,2.0,2.0,5.0,2.0,1.0,0.5,0.4444444444444444,1924.8575,2534.21,0.32914254691581063,162.62694444444443,5.0,0.0,2.0,0.5,19.0,1.0,64.5,6,12.0,2,2,2,2,2,56,57,167,0.1063,0.0,0.25,0.1704,T1,False,none
2f22c003-f7be-471d-a566-e6a12cb7eae6,1.0,0.1111111111111111,1.0,2785.38,2785.38,0.0,79,1,1.0,1.0,6.0,1.0,1.0,1.0,1.0,1.0,2.0,1.0,1.0,1.0,0.1111111111111111,2785.38,2785.38,1.0,0.0,10.0,0.0,1.0,1.0,13.0,3.0,52.0,3,3.0,1,1,1,1,1,18,18,143,0.1277,0.0,0.241,0.0927,T1,False,none
f443cf4f-8654-4fda-b003-a1626c7e4fd7,5.0,0.5555555555555556,4.0,9381.93,1876.386,1506.1446232616574,24,1,1.0,5.0,5.0,1.0,1.0,1.0,1.0,5.0,2.0,1.0,1.0,1.0,0.5555555555555556,1876.386,4144.28,0.44173000651251926,205.71166666666667,2.0,0.0,3.0,0.6,26.0,0.0,46.4,5,15.0,1,1,3,1,1,62,63,89,0.2028,0.0,0.1043,0.0515,T1,False,none
5f921b31-4ffb-4e24-9159-0e2e3039c770,4.0,0.4444444444444444,3.0,9117.55,2279.3875,1283.5023180442645,39,0,2.0,2.0,9.0,2.0,1.0,0.75,1.0,4.0,2.0,1.0,1.0,1.0,0.4444444444444444,2279.3875,3683.81,0.404035075212091,128.92888888888888,2.0,0.25,2.0,0.5,23.0,0.0,50.5,5,12.0,2,1,2,2,1,54,54,173,0.0954,0.0,0.2136,0.1548,T1,False,none
28cfb4d2-d212-4d33-916a-fa4a0917da0d,3.0,0.3333333333333333,2.0,7449.97,2483.3233333333333,164.22782843761073,38,1,2.0,1.5,11.0,2.0,1.0,0.6666666666666666,1.0,3.0,7.0,1.0,1.0,1.0,0.3333333333333333,2483.3233333333333,2637.73,0.3540591438623243,50.33722222222222,0.0,0.6666666666666666,3.0,0.3333333333333333,26.0,1.0,24.666666666666668,6,9.0,2,1,3,2,1,85,85,74,0.2714,0.0,0.1287,0.0855,T1,False,none
e560180f-b949-4f7e-a799-858f34c6e636,5.0,0.5555555555555556,3.0,6706.64,1341.328,976.380190176962,89,1,2.0,2.5,8.0,2.0,1.0,0.8,2.0,2.5,7.0,2.0,1.0,0.8,0.5555555555555556,1341.328,2977.25,0.44392572137463765,98.9786111111111,8.0,0.8,2.0,0.8,21.0,0.0,55.4,6,15.0,2,2,2,2,2,57,59,167,0.1063,0.0,0.25,0.1704,T1,False,none
8a6a513c-c532-4124-8ae2-e2f21cce7203,1.0,0.1111111111111111,1.0,2888.44,2888.44,0.0,74,1,1.0,1.0,5.0,1.0,1.0,1.0,1.0,1.0,5.0,1.0,1.0,1.0,0.1111111111111111,2888.44,2888.44,1.0,0.0,7.0,0.0,1.0,1.0,18.0,2.0,12.0,3,3.0,1,1,1,1,1,25,25,173,0.0954,0.0,0.2136,0.1548,T1,False,none
a84df7f8-0a3e-41ca-bb00-bf6e7d9fc1b6,4.0,0.4444444444444444,4.0,9745.55,2436.3875,1691.3819512728835,17,1,2.0,2.0,11.0,2.0,1.0,0.75,1.0,4.0,6.0,1.0,1.0,1.0,0.4444444444444444,2436.3875,4053.42,0.41592521715039177,77.33111111111111,3.0,0.5,3.0,0.5,22.0,0.0,74.5,6,12.0,2,1,3,2,1,70,71,89,0.2028,0.0,0.1043,0.0515,T1,False,none
fd8bea15-53b4-44ec-8024-11bb456c4aaa,3.0,0.3333333333333333,3.0,10548.78,3516.26,518.0917477628844,46,1,2.0,1.5,8.0,2.0,1.0,0.6666666666666666,2.0,1.5,7.0,1.0,0.5,0.6666666666666666,0.3333333333333333,3516.26,4052.51,0.38416859579970386,230.8863888888889,2.0,0.0,2.0,0.6666666666666666,17.0,1.0,37.333333333333336,6,9.0,2,2,2,2,1,47,49,143,0.1277,0.0,0.241,0.0927,T1,False,none
08c24aff-1caf-45ae-bb77-1faf6adc73e7,4.0,0.4444444444444444,3.0,12084.05,3021.0125,1076.5663812131295,61,0,1.0,4.0,6.0,1.0,1.0,1.0,2.0,2.0,6.0,2.0,1.0,0.5,0.4444444444444444,3021.0125,3983.37,0.32963865591420094,141.01638888888888,7.0,0.25,2.0,0.75,23.0,3.0,49.25,5,12.0,1,2,2,1,2,53,54,89,0.2028,0.0,0.1043,0.0515,T1,False,none
50aefd69-bc4c-4d83-9832-996537119164,3.0,0.3333333333333333,3.0,8714.470000000001,2904.8233333333337,1276.2438994304082,19,1,2.0,1.5,15.0,2.0,1.0,0.6666666666666666,1.0,3.0,5.0,1.0,1.0,1.0,0.3333333333333333,2904.8233333333337,4206.64,0.48271897200862474,67.57527777777777,12.0,0.3333333333333333,3.0,0.3333333333333333,24.0,0.0,53.333333333333336,6,9.0,2,1,3,2,1,74,77,89,0.2028,0.0,0.1043,0.0515,T1,False,none
1f60250a-30b0-454a-b7a6-aed48a861d6c,5.0,0.5555555555555556,5.0,13820.39,2764.078,1279.6303823643764,43,0,1.0,5.0,7.0,1.0,1.0,1.0,4.0,1.25,7.0,4.0,1.0,0.4,0.5555555555555556,2764.078,3800.67,0.2750045403928543,120.11194444444445,12.0,0.2,2.0,0.6,21.0,2.0,51.8,7,15.0,1,4,2,1,4,54,54,167,0.1063,0.0,0.25,0.1704,T1,False,none
e49beb7f-ed00-4d81-b275-5c2a9ec749cd,1.0,0.1111111111111111,1.0,1063.5,1063.5,0.0,60,0,1.0,1.0,7.0,1.0,1.0,1.0,1.0,1.0,7.0,1.0,1.0,1.0,0.1111111111111111,1063.5,1063.5,1.0,0.0,11.0,0.0,1.0,1.0,15.0,3.0,39.0,3,3.0,1,1,1,1,1,25,26,143,0.1277,0.0,0.241,0.0927,T1,False,none
e0a084d7-91ec-41dc-b8be-d90e28088fc3,6.0,0.6666666666666666,6.0,15056.640000000001,2509.44,1419.1823665618172,65,1,1.0,6.0,10.0,1.0,1.0,1.0,1.0,6.0,4.0,1.0,1.0,1.0,0.6666666666666666,2509.44,4371.52,0.2903383490606138,166.40666666666667,21.0,0.16666666666666666,3.0,0.5,23.0,2.0,35.5,5,18.0,1,1,3,1,1,73,75,66,0.3865,0.0,0.1807,0.0805,T1,False,none
0092706f-f1bc-41c1-bc50-f4f3d3785480,3.0,0.3333333333333333,2.0,5296.59,1765.53,2594.0968105874535,43,1,1.0,3.0,4.0,1.0,1.0,1.0,2.0,1.5,6.0,2.0,1.0,0.6666666666666666,0.3333333333333333,1765.53,4755.16,0.8977776267372025,88.54194444444444,0.0,0.3333333333333333,2.0,0.6666666666666666,20.0,3.0,72.0,5,9.0,1,2,2,1,2,41,41,143,0.1277,0.0,0.241,0.0927,T1,False,none
4162bfb0-63f2-47d6-be19-d69860adc966,5.0,0.5555555555555556,4.0,8772.58,1754.516,1431.1622229432971,36,0,3.0,1.6666666666666667,10.0,3.0,1.0,0.6,3.0,1.6666666666666667,5.0,3.0,1.0,0.6,0.5555555555555556,1754.516,3578.69,0.40794042345581344,151.3813888888889,0.0,0.0,2.0,0.8,29.0,1.0,38.8,8,15.0,3,3,2,3,3,70,70,104,0.1637,0.0,0.1654,0.1067,T1,False,none
87070784-88be-41d3-9e35-33b5a2aed711,2.0,0.2222222222222222,2.0,5599.71,2799.855,1579.5704831535693,50,0,2.0,1.0,11.0,2.0,1.0,0.5,1.0,2.0,2.0,1.0,1.0,1.0,0.2222222222222222,2799.855,3916.78,0.6994612220990016,155.90166666666667,1.0,0.0,2.0,0.5,23.0,0.0,38.5,5,6.0,2,1,2,2,1,59,59,143,0.1277,0.0,0.241,0.0927,T1,False,none
4763dbaa-2658-49d3-a7aa-11d2d60eb68f,1.0,0.1111111111111111,1.0,4498.45,4498.45,0.0,24,1,1.0,1.0,6.0,1.0,1.0,1.0,1.0,1.0,5.0,1.0,1.0,1.0,0.1111111111111111,4498.45,4498.45,1.0,0.0,9.0,1.0,1.0,1.0,15.0,1.0,25.0,3,3.0,1,1,1,1,1,23,23,118,0.1482,0.0,0.2319,0.119,T1,False,none
e030a934-bde3-4714-8d67-52f9ba947e21,1.0,0.1111111111111111,1.0,1790.04,1790.04,0.0,34,0,1.0,1.0,12.0,1.0,1.0,1.0,1.0,1.0,3.0,1.0,1.0,1.0,0.1111111111111111,1790.04,1790.04,1.0,0.0,6.0,0.0,1.0,1.0,23.0,0.0,16.0,3,3.0,1,1,1,1,1,35,35,143,0.1277,0.0,0.241,0.0927,T1,False,none
a6ec7b4f-54dd-4554-89e2-aafa63cf67c7,3.0,0.3333333333333333,2.0,9047.35,3015.7833333333333,684.2213431582893,41,0,2.0,1.5,7.0,2.0,1.0,0.6666666666666666,1.0,3.0,2.0,1.0,1.0,1.0,0.3333333333333333,3015.7833333333333,3736.11,0.41295075353556565,132.17944444444444,4.0,0.0,3.0,0.3333333333333333,21.0,3.0,28.333333333333332,6,9.0,2,1,3,2,1,69,70,121,0.1362,0.0,0.2722,0.12,T1,False,none
ff4ee2c6-4005-4c08-8572-4a0f2f065cad,4.0,0.4444444444444444,3.0,8781.82,2195.455,1102.1229427639491,41,0,3.0,1.3333333333333333,7.0,3.0,1.0,0.5,2.0,2.0,3.0,1.0,0.5,0.75,0.4444444444444444,2195.455,2850.73,0.32461722057614484,92.86694444444444,1.0,0.0,4.0,0.25,29.0,1.0,17.5,9,12.0,3,2,4,3,1,99,103,103,0.2271,0.0,0.2014,0.1192,T1,False,none
fb80744a-948a-417d-8548-dfc089c59885,6.0,0.6666666666666666,5.0,11488.64,1914.7733333333333,660.3200839794793,36,0,1.0,6.0,6.0,1.0,1.0,1.0,2.0,3.0,8.0,2.0,1.0,0.5,0.6666666666666666,1914.7733333333333,2601.98,0.22648285610829483,170.44722222222222,13.0,0.16666666666666666,2.0,0.6666666666666666,30.0,0.0,37.0,5,18.0,1,2,2,1,2,63,64,66,0.3865,0.0,0.1807,0.0805,T1,False,none
5ccabb6a-b1bb-4535-b910-c932ddc8fa33,2.0,0.2222222222222222,2.0,697.95,348.975,211.0360188451251,17,0,1.0,2.0,4.0,1.0,1.0,1.0,2.0,1.0,3.0,2.0,1.0,0.5,0.2222222222222222,348.975,498.2,0.7138047138047138,119.89222222222222,21.0,0.0,1.0,1.0,22.0,1.0,9.0,4,6.0,1,2,1,1,2,27,27,57,0.2807,0.0,0.0921,0.0244,T1,False,none
5ef35f5c-36bd-4812-a611-c98969a4a266,3.0,0.3333333333333333,2.0,6841.51,2280.5033333333336,2315.850743686504,25,0,1.0,3.0,10.0,1.0,1.0,1.0,2.0,1.5,10.0,2.0,1.0,0.6666666666666666,0.3333333333333333,2280.5033333333336,4939.46,0.7219838895214653,34.130833333333335,1.0,0.0,2.0,0.6666666666666666,21.0,2.0,52.333333333333336,5,9.0,1,2,2,1,2,49,51,143,0.1277,0.0,0.241,0.0927,T1,False,none
597fd6d7-2f96-433c-b46b-fe37f89cb3da,5.0,0.5555555555555556,4.0,18141.77,3628.3540000000003,2018.4934327438373,44,1,1.0,5.0,4.0,1.0,1.0,1.0,2.0,2.5,6.0,2.0,1.0,0.8,0.5555555555555556,3628.3540000000003,4826.19,0.2660264130787679,176.67694444444444,4.0,0.0,4.0,0.4,29.0,2.0,32.6,7,15.0,1,2,4,1,2,91,91,103,0.2271,0.0,0.2014,0.1192,T1,False,none
4d5538a0-c4ee-46ba-b61e-d7fdf000e8bb,1.0,0.1111111111111111,1.0,4680.04,4680.04,0.0,28,0,1.0,1.0,9.0,1.0,1.0,1.0,1.0,1.0,3.0,1.0,1.0,1.0,0.1111111111111111,4680.04,4680.04,1.0,0.0,18.0,1.0,1.0,1.0,17.0,1.0,35.0,3,3.0,1,1,1,1,1,26,26,104,0.1637,0.0,0.1654,0.1067,T1,False,none
0fb9933e-7490-45bf-86ac-2692a08ceb32,4.0,0.4444444444444444,4.0,14470.6,3617.65,1035.0995718287204,31,1,2.0,2.0,7.0,2.0,1.0,0.75,1.0,4.0,3.0,1.0,1.0,1.0,0.4444444444444444,3617.65,4432.68,0.3063231655909223,176.2536111111111,2.0,0.25,1.0,1.0,17.0,1.0,75.0,4,12.0,2,1,1,2,1,28,28,167,0.1063,0.0,0.25,0.1704,T1,False,none
3ae8b9b5-e17d-4b6c-b8cd-d8983aeb8354,2.0,0.2222222222222222,2.0,4686.860000000001,2343.4300000000003,2848.155403941295,89,1,1.0,2.0,10.0,1.0,1.0,1.0,1.0,2.0,5.0,1.0,1.0,1.0,0.2222222222222222,2343.4300000000003,4357.38,0.9297013352223022,10.6075,2.0,0.0,2.0,0.5,24.0,0.0,74.5,4,6.0,1,1,2,1,1,53,53,121,0.1362,0.0,0.2722,0.12,T1,False,none
6c86d986-23f5-4a32-9598-cc71e7a5e6ad,0.0,0.0,0.0,0.0,0.0,0.0,29,0,0.0,0.0,0.0,0.0,0.0,0.0,0.0,0.0,0.0,0.0,0.0,0.0,0.0,0.0,0.0,0.0,0.0,0.0,0.0,0.0,0.0,0.0,0.0,0.0,0,0.0,0,0,0,0,0,0,0,1,0.0,0.0,0.0,0.0,T1,False,none
49c0414c-6dca-4faf-b33c-17e8c3e0d797,1.0,0.1111111111111111,1.0,2669.93,2669.93,0.0,73,1,1.0,1.0,8.0,1.0,1.0,1.0,1.0,1.0,4.0,1.0,1.0,1.0,0.1111111111111111,2669.93,2669.93,1.0,0.0,6.0,0.0,1.0,1.0,9.0,0.0,10.0,3,3.0,1,1,1,1,1,18,18,173,0.0954,0.0,0.2136,0.1548,T1,False,none
5932a928-2acc-42ca-89b0-0d7f6c68a2e0,2.0,0.2222222222222222,2.0,4329.4,2164.7,1198.432857026208,89,1,1.0,2.0,6.0,1.0,1.0,1.0,1.0,2.0,5.0,1.0,1.0,1.0,0.2222222222222222,2164.7,3012.12,0.6957361297177438,38.4975,8.0,1.0,1.0,1.0,15.0,3.0,42.0,3,6.0,1,1,1,1,1,23,23,59,0.3197,0.0,0.1098,0.0978,T1,False,none
daa278a8-3728-4c37-914d-6b8b96f7259f,2.0,0.2222222222222222,2.0,5824.33,2912.165,1544.4979868067164,44,1,1.0,2.0,9.0,1.0,1.0,1.0,2.0,1.0,7.0,2.0,1.0,0.5,0.2222222222222222,2912.165,4004.29,0.6875108381564918,186.62666666666667,16.0,0.0,1.0,1.0,20.0,1.0,78.0,4,6.0,1,2,1,1,2,35,35,173,0.0954,0.0,0.2136,0.1548,T1,False,none
5ec066a7-c38a-436f-8977-f52fc1607d31,4.0,0.4444444444444444,4.0,8933.62,2233.405,1998.4608096649447,49,0,2.0,2.0,8.0,2.0,1.0,0.75,2.0,2.0,5.0,2.0,1.0,0.75,0.4444444444444444,2233.405,4172.66,0.46707381778047413,121.86972222222222,4.0,0.25,2.0,0.75,17.0,2.0,63.25,6,12.0,2,2,2,2,2,48,48,118,0.1482,0.0,0.2319,0.119,T1,False,none
4f4cf212-e015-4f6d-bc12-ef6b4a4727e7,3.0,0.3333333333333333,3.0,9511.32,3170.44,1734.1533350024154,46,0,2.0,1.5,10.0,2.0,1.0,0.6666666666666666,1.0,3.0,3.0,1.0,1.0,1.0,0.3333333333333333,3170.44,4778.65,0.50241711981092,161.94361111111112,0.0,0.3333333333333333,3.0,0.3333333333333333,23.0,1.0,17.333333333333332,6,9.0,2,1,3,2,1,76,77,59,0.3197,0.0,0.1098,0.0978,T1,False,none
b756f7b6-0b9a-4030-8a27-246096c06a51,6.0,0.6666666666666666,4.0,21795.1,3632.5166666666664,1163.7794503026194,47,0,4.0,1.5,11.0,4.0,1.0,0.5,1.0,6.0,8.0,1.0,1.0,1.0,0.6666666666666666,3632.5166666666664,4886.27,0.22419121729196015,130.02277777777778,1.0,0.0,3.0,0.5,19.0,3.0,59.833333333333336,8,18.0,4,1,3,4,1,79,79,121,0.1362,0.0,0.2722,0.12,T1,False,none
50463737-8c21-4d65-9580-16273b811db0,4.0,0.4444444444444444,3.0,9464.45,2366.1125,1688.6724828964516,77,0,2.0,2.0,7.0,2.0,1.0,0.5,1.0,4.0,2.0,1.0,1.0,1.0,0.4444444444444444,2366.1125,4847.67,0.5121977505296135,184.04583333333332,0.0,0.5,2.0,0.75,26.0,3.0,9.5,5,12.0,2,1,2,2,1,47,47,65,0.3611,0.0,0.0889,0.0707,T1,False,none
9cf71b19-3af1-4139-b83d-778dc62fe65f,1.0,0.1111111111111111,1.0,4189.56,4189.56,0.0,19,1,1.0,1.0,8.0,1.0,1.0,1.0,1.0,1.0,6.0,1.0,1.0,1.0,0.1111111111111111,4189.56,4189.56,1.0,0.0,19.0,1.0,1.0,1.0,17.0,0.0,31.0,3,3.0,1,1,1,1,1,28,28,167,0.1063,0.0,0.25,0.1704,T1,False,none
e8660e1b-8f7a-4572-86b0-d6fa8a21b3e6,2.0,0.2222222222222222,1.0,4695.719999999999,2347.8599999999997,2603.5105997863725,22,0,1.0,2.0,8.0,1.0,1.0,1.0,2.0,1.0,3.0,2.0,1.0,0.5,0.2222222222222222,2347.8599999999997,4188.82,0.8920506333427036,5.048611111111111,15.0,0.0,1.0,1.0,29.0,0.0,54.0,4,6.0,1,2,1,1,2,38,38,167,0.1063,0.0,0.25,0.1704,T1,False,none
382fb562-22fd-4209-9667-71a9e28be6f9,3.0,0.3333333333333333,3.0,3770.9399999999996,1256.9799999999998,908.6573078449322,11,0,2.0,1.5,9.0,2.0,1.0,0.6666666666666666,2.0,1.5,6.0,2.0,1.0,0.6666666666666666,0.3333333333333333,1256.9799999999998,2278.97,0.6043506393631296,100.115,3.0,0.0,1.0,1.0,19.0,1.0,79.0,5,9.0,2,2,1,2,2,37,37,173,0.0954,0.0,0.2136,0.1548,T1,False,none
81f21b83-29f7-47e7-8538-567f3e4e81b6,7.0,0.7777777777777778,7.0,17640.47,2520.067142857143,1342.4878507173946,58,1,2.0,3.5,6.0,2.0,1.0,0.8571428571428571,2.0,3.5,9.0,2.0,1.0,0.8571428571428571,0.7777777777777778,2520.067142857143,4512.75,0.2558180139191303,185.3786111111111,0.0,0.2857142857142857,3.0,0.7142857142857143,29.0,2.0,30.857142857142858,7,21.0,2,2,3,2,2,76,78,64,0.3686,0.0,0.1444,0.0659,T1,False,none
af8360c2-36e0-4805-a6db-4661df23768f,3.0,0.3333333333333333,3.0,11019.18,3673.06,314.32950418311043,13,0,1.0,3.0,8.0,1.0,1.0,1.0,1.0,3.0,6.0,1.0,1.0,1.0,0.3333333333333333,3673.06,3934.24,0.3570356414905646,64.52361111111111,21.0,0.0,2.0,0.6666666666666666,21.0,1.0,30.666666666666668,4,9.0,1,1,2,1,1,49,49,143,0.1277,0.0,0.241,0.0927,T1,False,none
c502eb5f-098f-4a7b-8ecd-3b15899bc650,6.0,0.6666666666666666,5.0,14309.97,2384.995,1176.240830183173,34,0,1.0,6.0,5.0,1.0,1.0,1.0,2.0,3.0,4.0,2.0,1.0,0.8333333333333334,0.6666666666666666,2384.995,4357.86,0.30453313319315134,166.51833333333335,1.0,0.16666666666666666,1.0,1.0,13.0,3.0,16.0,4,18.0,1,2,1,1,2,22,22,103,0.2271,0.0,0.2014,0.1192,T1,False,none
dcbffcba-10d8-4794-b8e7-9d4de0acd0f2,7.0,0.7777777777777778,5.0,19163.920000000002,2737.7028571428573,1201.6286581929028,61,0,1.0,7.0,6.0,1.0,1.0,1.0,2.0,3.5,5.0,2.0,1.0,0.5714285714285714,0.7777777777777778,2737.7028571428573,3732.09,0.19474564702837413,168.39416666666668,3.0,0.2857142857142857,2.0,0.7142857142857143,29.0,2.0,23.428571428571427,5,21.0,1,2,2,1,2,57,57,64,0.3686,0.0,0.1444,0.0659,T1,False,none
5a4ba27f-42d6-421b-9082-4d78bb405c98,3.0,0.3333333333333333,3.0,5402.67,1800.89,2060.5959662437467,40,1,1.0,3.0,6.0,1.0,1.0,1.0,1.0,3.0,3.0,1.0,1.0,1.0,0.3333333333333333,1800.89,4060.1,0.7514987959656985,44.033055555555556,3.0,0.6666666666666666,1.0,1.0,22.0,0.0,58.0,3,9.0,1,1,1,1,1,28,28,64,0.3686,0.0,0.1444,0.0659,T1,False,none
f0489be3-726e-4c08-9515-5a7f5eb37a54,2.0,0.2222222222222222,2.0,1698.9499999999998,849.4749999999999,113.37043022763915,85,0,2.0,1.0,9.0,2.0,1.0,0.5,1.0,2.0,4.0,1.0,1.0,1.0,0.2222222222222222,849.4749999999999,929.64,0.5471850260454988,63.16638888888889,5.0,0.0,2.0,0.5,18.0,0.0,33.5,5,6.0,2,1,2,2,1,52,52,86,0.1967,0.0,0.161,0.0515,T1,False,none
94c80d2d-6ab9-4fd3-a31e-c0ea68c1d9ee,4.0,0.4444444444444444,3.0,10905.47,2726.3675,1420.3285505444387,76,1,1.0,4.0,4.0,1.0,1.0,1.0,3.0,1.3333333333333333,5.0,3.0,1.0,0.5,0.4444444444444444,2726.3675,4686.48,0.42973663675201523,124.73694444444445,12.0,0.5,2.0,0.75,25.0,2.0,36.5,6,12.0,1,3,2,1,3,58,58,143,0.1277,0.0,0.241,0.0927,T1,False,none
8ce35578-fa27-4132-bfff-83f8c085c6fa,4.0,0.4444444444444444,4.0,9810.16,2452.54,2033.9083539333822,10,1,2.0,2.0,4.0,2.0,1.0,0.75,1.0,4.0,4.0,1.0,1.0,1.0,0.4444444444444444,2452.54,4614.74,0.4704041524297259,90.14277777777778,6.0,0.25,2.0,0.75,26.0,1.0,45.0,5,12.0,2,1,2,2,1,52,53,74,0.2714,0.0,0.1287,0.0855,T1,False,none
01cead37-d67c-4b9e-a0a5-42ce9e0ec75b,3.0,0.3333333333333333,3.0,3297.6,1099.2,1159.529526661568,44,1,2.0,1.5,10.0,2.0,1.0,0.6666666666666666,2.0,1.5,1.0,0.0,0.0,0.6666666666666666,0.3333333333333333,1099.2,2438.08,0.7393498301795245,51.56444444444445,17.0,0.6666666666666666,1.0,1.0,19.0,0.0,10.0,5,9.0,2,2,1,2,0,33,33,121,0.1362,0.0,0.2722,0.12,T1,False,none
71974324-43ff-4ea1-a0a4-2ec2e8f87190,2.0,0.2222222222222222,2.0,7480.129999999999,3740.0649999999996,793.3808795591178,41,1,1.0,2.0,5.0,1.0,1.0,1.0,1.0,2.0,3.0,1.0,1.0,1.0,0.2222222222222222,3740.0649999999996,4301.07,0.5749993649842984,161.57222222222222,6.0,0.0,2.0,0.5,28.0,0.0,24.0,4,6.0,1,1,2,1,1,51,51,65,0.3611,0.0,0.0889,0.0707,T1,False,none
9b04b6db-5b69-4b1a-9490-4d1653bf145b,1.0,0.1111111111111111,1.0,3192.56,3192.56,0.0,27,1,1.0,1.0,7.0,1.0,1.0,1.0,1.0,1.0,2.0,1.0,1.0,1.0,0.1111111111111111,3192.56,3192.56,1.0,0.0,1.0,0.0,1.0,1.0,15.0,2.0,54.0,3,3.0,1,1,1,1,1,21,21,118,0.1482,0.0,0.2319,0.119,T1,False,none
727cb601-b30f-4475-8df4-0e89e96b5623,3.0,0.3333333333333333,3.0,3162.6,1054.2,1435.1857714944083,57,0,2.0,1.5,8.0,2.0,1.0,0.6666666666666666,2.0,1.5,2.0,2.0,1.0,0.6666666666666666,0.3333333333333333,1054.2,2710.18,0.8569468159109593,49.608333333333334,4.0,0.6666666666666666,2.0,0.6666666666666666,16.0,3.0,34.666666666666664,6,9.0,2,2,2,2,2,42,42,86,0.1967,0.0,0.161,0.0515,T1,False,none
78b364c1-e324-43f7-bb5b-8db949162472,3.0,0.3333333333333333,3.0,7463.18,2487.726666666667,637.4313298178347,42,1,2.0,1.5,8.0,2.0,1.0,0.6666666666666666,1.0,3.0,5.0,1.0,1.0,1.0,0.3333333333333333,2487.726666666667,3203.31,0.42921516029360135,163.59305555555557,13.0,0.3333333333333333,2.0,0.6666666666666666,21.0,3.0,67.66666666666667,5,9.0,2,1,2,2,1,47,47,59,0.2957,0.0,0.0649,0.0215,T1,False,none
e8340a62-f78c-421d-8f66-c1423be49b6e,1.0,0.1111111111111111,1.0,941.18,941.18,0.0,81,1,1.0,1.0,9.0,1.0,1.0,1.0,1.0,1.0,2.0,1.0,1.0,1.0,0.1111111111111111,941.18,941.18,1.0,0.0,3.0,1.0,1.0,1.0,19.0,1.0,86.0,3,3.0,1,1,1,1,1,26,27,121,0.1362,0.0,0.2722,0.12,T1,False,none
1d987189-262d-4d07-a360-1aa02e9005fa,4.0,0.4444444444444444,4.0,10760.29,2690.0725,1529.5766477552975,48,1,2.0,2.0,8.0,2.0,1.0,0.5,2.0,2.0,4.0,1.0,0.5,0.5,0.4444444444444444,2690.0725,4072.16,0.37844333191763413,185.32805555555555,3.0,0.0,1.0,1.0,15.0,1.0,84.0,5,12.0,2,2,1,2,1,29,30,74,0.2714,0.0,0.1287,0.0855,T1,False,none
00f86194-bce2-42cf-ae94-16991024373b,5.0,0.5555555555555556,4.0,9597.45,1919.4900000000002,1329.3384614348597,50,0,1.0,5.0,11.0,1.0,1.0,1.0,1.0,5.0,8.0,1.0,1.0,1.0,0.5555555555555556,1919.4900000000002,3811.21,0.39710652308686156,161.0961111111111,10.0,0.4,2.0,0.6,22.0,3.0,37.4,4,15.0,1,1,2,1,1,57,58,78,0.2521,0.0,0.1237,0.0763,T1,False,none
a682dd58-dbc2-44ae-9e2e-6b5198bfcf61,3.0,0.3333333333333333,3.0,12565.11,4188.37,648.5643780689778,10,1,2.0,1.5,8.0,2.0,1.0,0.6666666666666666,1.0,3.0,3.0,1.0,1.0,1.0,0.3333333333333333,4188.37,4876.62,0.38810802293016133,96.14611111111111,4.0,0.3333333333333333,2.0,0.6666666666666666,25.0,2.0,42.666666666666664,5,9.0,2,1,2,2,1,63,63,57,0.2807,0.0,0.0921,0.0244,T1,False,none
9cbf20a4-1003-4d58-b745-9104953329b1,6.0,0.6666666666666666,6.0,9309.97,1551.6616666666666,1555.5984911848773,81,1,2.0,3.0,10.0,2.0,1.0,0.6666666666666666,2.0,3.0,4.0,2.0,1.0,0.8333333333333334,0.6666666666666666,1551.6616666666666,4399.99,0.4726105454689972,197.01583333333335,0.0,0.16666666666666666,4.0,0.5,21.0,2.0,41.833333333333336,8,18.0,2,2,4,2,2,89,92,121,0.1362,0.0,0.2722,0.12,T1,False,none
f3996efd-65a1-42c8-bb15-39ad3913fe47,4.0,0.4444444444444444,4.0,13385.56,3346.39,1081.9332362334874,52,0,3.0,1.3333333333333333,11.0,3.0,1.0,0.5,2.0,2.0,8.0,2.0,1.0,0.75,0.4444444444444444,3346.39,4464.05,0.3334974405254618,208.68805555555556,0.0,0.0,2.0,0.75,26.0,3.0,22.75,7,12.0,3,2,2,3,2,82,84,104,0.1637,0.0,0.1654,0.1067,T1,False,none
409b5689-7777-41ce-8c70-8a0d9cf2086c,7.0,0.7777777777777778,5.0,19336.809999999998,2762.4014285714284,1522.2121512503718,37,1,1.0,7.0,6.0,1.0,1.0,1.0,2.0,3.5,7.0,2.0,1.0,0.8571428571428571,0.7777777777777778,2762.4014285714284,4453.03,0.2302877258451627,196.075,3.0,0.14285714285714285,2.0,0.8571428571428571,25.0,0.0,65.57142857142857,5,21.0,1,2,2,1,2,55,56,143,0.1277,0.0,0.241,0.0927,T1,False,none
e8f530cc-4c2f-44e2-b3f2-8edc797ac0b8,2.0,0.2222222222222222,2.0,3756.3900000000003,1878.1950000000002,2299.3061914521086,11,1,1.0,2.0,4.0,1.0,1.0,1.0,1.0,2.0,5.0,1.0,1.0,1.0,0.2222222222222222,1878.1950000000002,3504.05,0.9328238015754488,135.60472222222222,2.0,0.0,1.0,1.0,26.0,2.0,52.0,3,6.0,1,1,1,1,1,32,32,86,0.1967,0.0,0.161,0.0515,T1,False,none
7bd7b102-05b0-4638-bcb3-b8166603c358,7.0,0.7777777777777778,4.0,14205.41,2029.3442857142857,1260.2714204336717,28,0,2.0,3.5,11.0,2.0,1.0,0.8571428571428571,3.0,2.3333333333333335,7.0,3.0,1.0,0.5714285714285714,0.7777777777777778,2029.3442857142857,3939.51,0.27732462491402926,188.7225,13.0,0.0,4.0,0.42857142857142855,22.0,0.0,61.42857142857143,9,21.0,2,3,4,2,3,102,103,143,0.1277,0.0,0.241,0.0927,T1,False,none
b0bfc556-5651-4ca8-a77f-71bab61831a1,1.0,0.1111111111111111,1.0,2118.74,2118.74,0.0,10,1,1.0,1.0,6.0,1.0,1.0,1.0,1.0,1.0,2.0,1.0,1.0,1.0,0.1111111111111111,2118.74,2118.74,1.0,0.0,1.0,0.0,1.0,1.0,22.0,1.0,63.0,3,3.0,1,1,1,1,1,27,27,104,0.1637,0.0,0.1654,0.1067,T1,False,none
0e1ec364-3ba7-4cff-8051-95ad4bafe48e,0.0,0.0,0.0,0.0,0.0,0.0,32,0,0.0,0.0,0.0,0.0,0.0,0.0,0.0,0.0,0.0,0.0,0.0,0.0,0.0,0.0,0.0,0.0,0.0,0.0,0.0,0.0,0.0,0.0,0.0,0.0,0,0.0,0,0,0,0,0,0,0,1,0.0,0.0,0.0,0.0,T1,False,none
2e9f6f3d-12cb-4caf-a8f2-0b6a22665681,8.0,0.8888888888888888,6.0,18212.57,2276.57125,1517.177602085413,46,1,2.0,4.0,6.0,2.0,1.0,0.75,1.0,8.0,5.0,1.0,1.0,1.0,0.8888888888888888,2276.57125,4719.4,0.25912872263497133,216.9275,13.0,0.125,1.0,1.0,15.0,3.0,12.0,4,24.0,2,1,1,2,1,24,25,121,0.1433,0.0,0.2418,0.1111,T1,False,none
f024f3d9-8595-4eb8-8e60-8ae77e8487c6,5.0,0.5555555555555556,3.0,12166.96,2433.392,2044.4696347879565,23,1,3.0,1.6666666666666667,10.0,3.0,1.0,0.6,1.0,5.0,6.0,1.0,1.0,1.0,0.5555555555555556,2433.392,4695.46,0.3859189148316424,222.80833333333334,4.0,0.0,2.0,0.8,25.0,0.0,61.4,6,15.0,3,1,2,3,1,62,63,103,0.2271,0.0,0.2014,0.1192,T1,False,none
460dd318-ff3b-42ed-a46e-f4499b30fa82,4.0,0.4444444444444444,3.0,11592.91,2898.2275,1022.4272478559699,69,1,3.0,1.3333333333333333,8.0,3.0,1.0,0.5,1.0,4.0,2.0,1.0,1.0,1.0,0.4444444444444444,2898.2275,4367.28,0.37671990897885,120.46694444444445,1.0,0.0,2.0,0.75,28.0,0.0,59.0,6,12.0,3,1,2,3,1,70,71,103,0.2271,0.0,0.2014,0.1192,T1,False,none
766b5a71-17b9-4f2a-94e8-3f769d3b626f,2.0,0.2222222222222222,2.0,3394.4,1697.2,1816.5714630038644,79,0,2.0,1.0,4.0,2.0,1.0,0.5,1.0,2.0,6.0,1.0,1.0,1.0,0.2222222222222222,1697.2,2981.71,0.8784203393825124,57.16277777777778,2.0,0.0,1.0,1.0,25.0,1.0,72.0,4,6.0,2,1,1,2,1,34,34,167,0.1063,0.0,0.25,0.1704,T1,False,none
69e12a57-e2f6-45b8-a3c0-5a85d222f7ad,2.0,0.2222222222222222,2.0,1488.25,744.125,513.4655891586115,89,0,1.0,2.0,8.0,1.0,1.0,1.0,1.0,2.0,4.0,1.0,1.0,1.0,0.2222222222222222,744.125,1107.2,0.7439610280530825,17.981944444444444,6.0,0.0,1.0,1.0,25.0,2.0,39.0,3,6.0,1,1,1,1,1,34,34,143,0.1277,0.0,0.241,0.0927,T1,False,none
8a32e9ce-42d0-43e8-99d1-bda5a1bfe909,4.0,0.4444444444444444,3.0,17085.34,4271.335,984.9737144546888,53,0,2.0,2.0,6.0,2.0,1.0,0.75,1.0,4.0,4.0,1.0,1.0,1.0,0.4444444444444444,4271.335,4998.67,0.2925707068164871,177.27166666666668,3.0,0.25,3.0,0.5,25.0,2.0,34.0,6,12.0,2,1,3,2,1,65,66,143,0.1277,0.0,0.241,0.0927,T1,False,none
0772292e-4154-459b-b930-822892f54d21,8.0,0.8888888888888888,6.0,24526.46,3065.8075,1328.1140715288193,10,0,3.0,2.6666666666666665,9.0,3.0,1.0,0.5,1.0,8.0,4.0,1.0,1.0,1.0,0.8888888888888888,3065.8075,4776.83,0.1947623097666765,203.65055555555554,7.0,0.125,2.0,0.625,23.0,3.0,25.875,6,24.0,3,1,2,3,1,56,56,121,0.1433,0.0,0.2418,0.1111,T1,False,none
dff167e0-c1dd-4244-8e29-3586fcf78a5f,4.0,0.4444444444444444,3.0,16246.8,4061.7,775.7831993970138,21,1,1.0,4.0,4.0,1.0,1.0,1.0,2.0,2.0,7.0,2.0,1.0,0.5,0.4444444444444444,4061.7,4904.6,0.30188098579412564,98.34555555555555,2.0,0.25,3.0,0.5,30.0,0.0,14.25,6,12.0,1,2,3,1,2,83,83,66,0.3865,0.0,0.1807,0.0805,T1,False,none
fded87c5-ea9d-43d2-b559-1b418d48e0fe,6.0,0.6666666666666666,5.0,11969.880000000001,1994.9800000000002,1566.5906220452107,85,0,2.0,3.0,10.0,2.0,1.0,0.8333333333333334,1.0,6.0,2.0,1.0,1.0,1.0,0.6666666666666666,1994.9800000000002,4488.68,0.37499791142434175,151.27027777777778,0.0,0.5,3.0,0.6666666666666666,30.0,3.0,23.0,6,18.0,2,1,3,2,1,84,85,66,0.3865,0.0,0.1807,0.0805,T1,False,none
b19a011d-dbff-4915-9862-847b65cff4c5,1.0,0.1111111111111111,1.0,3187.1,3187.1,0.0,17,0,1.0,1.0,9.0,1.0,1.0,1.0,1.0,1.0,4.0,1.0,1.0,1.0,0.1111111111111111,3187.1,3187.1,1.0,0.0,11.0,1.0,1.0,1.0,26.0,0.0,69.0,3,3.0,1,1,1,1,1,34,36,89,0.2028,0.0,0.1043,0.0515,T1,False,none
084c99d0-7a6b-419b-b493-51ad93d77dc2,2.0,0.2222222222222222,2.0,3967.4300000000003,1983.7150000000001,1814.8531935255812,63,0,1.0,2.0,4.0,1.0,1.0,1.0,2.0,1.0,7.0,2.0,1.0,0.5,0.2222222222222222,1983.7150000000001,3267.01,0.8234575027158639,170.3336111111111,16.0,0.0,1.0,1.0,19.0,2.0,50.0,4,6.0,1,2,1,1,2,29,30,121,0.1433,0.0,0.2418,0.1111,T1,False,none
fcc42b9f-ddf3-4033-9e58-12b6dbdc75cb,2.0,0.2222222222222222,2.0,7793.889999999999,3896.9449999999997,207.16107368422286,20,1,1.0,2.0,6.0,1.0,1.0,1.0,2.0,1.0,5.0,2.0,1.0,0.5,0.2222222222222222,3896.9449999999997,4043.43,0.5187948508382849,74.25027777777778,17.0,0.0,2.0,0.5,26.0,1.0,43.5,5,6.0,1,2,2,1,2,52,52,121,0.1433,0.0,0.2418,0.1111,T1,False,none
99ef646f-c814-4e82-8fe9-be8c7df81e85,4.0,0.4444444444444444,3.0,10263.15,2565.7875,2335.127767987225,80,1,2.0,2.0,11.0,2.0,1.0,0.75,1.0,4.0,7.0,1.0,1.0,1.0,0.4444444444444444,2565.7875,4838.35,0.47142933699692596,155.665,4.0,0.0,3.0,0.5,19.0,1.0,61.25,6,12.0,2,1,3,2,1,69,69,126,0.1498,0.0,0.1572,0.1186,T1,False,none
525b0f0d-cffc-436d-b1e5-7910eba33d37,5.0,0.5555555555555556,3.0,15943.779999999999,3188.756,1200.4988311031377,47,1,1.0,5.0,2.0,1.0,1.0,1.0,2.0,2.5,2.0,2.0,1.0,0.8,0.5555555555555556,3188.756,4210.16,0.2640628508421466,100.08805555555556,5.0,0.2,1.0,1.0,22.0,2.0,27.0,4,15.0,1,2,1,1,2,24,24,167,0.1063,0.0,0.25,0.1704,T1,False,none
12ef8b36-5579-4774-9c6e-f35d3d326585,2.0,0.2222222222222222,2.0,5275.36,2637.68,2884.9673829698663,36,1,2.0,1.0,9.0,2.0,1.0,0.5,2.0,1.0,7.0,2.0,1.0,0.5,0.2222222222222222,2637.68,4677.66,0.8866996754723848,169.75194444444443,14.0,0.0,1.0,1.0,23.0,3.0,77.0,5,6.0,2,2,1,2,2,44,44,86,0.1967,0.0,0.161,0.0515,T1,False,none
50d11c5d-3fc5-4249-8d82-1f43acb493aa,5.0,0.5555555555555556,4.0,14624.82,2924.964,1510.6879716639037,18,1,2.0,2.5,8.0,2.0,1.0,0.8,2.0,2.5,4.0,2.0,1.0,0.8,0.5555555555555556,2924.964,4364.73,0.2984467501138475,136.58,0.0,0.4,4.0,0.4,28.0,0.0,15.2,8,15.0,2,2,4,2,2,94,97,65,0.3611,0.0,0.0889,0.0707,T1,False,none
e7d88772-31fe-41bc-9543-d75b2f2430a5,0.0,0.0,0.0,0.0,0.0,0.0,51,0,0.0,0.0,0.0,0.0,0.0,0.0,0.0,0.0,0.0,0.0,0.0,0.0,0.0,0.0,0.0,0.0,0.0,0.0,0.0,0.0,0.0,0.0,0.0,0.0,0,0.0,0,0,0,0,0,0,0,1,0.0,0.0,0.0,0.0,T1,False,none
b0da9c0f-906f-4785-befe-4a98777233f4,4.0,0.4444444444444444,3.0,11999.36,2999.84,1349.5802289848007,88,0,2.0,2.0,4.0,2.0,1.0,0.75,2.0,2.0,4.0,2.0,1.0,0.75,0.4444444444444444,2999.84,4671.91,0.3893465984852525,171.37027777777777,0.0,0.0,2.0,0.75,19.0,1.0,49.0,6,12.0,2,2,2,2,2,46,46,121,0.1362,0.0,0.2722,0.12,T1,False,none
e54415ce-c18c-4b83-b757-d7305026c989,3.0,0.3333333333333333,3.0,6877.29,2292.43,1169.256955891219,18,1,2.0,1.5,8.0,2.0,1.0,0.6666666666666666,2.0,1.5,7.0,2.0,1.0,0.6666666666666666,0.3333333333333333,2292.43,3039.95,0.4420273101759559,80.72777777777777,0.0,0.6666666666666666,2.0,0.6666666666666666,24.0,2.0,44.0,6,9.0,2,2,2,2,2,61,63,64,0.3686,0.0,0.1444,0.0659,T1,False,none
6873beae-c096-4b69-a45f-7ad20f51a5fa,1.0,0.1111111111111111,1.0,943.26,943.26,0.0,49,1,1.0,1.0,7.0,1.0,1.0,1.0,1.0,1.0,4.0,1.0,1.0,1.0,0.1111111111111111,943.26,943.26,1.0,0.0,11.0,0.0,1.0,1.0,18.0,1.0,80.0,3,3.0,1,1,1,1,1,26,26,167,0.1063,0.0,0.25,0.1704,T1,False,none
47b0d745-362f-42de-bbef-5339c44a23ac,7.0,0.7777777777777778,6.0,18480.02,2640.002857142857,1221.4585656734914,55,0,1.0,7.0,4.0,1.0,1.0,1.0,2.0,3.5,4.0,2.0,1.0,0.8571428571428571,0.7777777777777778,2640.002857142857,3871.08,0.20947379927078,133.42277777777778,3.0,0.2857142857142857,3.0,0.7142857142857143,23.0,1.0,56.714285714285715,6,21.0,1,2,3,1,2,67,68,89,0.2028,0.0,0.1043,0.0515,T1,False,none
c46b9eec-8388-47c4-9af0-023c7524775d,3.0,0.3333333333333333,3.0,9118.96,3039.653333333333,1547.2998922100828,51,1,2.0,1.5,9.0,2.0,1.0,0.6666666666666666,1.0,3.0,4.0,1.0,1.0,1.0,0.3333333333333333,3039.653333333333,4826.13,0.5292412731276375,219.2813888888889,9.0,0.3333333333333333,2.0,0.6666666666666666,19.0,3.0,48.333333333333336,5,9.0,2,1,2,2,1,51,51,173,0.0954,0.0,0.2136,0.1548,T1,False,none
7497f677-fc2d-4a33-83cd-f14c6ff8448a,2.0,0.2222222222222222,2.0,3738.6800000000003,1869.3400000000001,2191.1400671340025,64,1,1.0,2.0,12.0,1.0,1.0,1.0,1.0,2.0,3.0,1.0,1.0,1.0,0.2222222222222222,1869.3400000000001,3418.71,0.9144163180587801,42.923611111111114,15.0,0.0,1.0,1.0,23.0,1.0,49.0,3,6.0,1,1,1,1,1,35,35,121,0.1433,0.0,0.2418,0.1111,T1,False,none
215b6491-e155-403a-ba49-6990316e5c97,3.0,0.3333333333333333,3.0,3556.63,1185.5433333333333,1293.3708909795882,70,0,1.0,3.0,2.0,1.0,1.0,1.0,2.0,1.5,5.0,2.0,1.0,0.6666666666666666,0.3333333333333333,1185.5433333333333,2620.34,0.736747988967084,112.01527777777778,3.0,0.0,1.0,1.0,26.0,2.0,52.0,4,9.0,1,2,1,1,2,31,31,86,0.1967,0.0,0.161,0.0515,T1,False,none
04d1504c-3e4f-4501-aba3-ffc2d2aa6561,4.0,0.4444444444444444,3.0,12001.98,3000.495,1726.1750866487055,19,1,1.0,4.0,9.0,1.0,1.0,1.0,2.0,2.0,4.0,2.0,1.0,0.75,0.4444444444444444,3000.495,4588.17,0.38228442307019345,135.465,5.0,0.25,3.0,0.5,23.0,2.0,39.0,6,12.0,1,2,3,1,2,72,72,66,0.3865,0.0,0.1807,0.0805,T1,False,none
30086e54-a3a1-4e31-b027-36e12001a610,2.0,0.2222222222222222,2.0,4541.1900000000005,2270.5950000000003,218.51720859007875,75,1,1.0,2.0,3.0,1.0,1.0,1.0,1.0,2.0,6.0,1.0,1.0,1.0,0.2222222222222222,2270.5950000000003,2425.11,0.5340252224637154,70.06444444444445,16.0,0.5,2.0,0.5,25.0,0.0,47.5,4,6.0,1,1,2,1,1,51,52,143,0.1277,0.0,0.241,0.0927,T1,False,none
f3e932f1-c3a6-4e6f-8dad-e5e947057cab,2.0,0.2222222222222222,2.0,4632.78,2316.39,388.55517626200776,10,1,1.0,2.0,10.0,1.0,1.0,1.0,1.0,2.0,2.0,1.0,1.0,1.0,0.2222222222222222,2316.39,2591.14,0.559305643695578,96.65222222222222,7.0,0.5,1.0,1.0,18.0,1.0,37.0,3,6.0,1,1,1,1,1,27,27,118,0.1482,0.0,0.2319,0.119,T1,False,none
797a039c-bc12-43d1-9115-077bf57f3bc1,1.0,0.1111111111111111,1.0,3043.55,3043.55,0.0,14,1,1.0,1.0,9.0,1.0,1.0,1.0,1.0,1.0,8.0,1.0,1.0,1.0,0.1111111111111111,3043.55,3043.55,1.0,0.0,3.0,0.0,1.0,1.0,26.0,1.0,78.0,3,3.0,1,1,1,1,1,40,40,78,0.2521,0.0,0.1237,0.0763,T1,False,none
7a8eaaf0-6586-4b0f-b28d-6a65b312b69c,2.0,0.2222222222222222,1.0,5853.17,2926.585,2318.0728054247993,53,0,1.0,2.0,9.0,1.0,1.0,1.0,1.0,2.0,7.0,1.0,1.0,1.0,0.2222222222222222,2926.585,4565.71,0.7800405592183381,0.35,8.0,0.0,1.0,1.0,25.0,2.0,39.0,3,6.0,1,1,1,1,1,38,38,143,0.1277,0.0,0.241,0.0927,T1,False,none
37c55451-0deb-4224-9bfc-375bcf1be601,1.0,0.1111111111111111,1.0,1621.58,1621.58,0.0,22,1,1.0,1.0,6.0,1.0,1.0,1.0,1.0,1.0,6.0,1.0,1.0,1.0,0.1111111111111111,1621.58,1621.58,1.0,0.0,0.0,0.0,1.0,1.0,13.0,0.0,32.0,3,3.0,1,1,1,1,1,22,22,50,0.3086,0.0,0.0411,0.037,T1,False,none
947e2e63-3ead-4a95-8c41-619d7c661ee3,2.0,0.2222222222222222,2.0,2189.95,1094.975,1419.368370807945,27,0,1.0,2.0,9.0,1.0,1.0,1.0,1.0,2.0,7.0,1.0,1.0,1.0,0.2222222222222222,1094.975,2098.62,0.958295851503459,220.22555555555556,17.0,0.0,1.0,1.0,21.0,3.0,5.0,3,6.0,1,1,1,1,1,34,34,78,0.2521,0.0,0.1237,0.0763,T1,False,none
c8b6b43e-d8ac-4f64-b5b2-c828096e0493,3.0,0.3333333333333333,2.0,9330.18,3110.06,1561.4621522150321,64,1,2.0,1.5,6.0,2.0,1.0,0.6666666666666666,1.0,3.0,7.0,1.0,1.0,1.0,0.3333333333333333,3110.06,4903.5,0.5255525616869128,8.909166666666666,0.0,0.0,2.0,0.6666666666666666,27.0,1.0,48.0,5,9.0,2,1,2,2,1,51,52,126,0.1498,0.0,0.1572,0.1186,T1,False,none
57a8e931-f834-416a-8534-db49b132c618,3.0,0.3333333333333333,3.0,4884.629999999999,1628.2099999999998,1602.1324395005552,34,1,2.0,1.5,9.0,2.0,1.0,0.6666666666666666,1.0,3.0,2.0,1.0,1.0,1.0,0.3333333333333333,1628.2099999999998,3465.49,0.7094682708823392,137.07527777777779,3.0,0.3333333333333333,1.0,1.0,17.0,0.0,31.0,4,9.0,2,1,1,2,1,27,27,167,0.1063,0.0,0.25,0.1704,T1,False,none
a7c52b52-a459-4999-8c44-dedfc0613fbf,2.0,0.2222222222222222,2.0,2604.8,1302.4,847.0007867764939,34,1,1.0,2.0,6.0,1.0,1.0,1.0,2.0,1.0,6.0,2.0,1.0,0.5,0.2222222222222222,1302.4,1901.32,0.7299293611793611,23.084444444444443,2.0,0.0,1.0,1.0,24.0,3.0,29.0,4,6.0,1,2,1,1,2,37,37,126,0.1498,0.0,0.1572,0.1186,T1,False,none
bf21ecad-11d8-4aac-9ac5-825706a50967,4.0,0.4444444444444444,4.0,7589.93,1897.4825,1931.9706647423507,67,0,1.0,4.0,6.0,1.0,1.0,1.0,2.0,2.0,6.0,2.0,1.0,0.5,0.4444444444444444,1897.4825,4280.33,0.5639485476150636,198.0427777777778,11.0,0.25,1.0,1.0,22.0,0.0,65.0,4,12.0,1,2,1,1,2,33,33,167,0.1063,0.0,0.25,0.1704,T1,False,none
cc0a148f-0d5c-43fc-8a45-4a4477c7587f,4.0,0.4444444444444444,3.0,12194.57,3048.6425,1746.0204126217045,41,1,1.0,4.0,6.0,1.0,1.0,1.0,3.0,1.3333333333333333,7.0,3.0,1.0,0.5,0.4444444444444444,3048.6425,4946.39,0.40562233846703905,165.4813888888889,0.0,0.25,2.0,0.5,28.0,0.0,20.0,6,12.0,1,3,2,1,3,69,69,65,0.3611,0.0,0.0889,0.0707,T1,False,none
e49e97d0-ffa2-4812-8bbd-0b2f926612ea,2.0,0.2222222222222222,2.0,9633.48,4816.74,171.13398318276853,12,1,2.0,1.0,6.0,2.0,1.0,0.5,2.0,1.0,3.0,1.0,0.5,0.5,0.2222222222222222,4816.74,4937.75,0.5125614004492666,23.71,22.0,0.0,2.0,0.5,28.0,0.0,37.0,6,6.0,2,2,2,2,1,52,52,65,0.3611,0.0,0.0889,0.0707,T1,False,none
63b20a63-eb22-4469-aa26-7a610f9f12e6,1.0,0.1111111111111111,1.0,4928.62,4928.62,0.0,27,1,1.0,1.0,12.0,1.0,1.0,1.0,1.0,1.0,3.0,1.0,1.0,1.0,0.1111111111111111,4928.62,4928.62,1.0,0.0,11.0,1.0,1.0,1.0,22.0,2.0,5.0,3,3.0,1,1,1,1,1,34,34,167,0.1063,0.0,0.25,0.1704,T1,False,none
da830366-5ea9-41f0-971b-876f132db0c6,3.0,0.3333333333333333,3.0,9938.73,3312.91,524.584852526262,29,0,1.0,3.0,8.0,1.0,1.0,1.0,2.0,1.5,5.0,2.0,1.0,0.6666666666666666,0.3333333333333333,3312.91,3911.06,0.39351707914391476,98.65138888888889,11.0,0.3333333333333333,2.0,0.6666666666666666,23.0,3.0,50.0,5,9.0,1,2,2,1,2,55,56,143,0.1277,0.0,0.241,0.0927,T1,False,none
51010478-3acf-43b4-b11b-e356beb5f192,3.0,0.3333333333333333,3.0,7651.1,2550.366666666667,1897.9988853878008,12,1,2.0,1.5,8.0,2.0,1.0,0.6666666666666666,2.0,1.5,5.0,2.0,1.0,0.6666666666666666,0.3333333333333333,2550.366666666667,4284.56,0.5599926807909974,103.87194444444444,11.0,0.3333333333333333,1.0,1.0,17.0,0.0,15.0,5,9.0,2,2,1,2,2,33,33,173,0.0954,0.0,0.2136,0.1548,T1,False,none
48b36e54-720b-48d8-aca1-e447861b56ea,4.0,0.4444444444444444,3.0,14561.919999999998,3640.4799999999996,1800.0816847576666,67,0,1.0,4.0,7.0,1.0,1.0,1.0,3.0,1.3333333333333333,8.0,3.0,1.0,0.5,0.4444444444444444,3640.4799999999996,4775.79,0.32796430690458406,154.2538888888889,2.0,0.25,2.0,0.75,23.0,2.0,73.25,6,12.0,1,3,2,1,3,61,61,173,0.0954,0.0,0.2136,0.1548,T1,False,none
8164cc10-74bd-4c05-82e8-7e32d0ec60e0,4.0,0.4444444444444444,3.0,10154.89,2538.7225,2451.2178480281323,80,0,3.0,1.3333333333333333,11.0,3.0,1.0,0.5,1.0,4.0,7.0,1.0,1.0,1.0,0.4444444444444444,2538.7225,4681.48,0.4610074555214286,114.16555555555556,1.0,0.5,2.0,0.75,19.0,1.0,79.5,6,12.0,3,1,2,3,1,67,68,173,0.0954,0.0,0.2136,0.1548,T1,False,none
cd46ec9d-3b7b-4b02-b4e0-b7f68cfbd786,4.0,0.4444444444444444,2.0,11814.880000000001,2953.7200000000003,1814.7395090205096,65,1,2.0,2.0,6.0,2.0,1.0,0.5,2.0,2.0,5.0,2.0,1.0,0.5,0.4444444444444444,2953.7200000000003,4730.0,0.4003426187993445,51.94361111111111,7.0,0.25,2.0,0.75,23.0,0.0,34.5,6,12.0,2,2,2,2,2,57,57,59,0.3197,0.0,0.1098,0.0978,T1,False,none
d5853fb6-7294-43e8-afc5-2d699708fb7d,3.0,0.3333333333333333,2.0,9079.17,3026.39,1494.0203324921652,72,0,2.0,1.5,8.0,2.0,1.0,0.6666666666666666,1.0,3.0,5.0,1.0,1.0,1.0,0.3333333333333333,3026.39,3899.86,0.4295392640516699,61.327222222222225,4.0,0.3333333333333333,3.0,0.3333333333333333,24.0,0.0,62.666666666666664,6,9.0,2,1,3,2,1,81,81,167,0.1063,0.0,0.25,0.1704,T1,False,none
d65d794e-8b88-4c8e-81e3-aab69f8b6e1f,3.0,0.3333333333333333,2.0,4165.89,1388.63,714.1858012450261,87,0,1.0,3.0,12.0,1.0,1.0,1.0,1.0,3.0,4.0,1.0,1.0,1.0,0.3333333333333333,1388.63,1827.92,0.4387825890746035,154.48833333333334,2.0,0.0,1.0,1.0,30.0,0.0,9.0,3,9.0,1,1,1,1,1,43,43,66,0.3865,0.0,0.1807,0.0805,T1,False,none
37670322-b04b-4951-8d7a-57e5a4a4da43,4.0,0.4444444444444444,4.0,11560.25,2890.0625,812.9995509787608,42,1,1.0,4.0,5.0,1.0,1.0,1.0,1.0,4.0,5.0,1.0,1.0,1.0,0.4444444444444444,2890.0625,3656.12,0.31626651672757944,198.48583333333335,9.0,0.0,3.0,0.5,29.0,0.0,25.25,5,12.0,1,1,3,1,1,69,70,64,0.3686,0.0,0.1444,0.0659,T1,False,none
78611536-db30-4db4-8b5a-feb2d59bed68,0.0,0.0,0.0,0.0,0.0,0.0,75,0,0.0,0.0,0.0,0.0,0.0,0.0,0.0,0.0,0.0,0.0,0.0,0.0,0.0,0.0,0.0,0.0,0.0,0.0,0.0,0.0,0.0,0.0,0.0,0.0,0,0.0,0,0,0,0,0,0,0,1,0.0,0.0,0.0,0.0,T1,False,none
c88b5b1f-0651-4d0a-aaa9-7f52fcc59585,3.0,0.3333333333333333,3.0,3689.3599999999997,1229.7866666666666,840.6361737596909,45,1,2.0,1.5,11.0,2.0,1.0,0.6666666666666666,1.0,3.0,5.0,1.0,1.0,1.0,0.3333333333333333,1229.7866666666666,2030.51,0.5503691697204935,51.98277777777778,0.0,0.3333333333333333,3.0,0.3333333333333333,24.0,3.0,33.0,6,9.0,2,1,3,2,1,79,79,126,0.1498,0.0,0.1572,0.1186,T1,False,none
cf0a2ae9-9711-48af-a34d-b581f214b613,1.0,0.1111111111111111,1.0,626.44,626.44,0.0,31,0,1.0,1.0,5.0,1.0,1.0,1.0,1.0,1.0,3.0,1.0,1.0,1.0,0.1111111111111111,626.44,626.44,1.0,0.0,11.0,0.0,1.0,1.0,24.0,0.0,51.0,3,3.0,1,1,1,1,1,29,29,89,0.2028,0.0,0.1043,0.0515,T1,False,none
13bc82e1-018d-4a7b-b40c-a1f80748efcc,3.0,0.3333333333333333,2.0,12977.36,4325.786666666667,833.8167768960597,54,0,1.0,3.0,11.0,1.0,1.0,1.0,1.0,3.0,7.0,1.0,1.0,1.0,0.3333333333333333,4325.786666666667,4893.68,0.37709364616532176,195.49666666666667,8.0,0.0,3.0,0.3333333333333333,26.0,1.0,44.333333333333336,5,9.0,1,1,3,1,1,78,79,78,0.2521,0.0,0.1237,0.0763,T1,False,none
c25218d6-6037-4113-890a-23e80991df6f,6.0,0.6666666666666666,5.0,15087.21,2514.535,1676.1546292242847,40,1,2.0,3.0,11.0,2.0,1.0,0.5,2.0,3.0,5.0,1.0,0.5,0.6666666666666666,0.6666666666666666,2514.535,4068.77,0.26968339408015135,175.75916666666666,6.0,0.16666666666666666,3.0,0.5,27.0,1.0,63.166666666666664,7,18.0,2,2,3,2,1,86,87,126,0.1498,0.0,0.1572,0.1186,T1,False,none
1e471e12-6a84-44d4-9656-b362c639aba7,6.0,0.6666666666666666,4.0,16170.27,2695.045,1205.8948510836258,15,1,1.0,6.0,8.0,1.0,1.0,1.0,2.0,3.0,4.0,2.0,1.0,0.8333333333333334,0.6666666666666666,2695.045,4571.41,0.28270461779549755,179.91833333333332,3.0,0.0,2.0,0.5,25.0,0.0,50.0,5,18.0,1,2,2,1,2,56,56,59,0.2957,0.0,0.0649,0.0215,T1,False,none
f429c71e-29f9-4973-baa5-46ae91690a59,6.0,0.6666666666666666,5.0,20916.170000000002,3486.0283333333336,1476.9500828046514,84,1,1.0,6.0,5.0,1.0,1.0,1.0,1.0,6.0,5.0,1.0,1.0,1.0,0.6666666666666666,3486.0283333333336,4740.88,0.22666099959983113,176.93055555555554,22.0,0.16666666666666666,2.0,0.8333333333333334,17.0,1.0,50.166666666666664,4,18.0,1,1,2,1,1,38,38,59,0.3197,0.0,0.1098,0.0978,T1,False,none
395335e4-2c87-4651-979f-237cb3aa676c,6.0,0.6666666666666666,5.0,18798.37,3133.0616666666665,1105.0326413534879,38,0,1.0,6.0,13.0,1.0,1.0,1.0,3.0,2.0,6.0,3.0,1.0,0.6666666666666666,0.6666666666666666,3133.0616666666665,4351.28,0.2314711328694988,188.17138888888888,23.0,0.0,2.0,0.6666666666666666,21.0,1.0,14.666666666666666,6,18.0,1,3,2,1,3,56,56,86,0.1967,0.0,0.161,0.0515,T1,False,none
c80d28a9-dbf5-41bf-a8cf-f988ecc9efa5,3.0,0.3333333333333333,3.0,2351.82,783.94,933.9953022901132,17,1,1.0,3.0,4.0,1.0,1.0,1.0,2.0,1.5,4.0,2.0,1.0,0.6666666666666666,0.3333333333333333,783.94,1859.92,0.7908428366116454,155.04583333333332,1.0,0.0,3.0,0.3333333333333333,23.0,0.0,46.0,6,9.0,1,2,3,1,2,65,66,121,0.1433,0.0,0.2418,0.1111,T1,False,none
90545491-05d8-468a-969a-3744c2a35070,2.0,0.2222222222222222,2.0,3015.89,1507.945,780.9499423458586,56,1,1.0,2.0,6.0,1.0,1.0,1.0,1.0,2.0,3.0,1.0,1.0,1.0,0.2222222222222222,1507.945,2060.16,0.6831018372686006,87.06583333333333,1.0,0.5,1.0,1.0,19.0,1.0,46.0,3,6.0,1,1,1,1,1,25,25,173,0.0954,0.0,0.2136,0.1548,T1,False,none
106d00b1-c8b9-4951-8eaf-26af4a487c9b,4.0,0.4444444444444444,4.0,11311.65,2827.9125,1700.9389181934193,68,1,2.0,2.0,11.0,2.0,1.0,0.75,3.0,1.3333333333333333,7.0,3.0,1.0,0.5,0.4444444444444444,2827.9125,4733.28,0.418442932728647,168.17527777777778,11.0,0.25,1.0,1.0,21.0,3.0,83.0,6,12.0,2,3,1,2,3,49,49,121,0.1362,0.0,0.2722,0.12,T1,False,none
343f958e-9de5-4473-91ba-0057ff5a6e0a,5.0,0.5555555555555556,4.0,11105.27,2221.054,404.2515817285072,41,1,2.0,2.5,9.0,2.0,1.0,0.8,3.0,1.6666666666666667,6.0,3.0,1.0,0.6,0.5555555555555556,2221.054,2586.7,0.23292544890849118,151.7463888888889,8.0,0.2,3.0,0.4,25.0,2.0,57.4,8,15.0,2,3,3,2,3,81,81,89,0.2028,0.0,0.1043,0.0515,T1,False,none
960b30e7-f296-4b77-9b94-ed85732e4a73,4.0,0.4444444444444444,3.0,11916.84,2979.21,1292.7791855533565,53,1,2.0,2.0,11.0,2.0,1.0,0.5,1.0,4.0,2.0,1.0,1.0,1.0,0.4444444444444444,2979.21,4197.69,0.3522485826779582,89.16722222222222,17.0,0.0,2.0,0.75,16.0,0.0,56.25,5,12.0,2,1,2,2,1,45,46,167,0.1063,0.0,0.25,0.1704,T1,False,none
c719a7c9-18c7-4b82-8865-1585e31d4438,3.0,0.3333333333333333,3.0,7644.41,2548.1366666666668,1884.8087332494333,21,1,2.0,1.5,5.0,2.0,1.0,0.6666666666666666,1.0,3.0,2.0,1.0,1.0,1.0,0.3333333333333333,2548.1366666666668,4707.87,0.615857862150251,98.37194444444444,17.0,0.3333333333333333,3.0,0.3333333333333333,22.0,1.0,48.333333333333336,6,9.0,2,1,3,2,1,67,67,57,0.2807,0.0,0.0921,0.0244,T1,False,none
52dc59f1-f1a6-47d2-92b5-32e01e6d9875,5.0,0.5555555555555556,5.0,9031.310000000001,1806.2620000000002,1611.0126790065929,87,1,1.0,5.0,5.0,1.0,1.0,1.0,3.0,1.6666666666666667,7.0,3.0,1.0,0.6,0.5555555555555556,1806.2620000000002,4396.08,0.4867599495532762,139.50583333333333,3.0,0.0,4.0,0.4,24.0,2.0,29.2,8,15.0,1,3,4,1,3,96,96,126,0.1498,0.0,0.1572,0.1186,T1,False,none
d477fc94-f2e3-43b8-9015-1309f1720321,5.0,0.5555555555555556,4.0,6881.84,1376.368,1195.562239228891,40,0,3.0,1.6666666666666667,13.0,3.0,1.0,0.6,2.0,2.5,5.0,2.0,1.0,0.8,0.5555555555555556,1376.368,2896.95,0.4209557327691431,195.54472222222222,1.0,0.4,1.0,1.0,23.0,0.0,3.0,6,15.0,3,2,1,3,2,52,52,121,0.1433,0.0,0.2418,0.1111,T1,False,none
2458caa6-f75c-4936-bf98-bc5d5115e03f,4.0,0.4444444444444444,2.0,7995.3,1998.825,1836.2345294197398,53,1,2.0,2.0,9.0,2.0,1.0,0.75,1.0,4.0,2.0,1.0,1.0,1.0,0.4444444444444444,1998.825,4471.34,0.5592460570585219,81.50416666666666,5.0,0.0,3.0,0.5,24.0,2.0,35.75,6,12.0,2,1,3,2,1,70,70,64,0.3686,0.0,0.1444,0.0659,T1,False,none
349d306c-e8fe-40c8-a331-bad813621e87,3.0,0.3333333333333333,3.0,8767.15,2922.383333333333,1672.515323975638,32,0,1.0,3.0,7.0,1.0,1.0,1.0,1.0,3.0,6.0,1.0,1.0,1.0,0.3333333333333333,2922.383333333333,4842.71,0.5523699263728806,217.77055555555555,2.0,0.3333333333333333,2.0,0.6666666666666666,21.0,0.0,58.333333333333336,4,9.0,1,1,2,1,1,47,47,118,0.1482,0.0,0.2319,0.119,T1,False,none
bc62089d-3474-4409-92d6-6aa0e015ae59,4.0,0.4444444444444444,3.0,15000.85,3750.2125,1251.5772994738813,46,0,1.0,4.0,8.0,1.0,1.0,1.0,1.0,4.0,2.0,1.0,1.0,1.0,0.4444444444444444,3750.2125,4880.27,0.3253328978024579,205.555,3.0,0.0,3.0,0.5,22.0,2.0,49.5,5,12.0,1,1,3,1,1,66,66,104,0.1637,0.0,0.1654,0.1067,T1,False,none
519737c5-4453-4016-8605-172636dfbb1f,2.0,0.2222222222222222,2.0,7569.879999999999,3784.9399999999996,914.9537484485212,78,1,2.0,1.0,6.0,2.0,1.0,0.5,1.0,2.0,6.0,1.0,1.0,1.0,0.2222222222222222,3784.9399999999996,4431.91,0.5854663482115965,111.05527777777777,8.0,0.0,1.0,1.0,19.0,1.0,85.0,4,6.0,2,1,1,2,1,32,32,173,0.0954,0.0,0.2136,0.1548,T1,False,none
846dd936-60bd-4fbb-b1e5-14b250a32552,2.0,0.2222222222222222,2.0,1310.8400000000001,655.4200000000001,495.5545743911562,85,0,2.0,1.0,7.0,2.0,1.0,0.5,2.0,1.0,3.0,1.0,0.5,0.5,0.2222222222222222,655.4200000000001,1005.83,0.7673171401544048,96.61722222222222,7.0,0.5,2.0,0.5,23.0,3.0,51.0,6,6.0,2,2,2,2,1,52,53,74,0.2714,0.0,0.1287,0.0855,T1,False,none
9c83e98f-9082-45ec-ae25-8c33a773a7f2,3.0,0.3333333333333333,3.0,10740.89,3580.2966666666666,698.0628397453436,68,0,1.0,3.0,4.0,1.0,1.0,1.0,1.0,3.0,2.0,1.0,1.0,1.0,0.3333333333333333,3580.2966666666666,4134.26,0.38490851316790325,168.56027777777777,11.0,0.3333333333333333,1.0,1.0,13.0,1.0,2.0,3,9.0,1,1,1,1,1,16,16,126,0.1498,0.0,0.1572,0.1186,T1,False,none
b32843ea-bc3a-4925-9c1e-2b81b9db3ed1,8.0,0.8888888888888888,3.0,17468.620000000003,2183.5775000000003,1769.1175541394318,33,0,1.0,8.0,6.0,1.0,1.0,1.0,1.0,8.0,5.0,1.0,1.0,1.0,0.8888888888888888,2183.5775000000003,4913.06,0.28125060823350667,75.68444444444444,13.0,0.5,4.0,0.5,23.0,2.0,43.75,6,24.0,1,1,4,1,1,86,86,74,0.2714,0.0,0.1287,0.0855,T1,False,none
6ed6a9d9-83cd-42ca-abcb-f319355324f8,3.0,0.3333333333333333,2.0,3899.05,1299.6833333333334,1732.3467819502346,59,0,2.0,1.5,6.0,2.0,1.0,0.6666666666666666,2.0,1.5,4.0,1.0,0.5,0.6666666666666666,0.3333333333333333,1299.6833333333334,3300.01,0.84636257549916,79.23972222222223,16.0,0.3333333333333333,3.0,0.3333333333333333,25.0,0.0,64.66666666666667,7,9.0,2,2,3,2,1,68,69,118,0.1482,0.0,0.2319,0.119,T1,False,none
2f96d882-3e43-437f-9b1b-631b189a2e71,4.0,0.4444444444444444,4.0,8355.09,2088.7725,1140.5461209840078,59,0,2.0,2.0,6.0,2.0,1.0,0.5,2.0,2.0,7.0,2.0,1.0,0.75,0.4444444444444444,2088.7725,3424.6,0.40988188038668644,177.98833333333334,0.0,0.0,4.0,0.25,19.0,1.0,56.25,8,12.0,2,2,4,2,2,81,84,173,0.0954,0.0,0.2136,0.1548,T1,False,none
b1230784-2cf0-431e-a549-698ae859b3e0,5.0,0.5555555555555556,3.0,13848.849999999999,2769.7699999999995,1646.6829739054206,19,0,1.0,5.0,11.0,1.0,1.0,1.0,2.0,2.5,4.0,2.0,1.0,0.6,0.5555555555555556,2769.7699999999995,4718.71,0.3407293746412157,158.4463888888889,1.0,0.2,2.0,0.8,18.0,1.0,64.6,5,15.0,1,2,2,1,2,47,47,121,0.1362,0.0,0.2722,0.12,T1,False,none
0550980b-f561-413f-b0df-5b7d04c7750a,7.0,0.7777777777777778,5.0,14179.88,2025.6971428571428,987.2799790453614,57,0,1.0,7.0,6.0,1.0,1.0,1.0,2.0,3.5,2.0,1.0,0.5,0.5714285714285714,0.7777777777777778,2025.6971428571428,3528.24,0.24882015926792045,179.07888888888888,1.0,0.2857142857142857,4.0,0.42857142857142855,30.0,1.0,41.714285714285715,7,21.0,1,2,4,1,1,90,90,66,0.3865,0.0,0.1807,0.0805,T1,False,none
9d9ed542-b9b2-4592-813f-29e7bf2aee7b,3.0,0.3333333333333333,1.0,8065.6900000000005,2688.5633333333335,1306.9475021336295,83,0,1.0,3.0,8.0,1.0,1.0,1.0,1.0,3.0,4.0,1.0,1.0,1.0,0.3333333333333333,2688.5633333333335,4099.43,0.5082553383529493,20.275833333333335,1.0,0.0,2.0,0.6666666666666666,23.0,0.0,39.666666666666664,4,9.0,1,1,2,1,1,49,49,121,0.1433,0.0,0.2418,0.1111,T1,False,none
55c1fcfc-1b4a-4a44-a12a-4d24d45171b5,4.0,0.4444444444444444,3.0,12953.119999999999,3238.2799999999997,2126.7426234345644,35,0,2.0,2.0,8.0,2.0,1.0,0.75,1.0,4.0,3.0,1.0,1.0,1.0,0.4444444444444444,3238.2799999999997,4753.74,0.3669957508306879,181.12972222222223,4.0,0.0,3.0,0.5,29.0,0.0,43.75,6,12.0,2,1,3,2,1,82,84,167,0.1063,0.0,0.25,0.1704,T1,False,none
48f6e958-f8b6-4787-ae2c-a927f6ae1b61,6.0,0.6666666666666666,6.0,15104.3,2517.383333333333,1028.4484179124718,77,0,4.0,1.5,10.0,4.0,1.0,0.5,1.0,6.0,5.0,1.0,1.0,1.0,0.6666666666666666,2517.383333333333,4133.28,0.27364922571717987,219.9922222222222,1.0,0.0,4.0,0.5,20.0,0.0,66.83333333333333,9,18.0,4,1,4,4,1,94,95,173,0.0954,0.0,0.2136,0.1548,T1,False,none
421cc129-c7d2-4bbb-a343-848fd09795c0,4.0,0.4444444444444444,4.0,9765.59,2441.3975,1545.702242226814,58,1,2.0,2.0,7.0,2.0,1.0,0.5,1.0,4.0,2.0,1.0,1.0,1.0,0.4444444444444444,2441.3975,3766.43,0.3856838142907904,198.39527777777778,6.0,0.0,2.0,0.75,23.0,3.0,61.25,5,12.0,2,1,2,2,1,51,51,66,0.3865,0.0,0.1807,0.0805,T1,False,none
4b6a76c1-723a-41ca-abc5-8866510ed312,3.0,0.3333333333333333,2.0,6124.32,2041.4399999999998,1762.4487511130642,16,0,1.0,3.0,8.0,1.0,1.0,1.0,2.0,1.5,7.0,2.0,1.0,0.6666666666666666,0.3333333333333333,2041.4399999999998,3963.15,0.6471167411239126,106.13472222222222,0.0,0.3333333333333333,2.0,0.6666666666666666,22.0,3.0,23.666666666666668,5,9.0,1,2,2,1,2,46,46,50,0.3086,0.0,0.0411,0.037,T1,False,none
8cd74561-3db1-4ff9-b59b-354486a8eb03,4.0,0.4444444444444444,3.0,8820.48,2205.12,1523.8729491222903,63,0,2.0,2.0,8.0,2.0,1.0,0.75,1.0,4.0,2.0,1.0,1.0,1.0,0.4444444444444444,2205.12,3920.7,0.44449961906835,160.77444444444444,1.0,0.0,3.0,0.5,25.0,2.0,40.0,6,12.0,2,1,3,2,1,68,68,57,0.2807,0.0,0.0921,0.0244,T1,False,none
ac3c598a-9023-48b1-acfe-241237f7d13d,5.0,0.5555555555555556,5.0,14657.06,2931.412,1402.9384092396929,45,1,2.0,2.5,6.0,2.0,1.0,0.8,2.0,2.5,6.0,2.0,1.0,0.8,0.5555555555555556,2931.412,4785.63,0.3265068165102688,176.98944444444444,18.0,0.0,2.0,0.8,25.0,0.0,20.6,6,15.0,2,2,2,2,2,49,50,103,0.2271,0.0,0.2014,0.1192,T1,False,none
d8a185bf-0da6-4d43-b1be-ad04bc31ac76,6.0,0.6666666666666666,4.0,12770.25,2128.375,1730.4276160619952,19,1,2.0,3.0,4.0,2.0,1.0,0.8333333333333334,4.0,1.5,6.0,4.0,1.0,0.3333333333333333,0.6666666666666666,2128.375,4944.18,0.3871639161332002,164.38583333333332,10.0,0.16666666666666666,1.0,1.0,21.0,1.0,67.0,7,18.0,2,4,1,2,4,38,38,89,0.2028,0.0,0.1043,0.0515,T1,False,none
f322d638-7253-4a38-b6b3-51cc638278e9,4.0,0.4444444444444444,4.0,8951.35,2237.8375,1646.3119100659512,29,1,1.0,4.0,8.0,1.0,1.0,1.0,1.0,4.0,12.0,1.0,1.0,1.0,0.4444444444444444,2237.8375,4699.5,0.5250046082434493,107.2786111111111,5.0,0.25,3.0,0.5,19.0,3.0,54.75,5,12.0,1,1,3,1,1,68,69,86,0.1967,0.0,0.161,0.0515,T1,False,none
6fdd068e-577a-465a-b783-276793a6575f,4.0,0.4444444444444444,4.0,11011.41,2752.8525,1896.066227998994,54,0,1.0,4.0,2.0,1.0,1.0,1.0,1.0,4.0,3.0,1.0,1.0,1.0,0.4444444444444444,2752.8525,4609.21,0.41858490420391214,203.91055555555556,10.0,0.5,1.0,1.0,19.0,3.0,44.0,3,12.0,1,1,1,1,1,21,21,167,0.1063,0.0,0.25,0.1704,T1,False,none
de5f7ac5-ce52-455e-b0d8-9a57d5a07b9a,3.0,0.3333333333333333,3.0,3059.0600000000004,1019.6866666666668,1146.1858748184493,35,0,2.0,1.5,15.0,2.0,1.0,0.6666666666666666,2.0,1.5,4.0,2.0,1.0,0.6666666666666666,0.3333333333333333,1019.6866666666668,2341.05,0.7652841068825064,151.335,1.0,0.3333333333333333,2.0,0.6666666666666666,20.0,2.0,37.0,6,9.0,2,2,2,2,2,57,58,118,0.1482,0.0,0.2319,0.119,T1,False,none
93199234-9f70-4bd7-b23a-10e6731df113,2.0,0.2222222222222222,1.0,3467.07,1733.535,2250.4168286008708,30,0,1.0,2.0,4.0,1.0,1.0,1.0,1.0,2.0,5.0,1.0,1.0,1.0,0.2222222222222222,1733.535,3324.82,0.9589711197062649,1.9847222222222223,21.0,0.0,2.0,0.5,26.0,1.0,57.5,4,6.0,1,1,2,1,1,49,49,78,0.2521,0.0,0.1237,0.0763,T1,False,none
c4ef6d15-dc1c-43c0-bf35-0e089c25ddb5,10.0,1.1111111111111112,6.0,23631.81,2363.181,1428.8199676224665,75,1,2.0,5.0,9.0,2.0,1.0,0.9,2.0,5.0,2.0,2.0,1.0,0.6,1.1111111111111112,2363.181,3815.81,0.1614692230514717,199.1863888888889,3.0,0.0,3.0,0.6,29.0,1.0,61.5,7,30.0,2,2,3,2,2,88,88,89,0.2028,0.0,0.1043,0.0515,T1,False,none
861a9f3b-75f7-44b5-ad7a-1796013380d7,2.0,0.2222222222222222,2.0,6881.6,3440.8,41.79001076812473,87,0,1.0,2.0,11.0,1.0,1.0,1.0,2.0,1.0,7.0,2.0,1.0,0.5,0.2222222222222222,3440.8,3470.35,0.5042940595210416,88.85805555555555,3.0,0.5,1.0,1.0,26.0,2.0,11.0,4,6.0,1,2,1,1,2,44,44,65,0.3611,0.0,0.0889,0.0707,T1,False,none
11077d82-8e20-4e4e-9c2a-72f5e90f60ba,3.0,0.3333333333333333,3.0,2911.36,970.4533333333334,488.81197738326074,63,0,2.0,1.5,7.0,2.0,1.0,0.6666666666666666,2.0,1.5,5.0,2.0,1.0,0.6666666666666666,0.3333333333333333,970.4533333333334,1300.45,0.44668127610463837,66.4811111111111,7.0,0.6666666666666666,2.0,0.6666666666666666,20.0,0.0,50.666666666666664,6,9.0,2,2,2,2,2,57,57,143,0.1277,0.0,0.241,0.0927,T1,False,none
291bfe11-2d86-40e1-8500-e59b60994b0d,3.0,0.3333333333333333,3.0,11463.279999999999,3821.093333333333,891.1484172871172,75,1,2.0,1.5,11.0,2.0,1.0,0.6666666666666666,2.0,1.5,5.0,2.0,1.0,0.6666666666666666,0.3333333333333333,3821.093333333333,4521.02,0.39439148306592886,56.27527777777778,5.0,0.6666666666666666,1.0,1.0,21.0,0.0,84.0,5,9.0,2,2,1,2,2,43,44,143,0.1277,0.0,0.241,0.0927,T1,False,none
5efb0a1f-b78a-438d-8e05-5979feb0b225,4.0,0.4444444444444444,3.0,7957.5599999999995,1989.3899999999999,1866.526070556387,81,1,1.0,4.0,9.0,1.0,1.0,1.0,2.0,2.0,6.0,2.0,1.0,0.75,0.4444444444444444,1989.3899999999999,4523.58,0.5684631972614721,205.64333333333335,7.0,0.0,2.0,0.75,22.0,2.0,22.5,5,12.0,1,2,2,1,2,56,56,167,0.1063,0.0,0.25,0.1704,T1,False,none
65fd24ae-0765-43e0-ac72-b69f8a31a8db,0.0,0.0,0.0,0.0,0.0,0.0,43,1,0.0,0.0,0.0,0.0,0.0,0.0,0.0,0.0,0.0,0.0,0.0,0.0,0.0,0.0,0.0,0.0,0.0,0.0,0.0,0.0,0.0,0.0,0.0,0.0,0,0.0,0,0,0,0,0,0,0,1,0.0,0.0,0.0,0.0,T1,False,none
195dcf55-0a21-4d88-a339-c43d2a595da7,1.0,0.1111111111111111,1.0,1483.24,1483.24,0.0,47,0,1.0,1.0,13.0,1.0,1.0,1.0,1.0,1.0,6.0,1.0,1.0,1.0,0.1111111111111111,1483.24,1483.24,1.0,0.0,23.0,0.0,1.0,1.0,16.0,3.0,49.0,3,3.0,1,1,1,1,1,32,32,57,0.2807,0.0,0.0921,0.0244,T1,False,none
58ab1919-257d-4ae2-b619-24f60015c1f1,1.0,0.1111111111111111,1.0,3540.39,3540.39,0.0,34,0,1.0,1.0,4.0,1.0,1.0,1.0,1.0,1.0,1.0,0.0,0.0,1.0,0.1111111111111111,3540.39,3540.39,1.0,0.0,8.0,1.0,1.0,1.0,26.0,2.0,11.0,3,3.0,1,1,1,1,0,28,28,65,0.3611,0.0,0.0889,0.0707,T1,False,none
aee1507f-5495-4b3f-8098-ec772b0b7f09,3.0,0.3333333333333333,2.0,7353.050000000001,2451.016666666667,1548.6115218586403,79,0,2.0,1.5,9.0,2.0,1.0,0.6666666666666666,2.0,1.5,5.0,2.0,1.0,0.6666666666666666,0.3333333333333333,2451.016666666667,4239.02,0.5764981878268202,89.94916666666667,0.0,0.0,2.0,0.6666666666666666,21.0,3.0,52.333333333333336,6,9.0,2,2,2,2,2,57,57,143,0.1277,0.0,0.241,0.0927,T1,False,none
d3deb974-8fba-4a89-adc4-fe44101bc2c6,5.0,0.5555555555555556,5.0,13061.85,2612.37,1448.3297598785991,12,0,1.0,5.0,8.0,1.0,1.0,1.0,1.0,5.0,4.0,1.0,1.0,1.0,0.5555555555555556,2612.37,4670.14,0.3575404709133852,185.91805555555555,0.0,0.0,3.0,0.6,23.0,1.0,34.4,5,15.0,1,1,3,1,1,69,70,59,0.3197,0.0,0.1098,0.0978,T1,False,none
b6fea4c6-214a-4195-acda-06ef99cd653e,3.0,0.3333333333333333,3.0,4572.26,1524.0866666666668,1394.2490539474406,33,1,1.0,3.0,4.0,1.0,1.0,1.0,2.0,1.5,4.0,2.0,1.0,0.6666666666666666,0.3333333333333333,1524.0866666666668,2913.11,0.6371269350386899,86.47527777777778,12.0,0.3333333333333333,1.0,1.0,18.0,0.0,29.0,4,9.0,1,2,1,1,2,26,26,126,0.1498,0.0,0.1572,0.1186,T1,False,none
ef33a17b-d126-4028-8229-ca702cb8155e,3.0,0.3333333333333333,3.0,7676.32,2558.773333333333,1717.0506738688098,24,0,2.0,1.5,7.0,2.0,1.0,0.6666666666666666,1.0,3.0,4.0,1.0,1.0,1.0,0.3333333333333333,2558.773333333333,3941.25,0.5134296121058007,218.7486111111111,14.0,0.0,2.0,0.6666666666666666,20.0,2.0,56.666666666666664,5,9.0,2,1,2,2,1,49,49,173,0.0954,0.0,0.2136,0.1548,T1,False,none
1abce249-e1f1-4258-a089-b0ccfa50877d,5.0,0.5555555555555556,4.0,16008.43,3201.686,1163.389193984541,62,0,3.0,1.6666666666666667,11.0,3.0,1.0,0.6,2.0,2.5,6.0,2.0,1.0,0.8,0.5555555555555556,3201.686,4451.13,0.27804912786575575,199.19166666666666,0.0,0.0,3.0,0.4,20.0,1.0,9.2,8,15.0,3,2,3,3,2,75,75,173,0.0954,0.0,0.2136,0.1548,T1,False,none
8935f572-aa98-48aa-8f31-b6b4cd08947c,2.0,0.2222222222222222,2.0,5197.14,2598.57,559.59016449541,79,1,1.0,2.0,8.0,1.0,1.0,1.0,1.0,2.0,6.0,1.0,1.0,1.0,0.2222222222222222,2598.57,2994.26,0.5761361056273258,105.11083333333333,13.0,0.0,2.0,0.5,23.0,2.0,7.5,4,6.0,1,1,2,1,1,53,53,74,0.2714,0.0,0.1287,0.0855,T1,False,none
2bed4138-9e81-42f3-bc63-78060c1032ec,6.0,0.6666666666666666,5.0,15857.33,2642.8883333333333,780.1597857212756,34,1,2.0,3.0,8.0,2.0,1.0,0.5,2.0,3.0,7.0,2.0,1.0,0.6666666666666666,0.6666666666666666,2642.8883333333333,3697.45,0.23316977069910255,213.1963888888889,2.0,0.16666666666666666,2.0,0.8333333333333334,23.0,1.0,44.333333333333336,6,18.0,2,2,2,2,2,58,59,59,0.3197,0.0,0.1098,0.0978,T1,False,none
22bed073-fb9f-4d9e-8d19-e60e9091146a,7.0,0.7777777777777778,5.0,18856.43,2693.7757142857145,1233.0959813663756,64,1,2.0,3.5,6.0,2.0,1.0,0.7142857142857143,1.0,7.0,5.0,1.0,1.0,1.0,0.7777777777777778,2693.7757142857145,3980.18,0.21107813090813052,141.7761111111111,0.0,0.0,3.0,0.7142857142857143,20.0,0.0,55.57142857142857,6,21.0,2,1,3,2,1,63,67,74,0.2714,0.0,0.1287,0.0855,T1,False,none
03b6f4b8-8591-4181-85c3-e48b5bdb3892,3.0,0.3333333333333333,2.0,8378.76,2792.92,1910.1628487382955,18,0,1.0,3.0,6.0,1.0,1.0,1.0,1.0,3.0,4.0,1.0,1.0,1.0,0.3333333333333333,2792.92,4449.05,0.5309914593567545,17.191944444444445,15.0,0.0,1.0,1.0,18.0,1.0,1.0,3,9.0,1,1,1,1,1,25,25,64,0.3686,0.0,0.1444,0.0659,T1,False,none
14152fdd-df02-45b9-8f2e-7ebb9fbbaeb0,3.0,0.3333333333333333,3.0,10641.91,3547.3033333333333,474.6516649431806,54,1,1.0,3.0,4.0,1.0,1.0,1.0,1.0,3.0,6.0,1.0,1.0,1.0,0.3333333333333333,3547.3033333333333,4009.2,0.37673688275882805,77.24805555555555,2.0,0.0,1.0,1.0,23.0,3.0,39.0,3,9.0,1,1,1,1,1,30,30,143,0.1277,0.0,0.241,0.0927,T1,False,none
dc7c981e-fa3e-4c44-b6b5-e035f11d96ca,5.0,0.5555555555555556,4.0,11155.400000000001,2231.0800000000004,1788.7771692555784,70,0,2.0,2.5,6.0,2.0,1.0,0.6,1.0,5.0,6.0,1.0,1.0,1.0,0.5555555555555556,2231.0800000000004,4891.71,0.43850601502411385,175.92083333333332,13.0,0.2,2.0,0.8,23.0,0.0,13.8,5,15.0,2,1,2,2,1,55,56,66,0.3865,0.0,0.1807,0.0805,T1,False,none
806ce29c-76fe-4c66-a1ba-00845b62bc86,5.0,0.5555555555555556,4.0,13262.64,2652.528,950.4001733322652,70,1,1.0,5.0,11.0,1.0,1.0,1.0,2.0,2.5,7.0,2.0,1.0,0.6,0.5555555555555556,2652.528,3434.95,0.2589944385129959,229.20333333333335,1.0,0.0,4.0,0.4,28.0,0.0,18.4,7,15.0,1,2,4,1,2,109,109,65,0.3611,0.0,0.0889,0.0707,T1,False,none
67a54dc7-243b-4120-ad1f-8947f16c6f13,2.0,0.2222222222222222,2.0,5132.77,2566.385,2983.3471494363507,19,1,2.0,1.0,7.0,2.0,1.0,0.5,2.0,1.0,8.0,1.0,0.5,0.5,0.2222222222222222,2566.385,4675.93,0.9109954274202818,208.26111111111112,16.0,0.5,2.0,0.5,23.0,0.0,10.0,6,6.0,2,2,2,2,1,57,58,143,0.1277,0.0,0.241,0.0927,T1,False,none
98839eda-e16f-4806-89a2-42bc4ca2cce1,10.0,1.1111111111111112,8.0,26082.96,2608.296,1766.7561941353301,76,0,2.0,5.0,9.0,2.0,1.0,0.9,2.0,5.0,3.0,2.0,1.0,0.5,1.1111111111111112,2608.296,4877.93,0.18701596751288965,233.54861111111111,21.0,0.2,5.0,0.5,22.0,2.0,57.5,9,30.0,2,2,5,2,2,106,108,121,0.1433,0.0,0.2418,0.1111,T1,False,none
725680b2-3bf3-4d19-85e0-497012fbcba2,4.0,0.4444444444444444,3.0,10940.02,2735.005,2333.1291086650135,83,1,1.0,4.0,4.0,1.0,1.0,1.0,2.0,2.0,8.0,2.0,1.0,0.75,0.4444444444444444,2735.005,4992.27,0.4563309756289294,126.66638888888889,2.0,0.25,4.0,0.25,27.0,1.0,48.5,7,12.0,1,2,4,1,2,92,93,126,0.1498,0.0,0.1572,0.1186,T1,False,none
732ed051-fb7a-4372-b422-a32c0db9717c,3.0,0.3333333333333333,3.0,6749.59,2249.8633333333332,1930.1531178726038,15,1,2.0,1.5,13.0,2.0,1.0,0.6666666666666666,3.0,1.0,3.0,3.0,1.0,0.3333333333333333,0.3333333333333333,2249.8633333333332,3466.43,0.5135763801949451,131.95944444444444,2.0,0.0,2.0,0.6666666666666666,22.0,1.0,1.6666666666666667,7,9.0,2,3,2,2,3,59,60,86,0.1967,0.0,0.161,0.0515,T1,False,none
ae77401a-f3ce-4e79-8d48-5c8e13a6fb1c,1.0,0.1111111111111111,1.0,3845.02,3845.02,0.0,66,1,1.0,1.0,6.0,1.0,1.0,1.0,1.0,1.0,2.0,1.0,1.0,1.0,0.1111111111111111,3845.02,3845.02,1.0,0.0,12.0,1.0,1.0,1.0,26.0,2.0,11.0,3,3.0,1,1,1,1,1,29,31,65,0.3611,0.0,0.0889,0.0707,T1,False,none
005b84aa-8984-4209-9ba1-03e218ea4610,2.0,0.2222222222222222,2.0,7652.99,3826.495,756.9648803280112,48,0,2.0,1.0,5.0,2.0,1.0,0.5,1.0,2.0,2.0,1.0,1.0,1.0,0.2222222222222222,3826.495,4361.75,0.5699406375808671,113.10388888888889,1.0,0.0,1.0,1.0,19.0,1.0,79.0,4,6.0,2,1,1,2,1,25,25,173,0.0954,0.0,0.2136,0.1548,T1,False,none
778cd7bb-477b-446e-a6a9-4a1172110180,0.0,0.0,0.0,0.0,0.0,0.0,35,1,0.0,0.0,0.0,0.0,0.0,0.0,0.0,0.0,0.0,0.0,0.0,0.0,0.0,0.0,0.0,0.0,0.0,0.0,0.0,0.0,0.0,0.0,0.0,0.0,0,0.0,0,0,0,0,0,0,0,1,0.0,0.0,0.0,0.0,T1,False,none
ce817a8e-4582-4996-90fd-c41f563343b2,5.0,0.5555555555555556,4.0,9840.4,1968.08,958.3357835852734,79,0,1.0,5.0,7.0,1.0,1.0,1.0,1.0,5.0,3.0,1.0,1.0,1.0,0.5555555555555556,1968.08,3326.68,0.3380634933539287,146.1811111111111,3.0,0.6,2.0,0.8,28.0,3.0,25.8,4,15.0,1,1,2,1,1,48,49,103,0.2271,0.0,0.2014,0.1192,T1,False,none
9bd9c4b8-7906-4ae1-a46e-9e0565519fb8,5.0,0.5555555555555556,5.0,17919.760000000002,3583.952,1122.9256104791625,42,1,2.0,2.5,7.0,2.0,1.0,0.6,2.0,2.5,3.0,1.0,0.5,0.8,0.5555555555555556,3583.952,4773.79,0.2663980990816841,102.63666666666667,3.0,0.0,1.0,1.0,18.0,1.0,42.0,5,15.0,2,2,1,2,1,30,30,167,0.1063,0.0,0.25,0.1704,T1,False,none
ab740155-5dee-40b8-8ba0-4924c383167f,3.0,0.3333333333333333,3.0,9841.34,3280.4466666666667,1619.8541869666333,69,1,2.0,1.5,11.0,2.0,1.0,0.6666666666666666,2.0,1.5,5.0,2.0,1.0,0.6666666666666666,0.3333333333333333,3280.4466666666667,4405.57,0.44765956668502455,101.80361111111111,1.0,0.3333333333333333,2.0,0.6666666666666666,27.0,0.0,66.66666666666667,6,9.0,2,2,2,2,2,64,66,126,0.1498,0.0,0.1572,0.1186,T1,False,none
6c847496-7bd3-4d89-8b12-41d2f96d08af,3.0,0.3333333333333333,3.0,7339.06,2446.3533333333335,1922.1917617483782,42,1,1.0,3.0,4.0,1.0,1.0,1.0,2.0,1.5,6.0,2.0,1.0,0.6666666666666666,0.3333333333333333,2446.3533333333335,3613.96,0.4924281856259521,68.07916666666667,15.0,0.3333333333333333,2.0,0.6666666666666666,21.0,3.0,83.0,5,9.0,1,2,2,1,2,49,49,59,0.2957,0.0,0.0649,0.0215,T1,False,none
6be73899-afc6-4062-8875-c90550432cfd,2.0,0.2222222222222222,2.0,7062.75,3531.375,1931.5682388282323,12,1,1.0,2.0,4.0,1.0,1.0,1.0,2.0,1.0,6.0,2.0,1.0,0.5,0.2222222222222222,3531.375,4897.2,0.6933843049803546,60.867222222222225,4.0,0.5,1.0,1.0,17.0,3.0,21.0,4,6.0,1,2,1,1,2,26,26,103,0.2271,0.0,0.2014,0.1192,T1,False,none
7ba29dab-dad3-4e70-9d04-311022d83c4a,4.0,0.4444444444444444,3.0,9750.64,2437.66,227.9618447606234,14,1,1.0,4.0,10.0,1.0,1.0,1.0,3.0,1.3333333333333333,4.0,3.0,1.0,0.5,0.4444444444444444,2437.66,2624.98,0.26921104665950135,139.53305555555556,8.0,0.25,2.0,0.75,20.0,2.0,39.25,6,12.0,1,3,2,1,3,52,53,121,0.1433,0.0,0.2418,0.1111,T1,False,none
78f956ba-0b09-4863-9ad2-79d0c2d49478,3.0,0.3333333333333333,2.0,10463.87,3487.956666666667,1469.3741527716259,81,1,1.0,3.0,7.0,1.0,1.0,1.0,2.0,1.5,7.0,2.0,1.0,0.6666666666666666,0.3333333333333333,3487.956666666667,4854.74,0.46395262938090776,98.47222222222223,10.0,0.6666666666666666,2.0,0.6666666666666666,20.0,1.0,8.0,5,9.0,1,2,2,1,2,42,42,173,0.0954,0.0,0.2136,0.1548,T1,False,none
15a2669f-85d3-470b-8825-ac91ccccf7fa,2.0,0.2222222222222222,2.0,4007.04,2003.52,762.6712320521864,56,0,2.0,1.0,7.0,2.0,1.0,0.5,1.0,2.0,4.0,1.0,1.0,1.0,0.2222222222222222,2003.52,2542.81,0.6345856292924453,15.005277777777778,11.0,0.5,2.0,0.5,30.0,0.0,41.5,5,6.0,2,1,2,2,1,63,64,66,0.3865,0.0,0.1807,0.0805,T1,False,none
ef0306e8-ff49-4d89-9fae-d4f221eeb7b2,1.0,0.1111111111111111,1.0,4114.06,4114.06,0.0,87,0,1.0,1.0,9.0,1.0,1.0,1.0,1.0,1.0,1.0,0.0,0.0,1.0,0.1111111111111111,4114.06,4114.06,1.0,0.0,21.0,1.0,1.0,1.0,20.0,2.0,1.0,3,3.0,1,1,1,1,0,27,27,89,0.2028,0.0,0.1043,0.0515,T1,False,none
43a7267b-ecdd-4615-8407-19c1bc4a3d72,3.0,0.3333333333333333,2.0,3112.66,1037.5533333333333,1160.3240399704441,79,1,1.0,3.0,10.0,1.0,1.0,1.0,1.0,3.0,2.0,1.0,1.0,1.0,0.3333333333333333,1037.5533333333333,2369.24,0.7611624783946849,32.11416666666667,2.0,0.0,1.0,1.0,13.0,3.0,52.0,3,9.0,1,1,1,1,1,22,22,143,0.1277,0.0,0.241,0.0927,T1,False,none
2ce7b48d-11cf-448d-b13e-ad8260c61997,4.0,0.4444444444444444,3.0,10165.7,2541.425,1340.536763601307,10,1,1.0,4.0,9.0,1.0,1.0,1.0,2.0,2.0,6.0,2.0,1.0,0.75,0.4444444444444444,2541.425,3648.44,0.35889707545963384,177.15694444444443,0.0,0.0,2.0,0.75,26.0,0.0,49.0,5,12.0,1,2,2,1,2,59,59,121,0.1433,0.0,0.2418,0.1111,T1,False,none
3acd08b8-47a7-4bc4-a19d-48f9a664a25c,4.0,0.4444444444444444,4.0,12191.3,3047.825,1929.4621622358911,75,0,1.0,4.0,7.0,1.0,1.0,1.0,2.0,2.0,8.0,1.0,0.5,0.5,0.4444444444444444,3047.825,4535.02,0.37198822110849544,137.54333333333332,1.0,0.25,1.0,1.0,20.0,2.0,18.0,4,12.0,1,2,1,1,1,32,32,50,0.3086,0.0,0.0411,0.037,T1,False,none
8f78ddad-8a53-4907-b515-06415a731b69,1.0,0.1111111111111111,1.0,2766.93,2766.93,0.0,16,1,1.0,1.0,5.0,1.0,1.0,1.0,1.0,1.0,3.0,1.0,1.0,1.0,0.1111111111111111,2766.93,2766.93,1.0,0.0,6.0,1.0,1.0,1.0,24.0,2.0,37.0,3,3.0,1,1,1,1,1,28,29,64,0.3686,0.0,0.1444,0.0659,T1,False,none
88ee3913-7082-4c1d-9cd7-0627b210791c,4.0,0.4444444444444444,4.0,11925.0,2981.25,1355.5914077872678,27,1,1.0,4.0,4.0,1.0,1.0,1.0,1.0,4.0,3.0,1.0,1.0,1.0,0.4444444444444444,2981.25,4058.91,0.3403698113207547,59.72611111111111,6.0,0.25,3.0,0.5,26.0,2.0,30.5,5,12.0,1,1,3,1,1,68,68,65,0.3611,0.0,0.0889,0.0707,T1,False,none
6106311a-1c0e-485c-8cc8-9f89313dc95b,5.0,0.5555555555555556,4.0,18227.989999999998,3645.5979999999995,766.9838006242376,44,1,1.0,5.0,2.0,1.0,1.0,1.0,2.0,2.5,3.0,2.0,1.0,0.8,0.5555555555555556,3645.5979999999995,4609.72,0.2528923924140841,227.79666666666665,22.0,0.4,2.0,0.8,19.0,1.0,68.2,5,15.0,1,2,2,1,2,37,37,126,0.1498,0.0,0.1572,0.1186,T1,False,none
e9d3c402-3d22-4480-bc8b-d0026d7d0c9f,2.0,0.2222222222222222,2.0,3889.04,1944.52,2164.0013088720625,68,0,2.0,1.0,13.0,2.0,1.0,0.5,1.0,2.0,4.0,1.0,1.0,1.0,0.2222222222222222,1944.52,3474.7,0.8934595684281982,30.99111111111111,6.0,0.0,2.0,0.5,21.0,0.0,67.5,5,6.0,2,1,2,2,1,56,56,143,0.1277,0.0,0.241,0.0927,T1,False,none
47bb6175-b26d-4d7b-85c9-d1888e359cfd,2.0,0.2222222222222222,2.0,7827.01,3913.505,1357.4682431828746,69,1,2.0,1.0,7.0,2.0,1.0,0.5,2.0,1.0,7.0,2.0,1.0,0.5,0.2222222222222222,3913.505,4873.38,0.6226362301824068,171.0775,2.0,0.0,2.0,0.5,19.0,0.0,29.5,6,6.0,2,2,2,2,2,55,55,104,0.1637,0.0,0.1654,0.1067,T1,False,none
2e45dc2d-3a73-46ec-98cc-73ce12817979,3.0,0.3333333333333333,3.0,8862.78,2954.26,2475.375708473362,40,1,2.0,1.5,7.0,2.0,1.0,0.6666666666666666,2.0,1.5,5.0,2.0,1.0,0.6666666666666666,0.3333333333333333,2954.26,4819.67,0.5438101814554801,98.86861111111111,0.0,0.3333333333333333,3.0,0.3333333333333333,21.0,0.0,19.0,7,9.0,2,2,3,2,2,57,59,143,0.1277,0.0,0.241,0.0927,T1,False,none
0ba28f95-2508-458b-bc7d-65bbf1060af7,2.0,0.2222222222222222,1.0,5007.6900000000005,2503.8450000000003,1484.0827834221377,52,0,1.0,2.0,6.0,1.0,1.0,1.0,1.0,2.0,2.0,1.0,1.0,1.0,0.2222222222222222,2503.8450000000003,3553.25,0.7095586987213665,11.124444444444444,10.0,0.0,2.0,0.5,22.0,0.0,45.0,4,6.0,1,1,2,1,1,47,47,104,0.1637,0.0,0.1654,0.1067,T1,False,none
51884d08-116f-49ca-8c9a-6b63ed0c86ec,3.0,0.3333333333333333,2.0,5821.98,1940.6599999999999,2095.4861540702195,49,1,1.0,3.0,6.0,1.0,1.0,1.0,2.0,1.5,5.0,2.0,1.0,0.6666666666666666,0.3333333333333333,1940.6599999999999,4358.53,0.7486336263607913,153.47277777777776,9.0,0.0,2.0,0.6666666666666666,25.0,2.0,48.0,5,9.0,1,2,2,1,2,54,55,57,0.2807,0.0,0.0921,0.0244,T1,False,none
817de6e7-e375-4578-92a3-49993d09ea92,4.0,0.4444444444444444,3.0,10218.119999999999,2554.5299999999997,1160.836333195454,33,0,1.0,4.0,3.0,1.0,1.0,1.0,2.0,2.0,6.0,2.0,1.0,0.5,0.4444444444444444,2554.5299999999997,3873.63,0.37909419736703037,194.40166666666667,3.0,0.0,2.0,0.75,20.0,0.0,31.5,5,12.0,1,2,2,1,2,44,45,173,0.0954,0.0,0.2136,0.1548,T1,False,none
f9013010-8073-44b6-a2e5-b1148438835b,2.0,0.2222222222222222,1.0,7072.48,3536.24,350.61182638353733,26,1,1.0,2.0,8.0,1.0,1.0,1.0,1.0,2.0,2.0,1.0,1.0,1.0,0.2222222222222222,3536.24,3784.16,0.5350541818428614,22.534444444444443,0.0,1.0,2.0,0.5,26.0,2.0,69.5,4,6.0,1,1,2,1,1,53,53,59,0.2957,0.0,0.0649,0.0215,T1,False,none
4adbf203-3314-48b3-bb67-57a7c68d1a0f,2.0,0.2222222222222222,2.0,3160.31,1580.155,1884.3052215737237,34,1,1.0,2.0,6.0,1.0,1.0,1.0,1.0,2.0,5.0,1.0,1.0,1.0,0.2222222222222222,1580.155,2912.56,0.9216057918368767,25.861944444444443,20.0,0.0,2.0,0.5,21.0,2.0,11.0,4,6.0,1,1,2,1,1,42,42,121,0.1433,0.0,0.2418,0.1111,T1,False,none
c8be05e3-33f8-484e-83b3-0a927401a2ac,4.0,0.4444444444444444,2.0,5448.05,1362.0125,791.6921255713403,74,1,1.0,4.0,7.0,1.0,1.0,1.0,2.0,2.0,6.0,2.0,1.0,0.75,0.4444444444444444,1362.0125,2036.21,0.3737502409118859,84.6225,1.0,0.75,1.0,1.0,22.0,1.0,4.0,4,12.0,1,2,1,1,2,34,34,78,0.2521,0.0,0.1237,0.0763,T1,False,none
142ea304-7057-4380-9500-4dc6eb71803d,1.0,0.1111111111111111,1.0,1096.1,1096.1,0.0,80,1,1.0,1.0,3.0,1.0,1.0,1.0,1.0,1.0,3.0,1.0,1.0,1.0,0.1111111111111111,1096.1,1096.1,1.0,0.0,3.0,0.0,1.0,1.0,15.0,3.0,42.0,3,3.0,1,1,1,1,1,18,18,59,0.3197,0.0,0.1098,0.0978,T1,False,none
2360a0e6-c65d-4223-b0db-7d9890111826,4.0,0.4444444444444444,3.0,7870.37,1967.5925,769.8675878952607,75,1,2.0,2.0,9.0,2.0,1.0,0.75,1.0,4.0,7.0,1.0,1.0,1.0,0.4444444444444444,1967.5925,2631.98,0.33441629809017875,146.54638888888888,1.0,0.5,2.0,0.5,23.0,0.0,3.0,5,12.0,2,1,2,2,1,52,52,121,0.1433,0.0,0.2418,0.1111,T1,False,none
89d86315-f213-439c-9935-3c53a8526f79,3.0,0.3333333333333333,2.0,5204.11,1734.7033333333331,1712.2366408979028,85,0,1.0,3.0,9.0,1.0,1.0,1.0,1.0,3.0,3.0,1.0,1.0,1.0,0.3333333333333333,1734.7033333333331,3471.48,0.6670650697237376,120.23972222222223,14.0,0.0,2.0,0.6666666666666666,22.0,1.0,55.0,4,9.0,1,1,2,1,1,50,50,57,0.2807,0.0,0.0921,0.0244,T1,False,none
a48fbe56-c137-4517-9972-64e95ccceee2,1.0,0.1111111111111111,1.0,1618.0,1618.0,0.0,63,0,1.0,1.0,3.0,1.0,1.0,1.0,1.0,1.0,3.0,1.0,1.0,1.0,0.1111111111111111,1618.0,1618.0,1.0,0.0,4.0,1.0,1.0,1.0,20.0,2.0,14.0,3,3.0,1,1,1,1,1,23,23,118,0.1482,0.0,0.2319,0.119,T1,False,none
d8d2bd45-2f5f-4a41-95c6-d5f6ad296313,4.0,0.4444444444444444,4.0,9222.73,2305.6825,1576.3091510312945,89,0,2.0,2.0,7.0,2.0,1.0,0.5,1.0,4.0,3.0,1.0,1.0,1.0,0.4444444444444444,2305.6825,3928.36,0.4259432944475226,206.56666666666666,2.0,0.0,1.0,1.0,23.0,1.0,25.0,4,12.0,2,1,1,2,1,34,34,66,0.3865,0.0,0.1807,0.0805,T1,False,none
7a2e3df3-53c4-4b5f-aec5-b573f39dc4c6,1.0,0.1111111111111111,1.0,356.28,356.28,0.0,82,0,1.0,1.0,8.0,1.0,1.0,1.0,1.0,1.0,5.0,1.0,1.0,1.0,0.1111111111111111,356.28,356.28,1.0,0.0,23.0,1.0,1.0,1.0,26.0,1.0,35.0,3,3.0,1,1,1,1,1,35,36,74,0.2714,0.0,0.1287,0.0855,T1,False,none
67b4d692-7535-4da4-a544-38d59ca2b340,4.0,0.4444444444444444,4.0,10952.85,2738.2125,1793.1009177097833,50,1,1.0,4.0,6.0,1.0,1.0,1.0,2.0,2.0,9.0,2.0,1.0,0.75,0.4444444444444444,2738.2125,4785.21,0.4368917678960271,178.095,4.0,0.25,2.0,0.75,25.0,2.0,13.75,5,12.0,1,2,2,1,2,58,58,104,0.1637,0.0,0.1654,0.1067,T1,False,none
33173412-afda-4bfb-bd73-4a4250c30f5e,2.0,0.2222222222222222,1.0,5777.9800000000005,2888.9900000000002,2971.8849485133173,47,1,1.0,2.0,6.0,1.0,1.0,1.0,1.0,2.0,4.0,1.0,1.0,1.0,0.2222222222222222,2888.9900000000002,4990.43,0.8636980397993762,3.998611111111111,16.0,0.0,2.0,0.5,26.0,1.0,46.0,4,6.0,1,1,2,1,1,55,55,78,0.2521,0.0,0.1237,0.0763,T1,False,none
68bf1cff-ad80-4cf6-9376-4e35de1eca4c,2.0,0.2222222222222222,1.0,1513.5,756.75,859.1347391416552,10,0,2.0,1.0,6.0,2.0,1.0,0.5,2.0,1.0,9.0,2.0,1.0,0.5,0.2222222222222222,756.75,1364.25,0.9013875123885035,6.458333333333333,1.0,0.0,2.0,0.5,23.0,0.0,7.0,6,6.0,2,2,2,2,2,62,62,121,0.1433,0.0,0.2418,0.1111,T1,False,none
47b551cb-0493-4fd4-ae48-408505ac387b,3.0,0.3333333333333333,2.0,10196.77,3398.9233333333336,1320.4181431021516,12,1,1.0,3.0,2.0,1.0,1.0,1.0,3.0,1.0,7.0,3.0,1.0,0.3333333333333333,0.3333333333333333,3398.9233333333336,4267.27,0.4184923264916243,78.73194444444445,1.0,0.6666666666666666,2.0,0.6666666666666666,21.0,3.0,38.666666666666664,6,9.0,1,3,2,1,3,52,52,121,0.1362,0.0,0.2722,0.12,T1,False,none
6cc76fab-0d81-4c34-98ed-030bbdbebfd6,2.0,0.2222222222222222,2.0,5047.24,2523.62,675.3576867112715,80,1,1.0,2.0,6.0,1.0,1.0,1.0,1.0,2.0,4.0,1.0,1.0,1.0,0.2222222222222222,2523.62,3001.17,0.5946160673952497,45.163333333333334,6.0,0.5,1.0,1.0,25.0,2.0,39.0,3,6.0,1,1,1,1,1,32,32,143,0.1277,0.0,0.241,0.0927,T1,False,none
90774d44-b724-4131-9ff9-c4d19735fb45,6.0,0.6666666666666666,5.0,15929.990000000002,2654.9983333333334,1361.4845786775063,52,1,1.0,6.0,15.0,1.0,1.0,1.0,3.0,2.0,5.0,3.0,1.0,0.5,0.6666666666666666,2654.9983333333334,4803.18,0.3015180800490145,164.44472222222223,1.0,0.16666666666666666,1.0,1.0,25.0,3.0,59.0,5,18.0,1,3,1,1,3,47,48,103,0.2271,0.0,0.2014,0.1192,T1,False,none
43fcdd05-5e48-46d6-a075-1eee76bc9b14,2.0,0.2222222222222222,2.0,6209.889999999999,3104.9449999999997,2485.3601277179127,33,0,2.0,1.0,9.0,2.0,1.0,0.5,2.0,1.0,8.0,2.0,1.0,0.5,0.2222222222222222,3104.9449999999997,4862.36,0.7830025974695204,96.67222222222222,6.0,0.5,2.0,0.5,20.0,0.0,81.0,6,6.0,2,2,2,2,2,52,54,173,0.0954,0.0,0.2136,0.1548,T1,False,none
ce8053ff-8ed3-48ad-bbe3-7ec9a6557eb5,0.0,0.0,0.0,0.0,0.0,0.0,32,0,0.0,0.0,0.0,0.0,0.0,0.0,0.0,0.0,0.0,0.0,0.0,0.0,0.0,0.0,0.0,0.0,0.0,0.0,0.0,0.0,0.0,0.0,0.0,0.0,0,0.0,0,0,0,0,0,0,0,1,0.0,0.0,0.0,0.0,T1,False,none
176ea0fd-c0df-474d-a252-290ae7875ff0,4.0,0.4444444444444444,4.0,8992.460000000001,2248.1150000000002,1696.0045387223074,10,1,2.0,2.0,7.0,2.0,1.0,0.75,1.0,4.0,3.0,1.0,1.0,1.0,0.4444444444444444,2248.1150000000002,4029.82,0.4481332138258051,216.20361111111112,1.0,0.0,1.0,1.0,19.0,3.0,79.0,4,12.0,2,1,1,2,1,28,28,57,0.2807,0.0,0.0921,0.0244,T1,False,none
0b13213e-261b-4e58-be89-cf6f29c52e02,1.0,0.1111111111111111,1.0,130.52,130.52,0.0,33,0,1.0,1.0,7.0,1.0,1.0,1.0,1.0,1.0,4.0,1.0,1.0,1.0,0.1111111111111111,130.52,130.52,1.0,0.0,4.0,0.0,1.0,1.0,19.0,1.0,85.0,3,3.0,1,1,1,1,1,27,27,173,0.0954,0.0,0.2136,0.1548,T1,False,none
4c9fdd3e-9396-4ff3-bacd-28613b3d741b,2.0,0.2222222222222222,2.0,7075.110000000001,3537.5550000000003,741.04083561569,49,1,2.0,1.0,6.0,2.0,1.0,0.5,1.0,2.0,3.0,1.0,1.0,1.0,0.2222222222222222,3537.5550000000003,4061.55,0.5740617460364573,148.1375,17.0,0.0,2.0,0.5,18.0,1.0,43.5,5,6.0,2,1,2,2,1,41,41,167,0.1063,0.0,0.25,0.1704,T1,False,none
5496f7e9-872a-4445-b5be-fb74977ba723,6.0,0.6666666666666666,4.0,13554.11,2259.0183333333334,1151.8012205483492,67,0,1.0,6.0,8.0,1.0,1.0,1.0,1.0,6.0,4.0,1.0,1.0,1.0,0.6666666666666666,2259.0183333333334,3532.78,0.26064271280076673,216.6836111111111,0.0,0.16666666666666666,3.0,0.5,23.0,3.0,26.666666666666668,5,18.0,1,1,3,1,1,68,68,143,0.1277,0.0,0.241,0.0927,T1,False,none
07faa9d6-410d-4a7c-993a-b071d66a439e,1.0,0.1111111111111111,1.0,1812.85,1812.85,0.0,29,1,1.0,1.0,3.0,1.0,1.0,1.0,1.0,1.0,5.0,1.0,1.0,1.0,0.1111111111111111,1812.85,1812.85,1.0,0.0,23.0,0.0,1.0,1.0,24.0,3.0,29.0,3,3.0,1,1,1,1,1,29,29,126,0.1498,0.0,0.1572,0.1186,T1,False,none
7e82f21f-60fd-4600-98db-bed53e2e5448,3.0,0.3333333333333333,3.0,7742.63,2580.8766666666666,2356.311243540066,89,1,3.0,1.0,9.0,3.0,1.0,0.3333333333333333,2.0,1.5,6.0,2.0,1.0,0.6666666666666666,0.3333333333333333,2580.8766666666666,4761.2,0.6149331687036576,78.2525,0.0,0.0,3.0,0.3333333333333333,20.0,3.0,32.0,8,9.0,3,2,3,3,2,71,72,121,0.1362,0.0,0.2722,0.12,T1,False,none
53263413-f072-479c-a034-25f66dd79180,7.0,0.7777777777777778,6.0,19083.59,2726.227142857143,859.2657685433979,30,1,1.0,7.0,7.0,1.0,1.0,1.0,1.0,7.0,2.0,1.0,1.0,1.0,0.7777777777777778,2726.227142857143,3421.3,0.1792796847972525,228.85194444444446,2.0,0.14285714285714285,4.0,0.42857142857142855,24.0,2.0,38.285714285714285,6,21.0,1,1,4,1,1,84,85,78,0.2521,0.0,0.1237,0.0763,T1,False,none
e8a3492c-2c8f-4893-bada-77e9b8d89a19,1.0,0.1111111111111111,1.0,1576.19,1576.19,0.0,86,1,1.0,1.0,9.0,1.0,1.0,1.0,1.0,1.0,3.0,1.0,1.0,1.0,0.1111111111111111,1576.19,1576.19,1.0,0.0,19.0,0.0,1.0,1.0,18.0,0.0,66.0,3,3.0,1,1,1,1,1,27,27,89,0.2028,0.0,0.1043,0.0515,T1,False,none
254baac6-cebe-435a-93b5-dec3f2f7df30,2.0,0.2222222222222222,2.0,2991.6400000000003,1495.8200000000002,1456.753106329278,50,1,1.0,2.0,8.0,1.0,1.0,1.0,1.0,2.0,4.0,1.0,1.0,1.0,0.2222222222222222,1495.8200000000002,2525.9,0.8443195036835982,33.05,12.0,0.5,2.0,0.5,23.0,1.0,34.5,4,6.0,1,1,2,1,1,50,50,66,0.3865,0.0,0.1807,0.0805,T1,False,none
d5ee9f46-0636-4b81-a3dd-637b0c18c60a,2.0,0.2222222222222222,2.0,5178.34,2589.17,272.4199585199295,88,1,2.0,1.0,7.0,2.0,1.0,0.5,2.0,1.0,7.0,2.0,1.0,0.5,0.2222222222222222,2589.17,2781.8,0.5371991796598911,61.0925,5.0,0.0,2.0,0.5,21.0,1.0,34.5,6,6.0,2,2,2,2,2,59,59,86,0.1967,0.0,0.161,0.0515,T1,False,none
b71c0caf-1a91-4c89-8328-d6c807113ef9,3.0,0.3333333333333333,3.0,9000.74,3000.2466666666664,1733.4238887338934,69,1,1.0,3.0,7.0,1.0,1.0,1.0,1.0,3.0,1.0,0.0,0.0,1.0,0.3333333333333333,3000.2466666666664,4395.51,0.4883498467903751,178.2811111111111,7.0,0.0,3.0,0.3333333333333333,22.0,1.0,35.0,5,9.0,1,1,3,1,0,61,62,50,0.3086,0.0,0.0411,0.037,T1,False,none
147f98e1-8e9f-41d3-bda5-f3a25079d4f2,5.0,0.5555555555555556,4.0,13170.300000000001,2634.0600000000004,1700.431717094221,13,1,2.0,2.5,6.0,2.0,1.0,0.8,1.0,5.0,4.0,1.0,1.0,1.0,0.5555555555555556,2634.0600000000004,4896.27,0.37176601899728934,144.0575,3.0,0.2,2.0,0.8,22.0,3.0,50.0,5,15.0,2,1,2,2,1,49,50,121,0.1433,0.0,0.2418,0.1111,T1,False,none
72323c9e-4bf4-4ea2-804b-cb8973082e01,2.0,0.2222222222222222,2.0,5854.82,2927.41,2408.334986043262,66,1,2.0,1.0,6.0,2.0,1.0,0.5,2.0,1.0,6.0,2.0,1.0,0.5,0.2222222222222222,2927.41,4630.36,0.7908629129503554,234.41916666666665,16.0,0.5,1.0,1.0,13.0,3.0,52.0,5,6.0,2,2,1,2,2,31,31,143,0.1277,0.0,0.241,0.0927,T1,False,none
e465a639-9a90-42e0-ae70-e82c60378cf9,3.0,0.3333333333333333,3.0,5399.88,1799.96,2015.0084326622557,29,1,2.0,1.5,9.0,2.0,1.0,0.6666666666666666,2.0,1.5,4.0,2.0,1.0,0.6666666666666666,0.3333333333333333,1799.96,4086.67,0.7568075586864893,198.6497222222222,4.0,0.0,3.0,0.3333333333333333,21.0,2.0,50.333333333333336,7,9.0,2,2,3,2,2,67,67,59,0.2957,0.0,0.0649,0.0215,T1,False,none
bed38fba-1c03-455e-afcf-c566ae740119,0.0,0.0,0.0,0.0,0.0,0.0,17,1,0.0,0.0,0.0,0.0,0.0,0.0,0.0,0.0,0.0,0.0,0.0,0.0,0.0,0.0,0.0,0.0,0.0,0.0,0.0,0.0,0.0,0.0,0.0,0.0,0,0.0,0,0,0,0,0,0,0,1,0.0,0.0,0.0,0.0,T1,False,none
783a458c-85b5-4756-910b-c134ac1dbfae,1.0,0.1111111111111111,1.0,2669.56,2669.56,0.0,19,0,1.0,1.0,3.0,1.0,1.0,1.0,1.0,1.0,2.0,1.0,1.0,1.0,0.1111111111111111,2669.56,2669.56,1.0,0.0,1.0,0.0,1.0,1.0,20.0,2.0,79.0,3,3.0,1,1,1,1,1,22,22,104,0.1637,0.0,0.1654,0.1067,T1,False,none
256ff59d-b6eb-48bf-a61b-dd0228937849,4.0,0.4444444444444444,4.0,9443.009999999998,2360.7524999999996,1895.690638023954,78,0,1.0,4.0,10.0,1.0,1.0,1.0,2.0,2.0,6.0,2.0,1.0,0.5,0.4444444444444444,2360.7524999999996,4451.07,0.4713613561777442,189.4886111111111,1.0,0.5,2.0,0.5,18.0,1.0,45.0,5,12.0,1,2,2,1,2,45,46,118,0.1482,0.0,0.2319,0.119,T1,False,none
913c79ff-4bbb-40de-93b3-71ce96f6dd9e,2.0,0.2222222222222222,2.0,4844.52,2422.26,1719.1462906919817,60,0,2.0,1.0,9.0,2.0,1.0,0.5,2.0,1.0,6.0,2.0,1.0,0.5,0.2222222222222222,2422.26,3637.88,0.7509268204073881,203.48166666666665,5.0,0.0,2.0,0.5,19.0,3.0,41.0,6,6.0,2,2,2,2,2,53,53,57,0.2807,0.0,0.0921,0.0244,T1,False,none
d3fab21c-fe96-4e81-8586-3944c966ce4c,4.0,0.4444444444444444,4.0,8418.289999999999,2104.5724999999998,1562.0681393455068,25,1,3.0,1.3333333333333333,9.0,3.0,1.0,0.5,2.0,2.0,7.0,2.0,1.0,0.75,0.4444444444444444,2104.5724999999998,3938.74,0.467878868511301,193.84055555555557,13.0,0.25,2.0,0.5,17.0,0.0,44.5,7,12.0,3,2,2,3,2,55,55,173,0.0954,0.0,0.2136,0.1548,T1,False,none
17b13460-7c0e-4e18-820a-4d3cf27e325d,6.0,0.6666666666666666,6.0,12635.71,2105.9516666666664,1350.9427162750708,36,0,2.0,3.0,9.0,2.0,1.0,0.8333333333333334,3.0,2.0,5.0,2.0,0.6666666666666666,0.5,0.6666666666666666,2105.9516666666664,4279.45,0.3386790295123899,143.21777777777777,1.0,0.16666666666666666,4.0,0.5,29.0,0.0,59.0,9,18.0,2,3,4,2,2,100,101,104,0.1637,0.0,0.1654,0.1067,T1,False,none
d10bb6dc-559d-4cf9-a8bf-3aa13076983a,2.0,0.2222222222222222,2.0,3005.85,1502.925,790.2271833150262,56,0,1.0,2.0,7.0,1.0,1.0,1.0,2.0,1.0,7.0,2.0,1.0,0.5,0.2222222222222222,1502.925,2061.7,0.6858958364522514,35.01083333333333,0.0,0.0,2.0,0.5,25.0,0.0,33.5,5,6.0,1,2,2,1,2,62,64,104,0.1637,0.0,0.1654,0.1067,T1,False,none
1cd823ec-3aec-481a-93e9-cc23dceb51a1,1.0,0.1111111111111111,1.0,2797.83,2797.83,0.0,32,0,1.0,1.0,9.0,1.0,1.0,1.0,1.0,1.0,4.0,1.0,1.0,1.0,0.1111111111111111,2797.83,2797.83,1.0,0.0,23.0,0.0,1.0,1.0,21.0,0.0,51.0,3,3.0,1,1,1,1,1,31,31,167,0.1063,0.0,0.25,0.1704,T1,False,none
6ec16c65-4514-403f-afab-a4d349a35b18,4.0,0.4444444444444444,4.0,11890.57,2972.6425,652.2920084019119,23,0,1.0,4.0,5.0,1.0,1.0,1.0,2.0,2.0,4.0,2.0,1.0,0.75,0.4444444444444444,2972.6425,3709.71,0.31198756661791655,148.23805555555555,3.0,0.25,2.0,0.75,22.0,2.0,8.0,5,12.0,1,2,2,1,2,43,43,86,0.1967,0.0,0.161,0.0515,T1,False,none
daed46a5-a69b-4726-bcaf-63050407bc8b,1.0,0.1111111111111111,1.0,2628.25,2628.25,0.0,10,1,1.0,1.0,10.0,1.0,1.0,1.0,1.0,1.0,2.0,1.0,1.0,1.0,0.1111111111111111,2628.25,2628.25,1.0,0.0,3.0,0.0,1.0,1.0,19.0,2.0,13.0,3,3.0,1,1,1,1,1,28,28,78,0.2521,0.0,0.1237,0.0763,T1,False,none
257d3def-17d2-4a0f-9862-07ca76b37f3a,0.0,0.0,0.0,0.0,0.0,0.0,58,1,0.0,0.0,0.0,0.0,0.0,0.0,0.0,0.0,0.0,0.0,0.0,0.0,0.0,0.0,0.0,0.0,0.0,0.0,0.0,0.0,0.0,0.0,0.0,0.0,0,0.0,0,0,0,0,0,0,0,1,0.0,0.0,0.0,0.0,T1,False,none
3f1f169c-aa28-47a6-82fe-7b55d603ad4d,6.0,0.6666666666666666,5.0,18106.9,3017.816666666667,676.8097512496895,89,1,1.0,6.0,10.0,1.0,1.0,1.0,2.0,3.0,4.0,2.0,1.0,0.5,0.6666666666666666,3017.816666666667,3837.39,0.2119297063550359,201.03166666666667,14.0,0.0,3.0,0.5,23.0,0.0,42.5,6,18.0,1,2,3,1,2,76,76,173,0.0954,0.0,0.2136,0.1548,T1,False,none
7d4a5498-c372-4cfe-8471-067534be3562,2.0,0.2222222222222222,2.0,7299.2,3649.6,1129.4616615892726,52,0,2.0,1.0,8.0,2.0,1.0,0.5,1.0,2.0,4.0,1.0,1.0,1.0,0.2222222222222222,3649.6,4448.25,0.6094161003945638,145.8725,1.0,0.0,1.0,1.0,18.0,0.0,81.0,4,6.0,2,1,1,2,1,33,33,173,0.0954,0.0,0.2136,0.1548,T1,False,none
d92630eb-b683-4d35-a201-a8e79b831396,2.0,0.2222222222222222,2.0,8684.96,4342.48,450.2007454458511,87,0,1.0,2.0,11.0,1.0,1.0,1.0,2.0,1.0,8.0,2.0,1.0,0.5,0.2222222222222222,4342.48,4660.82,0.5366541699673919,19.747222222222224,9.0,0.0,2.0,0.5,23.0,0.0,60.0,5,6.0,1,2,2,1,2,53,54,121,0.1433,0.0,0.2418,0.1111,T1,False,none
cfc755de-0ae1-41f4-9d2a-4626ac27c9e6,1.0,0.1111111111111111,1.0,1089.76,1089.76,0.0,83,1,1.0,1.0,5.0,1.0,1.0,1.0,1.0,1.0,2.0,1.0,1.0,1.0,0.1111111111111111,1089.76,1089.76,1.0,0.0,3.0,0.0,1.0,1.0,18.0,1.0,1.0,3,3.0,1,1,1,1,1,22,22,64,0.3686,0.0,0.1444,0.0659,T1,False,none
e3fd06ab-79da-4eff-8113-46e4a18a3a39,2.0,0.2222222222222222,2.0,6973.34,3486.67,1576.819837774753,22,0,1.0,2.0,4.0,1.0,1.0,1.0,1.0,2.0,1.0,0.0,0.0,1.0,0.2222222222222222,3486.67,4601.65,0.6598918165470204,162.02666666666667,11.0,0.0,2.0,0.5,18.0,1.0,57.0,4,6.0,1,1,2,1,0,35,35,167,0.1063,0.0,0.25,0.1704,T1,False,none
4de6ac2f-54db-4b06-ab47-132968bed1f2,2.0,0.2222222222222222,2.0,2727.8100000000004,1363.9050000000002,1248.6303674226413,78,1,1.0,2.0,11.0,1.0,1.0,1.0,1.0,2.0,6.0,1.0,1.0,1.0,0.2222222222222222,1363.9050000000002,2246.82,0.8236717366678764,12.890277777777778,10.0,0.0,2.0,0.5,26.0,0.0,52.0,4,6.0,1,1,2,1,1,63,65,74,0.2714,0.0,0.1287,0.0855,T1,False,none
89a867fe-0eb4-4eb4-821f-4d5eec8c6410,1.0,0.1111111111111111,1.0,1252.61,1252.61,0.0,61,0,1.0,1.0,4.0,1.0,1.0,1.0,1.0,1.0,5.0,1.0,1.0,1.0,0.1111111111111111,1252.61,1252.61,1.0,0.0,3.0,0.0,1.0,1.0,22.0,0.0,65.0,3,3.0,1,1,1,1,1,28,28,167,0.1063,0.0,0.25,0.1704,T1,False,none
7b699cc3-d9f1-4ad4-becb-1d4eae3816af,3.0,0.3333333333333333,2.0,7470.02,2490.0066666666667,1585.5674293556024,57,1,2.0,1.5,8.0,2.0,1.0,0.6666666666666666,1.0,3.0,4.0,1.0,1.0,1.0,0.3333333333333333,2490.0066666666667,3741.57,0.5008781770329932,177.76583333333335,2.0,0.0,1.0,1.0,11.0,0.0,41.0,4,9.0,2,1,1,2,1,23,24,104,0.1637,0.0,0.1654,0.1067,T1,False,none
d86b5039-9f24-449a-933d-9bd229fec068,2.0,0.2222222222222222,2.0,4911.1,2455.55,1876.7745343540869,81,0,1.0,2.0,4.0,1.0,1.0,1.0,1.0,2.0,5.0,1.0,1.0,1.0,0.2222222222222222,2455.55,3782.63,0.7702205208609069,77.13722222222222,5.0,0.5,2.0,0.5,23.0,1.0,20.0,4,6.0,1,1,2,1,1,46,46,143,0.1277,0.0,0.241,0.0927,T1,False,none
4602ce11-c25f-48a6-9380-52606a2cdc37,5.0,0.5555555555555556,5.0,10372.42,2074.484,1417.006974517063,36,0,2.0,2.5,10.0,2.0,1.0,0.6,3.0,1.6666666666666667,4.0,3.0,1.0,0.6,0.5555555555555556,2074.484,3801.76,0.3665258444991622,178.97222222222223,15.0,0.2,2.0,0.8,29.0,2.0,4.4,7,15.0,2,3,2,2,3,69,70,64,0.3686,0.0,0.1444,0.0659,T1,False,none
ea35f26a-5499-4596-9ca5-a0627e11201d,4.0,0.4444444444444444,3.0,14547.09,3636.7725,1008.2007344232926,56,1,1.0,4.0,9.0,1.0,1.0,1.0,1.0,4.0,5.0,1.0,1.0,1.0,0.4444444444444444,3636.7725,4567.66,0.3139913206008899,56.68972222222222,4.0,0.5,3.0,0.5,25.0,3.0,29.0,5,12.0,1,1,3,1,1,70,71,143,0.1277,0.0,0.241,0.0927,T1,False,none
c4c2ae4a-57ad-4ea5-b437-f815b1336ed4,4.0,0.4444444444444444,4.0,8372.42,2093.105,1815.1933351298972,63,0,1.0,4.0,7.0,1.0,1.0,1.0,1.0,4.0,4.0,1.0,1.0,1.0,0.4444444444444444,2093.105,4531.69,0.5412640550760711,120.73388888888888,17.0,0.25,3.0,0.5,29.0,0.0,43.5,5,12.0,1,1,3,1,1,72,73,167,0.1063,0.0,0.25,0.1704,T1,False,none
3e820eb0-bfa7-4fe0-adf3-65b87a4dfe08,2.0,0.2222222222222222,2.0,3703.21,1851.605,368.2965669810135,12,0,1.0,2.0,4.0,1.0,1.0,1.0,2.0,1.0,5.0,1.0,0.5,0.5,0.2222222222222222,1851.605,2112.03,0.5703241242057566,174.17166666666665,11.0,0.0,2.0,0.5,26.0,2.0,67.0,5,6.0,1,2,2,1,1,45,45,86,0.1967,0.0,0.161,0.0515,T1,False,none
435bf527-4566-4169-a8e2-bb86928c171c,2.0,0.2222222222222222,2.0,5068.04,2534.02,1529.5285362489972,71,1,1.0,2.0,3.0,1.0,1.0,1.0,1.0,2.0,8.0,1.0,1.0,1.0,0.2222222222222222,2534.02,3615.56,0.7134039983899101,27.674722222222222,4.0,0.0,2.0,0.5,25.0,1.0,70.0,4,6.0,1,1,2,1,1,47,47,118,0.1482,0.0,0.2319,0.119,T1,False,none
e1ec6afe-241e-49cf-8a76-31d44c405a10,3.0,0.3333333333333333,3.0,8906.65,2968.883333333333,2012.4634023090541,42,0,1.0,3.0,9.0,1.0,1.0,1.0,1.0,3.0,6.0,1.0,1.0,1.0,0.3333333333333333,2968.883333333333,4770.88,0.5356536969567683,132.0102777777778,4.0,0.3333333333333333,1.0,1.0,20.0,2.0,18.0,3,9.0,1,1,1,1,1,32,32,50,0.3086,0.0,0.0411,0.037,T1,False,none
247faf5d-8588-4383-8af3-cb8481f142a8,5.0,0.5555555555555556,5.0,11247.869999999999,2249.5739999999996,1313.7295943724491,46,1,2.0,2.5,7.0,2.0,1.0,0.8,2.0,2.5,5.0,2.0,1.0,0.8,0.5555555555555556,2249.5739999999996,3844.24,0.3417749316092736,104.70777777777778,21.0,0.4,2.0,0.6,21.0,3.0,54.4,6,15.0,2,2,2,2,2,55,56,86,0.1967,0.0,0.161,0.0515,T1,False,none
3a59c565-39df-45f3-9f87-4ca0a01d80e7,3.0,0.3333333333333333,3.0,4521.07,1507.0233333333333,1032.2236758732736,25,0,2.0,1.5,8.0,2.0,1.0,0.6666666666666666,1.0,3.0,8.0,1.0,1.0,1.0,0.3333333333333333,1507.0233333333333,2128.37,0.47076687598289785,156.48888888888888,9.0,0.0,2.0,0.6666666666666666,20.0,2.0,81.33333333333333,5,9.0,2,1,2,2,1,54,54,121,0.1362,0.0,0.2722,0.12,T1,False,none
ad57c5c2-f223-4e64-9b56-ee3416647013,2.0,0.2222222222222222,2.0,7643.56,3821.78,1125.6857113777362,67,0,2.0,1.0,7.0,2.0,1.0,0.5,2.0,1.0,4.0,2.0,1.0,0.5,0.2222222222222222,3821.78,4617.76,0.6041373391456337,84.3536111111111,7.0,0.5,1.0,1.0,12.0,1.0,87.0,5,6.0,2,2,1,2,2,26,26,167,0.1063,0.0,0.25,0.1704,T1,False,none
95707b95-0a88-4292-a391-adc1ba7514d3,3.0,0.3333333333333333,3.0,877.59,292.53000000000003,88.82675666712143,78,1,1.0,3.0,7.0,1.0,1.0,1.0,3.0,1.0,5.0,3.0,1.0,0.3333333333333333,0.3333333333333333,292.53000000000003,365.76,0.41677776638293507,126.32944444444445,1.0,0.0,2.0,0.6666666666666666,19.0,2.0,33.0,6,9.0,1,3,2,1,3,48,48,173,0.0954,0.0,0.2136,0.1548,T1,False,none
7a914e11-d511-40bc-b39f-0dfacc4d212f,2.0,0.2222222222222222,2.0,5112.09,2556.045,1790.5852887952585,21,1,2.0,1.0,5.0,2.0,1.0,0.5,2.0,1.0,5.0,2.0,1.0,0.5,0.2222222222222222,2556.045,3822.18,0.747674630141488,15.605277777777777,5.0,0.0,2.0,0.5,24.0,0.0,41.5,6,6.0,2,2,2,2,2,53,54,104,0.1637,0.0,0.1654,0.1067,T1,False,none
69d02b57-a606-468a-84ce-80d5948a1380,4.0,0.4444444444444444,3.0,9838.74,2459.685,1820.1700497938832,17,1,1.0,4.0,7.0,1.0,1.0,1.0,2.0,2.0,6.0,2.0,1.0,0.5,0.4444444444444444,2459.685,3987.33,0.40526835753358664,104.02805555555555,9.0,0.0,2.0,0.75,18.0,2.0,71.0,5,12.0,1,2,2,1,2,43,43,167,0.1063,0.0,0.25,0.1704,T1,False,none
17c9801f-984e-4beb-b485-b7af591af233,6.0,0.6666666666666666,4.0,17199.2,2866.5333333333333,1336.854167284774,50,1,3.0,2.0,15.0,3.0,1.0,0.6666666666666666,2.0,3.0,5.0,2.0,1.0,0.5,0.6666666666666666,2866.5333333333333,4859.15,0.28252186148192937,162.53333333333333,2.0,0.0,2.0,0.8333333333333334,28.0,1.0,39.333333333333336,7,18.0,3,2,2,3,2,74,75,103,0.2271,0.0,0.2014,0.1192,T1,False,none
325179b3-7772-413c-80ff-39c04d28d879,2.0,0.2222222222222222,2.0,7910.34,3955.17,1155.7518917137884,55,1,1.0,2.0,5.0,1.0,1.0,1.0,1.0,2.0,7.0,1.0,1.0,1.0,0.2222222222222222,3955.17,4772.41,0.6033128790924284,107.34833333333333,0.0,0.0,2.0,0.5,29.0,0.0,35.0,4,6.0,1,1,2,1,1,58,59,64,0.3686,0.0,0.1444,0.0659,T1,False,none
9a854c24-a641-4e80-a126-18ecc29e365c,2.0,0.2222222222222222,2.0,8261.33,4130.665,404.7832768902395,88,0,2.0,1.0,7.0,2.0,1.0,0.5,1.0,2.0,4.0,1.0,1.0,1.0,0.2222222222222222,4130.665,4416.89,0.5346463583950769,158.23055555555555,5.0,0.0,1.0,1.0,23.0,1.0,25.0,4,6.0,2,1,1,2,1,33,33,66,0.3865,0.0,0.1807,0.0805,T1,False,none
0f73fc97-c1c5-4f1f-80f2-8ca3a6b7c1ef,3.0,0.3333333333333333,3.0,11609.3,3869.7666666666664,1012.4983123113504,63,0,1.0,3.0,8.0,1.0,1.0,1.0,2.0,1.5,9.0,2.0,1.0,0.6666666666666666,0.3333333333333333,3869.7666666666664,4817.11,0.4149354396905929,142.37277777777777,4.0,0.3333333333333333,2.0,0.6666666666666666,21.0,1.0,22.333333333333332,5,9.0,1,2,2,1,2,53,54,78,0.2521,0.0,0.1237,0.0763,T1,False,none
0ae38df3-f87a-4117-a1c7-842976e05361,2.0,0.2222222222222222,2.0,5316.94,2658.47,2048.346923741191,79,1,1.0,2.0,8.0,1.0,1.0,1.0,1.0,2.0,3.0,1.0,1.0,1.0,0.2222222222222222,2658.47,4106.87,0.7724123273913192,83.60694444444445,8.0,0.5,2.0,0.5,21.0,0.0,43.5,4,6.0,1,1,2,1,1,46,46,118,0.1482,0.0,0.2319,0.119,T1,False,none
97d89137-d78e-4551-9521-ee7410c4997e,4.0,0.4444444444444444,3.0,12115.52,3028.88,1243.0763427346958,60,1,1.0,4.0,4.0,1.0,1.0,1.0,2.0,2.0,6.0,2.0,1.0,0.75,0.4444444444444444,3028.88,3936.54,0.3249171310847574,188.06972222222223,21.0,0.0,2.0,0.75,17.0,0.0,30.5,5,12.0,1,2,2,1,2,37,37,173,0.0954,0.0,0.2136,0.1548,T1,False,none
89235784-8c66-4501-b6dd-159a3726ecd4,3.0,0.3333333333333333,2.0,9694.529999999999,3231.5099999999998,911.2931638062472,88,0,2.0,1.5,12.0,2.0,1.0,0.6666666666666666,2.0,1.5,6.0,2.0,1.0,0.6666666666666666,0.3333333333333333,3231.5099999999998,4247.11,0.4380934403215009,12.417222222222222,1.0,0.3333333333333333,2.0,0.6666666666666666,25.0,0.0,34.666666666666664,6,9.0,2,2,2,2,2,59,61,103,0.2271,0.0,0.2014,0.1192,T1,False,none
9668b2f7-dec6-4bf5-b85b-cddbbd78c92b,7.0,0.7777777777777778,4.0,14412.869999999999,2058.9814285714283,1594.2378920916892,19,0,1.0,7.0,11.0,1.0,1.0,1.0,2.0,3.5,5.0,2.0,1.0,0.7142857142857143,0.7777777777777778,2058.9814285714283,4858.97,0.33712716481866556,129.54833333333335,0.0,0.42857142857142855,3.0,0.42857142857142855,29.0,0.0,35.285714285714285,6,21.0,1,2,3,1,2,87,89,65,0.3611,0.0,0.0889,0.0707,T1,False,none
0c93e97e-d5d6-48a9-913c-3f23d26b7e83,2.0,0.2222222222222222,2.0,6126.9400000000005,3063.4700000000003,1368.5486064440677,17,1,2.0,1.0,9.0,2.0,1.0,0.5,1.0,2.0,5.0,1.0,1.0,1.0,0.2222222222222222,3063.4700000000003,4031.18,0.6579434432196168,139.16305555555556,2.0,0.0,1.0,1.0,26.0,2.0,11.0,4,6.0,2,1,1,2,1,38,39,65,0.3611,0.0,0.0889,0.0707,T1,False,none
8883ed70-8fae-4502-a6aa-f4cf2d8c12a4,3.0,0.3333333333333333,3.0,5502.98,1834.3266666666666,1174.7209207438732,39,1,2.0,1.5,9.0,2.0,1.0,0.6666666666666666,1.0,3.0,1.0,0.0,0.0,1.0,0.3333333333333333,1834.3266666666666,3130.12,0.5688045386317959,179.35055555555556,4.0,0.0,3.0,0.3333333333333333,23.0,1.0,40.0,6,9.0,2,1,3,2,0,73,74,66,0.3865,0.0,0.1807,0.0805,T1,False,none
392d0a1e-8b1c-454b-9cfa-d99b92bc344c,4.0,0.4444444444444444,4.0,7609.74,1902.435,1810.5934839622798,87,0,2.0,2.0,9.0,2.0,1.0,0.75,1.0,4.0,8.0,1.0,1.0,1.0,0.4444444444444444,1902.435,4405.13,0.57888048737539,148.40944444444443,5.0,0.25,1.0,1.0,30.0,0.0,9.0,4,12.0,2,1,1,2,1,45,46,66,0.3865,0.0,0.1807,0.0805,T1,False,none
1c1877c6-f0c6-4f40-a133-ff27b0fad576,2.0,0.2222222222222222,2.0,843.05,421.525,323.60741841002346,59,0,2.0,1.0,6.0,2.0,1.0,0.5,1.0,2.0,1.0,0.0,0.0,1.0,0.2222222222222222,421.525,650.35,0.7714251823735248,33.708333333333336,14.0,0.5,2.0,0.5,28.0,0.0,20.5,5,6.0,2,1,2,2,0,51,52,103,0.2271,0.0,0.2014,0.1192,T1,False,none
91ca25e6-5fde-4246-9dfe-e64be1391a01,5.0,0.5555555555555556,4.0,7924.09,1584.818,1930.2762036480683,29,0,1.0,5.0,4.0,1.0,1.0,1.0,2.0,2.5,5.0,2.0,1.0,0.8,0.5555555555555556,1584.818,4817.15,0.6079120757083778,125.37166666666667,4.0,0.2,2.0,0.6,19.0,3.0,73.6,5,15.0,1,2,2,1,2,40,40,121,0.1362,0.0,0.2722,0.12,T1,False,none
61ae427d-852c-4389-9f54-0f68fb362e24,0.0,0.0,0.0,0.0,0.0,0.0,15,0,0.0,0.0,0.0,0.0,0.0,0.0,0.0,0.0,0.0,0.0,0.0,0.0,0.0,0.0,0.0,0.0,0.0,0.0,0.0,0.0,0.0,0.0,0.0,0.0,0,0.0,0,0,0,0,0,0,0,1,0.0,0.0,0.0,0.0,T1,False,none
3baccab7-d168-4dca-acb3-c2069b8fc2e1,5.0,0.5555555555555556,4.0,16379.06,3275.812,1854.7363475895975,23,1,1.0,5.0,10.0,1.0,1.0,1.0,4.0,1.25,5.0,4.0,1.0,0.4,0.5555555555555556,3275.812,4932.82,0.3011662451935581,122.14583333333333,0.0,0.4,3.0,0.6,26.0,1.0,41.0,8,15.0,1,4,3,1,4,84,87,74,0.2714,0.0,0.1287,0.0855,T1,False,none
e9d2dc58-79f6-4ba0-9e16-dfc79d8c4489,0.0,0.0,0.0,0.0,0.0,0.0,31,0,0.0,0.0,0.0,0.0,0.0,0.0,0.0,0.0,0.0,0.0,0.0,0.0,0.0,0.0,0.0,0.0,0.0,0.0,0.0,0.0,0.0,0.0,0.0,0.0,0,0.0,0,0,0,0,0,0,0,1,0.0,0.0,0.0,0.0,T1,False,none
022147b6-1c1c-4e74-8ac1-dbf143eb8b86,2.0,0.2222222222222222,2.0,3786.6400000000003,1893.3200000000002,934.5264641517651,52,0,2.0,1.0,8.0,2.0,1.0,0.5,1.0,2.0,4.0,1.0,1.0,1.0,0.2222222222222222,1893.3200000000002,2554.13,0.6745109120486764,93.66388888888889,13.0,0.5,1.0,1.0,26.0,3.0,25.0,4,6.0,2,1,1,2,1,39,39,121,0.1433,0.0,0.2418,0.1111,T1,False,none
8f4504e6-0772-48be-8a24-a012fbdf2a47,3.0,0.3333333333333333,2.0,6206.37,2068.79,2201.5976230683027,77,0,2.0,1.5,11.0,2.0,1.0,0.6666666666666666,1.0,3.0,2.0,1.0,1.0,1.0,0.3333333333333333,2068.79,4535.57,0.7307927178044493,23.091944444444444,5.0,0.0,1.0,1.0,20.0,1.0,72.0,4,9.0,2,1,1,2,1,34,34,173,0.0954,0.0,0.2136,0.1548,T1,False,none
bce81dfa-2545-4a5b-a501-8264addbfe81,3.0,0.3333333333333333,3.0,7138.11,2379.37,1981.6900966346884,82,1,2.0,1.5,5.0,2.0,1.0,0.6666666666666666,1.0,3.0,4.0,1.0,1.0,1.0,0.3333333333333333,2379.37,4664.83,0.6535105230936481,25.862222222222222,0.0,0.0,2.0,0.6666666666666666,21.0,2.0,35.333333333333336,5,9.0,2,1,2,2,1,44,45,121,0.1433,0.0,0.2418,0.1111,T1,False,none
c4f1da4e-d312-44cb-b5d6-fedafda9a3a7,1.0,0.1111111111111111,1.0,3910.7,3910.7,0.0,81,0,1.0,1.0,4.0,1.0,1.0,1.0,1.0,1.0,6.0,1.0,1.0,1.0,0.1111111111111111,3910.7,3910.7,1.0,0.0,3.0,0.0,1.0,1.0,27.0,1.0,88.0,3,3.0,1,1,1,1,1,34,34,126,0.1498,0.0,0.1572,0.1186,T1,False,none
7ef70f0b-6ca1-420b-bb71-a1dd0af92669,2.0,0.2222222222222222,2.0,5541.74,2770.87,1770.1145474799084,32,1,1.0,2.0,6.0,1.0,1.0,1.0,1.0,2.0,4.0,1.0,1.0,1.0,0.2222222222222222,2770.87,4022.53,0.7258604698163393,121.26972222222223,22.0,0.0,1.0,1.0,22.0,2.0,27.0,3,6.0,1,1,1,1,1,29,29,167,0.1063,0.0,0.25,0.1704,T1,False,none
fd17e5d4-0cf3-45be-a0f4-37bc408b730b,5.0,0.5555555555555556,4.0,18099.21,3619.8419999999996,1291.8638241974265,83,1,2.0,2.5,6.0,2.0,1.0,0.8,3.0,1.6666666666666667,5.0,3.0,1.0,0.6,0.5555555555555556,3619.8419999999996,4462.59,0.2465626952778602,111.5363888888889,1.0,0.2,3.0,0.6,25.0,1.0,57.0,8,15.0,2,3,3,2,3,80,81,104,0.1637,0.0,0.1654,0.1067,T1,False,none
c8461029-255e-4066-94ab-7623a503d646,5.0,0.5555555555555556,5.0,12034.699999999999,2406.9399999999996,1208.6604882058484,44,1,4.0,1.25,13.0,4.0,1.0,0.4,3.0,1.6666666666666667,8.0,3.0,1.0,0.6,0.5555555555555556,2406.9399999999996,3677.17,0.3055472924127731,179.10305555555556,20.0,0.4,3.0,0.6,21.0,0.0,15.2,10,15.0,4,3,3,4,3,92,93,86,0.1967,0.0,0.161,0.0515,T1,False,none
28a5e0a3-809f-4de4-95f7-0e81494a672d,1.0,0.1111111111111111,1.0,1123.05,1123.05,0.0,61,1,1.0,1.0,6.0,1.0,1.0,1.0,1.0,1.0,6.0,1.0,1.0,1.0,0.1111111111111111,1123.05,1123.05,1.0,0.0,8.0,0.0,1.0,1.0,21.0,3.0,68.0,3,3.0,1,1,1,1,1,30,30,126,0.1498,0.0,0.1572,0.1186,T1,False,none
423e4d2c-8da6-4f87-967b-a05981c85447,5.0,0.5555555555555556,4.0,14623.369999999999,2924.674,1709.4210345991419,55,1,1.0,5.0,5.0,1.0,1.0,1.0,2.0,2.5,5.0,2.0,1.0,0.8,0.5555555555555556,2924.674,4632.11,0.3167607740213097,123.4713888888889,5.0,0.2,1.0,1.0,21.0,3.0,87.0,4,15.0,1,2,1,1,2,30,30,59,0.2957,0.0,0.0649,0.0215,T1,False,none
2c8e6b2d-9617-4c34-a000-47357e296d82,0.0,0.0,0.0,0.0,0.0,0.0,51,1,0.0,0.0,0.0,0.0,0.0,0.0,0.0,0.0,0.0,0.0,0.0,0.0,0.0,0.0,0.0,0.0,0.0,0.0,0.0,0.0,0.0,0.0,0.0,0.0,0,0.0,0,0,0,0,0,0,0,1,0.0,0.0,0.0,0.0,T1,False,none
019ac9eb-efad-45ed-8bde-090886d24173,3.0,0.3333333333333333,3.0,9729.28,3243.0933333333337,2063.875450150356,79,0,3.0,1.0,11.0,3.0,1.0,0.3333333333333333,2.0,1.5,4.0,2.0,1.0,0.6666666666666666,0.3333333333333333,3243.0933333333337,4827.74,0.49620732469411916,157.2811111111111,11.0,0.6666666666666666,3.0,0.3333333333333333,20.0,3.0,52.0,8,9.0,3,2,3,3,2,72,72,65,0.3611,0.0,0.0889,0.0707,T1,False,none
51f583a4-2ce1-4829-9a8e-40d1eefa06ca,2.0,0.2222222222222222,2.0,7790.59,3895.295,361.4093469322567,75,0,1.0,2.0,4.0,1.0,1.0,1.0,2.0,1.0,3.0,2.0,1.0,0.5,0.2222222222222222,3895.295,4150.85,0.5328030354568781,191.3375,2.0,0.0,2.0,0.5,26.0,3.0,32.5,5,6.0,1,2,2,1,2,49,49,121,0.1433,0.0,0.2418,0.1111,T1,False,none
0d212147-e761-43ac-bc72-8774f8fd5e94,8.0,0.8888888888888888,5.0,27778.75,3472.34375,1160.8587208114209,19,0,4.0,2.0,9.0,4.0,1.0,0.625,2.0,4.0,3.0,2.0,1.0,0.625,0.8888888888888888,3472.34375,4984.48,0.17943499977500785,168.44805555555556,12.0,0.125,4.0,0.375,26.0,3.0,45.625,10,24.0,4,2,4,4,2,105,106,121,0.1362,0.0,0.2722,0.12,T1,False,none
d6818f27-ae71-4b58-8bdc-69f1bd76f1ce,4.0,0.4444444444444444,3.0,11518.99,2879.7475,1696.106373912026,85,0,1.0,4.0,5.0,1.0,1.0,1.0,3.0,1.3333333333333333,7.0,3.0,1.0,0.5,0.4444444444444444,2879.7475,4087.79,0.35487399502907807,156.84222222222223,7.0,0.5,2.0,0.75,29.0,0.0,60.5,6,12.0,1,3,2,1,3,59,60,167,0.1063,0.0,0.25,0.1704,T1,False,none
facbf3b8-c56d-4f4a-aab5-c99e9aeaa784,1.0,0.1111111111111111,1.0,3884.21,3884.21,0.0,73,1,1.0,1.0,5.0,1.0,1.0,1.0,1.0,1.0,2.0,1.0,1.0,1.0,0.1111111111111111,3884.21,3884.21,1.0,0.0,23.0,1.0,1.0,1.0,19.0,2.0,50.0,3,3.0,1,1,1,1,1,23,23,121,0.1433,0.0,0.2418,0.1111,T1,False,none
41a92bc3-8e8a-49ef-9a5f-e80c1e33959a,4.0,0.4444444444444444,3.0,7318.48,1829.62,1482.5690704989092,52,0,1.0,4.0,10.0,1.0,1.0,1.0,2.0,2.0,3.0,2.0,1.0,0.75,0.4444444444444444,1829.62,3923.18,0.5360648659284442,214.84583333333333,16.0,0.0,1.0,1.0,23.0,3.0,77.0,4,12.0,1,2,1,1,2,34,34,86,0.1967,0.0,0.161,0.0515,T1,False,none
1822a611-9123-4c18-a601-8d3def38236c,2.0,0.2222222222222222,2.0,5211.960000000001,2605.9800000000005,2890.355536642508,68,0,2.0,1.0,6.0,2.0,1.0,0.5,2.0,1.0,4.0,2.0,1.0,0.5,0.2222222222222222,2605.9800000000005,4649.77,0.8921346288152633,30.33277777777778,1.0,0.0,2.0,0.5,25.0,1.0,50.5,6,6.0,2,2,2,2,2,61,61,126,0.1498,0.0,0.1572,0.1186,T1,False,none
ed7b2921-dd56-40ea-9e21-39c74de5fb9d,4.0,0.4444444444444444,4.0,7622.6,1905.65,1097.5189273994322,23,0,3.0,1.3333333333333333,10.0,3.0,1.0,0.5,2.0,2.0,4.0,2.0,1.0,0.75,0.4444444444444444,1905.65,2550.71,0.33462466874819613,187.82305555555556,14.0,0.0,3.0,0.5,23.0,1.0,42.5,8,12.0,3,2,3,3,2,82,82,121,0.1362,0.0,0.2722,0.12,T1,False,none
ef0807c4-dafa-491f-99c7-cc970ec4725f,3.0,0.3333333333333333,3.0,4279.18,1426.3933333333334,756.9077963222029,89,0,3.0,1.0,8.0,3.0,1.0,0.3333333333333333,1.0,3.0,3.0,1.0,1.0,1.0,0.3333333333333333,1426.3933333333334,1923.84,0.44958146186886266,131.0313888888889,8.0,0.3333333333333333,2.0,0.6666666666666666,19.0,2.0,71.33333333333333,6,9.0,3,1,2,3,1,53,54,74,0.2714,0.0,0.1287,0.0855,T1,False,none
9994b334-79c2-4e2e-a5f3-cdc209db8f8d,4.0,0.4444444444444444,4.0,9680.97,2420.2425,1788.3164807601402,71,0,1.0,4.0,6.0,1.0,1.0,1.0,1.0,4.0,4.0,1.0,1.0,1.0,0.4444444444444444,2420.2425,4648.55,0.4801739908294314,139.17833333333334,8.0,0.25,2.0,0.5,28.0,3.0,54.0,4,12.0,1,1,2,1,1,48,48,103,0.2271,0.0,0.2014,0.1192,T1,False,none
6ddb6090-336f-43c7-b084-75e3bce840df,6.0,0.6666666666666666,5.0,15237.599999999999,2539.6,1663.0716646134044,32,0,3.0,2.0,7.0,3.0,1.0,0.6666666666666666,2.0,3.0,2.0,2.0,1.0,0.8333333333333334,0.6666666666666666,2539.6,4801.88,0.3151336168425474,198.4988888888889,5.0,0.0,4.0,0.3333333333333333,25.0,1.0,40.5,9,18.0,3,2,4,3,2,89,91,118,0.1482,0.0,0.2319,0.119,T1,False,none
6205f144-7f0b-4169-a1bb-abf324ee9c76,6.0,0.6666666666666666,5.0,13670.66,2278.443333333333,1754.7213282759935,65,0,1.0,6.0,5.0,1.0,1.0,1.0,1.0,6.0,4.0,1.0,1.0,1.0,0.6666666666666666,2278.443333333333,4391.01,0.32119956168904795,161.85555555555555,9.0,0.16666666666666666,3.0,0.5,21.0,0.0,64.16666666666667,5,18.0,1,1,3,1,1,64,64,143,0.1277,0.0,0.241,0.0927,T1,False,none
ac684800-3903-4c8b-a94e-c32b3fc394b8,3.0,0.3333333333333333,2.0,7276.959999999999,2425.653333333333,185.7926802469175,57,1,1.0,3.0,4.0,1.0,1.0,1.0,1.0,3.0,5.0,1.0,1.0,1.0,0.3333333333333333,2425.653333333333,2632.41,0.36174583892174755,39.18194444444445,3.0,0.0,2.0,0.6666666666666666,21.0,3.0,81.33333333333333,4,9.0,1,1,2,1,1,45,45,59,0.2957,0.0,0.0649,0.0215,T1,False,none
6002d397-26fc-45bc-8a7a-a6bcf14120a2,1.0,0.1111111111111111,1.0,1500.19,1500.19,0.0,16,1,1.0,1.0,7.0,1.0,1.0,1.0,1.0,1.0,2.0,1.0,1.0,1.0,0.1111111111111111,1500.19,1500.19,1.0,0.0,14.0,0.0,1.0,1.0,15.0,0.0,60.0,3,3.0,1,1,1,1,1,21,21,65,0.3611,0.0,0.0889,0.0707,T1,False,none
d3ab4b4a-c141-4270-a436-eb06b89e0a23,4.0,0.4444444444444444,4.0,10927.48,2731.87,1577.4654805097953,48,1,3.0,1.3333333333333333,10.0,3.0,1.0,0.5,1.0,4.0,3.0,1.0,1.0,1.0,0.4444444444444444,2731.87,4794.07,0.4387168862354358,146.4638888888889,12.0,0.25,1.0,1.0,23.0,3.0,39.0,5,12.0,3,1,1,3,1,44,45,143,0.1277,0.0,0.241,0.0927,T1,False,none
cfb1287a-866e-486f-a423-cb989b6a1cc4,6.0,0.6666666666666666,3.0,17095.38,2849.23,1812.019499497729,87,1,1.0,6.0,6.0,1.0,1.0,1.0,3.0,2.0,5.0,3.0,1.0,0.5,0.6666666666666666,2849.23,4804.15,0.28102036924595997,104.61861111111111,0.0,0.0,1.0,1.0,25.0,2.0,56.0,5,18.0,1,3,1,1,3,38,38,118,0.1482,0.0,0.2319,0.119,T1,False,none
1a429260-febd-4f2c-968d-3b5d62d091a7,0.0,0.0,0.0,0.0,0.0,0.0,62,0,0.0,0.0,0.0,0.0,0.0,0.0,0.0,0.0,0.0,0.0,0.0,0.0,0.0,0.0,0.0,0.0,0.0,0.0,0.0,0.0,0.0,0.0,0.0,0.0,0,0.0,0,0,0,0,0,0,0,1,0.0,0.0,0.0,0.0,T1,False,none
eff5e561-a7c9-4f1b-aae0-f6d2dfb1f08a,8.0,0.8888888888888888,6.0,15437.45,1929.68125,1110.8146791359611,72,0,4.0,2.0,8.0,4.0,1.0,0.625,2.0,4.0,3.0,2.0,1.0,0.875,0.8888888888888888,1929.68125,3432.24,0.22233205613621418,188.0247222222222,2.0,0.125,4.0,0.625,29.0,3.0,24.0,10,24.0,4,2,4,4,2,99,102,103,0.2271,0.0,0.2014,0.1192,T1,False,none
c4567452-eeec-4a2a-8c18-66ededadc72d,4.0,0.4444444444444444,4.0,14910.44,3727.61,1221.1287697044897,81,1,2.0,2.0,9.0,2.0,1.0,0.75,2.0,2.0,4.0,2.0,1.0,0.75,0.4444444444444444,3727.61,4822.71,0.3234451833748702,101.27944444444445,3.0,0.0,1.0,1.0,17.0,3.0,26.0,5,12.0,2,2,1,2,2,34,34,173,0.0954,0.0,0.2136,0.1548,T1,False,none
2535ce1a-a31f-4554-8ddd-e60b35230d3a,1.0,0.1111111111111111,1.0,2756.69,2756.69,0.0,54,1,1.0,1.0,10.0,1.0,1.0,1.0,1.0,1.0,6.0,1.0,1.0,1.0,0.1111111111111111,2756.69,2756.69,1.0,0.0,18.0,0.0,1.0,1.0,15.0,1.0,25.0,3,3.0,1,1,1,1,1,28,28,118,0.1482,0.0,0.2319,0.119,T1,False,none
80155781-4385-4a7d-9496-7e4cb30ec45f,4.0,0.4444444444444444,2.0,12104.33,3026.0825,1227.544363960695,45,1,3.0,1.3333333333333333,8.0,3.0,1.0,0.5,1.0,4.0,3.0,1.0,1.0,1.0,0.4444444444444444,3026.0825,4397.51,0.3633005709527087,139.57638888888889,1.0,0.0,2.0,0.5,26.0,1.0,42.0,6,12.0,3,1,2,3,1,63,65,121,0.1433,0.0,0.2418,0.1111,T1,False,none
287e54bd-024c-4f1b-8c70-09ace28991d2,4.0,0.4444444444444444,4.0,12137.529999999999,3034.3824999999997,1355.0325155354515,19,0,1.0,4.0,9.0,1.0,1.0,1.0,1.0,4.0,4.0,1.0,1.0,1.0,0.4444444444444444,3034.3824999999997,4802.72,0.3956917099278025,181.02694444444444,0.0,0.0,4.0,0.25,26.0,2.0,31.0,6,12.0,1,1,4,1,1,91,91,86,0.1967,0.0,0.161,0.0515,T1,False,none
1519038e-9ac3-41e0-b0a9-a9a4d571410b,4.0,0.4444444444444444,3.0,9978.83,2494.7075,1258.3493770114085,87,0,1.0,4.0,4.0,1.0,1.0,1.0,1.0,4.0,6.0,1.0,1.0,1.0,0.4444444444444444,2494.7075,3948.98,0.3957357726306591,208.3177777777778,1.0,0.0,2.0,0.75,23.0,3.0,54.75,4,12.0,1,1,2,1,1,41,41,89,0.2028,0.0,0.1043,0.0515,T1,False,none
fc5e98fb-2668-4ff9-9f74-a4cf63860467,7.0,0.7777777777777778,5.0,21550.22,3078.6028571428574,1069.4953707039328,68,1,1.0,7.0,4.0,1.0,1.0,1.0,1.0,7.0,6.0,1.0,1.0,1.0,0.7777777777777778,3078.6028571428574,4333.05,0.20106755290665246,120.23444444444445,9.0,0.14285714285714285,3.0,0.42857142857142855,22.0,1.0,16.571428571428573,5,21.0,1,1,3,1,1,70,70,86,0.1967,0.0,0.161,0.0515,T1,False,none
48f849c6-8976-4df7-a045-677902d54705,4.0,0.4444444444444444,4.0,13704.83,3426.2075,784.8995069168623,39,0,3.0,1.3333333333333333,8.0,3.0,1.0,0.5,2.0,2.0,7.0,2.0,1.0,0.75,0.4444444444444444,3426.2075,4572.51,0.33364222686454337,93.34416666666667,0.0,0.5,3.0,0.5,21.0,1.0,68.0,8,12.0,3,2,3,3,2,73,75,59,0.2957,0.0,0.0649,0.0215,T1,False,none
ecf058dd-5ac1-4627-a91e-9e964d7a008b,1.0,0.1111111111111111,1.0,4937.7,4937.7,0.0,75,1,1.0,1.0,5.0,1.0,1.0,1.0,1.0,1.0,2.0,1.0,1.0,1.0,0.1111111111111111,4937.7,4937.7,1.0,0.0,14.0,0.0,1.0,1.0,19.0,2.0,13.0,3,3.0,1,1,1,1,1,23,23,78,0.2521,0.0,0.1237,0.0763,T1,False,none
a7ca7a24-afff-428d-b5c7-6a0702b48471,3.0,0.3333333333333333,3.0,12146.07,4048.69,1050.181441656631,82,0,1.0,3.0,10.0,1.0,1.0,1.0,2.0,1.5,4.0,2.0,1.0,0.6666666666666666,0.3333333333333333,4048.69,4798.97,0.3951047540480172,169.19611111111112,17.0,0.0,1.0,1.0,22.0,2.0,5.0,4,9.0,1,2,1,1,2,33,35,167,0.1063,0.0,0.25,0.1704,T1,False,none
f45d8921-c96b-4529-b12a-9880542139a7,2.0,0.2222222222222222,2.0,3507.4700000000003,1753.7350000000001,1886.6245318160156,85,0,1.0,2.0,7.0,1.0,1.0,1.0,1.0,2.0,1.0,0.0,0.0,1.0,0.2222222222222222,1753.7350000000001,3087.78,0.8803439516232499,110.59333333333333,8.0,0.0,1.0,1.0,22.0,1.0,63.0,3,6.0,1,1,1,1,0,27,27,104,0.1637,0.0,0.1654,0.1067,T1,False,none
e27edc89-b136-46cd-8b8f-1260147f89fe,2.0,0.2222222222222222,2.0,3813.66,1906.83,264.9104845037281,65,0,1.0,2.0,9.0,1.0,1.0,1.0,1.0,2.0,4.0,1.0,1.0,1.0,0.2222222222222222,1906.83,2094.15,0.5491181699469802,167.47083333333333,16.0,0.0,1.0,1.0,18.0,1.0,73.0,3,6.0,1,1,1,1,1,28,28,121,0.1362,0.0,0.2722,0.12,T1,False,none
f61e8a5b-95c2-4117-aa8e-1f28bdba7c22,4.0,0.4444444444444444,4.0,9798.630000000001,2449.6575000000003,1776.8779901346632,62,1,3.0,1.3333333333333333,13.0,3.0,1.0,0.5,2.0,2.0,3.0,2.0,1.0,0.75,0.4444444444444444,2449.6575000000003,4310.1,0.4398676141460592,216.93027777777777,0.0,0.5,3.0,0.5,26.0,1.0,56.0,8,12.0,3,2,3,3,2,93,96,74,0.2714,0.0,0.1287,0.0855,T1,False,none
41fe356d-aabf-4f40-8e4c-bf8251900ba5,3.0,0.3333333333333333,3.0,3699.32,1233.1066666666668,697.1421758388553,10,0,2.0,1.5,8.0,2.0,1.0,0.6666666666666666,1.0,3.0,3.0,1.0,1.0,1.0,0.3333333333333333,1233.1066666666668,1878.64,0.5078338721711018,119.10555555555555,13.0,0.0,2.0,0.6666666666666666,24.0,3.0,47.333333333333336,5,9.0,2,1,2,2,1,55,55,173,0.0954,0.0,0.2136,0.1548,T1,False,none
62864ef5-5f0a-4628-a53d-7de434859ad9,3.0,0.3333333333333333,2.0,11675.93,3891.976666666667,810.8761329163244,74,0,1.0,3.0,9.0,1.0,1.0,1.0,1.0,3.0,7.0,1.0,1.0,1.0,0.3333333333333333,3891.976666666667,4619.11,0.3956096002631053,141.2747222222222,9.0,0.0,2.0,0.6666666666666666,22.0,2.0,20.0,4,9.0,1,1,2,1,1,50,51,167,0.1063,0.0,0.25,0.1704,T1,False,none
c7833ce9-663a-4244-b380-672b980a49df,0.0,0.0,0.0,0.0,0.0,0.0,68,0,0.0,0.0,0.0,0.0,0.0,0.0,0.0,0.0,0.0,0.0,0.0,0.0,0.0,0.0,0.0,0.0,0.0,0.0,0.0,0.0,0.0,0.0,0.0,0.0,0,0.0,0,0,0,0,0,0,0,1,0.0,0.0,0.0,0.0,T1,False,none
0751b3dc-d23b-4254-ac04-a9c32cd8ef43,3.0,0.3333333333333333,3.0,6335.950000000001,2111.9833333333336,276.7799025097981,22,0,1.0,3.0,8.0,1.0,1.0,1.0,1.0,3.0,6.0,1.0,1.0,1.0,0.3333333333333333,2111.9833333333336,2273.26,0.35878755356339614,164.85194444444446,19.0,0.0,3.0,0.3333333333333333,20.0,2.0,25.666666666666668,5,9.0,1,1,3,1,1,59,59,167,0.1063,0.0,0.25,0.1704,T1,False,none
61cbbc23-31bc-4464-ada1-7ed46da8bb1f,5.0,0.5555555555555556,4.0,11330.5,2266.1,1736.3658052524531,20,1,3.0,1.6666666666666667,8.0,3.0,1.0,0.6,2.0,2.5,3.0,2.0,1.0,0.8,0.5555555555555556,2266.1,3976.03,0.35091390494682495,113.6425,5.0,0.2,3.0,0.4,23.0,2.0,38.6,8,15.0,3,2,3,3,2,79,81,50,0.3086,0.0,0.0411,0.037,T1,False,none
fb85ff1c-b665-4723-9e1a-27fc1d36021a,1.0,0.1111111111111111,1.0,4868.54,4868.54,0.0,51,1,1.0,1.0,4.0,1.0,1.0,1.0,1.0,1.0,4.0,1.0,1.0,1.0,0.1111111111111111,4868.54,4868.54,1.0,0.0,3.0,1.0,1.0,1.0,28.0,0.0,2.0,3,3.0,1,1,1,1,1,33,33,65,0.3611,0.0,0.0889,0.0707,T1,False,none
959ecce5-602c-4e8c-bdb6-25722ba1b2ac,4.0,0.4444444444444444,3.0,6142.67,1535.6675,967.0707997306436,37,1,2.0,2.0,7.0,2.0,1.0,0.75,3.0,1.3333333333333333,6.0,3.0,1.0,0.5,0.4444444444444444,1535.6675,2491.34,0.40557933276571917,198.01166666666666,4.0,0.25,2.0,0.75,19.0,1.0,59.0,7,12.0,2,3,2,2,3,54,55,121,0.1433,0.0,0.2418,0.1111,T1,False,none
54c9f6cd-65fa-4b75-9928-715406f7a435,5.0,0.5555555555555556,5.0,12096.63,2419.326,807.2599876929365,48,0,2.0,2.5,10.0,2.0,1.0,0.8,1.0,5.0,5.0,1.0,1.0,1.0,0.5555555555555556,2419.326,3137.41,0.2593623182655004,183.985,1.0,0.2,2.0,0.8,20.0,2.0,31.8,5,15.0,2,1,2,2,1,48,48,50,0.3086,0.0,0.0411,0.037,T1,False,none
a1d6ea15-cea2-4d38-a1ea-0ec5cce3fea5,3.0,0.3333333333333333,2.0,5640.91,1880.3033333333333,1269.8344834006255,12,1,1.0,3.0,6.0,1.0,1.0,1.0,2.0,1.5,6.0,2.0,1.0,0.6666666666666666,0.3333333333333333,1880.3033333333333,3209.02,0.5688833893822096,99.37027777777777,11.0,0.0,1.0,1.0,20.0,2.0,18.0,4,9.0,1,2,1,1,2,31,31,50,0.3086,0.0,0.0411,0.037,T1,False,none
c317c968-12a1-4a28-9559-5f3506ca75e8,4.0,0.4444444444444444,4.0,2506.79,626.6975,277.59100494252334,25,1,2.0,2.0,6.0,2.0,1.0,0.75,2.0,2.0,4.0,2.0,1.0,0.75,0.4444444444444444,626.6975,985.46,0.39311629613968463,137.9111111111111,14.0,0.0,3.0,0.5,23.0,0.0,14.5,7,12.0,2,2,3,2,2,67,68,143,0.1277,0.0,0.241,0.0927,T1,False,none
a1dcf6dc-6487-4ad6-a516-0a114de23601,0.0,0.0,0.0,0.0,0.0,0.0,23,1,0.0,0.0,0.0,0.0,0.0,0.0,0.0,0.0,0.0,0.0,0.0,0.0,0.0,0.0,0.0,0.0,0.0,0.0,0.0,0.0,0.0,0.0,0.0,0.0,0,0.0,0,0,0,0,0,0,0,1,0.0,0.0,0.0,0.0,T1,False,none
727734ec-0bbd-4b34-ae93-3fd8b116caeb,3.0,0.3333333333333333,3.0,5880.37,1960.1233333333332,768.0053268261445,76,1,2.0,1.5,11.0,2.0,1.0,0.6666666666666666,2.0,1.5,5.0,2.0,1.0,0.6666666666666666,0.3333333333333333,1960.1233333333332,2439.72,0.41489226018090697,157.97861111111112,4.0,0.0,3.0,0.3333333333333333,20.0,3.0,20.333333333333332,7,9.0,2,2,3,2,2,71,72,50,0.3086,0.0,0.0411,0.037,T1,False,none
f8c6e91f-c292-4668-bcaa-89de2272f04e,0.0,0.0,0.0,0.0,0.0,0.0,43,1,0.0,0.0,0.0,0.0,0.0,0.0,0.0,0.0,0.0,0.0,0.0,0.0,0.0,0.0,0.0,0.0,0.0,0.0,0.0,0.0,0.0,0.0,0.0,0.0,0,0.0,0,0,0,0,0,0,0,1,0.0,0.0,0.0,0.0,T1,False,none
337b2b21-1f4c-4bda-a94e-ebdd1a7b23e3,3.0,0.3333333333333333,2.0,7706.7300000000005,2568.9100000000003,2327.731012832024,42,1,2.0,1.5,9.0,2.0,1.0,0.6666666666666666,2.0,1.5,2.0,2.0,1.0,0.6666666666666666,0.3333333333333333,2568.9100000000003,4884.02,0.6337344113521559,54.26361111111111,1.0,0.3333333333333333,2.0,0.6666666666666666,21.0,3.0,48.333333333333336,6,9.0,2,2,2,2,2,48,49,121,0.1362,0.0,0.2722,0.12,T1,False,none
10ce4379-c1b8-4688-9f59-28b47fb3821a,4.0,0.4444444444444444,3.0,7301.05,1825.2625,1843.0245010014564,43,0,1.0,4.0,5.0,1.0,1.0,1.0,2.0,2.0,2.0,1.0,0.5,0.75,0.4444444444444444,1825.2625,4330.89,0.5931872812814596,129.25416666666666,2.0,0.5,2.0,0.75,19.0,1.0,71.5,5,12.0,1,2,2,1,1,39,39,173,0.0954,0.0,0.2136,0.1548,T1,False,none
fa69208c-4b07-4f79-ae21-5e7984efdd3a,0.0,0.0,0.0,0.0,0.0,0.0,76,0,0.0,0.0,0.0,0.0,0.0,0.0,0.0,0.0,0.0,0.0,0.0,0.0,0.0,0.0,0.0,0.0,0.0,0.0,0.0,0.0,0.0,0.0,0.0,0.0,0,0.0,0,0,0,0,0,0,0,1,0.0,0.0,0.0,0.0,T1,False,none
01041385-34d9-41c4-b4cf-418e2af4c86d,2.0,0.2222222222222222,2.0,7957.719999999999,3978.8599999999997,796.1032406666867,20,1,2.0,1.0,8.0,2.0,1.0,0.5,1.0,2.0,2.0,1.0,1.0,1.0,0.2222222222222222,3978.8599999999997,4541.79,0.5707401114892205,200.99583333333334,13.0,0.0,1.0,1.0,21.0,0.0,72.0,4,6.0,2,1,1,2,1,33,33,118,0.1482,0.0,0.2319,0.119,T1,False,none
03bb7b62-e93f-4197-acf6-6ff5c56702a1,1.0,0.1111111111111111,1.0,1987.14,1987.14,0.0,74,1,1.0,1.0,9.0,1.0,1.0,1.0,1.0,1.0,7.0,1.0,1.0,1.0,0.1111111111111111,1987.14,1987.14,1.0,0.0,6.0,0.0,1.0,1.0,13.0,0.0,31.0,3,3.0,1,1,1,1,1,26,26,126,0.1498,0.0,0.1572,0.1186,T1,False,none
60e09e45-7428-4ba8-98aa-4efc4ac2c6ca,0.0,0.0,0.0,0.0,0.0,0.0,51,1,0.0,0.0,0.0,0.0,0.0,0.0,0.0,0.0,0.0,0.0,0.0,0.0,0.0,0.0,0.0,0.0,0.0,0.0,0.0,0.0,0.0,0.0,0.0,0.0,0,0.0,0,0,0,0,0,0,0,1,0.0,0.0,0.0,0.0,T1,False,none
50f4f4dd-3d0e-4712-80da-49f5613f7a20,1.0,0.1111111111111111,1.0,789.82,789.82,0.0,33,0,1.0,1.0,11.0,1.0,1.0,1.0,1.0,1.0,2.0,1.0,1.0,1.0,0.1111111111111111,789.82,789.82,1.0,0.0,21.0,0.0,1.0,1.0,23.0,3.0,14.0,3,3.0,1,1,1,1,1,33,33,74,0.2714,0.0,0.1287,0.0855,T1,False,none
088f12f4-9dbe-4c0d-ba5b-5f83a50c6302,3.0,0.3333333333333333,3.0,13800.240000000002,4600.080000000001,327.3800035127377,22,0,1.0,3.0,14.0,1.0,1.0,1.0,2.0,1.5,4.0,2.0,1.0,0.6666666666666666,0.3333333333333333,4600.080000000001,4803.31,0.3480598888135279,67.32111111111111,2.0,0.3333333333333333,2.0,0.6666666666666666,23.0,2.0,18.333333333333332,5,9.0,1,2,2,1,2,53,54,66,0.3865,0.0,0.1807,0.0805,T1,False,none
7a123089-1a45-47bd-a4f2-e5235beee8a4,5.0,0.5555555555555556,5.0,7561.14,1512.228,651.2458383897743,17,0,2.0,2.5,7.0,2.0,1.0,0.8,1.0,5.0,8.0,1.0,1.0,1.0,0.5555555555555556,1512.228,2289.17,0.3027546110771656,164.92777777777778,5.0,0.2,4.0,0.4,25.0,2.0,55.8,7,15.0,2,1,4,2,1,89,91,57,0.2807,0.0,0.0921,0.0244,T1,False,none
53bcb2ed-ad71-476f-96ae-d7417c36c26b,0.0,0.0,0.0,0.0,0.0,0.0,20,0,0.0,0.0,0.0,0.0,0.0,0.0,0.0,0.0,0.0,0.0,0.0,0.0,0.0,0.0,0.0,0.0,0.0,0.0,0.0,0.0,0.0,0.0,0.0,0.0,0,0.0,0,0,0,0,0,0,0,1,0.0,0.0,0.0,0.0,T1,False,none
06ec91ff-4585-4c1a-8b96-cfa49565cbde,1.0,0.1111111111111111,1.0,3687.15,3687.15,0.0,67,1,1.0,1.0,7.0,1.0,1.0,1.0,1.0,1.0,8.0,1.0,1.0,1.0,0.1111111111111111,3687.15,3687.15,1.0,0.0,16.0,0.0,1.0,1.0,23.0,1.0,25.0,3,3.0,1,1,1,1,1,34,35,66,0.3865,0.0,0.1807,0.0805,T1,False,none
30cff1c2-16dc-4f52-8594-119e54948023,0.0,0.0,0.0,0.0,0.0,0.0,13,0,0.0,0.0,0.0,0.0,0.0,0.0,0.0,0.0,0.0,0.0,0.0,0.0,0.0,0.0,0.0,0.0,0.0,0.0,0.0,0.0,0.0,0.0,0.0,0.0,0,0.0,0,0,0,0,0,0,0,1,0.0,0.0,0.0,0.0,T1,False,none
e9d09c79-67c7-48eb-8b80-2977f1d0f523,4.0,0.4444444444444444,3.0,10218.130000000001,2554.5325000000003,1658.2335614216108,52,0,2.0,2.0,12.0,2.0,1.0,0.5,4.0,1.0,5.0,3.0,0.75,0.25,0.4444444444444444,2554.5325000000003,4839.54,0.4736228644575866,135.68,4.0,0.0,2.0,0.5,21.0,1.0,77.5,8,12.0,2,4,2,2,3,66,66,121,0.1362,0.0,0.2722,0.12,T1,False,none
63c5291f-57e7-46e3-9fa2-bcebc902a9a5,6.0,0.6666666666666666,6.0,14824.650000000001,2470.775,1104.1880848433386,36,1,2.0,3.0,9.0,2.0,1.0,0.8333333333333334,3.0,2.0,6.0,3.0,1.0,0.6666666666666666,0.6666666666666666,2470.775,4131.26,0.278675044604763,210.98388888888888,3.0,0.3333333333333333,1.0,1.0,12.0,3.0,3.0,6,18.0,2,3,1,2,3,32,32,173,0.0954,0.0,0.2136,0.1548,T1,False,none
ee9eb20a-8ed8-4ebf-bbbe-d62efdc9502d,3.0,0.3333333333333333,3.0,6711.42,2237.14,1081.4377499884124,25,1,1.0,3.0,5.0,1.0,1.0,1.0,2.0,1.5,4.0,1.0,0.5,0.6666666666666666,0.3333333333333333,2237.14,3038.33,0.4527104547174815,158.5713888888889,1.0,0.3333333333333333,1.0,1.0,21.0,3.0,87.0,4,9.0,1,2,1,1,1,27,27,59,0.2957,0.0,0.0649,0.0215,T1,False,none
df98a40e-b662-4fd4-8643-e485781f8038,1.0,0.1111111111111111,1.0,395.62,395.62,0.0,22,1,1.0,1.0,11.0,1.0,1.0,1.0,1.0,1.0,6.0,1.0,1.0,1.0,0.1111111111111111,395.62,395.62,1.0,0.0,18.0,1.0,1.0,1.0,11.0,3.0,9.0,3,3.0,1,1,1,1,1,25,25,50,0.3086,0.0,0.0411,0.037,T1,False,none
690fc432-2edc-4e7f-b22e-4225d50351d2,2.0,0.2222222222222222,2.0,5575.68,2787.84,3085.68671387748,58,0,2.0,1.0,6.0,2.0,1.0,0.5,2.0,1.0,8.0,2.0,1.0,0.5,0.2222222222222222,2787.84,4969.75,0.8913262597566575,150.84305555555557,16.0,0.0,2.0,0.5,22.0,1.0,39.0,6,6.0,2,2,2,2,2,60,60,121,0.1433,0.0,0.2418,0.1111,T1,False,none
6b7bbf35-5d8a-4089-b396-19ff59ce74dc,2.0,0.2222222222222222,2.0,2003.79,1001.895,43.098158313319985,43,1,1.0,2.0,5.0,1.0,1.0,1.0,2.0,1.0,4.0,2.0,1.0,0.5,0.2222222222222222,1001.895,1032.37,0.5152086795522485,160.07888888888888,14.0,0.0,2.0,0.5,18.0,0.0,42.0,5,6.0,1,2,2,1,2,39,39,173,0.0954,0.0,0.2136,0.1548,T1,False,none
dfe61f9c-599f-499f-ac94-b4fc0a7624b2,3.0,0.3333333333333333,3.0,6897.8099999999995,2299.27,1297.2334733578223,49,1,1.0,3.0,7.0,1.0,1.0,1.0,2.0,1.5,5.0,2.0,1.0,0.6666666666666666,0.3333333333333333,2299.27,3217.57,0.4664625439088639,53.6825,4.0,0.3333333333333333,3.0,0.3333333333333333,28.0,0.0,10.333333333333334,6,9.0,1,2,3,1,2,68,70,65,0.3611,0.0,0.0889,0.0707,T1,False,none
15ce8ad6-063f-44e5-ab13-0a3ca633df97,0.0,0.0,0.0,0.0,0.0,0.0,45,0,0.0,0.0,0.0,0.0,0.0,0.0,0.0,0.0,0.0,0.0,0.0,0.0,0.0,0.0,0.0,0.0,0.0,0.0,0.0,0.0,0.0,0.0,0.0,0.0,0,0.0,0,0,0,0,0,0,0,1,0.0,0.0,0.0,0.0,T1,False,none
d6e06304-01ea-4e47-b084-7a4422fc4d8b,3.0,0.3333333333333333,3.0,9924.54,3308.1800000000003,1159.1873758370564,21,1,2.0,1.5,6.0,2.0,1.0,0.6666666666666666,2.0,1.5,5.0,2.0,1.0,0.6666666666666666,0.3333333333333333,3308.1800000000003,4341.39,0.43743992164876155,57.58444444444444,2.0,0.3333333333333333,2.0,0.6666666666666666,26.0,1.0,59.0,6,9.0,2,2,2,2,2,52,53,78,0.2521,0.0,0.1237,0.0763,T1,False,none
5a529550-c965-49ee-8537-6ba4d88ec428,9.0,1.0,6.0,26730.199999999997,2970.022222222222,1304.7185612688447,88,1,2.0,4.5,9.0,2.0,1.0,0.5555555555555556,3.0,3.0,7.0,3.0,1.0,0.7777777777777778,1.0,2970.022222222222,4362.57,0.1632075330525024,188.05138888888888,6.0,0.0,3.0,0.7777777777777778,20.0,0.0,22.77777777777778,8,27.0,2,3,3,2,3,75,75,57,0.2807,0.0,0.0921,0.0244,T1,False,none
3891f7d4-dd81-4d7e-a725-96e300a1c5ea,6.0,0.6666666666666666,5.0,25746.97,4291.161666666667,529.6659815172832,35,1,2.0,3.0,8.0,2.0,1.0,0.6666666666666666,1.0,6.0,2.0,1.0,1.0,1.0,0.6666666666666666,4291.161666666667,4989.68,0.19379678463135663,196.90416666666667,21.0,0.0,3.0,0.5,22.0,1.0,35.333333333333336,6,18.0,2,1,3,2,1,70,71,89,0.2028,0.0,0.1043,0.0515,T1,False,none
5908a23c-8714-4e8e-b9ad-2dfb2778f5d2,5.0,0.5555555555555556,5.0,10499.62,2099.924,1254.474269576702,79,1,3.0,1.6666666666666667,10.0,3.0,1.0,0.6,2.0,2.5,6.0,2.0,1.0,0.6,0.5555555555555556,2099.924,3959.22,0.3770822182136115,215.895,17.0,0.2,4.0,0.4,28.0,2.0,33.0,9,15.0,3,2,4,3,2,106,108,65,0.3611,0.0,0.0889,0.0707,T1,False,none
d9d98a08-6f8d-4541-bcaf-60e01e5a0a04,3.0,0.3333333333333333,3.0,11048.72,3682.9066666666663,1654.9644801122872,39,1,1.0,3.0,7.0,1.0,1.0,1.0,2.0,1.5,4.0,2.0,1.0,0.6666666666666666,0.3333333333333333,3682.9066666666663,4886.79,0.4422946730480997,72.85972222222222,11.0,0.0,1.0,1.0,13.0,2.0,25.0,4,9.0,1,2,1,1,2,22,22,143,0.1277,0.0,0.241,0.0927,T1,False,none
f282164b-d14b-42d9-a36e-981cc5dbcb49,8.0,0.8888888888888888,5.0,15324.03,1915.50375,1576.7565001060834,24,0,2.0,4.0,9.0,2.0,1.0,0.875,3.0,2.6666666666666665,3.0,3.0,1.0,0.75,0.8888888888888888,1915.50375,4925.38,0.32141545011331873,145.99527777777777,23.0,0.25,2.0,0.5,21.0,0.0,82.5,7,24.0,2,3,2,2,3,54,54,59,0.2957,0.0,0.0649,0.0215,T1,False,none
f657880f-d269-4ed0-bf9e-64773a2915b7,3.0,0.3333333333333333,2.0,3083.13,1027.71,1009.2963126356898,65,0,2.0,1.5,7.0,2.0,1.0,0.6666666666666666,2.0,1.5,4.0,2.0,1.0,0.6666666666666666,0.3333333333333333,1027.71,2143.89,0.6953615319496744,159.17416666666668,0.0,0.0,1.0,1.0,23.0,0.0,44.0,5,9.0,2,2,1,2,2,37,37,121,0.1433,0.0,0.2418,0.1111,T1,False,none
ee8a890b-f924-4e53-8769-b23abea55a3d,5.0,0.5555555555555556,4.0,13051.89,2610.3779999999997,1539.2945442052344,85,1,1.0,5.0,6.0,1.0,1.0,1.0,2.0,2.5,5.0,2.0,1.0,0.6,0.5555555555555556,2610.3779999999997,4384.88,0.3359574743581198,177.30583333333334,14.0,0.0,2.0,0.8,26.0,3.0,65.0,5,15.0,1,2,2,1,2,52,53,121,0.1433,0.0,0.2418,0.1111,T1,False,none
cebdc339-069f-42c2-8b12-9db10290bdb7,3.0,0.3333333333333333,3.0,8135.540000000001,2711.846666666667,1353.082929621586,67,1,1.0,3.0,11.0,1.0,1.0,1.0,1.0,3.0,6.0,1.0,1.0,1.0,0.3333333333333333,2711.846666666667,4241.72,0.5213814940372735,72.59,7.0,0.0,2.0,0.6666666666666666,23.0,1.0,35.666666666666664,4,9.0,1,1,2,1,1,56,56,66,0.3865,0.0,0.1807,0.0805,T1,False,none
530eda1f-f09c-4f6e-b4cd-a29bde776fce,1.0,0.1111111111111111,1.0,1639.44,1639.44,0.0,13,1,1.0,1.0,6.0,1.0,1.0,1.0,1.0,1.0,5.0,1.0,1.0,1.0,0.1111111111111111,1639.44,1639.44,1.0,0.0,8.0,1.0,1.0,1.0,17.0,1.0,35.0,3,3.0,1,1,1,1,1,25,25,104,0.1637,0.0,0.1654,0.1067,T1,False,none
ef8462fa-e7bc-4fef-8714-fd4dd11f94b0,4.0,0.4444444444444444,4.0,11637.41,2909.3525,1443.1974828686245,22,1,2.0,2.0,12.0,2.0,1.0,0.75,2.0,2.0,6.0,2.0,1.0,0.75,0.4444444444444444,2909.3525,4189.51,0.3600036434223767,200.2252777777778,22.0,0.25,1.0,1.0,19.0,0.0,70.0,5,12.0,2,2,1,2,2,42,42,78,0.2521,0.0,0.1237,0.0763,T1,False,none
83b54306-ce1e-493f-96f3-89af99ab3090,4.0,0.4444444444444444,4.0,13980.88,3495.22,1726.3323145327493,82,1,1.0,4.0,5.0,1.0,1.0,1.0,2.0,2.0,4.0,2.0,1.0,0.75,0.4444444444444444,3495.22,4901.79,0.35060668570218756,103.89055555555555,8.0,0.25,2.0,0.5,21.0,0.0,53.0,5,12.0,1,2,2,1,2,46,47,143,0.1277,0.0,0.241,0.0927,T1,False,none
00998317-2c9f-4df8-8627-3843807feb38,3.0,0.3333333333333333,3.0,6377.46,2125.82,1962.5303045813077,32,0,1.0,3.0,9.0,1.0,1.0,1.0,2.0,1.5,9.0,2.0,1.0,0.6666666666666666,0.3333333333333333,2125.82,4386.42,0.6878004722883405,99.50166666666667,11.0,0.6666666666666666,2.0,0.6666666666666666,22.0,1.0,53.666666666666664,5,9.0,1,2,2,1,2,59,59,50,0.3086,0.0,0.0411,0.037,T1,False,none
88719bad-9522-48b3-8d24-6a91acec21a9,5.0,0.5555555555555556,5.0,11717.470000000001,2343.494,1721.5769978075332,38,1,2.0,2.5,9.0,2.0,1.0,0.8,3.0,1.6666666666666667,8.0,3.0,1.0,0.6,0.5555555555555556,2343.494,4257.24,0.36332416468742823,147.69055555555556,22.0,0.0,2.0,0.6,13.0,3.0,59.2,7,15.0,2,3,2,2,3,50,51,121,0.1362,0.0,0.2722,0.12,T1,False,none
58c81208-4f59-4e76-aae7-d8a4b0fab180,3.0,0.3333333333333333,2.0,9886.12,3295.3733333333334,1689.223255118557,22,0,3.0,1.0,7.0,3.0,1.0,0.3333333333333333,2.0,1.5,6.0,2.0,1.0,0.6666666666666666,0.3333333333333333,3295.3733333333334,4440.62,0.4491772302986409,45.78666666666667,9.0,0.6666666666666666,2.0,0.6666666666666666,25.0,2.0,34.666666666666664,7,9.0,3,2,2,3,2,61,62,104,0.1637,0.0,0.1654,0.1067,T1,False,none
efd86519-6b55-4064-97d5-5315a941fe90,4.0,0.4444444444444444,3.0,14842.21,3710.5525,851.1855000086643,63,1,2.0,2.0,8.0,2.0,1.0,0.75,1.0,4.0,2.0,1.0,1.0,1.0,0.4444444444444444,3710.5525,4426.21,0.2982177182508535,156.83944444444444,2.0,0.25,3.0,0.5,21.0,2.0,14.75,6,12.0,2,1,3,2,1,70,71,121,0.1433,0.0,0.2418,0.1111,T1,False,none
498070ae-fc83-40f5-8a56-87ee812d2826,2.0,0.2222222222222222,2.0,6273.89,3136.945,1620.85137703924,81,1,1.0,2.0,9.0,1.0,1.0,1.0,1.0,2.0,4.0,1.0,1.0,1.0,0.2222222222222222,3136.945,4283.06,0.6826801234959491,146.9738888888889,18.0,0.0,1.0,1.0,19.0,1.0,79.0,3,6.0,1,1,1,1,1,29,29,173,0.0954,0.0,0.2136,0.1548,T1,False,none
6108f2b4-b33a-4fc1-a029-e5c6499797d3,7.0,0.7777777777777778,6.0,12486.75,1783.8214285714287,1434.3832677429532,18,1,3.0,2.3333333333333335,7.0,2.0,0.6666666666666666,0.7142857142857143,4.0,1.75,9.0,4.0,1.0,0.42857142857142855,0.7777777777777778,1783.8214285714287,3589.78,0.2874871363645464,210.74166666666667,5.0,0.14285714285714285,4.0,0.5714285714285714,24.0,3.0,59.42857142857143,11,21.0,3,4,4,2,4,93,94,121,0.1362,0.0,0.2722,0.12,T1,False,none
3580b0df-01b3-49e7-9d2f-92f3b6b65bca,3.0,0.3333333333333333,3.0,8427.18,2809.06,1681.9876721308037,27,0,1.0,3.0,9.0,1.0,1.0,1.0,1.0,3.0,1.0,0.0,0.0,1.0,0.3333333333333333,2809.06,3786.08,0.4492700998436013,95.28805555555556,6.0,0.0,1.0,1.0,17.0,1.0,50.0,3,9.0,1,1,1,1,0,24,24,126,0.1498,0.0,0.1572,0.1186,T1,False,none
8face3ee-7571-468a-ad81-4968a92237dd,0.0,0.0,0.0,0.0,0.0,0.0,63,1,0.0,0.0,0.0,0.0,0.0,0.0,0.0,0.0,0.0,0.0,0.0,0.0,0.0,0.0,0.0,0.0,0.0,0.0,0.0,0.0,0.0,0.0,0.0,0.0,0,0.0,0,0,0,0,0,0,0,1,0.0,0.0,0.0,0.0,T1,False,none
74885ae5-2736-488f-9efa-04c2d531af55,6.0,0.6666666666666666,6.0,16477.47,2746.2450000000003,1605.6139704891707,53,0,2.0,3.0,5.0,2.0,1.0,0.8333333333333334,5.0,1.2,8.0,5.0,1.0,0.3333333333333333,0.6666666666666666,2746.2450000000003,4786.9,0.2905118322169605,204.30055555555555,1.0,0.3333333333333333,2.0,0.8333333333333334,17.0,0.0,19.166666666666668,9,18.0,2,5,2,2,5,54,55,173,0.0954,0.0,0.2136,0.1548,T1,False,none
f2af5bd7-f90d-48f7-85dd-848c707f99de,3.0,0.3333333333333333,2.0,5406.08,1802.0266666666666,1608.3918970615755,84,1,1.0,3.0,6.0,1.0,1.0,1.0,3.0,1.0,7.0,3.0,1.0,0.3333333333333333,0.3333333333333333,1802.0266666666666,3297.82,0.6100205694329348,74.84527777777778,3.0,0.0,3.0,0.3333333333333333,19.0,3.0,70.0,7,9.0,1,3,3,1,3,69,70,121,0.1362,0.0,0.2722,0.12,T1,False,none
798f131e-62ff-438b-b8dd-56211fee506d,2.0,0.2222222222222222,2.0,4077.09,2038.545,876.1689415004394,45,1,2.0,1.0,4.0,2.0,1.0,0.5,2.0,1.0,6.0,2.0,1.0,0.5,0.2222222222222222,2038.545,2658.09,0.6519576462624077,224.72722222222222,3.0,0.0,2.0,0.5,17.0,3.0,18.5,6,6.0,2,2,2,2,2,41,41,103,0.2271,0.0,0.2014,0.1192,T1,False,none
e63f7bcc-3392-412e-8a41-eb82e1f8e985,3.0,0.3333333333333333,3.0,7542.639999999999,2514.213333333333,607.3480404457835,82,0,1.0,3.0,9.0,1.0,1.0,1.0,3.0,1.0,8.0,3.0,1.0,0.3333333333333333,0.3333333333333333,2514.213333333333,3215.45,0.42630299205583194,139.66416666666666,5.0,0.3333333333333333,1.0,1.0,22.0,2.0,57.0,5,9.0,1,3,1,1,3,40,40,59,0.2957,0.0,0.0649,0.0215,T1,False,none
44a46d3c-a511-482f-8370-cb4487c83c47,4.0,0.4444444444444444,3.0,11530.86,2882.715,1592.613843476608,18,0,2.0,2.0,7.0,2.0,1.0,0.75,2.0,2.0,5.0,2.0,1.0,0.75,0.4444444444444444,2882.715,4706.96,0.4082054590897817,152.81527777777777,5.0,0.25,2.0,0.5,25.0,1.0,37.0,6,12.0,2,2,2,2,2,57,58,167,0.1063,0.0,0.25,0.1704,T1,False,none
6914cbcc-80ad-46d6-a443-6f971c216702,0.0,0.0,0.0,0.0,0.0,0.0,33,1,0.0,0.0,0.0,0.0,0.0,0.0,0.0,0.0,0.0,0.0,0.0,0.0,0.0,0.0,0.0,0.0,0.0,0.0,0.0,0.0,0.0,0.0,0.0,0.0,0,0.0,0,0,0,0,0,0,0,1,0.0,0.0,0.0,0.0,T1,False,none
a7f17ca4-ee86-4a1d-afe9-c75e7d1a0029,2.0,0.2222222222222222,2.0,6588.26,3294.13,1237.9884103657841,42,1,1.0,2.0,6.0,1.0,1.0,1.0,1.0,2.0,4.0,1.0,1.0,1.0,0.2222222222222222,3294.13,4169.52,0.6328711981615783,153.97861111111112,9.0,0.0,2.0,0.5,20.0,1.0,10.0,4,6.0,1,1,2,1,1,45,45,78,0.2521,0.0,0.1237,0.0763,T1,False,none
ee5027dc-00db-4ea6-9ddc-8c8b843aee41,4.0,0.4444444444444444,4.0,13165.2,3291.3,1310.7785330100583,57,1,1.0,4.0,8.0,1.0,1.0,1.0,3.0,1.3333333333333333,5.0,3.0,1.0,0.5,0.4444444444444444,3291.3,4211.92,0.3199282958101662,189.24777777777777,18.0,0.25,2.0,0.75,16.0,0.0,32.25,6,12.0,1,3,2,1,3,41,42,74,0.2714,0.0,0.1287,0.0855,T1,False,none
75ce065c-e2dd-4431-a2b1-f289e37f1701,7.0,0.7777777777777778,5.0,21740.95,3105.85,1712.9992572775195,43,0,2.0,3.5,7.0,2.0,1.0,0.8571428571428571,2.0,3.5,3.0,2.0,1.0,0.8571428571428571,0.7777777777777778,3105.85,4792.35,0.2204296500382918,203.3813888888889,1.0,0.2857142857142857,2.0,0.8571428571428571,29.0,1.0,19.142857142857142,6,21.0,2,2,2,2,2,63,65,103,0.2271,0.0,0.2014,0.1192,T1,False,none
f1fafef2-e609-4ebc-a736-7d089c5b577f,4.0,0.4444444444444444,2.0,8254.34,2063.585,1804.9359351603957,64,0,2.0,2.0,9.0,2.0,1.0,0.75,1.0,4.0,5.0,1.0,1.0,1.0,0.4444444444444444,2063.585,4531.5,0.5489839284546069,25.01972222222222,1.0,0.0,2.0,0.75,19.0,1.0,56.5,5,12.0,2,1,2,2,1,45,45,126,0.1498,0.0,0.1572,0.1186,T1,False,none
b0c81222-8a97-4e18-937d-c08731ad131d,3.0,0.3333333333333333,3.0,8438.99,2812.9966666666664,390.6883004817695,23,1,2.0,1.5,7.0,2.0,1.0,0.6666666666666666,1.0,3.0,8.0,1.0,1.0,1.0,0.3333333333333333,2812.9966666666664,3129.91,0.37088680043464917,168.97916666666666,12.0,0.0,1.0,1.0,17.0,2.0,36.0,4,9.0,2,1,1,2,1,34,34,59,0.3197,0.0,0.1098,0.0978,T1,False,none
9f637869-547c-4a59-96d9-f72b23d13b8b,2.0,0.2222222222222222,2.0,7810.35,3905.175,115.25133426559539,29,0,1.0,2.0,11.0,1.0,1.0,1.0,1.0,2.0,4.0,1.0,1.0,1.0,0.2222222222222222,3905.175,3986.67,0.5104342315005089,22.10333333333333,2.0,0.0,2.0,0.5,18.0,0.0,71.0,4,6.0,1,1,2,1,1,41,42,173,0.0954,0.0,0.2136,0.1548,T1,False,none
57a7c5cf-a06f-465e-af9a-f5408d9b3731,3.0,0.3333333333333333,3.0,8318.83,2772.943333333333,1625.340343599867,35,1,1.0,3.0,8.0,1.0,1.0,1.0,3.0,1.0,4.0,3.0,1.0,0.3333333333333333,0.3333333333333333,2772.943333333333,4316.29,0.5188578201501894,112.31416666666667,15.0,0.3333333333333333,2.0,0.6666666666666666,22.0,0.0,76.66666666666667,6,9.0,1,3,2,1,3,55,55,89,0.2028,0.0,0.1043,0.0515,T1,False,none
e411cc18-bf85-424f-aaf0-8c4cc81a3e91,7.0,0.7777777777777778,5.0,20784.23,2969.175714285714,1770.1432641630747,28,1,3.0,2.3333333333333335,7.0,3.0,1.0,0.7142857142857143,2.0,3.5,7.0,2.0,1.0,0.8571428571428571,0.7777777777777778,2969.175714285714,4504.25,0.21671478808692937,222.76333333333332,6.0,0.14285714285714285,4.0,0.5714285714285714,25.0,3.0,70.57142857142857,9,21.0,3,2,4,3,2,110,112,126,0.1498,0.0,0.1572,0.1186,T1,False,none
d7edf86d-1582-4aa7-90f8-488e31f4741f,6.0,0.6666666666666666,5.0,11664.3,1944.05,1309.2705703711513,17,1,1.0,6.0,10.0,1.0,1.0,1.0,2.0,3.0,6.0,2.0,1.0,0.8333333333333334,0.6666666666666666,1944.05,3545.79,0.30398652298037604,150.2613888888889,0.0,0.3333333333333333,2.0,0.8333333333333334,27.0,3.0,38.833333333333336,5,18.0,1,2,2,1,2,66,67,126,0.1498,0.0,0.1572,0.1186,T1,False,none
ad579fe7-49ae-4044-b5b8-6cd283580a75,2.0,0.2222222222222222,2.0,6028.76,3014.38,1270.5860329784837,46,0,2.0,1.0,10.0,2.0,1.0,0.5,1.0,2.0,5.0,1.0,1.0,1.0,0.2222222222222222,3014.38,3912.82,0.6490256702870906,12.286111111111111,7.0,0.0,2.0,0.5,19.0,1.0,50.5,5,6.0,2,1,2,2,1,51,53,59,0.2957,0.0,0.0649,0.0215,T1,False,none
a195534b-8f21-4e7c-9c7d-d7cab6147e60,3.0,0.3333333333333333,3.0,7495.01,2498.3366666666666,1515.9911463571723,34,0,2.0,1.5,7.0,2.0,1.0,0.6666666666666666,3.0,1.0,6.0,3.0,1.0,0.3333333333333333,0.3333333333333333,2498.3366666666666,3837.67,0.5120300039626364,103.39583333333333,19.0,0.0,2.0,0.6666666666666666,19.0,1.0,85.33333333333333,7,9.0,2,3,2,2,3,51,52,173,0.0954,0.0,0.2136,0.1548,T1,False,none
ef30a248-1fbf-43f7-9108-50c8af2efe34,4.0,0.4444444444444444,4.0,5256.1900000000005,1314.0475000000001,1025.7837948734616,21,0,3.0,1.3333333333333333,9.0,3.0,1.0,0.5,2.0,2.0,6.0,2.0,1.0,0.75,0.4444444444444444,1314.0475000000001,2423.96,0.46116293360780336,212.45444444444445,2.0,0.0,1.0,1.0,13.0,0.0,74.0,6,12.0,3,2,1,3,2,41,42,173,0.0954,0.0,0.2136,0.1548,T1,False,none
f784eba5-3dcd-4c64-86af-d8e841b50fdf,4.0,0.4444444444444444,4.0,14019.1,3504.775,849.121192783064,33,0,1.0,4.0,4.0,1.0,1.0,1.0,1.0,4.0,4.0,1.0,1.0,1.0,0.4444444444444444,3504.775,4217.54,0.3008424221241021,215.81444444444443,1.0,0.0,2.0,0.75,26.0,1.0,36.75,4,12.0,1,1,2,1,1,48,48,74,0.2714,0.0,0.1287,0.0855,T1,False,none
0dbd2e0a-c187-4e81-8ed9-a023af31717e,2.0,0.2222222222222222,2.0,8227.02,4113.51,524.4186731991908,77,1,1.0,2.0,6.0,1.0,1.0,1.0,1.0,2.0,6.0,1.0,1.0,1.0,0.2222222222222222,4113.51,4484.33,0.5450734287749391,20.967222222222222,6.0,0.5,2.0,0.5,24.0,0.0,51.0,4,6.0,1,1,2,1,1,50,52,121,0.1433,0.0,0.2418,0.1111,T1,False,none
0f3cc8ba-ece8-429d-a4b8-dc6ee1dfa11b,0.0,0.0,0.0,0.0,0.0,0.0,18,0,0.0,0.0,0.0,0.0,0.0,0.0,0.0,0.0,0.0,0.0,0.0,0.0,0.0,0.0,0.0,0.0,0.0,0.0,0.0,0.0,0.0,0.0,0.0,0.0,0,0.0,0,0,0,0,0,0,0,1,0.0,0.0,0.0,0.0,T1,False,none
ea3fe771-16c4-495e-95e4-996ea459243c,3.0,0.3333333333333333,3.0,8186.81,2728.936666666667,864.3049179735896,45,1,1.0,3.0,6.0,1.0,1.0,1.0,2.0,1.5,7.0,2.0,1.0,0.6666666666666666,0.3333333333333333,2728.936666666667,3472.65,0.42417620538402623,151.69166666666666,11.0,0.0,2.0,0.6666666666666666,23.0,0.0,33.333333333333336,5,9.0,1,2,2,1,2,55,55,126,0.1498,0.0,0.1572,0.1186,T1,False,none
1b793cb8-1f11-44b0-adfb-1bf65651c472,3.0,0.3333333333333333,2.0,8574.45,2858.15,2083.46679894353,64,0,2.0,1.5,7.0,2.0,1.0,0.6666666666666666,1.0,3.0,2.0,1.0,1.0,1.0,0.3333333333333333,2858.15,4363.32,0.5088746216958522,4.732777777777778,1.0,0.0,1.0,1.0,18.0,1.0,73.0,4,9.0,2,1,1,2,1,29,29,121,0.1362,0.0,0.2722,0.12,T1,False,none
e1c82b40-36c7-4d2e-b903-4bf4995db5ab,6.0,0.6666666666666666,5.0,13093.08,2182.18,1626.7856877904967,67,0,1.0,6.0,8.0,1.0,1.0,1.0,2.0,3.0,5.0,2.0,1.0,0.6666666666666666,0.6666666666666666,2182.18,4323.49,0.330211837092571,189.12694444444443,18.0,0.0,2.0,0.8333333333333334,22.0,2.0,76.33333333333333,5,18.0,1,2,2,1,2,52,53,104,0.1637,0.0,0.1654,0.1067,T1,False,none
d79aedf4-c091-4ae4-8624-824c0541705e,3.0,0.3333333333333333,3.0,5808.75,1936.25,1394.3973469567416,50,0,1.0,3.0,5.0,1.0,1.0,1.0,1.0,3.0,5.0,1.0,1.0,1.0,0.3333333333333333,1936.25,3505.79,0.6035360447600603,160.82472222222222,11.0,0.0,2.0,0.6666666666666666,23.0,1.0,46.0,4,9.0,1,1,2,1,1,48,48,89,0.2028,0.0,0.1043,0.0515,T1,False,none
82a4b785-a6d9-4ff5-ac71-a4e6c8b3789f,5.0,0.5555555555555556,2.0,4841.89,968.378,392.8395898709803,67,1,2.0,2.5,5.0,2.0,1.0,0.6,1.0,5.0,5.0,1.0,1.0,1.0,0.5555555555555556,968.378,1390.99,0.2872824454913267,113.65916666666666,4.0,0.0,3.0,0.4,24.0,3.0,54.0,6,15.0,2,1,3,2,1,68,68,126,0.1498,0.0,0.1572,0.1186,T1,False,none
c5347c2b-8db0-49b6-a070-f5d77b359bc8,1.0,0.1111111111111111,1.0,3804.07,3804.07,0.0,45,0,1.0,1.0,8.0,1.0,1.0,1.0,1.0,1.0,3.0,1.0,1.0,1.0,0.1111111111111111,3804.07,3804.07,1.0,0.0,9.0,0.0,1.0,1.0,15.0,0.0,60.0,3,3.0,1,1,1,1,1,23,23,65,0.3611,0.0,0.0889,0.0707,T1,False,none
089298b6-a004-4ab4-a241-115da529b8e4,6.0,0.6666666666666666,5.0,14777.44,2462.9066666666668,1430.562668626113,46,0,2.0,3.0,3.0,2.0,1.0,0.6666666666666666,2.0,3.0,4.0,2.0,1.0,0.5,0.6666666666666666,2462.9066666666668,4576.78,0.30971399647029524,189.00972222222222,0.0,0.0,4.0,0.5,20.0,2.0,33.333333333333336,8,18.0,2,2,4,2,2,75,75,118,0.1482,0.0,0.2319,0.119,T1,False,none
c2b6f92b-bf2e-48e6-a057-d98acb508ff8,5.0,0.5555555555555556,5.0,18720.22,3744.0440000000003,883.8841213530199,84,1,2.0,2.5,7.0,2.0,1.0,0.8,2.0,2.5,5.0,2.0,1.0,0.8,0.5555555555555556,3744.0440000000003,4643.45,0.24804462768065758,149.50611111111112,5.0,0.2,2.0,0.8,21.0,3.0,75.8,6,15.0,2,2,2,2,2,55,55,121,0.1362,0.0,0.2722,0.12,T1,False,none
ca7b200a-6fd3-4b91-97a7-c84b05550b41,2.0,0.2222222222222222,2.0,1374.38,687.19,577.2678340250737,84,1,2.0,1.0,10.0,2.0,1.0,0.5,1.0,2.0,5.0,1.0,1.0,1.0,0.2222222222222222,687.19,1095.38,0.7969993742633042,34.870555555555555,1.0,0.5,2.0,0.5,21.0,0.0,46.5,5,6.0,2,1,2,2,1,58,58,167,0.1063,0.0,0.25,0.1704,T1,False,none
b274a31d-8c47-4850-8cbe-1b0812694f17,3.0,0.3333333333333333,3.0,6206.46,2068.82,1227.130264356641,76,1,2.0,1.5,9.0,2.0,1.0,0.6666666666666666,2.0,1.5,4.0,1.0,0.5,0.6666666666666666,0.3333333333333333,2068.82,3102.15,0.49982598776113923,141.5438888888889,8.0,0.0,1.0,1.0,14.0,1.0,28.0,5,9.0,2,2,1,2,1,27,28,167,0.1063,0.0,0.25,0.1704,T1,False,none
5cf5a560-198f-4fd1-9cf2-ceb73c4841f7,1.0,0.1111111111111111,1.0,2971.9,2971.9,0.0,27,1,1.0,1.0,5.0,1.0,1.0,1.0,1.0,1.0,5.0,1.0,1.0,1.0,0.1111111111111111,2971.9,2971.9,1.0,0.0,10.0,0.0,1.0,1.0,29.0,2.0,14.0,3,3.0,1,1,1,1,1,36,36,64,0.3686,0.0,0.1444,0.0659,T1,False,none
aa875b83-f98c-4a1d-ae1d-429f4d55d7ed,5.0,0.5555555555555556,5.0,17082.05,3416.41,1611.7924270203034,75,1,2.0,2.5,12.0,2.0,1.0,0.8,2.0,2.5,6.0,2.0,1.0,0.8,0.5555555555555556,3416.41,4667.09,0.2732160367169046,147.38333333333333,2.0,0.4,1.0,1.0,19.0,3.0,79.0,5,15.0,2,2,1,2,2,42,42,57,0.2807,0.0,0.0921,0.0244,T1,False,none
ef007bf3-726c-4cc4-943d-10ebd73728e4,2.0,0.2222222222222222,2.0,2975.33,1487.665,745.9622988127485,17,1,2.0,1.0,6.0,2.0,1.0,0.5,2.0,1.0,6.0,2.0,1.0,0.5,0.2222222222222222,1487.665,2015.14,0.6772828560193324,30.756666666666668,0.0,0.0,1.0,1.0,19.0,1.0,79.0,5,6.0,2,2,1,2,2,34,34,173,0.0954,0.0,0.2136,0.1548,T1,False,none
0f344377-73a9-438c-ab1c-f8434252a7a9,1.0,0.1111111111111111,1.0,4830.02,4830.02,0.0,78,0,1.0,1.0,14.0,1.0,1.0,1.0,1.0,1.0,6.0,1.0,1.0,1.0,0.1111111111111111,4830.02,4830.02,1.0,0.0,2.0,0.0,1.0,1.0,23.0,0.0,39.0,3,3.0,1,1,1,1,1,40,40,59,0.3197,0.0,0.1098,0.0978,T1,False,none
12e28308-0192-4118-b552-bd3ca5199b5a,1.0,0.1111111111111111,1.0,3144.98,3144.98,0.0,83,1,1.0,1.0,8.0,1.0,1.0,1.0,1.0,1.0,4.0,1.0,1.0,1.0,0.1111111111111111,3144.98,3144.98,1.0,0.0,12.0,0.0,1.0,1.0,25.0,0.0,70.0,3,3.0,1,1,1,1,1,34,34,103,0.2271,0.0,0.2014,0.1192,T1,False,none
1db9144c-66fe-4469-9fdf-211dd44304ff,2.0,0.2222222222222222,2.0,4969.12,2484.56,697.4618446911628,12,0,1.0,2.0,4.0,1.0,1.0,1.0,1.0,2.0,2.0,1.0,1.0,1.0,0.2222222222222222,2484.56,2977.74,0.5992489615867598,69.33361111111111,4.0,0.5,1.0,1.0,21.0,3.0,87.0,3,6.0,1,1,1,1,1,24,24,59,0.2957,0.0,0.0649,0.0215,T1,False,none
d4ff7f0d-3342-4dd7-87f1-ec09459ec3a4,4.0,0.4444444444444444,3.0,7736.3,1934.075,2291.5477688016895,73,1,2.0,2.0,7.0,2.0,1.0,0.75,2.0,2.0,6.0,2.0,1.0,0.5,0.4444444444444444,1934.075,4705.81,0.6082765663172318,67.48222222222222,10.0,0.5,1.0,1.0,20.0,3.0,11.0,5,12.0,2,2,1,2,2,37,37,121,0.1362,0.0,0.2722,0.12,T1,False,none
b6275d4c-f51d-4468-b7bf-0d1756837bf3,2.0,0.2222222222222222,2.0,8506.47,4253.235,384.85700779640234,71,0,1.0,2.0,10.0,1.0,1.0,1.0,1.0,2.0,4.0,1.0,1.0,1.0,0.2222222222222222,4253.235,4525.37,0.5319915311521701,76.72444444444444,4.0,0.0,2.0,0.5,26.0,0.0,53.0,4,6.0,1,1,2,1,1,54,54,121,0.1433,0.0,0.2418,0.1111,T1,False,none
75e015f9-ee48-44a3-b919-1d9d2146e831,6.0,0.6666666666666666,4.0,14432.460000000001,2405.4100000000003,1585.6355766064282,39,0,1.0,6.0,6.0,1.0,1.0,1.0,1.0,6.0,3.0,1.0,1.0,1.0,0.6666666666666666,2405.4100000000003,4519.29,0.3131337277220931,71.17361111111111,0.0,0.0,4.0,0.3333333333333333,26.0,1.0,66.0,6,18.0,1,1,4,1,1,94,94,126,0.1498,0.0,0.1572,0.1186,T1,False,none
e625f45b-9aae-4ee7-867b-bf8a41b71df4,4.0,0.4444444444444444,3.0,8291.18,2072.795,1341.8314502822875,62,0,1.0,4.0,3.0,1.0,1.0,1.0,3.0,1.3333333333333333,5.0,3.0,1.0,0.5,0.4444444444444444,2072.795,3725.69,0.44935582148741193,178.42055555555555,0.0,0.0,1.0,1.0,19.0,2.0,73.0,5,12.0,1,3,1,1,3,29,29,59,0.2957,0.0,0.0649,0.0215,T1,False,none
eedca5f8-ed60-4ddb-99b5-ec577fdc5adf,2.0,0.2222222222222222,2.0,4446.61,2223.305,1886.8083795791242,62,1,1.0,2.0,7.0,1.0,1.0,1.0,1.0,2.0,3.0,1.0,1.0,1.0,0.2222222222222222,2223.305,3557.48,0.8000431789610513,213.1288888888889,12.0,0.0,2.0,0.5,24.0,0.0,45.0,4,6.0,1,1,2,1,1,49,49,59,0.2957,0.0,0.0649,0.0215,T1,False,none
e7393a3b-9c03-4f3c-9444-0135a75f8da9,1.0,0.1111111111111111,1.0,2546.66,2546.66,0.0,45,1,1.0,1.0,8.0,1.0,1.0,1.0,1.0,1.0,6.0,1.0,1.0,1.0,0.1111111111111111,2546.66,2546.66,1.0,0.0,10.0,0.0,1.0,1.0,14.0,2.0,5.0,3,3.0,1,1,1,1,1,25,25,167,0.1063,0.0,0.25,0.1704,T1,False,none
5d1d4408-cfbc-4512-ad18-c043ceab4b86,2.0,0.2222222222222222,2.0,4929.23,2464.615,2199.264724049836,78,1,2.0,1.0,11.0,2.0,1.0,0.5,1.0,2.0,4.0,1.0,1.0,1.0,0.2222222222222222,2464.615,4019.73,0.8154884231411398,33.32833333333333,10.0,0.0,1.0,1.0,22.0,0.0,81.0,4,6.0,2,1,1,2,1,40,40,104,0.1637,0.0,0.1654,0.1067,T1,False,none
016c7e5a-d486-4a08-832d-2830ffd16f94,4.0,0.4444444444444444,3.0,10727.88,2681.97,1803.0564571489897,12,1,1.0,4.0,6.0,1.0,1.0,1.0,1.0,4.0,4.0,1.0,1.0,1.0,0.4444444444444444,2681.97,4422.83,0.41227437294227753,99.08111111111111,1.0,0.25,3.0,0.5,23.0,0.0,44.0,5,12.0,1,1,3,1,1,62,62,89,0.2028,0.0,0.1043,0.0515,T1,False,none
e0891fe2-9194-474a-ba15-381bce0c2242,3.0,0.3333333333333333,3.0,6772.04,2257.346666666667,1825.3872852173954,37,0,2.0,1.5,7.0,2.0,1.0,0.6666666666666666,2.0,1.5,6.0,2.0,1.0,0.6666666666666666,0.3333333333333333,2257.346666666667,4336.37,0.6403343748707923,149.90805555555556,2.0,0.3333333333333333,2.0,0.6666666666666666,25.0,1.0,38.0,6,9.0,2,2,2,2,2,64,64,104,0.1637,0.0,0.1654,0.1067,T1,False,none
a1e0361e-f81a-4925-8dcd-3cd326e4b513,4.0,0.4444444444444444,3.0,10049.34,2512.335,1675.4789191651043,64,1,2.0,2.0,10.0,2.0,1.0,0.75,2.0,2.0,6.0,2.0,1.0,0.75,0.4444444444444444,2512.335,3976.95,0.3957424069640394,186.21083333333334,21.0,0.0,3.0,0.5,20.0,0.0,21.0,7,12.0,2,2,3,2,2,63,68,126,0.1498,0.0,0.1572,0.1186,T1,False,none
ddd3fce6-f5e4-4ea7-a347-84a4c2d264f1,3.0,0.3333333333333333,3.0,6296.129999999999,2098.7099999999996,824.7004487084992,14,1,2.0,1.5,7.0,2.0,1.0,0.6666666666666666,1.0,3.0,4.0,1.0,1.0,1.0,0.3333333333333333,2098.7099999999996,2612.72,0.4149723719173524,155.54333333333332,1.0,0.0,2.0,0.6666666666666666,21.0,2.0,60.0,5,9.0,2,1,2,2,1,48,48,118,0.1482,0.0,0.2319,0.119,T1,False,none
291eda8b-23b8-408a-9e73-19fe9d0ccc98,2.0,0.2222222222222222,2.0,4898.27,2449.135,3240.380464397661,10,1,2.0,1.0,4.0,2.0,1.0,0.5,2.0,1.0,6.0,2.0,1.0,0.5,0.2222222222222222,2449.135,4740.43,0.9677763781906673,57.47277777777778,5.0,0.5,2.0,0.5,22.0,0.0,39.0,6,6.0,2,2,2,2,2,46,46,173,0.0954,0.0,0.2136,0.1548,T1,False,none
43e20d2c-4143-4b59-8756-440cb092499a,2.0,0.2222222222222222,1.0,4979.61,2489.805,3208.518232837395,26,0,1.0,2.0,4.0,1.0,1.0,1.0,1.0,2.0,3.0,1.0,1.0,1.0,0.2222222222222222,2489.805,4758.57,0.955610981582895,5.767222222222222,7.0,0.0,2.0,0.5,24.0,1.0,51.0,4,6.0,1,1,2,1,1,45,45,64,0.3686,0.0,0.1444,0.0659,T1,False,none
b6693801-e439-44c2-8541-9e83ec2bae41,3.0,0.3333333333333333,2.0,1751.9,583.9666666666667,556.149134165768,66,1,1.0,3.0,4.0,1.0,1.0,1.0,1.0,3.0,1.0,0.0,0.0,1.0,0.3333333333333333,583.9666666666667,1217.41,0.6949083851818026,22.566944444444445,11.0,0.0,2.0,0.6666666666666666,25.0,2.0,53.666666666666664,4,9.0,1,1,2,1,0,39,39,103,0.2271,0.0,0.2014,0.1192,T1,False,none
9df2ff4f-4b2a-4c79-894d-90c832b57617,2.0,0.2222222222222222,2.0,6342.2,3171.1,815.6476720986826,62,1,1.0,2.0,7.0,1.0,1.0,1.0,1.0,2.0,5.0,1.0,1.0,1.0,0.2222222222222222,3171.1,3747.85,0.5909384756078332,36.19694444444445,5.0,0.0,1.0,1.0,26.0,3.0,25.0,3,6.0,1,1,1,1,1,35,35,121,0.1433,0.0,0.2418,0.1111,T1,False,none
15ced575-7a88-4d37-92e0-9694f42fe822,3.0,0.3333333333333333,3.0,7983.0599999999995,2661.02,1105.3924944109217,29,1,2.0,1.5,8.0,2.0,1.0,0.6666666666666666,2.0,1.5,4.0,2.0,1.0,0.6666666666666666,0.3333333333333333,2661.02,3728.29,0.4670251758097772,106.775,9.0,0.3333333333333333,2.0,0.6666666666666666,17.0,0.0,38.0,6,9.0,2,2,2,2,2,51,51,173,0.0954,0.0,0.2136,0.1548,T1,False,none
a476afbe-4170-463c-8535-bd14ac412493,0.0,0.0,0.0,0.0,0.0,0.0,36,1,0.0,0.0,0.0,0.0,0.0,0.0,0.0,0.0,0.0,0.0,0.0,0.0,0.0,0.0,0.0,0.0,0.0,0.0,0.0,0.0,0.0,0.0,0.0,0.0,0,0.0,0,0,0,0,0,0,0,1,0.0,0.0,0.0,0.0,T1,False,none
ab56c44b-ac74-44cb-8cab-353ffc2e9f56,5.0,0.5555555555555556,5.0,11557.75,2311.55,1867.2964501251536,38,1,2.0,2.5,7.0,2.0,1.0,0.8,3.0,1.6666666666666667,6.0,3.0,1.0,0.6,0.5555555555555556,2311.55,4834.88,0.41832363565572883,233.07888888888888,2.0,0.4,2.0,0.6,22.0,0.0,10.8,7,15.0,2,3,2,2,3,55,56,167,0.1063,0.0,0.25,0.1704,T1,False,none
baf76b60-fe6a-461a-b3b5-5e7bc7010f64,6.0,0.6666666666666666,5.0,15255.730000000001,2542.621666666667,1716.4005609113124,66,1,4.0,1.5,10.0,4.0,1.0,0.5,4.0,1.5,7.0,4.0,1.0,0.3333333333333333,0.6666666666666666,2542.621666666667,4619.93,0.3028324439407357,200.47055555555556,7.0,0.3333333333333333,3.0,0.5,30.0,0.0,65.66666666666667,11,18.0,4,4,3,4,4,106,108,121,0.1362,0.0,0.2722,0.12,T1,False,none
f4a820b4-d7ad-4712-a484-19f65f0d9d17,3.0,0.3333333333333333,3.0,6195.22,2065.0733333333333,1962.060688927163,38,1,1.0,3.0,6.0,1.0,1.0,1.0,2.0,1.5,5.0,2.0,1.0,0.6666666666666666,0.3333333333333333,2065.0733333333333,4175.67,0.6740148049625356,38.48722222222222,6.0,0.3333333333333333,1.0,1.0,26.0,1.0,35.0,4,9.0,1,2,1,1,2,38,38,74,0.2714,0.0,0.1287,0.0855,T1,False,none
ea5f11ac-7eaf-4ff4-914e-c387b3d12b49,5.0,0.5555555555555556,5.0,10084.529999999999,2016.9059999999997,883.3628836893703,30,0,1.0,5.0,3.0,1.0,1.0,1.0,2.0,2.5,6.0,2.0,1.0,0.6,0.5555555555555556,2016.9059999999997,2938.69,0.29140574721875984,127.045,1.0,0.2,3.0,0.6,24.0,3.0,20.6,6,15.0,1,2,3,1,2,69,70,126,0.1498,0.0,0.1572,0.1186,T1,False,none
af724427-31e0-471a-9409-5945bc518397,1.0,0.1111111111111111,1.0,3419.25,3419.25,0.0,38,0,1.0,1.0,10.0,1.0,1.0,1.0,1.0,1.0,3.0,1.0,1.0,1.0,0.1111111111111111,3419.25,3419.25,1.0,0.0,5.0,0.0,1.0,1.0,20.0,2.0,14.0,3,3.0,1,1,1,1,1,30,30,118,0.1482,0.0,0.2319,0.119,T1,False,none
3cb255f6-c52d-4c71-9755-c44055155e37,1.0,0.1111111111111111,1.0,2029.55,2029.55,0.0,76,1,1.0,1.0,6.0,1.0,1.0,1.0,1.0,1.0,6.0,1.0,1.0,1.0,0.1111111111111111,2029.55,2029.55,1.0,0.0,17.0,0.0,1.0,1.0,18.0,1.0,8.0,3,3.0,1,1,1,1,1,27,27,167,0.1063,0.0,0.25,0.1704,T1,False,none
5aeb2b9e-4759-4b4f-a836-30bc68751073,4.0,0.4444444444444444,3.0,13117.3,3279.325,994.380655500364,46,0,2.0,2.0,6.0,2.0,1.0,0.75,2.0,2.0,7.0,2.0,1.0,0.75,0.4444444444444444,3279.325,4556.51,0.3473664549869257,165.39027777777778,12.0,0.0,3.0,0.5,26.0,3.0,69.5,7,12.0,2,2,3,2,2,81,82,74,0.2714,0.0,0.1287,0.0855,T1,False,none
27fdb75a-f373-4061-8cad-3fa34b40646b,3.0,0.3333333333333333,2.0,6597.200000000001,2199.066666666667,1027.0123719475503,84,1,1.0,3.0,11.0,1.0,1.0,1.0,2.0,1.5,4.0,2.0,1.0,0.6666666666666666,0.3333333333333333,2199.066666666667,3136.26,0.4753925907960953,185.435,2.0,0.0,2.0,0.6666666666666666,20.0,0.0,2.3333333333333335,5,9.0,1,2,2,1,2,51,51,78,0.2521,0.0,0.1237,0.0763,T1,False,none
5bf04159-dc37-4a88-aca9-bb7174d77467,2.0,0.2222222222222222,2.0,4399.35,2199.675,1474.0277249936646,73,0,1.0,2.0,4.0,1.0,1.0,1.0,2.0,1.0,7.0,1.0,0.5,0.5,0.2222222222222222,2199.675,3241.97,0.7369202268516939,111.82388888888889,4.0,0.0,1.0,1.0,21.0,1.0,67.0,4,6.0,1,2,1,1,1,29,29,89,0.2028,0.0,0.1043,0.0515,T1,False,none
b4ad7126-ae94-405c-99e2-15217d3948dd,6.0,0.6666666666666666,3.0,20370.16,3395.0266666666666,1671.1380349290919,49,1,2.0,3.0,8.0,2.0,1.0,0.6666666666666666,2.0,3.0,2.0,1.0,0.5,0.8333333333333334,0.6666666666666666,3395.0266666666666,4787.05,0.23500306330436285,104.15444444444445,14.0,0.0,1.0,1.0,19.0,2.0,50.0,5,18.0,2,2,1,2,1,30,30,121,0.1433,0.0,0.2418,0.1111,T1,False,none
1bc9c258-46b9-44fb-8355-afeaeafbe496,3.0,0.3333333333333333,3.0,5623.08,1874.36,573.2794926560689,56,1,2.0,1.5,15.0,2.0,1.0,0.6666666666666666,2.0,1.5,8.0,2.0,1.0,0.6666666666666666,0.3333333333333333,1874.36,2369.7,0.4214238460061034,183.24083333333334,13.0,0.0,2.0,0.6666666666666666,20.0,2.0,51.333333333333336,6,9.0,2,2,2,2,2,65,66,89,0.2028,0.0,0.1043,0.0515,T1,False,none
96c45048-74be-48c3-9b67-d4eae7aaad77,2.0,0.2222222222222222,2.0,6653.82,3326.91,1702.3454335709891,14,1,2.0,1.0,10.0,2.0,1.0,0.5,2.0,1.0,3.0,2.0,1.0,0.5,0.2222222222222222,3326.91,4530.65,0.6809096128239116,26.869722222222222,19.0,0.0,2.0,0.5,20.0,1.0,75.5,6,6.0,2,2,2,2,2,53,53,173,0.0954,0.0,0.2136,0.1548,T1,False,none
71b7a633-9763-4e18-9007-d7a1fc2b02f1,4.0,0.4444444444444444,3.0,11675.86,2918.965,1524.4671245717304,72,1,2.0,2.0,9.0,2.0,1.0,0.75,2.0,2.0,7.0,2.0,1.0,0.75,0.4444444444444444,2918.965,4837.47,0.4143138064348151,124.07805555555555,11.0,0.5,1.0,1.0,15.0,3.0,45.0,5,12.0,2,2,1,2,2,35,35,86,0.1967,0.0,0.161,0.0515,T1,False,none
a573539e-cc34-4061-865a-e5342522473f,4.0,0.4444444444444444,3.0,8896.23,2224.0575,963.3844399260696,31,0,1.0,4.0,11.0,1.0,1.0,1.0,2.0,2.0,5.0,2.0,1.0,0.75,0.4444444444444444,2224.0575,3123.47,0.35110040994893343,106.89194444444445,9.0,0.0,3.0,0.5,23.0,1.0,44.75,6,12.0,1,2,3,1,2,66,67,59,0.3197,0.0,0.1098,0.0978,T1,False,none
3abb7ea4-4cf9-4272-82fb-bd30524d24c0,5.0,0.5555555555555556,4.0,13163.82,2632.764,1657.517499207776,70,1,2.0,2.5,5.0,2.0,1.0,0.8,2.0,2.5,6.0,2.0,1.0,0.8,0.5555555555555556,2632.764,4633.41,0.35198065607095813,138.73055555555555,19.0,0.2,2.0,0.6,23.0,1.0,56.8,6,15.0,2,2,2,2,2,56,57,66,0.3865,0.0,0.1807,0.0805,T1,False,none
62806f38-28de-42e4-8e3b-28f7fa60371c,4.0,0.4444444444444444,3.0,8242.89,2060.7225,1153.6195183674438,78,0,1.0,4.0,5.0,1.0,1.0,1.0,2.0,2.0,6.0,2.0,1.0,0.75,0.4444444444444444,2060.7225,3096.67,0.3756777052708456,123.17916666666666,4.0,0.0,1.0,1.0,18.0,1.0,65.0,4,12.0,1,2,1,1,2,30,30,173,0.0954,0.0,0.2136,0.1548,T1,False,none
2e8ad0ca-98c0-42c9-a3a0-d328b4e94d0d,2.0,0.2222222222222222,2.0,6548.63,3274.315,199.28390414180464,62,0,2.0,1.0,9.0,2.0,1.0,0.5,2.0,1.0,5.0,2.0,1.0,0.5,0.2222222222222222,3274.315,3415.23,0.5215182412199193,75.74305555555556,1.0,0.5,2.0,0.5,21.0,0.0,69.5,6,6.0,2,2,2,2,2,55,56,143,0.1277,0.0,0.241,0.0927,T1,False,none
525b9638-fa6b-49b8-9e92-50b84d61f99c,3.0,0.3333333333333333,3.0,6664.96,2221.653333333333,1576.2133883562,37,1,2.0,1.5,9.0,2.0,1.0,0.6666666666666666,3.0,1.0,2.0,2.0,0.6666666666666666,0.3333333333333333,0.3333333333333333,2221.653333333333,3711.23,0.5568270477242174,105.40527777777778,0.0,0.0,2.0,0.6666666666666666,20.0,1.0,77.33333333333333,7,9.0,2,3,2,2,2,45,46,173,0.0954,0.0,0.2136,0.1548,T1,False,none
1688463e-82eb-46e3-9da0-589d11d5a833,4.0,0.4444444444444444,3.0,12862.26,3215.565,1111.1623899472722,41,0,1.0,4.0,6.0,1.0,1.0,1.0,2.0,2.0,6.0,2.0,1.0,0.75,0.4444444444444444,3215.565,4705.85,0.3658649413089146,186.67472222222221,22.0,0.0,2.0,0.75,21.0,0.0,33.0,5,12.0,1,2,2,1,2,45,45,50,0.3086,0.0,0.0411,0.037,T1,False,none
bf0cd420-afbc-4811-8feb-68b7a62ea97b,2.0,0.2222222222222222,2.0,4616.46,2308.23,1326.0514888947562,28,1,1.0,2.0,7.0,1.0,1.0,1.0,2.0,1.0,7.0,2.0,1.0,0.5,0.2222222222222222,2308.23,3245.89,0.7031123414910992,77.07583333333334,14.0,0.5,1.0,1.0,18.0,2.0,58.0,4,6.0,1,2,1,1,2,33,33,103,0.2271,0.0,0.2014,0.1192,T1,False,none
7e3e4da0-2734-4495-9736-3d7be8952d53,3.0,0.3333333333333333,3.0,10659.61,3553.2033333333334,1513.0874935156041,89,0,2.0,1.5,11.0,2.0,1.0,0.6666666666666666,1.0,3.0,5.0,1.0,1.0,1.0,0.3333333333333333,3553.2033333333334,4948.64,0.46424212518094005,136.28972222222222,7.0,0.3333333333333333,2.0,0.6666666666666666,23.0,2.0,71.0,5,9.0,2,1,2,2,1,58,58,86,0.1967,0.0,0.161,0.0515,T1,False,none
2c823280-dda9-412e-8862-2998082c0b8d,7.0,0.7777777777777778,4.0,21642.71,3091.815714285714,1445.9496843580823,75,1,2.0,3.5,10.0,2.0,1.0,0.8571428571428571,3.0,2.3333333333333335,5.0,3.0,1.0,0.5714285714285714,0.7777777777777778,3091.815714285714,4418.86,0.20417313728271552,122.31944444444444,4.0,0.14285714285714285,2.0,0.8571428571428571,23.0,0.0,25.285714285714285,7,21.0,2,3,2,2,3,60,61,173,0.0954,0.0,0.2136,0.1548,T1,False,none
da7e7cda-7e28-48aa-a337-cd13ca538931,5.0,0.5555555555555556,4.0,11836.35,2367.27,1441.6674921943686,50,0,2.0,2.5,11.0,2.0,1.0,0.6,2.0,2.5,5.0,2.0,1.0,0.6,0.5555555555555556,2367.27,3977.86,0.3360715085309238,79.7975,2.0,0.2,2.0,0.6,23.0,3.0,24.8,6,15.0,2,2,2,2,2,64,65,66,0.3865,0.0,0.1807,0.0805,T1,False,none
35c05c8b-9ec0-473b-8d9c-814b3988567b,1.0,0.1111111111111111,1.0,3360.39,3360.39,0.0,48,0,1.0,1.0,6.0,1.0,1.0,1.0,1.0,1.0,6.0,1.0,1.0,1.0,0.1111111111111111,3360.39,3360.39,1.0,0.0,2.0,0.0,1.0,1.0,21.0,1.0,8.0,3,3.0,1,1,1,1,1,30,30,86,0.1967,0.0,0.161,0.0515,T1,False,none
c89ccb11-a1d2-4ebc-a4b6-8233cf1095a8,2.0,0.2222222222222222,2.0,3742.38,1871.19,1393.283201649973,13,1,2.0,1.0,9.0,2.0,1.0,0.5,1.0,2.0,2.0,1.0,1.0,1.0,0.2222222222222222,1871.19,2856.39,0.7632549340259407,123.59444444444445,15.0,0.5,2.0,0.5,20.0,2.0,61.5,5,6.0,2,1,2,2,1,52,52,118,0.1482,0.0,0.2319,0.119,T1,False,none
9ff919b0-016b-47da-bf55-75a0e470908b,3.0,0.3333333333333333,3.0,3127.1400000000003,1042.38,847.442615933374,21,0,2.0,1.5,8.0,2.0,1.0,0.6666666666666666,2.0,1.5,7.0,2.0,1.0,0.6666666666666666,0.3333333333333333,1042.38,1617.49,0.5172425922728116,182.90777777777777,1.0,0.3333333333333333,1.0,1.0,17.0,1.0,35.0,5,9.0,2,2,1,2,2,34,34,104,0.1637,0.0,0.1654,0.1067,T1,False,none
385c0b6a-e571-4b6c-adf6-66714d7df2b9,2.0,0.2222222222222222,2.0,2093.4300000000003,1046.7150000000001,761.1085260657643,36,0,2.0,1.0,11.0,2.0,1.0,0.5,1.0,2.0,5.0,1.0,1.0,1.0,0.2222222222222222,1046.7150000000001,1584.9,0.7570828735615711,30.965,8.0,0.0,1.0,1.0,18.0,1.0,4.0,4,6.0,2,1,1,2,1,39,39,89,0.2028,0.0,0.1043,0.0515,T1,False,none
78e1404b-1b5c-4019-a96d-e76d3cd279e5,5.0,0.5555555555555556,5.0,18568.98,3713.796,1292.812714986204,20,1,1.0,5.0,12.0,1.0,1.0,1.0,3.0,1.6666666666666667,8.0,3.0,1.0,0.6,0.5555555555555556,3713.796,4852.59,0.26132776275271985,188.78916666666666,6.0,0.2,2.0,0.6,19.0,3.0,60.2,6,15.0,1,3,2,1,3,62,62,86,0.1967,0.0,0.161,0.0515,T1,False,none
2ee6eb8a-51e2-4a91-bbd0-d98638f9b19e,3.0,0.3333333333333333,3.0,8390.49,2796.83,1855.6074703180086,13,1,1.0,3.0,4.0,1.0,1.0,1.0,2.0,1.5,5.0,2.0,1.0,0.6666666666666666,0.3333333333333333,2796.83,4221.36,0.5031124523120819,119.305,3.0,0.3333333333333333,3.0,0.3333333333333333,25.0,2.0,26.666666666666668,6,9.0,1,2,3,1,2,73,73,118,0.1482,0.0,0.2319,0.119,T1,False,none
5c4e3176-5dfa-4643-8f33-cde234a0d5cc,3.0,0.3333333333333333,3.0,7326.25,2442.0833333333335,1823.6961889890908,62,1,2.0,1.5,11.0,2.0,1.0,0.6666666666666666,2.0,1.5,4.0,2.0,1.0,0.6666666666666666,0.3333333333333333,2442.0833333333335,4478.05,0.6112335778877325,61.640277777777776,4.0,0.3333333333333333,3.0,0.3333333333333333,21.0,0.0,45.0,7,9.0,2,2,3,2,2,79,80,118,0.1482,0.0,0.2319,0.119,T1,False,none
8656c2a5-4586-43b4-ba44-6c25051182e4,4.0,0.4444444444444444,3.0,9191.84,2297.96,1922.141003117791,73,1,1.0,4.0,9.0,1.0,1.0,1.0,1.0,4.0,4.0,1.0,1.0,1.0,0.4444444444444444,2297.96,4431.97,0.4821635276506119,109.94972222222222,7.0,0.5,2.0,0.75,18.0,1.0,32.5,4,12.0,1,1,2,1,1,41,41,118,0.1482,0.0,0.2319,0.119,T1,False,none
2656dc7d-28c2-4086-abc4-d4897ac0e3f1,5.0,0.5555555555555556,3.0,15887.97,3177.594,1173.0497034354514,68,0,3.0,1.6666666666666667,10.0,3.0,1.0,0.6,3.0,1.6666666666666667,6.0,3.0,1.0,0.6,0.5555555555555556,3177.594,4145.55,0.26092383104952993,188.36527777777778,1.0,0.0,2.0,0.6,18.0,3.0,24.0,8,15.0,3,3,2,3,3,56,56,86,0.1967,0.0,0.161,0.0515,T1,False,none
10e9ef52-4d2a-437d-8b17-7ae5f3293a9c,3.0,0.3333333333333333,3.0,13166.78,4388.926666666667,223.65081183249367,56,1,1.0,3.0,8.0,1.0,1.0,1.0,2.0,1.5,5.0,2.0,1.0,0.6666666666666666,0.3333333333333333,4388.926666666667,4630.72,0.3516972258972961,119.94416666666666,19.0,0.3333333333333333,1.0,1.0,26.0,1.0,78.0,4,9.0,1,2,1,1,2,39,39,78,0.2521,0.0,0.1237,0.0763,T1,False,none
ad5b7623-edda-404f-b42e-f85390c558c0,3.0,0.3333333333333333,3.0,6579.22,2193.0733333333333,548.2562295435714,38,1,1.0,3.0,8.0,1.0,1.0,1.0,1.0,3.0,3.0,1.0,1.0,1.0,0.3333333333333333,2193.0733333333333,2623.79,0.39879955374649273,198.6952777777778,2.0,0.0,2.0,0.6666666666666666,22.0,1.0,27.666666666666668,4,9.0,1,1,2,1,1,51,51,57,0.2807,0.0,0.0921,0.0244,T1,False,none
c397a0dd-a2a2-4051-bb0f-6090e31faba3,3.0,0.3333333333333333,2.0,10750.77,3583.59,929.9075312631895,22,1,1.0,3.0,8.0,1.0,1.0,1.0,2.0,1.5,3.0,2.0,1.0,0.6666666666666666,0.3333333333333333,3583.59,4137.16,0.38482452884770113,145.31222222222223,8.0,0.0,3.0,0.3333333333333333,25.0,0.0,54.0,6,9.0,1,2,3,1,2,66,67,118,0.1482,0.0,0.2319,0.119,T1,False,none
4b50b73d-0254-4f87-b2fb-c9c1ad62d6a2,2.0,0.2222222222222222,2.0,7786.93,3893.465,1099.9682377459815,37,1,1.0,2.0,7.0,1.0,1.0,1.0,1.0,2.0,3.0,1.0,1.0,1.0,0.2222222222222222,3893.465,4671.26,0.5998846785575317,81.62861111111111,7.0,0.0,2.0,0.5,25.0,1.0,37.0,4,6.0,1,1,2,1,1,54,54,59,0.3197,0.0,0.1098,0.0978,T1,False,none
d381ca77-e76f-48a5-9c6d-8ddc6c841229,3.0,0.3333333333333333,2.0,3083.56,1027.8533333333332,199.0037329633123,78,0,1.0,3.0,6.0,1.0,1.0,1.0,1.0,3.0,7.0,1.0,1.0,1.0,0.3333333333333333,1027.8533333333332,1257.22,0.40771705431384503,86.46638888888889,2.0,0.0,1.0,1.0,14.0,2.0,5.0,3,9.0,1,1,1,1,1,24,24,167,0.1063,0.0,0.25,0.1704,T1,False,none
abed2258-bf7d-48b0-8103-918c240ec463,1.0,0.1111111111111111,1.0,2680.15,2680.15,0.0,88,0,1.0,1.0,13.0,1.0,1.0,1.0,1.0,1.0,9.0,1.0,1.0,1.0,0.1111111111111111,2680.15,2680.15,1.0,0.0,2.0,0.0,1.0,1.0,17.0,1.0,35.0,3,3.0,1,1,1,1,1,36,36,104,0.1637,0.0,0.1654,0.1067,T1,False,none
37709c97-683b-4b05-afa7-ac2b4894ce8f,5.0,0.5555555555555556,4.0,10881.2,2176.2400000000002,1785.4684984199525,62,0,1.0,5.0,12.0,1.0,1.0,1.0,3.0,1.6666666666666667,7.0,3.0,1.0,0.6,0.5555555555555556,2176.2400000000002,4642.97,0.42669650406205195,102.91972222222222,7.0,0.2,4.0,0.4,21.0,0.0,60.4,8,15.0,1,3,4,1,3,92,94,167,0.1063,0.0,0.25,0.1704,T1,False,none
17c6ccff-a645-4168-bfbd-552c7dadc4a0,4.0,0.4444444444444444,4.0,13511.59,3377.8975,1796.4971240792456,86,1,3.0,1.3333333333333333,10.0,3.0,1.0,0.5,1.0,4.0,5.0,1.0,1.0,1.0,0.4444444444444444,3377.8975,4942.57,0.36580224829202185,105.23777777777778,3.0,0.25,1.0,1.0,17.0,1.0,50.0,5,12.0,3,1,1,3,1,41,43,126,0.1498,0.0,0.1572,0.1186,T1,False,none
921f5b91-f12e-4df2-a385-4273d2387ca0,4.0,0.4444444444444444,4.0,11674.11,2918.5275,1670.898626595382,68,0,1.0,4.0,4.0,1.0,1.0,1.0,1.0,4.0,2.0,1.0,1.0,1.0,0.4444444444444444,2918.5275,4730.6,0.4052214687029675,149.09666666666666,17.0,0.5,1.0,1.0,25.0,2.0,39.0,3,12.0,1,1,1,1,1,28,28,143,0.1277,0.0,0.241,0.0927,T1,False,none
e5dc9396-41c1-46c2-916f-deac44a027e9,3.0,0.3333333333333333,3.0,9294.58,3098.193333333333,1360.2097157914043,11,0,2.0,1.5,14.0,2.0,1.0,0.6666666666666666,2.0,1.5,5.0,2.0,1.0,0.6666666666666666,0.3333333333333333,3098.193333333333,4660.62,0.5014341691609518,77.265,1.0,0.3333333333333333,2.0,0.6666666666666666,21.0,0.0,63.0,6,9.0,2,2,2,2,2,53,53,167,0.1063,0.0,0.25,0.1704,T1,False,none
a16c2f46-b1fd-4a6a-9706-140d75d3d66a,5.0,0.5555555555555556,5.0,20247.45,4049.4900000000002,364.5678860651334,16,1,1.0,5.0,5.0,1.0,1.0,1.0,1.0,5.0,5.0,1.0,1.0,1.0,0.5555555555555556,4049.4900000000002,4368.33,0.21574716816191666,174.07916666666668,0.0,0.2,2.0,0.8,28.0,1.0,49.2,4,15.0,1,1,2,1,1,51,51,103,0.2271,0.0,0.2014,0.1192,T1,False,none
a7113d94-6d3f-4ee7-bd11-7f9291532be0,2.0,0.2222222222222222,2.0,2507.22,1253.61,1609.5023132011956,28,0,2.0,1.0,7.0,2.0,1.0,0.5,1.0,2.0,3.0,1.0,1.0,1.0,0.2222222222222222,1253.61,2391.7,0.9539250644139724,114.64972222222222,8.0,0.5,1.0,1.0,20.0,2.0,18.0,4,6.0,2,1,1,2,1,31,31,50,0.3086,0.0,0.0411,0.037,T1,False,none
c15337f2-f92c-437a-966b-3c2075dfae75,5.0,0.5555555555555556,3.0,8993.97,1798.7939999999999,1052.7733034134176,85,0,2.0,2.5,8.0,2.0,1.0,0.8,2.0,2.5,3.0,2.0,1.0,0.6,0.5555555555555556,1798.7939999999999,3009.08,0.3345663816979599,92.2775,13.0,0.0,2.0,0.8,21.0,3.0,32.6,6,15.0,2,2,2,2,2,52,52,173,0.0954,0.0,0.2136,0.1548,T1,False,none
aa5115c5-248e-4020-8518-d762f1093c94,5.0,0.5555555555555556,3.0,5867.7699999999995,1173.5539999999999,1250.924931932368,14,1,1.0,5.0,6.0,1.0,1.0,1.0,2.0,2.5,5.0,2.0,1.0,0.8,0.5555555555555556,1173.5539999999999,3040.39,0.5181508477666984,119.06888888888889,2.0,0.2,1.0,1.0,28.0,0.0,2.0,4,15.0,1,2,1,1,2,37,37,65,0.3611,0.0,0.0889,0.0707,T1,False,none
7ae740a0-9e65-4655-87d2-85b54970af32,4.0,0.4444444444444444,4.0,12024.6,3006.15,850.3604539644741,42,0,1.0,4.0,4.0,1.0,1.0,1.0,1.0,4.0,6.0,1.0,1.0,1.0,0.4444444444444444,3006.15,3882.78,0.32290304875006237,167.24277777777777,22.0,0.5,2.0,0.75,15.0,0.0,29.25,4,12.0,1,1,2,1,1,35,35,65,0.3611,0.0,0.0889,0.0707,T1,False,none
93851b4f-14bc-404b-a6a7-404963ec3028,8.0,0.8888888888888888,4.0,13551.52,1693.94,1420.1468284954603,35,1,1.0,8.0,10.0,1.0,1.0,1.0,3.0,2.6666666666666665,6.0,3.0,1.0,0.75,0.8888888888888888,1693.94,4746.85,0.3502817396129733,209.765,14.0,0.0,3.0,0.375,25.0,2.0,35.125,7,24.0,1,3,3,1,3,73,74,104,0.1637,0.0,0.1654,0.1067,T1,False,none
32b68505-2477-4452-bf7d-eb357f555644,3.0,0.3333333333333333,2.0,4648.9,1549.6333333333332,724.3728143941719,24,0,1.0,3.0,6.0,1.0,1.0,1.0,2.0,1.5,7.0,2.0,1.0,0.6666666666666666,0.3333333333333333,1549.6333333333332,2334.38,0.5021359891587258,57.56611111111111,10.0,0.3333333333333333,3.0,0.3333333333333333,20.0,2.0,9.666666666666666,6,9.0,1,2,3,1,2,63,64,78,0.2521,0.0,0.1237,0.0763,T1,False,none
78d741ba-889e-4ac0-a95f-ad2e123d844c,1.0,0.1111111111111111,1.0,595.26,595.26,0.0,70,0,1.0,1.0,8.0,1.0,1.0,1.0,1.0,1.0,5.0,1.0,1.0,1.0,0.1111111111111111,595.26,595.26,1.0,0.0,15.0,0.0,1.0,1.0,20.0,2.0,41.0,3,3.0,1,1,1,1,1,30,30,118,0.1482,0.0,0.2319,0.119,T1,False,none
3ca41606-8aa6-4a4f-888e-3ffc672d29e5,1.0,0.1111111111111111,1.0,3000.6,3000.6,0.0,30,1,1.0,1.0,3.0,1.0,1.0,1.0,1.0,1.0,3.0,1.0,1.0,1.0,0.1111111111111111,3000.6,3000.6,1.0,0.0,7.0,0.0,1.0,1.0,20.0,2.0,69.0,3,3.0,1,1,1,1,1,23,23,89,0.2028,0.0,0.1043,0.0515,T1,False,none
a24acbd4-39c0-4646-835b-7c62c10b2ab4,3.0,0.3333333333333333,1.0,11348.82,3782.94,1239.0519711860352,26,0,1.0,3.0,6.0,1.0,1.0,1.0,1.0,3.0,3.0,1.0,1.0,1.0,0.3333333333333333,3782.94,4950.15,0.43618191142339025,7.944166666666667,19.0,0.0,2.0,0.6666666666666666,19.0,3.0,35.333333333333336,4,9.0,1,1,2,1,1,43,43,57,0.2807,0.0,0.0921,0.0244,T1,False,none
6729a59e-d08a-4ae9-a4af-fffe85dc2c12,4.0,0.4444444444444444,3.0,15946.2,3986.55,900.2787795270234,56,1,2.0,2.0,7.0,2.0,1.0,0.5,1.0,4.0,7.0,1.0,1.0,1.0,0.4444444444444444,3986.55,4729.06,0.29656344458240835,89.54194444444444,23.0,0.75,4.0,0.25,25.0,0.0,56.5,7,12.0,2,1,4,2,1,95,98,173,0.0954,0.0,0.2136,0.1548,T1,False,none
a5f8cec8-44b3-4cee-8f95-8460b9470d36,4.0,0.4444444444444444,4.0,8539.54,2134.885,1213.5292275974787,56,1,2.0,2.0,9.0,2.0,1.0,0.75,2.0,2.0,4.0,2.0,1.0,0.75,0.4444444444444444,2134.885,3389.72,0.3969440976914447,211.62444444444444,1.0,0.0,2.0,0.5,25.0,1.0,21.5,6,12.0,2,2,2,2,2,56,57,143,0.1277,0.0,0.241,0.0927,T1,False,none
980d4cb6-6daa-482b-be14-abb9d4591d36,5.0,0.5555555555555556,4.0,11186.96,2237.392,1586.113783188331,66,1,2.0,2.5,11.0,2.0,1.0,0.8,3.0,1.6666666666666667,8.0,3.0,1.0,0.4,0.5555555555555556,2237.392,4027.52,0.36001916517087756,184.11444444444444,1.0,0.4,2.0,0.8,26.0,3.0,72.0,7,15.0,2,3,2,2,3,75,76,86,0.1967,0.0,0.161,0.0515,T1,False,none
bb3c9e2e-da46-4ba2-ba32-3f4e6c1b38f6,4.0,0.4444444444444444,3.0,11419.56,2854.89,1941.5468606757859,61,1,3.0,1.3333333333333333,9.0,3.0,1.0,0.5,2.0,2.0,7.0,2.0,1.0,0.75,0.4444444444444444,2854.89,4591.54,0.4020767875469808,121.31222222222222,19.0,0.5,2.0,0.75,20.0,0.0,38.5,7,12.0,3,2,2,3,2,61,61,167,0.1063,0.0,0.25,0.1704,T1,False,none
d3098146-402d-4d72-8281-b10212be93c2,4.0,0.4444444444444444,2.0,7675.42,1918.855,1839.154091722605,86,0,1.0,4.0,4.0,1.0,1.0,1.0,1.0,4.0,2.0,1.0,1.0,1.0,0.4444444444444444,1918.855,4659.2,0.6070286707437508,105.735,14.0,0.0,2.0,0.5,23.0,0.0,61.0,4,12.0,1,1,2,1,1,46,47,64,0.3686,0.0,0.1444,0.0659,T1,False,none
e760e742-bf45-4390-b1ec-3b54b79fbe51,4.0,0.4444444444444444,3.0,7940.5599999999995,1985.1399999999999,1709.60677970111,88,0,3.0,1.3333333333333333,9.0,3.0,1.0,0.5,1.0,4.0,4.0,1.0,1.0,1.0,0.4444444444444444,1985.1399999999999,3717.97,0.46822516296079875,116.23055555555555,14.0,0.5,3.0,0.5,30.0,1.0,8.5,7,12.0,3,1,3,3,1,89,90,66,0.3865,0.0,0.1807,0.0805,T1,False,none
e237c73d-8e27-4dcc-99ac-cea78d46f785,5.0,0.5555555555555556,4.0,16685.8,3337.16,1000.260741906829,12,1,2.0,2.5,13.0,2.0,1.0,0.8,2.0,2.5,5.0,2.0,1.0,0.6,0.5555555555555556,3337.16,4639.56,0.27805439355619754,181.09194444444444,0.0,0.2,2.0,0.8,22.0,1.0,55.8,6,15.0,2,2,2,2,2,70,70,50,0.3086,0.0,0.0411,0.037,T1,False,none
d7fd62b2-5457-48a8-beae-4e61f8b3e844,4.0,0.4444444444444444,3.0,6146.19,1536.5475,1613.4704078966968,88,0,2.0,2.0,11.0,2.0,1.0,0.75,1.0,4.0,4.0,1.0,1.0,1.0,0.4444444444444444,1536.5475,3926.0,0.6387697093646634,138.73694444444445,0.0,0.5,2.0,0.75,24.0,0.0,78.25,5,12.0,2,1,2,2,1,66,68,121,0.1362,0.0,0.2722,0.12,T1,False,none
ac6f8985-bf14-4627-97c6-405c051bbf07,5.0,0.5555555555555556,3.0,18674.39,3734.8779999999997,596.3008619145204,66,0,2.0,2.5,8.0,2.0,1.0,0.6,2.0,2.5,4.0,2.0,1.0,0.8,0.5555555555555556,3734.8779999999997,4470.75,0.23940541029720383,101.5286111111111,0.0,0.2,2.0,0.6,23.0,1.0,33.6,6,15.0,2,2,2,2,2,48,49,59,0.3197,0.0,0.1098,0.0978,T1,False,none
3d1b7245-cf13-4c53-8ddd-8aa5d4802523,2.0,0.2222222222222222,2.0,2557.4,1278.7,1220.1551773442588,18,0,2.0,1.0,10.0,2.0,1.0,0.5,2.0,1.0,8.0,2.0,1.0,0.5,0.2222222222222222,1278.7,2141.48,0.8373660749198404,136.65194444444444,2.0,0.0,1.0,1.0,17.0,3.0,26.0,5,6.0,2,2,1,2,2,42,42,173,0.0954,0.0,0.2136,0.1548,T1,False,none
cfe163d6-1f56-43a6-8267-c634eea26662,2.0,0.2222222222222222,2.0,2525.87,1262.935,352.9664919648889,36,0,2.0,1.0,6.0,2.0,1.0,0.5,1.0,2.0,5.0,1.0,1.0,1.0,0.2222222222222222,1262.935,1512.52,0.5988114986123593,164.16194444444446,13.0,0.0,2.0,0.5,19.0,1.0,58.0,5,6.0,2,1,2,2,1,44,44,121,0.1362,0.0,0.2722,0.12,T1,False,none
f4615eca-ffe3-4fee-b645-de1d3008a802,6.0,0.6666666666666666,5.0,14024.560000000001,2337.4266666666667,1270.8223486178808,70,1,2.0,3.0,5.0,2.0,1.0,0.5,1.0,6.0,3.0,1.0,1.0,1.0,0.6666666666666666,2337.4266666666667,3940.01,0.28093644292583864,134.26583333333335,17.0,0.16666666666666666,2.0,0.6666666666666666,24.0,3.0,41.666666666666664,5,18.0,2,1,2,2,1,54,55,89,0.2028,0.0,0.1043,0.0515,T1,False,none
af44c3fc-832c-4117-a54a-1cd88628b651,4.0,0.4444444444444444,3.0,7974.46,1993.615,881.8470399678166,32,0,3.0,1.3333333333333333,12.0,3.0,1.0,0.5,1.0,4.0,3.0,1.0,1.0,1.0,0.4444444444444444,1993.615,3201.04,0.4014115062336509,172.31666666666666,4.0,0.0,1.0,1.0,19.0,2.0,51.0,5,12.0,3,1,1,3,1,40,41,121,0.1362,0.0,0.2722,0.12,T1,False,none
c3564894-d4fc-4626-b5b6-1260ae121230,2.0,0.2222222222222222,2.0,3010.5299999999997,1505.2649999999999,230.89157726084343,82,1,1.0,2.0,4.0,1.0,1.0,1.0,2.0,1.0,4.0,2.0,1.0,0.5,0.2222222222222222,1505.2649999999999,1668.53,0.5542313147518876,142.69944444444445,4.0,0.5,1.0,1.0,16.0,3.0,49.0,4,6.0,1,2,1,1,2,22,23,57,0.2807,0.0,0.0921,0.0244,T1,False,none
52bf6cc5-551b-4156-931e-316276691779,6.0,0.6666666666666666,4.0,16664.63,2777.4383333333335,1720.6251262772687,88,0,1.0,6.0,9.0,1.0,1.0,1.0,1.0,6.0,2.0,1.0,1.0,1.0,0.6666666666666666,2777.4383333333335,4995.64,0.2997750325089726,127.32027777777778,0.0,0.6666666666666666,3.0,0.5,24.0,3.0,73.0,5,18.0,1,1,3,1,1,70,70,121,0.1362,0.0,0.2722,0.12,T1,False,none
5413cecd-7426-4041-929f-eab44a044935,3.0,0.3333333333333333,3.0,7214.29,2404.7633333333333,1448.123914322712,33,0,1.0,3.0,9.0,1.0,1.0,1.0,1.0,3.0,7.0,1.0,1.0,1.0,0.3333333333333333,2404.7633333333333,3973.21,0.5507416530247606,93.27833333333334,2.0,0.3333333333333333,2.0,0.6666666666666666,22.0,1.0,31.333333333333332,4,9.0,1,1,2,1,1,51,53,121,0.1362,0.0,0.2722,0.12,T1,False,none
8e50e2b6-1ec0-49d6-bfac-841be3b38cf4,2.0,0.2222222222222222,2.0,2033.2599999999998,1016.6299999999999,402.9942967338371,18,1,1.0,2.0,7.0,1.0,1.0,1.0,2.0,1.0,7.0,2.0,1.0,0.5,0.2222222222222222,1016.6299999999999,1301.59,0.6401493168606082,189.89944444444444,16.0,0.0,2.0,0.5,22.0,1.0,26.5,5,6.0,1,2,2,1,2,49,49,57,0.2807,0.0,0.0921,0.0244,T1,False,none
887b74e3-5c95-4ac2-b364-0cde095d821b,1.0,0.1111111111111111,1.0,4980.17,4980.17,0.0,56,1,1.0,1.0,5.0,1.0,1.0,1.0,1.0,1.0,4.0,1.0,1.0,1.0,0.1111111111111111,4980.17,4980.17,1.0,0.0,11.0,0.0,1.0,1.0,23.0,3.0,39.0,3,3.0,1,1,1,1,1,29,29,143,0.1277,0.0,0.241,0.0927,T1,False,none
2b777542-5d1c-4df5-b2c8-14c28a104671,3.0,0.3333333333333333,3.0,9033.01,3011.0033333333336,550.9363874653164,33,1,1.0,3.0,5.0,1.0,1.0,1.0,1.0,3.0,4.0,1.0,1.0,1.0,0.3333333333333333,3011.0033333333336,3582.34,0.39658319873441966,120.3463888888889,16.0,0.3333333333333333,2.0,0.6666666666666666,22.0,1.0,33.0,4,9.0,1,1,2,1,1,45,45,57,0.2807,0.0,0.0921,0.0244,T1,False,none
fcd2220f-1872-4528-b4f7-c6481623fea1,1.0,0.1111111111111111,1.0,4386.41,4386.41,0.0,43,1,1.0,1.0,4.0,1.0,1.0,1.0,1.0,1.0,8.0,1.0,1.0,1.0,0.1111111111111111,4386.41,4386.41,1.0,0.0,17.0,0.0,1.0,1.0,20.0,3.0,12.0,3,3.0,1,1,1,1,1,29,29,126,0.1498,0.0,0.1572,0.1186,T1,False,none
dcd5fe49-3d4b-44c4-a7e5-aaf8c65d9a46,4.0,0.4444444444444444,3.0,8864.01,2216.0025,843.5203363039525,46,0,1.0,4.0,6.0,1.0,1.0,1.0,1.0,4.0,5.0,1.0,1.0,1.0,0.4444444444444444,2216.0025,2863.63,0.3230625867976232,47.82083333333333,5.0,0.75,2.0,0.75,18.0,1.0,35.5,4,12.0,1,1,2,1,1,42,42,118,0.1482,0.0,0.2319,0.119,T1,False,none
1c70dc6b-dff7-42da-a2ac-8b3636a719d6,5.0,0.5555555555555556,5.0,13868.47,2773.694,2204.7462504515115,74,1,1.0,5.0,8.0,1.0,1.0,1.0,1.0,5.0,5.0,1.0,1.0,1.0,0.5555555555555556,2773.694,4854.78,0.35005880244900844,238.5336111111111,23.0,0.4,5.0,0.2,29.0,0.0,33.6,7,15.0,1,1,5,1,1,124,130,65,0.3611,0.0,0.0889,0.0707,T1,False,none
fb318743-d519-4056-8d72-939d1996cbd7,2.0,0.2222222222222222,2.0,4993.93,2496.965,1236.9913898043108,18,1,1.0,2.0,9.0,1.0,1.0,1.0,2.0,1.0,5.0,2.0,1.0,0.5,0.2222222222222222,2496.965,3371.65,0.6751496316528265,188.57805555555555,13.0,0.0,2.0,0.5,21.0,0.0,57.0,5,6.0,1,2,2,1,2,49,51,104,0.1637,0.0,0.1654,0.1067,T1,False,none
dd72c3d3-dc2f-4da2-8041-82062af73055,8.0,0.8888888888888888,6.0,20366.24,2545.78,1341.4561306069077,26,0,5.0,1.6,9.0,5.0,1.0,0.5,1.0,8.0,6.0,1.0,1.0,1.0,0.8888888888888888,2545.78,4395.61,0.21582825303050535,202.37222222222223,9.0,0.25,3.0,0.5,20.0,3.0,50.875,9,24.0,5,1,3,5,1,83,84,167,0.1063,0.0,0.25,0.1704,T1,False,none
e6a00125-b3ef-4f0a-a22b-87b2b7e921b1,2.0,0.2222222222222222,2.0,4743.66,2371.83,2111.4067064874075,40,0,1.0,2.0,8.0,1.0,1.0,1.0,1.0,2.0,3.0,1.0,1.0,1.0,0.2222222222222222,2371.83,3864.82,0.8147337709700949,89.17861111111111,12.0,0.0,1.0,1.0,13.0,1.0,76.0,3,6.0,1,1,1,1,1,21,21,173,0.0954,0.0,0.2136,0.1548,T1,False,none
2dbdc9b4-bba1-4258-85cc-1e56a9761890,3.0,0.3333333333333333,3.0,6489.700000000001,2163.2333333333336,990.2269554164509,46,1,2.0,1.5,5.0,2.0,1.0,0.6666666666666666,1.0,3.0,2.0,1.0,1.0,1.0,0.3333333333333333,2163.2333333333336,2752.53,0.4241382498420574,165.3275,19.0,0.6666666666666666,2.0,0.6666666666666666,23.0,2.0,61.333333333333336,5,9.0,2,1,2,2,1,47,47,173,0.0954,0.0,0.2136,0.1548,T1,False,none
1eaeabff-dd73-4b32-9c2d-c3835e7ba1be,2.0,0.2222222222222222,2.0,6652.45,3326.225,491.75741097618436,42,1,1.0,2.0,3.0,1.0,1.0,1.0,2.0,1.0,7.0,2.0,1.0,0.5,0.2222222222222222,3326.225,3673.95,0.5522702162361235,23.79388888888889,4.0,1.0,1.0,1.0,22.0,0.0,86.0,4,6.0,1,2,1,1,2,32,32,89,0.2028,0.0,0.1043,0.0515,T1,False,none
3340874c-ae9a-491a-80ba-c14855e7ed9a,4.0,0.4444444444444444,3.0,14394.029999999999,3598.5074999999997,829.910285327075,18,1,1.0,4.0,9.0,1.0,1.0,1.0,2.0,2.0,2.0,2.0,1.0,0.75,0.4444444444444444,3598.5074999999997,4647.92,0.32290609370690493,110.63916666666667,1.0,0.25,2.0,0.75,15.0,3.0,58.5,5,12.0,1,2,2,1,2,36,36,143,0.1277,0.0,0.241,0.0927,T1,False,none
d720c233-ac60-4d6c-8b87-692d9011e5fe,6.0,0.6666666666666666,4.0,19041.04,3173.5066666666667,1374.04403467526,11,1,2.0,3.0,6.0,2.0,1.0,0.8333333333333334,2.0,3.0,4.0,2.0,1.0,0.8333333333333334,0.6666666666666666,3173.5066666666667,4695.29,0.24658789645943707,229.47861111111112,5.0,0.16666666666666666,4.0,0.3333333333333333,26.0,2.0,41.0,8,18.0,2,2,4,2,2,98,99,78,0.2521,0.0,0.1237,0.0763,T1,False,none
db9b1ee8-708f-4ab0-87e8-ecbbc2774ccf,5.0,0.5555555555555556,4.0,8683.369999999999,1736.6739999999998,816.6260578930849,20,1,1.0,5.0,7.0,1.0,1.0,1.0,2.0,2.5,5.0,2.0,1.0,0.6,0.5555555555555556,1736.6739999999998,2344.2,0.2699643110912008,156.05333333333334,5.0,0.0,1.0,1.0,13.0,3.0,82.0,4,15.0,1,2,1,1,2,23,23,121,0.1362,0.0,0.2722,0.12,T1,False,none
7e88e425-d7d8-43e3-b0ff-72c2887d8d25,4.0,0.4444444444444444,3.0,13717.33,3429.3325,1920.727319643525,42,1,1.0,4.0,8.0,1.0,1.0,1.0,2.0,2.0,5.0,2.0,1.0,0.75,0.4444444444444444,3429.3325,4588.51,0.3345046011140652,29.060277777777777,0.0,0.0,1.0,1.0,22.0,0.0,56.0,4,12.0,1,2,1,1,2,34,34,143,0.1277,0.0,0.241,0.0927,T1,False,none
0f3d0997-a978-4e95-ab23-3a18677c46f7,0.0,0.0,0.0,0.0,0.0,0.0,40,1,0.0,0.0,0.0,0.0,0.0,0.0,0.0,0.0,0.0,0.0,0.0,0.0,0.0,0.0,0.0,0.0,0.0,0.0,0.0,0.0,0.0,0.0,0.0,0.0,0,0.0,0,0,0,0,0,0,0,1,0.0,0.0,0.0,0.0,T1,False,none
f8317b58-c1d2-4442-907f-67025e71758e,2.0,0.2222222222222222,2.0,6054.969999999999,3027.4849999999997,1876.3149149463154,69,0,1.0,2.0,4.0,1.0,1.0,1.0,1.0,2.0,2.0,1.0,1.0,1.0,0.2222222222222222,3027.4849999999997,4354.24,0.7191183441040997,162.95055555555555,9.0,0.0,2.0,0.5,22.0,1.0,45.5,4,6.0,1,1,2,1,1,38,38,57,0.2807,0.0,0.0921,0.0244,T1,False,none
55ad1754-c1f1-41a3-992e-802deba808ec,3.0,0.3333333333333333,3.0,3662.24,1220.7466666666667,1083.207183891121,86,1,1.0,3.0,5.0,1.0,1.0,1.0,1.0,3.0,9.0,1.0,1.0,1.0,0.3333333333333333,1220.7466666666667,2361.5,0.6448239328935297,86.04388888888889,6.0,0.3333333333333333,3.0,0.3333333333333333,22.0,3.0,47.666666666666664,5,9.0,1,1,3,1,1,62,63,59,0.2957,0.0,0.0649,0.0215,T1,False,none
fe07cc85-08dd-4f7d-adc0-94456b5f036e,2.0,0.2222222222222222,2.0,3897.45,1948.725,229.4773636984701,43,1,1.0,2.0,7.0,1.0,1.0,1.0,1.0,2.0,5.0,1.0,1.0,1.0,0.2222222222222222,1948.725,2110.99,0.5416336322467253,109.44111111111111,1.0,0.0,2.0,0.5,19.0,1.0,63.0,4,6.0,1,1,2,1,1,45,46,121,0.1362,0.0,0.2722,0.12,T1,False,none
1ba5cc8f-de4e-4cd6-bd9e-df674da753a5,4.0,0.4444444444444444,4.0,12935.45,3233.8625,1800.8419230899567,25,0,2.0,2.0,10.0,2.0,1.0,0.5,3.0,1.3333333333333333,5.0,3.0,1.0,0.5,0.4444444444444444,3233.8625,4993.41,0.3860252252530835,108.05305555555556,2.0,0.25,4.0,0.25,26.0,1.0,42.25,9,12.0,2,3,4,2,3,101,103,50,0.3086,0.0,0.0411,0.037,T1,False,none
36defcf7-372b-4178-90a2-926208ad4e4c,4.0,0.4444444444444444,3.0,15503.669999999998,3875.9174999999996,960.3422843748644,20,0,1.0,4.0,9.0,1.0,1.0,1.0,3.0,1.3333333333333333,4.0,3.0,1.0,0.5,0.4444444444444444,3875.9174999999996,4808.69,0.31016462553705026,170.19555555555556,8.0,0.25,3.0,0.5,25.0,0.0,34.75,7,12.0,1,3,3,1,3,75,77,103,0.2271,0.0,0.2014,0.1192,T1,False,none
45c21627-39a4-458c-ab40-cbc149570961,5.0,0.5555555555555556,4.0,15864.67,3172.934,1300.6554329760056,64,1,1.0,5.0,13.0,1.0,1.0,1.0,4.0,1.25,6.0,4.0,1.0,0.4,0.5555555555555556,3172.934,4777.3,0.3011282302121633,149.04944444444445,1.0,0.0,1.0,1.0,21.0,3.0,68.0,6,15.0,1,4,1,1,4,47,47,126,0.1498,0.0,0.1572,0.1186,T1,False,none
67a5acbc-c0e7-4f9d-9b3a-ca88f277edd9,3.0,0.3333333333333333,3.0,8162.429999999999,2720.81,1342.8356698792297,11,1,1.0,3.0,10.0,1.0,1.0,1.0,2.0,1.5,4.0,2.0,1.0,0.6666666666666666,0.3333333333333333,2720.81,4191.15,0.513468415655632,51.310833333333335,13.0,0.6666666666666666,1.0,1.0,19.0,3.0,22.0,4,9.0,1,2,1,1,2,32,32,121,0.1433,0.0,0.2418,0.1111,T1,False,none
5a4bf5fd-367a-4428-b685-14436b2f63fe,3.0,0.3333333333333333,3.0,8007.08,2669.0266666666666,1196.5760440662905,65,1,1.0,3.0,6.0,1.0,1.0,1.0,1.0,3.0,6.0,1.0,1.0,1.0,0.3333333333333333,2669.0266666666666,3980.79,0.49715876449342333,67.19888888888889,10.0,0.3333333333333333,3.0,0.3333333333333333,21.0,0.0,22.333333333333332,5,9.0,1,1,3,1,1,62,62,50,0.3086,0.0,0.0411,0.037,T1,False,none
7d9b56f4-c2b9-44b3-be8e-be1be6a6ec64,0.0,0.0,0.0,0.0,0.0,0.0,30,1,0.0,0.0,0.0,0.0,0.0,0.0,0.0,0.0,0.0,0.0,0.0,0.0,0.0,0.0,0.0,0.0,0.0,0.0,0.0,0.0,0.0,0.0,0.0,0.0,0,0.0,0,0,0,0,0,0,0,1,0.0,0.0,0.0,0.0,T1,False,none
84c74ad8-697d-41ca-aa1e-9377affe8fa4,5.0,0.5555555555555556,4.0,9953.4,1990.6799999999998,919.9074737167863,48,0,2.0,2.5,9.0,2.0,1.0,0.8,3.0,1.6666666666666667,2.0,2.0,0.6666666666666666,0.4,0.5555555555555556,1990.6799999999998,3176.98,0.31918540398255874,164.63194444444446,18.0,0.4,1.0,1.0,20.0,3.0,11.0,6,15.0,2,3,1,2,2,37,37,121,0.1362,0.0,0.2722,0.12,T1,False,none
b2313934-d140-4d7b-93ac-dc9affc19384,3.0,0.3333333333333333,3.0,11185.51,3728.5033333333336,944.5844862336737,59,1,1.0,3.0,7.0,1.0,1.0,1.0,2.0,1.5,2.0,2.0,1.0,0.6666666666666666,0.3333333333333333,3728.5033333333336,4469.79,0.39960538232052,116.05111111111111,3.0,0.3333333333333333,2.0,0.6666666666666666,26.0,0.0,46.333333333333336,5,9.0,1,2,2,1,2,50,50,89,0.2028,0.0,0.1043,0.0515,T1,False,none
cddf66ec-2f45-4309-a3d0-5df1287fb35b,1.0,0.1111111111111111,1.0,851.94,851.94,0.0,29,1,1.0,1.0,7.0,1.0,1.0,1.0,1.0,1.0,2.0,1.0,1.0,1.0,0.1111111111111111,851.94,851.94,1.0,0.0,19.0,0.0,1.0,1.0,19.0,2.0,13.0,3,3.0,1,1,1,1,1,25,25,78,0.2521,0.0,0.1237,0.0763,T1,False,none
f90e2ec1-280d-42cb-9079-2d09fcd28a35,4.0,0.4444444444444444,3.0,9154.14,2288.535,887.6914561753238,83,0,1.0,4.0,11.0,1.0,1.0,1.0,2.0,2.0,8.0,2.0,1.0,0.75,0.4444444444444444,2288.535,2931.52,0.32023980406679387,122.57222222222222,7.0,0.5,3.0,0.5,17.0,1.0,48.5,6,12.0,1,2,3,1,2,57,57,167,0.1063,0.0,0.25,0.1704,T1,False,none
467dbc61-a53d-430f-a728-38c4964a8298,1.0,0.1111111111111111,1.0,173.13,173.13,0.0,45,0,1.0,1.0,5.0,1.0,1.0,1.0,1.0,1.0,3.0,1.0,1.0,1.0,0.1111111111111111,173.13,173.13,1.0,0.0,7.0,0.0,1.0,1.0,20.0,2.0,88.0,3,3.0,1,1,1,1,1,25,25,173,0.0954,0.0,0.2136,0.1548,T1,False,none
fa2b3f24-0e0d-4baf-acfc-b53cf3e12242,7.0,0.7777777777777778,4.0,16024.48,2289.2114285714283,1655.2928807256292,44,1,3.0,2.3333333333333335,10.0,2.0,0.6666666666666666,0.5714285714285714,3.0,2.3333333333333335,6.0,3.0,1.0,0.7142857142857143,0.7777777777777778,2289.2114285714283,4796.41,0.29931766896648127,186.81722222222223,4.0,0.2857142857142857,4.0,0.42857142857142855,29.0,0.0,15.857142857142858,10,21.0,3,3,4,2,3,114,115,64,0.3686,0.0,0.1444,0.0659,T1,False,none
0922ff13-8d6c-479f-ac1c-c92da36c3ca4,4.0,0.4444444444444444,3.0,12953.24,3238.31,1585.0391042284518,62,1,1.0,4.0,13.0,1.0,1.0,1.0,1.0,4.0,7.0,1.0,1.0,1.0,0.4444444444444444,3238.31,4788.48,0.3696743054247431,49.996944444444445,9.0,0.75,1.0,1.0,18.0,0.0,66.0,3,12.0,1,1,1,1,1,35,35,89,0.2028,0.0,0.1043,0.0515,T1,False,none
7c0d817f-7adb-41bf-a11b-e4fde7b2b989,2.0,0.2222222222222222,2.0,4212.38,2106.19,474.482792311797,29,0,1.0,2.0,4.0,1.0,1.0,1.0,2.0,1.0,4.0,2.0,1.0,0.5,0.2222222222222222,2106.19,2441.7,0.5796485597215825,43.153888888888886,1.0,0.0,2.0,0.5,29.0,0.0,48.0,5,6.0,1,2,2,1,2,53,54,167,0.1063,0.0,0.25,0.1704,T1,False,none
d2d05420-4f1b-4670-ad58-83b574448876,1.0,0.1111111111111111,1.0,2439.77,2439.77,0.0,10,1,1.0,1.0,11.0,1.0,1.0,1.0,1.0,1.0,4.0,1.0,1.0,1.0,0.1111111111111111,2439.77,2439.77,1.0,0.0,3.0,1.0,1.0,1.0,28.0,3.0,26.0,3,3.0,1,1,1,1,1,40,40,103,0.2271,0.0,0.2014,0.1192,T1,False,none
0c88625c-3ab7-44ec-8fc0-344a3206befc,1.0,0.1111111111111111,1.0,1440.87,1440.87,0.0,43,0,1.0,1.0,4.0,1.0,1.0,1.0,1.0,1.0,3.0,1.0,1.0,1.0,0.1111111111111111,1440.87,1440.87,1.0,0.0,11.0,0.0,1.0,1.0,23.0,2.0,8.0,3,3.0,1,1,1,1,1,27,27,66,0.3865,0.0,0.1807,0.0805,T1,False,none
5f3097f0-8fc6-46a2-814b-e7ddaaa8ac11,5.0,0.5555555555555556,4.0,8265.08,1653.016,1724.8348660755908,43,0,1.0,5.0,8.0,1.0,1.0,1.0,1.0,5.0,4.0,1.0,1.0,1.0,0.5555555555555556,1653.016,4587.06,0.554992813136715,191.5911111111111,7.0,0.2,3.0,0.4,17.0,0.0,57.4,5,15.0,1,1,3,1,1,54,54,173,0.0954,0.0,0.2136,0.1548,T1,False,none
b701027c-3bb7-4c90-9ada-da2142c540c8,3.0,0.3333333333333333,2.0,3296.5,1098.8333333333333,1097.8051072177307,51,1,1.0,3.0,6.0,1.0,1.0,1.0,1.0,3.0,2.0,1.0,1.0,1.0,0.3333333333333333,1098.8333333333333,2363.1,0.7168512058243591,37.405277777777776,3.0,0.0,2.0,0.6666666666666666,23.0,3.0,59.666666666666664,4,9.0,1,1,2,1,1,42,43,167,0.1063,0.0,0.25,0.1704,T1,False,none
92dbf79a-f826-4214-94b3-c47e55531eb0,2.0,0.2222222222222222,2.0,5363.27,2681.635,348.752135549017,85,0,2.0,1.0,6.0,2.0,1.0,0.5,1.0,2.0,5.0,1.0,1.0,1.0,0.2222222222222222,2681.635,2928.24,0.5459803440811295,156.53722222222223,1.0,0.0,2.0,0.5,20.0,2.0,32.5,5,6.0,2,1,2,2,1,50,51,74,0.2714,0.0,0.1287,0.0855,T1,False,none
792e4d75-670e-41da-9da0-7305adcaac94,7.0,0.7777777777777778,4.0,16623.73,2374.8185714285714,988.8635553912138,49,0,3.0,2.3333333333333335,7.0,3.0,1.0,0.42857142857142855,2.0,3.5,5.0,2.0,1.0,0.5714285714285714,0.7777777777777778,2374.8185714285714,3146.79,0.18929506193856613,177.32972222222222,7.0,0.5714285714285714,3.0,0.42857142857142855,23.0,2.0,52.142857142857146,8,21.0,3,2,3,3,2,83,84,121,0.1433,0.0,0.2418,0.1111,T1,False,none
0756df83-ff22-4a42-9ea2-5223756ba525,2.0,0.2222222222222222,2.0,9645.970000000001,4822.985000000001,94.73109547556163,50,0,1.0,2.0,6.0,1.0,1.0,1.0,2.0,1.0,5.0,1.0,0.5,0.5,0.2222222222222222,4822.985000000001,4889.97,0.5069443508532578,90.02194444444444,2.0,0.0,2.0,0.5,20.0,1.0,75.0,5,6.0,1,2,2,1,1,46,46,126,0.1498,0.0,0.1572,0.1186,T1,False,none
9fba0bd7-c0b3-454a-bdbc-f8f2039af48d,2.0,0.2222222222222222,2.0,6534.29,3267.145,415.71514772738306,54,1,2.0,1.0,8.0,2.0,1.0,0.5,1.0,2.0,7.0,1.0,1.0,1.0,0.2222222222222222,3267.145,3561.1,0.5449865249323186,64.81277777777778,1.0,0.0,1.0,1.0,19.0,3.0,88.0,4,6.0,2,1,1,2,1,35,36,86,0.1967,0.0,0.161,0.0515,T1,False,none
399fe674-fdd8-4a6c-93e9-1ea071f04cbf,4.0,0.4444444444444444,3.0,9876.58,2469.145,1588.3777565281293,76,1,2.0,2.0,7.0,2.0,1.0,0.75,3.0,1.3333333333333333,8.0,3.0,1.0,0.5,0.4444444444444444,2469.145,4525.67,0.4582223806216322,138.96972222222223,8.0,0.25,3.0,0.5,25.0,1.0,19.5,8,12.0,2,3,3,2,3,80,82,118,0.1482,0.0,0.2319,0.119,T1,False,none
a08aa064-6808-463c-b5a2-e8ce4fa8824c,2.0,0.2222222222222222,2.0,7122.3,3561.15,1250.7304745627655,24,0,1.0,2.0,7.0,1.0,1.0,1.0,2.0,1.0,7.0,2.0,1.0,0.5,0.2222222222222222,3561.15,4445.55,0.6241733709616276,103.23638888888888,13.0,0.5,1.0,1.0,18.0,3.0,31.0,4,6.0,1,2,1,1,2,31,31,121,0.1362,0.0,0.2722,0.12,T1,False,none
b24b6405-575c-4a8e-9cda-397a4d1ec437,4.0,0.4444444444444444,3.0,10091.51,2522.8775,1795.283205502222,75,1,1.0,4.0,7.0,1.0,1.0,1.0,2.0,2.0,6.0,2.0,1.0,0.75,0.4444444444444444,2522.8775,4353.55,0.43140719277888046,69.79694444444445,2.0,0.25,3.0,0.5,19.0,3.0,40.5,6,12.0,1,2,3,1,2,59,61,57,0.2807,0.0,0.0921,0.0244,T1,False,none
d7d0f5be-25dd-4f4a-9b3c-f121b1aba96b,1.0,0.1111111111111111,1.0,4029.33,4029.33,0.0,74,0,1.0,1.0,2.0,1.0,1.0,1.0,1.0,1.0,3.0,1.0,1.0,1.0,0.1111111111111111,4029.33,4029.33,1.0,0.0,21.0,1.0,1.0,1.0,28.0,3.0,26.0,3,3.0,1,1,1,1,1,30,30,103,0.2271,0.0,0.2014,0.1192,T1,False,none
40ddb5e1-2fe5-4b55-9e3a-a6cc595ee74d,3.0,0.3333333333333333,3.0,6560.5199999999995,2186.8399999999997,674.5744837302994,81,0,1.0,3.0,11.0,1.0,1.0,1.0,1.0,3.0,2.0,1.0,1.0,1.0,0.3333333333333333,2186.8399999999997,2925.2,0.445879290056276,150.69416666666666,7.0,0.3333333333333333,2.0,0.6666666666666666,30.0,0.0,15.0,4,9.0,1,1,2,1,1,59,60,66,0.3865,0.0,0.1807,0.0805,T1,False,none
4b557a97-653d-4397-9380-c5c4b65ce1a3,6.0,0.6666666666666666,6.0,13589.9,2264.983333333333,1281.0825866534392,67,1,2.0,3.0,9.0,2.0,1.0,0.5,1.0,6.0,3.0,1.0,1.0,1.0,0.6666666666666666,2264.983333333333,3714.32,0.27331474109448933,136.04111111111112,1.0,0.3333333333333333,2.0,0.5,20.0,0.0,46.5,5,18.0,2,1,2,2,1,50,51,143,0.1277,0.0,0.241,0.0927,T1,False,none
310b7baa-8fab-4713-8220-a2dabddecdb2,4.0,0.4444444444444444,3.0,9665.210000000001,2416.3025000000002,1524.670485916547,75,1,2.0,2.0,9.0,2.0,1.0,0.75,2.0,2.0,7.0,1.0,0.5,0.75,0.4444444444444444,2416.3025000000002,3642.91,0.3769095549915625,100.8963888888889,14.0,0.25,2.0,0.75,27.0,1.0,72.75,6,12.0,2,2,2,2,1,66,66,126,0.1498,0.0,0.1572,0.1186,T1,False,none
f45743cd-ba36-4f09-bd3c-1a3def62d389,4.0,0.4444444444444444,3.0,11631.28,2907.82,1390.4298307358051,51,1,1.0,4.0,8.0,1.0,1.0,1.0,3.0,1.3333333333333333,4.0,2.0,0.6666666666666666,0.5,0.4444444444444444,2907.82,4443.36,0.3820181441767372,78.78444444444445,7.0,0.5,2.0,0.75,21.0,2.0,75.25,6,12.0,1,3,2,1,2,51,51,167,0.1063,0.0,0.25,0.1704,T1,False,none
ae85b828-4577-4439-92a3-2adeeac0a35c,3.0,0.3333333333333333,3.0,1428.35,476.1166666666666,281.64905189496614,67,0,1.0,3.0,8.0,1.0,1.0,1.0,1.0,3.0,6.0,1.0,1.0,1.0,0.3333333333333333,476.1166666666666,641.3,0.4489795918367347,126.43833333333333,14.0,0.3333333333333333,2.0,0.6666666666666666,20.0,2.0,80.33333333333333,4,9.0,1,1,2,1,1,48,48,173,0.0954,0.0,0.2136,0.1548,T1,False,none
20390a61-e7f2-4cfa-88a6-2f16266bbe85,4.0,0.4444444444444444,3.0,10434.119999999999,2608.5299999999997,1478.3262250937712,10,0,1.0,4.0,9.0,1.0,1.0,1.0,1.0,4.0,7.0,1.0,1.0,1.0,0.4444444444444444,2608.5299999999997,4125.44,0.3953797732822701,137.15416666666667,5.0,0.25,2.0,0.75,21.0,1.0,61.5,4,12.0,1,1,2,1,1,52,52,126,0.1498,0.0,0.1572,0.1186,T1,False,none
0a73976c-ff38-4fae-b2f9-be58315c458a,1.0,0.1111111111111111,1.0,164.26,164.26,0.0,59,0,1.0,1.0,11.0,1.0,1.0,1.0,1.0,1.0,5.0,1.0,1.0,1.0,0.1111111111111111,164.26,164.26,1.0,0.0,5.0,0.0,1.0,1.0,26.0,1.0,35.0,3,3.0,1,1,1,1,1,39,39,74,0.2714,0.0,0.1287,0.0855,T1,False,none
37e2c9f1-decf-4a19-8882-4aedded919c7,1.0,0.1111111111111111,1.0,68.58,68.58,0.0,38,1,1.0,1.0,6.0,1.0,1.0,1.0,1.0,1.0,6.0,1.0,1.0,1.0,0.1111111111111111,68.58,68.58,1.0,0.0,7.0,0.0,1.0,1.0,20.0,3.0,82.0,3,3.0,1,1,1,1,1,29,29,121,0.1433,0.0,0.2418,0.1111,T1,False,none
13f12c8a-5427-45b7-9a14-17fa0db616ce,3.0,0.3333333333333333,3.0,5485.02,1828.3400000000001,503.0459846773456,83,1,1.0,3.0,7.0,1.0,1.0,1.0,2.0,1.5,3.0,1.0,0.5,0.6666666666666666,0.3333333333333333,1828.3400000000001,2267.03,0.4133129870082516,100.30777777777777,11.0,0.0,2.0,0.6666666666666666,13.0,0.0,28.333333333333332,5,9.0,1,2,2,1,1,28,28,173,0.0954,0.0,0.2136,0.1548,T1,False,none
43c1c28a-ee16-47b9-b336-68028fc2108d,3.0,0.3333333333333333,3.0,10909.33,3636.443333333333,811.8263725904286,15,0,1.0,3.0,4.0,1.0,1.0,1.0,2.0,1.5,5.0,2.0,1.0,0.6666666666666666,0.3333333333333333,3636.443333333333,4284.34,0.3927225594972377,140.84666666666666,8.0,0.0,1.0,1.0,24.0,0.0,51.0,4,9.0,1,2,1,1,2,31,31,89,0.2028,0.0,0.1043,0.0515,T1,False,none
4a43d769-fb38-442c-922a-1c4a66eb8d66,3.0,0.3333333333333333,3.0,5519.530000000001,1839.8433333333335,1235.5515827893762,36,1,2.0,1.5,5.0,2.0,1.0,0.6666666666666666,2.0,1.5,4.0,2.0,1.0,0.6666666666666666,0.3333333333333333,1839.8433333333335,3098.89,0.5614409197884601,195.07916666666668,4.0,0.0,3.0,0.3333333333333333,19.0,0.0,31.0,7,9.0,2,2,3,2,2,56,58,121,0.1362,0.0,0.2722,0.12,T1,False,none
4d6c36f7-265f-4414-97bf-d8ba2eb0186b,4.0,0.4444444444444444,3.0,13601.64,3400.41,1276.0067518368915,30,1,2.0,2.0,12.0,2.0,1.0,0.75,1.0,4.0,4.0,1.0,1.0,1.0,0.4444444444444444,3400.41,4645.31,0.34152572777988544,201.2975,2.0,0.0,2.0,0.75,21.0,0.0,40.25,5,12.0,2,1,2,2,1,54,55,167,0.1063,0.0,0.25,0.1704,T1,False,none
604373d1-059c-483a-a527-09484b61aec6,1.0,0.1111111111111111,1.0,1891.67,1891.67,0.0,51,1,1.0,1.0,4.0,1.0,1.0,1.0,1.0,1.0,7.0,1.0,1.0,1.0,0.1111111111111111,1891.67,1891.67,1.0,0.0,2.0,0.0,1.0,1.0,20.0,2.0,14.0,3,3.0,1,1,1,1,1,28,28,118,0.1482,0.0,0.2319,0.119,T1,False,none
b0c7a3a2-aae1-4286-b1da-cd29aae4eee1,1.0,0.1111111111111111,1.0,4788.27,4788.27,0.0,40,1,1.0,1.0,9.0,1.0,1.0,1.0,1.0,1.0,4.0,1.0,1.0,1.0,0.1111111111111111,4788.27,4788.27,1.0,0.0,7.0,0.0,1.0,1.0,21.0,0.0,25.0,3,3.0,1,1,1,1,1,31,31,118,0.1482,0.0,0.2319,0.119,T1,False,none
d8942726-5a43-462f-b854-6c81f6c07707,2.0,0.2222222222222222,2.0,1845.2199999999998,922.6099999999999,806.7522687913558,34,0,2.0,1.0,10.0,2.0,1.0,0.5,1.0,2.0,6.0,1.0,1.0,1.0,0.2222222222222222,922.6099999999999,1493.07,0.8091555478479532,14.319444444444445,7.0,0.0,2.0,0.5,23.0,0.0,58.0,5,6.0,2,1,2,2,1,54,54,121,0.1433,0.0,0.2418,0.1111,T1,False,none
29c1d706-6566-4f29-abef-249f53cd3150,4.0,0.4444444444444444,4.0,13278.57,3319.6425,1405.4254827483148,52,1,2.0,2.0,11.0,2.0,1.0,0.75,1.0,4.0,8.0,1.0,1.0,1.0,0.4444444444444444,3319.6425,4953.43,0.3730394161419491,150.3763888888889,4.0,0.25,1.0,1.0,18.0,1.0,42.0,4,12.0,2,1,1,2,1,37,37,167,0.1063,0.0,0.25,0.1704,T1,False,none
83385cb8-7d68-41ce-ae03-72782b9beffd,5.0,0.5555555555555556,5.0,11577.91,2315.582,839.7908847564373,83,0,2.0,2.5,9.0,2.0,1.0,0.8,2.0,2.5,6.0,2.0,1.0,0.8,0.5555555555555556,2315.582,3595.22,0.31052409286304694,220.64583333333334,0.0,0.2,1.0,1.0,11.0,3.0,9.0,5,15.0,2,2,1,2,2,33,33,50,0.3086,0.0,0.0411,0.037,T1,False,none
8232df06-0425-42ac-9e67-d1471bcc8070,4.0,0.4444444444444444,3.0,11297.439999999999,2824.3599999999997,1537.1516749061122,64,0,1.0,4.0,5.0,1.0,1.0,1.0,3.0,1.3333333333333333,5.0,3.0,1.0,0.5,0.4444444444444444,2824.3599999999997,4176.41,0.36967755526915835,174.81444444444443,20.0,0.5,3.0,0.5,26.0,2.0,67.5,7,12.0,1,3,3,1,3,71,72,173,0.0954,0.0,0.2136,0.1548,T1,False,none
1d1a12ea-abe2-47ff-bc41-d17570304175,5.0,0.5555555555555556,4.0,6044.530000000001,1208.9060000000002,1202.1778980791487,62,0,1.0,5.0,11.0,1.0,1.0,1.0,3.0,1.6666666666666667,8.0,3.0,1.0,0.6,0.5555555555555556,1208.9060000000002,3290.53,0.5443814490125782,165.34694444444443,18.0,0.2,2.0,0.6,26.0,2.0,34.4,6,15.0,1,3,2,1,3,70,70,86,0.1967,0.0,0.161,0.0515,T1,False,none
a4d04ff7-a37b-4a41-a0b4-b2f2684f6eef,5.0,0.5555555555555556,4.0,14685.93,2937.186,1803.3875929150672,44,1,3.0,1.6666666666666667,13.0,3.0,1.0,0.4,1.0,5.0,4.0,1.0,1.0,1.0,0.5555555555555556,2937.186,4462.96,0.3038935906680748,98.165,5.0,0.2,2.0,0.6,20.0,2.0,10.4,6,15.0,3,1,2,3,1,66,66,118,0.1482,0.0,0.2319,0.119,T1,False,none
61318301-b9b4-4c45-96e9-6d3369d9deef,3.0,0.3333333333333333,3.0,13183.869999999999,4394.623333333333,429.4598738337885,11,1,2.0,1.5,7.0,2.0,1.0,0.6666666666666666,1.0,3.0,7.0,1.0,1.0,1.0,0.3333333333333333,4394.623333333333,4677.59,0.35479642927304356,110.44527777777778,19.0,0.0,2.0,0.6666666666666666,26.0,1.0,62.333333333333336,5,9.0,2,1,2,2,1,57,57,78,0.2521,0.0,0.1237,0.0763,T1,False,none
70054638-1554-4861-8431-534ac2b83220,4.0,0.4444444444444444,2.0,12900.2,3225.05,1383.5585398288476,23,0,2.0,2.0,8.0,2.0,1.0,0.75,2.0,2.0,8.0,2.0,1.0,0.5,0.4444444444444444,3225.05,4429.24,0.3433466147811661,88.64222222222222,2.0,0.0,2.0,0.75,22.0,2.0,11.25,6,12.0,2,2,2,2,2,58,58,86,0.1967,0.0,0.161,0.0515,T1,False,none
c9aa9cdf-24f3-4c9d-a113-397ce47d222f,3.0,0.3333333333333333,3.0,11848.77,3949.59,361.6129993515168,48,1,2.0,1.5,9.0,2.0,1.0,0.6666666666666666,2.0,1.5,3.0,2.0,1.0,0.6666666666666666,0.3333333333333333,3949.59,4348.06,0.3669629843435226,83.76083333333334,15.0,0.0,3.0,0.3333333333333333,21.0,0.0,52.0,7,9.0,2,2,3,2,2,70,70,118,0.1482,0.0,0.2319,0.119,T1,False,none
b5caaf9a-7279-477f-a057-715e4f5406d5,2.0,0.2222222222222222,2.0,4733.719999999999,2366.8599999999997,50.24700787111619,74,0,2.0,1.0,6.0,2.0,1.0,0.5,1.0,2.0,2.0,1.0,1.0,1.0,0.2222222222222222,2366.8599999999997,2402.39,0.5075057248844461,79.38805555555555,16.0,0.0,1.0,1.0,23.0,3.0,14.0,4,6.0,2,1,1,2,1,30,30,74,0.2714,0.0,0.1287,0.0855,T1,False,none
cb2b12bc-9257-4bc2-bfb8-1cf3e81cc3d9,4.0,0.4444444444444444,3.0,5742.14,1435.535,573.146246868982,38,1,2.0,2.0,8.0,2.0,1.0,0.75,2.0,2.0,5.0,2.0,1.0,0.75,0.4444444444444444,1435.535,2260.05,0.3935901945964397,119.09805555555556,1.0,0.0,2.0,0.5,23.0,1.0,53.0,6,12.0,2,2,2,2,2,56,58,167,0.1063,0.0,0.25,0.1704,T1,False,none
847ccaf5-bd87-48e1-956c-da19fa63faa0,4.0,0.4444444444444444,4.0,9599.94,2399.985,1550.7009740866656,28,0,1.0,4.0,11.0,1.0,1.0,1.0,1.0,4.0,3.0,1.0,1.0,1.0,0.4444444444444444,2399.985,3808.09,0.39667852090742234,197.3852777777778,4.0,0.25,1.0,1.0,11.0,3.0,9.0,3,12.0,1,1,1,1,1,22,22,50,0.3086,0.0,0.0411,0.037,T1,False,none
b6bc7f93-daa5-488c-9e6b-fd0efd9ba887,3.0,0.3333333333333333,3.0,7211.06,2403.686666666667,545.3251793502052,85,1,1.0,3.0,13.0,1.0,1.0,1.0,2.0,1.5,4.0,2.0,1.0,0.6666666666666666,0.3333333333333333,2403.686666666667,2988.07,0.41437319894717284,122.52722222222222,5.0,0.3333333333333333,2.0,0.6666666666666666,25.0,2.0,22.333333333333332,5,9.0,1,2,2,1,2,61,61,57,0.2807,0.0,0.0921,0.0244,T1,False,none
4f1012ef-b434-4eb5-8149-1b79ebb74eeb,0.0,0.0,0.0,0.0,0.0,0.0,86,1,0.0,0.0,0.0,0.0,0.0,0.0,0.0,0.0,0.0,0.0,0.0,0.0,0.0,0.0,0.0,0.0,0.0,0.0,0.0,0.0,0.0,0.0,0.0,0.0,0,0.0,0,0,0,0,0,0,0,1,0.0,0.0,0.0,0.0,T1,False,none
e1f64910-3f03-496b-8cf5-0f454e940e3f,1.0,0.1111111111111111,1.0,2498.32,2498.32,0.0,42,1,1.0,1.0,8.0,1.0,1.0,1.0,1.0,1.0,2.0,1.0,1.0,1.0,0.1111111111111111,2498.32,2498.32,1.0,0.0,11.0,1.0,1.0,1.0,26.0,0.0,69.0,3,3.0,1,1,1,1,1,33,33,89,0.2028,0.0,0.1043,0.0515,T1,False,none
798c8d12-23b6-4727-a906-d43dba77fa89,3.0,0.3333333333333333,3.0,2770.5,923.5,740.0318424905781,36,1,1.0,3.0,4.0,1.0,1.0,1.0,1.0,3.0,2.0,1.0,1.0,1.0,0.3333333333333333,923.5,1711.87,0.6178920772423749,119.28972222222222,6.0,0.3333333333333333,3.0,0.3333333333333333,24.0,0.0,41.666666666666664,5,9.0,1,1,3,1,1,60,60,121,0.1362,0.0,0.2722,0.12,T1,False,none
90cb4db3-5f14-4f0a-a9dd-abac436176ce,3.0,0.3333333333333333,2.0,5642.59,1880.8633333333335,1518.0117310591947,35,1,1.0,3.0,7.0,1.0,1.0,1.0,1.0,3.0,4.0,1.0,1.0,1.0,0.3333333333333333,1880.8633333333335,3209.95,0.5688788304661512,49.284444444444446,14.0,0.6666666666666666,3.0,0.3333333333333333,22.0,2.0,24.333333333333332,5,9.0,1,1,3,1,1,60,61,59,0.2957,0.0,0.0649,0.0215,T1,False,none
cc9ff435-bf97-42f2-8cb0-dea50ea14d43,3.0,0.3333333333333333,2.0,7136.2,2378.733333333333,1925.5646047934442,41,0,2.0,1.5,8.0,2.0,1.0,0.6666666666666666,2.0,1.5,8.0,2.0,1.0,0.6666666666666666,0.3333333333333333,2378.733333333333,3902.83,0.5469059163140046,45.5175,1.0,0.0,2.0,0.6666666666666666,18.0,0.0,64.33333333333333,6,9.0,2,2,2,2,2,51,52,121,0.1362,0.0,0.2722,0.12,T1,False,none
41534cdf-2a4b-4e56-be85-30549a4e07c9,3.0,0.3333333333333333,3.0,6778.16,2259.3866666666668,1698.4863785539565,57,0,1.0,3.0,7.0,1.0,1.0,1.0,3.0,1.0,9.0,3.0,1.0,0.3333333333333333,0.3333333333333333,2259.3866666666668,4197.64,0.619289010586944,44.10583333333334,6.0,0.0,1.0,1.0,26.0,3.0,25.0,5,9.0,1,3,1,1,3,45,45,121,0.1433,0.0,0.2418,0.1111,T1,False,none
e6eb5ca9-3a78-41c4-af4f-f50f36238fad,2.0,0.2222222222222222,2.0,7589.2,3794.6,1667.555779936611,40,1,1.0,2.0,9.0,1.0,1.0,1.0,1.0,2.0,3.0,1.0,1.0,1.0,0.2222222222222222,3794.6,4973.74,0.6553707900700996,78.1463888888889,5.0,0.5,1.0,1.0,13.0,1.0,76.0,3,6.0,1,1,1,1,1,22,22,173,0.0954,0.0,0.2136,0.1548,T1,False,none
0d3c36ae-1da1-4f7d-be38-4e19efc1a479,6.0,0.6666666666666666,6.0,10388.85,1731.4750000000001,1690.62463502399,55,0,2.0,3.0,7.0,2.0,1.0,0.6666666666666666,2.0,3.0,5.0,2.0,1.0,0.8333333333333334,0.6666666666666666,1731.4750000000001,4833.72,0.465279602650919,169.16361111111112,10.0,0.3333333333333333,4.0,0.5,22.0,1.0,12.833333333333334,8,18.0,2,2,4,2,2,88,90,59,0.2957,0.0,0.0649,0.0215,T1,False,none
0ef3b52b-2d95-46b0-b374-53a0291ba050,1.0,0.1111111111111111,1.0,4046.96,4046.96,0.0,41,1,1.0,1.0,9.0,1.0,1.0,1.0,1.0,1.0,2.0,1.0,1.0,1.0,0.1111111111111111,4046.96,4046.96,1.0,0.0,18.0,1.0,1.0,1.0,19.0,2.0,50.0,3,3.0,1,1,1,1,1,27,27,121,0.1433,0.0,0.2418,0.1111,T1,False,none
0b798d7e-d5ab-48c6-a084-c5667ddd6462,6.0,0.6666666666666666,5.0,17020.36,2836.726666666667,924.5895787357041,78,0,2.0,3.0,13.0,2.0,1.0,0.8333333333333334,1.0,6.0,4.0,1.0,1.0,1.0,0.6666666666666666,2836.726666666667,4024.91,0.23647619674319462,114.95555555555555,5.0,0.3333333333333333,2.0,0.8333333333333334,19.0,3.0,47.666666666666664,5,18.0,2,1,2,2,1,51,51,167,0.1063,0.0,0.25,0.1704,T1,False,none
a09134c5-efc3-46d8-8b7b-d10e2c17fc95,3.0,0.3333333333333333,3.0,7256.68,2418.8933333333334,1456.3957682351775,85,0,1.0,3.0,7.0,1.0,1.0,1.0,1.0,3.0,6.0,1.0,1.0,1.0,0.3333333333333333,2418.8933333333334,4070.06,0.5608708114454544,97.01805555555555,4.0,0.3333333333333333,2.0,0.6666666666666666,21.0,1.0,42.333333333333336,4,9.0,1,1,2,1,1,47,47,126,0.1498,0.0,0.1572,0.1186,T1,False,none
de849610-0b02-408f-930d-460e0e23bdd9,3.0,0.3333333333333333,3.0,10970.18,3656.726666666667,1719.252817195113,56,1,1.0,3.0,6.0,1.0,1.0,1.0,2.0,1.5,3.0,2.0,1.0,0.6666666666666666,0.3333333333333333,3656.726666666667,4925.66,0.44900448306226515,87.13277777777778,0.0,0.6666666666666666,1.0,1.0,16.0,0.0,51.0,4,9.0,1,2,1,1,2,24,24,167,0.1063,0.0,0.25,0.1704,T1,False,none
63e11e87-695d-412d-8621-65d217c2dce5,5.0,0.5555555555555556,3.0,17542.43,3508.486,1106.5357584280773,39,1,1.0,5.0,7.0,1.0,1.0,1.0,1.0,5.0,5.0,1.0,1.0,1.0,0.5555555555555556,3508.486,4635.93,0.26426954532524854,197.54111111111112,9.0,0.0,3.0,0.6,22.0,2.0,70.8,5,15.0,1,1,3,1,1,66,67,167,0.1063,0.0,0.25,0.1704,T1,False,none
83cf9b85-e01e-4207-b067-83408c516f1e,5.0,0.5555555555555556,3.0,7578.99,1515.798,1841.753790988361,46,1,1.0,5.0,6.0,1.0,1.0,1.0,2.0,2.5,5.0,2.0,1.0,0.8,0.5555555555555556,1515.798,4698.34,0.6199163740815069,75.94694444444444,0.0,0.2,1.0,1.0,22.0,1.0,53.0,4,15.0,1,2,1,1,2,33,33,50,0.3086,0.0,0.0411,0.037,T1,False,none
57e0e3d2-6807-4859-9401-63e3939f4554,5.0,0.5555555555555556,5.0,9377.119999999999,1875.4239999999998,1930.9988906470146,88,0,2.0,2.5,8.0,2.0,1.0,0.8,4.0,1.25,8.0,3.0,0.75,0.4,0.5555555555555556,1875.4239999999998,4942.29,0.5270584145238624,202.94833333333332,19.0,0.2,1.0,1.0,19.0,3.0,61.0,7,15.0,2,4,1,2,3,42,42,173,0.0954,0.0,0.2136,0.1548,T1,False,none
9a3e0487-3246-4a29-958c-ab8a320ecd5c,1.0,0.1111111111111111,1.0,293.11,293.11,0.0,63,0,1.0,1.0,7.0,1.0,1.0,1.0,1.0,1.0,5.0,1.0,1.0,1.0,0.1111111111111111,293.11,293.11,1.0,0.0,11.0,1.0,1.0,1.0,19.0,3.0,22.0,3,3.0,1,1,1,1,1,28,28,121,0.1433,0.0,0.2418,0.1111,T1,False,none
9070d9f0-92cc-4c72-811d-cef4663987d0,4.0,0.4444444444444444,3.0,8057.98,2014.495,1605.3043833595336,30,0,2.0,2.0,7.0,2.0,1.0,0.75,2.0,2.0,4.0,2.0,1.0,0.5,0.4444444444444444,2014.495,4416.03,0.5480318888853037,109.59527777777778,2.0,0.0,3.0,0.5,26.0,1.0,48.25,7,12.0,2,2,3,2,2,82,83,78,0.2521,0.0,0.1237,0.0763,T1,False,none
39ec2274-a292-4ae6-903a-7500505d0e46,4.0,0.4444444444444444,3.0,13790.95,3447.7375,674.1060043432831,57,0,1.0,4.0,6.0,1.0,1.0,1.0,1.0,4.0,4.0,1.0,1.0,1.0,0.4444444444444444,3447.7375,4289.4,0.31103005956805,62.6725,22.0,0.5,1.0,1.0,22.0,1.0,9.0,3,12.0,1,1,1,1,1,29,29,57,0.2807,0.0,0.0921,0.0244,T1,False,none
650b112f-66a4-489f-bd80-f8f6c103c917,4.0,0.4444444444444444,2.0,15916.289999999999,3979.0724999999998,1373.830095593459,64,1,1.0,4.0,6.0,1.0,1.0,1.0,2.0,2.0,8.0,2.0,1.0,0.75,0.4444444444444444,3979.0724999999998,4967.11,0.31207712350051425,124.64416666666666,2.0,0.5,3.0,0.5,26.0,1.0,64.0,6,12.0,1,2,3,1,2,70,73,74,0.2714,0.0,0.1287,0.0855,T1,False,none
e340191e-2d02-4cf7-8310-26438da2254a,4.0,0.4444444444444444,4.0,9102.33,2275.5825,2060.0194448495704,36,1,2.0,2.0,6.0,2.0,1.0,0.5,1.0,4.0,5.0,1.0,1.0,1.0,0.4444444444444444,2275.5825,4745.66,0.521367605876737,188.4475,9.0,0.25,3.0,0.5,26.0,0.0,74.75,6,12.0,2,1,3,2,1,73,76,89,0.2028,0.0,0.1043,0.0515,T1,False,none
3f446a08-de0d-49e2-bcaa-7dd964e69f8c,6.0,0.6666666666666666,5.0,20262.86,3377.1433333333334,1824.583507671454,45,0,1.0,6.0,11.0,1.0,1.0,1.0,1.0,6.0,2.0,1.0,1.0,1.0,0.6666666666666666,3377.1433333333334,4783.38,0.23606637957326854,157.66944444444445,4.0,0.3333333333333333,1.0,1.0,20.0,3.0,11.0,3,18.0,1,1,1,1,1,30,30,121,0.1362,0.0,0.2722,0.12,T1,False,none
7a1e907d-a732-41b8-8b26-5233c980133a,2.0,0.2222222222222222,2.0,4672.67,2336.335,1838.244285847232,19,0,1.0,2.0,4.0,1.0,1.0,1.0,1.0,2.0,4.0,1.0,1.0,1.0,0.2222222222222222,2336.335,3636.17,0.7781782150248145,7.4863888888888885,1.0,0.0,2.0,0.5,23.0,1.0,57.0,4,6.0,1,1,2,1,1,44,44,143,0.1277,0.0,0.241,0.0927,T1,False,none
5d940ead-1235-4835-8f30-c553b8e5b5a5,6.0,0.6666666666666666,6.0,14810.630000000001,2468.4383333333335,1342.5301386027304,24,0,4.0,1.5,12.0,4.0,1.0,0.5,3.0,2.0,4.0,3.0,1.0,0.5,0.6666666666666666,2468.4383333333335,4710.46,0.31804589001278133,196.2763888888889,0.0,0.16666666666666666,3.0,0.6666666666666666,26.0,3.0,38.666666666666664,10,18.0,4,3,3,4,3,79,81,86,0.1967,0.0,0.161,0.0515,T1,False,none
01f38bf7-58e3-4c23-9b6a-7c27c8414f3b,4.0,0.4444444444444444,4.0,7843.4,1960.85,669.0981366486286,54,0,2.0,2.0,7.0,2.0,1.0,0.75,2.0,2.0,4.0,2.0,1.0,0.75,0.4444444444444444,1960.85,2870.9,0.36602748807914937,174.1861111111111,12.0,0.25,2.0,0.75,25.0,1.0,51.5,6,12.0,2,2,2,2,2,63,63,121,0.1433,0.0,0.2418,0.1111,T1,False,none
3e1513dc-f178-431c-ab84-b9d1923f0c61,3.0,0.3333333333333333,2.0,1881.13,627.0433333333334,315.4169441126037,86,1,2.0,1.5,5.0,2.0,1.0,0.6666666666666666,3.0,1.0,8.0,3.0,1.0,0.3333333333333333,0.3333333333333333,627.0433333333334,899.44,0.4781381403730736,112.17777777777778,3.0,0.0,3.0,0.3333333333333333,18.0,1.0,53.333333333333336,8,9.0,2,3,3,2,3,66,66,167,0.1063,0.0,0.25,0.1704,T1,False,none
b4a7da6a-4cc6-4a35-bff1-04b55975dc17,1.0,0.1111111111111111,1.0,4647.03,4647.03,0.0,57,1,1.0,1.0,8.0,1.0,1.0,1.0,1.0,1.0,1.0,0.0,0.0,1.0,0.1111111111111111,4647.03,4647.03,1.0,0.0,1.0,1.0,1.0,1.0,22.0,2.0,27.0,3,3.0,1,1,1,1,0,28,28,167,0.1063,0.0,0.25,0.1704,T1,False,none
28d7e9cb-2b77-4a5d-bc51-304d7a8b86c0,10.0,1.1111111111111112,6.0,18853.7,1885.3700000000001,1311.5417252057046,32,1,2.0,5.0,10.0,2.0,1.0,0.9,3.0,3.3333333333333335,5.0,3.0,1.0,0.8,1.1111111111111112,1885.3700000000001,3685.46,0.195476749921766,205.0575,14.0,0.4,5.0,0.6,29.0,3.0,21.4,10,30.0,2,3,5,2,3,123,127,126,0.1498,0.0,0.1572,0.1186,T1,False,none
6e82c771-59b1-4408-87c8-59a0f4c2addf,3.0,0.3333333333333333,2.0,6669.860000000001,2223.286666666667,2028.6305672135907,47,1,1.0,3.0,11.0,1.0,1.0,1.0,2.0,1.5,10.0,2.0,1.0,0.6666666666666666,0.3333333333333333,2223.286666666667,4317.85,0.6473674110101262,30.561944444444446,16.0,1.0,3.0,0.3333333333333333,21.0,2.0,34.666666666666664,6,9.0,1,2,3,1,2,67,70,143,0.1277,0.0,0.241,0.0927,T1,False,none
e942ef94-af6d-4449-ae1c-4514969caba0,7.0,0.7777777777777778,6.0,14682.050000000001,2097.4357142857143,1334.7036916966144,60,0,2.0,3.5,9.0,2.0,1.0,0.8571428571428571,1.0,7.0,2.0,1.0,1.0,1.0,0.7777777777777778,2097.4357142857143,3599.73,0.24517897705020755,220.82055555555556,9.0,0.2857142857142857,3.0,0.7142857142857143,25.0,0.0,64.71428571428571,6,21.0,2,1,3,2,1,75,76,103,0.2271,0.0,0.2014,0.1192,T1,False,none
e80d5524-603c-4c08-a2cc-ecea44dff254,5.0,0.5555555555555556,4.0,13772.77,2754.554,1973.465445486695,23,1,2.0,2.5,6.0,2.0,1.0,0.8,1.0,5.0,6.0,1.0,1.0,1.0,0.5555555555555556,2754.554,4289.37,0.311438439761936,167.70833333333334,18.0,0.4,2.0,0.6,26.0,1.0,48.8,5,15.0,2,1,2,2,1,53,53,78,0.2521,0.0,0.1237,0.0763,T1,False,none
0e477497-bd86-4064-9e62-ec22ef3c3bf2,5.0,0.5555555555555556,3.0,15843.39,3168.678,1460.0468468922493,52,0,2.0,2.5,10.0,2.0,1.0,0.8,4.0,1.25,7.0,4.0,1.0,0.4,0.5555555555555556,3168.678,4437.45,0.28008210364069813,118.8788888888889,4.0,0.6,2.0,0.6,25.0,0.0,59.2,8,15.0,2,4,2,2,4,71,74,103,0.2271,0.0,0.2014,0.1192,T1,False,none
efaa7296-7af9-4be9-b2c0-80b55dc52f95,5.0,0.5555555555555556,4.0,13664.17,2732.834,2129.994997278163,13,1,2.0,2.5,8.0,2.0,1.0,0.8,2.0,2.5,6.0,2.0,1.0,0.8,0.5555555555555556,2732.834,4934.7,0.3611415841576912,177.33666666666667,20.0,0.4,1.0,1.0,22.0,3.0,74.0,5,15.0,2,2,1,2,2,39,40,121,0.1433,0.0,0.2418,0.1111,T1,False,none
9f37811e-1180-422c-805f-1874e5f10c19,1.0,0.1111111111111111,1.0,4962.94,4962.94,0.0,84,1,1.0,1.0,5.0,1.0,1.0,1.0,1.0,1.0,4.0,1.0,1.0,1.0,0.1111111111111111,4962.94,4962.94,1.0,0.0,9.0,1.0,1.0,1.0,18.0,0.0,0.0,3,3.0,1,1,1,1,1,23,24,78,0.2521,0.0,0.1237,0.0763,T1,False,none
f5c4c884-2129-4419-b001-916b0bef84e1,6.0,0.6666666666666666,5.0,16641.77,2773.6283333333336,1586.3324412923876,57,1,1.0,6.0,7.0,1.0,1.0,1.0,2.0,3.0,4.0,2.0,1.0,0.5,0.6666666666666666,2773.6283333333336,4706.94,0.2828389047559244,178.01611111111112,6.0,0.3333333333333333,3.0,0.6666666666666666,25.0,3.0,31.0,6,18.0,1,2,3,1,2,72,72,64,0.3686,0.0,0.1444,0.0659,T1,False,none
abc4b04f-dab6-484c-be75-d030d8621089,3.0,0.3333333333333333,2.0,7798.28,2599.4266666666667,1775.8323634941821,49,0,1.0,3.0,10.0,1.0,1.0,1.0,2.0,1.5,5.0,2.0,1.0,0.6666666666666666,0.3333333333333333,2599.4266666666667,3652.74,0.4684032889303795,93.5275,0.0,0.3333333333333333,2.0,0.6666666666666666,22.0,2.0,48.333333333333336,5,9.0,1,2,2,1,2,50,51,86,0.1967,0.0,0.161,0.0515,T1,False,none
68bdaed9-418c-4c64-a206-b20e4d5749c1,2.0,0.2222222222222222,2.0,7623.99,3811.995,490.28662887131685,77,1,1.0,2.0,9.0,1.0,1.0,1.0,1.0,2.0,5.0,1.0,1.0,1.0,0.2222222222222222,3811.995,4158.68,0.5454729085426397,48.75611111111111,14.0,0.5,1.0,1.0,20.0,2.0,2.0,3,6.0,1,1,1,1,1,31,31,121,0.1362,0.0,0.2722,0.12,T1,False,none
4495050f-70e1-4b4e-a3bd-28d1d4de1d3e,4.0,0.4444444444444444,4.0,9255.529999999999,2313.8824999999997,2389.4290716176674,68,0,2.0,2.0,10.0,2.0,1.0,0.75,2.0,2.0,4.0,2.0,1.0,0.75,0.4444444444444444,2313.8824999999997,4983.45,0.5384294578484431,184.19194444444443,1.0,0.25,4.0,0.25,23.0,3.0,58.5,8,12.0,2,2,4,2,2,87,90,59,0.3197,0.0,0.1098,0.0978,T1,False,none
bf7a8ac2-43df-43d2-9f7b-59ec1204c1b0,1.0,0.1111111111111111,1.0,3289.81,3289.81,0.0,73,1,1.0,1.0,5.0,1.0,1.0,1.0,1.0,1.0,1.0,0.0,0.0,1.0,0.1111111111111111,3289.81,3289.81,1.0,0.0,2.0,1.0,1.0,1.0,12.0,2.0,78.0,3,3.0,1,1,1,1,0,15,15,143,0.1277,0.0,0.241,0.0927,T1,False,none
3ed51454-bc32-400d-b9ca-dd38b2fa470c,4.0,0.4444444444444444,3.0,9900.32,2475.08,1721.823683365983,11,1,2.0,2.0,9.0,2.0,1.0,0.5,1.0,4.0,1.0,0.0,0.0,1.0,0.4444444444444444,2475.08,4539.31,0.458501341370784,54.56388888888889,4.0,0.0,3.0,0.5,26.0,3.0,55.5,6,12.0,2,1,3,2,0,76,76,89,0.2028,0.0,0.1043,0.0515,T1,False,none
8c032e06-4e65-47b3-b305-8369542ac860,3.0,0.3333333333333333,3.0,6237.39,2079.13,1427.9094847713563,62,0,2.0,1.5,10.0,2.0,1.0,0.6666666666666666,2.0,1.5,4.0,2.0,1.0,0.6666666666666666,0.3333333333333333,2079.13,3191.8,0.5117204471742187,41.795833333333334,6.0,0.6666666666666666,3.0,0.3333333333333333,21.0,2.0,30.333333333333332,7,9.0,2,2,3,2,2,69,69,167,0.1063,0.0,0.25,0.1704,T1,False,none
d27f5467-e1f5-4474-9869-2aa807a87ec6,1.0,0.1111111111111111,1.0,215.42,215.42,0.0,46,1,1.0,1.0,8.0,1.0,1.0,1.0,1.0,1.0,6.0,1.0,1.0,1.0,0.1111111111111111,215.42,215.42,1.0,0.0,12.0,1.0,1.0,1.0,20.0,0.0,57.0,3,3.0,1,1,1,1,1,31,31,143,0.1277,0.0,0.241,0.0927,T1,False,none
03b297fd-5e05-413f-b8df-94a4c8028e27,5.0,0.5555555555555556,5.0,18349.41,3669.882,1621.7972554761584,35,0,2.0,2.5,7.0,2.0,1.0,0.8,2.0,2.5,5.0,2.0,1.0,0.8,0.5555555555555556,3669.882,4676.51,0.25485887557147613,170.92444444444445,4.0,0.2,3.0,0.4,25.0,2.0,27.4,7,15.0,2,2,3,2,2,77,77,104,0.1637,0.0,0.1654,0.1067,T1,False,none
721dad50-1ca4-431f-8440-eb58c78964ae,7.0,0.7777777777777778,6.0,14189.329999999998,2027.0471428571425,1415.5380329014392,42,1,4.0,1.75,14.0,4.0,1.0,0.42857142857142855,3.0,2.3333333333333335,7.0,3.0,1.0,0.5714285714285714,0.7777777777777778,2027.0471428571425,4632.71,0.3264925123314491,203.82166666666666,17.0,0.14285714285714285,2.0,0.8571428571428571,20.0,2.0,15.714285714285714,9,21.0,4,3,2,4,3,71,71,50,0.3086,0.0,0.0411,0.037,T1,False,none
bee9ea4e-0e6f-42ba-b834-ef94fb2b80d4,4.0,0.4444444444444444,3.0,10093.76,2523.44,1394.428806381547,67,1,2.0,2.0,10.0,2.0,1.0,0.75,3.0,1.3333333333333333,7.0,2.0,0.6666666666666666,0.5,0.4444444444444444,2523.44,3925.94,0.38894723076435345,75.45527777777778,0.0,0.5,2.0,0.75,27.0,3.0,43.75,7,12.0,2,3,2,2,2,69,71,126,0.1498,0.0,0.1572,0.1186,T1,False,none
cf68536d-7dc8-4556-9ca4-63b427576e8a,3.0,0.3333333333333333,3.0,9764.24,3254.7466666666664,1032.2127963910027,88,0,1.0,3.0,9.0,1.0,1.0,1.0,2.0,1.5,4.0,2.0,1.0,0.6666666666666666,0.3333333333333333,3254.7466666666664,3850.79,0.39437682809926833,107.8788888888889,3.0,0.3333333333333333,1.0,1.0,20.0,3.0,82.0,4,9.0,1,2,1,1,2,31,31,121,0.1433,0.0,0.2418,0.1111,T1,False,none
98142310-9e2a-48f0-bceb-7c7be4bb1019,2.0,0.2222222222222222,2.0,8720.55,4360.275,868.6594674842379,62,1,1.0,2.0,5.0,1.0,1.0,1.0,1.0,2.0,5.0,1.0,1.0,1.0,0.2222222222222222,4360.275,4974.51,0.5704353509813028,140.68416666666667,6.0,0.0,1.0,1.0,19.0,3.0,26.0,3,6.0,1,1,1,1,1,26,26,57,0.2807,0.0,0.0921,0.0244,T1,False,none
5258543d-f84e-480a-8f77-220ffd435894,2.0,0.2222222222222222,2.0,4217.64,2108.82,1801.227245852116,81,1,1.0,2.0,6.0,1.0,1.0,1.0,2.0,1.0,9.0,2.0,1.0,0.5,0.2222222222222222,2108.82,3382.48,0.8019840479509868,107.33111111111111,2.0,0.5,2.0,0.5,26.0,2.0,54.5,5,6.0,1,2,2,1,2,61,61,59,0.2957,0.0,0.0649,0.0215,T1,False,none
416b9fbc-9305-4a31-84a5-98f73b07d7ac,3.0,0.3333333333333333,3.0,6398.11,2132.7033333333334,1634.2133891366004,68,0,3.0,1.0,11.0,3.0,1.0,0.3333333333333333,1.0,3.0,3.0,1.0,1.0,1.0,0.3333333333333333,2132.7033333333334,3552.1,0.5551795764686759,116.21055555555556,18.0,0.6666666666666666,2.0,0.6666666666666666,27.0,1.0,77.33333333333333,6,9.0,3,1,2,3,1,73,73,126,0.1498,0.0,0.1572,0.1186,T1,False,none
d0aecd2c-b7b2-4d9c-abe7-f7c47d3c2fd1,3.0,0.3333333333333333,2.0,10069.24,3356.4133333333334,1134.0946206262215,17,0,1.0,3.0,5.0,1.0,1.0,1.0,2.0,1.5,5.0,2.0,1.0,0.6666666666666666,0.3333333333333333,3356.4133333333334,4664.8,0.4632723025769572,188.7975,0.0,0.0,3.0,0.3333333333333333,25.0,0.0,66.66666666666667,6,9.0,1,2,3,1,2,72,72,143,0.1277,0.0,0.241,0.0927,T1,False,none
f4fde758-2760-48af-93d9-deeb6d7a93a6,5.0,0.5555555555555556,5.0,11894.560000000001,2378.9120000000003,1777.3640623603258,53,1,2.0,2.5,7.0,2.0,1.0,0.6,1.0,5.0,5.0,1.0,1.0,1.0,0.5555555555555556,2378.9120000000003,4467.06,0.3755548755061137,116.39666666666666,11.0,0.4,2.0,0.8,26.0,0.0,64.0,5,15.0,2,1,2,2,1,61,61,89,0.2028,0.0,0.1043,0.0515,T1,False,none
18d73d0b-ba16-4c5b-9978-07386a973d2d,3.0,0.3333333333333333,3.0,7112.49,2370.83,1590.847554575862,65,0,2.0,1.5,8.0,2.0,1.0,0.6666666666666666,1.0,3.0,6.0,1.0,1.0,1.0,0.3333333333333333,2370.83,3833.0,0.5389111267643258,168.49138888888888,6.0,0.0,2.0,0.6666666666666666,21.0,2.0,15.333333333333334,5,9.0,2,1,2,2,1,55,55,121,0.1433,0.0,0.2418,0.1111,T1,False,none
63f5063a-465c-42f3-a5dd-0ac25543cda7,5.0,0.5555555555555556,4.0,11247.04,2249.4080000000004,1019.7894791181168,56,0,1.0,5.0,9.0,1.0,1.0,1.0,1.0,5.0,3.0,1.0,1.0,1.0,0.5555555555555556,2249.4080000000004,3466.9,0.3082499928870174,190.9188888888889,21.0,0.2,2.0,0.6,20.0,2.0,76.6,4,15.0,1,1,2,1,1,47,47,89,0.2028,0.0,0.1043,0.0515,T1,False,none
25742750-e424-4d7f-b424-57b77be80f49,2.0,0.2222222222222222,2.0,8643.41,4321.705,632.3443812116936,50,0,1.0,2.0,8.0,1.0,1.0,1.0,1.0,2.0,4.0,1.0,1.0,1.0,0.2222222222222222,4321.705,4768.84,0.5517313190048835,218.65555555555557,0.0,0.5,1.0,1.0,13.0,0.0,31.0,3,6.0,1,1,1,1,1,22,22,126,0.1498,0.0,0.1572,0.1186,T1,False,none
6165a5e9-283e-4771-a1d6-93482df8f249,6.0,0.6666666666666666,6.0,19601.88,3266.98,1264.039289563422,11,0,1.0,6.0,9.0,1.0,1.0,1.0,1.0,6.0,7.0,1.0,1.0,1.0,0.6666666666666666,3266.98,4810.56,0.2454131950608819,231.52333333333334,6.0,0.5,1.0,1.0,19.0,1.0,46.0,3,18.0,1,1,1,1,1,32,32,173,0.0954,0.0,0.2136,0.1548,T1,False,none
86bd6155-fb66-4bca-b951-8ca9fc9f2fd4,5.0,0.5555555555555556,5.0,11389.380000000001,2277.876,1704.7227807124536,48,1,3.0,1.6666666666666667,10.0,3.0,1.0,0.6,2.0,2.5,6.0,2.0,1.0,0.8,0.5555555555555556,2277.876,4161.7,0.3654018041368362,163.96416666666667,0.0,0.2,3.0,0.4,21.0,1.0,57.6,8,15.0,3,2,3,3,2,82,84,173,0.0954,0.0,0.2136,0.1548,T1,False,none
4457e3af-a81a-4019-9e7e-fa0608669669,2.0,0.2222222222222222,2.0,4535.1,2267.55,1589.561901971735,63,0,2.0,1.0,7.0,2.0,1.0,0.5,2.0,1.0,6.0,2.0,1.0,0.5,0.2222222222222222,2267.55,3391.54,0.7478423849529227,229.91833333333332,3.0,0.0,1.0,1.0,23.0,0.0,3.0,5,6.0,2,2,1,2,2,41,41,121,0.1433,0.0,0.2418,0.1111,T1,False,none
02bc6baf-9f9b-48f2-be7c-8a4247ccd150,4.0,0.4444444444444444,3.0,15710.86,3927.715,704.6658319373803,15,0,1.0,4.0,4.0,1.0,1.0,1.0,3.0,1.3333333333333333,7.0,3.0,1.0,0.5,0.4444444444444444,3927.715,4393.37,0.27963905222247537,46.23555555555556,2.0,0.0,2.0,0.75,21.0,2.0,19.5,6,12.0,1,3,2,1,3,56,57,121,0.1433,0.0,0.2418,0.1111,T1,False,none
1f1e4fdb-1dd1-4691-b2ac-208e1044ad83,1.0,0.1111111111111111,1.0,3577.77,3577.77,0.0,24,0,1.0,1.0,7.0,1.0,1.0,1.0,1.0,1.0,6.0,1.0,1.0,1.0,0.1111111111111111,3577.77,3577.77,1.0,0.0,22.0,1.0,1.0,1.0,22.0,1.0,63.0,3,3.0,1,1,1,1,1,32,32,104,0.1637,0.0,0.1654,0.1067,T1,False,none
8c10fbf2-989e-419a-8289-d00454bb7fab,2.0,0.2222222222222222,2.0,4026.2799999999997,2013.1399999999999,150.85416069833806,42,0,1.0,2.0,7.0,1.0,1.0,1.0,1.0,2.0,5.0,1.0,1.0,1.0,0.2222222222222222,2013.1399999999999,2119.81,0.5264934381116068,122.125,21.0,0.0,2.0,0.5,25.0,2.0,54.0,4,6.0,1,1,2,1,1,53,53,143,0.1277,0.0,0.241,0.0927,T1,False,none
284e649d-a036-4caa-983a-495b88e87789,6.0,0.6666666666666666,6.0,18469.649999999998,3078.2749999999996,1333.5113226478431,34,0,1.0,6.0,6.0,1.0,1.0,1.0,2.0,3.0,8.0,1.0,0.5,0.8333333333333334,0.6666666666666666,3078.2749999999996,4632.16,0.25079847208799305,203.0113888888889,3.0,0.3333333333333333,3.0,0.3333333333333333,26.0,2.0,25.666666666666668,6,18.0,1,2,3,1,1,70,71,65,0.3611,0.0,0.0889,0.0707,T1,False,none
34df5f49-f86a-4400-bae2-729d8186b566,5.0,0.5555555555555556,4.0,14163.36,2832.672,651.0050410864727,41,0,1.0,5.0,7.0,1.0,1.0,1.0,2.0,2.5,6.0,2.0,1.0,0.8,0.5555555555555556,2832.672,3380.61,0.2386870064730403,182.2602777777778,2.0,0.2,3.0,0.6,29.0,2.0,47.2,6,15.0,1,2,3,1,2,77,78,103,0.2271,0.0,0.2014,0.1192,T1,False,none
48967bd3-cc3d-42a3-bcb2-4050b0ab6583,4.0,0.4444444444444444,3.0,15139.970000000001,3784.9925000000003,668.0654134825922,50,0,2.0,2.0,7.0,2.0,1.0,0.75,2.0,2.0,6.0,2.0,1.0,0.75,0.4444444444444444,3784.9925000000003,4712.93,0.31129057719401027,145.97666666666666,6.0,0.25,2.0,0.75,24.0,0.0,58.75,6,12.0,2,2,2,2,2,56,57,64,0.3686,0.0,0.1444,0.0659,T1,False,none
d84417eb-5384-4127-acaf-60c9a7a596e0,1.0,0.1111111111111111,1.0,706.58,706.58,0.0,46,1,1.0,1.0,4.0,1.0,1.0,1.0,1.0,1.0,2.0,1.0,1.0,1.0,0.1111111111111111,706.58,706.58,1.0,0.0,17.0,0.0,1.0,1.0,21.0,3.0,87.0,3,3.0,1,1,1,1,1,24,24,59,0.2957,0.0,0.0649,0.0215,T1,False,none
c89416d2-0611-4a94-9bfe-3d6bcd571428,7.0,0.7777777777777778,6.0,12827.47,1832.4957142857143,907.5792844311572,16,0,2.0,3.5,9.0,2.0,1.0,0.7142857142857143,1.0,7.0,6.0,1.0,1.0,1.0,0.7777777777777778,1832.4957142857143,3562.12,0.27769466621243316,190.85416666666666,0.0,0.2857142857142857,1.0,1.0,21.0,0.0,51.0,4,21.0,2,1,1,2,1,39,39,167,0.1063,0.0,0.25,0.1704,T1,False,none
e7df0647-1479-4b3a-9949-67a1ab51a633,4.0,0.4444444444444444,4.0,5876.049999999999,1469.0124999999998,1154.355022696657,29,0,1.0,4.0,5.0,1.0,1.0,1.0,2.0,2.0,6.0,2.0,1.0,0.75,0.4444444444444444,1469.0124999999998,2510.74,0.4272836344142749,119.0375,4.0,0.25,1.0,1.0,21.0,0.0,51.0,4,12.0,1,2,1,1,2,34,34,167,0.1063,0.0,0.25,0.1704,T1,False,none
4d9ed578-25e3-4078-b2db-c64f6c2b298f,3.0,0.3333333333333333,2.0,5107.42,1702.4733333333334,1360.5887125187146,82,1,1.0,3.0,8.0,1.0,1.0,1.0,2.0,1.5,6.0,2.0,1.0,0.6666666666666666,0.3333333333333333,1702.4733333333334,3195.17,0.625593744003822,125.09833333333333,0.0,0.6666666666666666,3.0,0.3333333333333333,23.0,0.0,8.666666666666666,6,9.0,1,2,3,1,2,63,63,143,0.1277,0.0,0.241,0.0927,T1,False,none
9c83878c-3dfa-4e93-bfd5-1403e200fc7d,6.0,0.6666666666666666,5.0,13898.05,2316.3416666666667,1777.0769540052752,37,0,1.0,6.0,7.0,1.0,1.0,1.0,3.0,2.0,6.0,3.0,1.0,0.5,0.6666666666666666,2316.3416666666667,4720.11,0.3396239040728735,195.20388888888888,4.0,0.16666666666666666,1.0,1.0,11.0,2.0,69.0,5,18.0,1,3,1,1,3,26,26,104,0.1637,0.0,0.1654,0.1067,T1,False,none
90627865-af4e-47f8-9fbd-aea6ccb89b34,5.0,0.5555555555555556,5.0,14875.11,2975.022,1746.4017726370985,81,0,1.0,5.0,3.0,1.0,1.0,1.0,2.0,2.5,7.0,2.0,1.0,0.8,0.5555555555555556,2975.022,4671.25,0.3140312911971743,180.575,8.0,0.2,2.0,0.8,18.0,2.0,25.8,5,15.0,1,2,2,1,2,43,44,173,0.0954,0.0,0.2136,0.1548,T1,False,none
a86f97f3-3146-494b-9e66-eb8434b2d46c,2.0,0.2222222222222222,2.0,2072.7,1036.35,765.9663496525156,51,1,2.0,1.0,8.0,2.0,1.0,0.5,1.0,2.0,3.0,1.0,1.0,1.0,0.2222222222222222,1036.35,1577.97,0.7613113330438559,158.01333333333332,8.0,0.0,2.0,0.5,29.0,2.0,45.5,5,6.0,2,1,2,2,1,59,59,64,0.3686,0.0,0.1444,0.0659,T1,False,none
20de8b75-eccc-478f-9ff3-39d877158c29,6.0,0.6666666666666666,5.0,20361.29,3393.5483333333336,1033.4031881200417,18,0,2.0,3.0,10.0,2.0,1.0,0.8333333333333334,2.0,3.0,5.0,2.0,1.0,0.5,0.6666666666666666,3393.5483333333336,4754.68,0.23351565642451927,225.74583333333334,6.0,0.3333333333333333,3.0,0.6666666666666666,26.0,3.0,24.833333333333332,7,18.0,2,2,3,2,2,89,90,126,0.1498,0.0,0.1572,0.1186,T1,False,none
1c03d5ac-8661-4ed7-aa05-3342bf59728d,2.0,0.2222222222222222,2.0,8643.76,4321.88,704.3773490111676,80,0,1.0,2.0,10.0,1.0,1.0,1.0,1.0,2.0,4.0,1.0,1.0,1.0,0.2222222222222222,4321.88,4819.95,0.5576219145371921,52.596666666666664,4.0,0.5,2.0,0.5,22.0,2.0,41.5,4,6.0,1,1,2,1,1,48,49,59,0.2957,0.0,0.0649,0.0215,T1,False,none
0af0a124-527b-48e7-bcea-7ba67fadedb0,1.0,0.1111111111111111,1.0,4370.3,4370.3,0.0,13,0,1.0,1.0,5.0,1.0,1.0,1.0,1.0,1.0,1.0,0.0,0.0,1.0,0.1111111111111111,4370.3,4370.3,1.0,0.0,1.0,0.0,1.0,1.0,19.0,3.0,61.0,3,3.0,1,1,1,1,0,22,22,173,0.0954,0.0,0.2136,0.1548,T1,False,none
50af1c00-9f84-4891-8f5f-e978273228f5,4.0,0.4444444444444444,3.0,7967.73,1991.9325,1905.242944742656,57,0,1.0,4.0,10.0,1.0,1.0,1.0,2.0,2.0,5.0,2.0,1.0,0.5,0.4444444444444444,1991.9325,4824.25,0.605473579049491,110.40166666666667,8.0,0.25,1.0,1.0,19.0,1.0,68.0,4,12.0,1,2,1,1,2,32,33,65,0.3611,0.0,0.0889,0.0707,T1,False,none
113857c0-c50c-4078-a92a-b18f495ebd26,4.0,0.4444444444444444,3.0,6155.1900000000005,1538.7975000000001,1378.071359070954,24,0,2.0,2.0,6.0,2.0,1.0,0.75,3.0,1.3333333333333333,6.0,3.0,1.0,0.5,0.4444444444444444,1538.7975000000001,3379.9,0.5491138372657871,84.92194444444445,1.0,0.75,3.0,0.5,25.0,0.0,58.5,8,12.0,2,3,3,2,3,81,83,121,0.1433,0.0,0.2418,0.1111,T1,False,none
2406c776-b48c-47de-b231-fccb2257a81f,2.0,0.2222222222222222,2.0,6742.64,3371.32,1667.5699220722352,61,1,2.0,1.0,6.0,2.0,1.0,0.5,1.0,2.0,2.0,1.0,1.0,1.0,0.2222222222222222,3371.32,4550.47,0.6748795723930092,116.8386111111111,0.0,0.0,2.0,0.5,19.0,1.0,54.0,5,6.0,2,1,2,2,1,47,47,121,0.1362,0.0,0.2722,0.12,T1,False,none
3d8095e9-5cc3-4b00-ba28-3cb47536acda,5.0,0.5555555555555556,4.0,10569.35,2113.87,1783.0959246910975,74,0,3.0,1.6666666666666667,7.0,3.0,1.0,0.6,3.0,1.6666666666666667,6.0,3.0,1.0,0.6,0.5555555555555556,2113.87,4232.84,0.40048252730773415,135.8488888888889,3.0,0.2,2.0,0.8,23.0,0.0,34.2,8,15.0,3,3,2,3,3,62,63,59,0.3197,0.0,0.1098,0.0978,T1,False,none
36fb804b-f17d-4e08-8fa0-f6b7fcbfbb14,4.0,0.4444444444444444,3.0,7599.340000000001,1899.8350000000003,1649.1954700903914,57,1,1.0,4.0,8.0,1.0,1.0,1.0,1.0,4.0,5.0,1.0,1.0,1.0,0.4444444444444444,1899.8350000000003,4371.6,0.5752604831472207,96.04722222222222,3.0,0.25,3.0,0.5,23.0,2.0,50.25,5,12.0,1,1,3,1,1,66,66,173,0.0954,0.0,0.2136,0.1548,T1,False,none
8539c84a-d3b4-4583-b135-57e20c151471,2.0,0.2222222222222222,1.0,4892.9,2446.45,1080.4025931105496,21,0,1.0,2.0,11.0,1.0,1.0,1.0,1.0,2.0,2.0,1.0,1.0,1.0,0.2222222222222222,2446.45,3210.41,0.6561364426005027,6.0,15.0,0.0,1.0,1.0,20.0,2.0,14.0,3,6.0,1,1,1,1,1,30,30,118,0.1482,0.0,0.2319,0.119,T1,False,none
f2031c6e-d20a-4bc1-a884-6e45ff48a86f,3.0,0.3333333333333333,3.0,4734.2300000000005,1578.0766666666668,1314.9933045583668,49,0,2.0,1.5,11.0,2.0,1.0,0.6666666666666666,1.0,3.0,2.0,1.0,1.0,1.0,0.3333333333333333,1578.0766666666668,2901.78,0.6129360001520838,118.60555555555555,16.0,0.0,3.0,0.3333333333333333,22.0,0.0,70.0,6,9.0,2,1,3,2,1,62,62,89,0.2028,0.0,0.1043,0.0515,T1,False,none
2af8de7c-ac7d-4a19-a5fc-e589e7ef5831,3.0,0.3333333333333333,3.0,9440.39,3146.7966666666666,2686.4031119013644,39,1,2.0,1.5,10.0,2.0,1.0,0.6666666666666666,2.0,1.5,3.0,2.0,1.0,0.6666666666666666,0.3333333333333333,3146.7966666666666,4837.59,0.5124353972664265,138.23694444444445,11.0,0.6666666666666666,1.0,1.0,11.0,0.0,41.0,5,9.0,2,2,1,2,2,31,31,104,0.1637,0.0,0.1654,0.1067,T1,False,none
8e002ea4-e7d1-45bf-ae45-3e487fb63878,4.0,0.4444444444444444,2.0,10356.779999999999,2589.1949999999997,1290.351347540661,30,0,1.0,4.0,4.0,1.0,1.0,1.0,2.0,2.0,9.0,2.0,1.0,0.75,0.4444444444444444,2589.1949999999997,4070.42,0.39301983821226294,80.41027777777778,11.0,0.25,1.0,1.0,15.0,1.0,84.0,4,12.0,1,2,1,1,2,27,27,74,0.2714,0.0,0.1287,0.0855,T1,False,none
68e9bb25-e2fa-4851-9ef1-deaf68e59e31,6.0,0.6666666666666666,5.0,9258.26,1543.0433333333333,1402.922052655338,51,0,2.0,3.0,11.0,2.0,1.0,0.8333333333333334,1.0,6.0,2.0,1.0,1.0,1.0,0.6666666666666666,1543.0433333333333,4067.83,0.43937305714032654,223.6325,5.0,0.0,2.0,0.8333333333333334,19.0,1.0,74.83333333333333,5,18.0,2,1,2,2,1,51,52,173,0.0954,0.0,0.2136,0.1548,T1,False,none
e2b93c17-2b82-4a22-b1d9-bf41378bbee0,2.0,0.2222222222222222,2.0,7144.1900000000005,3572.0950000000003,1381.2270310307429,49,1,1.0,2.0,9.0,1.0,1.0,1.0,1.0,2.0,7.0,1.0,1.0,1.0,0.2222222222222222,3572.0950000000003,4548.77,0.6367089901024469,224.6436111111111,6.0,0.0,1.0,1.0,26.0,2.0,52.0,3,6.0,1,1,1,1,1,38,39,86,0.1967,0.0,0.161,0.0515,T1,False,none
351b35fe-b5ae-489c-968b-6715ea01a540,0.0,0.0,0.0,0.0,0.0,0.0,75,0,0.0,0.0,0.0,0.0,0.0,0.0,0.0,0.0,0.0,0.0,0.0,0.0,0.0,0.0,0.0,0.0,0.0,0.0,0.0,0.0,0.0,0.0,0.0,0.0,0,0.0,0,0,0,0,0,0,0,1,0.0,0.0,0.0,0.0,T1,False,none
f4291ac3-5cfd-488f-9a2a-2fba0be287f0,5.0,0.5555555555555556,3.0,16538.91,3307.782,1304.8006874308428,14,0,2.0,2.5,11.0,2.0,1.0,0.8,2.0,2.5,2.0,2.0,1.0,0.6,0.5555555555555556,3307.782,4225.27,0.255474514342239,27.9825,3.0,0.0,3.0,0.6,24.0,3.0,62.0,7,15.0,2,2,3,2,2,80,81,121,0.1433,0.0,0.2418,0.1111,T1,False,none
db32945f-a299-4966-a81d-2c2e7818c067,4.0,0.4444444444444444,3.0,8606.619999999999,2151.6549999999997,1302.1727270604313,46,1,3.0,1.3333333333333333,15.0,3.0,1.0,0.5,2.0,2.0,6.0,2.0,1.0,0.75,0.4444444444444444,2151.6549999999997,3365.46,0.3910315547799253,139.38583333333332,20.0,0.0,3.0,0.5,26.0,2.0,62.25,8,12.0,3,2,3,3,2,84,85,86,0.1967,0.0,0.161,0.0515,T1,False,none
87c76c32-7de8-4e00-84de-fbcb846f1465,5.0,0.5555555555555556,3.0,11845.220000000001,2369.0440000000003,1663.2962830866904,36,1,5.0,1.0,7.0,5.0,1.0,0.2,2.0,2.5,7.0,2.0,1.0,0.8,0.5555555555555556,2369.0440000000003,4437.35,0.37461102453141437,115.68222222222222,3.0,0.0,2.0,0.8,25.0,1.0,10.2,9,15.0,5,2,2,5,2,68,69,103,0.2271,0.0,0.2014,0.1192,T1,False,none
7f7d9ad3-63d6-481f-9a47-600e144237b2,1.0,0.1111111111111111,1.0,1530.24,1530.24,0.0,64,1,1.0,1.0,5.0,1.0,1.0,1.0,1.0,1.0,1.0,0.0,0.0,1.0,0.1111111111111111,1530.24,1530.24,1.0,0.0,14.0,0.0,1.0,1.0,20.0,1.0,6.0,3,3.0,1,1,1,1,0,23,23,104,0.1637,0.0,0.1654,0.1067,T1,False,none
c5e295f0-ea02-4c53-9778-bd8285662e2a,4.0,0.4444444444444444,3.0,8697.28,2174.32,1437.784543316557,36,0,3.0,1.3333333333333333,8.0,3.0,1.0,0.5,2.0,2.0,4.0,2.0,1.0,0.75,0.4444444444444444,2174.32,3692.54,0.4245626218771846,225.8125,7.0,0.0,3.0,0.5,21.0,3.0,22.25,8,12.0,3,2,3,3,2,77,78,78,0.2521,0.0,0.1237,0.0763,T1,False,none
120865bb-7050-4073-bc97-6f541e2cadc3,4.0,0.4444444444444444,4.0,15191.74,3797.935,540.9583520937636,56,1,1.0,4.0,9.0,1.0,1.0,1.0,2.0,2.0,7.0,2.0,1.0,0.75,0.4444444444444444,3797.935,4260.22,0.280430023157321,191.94944444444445,22.0,0.0,3.0,0.5,27.0,3.0,42.75,6,12.0,1,2,3,1,2,82,82,126,0.1498,0.0,0.1572,0.1186,T1,False,none
c58e0aad-0c22-490a-9759-6b3e5ffb60c0,2.0,0.2222222222222222,2.0,8372.98,4186.49,433.9938580210554,38,0,2.0,1.0,9.0,2.0,1.0,0.5,1.0,2.0,4.0,1.0,1.0,1.0,0.2222222222222222,4186.49,4493.37,0.5366512281171101,163.47694444444446,6.0,0.0,2.0,0.5,22.0,0.0,53.0,5,6.0,2,1,2,2,1,56,57,167,0.1063,0.0,0.25,0.1704,T1,False,none
284195d4-53e6-406c-9ad2-61cd7db62a82,3.0,0.3333333333333333,3.0,7803.22,2601.0733333333333,2191.492621692652,15,0,2.0,1.5,7.0,2.0,1.0,0.6666666666666666,1.0,3.0,5.0,1.0,1.0,1.0,0.3333333333333333,2601.0733333333333,4331.3,0.5550657292758631,144.0847222222222,14.0,0.3333333333333333,3.0,0.3333333333333333,25.0,0.0,31.333333333333332,6,9.0,2,1,3,2,1,70,70,103,0.2271,0.0,0.2014,0.1192,T1,False,none
4b3cfb5b-1048-4a4b-b244-6aec07c82b45,4.0,0.4444444444444444,4.0,10336.8,2584.2,1262.8463315067277,51,1,2.0,2.0,7.0,2.0,1.0,0.75,1.0,4.0,4.0,1.0,1.0,1.0,0.4444444444444444,2584.2,3724.99,0.3603620075845523,95.77305555555556,5.0,0.0,2.0,0.5,20.0,0.0,45.0,5,12.0,2,1,2,2,1,45,45,173,0.0954,0.0,0.2136,0.1548,T1,False,none
ee3cb113-fb15-4606-9171-dc255e05e7f3,0.0,0.0,0.0,0.0,0.0,0.0,23,1,0.0,0.0,0.0,0.0,0.0,0.0,0.0,0.0,0.0,0.0,0.0,0.0,0.0,0.0,0.0,0.0,0.0,0.0,0.0,0.0,0.0,0.0,0.0,0.0,0,0.0,0,0,0,0,0,0,0,1,0.0,0.0,0.0,0.0,T1,False,none
b2b80f74-ec6f-4692-9df5-d0855e1ede0e,4.0,0.4444444444444444,4.0,9267.71,2316.9275,2039.6640603846997,84,0,2.0,2.0,8.0,1.0,0.5,0.75,2.0,2.0,3.0,2.0,1.0,0.5,0.4444444444444444,2316.9275,4386.33,0.4732916761530087,145.18277777777777,14.0,0.25,1.0,1.0,11.0,0.0,41.0,5,12.0,2,2,1,1,2,21,21,104,0.1637,0.0,0.1654,0.1067,T1,False,none
e8e45e87-e98c-4f04-8741-0969d37f8977,4.0,0.4444444444444444,2.0,9874.32,2468.58,1870.0011900709226,44,0,1.0,4.0,5.0,1.0,1.0,1.0,1.0,4.0,5.0,1.0,1.0,1.0,0.4444444444444444,2468.58,4432.59,0.44890078506671854,66.16666666666667,0.0,0.0,3.0,0.5,29.0,1.0,32.25,5,12.0,1,1,3,1,1,79,81,103,0.2271,0.0,0.2014,0.1192,T1,False,none
427c0c73-a49e-41c7-b0a1-132a60138600,3.0,0.3333333333333333,2.0,8505.26,2835.0866666666666,466.6868038988604,21,1,1.0,3.0,7.0,1.0,1.0,1.0,1.0,3.0,6.0,1.0,1.0,1.0,0.3333333333333333,2835.0866666666666,3214.52,0.37794494230629044,24.36861111111111,6.0,0.0,3.0,0.3333333333333333,26.0,0.0,41.0,5,9.0,1,1,3,1,1,69,70,89,0.2028,0.0,0.1043,0.0515,T1,False,none
eb4abf26-c8db-421d-8324-8b917140c16c,3.0,0.3333333333333333,2.0,5801.88,1933.96,1521.6383193453034,16,1,1.0,3.0,7.0,1.0,1.0,1.0,1.0,3.0,5.0,1.0,1.0,1.0,0.3333333333333333,1933.96,3457.43,0.5959154618847683,82.09833333333333,9.0,0.6666666666666666,2.0,0.6666666666666666,23.0,2.0,59.666666666666664,4,9.0,1,1,2,1,1,49,51,121,0.1433,0.0,0.2418,0.1111,T1,False,none
089a01c8-69b3-462f-9067-f569e195bc68,4.0,0.4444444444444444,3.0,7604.66,1901.165,121.22542486348861,51,1,2.0,2.0,4.0,2.0,1.0,0.75,2.0,2.0,4.0,2.0,1.0,0.75,0.4444444444444444,1901.165,2038.35,0.26803959677355726,138.65,15.0,0.5,3.0,0.5,26.0,1.0,42.75,7,12.0,2,2,3,2,2,74,76,74,0.2714,0.0,0.1287,0.0855,T1,False,none
cd5256d6-3163-4b13-bc80-5719b8831cc7,4.0,0.4444444444444444,2.0,8836.24,2209.06,1745.2370108956547,50,0,1.0,4.0,13.0,1.0,1.0,1.0,1.0,4.0,4.0,1.0,1.0,1.0,0.4444444444444444,2209.06,4761.41,0.5388502349415588,146.2788888888889,1.0,0.0,3.0,0.5,29.0,3.0,39.25,5,12.0,1,1,3,1,1,86,87,103,0.2271,0.0,0.2014,0.1192,T1,False,none
433eaeb3-244a-4af6-931e-8cc58081fd65,7.0,0.7777777777777778,6.0,14798.26,2114.037142857143,1105.2491652671852,37,1,1.0,7.0,10.0,1.0,1.0,1.0,1.0,7.0,4.0,1.0,1.0,1.0,0.7777777777777778,2114.037142857143,3416.33,0.2308602497861235,131.82944444444445,5.0,0.14285714285714285,4.0,0.5714285714285714,20.0,2.0,20.0,6,21.0,1,1,4,1,1,83,83,121,0.1362,0.0,0.2722,0.12,T1,False,none
eb9d0483-b23a-460a-adb8-df9fe4f426e0,3.0,0.3333333333333333,3.0,7958.0199999999995,2652.673333333333,1219.3311666784102,77,1,2.0,1.5,5.0,2.0,1.0,0.6666666666666666,1.0,3.0,5.0,1.0,1.0,1.0,0.3333333333333333,2652.673333333333,4049.08,0.5088049539960945,102.09833333333333,5.0,0.0,2.0,0.6666666666666666,18.0,3.0,43.666666666666664,5,9.0,2,1,2,2,1,38,38,121,0.1362,0.0,0.2722,0.12,T1,False,none
7ebd0191-a252-4827-9c47-7ce372467312,1.0,0.1111111111111111,1.0,3043.72,3043.72,0.0,68,0,1.0,1.0,9.0,1.0,1.0,1.0,1.0,1.0,4.0,1.0,1.0,1.0,0.1111111111111111,3043.72,3043.72,1.0,0.0,18.0,0.0,1.0,1.0,19.0,2.0,51.0,3,3.0,1,1,1,1,1,29,29,121,0.1362,0.0,0.2722,0.12,T1,False,none
06a08fc1-6f0d-4d57-b869-265f3a8e2b6a,2.0,0.2222222222222222,2.0,6133.52,3066.76,945.4724771245325,45,0,2.0,1.0,8.0,2.0,1.0,0.5,2.0,1.0,8.0,2.0,1.0,0.5,0.2222222222222222,3066.76,3735.31,0.6089994000182603,126.01972222222223,1.0,0.0,1.0,1.0,20.0,2.0,41.0,5,6.0,2,2,1,2,2,38,38,118,0.1482,0.0,0.2319,0.119,T1,False,none
0dd94083-0298-4bc4-895f-b4fe32797b35,7.0,0.7777777777777778,5.0,16175.720000000001,2310.817142857143,1845.234793115448,55,1,1.0,7.0,6.0,1.0,1.0,1.0,1.0,7.0,7.0,1.0,1.0,1.0,0.7777777777777778,2310.817142857143,4822.08,0.2981060503025522,126.91083333333333,0.0,0.2857142857142857,3.0,0.42857142857142855,22.0,2.0,41.42857142857143,5,21.0,1,1,3,1,1,68,68,167,0.1063,0.0,0.25,0.1704,T1,False,none
95890a8d-6c8b-437b-bcc3-b5c9f44c9dd9,2.0,0.2222222222222222,2.0,4062.28,2031.14,2829.9403332579295,16,0,1.0,2.0,5.0,1.0,1.0,1.0,2.0,1.0,8.0,2.0,1.0,0.5,0.2222222222222222,2031.14,4032.21,0.9925977529860078,142.35555555555555,9.0,0.0,2.0,0.5,22.0,0.0,65.0,5,6.0,1,2,2,1,2,52,53,89,0.2028,0.0,0.1043,0.0515,T1,False,none
c83bab1d-5dae-4ce5-8687-681e92fc1946,3.0,0.3333333333333333,3.0,8854.61,2951.536666666667,1885.496818621907,69,0,1.0,3.0,4.0,1.0,1.0,1.0,2.0,1.5,4.0,1.0,0.5,0.6666666666666666,0.3333333333333333,2951.536666666667,4090.76,0.4619921148418733,161.3475,16.0,0.0,1.0,1.0,24.0,0.0,51.0,4,9.0,1,2,1,1,1,29,29,89,0.2028,0.0,0.1043,0.0515,T1,False,none
15f912fb-e8f7-46e6-8358-5596cb3d4755,1.0,0.1111111111111111,1.0,2964.14,2964.14,0.0,57,0,1.0,1.0,8.0,1.0,1.0,1.0,1.0,1.0,7.0,1.0,1.0,1.0,0.1111111111111111,2964.14,2964.14,1.0,0.0,1.0,1.0,1.0,1.0,11.0,2.0,69.0,3,3.0,1,1,1,1,1,23,23,104,0.1637,0.0,0.1654,0.1067,T1,False,none
0b14b3a7-a08e-4e0c-a973-2a3b1a8e9fcc,3.0,0.3333333333333333,3.0,4807.26,1602.42,1754.5678192934008,73,1,1.0,3.0,4.0,1.0,1.0,1.0,2.0,1.5,4.0,2.0,1.0,0.6666666666666666,0.3333333333333333,1602.42,3577.77,0.7442430823379638,174.26527777777778,0.0,0.3333333333333333,2.0,0.6666666666666666,19.0,3.0,56.0,5,9.0,1,2,2,1,2,43,43,167,0.1063,0.0,0.25,0.1704,T1,False,none
04c5e502-17fd-4ac7-a376-f9193b99e341,3.0,0.3333333333333333,3.0,8767.49,2922.4966666666664,697.7561667469041,87,1,2.0,1.5,6.0,2.0,1.0,0.6666666666666666,1.0,3.0,6.0,1.0,1.0,1.0,0.3333333333333333,2922.4966666666664,3638.36,0.4149830795358763,214.59333333333333,10.0,0.0,3.0,0.3333333333333333,19.0,1.0,39.0,6,9.0,2,1,3,2,1,59,60,121,0.1362,0.0,0.2722,0.12,T1,False,none
8d6f2ef8-cb06-443e-83ef-2364dc43bf20,4.0,0.4444444444444444,4.0,11743.79,2935.9475,902.8519726354187,30,1,2.0,2.0,5.0,2.0,1.0,0.75,3.0,1.3333333333333333,4.0,3.0,1.0,0.5,0.4444444444444444,2935.9475,3841.8,0.3271345962419287,78.94722222222222,5.0,0.5,2.0,0.75,29.0,1.0,44.25,7,12.0,2,3,2,2,3,59,59,103,0.2271,0.0,0.2014,0.1192,T1,False,none
9c65fe0a-eed6-41a6-925d-36b00b309dd0,6.0,0.6666666666666666,5.0,12740.84,2123.4733333333334,1285.5924364846996,22,1,3.0,2.0,5.0,3.0,1.0,0.6666666666666666,3.0,2.0,6.0,3.0,1.0,0.5,0.6666666666666666,2123.4733333333334,3689.02,0.28954291867726145,136.11388888888888,17.0,0.3333333333333333,1.0,1.0,13.0,0.0,31.0,7,18.0,3,3,1,3,3,35,35,126,0.1498,0.0,0.1572,0.1186,T1,False,none
ed535577-0731-4898-bd08-499f406e59fc,3.0,0.3333333333333333,3.0,11272.21,3757.403333333333,407.4733936508411,80,1,2.0,1.5,11.0,2.0,1.0,0.6666666666666666,2.0,1.5,6.0,2.0,1.0,0.6666666666666666,0.3333333333333333,3757.403333333333,4077.89,0.3617649067929004,125.56777777777778,1.0,0.3333333333333333,3.0,0.3333333333333333,29.0,2.0,26.333333333333332,7,9.0,2,2,3,2,2,85,86,103,0.2271,0.0,0.2014,0.1192,T1,False,none
82a45f82-1a2c-4209-9963-a3ec939bc9d3,4.0,0.4444444444444444,4.0,9148.32,2287.08,1675.729370413572,69,1,2.0,2.0,9.0,2.0,1.0,0.5,2.0,2.0,5.0,2.0,1.0,0.5,0.4444444444444444,2287.08,4444.97,0.48587828147681766,227.0586111111111,5.0,0.0,2.0,0.75,25.0,1.0,15.5,6,12.0,2,2,2,2,2,62,62,118,0.1482,0.0,0.2319,0.119,T1,False,none
d80341ac-3c72-45be-b800-e0a5967aeaf6,6.0,0.6666666666666666,5.0,12140.49,2023.415,1513.1314338781015,23,0,2.0,3.0,7.0,2.0,1.0,0.8333333333333334,2.0,3.0,4.0,2.0,1.0,0.8333333333333334,0.6666666666666666,2023.415,4359.2,0.3590629373279003,200.91805555555555,6.0,0.5,2.0,0.8333333333333334,23.0,2.0,60.833333333333336,6,18.0,2,2,2,2,2,46,46,66,0.3865,0.0,0.1807,0.0805,T1,False,none
8d8af8c4-f253-4f85-9bfa-80b73c78b841,4.0,0.4444444444444444,3.0,12018.630000000001,3004.6575000000003,1567.7281653053462,11,0,1.0,4.0,9.0,1.0,1.0,1.0,2.0,2.0,5.0,2.0,1.0,0.5,0.4444444444444444,3004.6575000000003,4409.45,0.36688457835876465,86.60555555555555,0.0,0.5,2.0,0.75,21.0,3.0,63.5,5,12.0,1,2,2,1,2,49,49,167,0.1063,0.0,0.25,0.1704,T1,False,none
437ed9e8-5497-4e38-9729-5dfe394c238c,6.0,0.6666666666666666,5.0,6844.45,1140.7416666666666,922.4738288410499,71,0,2.0,3.0,7.0,2.0,1.0,0.8333333333333334,2.0,3.0,6.0,2.0,1.0,0.5,0.6666666666666666,1140.7416666666666,2563.14,0.3744844362951004,165.9802777777778,4.0,0.0,3.0,0.5,29.0,2.0,30.333333333333332,7,18.0,2,2,3,2,2,82,84,64,0.3686,0.0,0.1444,0.0659,T1,False,none
5b833c63-3002-40c4-a98f-5403e37a9c2d,2.0,0.2222222222222222,2.0,7500.6900000000005,3750.3450000000003,712.4737216557535,25,1,2.0,1.0,7.0,2.0,1.0,0.5,1.0,2.0,2.0,1.0,1.0,1.0,0.2222222222222222,3750.3450000000003,4254.14,0.5671664873498304,110.8675,12.0,0.0,2.0,0.5,29.0,0.0,29.0,5,6.0,2,1,2,2,1,62,62,64,0.3686,0.0,0.1444,0.0659,T1,False,none
763fa41e-693b-4d84-80c0-c454c4841960,8.0,0.8888888888888888,5.0,22917.91,2864.73875,1381.687622846346,60,1,3.0,2.6666666666666665,6.0,3.0,1.0,0.75,2.0,4.0,5.0,2.0,1.0,0.625,0.8888888888888888,2864.73875,4383.37,0.19126395033404006,171.95472222222222,8.0,0.0,4.0,0.625,23.0,3.0,42.0,9,24.0,3,2,4,3,2,95,96,143,0.1277,0.0,0.241,0.0927,T1,False,none
93f85e63-4439-4947-817d-d4381c2c926b,2.0,0.2222222222222222,2.0,7909.95,3954.975,1119.441958499859,42,0,1.0,2.0,5.0,1.0,1.0,1.0,2.0,1.0,5.0,2.0,1.0,0.5,0.2222222222222222,3954.975,4746.54,0.6000720611381867,101.92916666666666,2.0,0.0,2.0,0.5,20.0,1.0,45.0,5,6.0,1,2,2,1,2,41,41,118,0.1482,0.0,0.2319,0.119,T1,False,none
d870b54a-5a9f-4408-92e1-7fe38189b24d,5.0,0.5555555555555556,4.0,11284.39,2256.8779999999997,1943.574499966492,14,1,1.0,5.0,5.0,1.0,1.0,1.0,3.0,1.6666666666666667,5.0,3.0,1.0,0.4,0.5555555555555556,2256.8779999999997,4435.59,0.3930730859178033,142.7461111111111,3.0,0.6,4.0,0.4,26.0,2.0,35.8,8,15.0,1,3,4,1,3,96,98,65,0.3611,0.0,0.0889,0.0707,T1,False,none
080e4412-f8c5-45a2-a8f2-6a3922e31489,1.0,0.1111111111111111,1.0,3396.81,3396.81,0.0,61,1,1.0,1.0,10.0,1.0,1.0,1.0,1.0,1.0,5.0,1.0,1.0,1.0,0.1111111111111111,3396.81,3396.81,1.0,0.0,5.0,0.0,1.0,1.0,16.0,0.0,51.0,3,3.0,1,1,1,1,1,28,28,167,0.1063,0.0,0.25,0.1704,T1,False,none
8ceaed27-4073-4d58-b788-ec3e2fae7e2e,3.0,0.3333333333333333,3.0,4092.0200000000004,1364.006666666667,1294.3281182657408,32,1,1.0,3.0,10.0,1.0,1.0,1.0,2.0,1.5,5.0,2.0,1.0,0.6666666666666666,0.3333333333333333,1364.006666666667,2857.26,0.6982517191998084,116.60194444444444,2.0,0.0,2.0,0.6666666666666666,22.0,3.0,39.0,5,9.0,1,2,2,1,2,49,49,167,0.1063,0.0,0.25,0.1704,T1,False,none
e3191e30-ac92-4305-bc5c-51fc1252c005,2.0,0.2222222222222222,2.0,5100.23,2550.115,1513.4559991126268,29,1,2.0,1.0,8.0,2.0,1.0,0.5,1.0,2.0,4.0,1.0,1.0,1.0,0.2222222222222222,2550.115,3620.29,0.7098287724279102,105.57666666666667,1.0,0.5,1.0,1.0,23.0,1.0,46.0,4,6.0,2,1,1,2,1,34,34,59,0.3197,0.0,0.1098,0.0978,T1,False,none
58a2a071-a3cb-44aa-b7ad-4bc52fdf5851,4.0,0.4444444444444444,4.0,8560.7,2140.175,2018.28701217146,83,1,1.0,4.0,7.0,1.0,1.0,1.0,1.0,4.0,3.0,1.0,1.0,1.0,0.4444444444444444,2140.175,4899.13,0.5722814723095073,168.38777777777779,16.0,0.25,2.0,0.5,21.0,1.0,24.0,4,12.0,1,1,2,1,1,43,44,86,0.1967,0.0,0.161,0.0515,T1,False,none
e07a3fe2-a325-4b1a-9836-142a68214845,1.0,0.1111111111111111,1.0,2942.52,2942.52,0.0,67,0,1.0,1.0,2.0,1.0,1.0,1.0,1.0,1.0,2.0,1.0,1.0,1.0,0.1111111111111111,2942.52,2942.52,1.0,0.0,1.0,1.0,1.0,1.0,17.0,3.0,40.0,3,3.0,1,1,1,1,1,18,18,86,0.1967,0.0,0.161,0.0515,T1,False,none
9a723b5a-f7e2-48e8-9a38-5ebf246687a6,4.0,0.4444444444444444,4.0,12389.64,3097.41,422.9267739613249,38,1,1.0,4.0,6.0,1.0,1.0,1.0,1.0,4.0,3.0,1.0,1.0,1.0,0.4444444444444444,3097.41,3592.28,0.289942242066759,190.30805555555557,12.0,0.0,4.0,0.25,23.0,0.0,25.25,6,12.0,1,1,4,1,1,67,69,74,0.2714,0.0,0.1287,0.0855,T1,False,none
fa44d8dd-79b9-435d-b4e4-12d5521f3113,3.0,0.3333333333333333,3.0,5937.2,1979.0666666666666,375.5308931810183,41,1,1.0,3.0,11.0,1.0,1.0,1.0,1.0,3.0,2.0,1.0,1.0,1.0,0.3333333333333333,1979.0666666666666,2262.4,0.38105504278110897,182.8086111111111,1.0,0.0,1.0,1.0,24.0,2.0,37.0,3,9.0,1,1,1,1,1,34,34,64,0.3686,0.0,0.1444,0.0659,T1,False,none
276ca773-7195-4068-bdb3-80ddac651b64,3.0,0.3333333333333333,2.0,7283.14,2427.7133333333336,2155.188620430549,16,1,3.0,1.0,15.0,3.0,1.0,0.3333333333333333,1.0,3.0,4.0,1.0,1.0,1.0,0.3333333333333333,2427.7133333333336,4812.92,0.6608303561376,120.82944444444445,1.0,0.3333333333333333,3.0,0.3333333333333333,24.0,0.0,36.666666666666664,7,9.0,3,1,3,3,1,84,86,89,0.2028,0.0,0.1043,0.0515,T1,False,none
03da40f2-71e0-402d-971f-736f81ddbf9a,2.0,0.2222222222222222,2.0,2763.3,1381.65,1267.2767732425307,71,1,1.0,2.0,10.0,1.0,1.0,1.0,1.0,2.0,1.0,0.0,0.0,1.0,0.2222222222222222,1381.65,2277.75,0.8242861795679078,55.77527777777778,1.0,0.0,2.0,0.5,20.0,0.0,8.0,4,6.0,1,1,2,1,0,41,41,126,0.1498,0.0,0.1572,0.1186,T1,False,none
5760818d-0e68-465b-8604-3960aaf3267d,4.0,0.4444444444444444,3.0,5006.32,1251.58,1764.945411431564,19,1,2.0,2.0,7.0,2.0,1.0,0.5,2.0,2.0,5.0,2.0,1.0,0.5,0.4444444444444444,1251.58,3826.34,0.7643019223701243,223.1436111111111,5.0,0.0,1.0,1.0,13.0,2.0,51.0,5,12.0,2,2,1,2,2,26,26,59,0.2957,0.0,0.0649,0.0215,T1,False,none
83645d18-3f32-4249-9797-d4a0b7d97a4d,2.0,0.2222222222222222,2.0,3798.58,1899.29,213.22097879899152,73,0,1.0,2.0,5.0,1.0,1.0,1.0,1.0,2.0,3.0,1.0,1.0,1.0,0.2222222222222222,1899.29,2050.06,0.5396911477446835,17.19361111111111,15.0,0.5,1.0,1.0,25.0,2.0,28.0,3,6.0,1,1,1,1,1,30,30,57,0.2807,0.0,0.0921,0.0244,T1,False,none
cd399228-795a-4a04-95a4-5efb38b32097,1.0,0.1111111111111111,1.0,1139.08,1139.08,0.0,48,1,1.0,1.0,3.0,1.0,1.0,1.0,1.0,1.0,4.0,1.0,1.0,1.0,0.1111111111111111,1139.08,1139.08,1.0,0.0,15.0,0.0,1.0,1.0,29.0,1.0,15.0,3,3.0,1,1,1,1,1,33,33,103,0.2271,0.0,0.2014,0.1192,T1,False,none
7de1e44e-148f-4f66-b283-053afae2a3a1,8.0,0.8888888888888888,6.0,22093.28,2761.66,2022.4866103671206,49,0,3.0,2.6666666666666665,9.0,3.0,1.0,0.625,1.0,8.0,4.0,1.0,1.0,1.0,0.8888888888888888,2761.66,4954.45,0.22425144659371538,197.7225,0.0,0.125,5.0,0.375,29.0,1.0,24.75,9,24.0,3,1,5,3,1,113,116,173,0.0954,0.0,0.2136,0.1548,T1,False,none
23fa6c12-e3d4-480b-affd-734be7a7d98b,2.0,0.2222222222222222,2.0,4981.89,2490.945,2593.589891646326,54,0,2.0,1.0,7.0,2.0,1.0,0.5,1.0,2.0,3.0,1.0,1.0,1.0,0.2222222222222222,2490.945,4324.89,0.8681223391122647,76.69222222222223,3.0,0.0,2.0,0.5,24.0,0.0,27.0,5,6.0,2,1,2,2,1,55,55,126,0.1498,0.0,0.1572,0.1186,T1,False,none
75ffe66b-5cbd-4f18-8ace-937a7df8a89a,2.0,0.2222222222222222,2.0,8442.33,4221.165,688.5735124516485,75,0,2.0,1.0,8.0,2.0,1.0,0.5,1.0,2.0,3.0,1.0,1.0,1.0,0.2222222222222222,4221.165,4708.06,0.557673059451597,63.19916666666666,2.0,0.0,1.0,1.0,27.0,1.0,88.0,4,6.0,2,1,1,2,1,38,38,126,0.1498,0.0,0.1572,0.1186,T1,False,none
0a1fdd14-5579-4793-a993-1f33687b1d0d,2.0,0.2222222222222222,2.0,4390.93,2195.465,2635.1536282444713,50,0,1.0,2.0,15.0,1.0,1.0,1.0,1.0,2.0,4.0,1.0,1.0,1.0,0.2222222222222222,2195.465,4058.8,0.9243599875197281,81.15277777777777,6.0,0.0,2.0,0.5,19.0,2.0,36.5,4,6.0,1,1,2,1,1,51,52,173,0.0954,0.0,0.2136,0.1548,T1,False,none
3926eb4e-f5a8-4797-927c-a604c530b823,7.0,0.7777777777777778,6.0,19059.62,2722.802857142857,1160.7970348961999,56,1,1.0,7.0,10.0,1.0,1.0,1.0,3.0,2.3333333333333335,7.0,3.0,1.0,0.42857142857142855,0.7777777777777778,2722.802857142857,3989.36,0.20930952453406731,205.10833333333332,1.0,0.14285714285714285,4.0,0.42857142857142855,26.0,1.0,28.285714285714285,8,21.0,1,3,4,1,3,98,100,74,0.2714,0.0,0.1287,0.0855,T1,False,none
9fd790e3-4c7c-4ff1-bb1d-ec2e6433c15f,0.0,0.0,0.0,0.0,0.0,0.0,22,0,0.0,0.0,0.0,0.0,0.0,0.0,0.0,0.0,0.0,0.0,0.0,0.0,0.0,0.0,0.0,0.0,0.0,0.0,0.0,0.0,0.0,0.0,0.0,0.0,0,0.0,0,0,0,0,0,0,0,1,0.0,0.0,0.0,0.0,T1,False,none
b1517513-1ae3-4acc-8e82-4226d1b2efec,0.0,0.0,0.0,0.0,0.0,0.0,10,1,0.0,0.0,0.0,0.0,0.0,0.0,0.0,0.0,0.0,0.0,0.0,0.0,0.0,0.0,0.0,0.0,0.0,0.0,0.0,0.0,0.0,0.0,0.0,0.0,0,0.0,0,0,0,0,0,0,0,1,0.0,0.0,0.0,0.0,T1,False,none
72222356-28c6-4016-badb-e112c2d9b850,2.0,0.2222222222222222,2.0,4058.85,2029.425,745.453181930294,39,0,1.0,2.0,14.0,1.0,1.0,1.0,2.0,1.0,12.0,2.0,1.0,0.5,0.2222222222222222,2029.425,2556.54,0.62986806607783,64.97972222222222,6.0,0.5,1.0,1.0,21.0,2.0,77.0,4,6.0,1,2,1,1,2,48,48,143,0.1277,0.0,0.241,0.0927,T1,False,none
2105db8f-846e-497d-baf5-e7805144cb4b,3.0,0.3333333333333333,2.0,5843.11,1947.7033333333331,1201.2448047893206,84,0,1.0,3.0,2.0,1.0,1.0,1.0,3.0,1.0,6.0,2.0,0.6666666666666666,0.3333333333333333,0.3333333333333333,1947.7033333333331,3318.56,0.5679441256454183,38.548611111111114,1.0,0.6666666666666666,1.0,1.0,21.0,1.0,67.0,5,9.0,1,3,1,1,2,28,28,89,0.2028,0.0,0.1043,0.0515,T1,False,none
107cf944-2d10-4e57-b1af-cf0fc91e580a,2.0,0.2222222222222222,2.0,4074.35,2037.175,748.8897208868605,79,1,1.0,2.0,9.0,1.0,1.0,1.0,1.0,2.0,3.0,1.0,1.0,1.0,0.2222222222222222,2037.175,2566.72,0.629970424730325,140.10861111111112,14.0,0.0,2.0,0.5,22.0,3.0,19.5,4,6.0,1,1,2,1,1,50,51,173,0.0954,0.0,0.2136,0.1548,T1,False,none
c520e7d7-c309-41f2-b792-aaba28988d07,3.0,0.3333333333333333,3.0,7200.53,2400.1766666666667,1397.3055392552244,31,0,2.0,1.5,11.0,2.0,1.0,0.6666666666666666,1.0,3.0,3.0,1.0,1.0,1.0,0.3333333333333333,2400.1766666666667,3783.44,0.5254390996218334,75.6975,2.0,0.3333333333333333,3.0,0.3333333333333333,26.0,0.0,44.666666666666664,6,9.0,2,1,3,2,1,73,73,89,0.2028,0.0,0.1043,0.0515,T1,False,none
532f8eb2-f667-4a62-b36e-86b53d961a38,1.0,0.1111111111111111,1.0,2815.93,2815.93,0.0,41,1,1.0,1.0,5.0,1.0,1.0,1.0,1.0,1.0,7.0,1.0,1.0,1.0,0.1111111111111111,2815.93,2815.93,1.0,0.0,21.0,0.0,1.0,1.0,24.0,2.0,37.0,3,3.0,1,1,1,1,1,32,33,64,0.3686,0.0,0.1444,0.0659,T1,False,none
69b7a8a6-c706-4cdb-830e-6efe2ace9560,4.0,0.4444444444444444,3.0,10664.09,2666.0225,1559.4886995502723,77,1,2.0,2.0,11.0,2.0,1.0,0.5,2.0,2.0,4.0,2.0,1.0,0.5,0.4444444444444444,2666.0225,3690.38,0.34605671932626225,84.25361111111111,4.0,0.25,3.0,0.5,23.0,2.0,33.0,7,12.0,2,2,3,2,2,80,83,59,0.3197,0.0,0.1098,0.0978,T1,False,none
ec7cdfe5-3553-487c-8024-33960ce1a8b0,4.0,0.4444444444444444,4.0,13187.93,3296.9825,1123.6129754019694,58,1,2.0,2.0,9.0,2.0,1.0,0.5,2.0,2.0,8.0,2.0,1.0,0.75,0.4444444444444444,3296.9825,4788.25,0.3630782086347137,170.01638888888888,0.0,0.25,3.0,0.5,23.0,3.0,65.5,7,12.0,2,2,3,2,2,85,87,121,0.1362,0.0,0.2722,0.12,T1,False,none
a1ce9522-e6d8-4d22-9fbb-0db891ecebb9,2.0,0.2222222222222222,2.0,5824.43,2912.215,2388.175371711634,17,0,1.0,2.0,5.0,1.0,1.0,1.0,1.0,2.0,7.0,1.0,1.0,1.0,0.2222222222222222,2912.215,4600.91,0.7899330921652419,31.235833333333332,14.0,0.5,2.0,0.5,25.0,0.0,44.5,4,6.0,1,1,2,1,1,55,56,59,0.3197,0.0,0.1098,0.0978,T1,False,none
2642abf2-2845-46ab-bbcc-abce14dbfd6a,2.0,0.2222222222222222,2.0,5198.91,2599.455,2616.9244154254816,86,1,2.0,1.0,7.0,2.0,1.0,0.5,1.0,2.0,4.0,1.0,1.0,1.0,0.2222222222222222,2599.455,4449.9,0.855929415973733,75.295,10.0,0.5,1.0,1.0,19.0,2.0,63.0,4,6.0,2,1,1,2,1,30,30,74,0.2714,0.0,0.1287,0.0855,T1,False,none
d044f286-aab2-4603-8a1e-9db6f347673c,5.0,0.5555555555555556,5.0,8932.32,1786.464,1553.3285796089635,53,1,3.0,1.6666666666666667,7.0,3.0,1.0,0.4,1.0,5.0,4.0,1.0,1.0,1.0,0.5555555555555556,1786.464,4082.98,0.45710185035914525,191.18027777777777,22.0,0.2,2.0,0.8,23.0,2.0,55.6,6,15.0,3,1,2,3,1,45,45,173,0.0954,0.0,0.2136,0.1548,T1,False,none
8fbbfb44-0eff-4e71-8af6-93d99c33dd23,4.0,0.4444444444444444,4.0,14616.380000000001,3654.0950000000003,340.6100639049491,86,1,1.0,4.0,14.0,1.0,1.0,1.0,3.0,1.3333333333333333,6.0,3.0,1.0,0.5,0.4444444444444444,3654.0950000000003,4065.76,0.2781646344717365,136.60972222222222,2.0,0.5,3.0,0.5,25.0,2.0,59.25,7,12.0,1,3,3,1,3,77,77,103,0.2271,0.0,0.2014,0.1192,T1,False,none
21fc36d2-2351-40c4-8b71-fc0561617a75,1.0,0.1111111111111111,1.0,4027.85,4027.85,0.0,54,0,1.0,1.0,3.0,1.0,1.0,1.0,1.0,1.0,7.0,1.0,1.0,1.0,0.1111111111111111,4027.85,4027.85,1.0,0.0,3.0,0.0,1.0,1.0,25.0,0.0,43.0,3,3.0,1,1,1,1,1,31,32,103,0.2271,0.0,0.2014,0.1192,T1,False,none
b583b90a-78c1-4070-ad78-50244e0050a2,4.0,0.4444444444444444,4.0,7993.610000000001,1998.4025000000001,1802.7503905676092,62,0,2.0,2.0,6.0,2.0,1.0,0.75,1.0,4.0,4.0,1.0,1.0,1.0,0.4444444444444444,1998.4025000000001,4431.1,0.5543302713042042,130.03666666666666,8.0,0.5,3.0,0.5,28.0,3.0,29.0,6,12.0,2,1,3,2,1,73,73,103,0.2271,0.0,0.2014,0.1192,T1,False,none
c1c3ac19-af4d-4686-a5ce-874b42d6c4fb,5.0,0.5555555555555556,4.0,17164.73,3432.946,1224.4432825084223,38,0,1.0,5.0,6.0,1.0,1.0,1.0,2.0,2.5,4.0,2.0,1.0,0.8,0.5555555555555556,3432.946,4842.76,0.2821343534095789,103.19638888888889,8.0,0.4,2.0,0.6,19.0,1.0,72.2,5,15.0,1,2,2,1,2,45,45,173,0.0954,0.0,0.2136,0.1548,T1,False,none
f6c6a34f-1162-453f-8c7f-66a4e4617a66,3.0,0.3333333333333333,3.0,8183.6,2727.866666666667,2490.499722733037,82,1,1.0,3.0,6.0,1.0,1.0,1.0,1.0,3.0,1.0,0.0,0.0,1.0,0.3333333333333333,2727.866666666667,4925.14,0.6018304902487903,81.19083333333333,9.0,0.0,3.0,0.3333333333333333,20.0,1.0,49.0,5,9.0,1,1,3,1,0,58,58,121,0.1362,0.0,0.2722,0.12,T1,False,none
0b1ec8a2-80b6-4456-891f-0f285dfa9f23,3.0,0.3333333333333333,3.0,8175.95,2725.3166666666666,482.6056632835271,49,0,1.0,3.0,8.0,1.0,1.0,1.0,1.0,3.0,3.0,1.0,1.0,1.0,0.3333333333333333,2725.3166666666666,3273.93,0.40043420030699794,194.36138888888888,3.0,0.0,3.0,0.3333333333333333,21.0,2.0,53.0,5,9.0,1,1,3,1,1,63,63,143,0.1277,0.0,0.241,0.0927,T1,False,none
3663224f-d05c-4467-be03-c8d36abea0e5,4.0,0.4444444444444444,3.0,6557.07,1639.2675,1018.7682183687973,50,0,2.0,2.0,7.0,2.0,1.0,0.5,3.0,1.3333333333333333,6.0,3.0,1.0,0.5,0.4444444444444444,1639.2675,2695.19,0.41103572174767083,157.4138888888889,7.0,0.0,2.0,0.75,20.0,2.0,43.75,7,12.0,2,3,2,2,3,53,54,173,0.0954,0.0,0.2136,0.1548,T1,False,none
f39f6d4c-194e-48d2-9814-7a398d5ff230,8.0,0.8888888888888888,6.0,20816.98,2602.1225,1547.5969513387058,30,1,2.0,4.0,10.0,2.0,1.0,0.875,5.0,1.6,6.0,5.0,1.0,0.375,0.8888888888888888,2602.1225,4356.65,0.20928347915980128,184.3486111111111,14.0,0.125,2.0,0.75,17.0,0.0,18.25,9,24.0,2,5,2,2,5,57,59,74,0.2714,0.0,0.1287,0.0855,T1,False,none
9e5e4e35-2927-4d53-a234-0e919bcc412b,4.0,0.4444444444444444,4.0,13991.01,3497.7525,1130.038594868187,24,1,1.0,4.0,7.0,1.0,1.0,1.0,1.0,4.0,5.0,1.0,1.0,1.0,0.4444444444444444,3497.7525,4582.01,0.32749672825621595,201.5275,6.0,0.0,3.0,0.5,25.0,2.0,18.0,5,12.0,1,1,3,1,1,71,72,121,0.1362,0.0,0.2722,0.12,T1,False,none
a060fd61-0a7d-41c1-9a4b-de04a1d06cab,6.0,0.6666666666666666,5.0,12646.5,2107.75,1196.6825814392053,76,0,1.0,6.0,7.0,1.0,1.0,1.0,3.0,2.0,5.0,2.0,0.6666666666666666,0.5,0.6666666666666666,2107.75,4020.12,0.3178839995255604,193.69444444444446,3.0,0.16666666666666666,4.0,0.5,23.0,1.0,50.833333333333336,8,18.0,1,3,4,1,2,87,90,143,0.1277,0.0,0.241,0.0927,T1,False,none
ba98588b-71f4-4851-9b67-12f1cb5b5de7,6.0,0.6666666666666666,5.0,16529.4,2754.9,1388.7801654401605,39,1,2.0,3.0,7.0,2.0,1.0,0.8333333333333334,3.0,2.0,6.0,3.0,1.0,0.5,0.6666666666666666,2754.9,4777.09,0.28900565053782956,164.21027777777778,1.0,0.3333333333333333,3.0,0.6666666666666666,22.0,2.0,62.166666666666664,8,18.0,2,3,3,2,3,77,78,89,0.2028,0.0,0.1043,0.0515,T1,False,none
fa715f86-4185-42ef-9436-051f2c263ea9,1.0,0.1111111111111111,1.0,196.29,196.29,0.0,72,0,1.0,1.0,7.0,1.0,1.0,1.0,1.0,1.0,6.0,1.0,1.0,1.0,0.1111111111111111,196.29,196.29,1.0,0.0,14.0,0.0,1.0,1.0,22.0,3.0,3.0,3,3.0,1,1,1,1,1,32,32,173,0.0954,0.0,0.2136,0.1548,T1,False,none
157f984b-af90-49fc-94c8-738f769be1c5,4.0,0.4444444444444444,3.0,9512.03,2378.0075,1325.081383497507,14,1,3.0,1.3333333333333333,10.0,3.0,1.0,0.5,3.0,1.3333333333333333,7.0,3.0,1.0,0.5,0.4444444444444444,2378.0075,4145.06,0.43577028247387783,90.89861111111111,1.0,0.25,3.0,0.5,25.0,1.0,68.25,9,12.0,3,3,3,3,3,94,96,143,0.1277,0.0,0.241,0.0927,T1,False,none
5d4e6ace-89ba-48c7-a69f-64c2db5b9fb2,3.0,0.3333333333333333,3.0,3368.73,1122.91,329.0961423353364,16,0,1.0,3.0,5.0,1.0,1.0,1.0,2.0,1.5,5.0,2.0,1.0,0.6666666666666666,0.3333333333333333,1122.91,1499.48,0.4451172993976959,120.31444444444445,14.0,0.3333333333333333,1.0,1.0,19.0,1.0,86.0,4,9.0,1,2,1,1,2,28,29,121,0.1362,0.0,0.2722,0.12,T1,False,none
38bf04b4-8aa2-4a54-a32d-b6cb223049fd,5.0,0.5555555555555556,5.0,14508.710000000001,2901.742,1788.8417779166496,37,1,2.0,2.5,11.0,2.0,1.0,0.6,1.0,5.0,4.0,1.0,1.0,1.0,0.5555555555555556,2901.742,4422.68,0.30482930598240643,133.9086111111111,1.0,0.4,1.0,1.0,23.0,0.0,16.0,4,15.0,2,1,1,2,1,42,42,143,0.1277,0.0,0.241,0.0927,T1,False,none
1b475791-d70d-45a3-a832-a1aab0985945,0.0,0.0,0.0,0.0,0.0,0.0,74,0,0.0,0.0,0.0,0.0,0.0,0.0,0.0,0.0,0.0,0.0,0.0,0.0,0.0,0.0,0.0,0.0,0.0,0.0,0.0,0.0,0.0,0.0,0.0,0.0,0,0.0,0,0,0,0,0,0,0,1,0.0,0.0,0.0,0.0,T1,False,none
4958f2f6-3901-49bc-a578-c6b3d2486f84,0.0,0.0,0.0,0.0,0.0,0.0,44,0,0.0,0.0,0.0,0.0,0.0,0.0,0.0,0.0,0.0,0.0,0.0,0.0,0.0,0.0,0.0,0.0,0.0,0.0,0.0,0.0,0.0,0.0,0.0,0.0,0,0.0,0,0,0,0,0,0,0,1,0.0,0.0,0.0,0.0,T1,False,none
9aa19823-8427-4947-b0a7-1fb854db4b42,5.0,0.5555555555555556,4.0,12345.29,2469.058,1370.3920621376935,78,1,1.0,5.0,2.0,1.0,1.0,1.0,4.0,1.25,8.0,4.0,1.0,0.4,0.5555555555555556,2469.058,3916.17,0.31721976559481385,154.57638888888889,18.0,0.2,1.0,1.0,16.0,3.0,14.0,6,15.0,1,4,1,1,4,34,34,173,0.0954,0.0,0.2136,0.1548,T1,False,none
d2a68537-7c5e-44e3-809c-c7911359e938,5.0,0.5555555555555556,5.0,14035.58,2807.116,1579.082002804161,66,1,2.0,2.5,7.0,2.0,1.0,0.6,2.0,2.5,4.0,2.0,1.0,0.8,0.5555555555555556,2807.116,4371.41,0.31145203831975593,192.71055555555554,4.0,0.2,3.0,0.4,21.0,2.0,50.6,7,15.0,2,2,3,2,2,57,58,118,0.1482,0.0,0.2319,0.119,T1,False,none
cb67d2db-775d-4c32-ac5d-1bf1e8680b49,4.0,0.4444444444444444,4.0,11310.21,2827.5525,2356.7119970328013,68,1,1.0,4.0,9.0,1.0,1.0,1.0,1.0,4.0,3.0,1.0,1.0,1.0,0.4444444444444444,2827.5525,4937.26,0.43653124035716406,101.90777777777778,15.0,0.25,3.0,0.5,29.0,1.0,60.0,5,12.0,1,1,3,1,1,77,79,167,0.1063,0.0,0.25,0.1704,T1,False,none
a2f2bffe-7f6c-427b-88b2-234da7d3d67b,4.0,0.4444444444444444,4.0,3102.6400000000003,775.6600000000001,702.2346875985739,87,1,1.0,4.0,7.0,1.0,1.0,1.0,2.0,2.0,8.0,2.0,1.0,0.75,0.4444444444444444,775.6600000000001,1510.64,0.4868885852048578,152.1663888888889,6.0,0.25,3.0,0.5,22.0,3.0,49.0,6,12.0,1,2,3,1,2,72,73,57,0.2807,0.0,0.0921,0.0244,T1,False,none
13156755-6cc0-4a6d-b1d2-8b5c7a922a07,2.0,0.2222222222222222,2.0,3343.61,1671.805,2335.241358072009,35,0,1.0,2.0,8.0,1.0,1.0,1.0,2.0,1.0,3.0,1.0,0.5,0.5,0.2222222222222222,1671.805,3323.07,0.9938569390568877,64.92888888888889,7.0,0.0,2.0,0.5,19.0,1.0,58.5,5,6.0,1,2,2,1,1,41,41,121,0.1362,0.0,0.2722,0.12,T1,False,none
985bf8f1-bc01-49b1-b1a5-c0bd1c793736,0.0,0.0,0.0,0.0,0.0,0.0,16,0,0.0,0.0,0.0,0.0,0.0,0.0,0.0,0.0,0.0,0.0,0.0,0.0,0.0,0.0,0.0,0.0,0.0,0.0,0.0,0.0,0.0,0.0,0.0,0.0,0,0.0,0,0,0,0,0,0,0,1,0.0,0.0,0.0,0.0,T1,False,none
a09a85a7-d907-4e59-aba2-1ce611136145,1.0,0.1111111111111111,1.0,2024.11,2024.11,0.0,78,0,1.0,1.0,6.0,1.0,1.0,1.0,1.0,1.0,6.0,1.0,1.0,1.0,0.1111111111111111,2024.11,2024.11,1.0,0.0,9.0,0.0,1.0,1.0,19.0,3.0,70.0,3,3.0,1,1,1,1,1,28,28,59,0.2957,0.0,0.0649,0.0215,T1,False,none
d274b8d1-e658-47f0-8bb3-d2a643d21bbb,4.0,0.4444444444444444,4.0,8973.81,2243.4525,1762.8390884663863,35,1,2.0,2.0,11.0,2.0,1.0,0.75,2.0,2.0,10.0,2.0,1.0,0.75,0.4444444444444444,2243.4525,4781.92,0.5328751110175054,120.18472222222222,11.0,0.25,1.0,1.0,22.0,2.0,1.0,5,12.0,2,2,1,2,2,46,47,86,0.1967,0.0,0.161,0.0515,T1,False,none
22e460f9-6b07-4b76-a52f-b68ce08f312d,3.0,0.3333333333333333,3.0,9304.28,3101.4266666666667,272.7174017794489,44,0,1.0,3.0,4.0,1.0,1.0,1.0,1.0,3.0,6.0,1.0,1.0,1.0,0.3333333333333333,3101.4266666666667,3321.11,0.3569443309960577,230.63111111111112,1.0,0.0,2.0,0.6666666666666666,22.0,1.0,58.333333333333336,4,9.0,1,1,2,1,1,48,48,50,0.3086,0.0,0.0411,0.037,T1,False,none
9ca17d29-5201-445b-85ec-f81ca5072693,9.0,1.0,5.0,18769.760000000002,2085.528888888889,1570.1508100135193,46,0,2.0,4.5,12.0,2.0,1.0,0.6666666666666666,3.0,3.0,8.0,3.0,1.0,0.6666666666666666,1.0,2085.528888888889,4773.05,0.25429467398624167,218.25305555555556,2.0,0.0,6.0,0.3333333333333333,29.0,1.0,47.333333333333336,11,27.0,2,3,6,2,3,143,148,103,0.2271,0.0,0.2014,0.1192,T1,False,none
1fd7873d-f463-4533-9722-e2738be5a5f5,4.0,0.4444444444444444,4.0,4744.99,1186.2475,735.2700292806264,43,0,1.0,4.0,6.0,1.0,1.0,1.0,2.0,2.0,4.0,2.0,1.0,0.75,0.4444444444444444,1186.2475,1832.82,0.3862642492397244,141.365,7.0,0.25,4.0,0.25,23.0,3.0,50.25,7,12.0,1,2,4,1,2,84,85,50,0.3086,0.0,0.0411,0.037,T1,False,none
d4afd8d1-6c7a-41c0-9b3c-f295c9dbc128,1.0,0.1111111111111111,1.0,3966.85,3966.85,0.0,40,0,1.0,1.0,6.0,1.0,1.0,1.0,1.0,1.0,5.0,1.0,1.0,1.0,0.1111111111111111,3966.85,3966.85,1.0,0.0,17.0,0.0,1.0,1.0,22.0,1.0,63.0,3,3.0,1,1,1,1,1,30,30,104,0.1637,0.0,0.1654,0.1067,T1,False,none
db6e0bfe-325b-4c5a-98ac-d514e5e9982b,4.0,0.4444444444444444,2.0,7419.299999999999,1854.8249999999998,1852.4671932407693,12,0,2.0,2.0,6.0,2.0,1.0,0.75,2.0,2.0,4.0,2.0,1.0,0.75,0.4444444444444444,1854.8249999999998,4482.37,0.6041499871955576,181.67027777777778,1.0,0.0,1.0,1.0,19.0,3.0,79.0,5,12.0,2,2,1,2,2,31,31,57,0.2807,0.0,0.0921,0.0244,T1,False,none
b466d5ce-8114-4e2d-8c86-54d48e572632,5.0,0.5555555555555556,4.0,14888.96,2977.792,1309.7856954173842,76,1,3.0,1.6666666666666667,9.0,3.0,1.0,0.4,2.0,2.5,5.0,2.0,1.0,0.8,0.5555555555555556,2977.792,4831.18,0.32448068904745536,98.85805555555555,12.0,0.2,1.0,1.0,21.0,0.0,51.0,6,15.0,3,2,1,3,2,43,43,167,0.1063,0.0,0.25,0.1704,T1,False,none
ac469e8c-ae87-4cbf-82dd-5785b826d81d,2.0,0.2222222222222222,2.0,5437.8099999999995,2718.9049999999997,2044.3659125631104,65,1,1.0,2.0,3.0,1.0,1.0,1.0,2.0,1.0,4.0,2.0,1.0,0.5,0.2222222222222222,2718.9049999999997,4164.49,0.7658395567333173,99.15805555555555,3.0,0.0,2.0,0.5,17.0,0.0,77.0,5,6.0,1,2,2,1,2,34,34,173,0.0954,0.0,0.2136,0.1548,T1,False,none
a1d8f228-04d1-4b50-b5cf-5775a8ff7b9e,4.0,0.4444444444444444,4.0,10761.470000000001,2690.3675000000003,1683.6869634698528,23,1,1.0,4.0,4.0,1.0,1.0,1.0,2.0,2.0,3.0,2.0,1.0,0.75,0.4444444444444444,2690.3675000000003,4883.35,0.45378094256639656,193.29333333333332,0.0,0.25,2.0,0.5,25.0,2.0,18.5,5,12.0,1,2,2,1,2,48,49,104,0.1637,0.0,0.1654,0.1067,T1,False,none
a4b0ad98-4c07-499e-bbe7-eef02ef8cce3,3.0,0.3333333333333333,3.0,7026.27,2342.09,1990.9920998587613,19,1,1.0,3.0,8.0,1.0,1.0,1.0,1.0,3.0,7.0,1.0,1.0,1.0,0.3333333333333333,2342.09,3882.81,0.5526132642212724,162.55666666666667,11.0,0.0,3.0,0.3333333333333333,22.0,0.0,53.333333333333336,5,9.0,1,1,3,1,1,70,71,89,0.2028,0.0,0.1043,0.0515,T1,False,none
eff24b3f-f6cd-4c7a-85df-0dbdac0930be,4.0,0.4444444444444444,4.0,10332.11,2583.0275,1384.530121987841,69,0,2.0,2.0,10.0,2.0,1.0,0.75,1.0,4.0,3.0,1.0,1.0,1.0,0.4444444444444444,2583.0275,3985.97,0.3857847041891733,187.37833333333333,1.0,0.25,1.0,1.0,19.0,1.0,47.0,4,12.0,2,1,1,2,1,35,35,121,0.1362,0.0,0.2722,0.12,T1,False,none
3709e93c-3b0e-4c20-8b0d-186f1ed6a464,1.0,0.1111111111111111,1.0,758.61,758.61,0.0,28,1,1.0,1.0,8.0,1.0,1.0,1.0,1.0,1.0,5.0,1.0,1.0,1.0,0.1111111111111111,758.61,758.61,1.0,0.0,12.0,1.0,1.0,1.0,20.0,1.0,75.0,3,3.0,1,1,1,1,1,30,30,126,0.1498,0.0,0.1572,0.1186,T1,False,none
e08a288f-edca-4736-b69b-491ac7a74fda,3.0,0.3333333333333333,3.0,2902.8599999999997,967.6199999999999,1092.1626818839763,20,1,2.0,1.5,11.0,2.0,1.0,0.6666666666666666,3.0,1.0,5.0,3.0,1.0,0.3333333333333333,0.3333333333333333,967.6199999999999,2227.58,0.7673742447103892,77.98638888888888,12.0,0.3333333333333333,2.0,0.6666666666666666,25.0,0.0,74.0,7,9.0,2,3,2,2,3,71,71,118,0.1482,0.0,0.2319,0.119,T1,False,none
2254a16b-6231-42e8-a71e-7ffed335e101,3.0,0.3333333333333333,3.0,8316.66,2772.22,980.9734722712946,78,1,2.0,1.5,7.0,2.0,1.0,0.6666666666666666,2.0,1.5,7.0,2.0,1.0,0.6666666666666666,0.3333333333333333,2772.22,3780.51,0.4545707050666975,52.53611111111111,13.0,0.3333333333333333,2.0,0.6666666666666666,18.0,0.0,5.0,6,9.0,2,2,2,2,2,48,48,104,0.1637,0.0,0.1654,0.1067,T1,False,none
1e7da3e3-ea9a-433c-b466-dfd51acdcb90,3.0,0.3333333333333333,3.0,11610.17,3870.056666666667,1102.4395298306993,84,0,3.0,1.0,10.0,3.0,1.0,0.3333333333333333,3.0,1.0,3.0,3.0,1.0,0.3333333333333333,0.3333333333333333,3870.056666666667,4512.85,0.3886980121738097,98.93388888888889,4.0,0.3333333333333333,2.0,0.6666666666666666,22.0,0.0,61.666666666666664,8,9.0,3,3,2,3,3,60,60,50,0.3086,0.0,0.0411,0.037,T1,False,none
34073314-217b-4871-ac5f-e3de943457e7,4.0,0.4444444444444444,3.0,13437.77,3359.4425,1084.0514054039747,67,0,1.0,4.0,5.0,1.0,1.0,1.0,2.0,2.0,6.0,2.0,1.0,0.75,0.4444444444444444,3359.4425,4173.73,0.3105969219595215,234.735,11.0,0.25,2.0,0.75,23.0,0.0,30.0,5,12.0,1,2,2,1,2,53,53,59,0.3197,0.0,0.1098,0.0978,T1,False,none
5879bf87-28b5-473a-b34d-056fa3994c60,3.0,0.3333333333333333,3.0,7758.02,2586.0066666666667,1932.862660261544,13,0,3.0,1.0,9.0,3.0,1.0,0.3333333333333333,1.0,3.0,7.0,1.0,1.0,1.0,0.3333333333333333,2586.0066666666667,4171.75,0.5377338547722228,163.86944444444444,13.0,0.3333333333333333,1.0,1.0,19.0,1.0,79.0,5,9.0,3,1,1,3,1,41,41,173,0.0954,0.0,0.2136,0.1548,T1,False,none
41b9867f-5373-4855-b280-80cea9063882,5.0,0.5555555555555556,3.0,11480.36,2296.072,1491.939437902893,14,0,2.0,2.5,9.0,2.0,1.0,0.8,2.0,2.5,3.0,2.0,1.0,0.8,0.5555555555555556,2296.072,4319.53,0.37625388054033143,188.32722222222222,6.0,0.0,5.0,0.2,25.0,0.0,60.0,9,15.0,2,2,5,2,2,113,117,118,0.1482,0.0,0.2319,0.119,T1,False,none
5f3e8141-0a0a-4915-8c0d-c2b3667b5830,3.0,0.3333333333333333,3.0,9457.06,3152.353333333333,963.144415668457,27,0,1.0,3.0,7.0,1.0,1.0,1.0,2.0,1.5,4.0,2.0,1.0,0.6666666666666666,0.3333333333333333,3152.353333333333,4228.91,0.4471696277701527,156.7486111111111,1.0,0.0,3.0,0.3333333333333333,26.0,2.0,40.666666666666664,6,9.0,1,2,3,1,2,69,70,78,0.2521,0.0,0.1237,0.0763,T1,False,none
b4922ba1-4b56-4aa4-ae97-5256985aded5,5.0,0.5555555555555556,4.0,8931.36,1786.2720000000002,1780.2098825194741,70,0,2.0,2.5,7.0,2.0,1.0,0.6,2.0,2.5,5.0,2.0,1.0,0.8,0.5555555555555556,1786.2720000000002,4701.07,0.5263554486662725,153.86305555555555,2.0,0.0,2.0,0.8,20.0,0.0,12.2,6,15.0,2,2,2,2,2,55,55,118,0.1482,0.0,0.2319,0.119,T1,False,none
3519491e-5f57-4964-bf64-860e1f36ab29,2.0,0.2222222222222222,2.0,9215.61,4607.805,66.74380907619877,56,1,1.0,2.0,3.0,1.0,1.0,1.0,1.0,2.0,8.0,1.0,1.0,1.0,0.2222222222222222,4607.805,4655.0,0.5051212019605864,91.76805555555555,2.0,0.5,1.0,1.0,18.0,3.0,31.0,3,6.0,1,1,1,1,1,26,26,121,0.1362,0.0,0.2722,0.12,T1,False,none
e5e54b33-a01a-4716-acab-a1969f8c49f6,3.0,0.3333333333333333,3.0,8780.2,2926.7333333333336,1764.0950482990802,23,1,1.0,3.0,7.0,1.0,1.0,1.0,1.0,3.0,5.0,1.0,1.0,1.0,0.3333333333333333,2926.7333333333336,4923.05,0.5606990729140566,136.8788888888889,12.0,0.3333333333333333,2.0,0.6666666666666666,22.0,1.0,73.33333333333333,4,9.0,1,1,2,1,1,49,49,126,0.1498,0.0,0.1572,0.1186,T1,False,none
69fd7de9-603c-4e62-867c-177106d02df7,2.0,0.2222222222222222,2.0,4364.09,2182.045,2564.937924872647,44,1,1.0,2.0,6.0,1.0,1.0,1.0,2.0,1.0,10.0,2.0,1.0,0.5,0.2222222222222222,2182.045,3995.73,0.9155929414837916,51.029444444444444,4.0,0.0,2.0,0.5,22.0,0.0,63.0,5,6.0,1,2,2,1,2,56,57,143,0.1277,0.0,0.241,0.0927,T1,False,none
09fff6bc-e2a7-4bad-935f-b39d7512db65,4.0,0.4444444444444444,3.0,10114.83,2528.7075,2174.8461532159768,58,1,3.0,1.3333333333333333,7.0,3.0,1.0,0.5,1.0,4.0,3.0,1.0,1.0,1.0,0.4444444444444444,2528.7075,4430.71,0.43804097547857945,160.9163888888889,9.0,0.0,3.0,0.5,24.0,0.0,50.0,7,12.0,3,1,3,3,1,74,76,64,0.3686,0.0,0.1444,0.0659,T1,False,none
9908f8d4-f434-4bc1-8c25-d5ccbcdb02ac,4.0,0.4444444444444444,4.0,7141.53,1785.3825,1982.781453705459,73,1,1.0,4.0,4.0,1.0,1.0,1.0,3.0,1.3333333333333333,6.0,3.0,1.0,0.5,0.4444444444444444,1785.3825,4693.78,0.6572513172947534,114.97555555555556,18.0,0.25,2.0,0.75,23.0,1.0,39.75,6,12.0,1,3,2,1,3,52,53,59,0.3197,0.0,0.1098,0.0978,T1,False,none
19957074-e927-4caa-8444-72b8e31ea9dd,1.0,0.1111111111111111,1.0,1067.47,1067.47,0.0,22,1,1.0,1.0,11.0,1.0,1.0,1.0,1.0,1.0,2.0,1.0,1.0,1.0,0.1111111111111111,1067.47,1067.47,1.0,0.0,7.0,0.0,1.0,1.0,23.0,0.0,3.0,3,3.0,1,1,1,1,1,33,33,121,0.1433,0.0,0.2418,0.1111,T1,False,none
7c23c37a-2c7d-4e60-a64f-1876644a1041,4.0,0.4444444444444444,3.0,9675.38,2418.845,1813.1638230360395,24,1,2.0,2.0,7.0,2.0,1.0,0.75,3.0,1.3333333333333333,6.0,3.0,1.0,0.5,0.4444444444444444,2418.845,4071.97,0.4208589223369005,118.31416666666667,13.0,0.0,3.0,0.5,27.0,0.0,57.75,8,12.0,2,3,3,2,3,83,85,126,0.1498,0.0,0.1572,0.1186,T1,False,none
f3d9652b-5ec7-4037-92a7-25892607ce4b,5.0,0.5555555555555556,5.0,7075.209999999999,1415.042,657.4401470248071,11,0,1.0,5.0,6.0,1.0,1.0,1.0,2.0,2.5,5.0,2.0,1.0,0.6,0.5555555555555556,1415.042,2417.79,0.3417269593411362,228.20055555555555,7.0,0.2,2.0,0.8,25.0,1.0,47.8,5,15.0,1,2,2,1,2,52,53,143,0.1277,0.0,0.241,0.0927,T1,False,none
0097d64c-ca8a-4ab8-bc07-188c36abe863,3.0,0.3333333333333333,3.0,8197.630000000001,2732.5433333333335,429.6165342876523,46,0,1.0,3.0,6.0,1.0,1.0,1.0,2.0,1.5,4.0,2.0,1.0,0.6666666666666666,0.3333333333333333,2732.5433333333335,3174.53,0.38724972949498815,153.34555555555556,1.0,0.0,1.0,1.0,22.0,2.0,5.0,4,9.0,1,2,1,1,2,32,32,167,0.1063,0.0,0.25,0.1704,T1,False,none
8fde3346-9129-4110-852c-4265e98ba52a,1.0,0.1111111111111111,1.0,2585.47,2585.47,0.0,82,1,1.0,1.0,3.0,1.0,1.0,1.0,1.0,1.0,5.0,1.0,1.0,1.0,0.1111111111111111,2585.47,2585.47,1.0,0.0,11.0,0.0,1.0,1.0,19.0,2.0,13.0,3,3.0,1,1,1,1,1,24,24,78,0.2521,0.0,0.1237,0.0763,T1,False,none
22e70259-5ea5-4061-a9e8-164d1e966c61,3.0,0.3333333333333333,3.0,4044.66,1348.22,338.75692184810043,47,1,1.0,3.0,2.0,1.0,1.0,1.0,1.0,3.0,2.0,1.0,1.0,1.0,0.3333333333333333,1348.22,1684.73,0.41653192110090836,68.40944444444445,4.0,0.6666666666666666,1.0,1.0,25.0,2.0,56.0,3,9.0,1,1,1,1,1,26,26,118,0.1482,0.0,0.2319,0.119,T1,False,none
f021313a-0531-470f-adf7-9f020f39a0fb,5.0,0.5555555555555556,5.0,6074.07,1214.8139999999999,1471.3234844961864,22,0,2.0,2.5,7.0,2.0,1.0,0.6,2.0,2.5,8.0,1.0,0.5,0.8,0.5555555555555556,1214.8139999999999,2910.13,0.4791070896449992,186.6775,2.0,0.0,4.0,0.4,20.0,1.0,54.6,8,15.0,2,2,4,2,1,88,88,173,0.0954,0.0,0.2136,0.1548,T1,False,none
293c3134-2fbc-48ea-b559-88d17884abdd,5.0,0.5555555555555556,3.0,10578.93,2115.786,350.553628892927,84,1,1.0,5.0,8.0,1.0,1.0,1.0,2.0,2.5,7.0,2.0,1.0,0.8,0.5555555555555556,2115.786,2700.14,0.2552375334745574,85.72305555555556,4.0,0.6,3.0,0.6,24.0,0.0,51.8,6,15.0,1,2,3,1,2,73,74,121,0.1362,0.0,0.2722,0.12,T1,False,none
eda3cbed-3b80-4648-b17f-0274e07bcd47,4.0,0.4444444444444444,3.0,6528.74,1632.185,2073.0199975317814,12,1,2.0,2.0,8.0,2.0,1.0,0.75,2.0,2.0,6.0,2.0,1.0,0.75,0.4444444444444444,1632.185,4564.99,0.6992145498212519,130.1625,6.0,0.5,2.0,0.5,24.0,0.0,14.5,6,12.0,2,2,2,2,2,62,62,126,0.1498,0.0,0.1572,0.1186,T1,False,none
12079749-4536-4e5e-aa5f-5c82a465c421,3.0,0.3333333333333333,3.0,6885.48,2295.16,2220.521475059406,37,1,2.0,1.5,7.0,2.0,1.0,0.6666666666666666,1.0,3.0,6.0,1.0,1.0,1.0,0.3333333333333333,2295.16,4656.18,0.6762317224071526,210.99777777777777,7.0,0.0,2.0,0.6666666666666666,21.0,3.0,11.666666666666666,5,9.0,2,1,2,2,1,50,50,78,0.2521,0.0,0.1237,0.0763,T1,False,none
8147408b-4f8a-4515-a7db-8dd3e61226ca,6.0,0.6666666666666666,6.0,9909.57,1651.595,1226.7708436827147,78,0,2.0,3.0,7.0,2.0,1.0,0.8333333333333334,2.0,3.0,3.0,2.0,1.0,0.8333333333333334,0.6666666666666666,1651.595,3526.99,0.3559175625178489,201.5822222222222,19.0,0.3333333333333333,3.0,0.5,22.0,2.0,44.166666666666664,7,18.0,2,2,3,2,2,76,76,59,0.2957,0.0,0.0649,0.0215,T1,False,none
da29c598-9d83-4a38-b93f-97e76ba5803f,4.0,0.4444444444444444,4.0,13933.15,3483.2875,993.8641405938408,42,0,4.0,1.0,6.0,4.0,1.0,0.25,1.0,4.0,4.0,1.0,1.0,1.0,0.4444444444444444,3483.2875,4471.28,0.320909485651127,204.30694444444444,3.0,0.25,2.0,0.75,24.0,0.0,7.25,7,12.0,4,1,2,4,1,58,58,173,0.0954,0.0,0.2136,0.1548,T1,False,none
20cfc6f8-9c3f-4759-84eb-544f187a3d49,4.0,0.4444444444444444,4.0,13140.33,3285.0825,1280.974332227231,10,1,2.0,2.0,6.0,2.0,1.0,0.75,1.0,4.0,3.0,1.0,1.0,1.0,0.4444444444444444,3285.0825,4818.95,0.36672975488439025,148.80833333333334,6.0,0.0,1.0,1.0,20.0,1.0,75.0,4,12.0,2,1,1,2,1,28,28,126,0.1498,0.0,0.1572,0.1186,T1,False,none
cb73b8fa-388c-40e5-8560-5d36e48212d9,2.0,0.2222222222222222,2.0,4797.96,2398.98,3006.1654852652405,41,0,2.0,1.0,9.0,2.0,1.0,0.5,2.0,1.0,6.0,2.0,1.0,0.5,0.2222222222222222,2398.98,4524.66,0.9430382912737914,145.72583333333333,3.0,0.0,2.0,0.5,24.0,0.0,44.5,6,6.0,2,2,2,2,2,61,62,173,0.0954,0.0,0.2136,0.1548,T1,False,none
e24411a0-3ca8-427d-a678-9966254f8aef,3.0,0.3333333333333333,3.0,5663.839999999999,1887.9466666666665,2576.352506283512,67,0,2.0,1.5,11.0,2.0,1.0,0.6666666666666666,1.0,3.0,5.0,1.0,1.0,1.0,0.3333333333333333,1887.9466666666665,4851.57,0.8565866973643324,64.38638888888889,6.0,0.3333333333333333,3.0,0.3333333333333333,22.0,0.0,57.333333333333336,6,9.0,2,1,3,2,1,71,71,104,0.1637,0.0,0.1654,0.1067,T1,False,none
7e887b24-05da-4965-abe0-bd096052fe62,4.0,0.4444444444444444,4.0,12157.21,3039.3025,582.2553548272442,72,0,1.0,4.0,4.0,1.0,1.0,1.0,3.0,1.3333333333333333,5.0,3.0,1.0,0.5,0.4444444444444444,3039.3025,3861.94,0.31766663568368075,222.18416666666667,19.0,0.25,2.0,0.75,22.0,1.0,58.0,6,12.0,1,3,2,1,3,46,46,173,0.0954,0.0,0.2136,0.1548,T1,False,none
3a458acb-f5a3-4b51-9053-685f66489265,2.0,0.2222222222222222,2.0,7696.68,3848.34,869.4867824182261,75,1,2.0,1.0,6.0,2.0,1.0,0.5,2.0,1.0,4.0,2.0,1.0,0.5,0.2222222222222222,3848.34,4463.16,0.5798811955284616,49.42027777777778,14.0,0.0,2.0,0.5,21.0,0.0,26.0,6,6.0,2,2,2,2,2,51,51,78,0.2521,0.0,0.1237,0.0763,T1,False,none
32850816-28cf-4d2b-bfa0-27e6e335b024,4.0,0.4444444444444444,4.0,7479.39,1869.8475,2137.8788254307124,81,0,3.0,1.3333333333333333,9.0,3.0,1.0,0.5,3.0,1.3333333333333333,8.0,3.0,1.0,0.5,0.4444444444444444,1869.8475,4539.31,0.6069091195939776,94.87361111111112,5.0,0.5,3.0,0.5,25.0,2.0,43.5,9,12.0,3,3,3,3,3,90,91,57,0.2807,0.0,0.0921,0.0244,T1,False,none
fd096dbd-4f50-47bb-89c9-4c88a7da4968,3.0,0.3333333333333333,2.0,8953.95,2984.65,2158.7021631758284,18,0,1.0,3.0,5.0,1.0,1.0,1.0,2.0,1.5,4.0,2.0,1.0,0.6666666666666666,0.3333333333333333,2984.65,4799.81,0.5360550371623697,26.302777777777777,0.0,0.0,2.0,0.6666666666666666,24.0,1.0,73.0,5,9.0,1,2,2,1,2,46,46,89,0.2028,0.0,0.1043,0.0515,T1,False,none
aaaf3291-6dc4-485f-a2d8-cfa4221f8ee2,7.0,0.7777777777777778,5.0,25188.93,3598.4185714285713,1093.4606463186587,29,1,1.0,7.0,11.0,1.0,1.0,1.0,2.0,3.5,7.0,2.0,1.0,0.8571428571428571,0.7777777777777778,3598.4185714285713,4921.69,0.19539099120129358,187.5336111111111,0.0,0.14285714285714285,4.0,0.42857142857142855,30.0,2.0,11.714285714285714,7,21.0,1,2,4,1,2,104,105,66,0.3865,0.0,0.1807,0.0805,T1,False,none
d65aaac9-e7b8-4c63-a1b3-a24fb70a1d85,6.0,0.6666666666666666,6.0,13254.18,2209.03,1561.2603327055997,24,1,1.0,6.0,5.0,1.0,1.0,1.0,1.0,6.0,5.0,1.0,1.0,1.0,0.6666666666666666,2209.03,4325.16,0.32632422375431747,201.0988888888889,0.0,0.16666666666666666,2.0,0.8333333333333334,19.0,0.0,29.666666666666668,4,18.0,1,1,2,1,1,42,42,86,0.1967,0.0,0.161,0.0515,T1,False,none
6b518c7e-3b26-4e2e-a750-1b0d3fc1a159,3.0,0.3333333333333333,3.0,4708.8,1569.6000000000001,1369.2088497011694,72,1,1.0,3.0,6.0,1.0,1.0,1.0,2.0,1.5,7.0,2.0,1.0,0.6666666666666666,0.3333333333333333,1569.6000000000001,3150.2,0.6690027183146449,149.72,1.0,0.0,2.0,0.6666666666666666,29.0,3.0,19.0,5,9.0,1,2,2,1,2,57,59,103,0.2271,0.0,0.2014,0.1192,T1,False,none
e5ed448e-7279-410d-b18d-e49306ebcbbd,5.0,0.5555555555555556,3.0,14983.61,2996.722,2227.0419332199385,50,0,1.0,5.0,5.0,1.0,1.0,1.0,2.0,2.5,8.0,2.0,1.0,0.8,0.5555555555555556,2996.722,4763.26,0.31789802324006033,68.77055555555556,5.0,0.2,2.0,0.8,23.0,0.0,66.6,5,15.0,1,2,2,1,2,50,51,173,0.0954,0.0,0.2136,0.1548,T1,False,none
b72e517a-c64a-4248-a7c6-4c4aeea05c61,4.0,0.4444444444444444,4.0,10519.56,2629.89,1650.2948544426843,55,0,1.0,4.0,10.0,1.0,1.0,1.0,2.0,2.0,6.0,2.0,1.0,0.75,0.4444444444444444,2629.89,4238.21,0.40288852385460994,197.2511111111111,15.0,0.0,3.0,0.5,26.0,3.0,18.5,6,12.0,1,2,3,1,2,83,85,104,0.1637,0.0,0.1654,0.1067,T1,False,none
449dbebd-c12b-4912-aa18-fe32ed4e8dca,5.0,0.5555555555555556,3.0,15413.7,3082.7400000000002,1807.5901726469972,12,1,2.0,2.5,9.0,2.0,1.0,0.8,1.0,5.0,5.0,1.0,1.0,1.0,0.5555555555555556,3082.7400000000002,4485.14,0.2909839947579102,125.90916666666666,14.0,0.4,3.0,0.4,21.0,0.0,71.8,6,15.0,2,1,3,2,1,61,62,167,0.1063,0.0,0.25,0.1704,T1,False,none
42d2cf5c-bf06-48d9-b878-7739bafb40e4,2.0,0.2222222222222222,2.0,8378.9,4189.45,232.86440518035363,21,1,1.0,2.0,3.0,1.0,1.0,1.0,1.0,2.0,2.0,1.0,1.0,1.0,0.2222222222222222,4189.45,4354.11,0.5196517442623734,9.956666666666667,3.0,0.0,2.0,0.5,19.0,1.0,55.5,4,6.0,1,1,2,1,1,38,38,173,0.0954,0.0,0.2136,0.1548,T1,False,none
96de15be-7759-45db-b491-1f24aef4be5a,2.0,0.2222222222222222,2.0,5319.51,2659.755,2530.91194656195,75,0,1.0,2.0,8.0,1.0,1.0,1.0,2.0,1.0,3.0,2.0,1.0,0.5,0.2222222222222222,2659.755,4449.38,0.8364266633580912,105.54055555555556,9.0,0.0,2.0,0.5,24.0,0.0,28.5,5,6.0,1,2,2,1,2,47,47,64,0.3686,0.0,0.1444,0.0659,T1,False,none
de07f1c9-7c09-4d9a-a02e-36f8cdeff0ce,3.0,0.3333333333333333,3.0,7622.110000000001,2540.7033333333334,2156.531931698052,78,0,3.0,1.0,9.0,3.0,1.0,0.3333333333333333,2.0,1.5,7.0,2.0,1.0,0.6666666666666666,0.3333333333333333,2540.7033333333334,4604.22,0.6040610801995773,204.71777777777777,20.0,0.0,3.0,0.3333333333333333,20.0,2.0,56.0,8,9.0,3,2,3,3,2,81,81,173,0.0954,0.0,0.2136,0.1548,T1,False,none
d7534388-d9d7-4d53-af47-b9300f16bfcd,1.0,0.1111111111111111,1.0,176.99,176.99,0.0,63,1,1.0,1.0,7.0,1.0,1.0,1.0,1.0,1.0,1.0,0.0,0.0,1.0,0.1111111111111111,176.99,176.99,1.0,0.0,12.0,0.0,1.0,1.0,22.0,1.0,53.0,3,3.0,1,1,1,1,0,27,27,50,0.3086,0.0,0.0411,0.037,T1,False,none
362d652f-8111-4c22-94fd-c7c7ff6b591d,4.0,0.4444444444444444,4.0,6951.03,1737.7575,1627.3443099802205,86,0,1.0,4.0,10.0,1.0,1.0,1.0,1.0,4.0,1.0,0.0,0.0,1.0,0.4444444444444444,1737.7575,3781.67,0.5440445516707596,201.58027777777778,2.0,0.25,3.0,0.5,22.0,1.0,27.0,5,12.0,1,1,3,1,0,66,67,121,0.1362,0.0,0.2722,0.12,T1,False,none
41e95473-1db9-46bb-b72b-82b1672deaee,2.0,0.2222222222222222,2.0,7217.74,3608.87,1240.9865431180149,52,1,1.0,2.0,3.0,1.0,1.0,1.0,1.0,2.0,3.0,1.0,1.0,1.0,0.2222222222222222,3608.87,4486.38,0.6215768370708837,18.450833333333332,15.0,0.0,1.0,1.0,23.0,3.0,44.0,3,6.0,1,1,1,1,1,26,26,89,0.2028,0.0,0.1043,0.0515,T1,False,none
2c6012d8-8532-4689-b08f-4da5f5466318,6.0,0.6666666666666666,6.0,17538.21,2923.035,1417.6935386006387,12,0,3.0,2.0,10.0,3.0,1.0,0.6666666666666666,2.0,3.0,4.0,2.0,1.0,0.6666666666666666,0.6666666666666666,2923.035,4398.81,0.25081293929083986,210.36138888888888,0.0,0.3333333333333333,1.0,1.0,19.0,1.0,73.0,6,18.0,3,2,1,3,2,46,47,126,0.1498,0.0,0.1572,0.1186,T1,False,none
5ccbbf88-feaa-452d-a1b1-375e6860b167,5.0,0.5555555555555556,3.0,8894.55,1778.9099999999999,1460.3672178085892,15,1,2.0,2.5,11.0,2.0,1.0,0.8,3.0,1.6666666666666667,7.0,3.0,1.0,0.4,0.5555555555555556,1778.9099999999999,4031.14,0.4532146089459276,93.03416666666666,0.0,0.0,2.0,0.6,22.0,3.0,34.2,7,15.0,2,3,2,2,3,70,70,173,0.0954,0.0,0.2136,0.1548,T1,False,none
f39654a3-6706-454e-923b-a3843fb8400b,0.0,0.0,0.0,0.0,0.0,0.0,71,0,0.0,0.0,0.0,0.0,0.0,0.0,0.0,0.0,0.0,0.0,0.0,0.0,0.0,0.0,0.0,0.0,0.0,0.0,0.0,0.0,0.0,0.0,0.0,0.0,0,0.0,0,0,0,0,0,0,0,1,0.0,0.0,0.0,0.0,T1,False,none
55b55b0c-8211-4df6-8c14-de59d39f80de,2.0,0.2222222222222222,2.0,4383.17,2191.585,1511.094262463464,55,1,2.0,1.0,9.0,2.0,1.0,0.5,1.0,2.0,3.0,1.0,1.0,1.0,0.2222222222222222,2191.585,3260.09,0.7437744828514523,122.97666666666667,10.0,0.0,2.0,0.5,23.0,0.0,26.0,5,6.0,2,1,2,2,1,52,53,121,0.1433,0.0,0.2418,0.1111,T1,False,none
4a7ed703-b92e-49d4-a430-8e940a0d884b,6.0,0.6666666666666666,6.0,18695.98,3115.9966666666664,1575.016218426549,23,0,2.0,3.0,4.0,2.0,1.0,0.8333333333333334,3.0,2.0,7.0,3.0,1.0,0.6666666666666666,0.6666666666666666,3115.9966666666664,4683.15,0.2504896774600743,154.75694444444446,1.0,0.3333333333333333,2.0,0.8333333333333334,20.0,1.0,18.333333333333332,7,18.0,2,3,2,2,3,52,52,126,0.1498,0.0,0.1572,0.1186,T1,False,none
6d9461e1-98f3-42f4-9ede-ed0907c42b71,2.0,0.2222222222222222,2.0,3845.34,1922.67,197.05651778106727,15,1,1.0,2.0,3.0,1.0,1.0,1.0,1.0,2.0,6.0,1.0,1.0,1.0,0.2222222222222222,1922.67,2062.01,0.536236067551894,61.30222222222222,2.0,0.5,1.0,1.0,21.0,3.0,5.0,3,6.0,1,1,1,1,1,27,27,78,0.2521,0.0,0.1237,0.0763,T1,False,none
37b2fc18-c899-49b1-9bf8-15c7b10e94c7,3.0,0.3333333333333333,3.0,9138.77,3046.2566666666667,562.9305611115221,28,0,2.0,1.5,7.0,2.0,1.0,0.6666666666666666,1.0,3.0,4.0,1.0,1.0,1.0,0.3333333333333333,3046.2566666666667,3466.7,0.3793398892848818,144.3761111111111,0.0,0.3333333333333333,2.0,0.6666666666666666,21.0,2.0,18.666666666666668,5,9.0,2,1,2,2,1,53,53,121,0.1433,0.0,0.2418,0.1111,T1,False,none
f5a7fd7f-24e4-4e9b-b726-d8c4ab4f38a5,6.0,0.6666666666666666,4.0,11972.73,1995.455,1659.4233075830894,18,1,3.0,2.0,9.0,3.0,1.0,0.6666666666666666,1.0,6.0,4.0,1.0,1.0,1.0,0.6666666666666666,1995.455,4238.71,0.3540303673431206,162.62722222222223,0.0,0.16666666666666666,2.0,0.8333333333333334,26.0,0.0,37.333333333333336,6,18.0,3,1,2,3,1,58,61,89,0.2028,0.0,0.1043,0.0515,T1,False,none
d88cb181-23ca-47c8-b94e-b8dd2ccec33f,6.0,0.6666666666666666,3.0,12863.29,2143.8816666666667,1497.106415101033,34,1,3.0,2.0,9.0,3.0,1.0,0.5,3.0,2.0,8.0,3.0,1.0,0.6666666666666666,0.6666666666666666,2143.8816666666667,3809.53,0.29615518269431845,140.8672222222222,2.0,0.0,2.0,0.8333333333333334,20.0,1.0,74.0,8,18.0,3,3,2,3,3,64,65,89,0.2028,0.0,0.1043,0.0515,T1,False,none
258dfc06-5025-4484-99b8-372ba1f5a3b8,8.0,0.8888888888888888,6.0,30114.89,3764.36125,1257.222000005653,66,1,2.0,4.0,8.0,2.0,1.0,0.875,4.0,2.0,7.0,4.0,1.0,0.5,0.8888888888888888,3764.36125,4993.36,0.1658103350203172,188.6822222222222,6.0,0.375,3.0,0.75,29.0,0.0,39.75,9,24.0,2,4,3,2,4,98,101,103,0.2271,0.0,0.2014,0.1192,T1,False,none
06b313c5-ed63-4f39-aa17-7700cd5f1ad3,4.0,0.4444444444444444,3.0,7951.99,1987.9975,1552.5925117981428,16,1,1.0,4.0,10.0,1.0,1.0,1.0,3.0,1.3333333333333333,6.0,3.0,1.0,0.5,0.4444444444444444,1987.9975,4018.81,0.5053841868513416,31.335555555555555,0.0,0.0,2.0,0.75,22.0,1.0,51.5,6,12.0,1,3,2,1,3,62,62,167,0.1063,0.0,0.25,0.1704,T1,False,none
ad824569-fc21-4006-a655-07d55968e0ee,4.0,0.4444444444444444,4.0,10073.970000000001,2518.4925000000003,1679.0890341169127,20,1,2.0,2.0,8.0,2.0,1.0,0.5,2.0,2.0,9.0,2.0,1.0,0.75,0.4444444444444444,2518.4925000000003,4133.51,0.41031589333698626,195.1688888888889,1.0,0.25,3.0,0.5,22.0,2.0,25.0,7,12.0,2,2,3,2,2,75,75,86,0.1967,0.0,0.161,0.0515,T1,False,none
47731385-727b-4f39-9263-24ecfc36d260,5.0,0.5555555555555556,4.0,16087.14,3217.428,493.58545690690676,51,0,1.0,5.0,9.0,1.0,1.0,1.0,2.0,2.5,6.0,2.0,1.0,0.6,0.5555555555555556,3217.428,3790.84,0.2356441231940544,195.0811111111111,5.0,0.0,3.0,0.4,21.0,2.0,39.4,6,15.0,1,2,3,1,2,66,66,118,0.1482,0.0,0.2319,0.119,T1,False,none
66157e5c-a9ee-464b-afef-475ab8270f98,5.0,0.5555555555555556,5.0,16984.44,3396.888,1380.9808731188134,33,1,3.0,1.6666666666666667,9.0,3.0,1.0,0.6,2.0,2.5,3.0,2.0,1.0,0.8,0.5555555555555556,3396.888,4348.03,0.25600078660232545,180.5888888888889,9.0,0.0,2.0,0.8,17.0,3.0,44.6,7,15.0,3,2,2,3,2,51,53,59,0.3197,0.0,0.1098,0.0978,T1,False,none
7220cb8a-26bd-45d3-979b-ddfc1d82c66e,3.0,0.3333333333333333,3.0,6783.87,2261.29,1368.176022008864,69,0,2.0,1.5,6.0,2.0,1.0,0.6666666666666666,1.0,3.0,4.0,1.0,1.0,1.0,0.3333333333333333,2261.29,3509.93,0.5173934642025864,139.3413888888889,3.0,0.3333333333333333,2.0,0.6666666666666666,23.0,2.0,14.333333333333334,5,9.0,2,1,2,2,1,53,53,66,0.3865,0.0,0.1807,0.0805,T1,False,none
a6000e4c-4801-43f5-a35a-c21632a0a085,3.0,0.3333333333333333,3.0,6606.05,2202.016666666667,1404.9261306678488,31,1,2.0,1.5,7.0,2.0,1.0,0.6666666666666666,1.0,3.0,7.0,1.0,1.0,1.0,0.3333333333333333,2202.016666666667,3411.28,0.516387251080449,148.1197222222222,0.0,0.3333333333333333,3.0,0.3333333333333333,18.0,1.0,38.666666666666664,6,9.0,2,1,3,2,1,64,64,173,0.0954,0.0,0.2136,0.1548,T1,False,none
a4d38a81-e08d-42c4-9467-160d30ac019c,1.0,0.1111111111111111,1.0,56.69,56.69,0.0,53,0,1.0,1.0,10.0,1.0,1.0,1.0,1.0,1.0,1.0,0.0,0.0,1.0,0.1111111111111111,56.69,56.69,1.0,0.0,7.0,0.0,1.0,1.0,25.0,2.0,56.0,3,3.0,1,1,1,1,0,33,33,118,0.1482,0.0,0.2319,0.119,T1,False,none
ae32d591-46e7-4e59-a250-01109c19b8a4,1.0,0.1111111111111111,1.0,896.6,896.6,0.0,76,1,1.0,1.0,5.0,1.0,1.0,1.0,1.0,1.0,8.0,1.0,1.0,1.0,0.1111111111111111,896.6,896.6,1.0,0.0,19.0,0.0,1.0,1.0,22.0,2.0,57.0,3,3.0,1,1,1,1,1,32,32,59,0.2957,0.0,0.0649,0.0215,T1,False,none
3cbd612a-f868-410f-9943-f71709207206,5.0,0.5555555555555556,5.0,15680.74,3136.148,2212.786240437607,66,1,2.0,2.5,10.0,2.0,1.0,0.6,1.0,5.0,2.0,1.0,1.0,1.0,0.5555555555555556,3136.148,4990.82,0.31827707110761355,203.925,22.0,0.2,2.0,0.6,21.0,2.0,73.4,5,15.0,2,1,2,2,1,55,56,143,0.1277,0.0,0.241,0.0927,T1,False,none
2ce7c38c-e8a6-4405-831f-5b923b047f45,1.0,0.1111111111111111,1.0,2913.24,2913.24,0.0,56,0,1.0,1.0,11.0,1.0,1.0,1.0,1.0,1.0,3.0,1.0,1.0,1.0,0.1111111111111111,2913.24,2913.24,1.0,0.0,14.0,0.0,1.0,1.0,14.0,0.0,19.0,3,3.0,1,1,1,1,1,25,25,74,0.2714,0.0,0.1287,0.0855,T1,False,none
94c39368-a08d-421d-a4dc-d8c2cf4dc264,2.0,0.2222222222222222,2.0,4243.91,2121.955,1271.766901303065,32,1,1.0,2.0,7.0,1.0,1.0,1.0,1.0,2.0,3.0,1.0,1.0,1.0,0.2222222222222222,2121.955,3021.23,0.7118977546649199,178.05277777777778,6.0,0.0,2.0,0.5,29.0,2.0,15.5,4,6.0,1,1,2,1,1,56,56,64,0.3686,0.0,0.1444,0.0659,T1,False,none
400035d3-95cb-49e9-911f-4427deeeb0e7,1.0,0.1111111111111111,1.0,317.76,317.76,0.0,51,0,1.0,1.0,11.0,1.0,1.0,1.0,1.0,1.0,2.0,1.0,1.0,1.0,0.1111111111111111,317.76,317.76,1.0,0.0,5.0,0.0,1.0,1.0,29.0,0.0,54.0,3,3.0,1,1,1,1,1,39,39,167,0.1063,0.0,0.25,0.1704,T1,False,none
1a1c172f-6009-4f60-8c5c-5f1829f90e7b,1.0,0.1111111111111111,1.0,3718.98,3718.98,0.0,72,0,1.0,1.0,6.0,1.0,1.0,1.0,1.0,1.0,2.0,1.0,1.0,1.0,0.1111111111111111,3718.98,3718.98,1.0,0.0,14.0,0.0,1.0,1.0,15.0,3.0,42.0,3,3.0,1,1,1,1,1,20,20,59,0.3197,0.0,0.1098,0.0978,T1,False,none
1ec96d97-a85e-423f-a2c4-af5c028a495c,0.0,0.0,0.0,0.0,0.0,0.0,86,1,0.0,0.0,0.0,0.0,0.0,0.0,0.0,0.0,0.0,0.0,0.0,0.0,0.0,0.0,0.0,0.0,0.0,0.0,0.0,0.0,0.0,0.0,0.0,0.0,0,0.0,0,0,0,0,0,0,0,1,0.0,0.0,0.0,0.0,T1,False,none
4c7aae03-1e4e-4114-82ce-3c55da3dd29a,3.0,0.3333333333333333,3.0,5441.3,1813.7666666666667,2082.5524936801316,37,1,3.0,1.0,8.0,3.0,1.0,0.3333333333333333,2.0,1.5,8.0,2.0,1.0,0.6666666666666666,0.3333333333333333,1813.7666666666667,4215.6,0.774741330196828,182.0738888888889,3.0,0.3333333333333333,2.0,0.6666666666666666,19.0,3.0,33.333333333333336,7,9.0,3,2,2,3,2,58,58,121,0.1362,0.0,0.2722,0.12,T1,False,none
a7ea5b49-8775-4f7d-9117-fa05bbcf64e2,3.0,0.3333333333333333,2.0,6232.8,2077.6,1794.5883818023563,78,0,1.0,3.0,4.0,1.0,1.0,1.0,2.0,1.5,4.0,2.0,1.0,0.6666666666666666,0.3333333333333333,2077.6,3967.29,0.6365180978051598,144.94555555555556,8.0,0.3333333333333333,2.0,0.6666666666666666,20.0,3.0,8.0,5,9.0,1,2,2,1,2,44,45,78,0.2521,0.0,0.1237,0.0763,T1,False,none
2cd51fdc-b7a9-4147-b486-576125f5b800,2.0,0.2222222222222222,2.0,3560.37,1780.185,103.7396358678784,17,1,2.0,1.0,7.0,2.0,1.0,0.5,2.0,1.0,5.0,2.0,1.0,0.5,0.2222222222222222,1780.185,1853.54,0.5206031957352747,146.73333333333332,10.0,0.5,1.0,1.0,21.0,0.0,79.0,5,6.0,2,2,1,2,2,38,38,74,0.2714,0.0,0.1287,0.0855,T1,False,none
700fe4c6-14ea-487c-90a7-fcc754280f4a,4.0,0.4444444444444444,3.0,11931.58,2982.895,1086.3130310826618,79,1,2.0,2.0,11.0,2.0,1.0,0.75,2.0,2.0,5.0,2.0,1.0,0.75,0.4444444444444444,2982.895,3941.28,0.33032339388412935,107.99638888888889,3.0,0.5,3.0,0.5,19.0,0.0,25.75,7,12.0,2,2,3,2,2,63,64,173,0.0954,0.0,0.2136,0.1548,T1,False,none
e09d4727-b2fc-4cab-8aa9-fa0d63797a2e,4.0,0.4444444444444444,4.0,4330.32,1082.58,368.54123785541293,46,1,2.0,2.0,8.0,2.0,1.0,0.5,2.0,2.0,3.0,2.0,1.0,0.75,0.4444444444444444,1082.58,1486.14,0.34319403646843655,120.42388888888888,5.0,0.25,1.0,1.0,17.0,0.0,15.0,5,12.0,2,2,1,2,2,30,30,173,0.0954,0.0,0.2136,0.1548,T1,False,none
3b9b5964-f850-4695-ab64-8ad1e240cd4b,3.0,0.3333333333333333,3.0,8366.73,2788.91,711.029551495576,37,0,3.0,1.0,9.0,3.0,1.0,0.3333333333333333,1.0,3.0,5.0,1.0,1.0,1.0,0.3333333333333333,2788.91,3542.46,0.42339838861777546,130.925,7.0,0.6666666666666666,2.0,0.6666666666666666,23.0,3.0,48.666666666666664,6,9.0,3,1,2,3,1,66,66,143,0.1277,0.0,0.241,0.0927,T1,False,none
ea6ca45b-9d42-4c71-9a70-df3243cd4446,1.0,0.1111111111111111,1.0,435.71,435.71,0.0,31,1,1.0,1.0,4.0,1.0,1.0,1.0,1.0,1.0,4.0,1.0,1.0,1.0,0.1111111111111111,435.71,435.71,1.0,0.0,2.0,0.0,1.0,1.0,20.0,2.0,41.0,3,3.0,1,1,1,1,1,25,25,118,0.1482,0.0,0.2319,0.119,T1,False,none
847a93a1-154c-4f69-973a-7463e0fd577d,2.0,0.2222222222222222,2.0,8012.700000000001,4006.3500000000004,56.44126327431018,69,0,1.0,2.0,5.0,1.0,1.0,1.0,1.0,2.0,3.0,1.0,1.0,1.0,0.2222222222222222,4006.3500000000004,4046.26,0.5049808429118774,196.24972222222223,10.0,0.0,2.0,0.5,21.0,0.0,47.0,4,6.0,1,1,2,1,1,42,42,173,0.0954,0.0,0.2136,0.1548,T1,False,none
484852f7-ce1c-4aec-a4c3-d5b6873c2e70,5.0,0.5555555555555556,5.0,14639.5,2927.9,2072.778775738019,79,0,1.0,5.0,4.0,1.0,1.0,1.0,1.0,5.0,5.0,1.0,1.0,1.0,0.5555555555555556,2927.9,4979.23,0.3401229550189555,163.13194444444446,22.0,0.2,4.0,0.4,28.0,3.0,13.4,6,15.0,1,1,4,1,1,100,102,65,0.3611,0.0,0.0889,0.0707,T1,False,none
a4ea953d-b004-4ea8-9428-66e0ccd2a033,3.0,0.3333333333333333,3.0,5945.56,1981.8533333333335,1708.928203182724,70,0,1.0,3.0,10.0,1.0,1.0,1.0,2.0,1.5,5.0,2.0,1.0,0.6666666666666666,0.3333333333333333,1981.8533333333335,3718.38,0.6254045035286836,132.3125,4.0,0.0,3.0,0.3333333333333333,23.0,3.0,23.666666666666668,6,9.0,1,2,3,1,2,74,75,74,0.2714,0.0,0.1287,0.0855,T1,False,none
9e8d405d-2c01-4e50-a290-d8b9e9adab5c,4.0,0.4444444444444444,4.0,6780.68,1695.17,1465.9496190297039,85,0,1.0,4.0,9.0,1.0,1.0,1.0,2.0,2.0,3.0,2.0,1.0,0.75,0.4444444444444444,1695.17,3847.02,0.5673501772683566,227.09166666666667,20.0,0.25,2.0,0.5,23.0,0.0,29.5,5,12.0,1,2,2,1,2,47,47,121,0.1433,0.0,0.2418,0.1111,T1,False,none
8e7ee74c-58c6-441b-8671-faef8181711c,3.0,0.3333333333333333,3.0,7121.0599999999995,2373.6866666666665,1825.6343675920798,63,1,2.0,1.5,11.0,2.0,1.0,0.6666666666666666,2.0,1.5,6.0,2.0,1.0,0.6666666666666666,0.3333333333333333,2373.6866666666665,4228.48,0.5937992377539298,180.4127777777778,5.0,0.0,1.0,1.0,19.0,0.0,10.0,5,9.0,2,2,1,2,2,38,38,121,0.1362,0.0,0.2722,0.12,T1,False,none
6ca1939a-5d96-4145-a391-5c6802a9d2b5,4.0,0.4444444444444444,4.0,10029.83,2507.4575,1287.0261937861508,26,1,2.0,2.0,9.0,2.0,1.0,0.75,2.0,2.0,8.0,2.0,1.0,0.75,0.4444444444444444,2507.4575,3916.96,0.3905310458901098,170.84222222222223,1.0,0.25,3.0,0.5,19.0,1.0,58.25,7,12.0,2,2,3,2,2,74,74,126,0.1498,0.0,0.1572,0.1186,T1,False,none
125d2cd3-0e2e-4b91-a1b7-1e01c3b4365d,3.0,0.3333333333333333,2.0,10362.75,3454.25,1850.44933470225,62,0,2.0,1.5,9.0,2.0,1.0,0.6666666666666666,1.0,3.0,1.0,0.0,0.0,1.0,0.3333333333333333,3454.25,4848.02,0.46783141540614226,25.57638888888889,8.0,0.3333333333333333,2.0,0.6666666666666666,16.0,2.0,36.333333333333336,5,9.0,2,1,2,2,0,42,42,167,0.1063,0.0,0.25,0.1704,T1,False,none
e85c7576-f42f-455d-86e2-987cc0d855f9,0.0,0.0,0.0,0.0,0.0,0.0,44,0,0.0,0.0,0.0,0.0,0.0,0.0,0.0,0.0,0.0,0.0,0.0,0.0,0.0,0.0,0.0,0.0,0.0,0.0,0.0,0.0,0.0,0.0,0.0,0.0,0,0.0,0,0,0,0,0,0,0,1,0.0,0.0,0.0,0.0,T1,False,none
b86310a3-5082-45e3-a7f7-69f185aa530d,4.0,0.4444444444444444,4.0,3395.0,848.75,777.383562299418,78,0,2.0,2.0,6.0,2.0,1.0,0.75,1.0,4.0,1.0,0.0,0.0,1.0,0.4444444444444444,848.75,1940.35,0.5715316642120766,105.04444444444445,0.0,0.5,2.0,0.75,22.0,1.0,51.25,5,12.0,2,1,2,2,0,48,48,50,0.3086,0.0,0.0411,0.037,T1,False,none
dfc613d4-725b-4c17-827f-afe658e126fc,3.0,0.3333333333333333,2.0,7570.66,2523.5533333333333,909.8161831014731,43,0,1.0,3.0,3.0,1.0,1.0,1.0,1.0,3.0,3.0,1.0,1.0,1.0,0.3333333333333333,2523.5533333333333,3416.09,0.4512275019615199,29.69638888888889,7.0,0.0,2.0,0.6666666666666666,24.0,3.0,48.0,4,9.0,1,1,2,1,1,48,48,126,0.1498,0.0,0.1572,0.1186,T1,False,none
85bb5b71-bd11-4d51-b767-e98761c36951,3.0,0.3333333333333333,2.0,4354.4,1451.4666666666665,1095.107090303653,84,1,2.0,1.5,9.0,2.0,1.0,0.6666666666666666,2.0,1.5,3.0,2.0,1.0,0.6666666666666666,0.3333333333333333,1451.4666666666665,2708.58,0.6220328862759508,88.07583333333334,8.0,0.6666666666666666,3.0,0.3333333333333333,21.0,3.0,38.666666666666664,7,9.0,2,2,3,2,2,74,75,126,0.1498,0.0,0.1572,0.1186,T1,False,none
64180bac-0ea3-409b-894a-b8e7e0a7921e,2.0,0.2222222222222222,1.0,3939.33,1969.665,71.8066936294938,26,0,1.0,2.0,11.0,1.0,1.0,1.0,1.0,2.0,6.0,1.0,1.0,1.0,0.2222222222222222,1969.665,2020.44,0.5128892476639428,16.75777777777778,3.0,0.0,2.0,0.5,25.0,1.0,8.5,4,6.0,1,1,2,1,1,56,56,104,0.1637,0.0,0.1654,0.1067,T1,False,none
368bd538-ea6a-4e96-9096-425ac773639d,2.0,0.2222222222222222,2.0,5991.13,2995.565,303.3134537899694,41,0,1.0,2.0,7.0,1.0,1.0,1.0,1.0,2.0,8.0,1.0,1.0,1.0,0.2222222222222222,2995.565,3210.04,0.5357987558273648,97.31611111111111,5.0,0.5,2.0,0.5,22.0,0.0,62.5,4,6.0,1,1,2,1,1,54,54,50,0.3086,0.0,0.0411,0.037,T1,False,none
9ea15901-1f82-499c-9807-c7876eb4d321,1.0,0.1111111111111111,1.0,981.69,981.69,0.0,24,0,1.0,1.0,9.0,1.0,1.0,1.0,1.0,1.0,3.0,1.0,1.0,1.0,0.1111111111111111,981.69,981.69,1.0,0.0,9.0,0.0,1.0,1.0,13.0,2.0,68.0,3,3.0,1,1,1,1,1,22,22,143,0.1277,0.0,0.241,0.0927,T1,False,none
6b0b525d-14a2-487f-80a5-bc89523f2135,2.0,0.2222222222222222,2.0,7446.7,3723.35,1419.0784570276585,57,0,1.0,2.0,7.0,1.0,1.0,1.0,1.0,2.0,5.0,1.0,1.0,1.0,0.2222222222222222,3723.35,4726.79,0.6347496206373293,184.5052777777778,1.0,0.0,2.0,0.5,18.0,1.0,52.0,4,6.0,1,1,2,1,1,40,41,121,0.1362,0.0,0.2722,0.12,T1,False,none
34e5edd6-a7ea-4083-9ac2-a96cd709de51,2.0,0.2222222222222222,1.0,4283.62,2141.81,1200.3137610641645,37,0,1.0,2.0,4.0,1.0,1.0,1.0,1.0,2.0,2.0,1.0,1.0,1.0,0.2222222222222222,2141.81,2990.56,0.6981384903422806,10.333333333333334,12.0,0.0,1.0,1.0,22.0,2.0,27.0,3,6.0,1,1,1,1,1,25,25,167,0.1063,0.0,0.25,0.1704,T1,False,none
dba639dc-afe3-4391-b964-020a06c1af44,2.0,0.2222222222222222,2.0,3609.62,1804.81,1923.9809830661009,66,1,1.0,2.0,3.0,1.0,1.0,1.0,1.0,2.0,5.0,1.0,1.0,1.0,0.2222222222222222,1804.81,3165.27,0.8768983992774863,120.48444444444445,10.0,0.5,1.0,1.0,13.0,0.0,31.0,3,6.0,1,1,1,1,1,18,18,126,0.1498,0.0,0.1572,0.1186,T1,False,none
139a4da4-8856-4fa5-a78c-943620196c17,5.0,0.5555555555555556,5.0,15995.71,3199.142,1621.9355193625918,70,1,2.0,2.5,9.0,2.0,1.0,0.8,1.0,5.0,3.0,1.0,1.0,1.0,0.5555555555555556,3199.142,4566.76,0.28549904943262916,197.2461111111111,1.0,0.2,2.0,0.6,23.0,1.0,75.8,5,15.0,2,1,2,2,1,53,54,86,0.1967,0.0,0.161,0.0515,T1,False,none
1e616922-b103-4976-8fdb-d4dec1ed7f68,3.0,0.3333333333333333,3.0,8792.35,2930.7833333333333,1397.4172091517025,59,1,1.0,3.0,11.0,1.0,1.0,1.0,1.0,3.0,4.0,1.0,1.0,1.0,0.3333333333333333,2930.7833333333333,4525.96,0.5147611275711271,128.5052777777778,8.0,0.3333333333333333,3.0,0.3333333333333333,25.0,0.0,34.333333333333336,5,9.0,1,1,3,1,1,77,77,104,0.1637,0.0,0.1654,0.1067,T1,False,none
f3f0bd16-0b1b-4cf6-9692-6c09ddbc18ea,1.0,0.1111111111111111,1.0,2567.62,2567.62,0.0,47,1,1.0,1.0,7.0,1.0,1.0,1.0,1.0,1.0,7.0,1.0,1.0,1.0,0.1111111111111111,2567.62,2567.62,1.0,0.0,0.0,0.0,1.0,1.0,13.0,0.0,32.0,3,3.0,1,1,1,1,1,24,24,50,0.3086,0.0,0.0411,0.037,T1,False,none
2ebaa41d-09a0-4b99-9e7a-b399ef90ccbf,7.0,0.7777777777777778,5.0,17483.36,2497.6228571428574,2013.5750826387898,81,1,2.0,3.5,9.0,2.0,1.0,0.8571428571428571,3.0,2.3333333333333335,7.0,3.0,1.0,0.7142857142857143,0.7777777777777778,2497.6228571428574,4585.31,0.26226709282426264,208.31305555555556,0.0,0.2857142857142857,3.0,0.5714285714285714,24.0,3.0,51.285714285714285,8,21.0,2,3,3,2,3,82,84,126,0.1498,0.0,0.1572,0.1186,T1,False,none
01459adf-a528-4f49-9f9c-ac6b35ae0b06,6.0,0.6666666666666666,5.0,9985.6,1664.2666666666667,1050.5961377173755,52,0,2.0,3.0,11.0,2.0,1.0,0.8333333333333334,1.0,6.0,7.0,1.0,1.0,1.0,0.6666666666666666,1664.2666666666667,3402.61,0.34075168242268866,133.5013888888889,0.0,0.16666666666666666,2.0,0.8333333333333334,21.0,0.0,67.5,5,18.0,2,1,2,2,1,57,57,86,0.1967,0.0,0.161,0.0515,T1,False,none
457b5e57-f69b-4172-b4a5-f5c090bd0a20,3.0,0.3333333333333333,3.0,1287.67,429.22333333333336,399.00850132965,78,1,1.0,3.0,6.0,1.0,1.0,1.0,2.0,1.5,6.0,1.0,0.5,0.6666666666666666,0.3333333333333333,429.22333333333336,800.55,0.621704318653071,73.24277777777777,5.0,0.6666666666666666,3.0,0.3333333333333333,22.0,0.0,55.666666666666664,6,9.0,1,2,3,1,1,61,61,104,0.1637,0.0,0.1654,0.1067,T1,False,none
6ea9752b-2e6a-425d-ab50-d18515c63b8a,7.0,0.7777777777777778,6.0,18916.17,2702.31,1485.3181599913198,15,0,2.0,3.5,8.0,2.0,1.0,0.8571428571428571,1.0,7.0,4.0,1.0,1.0,1.0,0.7777777777777778,2702.31,4720.72,0.2495600325012939,224.34305555555557,9.0,0.2857142857142857,3.0,0.7142857142857143,25.0,3.0,50.857142857142854,6,21.0,2,1,3,2,1,75,77,103,0.2271,0.0,0.2014,0.1192,T1,False,none
f126546e-a0ee-44b5-869d-27f6232bbd51,1.0,0.1111111111111111,1.0,1137.09,1137.09,0.0,37,1,1.0,1.0,5.0,1.0,1.0,1.0,1.0,1.0,3.0,1.0,1.0,1.0,0.1111111111111111,1137.09,1137.09,1.0,0.0,12.0,0.0,1.0,1.0,15.0,3.0,39.0,3,3.0,1,1,1,1,1,20,20,143,0.1277,0.0,0.241,0.0927,T1,False,none
ffc5d03b-c98c-40f0-aac0-eae88feb2c72,3.0,0.3333333333333333,3.0,5535.21,1845.07,1526.738312481874,64,1,2.0,1.5,5.0,1.0,0.5,0.6666666666666666,2.0,1.5,4.0,2.0,1.0,0.6666666666666666,0.3333333333333333,1845.07,3328.15,0.6012689672117227,168.93138888888888,8.0,0.3333333333333333,1.0,1.0,19.0,0.0,70.0,5,9.0,2,2,1,1,2,27,27,78,0.2521,0.0,0.1237,0.0763,T1,False,none
c1d8c37f-2f3a-4e9d-8973-3a1a98861ef8,5.0,0.5555555555555556,4.0,12258.960000000001,2451.7920000000004,1643.3793777061949,77,1,1.0,5.0,6.0,1.0,1.0,1.0,2.0,2.5,4.0,2.0,1.0,0.8,0.5555555555555556,2451.7920000000004,4905.18,0.40013019048924214,142.32777777777778,0.0,0.2,4.0,0.4,25.0,1.0,52.8,7,15.0,1,2,4,1,2,81,81,118,0.1482,0.0,0.2319,0.119,T1,False,none
9322e609-f70b-4930-8b5a-7e997186251f,3.0,0.3333333333333333,2.0,6544.87,2181.6233333333334,1584.2177284178251,51,1,3.0,1.0,9.0,3.0,1.0,0.3333333333333333,1.0,3.0,2.0,1.0,1.0,1.0,0.3333333333333333,2181.6233333333334,3732.56,0.5703031534621773,38.73361111111111,2.0,0.3333333333333333,3.0,0.3333333333333333,23.0,0.0,36.0,7,9.0,3,1,3,3,1,72,73,173,0.0954,0.0,0.2136,0.1548,T1,False,none
26d760f8-ccd2-42fc-8f22-eb5068806fc6,2.0,0.2222222222222222,2.0,4735.68,2367.84,1301.939147656295,22,0,1.0,2.0,6.0,1.0,1.0,1.0,2.0,1.0,5.0,2.0,1.0,0.5,0.2222222222222222,2367.84,3288.45,0.6943986924792215,40.345555555555556,4.0,0.0,1.0,1.0,18.0,1.0,62.0,4,6.0,1,2,1,1,2,29,29,121,0.1433,0.0,0.2418,0.1111,T1,False,none
46a82937-9503-465e-ac40-b3d81f6616f0,1.0,0.1111111111111111,1.0,1245.82,1245.82,0.0,37,1,1.0,1.0,14.0,1.0,1.0,1.0,1.0,1.0,6.0,1.0,1.0,1.0,0.1111111111111111,1245.82,1245.82,1.0,0.0,18.0,0.0,1.0,1.0,21.0,1.0,59.0,3,3.0,1,1,1,1,1,38,38,118,0.1482,0.0,0.2319,0.119,T1,False,none
a63c8bd5-9989-48d9-a237-eb1c33c4a301,8.0,0.8888888888888888,6.0,15210.41,1901.30125,1041.3007535418312,86,0,3.0,2.6666666666666665,12.0,3.0,1.0,0.75,2.0,4.0,8.0,2.0,1.0,0.625,0.8888888888888888,1901.30125,3445.47,0.22652052114308555,172.14111111111112,5.0,0.125,4.0,0.5,28.0,0.0,41.125,9,24.0,3,2,4,3,2,113,115,103,0.2271,0.0,0.2014,0.1192,T1,False,none
cc5ee89a-0025-42f3-a550-928b4a68e7dd,2.0,0.2222222222222222,2.0,1676.1100000000001,838.0550000000001,253.81597910691113,44,1,1.0,2.0,4.0,1.0,1.0,1.0,1.0,2.0,2.0,1.0,1.0,1.0,0.2222222222222222,838.0550000000001,1017.53,0.6070782943840201,121.55722222222222,3.0,0.5,1.0,1.0,21.0,2.0,77.0,3,6.0,1,1,1,1,1,24,24,143,0.1277,0.0,0.241,0.0927,T1,False,none
10b5f2e0-75d6-40e7-8fb9-90fd8763dc6d,2.0,0.2222222222222222,1.0,462.28,231.14,22.189010793633887,79,1,2.0,1.0,9.0,2.0,1.0,0.5,2.0,1.0,5.0,2.0,1.0,0.5,0.2222222222222222,231.14,246.83,0.5339404689798392,2.368611111111111,13.0,0.0,1.0,1.0,19.0,3.0,40.0,5,6.0,2,2,1,2,2,37,38,121,0.1362,0.0,0.2722,0.12,T1,False,none
2c81e9b6-d4b1-4858-81b2-8b186eeadfa1,6.0,0.6666666666666666,4.0,6607.22,1101.2033333333334,679.7575853395581,14,1,3.0,2.0,9.0,3.0,1.0,0.5,1.0,6.0,2.0,1.0,1.0,1.0,0.6666666666666666,1101.2033333333334,1896.04,0.2869648657075139,121.3725,8.0,0.3333333333333333,1.0,1.0,19.0,1.0,47.0,5,18.0,3,1,1,3,1,35,35,121,0.1362,0.0,0.2722,0.12,T1,False,none
8db4e944-498e-44a2-9b7e-8fb23664da3b,2.0,0.2222222222222222,2.0,3496.0699999999997,1748.0349999999999,62.571879067197514,27,0,1.0,2.0,6.0,1.0,1.0,1.0,1.0,2.0,4.0,1.0,1.0,1.0,0.2222222222222222,1748.0349999999999,1792.28,0.512655639046129,127.11083333333333,8.0,0.0,2.0,0.5,17.0,1.0,47.5,4,6.0,1,1,2,1,1,40,40,86,0.1967,0.0,0.161,0.0515,T1,False,none
9fa55665-1650-447a-ac63-a72172a8738d,1.0,0.1111111111111111,1.0,459.04,459.04,0.0,10,0,1.0,1.0,10.0,1.0,1.0,1.0,1.0,1.0,5.0,1.0,1.0,1.0,0.1111111111111111,459.04,459.04,1.0,0.0,17.0,0.0,1.0,1.0,21.0,0.0,25.0,3,3.0,1,1,1,1,1,32,33,118,0.1482,0.0,0.2319,0.119,T1,False,none
b3c245a1-af64-4760-a6a2-f9c3f9240c70,4.0,0.4444444444444444,3.0,12965.91,3241.4775,1385.7865595724568,18,1,1.0,4.0,10.0,1.0,1.0,1.0,2.0,2.0,4.0,2.0,1.0,0.75,0.4444444444444444,3241.4775,4674.4,0.3605146110068634,41.17722222222222,4.0,0.5,3.0,0.5,23.0,0.0,40.25,6,12.0,1,2,3,1,2,67,69,121,0.1433,0.0,0.2418,0.1111,T1,False,none
74510e0e-b91d-4d7c-b909-ce7a8fbec499,3.0,0.3333333333333333,3.0,7617.29,2539.096666666667,1675.5865741385412,76,1,2.0,1.5,9.0,2.0,1.0,0.6666666666666666,1.0,3.0,2.0,1.0,1.0,1.0,0.3333333333333333,2539.096666666667,3649.43,0.4790982094681967,56.70777777777778,11.0,0.6666666666666666,3.0,0.3333333333333333,24.0,0.0,50.0,6,9.0,2,1,3,2,1,74,75,78,0.2521,0.0,0.1237,0.0763,T1,False,none
1b2043d4-b3c3-4ab6-9769-f4241743af19,3.0,0.3333333333333333,3.0,6241.51,2080.5033333333336,418.8995827562176,62,0,2.0,1.5,9.0,2.0,1.0,0.6666666666666666,2.0,1.5,8.0,2.0,1.0,0.6666666666666666,0.3333333333333333,2080.5033333333336,2361.42,0.3783411386026779,97.13333333333334,0.0,0.0,2.0,0.6666666666666666,24.0,0.0,49.0,6,9.0,2,2,2,2,2,57,57,121,0.1362,0.0,0.2722,0.12,T1,False,none
3e062b09-13c0-4577-8b67-304fe50a1568,3.0,0.3333333333333333,2.0,11462.03,3820.6766666666667,667.6751652063549,33,0,1.0,3.0,8.0,1.0,1.0,1.0,1.0,3.0,3.0,1.0,1.0,1.0,0.3333333333333333,3820.6766666666667,4240.76,0.3699833275606503,62.92055555555555,7.0,0.0,2.0,0.6666666666666666,19.0,3.0,42.666666666666664,4,9.0,1,1,2,1,1,40,41,167,0.1063,0.0,0.25,0.1704,T1,False,none
af192c77-c863-45a9-add9-e6166aca84f5,4.0,0.4444444444444444,4.0,8827.53,2206.8825,1938.0362169711038,83,1,1.0,4.0,7.0,1.0,1.0,1.0,1.0,4.0,5.0,1.0,1.0,1.0,0.4444444444444444,2206.8825,4694.76,0.5318316675219456,146.6836111111111,2.0,0.25,2.0,0.75,24.0,1.0,13.25,4,12.0,1,1,2,1,1,51,53,126,0.1498,0.0,0.1572,0.1186,T1,False,none
12291499-e831-4043-a52c-aa7d09d493f3,1.0,0.1111111111111111,1.0,3441.96,3441.96,0.0,17,1,1.0,1.0,7.0,1.0,1.0,1.0,1.0,1.0,3.0,1.0,1.0,1.0,0.1111111111111111,3441.96,3441.96,1.0,0.0,1.0,0.0,1.0,1.0,21.0,3.0,87.0,3,3.0,1,1,1,1,1,28,28,59,0.2957,0.0,0.0649,0.0215,T1,False,none
96db2ff9-22e1-4463-a5da-c2bc1e36a55c,3.0,0.3333333333333333,3.0,7316.8,2438.9333333333334,1646.0002334548237,20,0,1.0,3.0,4.0,1.0,1.0,1.0,1.0,3.0,5.0,1.0,1.0,1.0,0.3333333333333333,2438.9333333333334,4337.72,0.5928438661710037,51.58361111111111,1.0,0.0,2.0,0.6666666666666666,29.0,3.0,60.333333333333336,4,9.0,1,1,2,1,1,55,55,103,0.2271,0.0,0.2014,0.1192,T1,False,none
8433aff6-3e7e-4d17-8959-38bce8b7fc72,0.0,0.0,0.0,0.0,0.0,0.0,73,1,0.0,0.0,0.0,0.0,0.0,0.0,0.0,0.0,0.0,0.0,0.0,0.0,0.0,0.0,0.0,0.0,0.0,0.0,0.0,0.0,0.0,0.0,0.0,0.0,0,0.0,0,0,0,0,0,0,0,1,0.0,0.0,0.0,0.0,T1,False,none
7bcf006a-8db3-4e7f-8494-46455896a3b0,4.0,0.4444444444444444,4.0,5925.87,1481.4675,972.8998833855755,76,0,1.0,4.0,10.0,1.0,1.0,1.0,1.0,4.0,7.0,1.0,1.0,1.0,0.4444444444444444,1481.4675,2691.97,0.4542742247129957,123.31555555555556,2.0,0.25,3.0,0.5,22.0,0.0,44.5,5,12.0,1,1,3,1,1,72,72,104,0.1637,0.0,0.1654,0.1067,T1,False,none
6985c79d-37e3-495e-8410-218a09839f73,3.0,0.3333333333333333,3.0,7907.62,2635.8733333333334,1302.765209096917,34,1,2.0,1.5,6.0,2.0,1.0,0.6666666666666666,1.0,3.0,3.0,1.0,1.0,1.0,0.3333333333333333,2635.8733333333334,3388.92,0.4285638409534095,91.09194444444445,8.0,0.3333333333333333,3.0,0.3333333333333333,24.0,2.0,30.666666666666668,6,9.0,2,1,3,2,1,63,64,121,0.1362,0.0,0.2722,0.12,T1,False,none
5d4fefdd-916a-4cd4-a3f4-fee4faed8061,5.0,0.5555555555555556,4.0,6067.820000000001,1213.564,906.4013982667944,42,1,1.0,5.0,8.0,1.0,1.0,1.0,3.0,1.6666666666666667,10.0,3.0,1.0,0.6,0.5555555555555556,1213.564,2327.59,0.3835957559716669,184.00083333333333,2.0,0.4,3.0,0.4,22.0,2.0,30.0,7,15.0,1,3,3,1,3,71,72,143,0.1277,0.0,0.241,0.0927,T1,False,none
fed92513-e1fb-49a1-954b-b073943e15d8,3.0,0.3333333333333333,3.0,7818.23,2606.0766666666664,604.3729316682978,29,0,1.0,3.0,12.0,1.0,1.0,1.0,1.0,3.0,3.0,1.0,1.0,1.0,0.3333333333333333,2606.0766666666664,3201.93,0.4095466620961522,102.03277777777778,5.0,0.3333333333333333,1.0,1.0,22.0,2.0,5.0,3,9.0,1,1,1,1,1,34,34,167,0.1063,0.0,0.25,0.1704,T1,False,none
59408a59-b2f0-477c-a2c0-9b843c78efea,7.0,0.7777777777777778,4.0,16003.21,2286.172857142857,1402.4769719762992,80,0,1.0,7.0,4.0,1.0,1.0,1.0,1.0,7.0,3.0,1.0,1.0,1.0,0.7777777777777778,2286.172857142857,4336.43,0.2709725111399526,194.65666666666667,9.0,0.2857142857142857,3.0,0.7142857142857143,26.0,0.0,16.0,5,21.0,1,1,3,1,1,63,63,104,0.1637,0.0,0.1654,0.1067,T1,False,none
24535a67-107b-4a42-9c9e-3ce1026e54b9,3.0,0.3333333333333333,2.0,6869.71,2289.903333333333,1360.6603703104363,49,1,2.0,1.5,11.0,2.0,1.0,0.6666666666666666,2.0,1.5,4.0,2.0,1.0,0.6666666666666666,0.3333333333333333,2289.903333333333,3789.07,0.5515618563229016,25.006944444444443,11.0,0.0,3.0,0.3333333333333333,25.0,1.0,40.333333333333336,7,9.0,2,2,3,2,2,71,73,118,0.1482,0.0,0.2319,0.119,T1,False,none
2b6382ce-92ef-4207-92fe-2c01bb26f17a,3.0,0.3333333333333333,3.0,10124.09,3374.6966666666667,2484.5665648022664,38,0,2.0,1.5,10.0,2.0,1.0,0.6666666666666666,2.0,1.5,5.0,2.0,1.0,0.6666666666666666,0.3333333333333333,3374.6966666666667,4914.87,0.48546289098575773,68.29277777777777,4.0,0.3333333333333333,1.0,1.0,21.0,2.0,52.0,5,9.0,2,2,1,2,2,44,45,103,0.2271,0.0,0.2014,0.1192,T1,False,none
312086e5-3fd6-4a92-a8f0-0c2594afb66e,5.0,0.5555555555555556,4.0,18929.85,3785.97,800.0220799452976,57,1,2.0,2.5,6.0,2.0,1.0,0.8,4.0,1.25,6.0,4.0,1.0,0.4,0.5555555555555556,3785.97,4817.46,0.25449013066664555,98.77722222222222,4.0,0.2,1.0,1.0,19.0,0.0,70.0,7,15.0,2,4,1,2,4,40,40,78,0.2521,0.0,0.1237,0.0763,T1,False,none
b9317960-1c32-449e-a48e-ffa7abc9e452,6.0,0.6666666666666666,5.0,17979.53,2996.588333333333,1937.038078907244,36,0,1.0,6.0,4.0,1.0,1.0,1.0,1.0,6.0,4.0,1.0,1.0,1.0,0.6666666666666666,2996.588333333333,4905.08,0.2728146953785778,151.82638888888889,2.0,0.0,2.0,0.8333333333333334,16.0,3.0,45.333333333333336,4,18.0,1,1,2,1,1,34,35,57,0.2807,0.0,0.0921,0.0244,T1,False,none
b641476e-ce71-44fa-ae3c-515baffc8124,4.0,0.4444444444444444,3.0,11715.98,2928.995,2003.964081539387,26,0,1.0,4.0,8.0,1.0,1.0,1.0,1.0,4.0,5.0,1.0,1.0,1.0,0.4444444444444444,2928.995,4869.44,0.41562378904709635,165.67805555555555,3.0,0.0,3.0,0.5,26.0,2.0,45.75,5,12.0,1,1,3,1,1,82,83,74,0.2714,0.0,0.1287,0.0855,T1,False,none
dbfaa759-4992-4a19-8090-4e4f3ca94ce2,5.0,0.5555555555555556,4.0,13880.89,2776.178,1379.5481409758777,89,0,1.0,5.0,6.0,1.0,1.0,1.0,2.0,2.5,8.0,2.0,1.0,0.8,0.5555555555555556,2776.178,4451.84,0.320717187442592,175.48583333333335,3.0,0.2,2.0,0.8,21.0,3.0,80.2,5,15.0,1,2,2,1,2,48,49,167,0.1063,0.0,0.25,0.1704,T1,False,none
c4d387f2-164e-4cf5-80f4-2d7342aa54ed,1.0,0.1111111111111111,1.0,2719.25,2719.25,0.0,43,0,1.0,1.0,5.0,1.0,1.0,1.0,1.0,1.0,2.0,1.0,1.0,1.0,0.1111111111111111,2719.25,2719.25,1.0,0.0,4.0,1.0,1.0,1.0,18.0,0.0,0.0,3,3.0,1,1,1,1,1,22,22,78,0.2521,0.0,0.1237,0.0763,T1,False,none
16330895-bcd9-4222-8342-b57ddc46ef25,4.0,0.4444444444444444,3.0,9402.810000000001,2350.7025000000003,1371.4727818753827,79,1,2.0,2.0,9.0,2.0,1.0,0.75,2.0,2.0,6.0,2.0,1.0,0.75,0.4444444444444444,2350.7025000000003,4207.93,0.4475183482384521,100.74111111111111,3.0,0.25,2.0,0.75,30.0,0.0,18.25,6,12.0,2,2,2,2,2,69,69,66,0.3865,0.0,0.1807,0.0805,T1,False,none
7c86d374-62f2-48a1-9d33-5390936cc959,1.0,0.1111111111111111,1.0,1907.72,1907.72,0.0,63,1,1.0,1.0,12.0,1.0,1.0,1.0,1.0,1.0,5.0,1.0,1.0,1.0,0.1111111111111111,1907.72,1907.72,1.0,0.0,7.0,0.0,1.0,1.0,21.0,0.0,27.0,3,3.0,1,1,1,1,1,35,35,126,0.1498,0.0,0.1572,0.1186,T1,False,none
c73adf28-6119-45be-acbe-15f8d4d97884,3.0,0.3333333333333333,3.0,5361.9,1787.3,907.2215171610516,22,0,1.0,3.0,11.0,1.0,1.0,1.0,2.0,1.5,3.0,2.0,1.0,0.6666666666666666,0.3333333333333333,1787.3,2811.34,0.524317872395979,82.73027777777777,3.0,0.0,3.0,0.3333333333333333,20.0,2.0,24.666666666666668,6,9.0,1,2,3,1,2,62,63,118,0.1482,0.0,0.2319,0.119,T1,False,none
b334a99b-d8b3-4545-b50e-77c582713b99,3.0,0.3333333333333333,3.0,6926.92,2308.9733333333334,1383.2677033869231,74,1,1.0,3.0,5.0,1.0,1.0,1.0,1.0,3.0,4.0,1.0,1.0,1.0,0.3333333333333333,2308.9733333333334,3200.54,0.4620437366102106,173.50833333333333,15.0,0.0,2.0,0.6666666666666666,19.0,0.0,47.666666666666664,4,9.0,1,1,2,1,1,37,37,173,0.0954,0.0,0.2136,0.1548,T1,False,none
f3008ed1-1676-438f-9798-4f1315db4e81,2.0,0.2222222222222222,1.0,7268.570000000001,3634.2850000000003,1884.4749272012086,84,1,1.0,2.0,7.0,1.0,1.0,1.0,2.0,1.0,7.0,2.0,1.0,0.5,0.2222222222222222,3634.2850000000003,4966.81,0.6833269817859634,7.704722222222222,10.0,0.0,2.0,0.5,29.0,0.0,66.0,5,6.0,1,2,2,1,2,67,67,78,0.2521,0.0,0.1237,0.0763,T1,False,none
e7dcaed4-9387-4605-82e4-4b58aef58bd7,1.0,0.1111111111111111,1.0,513.62,513.62,0.0,88,1,1.0,1.0,5.0,1.0,1.0,1.0,1.0,1.0,2.0,1.0,1.0,1.0,0.1111111111111111,513.62,513.62,1.0,0.0,2.0,0.0,1.0,1.0,22.0,1.0,53.0,3,3.0,1,1,1,1,1,26,26,50,0.3086,0.0,0.0411,0.037,T1,False,none
c76840b2-a933-47aa-986e-8473f3ecefb4,4.0,0.4444444444444444,4.0,6208.280000000001,1552.0700000000002,1997.2191420739657,36,1,2.0,2.0,9.0,2.0,1.0,0.75,1.0,4.0,2.0,1.0,1.0,1.0,0.4444444444444444,1552.0700000000002,4358.06,0.7019754263660788,167.5425,3.0,0.25,3.0,0.5,29.0,2.0,30.75,6,12.0,2,1,3,2,1,94,94,64,0.3686,0.0,0.1444,0.0659,T1,False,none
acee5f20-4747-419f-8b3a-7995f92b4eac,2.0,0.2222222222222222,1.0,5438.530000000001,2719.2650000000003,1400.0926399527996,12,1,1.0,2.0,7.0,1.0,1.0,1.0,1.0,2.0,1.0,0.0,0.0,1.0,0.2222222222222222,2719.2650000000003,3709.28,0.682037241681116,4.435833333333333,14.0,0.0,1.0,1.0,14.0,2.0,5.0,3,6.0,1,1,1,1,0,19,19,167,0.1063,0.0,0.25,0.1704,T1,False,none
44cf1749-ca37-46af-ad0e-413985b46337,2.0,0.2222222222222222,2.0,7941.49,3970.745,393.5827054762445,32,1,1.0,2.0,10.0,1.0,1.0,1.0,2.0,1.0,7.0,2.0,1.0,0.5,0.2222222222222222,3970.745,4249.05,0.535044431208753,177.03944444444446,4.0,0.0,1.0,1.0,22.0,0.0,58.0,4,6.0,1,2,1,1,2,41,41,64,0.3686,0.0,0.1444,0.0659,T1,False,none
134e76d7-03fa-4a03-bfa9-3078eb01f608,3.0,0.3333333333333333,2.0,6661.749999999999,2220.583333333333,2014.103741750492,54,0,1.0,3.0,9.0,1.0,1.0,1.0,1.0,3.0,6.0,1.0,1.0,1.0,0.3333333333333333,2220.583333333333,4538.23,0.6812369122227643,69.36805555555556,7.0,0.0,1.0,1.0,20.0,3.0,82.0,3,9.0,1,1,1,1,1,31,32,121,0.1433,0.0,0.2418,0.1111,T1,False,none
7216545b-850e-49dc-b763-deaa785239f7,1.0,0.1111111111111111,1.0,4448.9,4448.9,0.0,88,1,1.0,1.0,9.0,1.0,1.0,1.0,1.0,1.0,5.0,1.0,1.0,1.0,0.1111111111111111,4448.9,4448.9,1.0,0.0,8.0,1.0,1.0,1.0,21.0,2.0,77.0,3,3.0,1,1,1,1,1,32,32,143,0.1277,0.0,0.241,0.0927,T1,False,none
a1afd9eb-1391-42ed-b10f-98a79ff5e484,3.0,0.3333333333333333,3.0,7105.889999999999,2368.6299999999997,2063.896102641797,24,0,1.0,3.0,6.0,1.0,1.0,1.0,3.0,1.0,6.0,2.0,0.6666666666666666,0.3333333333333333,0.3333333333333333,2368.6299999999997,4486.98,0.631445181391775,177.02916666666667,5.0,0.3333333333333333,2.0,0.6666666666666666,26.0,0.0,29.0,6,9.0,1,3,2,1,2,53,53,121,0.1433,0.0,0.2418,0.1111,T1,False,none
ecf16154-a45b-4725-93dc-285d7caac7e2,6.0,0.6666666666666666,6.0,16816.309999999998,2802.718333333333,1507.9055152550727,74,1,1.0,6.0,8.0,1.0,1.0,1.0,2.0,3.0,4.0,2.0,1.0,0.6666666666666666,0.6666666666666666,2802.718333333333,4992.19,0.29686595929784837,206.18,2.0,0.0,1.0,1.0,25.0,3.0,59.0,4,18.0,1,2,1,1,2,37,37,103,0.2271,0.0,0.2014,0.1192,T1,False,none
ed8b33f6-c9bc-4103-8146-ad9da2d7fa4d,2.0,0.2222222222222222,2.0,4694.09,2347.045,1774.1945536073545,23,0,2.0,1.0,9.0,2.0,1.0,0.5,1.0,2.0,2.0,1.0,1.0,1.0,0.2222222222222222,2347.045,3601.59,0.7672605339906138,25.99138888888889,1.0,0.5,1.0,1.0,14.0,2.0,6.0,4,6.0,2,1,1,2,1,25,25,126,0.1498,0.0,0.1572,0.1186,T1,False,none
1c9f27a3-1ea2-4bb2-acdf-64a39770ef88,3.0,0.3333333333333333,3.0,3734.46,1244.82,1805.0767468171543,63,1,2.0,1.5,8.0,2.0,1.0,0.6666666666666666,3.0,1.0,6.0,3.0,1.0,0.3333333333333333,0.3333333333333333,1244.82,3326.09,0.8906481793887202,175.76777777777778,2.0,0.0,3.0,0.3333333333333333,26.0,1.0,48.0,8,9.0,2,3,3,2,3,78,79,78,0.2521,0.0,0.1237,0.0763,T1,False,none
7e0fd1fd-54c3-4179-a028-d31fdb0a7828,3.0,0.3333333333333333,3.0,10172.01,3390.67,2224.4675938525156,18,1,2.0,1.5,7.0,2.0,1.0,0.6666666666666666,2.0,1.5,4.0,1.0,0.5,0.6666666666666666,0.3333333333333333,3390.67,4951.76,0.486802510025059,152.3372222222222,0.0,0.6666666666666666,2.0,0.6666666666666666,26.0,0.0,26.0,6,9.0,2,2,2,2,1,54,55,78,0.2521,0.0,0.1237,0.0763,T1,False,none
e578b405-3d72-4025-9715-d57bf2f04670,1.0,0.1111111111111111,1.0,3482.7,3482.7,0.0,35,1,1.0,1.0,5.0,1.0,1.0,1.0,1.0,1.0,3.0,1.0,1.0,1.0,0.1111111111111111,3482.7,3482.7,1.0,0.0,16.0,0.0,1.0,1.0,15.0,3.0,12.0,3,3.0,1,1,1,1,1,20,20,121,0.1433,0.0,0.2418,0.1111,T1,False,none
8e595421-3dd7-4f86-bb55-8494bf70d68b,5.0,0.5555555555555556,5.0,12718.39,2543.678,1513.4038304827961,65,0,1.0,5.0,6.0,1.0,1.0,1.0,1.0,5.0,1.0,0.0,0.0,1.0,0.5555555555555556,2543.678,3923.14,0.3084619987278264,182.34305555555557,11.0,0.2,3.0,0.4,21.0,1.0,46.2,5,15.0,1,1,3,1,0,58,58,167,0.1063,0.0,0.25,0.1704,T1,False,none
a4b60c68-a90b-490e-91b3-ffda62d29801,4.0,0.4444444444444444,4.0,3176.29,794.0725,753.0564889999953,84,1,2.0,2.0,11.0,2.0,1.0,0.75,1.0,4.0,4.0,1.0,1.0,1.0,0.4444444444444444,794.0725,1901.59,0.5986827399261402,130.0,1.0,0.5,1.0,1.0,29.0,0.0,54.0,4,12.0,2,1,1,2,1,48,48,167,0.1063,0.0,0.25,0.1704,T1,False,none
3d7cc0ab-a2c8-431c-b2db-18f59e7616e8,1.0,0.1111111111111111,1.0,633.1,633.1,0.0,80,0,1.0,1.0,11.0,1.0,1.0,1.0,1.0,1.0,6.0,1.0,1.0,1.0,0.1111111111111111,633.1,633.1,1.0,0.0,21.0,0.0,1.0,1.0,17.0,1.0,55.0,3,3.0,1,1,1,1,1,31,31,143,0.1277,0.0,0.241,0.0927,T1,False,none
29a37fd0-4dbd-4f7b-b399-7cba1877379f,2.0,0.2222222222222222,2.0,4744.53,2372.265,1127.050427465426,16,0,1.0,2.0,10.0,1.0,1.0,1.0,2.0,1.0,4.0,2.0,1.0,0.5,0.2222222222222222,2372.265,3169.21,0.6679713269807547,128.84916666666666,10.0,0.5,1.0,1.0,17.0,2.0,36.0,4,6.0,1,2,1,1,2,30,30,59,0.3197,0.0,0.1098,0.0978,T1,False,none
a65ced6b-c78c-445f-a8de-be0eed432fbc,5.0,0.5555555555555556,3.0,10594.73,2118.946,1688.46336706782,54,1,3.0,1.6666666666666667,10.0,3.0,1.0,0.6,2.0,2.5,6.0,2.0,1.0,0.6,0.5555555555555556,2118.946,3918.21,0.3698263193115823,125.57305555555556,10.0,0.4,1.0,1.0,26.0,2.0,11.0,6,15.0,3,2,1,3,2,54,54,65,0.3611,0.0,0.0889,0.0707,T1,False,none
f0dbec70-1a71-4d21-8bad-c86e8b6ebfe1,3.0,0.3333333333333333,3.0,4118.47,1372.8233333333335,542.6070689120565,23,1,1.0,3.0,5.0,1.0,1.0,1.0,1.0,3.0,4.0,1.0,1.0,1.0,0.3333333333333333,1372.8233333333335,1872.26,0.45460085905688274,155.96138888888888,9.0,0.3333333333333333,1.0,1.0,18.0,0.0,5.0,3,9.0,1,1,1,1,1,24,24,104,0.1637,0.0,0.1654,0.1067,T1,False,none
80e343de-c85c-41a4-b2b4-216c26664dcb,3.0,0.3333333333333333,3.0,6217.469999999999,2072.49,1523.3076685620667,89,1,1.0,3.0,6.0,1.0,1.0,1.0,2.0,1.5,6.0,2.0,1.0,0.6666666666666666,0.3333333333333333,2072.49,3699.99,0.5950957543824096,163.6561111111111,12.0,0.0,2.0,0.6666666666666666,22.0,1.0,3.6666666666666665,5,9.0,1,2,2,1,2,54,54,173,0.0954,0.0,0.2136,0.1548,T1,False,none
dcddd2cd-978a-4b46-8d40-4a70f3a3f382,3.0,0.3333333333333333,3.0,9532.7,3177.566666666667,851.7019474166614,83,0,2.0,1.5,13.0,2.0,1.0,0.6666666666666666,3.0,1.0,3.0,3.0,1.0,0.3333333333333333,0.3333333333333333,3177.566666666667,4160.0,0.4363926274822453,201.67111111111112,2.0,0.0,2.0,0.6666666666666666,23.0,1.0,42.333333333333336,7,9.0,2,3,2,2,3,64,64,121,0.1433,0.0,0.2418,0.1111,T1,False,none
c3a2b005-7a07-4fcd-9a6d-566d8f7c49d1,4.0,0.4444444444444444,4.0,11367.78,2841.945,1598.2603918114637,76,0,3.0,1.3333333333333333,7.0,3.0,1.0,0.5,2.0,2.0,3.0,2.0,1.0,0.75,0.4444444444444444,2841.945,4525.55,0.3981032356361576,170.53944444444446,15.0,0.25,3.0,0.5,25.0,1.0,40.5,8,12.0,3,2,3,3,2,68,69,103,0.2271,0.0,0.2014,0.1192,T1,False,none
63ea7b7e-2eb8-43d7-a722-7320503fd7f8,3.0,0.3333333333333333,3.0,8428.34,2809.4466666666667,1544.6001623181753,35,1,2.0,1.5,10.0,2.0,1.0,0.6666666666666666,2.0,1.5,6.0,2.0,1.0,0.6666666666666666,0.3333333333333333,2809.4466666666667,4246.94,0.5038880728589497,229.92111111111112,0.0,0.3333333333333333,1.0,1.0,22.0,1.0,53.0,5,9.0,2,2,1,2,2,42,42,50,0.3086,0.0,0.0411,0.037,T1,False,none
fad98fa5-1023-4632-8795-9e8b2a49be81,1.0,0.1111111111111111,1.0,4722.94,4722.94,0.0,56,1,1.0,1.0,12.0,1.0,1.0,1.0,1.0,1.0,4.0,1.0,1.0,1.0,0.1111111111111111,4722.94,4722.94,1.0,0.0,17.0,0.0,1.0,1.0,23.0,0.0,3.0,3,3.0,1,1,1,1,1,36,36,121,0.1433,0.0,0.2418,0.1111,T1,False,none
df5df78a-e95c-4bf5-8cb3-e4cb1aa1fdec,2.0,0.2222222222222222,2.0,2186.62,1093.31,89.73185053257295,81,1,1.0,2.0,6.0,1.0,1.0,1.0,2.0,1.0,4.0,1.0,0.5,0.5,0.2222222222222222,1093.31,1156.76,0.5290173875661981,108.5911111111111,11.0,0.5,2.0,0.5,21.0,2.0,14.5,5,6.0,1,2,2,1,1,42,42,121,0.1433,0.0,0.2418,0.1111,T1,False,none
36539ebb-f47c-41a1-89bf-b5ddb0532ed4,2.0,0.2222222222222222,1.0,8351.73,4175.865,118.77272603590424,20,0,1.0,2.0,10.0,1.0,1.0,1.0,2.0,1.0,6.0,2.0,1.0,0.5,0.2222222222222222,4175.865,4259.85,0.5100560003735753,1.461111111111111,19.0,0.0,1.0,1.0,30.0,0.0,9.0,4,6.0,1,2,1,1,2,45,46,66,0.3865,0.0,0.1807,0.0805,T1,False,none
a7ab8ab9-35c8-42fb-ae7a-6d58d87c8015,2.0,0.2222222222222222,1.0,7413.26,3706.63,264.42965189252135,72,0,1.0,2.0,6.0,1.0,1.0,1.0,2.0,1.0,7.0,2.0,1.0,0.5,0.2222222222222222,3706.63,3893.61,0.5252223718040376,11.585555555555555,6.0,1.0,1.0,1.0,20.0,2.0,79.0,4,6.0,1,2,1,1,2,34,34,104,0.1637,0.0,0.1654,0.1067,T1,False,none
119d05f3-5cf5-4637-a0ac-34083aca7bd8,2.0,0.2222222222222222,2.0,1985.59,992.795,1055.095241411883,61,1,1.0,2.0,3.0,1.0,1.0,1.0,1.0,2.0,2.0,1.0,1.0,1.0,0.2222222222222222,992.795,1738.86,0.8757397045714372,47.93555555555555,14.0,0.0,2.0,0.5,21.0,0.0,59.5,4,6.0,1,1,2,1,1,37,37,65,0.3611,0.0,0.0889,0.0707,T1,False,none
f52e81db-ae4e-4803-bcf1-78eb190a88de,3.0,0.3333333333333333,3.0,5202.54,1734.18,1639.9348622734988,63,1,3.0,1.0,9.0,3.0,1.0,0.3333333333333333,1.0,3.0,6.0,1.0,1.0,1.0,0.3333333333333333,1734.18,3472.93,0.6675450837475541,84.44777777777777,6.0,0.0,3.0,0.3333333333333333,23.0,0.0,62.333333333333336,7,9.0,3,1,3,3,1,74,78,167,0.1063,0.0,0.25,0.1704,T1,False,none
9a275596-b25c-4a9b-a453-5fb7e6c5359c,2.0,0.2222222222222222,2.0,5045.38,2522.69,3346.7646796271765,48,0,1.0,2.0,4.0,1.0,1.0,1.0,1.0,2.0,3.0,1.0,1.0,1.0,0.2222222222222222,2522.69,4889.21,0.9690469300627504,74.98583333333333,17.0,0.5,1.0,1.0,26.0,2.0,11.0,3,6.0,1,1,1,1,1,30,30,65,0.3611,0.0,0.0889,0.0707,T1,False,none
542bda50-b859-41f1-9d97-5ed386e48bd1,2.0,0.2222222222222222,2.0,1629.46,814.73,981.8460499487687,70,1,1.0,2.0,8.0,1.0,1.0,1.0,1.0,2.0,7.0,1.0,1.0,1.0,0.2222222222222222,814.73,1509.0,0.9260736685773201,128.92027777777778,4.0,0.0,2.0,0.5,20.0,1.0,40.0,4,6.0,1,1,2,1,1,49,49,50,0.3086,0.0,0.0411,0.037,T1,False,none
ebfc7be1-d5d1-4615-8d13-050d7e63bcd1,2.0,0.2222222222222222,2.0,7285.0,3642.5,507.34911550134785,24,1,2.0,1.0,13.0,2.0,1.0,0.5,1.0,2.0,5.0,1.0,1.0,1.0,0.2222222222222222,3642.5,4001.25,0.549245024021963,54.720555555555556,13.0,0.5,1.0,1.0,15.0,3.0,12.0,4,6.0,2,1,1,2,1,35,37,121,0.1433,0.0,0.2418,0.1111,T1,False,none
5ac32b80-c374-4ccd-842b-e5298817eba9,1.0,0.1111111111111111,1.0,4612.28,4612.28,0.0,57,0,1.0,1.0,6.0,1.0,1.0,1.0,1.0,1.0,7.0,1.0,1.0,1.0,0.1111111111111111,4612.28,4612.28,1.0,0.0,22.0,0.0,1.0,1.0,18.0,1.0,65.0,3,3.0,1,1,1,1,1,27,28,173,0.0954,0.0,0.2136,0.1548,T1,False,none
b5276075-0ed1-4c0d-8847-bdb6529cf21a,4.0,0.4444444444444444,3.0,7436.4,1859.1,2174.5905953841825,33,0,2.0,2.0,9.0,2.0,1.0,0.75,1.0,4.0,3.0,1.0,1.0,1.0,0.4444444444444444,1859.1,4860.65,0.6536294443547953,102.7875,2.0,0.25,4.0,0.25,19.0,1.0,54.5,7,12.0,2,1,4,2,1,74,74,143,0.1277,0.0,0.241,0.0927,T1,False,none
f8196eb1-4e88-4456-9bd9-5852b029b5f6,1.0,0.1111111111111111,1.0,2401.33,2401.33,0.0,62,1,1.0,1.0,9.0,1.0,1.0,1.0,1.0,1.0,1.0,0.0,0.0,1.0,0.1111111111111111,2401.33,2401.33,1.0,0.0,10.0,0.0,1.0,1.0,20.0,1.0,78.0,3,3.0,1,1,1,1,0,27,27,173,0.0954,0.0,0.2136,0.1548,T1,False,none
5b2e52c8-bc58-4a3a-9625-29197646cd29,3.0,0.3333333333333333,3.0,7801.73,2600.5766666666664,1258.0476670751923,28,1,1.0,3.0,15.0,1.0,1.0,1.0,2.0,1.5,7.0,2.0,1.0,0.6666666666666666,0.3333333333333333,2600.5766666666664,3585.12,0.45952884808882133,188.36583333333334,1.0,0.0,2.0,0.6666666666666666,22.0,3.0,10.666666666666666,5,9.0,1,2,2,1,2,59,59,173,0.0954,0.0,0.2136,0.1548,T1,False,none
4b812349-0009-4543-a70a-780e78b9dd97,0.0,0.0,0.0,0.0,0.0,0.0,56,0,0.0,0.0,0.0,0.0,0.0,0.0,0.0,0.0,0.0,0.0,0.0,0.0,0.0,0.0,0.0,0.0,0.0,0.0,0.0,0.0,0.0,0.0,0.0,0.0,0,0.0,0,0,0,0,0,0,0,1,0.0,0.0,0.0,0.0,T1,False,none
72f044b8-b2be-4c33-b68a-a20874cb9592,6.0,0.6666666666666666,6.0,17364.39,2894.065,1107.8785937953671,25,0,2.0,3.0,13.0,2.0,1.0,0.8333333333333334,2.0,3.0,7.0,2.0,1.0,0.8333333333333334,0.6666666666666666,2894.065,4256.56,0.24513155947315168,156.61944444444444,6.0,0.16666666666666666,2.0,0.6666666666666666,25.0,3.0,52.333333333333336,6,18.0,2,2,2,2,2,73,73,59,0.3197,0.0,0.1098,0.0978,T1,False,none
3a7e5d38-dde6-4ca1-ac81-c8c9fa74d1ff,4.0,0.4444444444444444,4.0,9485.48,2371.37,1670.4303452703437,81,0,3.0,1.3333333333333333,6.0,3.0,1.0,0.5,3.0,1.3333333333333333,9.0,3.0,1.0,0.5,0.4444444444444444,2371.37,3753.31,0.3956900441516929,204.375,4.0,0.0,4.0,0.25,21.0,2.0,43.25,10,12.0,3,3,4,3,3,93,94,143,0.1277,0.0,0.241,0.0927,T1,False,none
315dc0b5-b979-4050-a410-a04ba8dac2f6,9.0,1.0,7.0,20282.27,2253.5855555555554,1625.7405865644057,82,0,4.0,2.25,11.0,4.0,1.0,0.4444444444444444,1.0,9.0,2.0,1.0,1.0,1.0,1.0,2253.5855555555554,4267.65,0.21041283840516864,178.6286111111111,7.0,0.3333333333333333,2.0,0.8888888888888888,21.0,3.0,79.44444444444444,7,27.0,4,1,2,4,1,63,65,57,0.2807,0.0,0.0921,0.0244,T1,False,none
40ff528c-97e8-4859-b236-e0a613c16b29,3.0,0.3333333333333333,3.0,6397.08,2132.36,1559.011157753529,20,0,2.0,1.5,15.0,2.0,1.0,0.6666666666666666,3.0,1.0,4.0,3.0,1.0,0.3333333333333333,0.3333333333333333,2132.36,3626.06,0.5668304914117066,231.57666666666665,1.0,0.0,3.0,0.3333333333333333,26.0,1.0,52.0,8,9.0,2,3,3,2,3,86,88,78,0.2521,0.0,0.1237,0.0763,T1,False,none
8d0502a6-8b9e-42a4-bb99-df34bdc8dc4f,4.0,0.4444444444444444,3.0,10318.91,2579.7275,1807.3215587783488,67,1,1.0,4.0,9.0,1.0,1.0,1.0,2.0,2.0,3.0,2.0,1.0,0.75,0.4444444444444444,2579.7275,4833.96,0.46845645518761186,112.97972222222222,6.0,0.5,1.0,1.0,24.0,2.0,37.0,4,12.0,1,2,1,1,2,34,34,64,0.3686,0.0,0.1444,0.0659,T1,False,none
52294d13-dedd-48d5-9f46-76fd227a9283,4.0,0.4444444444444444,4.0,4622.469999999999,1155.6174999999998,430.47450341648187,86,0,2.0,2.0,7.0,2.0,1.0,0.75,2.0,2.0,4.0,2.0,1.0,0.75,0.4444444444444444,1155.6174999999998,1509.37,0.32652889039842337,162.54722222222222,10.0,0.25,2.0,0.75,21.0,2.0,67.75,6,12.0,2,2,2,2,2,57,57,167,0.1063,0.0,0.25,0.1704,T1,False,none
8ac3aaa0-a7d1-41b5-aea4-71da1a7b9bee,4.0,0.4444444444444444,3.0,13163.369999999999,3290.8424999999997,1687.2755034151949,57,0,1.0,4.0,5.0,1.0,1.0,1.0,2.0,2.0,6.0,2.0,1.0,0.75,0.4444444444444444,3290.8424999999997,4778.24,0.36299519044135353,81.35833333333333,7.0,0.75,2.0,0.75,19.0,3.0,84.5,5,12.0,1,2,2,1,2,43,43,173,0.0954,0.0,0.2136,0.1548,T1,False,none
9057ded9-1063-4de6-8e55-308d83864c12,6.0,0.6666666666666666,5.0,12514.47,2085.745,1341.2194091758438,81,1,2.0,3.0,12.0,2.0,1.0,0.6666666666666666,3.0,2.0,7.0,3.0,1.0,0.5,0.6666666666666666,2085.745,4628.37,0.36984147151257707,186.78527777777776,16.0,0.3333333333333333,2.0,0.5,21.0,0.0,28.0,7,18.0,2,3,2,2,3,63,65,167,0.1063,0.0,0.25,0.1704,T1,False,none
167530ce-2173-4316-95cc-8adff1a55110,4.0,0.4444444444444444,3.0,5614.7,1403.675,1337.544297397286,85,0,1.0,4.0,7.0,1.0,1.0,1.0,2.0,2.0,3.0,2.0,1.0,0.75,0.4444444444444444,1403.675,2606.44,0.46421714428197414,134.7302777777778,0.0,0.0,3.0,0.5,24.0,0.0,27.0,6,12.0,1,2,3,1,2,60,60,89,0.2028,0.0,0.1043,0.0515,T1,False,none
cbaa8508-1ae4-41db-a30c-fcc07bfaf90a,0.0,0.0,0.0,0.0,0.0,0.0,63,1,0.0,0.0,0.0,0.0,0.0,0.0,0.0,0.0,0.0,0.0,0.0,0.0,0.0,0.0,0.0,0.0,0.0,0.0,0.0,0.0,0.0,0.0,0.0,0.0,0,0.0,0,0,0,0,0,0,0,1,0.0,0.0,0.0,0.0,T1,False,none
3d9e4af0-3991-4685-845b-f114d1c0213c,0.0,0.0,0.0,0.0,0.0,0.0,41,0,0.0,0.0,0.0,0.0,0.0,0.0,0.0,0.0,0.0,0.0,0.0,0.0,0.0,0.0,0.0,0.0,0.0,0.0,0.0,0.0,0.0,0.0,0.0,0.0,0,0.0,0,0,0,0,0,0,0,1,0.0,0.0,0.0,0.0,T1,False,none
216364b4-cd09-4615-9944-f9b33602d73b,6.0,0.6666666666666666,4.0,14892.619999999999,2482.103333333333,1436.8047326713072,16,0,2.0,3.0,7.0,2.0,1.0,0.8333333333333334,3.0,2.0,6.0,3.0,1.0,0.5,0.6666666666666666,2482.103333333333,4513.78,0.30308837531609617,168.75055555555556,9.0,0.0,5.0,0.3333333333333333,26.0,1.0,47.166666666666664,10,18.0,2,3,5,2,3,116,123,74,0.2714,0.0,0.1287,0.0855,T1,False,none
1ea4fbae-f0f6-4c32-9d26-d23b1c60c594,2.0,0.2222222222222222,2.0,4827.5,2413.75,1863.8769066652444,20,0,1.0,2.0,7.0,1.0,1.0,1.0,1.0,2.0,4.0,1.0,1.0,1.0,0.2222222222222222,2413.75,3731.71,0.7730108751941999,113.18527777777778,7.0,0.5,1.0,1.0,25.0,0.0,70.0,3,6.0,1,1,1,1,1,33,33,103,0.2271,0.0,0.2014,0.1192,T1,False,none
aa048ef5-ff98-402b-8d8b-d3507caee62e,9.0,1.0,6.0,22693.46,2521.4955555555553,1281.2907538407424,16,0,2.0,4.5,9.0,2.0,1.0,0.8888888888888888,3.0,3.0,4.0,3.0,1.0,0.7777777777777778,1.0,2521.4955555555553,4770.52,0.2102156304062933,209.67444444444445,3.0,0.2222222222222222,3.0,0.7777777777777778,28.0,0.0,41.111111111111114,8,27.0,2,3,3,2,3,93,96,65,0.3611,0.0,0.0889,0.0707,T1,False,none
9c503e37-7636-4b01-ab56-f7d94f18e446,3.0,0.3333333333333333,3.0,7953.3099999999995,2651.103333333333,2257.4669503745413,44,1,1.0,3.0,6.0,1.0,1.0,1.0,2.0,1.5,8.0,2.0,1.0,0.6666666666666666,0.3333333333333333,2651.103333333333,4601.48,0.5785616303149255,94.34666666666666,8.0,0.3333333333333333,3.0,0.3333333333333333,26.0,1.0,48.0,6,9.0,1,2,3,1,2,80,80,59,0.3197,0.0,0.1098,0.0978,T1,False,none
318acd88-3e90-495a-9563-e7a918df899f,5.0,0.5555555555555556,4.0,7563.86,1512.772,1169.687730452021,75,0,3.0,1.6666666666666667,8.0,3.0,1.0,0.6,2.0,2.5,3.0,2.0,1.0,0.8,0.5555555555555556,1512.772,3273.85,0.43282794763520216,168.99,6.0,0.0,1.0,1.0,18.0,2.0,58.0,6,15.0,3,2,1,3,2,37,37,103,0.2271,0.0,0.2014,0.1192,T1,False,none
be1addcc-9cb2-47d1-9b78-97980080471c,4.0,0.4444444444444444,4.0,14895.92,3723.98,638.782770483571,80,1,1.0,4.0,6.0,1.0,1.0,1.0,1.0,4.0,1.0,0.0,0.0,1.0,0.4444444444444444,3723.98,4461.41,0.29950550217777755,161.29722222222222,4.0,0.25,2.0,0.75,23.0,3.0,59.75,4,12.0,1,1,2,1,0,47,47,86,0.1967,0.0,0.161,0.0515,T1,False,none
e995835b-065c-4d98-af6e-57f610999a4b,5.0,0.5555555555555556,5.0,11653.880000000001,2330.7760000000003,2021.8706134987965,55,1,1.0,5.0,8.0,1.0,1.0,1.0,2.0,2.5,3.0,2.0,1.0,0.8,0.5555555555555556,2330.7760000000003,4805.08,0.41231589822445397,203.89111111111112,5.0,0.2,4.0,0.4,25.0,3.0,38.8,7,15.0,1,2,4,1,2,87,89,57,0.2807,0.0,0.0921,0.0244,T1,False,none
aadbadeb-9cc5-48fc-9ae3-793307e0a043,3.0,0.3333333333333333,3.0,7952.03,2650.6766666666667,1606.8569734837424,34,0,1.0,3.0,7.0,1.0,1.0,1.0,2.0,1.5,3.0,2.0,1.0,0.6666666666666666,0.3333333333333333,2650.6766666666667,4148.11,0.5216416437060725,139.0338888888889,8.0,0.3333333333333333,1.0,1.0,18.0,0.0,66.0,4,9.0,1,2,1,1,2,25,26,89,0.2028,0.0,0.1043,0.0515,T1,False,none
ab821a6d-16ec-43c1-b025-978eb30c6d76,4.0,0.4444444444444444,4.0,11159.210000000001,2789.8025000000002,1674.1682522449769,54,1,1.0,4.0,11.0,1.0,1.0,1.0,2.0,2.0,5.0,1.0,0.5,0.5,0.4444444444444444,2789.8025000000002,4377.81,0.3923046523902678,123.68388888888889,4.0,0.25,4.0,0.25,23.0,1.0,54.5,7,12.0,1,2,4,1,1,94,95,121,0.1433,0.0,0.2418,0.1111,T1,False,none
8aa63176-f11a-4f08-b1a4-5d6bdea7d2bc,4.0,0.4444444444444444,4.0,6807.6900000000005,1701.9225000000001,1489.4311673560705,47,1,1.0,4.0,6.0,1.0,1.0,1.0,2.0,2.0,3.0,2.0,1.0,0.75,0.4444444444444444,1701.9225000000001,3760.4,0.5523753284888119,202.57416666666666,4.0,0.0,2.0,0.75,21.0,3.0,31.25,5,12.0,1,2,2,1,2,41,42,143,0.1277,0.0,0.241,0.0927,T1,False,none
d532eb08-5d86-499d-89ed-fd3cc63c8ecc,2.0,0.2222222222222222,2.0,3247.1400000000003,1623.5700000000002,1199.2531008923845,85,1,1.0,2.0,9.0,1.0,1.0,1.0,1.0,2.0,2.0,1.0,1.0,1.0,0.2222222222222222,1623.5700000000002,2471.57,0.7611528914675684,104.59611111111111,11.0,0.0,1.0,1.0,19.0,3.0,70.0,3,6.0,1,1,1,1,1,27,27,59,0.2957,0.0,0.0649,0.0215,T1,False,none
5773c88d-9074-4d2b-a50f-6df4cfe9eea3,2.0,0.2222222222222222,1.0,4628.1900000000005,2314.0950000000003,143.9315853105214,64,0,1.0,2.0,7.0,1.0,1.0,1.0,2.0,1.0,7.0,2.0,1.0,0.5,0.2222222222222222,2314.0950000000003,2415.87,0.5219902380844347,6.9847222222222225,0.0,0.0,1.0,1.0,20.0,2.0,69.0,4,6.0,1,2,1,1,2,33,33,89,0.2028,0.0,0.1043,0.0515,T1,False,none
5d9012f3-6f19-44fa-92bf-677e0f3de0c7,3.0,0.3333333333333333,3.0,5301.17,1767.0566666666666,1514.1710178290077,15,0,1.0,3.0,5.0,1.0,1.0,1.0,1.0,3.0,3.0,1.0,1.0,1.0,0.3333333333333333,1767.0566666666666,3495.09,0.6593053986195501,94.165,1.0,0.6666666666666666,1.0,1.0,17.0,1.0,35.0,3,9.0,1,1,1,1,1,22,22,104,0.1637,0.0,0.1654,0.1067,T1,False,none
68bae975-9d5e-4be2-bb25-c1bbec32eaa4,6.0,0.6666666666666666,4.0,16933.88,2822.3133333333335,1564.7001937197638,13,1,3.0,2.0,7.0,3.0,1.0,0.6666666666666666,1.0,6.0,4.0,1.0,1.0,1.0,0.6666666666666666,2822.3133333333335,4281.65,0.2528451837381627,193.56277777777777,3.0,0.16666666666666666,2.0,0.6666666666666666,23.0,3.0,22.666666666666668,6,18.0,3,1,2,3,1,53,54,121,0.1433,0.0,0.2418,0.1111,T1,False,none
a827b95b-81ff-42a8-96db-e0d9ded42781,1.0,0.1111111111111111,1.0,3433.22,3433.22,0.0,44,1,1.0,1.0,9.0,1.0,1.0,1.0,1.0,1.0,4.0,1.0,1.0,1.0,0.1111111111111111,3433.22,3433.22,1.0,0.0,22.0,0.0,1.0,1.0,20.0,0.0,11.0,3,3.0,1,1,1,1,1,29,30,126,0.1498,0.0,0.1572,0.1186,T1,False,none
f7fa31d8-a6c6-407b-8bfe-269b2200d916,2.0,0.2222222222222222,2.0,3542.19,1771.095,1241.3047411695486,85,0,2.0,1.0,6.0,2.0,1.0,0.5,2.0,1.0,3.0,2.0,1.0,0.5,0.2222222222222222,1771.095,2648.83,0.7477944435504589,156.2313888888889,9.0,0.0,2.0,0.5,21.0,0.0,13.5,6,6.0,2,2,2,2,2,41,41,118,0.1482,0.0,0.2319,0.119,T1,False,none
ee41fefb-a43c-45b5-97f8-e524c1f2264f,4.0,0.4444444444444444,3.0,10339.160000000002,2584.7900000000004,2058.311070254769,75,1,2.0,2.0,6.0,2.0,1.0,0.75,2.0,2.0,7.0,2.0,1.0,0.75,0.4444444444444444,2584.7900000000004,4469.14,0.43225368405170245,116.35833333333333,12.0,0.25,3.0,0.5,18.0,1.0,13.5,7,12.0,2,2,3,2,2,63,65,59,0.3197,0.0,0.1098,0.0978,T1,False,none
a5728ee7-08e0-4486-8033-464f2e84c2a3,3.0,0.3333333333333333,3.0,9400.9,3133.633333333333,1858.487933895007,20,1,1.0,3.0,10.0,1.0,1.0,1.0,1.0,3.0,5.0,1.0,1.0,1.0,0.3333333333333333,3133.633333333333,4782.96,0.508776819240711,158.4713888888889,2.0,0.3333333333333333,2.0,0.6666666666666666,29.0,0.0,51.666666666666664,4,9.0,1,1,2,1,1,64,65,103,0.2271,0.0,0.2014,0.1192,T1,False,none
660f6167-8c00-4b00-90a3-4f6ed0446576,2.0,0.2222222222222222,2.0,6083.8,3041.9,2604.7975341281326,72,1,2.0,1.0,10.0,2.0,1.0,0.5,1.0,2.0,5.0,1.0,1.0,1.0,0.2222222222222222,3041.9,4883.77,0.8027499260330715,209.885,11.0,0.0,2.0,0.5,15.0,1.0,68.0,5,6.0,2,1,2,2,1,48,48,143,0.1277,0.0,0.241,0.0927,T1,False,none
98ebf534-29c3-4b25-8dd1-ded3f7d6beed,2.0,0.2222222222222222,2.0,3606.86,1803.43,474.8646299736378,66,1,1.0,2.0,7.0,1.0,1.0,1.0,1.0,2.0,6.0,1.0,1.0,1.0,0.2222222222222222,1803.43,2139.21,0.5930948248615139,150.34166666666667,3.0,0.5,1.0,1.0,19.0,1.0,73.0,3,6.0,1,1,1,1,1,29,29,126,0.1498,0.0,0.1572,0.1186,T1,False,none
7fad6d3d-7781-41df-8f4a-2e7c26b3e6c1,1.0,0.1111111111111111,1.0,3022.16,3022.16,0.0,57,1,1.0,1.0,5.0,1.0,1.0,1.0,1.0,1.0,6.0,1.0,1.0,1.0,0.1111111111111111,3022.16,3022.16,1.0,0.0,21.0,0.0,1.0,1.0,30.0,0.0,9.0,3,3.0,1,1,1,1,1,38,38,66,0.3865,0.0,0.1807,0.0805,T1,False,none
0346c00e-7581-48fa-b925-07c060469deb,5.0,0.5555555555555556,4.0,19006.31,3801.262,1004.7439808826922,27,1,1.0,5.0,6.0,1.0,1.0,1.0,3.0,1.6666666666666667,8.0,3.0,1.0,0.6,0.5555555555555556,3801.262,4627.53,0.24347335174476262,76.86555555555556,0.0,0.4,3.0,0.4,20.0,2.0,27.4,7,15.0,1,3,3,1,3,70,70,78,0.2521,0.0,0.1237,0.0763,T1,False,none
7aa7c9cf-4e26-4dc6-9353-920f68443272,3.0,0.3333333333333333,3.0,10614.26,3538.0866666666666,507.91420932410784,54,0,2.0,1.5,6.0,2.0,1.0,0.6666666666666666,2.0,1.5,5.0,2.0,1.0,0.6666666666666666,0.3333333333333333,3538.0866666666666,4117.64,0.3879347217799451,125.39861111111111,7.0,0.0,1.0,1.0,16.0,0.0,51.0,5,9.0,2,2,1,2,2,32,32,167,0.1063,0.0,0.25,0.1704,T1,False,none
64efaca4-6ef8-435b-8b1c-e3854314c3c3,2.0,0.2222222222222222,2.0,3884.0,1942.0,1233.2649370674576,87,0,1.0,2.0,6.0,1.0,1.0,1.0,1.0,2.0,6.0,1.0,1.0,1.0,0.2222222222222222,1942.0,2814.05,0.7245236869207003,67.58361111111111,19.0,0.5,1.0,1.0,23.0,2.0,8.0,3,6.0,1,1,1,1,1,32,32,66,0.3865,0.0,0.1807,0.0805,T1,False,none
98136e89-9473-46f2-9177-cf5157a8e53f,7.0,0.7777777777777778,6.0,26976.4,3853.7714285714287,1107.6653634623976,65,0,3.0,2.3333333333333335,15.0,3.0,1.0,0.5714285714285714,1.0,7.0,3.0,1.0,1.0,1.0,0.7777777777777778,3853.7714285714287,4984.05,0.1847559348170994,201.54944444444445,1.0,0.14285714285714285,4.0,0.42857142857142855,29.0,2.0,24.428571428571427,8,21.0,3,1,4,3,1,113,115,64,0.3686,0.0,0.1444,0.0659,T1,False,none
9eb816a3-c85a-4ab5-9d14-b0b0d46c7e6b,6.0,0.6666666666666666,5.0,10565.19,1760.865,1109.3917452865783,39,1,2.0,3.0,6.0,2.0,1.0,0.8333333333333334,2.0,3.0,4.0,1.0,0.5,0.8333333333333334,0.6666666666666666,1760.865,3424.02,0.3240850377513324,208.97416666666666,7.0,0.16666666666666666,2.0,0.5,26.0,0.0,77.5,6,18.0,2,2,2,2,1,57,58,89,0.2028,0.0,0.1043,0.0515,T1,False,none
448e3d92-ed8e-4452-aa9b-ddb3532a19e5,3.0,0.3333333333333333,3.0,4650.22,1550.0733333333335,1007.8062960873648,83,0,1.0,3.0,8.0,1.0,1.0,1.0,1.0,3.0,2.0,1.0,1.0,1.0,0.3333333333333333,1550.0733333333335,2291.55,0.4927831371418987,141.79694444444445,10.0,0.6666666666666666,2.0,0.6666666666666666,26.0,2.0,48.0,4,9.0,1,1,2,1,1,48,49,86,0.1967,0.0,0.161,0.0515,T1,False,none
e1b381f3-25dc-4dde-b13f-3daa8dc23a65,4.0,0.4444444444444444,4.0,9859.76,2464.94,1195.5871328347425,10,1,1.0,4.0,7.0,1.0,1.0,1.0,2.0,2.0,4.0,1.0,0.5,0.75,0.4444444444444444,2464.94,3697.78,0.3750375262683879,132.95777777777778,0.0,0.25,3.0,0.5,25.0,3.0,60.75,6,12.0,1,2,3,1,1,66,68,118,0.1482,0.0,0.2319,0.119,T1,False,none
86a6c516-708a-4b1c-9af0-e40162efe3c7,1.0,0.1111111111111111,1.0,4301.03,4301.03,0.0,34,1,1.0,1.0,5.0,1.0,1.0,1.0,1.0,1.0,7.0,1.0,1.0,1.0,0.1111111111111111,4301.03,4301.03,1.0,0.0,15.0,1.0,1.0,1.0,23.0,1.0,49.0,3,3.0,1,1,1,1,1,32,32,121,0.1433,0.0,0.2418,0.1111,T1,False,none
3bf6cc48-9fef-436c-a476-9ed0a6484a19,6.0,0.6666666666666666,3.0,12302.22,2050.37,1169.2767958870988,59,0,2.0,3.0,11.0,2.0,1.0,0.8333333333333334,2.0,3.0,5.0,2.0,1.0,0.8333333333333334,0.6666666666666666,2050.37,3647.71,0.2965082724906562,116.7388888888889,1.0,0.3333333333333333,3.0,0.6666666666666666,23.0,3.0,46.333333333333336,7,18.0,2,2,3,2,2,82,82,167,0.1063,0.0,0.25,0.1704,T1,False,none
bb2a591c-7471-4791-99b6-e2958233469e,3.0,0.3333333333333333,3.0,9483.560000000001,3161.186666666667,646.1318878010383,64,0,1.0,3.0,9.0,1.0,1.0,1.0,2.0,1.5,6.0,2.0,1.0,0.6666666666666666,0.3333333333333333,3161.186666666667,3775.07,0.3980646508273264,89.65222222222222,4.0,0.3333333333333333,2.0,0.6666666666666666,17.0,1.0,29.333333333333332,5,9.0,1,2,2,1,2,47,48,173,0.0954,0.0,0.2136,0.1548,T1,False,none
9e671765-25f5-43f2-8a63-966919355352,5.0,0.5555555555555556,5.0,14004.67,2800.934,1090.5372154034906,48,1,1.0,5.0,10.0,1.0,1.0,1.0,1.0,5.0,3.0,1.0,1.0,1.0,0.5555555555555556,2800.934,3917.7,0.279742400213643,133.7122222222222,0.0,0.4,2.0,0.6,22.0,2.0,5.8,4,15.0,1,1,2,1,1,42,43,78,0.2521,0.0,0.1237,0.0763,T1,False,none
61d45980-114e-4192-8f90-12e235b9c620,1.0,0.1111111111111111,1.0,2656.28,2656.28,0.0,45,0,1.0,1.0,7.0,1.0,1.0,1.0,1.0,1.0,3.0,1.0,1.0,1.0,0.1111111111111111,2656.28,2656.28,1.0,0.0,14.0,1.0,1.0,1.0,26.0,0.0,69.0,3,3.0,1,1,1,1,1,33,33,89,0.2028,0.0,0.1043,0.0515,T1,False,none
846d9214-c671-48f0-aa57-349eec8fef55,5.0,0.5555555555555556,4.0,8186.92,1637.384,1064.8369334926358,12,0,1.0,5.0,7.0,1.0,1.0,1.0,2.0,2.5,4.0,2.0,1.0,0.8,0.5555555555555556,1637.384,3208.29,0.3918799743981864,211.95638888888888,2.0,0.0,2.0,0.8,21.0,1.0,14.2,5,15.0,1,2,2,1,2,44,45,143,0.1277,0.0,0.241,0.0927,T1,False,none
0e71e60b-6a0a-400a-9097-855cda9e7840,1.0,0.1111111111111111,1.0,4969.78,4969.78,0.0,16,1,1.0,1.0,6.0,1.0,1.0,1.0,1.0,1.0,3.0,1.0,1.0,1.0,0.1111111111111111,4969.78,4969.78,1.0,0.0,8.0,0.0,1.0,1.0,20.0,2.0,79.0,3,3.0,1,1,1,1,1,26,26,104,0.1637,0.0,0.1654,0.1067,T1,False,none
e5f29a56-0cf0-4352-9bc3-92aef5b1139d,2.0,0.2222222222222222,2.0,2689.7000000000003,1344.8500000000001,1242.0189190185472,48,1,1.0,2.0,8.0,1.0,1.0,1.0,2.0,1.0,5.0,2.0,1.0,0.5,0.2222222222222222,1344.8500000000001,2223.09,0.826519686210358,42.5675,2.0,0.0,1.0,1.0,14.0,2.0,29.0,4,6.0,1,2,1,1,2,24,25,143,0.1277,0.0,0.241,0.0927,T1,False,none
4b6a985c-b3e9-42fa-bb89-a98acc17ecba,2.0,0.2222222222222222,2.0,5409.650000000001,2704.8250000000003,2208.2732644421526,85,0,1.0,2.0,8.0,1.0,1.0,1.0,2.0,1.0,5.0,2.0,1.0,0.5,0.2222222222222222,2704.8250000000003,4266.31,0.7886480641076594,29.43027777777778,15.0,0.0,1.0,1.0,15.0,3.0,12.0,4,6.0,1,2,1,1,2,25,26,121,0.1433,0.0,0.2418,0.1111,T1,False,none
e9bd5b5b-e974-4468-bf07-d864e51e95c6,3.0,0.3333333333333333,3.0,6561.43,2187.1433333333334,1368.8998479192455,53,1,1.0,3.0,6.0,1.0,1.0,1.0,3.0,1.0,7.0,3.0,1.0,0.3333333333333333,0.3333333333333333,2187.1433333333334,3053.87,0.4654275058942943,58.35472222222222,1.0,0.3333333333333333,1.0,1.0,20.0,2.0,21.0,5,9.0,1,3,1,1,3,32,33,126,0.1498,0.0,0.1572,0.1186,T1,False,none
5c842ff7-bb93-44fb-bead-e330ea606091,5.0,0.5555555555555556,4.0,10425.54,2085.108,1035.2737178253876,68,0,1.0,5.0,7.0,1.0,1.0,1.0,1.0,5.0,2.0,1.0,1.0,1.0,0.5555555555555556,2085.108,3370.69,0.32331083090180457,142.56694444444443,2.0,0.2,3.0,0.4,23.0,0.0,61.6,5,15.0,1,1,3,1,1,60,61,89,0.2028,0.0,0.1043,0.0515,T1,False,none
9ae7f1be-5810-4c52-b148-608554b6da74,6.0,0.6666666666666666,4.0,20369.56,3394.9266666666667,883.6752678142954,23,0,1.0,6.0,4.0,1.0,1.0,1.0,3.0,2.0,7.0,3.0,1.0,0.6666666666666666,0.6666666666666666,3394.9266666666667,4783.63,0.23484208789978772,121.47166666666666,1.0,0.5,5.0,0.3333333333333333,22.0,1.0,48.333333333333336,9,18.0,1,3,5,1,3,106,107,59,0.2957,0.0,0.0649,0.0215,T1,False,none
92ee0146-824a-4e88-85f4-d8c47da3d94d,8.0,0.8888888888888888,5.0,19803.92,2475.49,1828.7901804979472,46,1,3.0,2.6666666666666665,15.0,3.0,1.0,0.5,2.0,4.0,4.0,2.0,1.0,0.625,0.8888888888888888,2475.49,4385.86,0.2214642353635038,206.3527777777778,9.0,0.125,4.0,0.5,25.0,3.0,59.375,9,24.0,3,2,4,3,2,105,107,167,0.1063,0.0,0.25,0.1704,T1,False,none
99ded206-a4eb-49b7-9d8b-1cb4f4831a5b,4.0,0.4444444444444444,4.0,6437.0,1609.25,1322.382878014785,54,1,2.0,2.0,8.0,2.0,1.0,0.75,2.0,2.0,6.0,2.0,1.0,0.75,0.4444444444444444,1609.25,3578.99,0.5560027963336958,136.08055555555555,3.0,0.25,3.0,0.5,20.0,2.0,24.25,7,12.0,2,2,3,2,2,68,70,143,0.1277,0.0,0.241,0.0927,T1,False,none
7a1ccfca-32b7-40d8-8bf5-25d59b9494ef,5.0,0.5555555555555556,3.0,14091.99,2818.398,1614.2573359814724,45,0,2.0,2.5,5.0,2.0,1.0,0.6,4.0,1.25,6.0,4.0,1.0,0.4,0.5555555555555556,2818.398,4569.99,0.3242969942499249,77.79916666666666,1.0,0.6,3.0,0.4,17.0,3.0,33.2,9,15.0,2,4,3,2,4,67,68,59,0.3197,0.0,0.1098,0.0978,T1,False,none
a03dc17e-09af-409a-ba79-bab5775cc40e,4.0,0.4444444444444444,4.0,10722.56,2680.64,1155.8012937352164,72,1,1.0,4.0,4.0,1.0,1.0,1.0,2.0,2.0,5.0,2.0,1.0,0.75,0.4444444444444444,2680.64,3992.06,0.372304748119852,147.70777777777778,1.0,0.5,1.0,1.0,18.0,1.0,80.0,4,12.0,1,2,1,1,2,26,26,167,0.1063,0.0,0.25,0.1704,T1,False,none
13de93a0-1775-4a89-b254-5e81182a5d97,8.0,0.8888888888888888,8.0,16895.96,2111.995,1234.1764901805113,39,0,2.0,4.0,9.0,2.0,1.0,0.875,1.0,8.0,6.0,1.0,1.0,1.0,0.8888888888888888,2111.995,3459.59,0.20475841562124913,180.93166666666667,5.0,0.25,5.0,0.375,23.0,2.0,53.25,8,24.0,2,1,5,2,1,111,113,173,0.0954,0.0,0.2136,0.1548,T1,False,none
df912c87-c7e8-46fc-b53a-585df8deee30,2.0,0.2222222222222222,2.0,7006.68,3503.34,366.5500132314826,59,1,1.0,2.0,7.0,1.0,1.0,1.0,1.0,2.0,6.0,1.0,1.0,1.0,0.2222222222222222,3503.34,3762.53,0.5369918420707097,140.35833333333332,18.0,0.0,2.0,0.5,23.0,0.0,40.0,4,6.0,1,1,2,1,1,50,50,74,0.2714,0.0,0.1287,0.0855,T1,False,none
2ecaa5ec-98df-4c38-a3de-d780326684a6,6.0,0.6666666666666666,4.0,18587.01,3097.8349999999996,1329.5219250805906,29,1,3.0,2.0,7.0,2.0,0.6666666666666666,0.6666666666666666,3.0,2.0,4.0,2.0,0.6666666666666666,0.5,0.6666666666666666,3097.8349999999996,4681.15,0.2518506204064021,157.7225,21.0,0.0,2.0,0.8333333333333334,21.0,0.0,61.166666666666664,8,18.0,3,3,2,2,2,46,46,118,0.1482,0.0,0.2319,0.119,T1,False,none
ac093343-f003-496c-af6d-d93726ac32ee,4.0,0.4444444444444444,3.0,7719.29,1929.8225,466.5726351723455,33,0,2.0,2.0,9.0,2.0,1.0,0.75,2.0,2.0,3.0,2.0,1.0,0.75,0.4444444444444444,1929.8225,2417.49,0.3131751754371192,130.74305555555554,2.0,0.5,2.0,0.75,25.0,2.0,50.25,6,12.0,2,2,2,2,2,59,59,143,0.1277,0.0,0.241,0.0927,T1,False,none
9579c677-27a3-4df0-b7c9-f093f59ab11e,3.0,0.3333333333333333,3.0,5246.4,1748.8,1296.186038036207,66,1,1.0,3.0,8.0,1.0,1.0,1.0,2.0,1.5,8.0,2.0,1.0,0.6666666666666666,0.3333333333333333,1748.8,2770.48,0.5280725831046051,226.81,5.0,0.3333333333333333,1.0,1.0,23.0,2.0,8.0,4,9.0,1,2,1,1,2,39,39,66,0.3865,0.0,0.1807,0.0805,T1,False,none
285ae34b-15e6-4fd1-9df0-4e52b72e63aa,2.0,0.2222222222222222,1.0,2956.43,1478.215,1528.5456578231478,36,0,1.0,2.0,4.0,1.0,1.0,1.0,1.0,2.0,4.0,1.0,1.0,1.0,0.2222222222222222,1478.215,2559.06,0.8655912705526598,7.087777777777778,9.0,1.0,1.0,1.0,18.0,1.0,1.0,3,6.0,1,1,1,1,1,23,23,64,0.3686,0.0,0.1444,0.0659,T1,False,none
149a507a-1e17-44cd-b907-19ee2695efd4,5.0,0.5555555555555556,4.0,10653.369999999999,2130.674,1492.1197230550906,56,1,2.0,2.5,6.0,2.0,1.0,0.6,2.0,2.5,4.0,1.0,0.5,0.8,0.5555555555555556,2130.674,3764.7,0.35338113667318416,132.72333333333333,2.0,0.2,2.0,0.6,22.0,2.0,4.6,6,15.0,2,2,2,2,1,49,51,167,0.1063,0.0,0.25,0.1704,T1,False,none
63eb3607-b5d1-4fad-8536-1a0606a2ef0a,4.0,0.4444444444444444,3.0,8799.25,2199.8125,1502.2343494580552,64,0,2.0,2.0,8.0,2.0,1.0,0.75,3.0,1.3333333333333333,4.0,2.0,0.6666666666666666,0.5,0.4444444444444444,2199.8125,4271.29,0.48541523425291927,178.03305555555556,4.0,0.0,1.0,1.0,13.0,2.0,68.0,6,12.0,2,3,1,2,2,24,25,143,0.1277,0.0,0.241,0.0927,T1,False,none
d5ea5115-ea87-4a9d-b613-6bcafba06622,4.0,0.4444444444444444,3.0,7623.79,1905.9475,1182.421535448195,57,0,3.0,1.3333333333333333,11.0,3.0,1.0,0.5,1.0,4.0,3.0,1.0,1.0,1.0,0.4444444444444444,1905.9475,3102.78,0.40698655130846995,84.09027777777777,3.0,0.75,3.0,0.5,23.0,2.0,47.25,7,12.0,3,1,3,3,1,80,80,59,0.3197,0.0,0.1098,0.0978,T1,False,none
ca4c42af-800d-4df6-afda-5e17ca4bbb90,5.0,0.5555555555555556,2.0,17392.079999999998,3478.4159999999997,1794.4113158024834,76,1,2.0,2.5,7.0,2.0,1.0,0.8,2.0,2.5,6.0,2.0,1.0,0.8,0.5555555555555556,3478.4159999999997,4787.78,0.2752850722857761,120.0188888888889,4.0,0.0,3.0,0.6,19.0,0.0,48.2,7,15.0,2,2,3,2,2,62,66,121,0.1362,0.0,0.2722,0.12,T1,False,none
edc09fd0-f30f-42cb-aad3-31bf71282a96,3.0,0.3333333333333333,3.0,4791.96,1597.32,502.0260763147667,45,0,2.0,1.5,5.0,2.0,1.0,0.6666666666666666,2.0,1.5,4.0,2.0,1.0,0.6666666666666666,0.3333333333333333,1597.32,2058.41,0.42955492115960897,199.22277777777776,2.0,0.3333333333333333,1.0,1.0,13.0,3.0,82.0,5,9.0,2,2,1,2,2,23,23,121,0.1362,0.0,0.2722,0.12,T1,False,none
224e4c86-9ed7-4354-a311-5db446687497,4.0,0.4444444444444444,4.0,7548.16,1887.04,579.6775385217775,15,1,1.0,4.0,10.0,1.0,1.0,1.0,2.0,2.0,12.0,2.0,1.0,0.75,0.4444444444444444,1887.04,2709.51,0.35896297905714775,121.11305555555556,0.0,0.5,1.0,1.0,19.0,2.0,63.0,4,12.0,1,2,1,1,2,40,41,74,0.2714,0.0,0.1287,0.0855,T1,False,none
4f8d84f6-6124-4234-b6d8-1c3db656a4a0,5.0,0.5555555555555556,4.0,11392.36,2278.472,1539.696935883812,24,0,1.0,5.0,5.0,1.0,1.0,1.0,2.0,2.5,3.0,2.0,1.0,0.6,0.5555555555555556,2278.472,3926.0,0.34461691870692285,188.30555555555554,1.0,0.4,3.0,0.6,22.0,0.0,42.2,6,15.0,1,2,3,1,2,63,63,143,0.1277,0.0,0.241,0.0927,T1,False,none
2d9c7692-cbf9-4600-a262-2164af3c4309,3.0,0.3333333333333333,3.0,4708.639999999999,1569.5466666666664,947.4096517522572,22,0,3.0,1.0,10.0,3.0,1.0,0.3333333333333333,1.0,3.0,1.0,0.0,0.0,1.0,0.3333333333333333,1569.5466666666664,2495.0,0.5298769920826396,198.82166666666666,5.0,0.3333333333333333,2.0,0.6666666666666666,28.0,3.0,27.666666666666668,6,9.0,3,1,2,3,0,62,62,103,0.2271,0.0,0.2014,0.1192,T1,False,none
67dd7c32-0817-4bd9-81d2-b90665dbab1f,0.0,0.0,0.0,0.0,0.0,0.0,52,0,0.0,0.0,0.0,0.0,0.0,0.0,0.0,0.0,0.0,0.0,0.0,0.0,0.0,0.0,0.0,0.0,0.0,0.0,0.0,0.0,0.0,0.0,0.0,0.0,0,0.0,0,0,0,0,0,0,0,1,0.0,0.0,0.0,0.0,T1,False,none
ea9acff4-ce7c-495d-903f-dc804e85d0af,2.0,0.2222222222222222,2.0,4030.91,2015.455,1357.1288319279054,47,1,1.0,2.0,9.0,1.0,1.0,1.0,1.0,2.0,6.0,1.0,1.0,1.0,0.2222222222222222,2015.455,2975.09,0.738069071251901,167.54805555555555,22.0,0.0,2.0,0.5,19.0,3.0,48.5,4,6.0,1,1,2,1,1,49,49,121,0.1433,0.0,0.2418,0.1111,T1,False,none
b16be87f-3417-4a43-b1bc-f7e58d085419,3.0,0.3333333333333333,2.0,6760.99,2253.6633333333334,541.8208196750409,77,1,2.0,1.5,9.0,2.0,1.0,0.6666666666666666,1.0,3.0,3.0,1.0,1.0,1.0,0.3333333333333333,2253.6633333333334,2879.22,0.42585775160146666,127.18861111111111,10.0,0.6666666666666666,2.0,0.6666666666666666,13.0,2.0,39.333333333333336,5,9.0,2,1,2,2,1,39,39,59,0.2957,0.0,0.0649,0.0215,T1,False,none
3ae07ac5-8d7e-4170-9ac6-bfcf60fe3d40,4.0,0.4444444444444444,4.0,5247.42,1311.855,898.7109115282844,47,0,3.0,1.3333333333333333,11.0,3.0,1.0,0.5,2.0,2.0,7.0,2.0,1.0,0.75,0.4444444444444444,1311.855,2136.67,0.40718486418087363,119.05805555555555,8.0,0.25,4.0,0.25,21.0,1.0,31.5,9,12.0,3,2,4,3,2,91,93,121,0.1433,0.0,0.2418,0.1111,T1,False,none
807cb37e-15fa-4fd7-a497-5bb187061a79,6.0,0.6666666666666666,5.0,13453.36,2242.226666666667,1430.3042941789229,45,1,2.0,3.0,12.0,2.0,1.0,0.8333333333333334,3.0,2.0,4.0,3.0,1.0,0.6666666666666666,0.6666666666666666,2242.226666666667,3554.07,0.26417712749826067,198.4113888888889,1.0,0.3333333333333333,3.0,0.6666666666666666,22.0,1.0,12.0,8,18.0,2,3,3,2,3,79,79,59,0.3197,0.0,0.1098,0.0978,T1,False,none
46f54246-8b2d-443e-98d3-89c5036ac293,3.0,0.3333333333333333,3.0,6093.12,2031.04,2032.6341015785406,41,1,1.0,3.0,5.0,1.0,1.0,1.0,2.0,1.5,7.0,2.0,1.0,0.6666666666666666,0.3333333333333333,2031.04,4329.67,0.7105834121107085,130.84277777777777,18.0,0.3333333333333333,2.0,0.6666666666666666,17.0,1.0,48.333333333333336,5,9.0,1,2,2,1,2,45,45,126,0.1498,0.0,0.1572,0.1186,T1,False,none
75072928-9dd3-4c8b-a821-87111f8a37c5,4.0,0.4444444444444444,3.0,9936.42,2484.105,1691.9229603127128,71,0,4.0,1.0,7.0,4.0,1.0,0.25,1.0,4.0,4.0,1.0,1.0,1.0,0.4444444444444444,2484.105,4774.0,0.4804547311808478,124.82388888888889,9.0,0.75,2.0,0.5,26.0,2.0,31.5,7,12.0,4,1,2,4,1,66,66,65,0.3611,0.0,0.0889,0.0707,T1,False,none
1a4db134-7c1d-413b-9e60-b30bfbc1d596,1.0,0.1111111111111111,1.0,621.88,621.88,0.0,60,0,1.0,1.0,6.0,1.0,1.0,1.0,1.0,1.0,4.0,1.0,1.0,1.0,0.1111111111111111,621.88,621.88,1.0,0.0,21.0,0.0,1.0,1.0,15.0,1.0,31.0,3,3.0,1,1,1,1,1,22,22,65,0.3611,0.0,0.0889,0.0707,T1,False,none
bd8596bd-efbe-4367-9aaf-f4a8c942197f,4.0,0.4444444444444444,3.0,9397.47,2349.3675,1797.8411472907349,73,0,1.0,4.0,5.0,1.0,1.0,1.0,3.0,1.3333333333333333,8.0,3.0,1.0,0.5,0.4444444444444444,2349.3675,3986.2,0.4241779968438314,94.65194444444444,4.0,0.25,2.0,0.75,21.0,2.0,2.75,6,12.0,1,3,2,1,3,56,56,78,0.2521,0.0,0.1237,0.0763,T1,False,none
5cc88aee-cc93-4fca-bdee-23ea65785cb4,2.0,0.2222222222222222,2.0,6180.57,3090.285,1567.125403804686,57,1,1.0,2.0,7.0,1.0,1.0,1.0,1.0,2.0,6.0,1.0,1.0,1.0,0.2222222222222222,3090.285,4198.41,0.6792917158126193,88.78805555555556,3.0,0.0,1.0,1.0,28.0,3.0,26.0,3,6.0,1,1,1,1,1,38,38,103,0.2271,0.0,0.2014,0.1192,T1,False,none
0efe0b9c-72be-4aa9-86c2-a4b8adf6a883,3.0,0.3333333333333333,3.0,7532.570000000001,2510.856666666667,2249.710925993234,80,0,2.0,1.5,9.0,2.0,1.0,0.6666666666666666,1.0,3.0,4.0,1.0,1.0,1.0,0.3333333333333333,2510.856666666667,4873.31,0.6469651128366547,144.13944444444445,9.0,0.3333333333333333,3.0,0.3333333333333333,26.0,2.0,60.333333333333336,6,9.0,2,1,3,2,1,80,80,78,0.2521,0.0,0.1237,0.0763,T1,False,none
247c9147-6497-41a4-97c6-186bf5699066,3.0,0.3333333333333333,2.0,8832.380000000001,2944.126666666667,1713.8139082856496,71,0,1.0,3.0,9.0,1.0,1.0,1.0,1.0,3.0,3.0,1.0,1.0,1.0,0.3333333333333333,2944.126666666667,4615.29,0.5225420554822142,114.97277777777778,16.0,0.6666666666666666,3.0,0.3333333333333333,22.0,3.0,37.333333333333336,5,9.0,1,1,3,1,1,58,59,173,0.0954,0.0,0.2136,0.1548,T1,False,none
0f7622ab-027e-44cb-b073-594ce707d278,4.0,0.4444444444444444,4.0,11319.64,2829.91,183.4721008764004,77,1,2.0,2.0,5.0,2.0,1.0,0.75,2.0,2.0,6.0,2.0,1.0,0.75,0.4444444444444444,2829.91,3072.08,0.271393789908513,197.55833333333334,0.0,0.0,2.0,0.75,17.0,1.0,63.5,6,12.0,2,2,2,2,2,44,44,167,0.1063,0.0,0.25,0.1704,T1,False,none
c181f315-6d4b-47af-82d0-e2cac636aeda,6.0,0.6666666666666666,6.0,15957.34,2659.556666666667,1802.0049538740639,82,0,2.0,3.0,11.0,2.0,1.0,0.8333333333333334,1.0,6.0,4.0,1.0,1.0,1.0,0.6666666666666666,2659.556666666667,4745.77,0.29740357728794403,147.03416666666666,8.0,0.3333333333333333,2.0,0.6666666666666666,21.0,3.0,58.666666666666664,5,18.0,2,1,2,2,1,51,51,126,0.1498,0.0,0.1572,0.1186,T1,False,none
75fdaba5-6287-46c3-b81b-f73b85a03f36,2.0,0.2222222222222222,2.0,2629.3,1314.65,494.7626147962274,34,1,1.0,2.0,6.0,1.0,1.0,1.0,1.0,2.0,7.0,1.0,1.0,1.0,0.2222222222222222,1314.65,1664.5,0.6330582284258167,139.85222222222222,1.0,0.0,1.0,1.0,29.0,2.0,14.0,3,6.0,1,1,1,1,1,39,39,64,0.3686,0.0,0.1444,0.0659,T1,False,none
cfd92d27-509c-46e2-ae10-d1f7d848cc96,4.0,0.4444444444444444,3.0,13100.75,3275.1875,1923.9995428512104,17,0,3.0,1.3333333333333333,10.0,3.0,1.0,0.5,2.0,2.0,6.0,2.0,1.0,0.5,0.4444444444444444,3275.1875,4867.58,0.3715497204358529,184.71694444444444,4.0,0.0,3.0,0.5,30.0,0.0,32.0,8,12.0,3,2,3,3,2,97,98,66,0.3865,0.0,0.1807,0.0805,T1,False,none
0b5aea22-ad85-4ee7-8e81-454d8d17e080,1.0,0.1111111111111111,1.0,3524.76,3524.76,0.0,63,1,1.0,1.0,9.0,1.0,1.0,1.0,1.0,1.0,7.0,1.0,1.0,1.0,0.1111111111111111,3524.76,3524.76,1.0,0.0,14.0,1.0,1.0,1.0,20.0,1.0,78.0,3,3.0,1,1,1,1,1,33,33,173,0.0954,0.0,0.2136,0.1548,T1,False,none
6643fbb8-4bbd-415e-bca8-670d3784dd6b,4.0,0.4444444444444444,3.0,10804.8,2701.2,1406.7074022458733,34,0,2.0,2.0,10.0,2.0,1.0,0.5,1.0,4.0,2.0,1.0,1.0,1.0,0.4444444444444444,2701.2,4250.18,0.3933603583592478,82.1836111111111,1.0,0.25,2.0,0.75,25.0,2.0,47.0,5,12.0,2,1,2,2,1,59,59,118,0.1482,0.0,0.2319,0.119,T1,False,none
706fea4b-3049-4a42-9b9f-9de8a4554321,4.0,0.4444444444444444,3.0,13168.98,3292.245,1122.6490254898604,68,0,3.0,1.3333333333333333,10.0,3.0,1.0,0.5,1.0,4.0,3.0,1.0,1.0,1.0,0.4444444444444444,3292.245,4876.82,0.3703263274756283,101.29138888888889,5.0,0.25,1.0,1.0,23.0,2.0,8.0,5,12.0,3,1,1,3,1,43,43,66,0.3865,0.0,0.1807,0.0805,T1,False,none
14f17f68-675b-4004-b7a9-55407d70b490,3.0,0.3333333333333333,2.0,5690.360000000001,1896.7866666666669,1524.2911541215917,21,0,1.0,3.0,5.0,1.0,1.0,1.0,1.0,3.0,9.0,1.0,1.0,1.0,0.3333333333333333,1896.7866666666669,3242.28,0.5697846884907106,174.795,3.0,0.0,2.0,0.6666666666666666,25.0,0.0,21.0,4,9.0,1,1,2,1,1,44,44,103,0.2271,0.0,0.2014,0.1192,T1,False,none
9026dfc3-a153-4ff5-bf0e-726c6ad7a2c1,5.0,0.5555555555555556,5.0,9438.74,1887.748,1794.0078742775909,32,1,1.0,5.0,3.0,1.0,1.0,1.0,3.0,1.6666666666666667,7.0,3.0,1.0,0.6,0.5555555555555556,1887.748,3924.88,0.4158266887317587,209.44194444444443,4.0,0.0,2.0,0.8,29.0,2.0,25.2,6,15.0,1,3,2,1,3,57,59,64,0.3686,0.0,0.1444,0.0659,T1,False,none
9834ffdf-e76c-4a48-a37c-5985d533601c,3.0,0.3333333333333333,3.0,11271.960000000001,3757.32,612.1367311312073,70,1,2.0,1.5,7.0,2.0,1.0,0.6666666666666666,1.0,3.0,3.0,1.0,1.0,1.0,0.3333333333333333,3757.32,4339.76,0.38500491485065597,92.17,15.0,0.3333333333333333,3.0,0.3333333333333333,19.0,2.0,42.666666666666664,6,9.0,2,1,3,2,1,62,63,121,0.1362,0.0,0.2722,0.12,T1,False,none
803f92d9-1f55-49db-927a-eefbae80b386,5.0,0.5555555555555556,5.0,11822.099999999999,2364.4199999999996,1346.8365143364651,37,0,3.0,1.6666666666666667,6.0,3.0,1.0,0.6,2.0,2.5,7.0,2.0,1.0,0.8,0.5555555555555556,2364.4199999999996,4277.48,0.36182065792033563,180.51388888888889,1.0,0.0,4.0,0.4,19.0,3.0,31.8,9,15.0,3,2,4,3,2,78,81,121,0.1362,0.0,0.2722,0.12,T1,False,none
750cf497-eb4f-49f0-878d-ce80ee17eec5,2.0,0.2222222222222222,2.0,6670.49,3335.245,1261.358289483999,47,0,1.0,2.0,9.0,1.0,1.0,1.0,2.0,1.0,4.0,2.0,1.0,0.5,0.2222222222222222,3335.245,4227.16,0.6337105669898313,111.96833333333333,5.0,0.0,2.0,0.5,25.0,0.0,35.5,5,6.0,1,2,2,1,2,56,56,103,0.2271,0.0,0.2014,0.1192,T1,False,none
abe53121-9e19-4282-9f01-8995e0e596cf,3.0,0.3333333333333333,3.0,9239.6,3079.866666666667,1200.9019719499727,59,1,2.0,1.5,8.0,2.0,1.0,0.6666666666666666,1.0,3.0,3.0,1.0,1.0,1.0,0.3333333333333333,3079.866666666667,4292.33,0.464557989523356,156.14305555555555,2.0,0.0,3.0,0.3333333333333333,27.0,1.0,77.0,6,9.0,2,1,3,2,1,80,83,126,0.1498,0.0,0.1572,0.1186,T1,False,none
f90df0f0-772c-417a-b1d4-b2568862f48b,6.0,0.6666666666666666,4.0,16882.08,2813.6800000000003,1586.4123365001926,10,0,1.0,6.0,9.0,1.0,1.0,1.0,2.0,3.0,6.0,2.0,1.0,0.6666666666666666,0.6666666666666666,2813.6800000000003,4662.68,0.27619108545866383,168.4311111111111,23.0,0.16666666666666666,5.0,0.3333333333333333,25.0,2.0,17.166666666666668,8,18.0,1,2,5,1,2,107,109,50,0.3086,0.0,0.0411,0.037,T1,False,none
810c22ba-e05d-469f-8486-ec18c0f27e1a,3.0,0.3333333333333333,3.0,5138.13,1712.71,710.451298612368,50,0,1.0,3.0,6.0,1.0,1.0,1.0,3.0,1.0,4.0,2.0,0.6666666666666666,0.3333333333333333,0.3333333333333333,1712.71,2280.48,0.4438346246591659,167.59555555555556,13.0,0.0,2.0,0.6666666666666666,21.0,3.0,61.666666666666664,6,9.0,1,3,2,1,2,47,47,57,0.2807,0.0,0.0921,0.0244,T1,False,none
2fa64d9e-ea20-4240-830a-de056c3927b6,3.0,0.3333333333333333,3.0,6536.66,2178.8866666666668,1790.3135138945172,77,0,2.0,1.5,10.0,2.0,1.0,0.6666666666666666,2.0,1.5,8.0,2.0,1.0,0.6666666666666666,0.3333333333333333,2178.8866666666668,4013.84,0.6140506007655286,120.93388888888889,4.0,0.3333333333333333,1.0,1.0,21.0,2.0,17.0,5,9.0,2,2,1,2,2,47,47,121,0.1433,0.0,0.2418,0.1111,T1,False,none
ffd33dc1-da2d-442c-8b24-85ab7c36cd0e,3.0,0.3333333333333333,2.0,7075.22,2358.4066666666668,1428.5896564910909,79,1,2.0,1.5,11.0,2.0,1.0,0.6666666666666666,2.0,1.5,4.0,2.0,1.0,0.6666666666666666,0.3333333333333333,2358.4066666666668,3260.37,0.46081535273814805,111.40472222222222,2.0,0.0,2.0,0.6666666666666666,20.0,3.0,49.333333333333336,6,9.0,2,2,2,2,2,55,55,86,0.1967,0.0,0.161,0.0515,T1,False,none
3ed614be-518a-42ff-9f23-70d5fb4a903e,1.0,0.1111111111111111,1.0,3811.48,3811.48,0.0,24,1,1.0,1.0,9.0,1.0,1.0,1.0,1.0,1.0,4.0,1.0,1.0,1.0,0.1111111111111111,3811.48,3811.48,1.0,0.0,20.0,0.0,1.0,1.0,22.0,3.0,3.0,3,3.0,1,1,1,1,1,32,32,173,0.0954,0.0,0.2136,0.1548,T1,False,none
8c166da6-43a0-41ae-bf79-a4cd1bdbfe82,5.0,0.5555555555555556,3.0,10094.720000000001,2018.9440000000002,1368.0737794176162,29,0,2.0,2.5,7.0,2.0,1.0,0.8,2.0,2.5,3.0,2.0,1.0,0.6,0.5555555555555556,2018.9440000000002,3877.38,0.3840998066315856,228.14777777777778,12.0,0.0,3.0,0.6,21.0,3.0,59.6,7,15.0,2,2,3,2,2,65,65,121,0.1362,0.0,0.2722,0.12,T1,False,none
2e30323e-5cd5-4fd9-9ba4-b70123ff6833,4.0,0.4444444444444444,4.0,13238.789999999999,3309.6974999999998,2248.4318236551003,29,1,1.0,4.0,5.0,1.0,1.0,1.0,1.0,4.0,4.0,1.0,1.0,1.0,0.4444444444444444,3309.6974999999998,4910.9,0.3709477980993731,213.94,0.0,0.25,2.0,0.75,29.0,0.0,41.75,4,12.0,1,1,2,1,1,53,56,167,0.1063,0.0,0.25,0.1704,T1,False,none
ef68c6ff-7f80-48e3-a47d-d82f437a8479,1.0,0.1111111111111111,1.0,3269.85,3269.85,0.0,15,0,1.0,1.0,5.0,1.0,1.0,1.0,1.0,1.0,4.0,1.0,1.0,1.0,0.1111111111111111,3269.85,3269.85,1.0,0.0,4.0,1.0,1.0,1.0,21.0,3.0,68.0,3,3.0,1,1,1,1,1,27,27,126,0.1498,0.0,0.1572,0.1186,T1,False,none
d370fd7b-3547-4968-a555-ceac5d25c50a,7.0,0.7777777777777778,6.0,15209.3,2172.7571428571428,560.156971979411,28,1,2.0,3.5,6.0,2.0,1.0,0.8571428571428571,2.0,3.5,6.0,2.0,1.0,0.5714285714285714,0.7777777777777778,2172.7571428571428,3050.91,0.20059503067202303,202.4925,2.0,0.14285714285714285,4.0,0.5714285714285714,26.0,3.0,20.142857142857142,8,21.0,2,2,4,2,2,96,98,74,0.2714,0.0,0.1287,0.0855,T1,False,none
54ddf5f3-03af-498c-b35b-19b69567ac01,2.0,0.2222222222222222,2.0,8566.42,4283.21,378.1465644429422,43,0,1.0,2.0,5.0,1.0,1.0,1.0,1.0,2.0,5.0,1.0,1.0,1.0,0.2222222222222222,4283.21,4550.6,0.5312137392282891,11.925,10.0,0.5,1.0,1.0,21.0,1.0,67.0,3,6.0,1,1,1,1,1,28,28,89,0.2028,0.0,0.1043,0.0515,T1,False,none
f840562f-9468-41da-8c32-37867e77fd75,5.0,0.5555555555555556,4.0,10636.41,2127.282,1482.7395351578107,12,0,2.0,2.5,6.0,2.0,1.0,0.8,1.0,5.0,3.0,1.0,1.0,1.0,0.5555555555555556,2127.282,4760.12,0.44753069879780866,184.4477777777778,19.0,0.0,3.0,0.4,29.0,2.0,36.0,6,15.0,2,1,3,2,1,72,73,64,0.3686,0.0,0.1444,0.0659,T1,False,none
5466e55a-4114-448c-b490-24ebbb59b5a2,5.0,0.5555555555555556,4.0,18672.46,3734.4919999999997,894.1592224654399,48,1,2.0,2.5,7.0,2.0,1.0,0.8,3.0,1.6666666666666667,5.0,3.0,1.0,0.6,0.5555555555555556,3734.4919999999997,4897.47,0.2622830628637041,128.27055555555555,8.0,0.2,3.0,0.6,26.0,2.0,19.2,8,15.0,2,3,3,2,3,77,79,65,0.3611,0.0,0.0889,0.0707,T1,False,none
b37aae59-9714-4fce-a11a-ed4df6f0c1a1,2.0,0.2222222222222222,2.0,6240.08,3120.04,231.23805958362462,24,0,2.0,1.0,6.0,2.0,1.0,0.5,1.0,2.0,3.0,1.0,1.0,1.0,0.2222222222222222,3120.04,3283.55,0.5262031897026962,56.32555555555555,13.0,0.0,2.0,0.5,20.0,0.0,48.5,5,6.0,2,1,2,2,1,47,47,121,0.1362,0.0,0.2722,0.12,T1,False,none
60439b52-f5a1-4f1b-8425-533f83d15a4c,8.0,0.8888888888888888,7.0,17079.02,2134.8775,2009.2279765674746,60,0,1.0,8.0,8.0,1.0,1.0,1.0,3.0,2.6666666666666665,7.0,3.0,1.0,0.75,0.8888888888888888,2134.8775,4939.37,0.2892068748675275,187.51194444444445,8.0,0.375,6.0,0.375,29.0,0.0,70.375,10,24.0,1,3,6,1,3,154,158,126,0.1498,0.0,0.1572,0.1186,T1,False,none
b028446d-3f1c-4374-9315-9ed265ef54bf,5.0,0.5555555555555556,4.0,9444.560000000001,1888.9120000000003,1788.4499351729141,65,1,2.0,2.5,11.0,2.0,1.0,0.8,1.0,5.0,2.0,1.0,1.0,1.0,0.5555555555555556,1888.9120000000003,4887.31,0.5174735509118477,193.57777777777778,23.0,0.4,3.0,0.4,25.0,2.0,52.0,6,15.0,2,1,3,2,1,71,71,59,0.3197,0.0,0.1098,0.0978,T1,False,none
a9a2b438-2536-4107-936f-6b1ad7a19264,3.0,0.3333333333333333,3.0,12564.45,4188.150000000001,730.0953311040965,53,1,1.0,3.0,4.0,1.0,1.0,1.0,2.0,1.5,3.0,2.0,1.0,0.6666666666666666,0.3333333333333333,4188.150000000001,4875.3,0.38802335159915474,171.55666666666667,9.0,0.0,2.0,0.6666666666666666,25.0,2.0,35.333333333333336,5,9.0,1,2,2,1,2,51,51,104,0.1637,0.0,0.1654,0.1067,T1,False,none
77516a0c-738b-4c63-8665-db2a2e4ad046,2.0,0.2222222222222222,2.0,6123.07,3061.535,1198.5389230433861,70,0,1.0,2.0,11.0,1.0,1.0,1.0,2.0,1.0,3.0,2.0,1.0,0.5,0.2222222222222222,3061.535,3909.03,0.6384101439310673,172.2761111111111,2.0,0.0,2.0,0.5,25.0,0.0,46.0,5,6.0,1,2,2,1,2,55,55,103,0.2271,0.0,0.2014,0.1192,T1,False,none
db8e433d-84a7-482c-9d2f-0aa4761170b6,4.0,0.4444444444444444,3.0,10585.84,2646.46,2206.651362479659,76,1,1.0,4.0,5.0,1.0,1.0,1.0,2.0,2.0,5.0,2.0,1.0,0.5,0.4444444444444444,2646.46,4715.52,0.4454554385858846,66.41638888888889,23.0,0.5,2.0,0.75,20.0,2.0,25.0,5,12.0,1,2,2,1,2,45,45,118,0.1482,0.0,0.2319,0.119,T1,False,none
8e42dc0f-37c8-4273-9746-43fb16dde419,5.0,0.5555555555555556,3.0,12178.76,2435.752,1865.3408495821886,37,1,2.0,2.5,5.0,2.0,1.0,0.8,2.0,2.5,8.0,2.0,1.0,0.6,0.5555555555555556,2435.752,4819.8,0.39575457599952707,217.23666666666668,6.0,0.0,4.0,0.4,25.0,2.0,39.2,8,15.0,2,2,4,2,2,103,104,126,0.1498,0.0,0.1572,0.1186,T1,False,none
497595b0-dd44-4264-8a13-e405befe7f75,3.0,0.3333333333333333,3.0,3511.5499999999997,1170.5166666666667,1336.4824041615113,75,1,1.0,3.0,10.0,1.0,1.0,1.0,2.0,1.5,4.0,2.0,1.0,0.6666666666666666,0.3333333333333333,1170.5166666666667,2680.54,0.7633495180191084,115.26055555555556,9.0,0.3333333333333333,1.0,1.0,15.0,2.0,27.0,4,9.0,1,2,1,1,2,27,27,167,0.1063,0.0,0.25,0.1704,T1,False,none
318d3e1c-99f5-4e70-9096-b7fd9461ac92,3.0,0.3333333333333333,3.0,6360.66,2120.22,2131.2014679283607,39,0,2.0,1.5,7.0,2.0,1.0,0.6666666666666666,1.0,3.0,6.0,1.0,1.0,1.0,0.3333333333333333,2120.22,4412.14,0.693660720742816,112.87472222222222,0.0,0.3333333333333333,1.0,1.0,21.0,3.0,5.0,4,9.0,2,1,1,2,1,37,37,78,0.2521,0.0,0.1237,0.0763,T1,False,none
770833f4-defc-4873-8eda-92ead5e99358,3.0,0.3333333333333333,3.0,2337.8,779.2666666666668,713.439239902974,24,1,2.0,1.5,7.0,2.0,1.0,0.6666666666666666,1.0,3.0,4.0,1.0,1.0,1.0,0.3333333333333333,779.2666666666668,1602.53,0.6854863546924458,56.35527777777778,7.0,0.3333333333333333,3.0,0.3333333333333333,23.0,0.0,52.666666666666664,6,9.0,2,1,3,2,1,73,73,173,0.0954,0.0,0.2136,0.1548,T1,False,none
f135b54c-19b7-4f42-9eb2-86e22b68cba7,4.0,0.4444444444444444,4.0,13583.59,3395.8975,2089.112098546095,37,0,2.0,2.0,8.0,2.0,1.0,0.5,2.0,2.0,6.0,2.0,1.0,0.5,0.4444444444444444,3395.8975,4703.58,0.34626928521841427,181.13694444444445,0.0,0.25,2.0,0.75,20.0,2.0,80.5,6,12.0,2,2,2,2,2,53,53,173,0.0954,0.0,0.2136,0.1548,T1,False,none
31312779-6fb9-4650-bc2e-e7ecb0ec982a,3.0,0.3333333333333333,2.0,10938.39,3646.1299999999997,1555.6186231850018,26,1,2.0,1.5,8.0,2.0,1.0,0.6666666666666666,2.0,1.5,6.0,2.0,1.0,0.6666666666666666,0.3333333333333333,3646.1299999999997,4906.57,0.44856418540571324,152.4661111111111,9.0,0.0,1.0,1.0,19.0,1.0,54.0,5,9.0,2,2,1,2,2,41,42,57,0.2807,0.0,0.0921,0.0244,T1,False,none
4e327045-fa1f-4590-93d4-213fb2b7ab51,1.0,0.1111111111111111,1.0,965.09,965.09,0.0,38,0,1.0,1.0,7.0,1.0,1.0,1.0,1.0,1.0,7.0,1.0,1.0,1.0,0.1111111111111111,965.09,965.09,1.0,0.0,12.0,0.0,1.0,1.0,20.0,2.0,14.0,3,3.0,1,1,1,1,1,31,31,118,0.1482,0.0,0.2319,0.119,T1,False,none
1ad9a252-7cb0-438c-97e5-2a107b142cd5,3.0,0.3333333333333333,3.0,4957.75,1652.5833333333333,1577.9949620430775,89,0,1.0,3.0,5.0,1.0,1.0,1.0,2.0,1.5,7.0,1.0,0.5,0.6666666666666666,0.3333333333333333,1652.5833333333333,3467.28,0.6993656396550855,194.00444444444443,14.0,0.3333333333333333,2.0,0.6666666666666666,15.0,3.0,56.0,5,9.0,1,2,2,1,1,38,38,59,0.3197,0.0,0.1098,0.0978,T1,False,none
2f55fa65-d7ab-4a29-9cf6-6836a0618ebb,4.0,0.4444444444444444,3.0,11767.34,2941.835,1380.539142328098,85,1,2.0,2.0,9.0,2.0,1.0,0.75,1.0,4.0,4.0,1.0,1.0,1.0,0.4444444444444444,2941.835,4756.14,0.4041814037836928,176.97166666666666,5.0,0.5,1.0,1.0,25.0,0.0,70.0,4,12.0,2,1,1,2,1,38,38,103,0.2271,0.0,0.2014,0.1192,T1,False,none
08d70229-ffbd-457f-8376-7ef5fc584536,3.0,0.3333333333333333,2.0,9956.24,3318.7466666666664,1191.1235808820732,70,0,1.0,3.0,8.0,1.0,1.0,1.0,2.0,1.5,4.0,2.0,1.0,0.6666666666666666,0.3333333333333333,3318.7466666666664,4170.74,0.4189071376342876,30.913333333333334,1.0,0.0,1.0,1.0,25.0,1.0,72.0,4,9.0,1,2,1,1,2,37,37,167,0.1063,0.0,0.25,0.1704,T1,False,none
ca9e2c25-6f0f-47d4-8652-f63f451fa635,4.0,0.4444444444444444,4.0,10964.95,2741.2375,1757.929019962126,22,0,1.0,4.0,7.0,1.0,1.0,1.0,3.0,1.3333333333333333,6.0,3.0,1.0,0.5,0.4444444444444444,2741.2375,4302.7,0.39240489012717794,188.59055555555557,15.0,0.0,4.0,0.25,26.0,3.0,63.75,8,12.0,1,3,4,1,3,94,95,78,0.2521,0.0,0.1237,0.0763,T1,False,none
89c97902-1291-4cb7-92c0-f715e7cf0167,1.0,0.1111111111111111,1.0,460.44,460.44,0.0,59,1,1.0,1.0,13.0,1.0,1.0,1.0,1.0,1.0,6.0,1.0,1.0,1.0,0.1111111111111111,460.44,460.44,1.0,0.0,0.0,1.0,1.0,1.0,18.0,1.0,37.0,3,3.0,1,1,1,1,1,34,34,118,0.1482,0.0,0.2319,0.119,T1,False,none
d00b7538-4d9c-4f24-b3b2-9f7d0251d68e,2.0,0.2222222222222222,1.0,7622.27,3811.135,358.29807709503535,69,1,1.0,2.0,6.0,1.0,1.0,1.0,1.0,2.0,3.0,1.0,1.0,1.0,0.2222222222222222,3811.135,4064.49,0.5332387858210218,8.418055555555556,8.0,0.0,2.0,0.5,21.0,1.0,8.0,4,6.0,1,1,2,1,1,47,47,86,0.1967,0.0,0.161,0.0515,T1,False,none
0b540683-1e24-4dfa-a7c3-330b0a6aeca0,4.0,0.4444444444444444,2.0,13799.7,3449.925,2290.066192267522,42,0,2.0,2.0,8.0,2.0,1.0,0.75,2.0,2.0,2.0,1.0,0.5,0.75,0.4444444444444444,3449.925,4897.27,0.35488235251490974,29.272222222222222,3.0,0.0,1.0,1.0,17.0,0.0,78.0,5,12.0,2,2,1,2,1,29,29,173,0.0954,0.0,0.2136,0.1548,T1,False,none
79139b78-14f7-4053-b53b-15fd1ac56081,5.0,0.5555555555555556,4.0,15653.6,3130.7200000000003,1338.748628794816,56,1,1.0,5.0,11.0,1.0,1.0,1.0,1.0,5.0,2.0,1.0,1.0,1.0,0.5555555555555556,3130.7200000000003,4817.08,0.3077298512802167,137.76833333333335,0.0,0.4,3.0,0.6,23.0,3.0,53.6,5,15.0,1,1,3,1,1,68,70,86,0.1967,0.0,0.161,0.0515,T1,False,none
fccffbca-ec4e-46c5-9a6b-1b354bc9ef2c,2.0,0.2222222222222222,2.0,3558.8399999999997,1779.4199999999998,1317.6793446055074,52,1,1.0,2.0,11.0,1.0,1.0,1.0,1.0,2.0,1.0,0.0,0.0,1.0,0.2222222222222222,1779.4199999999998,2711.16,0.7618100279866473,130.6211111111111,9.0,0.5,2.0,0.5,21.0,2.0,26.5,4,6.0,1,1,2,1,0,48,48,50,0.3086,0.0,0.0411,0.037,T1,False,none
aadf6249-27d7-451a-9bab-2d42d01bd6f4,5.0,0.5555555555555556,4.0,12347.550000000001,2469.51,1741.8599902116127,38,0,2.0,2.5,11.0,2.0,1.0,0.6,1.0,5.0,3.0,1.0,1.0,1.0,0.5555555555555556,2469.51,4839.24,0.3919190446687804,192.68416666666667,10.0,0.2,2.0,0.8,24.0,2.0,44.8,5,15.0,2,1,2,2,1,50,50,59,0.2957,0.0,0.0649,0.0215,T1,False,none
94af4048-7487-4c51-96ea-29b3f77124fe,4.0,0.4444444444444444,3.0,10404.39,2601.0975,1880.9647523079745,84,0,4.0,1.0,14.0,4.0,1.0,0.25,1.0,4.0,7.0,1.0,1.0,1.0,0.4444444444444444,2601.0975,4473.53,0.42996562028143887,82.60138888888889,0.0,0.5,3.0,0.5,29.0,2.0,45.25,8,12.0,4,1,3,4,1,105,107,64,0.3686,0.0,0.1444,0.0659,T1,False,none
47e73198-9493-4be2-a7d4-25ff1890b859,4.0,0.4444444444444444,4.0,11615.09,2903.7725,1745.0728185642188,84,0,1.0,4.0,6.0,1.0,1.0,1.0,2.0,2.0,7.0,2.0,1.0,0.75,0.4444444444444444,2903.7725,4690.54,0.4038315673834641,160.82083333333333,4.0,0.25,2.0,0.5,26.0,0.0,69.0,5,12.0,1,2,2,1,2,56,57,89,0.2028,0.0,0.1043,0.0515,T1,False,none
3539d1b7-f812-4433-a65d-1237c1e28e85,2.0,0.2222222222222222,1.0,2778.5,1389.25,1389.1254137765964,82,1,1.0,2.0,9.0,1.0,1.0,1.0,2.0,1.0,5.0,2.0,1.0,0.5,0.2222222222222222,1389.25,2371.51,0.853521684362066,3.8827777777777777,16.0,0.0,2.0,0.5,18.0,1.0,44.5,5,6.0,1,2,2,1,2,46,46,121,0.1433,0.0,0.2418,0.1111,T1,False,none
98422e8d-f5ff-4b77-a376-878fe7950c64,1.0,0.1111111111111111,1.0,4279.77,4279.77,0.0,37,0,1.0,1.0,7.0,1.0,1.0,1.0,1.0,1.0,2.0,1.0,1.0,1.0,0.1111111111111111,4279.77,4279.77,1.0,0.0,23.0,0.0,1.0,1.0,19.0,3.0,40.0,3,3.0,1,1,1,1,1,25,25,121,0.1362,0.0,0.2722,0.12,T1,False,none
70ae56cb-045d-47c6-8764-b2da7eb2abfa,5.0,0.5555555555555556,4.0,14973.589999999998,2994.718,2049.5967223139287,69,1,2.0,2.5,9.0,2.0,1.0,0.8,2.0,2.5,4.0,2.0,1.0,0.8,0.5555555555555556,2994.718,4999.44,0.33388385817963495,129.59722222222223,10.0,0.2,2.0,0.6,25.0,2.0,10.6,6,15.0,2,2,2,2,2,48,48,104,0.1637,0.0,0.1654,0.1067,T1,False,none
9a14b368-6e37-4253-8e31-c6ce6cd1d75b,2.0,0.2222222222222222,2.0,7907.110000000001,3953.5550000000003,335.85450786017446,13,0,2.0,1.0,4.0,2.0,1.0,0.5,2.0,1.0,4.0,2.0,1.0,0.5,0.2222222222222222,3953.5550000000003,4191.04,0.5300343614797315,38.24666666666667,6.0,1.0,2.0,0.5,29.0,2.0,26.5,6,6.0,2,2,2,2,2,60,60,64,0.3686,0.0,0.1444,0.0659,T1,False,none
8bb38345-7e88-4a39-b216-0df67a1749b7,6.0,0.6666666666666666,5.0,18455.14,3075.8566666666666,1533.5731817773376,53,0,2.0,3.0,6.0,2.0,1.0,0.8333333333333334,2.0,3.0,5.0,2.0,1.0,0.5,0.6666666666666666,3075.8566666666666,4794.54,0.2597942903711378,175.28166666666667,10.0,0.16666666666666666,4.0,0.5,30.0,2.0,46.166666666666664,8,18.0,2,2,4,2,2,92,92,66,0.3865,0.0,0.1807,0.0805,T1,False,none
33afb869-7c55-43e6-8584-b24811d20b20,2.0,0.2222222222222222,2.0,6345.88,3172.94,2202.722476209838,19,0,1.0,2.0,4.0,1.0,1.0,1.0,2.0,1.0,6.0,2.0,1.0,0.5,0.2222222222222222,3172.94,4730.5,0.7454442882626208,122.73388888888888,14.0,0.0,1.0,1.0,17.0,0.0,15.0,4,6.0,1,2,1,1,2,26,26,173,0.0954,0.0,0.2136,0.1548,T1,False,none
358f33e5-df79-49a8-878c-8540e8815de5,2.0,0.2222222222222222,2.0,8937.14,4468.57,128.89142407468339,52,0,2.0,1.0,10.0,2.0,1.0,0.5,1.0,2.0,3.0,1.0,1.0,1.0,0.2222222222222222,4468.57,4559.71,0.5101978932857716,122.93388888888889,15.0,0.5,2.0,0.5,21.0,3.0,57.0,5,6.0,2,1,2,2,1,50,52,121,0.1362,0.0,0.2722,0.12,T1,False,none
78b79927-6d2d-4d8a-b3d5-bf48e5f23a99,2.0,0.2222222222222222,2.0,4032.06,2016.03,64.88411824167743,19,1,1.0,2.0,8.0,1.0,1.0,1.0,1.0,2.0,7.0,1.0,1.0,1.0,0.2222222222222222,2016.03,2061.91,0.5113787989266032,44.92527777777778,2.0,0.0,2.0,0.5,20.0,1.0,56.0,4,6.0,1,1,2,1,1,50,50,121,0.1362,0.0,0.2722,0.12,T1,False,none
4d187604-0aec-4e1d-abf8-c6dbba98795f,3.0,0.3333333333333333,3.0,1475.9599999999998,491.9866666666666,694.7428453991687,40,1,1.0,3.0,6.0,1.0,1.0,1.0,2.0,1.5,5.0,2.0,1.0,0.6666666666666666,0.3333333333333333,491.9866666666666,1292.57,0.8757486652754818,29.489444444444445,3.0,0.3333333333333333,1.0,1.0,26.0,2.0,11.0,4,9.0,1,2,1,1,2,35,36,65,0.3611,0.0,0.0889,0.0707,T1,False,none
b57aefa9-2d57-479d-95c7-4d449f00d96d,3.0,0.3333333333333333,3.0,7337.59,2445.8633333333332,2072.09801125172,39,1,1.0,3.0,9.0,1.0,1.0,1.0,1.0,3.0,3.0,1.0,1.0,1.0,0.3333333333333333,2445.8633333333332,4521.28,0.6161805170362475,186.37722222222223,10.0,0.0,1.0,1.0,20.0,2.0,18.0,3,9.0,1,1,1,1,1,29,29,50,0.3086,0.0,0.0411,0.037,T1,False,none
c22cef2b-b758-433e-978d-6c421f517ceb,4.0,0.4444444444444444,3.0,11825.18,2956.295,1856.874515568208,25,1,3.0,1.3333333333333333,10.0,3.0,1.0,0.5,1.0,4.0,5.0,1.0,1.0,1.0,0.4444444444444444,2956.295,4763.71,0.4028446078622059,164.65916666666666,2.0,0.0,3.0,0.5,22.0,1.0,41.75,7,12.0,3,1,3,3,1,80,81,167,0.1063,0.0,0.25,0.1704,T1,False,none
157f566c-f472-4be5-9388-316fb789e731,5.0,0.5555555555555556,5.0,11283.86,2256.772,1484.7299662127118,84,1,3.0,1.6666666666666667,11.0,3.0,1.0,0.4,2.0,2.5,8.0,2.0,1.0,0.6,0.5555555555555556,2256.772,4452.89,0.394624711756438,183.10972222222222,2.0,0.2,2.0,0.8,25.0,2.0,41.4,7,15.0,3,2,2,3,2,78,78,143,0.1277,0.0,0.241,0.0927,T1,False,none
f48e2081-8133-4505-af4f-cf986663ad2b,2.0,0.2222222222222222,2.0,6069.64,3034.82,2770.769637808239,89,0,2.0,1.0,7.0,2.0,1.0,0.5,1.0,2.0,7.0,1.0,1.0,1.0,0.2222222222222222,3034.82,4994.05,0.8227917965480654,24.775277777777777,6.0,0.0,2.0,0.5,19.0,1.0,65.0,5,6.0,2,1,2,2,1,52,52,121,0.1362,0.0,0.2722,0.12,T1,False,none
798832aa-07da-4a4c-b924-a504504cf397,4.0,0.4444444444444444,4.0,12059.800000000001,3014.9500000000003,1869.33707682697,42,0,2.0,2.0,10.0,2.0,1.0,0.75,1.0,4.0,2.0,1.0,1.0,1.0,0.4444444444444444,3014.9500000000003,4611.02,0.38234630756728966,191.59972222222223,9.0,0.25,1.0,1.0,23.0,1.0,49.0,4,12.0,2,1,1,2,1,38,39,121,0.1433,0.0,0.2418,0.1111,T1,False,none
61088bcb-f920-414e-a165-adb12f29d55f,4.0,0.4444444444444444,3.0,12852.96,3213.24,1331.8831608665982,34,1,2.0,2.0,5.0,2.0,1.0,0.75,3.0,1.3333333333333333,9.0,3.0,1.0,0.5,0.4444444444444444,3213.24,4641.59,0.36113004319627545,57.53944444444444,15.0,0.25,2.0,0.75,25.0,2.0,34.25,7,12.0,2,3,2,2,3,69,69,118,0.1482,0.0,0.2319,0.119,T1,False,none
49fc7724-b5bd-4f4f-a913-9fdd4299975c,6.0,0.6666666666666666,5.0,11551.19,1925.1983333333335,1502.7814684566304,10,1,2.0,3.0,8.0,2.0,1.0,0.8333333333333334,2.0,3.0,3.0,2.0,1.0,0.8333333333333334,0.6666666666666666,1925.1983333333335,4829.09,0.4180599574589285,210.6963888888889,20.0,0.16666666666666666,2.0,0.5,22.0,0.0,16.0,6,18.0,2,2,2,2,2,53,53,167,0.1063,0.0,0.25,0.1704,T1,False,none
0101e3a5-74c3-46a4-a674-3cf0723c78cd,2.0,0.2222222222222222,2.0,5562.14,2781.07,1000.8813644983106,33,0,2.0,1.0,8.0,2.0,1.0,0.5,2.0,1.0,5.0,2.0,1.0,0.5,0.2222222222222222,2781.07,3488.8,0.6272405944474608,155.66722222222222,6.0,0.0,2.0,0.5,19.0,3.0,54.0,6,6.0,2,2,2,2,2,50,50,121,0.1362,0.0,0.2722,0.12,T1,False,none
bf798db2-8d31-4991-b93f-acc9c7e8ffbd,3.0,0.3333333333333333,2.0,7952.3099999999995,2650.77,1658.5504333905558,85,1,1.0,3.0,6.0,1.0,1.0,1.0,1.0,3.0,4.0,1.0,1.0,1.0,0.3333333333333333,2650.77,4436.92,0.5579410259408901,127.70194444444445,11.0,0.0,1.0,1.0,24.0,0.0,51.0,3,9.0,1,1,1,1,1,31,31,89,0.2028,0.0,0.1043,0.0515,T1,False,none
d6e8b376-a00e-4c15-ad1d-b1bd5f3fcfee,5.0,0.5555555555555556,3.0,9423.16,1884.632,1983.7748421935387,30,1,1.0,5.0,5.0,1.0,1.0,1.0,2.0,2.5,5.0,2.0,1.0,0.6,0.5555555555555556,1884.632,4882.73,0.5181626970145895,97.30583333333334,7.0,0.6,2.0,0.8,20.0,2.0,58.6,5,15.0,1,2,2,1,2,47,48,74,0.2714,0.0,0.1287,0.0855,T1,False,none
981bfbba-4015-4488-be74-0a6beaf3ab34,1.0,0.1111111111111111,1.0,2320.41,2320.41,0.0,19,0,1.0,1.0,7.0,1.0,1.0,1.0,1.0,1.0,3.0,1.0,1.0,1.0,0.1111111111111111,2320.41,2320.41,1.0,0.0,11.0,1.0,1.0,1.0,23.0,2.0,69.0,3,3.0,1,1,1,1,1,30,30,173,0.0954,0.0,0.2136,0.1548,T1,False,none
1a4e71b9-208e-4bdb-8928-64b00377e383,3.0,0.3333333333333333,3.0,4723.86,1574.62,1264.6431810198478,63,1,2.0,1.5,7.0,2.0,1.0,0.6666666666666666,1.0,3.0,5.0,1.0,1.0,1.0,0.3333333333333333,1574.62,2985.91,0.6320911288649537,59.147777777777776,3.0,0.3333333333333333,3.0,0.3333333333333333,25.0,0.0,32.333333333333336,6,9.0,2,1,3,2,1,69,69,104,0.1637,0.0,0.1654,0.1067,T1,False,none
a341a9e2-77fd-4c39-88b1-32d14fdf062f,3.0,0.3333333333333333,2.0,4319.68,1439.8933333333334,662.4678108658061,32,1,1.0,3.0,9.0,1.0,1.0,1.0,1.0,3.0,3.0,1.0,1.0,1.0,0.3333333333333333,1439.8933333333334,2198.71,0.5089983517297577,27.844166666666666,8.0,0.0,1.0,1.0,25.0,0.0,70.0,3,9.0,1,1,1,1,1,34,34,103,0.2271,0.0,0.2014,0.1192,T1,False,none
2f25402a-336f-46d0-a007-c418c1b1718f,5.0,0.5555555555555556,3.0,16921.29,3384.2580000000003,1456.560659814757,26,1,2.0,2.5,5.0,2.0,1.0,0.8,1.0,5.0,4.0,1.0,1.0,1.0,0.5555555555555556,3384.2580000000003,4997.51,0.2953385941615562,149.86277777777778,5.0,0.2,1.0,1.0,20.0,3.0,11.0,4,15.0,2,1,1,2,1,29,29,121,0.1362,0.0,0.2722,0.12,T1,False,none
8de5a4ad-36a6-4a09-8649-deef8ee188ab,1.0,0.1111111111111111,1.0,997.83,997.83,0.0,52,1,1.0,1.0,13.0,1.0,1.0,1.0,1.0,1.0,3.0,1.0,1.0,1.0,0.1111111111111111,997.83,997.83,1.0,0.0,13.0,0.0,1.0,1.0,23.0,3.0,77.0,3,3.0,1,1,1,1,1,36,36,86,0.1967,0.0,0.161,0.0515,T1,False,none
ed2e32cd-e6e9-43cf-a011-5e373474a57c,0.0,0.0,0.0,0.0,0.0,0.0,50,1,0.0,0.0,0.0,0.0,0.0,0.0,0.0,0.0,0.0,0.0,0.0,0.0,0.0,0.0,0.0,0.0,0.0,0.0,0.0,0.0,0.0,0.0,0.0,0.0,0,0.0,0,0,0,0,0,0,0,1,0.0,0.0,0.0,0.0,T1,False,none
1ee44f22-b9c4-46c1-8912-0e7f74c3b086,2.0,0.2222222222222222,2.0,4717.88,2358.94,2083.546699308657,89,1,1.0,2.0,2.0,1.0,1.0,1.0,2.0,1.0,6.0,2.0,1.0,0.5,0.2222222222222222,2358.94,3832.23,0.8122779723095966,75.35055555555556,5.0,0.0,2.0,0.5,23.0,3.0,69.0,5,6.0,1,2,2,1,2,50,50,86,0.1967,0.0,0.161,0.0515,T1,False,none
334056d7-95f0-4541-9ef2-2347a80b28cf,3.0,0.3333333333333333,2.0,9726.07,3242.023333333333,2644.1323593446173,39,0,2.0,1.5,11.0,2.0,1.0,0.6666666666666666,2.0,1.5,6.0,2.0,1.0,0.6666666666666666,0.3333333333333333,3242.023333333333,4976.91,0.5117082233625709,28.58416666666667,2.0,0.3333333333333333,2.0,0.6666666666666666,15.0,2.0,36.0,6,9.0,2,2,2,2,2,53,56,118,0.1482,0.0,0.2319,0.119,T1,False,none
917c935d-582d-4f2c-b79b-b8894c620a53,1.0,0.1111111111111111,1.0,138.99,138.99,0.0,52,1,1.0,1.0,7.0,1.0,1.0,1.0,1.0,1.0,6.0,1.0,1.0,1.0,0.1111111111111111,138.99,138.99,1.0,0.0,7.0,0.0,1.0,1.0,11.0,3.0,9.0,3,3.0,1,1,1,1,1,21,21,50,0.3086,0.0,0.0411,0.037,T1,False,none
358af0b3-3e67-43e5-868d-dfe06a68bd3d,2.0,0.2222222222222222,2.0,7601.360000000001,3800.6800000000003,94.51189237339432,57,1,2.0,1.0,7.0,2.0,1.0,0.5,1.0,2.0,5.0,1.0,1.0,1.0,0.2222222222222222,3800.6800000000003,3867.51,0.5087918477746087,133.7938888888889,12.0,1.0,2.0,0.5,19.0,1.0,28.0,5,6.0,2,1,2,2,1,42,43,121,0.1362,0.0,0.2722,0.12,T1,False,none
010052de-305b-43b2-b23d-b293d1c71a07,4.0,0.4444444444444444,4.0,5452.5199999999995,1363.1299999999999,1162.7348893592784,39,1,2.0,2.0,5.0,2.0,1.0,0.75,1.0,4.0,2.0,1.0,1.0,1.0,0.4444444444444444,1363.1299999999999,2702.43,0.4956295437705868,223.82694444444445,1.0,0.0,2.0,0.75,19.0,3.0,45.5,5,12.0,2,1,2,2,1,42,42,86,0.1967,0.0,0.161,0.0515,T1,False,none
5163d042-fd50-4eea-bb29-6e920be89699,4.0,0.4444444444444444,4.0,13510.289999999999,3377.5724999999998,2165.8156664618687,52,1,3.0,1.3333333333333333,9.0,3.0,1.0,0.5,1.0,4.0,4.0,1.0,1.0,1.0,0.4444444444444444,3377.5724999999998,4895.61,0.3623615777307519,183.86416666666668,7.0,0.0,3.0,0.5,23.0,1.0,29.0,7,12.0,3,1,3,3,1,77,78,74,0.2714,0.0,0.1287,0.0855,T1,False,none
9cf59ee5-db3e-4b7a-9dc3-4a09dadc7f5c,3.0,0.3333333333333333,3.0,11042.91,3680.97,714.9891604772761,21,0,2.0,1.5,7.0,2.0,1.0,0.6666666666666666,2.0,1.5,4.0,2.0,1.0,0.6666666666666666,0.3333333333333333,3680.97,4197.37,0.38009636952578624,139.5986111111111,13.0,0.0,3.0,0.3333333333333333,19.0,0.0,4.0,7,9.0,2,2,3,2,2,60,61,126,0.1498,0.0,0.1572,0.1186,T1,False,none
9c8e44a8-2263-4587-802e-ac511cbf06dd,5.0,0.5555555555555556,4.0,14369.27,2873.8540000000003,1427.4519750695642,67,1,1.0,5.0,10.0,1.0,1.0,1.0,2.0,2.5,7.0,2.0,1.0,0.8,0.5555555555555556,2873.8540000000003,4303.21,0.2994731117168791,109.7213888888889,2.0,0.4,1.0,1.0,22.0,1.0,53.0,4,15.0,1,2,1,1,2,38,38,50,0.3086,0.0,0.0411,0.037,T1,False,none
7c03621f-31c2-43a0-9c4c-ab1f2e8a78f7,3.0,0.3333333333333333,2.0,7407.7699999999995,2469.2566666666667,1467.168138705763,43,0,2.0,1.5,9.0,2.0,1.0,0.6666666666666666,2.0,1.5,12.0,2.0,1.0,0.6666666666666666,0.3333333333333333,2469.2566666666667,4063.02,0.5484808518623013,51.286944444444444,1.0,0.3333333333333333,2.0,0.6666666666666666,24.0,3.0,20.0,6,9.0,2,2,2,2,2,70,70,126,0.1498,0.0,0.1572,0.1186,T1,False,none
343528f9-70c3-45a8-8856-c0f93d9a9a11,5.0,0.5555555555555556,5.0,11194.61,2238.922,1620.4038713758987,10,1,3.0,1.6666666666666667,11.0,3.0,1.0,0.4,4.0,1.25,6.0,3.0,0.75,0.4,0.5555555555555556,2238.922,3758.2,0.3357151343369711,135.75861111111112,4.0,0.4,2.0,0.6,29.0,2.0,58.8,9,15.0,3,4,2,3,3,73,75,103,0.2271,0.0,0.2014,0.1192,T1,False,none
f6b8b817-9965-45ba-babc-f1b2643966dd,2.0,0.2222222222222222,2.0,6312.16,3156.08,2459.5719434080397,87,0,1.0,2.0,11.0,1.0,1.0,1.0,1.0,2.0,4.0,1.0,1.0,1.0,0.2222222222222222,3156.08,4895.26,0.7755285037134674,93.42388888888888,1.0,0.5,2.0,0.5,19.0,1.0,67.5,4,6.0,1,1,2,1,1,47,47,173,0.0954,0.0,0.2136,0.1548,T1,False,none
6eb920c8-39d4-4e21-818d-3b58b2bfa653,5.0,0.5555555555555556,3.0,17021.46,3404.292,915.9281480935064,80,1,3.0,1.6666666666666667,7.0,3.0,1.0,0.6,2.0,2.5,6.0,2.0,1.0,0.6,0.5555555555555556,3404.292,4437.84,0.2607202907388673,39.3475,15.0,0.6,3.0,0.4,19.0,1.0,58.8,8,15.0,3,2,3,3,2,76,76,103,0.2271,0.0,0.2014,0.1192,T1,False,none
5b93721c-d615-43b1-84c0-5168fe95354e,1.0,0.1111111111111111,1.0,1520.8,1520.8,0.0,49,1,1.0,1.0,9.0,1.0,1.0,1.0,1.0,1.0,2.0,1.0,1.0,1.0,0.1111111111111111,1520.8,1520.8,1.0,0.0,5.0,1.0,1.0,1.0,14.0,2.0,25.0,3,3.0,1,1,1,1,1,22,22,104,0.1637,0.0,0.1654,0.1067,T1,False,none
535df82a-8880-4871-af67-302967204097,3.0,0.3333333333333333,3.0,6160.139999999999,2053.3799999999997,773.0271923418993,83,0,2.0,1.5,6.0,2.0,1.0,0.6666666666666666,2.0,1.5,3.0,2.0,1.0,0.6666666666666666,0.3333333333333333,2053.3799999999997,2894.77,0.46991951481622174,166.0561111111111,1.0,0.0,1.0,1.0,19.0,2.0,73.0,5,9.0,2,2,1,2,2,28,28,59,0.2957,0.0,0.0649,0.0215,T1,False,none
dd727656-b5eb-4a4f-9237-9a50f57fef91,3.0,0.3333333333333333,3.0,5653.389999999999,1884.4633333333331,1989.3056178057036,63,0,1.0,3.0,5.0,1.0,1.0,1.0,1.0,3.0,6.0,1.0,1.0,1.0,0.3333333333333333,1884.4633333333331,4166.69,0.7370250416122008,87.15861111111111,8.0,0.3333333333333333,2.0,0.6666666666666666,20.0,2.0,76.0,4,9.0,1,1,2,1,1,40,40,173,0.0954,0.0,0.2136,0.1548,T1,False,none
2e9ab4e9-0061-4c8a-9e5d-d70cf83489c6,3.0,0.3333333333333333,3.0,7477.11,2492.37,1366.2927407038362,26,1,2.0,1.5,9.0,2.0,1.0,0.6666666666666666,2.0,1.5,3.0,2.0,1.0,0.6666666666666666,0.3333333333333333,2492.37,3538.16,0.47319886961673696,199.75305555555556,2.0,0.3333333333333333,2.0,0.6666666666666666,18.0,1.0,42.666666666666664,6,9.0,2,2,2,2,2,47,48,118,0.1482,0.0,0.2319,0.119,T1,False,none
655d4e3c-1444-4da9-a7d4-3fa6f75daef2,3.0,0.3333333333333333,2.0,11876.09,3958.6966666666667,1252.6788251716134,46,1,1.0,3.0,8.0,1.0,1.0,1.0,1.0,3.0,2.0,1.0,1.0,1.0,0.3333333333333333,3958.6966666666667,4772.27,0.40183848387811144,98.87222222222222,6.0,0.6666666666666666,2.0,0.6666666666666666,18.0,0.0,30.333333333333332,4,9.0,1,1,2,1,1,36,37,126,0.1498,0.0,0.1572,0.1186,T1,False,none
607db3ab-85f8-4485-84d2-af7c07df1d86,4.0,0.4444444444444444,3.0,5678.41,1419.6025,1913.832997231385,43,1,2.0,2.0,9.0,2.0,1.0,0.75,1.0,4.0,6.0,1.0,1.0,1.0,0.4444444444444444,1419.6025,4278.07,0.7533922347981212,84.24305555555556,0.0,0.0,2.0,0.75,23.0,3.0,74.0,5,12.0,2,1,2,2,1,62,62,167,0.1063,0.0,0.25,0.1704,T1,False,none
080e72ac-829e-46ee-b70f-8e253e05c106,2.0,0.2222222222222222,2.0,1577.67,788.835,461.8043677251224,47,1,2.0,1.0,9.0,2.0,1.0,0.5,2.0,1.0,4.0,2.0,1.0,0.5,0.2222222222222222,788.835,1115.38,0.7069792795705059,38.602777777777774,2.0,0.0,1.0,1.0,19.0,1.0,86.0,5,6.0,2,2,1,2,2,37,38,121,0.1362,0.0,0.2722,0.12,T1,False,none
682efcbc-2e64-44ef-8c78-6e5d9ae592f0,4.0,0.4444444444444444,4.0,11904.58,2976.145,919.8138867727534,55,1,2.0,2.0,6.0,2.0,1.0,0.5,1.0,4.0,2.0,1.0,1.0,1.0,0.4444444444444444,2976.145,3986.91,0.3349055573569164,195.3875,2.0,0.5,2.0,0.75,21.0,3.0,40.5,5,12.0,2,1,2,2,1,44,44,118,0.1482,0.0,0.2319,0.119,T1,False,none
dd61833d-277d-4369-9942-3fe4201afed0,1.0,0.1111111111111111,1.0,1201.6,1201.6,0.0,20,0,1.0,1.0,4.0,1.0,1.0,1.0,1.0,1.0,5.0,1.0,1.0,1.0,0.1111111111111111,1201.6,1201.6,1.0,0.0,19.0,1.0,1.0,1.0,19.0,3.0,88.0,3,3.0,1,1,1,1,1,25,25,86,0.1967,0.0,0.161,0.0515,T1,False,none
47d9b92e-86cf-43aa-bb36-e2c93b104f75,0.0,0.0,0.0,0.0,0.0,0.0,48,1,0.0,0.0,0.0,0.0,0.0,0.0,0.0,0.0,0.0,0.0,0.0,0.0,0.0,0.0,0.0,0.0,0.0,0.0,0.0,0.0,0.0,0.0,0.0,0.0,0,0.0,0,0,0,0,0,0,0,1,0.0,0.0,0.0,0.0,T1,False,none
4c2c1691-e9e8-49a3-afbb-f23997fef80f,5.0,0.5555555555555556,5.0,15302.25,3060.45,1765.5086036182322,52,1,3.0,1.6666666666666667,9.0,3.0,1.0,0.4,1.0,5.0,3.0,1.0,1.0,1.0,0.5555555555555556,3060.45,4652.05,0.3040108480778971,140.0063888888889,2.0,0.2,3.0,0.4,23.0,0.0,30.2,7,15.0,3,1,3,3,1,82,84,121,0.1433,0.0,0.2418,0.1111,T1,False,none
34b890f9-ed0d-4ce8-afd5-9832b6dc1cdf,4.0,0.4444444444444444,4.0,9635.14,2408.785,1596.4618888341806,79,1,1.0,4.0,6.0,1.0,1.0,1.0,2.0,2.0,7.0,2.0,1.0,0.5,0.4444444444444444,2408.785,4448.13,0.46165701795718594,103.90805555555555,0.0,0.0,3.0,0.5,23.0,1.0,43.0,6,12.0,1,2,3,1,2,75,76,66,0.3865,0.0,0.1807,0.0805,T1,False,none
5c2a709f-51ff-4c72-9f33-79fa8f04edb4,3.0,0.3333333333333333,3.0,5613.49,1871.1633333333332,713.628600206952,87,0,1.0,3.0,6.0,1.0,1.0,1.0,1.0,3.0,3.0,1.0,1.0,1.0,0.3333333333333333,1871.1633333333332,2690.55,0.4793007558577641,115.62444444444445,0.0,0.3333333333333333,2.0,0.6666666666666666,26.0,1.0,71.0,4,9.0,1,1,2,1,1,50,51,89,0.2028,0.0,0.1043,0.0515,T1,False,none
acae65c9-b530-48fa-a9b7-9809077b1a88,4.0,0.4444444444444444,3.0,11542.210000000001,2885.5525000000002,1944.8355877104368,48,1,1.0,4.0,5.0,1.0,1.0,1.0,1.0,4.0,4.0,1.0,1.0,1.0,0.4444444444444444,2885.5525000000002,4318.89,0.37418224066275,130.90416666666667,3.0,0.5,2.0,0.75,25.0,2.0,46.25,4,12.0,1,1,2,1,1,51,51,143,0.1277,0.0,0.241,0.0927,T1,False,none
3497f646-12b3-4da2-bc09-4da4a6ab2b67,4.0,0.4444444444444444,4.0,4450.44,1112.61,984.6239859289772,12,1,1.0,4.0,7.0,1.0,1.0,1.0,2.0,2.0,5.0,2.0,1.0,0.75,0.4444444444444444,1112.61,2036.08,0.4575008313784705,213.16972222222222,14.0,0.0,1.0,1.0,19.0,0.0,5.0,4,12.0,1,2,1,1,2,27,29,126,0.1498,0.0,0.1572,0.1186,T1,False,none
96615154-f935-4917-a233-5a2273c0ff98,2.0,0.2222222222222222,2.0,5313.07,2656.535,1209.4707938805302,49,1,1.0,2.0,7.0,1.0,1.0,1.0,1.0,2.0,2.0,1.0,1.0,1.0,0.2222222222222222,2656.535,3511.76,0.6609662586790689,108.18444444444444,6.0,0.5,1.0,1.0,22.0,2.0,57.0,3,6.0,1,1,1,1,1,28,28,59,0.2957,0.0,0.0649,0.0215,T1,False,none
1e61e08f-46ae-4592-8ab8-8a13ea7de8f4,1.0,0.1111111111111111,1.0,1901.52,1901.52,0.0,21,0,1.0,1.0,5.0,1.0,1.0,1.0,1.0,1.0,6.0,1.0,1.0,1.0,0.1111111111111111,1901.52,1901.52,1.0,0.0,4.0,0.0,1.0,1.0,20.0,0.0,11.0,3,3.0,1,1,1,1,1,28,28,126,0.1498,0.0,0.1572,0.1186,T1,False,none
096b02c1-fb53-4d2f-ac16-01bb6f5ce2df,6.0,0.6666666666666666,5.0,10835.41,1805.9016666666666,1006.2506209372825,79,0,2.0,3.0,12.0,2.0,1.0,0.8333333333333334,2.0,3.0,3.0,1.0,0.5,0.8333333333333334,0.6666666666666666,1805.9016666666666,3082.74,0.28450607775801745,198.60583333333332,8.0,0.16666666666666666,6.0,0.16666666666666666,26.0,2.0,39.666666666666664,10,18.0,2,2,6,2,1,141,142,78,0.2521,0.0,0.1237,0.0763,T1,False,none
7e172bd6-6907-44fa-88dc-6f0d36da7911,5.0,0.5555555555555556,4.0,11490.04,2298.0080000000003,988.2205139137722,75,1,3.0,1.6666666666666667,8.0,3.0,1.0,0.4,1.0,5.0,7.0,1.0,1.0,1.0,0.5555555555555556,2298.0080000000003,3438.62,0.29926962830416604,207.2186111111111,4.0,0.0,1.0,1.0,21.0,2.0,73.0,5,15.0,3,1,1,3,1,42,42,167,0.1063,0.0,0.25,0.1704,T1,False,none
f876a4a7-848d-440b-9a70-0200c1ac3226,2.0,0.2222222222222222,2.0,6406.85,3203.425,1715.7309649388508,86,1,1.0,2.0,9.0,1.0,1.0,1.0,1.0,2.0,2.0,1.0,1.0,1.0,0.2222222222222222,3203.425,4416.63,0.6893606062261486,108.5436111111111,10.0,0.0,2.0,0.5,24.0,0.0,46.5,4,6.0,1,1,2,1,1,48,50,121,0.1362,0.0,0.2722,0.12,T1,False,none
9748d883-2e16-4f83-90bf-04bd5a98c6a9,4.0,0.4444444444444444,3.0,10236.64,2559.16,1601.413778093178,40,0,1.0,4.0,11.0,1.0,1.0,1.0,2.0,2.0,3.0,2.0,1.0,0.5,0.4444444444444444,2559.16,4735.63,0.46261566295190615,98.09222222222222,16.0,0.25,2.0,0.75,18.0,2.0,21.5,5,12.0,1,2,2,1,2,41,41,173,0.0954,0.0,0.2136,0.1548,T1,False,none
0a85afbc-21e4-4a2e-87e7-28d4050e3b1d,5.0,0.5555555555555556,4.0,7381.57,1476.3139999999999,932.4501653868695,66,0,2.0,2.5,7.0,2.0,1.0,0.8,2.0,2.5,5.0,2.0,1.0,0.8,0.5555555555555556,1476.3139999999999,2642.25,0.3579523055393365,89.41694444444444,0.0,0.4,4.0,0.4,22.0,0.0,47.0,8,15.0,2,2,4,2,2,87,88,104,0.1637,0.0,0.1654,0.1067,T1,False,none
d6f8b940-fe74-4539-9185-bfb66f40e7b9,5.0,0.5555555555555556,4.0,8855.539999999999,1771.1079999999997,1461.5842962586864,70,0,3.0,1.6666666666666667,7.0,3.0,1.0,0.6,2.0,2.5,3.0,2.0,1.0,0.6,0.5555555555555556,1771.1079999999997,3511.94,0.39658112322907474,81.56138888888889,0.0,0.6,3.0,0.6,19.0,1.0,70.6,8,15.0,3,2,3,3,2,66,66,167,0.1063,0.0,0.25,0.1704,T1,False,none
a4c37c7b-7b6b-4073-bd5e-750ac6d27872,3.0,0.3333333333333333,3.0,10516.08,3505.36,316.82352248531055,11,1,2.0,1.5,7.0,2.0,1.0,0.6666666666666666,1.0,3.0,6.0,1.0,1.0,1.0,0.3333333333333333,3505.36,3783.84,0.3598146837985257,66.68611111111112,0.0,0.6666666666666666,2.0,0.6666666666666666,24.0,1.0,61.666666666666664,5,9.0,2,1,2,2,1,59,59,89,0.2028,0.0,0.1043,0.0515,T1,False,none
08ab88ff-10ae-41e8-846b-03061b420ec5,5.0,0.5555555555555556,4.0,9394.09,1878.818,1777.6976607173674,25,0,1.0,5.0,6.0,1.0,1.0,1.0,4.0,1.25,8.0,4.0,1.0,0.4,0.5555555555555556,1878.818,4342.51,0.46225978248026156,200.175,9.0,0.2,3.0,0.6,20.0,3.0,42.0,8,15.0,1,4,3,1,4,62,65,173,0.0954,0.0,0.2136,0.1548,T1,False,none
bd985f70-4504-4dfb-895f-fb1366e43efb,1.0,0.1111111111111111,1.0,3541.14,3541.14,0.0,70,0,1.0,1.0,11.0,1.0,1.0,1.0,1.0,1.0,7.0,1.0,1.0,1.0,0.1111111111111111,3541.14,3541.14,1.0,0.0,12.0,1.0,1.0,1.0,27.0,1.0,88.0,3,3.0,1,1,1,1,1,42,42,126,0.1498,0.0,0.1572,0.1186,T1,False,none
06c3554d-e091-4154-bb5f-fb6c38845cc1,5.0,0.5555555555555556,4.0,9692.93,1938.586,1518.7304731682973,71,0,2.0,2.5,5.0,2.0,1.0,0.6,1.0,5.0,3.0,1.0,1.0,1.0,0.5555555555555556,1938.586,4221.13,0.43548545176742226,108.81666666666666,0.0,0.0,3.0,0.6,22.0,1.0,19.4,6,15.0,2,1,3,2,1,64,65,86,0.1967,0.0,0.161,0.0515,T1,False,none
723e0eab-5295-442e-a507-fd902ab9f3d0,1.0,0.1111111111111111,1.0,434.97,434.97,0.0,17,0,1.0,1.0,11.0,1.0,1.0,1.0,1.0,1.0,8.0,1.0,1.0,1.0,0.1111111111111111,434.97,434.97,1.0,0.0,11.0,1.0,1.0,1.0,23.0,1.0,46.0,3,3.0,1,1,1,1,1,39,39,59,0.3197,0.0,0.1098,0.0978,T1,False,none
217638f5-db3f-485d-8e99-b84a498bbe4b,2.0,0.2222222222222222,2.0,3214.42,1607.21,932.5465651644427,50,1,2.0,1.0,9.0,2.0,1.0,0.5,1.0,2.0,3.0,1.0,1.0,1.0,0.2222222222222222,1607.21,2266.62,0.7051412074340004,85.58555555555556,10.0,0.5,2.0,0.5,22.0,0.0,53.5,5,6.0,2,1,2,2,1,49,51,167,0.1063,0.0,0.25,0.1704,T1,False,none
6e150979-7406-4ca9-a6f6-64b4fb24e2d5,1.0,0.1111111111111111,1.0,767.93,767.93,0.0,85,1,1.0,1.0,7.0,1.0,1.0,1.0,1.0,1.0,5.0,1.0,1.0,1.0,0.1111111111111111,767.93,767.93,1.0,0.0,4.0,0.0,1.0,1.0,15.0,3.0,45.0,3,3.0,1,1,1,1,1,24,24,86,0.1967,0.0,0.161,0.0515,T1,False,none
cadc0683-d80c-478e-8199-d986badf2bd6,7.0,0.7777777777777778,6.0,19444.48,2777.782857142857,1237.7720462685404,65,1,2.0,3.5,5.0,2.0,1.0,0.7142857142857143,2.0,3.5,3.0,1.0,0.5,0.7142857142857143,0.7777777777777778,2777.782857142857,4615.75,0.23738099450332434,196.68694444444444,16.0,0.42857142857142855,2.0,0.8571428571428571,22.0,2.0,71.85714285714286,6,21.0,2,2,2,2,1,49,50,167,0.1063,0.0,0.25,0.1704,T1,False,none
8fb564aa-44d2-41ad-bdfc-4a5530933640,3.0,0.3333333333333333,3.0,10407.380000000001,3469.126666666667,304.59576775348233,41,0,3.0,1.0,9.0,3.0,1.0,0.3333333333333333,2.0,1.5,7.0,2.0,1.0,0.6666666666666666,0.3333333333333333,3469.126666666667,3730.84,0.3584802322966971,171.97583333333333,6.0,0.0,2.0,0.6666666666666666,19.0,3.0,41.666666666666664,7,9.0,3,2,2,3,2,55,55,173,0.0954,0.0,0.2136,0.1548,T1,False,none
a390e67b-62a0-4a0a-beff-83081fc17b97,4.0,0.4444444444444444,4.0,7611.22,1902.805,1317.9566777275597,19,0,1.0,4.0,13.0,1.0,1.0,1.0,1.0,4.0,3.0,1.0,1.0,1.0,0.4444444444444444,1902.805,3072.93,0.4037368516479618,217.96555555555557,5.0,0.25,4.0,0.25,27.0,1.0,50.0,6,12.0,1,1,4,1,1,92,92,126,0.1498,0.0,0.1572,0.1186,T1,False,none
7f884312-24fa-4bc6-a266-5b3b598c200d,5.0,0.5555555555555556,4.0,11976.55,2395.31,1416.3685044683816,63,1,2.0,2.5,7.0,2.0,1.0,0.8,3.0,1.6666666666666667,5.0,3.0,1.0,0.6,0.5555555555555556,2395.31,4122.53,0.344216823709666,147.47027777777777,20.0,0.2,1.0,1.0,19.0,1.0,47.0,6,15.0,2,3,1,2,3,34,35,121,0.1362,0.0,0.2722,0.12,T1,False,none
13450755-d874-483e-b0ce-673882213d9e,1.0,0.1111111111111111,1.0,3215.98,3215.98,0.0,51,1,1.0,1.0,7.0,1.0,1.0,1.0,1.0,1.0,4.0,1.0,1.0,1.0,0.1111111111111111,3215.98,3215.98,1.0,0.0,1.0,0.0,1.0,1.0,17.0,2.0,36.0,3,3.0,1,1,1,1,1,25,25,59,0.3197,0.0,0.1098,0.0978,T1,False,none
f3c2219c-0b59-4886-8125-5c54e7eec04b,8.0,0.8888888888888888,5.0,25495.68,3186.96,593.6030262966755,38,1,2.0,4.0,8.0,2.0,1.0,0.875,2.0,4.0,5.0,2.0,1.0,0.5,0.8888888888888888,3186.96,3933.75,0.15429084456660894,182.4777777777778,1.0,0.125,3.0,0.75,22.0,0.0,73.0,7,24.0,2,2,3,2,2,71,73,78,0.2521,0.0,0.1237,0.0763,T1,False,none
0c40e1f6-70ce-47a2-9542-5344a84b2db8,2.0,0.2222222222222222,1.0,6030.86,3015.43,739.1952869167932,61,1,2.0,1.0,9.0,2.0,1.0,0.5,2.0,1.0,7.0,1.0,0.5,0.5,0.2222222222222222,3015.43,3538.12,0.5866692312539173,4.070833333333334,4.0,1.0,1.0,1.0,21.0,0.0,79.0,5,6.0,2,2,1,2,1,40,40,74,0.2714,0.0,0.1287,0.0855,T1,False,none
8f8f9f01-b686-4711-9ca3-d14898b80b0c,2.0,0.2222222222222222,2.0,4124.45,2062.225,861.4894047230064,26,0,2.0,1.0,8.0,2.0,1.0,0.5,2.0,1.0,3.0,2.0,1.0,0.5,0.2222222222222222,2062.225,2671.39,0.6476960564438895,191.37777777777777,23.0,0.5,1.0,1.0,23.0,3.0,14.0,5,6.0,2,2,1,2,2,38,38,74,0.2714,0.0,0.1287,0.0855,T1,False,none
5e71b86b-e6ab-4b69-aa81-3924d40f58cb,4.0,0.4444444444444444,3.0,11936.0,2984.0,973.1066968563451,40,0,2.0,2.0,9.0,2.0,1.0,0.75,2.0,2.0,7.0,2.0,1.0,0.75,0.4444444444444444,2984.0,4332.5,0.3629775469168901,116.80277777777778,8.0,0.25,2.0,0.5,14.0,0.0,19.5,6,12.0,2,2,2,2,2,42,43,74,0.2714,0.0,0.1287,0.0855,T1,False,none
4f2383a3-a905-4467-aa1a-8a9cb94a0b65,2.0,0.2222222222222222,2.0,6104.95,3052.475,2498.8800093741997,82,1,1.0,2.0,12.0,1.0,1.0,1.0,1.0,2.0,3.0,1.0,1.0,1.0,0.2222222222222222,3052.475,4819.45,0.7894331648907853,77.79305555555555,17.0,0.5,2.0,0.5,23.0,0.0,32.5,4,6.0,1,1,2,1,1,54,54,66,0.3865,0.0,0.1807,0.0805,T1,False,none
7658763e-9070-4015-9116-42490e52e161,4.0,0.4444444444444444,4.0,7901.76,1975.44,607.3132092531278,24,1,2.0,2.0,11.0,2.0,1.0,0.75,3.0,1.3333333333333333,8.0,3.0,1.0,0.5,0.4444444444444444,1975.44,2782.0,0.35207346211476936,189.50583333333333,2.0,0.5,1.0,1.0,25.0,2.0,56.0,6,12.0,2,3,1,2,3,47,50,118,0.1482,0.0,0.2319,0.119,T1,False,none
6ce1c86d-f334-4349-96bc-8427ea7e89f7,8.0,0.8888888888888888,6.0,24061.81,3007.72625,1373.933463932115,85,1,2.0,4.0,8.0,2.0,1.0,0.875,4.0,2.0,8.0,3.0,0.75,0.5,0.8888888888888888,3007.72625,4851.23,0.20161533982688748,179.81444444444443,9.0,0.375,3.0,0.75,22.0,1.0,13.875,9,24.0,2,4,3,2,3,80,82,89,0.2028,0.0,0.1043,0.0515,T1,False,none
2bed2854-59c9-40bd-8591-3aacc6453294,2.0,0.2222222222222222,2.0,4224.7,2112.35,2936.6427465389793,25,1,1.0,2.0,10.0,1.0,1.0,1.0,1.0,2.0,5.0,1.0,1.0,1.0,0.2222222222222222,2112.35,4188.87,0.9915189244206689,119.0425,2.0,0.0,2.0,0.5,25.0,0.0,59.0,4,6.0,1,1,2,1,1,53,53,103,0.2271,0.0,0.2014,0.1192,T1,False,none
fff813bb-45f7-4f09-8598-396d0081a08a,3.0,0.3333333333333333,3.0,4797.75,1599.25,833.5668562868849,76,0,1.0,3.0,6.0,1.0,1.0,1.0,2.0,1.5,8.0,2.0,1.0,0.6666666666666666,0.3333333333333333,1599.25,2373.78,0.49476942316710965,138.00944444444445,16.0,0.3333333333333333,3.0,0.3333333333333333,21.0,2.0,42.0,6,9.0,1,2,3,1,2,65,65,121,0.1433,0.0,0.2418,0.1111,T1,False,none
51cfbc24-5450-483d-9e62-12918a9d3b07,1.0,0.1111111111111111,1.0,2559.2,2559.2,0.0,35,0,1.0,1.0,9.0,1.0,1.0,1.0,1.0,1.0,1.0,0.0,0.0,1.0,0.1111111111111111,2559.2,2559.2,1.0,0.0,14.0,0.0,1.0,1.0,15.0,0.0,60.0,3,3.0,1,1,1,1,0,22,22,65,0.3611,0.0,0.0889,0.0707,T1,False,none
03964435-8f58-48b1-a458-20a48f333ce7,2.0,0.2222222222222222,1.0,5433.12,2716.56,1670.3276385188624,57,0,1.0,2.0,6.0,1.0,1.0,1.0,1.0,2.0,2.0,1.0,1.0,1.0,0.2222222222222222,2716.56,3897.66,0.7173889036133934,2.1691666666666665,2.0,0.0,1.0,1.0,21.0,0.0,51.0,3,6.0,1,1,1,1,1,26,26,167,0.1063,0.0,0.25,0.1704,T1,False,none
dbd97d29-1d1a-4a94-b818-81d3b6536474,3.0,0.3333333333333333,3.0,4569.87,1523.29,1206.2612448387788,27,0,1.0,3.0,4.0,1.0,1.0,1.0,2.0,1.5,3.0,2.0,1.0,0.6666666666666666,0.3333333333333333,1523.29,2833.03,0.6199366721591644,177.46166666666667,0.0,0.0,2.0,0.6666666666666666,20.0,1.0,30.333333333333332,5,9.0,1,2,2,1,2,44,44,104,0.1637,0.0,0.1654,0.1067,T1,False,none
ab080aff-b15f-4d1f-87fa-324f33b3bdb9,3.0,0.3333333333333333,2.0,12644.1,4214.7,890.2311835135861,77,1,1.0,3.0,5.0,1.0,1.0,1.0,1.0,3.0,4.0,1.0,1.0,1.0,0.3333333333333333,4214.7,4762.31,0.3766428610972707,100.60472222222222,12.0,0.3333333333333333,3.0,0.3333333333333333,21.0,2.0,16.666666666666668,5,9.0,1,1,3,1,1,64,64,78,0.2521,0.0,0.1237,0.0763,T1,False,none
36987953-e50b-421d-bb2d-0e05976f9c2a,3.0,0.3333333333333333,3.0,11346.880000000001,3782.2933333333335,1401.7037459582293,65,1,2.0,1.5,6.0,2.0,1.0,0.6666666666666666,1.0,3.0,2.0,1.0,1.0,1.0,0.3333333333333333,3782.2933333333335,4899.65,0.43180592374291427,66.45472222222222,0.0,0.3333333333333333,2.0,0.6666666666666666,21.0,2.0,64.66666666666667,5,9.0,2,1,2,2,1,48,48,126,0.1498,0.0,0.1572,0.1186,T1,False,none
55337b0f-7447-4951-bcd9-0cc38de02dc2,1.0,0.1111111111111111,1.0,310.18,310.18,0.0,75,0,1.0,1.0,9.0,1.0,1.0,1.0,1.0,1.0,4.0,1.0,1.0,1.0,0.1111111111111111,310.18,310.18,1.0,0.0,18.0,0.0,1.0,1.0,21.0,0.0,51.0,3,3.0,1,1,1,1,1,31,31,167,0.1063,0.0,0.25,0.1704,T1,False,none
c23c8e23-d695-4df7-b621-c40c70dba2f8,1.0,0.1111111111111111,1.0,3437.31,3437.31,0.0,28,1,1.0,1.0,7.0,1.0,1.0,1.0,1.0,1.0,6.0,1.0,1.0,1.0,0.1111111111111111,3437.31,3437.31,1.0,0.0,6.0,0.0,1.0,1.0,20.0,3.0,12.0,3,3.0,1,1,1,1,1,30,30,126,0.1498,0.0,0.1572,0.1186,T1,False,none
390e983f-0a1e-41fa-ab73-9e5b9cab3f42,2.0,0.2222222222222222,2.0,4767.67,2383.835,72.0895363419684,39,1,1.0,2.0,11.0,1.0,1.0,1.0,1.0,2.0,4.0,1.0,1.0,1.0,0.2222222222222222,2383.835,2434.81,0.5106918054311644,162.695,3.0,0.0,2.0,0.5,21.0,2.0,80.0,4,6.0,1,1,2,1,1,52,53,59,0.2957,0.0,0.0649,0.0215,T1,False,none
6489e080-a5bd-488c-ae71-58ccb2e862e6,6.0,0.6666666666666666,6.0,11910.29,1985.0483333333334,2111.9489849181173,53,1,2.0,3.0,12.0,2.0,1.0,0.6666666666666666,1.0,6.0,4.0,1.0,1.0,1.0,0.6666666666666666,1985.0483333333334,4662.79,0.3914925665118145,188.28944444444446,17.0,0.16666666666666666,1.0,1.0,21.0,2.0,27.0,4,18.0,2,1,1,2,1,36,37,50,0.3086,0.0,0.0411,0.037,T1,False,none
b4d99e4d-55c8-4519-91b7-e05f2e845571,1.0,0.1111111111111111,1.0,663.11,663.11,0.0,22,0,1.0,1.0,5.0,1.0,1.0,1.0,1.0,1.0,7.0,1.0,1.0,1.0,0.1111111111111111,663.11,663.11,1.0,0.0,5.0,0.0,1.0,1.0,18.0,0.0,0.0,3,3.0,1,1,1,1,1,27,27,78,0.2521,0.0,0.1237,0.0763,T1,False,none
5e67bf18-8175-4d4d-aa3c-e0f036b5157b,5.0,0.5555555555555556,5.0,9557.79,1911.5580000000002,1631.9671472704345,20,1,3.0,1.6666666666666667,8.0,3.0,1.0,0.4,2.0,2.5,3.0,2.0,1.0,0.6,0.5555555555555556,1911.5580000000002,4686.12,0.490293258169514,164.8813888888889,0.0,0.2,3.0,0.4,29.0,1.0,54.4,8,15.0,3,2,3,3,2,89,91,103,0.2271,0.0,0.2014,0.1192,T1,False,none
119ec6c4-3de0-432b-b4c3-05c2d2b48e72,3.0,0.3333333333333333,2.0,8211.98,2737.3266666666664,1875.5785126017338,73,1,1.0,3.0,5.0,1.0,1.0,1.0,2.0,1.5,4.0,2.0,1.0,0.6666666666666666,0.3333333333333333,2737.3266666666664,4817.4,0.5866307516579436,31.054444444444446,13.0,0.6666666666666666,3.0,0.3333333333333333,23.0,3.0,35.0,6,9.0,1,2,3,1,2,70,73,74,0.2714,0.0,0.1287,0.0855,T1,False,none
5348f1f6-faff-4ff7-a79f-806a3717812f,2.0,0.2222222222222222,2.0,8580.54,4290.27,833.8203163751771,42,0,1.0,2.0,10.0,1.0,1.0,1.0,1.0,2.0,1.0,0.0,0.0,1.0,0.2222222222222222,4290.27,4879.87,0.5687136240842651,42.65138888888889,12.0,0.0,2.0,0.5,21.0,1.0,30.0,4,6.0,1,1,2,1,0,48,48,118,0.1482,0.0,0.2319,0.119,T1,False,none
43cc6038-e6c5-4b66-b78e-a2de9d955d8a,3.0,0.3333333333333333,2.0,7166.210000000001,2388.736666666667,1503.3297593120858,59,0,1.0,3.0,8.0,1.0,1.0,1.0,1.0,3.0,5.0,1.0,1.0,1.0,0.3333333333333333,2388.736666666667,4123.77,0.5754464354240246,31.621944444444445,4.0,0.0,3.0,0.3333333333333333,24.0,0.0,32.666666666666664,5,9.0,1,1,3,1,1,73,74,173,0.0954,0.0,0.2136,0.1548,T1,False,none
58c2e147-130e-4a24-8e3f-d05041293b85,1.0,0.1111111111111111,1.0,3251.3,3251.3,0.0,63,0,1.0,1.0,10.0,1.0,1.0,1.0,1.0,1.0,4.0,1.0,1.0,1.0,0.1111111111111111,3251.3,3251.3,1.0,0.0,0.0,0.0,1.0,1.0,23.0,3.0,14.0,3,3.0,1,1,1,1,1,34,34,74,0.2714,0.0,0.1287,0.0855,T1,False,none
7f1e28e3-f523-4d98-aded-024463158e03,1.0,0.1111111111111111,1.0,4615.1,4615.1,0.0,14,0,1.0,1.0,7.0,1.0,1.0,1.0,1.0,1.0,1.0,0.0,0.0,1.0,0.1111111111111111,4615.1,4615.1,1.0,0.0,7.0,1.0,1.0,1.0,18.0,3.0,38.0,3,3.0,1,1,1,1,0,23,23,86,0.1967,0.0,0.161,0.0515,T1,False,none
59bfea44-a881-4c7a-a39b-a89ce763022c,1.0,0.1111111111111111,1.0,3911.37,3911.37,0.0,54,1,1.0,1.0,8.0,1.0,1.0,1.0,1.0,1.0,5.0,1.0,1.0,1.0,0.1111111111111111,3911.37,3911.37,1.0,0.0,21.0,0.0,1.0,1.0,29.0,0.0,54.0,3,3.0,1,1,1,1,1,38,39,167,0.1063,0.0,0.25,0.1704,T1,False,none
459d2978-65d9-4036-a09a-9fbed4380791,2.0,0.2222222222222222,2.0,5589.84,2794.92,959.2893436289177,70,0,1.0,2.0,6.0,1.0,1.0,1.0,1.0,2.0,6.0,1.0,1.0,1.0,0.2222222222222222,2794.92,3473.24,0.6213487327007571,94.03277777777778,0.0,0.0,1.0,1.0,20.0,0.0,11.0,3,6.0,1,1,1,1,1,27,29,126,0.1498,0.0,0.1572,0.1186,T1,False,none
5b5bed08-6ac2-4e28-8755-26c093d4069a,5.0,0.5555555555555556,3.0,8076.41,1615.282,1261.1471023318413,41,1,2.0,2.5,7.0,2.0,1.0,0.8,1.0,5.0,4.0,1.0,1.0,1.0,0.5555555555555556,1615.282,3627.31,0.4491240538803751,99.92333333333333,8.0,0.2,2.0,0.6,23.0,3.0,34.2,5,15.0,2,1,2,2,1,53,53,143,0.1277,0.0,0.241,0.0927,T1,False,none
38d3ebc0-38bd-4cef-9b30-d105e595b11d,4.0,0.4444444444444444,4.0,15267.09,3816.7725,950.0110448963212,50,0,3.0,1.3333333333333333,6.0,3.0,1.0,0.5,2.0,2.0,4.0,2.0,1.0,0.75,0.4444444444444444,3816.7725,4985.16,0.32652981019958616,131.8047222222222,6.0,0.25,3.0,0.5,19.0,3.0,18.25,8,12.0,3,2,3,3,2,65,67,86,0.1967,0.0,0.161,0.0515,T1,False,none
8d576304-43da-491d-9e7b-41c9d5953ce2,6.0,0.6666666666666666,5.0,12850.49,2141.7483333333334,1310.3856400986188,57,1,1.0,6.0,6.0,1.0,1.0,1.0,3.0,2.0,7.0,3.0,1.0,0.5,0.6666666666666666,2141.7483333333334,3319.25,0.2582975435177958,159.28583333333333,1.0,0.3333333333333333,2.0,0.8333333333333334,21.0,3.0,63.333333333333336,6,18.0,1,3,2,1,3,51,52,126,0.1498,0.0,0.1572,0.1186,T1,False,none
c1811fab-c954-44b7-a06d-ce69538faa4d,3.0,0.3333333333333333,3.0,6195.88,2065.2933333333335,472.33923363757685,43,1,2.0,1.5,10.0,2.0,1.0,0.6666666666666666,1.0,3.0,5.0,1.0,1.0,1.0,0.3333333333333333,2065.2933333333335,2459.05,0.39688470402912907,229.53333333333333,8.0,0.3333333333333333,2.0,0.6666666666666666,24.0,2.0,53.666666666666664,5,9.0,2,1,2,2,1,49,49,64,0.3686,0.0,0.1444,0.0659,T1,False,none
c465e03d-05d2-4fa9-9c48-97845cc3adb4,2.0,0.2222222222222222,2.0,3947.08,1973.54,2549.1765147199985,67,0,1.0,2.0,7.0,1.0,1.0,1.0,1.0,2.0,4.0,1.0,1.0,1.0,0.2222222222222222,1973.54,3776.08,0.956676834520709,52.66166666666667,13.0,0.0,1.0,1.0,24.0,0.0,20.0,3,6.0,1,1,1,1,1,32,32,173,0.0954,0.0,0.2136,0.1548,T1,False,none
bc4c6135-1bcc-4053-b0fb-d6cbc73f9b88,6.0,0.6666666666666666,5.0,18371.23,3061.8716666666664,977.906932676452,10,1,2.0,3.0,4.0,2.0,1.0,0.8333333333333334,1.0,6.0,4.0,1.0,1.0,1.0,0.6666666666666666,3061.8716666666664,4337.84,0.23612137020765622,147.5288888888889,23.0,0.6666666666666666,3.0,0.5,24.0,0.0,45.5,6,18.0,2,1,3,2,1,67,67,89,0.2028,0.0,0.1043,0.0515,T1,False,none
f54efde7-33e6-477a-90dd-e3b7dc5bb4bc,5.0,0.5555555555555556,4.0,9892.92,1978.584,1391.965546854519,79,1,1.0,5.0,6.0,1.0,1.0,1.0,1.0,5.0,5.0,1.0,1.0,1.0,0.5555555555555556,1978.584,4343.78,0.4390796650533917,133.7902777777778,2.0,0.4,2.0,0.8,23.0,3.0,51.4,4,15.0,1,1,2,1,1,50,52,89,0.2028,0.0,0.1043,0.0515,T1,False,none
29195ebc-bb29-4c37-8ac0-c3008e61ab70,3.0,0.3333333333333333,3.0,12347.28,4115.76,710.1805679543762,56,0,2.0,1.5,9.0,2.0,1.0,0.6666666666666666,2.0,1.5,5.0,2.0,1.0,0.6666666666666666,0.3333333333333333,4115.76,4862.05,0.3937749852599115,117.45777777777778,9.0,0.0,2.0,0.6666666666666666,21.0,0.0,74.33333333333333,6,9.0,2,2,2,2,2,55,57,74,0.2714,0.0,0.1287,0.0855,T1,False,none
6bbc8abf-e037-42fc-8c3f-c9f86e7d2580,2.0,0.2222222222222222,2.0,6896.530000000001,3448.2650000000003,1202.710853052387,62,0,2.0,1.0,5.0,2.0,1.0,0.5,1.0,2.0,3.0,1.0,1.0,1.0,0.2222222222222222,3448.2650000000003,4298.71,0.6233149134419773,88.05916666666667,6.0,0.0,1.0,1.0,14.0,2.0,29.0,4,6.0,2,1,1,2,1,23,23,143,0.1277,0.0,0.241,0.0927,T1,False,none
d6c476c9-6e63-4bf3-9bc7-57442e471fef,1.0,0.1111111111111111,1.0,3140.14,3140.14,0.0,26,1,1.0,1.0,8.0,1.0,1.0,1.0,1.0,1.0,3.0,1.0,1.0,1.0,0.1111111111111111,3140.14,3140.14,1.0,0.0,12.0,0.0,1.0,1.0,21.0,1.0,59.0,3,3.0,1,1,1,1,1,29,29,118,0.1482,0.0,0.2319,0.119,T1,False,none
0ee51c36-8520-4f22-980f-2736bd09a118,4.0,0.4444444444444444,4.0,12621.97,3155.4925,1254.1218009793413,72,0,1.0,4.0,7.0,1.0,1.0,1.0,1.0,4.0,5.0,1.0,1.0,1.0,0.4444444444444444,3155.4925,4475.44,0.35457539512453284,195.30694444444444,0.0,0.25,1.0,1.0,18.0,2.0,12.0,3,12.0,1,1,1,1,1,27,27,173,0.0954,0.0,0.2136,0.1548,T1,False,none
0d49b4b8-f70e-41e2-8462-462052726fb8,5.0,0.5555555555555556,5.0,15458.36,3091.672,1627.862512797073,21,0,1.0,5.0,5.0,1.0,1.0,1.0,2.0,2.5,4.0,2.0,1.0,0.6,0.5555555555555556,3091.672,4916.22,0.3180298556897368,148.6497222222222,0.0,0.4,4.0,0.4,19.0,0.0,24.6,7,15.0,1,2,4,1,2,70,71,78,0.2521,0.0,0.1237,0.0763,T1,False,none
f86bfc7f-18b7-4a98-9827-cd960a016b94,2.0,0.2222222222222222,2.0,7511.950000000001,3755.9750000000004,1248.969778677611,86,0,1.0,2.0,9.0,1.0,1.0,1.0,2.0,1.0,6.0,2.0,1.0,0.5,0.2222222222222222,3755.9750000000004,4639.13,0.6175666770944961,76.95666666666666,6.0,0.5,1.0,1.0,21.0,2.0,27.0,4,6.0,1,2,1,1,2,37,37,50,0.3086,0.0,0.0411,0.037,T1,False,none
ddc03cef-77a4-4b9a-8cc1-191e9100d0f4,3.0,0.3333333333333333,3.0,6572.360000000001,2190.786666666667,768.4850644178672,32,0,1.0,3.0,8.0,1.0,1.0,1.0,1.0,3.0,4.0,1.0,1.0,1.0,0.3333333333333333,2190.786666666667,2903.32,0.44174695238848755,136.315,1.0,0.3333333333333333,2.0,0.6666666666666666,21.0,1.0,49.666666666666664,4,9.0,1,1,2,1,1,42,43,89,0.2028,0.0,0.1043,0.0515,T1,False,none
24edabd7-4f8e-4c96-a0b2-6853e583c6b5,3.0,0.3333333333333333,3.0,6170.780000000001,2056.9266666666667,1359.8368275765051,40,0,2.0,1.5,11.0,2.0,1.0,0.6666666666666666,1.0,3.0,3.0,1.0,1.0,1.0,0.3333333333333333,2056.9266666666667,2873.55,0.4656704662943744,214.43333333333334,7.0,0.0,2.0,0.6666666666666666,28.0,0.0,10.666666666666666,5,9.0,2,1,2,2,1,59,59,103,0.2271,0.0,0.2014,0.1192,T1,False,none
977cb4c9-40ad-4524-ac76-04895837c8f7,3.0,0.3333333333333333,3.0,7946.15,2648.7166666666667,1773.4845793615839,53,1,2.0,1.5,7.0,2.0,1.0,0.6666666666666666,1.0,3.0,4.0,1.0,1.0,1.0,0.3333333333333333,2648.7166666666667,3835.5,0.4826865840690146,131.87972222222223,2.0,0.0,1.0,1.0,26.0,2.0,11.0,4,9.0,2,1,1,2,1,39,39,65,0.3611,0.0,0.0889,0.0707,T1,False,none
7a4bc36c-1b60-49bb-bc4c-d795dd8b2558,5.0,0.5555555555555556,4.0,15994.140000000001,3198.8280000000004,1164.72073514212,53,0,1.0,5.0,8.0,1.0,1.0,1.0,2.0,2.5,5.0,2.0,1.0,0.8,0.5555555555555556,3198.8280000000004,4474.88,0.2797824703297583,176.54888888888888,4.0,0.6,2.0,0.8,23.0,3.0,76.0,5,15.0,1,2,2,1,2,54,54,57,0.2807,0.0,0.0921,0.0244,T1,False,none
fb52eaec-b5fa-4cdd-83f0-eecb62ff34c0,7.0,0.7777777777777778,6.0,13130.55,1875.792857142857,1053.2343870781135,31,1,2.0,3.5,7.0,2.0,1.0,0.5714285714285714,2.0,3.5,4.0,2.0,1.0,0.5714285714285714,0.7777777777777778,1875.792857142857,3489.75,0.2657733301346859,174.45138888888889,1.0,0.2857142857142857,5.0,0.2857142857142857,25.0,2.0,40.142857142857146,9,21.0,2,2,5,2,2,117,118,143,0.1277,0.0,0.241,0.0927,T1,False,none
c0af339c-fdc9-49ee-bca4-5b37b6747b48,7.0,0.7777777777777778,5.0,17931.059999999998,2561.5799999999995,1038.1335705807162,25,1,2.0,3.5,5.0,2.0,1.0,0.8571428571428571,1.0,7.0,3.0,1.0,1.0,1.0,0.7777777777777778,2561.5799999999995,3710.91,0.20695430164195538,163.045,1.0,0.2857142857142857,3.0,0.42857142857142855,23.0,2.0,28.285714285714285,6,21.0,2,1,3,2,1,68,68,66,0.3865,0.0,0.1807,0.0805,T1,False,none
7a355093-ae6d-4072-8127-e087d29d0471,5.0,0.5555555555555556,4.0,11888.16,2377.632,1740.7201582304951,47,1,2.0,2.5,8.0,2.0,1.0,0.8,2.0,2.5,2.0,2.0,1.0,0.6,0.5555555555555556,2377.632,4998.29,0.4204426925613383,191.11416666666668,4.0,0.4,3.0,0.6,18.0,0.0,77.4,7,15.0,2,2,3,2,2,59,59,173,0.0954,0.0,0.2136,0.1548,T1,False,none
fafada1f-9235-4148-abcd-735938498105,2.0,0.2222222222222222,2.0,4245.97,2122.985,616.7456056187186,17,0,1.0,2.0,10.0,1.0,1.0,1.0,2.0,1.0,5.0,2.0,1.0,0.5,0.2222222222222222,2122.985,2559.09,0.6027103347409426,119.69,13.0,0.0,1.0,1.0,25.0,2.0,28.0,4,6.0,1,2,1,1,2,39,39,57,0.2807,0.0,0.0921,0.0244,T1,False,none
4d0e632f-daae-4989-b4b2-46977f8e476a,5.0,0.5555555555555556,3.0,15398.23,3079.6459999999997,918.9589591107972,58,0,3.0,1.6666666666666667,7.0,3.0,1.0,0.6,2.0,2.5,5.0,2.0,1.0,0.8,0.5555555555555556,3079.6459999999997,3948.74,0.25644116239334,160.16555555555556,6.0,0.6,2.0,0.8,23.0,0.0,24.2,7,15.0,3,2,2,3,2,58,59,86,0.1967,0.0,0.161,0.0515,T1,False,none
0d4b3a61-007c-49f4-9b68-982a4bd86041,4.0,0.4444444444444444,3.0,13964.82,3491.205,774.5800039806519,31,0,1.0,4.0,6.0,1.0,1.0,1.0,2.0,2.0,4.0,2.0,1.0,0.75,0.4444444444444444,3491.205,4374.09,0.31322208234692606,144.78083333333333,2.0,0.75,3.0,0.5,25.0,0.0,62.5,6,12.0,1,2,3,1,2,77,79,66,0.3865,0.0,0.1807,0.0805,T1,False,none
2f7e89a4-d100-47fe-a34f-1aaf9706f56d,1.0,0.1111111111111111,1.0,3612.19,3612.19,0.0,61,1,1.0,1.0,6.0,1.0,1.0,1.0,1.0,1.0,2.0,1.0,1.0,1.0,0.1111111111111111,3612.19,3612.19,1.0,0.0,13.0,0.0,1.0,1.0,29.0,1.0,15.0,3,3.0,1,1,1,1,1,33,34,103,0.2271,0.0,0.2014,0.1192,T1,False,none
dae8c5e6-001e-4ee1-9497-46b2941b190e,3.0,0.3333333333333333,2.0,6477.19,2159.063333333333,1063.2126394251213,30,1,2.0,1.5,14.0,2.0,1.0,0.6666666666666666,1.0,3.0,8.0,1.0,1.0,1.0,0.3333333333333333,2159.063333333333,3364.85,0.5194922489536358,133.9988888888889,0.0,0.0,1.0,1.0,18.0,1.0,73.0,4,9.0,2,1,1,2,1,41,41,121,0.1362,0.0,0.2722,0.12,T1,False,none
521a8078-6059-4577-b9f7-408bb31e3fa7,2.0,0.2222222222222222,2.0,1499.15,749.575,274.1665122694601,73,1,1.0,2.0,5.0,1.0,1.0,1.0,2.0,1.0,4.0,2.0,1.0,0.5,0.2222222222222222,749.575,943.44,0.6293166127472234,98.835,7.0,0.5,1.0,1.0,19.0,2.0,13.0,4,6.0,1,2,1,1,2,26,26,78,0.2521,0.0,0.1237,0.0763,T1,False,none
ad171af4-5186-498c-b338-754212dbf075,2.0,0.2222222222222222,2.0,4267.33,2133.665,274.61906060941936,24,1,1.0,2.0,8.0,1.0,1.0,1.0,1.0,2.0,6.0,1.0,1.0,1.0,0.2222222222222222,2133.665,2327.85,0.5455050347641265,72.9525,9.0,0.5,1.0,1.0,20.0,2.0,69.0,3,6.0,1,1,1,1,1,31,31,89,0.2028,0.0,0.1043,0.0515,T1,False,none
8805dd2e-3609-46b3-99a5-af731f2e6f33,5.0,0.5555555555555556,4.0,14397.3,2879.46,1342.6441532289932,30,1,2.0,2.5,10.0,2.0,1.0,0.8,2.0,2.5,7.0,2.0,1.0,0.6,0.5555555555555556,2879.46,4383.26,0.3044501399567975,105.23416666666667,0.0,0.2,2.0,0.8,23.0,1.0,72.8,6,15.0,2,2,2,2,2,61,61,167,0.1063,0.0,0.25,0.1704,T1,False,none
19595ae7-182c-4354-8131-3c9b2e3cdf51,0.0,0.0,0.0,0.0,0.0,0.0,81,0,0.0,0.0,0.0,0.0,0.0,0.0,0.0,0.0,0.0,0.0,0.0,0.0,0.0,0.0,0.0,0.0,0.0,0.0,0.0,0.0,0.0,0.0,0.0,0.0,0,0.0,0,0,0,0,0,0,0,1,0.0,0.0,0.0,0.0,T1,False,none
2ed7eb92-b220-4f0c-8a07-309987285a84,1.0,0.1111111111111111,1.0,3306.94,3306.94,0.0,63,0,1.0,1.0,4.0,1.0,1.0,1.0,1.0,1.0,5.0,1.0,1.0,1.0,0.1111111111111111,3306.94,3306.94,1.0,0.0,20.0,0.0,1.0,1.0,16.0,3.0,49.0,3,3.0,1,1,1,1,1,22,22,57,0.2807,0.0,0.0921,0.0244,T1,False,none
6e645e06-43c9-4966-b3f9-f5ad7e31ecf6,4.0,0.4444444444444444,3.0,11119.22,2779.805,1625.8620503494956,63,1,2.0,2.0,9.0,2.0,1.0,0.5,3.0,1.3333333333333333,4.0,3.0,1.0,0.5,0.4444444444444444,2779.805,4321.98,0.38869453073147214,183.41833333333332,2.0,0.5,4.0,0.25,22.0,2.0,41.0,9,12.0,2,3,4,2,3,101,101,50,0.3086,0.0,0.0411,0.037,T1,False,none
8b871cec-92c0-4f8f-af87-1651ce7406d2,1.0,0.1111111111111111,1.0,4978.73,4978.73,0.0,85,0,1.0,1.0,8.0,1.0,1.0,1.0,1.0,1.0,7.0,1.0,1.0,1.0,0.1111111111111111,4978.73,4978.73,1.0,0.0,14.0,0.0,1.0,1.0,18.0,1.0,80.0,3,3.0,1,1,1,1,1,30,30,167,0.1063,0.0,0.25,0.1704,T1,False,none
f99f946f-8720-47ee-9476-689a687b4642,2.0,0.2222222222222222,2.0,4509.63,2254.815,1519.3391275320992,82,1,1.0,2.0,6.0,1.0,1.0,1.0,1.0,2.0,4.0,1.0,1.0,1.0,0.2222222222222222,2254.815,3329.15,0.7382312961373771,98.75166666666667,15.0,0.5,2.0,0.5,14.0,2.0,47.0,4,6.0,1,1,2,1,1,30,31,104,0.1637,0.0,0.1654,0.1067,T1,False,none
28f4030e-2a2d-48d5-9c5e-880536f4c97e,5.0,0.5555555555555556,4.0,7549.86,1509.972,1377.6916195832796,58,1,1.0,5.0,4.0,1.0,1.0,1.0,2.0,2.5,8.0,2.0,1.0,0.8,0.5555555555555556,1509.972,3781.68,0.500894056313627,98.1913888888889,4.0,0.6,3.0,0.6,19.0,2.0,52.6,6,15.0,1,2,3,1,2,66,66,118,0.1482,0.0,0.2319,0.119,T1,False,none
30095892-4447-459c-af47-50a5df3dccf6,2.0,0.2222222222222222,2.0,8319.16,4159.58,839.0953329628284,28,1,1.0,2.0,8.0,1.0,1.0,1.0,1.0,2.0,3.0,1.0,1.0,1.0,0.2222222222222222,4159.58,4752.91,0.571320902591127,43.17194444444444,8.0,0.5,1.0,1.0,20.0,0.0,38.0,3,6.0,1,1,1,1,1,28,28,143,0.1277,0.0,0.241,0.0927,T1,False,none
a30019fe-33da-4afd-bcce-87bbb519a3e7,4.0,0.4444444444444444,3.0,9007.62,2251.905,1228.853946746046,81,0,2.0,2.0,10.0,2.0,1.0,0.75,1.0,4.0,4.0,1.0,1.0,1.0,0.4444444444444444,2251.905,3389.47,0.3762891862667386,112.69916666666667,12.0,0.25,4.0,0.25,22.0,1.0,34.0,7,12.0,2,1,4,2,1,77,78,104,0.1637,0.0,0.1654,0.1067,T1,False,none
f8639aed-e23d-4ef4-9d78-560380dbad22,3.0,0.3333333333333333,2.0,6599.86,2199.9533333333334,1206.8049173057482,16,0,1.0,3.0,8.0,1.0,1.0,1.0,3.0,1.0,3.0,2.0,0.6666666666666666,0.3333333333333333,0.3333333333333333,2199.9533333333334,3224.68,0.48859824299303317,150.37555555555556,4.0,0.3333333333333333,3.0,0.3333333333333333,21.0,0.0,58.0,7,9.0,1,3,3,1,2,60,60,143,0.1277,0.0,0.241,0.0927,T1,False,none
6d792c3f-421c-431f-895f-98d9bbb4ab88,2.0,0.2222222222222222,2.0,4569.46,2284.73,2588.4209410758526,57,0,2.0,1.0,7.0,2.0,1.0,0.5,2.0,1.0,4.0,2.0,1.0,0.5,0.2222222222222222,2284.73,4115.02,0.9005484236649408,26.636944444444445,4.0,0.5,1.0,1.0,15.0,2.0,54.0,5,6.0,2,2,1,2,2,29,29,118,0.1482,0.0,0.2319,0.119,T1,False,none
096a3d59-ff5d-44b6-a602-e05d7c7d27bc,2.0,0.2222222222222222,1.0,2273.46,1136.73,33.21987658014402,87,1,2.0,1.0,8.0,2.0,1.0,0.5,2.0,1.0,5.0,2.0,1.0,0.5,0.2222222222222222,1136.73,1160.22,0.5103322688765142,1.1922222222222223,10.0,0.0,1.0,1.0,19.0,3.0,44.0,5,6.0,2,2,1,2,2,39,39,167,0.1063,0.0,0.25,0.1704,T1,False,none
a4f37e08-1e53-4739-a439-2c76378f98b7,3.0,0.3333333333333333,2.0,6468.72,2156.2400000000002,1632.0850544319069,28,0,2.0,1.5,9.0,2.0,1.0,0.6666666666666666,2.0,1.5,5.0,2.0,1.0,0.6666666666666666,0.3333333333333333,2156.2400000000002,3981.44,0.6154911636305173,145.7186111111111,2.0,0.0,3.0,0.3333333333333333,18.0,1.0,28.666666666666668,7,9.0,2,2,3,2,2,63,64,118,0.1482,0.0,0.2319,0.119,T1,False,none
8e96edda-252f-4eb3-acac-dc795978b481,4.0,0.4444444444444444,3.0,4728.17,1182.0425,1369.3546280973628,51,0,2.0,2.0,8.0,2.0,1.0,0.75,2.0,2.0,6.0,1.0,0.5,0.5,0.4444444444444444,1182.0425,2865.48,0.6060441989183976,65.88805555555555,2.0,0.0,4.0,0.25,24.0,0.0,57.25,8,12.0,2,2,4,2,1,100,102,121,0.1433,0.0,0.2418,0.1111,T1,False,none
57197f3b-ea2d-4892-b693-99dad2a8683b,5.0,0.5555555555555556,4.0,16710.920000000002,3342.184,1736.549310609981,58,0,3.0,1.6666666666666667,5.0,3.0,1.0,0.4,2.0,2.5,7.0,2.0,1.0,0.6,0.5555555555555556,3342.184,4711.55,0.2819443812788284,202.0825,4.0,0.0,1.0,1.0,22.0,2.0,1.0,6,15.0,3,2,1,3,2,43,43,86,0.1967,0.0,0.161,0.0515,T1,False,none
e08a4817-28f7-4cc3-a372-6a29420eab50,2.0,0.2222222222222222,2.0,4217.55,2108.775,448.75117654441874,16,1,1.0,2.0,11.0,1.0,1.0,1.0,1.0,2.0,6.0,1.0,1.0,1.0,0.2222222222222222,2108.775,2426.09,0.5752368080994891,10.061944444444444,1.0,0.0,2.0,0.5,30.0,0.0,17.5,4,6.0,1,1,2,1,1,71,71,66,0.3865,0.0,0.1807,0.0805,T1,False,none
370aa047-011b-4ef8-b441-88be7313d1ee,5.0,0.5555555555555556,4.0,11326.91,2265.382,1001.4563499823646,56,0,1.0,5.0,8.0,1.0,1.0,1.0,3.0,1.6666666666666667,5.0,3.0,1.0,0.6,0.5555555555555556,2265.382,3753.51,0.3313798732399216,196.165,18.0,0.2,4.0,0.4,22.0,3.0,45.6,8,15.0,1,3,4,1,3,95,95,59,0.2957,0.0,0.0649,0.0215,T1,False,none
804521ba-fe37-4015-9369-ff8e5c07984f,2.0,0.2222222222222222,2.0,5645.52,2822.76,273.1977759792344,61,0,1.0,2.0,15.0,1.0,1.0,1.0,2.0,1.0,2.0,1.0,0.5,0.5,0.2222222222222222,2822.76,3015.94,0.5342182828154005,40.76027777777778,16.0,0.5,2.0,0.5,23.0,0.0,41.0,5,6.0,1,2,2,1,1,53,54,86,0.1967,0.0,0.161,0.0515,T1,False,none
a2d9c2db-58c9-4028-a320-26b2d9f22236,2.0,0.2222222222222222,1.0,6658.300000000001,3329.1500000000005,1094.7710029042607,38,1,2.0,1.0,10.0,2.0,1.0,0.5,1.0,2.0,5.0,1.0,1.0,1.0,0.2222222222222222,3329.1500000000005,4103.27,0.6162639112085667,12.903055555555556,10.0,1.0,1.0,1.0,11.0,2.0,69.0,4,6.0,2,1,1,2,1,25,25,104,0.1637,0.0,0.1654,0.1067,T1,False,none
07e0f75e-9254-4269-a3ba-8f7459c7cec1,3.0,0.3333333333333333,3.0,10222.43,3407.476666666667,866.1365297303495,37,0,2.0,1.5,10.0,2.0,1.0,0.6666666666666666,3.0,1.0,6.0,3.0,1.0,0.3333333333333333,0.3333333333333333,3407.476666666667,4397.15,0.43014723505076574,143.72666666666666,1.0,0.3333333333333333,1.0,1.0,17.0,2.0,36.0,6,9.0,2,3,1,2,3,45,46,59,0.3197,0.0,0.1098,0.0978,T1,False,none
a3417af7-64f3-404b-a7b8-aa229932f538,2.0,0.2222222222222222,2.0,2595.1000000000004,1297.5500000000002,1424.9050169046359,33,1,2.0,1.0,14.0,2.0,1.0,0.5,1.0,2.0,4.0,1.0,1.0,1.0,0.2222222222222222,1297.5500000000002,2305.11,0.8882547878694462,87.94416666666666,3.0,0.5,1.0,1.0,20.0,2.0,41.0,4,6.0,2,1,1,2,1,39,39,118,0.1482,0.0,0.2319,0.119,T1,False,none
18a24505-5a91-4102-96c8-20c2f7a956e1,1.0,0.1111111111111111,1.0,216.4,216.4,0.0,39,1,1.0,1.0,9.0,1.0,1.0,1.0,1.0,1.0,2.0,1.0,1.0,1.0,0.1111111111111111,216.4,216.4,1.0,0.0,18.0,0.0,1.0,1.0,23.0,0.0,3.0,3,3.0,1,1,1,1,1,30,31,121,0.1433,0.0,0.2418,0.1111,T1,False,none
d622b8fb-4c66-430c-8aac-defad09b582f,5.0,0.5555555555555556,3.0,15408.37,3081.674,1096.2224149687872,21,0,1.0,5.0,5.0,1.0,1.0,1.0,2.0,2.5,7.0,2.0,1.0,0.6,0.5555555555555556,3081.674,4466.05,0.2898457137257218,96.47027777777778,0.0,0.2,5.0,0.2,23.0,3.0,34.4,8,15.0,1,2,5,1,2,92,93,74,0.2714,0.0,0.1287,0.0855,T1,False,none
0e512568-9e71-4648-a66a-86cc1877af6f,5.0,0.5555555555555556,4.0,13038.33,2607.666,1224.2163275867547,82,1,1.0,5.0,8.0,1.0,1.0,1.0,2.0,2.5,3.0,2.0,1.0,0.6,0.5555555555555556,2607.666,3792.55,0.2908769758090185,130.86416666666668,0.0,0.4,2.0,0.8,18.0,1.0,18.8,5,15.0,1,2,2,1,2,44,44,121,0.1433,0.0,0.2418,0.1111,T1,False,none
9e384e17-9913-4f63-a9a4-d1e9b22ee911,7.0,0.7777777777777778,4.0,24390.14,3484.305714285714,1772.9450614618333,59,0,2.0,3.5,10.0,2.0,1.0,0.8571428571428571,3.0,2.3333333333333335,5.0,3.0,1.0,0.5714285714285714,0.7777777777777778,3484.305714285714,4950.12,0.20295578459164237,199.08166666666668,4.0,0.0,4.0,0.5714285714285714,23.0,3.0,46.57142857142857,9,21.0,2,3,4,2,3,95,98,143,0.1277,0.0,0.241,0.0927,T1,False,none
dd7d1434-b1d3-4f1b-91db-de3b62a098eb,4.0,0.4444444444444444,3.0,8301.619999999999,2075.4049999999997,1574.8788074959928,46,1,2.0,2.0,5.0,2.0,1.0,0.5,2.0,2.0,4.0,2.0,1.0,0.75,0.4444444444444444,2075.4049999999997,3722.59,0.4484172968649493,169.73083333333332,2.0,0.0,3.0,0.5,23.0,1.0,43.5,7,12.0,2,2,3,2,2,65,65,121,0.1433,0.0,0.2418,0.1111,T1,False,none
dbe73292-0e7a-4571-8b9f-30a2d25de1ca,5.0,0.5555555555555556,4.0,10216.6,2043.3200000000002,902.8070462452096,13,0,2.0,2.5,11.0,2.0,1.0,0.8,2.0,2.5,5.0,2.0,1.0,0.8,0.5555555555555556,2043.3200000000002,3130.58,0.30642092281189437,191.65,7.0,0.0,1.0,1.0,24.0,0.0,83.0,5,15.0,2,2,1,2,2,38,39,121,0.1362,0.0,0.2722,0.12,T1,False,none
f4b79ac3-4009-49f8-a6de-4bb6c1198e7e,2.0,0.2222222222222222,2.0,9224.119999999999,4612.0599999999995,293.4210299211701,39,1,1.0,2.0,7.0,1.0,1.0,1.0,1.0,2.0,5.0,1.0,1.0,1.0,0.2222222222222222,4612.0599999999995,4819.54,0.5224932026036089,205.47861111111112,7.0,0.0,2.0,0.5,28.0,3.0,25.5,4,6.0,1,1,2,1,1,62,62,103,0.2271,0.0,0.2014,0.1192,T1,False,none
97c2e4e9-28c0-4fee-8dd5-9085a6c54c49,5.0,0.5555555555555556,4.0,7951.610000000001,1590.3220000000001,1815.9523962290423,44,0,2.0,2.5,8.0,2.0,1.0,0.6,1.0,5.0,3.0,1.0,1.0,1.0,0.5555555555555556,1590.3220000000001,4752.67,0.5976990823242085,128.5313888888889,4.0,0.4,3.0,0.6,25.0,0.0,39.6,6,15.0,2,1,3,2,1,78,80,66,0.3865,0.0,0.1807,0.0805,T1,False,none
c9029c23-6929-4087-b0cb-6c7e0798c377,4.0,0.4444444444444444,3.0,4794.58,1198.645,396.8140008030631,85,0,1.0,4.0,7.0,1.0,1.0,1.0,1.0,4.0,8.0,1.0,1.0,1.0,0.4444444444444444,1198.645,1669.43,0.3481910824305779,135.58527777777778,4.0,0.25,3.0,0.5,25.0,2.0,20.75,5,12.0,1,1,3,1,1,75,75,104,0.1637,0.0,0.1654,0.1067,T1,False,none
92c448b2-f682-418e-ade5-9e3af92834cf,4.0,0.4444444444444444,4.0,9295.85,2323.9625,1589.894030375924,48,0,3.0,1.3333333333333333,12.0,3.0,1.0,0.5,2.0,2.0,3.0,2.0,1.0,0.75,0.4444444444444444,2323.9625,4222.17,0.4541994545953302,92.85444444444444,3.0,0.5,2.0,0.75,26.0,2.0,49.75,7,12.0,3,2,2,3,2,66,66,121,0.1433,0.0,0.2418,0.1111,T1,False,none
7a0949e6-9312-43fb-a9b1-adcdd00158d2,4.0,0.4444444444444444,3.0,12220.849999999999,3055.2124999999996,2030.7819015406353,22,0,1.0,4.0,7.0,1.0,1.0,1.0,3.0,1.3333333333333333,7.0,2.0,0.6666666666666666,0.5,0.4444444444444444,3055.2124999999996,4779.23,0.3910718157902274,63.56305555555556,0.0,0.0,3.0,0.5,23.0,0.0,23.75,7,12.0,1,3,3,1,2,69,71,59,0.3197,0.0,0.1098,0.0978,T1,False,none
41843911-8aeb-42b3-b216-71d59ac95869,1.0,0.1111111111111111,1.0,3243.56,3243.56,0.0,52,1,1.0,1.0,7.0,1.0,1.0,1.0,1.0,1.0,3.0,1.0,1.0,1.0,0.1111111111111111,3243.56,3243.56,1.0,0.0,12.0,0.0,1.0,1.0,21.0,3.0,5.0,3,3.0,1,1,1,1,1,28,28,78,0.2521,0.0,0.1237,0.0763,T1,False,none
2f2dabe4-0883-4a40-9d08-1d38426dec50,2.0,0.2222222222222222,1.0,6789.3099999999995,3394.6549999999997,493.04434531794385,59,0,1.0,2.0,5.0,1.0,1.0,1.0,2.0,1.0,9.0,2.0,1.0,0.5,0.2222222222222222,3394.6549999999997,3743.29,0.5513505790721002,0.7091666666666666,19.0,0.0,1.0,1.0,17.0,2.0,57.0,4,6.0,1,2,1,1,2,31,31,118,0.1482,0.0,0.2319,0.119,T1,False,none
c04bffab-7fa3-4d36-8963-e3e2f352d98a,3.0,0.3333333333333333,2.0,9096.21,3032.0699999999997,1154.5957790066618,64,0,2.0,1.5,7.0,2.0,1.0,0.6666666666666666,1.0,3.0,6.0,1.0,1.0,1.0,0.3333333333333333,3032.0699999999997,4006.74,0.4404845534568793,161.2763888888889,2.0,0.0,2.0,0.6666666666666666,28.0,0.0,11.666666666666666,5,9.0,2,1,2,2,1,57,58,65,0.3611,0.0,0.0889,0.0707,T1,False,none
39bea6e8-56b4-4407-bd68-ecc9df071e64,5.0,0.5555555555555556,4.0,14249.720000000001,2849.9440000000004,1367.5528552600808,56,0,2.0,2.5,6.0,2.0,1.0,0.8,1.0,5.0,3.0,1.0,1.0,1.0,0.5555555555555556,2849.9440000000004,4005.36,0.2810834177794371,217.85083333333333,0.0,0.4,3.0,0.4,24.0,0.0,33.0,6,15.0,2,1,3,2,1,68,68,89,0.2028,0.0,0.1043,0.0515,T1,False,none
5d648941-31a6-423c-a7fb-9ad7840ebe39,1.0,0.1111111111111111,1.0,3324.08,3324.08,0.0,57,0,1.0,1.0,11.0,1.0,1.0,1.0,1.0,1.0,5.0,1.0,1.0,1.0,0.1111111111111111,3324.08,3324.08,1.0,0.0,2.0,0.0,1.0,1.0,20.0,2.0,14.0,3,3.0,1,1,1,1,1,33,33,118,0.1482,0.0,0.2319,0.119,T1,False,none
0b5714a6-f902-4ff5-87b9-86aea1eaeef1,4.0,0.4444444444444444,4.0,8008.78,2002.195,1846.435996552999,63,1,1.0,4.0,6.0,1.0,1.0,1.0,1.0,4.0,3.0,1.0,1.0,1.0,0.4444444444444444,2002.195,4026.54,0.5027657146281955,163.9897222222222,3.0,0.0,2.0,0.75,15.0,2.0,43.25,4,12.0,1,1,2,1,1,35,35,118,0.1482,0.0,0.2319,0.119,T1,False,none
14aac5ae-5d02-4620-8f99-8913bae44ba0,2.0,0.2222222222222222,1.0,5471.85,2735.925,2082.535536611561,16,0,1.0,2.0,8.0,1.0,1.0,1.0,1.0,2.0,3.0,1.0,1.0,1.0,0.2222222222222222,2735.925,4208.5,0.7691183055091056,13.476111111111111,0.0,0.0,2.0,0.5,20.0,1.0,42.5,4,6.0,1,1,2,1,1,47,47,173,0.0954,0.0,0.2136,0.1548,T1,False,none
3519b144-4d54-46ad-8cfa-ae9ac69585f2,3.0,0.3333333333333333,2.0,8289.73,2763.2433333333333,1582.3012429159417,64,1,1.0,3.0,11.0,1.0,1.0,1.0,2.0,1.5,6.0,2.0,1.0,0.6666666666666666,0.3333333333333333,2763.2433333333333,4196.71,0.5062541240788301,24.71388888888889,3.0,0.0,3.0,0.3333333333333333,26.0,1.0,59.333333333333336,6,9.0,1,2,3,1,2,80,82,78,0.2521,0.0,0.1237,0.0763,T1,False,none
3557329d-bf2c-4d9f-ad90-30bf7db60320,4.0,0.4444444444444444,3.0,11012.13,2753.0325,1235.5373042628053,66,0,1.0,4.0,3.0,1.0,1.0,1.0,3.0,1.3333333333333333,6.0,3.0,1.0,0.5,0.4444444444444444,2753.0325,3953.47,0.35901047299659555,205.12722222222223,3.0,0.25,4.0,0.25,25.0,0.0,42.25,8,12.0,1,3,4,1,3,87,87,118,0.1482,0.0,0.2319,0.119,T1,False,none
63327a7a-6f42-416f-a532-941c4125e3ab,1.0,0.1111111111111111,1.0,4221.72,4221.72,0.0,67,1,1.0,1.0,8.0,1.0,1.0,1.0,1.0,1.0,4.0,1.0,1.0,1.0,0.1111111111111111,4221.72,4221.72,1.0,0.0,12.0,1.0,1.0,1.0,22.0,3.0,74.0,3,3.0,1,1,1,1,1,31,31,121,0.1433,0.0,0.2418,0.1111,T1,False,none
096f1937-6b75-4556-a906-b499ddb6a04f,1.0,0.1111111111111111,1.0,915.73,915.73,0.0,65,1,1.0,1.0,9.0,1.0,1.0,1.0,1.0,1.0,6.0,1.0,1.0,1.0,0.1111111111111111,915.73,915.73,1.0,0.0,13.0,0.0,1.0,1.0,18.0,1.0,37.0,3,3.0,1,1,1,1,1,29,30,118,0.1482,0.0,0.2319,0.119,T1,False,none
a1f61907-70f6-4cb8-a493-3d58b84e61ab,5.0,0.5555555555555556,3.0,12411.369999999999,2482.274,1695.7248714281452,47,1,1.0,5.0,10.0,1.0,1.0,1.0,2.0,2.5,5.0,2.0,1.0,0.6,0.5555555555555556,2482.274,3987.45,0.32127396089231086,115.60083333333333,3.0,0.4,1.0,1.0,12.0,1.0,87.0,4,15.0,1,2,1,1,2,27,27,167,0.1063,0.0,0.25,0.1704,T1,False,none
94fe2b2d-71a4-44d3-ae0a-f55312c145c5,3.0,0.3333333333333333,3.0,4278.07,1426.0233333333333,1387.4042528525465,29,1,1.0,3.0,7.0,1.0,1.0,1.0,2.0,1.5,5.0,2.0,1.0,0.6666666666666666,0.3333333333333333,1426.0233333333333,2773.64,0.648339087485712,101.345,1.0,0.3333333333333333,1.0,1.0,28.0,0.0,2.0,4,9.0,1,2,1,1,2,39,39,65,0.3611,0.0,0.0889,0.0707,T1,False,none
e80fea12-8ec4-4416-b248-8d6d9e220d9b,3.0,0.3333333333333333,3.0,7191.85,2397.2833333333333,2191.516012086915,57,0,1.0,3.0,10.0,1.0,1.0,1.0,1.0,3.0,5.0,1.0,1.0,1.0,0.3333333333333333,2397.2833333333333,4825.02,0.6709010894276161,92.2475,3.0,0.3333333333333333,2.0,0.6666666666666666,25.0,2.0,17.666666666666668,4,9.0,1,1,2,1,1,55,56,104,0.1637,0.0,0.1654,0.1067,T1,False,none
82a82676-49e6-4db8-b22b-a51d8291440f,3.0,0.3333333333333333,3.0,7409.41,2469.8033333333333,1658.2423680009306,63,1,2.0,1.5,7.0,2.0,1.0,0.6666666666666666,2.0,1.5,9.0,2.0,1.0,0.6666666666666666,0.3333333333333333,2469.8033333333333,3999.54,0.5397919672416562,106.16472222222222,10.0,0.3333333333333333,3.0,0.3333333333333333,29.0,2.0,58.0,7,9.0,2,2,3,2,2,87,90,64,0.3686,0.0,0.1444,0.0659,T1,False,none
68baa01a-2aca-4842-8e8e-c001d28a21e5,8.0,0.8888888888888888,4.0,26815.62,3351.9525,1268.4665446092213,16,1,2.0,4.0,5.0,2.0,1.0,0.875,2.0,4.0,8.0,2.0,1.0,0.75,0.8888888888888888,3351.9525,4466.56,0.16656560616536184,212.01444444444445,2.0,0.0,2.0,0.625,28.0,0.0,51.375,6,24.0,2,2,2,2,2,58,58,65,0.3611,0.0,0.0889,0.0707,T1,False,none
9fbda140-ef29-49d8-ab56-d0783b6480d6,2.0,0.2222222222222222,2.0,3272.57,1636.285,2191.514833728031,59,1,1.0,2.0,13.0,1.0,1.0,1.0,2.0,1.0,3.0,1.0,0.5,0.5,0.2222222222222222,1636.285,3185.92,0.9735223387123881,76.46,15.0,0.5,1.0,1.0,23.0,0.0,44.0,4,6.0,1,2,1,1,1,36,36,121,0.1433,0.0,0.2418,0.1111,T1,False,none
f1877cd4-7e64-40dd-ad9c-0b603840c6a4,6.0,0.6666666666666666,5.0,14438.61,2406.435,2067.228597100476,14,0,2.0,3.0,11.0,2.0,1.0,0.8333333333333334,2.0,3.0,8.0,2.0,1.0,0.8333333333333334,0.6666666666666666,2406.435,4992.1,0.3457465780985843,106.11666666666666,1.0,0.16666666666666666,3.0,0.6666666666666666,19.0,1.0,34.666666666666664,7,18.0,2,2,3,2,2,73,73,121,0.1362,0.0,0.2722,0.12,T1,False,none
9ca3c5ab-bdef-402a-9207-4a1e4f6996b6,5.0,0.5555555555555556,4.0,13444.0,2688.8,881.8233879581556,77,0,1.0,5.0,8.0,1.0,1.0,1.0,2.0,2.5,9.0,2.0,1.0,0.6,0.5555555555555556,2688.8,3626.85,0.26977462064861646,81.86555555555556,5.0,0.4,3.0,0.6,18.0,2.0,41.0,6,15.0,1,2,3,1,2,60,61,118,0.1482,0.0,0.2319,0.119,T1,False,none
6296c5eb-9f76-4551-8665-730e3f4c537b,0.0,0.0,0.0,0.0,0.0,0.0,57,0,0.0,0.0,0.0,0.0,0.0,0.0,0.0,0.0,0.0,0.0,0.0,0.0,0.0,0.0,0.0,0.0,0.0,0.0,0.0,0.0,0.0,0.0,0.0,0.0,0,0.0,0,0,0,0,0,0,0,1,0.0,0.0,0.0,0.0,T1,False,none
d782e65c-08d0-469b-bfa9-6eee37fd8ae1,2.0,0.2222222222222222,2.0,4181.59,2090.795,2660.4680510109497,33,1,1.0,2.0,5.0,1.0,1.0,1.0,1.0,2.0,3.0,1.0,1.0,1.0,0.2222222222222222,2090.795,3972.03,0.9498850915560827,92.24194444444444,7.0,0.5,1.0,1.0,25.0,3.0,59.0,3,6.0,1,1,1,1,1,30,30,103,0.2271,0.0,0.2014,0.1192,T1,False,none
f58ab584-8864-4c41-8037-1b2128d5c21f,7.0,0.7777777777777778,3.0,15409.609999999999,2201.372857142857,1885.8453359940406,47,1,2.0,3.5,8.0,2.0,1.0,0.8571428571428571,2.0,3.5,5.0,2.0,1.0,0.5714285714285714,0.7777777777777778,2201.372857142857,4630.98,0.300525451325504,133.84972222222223,5.0,0.0,2.0,0.8571428571428571,26.0,0.0,54.857142857142854,6,21.0,2,2,2,2,2,64,64,78,0.2521,0.0,0.1237,0.0763,T1,False,none
793c3fa1-a03a-432c-a462-0b9386bc8afe,4.0,0.4444444444444444,4.0,8280.37,2070.0925,1962.5716217822473,14,1,2.0,2.0,9.0,2.0,1.0,0.5,2.0,2.0,8.0,2.0,1.0,0.75,0.4444444444444444,2070.0925,4829.64,0.5832637913523188,158.82166666666666,2.0,0.0,3.0,0.5,29.0,2.0,26.75,7,12.0,2,2,3,2,2,83,84,64,0.3686,0.0,0.1444,0.0659,T1,False,none
7a5b27aa-dddb-435b-8570-7a8ddb3e7850,2.0,0.2222222222222222,2.0,4447.43,2223.715,339.39004176610723,30,1,1.0,2.0,10.0,1.0,1.0,1.0,2.0,1.0,5.0,2.0,1.0,0.5,0.2222222222222222,2223.715,2463.7,0.5539603771166718,16.976388888888888,4.0,0.5,2.0,0.5,17.0,0.0,33.5,5,6.0,1,2,2,1,2,43,43,59,0.3197,0.0,0.1098,0.0978,T1,False,none
fdc3a734-99f3-492f-8c1e-389046b70dbf,4.0,0.4444444444444444,4.0,14503.75,3625.9375,984.9309240203937,34,0,1.0,4.0,9.0,1.0,1.0,1.0,3.0,1.3333333333333333,6.0,3.0,1.0,0.5,0.4444444444444444,3625.9375,4902.74,0.33803257778160817,232.21444444444444,0.0,0.5,2.0,0.75,29.0,2.0,65.25,6,12.0,1,3,2,1,3,66,66,173,0.0954,0.0,0.2136,0.1548,T1,False,none
3c6605a2-b5ab-4b39-9121-b86d9457a57a,2.0,0.2222222222222222,2.0,3889.4300000000003,1944.7150000000001,144.5679814135896,88,1,1.0,2.0,8.0,1.0,1.0,1.0,1.0,2.0,2.0,1.0,1.0,1.0,0.2222222222222222,1944.7150000000001,2046.94,0.5262827715115068,107.25805555555556,8.0,0.0,1.0,1.0,22.0,0.0,65.0,3,6.0,1,1,1,1,1,29,29,167,0.1063,0.0,0.25,0.1704,T1,False,none
1dd1c6f4-4a18-44af-8956-4d91e905f818,5.0,0.5555555555555556,4.0,16191.179999999998,3238.236,1120.8445922963629,61,0,1.0,5.0,8.0,1.0,1.0,1.0,1.0,5.0,3.0,1.0,1.0,1.0,0.5555555555555556,3238.236,4434.24,0.2738676242250411,161.10694444444445,20.0,0.0,2.0,0.8,25.0,2.0,29.4,4,15.0,1,1,2,1,1,47,47,143,0.1277,0.0,0.241,0.0927,T1,False,none
e62e15fb-869f-4c76-bed5-8f4b2abca569,7.0,0.7777777777777778,5.0,19253.04,2750.434285714286,1572.9616897629471,41,1,2.0,3.5,10.0,2.0,1.0,0.7142857142857143,1.0,7.0,5.0,1.0,1.0,1.0,0.7777777777777778,2750.434285714286,4631.43,0.24055577716558008,220.3852777777778,1.0,0.2857142857142857,2.0,0.8571428571428571,20.0,2.0,46.57142857142857,5,21.0,2,1,2,2,1,57,57,167,0.1063,0.0,0.25,0.1704,T1,False,none
2fc93501-ed72-4a8a-9d26-dd17b89ecbeb,5.0,0.5555555555555556,4.0,14039.8,2807.96,1066.1261512363346,83,1,1.0,5.0,7.0,1.0,1.0,1.0,1.0,5.0,1.0,0.0,0.0,1.0,0.5555555555555556,2807.96,4033.62,0.28729896437271185,149.32861111111112,12.0,0.4,1.0,1.0,27.0,1.0,88.0,3,15.0,1,1,1,1,0,31,32,126,0.1498,0.0,0.1572,0.1186,T1,False,none
b4f59610-cb99-4261-9f22-1b85b3cd6898,6.0,0.6666666666666666,5.0,9212.0,1535.3333333333333,948.4798168367457,16,1,1.0,6.0,9.0,1.0,1.0,1.0,2.0,3.0,4.0,2.0,1.0,0.8333333333333334,0.6666666666666666,1535.3333333333333,2871.21,0.3116815023881893,221.6125,2.0,0.16666666666666666,3.0,0.5,21.0,0.0,27.5,6,18.0,1,2,3,1,2,62,62,173,0.0954,0.0,0.2136,0.1548,T1,False,none
2afab450-a0dd-4678-82ee-13cf82b45c31,7.0,0.7777777777777778,5.0,12832.74,1833.2485714285715,1249.8208675836786,85,1,2.0,3.5,15.0,2.0,1.0,0.5714285714285714,2.0,3.5,7.0,2.0,1.0,0.5714285714285714,0.7777777777777778,1833.2485714285715,4309.28,0.33580357741215044,216.46777777777777,6.0,0.2857142857142857,3.0,0.5714285714285714,26.0,0.0,39.285714285714285,7,21.0,2,2,3,2,2,96,97,65,0.3611,0.0,0.0889,0.0707,T1,False,none
4cc19473-820d-4bfb-8fe5-aaee6f8cb6d3,4.0,0.4444444444444444,3.0,10258.310000000001,2564.5775000000003,1953.4648187494104,87,0,2.0,2.0,9.0,2.0,1.0,0.75,3.0,1.3333333333333333,5.0,3.0,1.0,0.5,0.4444444444444444,2564.5775000000003,4548.8,0.4434258664438879,153.815,9.0,0.25,2.0,0.75,20.0,3.0,33.75,7,12.0,2,3,2,2,3,56,56,86,0.1967,0.0,0.161,0.0515,T1,False,none
958c8048-48ad-4711-b8d6-2f0476fef82b,2.0,0.2222222222222222,2.0,6846.960000000001,3423.4800000000005,1278.5621974702678,74,1,2.0,1.0,9.0,2.0,1.0,0.5,1.0,2.0,2.0,1.0,1.0,1.0,0.2222222222222222,3423.4800000000005,4327.56,0.6320410810052929,101.10805555555555,1.0,0.0,1.0,1.0,19.0,1.0,73.0,4,6.0,2,1,1,2,1,32,32,126,0.1498,0.0,0.1572,0.1186,T1,False,none
981806b0-7cf9-467c-8470-022050de86df,4.0,0.4444444444444444,3.0,8758.26,2189.565,1635.1851816129774,76,0,1.0,4.0,4.0,1.0,1.0,1.0,2.0,2.0,6.0,2.0,1.0,0.75,0.4444444444444444,2189.565,4535.28,0.5178288838193887,201.1313888888889,4.0,0.0,2.0,0.75,21.0,0.0,51.0,5,12.0,1,2,2,1,2,46,46,167,0.1063,0.0,0.25,0.1704,T1,False,none
25e86a72-b034-4797-bac9-8880b112c710,4.0,0.4444444444444444,3.0,9637.84,2409.46,1716.0554448696194,25,1,2.0,2.0,9.0,2.0,1.0,0.75,1.0,4.0,2.0,1.0,1.0,1.0,0.4444444444444444,2409.46,4275.6,0.4436263727142182,83.25777777777778,15.0,0.0,2.0,0.5,15.0,1.0,26.5,5,12.0,2,1,2,2,1,39,39,118,0.1482,0.0,0.2319,0.119,T1,False,none
4b766967-353e-412a-b113-d0b4683a480f,2.0,0.2222222222222222,2.0,6262.57,3131.285,852.0707423976016,41,0,1.0,2.0,6.0,1.0,1.0,1.0,2.0,1.0,4.0,2.0,1.0,0.5,0.2222222222222222,3131.285,3733.79,0.5962073078624271,154.34777777777776,11.0,0.5,2.0,0.5,13.0,0.0,71.5,5,6.0,1,2,2,1,2,34,34,173,0.0954,0.0,0.2136,0.1548,T1,False,none
1abdaa28-ca41-4f85-a852-8339de9231f2,3.0,0.3333333333333333,3.0,3780.7400000000002,1260.2466666666667,770.3628260328594,11,1,1.0,3.0,4.0,1.0,1.0,1.0,1.0,3.0,7.0,1.0,1.0,1.0,0.3333333333333333,1260.2466666666667,2145.78,0.5675555579066532,107.44694444444444,4.0,0.3333333333333333,2.0,0.6666666666666666,25.0,0.0,43.666666666666664,4,9.0,1,1,2,1,1,46,47,103,0.2271,0.0,0.2014,0.1192,T1,False,none
1fcff766-de6e-484d-b565-d0b26751c79a,3.0,0.3333333333333333,2.0,7062.83,2354.2766666666666,1248.0569681442166,52,0,2.0,1.5,9.0,2.0,1.0,0.6666666666666666,1.0,3.0,6.0,1.0,1.0,1.0,0.3333333333333333,2354.2766666666666,3472.53,0.4916626904512781,164.53027777777777,4.0,0.0,2.0,0.6666666666666666,18.0,1.0,34.666666666666664,5,9.0,2,1,2,2,1,50,50,167,0.1063,0.0,0.25,0.1704,T1,False,none
697ec26d-ad05-4ea7-a416-d54f2c29f2c8,9.0,1.0,6.0,21569.98,2396.6644444444446,1512.522580022453,39,1,3.0,3.0,9.0,3.0,1.0,0.7777777777777778,4.0,2.25,6.0,4.0,1.0,0.5555555555555556,1.0,2396.6644444444446,4183.84,0.19396587294007692,139.8336111111111,0.0,0.4444444444444444,3.0,0.5555555555555556,23.0,0.0,57.77777777777778,10,27.0,3,4,3,3,4,88,91,121,0.1433,0.0,0.2418,0.1111,T1,False,none
00790e47-56fa-4f80-8ab5-f62727eb576b,2.0,0.2222222222222222,2.0,3514.14,1757.07,1130.3809004048148,49,1,1.0,2.0,4.0,1.0,1.0,1.0,1.0,2.0,2.0,1.0,1.0,1.0,0.2222222222222222,1757.07,2556.37,0.7274525203890567,6.670555555555556,3.0,0.0,2.0,0.5,22.0,0.0,34.5,4,6.0,1,1,2,1,1,39,39,57,0.2807,0.0,0.0921,0.0244,T1,False,none
1fe98aa5-9be6-43e4-bdfa-9d609363b4c1,3.0,0.3333333333333333,3.0,4882.82,1627.6066666666666,1673.2160689622046,52,0,1.0,3.0,9.0,1.0,1.0,1.0,2.0,1.5,5.0,2.0,1.0,0.6666666666666666,0.3333333333333333,1627.6066666666666,3450.53,0.7066674585587838,55.066944444444445,0.0,0.0,2.0,0.6666666666666666,19.0,0.0,74.33333333333333,5,9.0,1,2,2,1,2,44,44,173,0.0954,0.0,0.2136,0.1548,T1,False,none
de8c38d2-fa1c-470d-937c-21329dd99c98,1.0,0.1111111111111111,1.0,1078.44,1078.44,0.0,54,0,1.0,1.0,6.0,1.0,1.0,1.0,1.0,1.0,3.0,1.0,1.0,1.0,0.1111111111111111,1078.44,1078.44,1.0,0.0,20.0,1.0,1.0,1.0,19.0,0.0,70.0,3,3.0,1,1,1,1,1,24,25,78,0.2521,0.0,0.1237,0.0763,T1,False,none
464faedb-499b-4277-bbb0-8c13f5d1610c,5.0,0.5555555555555556,4.0,11941.99,2388.398,736.2570305402865,61,0,2.0,2.5,10.0,2.0,1.0,0.8,2.0,2.5,7.0,2.0,1.0,0.6,0.5555555555555556,2388.398,3170.36,0.2654800414336304,114.64472222222223,21.0,0.4,2.0,0.6,30.0,3.0,48.0,6,15.0,2,2,2,2,2,71,72,66,0.3865,0.0,0.1807,0.0805,T1,False,none
d6ef05ce-a088-4c2a-8ab6-2c684b9dfaad,4.0,0.4444444444444444,4.0,14431.880000000001,3607.9700000000003,1379.2346946283894,19,0,1.0,4.0,10.0,1.0,1.0,1.0,1.0,4.0,5.0,1.0,1.0,1.0,0.4444444444444444,3607.9700000000003,4871.17,0.3375284439726494,216.18333333333334,15.0,0.0,3.0,0.5,22.0,2.0,12.0,5,12.0,1,1,3,1,1,66,66,167,0.1063,0.0,0.25,0.1704,T1,False,none
059caac6-46d0-47c3-a433-b0b9ba613f79,5.0,0.5555555555555556,4.0,7013.12,1402.624,1041.879481480464,78,1,3.0,1.6666666666666667,7.0,3.0,1.0,0.4,1.0,5.0,2.0,1.0,1.0,1.0,0.5555555555555556,1402.624,2401.15,0.34237971116992155,110.3525,8.0,0.2,5.0,0.2,26.0,0.0,43.6,9,15.0,3,1,5,3,1,112,113,143,0.1277,0.0,0.241,0.0927,T1,False,none
289b335e-5ec4-4e62-86c3-46e723280eba,2.0,0.2222222222222222,2.0,9549.0,4774.5,111.21375454502066,45,1,2.0,1.0,11.0,2.0,1.0,0.5,1.0,2.0,5.0,1.0,1.0,1.0,0.2222222222222222,4774.5,4853.14,0.5082354173211855,15.958333333333334,8.0,1.0,1.0,1.0,21.0,3.0,68.0,4,6.0,2,1,1,2,1,40,40,126,0.1498,0.0,0.1572,0.1186,T1,False,none
3aa7a333-7f7f-4858-bb9f-c6b1086660ab,3.0,0.3333333333333333,3.0,9740.74,3246.9133333333334,1133.5826738413627,12,1,3.0,1.0,7.0,3.0,1.0,0.3333333333333333,3.0,1.0,4.0,3.0,1.0,0.3333333333333333,0.3333333333333333,3246.9133333333334,4314.79,0.44296326562458294,78.83222222222223,5.0,0.0,1.0,1.0,23.0,1.0,46.0,7,9.0,3,3,1,3,3,45,46,59,0.3197,0.0,0.1098,0.0978,T1,False,none
d5cc8e32-25ba-4e04-ae13-193ad23bba1e,3.0,0.3333333333333333,3.0,3628.0599999999995,1209.3533333333332,1005.1893370073785,30,0,1.0,3.0,10.0,1.0,1.0,1.0,2.0,1.5,7.0,1.0,0.5,0.6666666666666666,0.3333333333333333,1209.3533333333332,2096.95,0.5779810697728263,156.37027777777777,3.0,0.0,1.0,1.0,25.0,0.0,70.0,4,9.0,1,2,1,1,1,39,39,103,0.2271,0.0,0.2014,0.1192,T1,False,none
19be649f-cc55-49ed-9076-086f5cdfff28,3.0,0.3333333333333333,3.0,7271.18,2423.726666666667,1244.9067122613378,88,0,2.0,1.5,11.0,2.0,1.0,0.6666666666666666,2.0,1.5,5.0,2.0,1.0,0.6666666666666666,0.3333333333333333,2423.726666666667,3542.41,0.4871850236137738,168.71527777777777,20.0,0.0,3.0,0.3333333333333333,23.0,0.0,45.666666666666664,7,9.0,2,2,3,2,2,81,81,121,0.1433,0.0,0.2418,0.1111,T1,False,none
4e3c2c29-2c2d-4041-8a52-a78eadc127e5,3.0,0.3333333333333333,3.0,9520.94,3173.646666666667,1481.0287831211565,15,1,2.0,1.5,8.0,2.0,1.0,0.6666666666666666,1.0,3.0,6.0,1.0,1.0,1.0,0.3333333333333333,3173.646666666667,4883.79,0.51295250258903,123.1775,8.0,0.3333333333333333,2.0,0.6666666666666666,25.0,2.0,27.333333333333332,5,9.0,2,1,2,2,1,59,60,57,0.2807,0.0,0.0921,0.0244,T1,False,none
309830a0-bf52-45d4-b2e9-fcc21456a20d,6.0,0.6666666666666666,5.0,7611.6,1268.6000000000001,1323.0403636019573,16,1,1.0,6.0,4.0,1.0,1.0,1.0,2.0,3.0,3.0,2.0,1.0,0.8333333333333334,0.6666666666666666,1268.6000000000001,3512.2,0.4614272951810394,214.91416666666666,2.0,0.16666666666666666,5.0,0.3333333333333333,22.0,2.0,34.833333333333336,8,18.0,1,2,5,1,2,102,103,86,0.1967,0.0,0.161,0.0515,T1,False,none
d5c71f38-c0a4-45af-8ebd-1755b0f5f7a5,6.0,0.6666666666666666,5.0,16523.9,2753.9833333333336,1471.2226558297239,66,0,2.0,3.0,11.0,2.0,1.0,0.8333333333333334,2.0,3.0,2.0,2.0,1.0,0.6666666666666666,0.6666666666666666,2753.9833333333336,4980.11,0.30138829211021606,190.3972222222222,1.0,0.3333333333333333,2.0,0.5,23.0,3.0,61.0,6,18.0,2,2,2,2,2,52,53,86,0.1967,0.0,0.161,0.0515,T1,False,none
3df936fe-73fc-4c37-b164-68bc2ed6dc0b,2.0,0.2222222222222222,2.0,5675.450000000001,2837.7250000000004,2481.060918488299,52,0,1.0,2.0,6.0,1.0,1.0,1.0,1.0,2.0,2.0,1.0,1.0,1.0,0.2222222222222222,2837.7250000000004,4592.1,0.8091164577258191,80.72361111111111,13.0,0.0,1.0,1.0,18.0,0.0,5.0,3,6.0,1,1,1,1,1,23,23,104,0.1637,0.0,0.1654,0.1067,T1,False,none
2c3414f8-e8e8-4d9a-88e7-7a8bfa74febe,2.0,0.2222222222222222,2.0,4802.200000000001,2401.1000000000004,2917.409442090706,32,1,1.0,2.0,7.0,1.0,1.0,1.0,1.0,2.0,6.0,1.0,1.0,1.0,0.2222222222222222,2401.1000000000004,4464.02,0.9295781100329016,166.55194444444444,4.0,0.0,2.0,0.5,22.0,1.0,68.0,4,6.0,1,1,2,1,1,49,49,121,0.1433,0.0,0.2418,0.1111,T1,False,none
d15f6581-f27c-455c-913f-c83a7dc8a8fb,4.0,0.4444444444444444,3.0,8121.42,2030.355,1880.3548846161993,35,1,1.0,4.0,6.0,1.0,1.0,1.0,3.0,1.3333333333333333,6.0,3.0,1.0,0.5,0.4444444444444444,2030.355,4427.96,0.5452199245944674,142.35722222222222,11.0,0.5,1.0,1.0,21.0,3.0,87.0,5,12.0,1,3,1,1,3,34,34,59,0.2957,0.0,0.0649,0.0215,T1,False,none
58f5ff94-9795-4ced-9c52-0aa17e4b1ec4,2.0,0.2222222222222222,2.0,4947.45,2473.725,351.6088469450108,64,1,2.0,1.0,9.0,2.0,1.0,0.5,1.0,2.0,3.0,1.0,1.0,1.0,0.2222222222222222,2473.725,2722.35,0.5502531607191583,77.94944444444444,14.0,0.5,1.0,1.0,18.0,0.0,5.0,4,6.0,2,1,1,2,1,32,32,104,0.1637,0.0,0.1654,0.1067,T1,False,none
058b75ab-6fd1-4db8-9b9e-6a5d980f9545,5.0,0.5555555555555556,4.0,11944.18,2388.8360000000002,935.6025931612203,53,1,3.0,1.6666666666666667,6.0,3.0,1.0,0.6,1.0,5.0,7.0,1.0,1.0,1.0,0.5555555555555556,2388.8360000000002,3196.23,0.26759727331637667,186.0211111111111,3.0,0.2,3.0,0.6,29.0,1.0,17.8,7,15.0,3,1,3,3,1,74,77,103,0.2271,0.0,0.2014,0.1192,T1,False,none
b0f0d043-e764-4aa1-8fa2-c3acef1f7e3a,2.0,0.2222222222222222,2.0,1884.0,942.0,387.0985362927636,37,1,2.0,1.0,6.0,2.0,1.0,0.5,1.0,2.0,7.0,1.0,1.0,1.0,0.2222222222222222,942.0,1215.72,0.6452866242038217,36.67611111111111,0.0,0.0,1.0,1.0,16.0,2.0,72.0,4,6.0,2,1,1,2,1,29,29,167,0.1063,0.0,0.25,0.1704,T1,False,none
86052017-5341-467f-af94-b7f2eb482418,1.0,0.1111111111111111,1.0,3218.75,3218.75,0.0,88,0,1.0,1.0,6.0,1.0,1.0,1.0,1.0,1.0,5.0,1.0,1.0,1.0,0.1111111111111111,3218.75,3218.75,1.0,0.0,22.0,0.0,1.0,1.0,11.0,2.0,69.0,3,3.0,1,1,1,1,1,19,19,104,0.1637,0.0,0.1654,0.1067,T1,False,none
e189eef0-cf2c-467a-b146-f5770289e830,4.0,0.4444444444444444,4.0,9304.31,2326.0775,1358.389830359827,80,0,1.0,4.0,5.0,1.0,1.0,1.0,2.0,2.0,3.0,2.0,1.0,0.75,0.4444444444444444,2326.0775,3505.38,0.376747980237116,124.94388888888889,3.0,0.25,1.0,1.0,22.0,2.0,27.0,4,12.0,1,2,1,1,2,28,28,167,0.1063,0.0,0.25,0.1704,T1,False,none
61e8cd4e-3705-46ce-949b-320718b0319d,3.0,0.3333333333333333,3.0,8063.75,2687.9166666666665,1036.0433537904353,18,1,1.0,3.0,5.0,1.0,1.0,1.0,3.0,1.0,7.0,3.0,1.0,0.3333333333333333,0.3333333333333333,2687.9166666666665,3864.85,0.47928693225856456,161.4038888888889,11.0,0.3333333333333333,2.0,0.6666666666666666,20.0,0.0,7.0,6,9.0,1,3,2,1,3,52,53,121,0.1362,0.0,0.2722,0.12,T1,False,none
4e515698-edf7-4dd1-b955-8ed16f855d5c,6.0,0.6666666666666666,5.0,14958.41,2493.068333333333,1754.9717334637235,68,1,2.0,3.0,9.0,2.0,1.0,0.8333333333333334,1.0,6.0,5.0,1.0,1.0,1.0,0.6666666666666666,2493.068333333333,4841.65,0.3236741070742144,230.6988888888889,1.0,0.5,4.0,0.3333333333333333,23.0,1.0,47.5,7,18.0,2,1,4,2,1,96,98,59,0.3197,0.0,0.1098,0.0978,T1,False,none
958f6c0a-6a01-45af-adff-8eeba1287bbf,4.0,0.4444444444444444,4.0,12560.25,3140.0625,1081.1216316824239,45,0,3.0,1.3333333333333333,10.0,3.0,1.0,0.5,1.0,4.0,4.0,1.0,1.0,1.0,0.4444444444444444,3140.0625,4158.38,0.33107462033000934,215.69194444444443,8.0,0.5,1.0,1.0,21.0,3.0,83.0,5,12.0,3,1,1,3,1,39,41,121,0.1362,0.0,0.2722,0.12,T1,False,none
8181f30f-089b-40ef-8d9d-e57fcd36f753,3.0,0.3333333333333333,3.0,6084.67,2028.2233333333334,923.8473158121603,88,0,2.0,1.5,7.0,2.0,1.0,0.6666666666666666,1.0,3.0,7.0,1.0,1.0,1.0,0.3333333333333333,2028.2233333333334,2985.05,0.4905853563134895,164.0011111111111,2.0,0.0,1.0,1.0,18.0,3.0,31.0,4,9.0,2,1,1,2,1,33,33,121,0.1362,0.0,0.2722,0.12,T1,False,none
a8d79010-6e85-41e9-8000-2855cbd39bc3,6.0,0.6666666666666666,6.0,11323.48,1887.2466666666667,1398.0056476090026,15,1,3.0,2.0,13.0,3.0,1.0,0.6666666666666666,1.0,6.0,5.0,1.0,1.0,1.0,0.6666666666666666,1887.2466666666667,4084.45,0.36070624931558143,156.24444444444444,1.0,0.16666666666666666,1.0,1.0,22.0,0.0,58.0,5,18.0,3,1,1,3,1,51,51,64,0.3686,0.0,0.1444,0.0659,T1,False,none
ec658727-797d-4137-9fa8-435db94e6744,3.0,0.3333333333333333,3.0,7565.36,2521.7866666666664,2065.639770950718,26,0,2.0,1.5,8.0,2.0,1.0,0.6666666666666666,1.0,3.0,6.0,1.0,1.0,1.0,0.3333333333333333,2521.7866666666664,4144.22,0.547788869267292,163.17027777777778,11.0,0.0,2.0,0.6666666666666666,23.0,0.0,16.666666666666668,5,9.0,2,1,2,2,1,55,56,89,0.2028,0.0,0.1043,0.0515,T1,False,none
e4d6a706-2d70-488f-8f0f-9cdbc6993f8c,1.0,0.1111111111111111,1.0,943.63,943.63,0.0,75,0,1.0,1.0,6.0,1.0,1.0,1.0,1.0,1.0,3.0,1.0,1.0,1.0,0.1111111111111111,943.63,943.63,1.0,0.0,15.0,0.0,1.0,1.0,13.0,3.0,82.0,3,3.0,1,1,1,1,1,19,19,121,0.1362,0.0,0.2722,0.12,T1,False,none
cbf69c67-4d5f-4cf4-a609-976ffe33747b,1.0,0.1111111111111111,1.0,753.74,753.74,0.0,87,1,1.0,1.0,10.0,1.0,1.0,1.0,1.0,1.0,2.0,1.0,1.0,1.0,0.1111111111111111,753.74,753.74,1.0,0.0,12.0,1.0,1.0,1.0,19.0,1.0,47.0,3,3.0,1,1,1,1,1,28,28,121,0.1362,0.0,0.2722,0.12,T1,False,none
f4833588-906e-450b-b0ca-8167eba5c780,5.0,0.5555555555555556,3.0,14250.05,2850.0099999999998,1391.725973872012,71,1,1.0,5.0,6.0,1.0,1.0,1.0,2.0,2.5,4.0,2.0,1.0,0.8,0.5555555555555556,2850.0099999999998,3817.45,0.26789028810425225,117.05722222222222,19.0,0.2,2.0,0.8,25.0,2.0,45.6,5,15.0,1,2,2,1,2,54,54,143,0.1277,0.0,0.241,0.0927,T1,False,none
53e25831-6166-46ad-aade-9299e9df0711,3.0,0.3333333333333333,2.0,7956.67,2652.2233333333334,1754.8440259559634,89,1,1.0,3.0,7.0,1.0,1.0,1.0,1.0,3.0,5.0,1.0,1.0,1.0,0.3333333333333333,2652.2233333333334,4013.04,0.5043617493247803,119.2875,2.0,0.0,1.0,1.0,25.0,2.0,16.0,3,9.0,1,1,1,1,1,34,34,104,0.1637,0.0,0.1654,0.1067,T1,False,none
8e62fe9d-b100-44e9-9967-4eebcdff2279,4.0,0.4444444444444444,4.0,13214.85,3303.7125,789.6855012545609,58,1,1.0,4.0,8.0,1.0,1.0,1.0,1.0,4.0,4.0,1.0,1.0,1.0,0.4444444444444444,3303.7125,4474.02,0.33856002905821864,135.63916666666665,5.0,0.0,2.0,0.75,30.0,2.0,45.75,4,12.0,1,1,2,1,1,55,56,66,0.3865,0.0,0.1807,0.0805,T1,False,none
cb457841-0223-43d7-96e5-5d2d33304ee2,5.0,0.5555555555555556,4.0,9015.55,1803.11,1586.2327266041386,64,0,1.0,5.0,4.0,1.0,1.0,1.0,1.0,5.0,3.0,1.0,1.0,1.0,0.5555555555555556,1803.11,3953.52,0.4385223308616779,114.2425,3.0,0.4,1.0,1.0,23.0,3.0,44.0,3,15.0,1,1,1,1,1,27,27,89,0.2028,0.0,0.1043,0.0515,T1,False,none
95e482cf-d73f-4423-9254-59183ed649db,2.0,0.2222222222222222,2.0,8619.43,4309.715,921.1692170551509,68,0,1.0,2.0,7.0,1.0,1.0,1.0,1.0,2.0,4.0,1.0,1.0,1.0,0.2222222222222222,4309.715,4961.08,0.5755693821981268,44.691944444444445,3.0,0.5,2.0,0.5,26.0,3.0,42.0,4,6.0,1,1,2,1,1,58,58,121,0.1433,0.0,0.2418,0.1111,T1,False,none
5752f3a0-8f0a-4659-bfc0-3793b67d62c4,3.0,0.3333333333333333,3.0,7268.17,2422.7233333333334,1755.9989658975696,74,1,1.0,3.0,7.0,1.0,1.0,1.0,2.0,1.5,6.0,2.0,1.0,0.6666666666666666,0.3333333333333333,2422.7233333333334,4365.51,0.6006339972785447,49.78722222222222,12.0,0.0,2.0,0.6666666666666666,21.0,0.0,40.0,5,9.0,1,2,2,1,2,50,50,118,0.1482,0.0,0.2319,0.119,T1,False,none
9f893409-9576-4a49-a5e6-7bd8bcb5ed8a,6.0,0.6666666666666666,6.0,16085.02,2680.8366666666666,1826.7359020358324,60,0,2.0,3.0,6.0,2.0,1.0,0.5,2.0,3.0,7.0,2.0,1.0,0.6666666666666666,0.6666666666666666,2680.8366666666666,4828.91,0.3002116254751315,219.34833333333333,8.0,0.3333333333333333,1.0,1.0,26.0,3.0,25.0,5,18.0,2,2,1,2,2,43,43,121,0.1433,0.0,0.2418,0.1111,T1,False,none
ab7ffc55-3aa7-4092-8422-be68413e9fb0,3.0,0.3333333333333333,3.0,8588.37,2862.7900000000004,1840.0291168076662,62,1,1.0,3.0,14.0,1.0,1.0,1.0,1.0,3.0,4.0,1.0,1.0,1.0,0.3333333333333333,2862.7900000000004,4778.97,0.5564466831307919,89.00444444444445,2.0,0.0,2.0,0.6666666666666666,26.0,1.0,46.333333333333336,4,9.0,1,1,2,1,1,57,57,89,0.2028,0.0,0.1043,0.0515,T1,False,none
8a567470-2db9-42bc-844f-a9a2b383127b,6.0,0.6666666666666666,5.0,23225.68,3870.9466666666667,1301.620430612038,53,1,1.0,6.0,6.0,1.0,1.0,1.0,3.0,2.0,4.0,3.0,1.0,0.5,0.6666666666666666,3870.9466666666667,4694.33,0.20211808653180444,124.57194444444444,15.0,0.16666666666666666,4.0,0.5,25.0,1.0,75.66666666666667,8,18.0,1,3,4,1,3,93,95,86,0.1967,0.0,0.161,0.0515,T1,False,none
89f5c921-ff95-4f85-99b0-f7ab7c550bb1,5.0,0.5555555555555556,3.0,17108.0,3421.6,1355.8182072092113,62,1,1.0,5.0,9.0,1.0,1.0,1.0,1.0,5.0,6.0,1.0,1.0,1.0,0.5555555555555556,3421.6,4573.98,0.2673591302314706,207.04638888888888,8.0,0.0,2.0,0.6,29.0,2.0,24.0,4,15.0,1,1,2,1,1,62,63,64,0.3686,0.0,0.1444,0.0659,T1,False,none
ae49a29a-1e0b-4a13-9a95-9b078689dd08,3.0,0.3333333333333333,3.0,4841.33,1613.7766666666666,949.9766545201695,82,1,1.0,3.0,5.0,1.0,1.0,1.0,2.0,1.5,4.0,2.0,1.0,0.6666666666666666,0.3333333333333333,1613.7766666666666,2432.23,0.5023888063817175,165.05527777777777,8.0,0.0,3.0,0.3333333333333333,25.0,3.0,24.666666666666668,6,9.0,1,2,3,1,2,70,71,74,0.2714,0.0,0.1287,0.0855,T1,False,none
901fcefe-cdcd-4987-b61f-a8d795895de9,6.0,0.6666666666666666,4.0,4927.0,821.1666666666666,538.7915847771442,86,0,1.0,6.0,7.0,1.0,1.0,1.0,2.0,3.0,5.0,1.0,0.5,0.6666666666666666,0.6666666666666666,821.1666666666666,1597.82,0.32429876192409174,203.0975,8.0,0.0,2.0,0.8333333333333334,18.0,1.0,13.333333333333334,5,18.0,1,2,2,1,1,42,43,86,0.1967,0.0,0.161,0.0515,T1,False,none
1fa4421d-491b-4270-bcd6-19ab10e99a22,4.0,0.4444444444444444,4.0,6012.3099999999995,1503.0774999999999,1635.3765715246338,60,1,1.0,4.0,7.0,1.0,1.0,1.0,3.0,1.3333333333333333,4.0,3.0,1.0,0.5,0.4444444444444444,1503.0774999999999,3951.74,0.6572748244850981,159.21055555555554,0.0,0.25,3.0,0.5,20.0,1.0,56.5,7,12.0,1,3,3,1,3,62,62,126,0.1498,0.0,0.1572,0.1186,T1,False,none
31d85ab1-6a5d-4bf4-84ba-8e0200b931a9,5.0,0.5555555555555556,5.0,8698.17,1739.634,1108.3775803308185,54,0,2.0,2.5,8.0,2.0,1.0,0.8,2.0,2.5,6.0,2.0,1.0,0.8,0.5555555555555556,1739.634,3180.36,0.3656355302322213,156.6352777777778,19.0,0.2,2.0,0.8,15.0,2.0,27.8,6,15.0,2,2,2,2,2,43,43,143,0.1277,0.0,0.241,0.0927,T1,False,none
da2ac1b8-4f26-44ad-bd98-7e4e064e9a88,2.0,0.2222222222222222,2.0,4296.62,2148.31,1023.8906191581208,35,0,1.0,2.0,11.0,1.0,1.0,1.0,1.0,2.0,6.0,1.0,1.0,1.0,0.2222222222222222,2148.31,2872.31,0.6685045454333872,84.41833333333334,5.0,0.5,2.0,0.5,21.0,0.0,41.0,4,6.0,1,1,2,1,1,50,50,74,0.2714,0.0,0.1287,0.0855,T1,False,none
2af39e72-49e7-4527-ab64-a340a0804deb,3.0,0.3333333333333333,3.0,8590.2,2863.4,1037.2465728070638,85,1,2.0,1.5,8.0,2.0,1.0,0.6666666666666666,1.0,3.0,5.0,1.0,1.0,1.0,0.3333333333333333,2863.4,3512.88,0.40894042047915063,100.94277777777778,17.0,0.0,2.0,0.6666666666666666,18.0,3.0,23.333333333333332,5,9.0,2,1,2,2,1,43,43,86,0.1967,0.0,0.161,0.0515,T1,False,none
c455953c-812c-4e01-b69d-54d42951d307,3.0,0.3333333333333333,3.0,4737.74,1579.2466666666667,772.1324545913955,80,1,2.0,1.5,7.0,2.0,1.0,0.6666666666666666,3.0,1.0,4.0,3.0,1.0,0.3333333333333333,0.3333333333333333,1579.2466666666667,2421.57,0.5111234470443714,144.2463888888889,13.0,0.0,3.0,0.3333333333333333,26.0,2.0,37.0,8,9.0,2,3,3,2,3,86,86,65,0.3611,0.0,0.0889,0.0707,T1,False,none
a63befe3-b1cc-4dad-8d54-28f52352c96d,3.0,0.3333333333333333,3.0,7049.95,2349.983333333333,1369.096503038896,72,0,1.0,3.0,7.0,1.0,1.0,1.0,1.0,3.0,7.0,1.0,1.0,1.0,0.3333333333333333,2349.983333333333,3731.94,0.5293569457939418,45.96138888888889,1.0,0.3333333333333333,1.0,1.0,22.0,2.0,57.0,3,9.0,1,1,1,1,1,32,33,59,0.2957,0.0,0.0649,0.0215,T1,False,none
2b0a0ae1-f437-40cc-8d45-68a9f461cba8,5.0,0.5555555555555556,4.0,13334.25,2666.85,1577.8219088826218,60,1,2.0,2.5,7.0,2.0,1.0,0.8,2.0,2.5,4.0,2.0,1.0,0.8,0.5555555555555556,2666.85,4820.43,0.3615073963664998,167.3775,2.0,0.6,2.0,0.6,21.0,1.0,15.0,6,15.0,2,2,2,2,2,54,54,50,0.3086,0.0,0.0411,0.037,T1,False,none
5ca2c4b8-0e13-4a84-8ca2-e0e58a5f7302,5.0,0.5555555555555556,4.0,16202.720000000001,3240.5440000000003,1698.9185431709197,63,1,2.0,2.5,4.0,2.0,1.0,0.8,2.0,2.5,4.0,2.0,1.0,0.6,0.5555555555555556,3240.5440000000003,4998.77,0.30851424945935,173.06527777777777,2.0,0.4,2.0,0.8,26.0,2.0,12.4,6,15.0,2,2,2,2,2,51,52,65,0.3611,0.0,0.0889,0.0707,T1,False,none
d48c4e5e-6cab-41bb-9678-6ff687e8cf73,6.0,0.6666666666666666,5.0,8377.07,1396.1783333333333,1571.4742935780614,40,1,2.0,3.0,5.0,2.0,1.0,0.6666666666666666,1.0,6.0,6.0,1.0,1.0,1.0,0.6666666666666666,1396.1783333333333,4287.93,0.5118651270671011,161.0913888888889,15.0,0.16666666666666666,2.0,0.8333333333333334,23.0,0.0,38.833333333333336,5,18.0,2,1,2,2,1,53,53,59,0.3197,0.0,0.1098,0.0978,T1,False,none
cd541756-655c-44fe-b680-e4fc784026ee,2.0,0.2222222222222222,2.0,2269.6000000000004,1134.8000000000002,818.985216105883,27,0,1.0,2.0,6.0,1.0,1.0,1.0,1.0,2.0,3.0,1.0,1.0,1.0,0.2222222222222222,1134.8000000000002,1713.91,0.7551594994712724,172.8775,11.0,0.0,2.0,0.5,20.0,2.0,3.0,4,6.0,1,1,2,1,1,39,39,167,0.1063,0.0,0.25,0.1704,T1,False,none
937e149d-f8e3-45c4-a7fc-47edee7f61d7,3.0,0.3333333333333333,3.0,8214.82,2738.273333333333,890.6161075532676,71,0,1.0,3.0,8.0,1.0,1.0,1.0,1.0,3.0,5.0,1.0,1.0,1.0,0.3333333333333333,2738.273333333333,3591.63,0.4372134751583115,139.925,0.0,0.3333333333333333,1.0,1.0,23.0,0.0,16.0,3,9.0,1,1,1,1,1,33,33,143,0.1277,0.0,0.241,0.0927,T1,False,none
3a1b3bf7-9fcc-480c-bdb1-9e816b6e4b8e,2.0,0.2222222222222222,2.0,7111.4,3555.7,1061.3814206966317,42,0,1.0,2.0,9.0,1.0,1.0,1.0,2.0,1.0,8.0,2.0,1.0,0.5,0.2222222222222222,3555.7,4306.21,0.605536181342633,75.67333333333333,2.0,0.5,2.0,0.5,23.0,0.0,26.0,5,6.0,1,2,2,1,2,58,59,66,0.3865,0.0,0.1807,0.0805,T1,False,none
a9e34620-4891-4c12-8ce4-abf07e1bf99c,2.0,0.2222222222222222,2.0,884.2900000000001,442.14500000000004,450.68864912486987,46,1,2.0,1.0,7.0,2.0,1.0,0.5,1.0,2.0,8.0,1.0,1.0,1.0,0.2222222222222222,442.14500000000004,760.83,0.8603851677617071,161.49805555555557,10.0,0.0,1.0,1.0,23.0,0.0,39.0,4,6.0,2,1,1,2,1,40,41,59,0.3197,0.0,0.1098,0.0978,T1,False,none
a5e6aaa5-7935-48b7-b99e-c8a5541d48de,5.0,0.5555555555555556,4.0,11880.81,2376.162,1110.5796870868837,64,1,5.0,1.0,11.0,5.0,1.0,0.2,3.0,1.6666666666666667,5.0,3.0,1.0,0.4,0.5555555555555556,2376.162,4035.27,0.33964603423503953,160.04777777777778,2.0,0.2,4.0,0.4,22.0,1.0,34.8,12,15.0,5,3,4,5,3,115,117,167,0.1063,0.0,0.25,0.1704,T1,False,none
188517f4-a647-4790-b030-df7a3e389d8e,2.0,0.2222222222222222,1.0,7538.16,3769.08,493.5463911325861,61,1,2.0,1.0,8.0,2.0,1.0,0.5,2.0,1.0,4.0,2.0,1.0,0.5,0.2222222222222222,3769.08,4118.07,0.5462964436944825,8.603333333333333,4.0,0.0,2.0,0.5,19.0,0.0,56.0,6,6.0,2,2,2,2,2,48,48,59,0.3197,0.0,0.1098,0.0978,T1,False,none
49ba2863-0dd4-4c22-a588-acb56e455676,1.0,0.1111111111111111,1.0,1407.93,1407.93,0.0,49,1,1.0,1.0,9.0,1.0,1.0,1.0,1.0,1.0,7.0,1.0,1.0,1.0,0.1111111111111111,1407.93,1407.93,1.0,0.0,9.0,0.0,1.0,1.0,22.0,1.0,9.0,3,3.0,1,1,1,1,1,35,35,57,0.2807,0.0,0.0921,0.0244,T1,False,none
f6bcc4a9-64fb-43d8-950c-76b83e052d5d,5.0,0.5555555555555556,5.0,16171.15,3234.23,1774.1776491800365,80,0,1.0,5.0,4.0,1.0,1.0,1.0,2.0,2.5,3.0,2.0,1.0,0.6,0.5555555555555556,3234.23,4798.16,0.2967111182568958,169.16472222222222,0.0,0.0,4.0,0.4,28.0,3.0,48.4,7,15.0,1,2,4,1,2,105,108,103,0.2271,0.0,0.2014,0.1192,T1,False,none
3478c3f6-c51a-49a3-87c2-304aae1d88e8,3.0,0.3333333333333333,2.0,9373.18,3124.3933333333334,1328.2656203611282,29,0,1.0,3.0,7.0,1.0,1.0,1.0,2.0,1.5,4.0,2.0,1.0,0.6666666666666666,0.3333333333333333,3124.3933333333334,4650.19,0.49611657943195364,79.46888888888888,9.0,0.3333333333333333,2.0,0.6666666666666666,21.0,3.0,69.66666666666667,5,9.0,1,2,2,1,2,50,50,126,0.1498,0.0,0.1572,0.1186,T1,False,none
749af575-8088-42d4-b707-c4284e224a3b,1.0,0.1111111111111111,1.0,1892.95,1892.95,0.0,58,1,1.0,1.0,5.0,1.0,1.0,1.0,1.0,1.0,4.0,1.0,1.0,1.0,0.1111111111111111,1892.95,1892.95,1.0,0.0,12.0,0.0,1.0,1.0,11.0,0.0,41.0,3,3.0,1,1,1,1,1,17,17,104,0.1637,0.0,0.1654,0.1067,T1,False,none
0cf5636d-f399-483d-a71f-f411704f922e,1.0,0.1111111111111111,1.0,4654.61,4654.61,0.0,53,0,1.0,1.0,12.0,1.0,1.0,1.0,1.0,1.0,2.0,1.0,1.0,1.0,0.1111111111111111,4654.61,4654.61,1.0,0.0,19.0,1.0,1.0,1.0,25.0,0.0,43.0,3,3.0,1,1,1,1,1,35,36,103,0.2271,0.0,0.2014,0.1192,T1,False,none
5c53f154-fa50-4f2c-9f8c-33a2d04ce6e0,1.0,0.1111111111111111,1.0,2493.66,2493.66,0.0,67,0,1.0,1.0,5.0,1.0,1.0,1.0,1.0,1.0,6.0,1.0,1.0,1.0,0.1111111111111111,2493.66,2493.66,1.0,0.0,17.0,0.0,1.0,1.0,22.0,2.0,57.0,3,3.0,1,1,1,1,1,30,30,59,0.2957,0.0,0.0649,0.0215,T1,False,none
fab8998c-899a-423b-b07e-d6f0b8bdb26f,2.0,0.2222222222222222,2.0,4668.87,2334.435,269.42889683551,70,0,1.0,2.0,6.0,1.0,1.0,1.0,2.0,1.0,4.0,2.0,1.0,0.5,0.2222222222222222,2334.435,2524.95,0.5408053768899113,188.72611111111112,7.0,0.0,1.0,1.0,21.0,1.0,67.0,4,6.0,1,2,1,1,2,29,29,89,0.2028,0.0,0.1043,0.0515,T1,False,none
0be8aefb-e984-4ce6-868d-f4cd015654c2,4.0,0.4444444444444444,3.0,4850.240000000001,1212.5600000000002,1028.8724693890233,48,0,2.0,2.0,7.0,2.0,1.0,0.5,1.0,4.0,3.0,1.0,1.0,1.0,0.4444444444444444,1212.5600000000002,2510.31,0.5175640793032921,171.1725,17.0,0.0,1.0,1.0,23.0,3.0,39.0,4,12.0,2,1,1,2,1,35,35,143,0.1277,0.0,0.241,0.0927,T1,False,none
d05e9c8b-8817-45cf-9305-412b0fa0172b,7.0,0.7777777777777778,5.0,21224.41,3032.058571428571,1073.5639643174284,38,1,2.0,3.5,7.0,2.0,1.0,0.5714285714285714,4.0,1.75,6.0,4.0,1.0,0.5714285714285714,0.7777777777777778,3032.058571428571,4662.49,0.21967583551203543,224.81666666666666,0.0,0.42857142857142855,3.0,0.42857142857142855,23.0,0.0,12.714285714285714,9,21.0,2,4,3,2,4,69,71,121,0.1433,0.0,0.2418,0.1111,T1,False,none
b517a1b2-5b07-4b1b-962d-942d96ecb1c6,3.0,0.3333333333333333,2.0,3518.04,1172.68,740.2880804794846,67,1,1.0,3.0,7.0,1.0,1.0,1.0,1.0,3.0,3.0,1.0,1.0,1.0,0.3333333333333333,1172.68,1909.57,0.5427937146820389,123.02305555555556,3.0,0.3333333333333333,3.0,0.3333333333333333,26.0,1.0,59.0,5,9.0,1,1,3,1,1,68,69,78,0.2521,0.0,0.1237,0.0763,T1,False,none
51f1b556-d139-40ce-bd57-35055bec6c48,4.0,0.4444444444444444,4.0,11168.28,2792.07,2117.578252123559,33,1,3.0,1.3333333333333333,9.0,3.0,1.0,0.5,1.0,4.0,6.0,1.0,1.0,1.0,0.4444444444444444,2792.07,4708.25,0.42157342043716667,217.30555555555554,0.0,0.0,3.0,0.5,19.0,1.0,74.0,7,12.0,3,1,3,3,1,72,73,173,0.0954,0.0,0.2136,0.1548,T1,False,none
b475c7d2-d076-432c-8905-c4cb8ee4a9b9,3.0,0.3333333333333333,3.0,11966.98,3988.9933333333333,924.3553591738046,59,0,1.0,3.0,6.0,1.0,1.0,1.0,2.0,1.5,5.0,2.0,1.0,0.6666666666666666,0.3333333333333333,3988.9933333333333,4659.75,0.3893839548490931,148.00027777777777,4.0,0.3333333333333333,3.0,0.3333333333333333,26.0,3.0,39.666666666666664,6,9.0,1,2,3,1,2,74,74,65,0.3611,0.0,0.0889,0.0707,T1,False,none
a0180daf-d8d3-4319-9473-c77ab181fbd2,2.0,0.2222222222222222,2.0,6010.05,3005.025,2549.226012194682,55,0,2.0,1.0,9.0,2.0,1.0,0.5,1.0,2.0,5.0,1.0,1.0,1.0,0.2222222222222222,3005.025,4807.6,0.7999267892945983,33.38055555555555,13.0,0.0,2.0,0.5,23.0,1.0,26.5,5,6.0,2,1,2,2,1,60,61,121,0.1433,0.0,0.2418,0.1111,T1,False,none
d5ab14a8-ac6f-4f14-8a48-9935b6943436,5.0,0.5555555555555556,5.0,15598.8,3119.7599999999998,1293.6389341118336,51,1,1.0,5.0,7.0,1.0,1.0,1.0,2.0,2.5,7.0,2.0,1.0,0.6,0.5555555555555556,3119.7599999999998,4453.14,0.28547965228094474,230.19916666666666,6.0,0.4,1.0,1.0,19.0,2.0,50.0,4,15.0,1,2,1,1,2,34,34,121,0.1433,0.0,0.2418,0.1111,T1,False,none
3a4eb73a-3fce-4936-b9f6-d52481f95bc3,4.0,0.4444444444444444,3.0,10269.75,2567.4375,1716.2291453916248,34,1,2.0,2.0,4.0,2.0,1.0,0.5,2.0,2.0,6.0,2.0,1.0,0.75,0.4444444444444444,2567.4375,4735.0,0.46106283015652766,178.8488888888889,0.0,0.0,1.0,1.0,20.0,2.0,79.0,5,12.0,2,2,1,2,2,33,33,104,0.1637,0.0,0.1654,0.1067,T1,False,none
73d9e14f-42ef-42ea-a37a-dc67623b873e,8.0,0.8888888888888888,6.0,20152.3,2519.0375,1674.8961530686865,86,0,2.0,4.0,6.0,2.0,1.0,0.5,2.0,4.0,2.0,1.0,0.5,0.625,0.8888888888888888,2519.0375,4878.35,0.24207410568520718,206.19166666666666,5.0,0.25,5.0,0.375,28.0,3.0,51.875,9,24.0,2,2,5,2,1,119,119,65,0.3611,0.0,0.0889,0.0707,T1,False,none
c9e81858-b5ad-436e-b3e6-41248f800e4e,0.0,0.0,0.0,0.0,0.0,0.0,60,1,0.0,0.0,0.0,0.0,0.0,0.0,0.0,0.0,0.0,0.0,0.0,0.0,0.0,0.0,0.0,0.0,0.0,0.0,0.0,0.0,0.0,0.0,0.0,0.0,0,0.0,0,0,0,0,0,0,0,1,0.0,0.0,0.0,0.0,T1,False,none
442c6658-5ef5-4c25-be1a-bdbf7a1dd86b,8.0,0.8888888888888888,6.0,13823.93,1727.99125,1370.2357162853145,60,1,1.0,8.0,4.0,1.0,1.0,1.0,5.0,1.6,7.0,5.0,1.0,0.375,0.8888888888888888,1727.99125,4038.92,0.29216872481269796,224.1927777777778,5.0,0.0,2.0,0.875,19.0,0.0,7.625,8,24.0,1,5,2,1,5,53,54,104,0.1637,0.0,0.1654,0.1067,T1,False,none
91a15c9c-7524-4d95-97b3-22f6584db255,4.0,0.4444444444444444,3.0,13109.84,3277.46,1738.679061203265,20,1,1.0,4.0,6.0,1.0,1.0,1.0,2.0,2.0,5.0,2.0,1.0,0.5,0.4444444444444444,3277.46,4711.7,0.35940179285178153,71.35222222222222,5.0,0.25,2.0,0.75,22.0,2.0,1.75,5,12.0,1,2,2,1,2,52,52,86,0.1967,0.0,0.161,0.0515,T1,False,none
d686cf9d-38ef-4858-bd7e-a662a3042856,1.0,0.1111111111111111,1.0,1984.14,1984.14,0.0,40,1,1.0,1.0,5.0,1.0,1.0,1.0,1.0,1.0,6.0,1.0,1.0,1.0,0.1111111111111111,1984.14,1984.14,1.0,0.0,8.0,0.0,1.0,1.0,20.0,0.0,57.0,3,3.0,1,1,1,1,1,28,28,143,0.1277,0.0,0.241,0.0927,T1,False,none
0d2a32ba-ab5d-4192-99b7-837e440ad8b9,3.0,0.3333333333333333,2.0,9322.11,3107.3700000000003,1859.9605918674727,34,1,2.0,1.5,9.0,2.0,1.0,0.6666666666666666,3.0,1.0,5.0,3.0,1.0,0.3333333333333333,0.3333333333333333,3107.3700000000003,4798.0,0.5146903437097395,182.07,5.0,0.3333333333333333,3.0,0.3333333333333333,29.0,1.0,20.666666666666668,8,9.0,2,3,3,2,3,92,92,64,0.3686,0.0,0.1444,0.0659,T1,False,none
6a6e448b-ac23-4c7b-910c-5ed1ee8d5d21,1.0,0.1111111111111111,1.0,1920.04,1920.04,0.0,54,1,1.0,1.0,7.0,1.0,1.0,1.0,1.0,1.0,7.0,1.0,1.0,1.0,0.1111111111111111,1920.04,1920.04,1.0,0.0,18.0,1.0,1.0,1.0,17.0,2.0,57.0,3,3.0,1,1,1,1,1,28,28,118,0.1482,0.0,0.2319,0.119,T1,False,none
7b1490e1-80aa-4b3d-8fb1-6177ac887fea,3.0,0.3333333333333333,3.0,5946.61,1982.2033333333331,1142.3266305367013,35,0,1.0,3.0,5.0,1.0,1.0,1.0,1.0,3.0,1.0,0.0,0.0,1.0,0.3333333333333333,1982.2033333333331,2953.72,0.4967065269119717,103.28583333333333,0.0,0.0,2.0,0.6666666666666666,22.0,1.0,57.0,4,9.0,1,1,2,1,0,42,42,50,0.3086,0.0,0.0411,0.037,T1,False,none
95eccd19-bbcc-4630-a910-f4f436e427b7,5.0,0.5555555555555556,5.0,8966.55,1793.31,1672.0505825183639,21,1,3.0,1.6666666666666667,11.0,3.0,1.0,0.4,1.0,5.0,3.0,1.0,1.0,1.0,0.5555555555555556,1793.31,4778.99,0.532979797134907,165.38444444444445,6.0,0.2,2.0,0.8,26.0,3.0,30.0,6,15.0,3,1,2,3,1,63,63,121,0.1433,0.0,0.2418,0.1111,T1,False,none
f679d853-1c20-4b29-9a64-6c73f1683cc2,2.0,0.2222222222222222,2.0,5530.83,2765.415,2068.5631066153137,71,1,1.0,2.0,9.0,1.0,1.0,1.0,1.0,2.0,5.0,1.0,1.0,1.0,0.2222222222222222,2765.415,4228.11,0.7644621150894169,36.965833333333336,5.0,0.0,1.0,1.0,19.0,1.0,68.0,3,6.0,1,1,1,1,1,30,30,65,0.3611,0.0,0.0889,0.0707,T1,False,none
094cbcbb-dd19-4fa6-8750-a03a8a4324f0,3.0,0.3333333333333333,2.0,4702.5,1567.5,390.69894842448696,17,0,1.0,3.0,5.0,1.0,1.0,1.0,2.0,1.5,6.0,2.0,1.0,0.6666666666666666,0.3333333333333333,1567.5,1920.36,0.40837001594896327,110.7775,0.0,0.3333333333333333,2.0,0.6666666666666666,23.0,0.0,21.333333333333332,5,9.0,1,2,2,1,2,51,51,89,0.2028,0.0,0.1043,0.0515,T1,False,none
57a43616-1a1f-40f1-9e10-d3f79d6ba4a5,0.0,0.0,0.0,0.0,0.0,0.0,62,1,0.0,0.0,0.0,0.0,0.0,0.0,0.0,0.0,0.0,0.0,0.0,0.0,0.0,0.0,0.0,0.0,0.0,0.0,0.0,0.0,0.0,0.0,0.0,0.0,0,0.0,0,0,0,0,0,0,0,1,0.0,0.0,0.0,0.0,T1,False,none
d6083b53-6ce1-45b4-bf7a-eebdfad10b8c,6.0,0.6666666666666666,4.0,5754.68,959.1133333333333,581.1910572493925,64,1,2.0,3.0,7.0,2.0,1.0,0.8333333333333334,1.0,6.0,4.0,1.0,1.0,1.0,0.6666666666666666,959.1133333333333,1899.47,0.3300739571965774,111.75722222222223,5.0,0.0,2.0,0.6666666666666666,21.0,3.0,43.0,5,18.0,2,1,2,2,1,46,46,118,0.1482,0.0,0.2319,0.119,T1,False,none
86d086ae-f4bd-43fe-b8e8-aa26e21262d8,4.0,0.4444444444444444,3.0,8696.289999999999,2174.0724999999998,1594.3228301147167,27,0,1.0,4.0,9.0,1.0,1.0,1.0,1.0,4.0,7.0,1.0,1.0,1.0,0.4444444444444444,2174.0724999999998,3438.85,0.395438744568086,153.9611111111111,0.0,0.5,3.0,0.5,26.0,0.0,37.75,5,12.0,1,1,3,1,1,76,77,74,0.2714,0.0,0.1287,0.0855,T1,False,none
1c9e0239-205f-4b47-93d1-9536600bac41,4.0,0.4444444444444444,3.0,9290.65,2322.6625,1810.9983295846337,50,1,2.0,2.0,5.0,2.0,1.0,0.75,2.0,2.0,6.0,2.0,1.0,0.75,0.4444444444444444,2322.6625,4827.42,0.5195998127149338,172.185,6.0,0.0,2.0,0.75,19.0,3.0,29.75,6,12.0,2,2,2,2,2,49,49,86,0.1967,0.0,0.161,0.0515,T1,False,none
5584e1ee-70f9-447e-8bcc-aa1507ad3814,7.0,0.7777777777777778,5.0,24348.05,3478.292857142857,675.3653750307875,64,1,3.0,2.3333333333333335,7.0,3.0,1.0,0.7142857142857143,3.0,2.3333333333333335,6.0,3.0,1.0,0.7142857142857143,0.7777777777777778,3478.292857142857,4559.07,0.1872457958645559,122.04888888888888,17.0,0.14285714285714285,3.0,0.5714285714285714,22.0,3.0,68.85714285714286,9,21.0,3,3,3,3,3,83,86,59,0.2957,0.0,0.0649,0.0215,T1,False,none
258e6f37-b597-457c-b47e-d866879789d9,2.0,0.2222222222222222,2.0,9061.95,4530.975,167.44995685278627,41,0,1.0,2.0,6.0,1.0,1.0,1.0,1.0,2.0,6.0,1.0,1.0,1.0,0.2222222222222222,4530.975,4649.38,0.5130661722918356,71.25361111111111,22.0,0.0,2.0,0.5,29.0,0.0,61.5,4,6.0,1,1,2,1,1,57,57,89,0.2028,0.0,0.1043,0.0515,T1,False,none
c8620b05-0dec-422a-a558-d311941ef0f5,8.0,0.8888888888888888,5.0,23250.41,2906.30125,1287.289326335853,58,0,1.0,8.0,7.0,1.0,1.0,1.0,1.0,8.0,6.0,1.0,1.0,1.0,0.8888888888888888,2906.30125,4670.81,0.20089151116044837,194.8238888888889,21.0,0.25,3.0,0.5,20.0,0.0,26.125,5,24.0,1,1,3,1,1,55,56,74,0.2714,0.0,0.1287,0.0855,T1,False,none
8a491ff0-1c93-4844-914f-0a5b75c5472b,2.0,0.2222222222222222,2.0,4902.4400000000005,2451.2200000000003,1551.7034049070076,29,1,2.0,1.0,10.0,2.0,1.0,0.5,1.0,2.0,6.0,1.0,1.0,1.0,0.2222222222222222,2451.2200000000003,3548.44,0.7238110002366168,18.926111111111112,5.0,0.0,1.0,1.0,18.0,1.0,62.0,4,6.0,2,1,1,2,1,34,34,121,0.1433,0.0,0.2418,0.1111,T1,False,none
1dc31dc4-ccc0-4535-8941-58d2f251beca,2.0,0.2222222222222222,2.0,2239.55,1119.775,97.67265968529765,32,0,1.0,2.0,5.0,1.0,1.0,1.0,1.0,2.0,2.0,1.0,1.0,1.0,0.2222222222222222,1119.775,1188.84,0.5308387845772587,161.84805555555556,0.0,0.0,1.0,1.0,13.0,2.0,25.0,3,6.0,1,1,1,1,1,17,17,143,0.1277,0.0,0.241,0.0927,T1,False,none
5c98b0d4-03b3-4353-aa12-ad63f02f5b3c,4.0,0.4444444444444444,4.0,6495.2,1623.8,483.97747123876195,51,1,1.0,4.0,9.0,1.0,1.0,1.0,2.0,2.0,7.0,2.0,1.0,0.5,0.4444444444444444,1623.8,2309.27,0.35553485650942235,156.45055555555555,1.0,0.25,1.0,1.0,13.0,1.0,2.0,4,12.0,1,2,1,1,2,31,31,126,0.1498,0.0,0.1572,0.1186,T1,False,none
b34590f1-8d25-4f87-aa29-2e2a26aed040,3.0,0.3333333333333333,3.0,11904.52,3968.1733333333336,921.9547790067222,48,0,2.0,1.5,6.0,2.0,1.0,0.6666666666666666,1.0,3.0,4.0,1.0,1.0,1.0,0.3333333333333333,3968.1733333333336,4537.26,0.3811375847157214,127.09166666666667,1.0,0.3333333333333333,2.0,0.6666666666666666,19.0,0.0,60.333333333333336,5,9.0,2,1,2,2,1,44,45,65,0.3611,0.0,0.0889,0.0707,T1,False,none
ad62e262-5bfe-4dff-a2d9-596f7021647c,3.0,0.3333333333333333,2.0,9545.99,3181.9966666666664,2234.444165611066,74,0,2.0,1.5,7.0,2.0,1.0,0.6666666666666666,1.0,3.0,5.0,1.0,1.0,1.0,0.3333333333333333,3181.9966666666664,4584.16,0.48021839536810745,204.43833333333333,1.0,0.0,2.0,0.6666666666666666,21.0,2.0,68.33333333333333,5,9.0,2,1,2,2,1,52,53,74,0.2714,0.0,0.1287,0.0855,T1,False,none
0b11b00c-3a51-45a8-a987-1adeba63a656,6.0,0.6666666666666666,4.0,14259.63,2376.605,1602.0001673376942,25,0,3.0,2.0,8.0,3.0,1.0,0.5,3.0,2.0,3.0,3.0,1.0,0.6666666666666666,0.6666666666666666,2376.605,4762.28,0.3339693947178153,209.03722222222223,1.0,0.0,3.0,0.5,21.0,2.0,35.5,9,18.0,3,3,3,3,3,73,74,121,0.1433,0.0,0.2418,0.1111,T1,False,none
d4bf22bf-4983-4528-9484-df3f0ed0e0d7,2.0,0.2222222222222222,2.0,3021.52,1510.76,116.98374587950246,35,0,1.0,2.0,9.0,1.0,1.0,1.0,1.0,2.0,4.0,1.0,1.0,1.0,0.2222222222222222,1510.76,1593.48,0.527376949349996,87.2088888888889,7.0,0.5,2.0,0.5,21.0,0.0,75.0,4,6.0,1,1,2,1,1,50,50,173,0.0954,0.0,0.2136,0.1548,T1,False,none
0ca4eefe-1702-4699-9c72-3d737ee55ff4,4.0,0.4444444444444444,4.0,14423.220000000001,3605.8050000000003,1326.9221716815196,48,0,2.0,2.0,8.0,2.0,1.0,0.5,2.0,2.0,4.0,2.0,1.0,0.75,0.4444444444444444,3605.8050000000003,4676.01,0.32420014393457214,108.98722222222223,0.0,0.25,2.0,0.75,28.0,0.0,18.5,6,12.0,2,2,2,2,2,62,62,65,0.3611,0.0,0.0889,0.0707,T1,False,none
2587319a-a5f0-4b6c-b4de-fbe02b6754db,2.0,0.2222222222222222,2.0,5319.19,2659.595,1963.0486327266574,27,0,1.0,2.0,6.0,1.0,1.0,1.0,2.0,1.0,4.0,2.0,1.0,0.5,0.2222222222222222,2659.595,4047.68,0.7609579654045071,66.35722222222222,1.0,0.5,2.0,0.5,20.0,1.0,75.0,5,6.0,1,2,2,1,2,46,46,173,0.0954,0.0,0.2136,0.1548,T1,False,none
0f63dd5d-971a-4907-807c-5cc13bf4bf3c,4.0,0.4444444444444444,3.0,13088.1,3272.025,1341.6964122209863,78,1,1.0,4.0,4.0,1.0,1.0,1.0,3.0,1.3333333333333333,7.0,3.0,1.0,0.5,0.4444444444444444,3272.025,4406.85,0.33670662663029777,114.16166666666666,16.0,0.25,2.0,0.75,18.0,2.0,38.5,6,12.0,1,3,2,1,3,44,44,121,0.1362,0.0,0.2722,0.12,T1,False,none
9f22f4c4-bc91-4627-b61d-71deb47aff25,1.0,0.1111111111111111,1.0,3838.87,3838.87,0.0,63,1,1.0,1.0,6.0,1.0,1.0,1.0,1.0,1.0,3.0,1.0,1.0,1.0,0.1111111111111111,3838.87,3838.87,1.0,0.0,17.0,0.0,1.0,1.0,23.0,1.0,46.0,3,3.0,1,1,1,1,1,29,29,59,0.3197,0.0,0.1098,0.0978,T1,False,none
e2ae01f6-46d2-46f4-8bb7-47a99bc7e36e,1.0,0.1111111111111111,1.0,807.6,807.6,0.0,18,1,1.0,1.0,9.0,1.0,1.0,1.0,1.0,1.0,5.0,1.0,1.0,1.0,0.1111111111111111,807.6,807.6,1.0,0.0,13.0,0.0,1.0,1.0,21.0,0.0,25.0,3,3.0,1,1,1,1,1,32,32,118,0.1482,0.0,0.2319,0.119,T1,False,none
7bdeb691-bdaf-482d-94cb-e74782002082,5.0,0.5555555555555556,4.0,9628.18,1925.636,1660.653181049553,51,0,2.0,2.5,10.0,2.0,1.0,0.6,2.0,2.5,7.0,2.0,1.0,0.8,0.5555555555555556,1925.636,4470.34,0.46429751001746955,144.09777777777776,14.0,0.2,2.0,0.8,19.0,3.0,67.0,6,15.0,2,2,2,2,2,60,61,104,0.1637,0.0,0.1654,0.1067,T1,False,none
e10badbd-73ef-48af-8670-bebb2304883d,1.0,0.1111111111111111,1.0,4201.69,4201.69,0.0,63,1,1.0,1.0,4.0,1.0,1.0,1.0,1.0,1.0,3.0,1.0,1.0,1.0,0.1111111111111111,4201.69,4201.69,1.0,0.0,21.0,0.0,1.0,1.0,20.0,1.0,78.0,3,3.0,1,1,1,1,1,24,24,173,0.0954,0.0,0.2136,0.1548,T1,False,none
166004a6-c337-4f65-864a-4e730d44e7e4,5.0,0.5555555555555556,4.0,16996.38,3399.2760000000003,1237.8580871933584,69,0,1.0,5.0,6.0,1.0,1.0,1.0,1.0,5.0,1.0,0.0,0.0,1.0,0.5555555555555556,3399.2760000000003,4931.06,0.2901241323152342,163.65777777777777,0.0,0.4,1.0,1.0,19.0,0.0,5.0,3,15.0,1,1,1,1,0,23,23,126,0.1498,0.0,0.1572,0.1186,T1,False,none
2ddb50df-36a6-42d5-992f-99c2bd7e9fc3,4.0,0.4444444444444444,4.0,13183.08,3295.77,1711.688757981427,51,1,1.0,4.0,6.0,1.0,1.0,1.0,3.0,1.3333333333333333,7.0,3.0,1.0,0.5,0.4444444444444444,3295.77,4910.32,0.37247137998100593,133.73222222222222,5.0,0.0,2.0,0.75,25.0,2.0,22.0,6,12.0,1,3,2,1,3,59,60,57,0.2807,0.0,0.0921,0.0244,T1,False,none
71e41d5d-413d-4653-9da2-3ac20740a314,4.0,0.4444444444444444,4.0,7291.38,1822.845,1497.1351812600847,81,1,1.0,4.0,5.0,1.0,1.0,1.0,1.0,4.0,8.0,1.0,1.0,1.0,0.4444444444444444,1822.845,3337.54,0.4577377670619279,90.16888888888889,7.0,0.0,2.0,0.5,15.0,2.0,33.5,4,12.0,1,1,2,1,1,38,38,59,0.3197,0.0,0.1098,0.0978,T1,False,none
10adcd26-eea8-46d2-8f7f-c796baedbd6f,5.0,0.5555555555555556,4.0,12110.68,2422.136,1339.857830361117,45,0,3.0,1.6666666666666667,9.0,3.0,1.0,0.6,3.0,1.6666666666666667,6.0,3.0,1.0,0.6,0.5555555555555556,2422.136,4351.96,0.3593489382924823,186.7302777777778,1.0,0.2,3.0,0.4,21.0,2.0,57.8,9,15.0,3,3,3,3,3,84,85,167,0.1063,0.0,0.25,0.1704,T1,False,none
9c41f7ab-4889-45fe-b93a-26f996ae89d3,4.0,0.4444444444444444,4.0,4962.13,1240.5325,1049.2041679093413,39,0,1.0,4.0,8.0,1.0,1.0,1.0,3.0,1.3333333333333333,8.0,3.0,1.0,0.5,0.4444444444444444,1240.5325,2652.48,0.5345446411117806,207.72694444444446,11.0,0.0,2.0,0.75,21.0,1.0,17.5,6,12.0,1,3,2,1,3,54,55,104,0.1637,0.0,0.1654,0.1067,T1,False,none
5012d5f5-cb85-4d2e-9326-2cfcecd04bf9,2.0,0.2222222222222222,2.0,5448.53,2724.265,2345.664112026698,25,0,2.0,1.0,5.0,2.0,1.0,0.5,1.0,2.0,2.0,1.0,1.0,1.0,0.2222222222222222,2724.265,4382.9,0.8044188065404797,82.6763888888889,3.0,0.5,2.0,0.5,23.0,0.0,61.5,5,6.0,2,1,2,2,1,49,50,143,0.1277,0.0,0.241,0.0927,T1,False,none
ddadc454-1439-4a95-82f1-bb45dff74ed5,3.0,0.3333333333333333,2.0,4332.93,1444.3100000000002,558.8351256855639,18,1,1.0,3.0,7.0,1.0,1.0,1.0,2.0,1.5,6.0,2.0,1.0,0.6666666666666666,0.3333333333333333,1444.3100000000002,2058.14,0.47499959611625386,19.69472222222222,10.0,0.0,2.0,0.6666666666666666,21.0,2.0,53.666666666666664,5,9.0,1,2,2,1,2,50,50,173,0.0954,0.0,0.2136,0.1548,T1,False,none
741d0694-d65e-4142-80e3-68f91d9fdcc8,5.0,0.5555555555555556,4.0,9533.27,1906.654,1433.2177458362703,72,1,1.0,5.0,5.0,1.0,1.0,1.0,1.0,5.0,5.0,1.0,1.0,1.0,0.5555555555555556,1906.654,4185.2,0.4390099095063918,168.17694444444444,20.0,0.2,2.0,0.8,22.0,1.0,8.8,4,15.0,1,1,2,1,1,49,49,57,0.2807,0.0,0.0921,0.0244,T1,False,none
4f66cbb7-2352-4dc6-aaf2-a53af093bd2f,1.0,0.1111111111111111,1.0,3398.94,3398.94,0.0,39,1,1.0,1.0,9.0,1.0,1.0,1.0,1.0,1.0,4.0,1.0,1.0,1.0,0.1111111111111111,3398.94,3398.94,1.0,0.0,13.0,0.0,1.0,1.0,23.0,2.0,8.0,3,3.0,1,1,1,1,1,33,33,66,0.3865,0.0,0.1807,0.0805,T1,False,none
e656c6ab-55fa-4960-ad3c-ab20b5b3c3e2,2.0,0.2222222222222222,2.0,1825.58,912.79,833.6930371545633,67,1,1.0,2.0,10.0,1.0,1.0,1.0,1.0,2.0,4.0,1.0,1.0,1.0,0.2222222222222222,912.79,1502.3,0.8229165525476835,67.99583333333334,12.0,0.5,1.0,1.0,25.0,0.0,43.0,3,6.0,1,1,1,1,1,36,36,103,0.2271,0.0,0.2014,0.1192,T1,False,none
363a9494-4ce7-4b72-9a64-a2dfb7e02078,1.0,0.1111111111111111,1.0,3551.87,3551.87,0.0,79,0,1.0,1.0,2.0,1.0,1.0,1.0,1.0,1.0,6.0,1.0,1.0,1.0,0.1111111111111111,3551.87,3551.87,1.0,0.0,18.0,0.0,1.0,1.0,28.0,0.0,2.0,3,3.0,1,1,1,1,1,33,33,65,0.3611,0.0,0.0889,0.0707,T1,False,none
f83463b2-c092-4cfb-a04c-13494568cff9,4.0,0.4444444444444444,3.0,8656.5,2164.125,1950.6812231201013,36,1,2.0,2.0,11.0,2.0,1.0,0.75,1.0,4.0,5.0,1.0,1.0,1.0,0.4444444444444444,2164.125,4486.6,0.5182926124877261,198.1,1.0,0.25,3.0,0.5,28.0,0.0,61.0,6,12.0,2,1,3,2,1,78,80,65,0.3611,0.0,0.0889,0.0707,T1,False,none
4cd2fad5-3875-4352-a4a9-e084c16013a0,4.0,0.4444444444444444,4.0,9485.41,2371.3525,1429.7319210344992,74,1,1.0,4.0,5.0,1.0,1.0,1.0,2.0,2.0,3.0,1.0,0.5,0.5,0.4444444444444444,2371.3525,4033.85,0.42526891299374514,172.78416666666666,2.0,0.0,1.0,1.0,19.0,2.0,73.0,4,12.0,1,2,1,1,1,24,24,59,0.2957,0.0,0.0649,0.0215,T1,False,none
4967557d-2e2a-4179-baea-d7748b1f9210,2.0,0.2222222222222222,1.0,5927.85,2963.925,952.1829204779926,53,1,1.0,2.0,6.0,1.0,1.0,1.0,1.0,2.0,2.0,1.0,1.0,1.0,0.2222222222222222,2963.925,3637.22,0.6135816527071366,16.621111111111112,0.0,1.0,2.0,0.5,20.0,0.0,11.5,4,6.0,1,1,2,1,1,43,44,126,0.1498,0.0,0.1572,0.1186,T1,False,none
b748bbc7-795f-48d9-9f95-93acf48bccf2,8.0,0.8888888888888888,7.0,18891.170000000002,2361.3962500000002,1646.1916440850246,58,1,2.0,4.0,6.0,2.0,1.0,0.875,2.0,4.0,3.0,2.0,1.0,0.625,0.8888888888888888,2361.3962500000002,4354.33,0.23049551721783243,209.15944444444443,9.0,0.25,5.0,0.375,25.0,3.0,43.625,9,24.0,2,2,5,2,2,110,113,64,0.3686,0.0,0.1444,0.0659,T1,False,none
a667810a-3eb2-4e33-9097-c830a99fbc05,3.0,0.3333333333333333,3.0,6432.67,2144.2233333333334,1708.7882375043823,76,1,1.0,3.0,5.0,1.0,1.0,1.0,3.0,1.0,5.0,2.0,0.6666666666666666,0.3333333333333333,0.3333333333333333,2144.2233333333334,3909.85,0.607811375369792,118.36722222222222,1.0,0.3333333333333333,3.0,0.3333333333333333,22.0,0.0,69.66666666666667,7,9.0,1,3,3,1,2,67,67,59,0.2957,0.0,0.0649,0.0215,T1,False,none
3771192d-07c4-448f-9516-ffe408a9d98f,5.0,0.5555555555555556,5.0,11006.46,2201.292,1743.9040693856987,66,0,1.0,5.0,6.0,1.0,1.0,1.0,2.0,2.5,6.0,2.0,1.0,0.6,0.5555555555555556,2201.292,4832.95,0.4391012187388134,221.35194444444446,2.0,0.2,3.0,0.4,24.0,0.0,30.0,6,15.0,1,2,3,1,2,64,64,126,0.1498,0.0,0.1572,0.1186,T1,False,none
10e4a0d3-fc5b-464c-9b57-347f185ea889,2.0,0.2222222222222222,2.0,2397.42,1198.71,177.44137567095228,16,0,1.0,2.0,5.0,1.0,1.0,1.0,1.0,2.0,4.0,1.0,1.0,1.0,0.2222222222222222,1198.71,1324.18,0.5523354272509614,59.244166666666665,8.0,0.5,2.0,0.5,26.0,0.0,27.0,4,6.0,1,1,2,1,1,56,56,65,0.3611,0.0,0.0889,0.0707,T1,False,none
ce5570c0-90ee-4311-9417-8080471bd214,6.0,0.6666666666666666,5.0,9602.82,1600.47,1212.7861071598734,54,1,2.0,3.0,7.0,2.0,1.0,0.5,1.0,6.0,8.0,1.0,1.0,1.0,0.6666666666666666,1600.47,3818.49,0.39764256749579807,162.29333333333332,2.0,0.3333333333333333,2.0,0.8333333333333334,28.0,3.0,58.5,5,18.0,2,1,2,2,1,54,55,103,0.2271,0.0,0.2014,0.1192,T1,False,none
71522d0e-c14e-4613-8bc1-eeea314ba3ef,1.0,0.1111111111111111,1.0,2652.39,2652.39,0.0,64,1,1.0,1.0,6.0,1.0,1.0,1.0,1.0,1.0,7.0,1.0,1.0,1.0,0.1111111111111111,2652.39,2652.39,1.0,0.0,14.0,0.0,1.0,1.0,27.0,1.0,88.0,3,3.0,1,1,1,1,1,37,37,126,0.1498,0.0,0.1572,0.1186,T1,False,none
a9cc5c23-5527-4128-acf5-894bec6e7752,3.0,0.3333333333333333,3.0,8013.19,2671.063333333333,1930.0904534848446,88,0,2.0,1.5,8.0,2.0,1.0,0.6666666666666666,1.0,3.0,6.0,1.0,1.0,1.0,0.3333333333333333,2671.063333333333,4850.57,0.6053232233355256,145.76416666666665,12.0,0.3333333333333333,2.0,0.6666666666666666,29.0,3.0,62.666666666666664,5,9.0,2,1,2,2,1,61,61,64,0.3686,0.0,0.1444,0.0659,T1,False,none
408f7485-1b8a-4e24-9bbb-5baced373a96,2.0,0.2222222222222222,2.0,3582.66,1791.33,832.448529219675,49,1,2.0,1.0,9.0,2.0,1.0,0.5,2.0,1.0,5.0,2.0,1.0,0.5,0.2222222222222222,1791.33,2379.96,0.6642997102711393,125.625,17.0,0.5,2.0,0.5,23.0,1.0,49.5,6,6.0,2,2,2,2,2,59,61,121,0.1433,0.0,0.2418,0.1111,T1,False,none
8101e3d3-11bd-4a2a-84c3-3ce89c419eda,4.0,0.4444444444444444,4.0,8801.83,2200.4575,1430.233087026377,66,1,3.0,1.3333333333333333,9.0,3.0,1.0,0.5,2.0,2.0,3.0,2.0,1.0,0.75,0.4444444444444444,2200.4575,3899.2,0.4429987854798377,149.8275,4.0,0.25,1.0,1.0,23.0,2.0,69.0,6,12.0,3,2,1,3,2,44,44,173,0.0954,0.0,0.2136,0.1548,T1,False,none
19a9451d-8318-4ac3-8ba2-e4d690e44dfb,4.0,0.4444444444444444,3.0,7552.73,1888.1825,1370.4559335582446,33,0,2.0,2.0,10.0,2.0,1.0,0.75,1.0,4.0,2.0,1.0,1.0,1.0,0.4444444444444444,1888.1825,3938.41,0.5214551559502326,195.3177777777778,9.0,0.0,2.0,0.75,23.0,1.0,41.75,5,12.0,2,1,2,2,1,53,55,66,0.3865,0.0,0.1807,0.0805,T1,False,none
a4fce3f6-79d8-4945-95e3-05491f15fe79,5.0,0.5555555555555556,3.0,17448.34,3489.668,758.3798715485532,41,1,3.0,1.6666666666666667,10.0,3.0,1.0,0.4,1.0,5.0,2.0,1.0,1.0,1.0,0.5555555555555556,3489.668,4384.87,0.25130585488361645,92.44916666666667,0.0,0.4,3.0,0.4,21.0,2.0,49.4,7,15.0,3,1,3,3,1,70,70,118,0.1482,0.0,0.2319,0.119,T1,False,none
1a1136d7-2b2d-496f-baf4-a4a4c33d9536,4.0,0.4444444444444444,4.0,8693.79,2173.4475,922.7405374345489,44,1,2.0,2.0,10.0,2.0,1.0,0.75,3.0,1.3333333333333333,6.0,3.0,1.0,0.5,0.4444444444444444,2173.4475,3011.8,0.34643118823896135,217.11027777777778,6.0,0.0,3.0,0.5,25.0,1.0,59.5,8,12.0,2,3,3,2,3,87,89,121,0.1362,0.0,0.2722,0.12,T1,False,none
6ebeb3ac-ac83-4f0b-9535-000405231034,3.0,0.3333333333333333,3.0,4933.82,1644.6066666666666,1132.9529233967905,31,1,1.0,3.0,8.0,1.0,1.0,1.0,2.0,1.5,7.0,2.0,1.0,0.6666666666666666,0.3333333333333333,1644.6066666666666,2941.05,0.5960999793263638,161.88222222222223,13.0,0.0,2.0,0.6666666666666666,19.0,1.0,74.33333333333333,5,9.0,1,2,2,1,2,52,52,173,0.0954,0.0,0.2136,0.1548,T1,False,none
fec439d3-1cf2-42cc-9408-eeb7a21105f4,1.0,0.1111111111111111,1.0,4934.09,4934.09,0.0,24,1,1.0,1.0,6.0,1.0,1.0,1.0,1.0,1.0,6.0,1.0,1.0,1.0,0.1111111111111111,4934.09,4934.09,1.0,0.0,3.0,0.0,1.0,1.0,21.0,3.0,87.0,3,3.0,1,1,1,1,1,30,30,59,0.2957,0.0,0.0649,0.0215,T1,False,none
99382d2e-6929-4c0f-8f77-1e9c8620d1cd,1.0,0.1111111111111111,1.0,4251.54,4251.54,0.0,32,1,1.0,1.0,11.0,1.0,1.0,1.0,1.0,1.0,5.0,1.0,1.0,1.0,0.1111111111111111,4251.54,4251.54,1.0,0.0,10.0,0.0,1.0,1.0,20.0,3.0,12.0,3,3.0,1,1,1,1,1,33,33,126,0.1498,0.0,0.1572,0.1186,T1,False,none
cd6dba54-ed38-4c35-aba2-d4b179a565a0,3.0,0.3333333333333333,3.0,6479.280000000001,2159.76,942.9275762750816,28,1,2.0,1.5,9.0,2.0,1.0,0.6666666666666666,2.0,1.5,6.0,1.0,0.5,0.6666666666666666,0.3333333333333333,2159.76,2898.31,0.4473197639243866,177.01416666666665,11.0,0.3333333333333333,3.0,0.3333333333333333,21.0,0.0,33.333333333333336,7,9.0,2,2,3,2,1,67,68,74,0.2714,0.0,0.1287,0.0855,T1,False,none
af437619-4dbe-4aca-b133-928f18b0a147,3.0,0.3333333333333333,3.0,9808.81,3269.603333333333,1560.0387586317634,10,0,2.0,1.5,8.0,2.0,1.0,0.6666666666666666,2.0,1.5,3.0,2.0,1.0,0.6666666666666666,0.3333333333333333,3269.603333333333,4986.32,0.5083511659416382,164.4752777777778,0.0,0.0,2.0,0.6666666666666666,19.0,2.0,36.333333333333336,6,9.0,2,2,2,2,2,49,50,173,0.0954,0.0,0.2136,0.1548,T1,False,none
db546700-3d48-4dcd-b599-b82d98c8036f,3.0,0.3333333333333333,2.0,7895.11,2631.7033333333334,651.3675104219841,38,1,2.0,1.5,8.0,2.0,1.0,0.6666666666666666,1.0,3.0,4.0,1.0,1.0,1.0,0.3333333333333333,2631.7033333333334,3140.39,0.3977639323581305,88.62611111111111,2.0,0.0,3.0,0.3333333333333333,21.0,1.0,56.666666666666664,6,9.0,2,1,3,2,1,67,69,74,0.2714,0.0,0.1287,0.0855,T1,False,none
10627dfb-752c-4460-9b39-fe23377e32d1,6.0,0.6666666666666666,6.0,13712.9,2285.483333333333,1163.0602969694505,23,1,1.0,6.0,9.0,1.0,1.0,1.0,1.0,6.0,4.0,1.0,1.0,1.0,0.6666666666666666,2285.483333333333,3935.45,0.2869888936694645,180.89333333333335,2.0,0.0,4.0,0.5,30.0,2.0,52.333333333333336,6,18.0,1,1,4,1,1,98,99,66,0.3865,0.0,0.1807,0.0805,T1,False,none
bf081f47-46cc-4738-b44c-3cd23facb8a3,8.0,0.8888888888888888,6.0,19823.95,2477.99375,1774.1032151640325,35,1,2.0,4.0,10.0,2.0,1.0,0.875,2.0,4.0,4.0,2.0,1.0,0.875,0.8888888888888888,2477.99375,4962.45,0.2503259945671776,182.0186111111111,0.0,0.25,3.0,0.5,22.0,0.0,72.75,7,24.0,2,2,3,2,2,78,79,64,0.3686,0.0,0.1444,0.0659,T1,False,none
7d0f5079-295f-4ca9-b9c9-b384ff7dd895,1.0,0.1111111111111111,1.0,536.43,536.43,0.0,34,0,1.0,1.0,6.0,1.0,1.0,1.0,1.0,1.0,6.0,1.0,1.0,1.0,0.1111111111111111,536.43,536.43,1.0,0.0,21.0,0.0,1.0,1.0,22.0,2.0,1.0,3,3.0,1,1,1,1,1,31,31,86,0.1967,0.0,0.161,0.0515,T1,False,none
17be9998-94bf-4907-9d3b-24e76354ee97,4.0,0.4444444444444444,4.0,8642.439999999999,2160.6099999999997,1791.0515672829372,41,1,2.0,2.0,9.0,2.0,1.0,0.75,2.0,2.0,5.0,2.0,1.0,0.75,0.4444444444444444,2160.6099999999997,4705.94,0.5445152063537613,139.60333333333332,4.0,0.25,2.0,0.75,23.0,1.0,48.5,6,12.0,2,2,2,2,2,57,57,89,0.2028,0.0,0.1043,0.0515,T1,False,none
427bad89-63dc-40d4-b140-fcb05db1b085,10.0,1.1111111111111112,8.0,28304.75,2830.475,1489.3376816353266,78,0,1.0,10.0,9.0,1.0,1.0,1.0,1.0,10.0,2.0,1.0,1.0,1.0,1.1111111111111112,2830.475,4999.12,0.1766177055087927,205.7225,1.0,0.2,4.0,0.7,20.0,3.0,32.4,6,30.0,1,1,4,1,1,73,74,173,0.0954,0.0,0.2136,0.1548,T1,False,none
ec3fadfe-0ca7-49af-94ea-5913c266cba0,6.0,0.6666666666666666,5.0,14961.529999999999,2493.588333333333,1437.03128583085,49,1,2.0,3.0,6.0,2.0,1.0,0.6666666666666666,2.0,3.0,4.0,2.0,1.0,0.8333333333333334,0.6666666666666666,2493.588333333333,4207.73,0.28123661149628415,123.195,2.0,0.3333333333333333,1.0,1.0,20.0,1.0,72.0,5,18.0,2,2,1,2,2,29,29,173,0.0954,0.0,0.2136,0.1548,T1,False,none
996b10bb-4c4b-4811-8f0c-ebc53f632387,1.0,0.1111111111111111,1.0,3419.13,3419.13,0.0,86,0,1.0,1.0,6.0,1.0,1.0,1.0,1.0,1.0,3.0,1.0,1.0,1.0,0.1111111111111111,3419.13,3419.13,1.0,0.0,5.0,1.0,1.0,1.0,17.0,1.0,50.0,3,3.0,1,1,1,1,1,23,23,126,0.1498,0.0,0.1572,0.1186,T1,False,none
a39bbd91-7b64-40c8-8c70-fa1fea132af7,0.0,0.0,0.0,0.0,0.0,0.0,82,1,0.0,0.0,0.0,0.0,0.0,0.0,0.0,0.0,0.0,0.0,0.0,0.0,0.0,0.0,0.0,0.0,0.0,0.0,0.0,0.0,0.0,0.0,0.0,0.0,0,0.0,0,0,0,0,0,0,0,1,0.0,0.0,0.0,0.0,T1,False,none
0e403694-55d8-4be3-a443-5183cf92d919,4.0,0.4444444444444444,3.0,13869.61,3467.4025,1582.626085748515,63,1,1.0,4.0,4.0,1.0,1.0,1.0,2.0,2.0,5.0,2.0,1.0,0.75,0.4444444444444444,3467.4025,4900.27,0.353309862353736,109.21638888888889,4.0,0.25,1.0,1.0,19.0,1.0,68.0,4,12.0,1,2,1,1,2,27,27,65,0.3611,0.0,0.0889,0.0707,T1,False,none
278f258d-367d-4809-8f7c-37903b42fcd7,3.0,0.3333333333333333,3.0,4682.37,1560.79,1261.2450659566523,22,1,1.0,3.0,7.0,1.0,1.0,1.0,2.0,1.5,2.0,1.0,0.5,0.6666666666666666,0.3333333333333333,1560.79,2872.17,0.6134009059514733,76.62805555555556,10.0,0.6666666666666666,1.0,1.0,15.0,3.0,45.0,4,9.0,1,2,1,1,1,21,21,86,0.1967,0.0,0.161,0.0515,T1,False,none
bd1be09b-477f-4df1-8dbe-1a6f496cca2b,3.0,0.3333333333333333,3.0,3454.23,1151.41,793.2969459162186,33,1,2.0,1.5,10.0,2.0,1.0,0.6666666666666666,2.0,1.5,6.0,2.0,1.0,0.6666666666666666,0.3333333333333333,1151.41,1995.43,0.5776772247360483,119.56777777777778,9.0,0.3333333333333333,2.0,0.6666666666666666,21.0,0.0,56.666666666666664,6,9.0,2,2,2,2,2,60,61,126,0.1498,0.0,0.1572,0.1186,T1,False,none
6c1a31f4-6348-4273-a23f-e14e1eedee8a,1.0,0.1111111111111111,1.0,522.53,522.53,0.0,84,0,1.0,1.0,8.0,1.0,1.0,1.0,1.0,1.0,6.0,1.0,1.0,1.0,0.1111111111111111,522.53,522.53,1.0,0.0,23.0,0.0,1.0,1.0,16.0,3.0,14.0,3,3.0,1,1,1,1,1,27,27,173,0.0954,0.0,0.2136,0.1548,T1,False,none
b5e78cef-23a0-49ec-ad22-8c69b754f69b,2.0,0.2222222222222222,2.0,2499.38,1249.69,304.33875862269014,70,0,2.0,1.0,9.0,2.0,1.0,0.5,1.0,2.0,1.0,0.0,0.0,1.0,0.2222222222222222,1249.69,1464.89,0.5861013531355777,127.63111111111111,0.0,0.0,1.0,1.0,18.0,1.0,4.0,4,6.0,2,1,1,2,0,31,31,143,0.1277,0.0,0.241,0.0927,T1,False,none
61c847d0-ff63-40b7-b978-1e498d6fc7ac,1.0,0.1111111111111111,1.0,3750.5,3750.5,0.0,70,1,1.0,1.0,6.0,1.0,1.0,1.0,1.0,1.0,5.0,1.0,1.0,1.0,0.1111111111111111,3750.5,3750.5,1.0,0.0,13.0,0.0,1.0,1.0,29.0,1.0,15.0,3,3.0,1,1,1,1,1,36,37,103,0.2271,0.0,0.2014,0.1192,T1,False,none
8cb7a233-99ab-43ac-aec1-d452205dea9e,0.0,0.0,0.0,0.0,0.0,0.0,46,1,0.0,0.0,0.0,0.0,0.0,0.0,0.0,0.0,0.0,0.0,0.0,0.0,0.0,0.0,0.0,0.0,0.0,0.0,0.0,0.0,0.0,0.0,0.0,0.0,0,0.0,0,0,0,0,0,0,0,1,0.0,0.0,0.0,0.0,T1,False,none
0fc71e38-5ebd-4da2-9340-305b2a3fb5d6,2.0,0.2222222222222222,1.0,3103.63,1551.815,286.3711753127398,46,0,2.0,1.0,8.0,2.0,1.0,0.5,1.0,2.0,2.0,1.0,1.0,1.0,0.2222222222222222,1551.815,1754.31,0.5652445684569358,5.784722222222222,3.0,0.0,2.0,0.5,22.0,0.0,64.5,5,6.0,2,1,2,2,1,51,53,59,0.2957,0.0,0.0649,0.0215,T1,False,none
afb0c3c8-4d03-4710-9fb8-9d3e1242ff5a,2.0,0.2222222222222222,2.0,7818.83,3909.415,259.3455541357899,18,0,1.0,2.0,6.0,1.0,1.0,1.0,1.0,2.0,3.0,1.0,1.0,1.0,0.2222222222222222,3909.415,4092.8,0.523454276407084,8.376666666666667,5.0,0.5,2.0,0.5,19.0,1.0,39.5,4,6.0,1,1,2,1,1,38,38,126,0.1498,0.0,0.1572,0.1186,T1,False,none
ccd64271-3d94-4f94-8a2e-a258fbfef5f1,4.0,0.4444444444444444,3.0,16708.5,4177.125,640.5379154273381,36,0,1.0,4.0,7.0,1.0,1.0,1.0,1.0,4.0,6.0,1.0,1.0,1.0,0.4444444444444444,4177.125,4890.73,0.2927091001586019,212.64444444444445,12.0,0.0,2.0,0.5,20.0,1.0,7.0,4,12.0,1,1,2,1,1,41,41,104,0.1637,0.0,0.1654,0.1067,T1,False,none
07277737-3a09-472b-ad5d-c7166da4e9dc,4.0,0.4444444444444444,4.0,13447.17,3361.7925,2004.7411198518876,36,0,1.0,4.0,11.0,1.0,1.0,1.0,1.0,4.0,5.0,1.0,1.0,1.0,0.4444444444444444,3361.7925,4990.39,0.3711107987777354,157.0425,5.0,0.25,2.0,0.5,19.0,3.0,57.0,4,12.0,1,1,2,1,1,49,50,59,0.2957,0.0,0.0649,0.0215,T1,False,none
efe1fffd-1bf4-4890-ab55-73b3091cb399,2.0,0.2222222222222222,2.0,6684.51,3342.255,88.80554064921861,21,0,2.0,1.0,7.0,2.0,1.0,0.5,1.0,2.0,4.0,1.0,1.0,1.0,0.2222222222222222,3342.255,3405.05,0.5093941066734884,184.55138888888888,4.0,0.0,2.0,0.5,22.0,1.0,40.0,5,6.0,2,1,2,2,1,55,55,50,0.3086,0.0,0.0411,0.037,T1,False,none
e5ae0c3d-38f4-42cb-a664-88256253a393,8.0,0.8888888888888888,5.0,18623.79,2327.97375,1203.1550099388987,38,0,2.0,4.0,8.0,2.0,1.0,0.875,2.0,4.0,5.0,2.0,1.0,0.5,0.8888888888888888,2327.97375,4091.1,0.2196706470594868,186.50305555555556,2.0,0.0,3.0,0.625,22.0,1.0,24.0,7,24.0,2,2,3,2,2,66,66,167,0.1063,0.0,0.25,0.1704,T1,False,none
1dda5986-454e-43a6-8be2-45846566c187,2.0,0.2222222222222222,2.0,6472.99,3236.495,1649.0507954729596,57,0,1.0,2.0,10.0,1.0,1.0,1.0,2.0,1.0,3.0,2.0,1.0,0.5,0.2222222222222222,3236.495,4402.55,0.6801416347005017,30.115277777777777,12.0,1.0,1.0,1.0,23.0,2.0,8.0,4,6.0,1,2,1,1,2,34,35,66,0.3865,0.0,0.1807,0.0805,T1,False,none
b837c326-b0bc-4c99-bd0c-22a8d39b87b8,3.0,0.3333333333333333,3.0,11430.98,3810.3266666666664,459.1870961093456,82,0,2.0,1.5,11.0,2.0,1.0,0.6666666666666666,2.0,1.5,3.0,2.0,1.0,0.6666666666666666,0.3333333333333333,3810.3266666666664,4338.21,0.3795133925525196,137.58944444444444,6.0,0.0,2.0,0.6666666666666666,15.0,2.0,53.666666666666664,6,9.0,2,2,2,2,2,46,46,118,0.1482,0.0,0.2319,0.119,T1,False,none
8cfbeed1-295e-4f9e-b59d-02c52ef4a0e8,3.0,0.3333333333333333,3.0,6936.33,2312.11,2257.3534390520244,15,0,2.0,1.5,10.0,2.0,1.0,0.6666666666666666,1.0,3.0,4.0,1.0,1.0,1.0,0.3333333333333333,2312.11,4899.75,0.7063894018883184,133.7836111111111,12.0,0.6666666666666666,2.0,0.6666666666666666,19.0,0.0,24.666666666666668,5,9.0,2,1,2,2,1,53,53,121,0.1362,0.0,0.2722,0.12,T1,False,none
49dae4dd-bcbf-4d88-b8c1-aef654d8423b,5.0,0.5555555555555556,5.0,16833.35,3366.6699999999996,1463.8331450510334,57,1,2.0,2.5,9.0,2.0,1.0,0.8,1.0,5.0,4.0,1.0,1.0,1.0,0.5555555555555556,3366.6699999999996,4933.73,0.29309258109645436,230.11555555555555,4.0,0.0,3.0,0.4,22.0,1.0,52.2,6,15.0,2,1,3,2,1,68,72,118,0.1482,0.0,0.2319,0.119,T1,False,none
1fa0626e-0376-486c-86e2-71fd00192b85,4.0,0.4444444444444444,4.0,10792.46,2698.115,1828.3506848979127,58,1,1.0,4.0,13.0,1.0,1.0,1.0,1.0,4.0,3.0,1.0,1.0,1.0,0.4444444444444444,2698.115,4238.15,0.3926954559016202,202.85333333333332,4.0,0.25,3.0,0.5,22.0,2.0,18.75,5,12.0,1,1,3,1,1,59,60,57,0.2807,0.0,0.0921,0.0244,T1,False,none
38e0ebcb-e81c-489f-a6ab-654dd71613f8,2.0,0.2222222222222222,2.0,8809.24,4404.62,722.5075668807908,68,1,1.0,2.0,4.0,1.0,1.0,1.0,2.0,1.0,5.0,2.0,1.0,0.5,0.2222222222222222,4404.62,4915.51,0.5579947872915257,23.37472222222222,11.0,0.0,2.0,0.5,13.0,1.0,69.5,5,6.0,1,2,2,1,2,31,31,143,0.1277,0.0,0.241,0.0927,T1,False,none
6fe221fb-54f6-4d8c-91e5-578f8b58b705,0.0,0.0,0.0,0.0,0.0,0.0,59,0,0.0,0.0,0.0,0.0,0.0,0.0,0.0,0.0,0.0,0.0,0.0,0.0,0.0,0.0,0.0,0.0,0.0,0.0,0.0,0.0,0.0,0.0,0.0,0.0,0,0.0,0,0,0,0,0,0,0,1,0.0,0.0,0.0,0.0,T1,False,none
821bb69c-60d0-4e4f-915b-52a99b2c0084,3.0,0.3333333333333333,3.0,8678.16,2892.72,1331.1693824979598,72,0,2.0,1.5,9.0,2.0,1.0,0.6666666666666666,1.0,3.0,4.0,1.0,1.0,1.0,0.3333333333333333,2892.72,4158.65,0.4792087262737723,128.97416666666666,7.0,0.0,1.0,1.0,20.0,1.0,6.0,4,9.0,2,1,1,2,1,34,35,104,0.1637,0.0,0.1654,0.1067,T1,False,none
a678e35b-917b-4b1f-ad66-536da09423aa,1.0,0.1111111111111111,1.0,4256.8,4256.8,0.0,64,0,1.0,1.0,2.0,1.0,1.0,1.0,1.0,1.0,4.0,1.0,1.0,1.0,0.1111111111111111,4256.8,4256.8,1.0,0.0,15.0,0.0,1.0,1.0,17.0,3.0,26.0,3,3.0,1,1,1,1,1,20,20,173,0.0954,0.0,0.2136,0.1548,T1,False,none
bebe7d2c-4905-41e2-af08-146fe1b7f7bf,3.0,0.3333333333333333,3.0,8574.38,2858.1266666666666,1455.832080644376,57,0,1.0,3.0,11.0,1.0,1.0,1.0,1.0,3.0,2.0,1.0,1.0,1.0,0.3333333333333333,2858.1266666666666,4395.99,0.5126889641000283,156.2811111111111,1.0,0.3333333333333333,2.0,0.6666666666666666,25.0,0.0,55.333333333333336,4,9.0,1,1,2,1,1,51,51,103,0.2271,0.0,0.2014,0.1192,T1,False,none
510315db-9bdb-48ce-ba75-6e6de93a533a,1.0,0.1111111111111111,1.0,1492.35,1492.35,0.0,47,1,1.0,1.0,9.0,1.0,1.0,1.0,1.0,1.0,9.0,1.0,1.0,1.0,0.1111111111111111,1492.35,1492.35,1.0,0.0,17.0,0.0,1.0,1.0,18.0,1.0,37.0,3,3.0,1,1,1,1,1,33,33,118,0.1482,0.0,0.2319,0.119,T1,False,none
23ccee1f-e013-4b33-8be9-60c692b57f22,2.0,0.2222222222222222,2.0,2636.4500000000003,1318.2250000000001,1513.8095525032204,68,1,1.0,2.0,8.0,1.0,1.0,1.0,1.0,2.0,4.0,1.0,1.0,1.0,0.2222222222222222,1318.2250000000001,2388.65,0.9060099755352842,63.035555555555554,12.0,0.5,2.0,0.5,30.0,0.0,10.0,4,6.0,1,1,2,1,1,57,58,66,0.3865,0.0,0.1807,0.0805,T1,False,none
ca13e473-5601-4c8d-81f8-a4fea346c60a,4.0,0.4444444444444444,3.0,9356.11,2339.0275,1354.4983518231636,26,1,2.0,2.0,10.0,2.0,1.0,0.5,2.0,2.0,6.0,2.0,1.0,0.5,0.4444444444444444,2339.0275,3928.69,0.41990634996809567,100.81611111111111,6.0,0.25,2.0,0.5,24.0,0.0,33.5,6,12.0,2,2,2,2,2,61,61,89,0.2028,0.0,0.1043,0.0515,T1,False,none
f6d679ca-7e97-4df6-b571-2a352032195b,3.0,0.3333333333333333,3.0,12125.7,4041.9,706.1220267772418,54,0,1.0,3.0,5.0,1.0,1.0,1.0,3.0,1.0,6.0,3.0,1.0,0.3333333333333333,0.3333333333333333,4041.9,4856.24,0.40049151801545474,205.11916666666667,6.0,0.0,1.0,1.0,21.0,1.0,59.0,5,9.0,1,3,1,1,3,36,37,118,0.1482,0.0,0.2319,0.119,T1,False,none
533184e9-14bf-40b6-a5aa-b6f1f07c7c6f,6.0,0.6666666666666666,4.0,13441.51,2240.2516666666666,1677.847313237014,60,1,1.0,6.0,4.0,1.0,1.0,1.0,2.0,3.0,6.0,2.0,1.0,0.6666666666666666,0.6666666666666666,2240.2516666666666,4628.02,0.34430804277198024,204.51555555555555,5.0,0.16666666666666666,3.0,0.5,19.0,0.0,47.666666666666664,6,18.0,1,2,3,1,2,57,57,173,0.0954,0.0,0.2136,0.1548,T1,False,none
bc806c45-c127-4be3-9a65-3ea349b858d7,8.0,0.8888888888888888,5.0,19536.93,2442.11625,1425.1441450196987,54,1,1.0,8.0,11.0,1.0,1.0,1.0,2.0,4.0,5.0,2.0,1.0,0.875,0.8888888888888888,2442.11625,4398.44,0.22513465524010168,212.3686111111111,20.0,0.5,4.0,0.5,22.0,0.0,53.125,7,24.0,1,2,4,1,2,85,87,64,0.3686,0.0,0.1444,0.0659,T1,False,none
0f80c59d-7f9d-48cb-81ab-ad3d5f44c4c4,1.0,0.1111111111111111,1.0,2154.82,2154.82,0.0,48,1,1.0,1.0,9.0,1.0,1.0,1.0,1.0,1.0,5.0,1.0,1.0,1.0,0.1111111111111111,2154.82,2154.82,1.0,0.0,12.0,1.0,1.0,1.0,25.0,3.0,59.0,3,3.0,1,1,1,1,1,36,36,103,0.2271,0.0,0.2014,0.1192,T1,False,none
99f4c24d-1bcb-4fed-acd9-9607edcffe9e,3.0,0.3333333333333333,2.0,8571.06,2857.02,2224.976847632353,79,0,2.0,1.5,14.0,2.0,1.0,0.6666666666666666,1.0,3.0,5.0,1.0,1.0,1.0,0.3333333333333333,2857.02,4217.67,0.49208265955436087,97.22,14.0,0.6666666666666666,2.0,0.6666666666666666,21.0,0.0,53.0,5,9.0,2,1,2,2,1,66,66,121,0.1362,0.0,0.2722,0.12,T1,False,none
cbcb77e4-efb9-47cd-bd46-e1416a90bce3,5.0,0.5555555555555556,5.0,16636.420000000002,3327.2840000000006,1638.4668282818548,87,0,2.0,2.5,6.0,2.0,1.0,0.8,2.0,2.5,5.0,2.0,1.0,0.8,0.5555555555555556,3327.2840000000006,4984.09,0.29958909428831443,212.6886111111111,6.0,0.2,3.0,0.4,23.0,0.0,58.2,7,15.0,2,2,3,2,2,76,76,59,0.3197,0.0,0.1098,0.0978,T1,False,none
19e76873-f50c-4c24-8c3a-5b9939c3a07b,6.0,0.6666666666666666,4.0,15318.88,2553.1466666666665,1365.163610702639,60,0,3.0,2.0,8.0,3.0,1.0,0.5,2.0,3.0,7.0,2.0,1.0,0.8333333333333334,0.6666666666666666,2553.1466666666665,4086.43,0.2667577525249888,202.21777777777777,3.0,0.16666666666666666,2.0,0.8333333333333334,22.0,0.0,55.5,7,18.0,3,2,2,3,2,61,61,167,0.1063,0.0,0.25,0.1704,T1,False,none
68ae73d6-c531-421f-874d-f175c2f6ef5b,5.0,0.5555555555555556,3.0,17870.829999999998,3574.1659999999997,1100.5221951101214,25,0,4.0,1.25,8.0,4.0,1.0,0.4,2.0,2.5,5.0,2.0,1.0,0.8,0.5555555555555556,3574.1659999999997,4720.67,0.26415505043694115,201.92222222222222,11.0,0.0,3.0,0.6,26.0,3.0,17.8,9,15.0,4,2,3,4,2,88,89,74,0.2714,0.0,0.1287,0.0855,T1,False,none
d87434f7-6375-4243-84dc-9eea7abf28ff,4.0,0.4444444444444444,3.0,8382.6,2095.65,954.7751887573673,87,0,1.0,4.0,9.0,1.0,1.0,1.0,1.0,4.0,2.0,1.0,1.0,1.0,0.4444444444444444,2095.65,3497.97,0.41728938515496383,112.26222222222222,1.0,0.75,2.0,0.75,23.0,0.0,33.0,4,12.0,1,1,2,1,1,43,44,59,0.3197,0.0,0.1098,0.0978,T1,False,none
a6d27ec9-4550-4ab3-ab7f-2a3a75cd40d7,4.0,0.4444444444444444,4.0,8759.83,2189.9575,1731.0406358868836,70,1,1.0,4.0,6.0,1.0,1.0,1.0,2.0,2.0,5.0,2.0,1.0,0.75,0.4444444444444444,2189.9575,3719.6,0.42462011249076753,214.1797222222222,4.0,0.5,1.0,1.0,17.0,2.0,57.0,4,12.0,1,2,1,1,2,26,26,118,0.1482,0.0,0.2319,0.119,T1,False,none
461530ed-7a72-4794-9eed-ed87df1e01ce,6.0,0.6666666666666666,4.0,19045.96,3174.3266666666664,1667.2732580553995,13,0,1.0,6.0,11.0,1.0,1.0,1.0,3.0,2.0,6.0,3.0,1.0,0.6666666666666666,0.6666666666666666,3174.3266666666664,4667.89,0.24508557195331715,137.70916666666668,4.0,0.16666666666666666,2.0,0.8333333333333334,20.0,2.0,17.166666666666668,6,18.0,1,3,2,1,3,56,58,78,0.2521,0.0,0.1237,0.0763,T1,False,none
555a1710-a0ec-4f51-844f-b86363270b7a,4.0,0.4444444444444444,4.0,7982.43,1995.6075,1753.5501082922228,60,0,2.0,2.0,13.0,2.0,1.0,0.75,2.0,2.0,8.0,2.0,1.0,0.75,0.4444444444444444,1995.6075,3795.89,0.4755306341552635,76.03444444444445,12.0,0.25,3.0,0.5,24.0,0.0,27.5,7,12.0,2,2,3,2,2,86,88,121,0.1433,0.0,0.2418,0.1111,T1,False,none
48b94722-8f3b-405c-b8e0-55eda0fa671d,4.0,0.4444444444444444,3.0,11514.46,2878.615,1796.8978054691922,57,1,1.0,4.0,4.0,1.0,1.0,1.0,3.0,1.3333333333333333,7.0,2.0,0.6666666666666666,0.5,0.4444444444444444,2878.615,4917.74,0.4270925427679631,109.6175,20.0,0.5,2.0,0.75,20.0,2.0,79.75,6,12.0,1,3,2,1,2,50,50,104,0.1637,0.0,0.1654,0.1067,T1,False,none
7d71f191-6209-4049-aa48-73b5d0bb2720,4.0,0.4444444444444444,4.0,10074.27,2518.5675,700.3595062716006,45,1,1.0,4.0,6.0,1.0,1.0,1.0,2.0,2.0,4.0,2.0,1.0,0.75,0.4444444444444444,2518.5675,3370.73,0.3345880148139766,91.475,5.0,0.5,3.0,0.5,20.0,1.0,62.75,6,12.0,1,2,3,1,2,58,58,126,0.1498,0.0,0.1572,0.1186,T1,False,none
56748a3f-f866-4fe1-b6fb-c55800dfe4bf,3.0,0.3333333333333333,3.0,10557.48,3519.16,1297.6047422847994,54,0,2.0,1.5,13.0,2.0,1.0,0.6666666666666666,2.0,1.5,4.0,2.0,1.0,0.6666666666666666,0.3333333333333333,3519.16,4338.52,0.4109427628562877,192.5588888888889,0.0,0.0,2.0,0.6666666666666666,23.0,1.0,62.0,6,9.0,2,2,2,2,2,61,61,121,0.1433,0.0,0.2418,0.1111,T1,False,none
0cf1fea6-b1ef-492a-a188-e4701aee2748,1.0,0.1111111111111111,1.0,4979.25,4979.25,0.0,14,1,1.0,1.0,10.0,1.0,1.0,1.0,1.0,1.0,3.0,1.0,1.0,1.0,0.1111111111111111,4979.25,4979.25,1.0,0.0,3.0,0.0,1.0,1.0,23.0,2.0,69.0,3,3.0,1,1,1,1,1,33,33,173,0.0954,0.0,0.2136,0.1548,T1,False,none
42f85d56-3079-47f1-94ab-28b89b22a5ab,5.0,0.5555555555555556,4.0,9516.74,1903.348,532.007891642596,66,0,1.0,5.0,5.0,1.0,1.0,1.0,1.0,5.0,3.0,1.0,1.0,1.0,0.5555555555555556,1903.348,2302.49,0.24194104283609721,220.06805555555556,0.0,0.4,3.0,0.6,26.0,0.0,10.0,5,15.0,1,1,3,1,1,75,75,121,0.1433,0.0,0.2418,0.1111,T1,False,none
39cbc1fa-045c-4cfc-803a-c006c1268226,3.0,0.3333333333333333,3.0,6198.44,2066.1466666666665,1555.9791566834479,54,0,2.0,1.5,8.0,2.0,1.0,0.6666666666666666,2.0,1.5,4.0,2.0,1.0,0.6666666666666666,0.3333333333333333,2066.1466666666665,3684.29,0.5943898787436839,190.2813888888889,2.0,0.0,2.0,0.6666666666666666,29.0,0.0,17.666666666666668,6,9.0,2,2,2,2,2,58,58,103,0.2271,0.0,0.2014,0.1192,T1,False,none
c5b87cae-1ed2-4c80-8d51-6a1b9a04802f,4.0,0.4444444444444444,4.0,10619.25,2654.8125,1547.6636157420212,17,1,1.0,4.0,8.0,1.0,1.0,1.0,1.0,4.0,1.0,0.0,0.0,1.0,0.4444444444444444,2654.8125,4786.62,0.4507493467052758,120.14194444444445,23.0,0.25,1.0,1.0,17.0,3.0,21.0,3,12.0,1,1,1,1,0,23,23,103,0.2271,0.0,0.2014,0.1192,T1,False,none
96105925-a1da-4c8b-85e0-e4a95b4b1f47,9.0,1.0,7.0,20354.170000000002,2261.5744444444445,906.6020084925788,43,0,2.0,4.5,9.0,2.0,1.0,0.8888888888888888,4.0,2.25,4.0,4.0,1.0,0.5555555555555556,1.0,2261.5744444444445,3247.07,0.15952848973944897,202.41833333333332,1.0,0.2222222222222222,2.0,0.8888888888888888,23.0,3.0,74.44444444444444,8,27.0,2,4,2,2,4,55,56,74,0.2714,0.0,0.1287,0.0855,T1,False,none
51384182-6c1e-4c78-a1f6-04527f3c0baa,3.0,0.3333333333333333,2.0,8892.220000000001,2964.0733333333337,1480.3281269479864,78,1,2.0,1.5,8.0,2.0,1.0,0.6666666666666666,3.0,1.0,4.0,3.0,1.0,0.3333333333333333,0.3333333333333333,2964.0733333333337,4322.93,0.48614744124639286,74.86444444444444,9.0,0.0,2.0,0.6666666666666666,18.0,2.0,29.666666666666668,7,9.0,2,3,2,2,3,47,47,173,0.0954,0.0,0.2136,0.1548,T1,False,none
4177af3b-471e-46e2-9712-84102ec4e753,6.0,0.6666666666666666,5.0,13068.66,2178.11,1278.5520570708102,76,1,4.0,1.5,6.0,4.0,1.0,0.5,1.0,6.0,3.0,1.0,1.0,1.0,0.6666666666666666,2178.11,3753.82,0.2872383243576618,197.19611111111112,3.0,0.0,5.0,0.3333333333333333,26.0,0.0,52.666666666666664,10,18.0,4,1,5,4,1,117,118,64,0.3686,0.0,0.1444,0.0659,T1,False,none
45b940a0-c715-4c77-bb09-5d9f50abc7f4,3.0,0.3333333333333333,3.0,9459.720000000001,3153.2400000000002,1103.4294289622696,84,1,2.0,1.5,4.0,2.0,1.0,0.6666666666666666,1.0,3.0,7.0,1.0,1.0,1.0,0.3333333333333333,3153.2400000000002,4059.11,0.4290940958083326,77.94944444444444,5.0,0.3333333333333333,2.0,0.6666666666666666,23.0,0.0,28.333333333333332,5,9.0,2,1,2,2,1,52,52,121,0.1433,0.0,0.2418,0.1111,T1,False,none
497f680f-db59-43a4-8226-cd975363022a,0.0,0.0,0.0,0.0,0.0,0.0,87,1,0.0,0.0,0.0,0.0,0.0,0.0,0.0,0.0,0.0,0.0,0.0,0.0,0.0,0.0,0.0,0.0,0.0,0.0,0.0,0.0,0.0,0.0,0.0,0.0,0,0.0,0,0,0,0,0,0,0,1,0.0,0.0,0.0,0.0,T1,False,none
8be14b26-fc2c-432a-b575-4015caf8aac1,4.0,0.4444444444444444,4.0,11110.28,2777.57,1222.7576468785628,24,0,4.0,1.0,11.0,4.0,1.0,0.25,2.0,2.0,12.0,2.0,1.0,0.5,0.4444444444444444,2777.57,3955.71,0.356040531831781,111.795,6.0,0.25,2.0,0.5,22.0,1.0,8.0,8,12.0,4,2,2,4,2,72,73,121,0.1433,0.0,0.2418,0.1111,T1,False,none
9054457d-280b-4d83-a5ba-9edfe540144a,1.0,0.1111111111111111,1.0,1850.94,1850.94,0.0,30,1,1.0,1.0,6.0,1.0,1.0,1.0,1.0,1.0,5.0,1.0,1.0,1.0,0.1111111111111111,1850.94,1850.94,1.0,0.0,20.0,0.0,1.0,1.0,18.0,1.0,65.0,3,3.0,1,1,1,1,1,26,26,173,0.0954,0.0,0.2136,0.1548,T1,False,none
b97b0e3e-52c8-4d2d-b416-397fbfa69112,5.0,0.5555555555555556,5.0,7986.02,1597.2040000000002,1283.5844650353165,33,1,1.0,5.0,5.0,1.0,1.0,1.0,2.0,2.5,6.0,2.0,1.0,0.6,0.5555555555555556,1597.2040000000002,3178.08,0.3979554271088727,126.85055555555556,0.0,0.2,1.0,1.0,17.0,1.0,2.0,4,15.0,1,2,1,1,2,26,26,143,0.1277,0.0,0.241,0.0927,T1,False,none
303a4c8f-de42-480c-b240-56738d2f69d0,4.0,0.4444444444444444,3.0,11454.9,2863.725,1513.1662373645534,74,0,2.0,2.0,9.0,2.0,1.0,0.75,3.0,1.3333333333333333,5.0,3.0,1.0,0.5,0.4444444444444444,2863.725,4835.3,0.42211629957485447,204.88861111111112,20.0,0.0,3.0,0.5,25.0,2.0,37.75,8,12.0,2,3,3,2,3,88,89,118,0.1482,0.0,0.2319,0.119,T1,False,none
4c2dd988-cd20-4cb3-a78c-f4fcf21481cc,3.0,0.3333333333333333,3.0,9786.56,3262.1866666666665,681.1794801176366,88,0,3.0,1.0,6.0,3.0,1.0,0.3333333333333333,2.0,1.5,7.0,2.0,1.0,0.6666666666666666,0.3333333333333333,3262.1866666666665,4040.86,0.4128989144295851,223.3713888888889,13.0,0.0,2.0,0.6666666666666666,26.0,2.0,35.666666666666664,7,9.0,3,2,2,3,2,62,65,74,0.2714,0.0,0.1287,0.0855,T1,False,none
69951779-73f3-43e8-ab70-97301810118a,2.0,0.2222222222222222,2.0,4995.5,2497.75,2284.096324588786,66,1,1.0,2.0,5.0,1.0,1.0,1.0,1.0,2.0,7.0,1.0,1.0,1.0,0.2222222222222222,2497.75,4112.85,0.8233109798818937,117.35111111111111,20.0,0.5,1.0,1.0,15.0,3.0,39.0,3,6.0,1,1,1,1,1,23,24,143,0.1277,0.0,0.241,0.0927,T1,False,none
e1740837-4169-46a4-85e6-0d022ed506c2,1.0,0.1111111111111111,1.0,4314.31,4314.31,0.0,56,0,1.0,1.0,4.0,1.0,1.0,1.0,1.0,1.0,4.0,1.0,1.0,1.0,0.1111111111111111,4314.31,4314.31,1.0,0.0,14.0,0.0,1.0,1.0,15.0,3.0,12.0,3,3.0,1,1,1,1,1,20,20,121,0.1433,0.0,0.2418,0.1111,T1,False,none
235b6f04-5992-4582-9fb6-667ebbb4af81,6.0,0.6666666666666666,5.0,14409.51,2401.585,1502.8037383337853,14,1,1.0,6.0,8.0,1.0,1.0,1.0,1.0,6.0,4.0,1.0,1.0,1.0,0.6666666666666666,2401.585,4218.64,0.29276776240135854,189.7511111111111,7.0,0.3333333333333333,3.0,0.5,19.0,3.0,61.333333333333336,5,18.0,1,1,3,1,1,51,51,59,0.2957,0.0,0.0649,0.0215,T1,False,none
1b0385f0-9dc4-4241-8279-86b9348e1b59,1.0,0.1111111111111111,1.0,1256.33,1256.33,0.0,67,1,1.0,1.0,7.0,1.0,1.0,1.0,1.0,1.0,8.0,1.0,1.0,1.0,0.1111111111111111,1256.33,1256.33,1.0,0.0,19.0,0.0,1.0,1.0,16.0,0.0,51.0,3,3.0,1,1,1,1,1,28,28,167,0.1063,0.0,0.25,0.1704,T1,False,none
288b9c1f-fe8f-4df9-a9b4-7cb8ad73499a,5.0,0.5555555555555556,3.0,15997.56,3199.5119999999997,790.8680277517863,53,0,2.0,2.5,10.0,2.0,1.0,0.6,3.0,1.6666666666666667,6.0,3.0,1.0,0.6,0.5555555555555556,3199.5119999999997,4344.41,0.2715670389734435,233.19555555555556,4.0,0.0,4.0,0.4,21.0,2.0,53.6,9,15.0,2,3,4,2,3,89,92,167,0.1063,0.0,0.25,0.1704,T1,False,none
5ce321bd-6621-4536-8a61-ae03bd3d273c,2.0,0.2222222222222222,2.0,8060.76,4030.38,35.77960312803908,80,0,1.0,2.0,13.0,1.0,1.0,1.0,1.0,2.0,8.0,1.0,1.0,1.0,0.2222222222222222,4030.38,4055.68,0.5031386618631494,14.90638888888889,0.0,0.5,1.0,1.0,17.0,3.0,40.0,3,6.0,1,1,1,1,1,35,35,86,0.1967,0.0,0.161,0.0515,T1,False,none
919e6ff5-6c99-4fea-8170-a48baaf5c5c5,0.0,0.0,0.0,0.0,0.0,0.0,54,1,0.0,0.0,0.0,0.0,0.0,0.0,0.0,0.0,0.0,0.0,0.0,0.0,0.0,0.0,0.0,0.0,0.0,0.0,0.0,0.0,0.0,0.0,0.0,0.0,0,0.0,0,0,0,0,0,0,0,1,0.0,0.0,0.0,0.0,T1,False,none
3db19541-7529-41ac-b71b-215d57fc55e9,3.0,0.3333333333333333,2.0,5337.38,1779.1266666666668,1881.2687833037928,32,1,2.0,1.5,13.0,2.0,1.0,0.6666666666666666,3.0,1.0,4.0,3.0,1.0,0.3333333333333333,0.3333333333333333,1779.1266666666668,3928.23,0.735984696611446,123.15222222222222,15.0,0.3333333333333333,1.0,1.0,18.0,1.0,80.0,6,9.0,2,3,1,2,3,41,41,167,0.1063,0.0,0.25,0.1704,T1,False,none
c66e1da2-0713-4c95-841a-f6bc45f91ca1,3.0,0.3333333333333333,3.0,7717.51,2572.5033333333336,1235.0942620842077,57,0,1.0,3.0,9.0,1.0,1.0,1.0,2.0,1.5,7.0,2.0,1.0,0.6666666666666666,0.3333333333333333,2572.5033333333336,3882.94,0.5031337827874535,97.51722222222222,9.0,0.3333333333333333,2.0,0.6666666666666666,23.0,1.0,57.666666666666664,5,9.0,1,2,2,1,2,57,57,121,0.1433,0.0,0.2418,0.1111,T1,False,none
a3e17a70-36c4-42e2-b3fb-49c35239847e,0.0,0.0,0.0,0.0,0.0,0.0,56,0,0.0,0.0,0.0,0.0,0.0,0.0,0.0,0.0,0.0,0.0,0.0,0.0,0.0,0.0,0.0,0.0,0.0,0.0,0.0,0.0,0.0,0.0,0.0,0.0,0,0.0,0,0,0,0,0,0,0,1,0.0,0.0,0.0,0.0,T1,False,none
6c81f8d7-f697-4a8c-90ac-8bf287e7ebe2,1.0,0.1111111111111111,1.0,1161.81,1161.81,0.0,53,1,1.0,1.0,9.0,1.0,1.0,1.0,1.0,1.0,6.0,1.0,1.0,1.0,0.1111111111111111,1161.81,1161.81,1.0,0.0,19.0,0.0,1.0,1.0,23.0,0.0,3.0,3,3.0,1,1,1,1,1,34,35,121,0.1433,0.0,0.2418,0.1111,T1,False,none
43263f79-cc1e-4c3e-a162-7cdb0d5a483b,5.0,0.5555555555555556,4.0,10940.8,2188.16,1725.345901957054,58,1,1.0,5.0,8.0,1.0,1.0,1.0,3.0,1.6666666666666667,7.0,3.0,1.0,0.6,0.5555555555555556,2188.16,3979.66,0.3637448815443112,144.69722222222222,15.0,0.0,1.0,1.0,20.0,2.0,69.0,5,15.0,1,3,1,1,3,37,37,89,0.2028,0.0,0.1043,0.0515,T1,False,none
d0593aed-9f27-4e1e-ba11-7cef0b76527d,1.0,0.1111111111111111,1.0,2949.23,2949.23,0.0,34,1,1.0,1.0,7.0,1.0,1.0,1.0,1.0,1.0,2.0,1.0,1.0,1.0,0.1111111111111111,2949.23,2949.23,1.0,0.0,23.0,1.0,1.0,1.0,22.0,0.0,81.0,3,3.0,1,1,1,1,1,28,28,104,0.1637,0.0,0.1654,0.1067,T1,False,none
886c7e90-6d92-442c-ab01-cadaf6c5e699,3.0,0.3333333333333333,2.0,2833.51,944.5033333333334,716.788073654503,56,0,1.0,3.0,7.0,1.0,1.0,1.0,2.0,1.5,9.0,2.0,1.0,0.6666666666666666,0.3333333333333333,944.5033333333334,1640.19,0.5788544949550204,20.644444444444446,6.0,0.6666666666666666,2.0,0.6666666666666666,25.0,0.0,8.666666666666666,5,9.0,1,2,2,1,2,56,58,104,0.1637,0.0,0.1654,0.1067,T1,False,none
595e0f51-a403-459c-8791-789154ff66dd,3.0,0.3333333333333333,2.0,6038.879999999999,2012.9599999999998,1739.4201061560716,54,1,1.0,3.0,11.0,1.0,1.0,1.0,1.0,3.0,4.0,1.0,1.0,1.0,0.3333333333333333,2012.9599999999998,3193.04,0.5287470524335639,32.54694444444444,11.0,0.0,2.0,0.6666666666666666,22.0,0.0,5.0,4,9.0,1,1,2,1,1,48,49,57,0.2807,0.0,0.0921,0.0244,T1,False,none
2536fdff-99ab-4af4-87cb-bbfb776b4903,4.0,0.4444444444444444,4.0,5803.6,1450.9,817.0365735183871,63,0,2.0,2.0,10.0,2.0,1.0,0.75,3.0,1.3333333333333333,4.0,3.0,1.0,0.5,0.4444444444444444,1450.9,2287.98,0.3942346129988283,140.5311111111111,14.0,0.5,1.0,1.0,22.0,2.0,5.0,6,12.0,2,3,1,2,3,40,42,167,0.1063,0.0,0.25,0.1704,T1,False,none
ac959f5a-5b14-420b-9164-70afae20159c,5.0,0.5555555555555556,5.0,14648.42,2929.684,935.5541626651018,43,0,2.0,2.5,4.0,2.0,1.0,0.8,1.0,5.0,5.0,1.0,1.0,1.0,0.5555555555555556,2929.684,3960.88,0.2703963977002298,169.04638888888888,2.0,0.0,2.0,0.6,21.0,3.0,79.0,5,15.0,2,1,2,2,1,46,46,121,0.1362,0.0,0.2722,0.12,T1,False,none
b98073c0-987b-4762-becc-945380857c9e,0.0,0.0,0.0,0.0,0.0,0.0,24,0,0.0,0.0,0.0,0.0,0.0,0.0,0.0,0.0,0.0,0.0,0.0,0.0,0.0,0.0,0.0,0.0,0.0,0.0,0.0,0.0,0.0,0.0,0.0,0.0,0,0.0,0,0,0,0,0,0,0,1,0.0,0.0,0.0,0.0,T1,False,none
ad983e7c-be02-44c0-b54b-64873bd27773,0.0,0.0,0.0,0.0,0.0,0.0,50,1,0.0,0.0,0.0,0.0,0.0,0.0,0.0,0.0,0.0,0.0,0.0,0.0,0.0,0.0,0.0,0.0,0.0,0.0,0.0,0.0,0.0,0.0,0.0,0.0,0,0.0,0,0,0,0,0,0,0,1,0.0,0.0,0.0,0.0,T1,False,none
f32495a8-7327-45bb-bc9f-9ffdb1ec732b,5.0,0.5555555555555556,3.0,13860.11,2772.022,1905.3996436758353,61,1,1.0,5.0,6.0,1.0,1.0,1.0,1.0,5.0,6.0,1.0,1.0,1.0,0.5555555555555556,2772.022,4966.62,0.35833914738050415,70.9275,5.0,0.0,1.0,1.0,22.0,0.0,56.0,3,15.0,1,1,1,1,1,31,31,143,0.1277,0.0,0.241,0.0927,T1,False,none
83e1ff40-345a-4531-ac2c-a9e75969436e,4.0,0.4444444444444444,4.0,5466.95,1366.7375,546.8222562755958,19,0,2.0,2.0,4.0,2.0,1.0,0.75,2.0,2.0,6.0,2.0,1.0,0.75,0.4444444444444444,1366.7375,1868.23,0.34173167854105124,138.53333333333333,23.0,0.25,3.0,0.5,22.0,2.0,32.25,7,12.0,2,2,3,2,2,72,72,167,0.1063,0.0,0.25,0.1704,T1,False,none
c149f082-1c7f-4945-b515-564affdeb526,4.0,0.4444444444444444,3.0,5695.29,1423.8225,1498.6347618276884,27,0,1.0,4.0,7.0,1.0,1.0,1.0,2.0,2.0,4.0,1.0,0.5,0.75,0.4444444444444444,1423.8225,3572.66,0.627300804700024,157.98333333333332,8.0,0.0,4.0,0.25,22.0,3.0,34.0,7,12.0,1,2,4,1,1,86,88,173,0.0954,0.0,0.2136,0.1548,T1,False,none
ff5e6400-c0e3-482c-8359-a800edebab26,4.0,0.4444444444444444,4.0,12461.43,3115.3575,1853.320504398794,10,1,1.0,4.0,4.0,1.0,1.0,1.0,2.0,2.0,7.0,2.0,1.0,0.75,0.4444444444444444,3115.3575,4953.67,0.39752018829299685,179.0013888888889,1.0,0.25,3.0,0.5,29.0,3.0,38.5,6,12.0,1,2,3,1,2,84,85,103,0.2271,0.0,0.2014,0.1192,T1,False,none
88422e13-1e9f-443b-8bfc-d783225962de,5.0,0.5555555555555556,4.0,13825.21,2765.042,2071.165821613518,85,1,3.0,1.6666666666666667,7.0,3.0,1.0,0.6,2.0,2.5,6.0,2.0,1.0,0.6,0.5555555555555556,2765.042,4640.7,0.3356694039367214,171.02305555555554,0.0,0.2,2.0,0.8,26.0,2.0,73.6,7,15.0,3,2,2,3,2,64,65,104,0.1637,0.0,0.1654,0.1067,T1,False,none
fe61a86c-9949-4e94-b5d8-194900ca5e7f,0.0,0.0,0.0,0.0,0.0,0.0,55,0,0.0,0.0,0.0,0.0,0.0,0.0,0.0,0.0,0.0,0.0,0.0,0.0,0.0,0.0,0.0,0.0,0.0,0.0,0.0,0.0,0.0,0.0,0.0,0.0,0,0.0,0,0,0,0,0,0,0,1,0.0,0.0,0.0,0.0,T1,False,none
ce471acf-0e42-4b52-9750-7974f1325612,4.0,0.4444444444444444,3.0,8711.029999999999,2177.7574999999997,1428.4497370547087,23,1,2.0,2.0,9.0,2.0,1.0,0.75,2.0,2.0,4.0,2.0,1.0,0.5,0.4444444444444444,2177.7574999999997,4085.91,0.469050158247647,208.97,0.0,0.0,2.0,0.5,24.0,1.0,56.0,6,12.0,2,2,2,2,2,57,58,64,0.3686,0.0,0.1444,0.0659,T1,False,none
3022a33a-2a01-4482-8937-e5ecfd7e4cfe,3.0,0.3333333333333333,3.0,6207.38,2069.1266666666666,859.1938015566298,41,1,1.0,3.0,8.0,1.0,1.0,1.0,2.0,1.5,6.0,2.0,1.0,0.6666666666666666,0.3333333333333333,2069.1266666666666,2590.97,0.4174015446130251,123.94444444444444,1.0,0.3333333333333333,3.0,0.3333333333333333,22.0,0.0,63.333333333333336,6,9.0,1,2,3,1,2,69,70,121,0.1362,0.0,0.2722,0.12,T1,False,none
e7c3ece7-6060-4fff-a2b4-00d4b0ba1fe7,4.0,0.4444444444444444,4.0,6881.43,1720.3575,1893.5822901293902,43,1,2.0,2.0,7.0,2.0,1.0,0.75,1.0,4.0,6.0,1.0,1.0,1.0,0.4444444444444444,1720.3575,4462.26,0.6484495228462689,104.06666666666666,5.0,0.25,2.0,0.75,20.0,2.0,31.0,5,12.0,2,1,2,2,1,49,49,118,0.1482,0.0,0.2319,0.119,T1,False,none
44babff4-2f25-4afe-ab31-98ceed5acc04,1.0,0.1111111111111111,1.0,2209.14,2209.14,0.0,88,1,1.0,1.0,7.0,1.0,1.0,1.0,1.0,1.0,5.0,1.0,1.0,1.0,0.1111111111111111,2209.14,2209.14,1.0,0.0,23.0,0.0,1.0,1.0,18.0,1.0,37.0,3,3.0,1,1,1,1,1,27,27,118,0.1482,0.0,0.2319,0.119,T1,False,none
eda3107d-14ca-4842-a5f5-92f5e095ff51,4.0,0.4444444444444444,3.0,12905.97,3226.4925,1500.5621624439066,64,0,1.0,4.0,2.0,1.0,1.0,1.0,3.0,1.3333333333333333,4.0,3.0,1.0,0.5,0.4444444444444444,3226.4925,4624.57,0.35832796759949076,115.90027777777777,4.0,0.5,2.0,0.75,22.0,0.0,34.5,6,12.0,1,3,2,1,3,48,48,118,0.1482,0.0,0.2319,0.119,T1,False,none
8635aae0-571e-41f8-9bea-0d0d7c540cfb,5.0,0.5555555555555556,3.0,10519.48,2103.8959999999997,1746.7711075953823,46,1,2.0,2.5,7.0,2.0,1.0,0.6,2.0,2.5,4.0,2.0,1.0,0.8,0.5555555555555556,2103.8959999999997,4649.07,0.4419486514542544,139.08305555555555,0.0,0.2,3.0,0.4,20.0,0.0,29.2,7,15.0,2,2,3,2,2,62,63,86,0.1967,0.0,0.161,0.0515,T1,False,none
05013c49-853f-484c-8244-d191154f98b2,4.0,0.4444444444444444,3.0,7326.2,1831.55,771.8690598367921,74,1,2.0,2.0,6.0,2.0,1.0,0.5,1.0,4.0,1.0,0.0,0.0,1.0,0.4444444444444444,1831.55,2915.77,0.39799213780677567,119.27694444444444,6.0,0.25,3.0,0.5,19.0,0.0,40.0,6,12.0,2,1,3,2,0,55,56,59,0.2957,0.0,0.0649,0.0215,T1,False,none
050acaf3-4dc3-40bd-9966-e8943e38e7a4,12.0,1.3333333333333333,7.0,33198.85,2766.570833333333,1090.4310707777104,54,0,1.0,12.0,7.0,1.0,1.0,1.0,3.0,4.0,4.0,3.0,1.0,0.5,1.3333333333333333,2766.570833333333,4487.7,0.13517636906097652,233.24138888888888,1.0,0.25,6.0,0.5833333333333334,26.0,1.0,60.916666666666664,10,36.0,1,3,6,1,3,131,134,78,0.2521,0.0,0.1237,0.0763,T1,False,none
206d70fa-b042-4e69-a773-7db6d971ba2b,4.0,0.4444444444444444,2.0,7922.66,1980.665,1365.5228441028241,48,0,1.0,4.0,7.0,1.0,1.0,1.0,1.0,4.0,5.0,1.0,1.0,1.0,0.4444444444444444,1980.665,3387.47,0.42756725645174726,86.38444444444444,5.0,0.5,3.0,0.5,21.0,0.0,38.75,5,12.0,1,1,3,1,1,67,68,118,0.1482,0.0,0.2319,0.119,T1,False,none
3c5aff8c-ae8e-4d4a-9ec5-9a01f52324db,2.0,0.2222222222222222,2.0,5834.6900000000005,2917.3450000000003,896.6608960192252,53,0,1.0,2.0,10.0,1.0,1.0,1.0,2.0,1.0,4.0,2.0,1.0,0.5,0.2222222222222222,2917.3450000000003,3551.38,0.6086664415761591,76.09194444444445,4.0,0.5,2.0,0.5,29.0,0.0,29.5,5,6.0,1,2,2,1,2,63,64,103,0.2271,0.0,0.2014,0.1192,T1,False,none
0562500e-d2b9-41b9-b0ae-cb15f77fc395,3.0,0.3333333333333333,3.0,10142.79,3380.9300000000003,825.8169599251396,44,1,2.0,1.5,11.0,2.0,1.0,0.6666666666666666,2.0,1.5,9.0,2.0,1.0,0.6666666666666666,0.3333333333333333,3380.9300000000003,4183.17,0.4124279414244009,62.32111111111111,8.0,0.3333333333333333,2.0,0.6666666666666666,21.0,3.0,75.66666666666667,6,9.0,2,2,2,2,2,63,64,143,0.1277,0.0,0.241,0.0927,T1,False,none
f4eb71bc-3dfd-4673-9ac1-b13d0c5b0b62,3.0,0.3333333333333333,2.0,8369.43,2789.81,1868.549095394606,61,1,1.0,3.0,8.0,1.0,1.0,1.0,2.0,1.5,2.0,2.0,1.0,0.6666666666666666,0.3333333333333333,2789.81,4600.51,0.5496802052230558,176.1938888888889,5.0,0.0,2.0,0.6666666666666666,21.0,2.0,38.333333333333336,5,9.0,1,2,2,1,2,48,48,50,0.3086,0.0,0.0411,0.037,T1,False,none
df288397-a827-46d3-8c02-ae98db7b2447,3.0,0.3333333333333333,3.0,3306.14,1102.0466666666666,438.50553272830354,10,0,1.0,3.0,5.0,1.0,1.0,1.0,1.0,3.0,4.0,1.0,1.0,1.0,0.3333333333333333,1102.0466666666666,1549.55,0.4686885612829463,111.45222222222222,9.0,0.3333333333333333,2.0,0.6666666666666666,25.0,0.0,36.0,4,9.0,1,1,2,1,1,48,49,103,0.2271,0.0,0.2014,0.1192,T1,False,none
55af2368-7673-474f-8f89-5b1e6ba1d8f5,2.0,0.2222222222222222,2.0,3962.3799999999997,1981.1899999999998,2576.682968508155,66,1,1.0,2.0,4.0,1.0,1.0,1.0,2.0,1.0,3.0,2.0,1.0,0.5,0.2222222222222222,1981.1899999999998,3803.18,0.9598221271054266,132.11111111111111,10.0,0.5,1.0,1.0,26.0,1.0,78.0,4,6.0,1,2,1,1,2,31,31,78,0.2521,0.0,0.1237,0.0763,T1,False,none
bd43cfd8-13f2-46ee-aab7-b0f4e753e185,1.0,0.1111111111111111,1.0,2156.92,2156.92,0.0,44,1,1.0,1.0,5.0,1.0,1.0,1.0,1.0,1.0,8.0,1.0,1.0,1.0,0.1111111111111111,2156.92,2156.92,1.0,0.0,6.0,0.0,1.0,1.0,22.0,3.0,74.0,3,3.0,1,1,1,1,1,32,32,121,0.1433,0.0,0.2418,0.1111,T1,False,none
7b8d9b46-d7f1-4b2e-b4fa-a87550bfd513,2.0,0.2222222222222222,2.0,4966.99,2483.495,638.4962102080169,55,0,1.0,2.0,8.0,1.0,1.0,1.0,2.0,1.0,5.0,2.0,1.0,0.5,0.2222222222222222,2483.495,2934.98,0.5908971026718395,144.89805555555554,13.0,0.0,2.0,0.5,20.0,0.0,32.0,5,6.0,1,2,2,1,2,45,46,126,0.1498,0.0,0.1572,0.1186,T1,False,none
8f79d59b-ce4f-4c16-9775-6b7c3f47766a,5.0,0.5555555555555556,4.0,13900.09,2780.018,1411.8256678747555,67,1,1.0,5.0,10.0,1.0,1.0,1.0,2.0,2.5,4.0,2.0,1.0,0.8,0.5555555555555556,2780.018,4968.07,0.35741279373011253,139.7736111111111,0.0,0.6,2.0,0.8,19.0,3.0,49.2,5,15.0,1,2,2,1,2,49,50,121,0.1362,0.0,0.2722,0.12,T1,False,none
b2a5b072-961a-4b7c-812e-47f2b760a4ed,6.0,0.6666666666666666,6.0,10969.789999999999,1828.2983333333332,1287.6101038189577,16,1,2.0,3.0,10.0,2.0,1.0,0.8333333333333334,2.0,3.0,8.0,2.0,1.0,0.6666666666666666,0.6666666666666666,1828.2983333333332,3372.22,0.30740971340381174,204.19444444444446,6.0,0.16666666666666666,3.0,0.5,29.0,1.0,46.0,7,18.0,2,2,3,2,2,91,92,103,0.2271,0.0,0.2014,0.1192,T1,False,none
01893f4b-013b-4a32-ab9c-64aa0ba2674e,8.0,0.8888888888888888,7.0,14547.73,1818.46625,1569.0166680980935,12,0,3.0,2.6666666666666665,7.0,3.0,1.0,0.625,1.0,8.0,4.0,1.0,1.0,1.0,0.8888888888888888,1818.46625,4729.49,0.32510157942166923,179.6288888888889,1.0,0.125,3.0,0.375,21.0,1.0,73.375,7,24.0,3,1,3,3,1,64,64,121,0.1362,0.0,0.2722,0.12,T1,False,none
4f0dc3ed-4a95-4840-956a-d2cd950c08e1,3.0,0.3333333333333333,2.0,7737.26,2579.0866666666666,400.0636254814143,45,0,1.0,3.0,8.0,1.0,1.0,1.0,1.0,3.0,3.0,1.0,1.0,1.0,0.3333333333333333,2579.0866666666666,2980.13,0.3851660665403515,57.044444444444444,4.0,0.0,3.0,0.3333333333333333,20.0,1.0,56.0,5,9.0,1,1,3,1,1,57,59,126,0.1498,0.0,0.1572,0.1186,T1,False,none
00237b69-e24e-492c-8047-0a0fdd98ba41,4.0,0.4444444444444444,2.0,6064.45,1516.1125,1836.1580648440013,36,0,3.0,1.3333333333333333,7.0,3.0,1.0,0.5,2.0,2.0,1.0,0.0,0.0,0.75,0.4444444444444444,1516.1125,4192.34,0.6912976444689956,109.31861111111111,20.0,0.25,1.0,1.0,23.0,1.0,49.0,6,12.0,3,2,1,3,0,30,30,121,0.1433,0.0,0.2418,0.1111,T1,False,none
84309089-eb67-4140-8a42-2bb2acf60873,3.0,0.3333333333333333,3.0,6037.869999999999,2012.623333333333,2097.2857365970267,78,1,3.0,1.0,9.0,3.0,1.0,0.3333333333333333,2.0,1.5,9.0,2.0,1.0,0.6666666666666666,0.3333333333333333,2012.623333333333,4402.83,0.7292025167815803,204.0075,11.0,0.3333333333333333,2.0,0.6666666666666666,24.0,2.0,27.0,7,9.0,3,2,2,3,2,73,74,64,0.3686,0.0,0.1444,0.0659,T1,False,none
85654e63-ce14-43a8-b30b-b1f27990cfba,5.0,0.5555555555555556,4.0,10144.51,2028.902,1016.5954374873025,67,0,3.0,1.6666666666666667,7.0,3.0,1.0,0.6,1.0,5.0,2.0,1.0,1.0,1.0,0.5555555555555556,2028.902,3199.32,0.3153745227714301,121.03,20.0,0.4,2.0,0.8,28.0,0.0,9.2,6,15.0,3,1,2,3,1,57,58,103,0.2271,0.0,0.2014,0.1192,T1,False,none
90113305-415e-4dc9-a35c-643fde3f41b4,0.0,0.0,0.0,0.0,0.0,0.0,10,1,0.0,0.0,0.0,0.0,0.0,0.0,0.0,0.0,0.0,0.0,0.0,0.0,0.0,0.0,0.0,0.0,0.0,0.0,0.0,0.0,0.0,0.0,0.0,0.0,0,0.0,0,0,0,0,0,0,0,1,0.0,0.0,0.0,0.0,T1,False,none
57370013-d4ca-4445-bc9c-abeb9616825a,4.0,0.4444444444444444,3.0,4927.469999999999,1231.8674999999998,980.9523534937871,23,1,2.0,2.0,5.0,2.0,1.0,0.75,1.0,4.0,4.0,1.0,1.0,1.0,0.4444444444444444,1231.8674999999998,2701.66,0.5482854284247292,131.85722222222222,1.0,0.0,2.0,0.75,18.0,1.0,47.0,5,12.0,2,1,2,2,1,42,42,86,0.1967,0.0,0.161,0.0515,T1,False,none
53f84481-d52e-4c83-836e-402f65fd868d,2.0,0.2222222222222222,2.0,3658.07,1829.035,394.07768022307476,57,1,2.0,1.0,11.0,2.0,1.0,0.5,2.0,1.0,7.0,2.0,1.0,0.5,0.2222222222222222,1829.035,2107.69,0.5761754149045808,71.24638888888889,0.0,0.5,1.0,1.0,25.0,0.0,70.0,5,6.0,2,2,1,2,2,45,45,103,0.2271,0.0,0.2014,0.1192,T1,False,none
b94eba99-66ba-40af-a3ce-4b213b513f6a,6.0,0.6666666666666666,4.0,11351.68,1891.9466666666667,1514.4777439984605,58,1,3.0,2.0,12.0,3.0,1.0,0.6666666666666666,3.0,2.0,6.0,3.0,1.0,0.5,0.6666666666666666,1891.9466666666667,4422.18,0.3895617212606416,206.74805555555557,22.0,0.0,2.0,0.6666666666666666,22.0,3.0,58.333333333333336,8,18.0,3,3,2,3,3,67,68,50,0.3086,0.0,0.0411,0.037,T1,False,none
0eca1d90-3889-45b5-b890-612b371eb03d,4.0,0.4444444444444444,4.0,12314.71,3078.6775,1472.6960615228788,79,0,1.0,4.0,3.0,1.0,1.0,1.0,2.0,2.0,5.0,2.0,1.0,0.75,0.4444444444444444,3078.6775,4787.78,0.38878544439942153,203.40333333333334,7.0,0.25,2.0,0.75,25.0,2.0,35.0,5,12.0,1,2,2,1,2,54,55,118,0.1482,0.0,0.2319,0.119,T1,False,none
4655a71f-4c9b-44ec-87a3-27a72a1eb352,1.0,0.1111111111111111,1.0,3638.55,3638.55,0.0,76,0,1.0,1.0,8.0,1.0,1.0,1.0,1.0,1.0,4.0,1.0,1.0,1.0,0.1111111111111111,3638.55,3638.55,1.0,0.0,22.0,0.0,1.0,1.0,20.0,2.0,14.0,3,3.0,1,1,1,1,1,29,29,118,0.1482,0.0,0.2319,0.119,T1,False,none
4d69fd52-6754-423c-93f3-1f98835927ea,6.0,0.6666666666666666,5.0,16789.04,2798.1733333333336,1757.2454341003895,79,0,2.0,3.0,8.0,2.0,1.0,0.6666666666666666,2.0,3.0,7.0,2.0,1.0,0.5,0.6666666666666666,2798.1733333333336,4921.16,0.2931174146943482,158.4163888888889,1.0,0.16666666666666666,3.0,0.3333333333333333,19.0,2.0,41.0,7,18.0,2,2,3,2,2,67,67,118,0.1482,0.0,0.2319,0.119,T1,False,none
589e4869-d5d7-4455-9624-320fbd35c427,3.0,0.3333333333333333,3.0,8646.09,2882.03,1260.571040758909,10,1,1.0,3.0,7.0,1.0,1.0,1.0,1.0,3.0,6.0,1.0,1.0,1.0,0.3333333333333333,2882.03,4078.47,0.4717126469884074,213.3786111111111,12.0,0.0,1.0,1.0,20.0,3.0,11.0,3,9.0,1,1,1,1,1,30,30,121,0.1362,0.0,0.2722,0.12,T1,False,none
5854edbb-e656-4438-98f1-9689227aaa43,2.0,0.2222222222222222,2.0,859.24,429.62,263.25585463575163,46,1,1.0,2.0,9.0,1.0,1.0,1.0,2.0,1.0,3.0,2.0,1.0,0.5,0.2222222222222222,429.62,615.77,0.7166449420418044,116.58166666666666,6.0,0.0,1.0,1.0,24.0,0.0,20.0,4,6.0,1,2,1,1,2,34,34,173,0.0954,0.0,0.2136,0.1548,T1,False,none
22a93a17-23cf-4c90-aebd-2668c0494c5d,2.0,0.2222222222222222,2.0,5771.82,2885.91,1398.4875075595062,75,0,2.0,1.0,7.0,2.0,1.0,0.5,1.0,2.0,7.0,1.0,1.0,1.0,0.2222222222222222,2885.91,3874.79,0.6713289742230354,33.26111111111111,0.0,1.0,1.0,1.0,21.0,0.0,25.0,4,6.0,2,1,1,2,1,37,37,118,0.1482,0.0,0.2319,0.119,T1,False,none
074cf005-bfad-4354-991a-c0085b85bafa,3.0,0.3333333333333333,3.0,6785.56,2261.8533333333335,744.4122313834812,74,0,1.0,3.0,6.0,1.0,1.0,1.0,1.0,3.0,8.0,1.0,1.0,1.0,0.3333333333333333,2261.8533333333335,3070.57,0.4525153414014466,51.992222222222225,8.0,0.0,2.0,0.6666666666666666,26.0,2.0,66.0,4,9.0,1,1,2,1,1,55,55,86,0.1967,0.0,0.161,0.0515,T1,False,none
dad2fd6c-f280-4779-a958-0820ecf2e3e4,0.0,0.0,0.0,0.0,0.0,0.0,74,0,0.0,0.0,0.0,0.0,0.0,0.0,0.0,0.0,0.0,0.0,0.0,0.0,0.0,0.0,0.0,0.0,0.0,0.0,0.0,0.0,0.0,0.0,0.0,0.0,0,0.0,0,0,0,0,0,0,0,1,0.0,0.0,0.0,0.0,T1,False,none
ff04f82d-fb2a-4237-8c93-18f83b1baf5e,3.0,0.3333333333333333,2.0,9910.25,3303.4166666666665,2377.2959785507005,81,0,2.0,1.5,5.0,2.0,1.0,0.6666666666666666,1.0,3.0,3.0,1.0,1.0,1.0,0.3333333333333333,3303.4166666666665,4697.01,0.4739547438258369,65.11694444444444,7.0,0.6666666666666666,1.0,1.0,21.0,1.0,67.0,4,9.0,2,1,1,2,1,28,28,89,0.2028,0.0,0.1043,0.0515,T1,False,none
18899abf-8c4e-40a0-9b4f-e1e507969fa9,4.0,0.4444444444444444,4.0,9380.6,2345.15,1626.3925663258551,55,0,1.0,4.0,9.0,1.0,1.0,1.0,1.0,4.0,3.0,1.0,1.0,1.0,0.4444444444444444,2345.15,4587.14,0.48900283563951136,195.04472222222222,6.0,0.0,3.0,0.5,23.0,0.0,14.25,5,12.0,1,1,3,1,1,73,73,89,0.2028,0.0,0.1043,0.0515,T1,False,none
218bb52c-a892-487a-bf27-24e7adbe26a0,6.0,0.6666666666666666,5.0,14009.75,2334.9583333333335,1412.0346537449661,47,0,4.0,1.5,10.0,4.0,1.0,0.3333333333333333,4.0,1.5,5.0,4.0,1.0,0.5,0.6666666666666666,2334.9583333333335,4973.61,0.3550106176055961,163.96194444444444,7.0,0.0,5.0,0.3333333333333333,24.0,0.0,29.833333333333332,13,18.0,4,4,5,4,4,123,132,121,0.1362,0.0,0.2722,0.12,T1,False,none
d2671d5b-3166-459a-93e0-a815f4455092,3.0,0.3333333333333333,2.0,6872.610000000001,2290.8700000000003,390.9634637661172,52,1,1.0,3.0,10.0,1.0,1.0,1.0,1.0,3.0,4.0,1.0,1.0,1.0,0.3333333333333333,2290.8700000000003,2646.57,0.3850895074796911,32.56027777777778,13.0,0.0,1.0,1.0,21.0,3.0,5.0,3,9.0,1,1,1,1,1,32,32,78,0.2521,0.0,0.1237,0.0763,T1,False,none
2895055f-b9d9-4855-9eef-3bc3ca48ec6b,1.0,0.1111111111111111,1.0,2695.96,2695.96,0.0,82,1,1.0,1.0,5.0,1.0,1.0,1.0,1.0,1.0,1.0,0.0,0.0,1.0,0.1111111111111111,2695.96,2695.96,1.0,0.0,20.0,0.0,1.0,1.0,22.0,0.0,81.0,3,3.0,1,1,1,1,0,25,25,104,0.1637,0.0,0.1654,0.1067,T1,False,none
158420e2-c406-4131-86d5-2d6fdb64a896,2.0,0.2222222222222222,2.0,6923.27,3461.635,1062.7602789199454,42,0,1.0,2.0,7.0,1.0,1.0,1.0,1.0,2.0,1.0,0.0,0.0,1.0,0.2222222222222222,3461.635,4213.12,0.6085448061392954,20.39611111111111,12.0,1.0,2.0,0.5,19.0,3.0,36.5,4,6.0,1,1,2,1,0,35,35,59,0.2957,0.0,0.0649,0.0215,T1,False,none
51be3d9f-7b6e-41dd-9973-581900901899,5.0,0.5555555555555556,5.0,14460.85,2892.17,906.737022184492,16,0,1.0,5.0,7.0,1.0,1.0,1.0,1.0,5.0,3.0,1.0,1.0,1.0,0.5555555555555556,2892.17,3576.6,0.2473298595864005,149.06055555555557,3.0,0.4,2.0,0.8,23.0,2.0,55.8,4,15.0,1,1,2,1,1,49,51,173,0.0954,0.0,0.2136,0.1548,T1,False,none
3bfa75c1-fc49-4012-8595-a617ae81560a,2.0,0.2222222222222222,2.0,8596.82,4298.41,519.5113521377565,21,1,2.0,1.0,7.0,2.0,1.0,0.5,2.0,1.0,9.0,2.0,1.0,0.5,0.2222222222222222,4298.41,4665.76,0.5427309167808563,57.89666666666667,10.0,0.5,1.0,1.0,25.0,2.0,16.0,5,6.0,2,2,1,2,2,44,45,104,0.1637,0.0,0.1654,0.1067,T1,False,none
4bcf38c0-f1c1-4510-a928-28dd9b3376a8,4.0,0.4444444444444444,4.0,7856.68,1964.17,1742.5131554357538,47,0,1.0,4.0,5.0,1.0,1.0,1.0,2.0,2.0,5.0,2.0,1.0,0.5,0.4444444444444444,1964.17,4289.26,0.5459379788918475,195.54111111111112,0.0,0.0,3.0,0.5,23.0,2.0,22.0,6,12.0,1,2,3,1,2,71,72,50,0.3086,0.0,0.0411,0.037,T1,False,none
7728cf10-f471-43eb-91ee-bef9a30ffa8a,1.0,0.1111111111111111,1.0,931.58,931.58,0.0,51,1,1.0,1.0,11.0,1.0,1.0,1.0,1.0,1.0,2.0,1.0,1.0,1.0,0.1111111111111111,931.58,931.58,1.0,0.0,6.0,1.0,1.0,1.0,13.0,1.0,2.0,3,3.0,1,1,1,1,1,23,23,126,0.1498,0.0,0.1572,0.1186,T1,False,none
58d89c7d-3557-4142-a911-c95f448d75b4,5.0,0.5555555555555556,5.0,12513.71,2502.7419999999997,1145.3793019650739,88,0,2.0,2.5,9.0,2.0,1.0,0.6,2.0,2.5,6.0,1.0,0.5,0.6,0.5555555555555556,2502.7419999999997,3646.5,0.29140039204999957,193.3838888888889,19.0,0.4,2.0,0.8,21.0,2.0,15.6,6,15.0,2,2,2,2,1,52,53,121,0.1433,0.0,0.2418,0.1111,T1,False,none
badb0683-9c35-4495-b7a0-6aefb2ecfd8b,2.0,0.2222222222222222,2.0,5604.37,2802.185,200.28799577108958,50,1,2.0,1.0,11.0,2.0,1.0,0.5,1.0,2.0,2.0,1.0,1.0,1.0,0.2222222222222222,2802.185,2943.81,0.5252704585885657,21.216944444444444,14.0,0.0,2.0,0.5,23.0,2.0,35.5,5,6.0,2,1,2,2,1,58,58,173,0.0954,0.0,0.2136,0.1548,T1,False,none
0a6fa670-5444-4928-8d8b-5f53acbcc673,6.0,0.6666666666666666,5.0,17505.239999999998,2917.5399999999995,1015.0269618487972,48,0,1.0,6.0,6.0,1.0,1.0,1.0,2.0,3.0,6.0,2.0,1.0,0.8333333333333334,0.6666666666666666,2917.5399999999995,4423.95,0.2527214708281635,172.37305555555557,8.0,0.16666666666666666,3.0,0.5,24.0,1.0,51.5,6,18.0,1,2,3,1,2,72,72,89,0.2028,0.0,0.1043,0.0515,T1,False,none
06084228-6d6b-4ab1-b56d-8eb72302eb11,4.0,0.4444444444444444,4.0,12196.68,3049.17,1885.8268599741598,17,1,2.0,2.0,11.0,2.0,1.0,0.75,1.0,4.0,5.0,1.0,1.0,1.0,0.4444444444444444,3049.17,4857.69,0.3982796957860663,150.86805555555554,1.0,0.25,3.0,0.5,23.0,0.0,45.75,6,12.0,2,1,3,2,1,68,68,59,0.3197,0.0,0.1098,0.0978,T1,False,none
87a9f851-b51a-4d6b-8ed3-70444b5a6273,2.0,0.2222222222222222,2.0,2425.29,1212.645,93.95327801625649,78,1,1.0,2.0,8.0,1.0,1.0,1.0,2.0,1.0,7.0,2.0,1.0,0.5,0.2222222222222222,1212.645,1279.08,0.5273926004725208,42.2125,1.0,0.5,1.0,1.0,21.0,0.0,25.0,4,6.0,1,2,1,1,2,37,37,118,0.1482,0.0,0.2319,0.119,T1,False,none
16babd52-c642-4258-ae0c-b3c99c1e1f4e,4.0,0.4444444444444444,3.0,9992.83,2498.2075,869.6121971459463,82,0,3.0,1.3333333333333333,7.0,3.0,1.0,0.5,2.0,2.0,3.0,2.0,1.0,0.75,0.4444444444444444,2498.2075,3487.09,0.3489592037490881,195.33694444444444,2.0,0.0,3.0,0.5,25.0,2.0,51.25,8,12.0,3,2,3,3,2,83,83,173,0.0954,0.0,0.2136,0.1548,T1,False,none
c98c5eb8-d229-4445-b71b-7fbdb410c969,4.0,0.4444444444444444,3.0,10454.78,2613.695,1468.2654119856306,88,1,1.0,4.0,9.0,1.0,1.0,1.0,1.0,4.0,2.0,1.0,1.0,1.0,0.4444444444444444,2613.695,3754.77,0.3591438557291497,52.76222222222222,8.0,0.0,1.0,1.0,19.0,1.0,86.0,3,12.0,1,1,1,1,1,26,27,121,0.1362,0.0,0.2722,0.12,T1,False,none
4e6aee77-7a8b-4887-bd72-e0a72cc57540,1.0,0.1111111111111111,1.0,2.72,2.72,0.0,71,1,1.0,1.0,6.0,1.0,1.0,1.0,1.0,1.0,3.0,1.0,1.0,1.0,0.1111111111111111,2.72,2.72,1.0,0.0,20.0,0.0,1.0,1.0,16.0,3.0,14.0,3,3.0,1,1,1,1,1,22,22,173,0.0954,0.0,0.2136,0.1548,T1,False,none
c3b197fa-f76a-4a12-ace2-09d35a1e43f8,3.0,0.3333333333333333,3.0,7101.49,2367.1633333333334,2039.2108898378638,17,0,1.0,3.0,3.0,1.0,1.0,1.0,1.0,3.0,6.0,1.0,1.0,1.0,0.3333333333333333,2367.1633333333334,4703.4,0.6623117120491615,118.9961111111111,0.0,0.0,3.0,0.3333333333333333,22.0,2.0,19.666666666666668,5,9.0,1,1,3,1,1,63,63,86,0.1967,0.0,0.161,0.0515,T1,False,none
8713d4ca-37e6-4622-a888-740b6493b402,8.0,0.8888888888888888,7.0,18069.42,2258.6775,1658.5844659205202,13,1,2.0,4.0,9.0,2.0,1.0,0.875,1.0,8.0,2.0,1.0,1.0,1.0,0.8888888888888888,2258.6775,4736.08,0.2621047050763113,174.7252777777778,14.0,0.125,2.0,0.625,20.0,0.0,22.625,5,24.0,2,1,2,2,1,49,51,126,0.1498,0.0,0.1572,0.1186,T1,False,none
ba9f3169-764c-498b-bc24-1be6bf05917f,4.0,0.4444444444444444,3.0,10266.970000000001,2566.7425000000003,1582.6042581006577,53,1,2.0,2.0,9.0,2.0,1.0,0.75,2.0,2.0,5.0,2.0,1.0,0.5,0.4444444444444444,2566.7425000000003,4114.29,0.40073069269706635,232.59166666666667,4.0,0.5,3.0,0.5,26.0,2.0,49.75,7,12.0,2,2,3,2,2,77,79,167,0.1063,0.0,0.25,0.1704,T1,False,none
574f2b8d-fd77-4189-ade9-d26ea791cbe2,3.0,0.3333333333333333,3.0,9206.6,3068.866666666667,1172.1861886805073,59,0,2.0,1.5,6.0,2.0,1.0,0.6666666666666666,1.0,3.0,1.0,0.0,0.0,1.0,0.3333333333333333,3068.866666666667,4108.1,0.44621249972845567,199.39888888888888,5.0,0.3333333333333333,2.0,0.6666666666666666,14.0,3.0,80.66666666666667,5,9.0,2,1,2,2,0,31,31,143,0.1277,0.0,0.241,0.0927,T1,False,none
252bc470-50ba-4fa1-acd4-ad6e6c47d0cf,6.0,0.6666666666666666,5.0,10465.15,1744.1916666666666,1205.3854917231529,15,0,1.0,6.0,5.0,1.0,1.0,1.0,2.0,3.0,4.0,1.0,0.5,0.8333333333333334,0.6666666666666666,1744.1916666666666,3539.46,0.3382139768660746,168.18138888888888,8.0,0.0,5.0,0.3333333333333333,25.0,0.0,47.166666666666664,8,18.0,1,2,5,1,1,102,106,167,0.1063,0.0,0.25,0.1704,T1,False,none
a0681678-1c2d-479a-95fc-0181d53f6baa,4.0,0.4444444444444444,2.0,11054.17,2763.5425,1889.0104942248647,11,0,2.0,2.0,7.0,2.0,1.0,0.75,2.0,2.0,6.0,2.0,1.0,0.75,0.4444444444444444,2763.5425,4887.1,0.44210465371891333,43.070277777777775,0.0,0.0,3.0,0.5,23.0,2.0,34.75,7,12.0,2,2,3,2,2,80,82,121,0.1433,0.0,0.2418,0.1111,T1,False,none
b119dd44-85ca-41bb-b6f9-ba5491430ed9,5.0,0.5555555555555556,5.0,10215.26,2043.0520000000001,1862.194882046452,65,0,2.0,2.5,11.0,2.0,1.0,0.8,3.0,1.6666666666666667,5.0,3.0,1.0,0.6,0.5555555555555556,2043.0520000000001,4909.86,0.48063974876801957,209.63555555555556,1.0,0.4,2.0,0.6,23.0,3.0,46.0,7,15.0,2,3,2,2,3,70,70,89,0.2028,0.0,0.1043,0.0515,T1,False,none
e15e5a5c-139c-44cf-98f8-da71ff41bf18,2.0,0.2222222222222222,2.0,4416.72,2208.36,2288.0419804278067,37,1,1.0,2.0,4.0,1.0,1.0,1.0,1.0,2.0,1.0,0.0,0.0,1.0,0.2222222222222222,2208.36,3826.25,0.8663102936115488,67.98305555555555,5.0,0.0,2.0,0.5,26.0,1.0,56.5,4,6.0,1,1,2,1,0,39,39,74,0.2714,0.0,0.1287,0.0855,T1,False,none
3cc07dfc-620b-4d55-9a41-15d55f97c0d8,2.0,0.2222222222222222,2.0,3548.11,1774.055,1652.4731922939022,76,1,1.0,2.0,10.0,1.0,1.0,1.0,2.0,1.0,7.0,2.0,1.0,0.5,0.2222222222222222,1774.055,2942.53,0.8293232171494119,32.25194444444445,14.0,0.0,1.0,1.0,23.0,1.0,49.0,4,6.0,1,2,1,1,2,39,39,121,0.1433,0.0,0.2418,0.1111,T1,False,none
bf09b2b7-b4cd-4d07-b551-856d5ce4538b,3.0,0.3333333333333333,2.0,11533.26,3844.42,775.4437852610591,39,0,2.0,1.5,11.0,2.0,1.0,0.6666666666666666,2.0,1.5,7.0,2.0,1.0,0.6666666666666666,0.3333333333333333,3844.42,4512.03,0.3912189615078477,95.44972222222222,3.0,0.0,1.0,1.0,24.0,3.0,29.0,5,9.0,2,2,1,2,2,44,44,126,0.1498,0.0,0.1572,0.1186,T1,False,none
8ad3f945-7424-4def-aba3-ae4965a20c7b,4.0,0.4444444444444444,3.0,8345.14,2086.285,2136.968347862613,62,0,2.0,2.0,11.0,2.0,1.0,0.5,1.0,4.0,12.0,1.0,1.0,1.0,0.4444444444444444,2086.285,4844.23,0.580485168613109,147.62777777777777,4.0,0.0,2.0,0.75,23.0,3.0,32.5,5,12.0,2,1,2,2,1,64,64,121,0.1433,0.0,0.2418,0.1111,T1,False,none
f36a8f89-b46b-495b-bf27-81877c475ef0,4.0,0.4444444444444444,3.0,7938.35,1984.5875,1155.8993354779357,53,0,4.0,1.0,7.0,4.0,1.0,0.25,1.0,4.0,3.0,1.0,1.0,1.0,0.4444444444444444,1984.5875,2997.75,0.37762885234337107,103.25888888888889,6.0,0.0,2.0,0.5,18.0,1.0,61.0,7,12.0,4,1,2,4,1,49,49,167,0.1063,0.0,0.25,0.1704,T1,False,none
7e65328b-a4a1-44b5-bcf4-20ae5d84265b,3.0,0.3333333333333333,3.0,6945.1,2315.0333333333333,317.2412623435566,56,1,2.0,1.5,8.0,2.0,1.0,0.6666666666666666,3.0,1.0,12.0,3.0,1.0,0.3333333333333333,0.3333333333333333,2315.0333333333333,2670.92,0.38457617600898475,101.02222222222223,8.0,0.6666666666666666,2.0,0.6666666666666666,20.0,3.0,29.333333333333332,7,9.0,2,3,2,2,3,65,65,121,0.1362,0.0,0.2722,0.12,T1,False,none
f635b57f-b371-4253-ad6d-6f8165b958c6,6.0,0.6666666666666666,6.0,14779.060000000001,2463.1766666666667,1844.1910446118825,49,0,2.0,3.0,7.0,2.0,1.0,0.5,1.0,6.0,6.0,1.0,1.0,1.0,0.6666666666666666,2463.1766666666667,4843.22,0.327708257494049,151.96166666666667,1.0,0.0,3.0,0.5,29.0,2.0,7.0,6,18.0,2,1,3,2,1,76,77,103,0.2271,0.0,0.2014,0.1192,T1,False,none
da984885-de00-4dde-8eae-a8f9c7975901,3.0,0.3333333333333333,3.0,3741.51,1247.17,1350.5966744739155,43,1,2.0,1.5,7.0,2.0,1.0,0.6666666666666666,2.0,1.5,4.0,2.0,1.0,0.6666666666666666,0.3333333333333333,1247.17,2766.58,0.7394287333189006,42.255,0.0,0.0,2.0,0.6666666666666666,28.0,3.0,32.333333333333336,6,9.0,2,2,2,2,2,55,55,103,0.2271,0.0,0.2014,0.1192,T1,False,none
87faa932-18d9-4d7b-80b2-3b1991022947,8.0,0.8888888888888888,6.0,18915.94,2364.4925,1107.303212349071,32,1,2.0,4.0,6.0,2.0,1.0,0.625,1.0,8.0,3.0,1.0,1.0,1.0,0.8888888888888888,2364.4925,3789.81,0.20035007512182848,169.71444444444444,6.0,0.375,1.0,1.0,23.0,2.0,69.0,4,24.0,2,1,1,2,1,29,30,173,0.0954,0.0,0.2136,0.1548,T1,False,none
0bcc2709-d40a-474a-926a-51cda88ac3de,7.0,0.7777777777777778,5.0,18337.36,2619.6228571428574,1602.4766343040624,20,0,2.0,3.5,8.0,2.0,1.0,0.5714285714285714,1.0,7.0,7.0,1.0,1.0,1.0,0.7777777777777778,2619.6228571428574,4890.99,0.26672269072538246,184.11111111111111,0.0,0.14285714285714285,3.0,0.5714285714285714,21.0,0.0,56.57142857142857,6,21.0,2,1,3,2,1,67,68,143,0.1277,0.0,0.241,0.0927,T1,False,none
620db5b3-3967-46c9-8982-12d88e2b1f03,2.0,0.2222222222222222,1.0,1250.37,625.185,406.3671960800971,55,0,1.0,2.0,6.0,1.0,1.0,1.0,2.0,1.0,3.0,2.0,1.0,0.5,0.2222222222222222,625.185,912.53,0.7298079768388558,9.506388888888889,5.0,1.0,1.0,1.0,18.0,0.0,29.0,4,6.0,1,2,1,1,2,25,25,126,0.1498,0.0,0.1572,0.1186,T1,False,none
02f5098f-9848-47db-8f5e-5e2c489ac740,4.0,0.4444444444444444,3.0,11206.210000000001,2801.5525000000002,1707.3387579187872,73,1,1.0,4.0,10.0,1.0,1.0,1.0,2.0,2.0,4.0,2.0,1.0,0.5,0.4444444444444444,2801.5525000000002,4414.63,0.39394496444382177,57.00694444444444,0.0,0.0,3.0,0.5,26.0,0.0,23.25,6,12.0,1,2,3,1,2,74,76,65,0.3611,0.0,0.0889,0.0707,T1,False,none
0676e367-0178-4e37-81ab-89980d061907,2.0,0.2222222222222222,2.0,3566.13,1783.065,1398.9612691029013,60,1,1.0,2.0,7.0,1.0,1.0,1.0,2.0,1.0,6.0,2.0,1.0,0.5,0.2222222222222222,1783.065,2772.28,0.7773917383830652,43.15611111111111,5.0,0.5,2.0,0.5,24.0,0.0,64.5,5,6.0,1,2,2,1,2,57,57,59,0.3197,0.0,0.1098,0.0978,T1,False,none
9ef7d085-d4ad-42fb-92d5-dffff0a7def5,4.0,0.4444444444444444,3.0,11934.88,2983.72,1718.0168122770704,33,1,2.0,2.0,8.0,2.0,1.0,0.75,2.0,2.0,7.0,2.0,1.0,0.75,0.4444444444444444,2983.72,4342.12,0.3638176504497741,153.61805555555554,8.0,0.5,3.0,0.5,20.0,2.0,34.25,7,12.0,2,2,3,2,2,71,72,78,0.2521,0.0,0.1237,0.0763,T1,False,none
84d880ed-e08d-4ebc-94a9-a3beb202ba4c,1.0,0.1111111111111111,1.0,977.91,977.91,0.0,50,1,1.0,1.0,6.0,1.0,1.0,1.0,1.0,1.0,8.0,1.0,1.0,1.0,0.1111111111111111,977.91,977.91,1.0,0.0,8.0,0.0,1.0,1.0,20.0,2.0,88.0,3,3.0,1,1,1,1,1,31,31,173,0.0954,0.0,0.2136,0.1548,T1,False,none
29145204-0681-4acc-90e0-fd42cc929546,2.0,0.2222222222222222,2.0,6696.59,3348.295,496.11318874829385,81,1,1.0,2.0,8.0,1.0,1.0,1.0,1.0,2.0,8.0,1.0,1.0,1.0,0.2222222222222222,3348.295,3699.1,0.552385617157389,127.46111111111111,2.0,0.0,1.0,1.0,22.0,1.0,63.0,3,6.0,1,1,1,1,1,35,35,104,0.1637,0.0,0.1654,0.1067,T1,False,none
34dfc1a3-9bce-4660-9361-926c06a43516,1.0,0.1111111111111111,1.0,1827.74,1827.74,0.0,44,1,1.0,1.0,7.0,1.0,1.0,1.0,1.0,1.0,3.0,1.0,1.0,1.0,0.1111111111111111,1827.74,1827.74,1.0,0.0,22.0,0.0,1.0,1.0,23.0,1.0,25.0,3,3.0,1,1,1,1,1,30,30,66,0.3865,0.0,0.1807,0.0805,T1,False,none
9bbe5020-2268-4f42-9dca-d649fbc72001,4.0,0.4444444444444444,4.0,11997.349999999999,2999.3374999999996,1947.286981544237,47,0,2.0,2.0,10.0,2.0,1.0,0.75,2.0,2.0,5.0,2.0,1.0,0.75,0.4444444444444444,2999.3374999999996,4860.65,0.40514363588625824,110.20527777777778,0.0,0.5,2.0,0.75,20.0,2.0,6.25,6,12.0,2,2,2,2,2,51,51,74,0.2714,0.0,0.1287,0.0855,T1,False,none
df3004a1-5792-4cc7-806d-2a66c181b16d,3.0,0.3333333333333333,3.0,11734.52,3911.5066666666667,326.6491673544162,43,0,1.0,3.0,5.0,1.0,1.0,1.0,1.0,3.0,4.0,1.0,1.0,1.0,0.3333333333333333,3911.5066666666667,4255.76,0.3626701390427559,162.57777777777778,1.0,0.0,3.0,0.3333333333333333,20.0,1.0,72.66666666666667,5,9.0,1,1,3,1,1,52,52,89,0.2028,0.0,0.1043,0.0515,T1,False,none
eff2c5df-6c14-4b78-8837-248deca67404,7.0,0.7777777777777778,7.0,23314.64,3330.662857142857,1196.9121669489687,59,1,1.0,7.0,6.0,1.0,1.0,1.0,1.0,7.0,5.0,1.0,1.0,1.0,0.7777777777777778,3330.662857142857,4795.32,0.2056784921405606,212.09416666666667,0.0,0.14285714285714285,2.0,0.8571428571428571,20.0,1.0,81.0,4,21.0,1,1,2,1,1,46,46,173,0.0954,0.0,0.2136,0.1548,T1,False,none
c723fc36-3f58-4aff-b7d0-3e2afcb0edbd,5.0,0.5555555555555556,4.0,5143.15,1028.6299999999999,728.5120930705267,43,0,1.0,5.0,8.0,1.0,1.0,1.0,1.0,5.0,2.0,1.0,1.0,1.0,0.5555555555555556,1028.6299999999999,2312.41,0.4496096750046178,170.57972222222222,6.0,0.4,2.0,0.8,29.0,3.0,69.2,4,15.0,1,1,2,1,1,55,56,64,0.3686,0.0,0.1444,0.0659,T1,False,none
fde83870-2a2d-4dba-ad74-867508e9ca5c,4.0,0.4444444444444444,4.0,11490.880000000001,2872.7200000000003,1854.230866370205,89,0,2.0,2.0,13.0,2.0,1.0,0.75,1.0,4.0,4.0,1.0,1.0,1.0,0.4444444444444444,2872.7200000000003,4534.72,0.394636442117575,191.67638888888888,19.0,0.5,2.0,0.75,22.0,0.0,61.0,5,12.0,2,1,2,2,1,63,63,64,0.3686,0.0,0.1444,0.0659,T1,False,none
1768e363-ec1e-4183-aa5f-8195783063da,3.0,0.3333333333333333,3.0,8167.13,2722.3766666666666,2243.4139085851575,80,1,1.0,3.0,10.0,1.0,1.0,1.0,1.0,3.0,4.0,1.0,1.0,1.0,0.3333333333333333,2722.3766666666666,4813.34,0.5893551345454279,138.7836111111111,7.0,0.0,2.0,0.6666666666666666,21.0,3.0,13.666666666666666,4,9.0,1,1,2,1,1,47,48,78,0.2521,0.0,0.1237,0.0763,T1,False,none
b1a6b508-3dce-439d-8e9c-2f4cf131465c,2.0,0.2222222222222222,1.0,4888.15,2444.075,859.3822265150703,52,0,1.0,2.0,7.0,1.0,1.0,1.0,2.0,1.0,6.0,2.0,1.0,0.5,0.2222222222222222,2444.075,3051.75,0.6243159477511943,3.4358333333333335,10.0,1.0,2.0,0.5,23.0,2.0,29.0,5,6.0,1,2,2,1,2,54,54,66,0.3865,0.0,0.1807,0.0805,T1,False,none
f39f861d-4d6c-4b14-863e-142cced29134,1.0,0.1111111111111111,1.0,3652.4,3652.4,0.0,78,0,1.0,1.0,4.0,1.0,1.0,1.0,1.0,1.0,3.0,1.0,1.0,1.0,0.1111111111111111,3652.4,3652.4,1.0,0.0,19.0,1.0,1.0,1.0,23.0,3.0,64.0,3,3.0,1,1,1,1,1,27,27,167,0.1063,0.0,0.25,0.1704,T1,False,none
baedfac4-9bbc-4e45-a4bf-f94e58b1abad,3.0,0.3333333333333333,3.0,9102.83,3034.2766666666666,1693.660134334316,89,0,1.0,3.0,9.0,1.0,1.0,1.0,1.0,3.0,3.0,1.0,1.0,1.0,0.3333333333333333,3034.2766666666666,4134.22,0.45416864865102397,116.62833333333333,10.0,0.3333333333333333,1.0,1.0,19.0,2.0,63.0,3,9.0,1,1,1,1,1,28,28,74,0.2714,0.0,0.1287,0.0855,T1,False,none
8069af45-15f9-4abd-9592-1cc46a78a1c6,1.0,0.1111111111111111,1.0,97.26,97.26,0.0,72,0,1.0,1.0,3.0,1.0,1.0,1.0,1.0,1.0,3.0,1.0,1.0,1.0,0.1111111111111111,97.26,97.26,1.0,0.0,17.0,0.0,1.0,1.0,22.0,2.0,27.0,3,3.0,1,1,1,1,1,25,25,167,0.1063,0.0,0.25,0.1704,T1,False,none
be62b08e-d8d0-4420-aea5-b1699396b32c,4.0,0.4444444444444444,4.0,11616.28,2904.07,929.639509236421,14,1,1.0,4.0,5.0,1.0,1.0,1.0,2.0,2.0,5.0,2.0,1.0,0.5,0.4444444444444444,2904.07,3726.86,0.32083076509863745,235.22,1.0,0.0,2.0,0.75,26.0,0.0,51.25,5,12.0,1,2,2,1,2,54,54,167,0.1063,0.0,0.25,0.1704,T1,False,none
d2216aa1-fadd-4dbb-be46-9a500ab7bcd2,3.0,0.3333333333333333,3.0,2354.64,784.88,464.44176825518184,51,1,1.0,3.0,11.0,1.0,1.0,1.0,1.0,3.0,2.0,1.0,1.0,1.0,0.3333333333333333,784.88,1281.27,0.5441468759555601,194.8072222222222,2.0,0.3333333333333333,3.0,0.3333333333333333,19.0,0.0,51.666666666666664,5,9.0,1,1,3,1,1,57,57,126,0.1498,0.0,0.1572,0.1186,T1,False,none
533deaf1-9b20-45ce-91a6-6b64118f61f1,3.0,0.3333333333333333,3.0,7328.2699999999995,2442.7566666666667,2015.1851040123668,77,1,1.0,3.0,9.0,1.0,1.0,1.0,1.0,3.0,2.0,1.0,1.0,1.0,0.3333333333333333,2442.7566666666667,4636.53,0.6326909352411961,145.92305555555555,0.0,0.0,3.0,0.3333333333333333,26.0,3.0,31.666666666666668,5,9.0,1,1,3,1,1,65,66,126,0.1498,0.0,0.1572,0.1186,T1,False,none
59556ad8-d505-431d-a1d9-ac38343754b7,4.0,0.4444444444444444,2.0,10341.09,2585.2725,1247.800647656374,57,1,1.0,4.0,4.0,1.0,1.0,1.0,2.0,2.0,4.0,2.0,1.0,0.75,0.4444444444444444,2585.2725,4135.63,0.39992205850640505,50.395,1.0,0.0,2.0,0.75,26.0,2.0,22.75,5,12.0,1,2,2,1,2,49,50,78,0.2521,0.0,0.1237,0.0763,T1,False,none
ea069103-2cda-4b7c-99a8-7edecaf7299d,5.0,0.5555555555555556,3.0,7520.24,1504.048,944.2338874823334,14,0,2.0,2.5,15.0,2.0,1.0,0.6,2.0,2.5,6.0,2.0,1.0,0.8,0.5555555555555556,1504.048,2569.95,0.3417377636883929,186.90305555555557,1.0,0.0,3.0,0.4,22.0,0.0,28.6,7,15.0,2,2,3,2,2,84,85,167,0.1063,0.0,0.25,0.1704,T1,False,none
839f8403-48b1-45c3-a21b-268a2078d516,5.0,0.5555555555555556,4.0,13029.08,2605.816,1817.7730695634148,43,0,1.0,5.0,4.0,1.0,1.0,1.0,2.0,2.5,5.0,2.0,1.0,0.8,0.5555555555555556,2605.816,4114.58,0.31579973413318513,168.61527777777778,1.0,0.2,3.0,0.6,24.0,0.0,50.8,6,15.0,1,2,3,1,2,74,74,126,0.1498,0.0,0.1572,0.1186,T1,False,none
537aab9a-800c-4b10-8607-02c5889d1982,7.0,0.7777777777777778,6.0,12278.800000000001,1754.1142857142859,1438.2122338150368,57,1,2.0,3.5,13.0,2.0,1.0,0.8571428571428571,1.0,7.0,5.0,1.0,1.0,1.0,0.7777777777777778,1754.1142857142859,3969.38,0.3232710036811415,234.27666666666667,0.0,0.14285714285714285,4.0,0.42857142857142855,20.0,3.0,56.57142857142857,7,21.0,2,1,4,2,1,92,93,121,0.1433,0.0,0.2418,0.1111,T1,False,none
a46b6bfe-7caa-44a6-8067-212234a63517,3.0,0.3333333333333333,2.0,9952.2,3317.4,2434.673542633591,17,1,1.0,3.0,6.0,1.0,1.0,1.0,2.0,1.5,8.0,2.0,1.0,0.6666666666666666,0.3333333333333333,3317.4,4919.28,0.49429070959184895,130.11833333333334,11.0,0.0,3.0,0.3333333333333333,23.0,0.0,47.333333333333336,6,9.0,1,2,3,1,2,74,74,86,0.1967,0.0,0.161,0.0515,T1,False,none
e89d5d72-c6b4-4c4f-b8b3-1ace1f8ce7f2,4.0,0.4444444444444444,3.0,8744.26,2186.065,1135.9982886284058,73,0,1.0,4.0,11.0,1.0,1.0,1.0,3.0,1.3333333333333333,10.0,3.0,1.0,0.5,0.4444444444444444,2186.065,3312.33,0.378800493123489,97.41888888888889,13.0,0.25,1.0,1.0,23.0,3.0,44.0,5,12.0,1,3,1,1,3,49,49,89,0.2028,0.0,0.1043,0.0515,T1,False,none
6534fbcf-e77a-4735-a8af-32f0698755f3,2.0,0.2222222222222222,2.0,2200.8,1100.4,80.5960309196427,34,1,2.0,1.0,8.0,2.0,1.0,0.5,1.0,2.0,3.0,1.0,1.0,1.0,0.2222222222222222,1100.4,1157.39,0.525895129043984,141.36111111111111,18.0,0.5,1.0,1.0,25.0,2.0,39.0,4,6.0,2,1,1,2,1,35,35,143,0.1277,0.0,0.241,0.0927,T1,False,none
dbc2a268-3771-48c7-8931-7e76892a0956,7.0,0.7777777777777778,5.0,19417.36,2773.9085714285716,1436.7032224671937,27,0,2.0,3.5,4.0,2.0,1.0,0.8571428571428571,5.0,1.4,5.0,3.0,0.6,0.42857142857142855,0.7777777777777778,2773.9085714285716,4826.11,0.24854614633503214,172.74027777777778,1.0,0.2857142857142857,1.0,1.0,20.0,3.0,12.0,8,21.0,2,5,1,2,3,32,32,126,0.1498,0.0,0.1572,0.1186,T1,False,none
03d3a1b8-a7f6-4980-a770-e4236c94564c,3.0,0.3333333333333333,3.0,11188.95,3729.65,1605.4232293386065,61,0,2.0,1.5,5.0,2.0,1.0,0.6666666666666666,1.0,3.0,1.0,0.0,0.0,1.0,0.3333333333333333,3729.65,4897.61,0.43771846330531455,118.16166666666666,1.0,0.3333333333333333,3.0,0.3333333333333333,26.0,2.0,40.333333333333336,6,9.0,2,1,3,2,0,69,70,65,0.3611,0.0,0.0889,0.0707,T1,False,none
ca8ff844-c5ec-4935-99b7-19829fed4b54,2.0,0.2222222222222222,2.0,4598.639999999999,2299.3199999999997,1203.891721376968,24,0,1.0,2.0,5.0,1.0,1.0,1.0,2.0,1.0,7.0,2.0,1.0,0.5,0.2222222222222222,2299.3199999999997,3150.6,0.6851155993946036,15.781944444444445,12.0,0.0,1.0,1.0,17.0,1.0,31.0,4,6.0,1,2,1,1,2,28,28,78,0.2521,0.0,0.1237,0.0763,T1,False,none
9ebe5b9e-b832-43c1-aa7d-4af77c53c434,2.0,0.2222222222222222,2.0,6775.76,3387.88,760.945891506091,57,1,1.0,2.0,11.0,1.0,1.0,1.0,2.0,1.0,4.0,2.0,1.0,0.5,0.2222222222222222,3387.88,3925.95,0.5794110180998145,10.506388888888889,5.0,0.0,2.0,0.5,22.0,0.0,72.0,5,6.0,1,2,2,1,2,52,53,143,0.1277,0.0,0.241,0.0927,T1,False,none
04ad49bf-75d0-45f2-853e-02aeae3849f2,1.0,0.1111111111111111,1.0,2430.9,2430.9,0.0,22,0,1.0,1.0,7.0,1.0,1.0,1.0,1.0,1.0,8.0,1.0,1.0,1.0,0.1111111111111111,2430.9,2430.9,1.0,0.0,10.0,0.0,1.0,1.0,23.0,3.0,39.0,3,3.0,1,1,1,1,1,34,35,143,0.1277,0.0,0.241,0.0927,T1,False,none
2f10230c-2171-4f6a-9d7e-91ee7c3b81e2,3.0,0.3333333333333333,2.0,5503.42,1834.4733333333334,2134.2143693718617,52,0,1.0,3.0,5.0,1.0,1.0,1.0,2.0,1.5,6.0,2.0,1.0,0.6666666666666666,0.3333333333333333,1834.4733333333334,4268.65,0.7756358773271892,25.885277777777777,3.0,0.0,2.0,0.6666666666666666,22.0,1.0,76.66666666666667,5,9.0,1,2,2,1,2,50,50,64,0.3686,0.0,0.1444,0.0659,T1,False,none
d555a97f-90ad-453d-9efd-805a8356d9f9,1.0,0.1111111111111111,1.0,2075.73,2075.73,0.0,89,0,1.0,1.0,6.0,1.0,1.0,1.0,1.0,1.0,4.0,1.0,1.0,1.0,0.1111111111111111,2075.73,2075.73,1.0,0.0,3.0,0.0,1.0,1.0,20.0,1.0,75.0,3,3.0,1,1,1,1,1,27,27,126,0.1498,0.0,0.1572,0.1186,T1,False,none
58414ba4-3ae6-4075-af8e-7549d835d9c5,1.0,0.1111111111111111,1.0,3163.34,3163.34,0.0,35,0,1.0,1.0,5.0,1.0,1.0,1.0,1.0,1.0,3.0,1.0,1.0,1.0,0.1111111111111111,3163.34,3163.34,1.0,0.0,12.0,1.0,1.0,1.0,20.0,3.0,82.0,3,3.0,1,1,1,1,1,25,25,121,0.1433,0.0,0.2418,0.1111,T1,False,none
fd9bd1fa-56ba-41c0-93a9-550644a15632,3.0,0.3333333333333333,3.0,5791.0599999999995,1930.3533333333332,1629.1021993212498,15,0,1.0,3.0,9.0,1.0,1.0,1.0,2.0,1.5,4.0,2.0,1.0,0.6666666666666666,0.3333333333333333,1930.3533333333332,3486.62,0.6020693966216893,155.35416666666666,0.0,0.3333333333333333,2.0,0.6666666666666666,21.0,3.0,60.0,5,9.0,1,2,2,1,2,53,53,59,0.2957,0.0,0.0649,0.0215,T1,False,none
d41d556d-f19f-44a2-98d6-2ca769d66814,4.0,0.4444444444444444,4.0,9926.84,2481.71,1555.2394656129327,58,0,3.0,1.3333333333333333,6.0,3.0,1.0,0.5,3.0,1.3333333333333333,4.0,3.0,1.0,0.5,0.4444444444444444,2481.71,4812.71,0.4848179279609624,194.19694444444445,9.0,0.25,2.0,0.75,18.0,0.0,32.0,8,12.0,3,3,2,3,3,48,48,104,0.1637,0.0,0.1654,0.1067,T1,False,none
7322df22-e201-4d2c-ba56-773d15d282d0,2.0,0.2222222222222222,2.0,6110.360000000001,3055.1800000000003,22.075873708643712,66,1,1.0,2.0,6.0,1.0,1.0,1.0,1.0,2.0,6.0,1.0,1.0,1.0,0.2222222222222222,3055.1800000000003,3070.79,0.5025546776294686,116.76666666666667,0.0,0.5,2.0,0.5,24.0,0.0,12.5,4,6.0,1,1,2,1,1,46,46,167,0.1063,0.0,0.25,0.1704,T1,False,none
af5b40d6-a440-43b8-8fd2-a684164b4998,3.0,0.3333333333333333,3.0,10885.130000000001,3628.376666666667,1798.0916176416965,17,0,2.0,1.5,11.0,2.0,1.0,0.6666666666666666,2.0,1.5,6.0,2.0,1.0,0.6666666666666666,0.3333333333333333,3628.376666666667,4814.0,0.44225470894697627,66.155,7.0,0.0,2.0,0.6666666666666666,19.0,3.0,75.33333333333333,6,9.0,2,2,2,2,2,55,57,121,0.1362,0.0,0.2722,0.12,T1,False,none
e7d04818-4e7e-4173-aa3c-6e52cf135519,7.0,0.7777777777777778,6.0,15934.800000000001,2276.4,1557.8309345689602,45,0,2.0,3.5,8.0,2.0,1.0,0.8571428571428571,2.0,3.5,3.0,2.0,1.0,0.8571428571428571,0.7777777777777778,2276.4,4382.35,0.27501757160428747,206.59444444444443,3.0,0.2857142857142857,5.0,0.2857142857142857,25.0,0.0,60.0,9,21.0,2,2,5,2,2,120,122,167,0.1063,0.0,0.25,0.1704,T1,False,none
eb26dec1-c0d0-4b96-a207-de70a13606af,4.0,0.4444444444444444,4.0,12355.83,3088.9575,1844.821715475961,59,0,3.0,1.3333333333333333,11.0,3.0,1.0,0.5,1.0,4.0,3.0,1.0,1.0,1.0,0.4444444444444444,3088.9575,4522.67,0.36603530479134144,72.81,3.0,0.0,3.0,0.5,24.0,2.0,17.0,7,12.0,3,1,3,3,1,76,78,126,0.1498,0.0,0.1572,0.1186,T1,False,none
bfef08c0-8178-494e-ae50-8b41e44728b7,1.0,0.1111111111111111,1.0,1407.68,1407.68,0.0,63,1,1.0,1.0,7.0,1.0,1.0,1.0,1.0,1.0,5.0,1.0,1.0,1.0,0.1111111111111111,1407.68,1407.68,1.0,0.0,5.0,0.0,1.0,1.0,22.0,1.0,9.0,3,3.0,1,1,1,1,1,31,31,57,0.2807,0.0,0.0921,0.0244,T1,False,none
f2741d84-0b61-4c5e-8b1f-84c52cb32012,4.0,0.4444444444444444,4.0,13482.46,3370.615,1214.3612487915884,39,1,2.0,2.0,5.0,2.0,1.0,0.75,1.0,4.0,2.0,1.0,1.0,1.0,0.4444444444444444,3370.615,4852.57,0.35991725545634845,207.00805555555556,4.0,0.5,1.0,1.0,26.0,2.0,52.0,4,12.0,2,1,1,2,1,34,34,86,0.1967,0.0,0.161,0.0515,T1,False,none
c2bc8a95-5add-4a24-bbee-b519049f0e44,4.0,0.4444444444444444,4.0,9241.08,2310.27,1965.3116640879125,71,0,2.0,2.0,11.0,2.0,1.0,0.75,1.0,4.0,3.0,1.0,1.0,1.0,0.4444444444444444,2310.27,4104.98,0.4442099841144108,121.83833333333334,9.0,0.0,2.0,0.75,19.0,2.0,44.0,5,12.0,2,1,2,2,1,55,55,118,0.1482,0.0,0.2319,0.119,T1,False,none
c349c2ea-f088-4f25-a64c-f8f545598a52,2.0,0.2222222222222222,2.0,3691.23,1845.615,1064.6553250935253,12,0,2.0,1.0,9.0,2.0,1.0,0.5,2.0,1.0,3.0,2.0,1.0,0.5,0.2222222222222222,1845.615,2598.44,0.7039496319654966,63.68944444444445,15.0,0.5,1.0,1.0,22.0,1.0,4.0,5,6.0,2,2,1,2,2,37,37,78,0.2521,0.0,0.1237,0.0763,T1,False,none
acc0255c-d40e-45b9-b346-0b23cb627376,2.0,0.2222222222222222,2.0,7965.18,3982.59,1371.603307738794,42,0,1.0,2.0,4.0,1.0,1.0,1.0,1.0,2.0,4.0,1.0,1.0,1.0,0.2222222222222222,3982.59,4952.46,0.621763726620114,106.92277777777778,6.0,0.0,1.0,1.0,19.0,1.0,79.0,3,6.0,1,1,1,1,1,24,24,173,0.0954,0.0,0.2136,0.1548,T1,False,none
311be098-7d50-4918-ad93-06f3099ef138,5.0,0.5555555555555556,4.0,9546.42,1909.284,1678.2663201440944,67,0,2.0,2.5,12.0,2.0,1.0,0.8,1.0,5.0,5.0,1.0,1.0,1.0,0.5555555555555556,1909.284,3829.52,0.4011472363461905,215.64,5.0,0.0,2.0,0.8,22.0,1.0,22.6,5,15.0,2,1,2,2,1,55,55,86,0.1967,0.0,0.161,0.0515,T1,False,none
bac6154c-60b7-42b5-890a-9b7baf1ad878,4.0,0.4444444444444444,4.0,11570.71,2892.6775,1097.3749677715755,47,1,1.0,4.0,4.0,1.0,1.0,1.0,2.0,2.0,5.0,2.0,1.0,0.75,0.4444444444444444,2892.6775,4034.14,0.3486510335147973,163.80583333333334,11.0,0.0,2.0,0.75,22.0,2.0,46.25,5,12.0,1,2,2,1,2,47,47,59,0.2957,0.0,0.0649,0.0215,T1,False,none
036c6d6a-1ed3-4138-a800-6a91b4a45fd8,3.0,0.3333333333333333,2.0,10130.1,3376.7000000000003,1526.7871703678936,75,0,2.0,1.5,4.0,2.0,1.0,0.6666666666666666,3.0,1.0,5.0,3.0,1.0,0.3333333333333333,0.3333333333333333,3376.7000000000003,4881.46,0.4818767830524871,76.54944444444445,1.0,0.3333333333333333,3.0,0.3333333333333333,23.0,0.0,64.0,8,9.0,2,3,3,2,3,74,76,89,0.2028,0.0,0.1043,0.0515,T1,False,none
c518af33-5208-44cb-8d88-23e67122b7bc,6.0,0.6666666666666666,4.0,15832.28,2638.7133333333336,1135.3056996715318,70,1,1.0,6.0,10.0,1.0,1.0,1.0,3.0,2.0,6.0,3.0,1.0,0.6666666666666666,0.6666666666666666,2638.7133333333336,4478.61,0.2828783978049908,166.2236111111111,14.0,0.0,3.0,0.6666666666666666,20.0,1.0,56.333333333333336,7,18.0,1,3,3,1,3,62,63,126,0.1498,0.0,0.1572,0.1186,T1,False,none
f3938a89-a4c9-4378-8c37-bb689a0866d4,1.0,0.1111111111111111,1.0,2369.53,2369.53,0.0,80,1,1.0,1.0,10.0,1.0,1.0,1.0,1.0,1.0,2.0,1.0,1.0,1.0,0.1111111111111111,2369.53,2369.53,1.0,0.0,22.0,1.0,1.0,1.0,26.0,1.0,35.0,3,3.0,1,1,1,1,1,35,35,74,0.2714,0.0,0.1287,0.0855,T1,False,none
22fd49ce-c13a-4a84-a379-b40114e9948b,4.0,0.4444444444444444,4.0,12188.02,3047.005,809.818193444265,39,0,2.0,2.0,8.0,2.0,1.0,0.75,4.0,1.0,10.0,4.0,1.0,0.25,0.4444444444444444,3047.005,4212.9,0.3456590980323301,197.58388888888888,7.0,0.25,2.0,0.75,21.0,1.0,23.75,8,12.0,2,4,2,2,4,65,68,143,0.1277,0.0,0.241,0.0927,T1,False,none
44d3313c-7e8f-464b-9421-4f198318abd0,2.0,0.2222222222222222,2.0,7347.1900000000005,3673.5950000000003,1698.760402190374,18,1,1.0,2.0,11.0,1.0,1.0,1.0,1.0,2.0,5.0,1.0,1.0,1.0,0.2222222222222222,3673.5950000000003,4874.8,0.6634917567124302,137.43194444444444,9.0,0.0,2.0,0.5,21.0,0.0,33.0,4,6.0,1,1,2,1,1,53,53,118,0.1482,0.0,0.2319,0.119,T1,False,none
453ffbfb-ef8e-4ef0-8ffb-9f75ad6c4553,4.0,0.4444444444444444,3.0,8755.85,2188.9625,1348.4161081153698,71,0,2.0,2.0,9.0,2.0,1.0,0.75,1.0,4.0,2.0,1.0,1.0,1.0,0.4444444444444444,2188.9625,3755.53,0.428916667142539,62.169444444444444,0.0,0.75,3.0,0.5,24.0,2.0,57.0,6,12.0,2,1,3,2,1,72,72,64,0.3686,0.0,0.1444,0.0659,T1,False,none
8f0c6654-abb9-4315-98ba-af2e725ff4d7,3.0,0.3333333333333333,3.0,8496.04,2832.013333333334,902.9905205113358,34,0,2.0,1.5,10.0,2.0,1.0,0.6666666666666666,1.0,3.0,6.0,1.0,1.0,1.0,0.3333333333333333,2832.013333333334,3866.22,0.45506141684831986,222.12694444444443,5.0,0.3333333333333333,2.0,0.6666666666666666,29.0,0.0,49.0,5,9.0,2,1,2,2,1,72,73,143,0.1277,0.0,0.241,0.0927,T1,False,none
857a40bd-5042-49cf-b4f3-462b3e4a4989,1.0,0.1111111111111111,1.0,1744.74,1744.74,0.0,43,1,1.0,1.0,10.0,1.0,1.0,1.0,1.0,1.0,2.0,1.0,1.0,1.0,0.1111111111111111,1744.74,1744.74,1.0,0.0,4.0,0.0,1.0,1.0,18.0,3.0,38.0,3,3.0,1,1,1,1,1,27,27,86,0.1967,0.0,0.161,0.0515,T1,False,none
0462bb8f-3355-4975-baa0-bc2fc0cccb84,3.0,0.3333333333333333,3.0,5401.64,1800.5466666666669,2008.6860370484317,87,1,1.0,3.0,6.0,1.0,1.0,1.0,1.0,3.0,4.0,1.0,1.0,1.0,0.3333333333333333,1800.5466666666669,4038.33,0.7476118364052399,162.77972222222223,13.0,0.3333333333333333,2.0,0.6666666666666666,20.0,3.0,4.333333333333333,4,9.0,1,1,2,1,1,37,38,173,0.0954,0.0,0.2136,0.1548,T1,False,none
5c290fcc-5ead-42ab-ab1f-d7654714a899,1.0,0.1111111111111111,1.0,571.92,571.92,0.0,62,1,1.0,1.0,7.0,1.0,1.0,1.0,1.0,1.0,5.0,1.0,1.0,1.0,0.1111111111111111,571.92,571.92,1.0,0.0,7.0,0.0,1.0,1.0,22.0,3.0,3.0,3,3.0,1,1,1,1,1,30,31,173,0.0954,0.0,0.2136,0.1548,T1,False,none
40efe4f7-08a9-4948-8271-abd2b5c28723,3.0,0.3333333333333333,2.0,9143.630000000001,3047.876666666667,2065.3019589477303,45,0,1.0,3.0,4.0,1.0,1.0,1.0,2.0,1.5,6.0,2.0,1.0,0.6666666666666666,0.3333333333333333,3047.876666666667,4277.84,0.4678492021221331,12.459444444444445,4.0,0.0,3.0,0.3333333333333333,19.0,1.0,78.66666666666667,6,9.0,1,2,3,1,2,56,57,173,0.0954,0.0,0.2136,0.1548,T1,False,none
b16b99e4-9731-4d33-8552-6b232c38d832,5.0,0.5555555555555556,3.0,8772.54,1754.5080000000003,1713.154823963672,66,0,2.0,2.5,8.0,2.0,1.0,0.8,4.0,1.25,7.0,3.0,0.75,0.4,0.5555555555555556,1754.5080000000003,3503.6,0.39938261894502614,183.45083333333332,8.0,0.2,2.0,0.6,26.0,0.0,65.4,8,15.0,2,4,2,2,3,69,69,78,0.2521,0.0,0.1237,0.0763,T1,False,none
b9dbd485-2395-49cf-91f1-325c1df76f03,3.0,0.3333333333333333,3.0,7612.889999999999,2537.6299999999997,1410.930727959385,55,1,2.0,1.5,8.0,2.0,1.0,0.6666666666666666,1.0,3.0,2.0,1.0,1.0,1.0,0.3333333333333333,2537.6299999999997,3627.28,0.47646557352069985,207.72166666666666,1.0,0.3333333333333333,2.0,0.6666666666666666,22.0,3.0,64.33333333333333,5,9.0,2,1,2,2,1,55,55,167,0.1063,0.0,0.25,0.1704,T1,False,none
136aa309-4c67-4755-bddd-f75137372a04,6.0,0.6666666666666666,6.0,18934.53,3155.7549999999997,1756.0420073876362,68,1,2.0,3.0,8.0,2.0,1.0,0.8333333333333334,2.0,3.0,8.0,1.0,0.5,0.8333333333333334,0.6666666666666666,3155.7549999999997,4775.2,0.25219532779530307,207.83027777777778,0.0,0.16666666666666666,3.0,0.6666666666666666,29.0,1.0,34.5,7,18.0,2,2,3,2,1,85,86,103,0.2271,0.0,0.2014,0.1192,T1,False,none
51ba8c8a-06c3-4552-aec1-462a0642ca14,0.0,0.0,0.0,0.0,0.0,0.0,49,0,0.0,0.0,0.0,0.0,0.0,0.0,0.0,0.0,0.0,0.0,0.0,0.0,0.0,0.0,0.0,0.0,0.0,0.0,0.0,0.0,0.0,0.0,0.0,0.0,0,0.0,0,0,0,0,0,0,0,1,0.0,0.0,0.0,0.0,T1,False,none
24a52d12-0073-4369-a38d-87c6805f2e58,1.0,0.1111111111111111,1.0,73.32,73.32,0.0,51,1,1.0,1.0,11.0,1.0,1.0,1.0,1.0,1.0,3.0,1.0,1.0,1.0,0.1111111111111111,73.32,73.32,1.0,0.0,11.0,0.0,1.0,1.0,20.0,2.0,41.0,3,3.0,1,1,1,1,1,31,31,118,0.1482,0.0,0.2319,0.119,T1,False,none
1634383c-792f-4e6b-919b-23de579360d5,5.0,0.5555555555555556,3.0,17501.699999999997,3500.3399999999992,985.416627802677,22,1,1.0,5.0,5.0,1.0,1.0,1.0,2.0,2.5,3.0,2.0,1.0,0.8,0.5555555555555556,3500.3399999999992,4365.32,0.24942262751618416,140.1952777777778,1.0,0.6,3.0,0.4,25.0,0.0,30.2,6,15.0,1,2,3,1,2,66,67,66,0.3865,0.0,0.1807,0.0805,T1,False,none
9dfc8173-eedf-431b-af5c-c42521fae21e,0.0,0.0,0.0,0.0,0.0,0.0,36,1,0.0,0.0,0.0,0.0,0.0,0.0,0.0,0.0,0.0,0.0,0.0,0.0,0.0,0.0,0.0,0.0,0.0,0.0,0.0,0.0,0.0,0.0,0.0,0.0,0,0.0,0,0,0,0,0,0,0,1,0.0,0.0,0.0,0.0,T1,False,none
40932cac-d8bd-4a6d-b9a6-17cb19ae6dd9,2.0,0.2222222222222222,2.0,8934.3,4467.15,359.2385291140139,89,1,1.0,2.0,10.0,1.0,1.0,1.0,2.0,1.0,6.0,2.0,1.0,0.5,0.2222222222222222,4467.15,4721.17,0.5284319980300639,51.00416666666667,13.0,0.0,2.0,0.5,19.0,1.0,48.0,5,6.0,1,2,2,1,2,50,51,121,0.1362,0.0,0.2722,0.12,T1,False,none
80160940-934a-47e7-9ad1-bd4df0bc2bb1,4.0,0.4444444444444444,4.0,6792.73,1698.1825,1256.6053459585737,17,1,1.0,4.0,11.0,1.0,1.0,1.0,2.0,2.0,4.0,2.0,1.0,0.75,0.4444444444444444,1698.1825,3189.91,0.46960647633572955,171.29666666666665,3.0,0.25,3.0,0.5,22.0,1.0,48.25,6,12.0,1,2,3,1,2,70,71,167,0.1063,0.0,0.25,0.1704,T1,False,none
2cb4264c-aedc-4b25-9a51-0a3f1104efa9,2.0,0.2222222222222222,1.0,3856.06,1928.03,1386.353555194345,75,0,1.0,2.0,6.0,1.0,1.0,1.0,1.0,2.0,4.0,1.0,1.0,1.0,0.2222222222222222,1928.03,2908.33,0.754223222667697,7.6097222222222225,10.0,0.0,1.0,1.0,24.0,2.0,37.0,3,6.0,1,1,1,1,1,31,31,64,0.3686,0.0,0.1444,0.0659,T1,False,none
b6f91705-07b6-4d3f-b5e1-3e50abe44bb1,2.0,0.2222222222222222,2.0,2235.81,1117.905,1283.6321530913754,87,1,2.0,1.0,11.0,2.0,1.0,0.5,1.0,2.0,5.0,1.0,1.0,1.0,0.2222222222222222,1117.905,2025.57,0.905966964992553,50.028055555555554,4.0,0.5,1.0,1.0,30.0,0.0,9.0,4,6.0,2,1,1,2,1,49,49,66,0.3865,0.0,0.1807,0.0805,T1,False,none
d4f7a77a-4d90-4d9e-8c5e-c38445a78073,4.0,0.4444444444444444,3.0,12345.84,3086.46,910.4644768834568,14,1,2.0,2.0,9.0,2.0,1.0,0.75,2.0,2.0,4.0,2.0,1.0,0.75,0.4444444444444444,3086.46,4006.23,0.3245003985148034,192.51277777777779,11.0,0.25,2.0,0.75,24.0,1.0,72.75,6,12.0,2,2,2,2,2,59,59,89,0.2028,0.0,0.1043,0.0515,T1,False,none
